Metrica,Columna_1,Columna_2,Valor,Ranking
ANOVA F-test,POS_CON_ENC,DEP_RES_ENC,7.829478315965961,True
ANOVA F-test,POS_CON_ENC,MUN_RES_ENC,4.124100645034811,True
ANOVA F-test,POS_CON_ENC,AÑO_ING_NOR,2.9085125667224268,True
ANOVA F-test,BEN_TRV_ENC,DEP_RES_ENC,18.043955885109224,True
ANOVA F-test,BEN_TRV_ENC,MUN_RES_ENC,4.279434433334319,True
ANOVA F-test,BEN_TRV_ENC,AÑO_ING_NOR,730.4195231141102,True
ANOVA F-test,BEN_FA_ENC,DEP_RES_ENC,2.122318023040579,True
ANOVA F-test,BEN_FA_ENC,MUN_RES_ENC,1.3801165915195877,True
ANOVA F-test,BEN_FA_ENC,AÑO_ING_NOR,90.85454985558678,True
ANOVA F-test,BEN_FPT_ENC,DEP_RES_ENC,2.675965997059443,True
ANOVA F-test,BEN_FPT_ENC,MUN_RES_ENC,1.0529170914073076,False
ANOVA F-test,BEN_FPT_ENC,AÑO_ING_NOR,76.9312310568241,True
ANOVA F-test,BEN_PDT_ENC,DEP_RES_ENC,18.116971518877488,True
ANOVA F-test,BEN_PDT_ENC,MUN_RES_ENC,4.383158461327057,True
ANOVA F-test,BEN_PDT_ENC,AÑO_ING_NOR,731.0226460237706,True
ANOVA F-test,POS_SPU_ENC,DEP_RES_ENC,67.88532580024906,True
ANOVA F-test,POS_SPU_ENC,MUN_RES_ENC,31.99343653297458,True
ANOVA F-test,POS_SPU_ENC,AÑO_ING_NOR,8.18290246656662,True
ANOVA F-test,REG_SAL_ENC,DEP_RES_ENC,51.98436146236185,True
ANOVA F-test,REG_SAL_ENC,MUN_RES_ENC,21.348684583290517,True
ANOVA F-test,REG_SAL_ENC,AÑO_ING_NOR,6.276484346646109,True
ANOVA F-test,SEXO_ENC,DEP_RES_ENC,17.755594639447995,True
ANOVA F-test,SEXO_ENC,MUN_RES_ENC,5.357163600204191,True
ANOVA F-test,SEXO_ENC,AÑO_ING_NOR,63.65514885816021,True
ANOVA F-test,NIV_EDU_ENC,DEP_RES_ENC,13.802770606201104,True
ANOVA F-test,NIV_EDU_ENC,MUN_RES_ENC,6.493135406983206,True
ANOVA F-test,NIV_EDU_ENC,AÑO_ING_NOR,11.548496775889724,True
ANOVA F-test,POS_SSO_ENC,DEP_RES_ENC,4.21981684135689,True
ANOVA F-test,POS_SSO_ENC,MUN_RES_ENC,2.3541710187027722,True
ANOVA F-test,POS_SSO_ENC,AÑO_ING_NOR,275.4605858432883,True
ANOVA F-test,GRUPO_ETAR_ENC_Entre 18 y 25 años,DEP_RES_ENC,3.102842559386467,True
ANOVA F-test,GRUPO_ETAR_ENC_Entre 18 y 25 años,MUN_RES_ENC,1.4015034171162482,True
ANOVA F-test,GRUPO_ETAR_ENC_Entre 18 y 25 años,AÑO_ING_NOR,51.126253757042534,True
ANOVA F-test,GRUPO_ETAR_ENC_Entre 26 y 40 años,DEP_RES_ENC,23.778258676861636,True
ANOVA F-test,GRUPO_ETAR_ENC_Entre 26 y 40 años,MUN_RES_ENC,6.78281425461461,True
ANOVA F-test,GRUPO_ETAR_ENC_Entre 26 y 40 años,AÑO_ING_NOR,107.21431713638522,True
ANOVA F-test,GRUPO_ETAR_ENC_Entre 41 y 60 años,DEP_RES_ENC,21.021558742976,True
ANOVA F-test,GRUPO_ETAR_ENC_Entre 41 y 60 años,MUN_RES_ENC,5.617356574477149,True
ANOVA F-test,GRUPO_ETAR_ENC_Entre 41 y 60 años,AÑO_ING_NOR,94.64106902724923,True
ANOVA F-test,GRUPO_ETAR_ENC_Mayor de 60 años,DEP_RES_ENC,3.536279157675263,True
ANOVA F-test,GRUPO_ETAR_ENC_Mayor de 60 años,MUN_RES_ENC,2.670736677285442,True
ANOVA F-test,GRUPO_ETAR_ENC_Mayor de 60 años,AÑO_ING_NOR,5.05461533188319,True
ANOVA F-test,EX_GRUPO_ENC_AUC,DEP_RES_ENC,228.58640046428764,True
ANOVA F-test,EX_GRUPO_ENC_AUC,MUN_RES_ENC,57.19292066212414,True
ANOVA F-test,EX_GRUPO_ENC_AUC,AÑO_ING_NOR,2074.673775130894,True
ANOVA F-test,EX_GRUPO_ENC_ELN,DEP_RES_ENC,19.190389515336637,True
ANOVA F-test,EX_GRUPO_ENC_ELN,MUN_RES_ENC,6.887438056770228,True
ANOVA F-test,EX_GRUPO_ENC_ELN,AÑO_ING_NOR,63.06246916827046,True
ANOVA F-test,EX_GRUPO_ENC_EPL,DEP_RES_ENC,2.5598755438846674,True
ANOVA F-test,EX_GRUPO_ENC_EPL,MUN_RES_ENC,1.1314420495558026,False
ANOVA F-test,EX_GRUPO_ENC_EPL,AÑO_ING_NOR,4.483383888403801,True
ANOVA F-test,EX_GRUPO_ENC_ERG,DEP_RES_ENC,21.079418732632192,True
ANOVA F-test,EX_GRUPO_ENC_ERG,MUN_RES_ENC,4.555593222468449,True
ANOVA F-test,EX_GRUPO_ENC_ERG,AÑO_ING_NOR,17.280464855782917,True
ANOVA F-test,EX_GRUPO_ENC_ERP,DEP_RES_ENC,7.891685649399097,True
ANOVA F-test,EX_GRUPO_ENC_ERP,MUN_RES_ENC,2.819995419025525,True
ANOVA F-test,EX_GRUPO_ENC_ERP,AÑO_ING_NOR,29.092790080468443,True
ANOVA F-test,EX_GRUPO_ENC_FARC,DEP_RES_ENC,240.91550120429298,True
ANOVA F-test,EX_GRUPO_ENC_FARC,MUN_RES_ENC,52.25451504478149,True
ANOVA F-test,EX_GRUPO_ENC_FARC,AÑO_ING_NOR,1157.9748089233767,True
ANOVA F-test,TIP_VIV_ENC_Apartamento,DEP_RES_ENC,43.566484847588555,True
ANOVA F-test,TIP_VIV_ENC_Apartamento,MUN_RES_ENC,18.831700748299905,True
ANOVA F-test,TIP_VIV_ENC_Apartamento,AÑO_ING_NOR,4.639504347914578,True
ANOVA F-test,TIP_VIV_ENC_Casa,DEP_RES_ENC,20.961061523006915,True
ANOVA F-test,TIP_VIV_ENC_Casa,MUN_RES_ENC,9.201910346610285,True
ANOVA F-test,TIP_VIV_ENC_Casa,AÑO_ING_NOR,3.7454716927619383,True
ANOVA F-test,TIP_VIV_ENC_Casa_Lote,DEP_RES_ENC,7.139204872577023,True
ANOVA F-test,TIP_VIV_ENC_Casa_Lote,MUN_RES_ENC,3.7758606008926083,True
ANOVA F-test,TIP_VIV_ENC_Casa_Lote,AÑO_ING_NOR,3.3658846149856476,True
ANOVA F-test,TIP_VIV_ENC_Finca,DEP_RES_ENC,12.174928587755215,True
ANOVA F-test,TIP_VIV_ENC_Finca,MUN_RES_ENC,10.466885240090248,True
ANOVA F-test,TIP_VIV_ENC_Finca,AÑO_ING_NOR,8.36214654608319,True
ANOVA F-test,TIP_VIV_ENC_Habitacion,DEP_RES_ENC,6.94064084468483,True
ANOVA F-test,TIP_VIV_ENC_Habitacion,MUN_RES_ENC,2.9984952431849994,True
ANOVA F-test,TIP_VIV_ENC_Habitacion,AÑO_ING_NOR,1.1724922228075478,False
ANOVA F-test,TIP_VIV_ENC_Otro,DEP_RES_ENC,2.1872940878206175,True
ANOVA F-test,TIP_VIV_ENC_Otro,MUN_RES_ENC,1.5723055951701208,True
ANOVA F-test,TIP_VIV_ENC_Otro,AÑO_ING_NOR,1.8504352012189804,True
ANOVA F-test,TIP_VIV_ENC_Rancho,DEP_RES_ENC,9.252096846234005,True
ANOVA F-test,TIP_VIV_ENC_Rancho,MUN_RES_ENC,3.8180342709581594,True
ANOVA F-test,TIP_VIV_ENC_Rancho,AÑO_ING_NOR,4.6809904184621365,True
ANOVA F-test,TIP_VIV_ENC_Vivienda indigena,DEP_RES_ENC,31.91627110884893,True
ANOVA F-test,TIP_VIV_ENC_Vivienda indigena,MUN_RES_ENC,6.293733309167627,True
ANOVA F-test,TIP_VIV_ENC_Vivienda indigena,AÑO_ING_NOR,6.015286924046035,True
ANOVA F-test,REG_VIV_ENC_Familiar,DEP_RES_ENC,3.742387458447957,True
ANOVA F-test,REG_VIV_ENC_Familiar,MUN_RES_ENC,1.6849957484283815,True
ANOVA F-test,REG_VIV_ENC_Familiar,AÑO_ING_NOR,1.947289661003876,True
ANOVA F-test,REG_VIV_ENC_No_Registra,DEP_RES_ENC,0.1155554590216027,False
ANOVA F-test,REG_VIV_ENC_No_Registra,MUN_RES_ENC,0.10494897571074575,False
ANOVA F-test,REG_VIV_ENC_No_Registra,AÑO_ING_NOR,0.26777566564269845,False
ANOVA F-test,REG_VIV_ENC_Otra_forma,DEP_RES_ENC,17.51961911199334,True
ANOVA F-test,REG_VIV_ENC_Otra_forma,MUN_RES_ENC,5.2087580480245474,True
ANOVA F-test,REG_VIV_ENC_Otra_forma,AÑO_ING_NOR,3.2591882118307494,True
ANOVA F-test,REG_VIV_ENC_Sana_posesión_título,DEP_RES_ENC,4.014387581166696,True
ANOVA F-test,REG_VIV_ENC_Sana_posesión_título,MUN_RES_ENC,1.6053585522448537,True
ANOVA F-test,REG_VIV_ENC_Sana_posesión_título,AÑO_ING_NOR,1.4169408271607258,False
ANOVA F-test,REG_VIV_ENC_arriendo_subarriendo,DEP_RES_ENC,47.00872490301921,True
ANOVA F-test,REG_VIV_ENC_arriendo_subarriendo,MUN_RES_ENC,16.38766669851401,True
ANOVA F-test,REG_VIV_ENC_arriendo_subarriendo,AÑO_ING_NOR,8.470377039299759,True
ANOVA F-test,REG_VIV_ENC_usufructo,DEP_RES_ENC,5.911354106104489,True
ANOVA F-test,REG_VIV_ENC_usufructo,MUN_RES_ENC,4.051374364820405,True
ANOVA F-test,REG_VIV_ENC_usufructo,AÑO_ING_NOR,6.100040698699619,True
ANOVA F-test,OCU_ECO_ENC_Desocupados,DEP_RES_ENC,7.914948926623495,True
ANOVA F-test,OCU_ECO_ENC_Desocupados,MUN_RES_ENC,3.922022861136775,True
ANOVA F-test,OCU_ECO_ENC_Desocupados,AÑO_ING_NOR,5.446781081918611,True
ANOVA F-test,OCU_ECO_ENC_Ocupados_Informal,DEP_RES_ENC,4.121378792651462,True
ANOVA F-test,OCU_ECO_ENC_Ocupados_Informal,MUN_RES_ENC,2.4417081346822562,True
ANOVA F-test,OCU_ECO_ENC_Ocupados_Informal,AÑO_ING_NOR,1.7904153062397306,True
ANOVA F-test,NUM_HIJOS_NOR,DEP_RES_ENC,8.82129029311164,True
ANOVA F-test,NUM_HIJOS_NOR,MUN_RES_ENC,4.607311659161935,True
ANOVA F-test,NUM_HIJOS_NOR,AÑO_ING_NOR,9.777867031798634,True
ANOVA F-test,DES_BIE_ENC,DEP_RES_ENC,56.58695373816833,True
ANOVA F-test,DES_BIE_ENC,MUN_RES_ENC,17.778686250940726,True
ANOVA F-test,DES_BIE_ENC,AÑO_ING_NOR,39.03147800459487,True
Chi-cuadrado,POS_CON_ENC,BEN_TRV_ENC,24.879507198725857,True
Chi-cuadrado,POS_CON_ENC,BEN_FA_ENC,0.4549667159999419,False
Chi-cuadrado,POS_CON_ENC,BEN_FPT_ENC,0.0,False
Chi-cuadrado,POS_CON_ENC,BEN_PDT_ENC,26.33425138592827,True
Chi-cuadrado,POS_CON_ENC,POS_SPU_ENC,45.48826557804734,True
Chi-cuadrado,POS_CON_ENC,REG_SAL_ENC,26.24209290332531,True
Chi-cuadrado,POS_CON_ENC,SEXO_ENC,357.3036805470652,True
Chi-cuadrado,POS_CON_ENC,NIV_EDU_ENC,34.04166869793004,True
Chi-cuadrado,POS_CON_ENC,POS_SSO_ENC,11.381129131350876,True
Chi-cuadrado,POS_CON_ENC,GRUPO_ETAR_ENC_Entre 18 y 25 años,0.0006022921759587,False
Chi-cuadrado,POS_CON_ENC,GRUPO_ETAR_ENC_Entre 26 y 40 años,7.445773525537371,True
Chi-cuadrado,POS_CON_ENC,GRUPO_ETAR_ENC_Entre 41 y 60 años,19.224145321728642,True
Chi-cuadrado,POS_CON_ENC,GRUPO_ETAR_ENC_Mayor de 60 años,18.340297219544812,True
Chi-cuadrado,POS_CON_ENC,EX_GRUPO_ENC_AUC,17.934639431191865,True
Chi-cuadrado,POS_CON_ENC,EX_GRUPO_ENC_ELN,0.9733593157657845,False
Chi-cuadrado,POS_CON_ENC,EX_GRUPO_ENC_EPL,0.0,False
Chi-cuadrado,POS_CON_ENC,EX_GRUPO_ENC_ERG,3.579883822805126,False
Chi-cuadrado,POS_CON_ENC,EX_GRUPO_ENC_ERP,1.6269585488979978,False
Chi-cuadrado,POS_CON_ENC,EX_GRUPO_ENC_FARC,15.022028216561292,True
Chi-cuadrado,POS_CON_ENC,TIP_VIV_ENC_Apartamento,0.05891271742441149,False
Chi-cuadrado,POS_CON_ENC,TIP_VIV_ENC_Casa,27.961463064431122,True
Chi-cuadrado,POS_CON_ENC,TIP_VIV_ENC_Casa_Lote,13.659878843358275,True
Chi-cuadrado,POS_CON_ENC,TIP_VIV_ENC_Finca,0.004886320921363608,False
Chi-cuadrado,POS_CON_ENC,TIP_VIV_ENC_Habitacion,214.56182885291093,True
Chi-cuadrado,POS_CON_ENC,TIP_VIV_ENC_Otro,2.9326587487460003,False
Chi-cuadrado,POS_CON_ENC,TIP_VIV_ENC_Rancho,9.66408854573497,True
Chi-cuadrado,POS_CON_ENC,TIP_VIV_ENC_Vivienda indigena,10.142142445798306,True
Chi-cuadrado,POS_CON_ENC,REG_VIV_ENC_Familiar,4.362636785677627,True
Chi-cuadrado,POS_CON_ENC,REG_VIV_ENC_No_Registra,0.0,False
Chi-cuadrado,POS_CON_ENC,REG_VIV_ENC_Otra_forma,9.333380931880654,True
Chi-cuadrado,POS_CON_ENC,REG_VIV_ENC_Sana_posesión_título,0.7788505236529564,False
Chi-cuadrado,POS_CON_ENC,REG_VIV_ENC_arriendo_subarriendo,14.169827580020582,True
Chi-cuadrado,POS_CON_ENC,REG_VIV_ENC_usufructo,1.6360912995333692,False
Chi-cuadrado,POS_CON_ENC,OCU_ECO_ENC_Desocupados,33.96222122580424,True
Chi-cuadrado,POS_CON_ENC,OCU_ECO_ENC_Ocupados_Informal,66.95507988068405,True
Chi-cuadrado,POS_CON_ENC,NUM_HIJOS_NOR,4060.4476846292423,True
Chi-cuadrado,POS_CON_ENC,DES_BIE_ENC,47.77154213866822,True
Chi-cuadrado,BEN_TRV_ENC,BEN_FA_ENC,619.4455612279701,True
Chi-cuadrado,BEN_TRV_ENC,BEN_FPT_ENC,495.26257894159323,True
Chi-cuadrado,BEN_TRV_ENC,BEN_PDT_ENC,16522.253623134628,True
Chi-cuadrado,BEN_TRV_ENC,POS_SPU_ENC,1.929794943740221,False
Chi-cuadrado,BEN_TRV_ENC,REG_SAL_ENC,17.460178975486073,True
Chi-cuadrado,BEN_TRV_ENC,SEXO_ENC,6.177322679496571,True
Chi-cuadrado,BEN_TRV_ENC,NIV_EDU_ENC,0.12349658787813889,False
Chi-cuadrado,BEN_TRV_ENC,POS_SSO_ENC,2648.6241434023973,True
Chi-cuadrado,BEN_TRV_ENC,GRUPO_ETAR_ENC_Entre 18 y 25 años,325.45943218992534,True
Chi-cuadrado,BEN_TRV_ENC,GRUPO_ETAR_ENC_Entre 26 y 40 años,93.58706153909439,True
Chi-cuadrado,BEN_TRV_ENC,GRUPO_ETAR_ENC_Entre 41 y 60 años,96.77712226461048,True
Chi-cuadrado,BEN_TRV_ENC,GRUPO_ETAR_ENC_Mayor de 60 años,8.957846948670694,True
Chi-cuadrado,BEN_TRV_ENC,EX_GRUPO_ENC_AUC,335.16607735032244,True
Chi-cuadrado,BEN_TRV_ENC,EX_GRUPO_ENC_ELN,37.31015706701438,True
Chi-cuadrado,BEN_TRV_ENC,EX_GRUPO_ENC_EPL,4.995835257627325,True
Chi-cuadrado,BEN_TRV_ENC,EX_GRUPO_ENC_ERG,0.03926553761489821,False
Chi-cuadrado,BEN_TRV_ENC,EX_GRUPO_ENC_ERP,0.7924836448508981,False
Chi-cuadrado,BEN_TRV_ENC,EX_GRUPO_ENC_FARC,254.64275711427032,True
Chi-cuadrado,BEN_TRV_ENC,TIP_VIV_ENC_Apartamento,0.01096251874617003,False
Chi-cuadrado,BEN_TRV_ENC,TIP_VIV_ENC_Casa,5.512342080999531,True
Chi-cuadrado,BEN_TRV_ENC,TIP_VIV_ENC_Casa_Lote,16.856687850163,True
Chi-cuadrado,BEN_TRV_ENC,TIP_VIV_ENC_Finca,28.430305667431142,True
Chi-cuadrado,BEN_TRV_ENC,TIP_VIV_ENC_Habitacion,9.704015675838033,True
Chi-cuadrado,BEN_TRV_ENC,TIP_VIV_ENC_Otro,0.0,False
Chi-cuadrado,BEN_TRV_ENC,TIP_VIV_ENC_Rancho,19.63490725555139,True
Chi-cuadrado,BEN_TRV_ENC,TIP_VIV_ENC_Vivienda indigena,22.92945391791471,True
Chi-cuadrado,BEN_TRV_ENC,REG_VIV_ENC_Familiar,5.970105476563898,True
Chi-cuadrado,BEN_TRV_ENC,REG_VIV_ENC_No_Registra,0.0,False
Chi-cuadrado,BEN_TRV_ENC,REG_VIV_ENC_Otra_forma,5.337777916366253,True
Chi-cuadrado,BEN_TRV_ENC,REG_VIV_ENC_Sana_posesión_título,0.47393174155280804,False
Chi-cuadrado,BEN_TRV_ENC,REG_VIV_ENC_arriendo_subarriendo,2.225792938794788,False
Chi-cuadrado,BEN_TRV_ENC,REG_VIV_ENC_usufructo,31.71174620796198,True
Chi-cuadrado,BEN_TRV_ENC,OCU_ECO_ENC_Desocupados,11.487913915184851,True
Chi-cuadrado,BEN_TRV_ENC,OCU_ECO_ENC_Ocupados_Informal,15.580860690739502,True
Chi-cuadrado,BEN_TRV_ENC,NUM_HIJOS_NOR,57.24406710021566,True
Chi-cuadrado,BEN_TRV_ENC,DES_BIE_ENC,73.02863272119617,True
Chi-cuadrado,BEN_FA_ENC,BEN_FPT_ENC,658.4179901042454,True
Chi-cuadrado,BEN_FA_ENC,BEN_PDT_ENC,599.4917886143227,True
Chi-cuadrado,BEN_FA_ENC,POS_SPU_ENC,0.9603145854041366,False
Chi-cuadrado,BEN_FA_ENC,REG_SAL_ENC,0.7621742524213194,False
Chi-cuadrado,BEN_FA_ENC,SEXO_ENC,0.0,False
Chi-cuadrado,BEN_FA_ENC,NIV_EDU_ENC,22.060665809803705,True
Chi-cuadrado,BEN_FA_ENC,POS_SSO_ENC,373.3744738172002,True
Chi-cuadrado,BEN_FA_ENC,GRUPO_ETAR_ENC_Entre 18 y 25 años,4.3637992947540925,True
Chi-cuadrado,BEN_FA_ENC,GRUPO_ETAR_ENC_Entre 26 y 40 años,0.29602116444025156,False
Chi-cuadrado,BEN_FA_ENC,GRUPO_ETAR_ENC_Entre 41 y 60 años,1.3816995788539022,False
Chi-cuadrado,BEN_FA_ENC,GRUPO_ETAR_ENC_Mayor de 60 años,0.08545580337831277,False
Chi-cuadrado,BEN_FA_ENC,EX_GRUPO_ENC_AUC,2.4998504671205426,False
Chi-cuadrado,BEN_FA_ENC,EX_GRUPO_ENC_ELN,1.6740283141424182,False
Chi-cuadrado,BEN_FA_ENC,EX_GRUPO_ENC_EPL,0.0,False
Chi-cuadrado,BEN_FA_ENC,EX_GRUPO_ENC_ERG,0.0,False
Chi-cuadrado,BEN_FA_ENC,EX_GRUPO_ENC_ERP,0.0,False
Chi-cuadrado,BEN_FA_ENC,EX_GRUPO_ENC_FARC,0.8036928809757239,False
Chi-cuadrado,BEN_FA_ENC,TIP_VIV_ENC_Apartamento,0.8929050783298857,False
Chi-cuadrado,BEN_FA_ENC,TIP_VIV_ENC_Casa,1.411808796623666,False
Chi-cuadrado,BEN_FA_ENC,TIP_VIV_ENC_Casa_Lote,0.07381688571897857,False
Chi-cuadrado,BEN_FA_ENC,TIP_VIV_ENC_Finca,0.3120670305012598,False
Chi-cuadrado,BEN_FA_ENC,TIP_VIV_ENC_Habitacion,0.1880855707762395,False
Chi-cuadrado,BEN_FA_ENC,TIP_VIV_ENC_Otro,0.0,False
Chi-cuadrado,BEN_FA_ENC,TIP_VIV_ENC_Rancho,0.1342480633943846,False
Chi-cuadrado,BEN_FA_ENC,TIP_VIV_ENC_Vivienda indigena,0.46620784350572647,False
Chi-cuadrado,BEN_FA_ENC,REG_VIV_ENC_Familiar,0.0,False
Chi-cuadrado,BEN_FA_ENC,REG_VIV_ENC_No_Registra,0.0,False
Chi-cuadrado,BEN_FA_ENC,REG_VIV_ENC_Otra_forma,4.674272744897486,True
Chi-cuadrado,BEN_FA_ENC,REG_VIV_ENC_Sana_posesión_título,0.0,False
Chi-cuadrado,BEN_FA_ENC,REG_VIV_ENC_arriendo_subarriendo,0.06539462586389334,False
Chi-cuadrado,BEN_FA_ENC,REG_VIV_ENC_usufructo,0.40862288768796085,False
Chi-cuadrado,BEN_FA_ENC,OCU_ECO_ENC_Desocupados,0.7996840793148168,False
Chi-cuadrado,BEN_FA_ENC,OCU_ECO_ENC_Ocupados_Informal,3.7103361105413875,False
Chi-cuadrado,BEN_FA_ENC,NUM_HIJOS_NOR,2.1101919634721167,False
Chi-cuadrado,BEN_FA_ENC,DES_BIE_ENC,40.51661032341052,True
Chi-cuadrado,BEN_FPT_ENC,BEN_PDT_ENC,479.3028191422924,True
Chi-cuadrado,BEN_FPT_ENC,POS_SPU_ENC,0.9200727619542498,False
Chi-cuadrado,BEN_FPT_ENC,REG_SAL_ENC,0.0,False
Chi-cuadrado,BEN_FPT_ENC,SEXO_ENC,0.023008180665953306,False
Chi-cuadrado,BEN_FPT_ENC,NIV_EDU_ENC,4.561697372502126,False
Chi-cuadrado,BEN_FPT_ENC,POS_SSO_ENC,316.6357492902498,True
Chi-cuadrado,BEN_FPT_ENC,GRUPO_ETAR_ENC_Entre 18 y 25 años,0.0,False
Chi-cuadrado,BEN_FPT_ENC,GRUPO_ETAR_ENC_Entre 26 y 40 años,1.968517690566236e-05,False
Chi-cuadrado,BEN_FPT_ENC,GRUPO_ETAR_ENC_Entre 41 y 60 años,0.0,False
Chi-cuadrado,BEN_FPT_ENC,GRUPO_ETAR_ENC_Mayor de 60 años,0.22797149699566568,False
Chi-cuadrado,BEN_FPT_ENC,EX_GRUPO_ENC_AUC,1.1864339153955268,False
Chi-cuadrado,BEN_FPT_ENC,EX_GRUPO_ENC_ELN,0.0,False
Chi-cuadrado,BEN_FPT_ENC,EX_GRUPO_ENC_EPL,5.89138224572408,True
Chi-cuadrado,BEN_FPT_ENC,EX_GRUPO_ENC_ERG,0.0,False
Chi-cuadrado,BEN_FPT_ENC,EX_GRUPO_ENC_ERP,0.0,False
Chi-cuadrado,BEN_FPT_ENC,EX_GRUPO_ENC_FARC,0.967753234736985,False
Chi-cuadrado,BEN_FPT_ENC,TIP_VIV_ENC_Apartamento,10.056277491467776,True
Chi-cuadrado,BEN_FPT_ENC,TIP_VIV_ENC_Casa,4.303673860178413,True
Chi-cuadrado,BEN_FPT_ENC,TIP_VIV_ENC_Casa_Lote,0.013485875456537892,False
Chi-cuadrado,BEN_FPT_ENC,TIP_VIV_ENC_Finca,0.15626088364290613,False
Chi-cuadrado,BEN_FPT_ENC,TIP_VIV_ENC_Habitacion,0.0,False
Chi-cuadrado,BEN_FPT_ENC,TIP_VIV_ENC_Otro,0.0,False
Chi-cuadrado,BEN_FPT_ENC,TIP_VIV_ENC_Rancho,0.04364012391383391,False
Chi-cuadrado,BEN_FPT_ENC,TIP_VIV_ENC_Vivienda indigena,0.7334119224127982,False
Chi-cuadrado,BEN_FPT_ENC,REG_VIV_ENC_Familiar,0.0,False
Chi-cuadrado,BEN_FPT_ENC,REG_VIV_ENC_No_Registra,0.0,False
Chi-cuadrado,BEN_FPT_ENC,REG_VIV_ENC_Otra_forma,0.0,False
Chi-cuadrado,BEN_FPT_ENC,REG_VIV_ENC_Sana_posesión_título,0.0,False
Chi-cuadrado,BEN_FPT_ENC,REG_VIV_ENC_arriendo_subarriendo,1.4924464186799153,False
Chi-cuadrado,BEN_FPT_ENC,REG_VIV_ENC_usufructo,0.22349499094817377,False
Chi-cuadrado,BEN_FPT_ENC,OCU_ECO_ENC_Desocupados,1.7661816894406586,False
Chi-cuadrado,BEN_FPT_ENC,OCU_ECO_ENC_Ocupados_Informal,0.34960646333984985,False
Chi-cuadrado,BEN_FPT_ENC,NUM_HIJOS_NOR,0.6609120699635624,False
Chi-cuadrado,BEN_FPT_ENC,DES_BIE_ENC,43.94575024795215,True
Chi-cuadrado,BEN_PDT_ENC,POS_SPU_ENC,1.8301295500927226,False
Chi-cuadrado,BEN_PDT_ENC,REG_SAL_ENC,19.18773851098556,True
Chi-cuadrado,BEN_PDT_ENC,SEXO_ENC,6.54538655598423,True
Chi-cuadrado,BEN_PDT_ENC,NIV_EDU_ENC,0.07752620828493062,False
Chi-cuadrado,BEN_PDT_ENC,POS_SSO_ENC,2663.498802704928,True
Chi-cuadrado,BEN_PDT_ENC,GRUPO_ETAR_ENC_Entre 18 y 25 años,314.7166045698506,True
Chi-cuadrado,BEN_PDT_ENC,GRUPO_ETAR_ENC_Entre 26 y 40 años,103.04031993449772,True
Chi-cuadrado,BEN_PDT_ENC,GRUPO_ETAR_ENC_Entre 41 y 60 años,104.7387375663971,True
Chi-cuadrado,BEN_PDT_ENC,GRUPO_ETAR_ENC_Mayor de 60 años,9.78494353647399,True
Chi-cuadrado,BEN_PDT_ENC,EX_GRUPO_ENC_AUC,350.1128485783743,True
Chi-cuadrado,BEN_PDT_ENC,EX_GRUPO_ENC_ELN,43.032729741773345,True
Chi-cuadrado,BEN_PDT_ENC,EX_GRUPO_ENC_EPL,4.699940513114122,True
Chi-cuadrado,BEN_PDT_ENC,EX_GRUPO_ENC_ERG,0.056453259752210355,False
Chi-cuadrado,BEN_PDT_ENC,EX_GRUPO_ENC_ERP,0.8696855330002341,False
Chi-cuadrado,BEN_PDT_ENC,EX_GRUPO_ENC_FARC,261.3723545882146,True
Chi-cuadrado,BEN_PDT_ENC,TIP_VIV_ENC_Apartamento,0.06217630231616316,False
Chi-cuadrado,BEN_PDT_ENC,TIP_VIV_ENC_Casa,4.865948763703698,True
Chi-cuadrado,BEN_PDT_ENC,TIP_VIV_ENC_Casa_Lote,17.51080801677914,True
Chi-cuadrado,BEN_PDT_ENC,TIP_VIV_ENC_Finca,25.29168988276068,True
Chi-cuadrado,BEN_PDT_ENC,TIP_VIV_ENC_Habitacion,8.926941605924993,True
Chi-cuadrado,BEN_PDT_ENC,TIP_VIV_ENC_Otro,0.009193618513896216,False
Chi-cuadrado,BEN_PDT_ENC,TIP_VIV_ENC_Rancho,20.3826380326482,True
Chi-cuadrado,BEN_PDT_ENC,TIP_VIV_ENC_Vivienda indigena,21.58706184248009,True
Chi-cuadrado,BEN_PDT_ENC,REG_VIV_ENC_Familiar,6.251457377170538,True
Chi-cuadrado,BEN_PDT_ENC,REG_VIV_ENC_No_Registra,0.0,False
Chi-cuadrado,BEN_PDT_ENC,REG_VIV_ENC_Otra_forma,5.216583294395955,True
Chi-cuadrado,BEN_PDT_ENC,REG_VIV_ENC_Sana_posesión_título,0.3947124416878047,False
Chi-cuadrado,BEN_PDT_ENC,REG_VIV_ENC_arriendo_subarriendo,2.276994836735482,False
Chi-cuadrado,BEN_PDT_ENC,REG_VIV_ENC_usufructo,30.68657018786963,True
Chi-cuadrado,BEN_PDT_ENC,OCU_ECO_ENC_Desocupados,11.350099070667534,True
Chi-cuadrado,BEN_PDT_ENC,OCU_ECO_ENC_Ocupados_Informal,16.3417662745641,True
Chi-cuadrado,BEN_PDT_ENC,NUM_HIJOS_NOR,57.03623047983976,True
Chi-cuadrado,BEN_PDT_ENC,DES_BIE_ENC,68.38120125488835,True
Chi-cuadrado,POS_SPU_ENC,REG_SAL_ENC,672.0164745759309,True
Chi-cuadrado,POS_SPU_ENC,SEXO_ENC,3.6332568979956545,False
Chi-cuadrado,POS_SPU_ENC,NIV_EDU_ENC,66.59629081138851,True
Chi-cuadrado,POS_SPU_ENC,POS_SSO_ENC,34.38407214947322,True
Chi-cuadrado,POS_SPU_ENC,GRUPO_ETAR_ENC_Entre 18 y 25 años,3.212701141564107,False
Chi-cuadrado,POS_SPU_ENC,GRUPO_ETAR_ENC_Entre 26 y 40 años,6.030845575002498,True
Chi-cuadrado,POS_SPU_ENC,GRUPO_ETAR_ENC_Entre 41 y 60 años,0.5019681894567427,False
Chi-cuadrado,POS_SPU_ENC,GRUPO_ETAR_ENC_Mayor de 60 años,16.213230523556085,True
Chi-cuadrado,POS_SPU_ENC,EX_GRUPO_ENC_AUC,5.408315981863528,True
Chi-cuadrado,POS_SPU_ENC,EX_GRUPO_ENC_ELN,0.2078172127727407,False
Chi-cuadrado,POS_SPU_ENC,EX_GRUPO_ENC_EPL,0.29160323681005973,False
Chi-cuadrado,POS_SPU_ENC,EX_GRUPO_ENC_ERG,7.669948320755923,True
Chi-cuadrado,POS_SPU_ENC,EX_GRUPO_ENC_ERP,12.624204390683966,True
Chi-cuadrado,POS_SPU_ENC,EX_GRUPO_ENC_FARC,8.366984467466553,True
Chi-cuadrado,POS_SPU_ENC,TIP_VIV_ENC_Apartamento,981.0580258960437,True
Chi-cuadrado,POS_SPU_ENC,TIP_VIV_ENC_Casa,12.685827131924162,True
Chi-cuadrado,POS_SPU_ENC,TIP_VIV_ENC_Casa_Lote,138.15308522347135,True
Chi-cuadrado,POS_SPU_ENC,TIP_VIV_ENC_Finca,694.4543365148734,True
Chi-cuadrado,POS_SPU_ENC,TIP_VIV_ENC_Habitacion,50.051894276337215,True
Chi-cuadrado,POS_SPU_ENC,TIP_VIV_ENC_Otro,161.75780756043423,True
Chi-cuadrado,POS_SPU_ENC,TIP_VIV_ENC_Rancho,337.0166548705946,True
Chi-cuadrado,POS_SPU_ENC,TIP_VIV_ENC_Vivienda indigena,156.62190277597188,True
Chi-cuadrado,POS_SPU_ENC,REG_VIV_ENC_Familiar,334.6009064974214,True
Chi-cuadrado,POS_SPU_ENC,REG_VIV_ENC_No_Registra,0.09670985698412823,False
Chi-cuadrado,POS_SPU_ENC,REG_VIV_ENC_Otra_forma,306.3787060577503,True
Chi-cuadrado,POS_SPU_ENC,REG_VIV_ENC_Sana_posesión_título,0.0,False
Chi-cuadrado,POS_SPU_ENC,REG_VIV_ENC_arriendo_subarriendo,1692.8372065821022,True
Chi-cuadrado,POS_SPU_ENC,REG_VIV_ENC_usufructo,204.02076707810875,True
Chi-cuadrado,POS_SPU_ENC,OCU_ECO_ENC_Desocupados,0.6116562419348834,False
Chi-cuadrado,POS_SPU_ENC,OCU_ECO_ENC_Ocupados_Informal,16.84912289922571,True
Chi-cuadrado,POS_SPU_ENC,NUM_HIJOS_NOR,109.90153912958638,True
Chi-cuadrado,POS_SPU_ENC,DES_BIE_ENC,256.9849934711746,True
Chi-cuadrado,REG_SAL_ENC,SEXO_ENC,210.14855378232872,True
Chi-cuadrado,REG_SAL_ENC,NIV_EDU_ENC,127.58995675088599,True
Chi-cuadrado,REG_SAL_ENC,POS_SSO_ENC,1.9582908060947608,False
Chi-cuadrado,REG_SAL_ENC,GRUPO_ETAR_ENC_Entre 18 y 25 años,0.9767252743614968,False
Chi-cuadrado,REG_SAL_ENC,GRUPO_ETAR_ENC_Entre 26 y 40 años,12.207166965234522,True
Chi-cuadrado,REG_SAL_ENC,GRUPO_ETAR_ENC_Entre 41 y 60 años,0.08045524050159095,False
Chi-cuadrado,REG_SAL_ENC,GRUPO_ETAR_ENC_Mayor de 60 años,90.58563233281176,True
Chi-cuadrado,REG_SAL_ENC,EX_GRUPO_ENC_AUC,8.395090275097283,True
Chi-cuadrado,REG_SAL_ENC,EX_GRUPO_ENC_ELN,1.411265177739137,False
Chi-cuadrado,REG_SAL_ENC,EX_GRUPO_ENC_EPL,0.6351232817341271,False
Chi-cuadrado,REG_SAL_ENC,EX_GRUPO_ENC_ERG,0.10323647990244947,False
Chi-cuadrado,REG_SAL_ENC,EX_GRUPO_ENC_ERP,0.36672004273135794,False
Chi-cuadrado,REG_SAL_ENC,EX_GRUPO_ENC_FARC,5.952756025180175,True
Chi-cuadrado,REG_SAL_ENC,TIP_VIV_ENC_Apartamento,444.5797129683067,True
Chi-cuadrado,REG_SAL_ENC,TIP_VIV_ENC_Casa,83.22752451101147,True
Chi-cuadrado,REG_SAL_ENC,TIP_VIV_ENC_Casa_Lote,15.005502871845282,True
Chi-cuadrado,REG_SAL_ENC,TIP_VIV_ENC_Finca,75.2541808553161,True
Chi-cuadrado,REG_SAL_ENC,TIP_VIV_ENC_Habitacion,1.4946422155501082,False
Chi-cuadrado,REG_SAL_ENC,TIP_VIV_ENC_Otro,23.671121196883952,True
Chi-cuadrado,REG_SAL_ENC,TIP_VIV_ENC_Rancho,28.108982683780916,True
Chi-cuadrado,REG_SAL_ENC,TIP_VIV_ENC_Vivienda indigena,28.923917510146026,True
Chi-cuadrado,REG_SAL_ENC,REG_VIV_ENC_Familiar,11.18175577189253,True
Chi-cuadrado,REG_SAL_ENC,REG_VIV_ENC_No_Registra,0.05836134791406199,False
Chi-cuadrado,REG_SAL_ENC,REG_VIV_ENC_Otra_forma,89.49353491803969,True
Chi-cuadrado,REG_SAL_ENC,REG_VIV_ENC_Sana_posesión_título,11.113633566130439,True
Chi-cuadrado,REG_SAL_ENC,REG_VIV_ENC_arriendo_subarriendo,532.9104933677419,True
Chi-cuadrado,REG_SAL_ENC,REG_VIV_ENC_usufructo,10.055207696450113,True
Chi-cuadrado,REG_SAL_ENC,OCU_ECO_ENC_Desocupados,72.45713230154828,True
Chi-cuadrado,REG_SAL_ENC,OCU_ECO_ENC_Ocupados_Informal,290.47959022876483,True
Chi-cuadrado,REG_SAL_ENC,NUM_HIJOS_NOR,57.83403255560218,True
Chi-cuadrado,REG_SAL_ENC,DES_BIE_ENC,403.373334305444,True
Chi-cuadrado,SEXO_ENC,NIV_EDU_ENC,458.64388962641345,True
Chi-cuadrado,SEXO_ENC,POS_SSO_ENC,24.515443197132807,True
Chi-cuadrado,SEXO_ENC,GRUPO_ETAR_ENC_Entre 18 y 25 años,10.524190026486126,True
Chi-cuadrado,SEXO_ENC,GRUPO_ETAR_ENC_Entre 26 y 40 años,887.3447450361946,True
Chi-cuadrado,SEXO_ENC,GRUPO_ETAR_ENC_Entre 41 y 60 años,812.0095389051405,True
Chi-cuadrado,SEXO_ENC,GRUPO_ETAR_ENC_Mayor de 60 años,10.625931377130915,True
Chi-cuadrado,SEXO_ENC,EX_GRUPO_ENC_AUC,1176.7461724286752,True
Chi-cuadrado,SEXO_ENC,EX_GRUPO_ENC_ELN,131.9674107553882,True
Chi-cuadrado,SEXO_ENC,EX_GRUPO_ENC_EPL,1.8849907679511646,False
Chi-cuadrado,SEXO_ENC,EX_GRUPO_ENC_ERG,1.748205290523566,False
Chi-cuadrado,SEXO_ENC,EX_GRUPO_ENC_ERP,3.613284196394315,False
Chi-cuadrado,SEXO_ENC,EX_GRUPO_ENC_FARC,863.6388562139131,True
Chi-cuadrado,SEXO_ENC,TIP_VIV_ENC_Apartamento,9.727163092580978,True
Chi-cuadrado,SEXO_ENC,TIP_VIV_ENC_Casa,0.1814225725655944,False
Chi-cuadrado,SEXO_ENC,TIP_VIV_ENC_Casa_Lote,3.064522107078698,False
Chi-cuadrado,SEXO_ENC,TIP_VIV_ENC_Finca,0.021002167692736707,False
Chi-cuadrado,SEXO_ENC,TIP_VIV_ENC_Habitacion,10.692751633290392,True
Chi-cuadrado,SEXO_ENC,TIP_VIV_ENC_Otro,0.5974488520969564,False
Chi-cuadrado,SEXO_ENC,TIP_VIV_ENC_Rancho,2.929539667723427,False
Chi-cuadrado,SEXO_ENC,TIP_VIV_ENC_Vivienda indigena,1.7496632902501297,False
Chi-cuadrado,SEXO_ENC,REG_VIV_ENC_Familiar,0.6475217497790848,False
Chi-cuadrado,SEXO_ENC,REG_VIV_ENC_No_Registra,0.0,False
Chi-cuadrado,SEXO_ENC,REG_VIV_ENC_Otra_forma,0.5885232837943335,False
Chi-cuadrado,SEXO_ENC,REG_VIV_ENC_Sana_posesión_título,1.3509416846138806,False
Chi-cuadrado,SEXO_ENC,REG_VIV_ENC_arriendo_subarriendo,17.60943150712354,True
Chi-cuadrado,SEXO_ENC,REG_VIV_ENC_usufructo,0.20408090878317547,False
Chi-cuadrado,SEXO_ENC,OCU_ECO_ENC_Desocupados,98.5749475465743,True
Chi-cuadrado,SEXO_ENC,OCU_ECO_ENC_Ocupados_Informal,744.7447712283702,True
Chi-cuadrado,SEXO_ENC,NUM_HIJOS_NOR,513.8709063852,True
Chi-cuadrado,SEXO_ENC,DES_BIE_ENC,83.1069299482087,True
Chi-cuadrado,NIV_EDU_ENC,POS_SSO_ENC,8.046755044073059,False
Chi-cuadrado,NIV_EDU_ENC,GRUPO_ETAR_ENC_Entre 18 y 25 años,3.920650114889128,False
Chi-cuadrado,NIV_EDU_ENC,GRUPO_ETAR_ENC_Entre 26 y 40 años,7.851666337277698,True
Chi-cuadrado,NIV_EDU_ENC,GRUPO_ETAR_ENC_Entre 41 y 60 años,0.9121065811144273,False
Chi-cuadrado,NIV_EDU_ENC,GRUPO_ETAR_ENC_Mayor de 60 años,84.94133660120337,True
Chi-cuadrado,NIV_EDU_ENC,EX_GRUPO_ENC_AUC,87.5371925253234,True
Chi-cuadrado,NIV_EDU_ENC,EX_GRUPO_ENC_ELN,3.1924159268281733,False
Chi-cuadrado,NIV_EDU_ENC,EX_GRUPO_ENC_EPL,8.661407558463782,True
Chi-cuadrado,NIV_EDU_ENC,EX_GRUPO_ENC_ERG,13.338451005376552,True
Chi-cuadrado,NIV_EDU_ENC,EX_GRUPO_ENC_ERP,14.697883321067906,True
Chi-cuadrado,NIV_EDU_ENC,EX_GRUPO_ENC_FARC,90.64474976657652,True
Chi-cuadrado,NIV_EDU_ENC,TIP_VIV_ENC_Apartamento,49.99304582408368,True
Chi-cuadrado,NIV_EDU_ENC,TIP_VIV_ENC_Casa,2.197279150805048,False
Chi-cuadrado,NIV_EDU_ENC,TIP_VIV_ENC_Casa_Lote,2.0209727805810784,False
Chi-cuadrado,NIV_EDU_ENC,TIP_VIV_ENC_Finca,18.60668263152281,True
Chi-cuadrado,NIV_EDU_ENC,TIP_VIV_ENC_Habitacion,11.406411746150663,True
Chi-cuadrado,NIV_EDU_ENC,TIP_VIV_ENC_Otro,20.548049108173373,True
Chi-cuadrado,NIV_EDU_ENC,TIP_VIV_ENC_Rancho,0.676366936280015,False
Chi-cuadrado,NIV_EDU_ENC,TIP_VIV_ENC_Vivienda indigena,3.6125832286327966,False
Chi-cuadrado,NIV_EDU_ENC,REG_VIV_ENC_Familiar,2.4458662926430454,False
Chi-cuadrado,NIV_EDU_ENC,REG_VIV_ENC_No_Registra,4.552068829582857,False
Chi-cuadrado,NIV_EDU_ENC,REG_VIV_ENC_Otra_forma,20.181129255181627,True
Chi-cuadrado,NIV_EDU_ENC,REG_VIV_ENC_Sana_posesión_título,10.239208388577177,True
Chi-cuadrado,NIV_EDU_ENC,REG_VIV_ENC_arriendo_subarriendo,34.36956726007932,True
Chi-cuadrado,NIV_EDU_ENC,REG_VIV_ENC_usufructo,4.757782596683346,False
Chi-cuadrado,NIV_EDU_ENC,OCU_ECO_ENC_Desocupados,30.834981193792743,True
Chi-cuadrado,NIV_EDU_ENC,OCU_ECO_ENC_Ocupados_Informal,14.043977879574234,True
Chi-cuadrado,NIV_EDU_ENC,NUM_HIJOS_NOR,107.96422874691288,True
Chi-cuadrado,NIV_EDU_ENC,DES_BIE_ENC,50.25790098392527,True
Chi-cuadrado,POS_SSO_ENC,GRUPO_ETAR_ENC_Entre 18 y 25 años,12.882594925311118,True
Chi-cuadrado,POS_SSO_ENC,GRUPO_ETAR_ENC_Entre 26 y 40 años,19.065179360849875,True
Chi-cuadrado,POS_SSO_ENC,GRUPO_ETAR_ENC_Entre 41 y 60 años,10.637761884715063,True
Chi-cuadrado,POS_SSO_ENC,GRUPO_ETAR_ENC_Mayor de 60 años,4.323794869293504,False
Chi-cuadrado,POS_SSO_ENC,EX_GRUPO_ENC_AUC,11.4748718416196,True
Chi-cuadrado,POS_SSO_ENC,EX_GRUPO_ENC_ELN,22.63953105449639,True
Chi-cuadrado,POS_SSO_ENC,EX_GRUPO_ENC_EPL,13.600114453105558,True
Chi-cuadrado,POS_SSO_ENC,EX_GRUPO_ENC_ERG,0.14878036880439058,False
Chi-cuadrado,POS_SSO_ENC,EX_GRUPO_ENC_ERP,1.3519491754716129,False
Chi-cuadrado,POS_SSO_ENC,EX_GRUPO_ENC_FARC,8.049649381476524,True
Chi-cuadrado,POS_SSO_ENC,TIP_VIV_ENC_Apartamento,8.412260547843145,True
Chi-cuadrado,POS_SSO_ENC,TIP_VIV_ENC_Casa,1.617615706033535,False
Chi-cuadrado,POS_SSO_ENC,TIP_VIV_ENC_Casa_Lote,21.87759352693711,True
Chi-cuadrado,POS_SSO_ENC,TIP_VIV_ENC_Finca,12.61745136533512,True
Chi-cuadrado,POS_SSO_ENC,TIP_VIV_ENC_Habitacion,15.125896135206549,True
Chi-cuadrado,POS_SSO_ENC,TIP_VIV_ENC_Otro,1.1657336330060168,False
Chi-cuadrado,POS_SSO_ENC,TIP_VIV_ENC_Rancho,13.229807976119107,True
Chi-cuadrado,POS_SSO_ENC,TIP_VIV_ENC_Vivienda indigena,0.13227163370501316,False
Chi-cuadrado,POS_SSO_ENC,REG_VIV_ENC_Familiar,3.7904788707350336,False
Chi-cuadrado,POS_SSO_ENC,REG_VIV_ENC_No_Registra,0.020721341177995588,False
Chi-cuadrado,POS_SSO_ENC,REG_VIV_ENC_Otra_forma,0.6203216362905926,False
Chi-cuadrado,POS_SSO_ENC,REG_VIV_ENC_Sana_posesión_título,1.0408492867012265,False
Chi-cuadrado,POS_SSO_ENC,REG_VIV_ENC_arriendo_subarriendo,7.3099795497115565,True
Chi-cuadrado,POS_SSO_ENC,REG_VIV_ENC_usufructo,14.022843457752026,True
Chi-cuadrado,POS_SSO_ENC,OCU_ECO_ENC_Desocupados,8.816569060759662,True
Chi-cuadrado,POS_SSO_ENC,OCU_ECO_ENC_Ocupados_Informal,37.72136982203333,True
Chi-cuadrado,POS_SSO_ENC,NUM_HIJOS_NOR,58.29034590376832,True
Chi-cuadrado,POS_SSO_ENC,DES_BIE_ENC,299.5635374705423,True
Chi-cuadrado,GRUPO_ETAR_ENC_Entre 18 y 25 años,GRUPO_ETAR_ENC_Entre 26 y 40 años,17.13650148278373,True
Chi-cuadrado,GRUPO_ETAR_ENC_Entre 18 y 25 años,GRUPO_ETAR_ENC_Entre 41 y 60 años,28.500759995552237,True
Chi-cuadrado,GRUPO_ETAR_ENC_Entre 18 y 25 años,GRUPO_ETAR_ENC_Mayor de 60 años,0.25743640142723545,False
Chi-cuadrado,GRUPO_ETAR_ENC_Entre 18 y 25 años,EX_GRUPO_ENC_AUC,37.60617691799685,True
Chi-cuadrado,GRUPO_ETAR_ENC_Entre 18 y 25 años,EX_GRUPO_ENC_ELN,17.364725950828195,True
Chi-cuadrado,GRUPO_ETAR_ENC_Entre 18 y 25 años,EX_GRUPO_ENC_EPL,0.0,False
Chi-cuadrado,GRUPO_ETAR_ENC_Entre 18 y 25 años,EX_GRUPO_ENC_ERG,0.0,False
Chi-cuadrado,GRUPO_ETAR_ENC_Entre 18 y 25 años,EX_GRUPO_ENC_ERP,0.0,False
Chi-cuadrado,GRUPO_ETAR_ENC_Entre 18 y 25 años,EX_GRUPO_ENC_FARC,17.41168729682092,True
Chi-cuadrado,GRUPO_ETAR_ENC_Entre 18 y 25 años,TIP_VIV_ENC_Apartamento,0.0038466113740561344,False
Chi-cuadrado,GRUPO_ETAR_ENC_Entre 18 y 25 años,TIP_VIV_ENC_Casa,1.0026487871673364,False
Chi-cuadrado,GRUPO_ETAR_ENC_Entre 18 y 25 años,TIP_VIV_ENC_Casa_Lote,0.020832589119451603,False
Chi-cuadrado,GRUPO_ETAR_ENC_Entre 18 y 25 años,TIP_VIV_ENC_Finca,0.18035043945663926,False
Chi-cuadrado,GRUPO_ETAR_ENC_Entre 18 y 25 años,TIP_VIV_ENC_Habitacion,0.007913974345372549,False
Chi-cuadrado,GRUPO_ETAR_ENC_Entre 18 y 25 años,TIP_VIV_ENC_Otro,0.0,False
Chi-cuadrado,GRUPO_ETAR_ENC_Entre 18 y 25 años,TIP_VIV_ENC_Rancho,0.056349254834693274,False
Chi-cuadrado,GRUPO_ETAR_ENC_Entre 18 y 25 años,TIP_VIV_ENC_Vivienda indigena,0.679084966850974,False
Chi-cuadrado,GRUPO_ETAR_ENC_Entre 18 y 25 años,REG_VIV_ENC_Familiar,0.0,False
Chi-cuadrado,GRUPO_ETAR_ENC_Entre 18 y 25 años,REG_VIV_ENC_No_Registra,0.0,False
Chi-cuadrado,GRUPO_ETAR_ENC_Entre 18 y 25 años,REG_VIV_ENC_Otra_forma,0.0,False
Chi-cuadrado,GRUPO_ETAR_ENC_Entre 18 y 25 años,REG_VIV_ENC_Sana_posesión_título,0.0,False
Chi-cuadrado,GRUPO_ETAR_ENC_Entre 18 y 25 años,REG_VIV_ENC_arriendo_subarriendo,0.3115591360799871,False
Chi-cuadrado,GRUPO_ETAR_ENC_Entre 18 y 25 años,REG_VIV_ENC_usufructo,0.2526446191036017,False
Chi-cuadrado,GRUPO_ETAR_ENC_Entre 18 y 25 años,OCU_ECO_ENC_Desocupados,4.041023710135517,True
Chi-cuadrado,GRUPO_ETAR_ENC_Entre 18 y 25 años,OCU_ECO_ENC_Ocupados_Informal,1.0116655226599105,False
Chi-cuadrado,GRUPO_ETAR_ENC_Entre 18 y 25 años,NUM_HIJOS_NOR,12.891607025935848,False
Chi-cuadrado,GRUPO_ETAR_ENC_Entre 18 y 25 años,DES_BIE_ENC,0.025646043851678985,False
Chi-cuadrado,GRUPO_ETAR_ENC_Entre 26 y 40 años,GRUPO_ETAR_ENC_Entre 41 y 60 años,14536.374739052,True
Chi-cuadrado,GRUPO_ETAR_ENC_Entre 26 y 40 años,GRUPO_ETAR_ENC_Mayor de 60 años,490.5337551457633,True
Chi-cuadrado,GRUPO_ETAR_ENC_Entre 26 y 40 años,EX_GRUPO_ENC_AUC,1478.9943680889046,True
Chi-cuadrado,GRUPO_ETAR_ENC_Entre 26 y 40 años,EX_GRUPO_ENC_ELN,200.59081620718894,True
Chi-cuadrado,GRUPO_ETAR_ENC_Entre 26 y 40 años,EX_GRUPO_ENC_EPL,5.943307810592504,True
Chi-cuadrado,GRUPO_ETAR_ENC_Entre 26 y 40 años,EX_GRUPO_ENC_ERG,0.0,False
Chi-cuadrado,GRUPO_ETAR_ENC_Entre 26 y 40 años,EX_GRUPO_ENC_ERP,0.09569713170240862,False
Chi-cuadrado,GRUPO_ETAR_ENC_Entre 26 y 40 años,EX_GRUPO_ENC_FARC,1066.7022787333835,True
Chi-cuadrado,GRUPO_ETAR_ENC_Entre 26 y 40 años,TIP_VIV_ENC_Apartamento,42.53914883989265,True
Chi-cuadrado,GRUPO_ETAR_ENC_Entre 26 y 40 años,TIP_VIV_ENC_Casa,0.4856401685509551,False
Chi-cuadrado,GRUPO_ETAR_ENC_Entre 26 y 40 años,TIP_VIV_ENC_Casa_Lote,22.292859266765344,True
Chi-cuadrado,GRUPO_ETAR_ENC_Entre 26 y 40 años,TIP_VIV_ENC_Finca,30.747062052456222,True
Chi-cuadrado,GRUPO_ETAR_ENC_Entre 26 y 40 años,TIP_VIV_ENC_Habitacion,0.02377170900067246,False
Chi-cuadrado,GRUPO_ETAR_ENC_Entre 26 y 40 años,TIP_VIV_ENC_Otro,1.8334521725249866,False
Chi-cuadrado,GRUPO_ETAR_ENC_Entre 26 y 40 años,TIP_VIV_ENC_Rancho,20.60253353669612,True
Chi-cuadrado,GRUPO_ETAR_ENC_Entre 26 y 40 años,TIP_VIV_ENC_Vivienda indigena,6.180514525156585,True
Chi-cuadrado,GRUPO_ETAR_ENC_Entre 26 y 40 años,REG_VIV_ENC_Familiar,1.310220167839713,False
Chi-cuadrado,GRUPO_ETAR_ENC_Entre 26 y 40 años,REG_VIV_ENC_No_Registra,0.0,False
Chi-cuadrado,GRUPO_ETAR_ENC_Entre 26 y 40 años,REG_VIV_ENC_Otra_forma,1.5172222153203125,False
Chi-cuadrado,GRUPO_ETAR_ENC_Entre 26 y 40 años,REG_VIV_ENC_Sana_posesión_título,0.005383506432593339,False
Chi-cuadrado,GRUPO_ETAR_ENC_Entre 26 y 40 años,REG_VIV_ENC_arriendo_subarriendo,61.55688395187944,True
Chi-cuadrado,GRUPO_ETAR_ENC_Entre 26 y 40 años,REG_VIV_ENC_usufructo,17.48317021425059,True
Chi-cuadrado,GRUPO_ETAR_ENC_Entre 26 y 40 años,OCU_ECO_ENC_Desocupados,0.646932359942576,False
Chi-cuadrado,GRUPO_ETAR_ENC_Entre 26 y 40 años,OCU_ECO_ENC_Ocupados_Informal,7.081092717043059,True
Chi-cuadrado,GRUPO_ETAR_ENC_Entre 26 y 40 años,NUM_HIJOS_NOR,193.64520417308722,True
Chi-cuadrado,GRUPO_ETAR_ENC_Entre 26 y 40 años,DES_BIE_ENC,13.839570017144867,True
Chi-cuadrado,GRUPO_ETAR_ENC_Entre 41 y 60 años,GRUPO_ETAR_ENC_Mayor de 60 años,799.2186498656438,True
Chi-cuadrado,GRUPO_ETAR_ENC_Entre 41 y 60 años,EX_GRUPO_ENC_AUC,1353.6678295183929,True
Chi-cuadrado,GRUPO_ETAR_ENC_Entre 41 y 60 años,EX_GRUPO_ENC_ELN,180.8800605707641,True
Chi-cuadrado,GRUPO_ETAR_ENC_Entre 41 y 60 años,EX_GRUPO_ENC_EPL,7.937446755032525,True
Chi-cuadrado,GRUPO_ETAR_ENC_Entre 41 y 60 años,EX_GRUPO_ENC_ERG,0.44315121462582574,False
Chi-cuadrado,GRUPO_ETAR_ENC_Entre 41 y 60 años,EX_GRUPO_ENC_ERP,0.025385807015883253,False
Chi-cuadrado,GRUPO_ETAR_ENC_Entre 41 y 60 años,EX_GRUPO_ENC_FARC,972.917752196627,True
Chi-cuadrado,GRUPO_ETAR_ENC_Entre 41 y 60 años,TIP_VIV_ENC_Apartamento,15.429749780580822,True
Chi-cuadrado,GRUPO_ETAR_ENC_Entre 41 y 60 años,TIP_VIV_ENC_Casa,0.4900125650561086,False
Chi-cuadrado,GRUPO_ETAR_ENC_Entre 41 y 60 años,TIP_VIV_ENC_Casa_Lote,19.124539976417804,True
Chi-cuadrado,GRUPO_ETAR_ENC_Entre 41 y 60 años,TIP_VIV_ENC_Finca,11.705856857581576,True
Chi-cuadrado,GRUPO_ETAR_ENC_Entre 41 y 60 años,TIP_VIV_ENC_Habitacion,1.6972358125599567,False
Chi-cuadrado,GRUPO_ETAR_ENC_Entre 41 y 60 años,TIP_VIV_ENC_Otro,4.993294178771492,True
Chi-cuadrado,GRUPO_ETAR_ENC_Entre 41 y 60 años,TIP_VIV_ENC_Rancho,17.087938696811847,True
Chi-cuadrado,GRUPO_ETAR_ENC_Entre 41 y 60 años,TIP_VIV_ENC_Vivienda indigena,7.736310896659308,True
Chi-cuadrado,GRUPO_ETAR_ENC_Entre 41 y 60 años,REG_VIV_ENC_Familiar,0.25209185198977424,False
Chi-cuadrado,GRUPO_ETAR_ENC_Entre 41 y 60 años,REG_VIV_ENC_No_Registra,0.0,False
Chi-cuadrado,GRUPO_ETAR_ENC_Entre 41 y 60 años,REG_VIV_ENC_Otra_forma,3.7174512716654533,False
Chi-cuadrado,GRUPO_ETAR_ENC_Entre 41 y 60 años,REG_VIV_ENC_Sana_posesión_título,0.0017549232566171549,False
Chi-cuadrado,GRUPO_ETAR_ENC_Entre 41 y 60 años,REG_VIV_ENC_arriendo_subarriendo,27.774124737869403,True
Chi-cuadrado,GRUPO_ETAR_ENC_Entre 41 y 60 años,REG_VIV_ENC_usufructo,11.65258521204239,True
Chi-cuadrado,GRUPO_ETAR_ENC_Entre 41 y 60 años,OCU_ECO_ENC_Desocupados,3.0541070574288236,False
Chi-cuadrado,GRUPO_ETAR_ENC_Entre 41 y 60 años,OCU_ECO_ENC_Ocupados_Informal,370.31327261941726,True
Chi-cuadrado,GRUPO_ETAR_ENC_Entre 41 y 60 años,NUM_HIJOS_NOR,187.46876952566453,True
Chi-cuadrado,GRUPO_ETAR_ENC_Entre 41 y 60 años,DES_BIE_ENC,21.51671862697132,True
Chi-cuadrado,GRUPO_ETAR_ENC_Mayor de 60 años,EX_GRUPO_ENC_AUC,21.11098262184269,True
Chi-cuadrado,GRUPO_ETAR_ENC_Mayor de 60 años,EX_GRUPO_ENC_ELN,5.477813621513942,True
Chi-cuadrado,GRUPO_ETAR_ENC_Mayor de 60 años,EX_GRUPO_ENC_EPL,0.3194210322571729,False
Chi-cuadrado,GRUPO_ETAR_ENC_Mayor de 60 años,EX_GRUPO_ENC_ERG,2.9901099743989827,False
Chi-cuadrado,GRUPO_ETAR_ENC_Mayor de 60 años,EX_GRUPO_ENC_ERP,0.0,False
Chi-cuadrado,GRUPO_ETAR_ENC_Mayor de 60 años,EX_GRUPO_ENC_FARC,14.692120540729702,True
Chi-cuadrado,GRUPO_ETAR_ENC_Mayor de 60 años,TIP_VIV_ENC_Apartamento,41.63590352648811,True
Chi-cuadrado,GRUPO_ETAR_ENC_Mayor de 60 años,TIP_VIV_ENC_Casa,0.05246611768799431,False
Chi-cuadrado,GRUPO_ETAR_ENC_Mayor de 60 años,TIP_VIV_ENC_Casa_Lote,0.6627961128702203,False
Chi-cuadrado,GRUPO_ETAR_ENC_Mayor de 60 años,TIP_VIV_ENC_Finca,29.79940106468307,True
Chi-cuadrado,GRUPO_ETAR_ENC_Mayor de 60 años,TIP_VIV_ENC_Habitacion,15.696684434443304,True
Chi-cuadrado,GRUPO_ETAR_ENC_Mayor de 60 años,TIP_VIV_ENC_Otro,5.097012973925041,True
Chi-cuadrado,GRUPO_ETAR_ENC_Mayor de 60 años,TIP_VIV_ENC_Rancho,0.9707920603351848,False
Chi-cuadrado,GRUPO_ETAR_ENC_Mayor de 60 años,TIP_VIV_ENC_Vivienda indigena,0.026204207137278022,False
Chi-cuadrado,GRUPO_ETAR_ENC_Mayor de 60 años,REG_VIV_ENC_Familiar,1.7884986719215767,False
Chi-cuadrado,GRUPO_ETAR_ENC_Mayor de 60 años,REG_VIV_ENC_No_Registra,0.0,False
Chi-cuadrado,GRUPO_ETAR_ENC_Mayor de 60 años,REG_VIV_ENC_Otra_forma,3.009247772252222,False
Chi-cuadrado,GRUPO_ETAR_ENC_Mayor de 60 años,REG_VIV_ENC_Sana_posesión_título,0.0,False
Chi-cuadrado,GRUPO_ETAR_ENC_Mayor de 60 años,REG_VIV_ENC_arriendo_subarriendo,39.62401306613945,True
Chi-cuadrado,GRUPO_ETAR_ENC_Mayor de 60 años,REG_VIV_ENC_usufructo,3.956757424078285,True
Chi-cuadrado,GRUPO_ETAR_ENC_Mayor de 60 años,OCU_ECO_ENC_Desocupados,51.37058663467818,True
Chi-cuadrado,GRUPO_ETAR_ENC_Mayor de 60 años,OCU_ECO_ENC_Ocupados_Informal,3202.938859183244,True
Chi-cuadrado,GRUPO_ETAR_ENC_Mayor de 60 años,NUM_HIJOS_NOR,94.12914605251817,True
Chi-cuadrado,GRUPO_ETAR_ENC_Mayor de 60 años,DES_BIE_ENC,5.492166036779006,True
Chi-cuadrado,EX_GRUPO_ENC_AUC,EX_GRUPO_ENC_ELN,1631.6226733069739,True
Chi-cuadrado,EX_GRUPO_ENC_AUC,EX_GRUPO_ENC_EPL,36.062983649561296,True
Chi-cuadrado,EX_GRUPO_ENC_AUC,EX_GRUPO_ENC_ERG,56.14524053169545,True
Chi-cuadrado,EX_GRUPO_ENC_AUC,EX_GRUPO_ENC_ERP,97.9709043041902,True
Chi-cuadrado,EX_GRUPO_ENC_AUC,EX_GRUPO_ENC_FARC,12831.638062767233,True
Chi-cuadrado,EX_GRUPO_ENC_AUC,TIP_VIV_ENC_Apartamento,10.099350368487261,True
Chi-cuadrado,EX_GRUPO_ENC_AUC,TIP_VIV_ENC_Casa,10.5212780146888,True
Chi-cuadrado,EX_GRUPO_ENC_AUC,TIP_VIV_ENC_Casa_Lote,2.992965197199858,False
Chi-cuadrado,EX_GRUPO_ENC_AUC,TIP_VIV_ENC_Finca,0.06799684751464588,False
Chi-cuadrado,EX_GRUPO_ENC_AUC,TIP_VIV_ENC_Habitacion,2.0470420169380406,False
Chi-cuadrado,EX_GRUPO_ENC_AUC,TIP_VIV_ENC_Otro,8.137392619077433,True
Chi-cuadrado,EX_GRUPO_ENC_AUC,TIP_VIV_ENC_Rancho,12.47792596263352,True
Chi-cuadrado,EX_GRUPO_ENC_AUC,TIP_VIV_ENC_Vivienda indigena,29.45106188813292,True
Chi-cuadrado,EX_GRUPO_ENC_AUC,REG_VIV_ENC_Familiar,0.03654862889727516,False
Chi-cuadrado,EX_GRUPO_ENC_AUC,REG_VIV_ENC_No_Registra,0.0,False
Chi-cuadrado,EX_GRUPO_ENC_AUC,REG_VIV_ENC_Otra_forma,6.915009714769145,True
Chi-cuadrado,EX_GRUPO_ENC_AUC,REG_VIV_ENC_Sana_posesión_título,0.5512728169641774,False
Chi-cuadrado,EX_GRUPO_ENC_AUC,REG_VIV_ENC_arriendo_subarriendo,133.16640337178973,True
Chi-cuadrado,EX_GRUPO_ENC_AUC,REG_VIV_ENC_usufructo,46.94240757553099,True
Chi-cuadrado,EX_GRUPO_ENC_AUC,OCU_ECO_ENC_Desocupados,15.555119083656361,True
Chi-cuadrado,EX_GRUPO_ENC_AUC,OCU_ECO_ENC_Ocupados_Informal,5.381464214005748,True
Chi-cuadrado,EX_GRUPO_ENC_AUC,NUM_HIJOS_NOR,87.90702221311442,True
Chi-cuadrado,EX_GRUPO_ENC_AUC,DES_BIE_ENC,323.2401228629195,True
Chi-cuadrado,EX_GRUPO_ENC_ELN,EX_GRUPO_ENC_EPL,0.6723703157502041,False
Chi-cuadrado,EX_GRUPO_ENC_ELN,EX_GRUPO_ENC_ERG,1.4192671534159853,False
Chi-cuadrado,EX_GRUPO_ENC_ELN,EX_GRUPO_ENC_ERP,3.0539231941101774,False
Chi-cuadrado,EX_GRUPO_ENC_ELN,EX_GRUPO_ENC_FARC,515.6299591927443,True
Chi-cuadrado,EX_GRUPO_ENC_ELN,TIP_VIV_ENC_Apartamento,2.345167900884418,False
Chi-cuadrado,EX_GRUPO_ENC_ELN,TIP_VIV_ENC_Casa,2.645210585447604,False
Chi-cuadrado,EX_GRUPO_ENC_ELN,TIP_VIV_ENC_Casa_Lote,1.6630379541402114,False
Chi-cuadrado,EX_GRUPO_ENC_ELN,TIP_VIV_ENC_Finca,0.023873566468109068,False
Chi-cuadrado,EX_GRUPO_ENC_ELN,TIP_VIV_ENC_Habitacion,0.399125295822703,False
Chi-cuadrado,EX_GRUPO_ENC_ELN,TIP_VIV_ENC_Otro,0.7706351660396942,False
Chi-cuadrado,EX_GRUPO_ENC_ELN,TIP_VIV_ENC_Rancho,0.0017641760743539415,False
Chi-cuadrado,EX_GRUPO_ENC_ELN,TIP_VIV_ENC_Vivienda indigena,4.4156569037862115,True
Chi-cuadrado,EX_GRUPO_ENC_ELN,REG_VIV_ENC_Familiar,3.7487429471211446,False
Chi-cuadrado,EX_GRUPO_ENC_ELN,REG_VIV_ENC_No_Registra,0.0,False
Chi-cuadrado,EX_GRUPO_ENC_ELN,REG_VIV_ENC_Otra_forma,2.418434891812386,False
Chi-cuadrado,EX_GRUPO_ENC_ELN,REG_VIV_ENC_Sana_posesión_título,0.6766588155467369,False
Chi-cuadrado,EX_GRUPO_ENC_ELN,REG_VIV_ENC_arriendo_subarriendo,14.212588085293897,True
Chi-cuadrado,EX_GRUPO_ENC_ELN,REG_VIV_ENC_usufructo,7.0132518464534845,True
Chi-cuadrado,EX_GRUPO_ENC_ELN,OCU_ECO_ENC_Desocupados,0.404281958227731,False
Chi-cuadrado,EX_GRUPO_ENC_ELN,OCU_ECO_ENC_Ocupados_Informal,6.014182947975318,True
Chi-cuadrado,EX_GRUPO_ENC_ELN,NUM_HIJOS_NOR,17.56971761212471,False
Chi-cuadrado,EX_GRUPO_ENC_ELN,DES_BIE_ENC,32.170818914217726,True
Chi-cuadrado,EX_GRUPO_ENC_EPL,EX_GRUPO_ENC_ERG,0.0,False
Chi-cuadrado,EX_GRUPO_ENC_EPL,EX_GRUPO_ENC_ERP,0.0,False
Chi-cuadrado,EX_GRUPO_ENC_EPL,EX_GRUPO_ENC_FARC,10.76039494762982,True
Chi-cuadrado,EX_GRUPO_ENC_EPL,TIP_VIV_ENC_Apartamento,0.24379795056675158,False
Chi-cuadrado,EX_GRUPO_ENC_EPL,TIP_VIV_ENC_Casa,0.20692285840902952,False
Chi-cuadrado,EX_GRUPO_ENC_EPL,TIP_VIV_ENC_Casa_Lote,0.0,False
Chi-cuadrado,EX_GRUPO_ENC_EPL,TIP_VIV_ENC_Finca,0.0,False
Chi-cuadrado,EX_GRUPO_ENC_EPL,TIP_VIV_ENC_Habitacion,0.7567728111314249,False
Chi-cuadrado,EX_GRUPO_ENC_EPL,TIP_VIV_ENC_Otro,0.0,False
Chi-cuadrado,EX_GRUPO_ENC_EPL,TIP_VIV_ENC_Rancho,1.064778382766636,False
Chi-cuadrado,EX_GRUPO_ENC_EPL,TIP_VIV_ENC_Vivienda indigena,0.0,False
Chi-cuadrado,EX_GRUPO_ENC_EPL,REG_VIV_ENC_Familiar,0.0,False
Chi-cuadrado,EX_GRUPO_ENC_EPL,REG_VIV_ENC_No_Registra,0.0,False
Chi-cuadrado,EX_GRUPO_ENC_EPL,REG_VIV_ENC_Otra_forma,0.22909414604591544,False
Chi-cuadrado,EX_GRUPO_ENC_EPL,REG_VIV_ENC_Sana_posesión_título,0.0,False
Chi-cuadrado,EX_GRUPO_ENC_EPL,REG_VIV_ENC_arriendo_subarriendo,0.14830112249095723,False
Chi-cuadrado,EX_GRUPO_ENC_EPL,REG_VIV_ENC_usufructo,0.22349499094817377,False
Chi-cuadrado,EX_GRUPO_ENC_EPL,OCU_ECO_ENC_Desocupados,0.0,False
Chi-cuadrado,EX_GRUPO_ENC_EPL,OCU_ECO_ENC_Ocupados_Informal,0.004177822176254514,False
Chi-cuadrado,EX_GRUPO_ENC_EPL,NUM_HIJOS_NOR,2.426543379245749,False
Chi-cuadrado,EX_GRUPO_ENC_EPL,DES_BIE_ENC,2.183301735954139,False
Chi-cuadrado,EX_GRUPO_ENC_ERG,EX_GRUPO_ENC_ERP,0.0,False
Chi-cuadrado,EX_GRUPO_ENC_ERG,EX_GRUPO_ENC_FARC,17.10425698144342,True
Chi-cuadrado,EX_GRUPO_ENC_ERG,TIP_VIV_ENC_Apartamento,0.9164916305087785,False
Chi-cuadrado,EX_GRUPO_ENC_ERG,TIP_VIV_ENC_Casa,0.0341369034777433,False
Chi-cuadrado,EX_GRUPO_ENC_ERG,TIP_VIV_ENC_Casa_Lote,0.17797112393756506,False
Chi-cuadrado,EX_GRUPO_ENC_ERG,TIP_VIV_ENC_Finca,0.0,False
Chi-cuadrado,EX_GRUPO_ENC_ERG,TIP_VIV_ENC_Habitacion,1.5579040733310165,False
Chi-cuadrado,EX_GRUPO_ENC_ERG,TIP_VIV_ENC_Otro,0.0,False
Chi-cuadrado,EX_GRUPO_ENC_ERG,TIP_VIV_ENC_Rancho,2.2325356155281475,False
Chi-cuadrado,EX_GRUPO_ENC_ERG,TIP_VIV_ENC_Vivienda indigena,44.17723297010829,True
Chi-cuadrado,EX_GRUPO_ENC_ERG,REG_VIV_ENC_Familiar,0.0,False
Chi-cuadrado,EX_GRUPO_ENC_ERG,REG_VIV_ENC_No_Registra,0.0,False
Chi-cuadrado,EX_GRUPO_ENC_ERG,REG_VIV_ENC_Otra_forma,6.612310900979479,True
Chi-cuadrado,EX_GRUPO_ENC_ERG,REG_VIV_ENC_Sana_posesión_título,0.0,False
Chi-cuadrado,EX_GRUPO_ENC_ERG,REG_VIV_ENC_arriendo_subarriendo,0.3904920771466597,False
Chi-cuadrado,EX_GRUPO_ENC_ERG,REG_VIV_ENC_usufructo,0.0,False
Chi-cuadrado,EX_GRUPO_ENC_ERG,OCU_ECO_ENC_Desocupados,0.5897334945382087,False
Chi-cuadrado,EX_GRUPO_ENC_ERG,OCU_ECO_ENC_Ocupados_Informal,0.13086495894998645,False
Chi-cuadrado,EX_GRUPO_ENC_ERG,NUM_HIJOS_NOR,9.489170070534973,False
Chi-cuadrado,EX_GRUPO_ENC_ERG,DES_BIE_ENC,0.37232552442650546,False
Chi-cuadrado,EX_GRUPO_ENC_ERP,EX_GRUPO_ENC_FARC,30.33084118673166,True
Chi-cuadrado,EX_GRUPO_ENC_ERP,TIP_VIV_ENC_Apartamento,0.0,False
Chi-cuadrado,EX_GRUPO_ENC_ERP,TIP_VIV_ENC_Casa,0.04445304700504564,False
Chi-cuadrado,EX_GRUPO_ENC_ERP,TIP_VIV_ENC_Casa_Lote,0.7115291886158644,False
Chi-cuadrado,EX_GRUPO_ENC_ERP,TIP_VIV_ENC_Finca,1.4010219639482742,False
Chi-cuadrado,EX_GRUPO_ENC_ERP,TIP_VIV_ENC_Habitacion,0.06050543210895307,False
Chi-cuadrado,EX_GRUPO_ENC_ERP,TIP_VIV_ENC_Otro,0.5883354960072298,False
Chi-cuadrado,EX_GRUPO_ENC_ERP,TIP_VIV_ENC_Rancho,0.0,False
Chi-cuadrado,EX_GRUPO_ENC_ERP,TIP_VIV_ENC_Vivienda indigena,0.0,False
Chi-cuadrado,EX_GRUPO_ENC_ERP,REG_VIV_ENC_Familiar,0.052241309343180775,False
Chi-cuadrado,EX_GRUPO_ENC_ERP,REG_VIV_ENC_No_Registra,0.0,False
Chi-cuadrado,EX_GRUPO_ENC_ERP,REG_VIV_ENC_Otra_forma,0.4231453816279546,False
Chi-cuadrado,EX_GRUPO_ENC_ERP,REG_VIV_ENC_Sana_posesión_título,0.0,False
Chi-cuadrado,EX_GRUPO_ENC_ERP,REG_VIV_ENC_arriendo_subarriendo,0.18133735169101906,False
Chi-cuadrado,EX_GRUPO_ENC_ERP,REG_VIV_ENC_usufructo,1.6450906363845432,False
Chi-cuadrado,EX_GRUPO_ENC_ERP,OCU_ECO_ENC_Desocupados,0.3077106435096423,False
Chi-cuadrado,EX_GRUPO_ENC_ERP,OCU_ECO_ENC_Ocupados_Informal,0.0,False
Chi-cuadrado,EX_GRUPO_ENC_ERP,NUM_HIJOS_NOR,155.29371223262055,True
Chi-cuadrado,EX_GRUPO_ENC_ERP,DES_BIE_ENC,0.661385963128309,False
Chi-cuadrado,EX_GRUPO_ENC_FARC,TIP_VIV_ENC_Apartamento,7.187399173501943,True
Chi-cuadrado,EX_GRUPO_ENC_FARC,TIP_VIV_ENC_Casa,7.187252795517883,True
Chi-cuadrado,EX_GRUPO_ENC_FARC,TIP_VIV_ENC_Casa_Lote,0.7855280750227881,False
Chi-cuadrado,EX_GRUPO_ENC_FARC,TIP_VIV_ENC_Finca,0.3698907300492911,False
Chi-cuadrado,EX_GRUPO_ENC_FARC,TIP_VIV_ENC_Habitacion,1.7883256310190694,False
Chi-cuadrado,EX_GRUPO_ENC_FARC,TIP_VIV_ENC_Otro,5.75471069571973,True
Chi-cuadrado,EX_GRUPO_ENC_FARC,TIP_VIV_ENC_Rancho,15.73448730397015,True
Chi-cuadrado,EX_GRUPO_ENC_FARC,TIP_VIV_ENC_Vivienda indigena,14.778709852359082,True
Chi-cuadrado,EX_GRUPO_ENC_FARC,REG_VIV_ENC_Familiar,2.137360623096183,False
Chi-cuadrado,EX_GRUPO_ENC_FARC,REG_VIV_ENC_No_Registra,0.0,False
Chi-cuadrado,EX_GRUPO_ENC_FARC,REG_VIV_ENC_Otra_forma,2.467181650272294,False
Chi-cuadrado,EX_GRUPO_ENC_FARC,REG_VIV_ENC_Sana_posesión_título,0.10988351254255446,False
Chi-cuadrado,EX_GRUPO_ENC_FARC,REG_VIV_ENC_arriendo_subarriendo,103.33522442068897,True
Chi-cuadrado,EX_GRUPO_ENC_FARC,REG_VIV_ENC_usufructo,29.54406445546525,True
Chi-cuadrado,EX_GRUPO_ENC_FARC,OCU_ECO_ENC_Desocupados,18.10379862298881,True
Chi-cuadrado,EX_GRUPO_ENC_FARC,OCU_ECO_ENC_Ocupados_Informal,1.2087620911965071,False
Chi-cuadrado,EX_GRUPO_ENC_FARC,NUM_HIJOS_NOR,82.73871847938207,True
Chi-cuadrado,EX_GRUPO_ENC_FARC,DES_BIE_ENC,254.52114029456348,True
Chi-cuadrado,TIP_VIV_ENC_Apartamento,TIP_VIV_ENC_Casa,7068.258093586586,True
Chi-cuadrado,TIP_VIV_ENC_Apartamento,TIP_VIV_ENC_Casa_Lote,87.73790869948961,True
Chi-cuadrado,TIP_VIV_ENC_Apartamento,TIP_VIV_ENC_Finca,130.35849947397406,True
Chi-cuadrado,TIP_VIV_ENC_Apartamento,TIP_VIV_ENC_Habitacion,242.46361153196736,True
Chi-cuadrado,TIP_VIV_ENC_Apartamento,TIP_VIV_ENC_Otro,45.61591277219899,True
Chi-cuadrado,TIP_VIV_ENC_Apartamento,TIP_VIV_ENC_Rancho,100.24141918625915,True
Chi-cuadrado,TIP_VIV_ENC_Apartamento,TIP_VIV_ENC_Vivienda indigena,22.501807039353835,True
Chi-cuadrado,TIP_VIV_ENC_Apartamento,REG_VIV_ENC_Familiar,27.174391976762116,True
Chi-cuadrado,TIP_VIV_ENC_Apartamento,REG_VIV_ENC_No_Registra,0.7107574715452671,False
Chi-cuadrado,TIP_VIV_ENC_Apartamento,REG_VIV_ENC_Otra_forma,88.03335915703573,True
Chi-cuadrado,TIP_VIV_ENC_Apartamento,REG_VIV_ENC_Sana_posesión_título,6.200668642965525,True
Chi-cuadrado,TIP_VIV_ENC_Apartamento,REG_VIV_ENC_arriendo_subarriendo,1596.4621148801225,True
Chi-cuadrado,TIP_VIV_ENC_Apartamento,REG_VIV_ENC_usufructo,94.91410381423108,True
Chi-cuadrado,TIP_VIV_ENC_Apartamento,OCU_ECO_ENC_Desocupados,3.4294614559633954,False
Chi-cuadrado,TIP_VIV_ENC_Apartamento,OCU_ECO_ENC_Ocupados_Informal,29.07641710419427,True
Chi-cuadrado,TIP_VIV_ENC_Apartamento,NUM_HIJOS_NOR,62.839747764796556,True
Chi-cuadrado,TIP_VIV_ENC_Apartamento,DES_BIE_ENC,98.42764796024204,True
Chi-cuadrado,TIP_VIV_ENC_Casa,TIP_VIV_ENC_Casa_Lote,785.0104066057122,True
Chi-cuadrado,TIP_VIV_ENC_Casa,TIP_VIV_ENC_Finca,1162.5572013371634,True
Chi-cuadrado,TIP_VIV_ENC_Casa,TIP_VIV_ENC_Habitacion,2155.6016026189554,True
Chi-cuadrado,TIP_VIV_ENC_Casa,TIP_VIV_ENC_Otro,411.86055430128187,True
Chi-cuadrado,TIP_VIV_ENC_Casa,TIP_VIV_ENC_Rancho,895.7714552891496,True
Chi-cuadrado,TIP_VIV_ENC_Casa,TIP_VIV_ENC_Vivienda indigena,207.05120255262779,True
Chi-cuadrado,TIP_VIV_ENC_Casa,REG_VIV_ENC_Familiar,0.1690445982439596,False
Chi-cuadrado,TIP_VIV_ENC_Casa,REG_VIV_ENC_No_Registra,0.10913764352329058,False
Chi-cuadrado,TIP_VIV_ENC_Casa,REG_VIV_ENC_Otra_forma,19.46856039220872,True
Chi-cuadrado,TIP_VIV_ENC_Casa,REG_VIV_ENC_Sana_posesión_título,4.962399578840432,True
Chi-cuadrado,TIP_VIV_ENC_Casa,REG_VIV_ENC_arriendo_subarriendo,650.5060710509425,True
Chi-cuadrado,TIP_VIV_ENC_Casa,REG_VIV_ENC_usufructo,89.0330079492033,True
Chi-cuadrado,TIP_VIV_ENC_Casa,OCU_ECO_ENC_Desocupados,0.13205587677685302,False
Chi-cuadrado,TIP_VIV_ENC_Casa,OCU_ECO_ENC_Ocupados_Informal,0.10329662221541414,False
Chi-cuadrado,TIP_VIV_ENC_Casa,NUM_HIJOS_NOR,61.084279922679045,True
Chi-cuadrado,TIP_VIV_ENC_Casa,DES_BIE_ENC,49.52058450482458,True
Chi-cuadrado,TIP_VIV_ENC_Casa_Lote,TIP_VIV_ENC_Finca,13.624109061586536,True
Chi-cuadrado,TIP_VIV_ENC_Casa_Lote,TIP_VIV_ENC_Habitacion,26.08064760228506,True
Chi-cuadrado,TIP_VIV_ENC_Casa_Lote,TIP_VIV_ENC_Otro,4.233635745593796,True
Chi-cuadrado,TIP_VIV_ENC_Casa_Lote,TIP_VIV_ENC_Rancho,10.280698857867305,True
Chi-cuadrado,TIP_VIV_ENC_Casa_Lote,TIP_VIV_ENC_Vivienda indigena,1.7117989954783952,False
Chi-cuadrado,TIP_VIV_ENC_Casa_Lote,REG_VIV_ENC_Familiar,36.450446498025784,True
Chi-cuadrado,TIP_VIV_ENC_Casa_Lote,REG_VIV_ENC_No_Registra,0.0,False
Chi-cuadrado,TIP_VIV_ENC_Casa_Lote,REG_VIV_ENC_Otra_forma,15.381499024596728,True
Chi-cuadrado,TIP_VIV_ENC_Casa_Lote,REG_VIV_ENC_Sana_posesión_título,0.45916798456994046,False
Chi-cuadrado,TIP_VIV_ENC_Casa_Lote,REG_VIV_ENC_arriendo_subarriendo,70.27345390391511,True
Chi-cuadrado,TIP_VIV_ENC_Casa_Lote,REG_VIV_ENC_usufructo,67.65143385553701,True
Chi-cuadrado,TIP_VIV_ENC_Casa_Lote,OCU_ECO_ENC_Desocupados,1.2629610988408628,False
Chi-cuadrado,TIP_VIV_ENC_Casa_Lote,OCU_ECO_ENC_Ocupados_Informal,3.033056507005673,False
Chi-cuadrado,TIP_VIV_ENC_Casa_Lote,NUM_HIJOS_NOR,24.643615685240633,True
Chi-cuadrado,TIP_VIV_ENC_Casa_Lote,DES_BIE_ENC,8.152366763502444,True
Chi-cuadrado,TIP_VIV_ENC_Finca,TIP_VIV_ENC_Habitacion,39.07982840107166,True
Chi-cuadrado,TIP_VIV_ENC_Finca,TIP_VIV_ENC_Otro,6.706922090859034,True
Chi-cuadrado,TIP_VIV_ENC_Finca,TIP_VIV_ENC_Rancho,15.679940539621295,True
Chi-cuadrado,TIP_VIV_ENC_Finca,TIP_VIV_ENC_Vivienda indigena,2.935096779118803,False
Chi-cuadrado,TIP_VIV_ENC_Finca,REG_VIV_ENC_Familiar,62.453160985247706,True
Chi-cuadrado,TIP_VIV_ENC_Finca,REG_VIV_ENC_No_Registra,0.0,False
Chi-cuadrado,TIP_VIV_ENC_Finca,REG_VIV_ENC_Otra_forma,23.236533145114496,True
Chi-cuadrado,TIP_VIV_ENC_Finca,REG_VIV_ENC_Sana_posesión_título,0.9975245268244834,False
Chi-cuadrado,TIP_VIV_ENC_Finca,REG_VIV_ENC_arriendo_subarriendo,242.8245979444359,True
Chi-cuadrado,TIP_VIV_ENC_Finca,REG_VIV_ENC_usufructo,903.7917662457982,True
Chi-cuadrado,TIP_VIV_ENC_Finca,OCU_ECO_ENC_Desocupados,9.142157028403163,True
Chi-cuadrado,TIP_VIV_ENC_Finca,OCU_ECO_ENC_Ocupados_Informal,1.3563978471581188,False
Chi-cuadrado,TIP_VIV_ENC_Finca,NUM_HIJOS_NOR,6.196146447886929,False
Chi-cuadrado,TIP_VIV_ENC_Finca,DES_BIE_ENC,6.477529530635916,True
Chi-cuadrado,TIP_VIV_ENC_Habitacion,TIP_VIV_ENC_Otro,13.238863416609476,True
Chi-cuadrado,TIP_VIV_ENC_Habitacion,TIP_VIV_ENC_Rancho,29.89392982784889,True
Chi-cuadrado,TIP_VIV_ENC_Habitacion,TIP_VIV_ENC_Vivienda indigena,6.204532951617987,True
Chi-cuadrado,TIP_VIV_ENC_Habitacion,REG_VIV_ENC_Familiar,3.127538841754275,False
Chi-cuadrado,TIP_VIV_ENC_Habitacion,REG_VIV_ENC_No_Registra,0.0,False
Chi-cuadrado,TIP_VIV_ENC_Habitacion,REG_VIV_ENC_Otra_forma,2.7861101270666175,False
Chi-cuadrado,TIP_VIV_ENC_Habitacion,REG_VIV_ENC_Sana_posesión_título,0.0157293552435695,False
Chi-cuadrado,TIP_VIV_ENC_Habitacion,REG_VIV_ENC_arriendo_subarriendo,317.1909466485831,True
Chi-cuadrado,TIP_VIV_ENC_Habitacion,REG_VIV_ENC_usufructo,6.85934568826483,True
Chi-cuadrado,TIP_VIV_ENC_Habitacion,OCU_ECO_ENC_Desocupados,0.35016006005149364,False
Chi-cuadrado,TIP_VIV_ENC_Habitacion,OCU_ECO_ENC_Ocupados_Informal,0.8835103687944035,False
Chi-cuadrado,TIP_VIV_ENC_Habitacion,NUM_HIJOS_NOR,192.3299410259491,True
Chi-cuadrado,TIP_VIV_ENC_Habitacion,DES_BIE_ENC,3.374557991339269,False
Chi-cuadrado,TIP_VIV_ENC_Otro,TIP_VIV_ENC_Rancho,4.957839336179001,True
Chi-cuadrado,TIP_VIV_ENC_Otro,TIP_VIV_ENC_Vivienda indigena,0.558284452022267,False
Chi-cuadrado,TIP_VIV_ENC_Otro,REG_VIV_ENC_Familiar,1.4086340099400483,False
Chi-cuadrado,TIP_VIV_ENC_Otro,REG_VIV_ENC_No_Registra,0.0,False
Chi-cuadrado,TIP_VIV_ENC_Otro,REG_VIV_ENC_Otra_forma,406.2715551029965,True
Chi-cuadrado,TIP_VIV_ENC_Otro,REG_VIV_ENC_Sana_posesión_título,0.0,False
Chi-cuadrado,TIP_VIV_ENC_Otro,REG_VIV_ENC_arriendo_subarriendo,87.06853510478308,True
Chi-cuadrado,TIP_VIV_ENC_Otro,REG_VIV_ENC_usufructo,0.0,False
Chi-cuadrado,TIP_VIV_ENC_Otro,OCU_ECO_ENC_Desocupados,0.10075318108607702,False
Chi-cuadrado,TIP_VIV_ENC_Otro,OCU_ECO_ENC_Ocupados_Informal,10.651441739796379,True
Chi-cuadrado,TIP_VIV_ENC_Otro,NUM_HIJOS_NOR,87.01902856488547,True
Chi-cuadrado,TIP_VIV_ENC_Otro,DES_BIE_ENC,7.193385914403086,True
Chi-cuadrado,TIP_VIV_ENC_Rancho,TIP_VIV_ENC_Vivienda indigena,2.067974510800477,False
Chi-cuadrado,TIP_VIV_ENC_Rancho,REG_VIV_ENC_Familiar,0.0,False
Chi-cuadrado,TIP_VIV_ENC_Rancho,REG_VIV_ENC_No_Registra,0.0,False
Chi-cuadrado,TIP_VIV_ENC_Rancho,REG_VIV_ENC_Otra_forma,17.685470737238056,True
Chi-cuadrado,TIP_VIV_ENC_Rancho,REG_VIV_ENC_Sana_posesión_título,0.6115630272465215,False
Chi-cuadrado,TIP_VIV_ENC_Rancho,REG_VIV_ENC_arriendo_subarriendo,105.56085810843823,True
Chi-cuadrado,TIP_VIV_ENC_Rancho,REG_VIV_ENC_usufructo,200.07209194070523,True
Chi-cuadrado,TIP_VIV_ENC_Rancho,OCU_ECO_ENC_Desocupados,53.62353624472372,True
Chi-cuadrado,TIP_VIV_ENC_Rancho,OCU_ECO_ENC_Ocupados_Informal,24.26698895503848,True
Chi-cuadrado,TIP_VIV_ENC_Rancho,NUM_HIJOS_NOR,37.92348869819791,True
Chi-cuadrado,TIP_VIV_ENC_Rancho,DES_BIE_ENC,2.989967248264704,False
Chi-cuadrado,TIP_VIV_ENC_Vivienda indigena,REG_VIV_ENC_Familiar,0.0,False
Chi-cuadrado,TIP_VIV_ENC_Vivienda indigena,REG_VIV_ENC_No_Registra,0.0,False
Chi-cuadrado,TIP_VIV_ENC_Vivienda indigena,REG_VIV_ENC_Otra_forma,536.744125230987,True
Chi-cuadrado,TIP_VIV_ENC_Vivienda indigena,REG_VIV_ENC_Sana_posesión_título,13.963607302576785,True
Chi-cuadrado,TIP_VIV_ENC_Vivienda indigena,REG_VIV_ENC_arriendo_subarriendo,60.881615001687976,True
Chi-cuadrado,TIP_VIV_ENC_Vivienda indigena,REG_VIV_ENC_usufructo,3.359895768121356,False
Chi-cuadrado,TIP_VIV_ENC_Vivienda indigena,OCU_ECO_ENC_Desocupados,1.5122815947019776,False
Chi-cuadrado,TIP_VIV_ENC_Vivienda indigena,OCU_ECO_ENC_Ocupados_Informal,0.0,False
Chi-cuadrado,TIP_VIV_ENC_Vivienda indigena,NUM_HIJOS_NOR,50.12937365824679,True
Chi-cuadrado,TIP_VIV_ENC_Vivienda indigena,DES_BIE_ENC,17.048054175964094,True
Chi-cuadrado,REG_VIV_ENC_Familiar,REG_VIV_ENC_No_Registra,0.0,False
Chi-cuadrado,REG_VIV_ENC_Familiar,REG_VIV_ENC_Otra_forma,6.287357337121926,True
Chi-cuadrado,REG_VIV_ENC_Familiar,REG_VIV_ENC_Sana_posesión_título,0.006764518656497638,False
Chi-cuadrado,REG_VIV_ENC_Familiar,REG_VIV_ENC_arriendo_subarriendo,152.941652645042,True
Chi-cuadrado,REG_VIV_ENC_Familiar,REG_VIV_ENC_usufructo,6.230108293764044,True
Chi-cuadrado,REG_VIV_ENC_Familiar,OCU_ECO_ENC_Desocupados,0.025452103231305496,False
Chi-cuadrado,REG_VIV_ENC_Familiar,OCU_ECO_ENC_Ocupados_Informal,0.0,False
Chi-cuadrado,REG_VIV_ENC_Familiar,NUM_HIJOS_NOR,24.63328667328235,True
Chi-cuadrado,REG_VIV_ENC_Familiar,DES_BIE_ENC,3.0190369768934158,False
Chi-cuadrado,REG_VIV_ENC_No_Registra,REG_VIV_ENC_Otra_forma,0.0,False
Chi-cuadrado,REG_VIV_ENC_No_Registra,REG_VIV_ENC_Sana_posesión_título,0.0,False
Chi-cuadrado,REG_VIV_ENC_No_Registra,REG_VIV_ENC_arriendo_subarriendo,0.0,False
Chi-cuadrado,REG_VIV_ENC_No_Registra,REG_VIV_ENC_usufructo,0.0,False
Chi-cuadrado,REG_VIV_ENC_No_Registra,OCU_ECO_ENC_Desocupados,0.0,False
Chi-cuadrado,REG_VIV_ENC_No_Registra,OCU_ECO_ENC_Ocupados_Informal,0.0,False
Chi-cuadrado,REG_VIV_ENC_No_Registra,NUM_HIJOS_NOR,3.8856231365600484,False
Chi-cuadrado,REG_VIV_ENC_No_Registra,DES_BIE_ENC,0.6562726709192274,False
Chi-cuadrado,REG_VIV_ENC_Otra_forma,REG_VIV_ENC_Sana_posesión_título,1.206753144416819,False
Chi-cuadrado,REG_VIV_ENC_Otra_forma,REG_VIV_ENC_arriendo_subarriendo,575.3443929206863,True
Chi-cuadrado,REG_VIV_ENC_Otra_forma,REG_VIV_ENC_usufructo,25.938116860047934,True
Chi-cuadrado,REG_VIV_ENC_Otra_forma,OCU_ECO_ENC_Desocupados,0.46915714018285365,False
Chi-cuadrado,REG_VIV_ENC_Otra_forma,OCU_ECO_ENC_Ocupados_Informal,2.6848737637095654,False
Chi-cuadrado,REG_VIV_ENC_Otra_forma,NUM_HIJOS_NOR,122.77571362820859,True
Chi-cuadrado,REG_VIV_ENC_Otra_forma,DES_BIE_ENC,59.13200004668946,True
Chi-cuadrado,REG_VIV_ENC_Sana_posesión_título,REG_VIV_ENC_arriendo_subarriendo,43.15539528426145,True
Chi-cuadrado,REG_VIV_ENC_Sana_posesión_título,REG_VIV_ENC_usufructo,1.191204263596066,False
Chi-cuadrado,REG_VIV_ENC_Sana_posesión_título,OCU_ECO_ENC_Desocupados,1.4966716375125477,False
Chi-cuadrado,REG_VIV_ENC_Sana_posesión_título,OCU_ECO_ENC_Ocupados_Informal,0.19510187825467198,False
Chi-cuadrado,REG_VIV_ENC_Sana_posesión_título,NUM_HIJOS_NOR,4.268713963697468,False
Chi-cuadrado,REG_VIV_ENC_Sana_posesión_título,DES_BIE_ENC,2.339267618147565,False
Chi-cuadrado,REG_VIV_ENC_arriendo_subarriendo,REG_VIV_ENC_usufructo,570.7709239594767,True
Chi-cuadrado,REG_VIV_ENC_arriendo_subarriendo,OCU_ECO_ENC_Desocupados,0.43388278423994175,False
Chi-cuadrado,REG_VIV_ENC_arriendo_subarriendo,OCU_ECO_ENC_Ocupados_Informal,37.85936133171718,True
Chi-cuadrado,REG_VIV_ENC_arriendo_subarriendo,NUM_HIJOS_NOR,78.85677830661476,True
Chi-cuadrado,REG_VIV_ENC_arriendo_subarriendo,DES_BIE_ENC,134.85189636182977,True
Chi-cuadrado,REG_VIV_ENC_usufructo,OCU_ECO_ENC_Desocupados,5.354255131076712,True
Chi-cuadrado,REG_VIV_ENC_usufructo,OCU_ECO_ENC_Ocupados_Informal,3.7905775418316563,False
Chi-cuadrado,REG_VIV_ENC_usufructo,NUM_HIJOS_NOR,11.919093726756739,False
Chi-cuadrado,REG_VIV_ENC_usufructo,DES_BIE_ENC,9.45145830144764,True
Chi-cuadrado,OCU_ECO_ENC_Desocupados,OCU_ECO_ENC_Ocupados_Informal,6199.81135777581,True
Chi-cuadrado,OCU_ECO_ENC_Desocupados,NUM_HIJOS_NOR,2.746276968291342,False
Chi-cuadrado,OCU_ECO_ENC_Desocupados,DES_BIE_ENC,30.17420200284261,True
Chi-cuadrado,OCU_ECO_ENC_Ocupados_Informal,NUM_HIJOS_NOR,14.748384108763299,False
Chi-cuadrado,OCU_ECO_ENC_Ocupados_Informal,DES_BIE_ENC,3.0996721120677604,False
Chi-cuadrado,NUM_HIJOS_NOR,DES_BIE_ENC,138.59243657382956,True
Mutual Information,DEP_RES_ENC,POS_CON_ENC,0.007365342638744688,False
Mutual Information,DEP_RES_ENC,BEN_TRV_ENC,0.014675145452795104,False
Mutual Information,DEP_RES_ENC,BEN_FA_ENC,0.0010346019357209623,False
Mutual Information,DEP_RES_ENC,BEN_FPT_ENC,0.0016534134223653214,False
Mutual Information,DEP_RES_ENC,BEN_PDT_ENC,0.014755739765372918,False
Mutual Information,DEP_RES_ENC,POS_SPU_ENC,0.05836115823004982,False
Mutual Information,DEP_RES_ENC,REG_SAL_ENC,0.045791037339667495,False
Mutual Information,DEP_RES_ENC,SEXO_ENC,0.016208779355622666,False
Mutual Information,DEP_RES_ENC,NIV_EDU_ENC,0.023171070545956903,False
Mutual Information,DEP_RES_ENC,POS_SSO_ENC,0.004820044112325788,False
Mutual Information,DEP_RES_ENC,GRUPO_ETAR_ENC_Entre 18 y 25 años,0.001775618085014766,False
Mutual Information,DEP_RES_ENC,GRUPO_ETAR_ENC_Entre 26 y 40 años,0.021501805309420564,False
Mutual Information,DEP_RES_ENC,GRUPO_ETAR_ENC_Entre 41 y 60 años,0.019174941662786195,False
Mutual Information,DEP_RES_ENC,GRUPO_ETAR_ENC_Mayor de 60 años,0.0031097807327472417,False
Mutual Information,DEP_RES_ENC,EX_GRUPO_ENC_AUC,0.16431172362121552,False
Mutual Information,DEP_RES_ENC,EX_GRUPO_ENC_ELN,0.01522560950963486,False
Mutual Information,DEP_RES_ENC,EX_GRUPO_ENC_EPL,0.001884343453672448,False
Mutual Information,DEP_RES_ENC,EX_GRUPO_ENC_ERG,0.004786338744464776,False
Mutual Information,DEP_RES_ENC,EX_GRUPO_ENC_ERP,0.0045889284311409866,False
Mutual Information,DEP_RES_ENC,EX_GRUPO_ENC_FARC,0.16634951209379992,False
Mutual Information,DEP_RES_ENC,TIP_VIV_ENC_Apartamento,0.034336754471093994,False
Mutual Information,DEP_RES_ENC,TIP_VIV_ENC_Casa,0.01844951630868621,False
Mutual Information,DEP_RES_ENC,TIP_VIV_ENC_Casa_Lote,0.006279495057503115,False
Mutual Information,DEP_RES_ENC,TIP_VIV_ENC_Finca,0.009996652925254167,False
Mutual Information,DEP_RES_ENC,TIP_VIV_ENC_Habitacion,0.00603511349308905,False
Mutual Information,DEP_RES_ENC,TIP_VIV_ENC_Otro,0.0018901974671402567,False
Mutual Information,DEP_RES_ENC,TIP_VIV_ENC_Rancho,0.007819223448274085,False
Mutual Information,DEP_RES_ENC,TIP_VIV_ENC_Vivienda indigena,0.007814651913404743,False
Mutual Information,DEP_RES_ENC,REG_VIV_ENC_Familiar,0.003279338869833162,False
Mutual Information,DEP_RES_ENC,REG_VIV_ENC_No_Registra,9.058745210120851e-05,False
Mutual Information,DEP_RES_ENC,REG_VIV_ENC_Otra_forma,0.012013682115905939,False
Mutual Information,DEP_RES_ENC,REG_VIV_ENC_Sana_posesión_título,0.0021895988550167827,False
Mutual Information,DEP_RES_ENC,REG_VIV_ENC_arriendo_subarriendo,0.04200832544094332,False
Mutual Information,DEP_RES_ENC,REG_VIV_ENC_usufructo,0.0062261044242051585,False
Mutual Information,DEP_RES_ENC,OCU_ECO_ENC_Desocupados,0.005962657801220925,False
Mutual Information,DEP_RES_ENC,OCU_ECO_ENC_Ocupados_Informal,0.003568552460770551,False
Mutual Information,DEP_RES_ENC,NUM_HIJOS_NOR,0.01794403728047174,False
Mutual Information,DEP_RES_ENC,DES_BIE_ENC,0.05133598058310889,False
Mutual Information,MUN_RES_ENC,POS_CON_ENC,0.01268638880367963,False
Mutual Information,MUN_RES_ENC,BEN_TRV_ENC,0.012690866358711923,False
Mutual Information,MUN_RES_ENC,BEN_FA_ENC,0.002749106375045217,False
Mutual Information,MUN_RES_ENC,BEN_FPT_ENC,0.0022021046887791963,False
Mutual Information,MUN_RES_ENC,BEN_PDT_ENC,0.01289797207375723,False
Mutual Information,MUN_RES_ENC,POS_SPU_ENC,0.08928568327601469,False
Mutual Information,MUN_RES_ENC,REG_SAL_ENC,0.05977233632899551,False
Mutual Information,MUN_RES_ENC,SEXO_ENC,0.016685116845294903,False
Mutual Information,MUN_RES_ENC,NIV_EDU_ENC,0.034302110326196275,False
Mutual Information,MUN_RES_ENC,POS_SSO_ENC,0.009357023570551098,False
Mutual Information,MUN_RES_ENC,GRUPO_ETAR_ENC_Entre 18 y 25 años,0.002275708292660031,False
Mutual Information,MUN_RES_ENC,GRUPO_ETAR_ENC_Entre 26 y 40 años,0.0205741751669895,False
Mutual Information,MUN_RES_ENC,GRUPO_ETAR_ENC_Entre 41 y 60 años,0.0169968654045557,False
Mutual Information,MUN_RES_ENC,GRUPO_ETAR_ENC_Mayor de 60 años,0.00680681528041637,False
Mutual Information,MUN_RES_ENC,EX_GRUPO_ENC_AUC,0.14728455477970837,False
Mutual Information,MUN_RES_ENC,EX_GRUPO_ENC_ELN,0.0193815877931591,False
Mutual Information,MUN_RES_ENC,EX_GRUPO_ENC_EPL,0.0024963416838537675,False
Mutual Information,MUN_RES_ENC,EX_GRUPO_ENC_ERG,0.00495859761448503,False
Mutual Information,MUN_RES_ENC,EX_GRUPO_ENC_ERP,0.0052804471777629005,False
Mutual Information,MUN_RES_ENC,EX_GRUPO_ENC_FARC,0.13632722432658625,False
Mutual Information,MUN_RES_ENC,TIP_VIV_ENC_Apartamento,0.050254944918810426,False
Mutual Information,MUN_RES_ENC,TIP_VIV_ENC_Casa,0.027213155427403896,False
Mutual Information,MUN_RES_ENC,TIP_VIV_ENC_Casa_Lote,0.010068599780005374,False
Mutual Information,MUN_RES_ENC,TIP_VIV_ENC_Finca,0.020223096085219,False
Mutual Information,MUN_RES_ENC,TIP_VIV_ENC_Habitacion,0.008714201862518332,False
Mutual Information,MUN_RES_ENC,TIP_VIV_ENC_Otro,0.004904658245444494,False
Mutual Information,MUN_RES_ENC,TIP_VIV_ENC_Rancho,0.00979514195069282,False
Mutual Information,MUN_RES_ENC,TIP_VIV_ENC_Vivienda indigena,0.00984134294369187,False
Mutual Information,MUN_RES_ENC,REG_VIV_ENC_Familiar,0.005127816799285177,False
Mutual Information,MUN_RES_ENC,REG_VIV_ENC_No_Registra,0.00014577759349440123,False
Mutual Information,MUN_RES_ENC,REG_VIV_ENC_Otra_forma,0.013856385241691816,False
Mutual Information,MUN_RES_ENC,REG_VIV_ENC_Sana_posesión_título,0.0034872245714665925,False
Mutual Information,MUN_RES_ENC,REG_VIV_ENC_arriendo_subarriendo,0.047797546503692,False
Mutual Information,MUN_RES_ENC,REG_VIV_ENC_usufructo,0.011257987812015691,False
Mutual Information,MUN_RES_ENC,OCU_ECO_ENC_Desocupados,0.009896931597414317,False
Mutual Information,MUN_RES_ENC,OCU_ECO_ENC_Ocupados_Informal,0.007051759054715017,False
Mutual Information,MUN_RES_ENC,NUM_HIJOS_NOR,0.03710721455142424,False
Mutual Information,MUN_RES_ENC,DES_BIE_ENC,0.0499707860023094,False
Mutual Information,AÑO_ING_NOR,POS_CON_ENC,0.0013672367441367372,False
Mutual Information,AÑO_ING_NOR,BEN_TRV_ENC,0.087784034447665,False
Mutual Information,AÑO_ING_NOR,BEN_FA_ENC,0.005755922090070182,False
Mutual Information,AÑO_ING_NOR,BEN_FPT_ENC,0.004667128274133422,False
Mutual Information,AÑO_ING_NOR,BEN_PDT_ENC,0.08884813929795876,False
Mutual Information,AÑO_ING_NOR,POS_SPU_ENC,0.004236465731335393,False
Mutual Information,AÑO_ING_NOR,REG_SAL_ENC,0.002916431286026383,False
Mutual Information,AÑO_ING_NOR,SEXO_ENC,0.027978046293055066,False
Mutual Information,AÑO_ING_NOR,NIV_EDU_ENC,0.007710487952161503,False
Mutual Information,AÑO_ING_NOR,POS_SSO_ENC,0.029160754827180804,False
Mutual Information,AÑO_ING_NOR,GRUPO_ETAR_ENC_Entre 18 y 25 años,0.005256462084478123,False
Mutual Information,AÑO_ING_NOR,GRUPO_ETAR_ENC_Entre 26 y 40 años,0.04621452424890672,False
Mutual Information,AÑO_ING_NOR,GRUPO_ETAR_ENC_Entre 41 y 60 años,0.0416397407511479,False
Mutual Information,AÑO_ING_NOR,GRUPO_ETAR_ENC_Mayor de 60 años,0.0026580968034734887,False
Mutual Information,AÑO_ING_NOR,EX_GRUPO_ENC_AUC,0.3809480456004503,True
Mutual Information,AÑO_ING_NOR,EX_GRUPO_ENC_ELN,0.027208833779399734,False
Mutual Information,AÑO_ING_NOR,EX_GRUPO_ENC_EPL,0.0012264887495790485,False
Mutual Information,AÑO_ING_NOR,EX_GRUPO_ENC_ERG,0.003725782695401174,False
Mutual Information,AÑO_ING_NOR,EX_GRUPO_ENC_ERP,0.006191592689368196,False
Mutual Information,AÑO_ING_NOR,EX_GRUPO_ENC_FARC,0.2818453934437535,False
Mutual Information,AÑO_ING_NOR,TIP_VIV_ENC_Apartamento,0.002111154552211462,False
Mutual Information,AÑO_ING_NOR,TIP_VIV_ENC_Casa,0.0017600997282435165,False
Mutual Information,AÑO_ING_NOR,TIP_VIV_ENC_Casa_Lote,0.0024615809839166163,False
Mutual Information,AÑO_ING_NOR,TIP_VIV_ENC_Finca,0.004981450362238577,False
Mutual Information,AÑO_ING_NOR,TIP_VIV_ENC_Habitacion,0.0005085962811563267,False
Mutual Information,AÑO_ING_NOR,TIP_VIV_ENC_Otro,0.0008528685810848911,False
Mutual Information,AÑO_ING_NOR,TIP_VIV_ENC_Rancho,0.0032176938042559914,False
Mutual Information,AÑO_ING_NOR,TIP_VIV_ENC_Vivienda indigena,0.002134196605170606,False
Mutual Information,AÑO_ING_NOR,REG_VIV_ENC_Familiar,0.0013184335854226755,False
Mutual Information,AÑO_ING_NOR,REG_VIV_ENC_No_Registra,9.742848054550789e-05,False
Mutual Information,AÑO_ING_NOR,REG_VIV_ENC_Otra_forma,0.0014696058951403225,False
Mutual Information,AÑO_ING_NOR,REG_VIV_ENC_Sana_posesión_título,0.0006942307923702448,False
Mutual Information,AÑO_ING_NOR,REG_VIV_ENC_arriendo_subarriendo,0.003950232460463143,False
Mutual Information,AÑO_ING_NOR,REG_VIV_ENC_usufructo,0.004341565450656177,False
Mutual Information,AÑO_ING_NOR,OCU_ECO_ENC_Desocupados,0.001990843929311246,False
Mutual Information,AÑO_ING_NOR,OCU_ECO_ENC_Ocupados_Informal,0.000738097495840626,False
Mutual Information,AÑO_ING_NOR,NUM_HIJOS_NOR,0.011170614436410617,False
Mutual Information,AÑO_ING_NOR,DES_BIE_ENC,0.015094103633060107,False
Mutual Information,POS_CON_ENC,BEN_TRV_ENC,0.0007322237233607642,False
Mutual Information,POS_CON_ENC,BEN_FA_ENC,2.1233281858331655e-05,False
Mutual Information,POS_CON_ENC,BEN_FPT_ENC,1.8811560816012207e-11,False
Mutual Information,POS_CON_ENC,BEN_PDT_ENC,0.0007745379278249476,False
Mutual Information,POS_CON_ENC,POS_SPU_ENC,0.0013412668778877146,False
Mutual Information,POS_CON_ENC,REG_SAL_ENC,0.0007737856234424356,False
Mutual Information,POS_CON_ENC,SEXO_ENC,0.010408563978748397,False
Mutual Information,POS_CON_ENC,NIV_EDU_ENC,0.0009959294909194782,False
Mutual Information,POS_CON_ENC,POS_SSO_ENC,0.0003305195506725098,False
Mutual Information,POS_CON_ENC,GRUPO_ETAR_ENC_Entre 18 y 25 años,1.4400783515961663e-06,False
Mutual Information,POS_CON_ENC,GRUPO_ETAR_ENC_Entre 26 y 40 años,0.00022018560522968356,False
Mutual Information,POS_CON_ENC,GRUPO_ETAR_ENC_Entre 41 y 60 años,0.0005661444755669098,False
Mutual Information,POS_CON_ENC,GRUPO_ETAR_ENC_Mayor de 60 años,0.0005419970288996767,False
Mutual Information,POS_CON_ENC,EX_GRUPO_ENC_AUC,0.0005280156351298304,False
Mutual Information,POS_CON_ENC,EX_GRUPO_ENC_ELN,3.0330836242389858e-05,False
Mutual Information,POS_CON_ENC,EX_GRUPO_ENC_EPL,1.8811560816012207e-11,False
Mutual Information,POS_CON_ENC,EX_GRUPO_ENC_ERG,0.00012258110701216397,False
Mutual Information,POS_CON_ENC,EX_GRUPO_ENC_ERP,5.851003236400504e-05,False
Mutual Information,POS_CON_ENC,EX_GRUPO_ENC_FARC,0.0004424484776614501,False
Mutual Information,POS_CON_ENC,TIP_VIV_ENC_Apartamento,2.0206965483660078e-06,False
Mutual Information,POS_CON_ENC,TIP_VIV_ENC_Casa,0.0008214607056590273,False
Mutual Information,POS_CON_ENC,TIP_VIV_ENC_Casa_Lote,0.0004191698752053566,False
Mutual Information,POS_CON_ENC,TIP_VIV_ENC_Finca,3.6793707262894326e-07,False
Mutual Information,POS_CON_ENC,TIP_VIV_ENC_Habitacion,0.006285636043500881,False
Mutual Information,POS_CON_ENC,TIP_VIV_ENC_Otro,9.219756817031508e-05,False
Mutual Information,POS_CON_ENC,TIP_VIV_ENC_Rancho,0.00029587538931093865,False
Mutual Information,POS_CON_ENC,TIP_VIV_ENC_Vivienda indigena,0.0003290665182277587,False
Mutual Information,POS_CON_ENC,REG_VIV_ENC_Familiar,0.00013581188454547463,False
Mutual Information,POS_CON_ENC,REG_VIV_ENC_No_Registra,3.3912449383356356e-05,False
Mutual Information,POS_CON_ENC,REG_VIV_ENC_Otra_forma,0.0002834834481304019,False
Mutual Information,POS_CON_ENC,REG_VIV_ENC_Sana_posesión_título,3.0255943766099858e-05,False
Mutual Information,POS_CON_ENC,REG_VIV_ENC_arriendo_subarriendo,0.00041778008241233344,False
Mutual Information,POS_CON_ENC,REG_VIV_ENC_usufructo,5.1137819325891565e-05,False
Mutual Information,POS_CON_ENC,OCU_ECO_ENC_Desocupados,0.000995685998226914,False
Mutual Information,POS_CON_ENC,OCU_ECO_ENC_Ocupados_Informal,0.001956318041924282,False
Mutual Information,POS_CON_ENC,NUM_HIJOS_NOR,0.12370915510675347,False
Mutual Information,POS_CON_ENC,DES_BIE_ENC,0.001398069405722957,False
Mutual Information,BEN_TRV_ENC,POS_CON_ENC,0.0007322237233607642,False
Mutual Information,BEN_TRV_ENC,BEN_FA_ENC,0.005609931131327125,False
Mutual Information,BEN_TRV_ENC,BEN_FPT_ENC,0.0045187063220562,False
Mutual Information,BEN_TRV_ENC,BEN_PDT_ENC,0.18068048164041844,True
Mutual Information,BEN_TRV_ENC,POS_SPU_ENC,6.020592713908146e-05,False
Mutual Information,BEN_TRV_ENC,REG_SAL_ENC,0.0005339712486761017,False
Mutual Information,BEN_TRV_ENC,SEXO_ENC,0.00018001043361320912,False
Mutual Information,BEN_TRV_ENC,NIV_EDU_ENC,3.621655146626712e-06,False
Mutual Information,BEN_TRV_ENC,POS_SSO_ENC,0.027302787274512144,False
Mutual Information,BEN_TRV_ENC,GRUPO_ETAR_ENC_Entre 18 y 25 años,0.0030615588645144186,False
Mutual Information,BEN_TRV_ENC,GRUPO_ETAR_ENC_Entre 26 y 40 años,0.0027130117459831654,False
Mutual Information,BEN_TRV_ENC,GRUPO_ETAR_ENC_Entre 41 y 60 años,0.0028549715522865754,False
Mutual Information,BEN_TRV_ENC,GRUPO_ETAR_ENC_Mayor de 60 años,0.00034319523574095987,False
Mutual Information,BEN_TRV_ENC,EX_GRUPO_ENC_AUC,0.009624863667227555,False
Mutual Information,BEN_TRV_ENC,EX_GRUPO_ENC_ELN,0.0009153211966391427,False
Mutual Information,BEN_TRV_ENC,EX_GRUPO_ENC_EPL,0.00013484813913486717,False
Mutual Information,BEN_TRV_ENC,EX_GRUPO_ENC_ERG,1.1773107722876704e-05,False
Mutual Information,BEN_TRV_ENC,EX_GRUPO_ENC_ERP,5.4917435199618994e-05,False
Mutual Information,BEN_TRV_ENC,EX_GRUPO_ENC_FARC,0.006940626539705147,False
Mutual Information,BEN_TRV_ENC,TIP_VIV_ENC_Apartamento,6.770037786485439e-07,False
Mutual Information,BEN_TRV_ENC,TIP_VIV_ENC_Casa,0.00016972006609885376,False
Mutual Information,BEN_TRV_ENC,TIP_VIV_ENC_Casa_Lote,0.0008928199145757493,False
Mutual Information,BEN_TRV_ENC,TIP_VIV_ENC_Finca,0.0016569712690162053,False
Mutual Information,BEN_TRV_ENC,TIP_VIV_ENC_Habitacion,0.00026631405337928377,False
Mutual Information,BEN_TRV_ENC,TIP_VIV_ENC_Otro,3.785049668310336e-08,False
Mutual Information,BEN_TRV_ENC,TIP_VIV_ENC_Rancho,0.0010413704618882562,False
Mutual Information,BEN_TRV_ENC,TIP_VIV_ENC_Vivienda indigena,0.0004802008692265094,False
Mutual Information,BEN_TRV_ENC,REG_VIV_ENC_Familiar,0.00031777582394513506,False
Mutual Information,BEN_TRV_ENC,REG_VIV_ENC_No_Registra,2.768133007067272e-06,False
Mutual Information,BEN_TRV_ENC,REG_VIV_ENC_Otra_forma,0.00015128824524251148,False
Mutual Information,BEN_TRV_ENC,REG_VIV_ENC_Sana_posesión_título,2.555498314215504e-05,False
Mutual Information,BEN_TRV_ENC,REG_VIV_ENC_arriendo_subarriendo,6.817294972086274e-05,False
Mutual Information,BEN_TRV_ENC,REG_VIV_ENC_usufructo,0.001838079980183524,False
Mutual Information,BEN_TRV_ENC,OCU_ECO_ENC_Desocupados,0.00031352153999766527,False
Mutual Information,BEN_TRV_ENC,OCU_ECO_ENC_Ocupados_Informal,0.00043650185282033405,False
Mutual Information,BEN_TRV_ENC,NUM_HIJOS_NOR,0.0013762431470698072,False
Mutual Information,BEN_TRV_ENC,DES_BIE_ENC,0.0019100667828393439,False
Mutual Information,BEN_FA_ENC,POS_CON_ENC,2.1233281858331655e-05,False
Mutual Information,BEN_FA_ENC,BEN_TRV_ENC,0.005609931131327125,False
Mutual Information,BEN_FA_ENC,BEN_FPT_ENC,0.001447699245636324,False
Mutual Information,BEN_FA_ENC,BEN_PDT_ENC,0.005552310769467682,False
Mutual Information,BEN_FA_ENC,POS_SPU_ENC,3.854696338135687e-05,False
Mutual Information,BEN_FA_ENC,REG_SAL_ENC,3.401058269518779e-05,False
Mutual Information,BEN_FA_ENC,SEXO_ENC,1.514383585242765e-08,False
Mutual Information,BEN_FA_ENC,NIV_EDU_ENC,0.0005710524458374519,False
Mutual Information,BEN_FA_ENC,POS_SSO_ENC,0.0022374994527377427,False
Mutual Information,BEN_FA_ENC,GRUPO_ETAR_ENC_Entre 18 y 25 años,0.00012484530437984376,False
Mutual Information,BEN_FA_ENC,GRUPO_ETAR_ENC_Entre 26 y 40 años,1.5254485176338477e-05,False
Mutual Information,BEN_FA_ENC,GRUPO_ETAR_ENC_Entre 41 y 60 años,5.35905867591795e-05,False
Mutual Information,BEN_FA_ENC,GRUPO_ETAR_ENC_Mayor de 60 años,1.4130567558683213e-05,False
Mutual Information,BEN_FA_ENC,EX_GRUPO_ENC_AUC,8.856130168833926e-05,False
Mutual Information,BEN_FA_ENC,EX_GRUPO_ENC_ELN,6.239281025583864e-05,False
Mutual Information,BEN_FA_ENC,EX_GRUPO_ENC_EPL,2.656601775694132e-06,False
Mutual Information,BEN_FA_ENC,EX_GRUPO_ENC_ERG,4.039574217631729e-06,False
Mutual Information,BEN_FA_ENC,EX_GRUPO_ENC_ERP,6.915275912186894e-06,False
Mutual Information,BEN_FA_ENC,EX_GRUPO_ENC_FARC,3.327063889669354e-05,False
Mutual Information,BEN_FA_ENC,TIP_VIV_ENC_Apartamento,4.7197581864272383e-05,False
Mutual Information,BEN_FA_ENC,TIP_VIV_ENC_Casa,5.951016410998952e-05,False
Mutual Information,BEN_FA_ENC,TIP_VIV_ENC_Casa_Lote,4.3197298391877206e-05,False
Mutual Information,BEN_FA_ENC,TIP_VIV_ENC_Finca,6.353769527149035e-05,False
Mutual Information,BEN_FA_ENC,TIP_VIV_ENC_Habitacion,1.6412127757481614e-05,False
Mutual Information,BEN_FA_ENC,TIP_VIV_ENC_Otro,2.286743293965221e-05,False
Mutual Information,BEN_FA_ENC,TIP_VIV_ENC_Rancho,4.918821191399192e-05,False
Mutual Information,BEN_FA_ENC,TIP_VIV_ENC_Vivienda indigena,4.869224680025138e-05,False
Mutual Information,BEN_FA_ENC,REG_VIV_ENC_Familiar,1.9322287764161894e-05,False
Mutual Information,BEN_FA_ENC,REG_VIV_ENC_No_Registra,1.0618938288832046e-07,False
Mutual Information,BEN_FA_ENC,REG_VIV_ENC_Otra_forma,0.00012772295228015863,False
Mutual Information,BEN_FA_ENC,REG_VIV_ENC_Sana_posesión_título,5.636623267711582e-06,False
Mutual Information,BEN_FA_ENC,REG_VIV_ENC_arriendo_subarriendo,5.5935046105277594e-06,False
Mutual Information,BEN_FA_ENC,REG_VIV_ENC_usufructo,7.04792340962667e-05,False
Mutual Information,BEN_FA_ENC,OCU_ECO_ENC_Desocupados,3.7122453867226464e-05,False
Mutual Information,BEN_FA_ENC,OCU_ECO_ENC_Ocupados_Informal,0.00011571853644569679,False
Mutual Information,BEN_FA_ENC,NUM_HIJOS_NOR,6.00292769756029e-05,False
Mutual Information,BEN_FA_ENC,DES_BIE_ENC,0.0009272334251154086,False
Mutual Information,BEN_FPT_ENC,POS_CON_ENC,1.8811560816012207e-11,False
Mutual Information,BEN_FPT_ENC,BEN_TRV_ENC,0.0045187063220562,False
Mutual Information,BEN_FPT_ENC,BEN_FA_ENC,0.001447699245636324,False
Mutual Information,BEN_FPT_ENC,BEN_PDT_ENC,0.004472416902373428,False
Mutual Information,BEN_FPT_ENC,POS_SPU_ENC,4.2492963629737514e-05,False
Mutual Information,BEN_FPT_ENC,REG_SAL_ENC,9.344948945291809e-07,False
Mutual Information,BEN_FPT_ENC,SEXO_ENC,5.0400602538761e-06,False
Mutual Information,BEN_FPT_ENC,NIV_EDU_ENC,0.00016417179429558532,False
Mutual Information,BEN_FPT_ENC,POS_SSO_ENC,0.001981710053999449,False
Mutual Information,BEN_FPT_ENC,GRUPO_ETAR_ENC_Entre 18 y 25 años,2.227791088010682e-06,False
Mutual Information,BEN_FPT_ENC,GRUPO_ETAR_ENC_Entre 26 y 40 años,1.2508018231638038e-06,False
Mutual Information,BEN_FPT_ENC,GRUPO_ETAR_ENC_Entre 41 y 60 años,1.1125261801100614e-06,False
Mutual Information,BEN_FPT_ENC,GRUPO_ETAR_ENC_Mayor de 60 años,5.71839963973593e-05,False
Mutual Information,BEN_FPT_ENC,EX_GRUPO_ENC_AUC,4.773467573135175e-05,False
Mutual Information,BEN_FPT_ENC,EX_GRUPO_ENC_ELN,5.059676419100494e-06,False
Mutual Information,BEN_FPT_ENC,EX_GRUPO_ENC_EPL,0.00013940514589190934,False
Mutual Information,BEN_FPT_ENC,EX_GRUPO_ENC_ERG,3.2571480410754916e-06,False
Mutual Information,BEN_FPT_ENC,EX_GRUPO_ENC_ERP,5.575853553338103e-06,False
Mutual Information,BEN_FPT_ENC,EX_GRUPO_ENC_FARC,3.9985634198348545e-05,False
Mutual Information,BEN_FPT_ENC,TIP_VIV_ENC_Apartamento,0.0002692571364760251,False
Mutual Information,BEN_FPT_ENC,TIP_VIV_ENC_Casa,0.00014349034281097885,False
Mutual Information,BEN_FPT_ENC,TIP_VIV_ENC_Casa_Lote,3.4830335805478493e-05,False
Mutual Information,BEN_FPT_ENC,TIP_VIV_ENC_Finca,5.123091303588061e-05,False
Mutual Information,BEN_FPT_ENC,TIP_VIV_ENC_Habitacion,3.8062519936619098e-06,False
Mutual Information,BEN_FPT_ENC,TIP_VIV_ENC_Otro,1.843821703271381e-05,False
Mutual Information,BEN_FPT_ENC,TIP_VIV_ENC_Rancho,3.9660846772317584e-05,False
Mutual Information,BEN_FPT_ENC,TIP_VIV_ENC_Vivienda indigena,5.928001490605565e-05,False
Mutual Information,BEN_FPT_ENC,REG_VIV_ENC_Familiar,1.5579737262334456e-05,False
Mutual Information,BEN_FPT_ENC,REG_VIV_ENC_No_Registra,8.562155042303801e-08,False
Mutual Information,BEN_FPT_ENC,REG_VIV_ENC_Otra_forma,5.164140894520653e-08,False
Mutual Information,BEN_FPT_ENC,REG_VIV_ENC_Sana_posesión_título,4.544863896674238e-06,False
Mutual Information,BEN_FPT_ENC,REG_VIV_ENC_arriendo_subarriendo,5.905010647242696e-05,False
Mutual Information,BEN_FPT_ENC,REG_VIV_ENC_usufructo,5.682790746549225e-05,False
Mutual Information,BEN_FPT_ENC,OCU_ECO_ENC_Desocupados,6.546197004799088e-05,False
Mutual Information,BEN_FPT_ENC,OCU_ECO_ENC_Ocupados_Informal,1.9620805851125554e-05,False
Mutual Information,BEN_FPT_ENC,NUM_HIJOS_NOR,3.254875791846657e-05,False
Mutual Information,BEN_FPT_ENC,DES_BIE_ENC,0.0009940413320176488,False
Mutual Information,BEN_PDT_ENC,POS_CON_ENC,0.0007745379278249476,False
Mutual Information,BEN_PDT_ENC,BEN_TRV_ENC,0.18068048164041844,True
Mutual Information,BEN_PDT_ENC,BEN_FA_ENC,0.005552310769467682,False
Mutual Information,BEN_PDT_ENC,BEN_FPT_ENC,0.004472416902373428,False
Mutual Information,BEN_PDT_ENC,POS_SPU_ENC,5.710588249049908e-05,False
Mutual Information,BEN_PDT_ENC,REG_SAL_ENC,0.0005867165581446912,False
Mutual Information,BEN_PDT_ENC,SEXO_ENC,0.00019036591945289366,False
Mutual Information,BEN_PDT_ENC,NIV_EDU_ENC,2.2780615721740977e-06,False
Mutual Information,BEN_PDT_ENC,POS_SSO_ENC,0.027757405751506425,False
Mutual Information,BEN_PDT_ENC,GRUPO_ETAR_ENC_Entre 18 y 25 años,0.0030232238461009205,False
Mutual Information,BEN_PDT_ENC,GRUPO_ETAR_ENC_Entre 26 y 40 años,0.002985944633922155,False
Mutual Information,BEN_PDT_ENC,GRUPO_ETAR_ENC_Entre 41 y 60 años,0.00309014019493134,False
Mutual Information,BEN_PDT_ENC,GRUPO_ETAR_ENC_Mayor de 60 años,0.0003761596454033081,False
Mutual Information,BEN_PDT_ENC,EX_GRUPO_ENC_AUC,0.010055554353568363,False
Mutual Information,BEN_PDT_ENC,EX_GRUPO_ENC_ELN,0.0010446828196449542,False
Mutual Information,BEN_PDT_ENC,EX_GRUPO_ENC_EPL,0.00012942599385312985,False
Mutual Information,BEN_PDT_ENC,EX_GRUPO_ENC_ERG,1.3274690735834275e-05,False
Mutual Information,BEN_PDT_ENC,EX_GRUPO_ENC_ERP,5.88503682753598e-05,False
Mutual Information,BEN_PDT_ENC,EX_GRUPO_ENC_FARC,0.007124814520675149,False
Mutual Information,BEN_PDT_ENC,TIP_VIV_ENC_Apartamento,2.5542382600038382e-06,False
Mutual Information,BEN_PDT_ENC,TIP_VIV_ENC_Casa,0.0001498204192537933,False
Mutual Information,BEN_PDT_ENC,TIP_VIV_ENC_Casa_Lote,0.0009274447450710135,False
Mutual Information,BEN_PDT_ENC,TIP_VIV_ENC_Finca,0.0012751493027921674,False
Mutual Information,BEN_PDT_ENC,TIP_VIV_ENC_Habitacion,0.00024671074011902924,False
Mutual Information,BEN_PDT_ENC,TIP_VIV_ENC_Otro,1.8909357332088511e-06,False
Mutual Information,BEN_PDT_ENC,TIP_VIV_ENC_Rancho,0.0010810660657360233,False
Mutual Information,BEN_PDT_ENC,TIP_VIV_ENC_Vivienda indigena,0.000459117536547809,False
Mutual Information,BEN_PDT_ENC,REG_VIV_ENC_Familiar,0.0003322007902354085,False
Mutual Information,BEN_PDT_ENC,REG_VIV_ENC_No_Registra,2.8579066085933098e-06,False
Mutual Information,BEN_PDT_ENC,REG_VIV_ENC_Otra_forma,0.00014824954098800573,False
Mutual Information,BEN_PDT_ENC,REG_VIV_ENC_Sana_posesión_título,2.2651833901811153e-05,False
Mutual Information,BEN_PDT_ENC,REG_VIV_ENC_arriendo_subarriendo,6.965603401187792e-05,False
Mutual Information,BEN_PDT_ENC,REG_VIV_ENC_usufructo,0.0016330975875496604,False
Mutual Information,BEN_PDT_ENC,OCU_ECO_ENC_Desocupados,0.0003103846210046543,False
Mutual Information,BEN_PDT_ENC,OCU_ECO_ENC_Ocupados_Informal,0.0004572630017807486,False
Mutual Information,BEN_PDT_ENC,NUM_HIJOS_NOR,0.0013845494494020363,False
Mutual Information,BEN_PDT_ENC,DES_BIE_ENC,0.0017978244090343723,False
Mutual Information,POS_SPU_ENC,POS_CON_ENC,0.0013412668778877146,False
Mutual Information,POS_SPU_ENC,BEN_TRV_ENC,6.020592713908146e-05,False
Mutual Information,POS_SPU_ENC,BEN_FA_ENC,3.854696338135687e-05,False
Mutual Information,POS_SPU_ENC,BEN_FPT_ENC,4.2492963629737514e-05,False
Mutual Information,POS_SPU_ENC,BEN_PDT_ENC,5.710588249049908e-05,False
Mutual Information,POS_SPU_ENC,REG_SAL_ENC,0.02032861521119314,False
Mutual Information,POS_SPU_ENC,SEXO_ENC,0.00010909078631138325,False
Mutual Information,POS_SPU_ENC,NIV_EDU_ENC,0.001951765147600426,False
Mutual Information,POS_SPU_ENC,POS_SSO_ENC,0.0011010061714009098,False
Mutual Information,POS_SPU_ENC,GRUPO_ETAR_ENC_Entre 18 y 25 años,0.00011070511420219024,False
Mutual Information,POS_SPU_ENC,GRUPO_ETAR_ENC_Entre 26 y 40 años,0.00017898678839861626,False
Mutual Information,POS_SPU_ENC,GRUPO_ETAR_ENC_Entre 41 y 60 años,1.535929508533762e-05,False
Mutual Information,POS_SPU_ENC,GRUPO_ETAR_ENC_Mayor de 60 años,0.0004714856067251083,False
Mutual Information,POS_SPU_ENC,EX_GRUPO_ENC_AUC,0.0001607053941861114,False
Mutual Information,POS_SPU_ENC,EX_GRUPO_ENC_ELN,7.044273749617913e-06,False
Mutual Information,POS_SPU_ENC,EX_GRUPO_ENC_EPL,1.70402752359914e-05,False
Mutual Information,POS_SPU_ENC,EX_GRUPO_ENC_ERG,0.0002384557620855243,False
Mutual Information,POS_SPU_ENC,EX_GRUPO_ENC_ERP,0.00037477763121843144,False
Mutual Information,POS_SPU_ENC,EX_GRUPO_ENC_FARC,0.00024851375552950583,False
Mutual Information,POS_SPU_ENC,TIP_VIV_ENC_Apartamento,0.03361403263215157,False
Mutual Information,POS_SPU_ENC,TIP_VIV_ENC_Casa,0.00037608386863860477,False
Mutual Information,POS_SPU_ENC,TIP_VIV_ENC_Casa_Lote,0.0038403255981899406,False
Mutual Information,POS_SPU_ENC,TIP_VIV_ENC_Finca,0.01997831978769377,False
Mutual Information,POS_SPU_ENC,TIP_VIV_ENC_Habitacion,0.0015552206307635971,False
Mutual Information,POS_SPU_ENC,TIP_VIV_ENC_Otro,0.00455133093038116,False
Mutual Information,POS_SPU_ENC,TIP_VIV_ENC_Rancho,0.009418949857292545,False
Mutual Information,POS_SPU_ENC,TIP_VIV_ENC_Vivienda indigena,0.004736836488457294,False
Mutual Information,POS_SPU_ENC,REG_VIV_ENC_Familiar,0.011174800839619331,False
Mutual Information,POS_SPU_ENC,REG_VIV_ENC_No_Registra,6.11631649650884e-05,False
Mutual Information,POS_SPU_ENC,REG_VIV_ENC_Otra_forma,0.00849134329631284,False
Mutual Information,POS_SPU_ENC,REG_VIV_ENC_Sana_posesión_título,3.298316078271732e-07,False
Mutual Information,POS_SPU_ENC,REG_VIV_ENC_arriendo_subarriendo,0.051443580410374584,False
Mutual Information,POS_SPU_ENC,REG_VIV_ENC_usufructo,0.005662514220257528,False
Mutual Information,POS_SPU_ENC,OCU_ECO_ENC_Desocupados,1.926022867258792e-05,False
Mutual Information,POS_SPU_ENC,OCU_ECO_ENC_Ocupados_Informal,0.0004927730115225626,False
Mutual Information,POS_SPU_ENC,NUM_HIJOS_NOR,0.0031343880151659185,False
Mutual Information,POS_SPU_ENC,DES_BIE_ENC,0.007963095165384182,False
Mutual Information,REG_SAL_ENC,POS_CON_ENC,0.0007737856234424356,False
Mutual Information,REG_SAL_ENC,BEN_TRV_ENC,0.0005339712486761017,False
Mutual Information,REG_SAL_ENC,BEN_FA_ENC,3.401058269518779e-05,False
Mutual Information,REG_SAL_ENC,BEN_FPT_ENC,9.344948945291809e-07,False
Mutual Information,REG_SAL_ENC,BEN_PDT_ENC,0.0005867165581446912,False
Mutual Information,REG_SAL_ENC,POS_SPU_ENC,0.02032861521119314,False
Mutual Information,REG_SAL_ENC,SEXO_ENC,0.00639835860921964,False
Mutual Information,REG_SAL_ENC,NIV_EDU_ENC,0.003743844331641405,False
Mutual Information,REG_SAL_ENC,POS_SSO_ENC,5.8025785330007365e-05,False
Mutual Information,REG_SAL_ENC,GRUPO_ETAR_ENC_Entre 18 y 25 años,4.352642063324948e-05,False
Mutual Information,REG_SAL_ENC,GRUPO_ETAR_ENC_Entre 26 y 40 años,0.0003598771319374139,False
Mutual Information,REG_SAL_ENC,GRUPO_ETAR_ENC_Entre 41 y 60 años,2.6227664688405206e-06,False
Mutual Information,REG_SAL_ENC,GRUPO_ETAR_ENC_Mayor de 60 años,0.0029162603954797015,False
Mutual Information,REG_SAL_ENC,EX_GRUPO_ENC_AUC,0.00024871253250147163,False
Mutual Information,REG_SAL_ENC,EX_GRUPO_ENC_ELN,4.390295964364077e-05,False
Mutual Information,REG_SAL_ENC,EX_GRUPO_ENC_EPL,2.869072542136756e-05,False
Mutual Information,REG_SAL_ENC,EX_GRUPO_ENC_ERG,6.89641384100069e-06,False
Mutual Information,REG_SAL_ENC,EX_GRUPO_ENC_ERP,1.5990891836818386e-05,False
Mutual Information,REG_SAL_ENC,EX_GRUPO_ENC_FARC,0.00017693125201800886,False
Mutual Information,REG_SAL_ENC,TIP_VIV_ENC_Apartamento,0.012692810178915992,False
Mutual Information,REG_SAL_ENC,TIP_VIV_ENC_Casa,0.0024284841487439146,False
Mutual Information,REG_SAL_ENC,TIP_VIV_ENC_Casa_Lote,0.0004682807936761263,False
Mutual Information,REG_SAL_ENC,TIP_VIV_ENC_Finca,0.0024160403216873863,False
Mutual Information,REG_SAL_ENC,TIP_VIV_ENC_Habitacion,4.583805808450192e-05,False
Mutual Information,REG_SAL_ENC,TIP_VIV_ENC_Otro,0.000771250943046033,False
Mutual Information,REG_SAL_ENC,TIP_VIV_ENC_Rancho,0.0008817581948087211,False
Mutual Information,REG_SAL_ENC,TIP_VIV_ENC_Vivienda indigena,0.0010276111911477993,False
Mutual Information,REG_SAL_ENC,REG_VIV_ENC_Familiar,0.00036132017745268107,False
Mutual Information,REG_SAL_ENC,REG_VIV_ENC_No_Registra,5.620905377096532e-05,False
Mutual Information,REG_SAL_ENC,REG_VIV_ENC_Otra_forma,0.0028787403790215896,False
Mutual Information,REG_SAL_ENC,REG_VIV_ENC_Sana_posesión_título,0.00040452385526578696,False
Mutual Information,REG_SAL_ENC,REG_VIV_ENC_arriendo_subarriendo,0.015636395997812857,False
Mutual Information,REG_SAL_ENC,REG_VIV_ENC_usufructo,0.0003085318858613226,False
Mutual Information,REG_SAL_ENC,OCU_ECO_ENC_Desocupados,0.0022355401828556276,False
Mutual Information,REG_SAL_ENC,OCU_ECO_ENC_Ocupados_Informal,0.008964477141186991,False
Mutual Information,REG_SAL_ENC,NUM_HIJOS_NOR,0.0018363029507636186,False
Mutual Information,REG_SAL_ENC,DES_BIE_ENC,0.011531612278200598,False
Mutual Information,SEXO_ENC,POS_CON_ENC,0.010408563978748397,False
Mutual Information,SEXO_ENC,BEN_TRV_ENC,0.00018001043361320912,False
Mutual Information,SEXO_ENC,BEN_FA_ENC,1.514383585242765e-08,False
Mutual Information,SEXO_ENC,BEN_FPT_ENC,5.0400602538761e-06,False
Mutual Information,SEXO_ENC,BEN_PDT_ENC,0.00019036591945289366,False
Mutual Information,SEXO_ENC,POS_SPU_ENC,0.00010909078631138325,False
Mutual Information,SEXO_ENC,REG_SAL_ENC,0.00639835860921964,False
Mutual Information,SEXO_ENC,NIV_EDU_ENC,0.014107876396692042,False
Mutual Information,SEXO_ENC,POS_SSO_ENC,0.00078215822193899,False
Mutual Information,SEXO_ENC,GRUPO_ETAR_ENC_Entre 18 y 25 años,0.0002840208245165829,False
Mutual Information,SEXO_ENC,GRUPO_ETAR_ENC_Entre 26 y 40 años,0.025767850908631984,False
Mutual Information,SEXO_ENC,GRUPO_ETAR_ENC_Entre 41 y 60 años,0.024006744642898176,False
Mutual Information,SEXO_ENC,GRUPO_ETAR_ENC_Mayor de 60 años,0.000344268828559393,False
Mutual Information,SEXO_ENC,EX_GRUPO_ENC_AUC,0.033806714720337055,False
Mutual Information,SEXO_ENC,EX_GRUPO_ENC_ELN,0.0034018615494523924,False
Mutual Information,SEXO_ENC,EX_GRUPO_ENC_EPL,6.773306154293822e-05,False
Mutual Information,SEXO_ENC,EX_GRUPO_ENC_ERG,6.138451057290627e-05,False
Mutual Information,SEXO_ENC,EX_GRUPO_ENC_ERP,0.00011109968362661444,False
Mutual Information,SEXO_ENC,EX_GRUPO_ENC_FARC,0.02400306141164102,False
Mutual Information,SEXO_ENC,TIP_VIV_ENC_Apartamento,0.000283406565454572,False
Mutual Information,SEXO_ENC,TIP_VIV_ENC_Casa,5.835410313542733e-06,False
Mutual Information,SEXO_ENC,TIP_VIV_ENC_Casa_Lote,0.00010118968141566154,False
Mutual Information,SEXO_ENC,TIP_VIV_ENC_Finca,1.1537542058612238e-06,False
Mutual Information,SEXO_ENC,TIP_VIV_ENC_Habitacion,0.00033781977718706085,False
Mutual Information,SEXO_ENC,TIP_VIV_ENC_Otro,2.1035492304085496e-05,False
Mutual Information,SEXO_ENC,TIP_VIV_ENC_Rancho,9.601215434617075e-05,False
Mutual Information,SEXO_ENC,TIP_VIV_ENC_Vivienda indigena,6.621708136530374e-05,False
Mutual Information,SEXO_ENC,REG_VIV_ENC_Familiar,2.4546287293302285e-05,False
Mutual Information,SEXO_ENC,REG_VIV_ENC_No_Registra,1.2467783729291156e-05,False
Mutual Information,SEXO_ENC,REG_VIV_ENC_Otra_forma,1.9261268383329033e-05,False
Mutual Information,SEXO_ENC,REG_VIV_ENC_Sana_posesión_título,4.812762238566061e-05,False
Mutual Information,SEXO_ENC,REG_VIV_ENC_arriendo_subarriendo,0.0005187259539845834,False
Mutual Information,SEXO_ENC,REG_VIV_ENC_usufructo,7.458472019265805e-06,False
Mutual Information,SEXO_ENC,OCU_ECO_ENC_Desocupados,0.0026098367823892132,False
Mutual Information,SEXO_ENC,OCU_ECO_ENC_Ocupados_Informal,0.019182233221445327,False
Mutual Information,SEXO_ENC,NUM_HIJOS_NOR,0.01587023052449195,False
Mutual Information,SEXO_ENC,DES_BIE_ENC,0.002618982110911383,False
Mutual Information,NIV_EDU_ENC,POS_CON_ENC,0.0009959294909194782,False
Mutual Information,NIV_EDU_ENC,BEN_TRV_ENC,3.621655146626712e-06,False
Mutual Information,NIV_EDU_ENC,BEN_FA_ENC,0.0005710524458374519,False
Mutual Information,NIV_EDU_ENC,BEN_FPT_ENC,0.00016417179429558532,False
Mutual Information,NIV_EDU_ENC,BEN_PDT_ENC,2.2780615721740977e-06,False
Mutual Information,NIV_EDU_ENC,POS_SPU_ENC,0.001951765147600426,False
Mutual Information,NIV_EDU_ENC,REG_SAL_ENC,0.003743844331641405,False
Mutual Information,NIV_EDU_ENC,SEXO_ENC,0.014107876396692042,False
Mutual Information,NIV_EDU_ENC,POS_SSO_ENC,0.00025568918332489945,False
Mutual Information,NIV_EDU_ENC,GRUPO_ETAR_ENC_Entre 18 y 25 años,0.00013924047500719363,False
Mutual Information,NIV_EDU_ENC,GRUPO_ETAR_ENC_Entre 26 y 40 años,0.00023094830539820144,False
Mutual Information,NIV_EDU_ENC,GRUPO_ETAR_ENC_Entre 41 y 60 años,2.6669845215154808e-05,False
Mutual Information,NIV_EDU_ENC,GRUPO_ETAR_ENC_Mayor de 60 años,0.0020732323224586097,False
Mutual Information,NIV_EDU_ENC,EX_GRUPO_ENC_AUC,0.002547494307833388,False
Mutual Information,NIV_EDU_ENC,EX_GRUPO_ENC_ELN,8.669020580359156e-05,False
Mutual Information,NIV_EDU_ENC,EX_GRUPO_ENC_EPL,0.00028932548184903853,False
Mutual Information,NIV_EDU_ENC,EX_GRUPO_ENC_ERG,0.0002667727050881855,False
Mutual Information,NIV_EDU_ENC,EX_GRUPO_ENC_ERP,0.0004008775950953335,False
Mutual Information,NIV_EDU_ENC,EX_GRUPO_ENC_FARC,0.0026235702201432218,False
Mutual Information,NIV_EDU_ENC,TIP_VIV_ENC_Apartamento,0.001474102851851563,False
Mutual Information,NIV_EDU_ENC,TIP_VIV_ENC_Casa,6.455283363057673e-05,False
Mutual Information,NIV_EDU_ENC,TIP_VIV_ENC_Casa_Lote,5.6991409378892056e-05,False
Mutual Information,NIV_EDU_ENC,TIP_VIV_ENC_Finca,0.0005301174262493241,False
Mutual Information,NIV_EDU_ENC,TIP_VIV_ENC_Habitacion,0.0003332183940592901,False
Mutual Information,NIV_EDU_ENC,TIP_VIV_ENC_Otro,0.0006178647794253898,False
Mutual Information,NIV_EDU_ENC,TIP_VIV_ENC_Rancho,1.9739976927896606e-05,False
Mutual Information,NIV_EDU_ENC,TIP_VIV_ENC_Vivienda indigena,9.676964411281823e-05,False
Mutual Information,NIV_EDU_ENC,REG_VIV_ENC_Familiar,6.757627601518962e-05,False
Mutual Information,NIV_EDU_ENC,REG_VIV_ENC_No_Registra,0.00010028406535316132,False
Mutual Information,NIV_EDU_ENC,REG_VIV_ENC_Otra_forma,0.000573866974807425,False
Mutual Information,NIV_EDU_ENC,REG_VIV_ENC_Sana_posesión_título,0.00024805300047173445,False
Mutual Information,NIV_EDU_ENC,REG_VIV_ENC_arriendo_subarriendo,0.0010077691691691565,False
Mutual Information,NIV_EDU_ENC,REG_VIV_ENC_usufructo,0.0001396013226451047,False
Mutual Information,NIV_EDU_ENC,OCU_ECO_ENC_Desocupados,0.0009307188457357389,False
Mutual Information,NIV_EDU_ENC,OCU_ECO_ENC_Ocupados_Informal,0.0004121002357665715,False
Mutual Information,NIV_EDU_ENC,NUM_HIJOS_NOR,0.003155337758639985,False
Mutual Information,NIV_EDU_ENC,DES_BIE_ENC,0.0014648623839521382,False
Mutual Information,POS_SSO_ENC,POS_CON_ENC,0.0003305195506725098,False
Mutual Information,POS_SSO_ENC,BEN_TRV_ENC,0.027302787274512144,False
Mutual Information,POS_SSO_ENC,BEN_FA_ENC,0.0022374994527377427,False
Mutual Information,POS_SSO_ENC,BEN_FPT_ENC,0.001981710053999449,False
Mutual Information,POS_SSO_ENC,BEN_PDT_ENC,0.027757405751506425,False
Mutual Information,POS_SSO_ENC,POS_SPU_ENC,0.0011010061714009107,False
Mutual Information,POS_SSO_ENC,REG_SAL_ENC,5.8025785330007365e-05,False
Mutual Information,POS_SSO_ENC,SEXO_ENC,0.00078215822193899,False
Mutual Information,POS_SSO_ENC,NIV_EDU_ENC,0.00025568918332489945,False
Mutual Information,POS_SSO_ENC,GRUPO_ETAR_ENC_Entre 18 y 25 años,0.00017858760065511377,False
Mutual Information,POS_SSO_ENC,GRUPO_ETAR_ENC_Entre 26 y 40 años,0.0005752557882482451,False
Mutual Information,POS_SSO_ENC,GRUPO_ETAR_ENC_Entre 41 y 60 años,0.0003153106822237936,False
Mutual Information,POS_SSO_ENC,GRUPO_ETAR_ENC_Mayor de 60 años,0.00013542252191377658,False
Mutual Information,POS_SSO_ENC,EX_GRUPO_ENC_AUC,0.00033189745776805724,False
Mutual Information,POS_SSO_ENC,EX_GRUPO_ENC_ELN,0.00037046447716764354,False
Mutual Information,POS_SSO_ENC,EX_GRUPO_ENC_EPL,0.00018471966015290854,False
Mutual Information,POS_SSO_ENC,EX_GRUPO_ENC_ERG,5.334445677574557e-06,False
Mutual Information,POS_SSO_ENC,EX_GRUPO_ENC_ERP,7.813340083096323e-05,False
Mutual Information,POS_SSO_ENC,EX_GRUPO_ENC_FARC,0.000244485700796502,False
Mutual Information,POS_SSO_ENC,TIP_VIV_ENC_Apartamento,0.0002338560493434119,False
Mutual Information,POS_SSO_ENC,TIP_VIV_ENC_Casa,4.6628322366283354e-05,False
Mutual Information,POS_SSO_ENC,TIP_VIV_ENC_Casa_Lote,0.0006444884080231562,False
Mutual Information,POS_SSO_ENC,TIP_VIV_ENC_Finca,0.0007179981211276783,False
Mutual Information,POS_SSO_ENC,TIP_VIV_ENC_Habitacion,0.0003623991893849875,False
Mutual Information,POS_SSO_ENC,TIP_VIV_ENC_Otro,3.812985987606838e-05,False
Mutual Information,POS_SSO_ENC,TIP_VIV_ENC_Rancho,0.0005938532829987582,False
Mutual Information,POS_SSO_ENC,TIP_VIV_ENC_Vivienda indigena,7.600561673811379e-06,False
Mutual Information,POS_SSO_ENC,REG_VIV_ENC_Familiar,0.00021832315884100575,False
Mutual Information,POS_SSO_ENC,REG_VIV_ENC_No_Registra,1.199777293181656e-06,False
Mutual Information,POS_SSO_ENC,REG_VIV_ENC_Otra_forma,1.910581660708019e-05,False
Mutual Information,POS_SSO_ENC,REG_VIV_ENC_Sana_posesión_título,2.6004340601061505e-05,False
Mutual Information,POS_SSO_ENC,REG_VIV_ENC_arriendo_subarriendo,0.00021285953993300816,False
Mutual Information,POS_SSO_ENC,REG_VIV_ENC_usufructo,0.0007964546370707037,False
Mutual Information,POS_SSO_ENC,OCU_ECO_ENC_Desocupados,0.00022351129094350672,False
Mutual Information,POS_SSO_ENC,OCU_ECO_ENC_Ocupados_Informal,0.000953022946926352,False
Mutual Information,POS_SSO_ENC,NUM_HIJOS_NOR,0.001696744783591263,False
Mutual Information,POS_SSO_ENC,DES_BIE_ENC,0.006623026646835154,False
Mutual Information,GRUPO_ETAR_ENC_Entre 18 y 25 años,POS_CON_ENC,1.4400783515961663e-06,False
Mutual Information,GRUPO_ETAR_ENC_Entre 18 y 25 años,BEN_TRV_ENC,0.0030615588645144186,False
Mutual Information,GRUPO_ETAR_ENC_Entre 18 y 25 años,BEN_FA_ENC,0.00012484530437984376,False
Mutual Information,GRUPO_ETAR_ENC_Entre 18 y 25 años,BEN_FPT_ENC,2.227791088010682e-06,False
Mutual Information,GRUPO_ETAR_ENC_Entre 18 y 25 años,BEN_PDT_ENC,0.0030232238461009205,False
Mutual Information,GRUPO_ETAR_ENC_Entre 18 y 25 años,POS_SPU_ENC,0.00011070511420219024,False
Mutual Information,GRUPO_ETAR_ENC_Entre 18 y 25 años,REG_SAL_ENC,4.352642063324948e-05,False
Mutual Information,GRUPO_ETAR_ENC_Entre 18 y 25 años,SEXO_ENC,0.0002840208245165829,False
Mutual Information,GRUPO_ETAR_ENC_Entre 18 y 25 años,NIV_EDU_ENC,0.00013924047500719363,False
Mutual Information,GRUPO_ETAR_ENC_Entre 18 y 25 años,POS_SSO_ENC,0.00017858760065511377,False
Mutual Information,GRUPO_ETAR_ENC_Entre 18 y 25 años,GRUPO_ETAR_ENC_Entre 26 y 40 años,0.0008282210563617751,False
Mutual Information,GRUPO_ETAR_ENC_Entre 18 y 25 años,GRUPO_ETAR_ENC_Entre 41 y 60 años,0.001184446870954009,False
Mutual Information,GRUPO_ETAR_ENC_Entre 18 y 25 años,GRUPO_ETAR_ENC_Mayor de 60 años,5.9473132497493e-05,False
Mutual Information,GRUPO_ETAR_ENC_Entre 18 y 25 años,EX_GRUPO_ENC_AUC,0.0014198161698688646,False
Mutual Information,GRUPO_ETAR_ENC_Entre 18 y 25 años,EX_GRUPO_ENC_ELN,0.0003447685859228741,False
Mutual Information,GRUPO_ETAR_ENC_Entre 18 y 25 años,EX_GRUPO_ENC_EPL,2.227791088010682e-06,False
Mutual Information,GRUPO_ETAR_ENC_Entre 18 y 25 años,EX_GRUPO_ENC_ERG,3.387533282505923e-06,False
Mutual Information,GRUPO_ETAR_ENC_Entre 18 y 25 años,EX_GRUPO_ENC_ERP,5.799057851181219e-06,False
Mutual Information,GRUPO_ETAR_ENC_Entre 18 y 25 años,EX_GRUPO_ENC_FARC,0.0005174807463143669,False
Mutual Information,GRUPO_ETAR_ENC_Entre 18 y 25 años,TIP_VIV_ENC_Apartamento,3.083595933544127e-06,False
Mutual Information,GRUPO_ETAR_ENC_Entre 18 y 25 años,TIP_VIV_ENC_Casa,4.5598845786748356e-05,False
Mutual Information,GRUPO_ETAR_ENC_Entre 18 y 25 años,TIP_VIV_ENC_Casa_Lote,3.6224622853195734e-05,False
Mutual Information,GRUPO_ETAR_ENC_Entre 18 y 25 años,TIP_VIV_ENC_Finca,5.3281737631074785e-05,False
Mutual Information,GRUPO_ETAR_ENC_Entre 18 y 25 años,TIP_VIV_ENC_Habitacion,8.260401199647023e-06,False
Mutual Information,GRUPO_ETAR_ENC_Entre 18 y 25 años,TIP_VIV_ENC_Otro,1.9176310866550472e-05,False
Mutual Information,GRUPO_ETAR_ENC_Entre 18 y 25 años,TIP_VIV_ENC_Rancho,4.124850518654778e-05,False
Mutual Information,GRUPO_ETAR_ENC_Entre 18 y 25 años,TIP_VIV_ENC_Vivienda indigena,5.731072012183107e-05,False
Mutual Information,GRUPO_ETAR_ENC_Entre 18 y 25 años,REG_VIV_ENC_Familiar,1.6203403822183382e-05,False
Mutual Information,GRUPO_ETAR_ENC_Entre 18 y 25 años,REG_VIV_ENC_No_Registra,8.904902104437708e-08,False
Mutual Information,GRUPO_ETAR_ENC_Entre 18 y 25 años,REG_VIV_ENC_Otra_forma,1.5076888207950917e-10,False
Mutual Information,GRUPO_ETAR_ENC_Entre 18 y 25 años,REG_VIV_ENC_Sana_posesión_título,4.72679709837779e-06,False
Mutual Information,GRUPO_ETAR_ENC_Entre 18 y 25 años,REG_VIV_ENC_arriendo_subarriendo,1.6881022662258195e-05,False
Mutual Information,GRUPO_ETAR_ENC_Entre 18 y 25 años,REG_VIV_ENC_usufructo,5.9102788733124065e-05,False
Mutual Information,GRUPO_ETAR_ENC_Entre 18 y 25 años,OCU_ECO_ENC_Desocupados,0.00011828821575548404,False
Mutual Information,GRUPO_ETAR_ENC_Entre 18 y 25 años,OCU_ECO_ENC_Ocupados_Informal,4.157777274030458e-05,False
Mutual Information,GRUPO_ETAR_ENC_Entre 18 y 25 años,NUM_HIJOS_NOR,0.0005249548703412288,False
Mutual Information,GRUPO_ETAR_ENC_Entre 18 y 25 años,DES_BIE_ENC,5.221755893971463e-06,False
Mutual Information,GRUPO_ETAR_ENC_Entre 26 y 40 años,POS_CON_ENC,0.00022018560522968356,False
Mutual Information,GRUPO_ETAR_ENC_Entre 26 y 40 años,BEN_TRV_ENC,0.0027130117459831654,False
Mutual Information,GRUPO_ETAR_ENC_Entre 26 y 40 años,BEN_FA_ENC,1.5254485176338477e-05,False
Mutual Information,GRUPO_ETAR_ENC_Entre 26 y 40 años,BEN_FPT_ENC,1.2508018231638038e-06,False
Mutual Information,GRUPO_ETAR_ENC_Entre 26 y 40 años,BEN_PDT_ENC,0.002985944633922155,False
Mutual Information,GRUPO_ETAR_ENC_Entre 26 y 40 años,POS_SPU_ENC,0.00017898678839861626,False
Mutual Information,GRUPO_ETAR_ENC_Entre 26 y 40 años,REG_SAL_ENC,0.0003598771319374139,False
Mutual Information,GRUPO_ETAR_ENC_Entre 26 y 40 años,SEXO_ENC,0.025767850908631984,False
Mutual Information,GRUPO_ETAR_ENC_Entre 26 y 40 años,NIV_EDU_ENC,0.00023094830539820144,False
Mutual Information,GRUPO_ETAR_ENC_Entre 26 y 40 años,POS_SSO_ENC,0.0005752557882482451,False
Mutual Information,GRUPO_ETAR_ENC_Entre 26 y 40 años,GRUPO_ETAR_ENC_Entre 18 y 25 años,0.0008282210563617751,False
Mutual Information,GRUPO_ETAR_ENC_Entre 26 y 40 años,GRUPO_ETAR_ENC_Entre 41 y 60 años,0.5446826528846228,True
Mutual Information,GRUPO_ETAR_ENC_Entre 26 y 40 años,GRUPO_ETAR_ENC_Mayor de 60 años,0.021393581770904044,False
Mutual Information,GRUPO_ETAR_ENC_Entre 26 y 40 años,EX_GRUPO_ENC_AUC,0.043484673319595074,False
Mutual Information,GRUPO_ETAR_ENC_Entre 26 y 40 años,EX_GRUPO_ENC_ELN,0.005810626395074153,False
Mutual Information,GRUPO_ETAR_ENC_Entre 26 y 40 años,EX_GRUPO_ENC_EPL,0.00020184729682217817,False
Mutual Information,GRUPO_ETAR_ENC_Entre 26 y 40 años,EX_GRUPO_ENC_ERG,1.0154977384164987e-08,False
Mutual Information,GRUPO_ETAR_ENC_Entre 26 y 40 años,EX_GRUPO_ENC_ERP,5.51205141561921e-06,False
Mutual Information,GRUPO_ETAR_ENC_Entre 26 y 40 años,EX_GRUPO_ENC_FARC,0.031128200964071567,False
Mutual Information,GRUPO_ETAR_ENC_Entre 26 y 40 años,TIP_VIV_ENC_Apartamento,0.0012426840783897608,False
Mutual Information,GRUPO_ETAR_ENC_Entre 26 y 40 años,TIP_VIV_ENC_Casa,1.4872509734975559e-05,False
Mutual Information,GRUPO_ETAR_ENC_Entre 26 y 40 años,TIP_VIV_ENC_Casa_Lote,0.0006903169838563747,False
Mutual Information,GRUPO_ETAR_ENC_Entre 26 y 40 años,TIP_VIV_ENC_Finca,0.0009441484196869646,False
Mutual Information,GRUPO_ETAR_ENC_Entre 26 y 40 años,TIP_VIV_ENC_Habitacion,1.0162298992311136e-06,False
Mutual Information,GRUPO_ETAR_ENC_Entre 26 y 40 años,TIP_VIV_ENC_Otro,5.8774115494913265e-05,False
Mutual Information,GRUPO_ETAR_ENC_Entre 26 y 40 años,TIP_VIV_ENC_Rancho,0.0006346804868935241,False
Mutual Information,GRUPO_ETAR_ENC_Entre 26 y 40 años,TIP_VIV_ENC_Vivienda indigena,0.00019205032758385504,False
Mutual Information,GRUPO_ETAR_ENC_Entre 26 y 40 años,REG_VIV_ENC_Familiar,4.320172385565563e-05,False
Mutual Information,GRUPO_ETAR_ENC_Entre 26 y 40 años,REG_VIV_ENC_No_Registra,3.1823689892997056e-05,False
Mutual Information,GRUPO_ETAR_ENC_Entre 26 y 40 años,REG_VIV_ENC_Otra_forma,4.7112283834097046e-05,False
Mutual Information,GRUPO_ETAR_ENC_Entre 26 y 40 años,REG_VIV_ENC_Sana_posesión_título,1.3200999094010318e-06,False
Mutual Information,GRUPO_ETAR_ENC_Entre 26 y 40 años,REG_VIV_ENC_arriendo_subarriendo,0.0018069433436055382,False
Mutual Information,GRUPO_ETAR_ENC_Entre 26 y 40 años,REG_VIV_ENC_usufructo,0.000532781397390561,False
Mutual Information,GRUPO_ETAR_ENC_Entre 26 y 40 años,OCU_ECO_ENC_Desocupados,2.031888041191532e-05,False
Mutual Information,GRUPO_ETAR_ENC_Entre 26 y 40 años,OCU_ECO_ENC_Ocupados_Informal,0.00021117510696058717,False
Mutual Information,GRUPO_ETAR_ENC_Entre 26 y 40 años,NUM_HIJOS_NOR,0.005873277217656871,False
Mutual Information,GRUPO_ETAR_ENC_Entre 26 y 40 años,DES_BIE_ENC,0.0004114501436001117,False
Mutual Information,GRUPO_ETAR_ENC_Entre 41 y 60 años,POS_CON_ENC,0.0005661444755669098,False
Mutual Information,GRUPO_ETAR_ENC_Entre 41 y 60 años,BEN_TRV_ENC,0.0028549715522865754,False
Mutual Information,GRUPO_ETAR_ENC_Entre 41 y 60 años,BEN_FA_ENC,5.35905867591795e-05,False
Mutual Information,GRUPO_ETAR_ENC_Entre 41 y 60 años,BEN_FPT_ENC,1.1125261801100614e-06,False
Mutual Information,GRUPO_ETAR_ENC_Entre 41 y 60 años,BEN_PDT_ENC,0.00309014019493134,False
Mutual Information,GRUPO_ETAR_ENC_Entre 41 y 60 años,POS_SPU_ENC,1.535929508533762e-05,False
Mutual Information,GRUPO_ETAR_ENC_Entre 41 y 60 años,REG_SAL_ENC,2.6227664688405206e-06,False
Mutual Information,GRUPO_ETAR_ENC_Entre 41 y 60 años,SEXO_ENC,0.024006744642898176,False
Mutual Information,GRUPO_ETAR_ENC_Entre 41 y 60 años,NIV_EDU_ENC,2.6669845215154808e-05,False
Mutual Information,GRUPO_ETAR_ENC_Entre 41 y 60 años,POS_SSO_ENC,0.0003153106822237936,False
Mutual Information,GRUPO_ETAR_ENC_Entre 41 y 60 años,GRUPO_ETAR_ENC_Entre 18 y 25 años,0.001184446870954009,False
Mutual Information,GRUPO_ETAR_ENC_Entre 41 y 60 años,GRUPO_ETAR_ENC_Entre 26 y 40 años,0.5446826528846228,True
Mutual Information,GRUPO_ETAR_ENC_Entre 41 y 60 años,GRUPO_ETAR_ENC_Mayor de 60 años,0.03070529274688362,False
Mutual Information,GRUPO_ETAR_ENC_Entre 41 y 60 años,EX_GRUPO_ENC_AUC,0.040003966091413046,False
Mutual Information,GRUPO_ETAR_ENC_Entre 41 y 60 años,EX_GRUPO_ENC_ELN,0.005349522372545795,False
Mutual Information,GRUPO_ETAR_ENC_Entre 41 y 60 años,EX_GRUPO_ENC_EPL,0.0002748879083539651,False
Mutual Information,GRUPO_ETAR_ENC_Entre 41 y 60 años,EX_GRUPO_ENC_ERG,1.9998702397671514e-05,False
Mutual Information,GRUPO_ETAR_ENC_Entre 41 y 60 años,EX_GRUPO_ENC_ERP,2.3553983728597655e-06,False
Mutual Information,GRUPO_ETAR_ENC_Entre 41 y 60 años,EX_GRUPO_ENC_FARC,0.028638509968070935,False
Mutual Information,GRUPO_ETAR_ENC_Entre 41 y 60 años,TIP_VIV_ENC_Apartamento,0.00045495489701344316,False
Mutual Information,GRUPO_ETAR_ENC_Entre 41 y 60 años,TIP_VIV_ENC_Casa,1.499959079837021e-05,False
Mutual Information,GRUPO_ETAR_ENC_Entre 41 y 60 años,TIP_VIV_ENC_Casa_Lote,0.0005838765340661911,False
Mutual Information,GRUPO_ETAR_ENC_Entre 41 y 60 años,TIP_VIV_ENC_Finca,0.00035463846153182405,False
Mutual Information,GRUPO_ETAR_ENC_Entre 41 y 60 años,TIP_VIV_ENC_Habitacion,5.200908565347606e-05,False
Mutual Information,GRUPO_ETAR_ENC_Entre 41 y 60 años,TIP_VIV_ENC_Otro,0.00015454226932664836,False
Mutual Information,GRUPO_ETAR_ENC_Entre 41 y 60 años,TIP_VIV_ENC_Rancho,0.0005199484725093295,False
Mutual Information,GRUPO_ETAR_ENC_Entre 41 y 60 años,TIP_VIV_ENC_Vivienda indigena,0.00024169209241680853,False
Mutual Information,GRUPO_ETAR_ENC_Entre 41 y 60 años,REG_VIV_ENC_Familiar,9.720897448693006e-06,False
Mutual Information,GRUPO_ETAR_ENC_Entre 41 y 60 años,REG_VIV_ENC_No_Registra,3.598351923873595e-05,False
Mutual Information,GRUPO_ETAR_ENC_Entre 41 y 60 años,REG_VIV_ENC_Otra_forma,0.000112947346319614,False
Mutual Information,GRUPO_ETAR_ENC_Entre 41 y 60 años,REG_VIV_ENC_Sana_posesión_título,9.457082713968529e-07,False
Mutual Information,GRUPO_ETAR_ENC_Entre 41 y 60 años,REG_VIV_ENC_arriendo_subarriendo,0.0008170836213854948,False
Mutual Information,GRUPO_ETAR_ENC_Entre 41 y 60 años,REG_VIV_ENC_usufructo,0.00035235393165471834,False
Mutual Information,GRUPO_ETAR_ENC_Entre 41 y 60 años,OCU_ECO_ENC_Desocupados,9.266504212744608e-05,False
Mutual Information,GRUPO_ETAR_ENC_Entre 41 y 60 años,OCU_ECO_ENC_Ocupados_Informal,0.010860820856332831,False
Mutual Information,GRUPO_ETAR_ENC_Entre 41 y 60 años,NUM_HIJOS_NOR,0.0056362243777075514,False
Mutual Information,GRUPO_ETAR_ENC_Entre 41 y 60 años,DES_BIE_ENC,0.000637233921779945,False
Mutual Information,GRUPO_ETAR_ENC_Mayor de 60 años,POS_CON_ENC,0.0005419970288996767,False
Mutual Information,GRUPO_ETAR_ENC_Mayor de 60 años,BEN_TRV_ENC,0.00034319523574095987,False
Mutual Information,GRUPO_ETAR_ENC_Mayor de 60 años,BEN_FA_ENC,1.4130567558683213e-05,False
Mutual Information,GRUPO_ETAR_ENC_Mayor de 60 años,BEN_FPT_ENC,5.71839963973593e-05,False
Mutual Information,GRUPO_ETAR_ENC_Mayor de 60 años,BEN_PDT_ENC,0.0003761596454033081,False
Mutual Information,GRUPO_ETAR_ENC_Mayor de 60 años,POS_SPU_ENC,0.0004714856067251083,False
Mutual Information,GRUPO_ETAR_ENC_Mayor de 60 años,REG_SAL_ENC,0.0029162603954797015,False
Mutual Information,GRUPO_ETAR_ENC_Mayor de 60 años,SEXO_ENC,0.000344268828559393,False
Mutual Information,GRUPO_ETAR_ENC_Mayor de 60 años,NIV_EDU_ENC,0.0020732323224586097,False
Mutual Information,GRUPO_ETAR_ENC_Mayor de 60 años,POS_SSO_ENC,0.00013542252191377658,False
Mutual Information,GRUPO_ETAR_ENC_Mayor de 60 años,GRUPO_ETAR_ENC_Entre 18 y 25 años,5.9473132497493e-05,False
Mutual Information,GRUPO_ETAR_ENC_Mayor de 60 años,GRUPO_ETAR_ENC_Entre 26 y 40 años,0.021393581770904044,False
Mutual Information,GRUPO_ETAR_ENC_Mayor de 60 años,GRUPO_ETAR_ENC_Entre 41 y 60 años,0.03070529274688362,False
Mutual Information,GRUPO_ETAR_ENC_Mayor de 60 años,EX_GRUPO_ENC_AUC,0.0006482395241818248,False
Mutual Information,GRUPO_ETAR_ENC_Mayor de 60 años,EX_GRUPO_ENC_ELN,0.00019603182590301367,False
Mutual Information,GRUPO_ETAR_ENC_Mayor de 60 años,EX_GRUPO_ENC_EPL,2.655649205853699e-05,False
Mutual Information,GRUPO_ETAR_ENC_Mayor de 60 años,EX_GRUPO_ENC_ERG,9.325606217316105e-05,False
Mutual Information,GRUPO_ETAR_ENC_Mayor de 60 años,EX_GRUPO_ENC_ERP,3.1570860523947534e-06,False
Mutual Information,GRUPO_ETAR_ENC_Mayor de 60 años,EX_GRUPO_ENC_FARC,0.00045733617552896205,False
Mutual Information,GRUPO_ETAR_ENC_Mayor de 60 años,TIP_VIV_ENC_Apartamento,0.0014753639644461101,False
Mutual Information,GRUPO_ETAR_ENC_Mayor de 60 años,TIP_VIV_ENC_Casa,2.1437516938491163e-06,False
Mutual Information,GRUPO_ETAR_ENC_Mayor de 60 años,TIP_VIV_ENC_Casa_Lote,2.4442354717608104e-05,False
Mutual Information,GRUPO_ETAR_ENC_Mayor de 60 años,TIP_VIV_ENC_Finca,0.0006994740388133469,False
Mutual Information,GRUPO_ETAR_ENC_Mayor de 60 años,TIP_VIV_ENC_Habitacion,0.00041158465087593257,False
Mutual Information,GRUPO_ETAR_ENC_Mayor de 60 años,TIP_VIV_ENC_Otro,0.00014096624625025127,False
Mutual Information,GRUPO_ETAR_ENC_Mayor de 60 años,TIP_VIV_ENC_Rancho,3.341142708110888e-05,False
Mutual Information,GRUPO_ETAR_ENC_Mayor de 60 años,TIP_VIV_ENC_Vivienda indigena,4.684910240116379e-06,False
Mutual Information,GRUPO_ETAR_ENC_Mayor de 60 años,REG_VIV_ENC_Familiar,8.645851923523833e-05,False
Mutual Information,GRUPO_ETAR_ENC_Mayor de 60 años,REG_VIV_ENC_No_Registra,2.285721872104284e-06,False
Mutual Information,GRUPO_ETAR_ENC_Mayor de 60 años,REG_VIV_ENC_Otra_forma,8.97169115986942e-05,False
Mutual Information,GRUPO_ETAR_ENC_Mayor de 60 años,REG_VIV_ENC_Sana_posesión_título,1.4348881944388145e-08,False
Mutual Information,GRUPO_ETAR_ENC_Mayor de 60 años,REG_VIV_ENC_arriendo_subarriendo,0.0012012796342330337,False
Mutual Information,GRUPO_ETAR_ENC_Mayor de 60 años,REG_VIV_ENC_usufructo,0.00011488113082835753,False
Mutual Information,GRUPO_ETAR_ENC_Mayor de 60 años,OCU_ECO_ENC_Desocupados,0.002902580589531148,False
Mutual Information,GRUPO_ETAR_ENC_Mayor de 60 años,OCU_ECO_ENC_Ocupados_Informal,0.07056002598938195,False
Mutual Information,GRUPO_ETAR_ENC_Mayor de 60 años,NUM_HIJOS_NOR,0.0027004597112375607,False
Mutual Information,GRUPO_ETAR_ENC_Mayor de 60 años,DES_BIE_ENC,0.00017666308645926734,False
Mutual Information,EX_GRUPO_ENC_AUC,POS_CON_ENC,0.0005280156351298304,False
Mutual Information,EX_GRUPO_ENC_AUC,BEN_TRV_ENC,0.009624863667227555,False
Mutual Information,EX_GRUPO_ENC_AUC,BEN_FA_ENC,8.856130168833926e-05,False
Mutual Information,EX_GRUPO_ENC_AUC,BEN_FPT_ENC,4.773467573135175e-05,False
Mutual Information,EX_GRUPO_ENC_AUC,BEN_PDT_ENC,0.010055554353568363,False
Mutual Information,EX_GRUPO_ENC_AUC,POS_SPU_ENC,0.0001607053941861114,False
Mutual Information,EX_GRUPO_ENC_AUC,REG_SAL_ENC,0.00024871253250147163,False
Mutual Information,EX_GRUPO_ENC_AUC,SEXO_ENC,0.033806714720337055,False
Mutual Information,EX_GRUPO_ENC_AUC,NIV_EDU_ENC,0.002547494307833388,False
Mutual Information,EX_GRUPO_ENC_AUC,POS_SSO_ENC,0.00033189745776805724,False
Mutual Information,EX_GRUPO_ENC_AUC,GRUPO_ETAR_ENC_Entre 18 y 25 años,0.0014198161698688646,False
Mutual Information,EX_GRUPO_ENC_AUC,GRUPO_ETAR_ENC_Entre 26 y 40 años,0.043484673319595074,False
Mutual Information,EX_GRUPO_ENC_AUC,GRUPO_ETAR_ENC_Entre 41 y 60 años,0.040003966091413046,False
Mutual Information,EX_GRUPO_ENC_AUC,GRUPO_ETAR_ENC_Mayor de 60 años,0.0006482395241818248,False
Mutual Information,EX_GRUPO_ENC_AUC,EX_GRUPO_ENC_ELN,0.05731350906210245,False
Mutual Information,EX_GRUPO_ENC_AUC,EX_GRUPO_ENC_EPL,0.0013651417295836334,False
Mutual Information,EX_GRUPO_ENC_AUC,EX_GRUPO_ENC_ERG,0.002076323166519959,False
Mutual Information,EX_GRUPO_ENC_AUC,EX_GRUPO_ENC_ERP,0.0035562642360249704,False
Mutual Information,EX_GRUPO_ENC_AUC,EX_GRUPO_ENC_FARC,0.4546713721890986,True
Mutual Information,EX_GRUPO_ENC_AUC,TIP_VIV_ENC_Apartamento,0.00029756736428768193,False
Mutual Information,EX_GRUPO_ENC_AUC,TIP_VIV_ENC_Casa,0.00031019524735198534,False
Mutual Information,EX_GRUPO_ENC_AUC,TIP_VIV_ENC_Casa_Lote,9.414994114510106e-05,False
Mutual Information,EX_GRUPO_ENC_AUC,TIP_VIV_ENC_Finca,2.69348766674532e-06,False
Mutual Information,EX_GRUPO_ENC_AUC,TIP_VIV_ENC_Habitacion,6.227768158099944e-05,False
Mutual Information,EX_GRUPO_ENC_AUC,TIP_VIV_ENC_Otro,0.00024458321221463783,False
Mutual Information,EX_GRUPO_ENC_AUC,TIP_VIV_ENC_Rancho,0.00038599160780883324,False
Mutual Information,EX_GRUPO_ENC_AUC,TIP_VIV_ENC_Vivienda indigena,0.0008671756589554956,False
Mutual Information,EX_GRUPO_ENC_AUC,REG_VIV_ENC_Familiar,2.0896251521837494e-06,False
Mutual Information,EX_GRUPO_ENC_AUC,REG_VIV_ENC_No_Registra,2.9268267758420408e-05,False
Mutual Information,EX_GRUPO_ENC_AUC,REG_VIV_ENC_Otra_forma,0.00020600722904880187,False
Mutual Information,EX_GRUPO_ENC_AUC,REG_VIV_ENC_Sana_posesión_título,2.2482931341601814e-05,False
Mutual Information,EX_GRUPO_ENC_AUC,REG_VIV_ENC_arriendo_subarriendo,0.0039035158092603495,False
Mutual Information,EX_GRUPO_ENC_AUC,REG_VIV_ENC_usufructo,0.0014626817028679517,False
Mutual Information,EX_GRUPO_ENC_AUC,OCU_ECO_ENC_Desocupados,0.0004698798377557878,False
Mutual Information,EX_GRUPO_ENC_AUC,OCU_ECO_ENC_Ocupados_Informal,0.00015954310550936324,False
Mutual Information,EX_GRUPO_ENC_AUC,NUM_HIJOS_NOR,0.0025895199211837705,False
Mutual Information,EX_GRUPO_ENC_AUC,DES_BIE_ENC,0.009936903904122107,False
Mutual Information,EX_GRUPO_ENC_ELN,POS_CON_ENC,3.0330836242389858e-05,False
Mutual Information,EX_GRUPO_ENC_ELN,BEN_TRV_ENC,0.0009153211966391427,False
Mutual Information,EX_GRUPO_ENC_ELN,BEN_FA_ENC,6.239281025583864e-05,False
Mutual Information,EX_GRUPO_ENC_ELN,BEN_FPT_ENC,5.059676419100494e-06,False
Mutual Information,EX_GRUPO_ENC_ELN,BEN_PDT_ENC,0.0010446828196449542,False
Mutual Information,EX_GRUPO_ENC_ELN,POS_SPU_ENC,7.044273749617913e-06,False
Mutual Information,EX_GRUPO_ENC_ELN,REG_SAL_ENC,4.390295964364077e-05,False
Mutual Information,EX_GRUPO_ENC_ELN,SEXO_ENC,0.0034018615494523924,False
Mutual Information,EX_GRUPO_ENC_ELN,NIV_EDU_ENC,8.669020580359156e-05,False
Mutual Information,EX_GRUPO_ENC_ELN,POS_SSO_ENC,0.00037046447716764354,False
Mutual Information,EX_GRUPO_ENC_ELN,GRUPO_ETAR_ENC_Entre 18 y 25 años,0.0003447685859228741,False
Mutual Information,EX_GRUPO_ENC_ELN,GRUPO_ETAR_ENC_Entre 26 y 40 años,0.005810626395074153,False
Mutual Information,EX_GRUPO_ENC_ELN,GRUPO_ETAR_ENC_Entre 41 y 60 años,0.005349522372545795,False
Mutual Information,EX_GRUPO_ENC_ELN,GRUPO_ETAR_ENC_Mayor de 60 años,0.00019603182590301367,False
Mutual Information,EX_GRUPO_ENC_ELN,EX_GRUPO_ENC_AUC,0.05731350906210245,False
Mutual Information,EX_GRUPO_ENC_ELN,EX_GRUPO_ENC_EPL,8.813661759444688e-05,False
Mutual Information,EX_GRUPO_ENC_ELN,EX_GRUPO_ENC_ERG,0.0001340202586822374,False
Mutual Information,EX_GRUPO_ENC_ELN,EX_GRUPO_ENC_ERP,0.0002294323490740595,False
Mutual Information,EX_GRUPO_ENC_ELN,EX_GRUPO_ENC_FARC,0.024080925608904014,False
Mutual Information,EX_GRUPO_ENC_ELN,TIP_VIV_ENC_Apartamento,7.072012678285833e-05,False
Mutual Information,EX_GRUPO_ENC_ELN,TIP_VIV_ENC_Casa,7.987025595690422e-05,False
Mutual Information,EX_GRUPO_ENC_ELN,TIP_VIV_ENC_Casa_Lote,6.271875829954622e-05,False
Mutual Information,EX_GRUPO_ENC_ELN,TIP_VIV_ENC_Finca,1.7621753876009144e-06,False
Mutual Information,EX_GRUPO_ENC_ELN,TIP_VIV_ENC_Habitacion,1.3973553684657608e-05,False
Mutual Information,EX_GRUPO_ENC_ELN,TIP_VIV_ENC_Otro,2.8371602733942743e-05,False
Mutual Information,EX_GRUPO_ENC_ELN,TIP_VIV_ENC_Rancho,6.036062289924149e-07,False
Mutual Information,EX_GRUPO_ENC_ELN,TIP_VIV_ENC_Vivienda indigena,0.00012541697457905173,False
Mutual Information,EX_GRUPO_ENC_ELN,REG_VIV_ENC_Familiar,0.00016593928115372458,False
Mutual Information,EX_GRUPO_ENC_ELN,REG_VIV_ENC_No_Registra,3.5229130430866097e-06,False
Mutual Information,EX_GRUPO_ENC_ELN,REG_VIV_ENC_Otra_forma,7.337558927556984e-05,False
Mutual Information,EX_GRUPO_ENC_ELN,REG_VIV_ENC_Sana_posesión_título,3.1030970789988795e-05,False
Mutual Information,EX_GRUPO_ENC_ELN,REG_VIV_ENC_arriendo_subarriendo,0.00042129874325466665,False
Mutual Information,EX_GRUPO_ENC_ELN,REG_VIV_ENC_usufructo,0.0002541788795752606,False
Mutual Information,EX_GRUPO_ENC_ELN,OCU_ECO_ENC_Desocupados,1.3988118267478644e-05,False
Mutual Information,EX_GRUPO_ENC_ELN,OCU_ECO_ENC_Ocupados_Informal,0.00017526467651145933,False
Mutual Information,EX_GRUPO_ENC_ELN,NUM_HIJOS_NOR,0.0005288754547927142,False
Mutual Information,EX_GRUPO_ENC_ELN,DES_BIE_ENC,0.0010614040945075252,False
Mutual Information,EX_GRUPO_ENC_EPL,POS_CON_ENC,1.8811560816012207e-11,False
Mutual Information,EX_GRUPO_ENC_EPL,BEN_TRV_ENC,0.00013484813913486717,False
Mutual Information,EX_GRUPO_ENC_EPL,BEN_FA_ENC,2.656601775694132e-06,False
Mutual Information,EX_GRUPO_ENC_EPL,BEN_FPT_ENC,0.00013940514589190934,False
Mutual Information,EX_GRUPO_ENC_EPL,BEN_PDT_ENC,0.00012942599385312985,False
Mutual Information,EX_GRUPO_ENC_EPL,POS_SPU_ENC,1.70402752359914e-05,False
Mutual Information,EX_GRUPO_ENC_EPL,REG_SAL_ENC,2.869072542136756e-05,False
Mutual Information,EX_GRUPO_ENC_EPL,SEXO_ENC,6.773306154293822e-05,False
Mutual Information,EX_GRUPO_ENC_EPL,NIV_EDU_ENC,0.00028932548184903853,False
Mutual Information,EX_GRUPO_ENC_EPL,POS_SSO_ENC,0.00018471966015290854,False
Mutual Information,EX_GRUPO_ENC_EPL,GRUPO_ETAR_ENC_Entre 18 y 25 años,2.227791088010682e-06,False
Mutual Information,EX_GRUPO_ENC_EPL,GRUPO_ETAR_ENC_Entre 26 y 40 años,0.00020184729682217817,False
Mutual Information,EX_GRUPO_ENC_EPL,GRUPO_ETAR_ENC_Entre 41 y 60 años,0.0002748879083539651,False
Mutual Information,EX_GRUPO_ENC_EPL,GRUPO_ETAR_ENC_Mayor de 60 años,2.655649205853699e-05,False
Mutual Information,EX_GRUPO_ENC_EPL,EX_GRUPO_ENC_AUC,0.0013651417295836334,False
Mutual Information,EX_GRUPO_ENC_EPL,EX_GRUPO_ENC_ELN,8.813661759444688e-05,False
Mutual Information,EX_GRUPO_ENC_EPL,EX_GRUPO_ENC_ERG,3.2571480410754916e-06,False
Mutual Information,EX_GRUPO_ENC_EPL,EX_GRUPO_ENC_ERP,5.575853553338103e-06,False
Mutual Information,EX_GRUPO_ENC_EPL,EX_GRUPO_ENC_FARC,0.0005812467517059636,False
Mutual Information,EX_GRUPO_ENC_EPL,TIP_VIV_ENC_Apartamento,1.841563002649314e-05,False
Mutual Information,EX_GRUPO_ENC_EPL,TIP_VIV_ENC_Casa,1.3400991773695504e-05,False
Mutual Information,EX_GRUPO_ENC_EPL,TIP_VIV_ENC_Casa_Lote,7.1835021840849136e-06,False
Mutual Information,EX_GRUPO_ENC_EPL,TIP_VIV_ENC_Finca,6.584314589977132e-07,False
Mutual Information,EX_GRUPO_ENC_EPL,TIP_VIV_ENC_Habitacion,9.351179362807917e-05,False
Mutual Information,EX_GRUPO_ENC_EPL,TIP_VIV_ENC_Otro,1.843821703271381e-05,False
Mutual Information,EX_GRUPO_ENC_EPL,TIP_VIV_ENC_Rancho,5.262816216858399e-05,False
Mutual Information,EX_GRUPO_ENC_EPL,TIP_VIV_ENC_Vivienda indigena,9.362379304625641e-06,False
Mutual Information,EX_GRUPO_ENC_EPL,REG_VIV_ENC_Familiar,1.5579737262334456e-05,False
Mutual Information,EX_GRUPO_ENC_EPL,REG_VIV_ENC_No_Registra,8.562155042303801e-08,False
Mutual Information,EX_GRUPO_ENC_EPL,REG_VIV_ENC_Otra_forma,5.727303217757662e-05,False
Mutual Information,EX_GRUPO_ENC_EPL,REG_VIV_ENC_Sana_posesión_título,4.544863896674238e-06,False
Mutual Information,EX_GRUPO_ENC_EPL,REG_VIV_ENC_arriendo_subarriendo,1.0132091432189447e-05,False
Mutual Information,EX_GRUPO_ENC_EPL,REG_VIV_ENC_usufructo,5.682790746549225e-05,False
Mutual Information,EX_GRUPO_ENC_EPL,OCU_ECO_ENC_Desocupados,7.60985608368181e-07,False
Mutual Information,EX_GRUPO_ENC_EPL,OCU_ECO_ENC_Ocupados_Informal,3.0367791380046458e-06,False
Mutual Information,EX_GRUPO_ENC_EPL,NUM_HIJOS_NOR,7.780774754295879e-05,False
Mutual Information,EX_GRUPO_ENC_EPL,DES_BIE_ENC,7.61247214598167e-05,False
Mutual Information,EX_GRUPO_ENC_ERG,POS_CON_ENC,0.00012258110701216397,False
Mutual Information,EX_GRUPO_ENC_ERG,BEN_TRV_ENC,1.1773107722876704e-05,False
Mutual Information,EX_GRUPO_ENC_ERG,BEN_FA_ENC,4.039574217631729e-06,False
Mutual Information,EX_GRUPO_ENC_ERG,BEN_FPT_ENC,3.2571480410754916e-06,False
Mutual Information,EX_GRUPO_ENC_ERG,BEN_PDT_ENC,1.3274690735834275e-05,False
Mutual Information,EX_GRUPO_ENC_ERG,POS_SPU_ENC,0.0002384557620855243,False
Mutual Information,EX_GRUPO_ENC_ERG,REG_SAL_ENC,6.89641384100069e-06,False
Mutual Information,EX_GRUPO_ENC_ERG,SEXO_ENC,6.138451057290627e-05,False
Mutual Information,EX_GRUPO_ENC_ERG,NIV_EDU_ENC,0.0002667727050881855,False
Mutual Information,EX_GRUPO_ENC_ERG,POS_SSO_ENC,5.334445677574557e-06,False
Mutual Information,EX_GRUPO_ENC_ERG,GRUPO_ETAR_ENC_Entre 18 y 25 años,3.387533282505923e-06,False
Mutual Information,EX_GRUPO_ENC_ERG,GRUPO_ETAR_ENC_Entre 26 y 40 años,1.0154977384164987e-08,False
Mutual Information,EX_GRUPO_ENC_ERG,GRUPO_ETAR_ENC_Entre 41 y 60 años,1.9998702397671514e-05,False
Mutual Information,EX_GRUPO_ENC_ERG,GRUPO_ETAR_ENC_Mayor de 60 años,9.325606217316105e-05,False
Mutual Information,EX_GRUPO_ENC_ERG,EX_GRUPO_ENC_AUC,0.002076323166519959,False
Mutual Information,EX_GRUPO_ENC_ERG,EX_GRUPO_ENC_ELN,0.0001340202586822374,False
Mutual Information,EX_GRUPO_ENC_ERG,EX_GRUPO_ENC_EPL,3.2571480410754916e-06,False
Mutual Information,EX_GRUPO_ENC_ERG,EX_GRUPO_ENC_ERP,8.478531874390148e-06,False
Mutual Information,EX_GRUPO_ENC_ERG,EX_GRUPO_ENC_FARC,0.0008839083818812411,False
Mutual Information,EX_GRUPO_ENC_ERG,TIP_VIV_ENC_Apartamento,4.550439475385854e-05,False
Mutual Information,EX_GRUPO_ENC_ERG,TIP_VIV_ENC_Casa,3.7527548125693144e-06,False
Mutual Information,EX_GRUPO_ENC_ERG,TIP_VIV_ENC_Casa_Lote,5.296251878230372e-05,False
Mutual Information,EX_GRUPO_ENC_ERG,TIP_VIV_ENC_Finca,2.3786131857406103e-06,False
Mutual Information,EX_GRUPO_ENC_ERG,TIP_VIV_ENC_Habitacion,0.00014219383798350603,False
Mutual Information,EX_GRUPO_ENC_ERG,TIP_VIV_ENC_Otro,2.8036832890194693e-05,False
Mutual Information,EX_GRUPO_ENC_ERG,TIP_VIV_ENC_Rancho,7.73972402629301e-05,False
Mutual Information,EX_GRUPO_ENC_ERG,TIP_VIV_ENC_Vivienda indigena,0.00045146190464437873,False
Mutual Information,EX_GRUPO_ENC_ERG,REG_VIV_ENC_Familiar,2.369026925824226e-05,False
Mutual Information,EX_GRUPO_ENC_ERG,REG_VIV_ENC_No_Registra,1.3019433461045667e-07,False
Mutual Information,EX_GRUPO_ENC_ERG,REG_VIV_ENC_Otra_forma,0.0001641866241433045,False
Mutual Information,EX_GRUPO_ENC_ERG,REG_VIV_ENC_Sana_posesión_título,6.910828603251713e-06,False
Mutual Information,EX_GRUPO_ENC_ERG,REG_VIV_ENC_arriendo_subarriendo,1.8337396762256944e-05,False
Mutual Information,EX_GRUPO_ENC_ERG,REG_VIV_ENC_usufructo,4.706074303252291e-06,False
Mutual Information,EX_GRUPO_ENC_ERG,OCU_ECO_ENC_Desocupados,4.452262394931633e-05,False
Mutual Information,EX_GRUPO_ENC_ERG,OCU_ECO_ENC_Ocupados_Informal,9.220333500600288e-06,False
Mutual Information,EX_GRUPO_ENC_ERG,NUM_HIJOS_NOR,0.0002903526752140945,False
Mutual Information,EX_GRUPO_ENC_ERG,DES_BIE_ENC,1.840426938378662e-05,False
Mutual Information,EX_GRUPO_ENC_ERP,POS_CON_ENC,5.851003236400504e-05,False
Mutual Information,EX_GRUPO_ENC_ERP,BEN_TRV_ENC,5.4917435199618994e-05,False
Mutual Information,EX_GRUPO_ENC_ERP,BEN_FA_ENC,6.915275912186894e-06,False
Mutual Information,EX_GRUPO_ENC_ERP,BEN_FPT_ENC,5.575853553338103e-06,False
Mutual Information,EX_GRUPO_ENC_ERP,BEN_PDT_ENC,5.88503682753598e-05,False
Mutual Information,EX_GRUPO_ENC_ERP,POS_SPU_ENC,0.00037477763121843144,False
Mutual Information,EX_GRUPO_ENC_ERP,REG_SAL_ENC,1.5990891836818386e-05,False
Mutual Information,EX_GRUPO_ENC_ERP,SEXO_ENC,0.00011109968362661444,False
Mutual Information,EX_GRUPO_ENC_ERP,NIV_EDU_ENC,0.0004008775950953335,False
Mutual Information,EX_GRUPO_ENC_ERP,POS_SSO_ENC,7.813340083096323e-05,False
Mutual Information,EX_GRUPO_ENC_ERP,GRUPO_ETAR_ENC_Entre 18 y 25 años,5.799057851181219e-06,False
Mutual Information,EX_GRUPO_ENC_ERP,GRUPO_ETAR_ENC_Entre 26 y 40 años,5.51205141561921e-06,False
Mutual Information,EX_GRUPO_ENC_ERP,GRUPO_ETAR_ENC_Entre 41 y 60 años,2.3553983728597655e-06,False
Mutual Information,EX_GRUPO_ENC_ERP,GRUPO_ETAR_ENC_Mayor de 60 años,3.1570860523947534e-06,False
Mutual Information,EX_GRUPO_ENC_ERP,EX_GRUPO_ENC_AUC,0.0035562642360249704,False
Mutual Information,EX_GRUPO_ENC_ERP,EX_GRUPO_ENC_ELN,0.0002294323490740595,False
Mutual Information,EX_GRUPO_ENC_ERP,EX_GRUPO_ENC_EPL,5.575853553338103e-06,False
Mutual Information,EX_GRUPO_ENC_ERP,EX_GRUPO_ENC_ERG,8.478531874390148e-06,False
Mutual Information,EX_GRUPO_ENC_ERP,EX_GRUPO_ENC_FARC,0.0015134197795871607,False
Mutual Information,EX_GRUPO_ENC_ERP,TIP_VIV_ENC_Apartamento,6.142306820493271e-07,False
Mutual Information,EX_GRUPO_ENC_ERP,TIP_VIV_ENC_Casa,3.44871267215531e-06,False
Mutual Information,EX_GRUPO_ENC_ERP,TIP_VIV_ENC_Casa_Lote,9.066640034666174e-05,False
Mutual Information,EX_GRUPO_ENC_ERP,TIP_VIV_ENC_Finca,0.0001333594281081596,False
Mutual Information,EX_GRUPO_ENC_ERP,TIP_VIV_ENC_Habitacion,6.9257807234850664e-06,False
Mutual Information,EX_GRUPO_ENC_ERP,TIP_VIV_ENC_Otro,3.665893488290911e-05,False
Mutual Information,EX_GRUPO_ENC_ERP,TIP_VIV_ENC_Rancho,1.1398653684193284e-06,False
Mutual Information,EX_GRUPO_ENC_ERP,TIP_VIV_ENC_Vivienda indigena,2.4370837762235573e-05,False
Mutual Information,EX_GRUPO_ENC_ERP,REG_VIV_ENC_Familiar,4.055509714778402e-05,False
Mutual Information,EX_GRUPO_ENC_ERP,REG_VIV_ENC_No_Registra,2.2287722711671065e-07,False
Mutual Information,EX_GRUPO_ENC_ERP,REG_VIV_ENC_Otra_forma,2.3601444910612956e-05,False
Mutual Information,EX_GRUPO_ENC_ERP,REG_VIV_ENC_Sana_posesión_título,1.18305317635169e-05,False
Mutual Information,EX_GRUPO_ENC_ERP,REG_VIV_ENC_arriendo_subarriendo,8.838980335816593e-06,False
Mutual Information,EX_GRUPO_ENC_ERP,REG_VIV_ENC_usufructo,0.00014792933108015438,False
Mutual Information,EX_GRUPO_ENC_ERP,OCU_ECO_ENC_Desocupados,2.099968019220232e-05,False
Mutual Information,EX_GRUPO_ENC_ERP,OCU_ECO_ENC_Ocupados_Informal,4.577831205273414e-07,False
Mutual Information,EX_GRUPO_ENC_ERP,NUM_HIJOS_NOR,0.0008308780093733682,False
Mutual Information,EX_GRUPO_ENC_ERP,DES_BIE_ENC,2.9783738942820367e-05,False
Mutual Information,EX_GRUPO_ENC_FARC,POS_CON_ENC,0.0004424484776614501,False
Mutual Information,EX_GRUPO_ENC_FARC,BEN_TRV_ENC,0.006940626539705147,False
Mutual Information,EX_GRUPO_ENC_FARC,BEN_FA_ENC,3.327063889669354e-05,False
Mutual Information,EX_GRUPO_ENC_FARC,BEN_FPT_ENC,3.9985634198348545e-05,False
Mutual Information,EX_GRUPO_ENC_FARC,BEN_PDT_ENC,0.007124814520675149,False
Mutual Information,EX_GRUPO_ENC_FARC,POS_SPU_ENC,0.00024851375552950583,False
Mutual Information,EX_GRUPO_ENC_FARC,REG_SAL_ENC,0.00017693125201800886,False
Mutual Information,EX_GRUPO_ENC_FARC,SEXO_ENC,0.02400306141164102,False
Mutual Information,EX_GRUPO_ENC_FARC,NIV_EDU_ENC,0.0026235702201432218,False
Mutual Information,EX_GRUPO_ENC_FARC,POS_SSO_ENC,0.000244485700796502,False
Mutual Information,EX_GRUPO_ENC_FARC,GRUPO_ETAR_ENC_Entre 18 y 25 años,0.0005174807463143669,False
Mutual Information,EX_GRUPO_ENC_FARC,GRUPO_ETAR_ENC_Entre 26 y 40 años,0.031128200964071567,False
Mutual Information,EX_GRUPO_ENC_FARC,GRUPO_ETAR_ENC_Entre 41 y 60 años,0.028638509968070935,False
Mutual Information,EX_GRUPO_ENC_FARC,GRUPO_ETAR_ENC_Mayor de 60 años,0.00045733617552896205,False
Mutual Information,EX_GRUPO_ENC_FARC,EX_GRUPO_ENC_AUC,0.4546713721890986,True
Mutual Information,EX_GRUPO_ENC_FARC,EX_GRUPO_ENC_ELN,0.024080925608904014,False
Mutual Information,EX_GRUPO_ENC_FARC,EX_GRUPO_ENC_EPL,0.0005812467517059636,False
Mutual Information,EX_GRUPO_ENC_FARC,EX_GRUPO_ENC_ERG,0.0008839083818812411,False
Mutual Information,EX_GRUPO_ENC_FARC,EX_GRUPO_ENC_ERP,0.0015134197795871607,False
Mutual Information,EX_GRUPO_ENC_FARC,TIP_VIV_ENC_Apartamento,0.00021185340110907447,False
Mutual Information,EX_GRUPO_ENC_FARC,TIP_VIV_ENC_Casa,0.00021224987438006604,False
Mutual Information,EX_GRUPO_ENC_FARC,TIP_VIV_ENC_Casa_Lote,2.61492901277513e-05,False
Mutual Information,EX_GRUPO_ENC_FARC,TIP_VIV_ENC_Finca,1.2392606660811822e-05,False
Mutual Information,EX_GRUPO_ENC_FARC,TIP_VIV_ENC_Habitacion,5.449553619699121e-05,False
Mutual Information,EX_GRUPO_ENC_FARC,TIP_VIV_ENC_Otro,0.00017265768574563356,False
Mutual Information,EX_GRUPO_ENC_FARC,TIP_VIV_ENC_Rancho,0.0004975785509820918,False
Mutual Information,EX_GRUPO_ENC_FARC,TIP_VIV_ENC_Vivienda indigena,0.0004271423388820285,False
Mutual Information,EX_GRUPO_ENC_FARC,REG_VIV_ENC_Familiar,6.780539834857352e-05,False
Mutual Information,EX_GRUPO_ENC_FARC,REG_VIV_ENC_No_Registra,2.322982583312014e-05,False
Mutual Information,EX_GRUPO_ENC_FARC,REG_VIV_ENC_Otra_forma,7.507908237360666e-05,False
Mutual Information,EX_GRUPO_ENC_FARC,REG_VIV_ENC_Sana_posesión_título,6.584266626558956e-06,False
Mutual Information,EX_GRUPO_ENC_FARC,REG_VIV_ENC_arriendo_subarriendo,0.0030274101977600387,False
Mutual Information,EX_GRUPO_ENC_FARC,REG_VIV_ENC_usufructo,0.0009326700813368921,False
Mutual Information,EX_GRUPO_ENC_FARC,OCU_ECO_ENC_Desocupados,0.0005537296235983424,False
Mutual Information,EX_GRUPO_ENC_FARC,OCU_ECO_ENC_Ocupados_Informal,3.6619481222799344e-05,False
Mutual Information,EX_GRUPO_ENC_FARC,NUM_HIJOS_NOR,0.002406173961899366,False
Mutual Information,EX_GRUPO_ENC_FARC,DES_BIE_ENC,0.007955379975326624,False
Mutual Information,TIP_VIV_ENC_Apartamento,POS_CON_ENC,2.0206965483660078e-06,False
Mutual Information,TIP_VIV_ENC_Apartamento,BEN_TRV_ENC,6.770037786485439e-07,False
Mutual Information,TIP_VIV_ENC_Apartamento,BEN_FA_ENC,4.7197581864272383e-05,False
Mutual Information,TIP_VIV_ENC_Apartamento,BEN_FPT_ENC,0.0002692571364760251,False
Mutual Information,TIP_VIV_ENC_Apartamento,BEN_PDT_ENC,2.5542382600038382e-06,False
Mutual Information,TIP_VIV_ENC_Apartamento,POS_SPU_ENC,0.03361403263215157,False
Mutual Information,TIP_VIV_ENC_Apartamento,REG_SAL_ENC,0.012692810178915992,False
Mutual Information,TIP_VIV_ENC_Apartamento,SEXO_ENC,0.000283406565454572,False
Mutual Information,TIP_VIV_ENC_Apartamento,NIV_EDU_ENC,0.001474102851851563,False
Mutual Information,TIP_VIV_ENC_Apartamento,POS_SSO_ENC,0.0002338560493434119,False
Mutual Information,TIP_VIV_ENC_Apartamento,GRUPO_ETAR_ENC_Entre 18 y 25 años,3.083595933544127e-06,False
Mutual Information,TIP_VIV_ENC_Apartamento,GRUPO_ETAR_ENC_Entre 26 y 40 años,0.0012426840783897608,False
Mutual Information,TIP_VIV_ENC_Apartamento,GRUPO_ETAR_ENC_Entre 41 y 60 años,0.00045495489701344316,False
Mutual Information,TIP_VIV_ENC_Apartamento,GRUPO_ETAR_ENC_Mayor de 60 años,0.0014753639644461101,False
Mutual Information,TIP_VIV_ENC_Apartamento,EX_GRUPO_ENC_AUC,0.00029756736428768193,False
Mutual Information,TIP_VIV_ENC_Apartamento,EX_GRUPO_ENC_ELN,7.072012678285833e-05,False
Mutual Information,TIP_VIV_ENC_Apartamento,EX_GRUPO_ENC_EPL,1.841563002649314e-05,False
Mutual Information,TIP_VIV_ENC_Apartamento,EX_GRUPO_ENC_ERG,4.550439475385854e-05,False
Mutual Information,TIP_VIV_ENC_Apartamento,EX_GRUPO_ENC_ERP,6.142306820493271e-07,False
Mutual Information,TIP_VIV_ENC_Apartamento,EX_GRUPO_ENC_FARC,0.00021185340110907447,False
Mutual Information,TIP_VIV_ENC_Apartamento,TIP_VIV_ENC_Casa,0.23028204247678644,False
Mutual Information,TIP_VIV_ENC_Apartamento,TIP_VIV_ENC_Casa_Lote,0.004662594198506939,False
Mutual Information,TIP_VIV_ENC_Apartamento,TIP_VIV_ENC_Finca,0.006862158266452478,False
Mutual Information,TIP_VIV_ENC_Apartamento,TIP_VIV_ENC_Habitacion,0.012545063447823301,False
Mutual Information,TIP_VIV_ENC_Apartamento,TIP_VIV_ENC_Otro,0.0024667927814862184,False
Mutual Information,TIP_VIV_ENC_Apartamento,TIP_VIV_ENC_Rancho,0.005310163397394402,False
Mutual Information,TIP_VIV_ENC_Apartamento,TIP_VIV_ENC_Vivienda indigena,0.00125215794746443,False
Mutual Information,TIP_VIV_ENC_Apartamento,REG_VIV_ENC_Familiar,0.001190497943082629,False
Mutual Information,TIP_VIV_ENC_Apartamento,REG_VIV_ENC_No_Registra,0.00010106841406154184,False
Mutual Information,TIP_VIV_ENC_Apartamento,REG_VIV_ENC_Otra_forma,0.0035380761121766675,False
Mutual Information,TIP_VIV_ENC_Apartamento,REG_VIV_ENC_Sana_posesión_título,0.00028838295794759343,False
Mutual Information,TIP_VIV_ENC_Apartamento,REG_VIV_ENC_arriendo_subarriendo,0.04843431618446098,False
Mutual Information,TIP_VIV_ENC_Apartamento,REG_VIV_ENC_usufructo,0.003904916066833116,False
Mutual Information,TIP_VIV_ENC_Apartamento,OCU_ECO_ENC_Desocupados,0.00010756729283965816,False
Mutual Information,TIP_VIV_ENC_Apartamento,OCU_ECO_ENC_Ocupados_Informal,0.0008972040557293087,False
Mutual Information,TIP_VIV_ENC_Apartamento,NUM_HIJOS_NOR,0.0019969495224795436,False
Mutual Information,TIP_VIV_ENC_Apartamento,DES_BIE_ENC,0.0027260303526644714,False
Mutual Information,TIP_VIV_ENC_Casa,POS_CON_ENC,0.0008214607056590273,False
Mutual Information,TIP_VIV_ENC_Casa,BEN_TRV_ENC,0.00016972006609885376,False
Mutual Information,TIP_VIV_ENC_Casa,BEN_FA_ENC,5.951016410998952e-05,False
Mutual Information,TIP_VIV_ENC_Casa,BEN_FPT_ENC,0.00014349034281097885,False
Mutual Information,TIP_VIV_ENC_Casa,BEN_PDT_ENC,0.0001498204192537933,False
Mutual Information,TIP_VIV_ENC_Casa,POS_SPU_ENC,0.00037608386863860477,False
Mutual Information,TIP_VIV_ENC_Casa,REG_SAL_ENC,0.0024284841487439146,False
Mutual Information,TIP_VIV_ENC_Casa,SEXO_ENC,5.835410313542733e-06,False
Mutual Information,TIP_VIV_ENC_Casa,NIV_EDU_ENC,6.455283363057673e-05,False
Mutual Information,TIP_VIV_ENC_Casa,POS_SSO_ENC,4.6628322366283354e-05,False
Mutual Information,TIP_VIV_ENC_Casa,GRUPO_ETAR_ENC_Entre 18 y 25 años,4.5598845786748356e-05,False
Mutual Information,TIP_VIV_ENC_Casa,GRUPO_ETAR_ENC_Entre 26 y 40 años,1.4872509734975559e-05,False
Mutual Information,TIP_VIV_ENC_Casa,GRUPO_ETAR_ENC_Entre 41 y 60 años,1.499959079837021e-05,False
Mutual Information,TIP_VIV_ENC_Casa,GRUPO_ETAR_ENC_Mayor de 60 años,2.1437516938491163e-06,False
Mutual Information,TIP_VIV_ENC_Casa,EX_GRUPO_ENC_AUC,0.00031019524735198534,False
Mutual Information,TIP_VIV_ENC_Casa,EX_GRUPO_ENC_ELN,7.987025595690422e-05,False
Mutual Information,TIP_VIV_ENC_Casa,EX_GRUPO_ENC_EPL,1.3400991773695504e-05,False
Mutual Information,TIP_VIV_ENC_Casa,EX_GRUPO_ENC_ERG,3.7527548125693144e-06,False
Mutual Information,TIP_VIV_ENC_Casa,EX_GRUPO_ENC_ERP,3.44871267215531e-06,False
Mutual Information,TIP_VIV_ENC_Casa,EX_GRUPO_ENC_FARC,0.00021224987438006604,False
Mutual Information,TIP_VIV_ENC_Casa,TIP_VIV_ENC_Apartamento,0.23028204247678644,False
Mutual Information,TIP_VIV_ENC_Casa,TIP_VIV_ENC_Casa_Lote,0.02569890333984176,False
Mutual Information,TIP_VIV_ENC_Casa,TIP_VIV_ENC_Finca,0.03797674314179701,False
Mutual Information,TIP_VIV_ENC_Casa,TIP_VIV_ENC_Habitacion,0.07019295890331972,False
Mutual Information,TIP_VIV_ENC_Casa,TIP_VIV_ENC_Otro,0.013542259314185748,False
Mutual Information,TIP_VIV_ENC_Casa,TIP_VIV_ENC_Rancho,0.029302986504543743,False
Mutual Information,TIP_VIV_ENC_Casa,TIP_VIV_ENC_Vivienda indigena,0.006859261587877759,False
Mutual Information,TIP_VIV_ENC_Casa,REG_VIV_ENC_Familiar,7.076203535624076e-06,False
Mutual Information,TIP_VIV_ENC_Casa,REG_VIV_ENC_No_Registra,6.257227947608333e-05,False
Mutual Information,TIP_VIV_ENC_Casa,REG_VIV_ENC_Otra_forma,0.0006056829545584563,False
Mutual Information,TIP_VIV_ENC_Casa,REG_VIV_ENC_Sana_posesión_título,0.00018192813556677963,False
Mutual Information,TIP_VIV_ENC_Casa,REG_VIV_ENC_arriendo_subarriendo,0.01909019580557894,False
Mutual Information,TIP_VIV_ENC_Casa,REG_VIV_ENC_usufructo,0.002491290490262421,False
Mutual Information,TIP_VIV_ENC_Casa,OCU_ECO_ENC_Desocupados,4.545664418181827e-06,False
Mutual Information,TIP_VIV_ENC_Casa,OCU_ECO_ENC_Ocupados_Informal,3.43648453363099e-06,False
Mutual Information,TIP_VIV_ENC_Casa,NUM_HIJOS_NOR,0.0018416426934810023,False
Mutual Information,TIP_VIV_ENC_Casa,DES_BIE_ENC,0.0014323995347234053,False
Mutual Information,TIP_VIV_ENC_Casa_Lote,POS_CON_ENC,0.0004191698752053566,False
Mutual Information,TIP_VIV_ENC_Casa_Lote,BEN_TRV_ENC,0.0008928199145757493,False
Mutual Information,TIP_VIV_ENC_Casa_Lote,BEN_FA_ENC,4.3197298391877206e-05,False
Mutual Information,TIP_VIV_ENC_Casa_Lote,BEN_FPT_ENC,3.4830335805478493e-05,False
Mutual Information,TIP_VIV_ENC_Casa_Lote,BEN_PDT_ENC,0.0009274447450710135,False
Mutual Information,TIP_VIV_ENC_Casa_Lote,POS_SPU_ENC,0.0038403255981899406,False
Mutual Information,TIP_VIV_ENC_Casa_Lote,REG_SAL_ENC,0.0004682807936761263,False
Mutual Information,TIP_VIV_ENC_Casa_Lote,SEXO_ENC,0.00010118968141566154,False
Mutual Information,TIP_VIV_ENC_Casa_Lote,NIV_EDU_ENC,5.6991409378892056e-05,False
Mutual Information,TIP_VIV_ENC_Casa_Lote,POS_SSO_ENC,0.0006444884080231562,False
Mutual Information,TIP_VIV_ENC_Casa_Lote,GRUPO_ETAR_ENC_Entre 18 y 25 años,3.6224622853195734e-05,False
Mutual Information,TIP_VIV_ENC_Casa_Lote,GRUPO_ETAR_ENC_Entre 26 y 40 años,0.0006903169838563747,False
Mutual Information,TIP_VIV_ENC_Casa_Lote,GRUPO_ETAR_ENC_Entre 41 y 60 años,0.0005838765340661911,False
Mutual Information,TIP_VIV_ENC_Casa_Lote,GRUPO_ETAR_ENC_Mayor de 60 años,2.4442354717608104e-05,False
Mutual Information,TIP_VIV_ENC_Casa_Lote,EX_GRUPO_ENC_AUC,9.414994114510106e-05,False
Mutual Information,TIP_VIV_ENC_Casa_Lote,EX_GRUPO_ENC_ELN,6.271875829954622e-05,False
Mutual Information,TIP_VIV_ENC_Casa_Lote,EX_GRUPO_ENC_EPL,7.1835021840849136e-06,False
Mutual Information,TIP_VIV_ENC_Casa_Lote,EX_GRUPO_ENC_ERG,5.296251878230372e-05,False
Mutual Information,TIP_VIV_ENC_Casa_Lote,EX_GRUPO_ENC_ERP,9.066640034666174e-05,False
Mutual Information,TIP_VIV_ENC_Casa_Lote,EX_GRUPO_ENC_FARC,2.61492901277513e-05,False
Mutual Information,TIP_VIV_ENC_Casa_Lote,TIP_VIV_ENC_Apartamento,0.004662594198506939,False
Mutual Information,TIP_VIV_ENC_Casa_Lote,TIP_VIV_ENC_Casa,0.02569890333984176,False
Mutual Information,TIP_VIV_ENC_Casa_Lote,TIP_VIV_ENC_Finca,0.0008331907020129384,False
Mutual Information,TIP_VIV_ENC_Casa_Lote,TIP_VIV_ENC_Habitacion,0.001521079048859092,False
Mutual Information,TIP_VIV_ENC_Casa_Lote,TIP_VIV_ENC_Otro,0.0002998303210587777,False
Mutual Information,TIP_VIV_ENC_Casa_Lote,TIP_VIV_ENC_Rancho,0.0006449923360456189,False
Mutual Information,TIP_VIV_ENC_Casa_Lote,TIP_VIV_ENC_Vivienda indigena,0.00015223958657228573,False
Mutual Information,TIP_VIV_ENC_Casa_Lote,REG_VIV_ENC_Familiar,0.0006715468838562437,False
Mutual Information,TIP_VIV_ENC_Casa_Lote,REG_VIV_ENC_No_Registra,1.3922233802022644e-06,False
Mutual Information,TIP_VIV_ENC_Casa_Lote,REG_VIV_ENC_Otra_forma,0.0009314785319166491,False
Mutual Information,TIP_VIV_ENC_Casa_Lote,REG_VIV_ENC_Sana_posesión_título,7.390165600486276e-05,False
Mutual Information,TIP_VIV_ENC_Casa_Lote,REG_VIV_ENC_arriendo_subarriendo,0.002198131587287256,False
Mutual Information,TIP_VIV_ENC_Casa_Lote,REG_VIV_ENC_usufructo,0.0013570964070969103,False
Mutual Information,TIP_VIV_ENC_Casa_Lote,OCU_ECO_ENC_Desocupados,4.1091274228259936e-05,False
Mutual Information,TIP_VIV_ENC_Casa_Lote,OCU_ECO_ENC_Ocupados_Informal,9.130793362434678e-05,False
Mutual Information,TIP_VIV_ENC_Casa_Lote,NUM_HIJOS_NOR,0.000661984723842856,False
Mutual Information,TIP_VIV_ENC_Casa_Lote,DES_BIE_ENC,0.0002720830698867138,False
Mutual Information,TIP_VIV_ENC_Finca,POS_CON_ENC,3.6793707262894326e-07,False
Mutual Information,TIP_VIV_ENC_Finca,BEN_TRV_ENC,0.0016569712690162053,False
Mutual Information,TIP_VIV_ENC_Finca,BEN_FA_ENC,6.353769527149035e-05,False
Mutual Information,TIP_VIV_ENC_Finca,BEN_FPT_ENC,5.123091303588061e-05,False
Mutual Information,TIP_VIV_ENC_Finca,BEN_PDT_ENC,0.0012751493027921674,False
Mutual Information,TIP_VIV_ENC_Finca,POS_SPU_ENC,0.01997831978769377,False
Mutual Information,TIP_VIV_ENC_Finca,REG_SAL_ENC,0.0024160403216873863,False
Mutual Information,TIP_VIV_ENC_Finca,SEXO_ENC,1.1537542058612238e-06,False
Mutual Information,TIP_VIV_ENC_Finca,NIV_EDU_ENC,0.0005301174262493241,False
Mutual Information,TIP_VIV_ENC_Finca,POS_SSO_ENC,0.0007179981211276783,False
Mutual Information,TIP_VIV_ENC_Finca,GRUPO_ETAR_ENC_Entre 18 y 25 años,5.3281737631074785e-05,False
Mutual Information,TIP_VIV_ENC_Finca,GRUPO_ETAR_ENC_Entre 26 y 40 años,0.0009441484196869646,False
Mutual Information,TIP_VIV_ENC_Finca,GRUPO_ETAR_ENC_Entre 41 y 60 años,0.00035463846153182405,False
Mutual Information,TIP_VIV_ENC_Finca,GRUPO_ETAR_ENC_Mayor de 60 años,0.0006994740388133469,False
Mutual Information,TIP_VIV_ENC_Finca,EX_GRUPO_ENC_AUC,2.69348766674532e-06,False
Mutual Information,TIP_VIV_ENC_Finca,EX_GRUPO_ENC_ELN,1.7621753876009144e-06,False
Mutual Information,TIP_VIV_ENC_Finca,EX_GRUPO_ENC_EPL,6.584314589977132e-07,False
Mutual Information,TIP_VIV_ENC_Finca,EX_GRUPO_ENC_ERG,2.3786131857406103e-06,False
Mutual Information,TIP_VIV_ENC_Finca,EX_GRUPO_ENC_ERP,0.0001333594281081596,False
Mutual Information,TIP_VIV_ENC_Finca,EX_GRUPO_ENC_FARC,1.2392606660811822e-05,False
Mutual Information,TIP_VIV_ENC_Finca,TIP_VIV_ENC_Apartamento,0.006862158266452478,False
Mutual Information,TIP_VIV_ENC_Finca,TIP_VIV_ENC_Casa,0.03797674314179701,False
Mutual Information,TIP_VIV_ENC_Finca,TIP_VIV_ENC_Casa_Lote,0.0008331907020129384,False
Mutual Information,TIP_VIV_ENC_Finca,TIP_VIV_ENC_Habitacion,0.0022377187062294773,False
Mutual Information,TIP_VIV_ENC_Finca,TIP_VIV_ENC_Otro,0.00044102566949545674,False
Mutual Information,TIP_VIV_ENC_Finca,TIP_VIV_ENC_Rancho,0.0009487703794549829,False
Mutual Information,TIP_VIV_ENC_Finca,TIP_VIV_ENC_Vivienda indigena,0.00022392787988008422,False
Mutual Information,TIP_VIV_ENC_Finca,REG_VIV_ENC_Familiar,0.0011059164366514773,False
Mutual Information,TIP_VIV_ENC_Finca,REG_VIV_ENC_No_Registra,2.0477720603226043e-06,False
Mutual Information,TIP_VIV_ENC_Finca,REG_VIV_ENC_Otra_forma,0.001370233866261103,False
Mutual Information,TIP_VIV_ENC_Finca,REG_VIV_ENC_Sana_posesión_título,0.00010870027552267042,False
Mutual Information,TIP_VIV_ENC_Finca,REG_VIV_ENC_arriendo_subarriendo,0.008049288685552353,False
Mutual Information,TIP_VIV_ENC_Finca,REG_VIV_ENC_usufructo,0.012414010846110067,False
Mutual Information,TIP_VIV_ENC_Finca,OCU_ECO_ENC_Desocupados,0.00033200741035569435,False
Mutual Information,TIP_VIV_ENC_Finca,OCU_ECO_ENC_Ocupados_Informal,4.2406208828393854e-05,False
Mutual Information,TIP_VIV_ENC_Finca,NUM_HIJOS_NOR,0.00018279833194566385,False
Mutual Information,TIP_VIV_ENC_Finca,DES_BIE_ENC,0.00018788867082465688,False
Mutual Information,TIP_VIV_ENC_Habitacion,POS_CON_ENC,0.006285636043500881,False
Mutual Information,TIP_VIV_ENC_Habitacion,BEN_TRV_ENC,0.00026631405337928377,False
Mutual Information,TIP_VIV_ENC_Habitacion,BEN_FA_ENC,1.6412127757481614e-05,False
Mutual Information,TIP_VIV_ENC_Habitacion,BEN_FPT_ENC,3.8062519936619098e-06,False
Mutual Information,TIP_VIV_ENC_Habitacion,BEN_PDT_ENC,0.00024671074011902924,False
Mutual Information,TIP_VIV_ENC_Habitacion,POS_SPU_ENC,0.0015552206307635971,False
Mutual Information,TIP_VIV_ENC_Habitacion,REG_SAL_ENC,4.583805808450192e-05,False
Mutual Information,TIP_VIV_ENC_Habitacion,SEXO_ENC,0.00033781977718706085,False
Mutual Information,TIP_VIV_ENC_Habitacion,NIV_EDU_ENC,0.0003332183940592901,False
Mutual Information,TIP_VIV_ENC_Habitacion,POS_SSO_ENC,0.0003623991893849875,False
Mutual Information,TIP_VIV_ENC_Habitacion,GRUPO_ETAR_ENC_Entre 18 y 25 años,8.260401199647023e-06,False
Mutual Information,TIP_VIV_ENC_Habitacion,GRUPO_ETAR_ENC_Entre 26 y 40 años,1.0162298992311136e-06,False
Mutual Information,TIP_VIV_ENC_Habitacion,GRUPO_ETAR_ENC_Entre 41 y 60 años,5.200908565347606e-05,False
Mutual Information,TIP_VIV_ENC_Habitacion,GRUPO_ETAR_ENC_Mayor de 60 años,0.00041158465087593257,False
Mutual Information,TIP_VIV_ENC_Habitacion,EX_GRUPO_ENC_AUC,6.227768158099944e-05,False
Mutual Information,TIP_VIV_ENC_Habitacion,EX_GRUPO_ENC_ELN,1.3973553684657608e-05,False
Mutual Information,TIP_VIV_ENC_Habitacion,EX_GRUPO_ENC_EPL,9.351179362807917e-05,False
Mutual Information,TIP_VIV_ENC_Habitacion,EX_GRUPO_ENC_ERG,0.00014219383798350603,False
Mutual Information,TIP_VIV_ENC_Habitacion,EX_GRUPO_ENC_ERP,6.9257807234850664e-06,False
Mutual Information,TIP_VIV_ENC_Habitacion,EX_GRUPO_ENC_FARC,5.449553619699121e-05,False
Mutual Information,TIP_VIV_ENC_Habitacion,TIP_VIV_ENC_Apartamento,0.012545063447823301,False
Mutual Information,TIP_VIV_ENC_Habitacion,TIP_VIV_ENC_Casa,0.07019295890331972,False
Mutual Information,TIP_VIV_ENC_Habitacion,TIP_VIV_ENC_Casa_Lote,0.001521079048859092,False
Mutual Information,TIP_VIV_ENC_Habitacion,TIP_VIV_ENC_Finca,0.0022377187062294773,False
Mutual Information,TIP_VIV_ENC_Habitacion,TIP_VIV_ENC_Otro,0.0008050714797389336,False
Mutual Information,TIP_VIV_ENC_Habitacion,TIP_VIV_ENC_Rancho,0.0017321256312032851,False
Mutual Information,TIP_VIV_ENC_Habitacion,TIP_VIV_ENC_Vivienda indigena,0.0004087506899628224,False
Mutual Information,TIP_VIV_ENC_Habitacion,REG_VIV_ENC_Familiar,0.00013458364760535928,False
Mutual Information,TIP_VIV_ENC_Habitacion,REG_VIV_ENC_No_Registra,3.737759440371343e-06,False
Mutual Information,TIP_VIV_ENC_Habitacion,REG_VIV_ENC_Otra_forma,9.786225937923575e-05,False
Mutual Information,TIP_VIV_ENC_Habitacion,REG_VIV_ENC_Sana_posesión_título,4.63474595469417e-06,False
Mutual Information,TIP_VIV_ENC_Habitacion,REG_VIV_ENC_arriendo_subarriendo,0.009480341170840102,False
Mutual Information,TIP_VIV_ENC_Habitacion,REG_VIV_ENC_usufructo,0.00024637420407599454,False
Mutual Information,TIP_VIV_ENC_Habitacion,OCU_ECO_ENC_Desocupados,1.2241905960472949e-05,False
Mutual Information,TIP_VIV_ENC_Habitacion,OCU_ECO_ENC_Ocupados_Informal,2.776557311389566e-05,False
Mutual Information,TIP_VIV_ENC_Habitacion,NUM_HIJOS_NOR,0.0059133821100494505,False
Mutual Information,TIP_VIV_ENC_Habitacion,DES_BIE_ENC,0.00010040644246128022,False
Mutual Information,TIP_VIV_ENC_Otro,POS_CON_ENC,9.219756817031508e-05,False
Mutual Information,TIP_VIV_ENC_Otro,BEN_TRV_ENC,3.785049668310336e-08,False
Mutual Information,TIP_VIV_ENC_Otro,BEN_FA_ENC,2.286743293965221e-05,False
Mutual Information,TIP_VIV_ENC_Otro,BEN_FPT_ENC,1.843821703271381e-05,False
Mutual Information,TIP_VIV_ENC_Otro,BEN_PDT_ENC,1.8909357332088511e-06,False
Mutual Information,TIP_VIV_ENC_Otro,POS_SPU_ENC,0.00455133093038116,False
Mutual Information,TIP_VIV_ENC_Otro,REG_SAL_ENC,0.000771250943046033,False
Mutual Information,TIP_VIV_ENC_Otro,SEXO_ENC,2.1035492304085496e-05,False
Mutual Information,TIP_VIV_ENC_Otro,NIV_EDU_ENC,0.0006178647794253898,False
Mutual Information,TIP_VIV_ENC_Otro,POS_SSO_ENC,3.812985987606838e-05,False
Mutual Information,TIP_VIV_ENC_Otro,GRUPO_ETAR_ENC_Entre 18 y 25 años,1.9176310866550472e-05,False
Mutual Information,TIP_VIV_ENC_Otro,GRUPO_ETAR_ENC_Entre 26 y 40 años,5.8774115494913265e-05,False
Mutual Information,TIP_VIV_ENC_Otro,GRUPO_ETAR_ENC_Entre 41 y 60 años,0.00015454226932664836,False
Mutual Information,TIP_VIV_ENC_Otro,GRUPO_ETAR_ENC_Mayor de 60 años,0.00014096624625025127,False
Mutual Information,TIP_VIV_ENC_Otro,EX_GRUPO_ENC_AUC,0.00024458321221463783,False
Mutual Information,TIP_VIV_ENC_Otro,EX_GRUPO_ENC_ELN,2.8371602733942743e-05,False
Mutual Information,TIP_VIV_ENC_Otro,EX_GRUPO_ENC_EPL,1.843821703271381e-05,False
Mutual Information,TIP_VIV_ENC_Otro,EX_GRUPO_ENC_ERG,2.8036832890194693e-05,False
Mutual Information,TIP_VIV_ENC_Otro,EX_GRUPO_ENC_ERP,3.665893488290911e-05,False
Mutual Information,TIP_VIV_ENC_Otro,EX_GRUPO_ENC_FARC,0.00017265768574563356,False
Mutual Information,TIP_VIV_ENC_Otro,TIP_VIV_ENC_Apartamento,0.0024667927814862184,False
Mutual Information,TIP_VIV_ENC_Otro,TIP_VIV_ENC_Casa,0.013542259314185748,False
Mutual Information,TIP_VIV_ENC_Otro,TIP_VIV_ENC_Casa_Lote,0.0002998303210587777,False
Mutual Information,TIP_VIV_ENC_Otro,TIP_VIV_ENC_Finca,0.00044102566949545674,False
Mutual Information,TIP_VIV_ENC_Otro,TIP_VIV_ENC_Habitacion,0.0008050714797389336,False
Mutual Information,TIP_VIV_ENC_Otro,TIP_VIV_ENC_Rancho,0.0003414160620735726,False
Mutual Information,TIP_VIV_ENC_Otro,TIP_VIV_ENC_Vivienda indigena,8.059029919765814e-05,False
Mutual Information,TIP_VIV_ENC_Otro,REG_VIV_ENC_Familiar,0.00013411021380311042,False
Mutual Information,TIP_VIV_ENC_Otro,REG_VIV_ENC_No_Registra,7.370075120931643e-07,False
Mutual Information,TIP_VIV_ENC_Otro,REG_VIV_ENC_Otra_forma,0.005207692693000348,False
Mutual Information,TIP_VIV_ENC_Otro,REG_VIV_ENC_Sana_posesión_título,4.391918955645811e-06,False
Mutual Information,TIP_VIV_ENC_Otro,REG_VIV_ENC_arriendo_subarriendo,0.00292723064000212,False
Mutual Information,TIP_VIV_ENC_Otro,REG_VIV_ENC_usufructo,8.537298714196909e-08,False
Mutual Information,TIP_VIV_ENC_Otro,OCU_ECO_ENC_Desocupados,5.757145999912144e-06,False
Mutual Information,TIP_VIV_ENC_Otro,OCU_ECO_ENC_Ocupados_Informal,0.0002954708680160574,False
Mutual Information,TIP_VIV_ENC_Otro,NUM_HIJOS_NOR,0.0004685447707214899,False
Mutual Information,TIP_VIV_ENC_Otro,DES_BIE_ENC,0.0002533201585042718,False
Mutual Information,TIP_VIV_ENC_Rancho,POS_CON_ENC,0.00029587538931093865,False
Mutual Information,TIP_VIV_ENC_Rancho,BEN_TRV_ENC,0.0010413704618882562,False
Mutual Information,TIP_VIV_ENC_Rancho,BEN_FA_ENC,4.918821191399192e-05,False
Mutual Information,TIP_VIV_ENC_Rancho,BEN_FPT_ENC,3.9660846772317584e-05,False
Mutual Information,TIP_VIV_ENC_Rancho,BEN_PDT_ENC,0.0010810660657360233,False
Mutual Information,TIP_VIV_ENC_Rancho,POS_SPU_ENC,0.009418949857292545,False
Mutual Information,TIP_VIV_ENC_Rancho,REG_SAL_ENC,0.0008817581948087211,False
Mutual Information,TIP_VIV_ENC_Rancho,SEXO_ENC,9.601215434617075e-05,False
Mutual Information,TIP_VIV_ENC_Rancho,NIV_EDU_ENC,1.9739976927896606e-05,False
Mutual Information,TIP_VIV_ENC_Rancho,POS_SSO_ENC,0.0005938532829987582,False
Mutual Information,TIP_VIV_ENC_Rancho,GRUPO_ETAR_ENC_Entre 18 y 25 años,4.124850518654778e-05,False
Mutual Information,TIP_VIV_ENC_Rancho,GRUPO_ETAR_ENC_Entre 26 y 40 años,0.0006346804868935241,False
Mutual Information,TIP_VIV_ENC_Rancho,GRUPO_ETAR_ENC_Entre 41 y 60 años,0.0005199484725093295,False
Mutual Information,TIP_VIV_ENC_Rancho,GRUPO_ETAR_ENC_Mayor de 60 años,3.341142708110888e-05,False
Mutual Information,TIP_VIV_ENC_Rancho,EX_GRUPO_ENC_AUC,0.00038599160780883324,False
Mutual Information,TIP_VIV_ENC_Rancho,EX_GRUPO_ENC_ELN,6.036062289924149e-07,False
Mutual Information,TIP_VIV_ENC_Rancho,EX_GRUPO_ENC_EPL,5.262816216858399e-05,False
Mutual Information,TIP_VIV_ENC_Rancho,EX_GRUPO_ENC_ERG,7.73972402629301e-05,False
Mutual Information,TIP_VIV_ENC_Rancho,EX_GRUPO_ENC_ERP,1.1398653684193284e-06,False
Mutual Information,TIP_VIV_ENC_Rancho,EX_GRUPO_ENC_FARC,0.0004975785509820918,False
Mutual Information,TIP_VIV_ENC_Rancho,TIP_VIV_ENC_Apartamento,0.005310163397394402,False
Mutual Information,TIP_VIV_ENC_Rancho,TIP_VIV_ENC_Casa,0.029302986504543743,False
Mutual Information,TIP_VIV_ENC_Rancho,TIP_VIV_ENC_Casa_Lote,0.0006449923360456189,False
Mutual Information,TIP_VIV_ENC_Rancho,TIP_VIV_ENC_Finca,0.0009487703794549829,False
Mutual Information,TIP_VIV_ENC_Rancho,TIP_VIV_ENC_Habitacion,0.0017321256312032851,False
Mutual Information,TIP_VIV_ENC_Rancho,TIP_VIV_ENC_Otro,0.0003414160620735726,False
Mutual Information,TIP_VIV_ENC_Rancho,TIP_VIV_ENC_Vivienda indigena,0.00017335394116326647,False
Mutual Information,TIP_VIV_ENC_Rancho,REG_VIV_ENC_Familiar,1.611046166376598e-07,False
Mutual Information,TIP_VIV_ENC_Rancho,REG_VIV_ENC_No_Registra,1.5853046426151903e-06,False
Mutual Information,TIP_VIV_ENC_Rancho,REG_VIV_ENC_Otra_forma,0.0010606964054434426,False
Mutual Information,TIP_VIV_ENC_Rancho,REG_VIV_ENC_Sana_posesión_título,8.415096301181424e-05,False
Mutual Information,TIP_VIV_ENC_Rancho,REG_VIV_ENC_arriendo_subarriendo,0.0033411115952309105,False
Mutual Information,TIP_VIV_ENC_Rancho,REG_VIV_ENC_usufructo,0.0034349247659392727,False
Mutual Information,TIP_VIV_ENC_Rancho,OCU_ECO_ENC_Desocupados,0.0012314401036596576,False
Mutual Information,TIP_VIV_ENC_Rancho,OCU_ECO_ENC_Ocupados_Informal,0.0006540909325303892,False
Mutual Information,TIP_VIV_ENC_Rancho,NUM_HIJOS_NOR,0.001063198317814141,False
Mutual Information,TIP_VIV_ENC_Rancho,DES_BIE_ENC,9.822545956322815e-05,False
Mutual Information,TIP_VIV_ENC_Vivienda indigena,POS_CON_ENC,0.0003290665182277587,False
Mutual Information,TIP_VIV_ENC_Vivienda indigena,BEN_TRV_ENC,0.0004802008692265094,False
Mutual Information,TIP_VIV_ENC_Vivienda indigena,BEN_FA_ENC,4.869224680025138e-05,False
Mutual Information,TIP_VIV_ENC_Vivienda indigena,BEN_FPT_ENC,5.928001490605565e-05,False
Mutual Information,TIP_VIV_ENC_Vivienda indigena,BEN_PDT_ENC,0.000459117536547809,False
Mutual Information,TIP_VIV_ENC_Vivienda indigena,POS_SPU_ENC,0.004736836488457294,False
Mutual Information,TIP_VIV_ENC_Vivienda indigena,REG_SAL_ENC,0.0010276111911477993,False
Mutual Information,TIP_VIV_ENC_Vivienda indigena,SEXO_ENC,6.621708136530374e-05,False
Mutual Information,TIP_VIV_ENC_Vivienda indigena,NIV_EDU_ENC,9.676964411281823e-05,False
Mutual Information,TIP_VIV_ENC_Vivienda indigena,POS_SSO_ENC,7.600561673811379e-06,False
Mutual Information,TIP_VIV_ENC_Vivienda indigena,GRUPO_ETAR_ENC_Entre 18 y 25 años,5.731072012183107e-05,False
Mutual Information,TIP_VIV_ENC_Vivienda indigena,GRUPO_ETAR_ENC_Entre 26 y 40 años,0.00019205032758385504,False
Mutual Information,TIP_VIV_ENC_Vivienda indigena,GRUPO_ETAR_ENC_Entre 41 y 60 años,0.00024169209241680853,False
Mutual Information,TIP_VIV_ENC_Vivienda indigena,GRUPO_ETAR_ENC_Mayor de 60 años,4.684910240116379e-06,False
Mutual Information,TIP_VIV_ENC_Vivienda indigena,EX_GRUPO_ENC_AUC,0.0008671756589554956,False
Mutual Information,TIP_VIV_ENC_Vivienda indigena,EX_GRUPO_ENC_ELN,0.00012541697457905173,False
Mutual Information,TIP_VIV_ENC_Vivienda indigena,EX_GRUPO_ENC_EPL,9.362379304625641e-06,False
Mutual Information,TIP_VIV_ENC_Vivienda indigena,EX_GRUPO_ENC_ERG,0.00045146190464437873,False
Mutual Information,TIP_VIV_ENC_Vivienda indigena,EX_GRUPO_ENC_ERP,2.4370837762235573e-05,False
Mutual Information,TIP_VIV_ENC_Vivienda indigena,EX_GRUPO_ENC_FARC,0.0004271423388820285,False
Mutual Information,TIP_VIV_ENC_Vivienda indigena,TIP_VIV_ENC_Apartamento,0.00125215794746443,False
Mutual Information,TIP_VIV_ENC_Vivienda indigena,TIP_VIV_ENC_Casa,0.006859261587877759,False
Mutual Information,TIP_VIV_ENC_Vivienda indigena,TIP_VIV_ENC_Casa_Lote,0.00015223958657228573,False
Mutual Information,TIP_VIV_ENC_Vivienda indigena,TIP_VIV_ENC_Finca,0.00022392787988008422,False
Mutual Information,TIP_VIV_ENC_Vivienda indigena,TIP_VIV_ENC_Habitacion,0.0004087506899628224,False
Mutual Information,TIP_VIV_ENC_Vivienda indigena,TIP_VIV_ENC_Otro,8.059029919765814e-05,False
Mutual Information,TIP_VIV_ENC_Vivienda indigena,TIP_VIV_ENC_Rancho,0.00017335394116326647,False
Mutual Information,TIP_VIV_ENC_Vivienda indigena,REG_VIV_ENC_Familiar,6.413013311924298e-07,False
Mutual Information,TIP_VIV_ENC_Vivienda indigena,REG_VIV_ENC_No_Registra,3.742313596690871e-07,False
Mutual Information,TIP_VIV_ENC_Vivienda indigena,REG_VIV_ENC_Otra_forma,0.005557977847437379,False
Mutual Information,TIP_VIV_ENC_Vivienda indigena,REG_VIV_ENC_Sana_posesión_título,0.00023340665667926763,False
Mutual Information,TIP_VIV_ENC_Vivienda indigena,REG_VIV_ENC_arriendo_subarriendo,0.002191897044252381,False
Mutual Information,TIP_VIV_ENC_Vivienda indigena,REG_VIV_ENC_usufructo,0.0002483932799868249,False
Mutual Information,TIP_VIV_ENC_Vivienda indigena,OCU_ECO_ENC_Desocupados,7.047698498500229e-05,False
Mutual Information,TIP_VIV_ENC_Vivienda indigena,OCU_ECO_ENC_Ocupados_Informal,1.3488416313565954e-08,False
Mutual Information,TIP_VIV_ENC_Vivienda indigena,NUM_HIJOS_NOR,0.0004242833217059863,False
Mutual Information,TIP_VIV_ENC_Vivienda indigena,DES_BIE_ENC,0.0007662377510807249,False
Mutual Information,REG_VIV_ENC_Familiar,POS_CON_ENC,0.00013581188454547463,False
Mutual Information,REG_VIV_ENC_Familiar,BEN_TRV_ENC,0.00031777582394513506,False
Mutual Information,REG_VIV_ENC_Familiar,BEN_FA_ENC,1.9322287764161894e-05,False
Mutual Information,REG_VIV_ENC_Familiar,BEN_FPT_ENC,1.5579737262334456e-05,False
Mutual Information,REG_VIV_ENC_Familiar,BEN_PDT_ENC,0.0003322007902354085,False
Mutual Information,REG_VIV_ENC_Familiar,POS_SPU_ENC,0.011174800839619331,False
Mutual Information,REG_VIV_ENC_Familiar,REG_SAL_ENC,0.00036132017745268107,False
Mutual Information,REG_VIV_ENC_Familiar,SEXO_ENC,2.4546287293302285e-05,False
Mutual Information,REG_VIV_ENC_Familiar,NIV_EDU_ENC,6.757627601518962e-05,False
Mutual Information,REG_VIV_ENC_Familiar,POS_SSO_ENC,0.00021832315884100575,False
Mutual Information,REG_VIV_ENC_Familiar,GRUPO_ETAR_ENC_Entre 18 y 25 años,1.6203403822183382e-05,False
Mutual Information,REG_VIV_ENC_Familiar,GRUPO_ETAR_ENC_Entre 26 y 40 años,4.320172385565563e-05,False
Mutual Information,REG_VIV_ENC_Familiar,GRUPO_ETAR_ENC_Entre 41 y 60 años,9.720897448693006e-06,False
Mutual Information,REG_VIV_ENC_Familiar,GRUPO_ETAR_ENC_Mayor de 60 años,8.645851923523833e-05,False
Mutual Information,REG_VIV_ENC_Familiar,EX_GRUPO_ENC_AUC,2.0896251521837494e-06,False
Mutual Information,REG_VIV_ENC_Familiar,EX_GRUPO_ENC_ELN,0.00016593928115372458,False
Mutual Information,REG_VIV_ENC_Familiar,EX_GRUPO_ENC_EPL,1.5579737262334456e-05,False
Mutual Information,REG_VIV_ENC_Familiar,EX_GRUPO_ENC_ERG,2.369026925824226e-05,False
Mutual Information,REG_VIV_ENC_Familiar,EX_GRUPO_ENC_ERP,4.055509714778402e-05,False
Mutual Information,REG_VIV_ENC_Familiar,EX_GRUPO_ENC_FARC,6.780539834857352e-05,False
Mutual Information,REG_VIV_ENC_Familiar,TIP_VIV_ENC_Apartamento,0.001190497943082629,False
Mutual Information,REG_VIV_ENC_Familiar,TIP_VIV_ENC_Casa,7.076203535624076e-06,False
Mutual Information,REG_VIV_ENC_Familiar,TIP_VIV_ENC_Casa_Lote,0.0006715468838562437,False
Mutual Information,REG_VIV_ENC_Familiar,TIP_VIV_ENC_Finca,0.0011059164366514773,False
Mutual Information,REG_VIV_ENC_Familiar,TIP_VIV_ENC_Habitacion,0.00013458364760535928,False
Mutual Information,REG_VIV_ENC_Familiar,TIP_VIV_ENC_Otro,0.00013411021380311042,False
Mutual Information,REG_VIV_ENC_Familiar,TIP_VIV_ENC_Rancho,1.611046166376598e-07,False
Mutual Information,REG_VIV_ENC_Familiar,TIP_VIV_ENC_Vivienda indigena,6.413013311924298e-07,False
Mutual Information,REG_VIV_ENC_Familiar,REG_VIV_ENC_No_Registra,6.227495486726227e-07,False
Mutual Information,REG_VIV_ENC_Familiar,REG_VIV_ENC_Otra_forma,0.0004166008333307686,False
Mutual Information,REG_VIV_ENC_Familiar,REG_VIV_ENC_Sana_posesión_título,3.305630163516482e-05,False
Mutual Information,REG_VIV_ENC_Familiar,REG_VIV_ENC_arriendo_subarriendo,0.006540067969296771,False
Mutual Information,REG_VIV_ENC_Familiar,REG_VIV_ENC_usufructo,0.00041336272360462806,False
Mutual Information,REG_VIV_ENC_Familiar,OCU_ECO_ENC_Desocupados,2.6478126146081346e-06,False
Mutual Information,REG_VIV_ENC_Familiar,OCU_ECO_ENC_Ocupados_Informal,1.0741496315330723e-07,False
Mutual Information,REG_VIV_ENC_Familiar,NUM_HIJOS_NOR,0.0005093309054130223,False
Mutual Information,REG_VIV_ENC_Familiar,DES_BIE_ENC,0.00010678249874836003,False
Mutual Information,REG_VIV_ENC_No_Registra,POS_CON_ENC,3.3912449383356356e-05,False
Mutual Information,REG_VIV_ENC_No_Registra,BEN_TRV_ENC,2.768133007067272e-06,False
Mutual Information,REG_VIV_ENC_No_Registra,BEN_FA_ENC,1.0618938288832046e-07,False
Mutual Information,REG_VIV_ENC_No_Registra,BEN_FPT_ENC,8.562155042303801e-08,False
Mutual Information,REG_VIV_ENC_No_Registra,BEN_PDT_ENC,2.8579066085933098e-06,False
Mutual Information,REG_VIV_ENC_No_Registra,POS_SPU_ENC,6.11631649650884e-05,False
Mutual Information,REG_VIV_ENC_No_Registra,REG_SAL_ENC,5.620905377096532e-05,False
Mutual Information,REG_VIV_ENC_No_Registra,SEXO_ENC,1.2467783729291156e-05,False
Mutual Information,REG_VIV_ENC_No_Registra,NIV_EDU_ENC,0.00010028406535316132,False
Mutual Information,REG_VIV_ENC_No_Registra,POS_SSO_ENC,1.199777293181656e-06,False
Mutual Information,REG_VIV_ENC_No_Registra,GRUPO_ETAR_ENC_Entre 18 y 25 años,8.904902104437708e-08,False
Mutual Information,REG_VIV_ENC_No_Registra,GRUPO_ETAR_ENC_Entre 26 y 40 años,3.1823689892997056e-05,False
Mutual Information,REG_VIV_ENC_No_Registra,GRUPO_ETAR_ENC_Entre 41 y 60 años,3.598351923873595e-05,False
Mutual Information,REG_VIV_ENC_No_Registra,GRUPO_ETAR_ENC_Mayor de 60 años,2.285721872104284e-06,False
Mutual Information,REG_VIV_ENC_No_Registra,EX_GRUPO_ENC_AUC,2.9268267758420408e-05,False
Mutual Information,REG_VIV_ENC_No_Registra,EX_GRUPO_ENC_ELN,3.5229130430866097e-06,False
Mutual Information,REG_VIV_ENC_No_Registra,EX_GRUPO_ENC_EPL,8.562155042303801e-08,False
Mutual Information,REG_VIV_ENC_No_Registra,EX_GRUPO_ENC_ERG,1.3019433461045667e-07,False
Mutual Information,REG_VIV_ENC_No_Registra,EX_GRUPO_ENC_ERP,2.2287722711671065e-07,False
Mutual Information,REG_VIV_ENC_No_Registra,EX_GRUPO_ENC_FARC,2.322982583312014e-05,False
Mutual Information,REG_VIV_ENC_No_Registra,TIP_VIV_ENC_Apartamento,0.00010106841406154184,False
Mutual Information,REG_VIV_ENC_No_Registra,TIP_VIV_ENC_Casa,6.257227947608333e-05,False
Mutual Information,REG_VIV_ENC_No_Registra,TIP_VIV_ENC_Casa_Lote,1.3922233802022644e-06,False
Mutual Information,REG_VIV_ENC_No_Registra,TIP_VIV_ENC_Finca,2.0477720603226043e-06,False
Mutual Information,REG_VIV_ENC_No_Registra,TIP_VIV_ENC_Habitacion,3.737759440371343e-06,False
Mutual Information,REG_VIV_ENC_No_Registra,TIP_VIV_ENC_Otro,7.370075120931643e-07,False
Mutual Information,REG_VIV_ENC_No_Registra,TIP_VIV_ENC_Rancho,1.5853046426151903e-06,False
Mutual Information,REG_VIV_ENC_No_Registra,TIP_VIV_ENC_Vivienda indigena,3.742313596690871e-07,False
Mutual Information,REG_VIV_ENC_No_Registra,REG_VIV_ENC_Familiar,6.227495486726227e-07,False
Mutual Information,REG_VIV_ENC_No_Registra,REG_VIV_ENC_Otra_forma,2.2892807028137944e-06,False
Mutual Information,REG_VIV_ENC_No_Registra,REG_VIV_ENC_Sana_posesión_título,1.816666992883638e-07,False
Mutual Information,REG_VIV_ENC_No_Registra,REG_VIV_ENC_arriendo_subarriendo,3.586967509800398e-05,False
Mutual Information,REG_VIV_ENC_No_Registra,REG_VIV_ENC_usufructo,2.2714887156227454e-06,False
Mutual Information,REG_VIV_ENC_No_Registra,OCU_ECO_ENC_Desocupados,4.342824048641993e-06,False
Mutual Information,REG_VIV_ENC_No_Registra,OCU_ECO_ENC_Ocupados_Informal,1.1260560231539027e-05,False
Mutual Information,REG_VIV_ENC_No_Registra,NUM_HIJOS_NOR,9.280238518398151e-05,False
Mutual Information,REG_VIV_ENC_No_Registra,DES_BIE_ENC,9.863527561266888e-05,False
Mutual Information,REG_VIV_ENC_Otra_forma,POS_CON_ENC,0.0002834834481304019,False
Mutual Information,REG_VIV_ENC_Otra_forma,BEN_TRV_ENC,0.00015128824524251148,False
Mutual Information,REG_VIV_ENC_Otra_forma,BEN_FA_ENC,0.00012772295228015863,False
Mutual Information,REG_VIV_ENC_Otra_forma,BEN_FPT_ENC,5.164140894520653e-08,False
Mutual Information,REG_VIV_ENC_Otra_forma,BEN_PDT_ENC,0.00014824954098800573,False
Mutual Information,REG_VIV_ENC_Otra_forma,POS_SPU_ENC,0.00849134329631284,False
Mutual Information,REG_VIV_ENC_Otra_forma,REG_SAL_ENC,0.0028787403790215896,False
Mutual Information,REG_VIV_ENC_Otra_forma,SEXO_ENC,1.9261268383329033e-05,False
Mutual Information,REG_VIV_ENC_Otra_forma,NIV_EDU_ENC,0.000573866974807425,False
Mutual Information,REG_VIV_ENC_Otra_forma,POS_SSO_ENC,1.910581660708019e-05,False
Mutual Information,REG_VIV_ENC_Otra_forma,GRUPO_ETAR_ENC_Entre 18 y 25 años,1.5076888207950917e-10,False
Mutual Information,REG_VIV_ENC_Otra_forma,GRUPO_ETAR_ENC_Entre 26 y 40 años,4.7112283834097046e-05,False
Mutual Information,REG_VIV_ENC_Otra_forma,GRUPO_ETAR_ENC_Entre 41 y 60 años,0.000112947346319614,False
Mutual Information,REG_VIV_ENC_Otra_forma,GRUPO_ETAR_ENC_Mayor de 60 años,8.97169115986942e-05,False
Mutual Information,REG_VIV_ENC_Otra_forma,EX_GRUPO_ENC_AUC,0.00020600722904880187,False
Mutual Information,REG_VIV_ENC_Otra_forma,EX_GRUPO_ENC_ELN,7.337558927556984e-05,False
Mutual Information,REG_VIV_ENC_Otra_forma,EX_GRUPO_ENC_EPL,5.727303217757662e-05,False
Mutual Information,REG_VIV_ENC_Otra_forma,EX_GRUPO_ENC_ERG,0.0001641866241433045,False
Mutual Information,REG_VIV_ENC_Otra_forma,EX_GRUPO_ENC_ERP,2.3601444910612956e-05,False
Mutual Information,REG_VIV_ENC_Otra_forma,EX_GRUPO_ENC_FARC,7.507908237360666e-05,False
Mutual Information,REG_VIV_ENC_Otra_forma,TIP_VIV_ENC_Apartamento,0.0035380761121766675,False
Mutual Information,REG_VIV_ENC_Otra_forma,TIP_VIV_ENC_Casa,0.0006056829545584563,False
Mutual Information,REG_VIV_ENC_Otra_forma,TIP_VIV_ENC_Casa_Lote,0.0009314785319166491,False
Mutual Information,REG_VIV_ENC_Otra_forma,TIP_VIV_ENC_Finca,0.001370233866261103,False
Mutual Information,REG_VIV_ENC_Otra_forma,TIP_VIV_ENC_Habitacion,9.786225937923575e-05,False
Mutual Information,REG_VIV_ENC_Otra_forma,TIP_VIV_ENC_Otro,0.005207692693000348,False
Mutual Information,REG_VIV_ENC_Otra_forma,TIP_VIV_ENC_Rancho,0.0010606964054434426,False
Mutual Information,REG_VIV_ENC_Otra_forma,TIP_VIV_ENC_Vivienda indigena,0.005557977847437379,False
Mutual Information,REG_VIV_ENC_Otra_forma,REG_VIV_ENC_Familiar,0.0004166008333307686,False
Mutual Information,REG_VIV_ENC_Otra_forma,REG_VIV_ENC_No_Registra,2.2892807028137944e-06,False
Mutual Information,REG_VIV_ENC_Otra_forma,REG_VIV_ENC_Sana_posesión_título,0.00012152048127533205,False
Mutual Information,REG_VIV_ENC_Otra_forma,REG_VIV_ENC_arriendo_subarriendo,0.02417635737212856,False
Mutual Information,REG_VIV_ENC_Otra_forma,REG_VIV_ENC_usufructo,0.0015199893011884763,False
Mutual Information,REG_VIV_ENC_Otra_forma,OCU_ECO_ENC_Desocupados,1.7549832948212524e-05,False
Mutual Information,REG_VIV_ENC_Otra_forma,OCU_ECO_ENC_Ocupados_Informal,8.087477976745361e-05,False
Mutual Information,REG_VIV_ENC_Otra_forma,NUM_HIJOS_NOR,0.002260690900928774,False
Mutual Information,REG_VIV_ENC_Otra_forma,DES_BIE_ENC,0.0021697531743484783,False
Mutual Information,REG_VIV_ENC_Sana_posesión_título,POS_CON_ENC,3.0255943766099858e-05,False
Mutual Information,REG_VIV_ENC_Sana_posesión_título,BEN_TRV_ENC,2.555498314215504e-05,False
Mutual Information,REG_VIV_ENC_Sana_posesión_título,BEN_FA_ENC,5.636623267711582e-06,False
Mutual Information,REG_VIV_ENC_Sana_posesión_título,BEN_FPT_ENC,4.544863896674238e-06,False
Mutual Information,REG_VIV_ENC_Sana_posesión_título,BEN_PDT_ENC,2.2651833901811153e-05,False
Mutual Information,REG_VIV_ENC_Sana_posesión_título,POS_SPU_ENC,3.298316078271732e-07,False
Mutual Information,REG_VIV_ENC_Sana_posesión_título,REG_SAL_ENC,0.00040452385526578696,False
Mutual Information,REG_VIV_ENC_Sana_posesión_título,SEXO_ENC,4.812762238566061e-05,False
Mutual Information,REG_VIV_ENC_Sana_posesión_título,NIV_EDU_ENC,0.00024805300047173445,False
Mutual Information,REG_VIV_ENC_Sana_posesión_título,POS_SSO_ENC,2.6004340601061505e-05,False
Mutual Information,REG_VIV_ENC_Sana_posesión_título,GRUPO_ETAR_ENC_Entre 18 y 25 años,4.72679709837779e-06,False
Mutual Information,REG_VIV_ENC_Sana_posesión_título,GRUPO_ETAR_ENC_Entre 26 y 40 años,1.3200999094010318e-06,False
Mutual Information,REG_VIV_ENC_Sana_posesión_título,GRUPO_ETAR_ENC_Entre 41 y 60 años,9.457082713968529e-07,False
Mutual Information,REG_VIV_ENC_Sana_posesión_título,GRUPO_ETAR_ENC_Mayor de 60 años,1.4348881944388145e-08,False
Mutual Information,REG_VIV_ENC_Sana_posesión_título,EX_GRUPO_ENC_AUC,2.2482931341601814e-05,False
Mutual Information,REG_VIV_ENC_Sana_posesión_título,EX_GRUPO_ENC_ELN,3.1030970789988795e-05,False
Mutual Information,REG_VIV_ENC_Sana_posesión_título,EX_GRUPO_ENC_EPL,4.544863896674238e-06,False
Mutual Information,REG_VIV_ENC_Sana_posesión_título,EX_GRUPO_ENC_ERG,6.910828603251713e-06,False
Mutual Information,REG_VIV_ENC_Sana_posesión_título,EX_GRUPO_ENC_ERP,1.18305317635169e-05,False
Mutual Information,REG_VIV_ENC_Sana_posesión_título,EX_GRUPO_ENC_FARC,6.584266626558956e-06,False
Mutual Information,REG_VIV_ENC_Sana_posesión_título,TIP_VIV_ENC_Apartamento,0.00028838295794759343,False
Mutual Information,REG_VIV_ENC_Sana_posesión_título,TIP_VIV_ENC_Casa,0.00018192813556677963,False
Mutual Information,REG_VIV_ENC_Sana_posesión_título,TIP_VIV_ENC_Casa_Lote,7.390165600486276e-05,False
Mutual Information,REG_VIV_ENC_Sana_posesión_título,TIP_VIV_ENC_Finca,0.00010870027552267042,False
Mutual Information,REG_VIV_ENC_Sana_posesión_título,TIP_VIV_ENC_Habitacion,4.63474595469417e-06,False
Mutual Information,REG_VIV_ENC_Sana_posesión_título,TIP_VIV_ENC_Otro,4.391918955645811e-06,False
Mutual Information,REG_VIV_ENC_Sana_posesión_título,TIP_VIV_ENC_Rancho,8.415096301181424e-05,False
Mutual Information,REG_VIV_ENC_Sana_posesión_título,TIP_VIV_ENC_Vivienda indigena,0.00023340665667926763,False
Mutual Information,REG_VIV_ENC_Sana_posesión_título,REG_VIV_ENC_Familiar,3.305630163516482e-05,False
Mutual Information,REG_VIV_ENC_Sana_posesión_título,REG_VIV_ENC_No_Registra,1.816666992883638e-07,False
Mutual Information,REG_VIV_ENC_Sana_posesión_título,REG_VIV_ENC_Otra_forma,0.00012152048127533205,False
Mutual Information,REG_VIV_ENC_Sana_posesión_título,REG_VIV_ENC_arriendo_subarriendo,0.001905095367699089,False
Mutual Information,REG_VIV_ENC_Sana_posesión_título,REG_VIV_ENC_usufructo,0.00012057601136708854,False
Mutual Information,REG_VIV_ENC_Sana_posesión_título,OCU_ECO_ENC_Desocupados,9.010355428325353e-05,False
Mutual Information,REG_VIV_ENC_Sana_posesión_título,OCU_ECO_ENC_Ocupados_Informal,1.084017472035518e-05,False
Mutual Information,REG_VIV_ENC_Sana_posesión_título,NUM_HIJOS_NOR,0.00013635263969424827,False
Mutual Information,REG_VIV_ENC_Sana_posesión_título,DES_BIE_ENC,9.995923782061145e-05,False
Mutual Information,REG_VIV_ENC_arriendo_subarriendo,POS_CON_ENC,0.00041778008241233344,False
Mutual Information,REG_VIV_ENC_arriendo_subarriendo,BEN_TRV_ENC,6.817294972086274e-05,False
Mutual Information,REG_VIV_ENC_arriendo_subarriendo,BEN_FA_ENC,5.5935046105277594e-06,False
Mutual Information,REG_VIV_ENC_arriendo_subarriendo,BEN_FPT_ENC,5.905010647242696e-05,False
Mutual Information,REG_VIV_ENC_arriendo_subarriendo,BEN_PDT_ENC,6.965603401187792e-05,False
Mutual Information,REG_VIV_ENC_arriendo_subarriendo,POS_SPU_ENC,0.051443580410374584,False
Mutual Information,REG_VIV_ENC_arriendo_subarriendo,REG_SAL_ENC,0.015636395997812857,False
Mutual Information,REG_VIV_ENC_arriendo_subarriendo,SEXO_ENC,0.0005187259539845834,False
Mutual Information,REG_VIV_ENC_arriendo_subarriendo,NIV_EDU_ENC,0.0010077691691691565,False
Mutual Information,REG_VIV_ENC_arriendo_subarriendo,POS_SSO_ENC,0.00021285953993300816,False
Mutual Information,REG_VIV_ENC_arriendo_subarriendo,GRUPO_ETAR_ENC_Entre 18 y 25 años,1.6881022662258195e-05,False
Mutual Information,REG_VIV_ENC_arriendo_subarriendo,GRUPO_ETAR_ENC_Entre 26 y 40 años,0.0018069433436055382,False
Mutual Information,REG_VIV_ENC_arriendo_subarriendo,GRUPO_ETAR_ENC_Entre 41 y 60 años,0.0008170836213854948,False
Mutual Information,REG_VIV_ENC_arriendo_subarriendo,GRUPO_ETAR_ENC_Mayor de 60 años,0.0012012796342330337,False
Mutual Information,REG_VIV_ENC_arriendo_subarriendo,EX_GRUPO_ENC_AUC,0.0039035158092603495,False
Mutual Information,REG_VIV_ENC_arriendo_subarriendo,EX_GRUPO_ENC_ELN,0.00042129874325466665,False
Mutual Information,REG_VIV_ENC_arriendo_subarriendo,EX_GRUPO_ENC_EPL,1.0132091432189447e-05,False
Mutual Information,REG_VIV_ENC_arriendo_subarriendo,EX_GRUPO_ENC_ERG,1.8337396762256944e-05,False
Mutual Information,REG_VIV_ENC_arriendo_subarriendo,EX_GRUPO_ENC_ERP,8.838980335816593e-06,False
Mutual Information,REG_VIV_ENC_arriendo_subarriendo,EX_GRUPO_ENC_FARC,0.0030274101977600387,False
Mutual Information,REG_VIV_ENC_arriendo_subarriendo,TIP_VIV_ENC_Apartamento,0.04843431618446098,False
Mutual Information,REG_VIV_ENC_arriendo_subarriendo,TIP_VIV_ENC_Casa,0.01909019580557894,False
Mutual Information,REG_VIV_ENC_arriendo_subarriendo,TIP_VIV_ENC_Casa_Lote,0.002198131587287256,False
Mutual Information,REG_VIV_ENC_arriendo_subarriendo,TIP_VIV_ENC_Finca,0.008049288685552353,False
Mutual Information,REG_VIV_ENC_arriendo_subarriendo,TIP_VIV_ENC_Habitacion,0.009480341170840102,False
Mutual Information,REG_VIV_ENC_arriendo_subarriendo,TIP_VIV_ENC_Otro,0.00292723064000212,False
Mutual Information,REG_VIV_ENC_arriendo_subarriendo,TIP_VIV_ENC_Rancho,0.0033411115952309105,False
Mutual Information,REG_VIV_ENC_arriendo_subarriendo,TIP_VIV_ENC_Vivienda indigena,0.002191897044252381,False
Mutual Information,REG_VIV_ENC_arriendo_subarriendo,REG_VIV_ENC_Familiar,0.006540067969296771,False
Mutual Information,REG_VIV_ENC_arriendo_subarriendo,REG_VIV_ENC_No_Registra,3.586967509800398e-05,False
Mutual Information,REG_VIV_ENC_arriendo_subarriendo,REG_VIV_ENC_Otra_forma,0.02417635737212856,False
Mutual Information,REG_VIV_ENC_arriendo_subarriendo,REG_VIV_ENC_Sana_posesión_título,0.001905095367699089,False
Mutual Information,REG_VIV_ENC_arriendo_subarriendo,REG_VIV_ENC_usufructo,0.023987008396092316,False
Mutual Information,REG_VIV_ENC_arriendo_subarriendo,OCU_ECO_ENC_Desocupados,1.3878870833733403e-05,False
Mutual Information,REG_VIV_ENC_arriendo_subarriendo,OCU_ECO_ENC_Ocupados_Informal,0.001121395398240188,False
Mutual Information,REG_VIV_ENC_arriendo_subarriendo,NUM_HIJOS_NOR,0.0023950318564119988,False
Mutual Information,REG_VIV_ENC_arriendo_subarriendo,DES_BIE_ENC,0.00394507791084614,False
Mutual Information,REG_VIV_ENC_usufructo,POS_CON_ENC,5.1137819325891565e-05,False
Mutual Information,REG_VIV_ENC_usufructo,BEN_TRV_ENC,0.001838079980183524,False
Mutual Information,REG_VIV_ENC_usufructo,BEN_FA_ENC,7.04792340962667e-05,False
Mutual Information,REG_VIV_ENC_usufructo,BEN_FPT_ENC,5.682790746549225e-05,False
Mutual Information,REG_VIV_ENC_usufructo,BEN_PDT_ENC,0.0016330975875496604,False
Mutual Information,REG_VIV_ENC_usufructo,POS_SPU_ENC,0.005662514220257528,False
Mutual Information,REG_VIV_ENC_usufructo,REG_SAL_ENC,0.0003085318858613226,False
Mutual Information,REG_VIV_ENC_usufructo,SEXO_ENC,7.458472019265805e-06,False
Mutual Information,REG_VIV_ENC_usufructo,NIV_EDU_ENC,0.0001396013226451047,False
Mutual Information,REG_VIV_ENC_usufructo,POS_SSO_ENC,0.0007964546370707037,False
Mutual Information,REG_VIV_ENC_usufructo,GRUPO_ETAR_ENC_Entre 18 y 25 años,5.9102788733124065e-05,False
Mutual Information,REG_VIV_ENC_usufructo,GRUPO_ETAR_ENC_Entre 26 y 40 años,0.000532781397390561,False
Mutual Information,REG_VIV_ENC_usufructo,GRUPO_ETAR_ENC_Entre 41 y 60 años,0.00035235393165471834,False
Mutual Information,REG_VIV_ENC_usufructo,GRUPO_ETAR_ENC_Mayor de 60 años,0.00011488113082835753,False
Mutual Information,REG_VIV_ENC_usufructo,EX_GRUPO_ENC_AUC,0.0014626817028679517,False
Mutual Information,REG_VIV_ENC_usufructo,EX_GRUPO_ENC_ELN,0.0002541788795752606,False
Mutual Information,REG_VIV_ENC_usufructo,EX_GRUPO_ENC_EPL,5.682790746549225e-05,False
Mutual Information,REG_VIV_ENC_usufructo,EX_GRUPO_ENC_ERG,4.706074303252291e-06,False
Mutual Information,REG_VIV_ENC_usufructo,EX_GRUPO_ENC_ERP,0.00014792933108015438,False
Mutual Information,REG_VIV_ENC_usufructo,EX_GRUPO_ENC_FARC,0.0009326700813368921,False
Mutual Information,REG_VIV_ENC_usufructo,TIP_VIV_ENC_Apartamento,0.003904916066833116,False
Mutual Information,REG_VIV_ENC_usufructo,TIP_VIV_ENC_Casa,0.002491290490262421,False
Mutual Information,REG_VIV_ENC_usufructo,TIP_VIV_ENC_Casa_Lote,0.0013570964070969103,False
Mutual Information,REG_VIV_ENC_usufructo,TIP_VIV_ENC_Finca,0.012414010846110067,False
Mutual Information,REG_VIV_ENC_usufructo,TIP_VIV_ENC_Habitacion,0.00024637420407599454,False
Mutual Information,REG_VIV_ENC_usufructo,TIP_VIV_ENC_Otro,8.537298714196909e-08,False
Mutual Information,REG_VIV_ENC_usufructo,TIP_VIV_ENC_Rancho,0.0034349247659392727,False
Mutual Information,REG_VIV_ENC_usufructo,TIP_VIV_ENC_Vivienda indigena,0.0002483932799868249,False
Mutual Information,REG_VIV_ENC_usufructo,REG_VIV_ENC_Familiar,0.00041336272360462806,False
Mutual Information,REG_VIV_ENC_usufructo,REG_VIV_ENC_No_Registra,2.2714887156227454e-06,False
Mutual Information,REG_VIV_ENC_usufructo,REG_VIV_ENC_Otra_forma,0.0015199893011884763,False
Mutual Information,REG_VIV_ENC_usufructo,REG_VIV_ENC_Sana_posesión_título,0.00012057601136708854,False
Mutual Information,REG_VIV_ENC_usufructo,REG_VIV_ENC_arriendo_subarriendo,0.023987008396092316,False
Mutual Information,REG_VIV_ENC_usufructo,OCU_ECO_ENC_Desocupados,0.00015320085942205006,False
Mutual Information,REG_VIV_ENC_usufructo,OCU_ECO_ENC_Ocupados_Informal,0.0001124192089276832,False
Mutual Information,REG_VIV_ENC_usufructo,NUM_HIJOS_NOR,0.00034138207086332583,False
Mutual Information,REG_VIV_ENC_usufructo,DES_BIE_ENC,0.00027006375339400784,False
Mutual Information,OCU_ECO_ENC_Desocupados,POS_CON_ENC,0.000995685998226914,False
Mutual Information,OCU_ECO_ENC_Desocupados,BEN_TRV_ENC,0.00031352153999766527,False
Mutual Information,OCU_ECO_ENC_Desocupados,BEN_FA_ENC,3.7122453867226464e-05,False
Mutual Information,OCU_ECO_ENC_Desocupados,BEN_FPT_ENC,6.546197004799088e-05,False
Mutual Information,OCU_ECO_ENC_Desocupados,BEN_PDT_ENC,0.0003103846210046543,False
Mutual Information,OCU_ECO_ENC_Desocupados,POS_SPU_ENC,1.926022867258792e-05,False
Mutual Information,OCU_ECO_ENC_Desocupados,REG_SAL_ENC,0.0022355401828556276,False
Mutual Information,OCU_ECO_ENC_Desocupados,SEXO_ENC,0.0026098367823892132,False
Mutual Information,OCU_ECO_ENC_Desocupados,NIV_EDU_ENC,0.0009307188457357389,False
Mutual Information,OCU_ECO_ENC_Desocupados,POS_SSO_ENC,0.00022351129094350672,False
Mutual Information,OCU_ECO_ENC_Desocupados,GRUPO_ETAR_ENC_Entre 18 y 25 años,0.00011828821575548404,False
Mutual Information,OCU_ECO_ENC_Desocupados,GRUPO_ETAR_ENC_Entre 26 y 40 años,2.031888041191532e-05,False
Mutual Information,OCU_ECO_ENC_Desocupados,GRUPO_ETAR_ENC_Entre 41 y 60 años,9.266504212744608e-05,False
Mutual Information,OCU_ECO_ENC_Desocupados,GRUPO_ETAR_ENC_Mayor de 60 años,0.002902580589531148,False
Mutual Information,OCU_ECO_ENC_Desocupados,EX_GRUPO_ENC_AUC,0.0004698798377557878,False
Mutual Information,OCU_ECO_ENC_Desocupados,EX_GRUPO_ENC_ELN,1.3988118267478644e-05,False
Mutual Information,OCU_ECO_ENC_Desocupados,EX_GRUPO_ENC_EPL,7.60985608368181e-07,False
Mutual Information,OCU_ECO_ENC_Desocupados,EX_GRUPO_ENC_ERG,4.452262394931633e-05,False
Mutual Information,OCU_ECO_ENC_Desocupados,EX_GRUPO_ENC_ERP,2.099968019220232e-05,False
Mutual Information,OCU_ECO_ENC_Desocupados,EX_GRUPO_ENC_FARC,0.0005537296235983424,False
Mutual Information,OCU_ECO_ENC_Desocupados,TIP_VIV_ENC_Apartamento,0.00010756729283965816,False
Mutual Information,OCU_ECO_ENC_Desocupados,TIP_VIV_ENC_Casa,4.545664418181827e-06,False
Mutual Information,OCU_ECO_ENC_Desocupados,TIP_VIV_ENC_Casa_Lote,4.1091274228259936e-05,False
Mutual Information,OCU_ECO_ENC_Desocupados,TIP_VIV_ENC_Finca,0.00033200741035569435,False
Mutual Information,OCU_ECO_ENC_Desocupados,TIP_VIV_ENC_Habitacion,1.2241905960472949e-05,False
Mutual Information,OCU_ECO_ENC_Desocupados,TIP_VIV_ENC_Otro,5.757145999912144e-06,False
Mutual Information,OCU_ECO_ENC_Desocupados,TIP_VIV_ENC_Rancho,0.0012314401036596576,False
Mutual Information,OCU_ECO_ENC_Desocupados,TIP_VIV_ENC_Vivienda indigena,7.047698498500229e-05,False
Mutual Information,OCU_ECO_ENC_Desocupados,REG_VIV_ENC_Familiar,2.6478126146081346e-06,False
Mutual Information,OCU_ECO_ENC_Desocupados,REG_VIV_ENC_No_Registra,4.342824048641993e-06,False
Mutual Information,OCU_ECO_ENC_Desocupados,REG_VIV_ENC_Otra_forma,1.7549832948212524e-05,False
Mutual Information,OCU_ECO_ENC_Desocupados,REG_VIV_ENC_Sana_posesión_título,9.010355428325353e-05,False
Mutual Information,OCU_ECO_ENC_Desocupados,REG_VIV_ENC_arriendo_subarriendo,1.3878870833733403e-05,False
Mutual Information,OCU_ECO_ENC_Desocupados,REG_VIV_ENC_usufructo,0.00015320085942205006,False
Mutual Information,OCU_ECO_ENC_Desocupados,OCU_ECO_ENC_Ocupados_Informal,0.139195642170067,True
Mutual Information,OCU_ECO_ENC_Desocupados,NUM_HIJOS_NOR,9.645676495466696e-05,False
Mutual Information,OCU_ECO_ENC_Desocupados,DES_BIE_ENC,0.0008367761565488546,False
Mutual Information,OCU_ECO_ENC_Ocupados_Informal,POS_CON_ENC,0.001956318041924282,False
Mutual Information,OCU_ECO_ENC_Ocupados_Informal,BEN_TRV_ENC,0.00043650185282033405,False
Mutual Information,OCU_ECO_ENC_Ocupados_Informal,BEN_FA_ENC,0.00011571853644569679,False
Mutual Information,OCU_ECO_ENC_Ocupados_Informal,BEN_FPT_ENC,1.9620805851125554e-05,False
Mutual Information,OCU_ECO_ENC_Ocupados_Informal,BEN_PDT_ENC,0.0004572630017807486,False
Mutual Information,OCU_ECO_ENC_Ocupados_Informal,POS_SPU_ENC,0.0004927730115225626,False
Mutual Information,OCU_ECO_ENC_Ocupados_Informal,REG_SAL_ENC,0.008964477141186991,False
Mutual Information,OCU_ECO_ENC_Ocupados_Informal,SEXO_ENC,0.019182233221445327,False
Mutual Information,OCU_ECO_ENC_Ocupados_Informal,NIV_EDU_ENC,0.0004121002357665715,False
Mutual Information,OCU_ECO_ENC_Ocupados_Informal,POS_SSO_ENC,0.000953022946926352,False
Mutual Information,OCU_ECO_ENC_Ocupados_Informal,GRUPO_ETAR_ENC_Entre 18 y 25 años,4.157777274030458e-05,False
Mutual Information,OCU_ECO_ENC_Ocupados_Informal,GRUPO_ETAR_ENC_Entre 26 y 40 años,0.00021117510696058717,False
Mutual Information,OCU_ECO_ENC_Ocupados_Informal,GRUPO_ETAR_ENC_Entre 41 y 60 años,0.010860820856332831,False
Mutual Information,OCU_ECO_ENC_Ocupados_Informal,GRUPO_ETAR_ENC_Mayor de 60 años,0.07056002598938195,False
Mutual Information,OCU_ECO_ENC_Ocupados_Informal,EX_GRUPO_ENC_AUC,0.00015954310550936324,False
Mutual Information,OCU_ECO_ENC_Ocupados_Informal,EX_GRUPO_ENC_ELN,0.00017526467651145933,False
Mutual Information,OCU_ECO_ENC_Ocupados_Informal,EX_GRUPO_ENC_EPL,3.0367791380046458e-06,False
Mutual Information,OCU_ECO_ENC_Ocupados_Informal,EX_GRUPO_ENC_ERG,9.220333500600288e-06,False
Mutual Information,OCU_ECO_ENC_Ocupados_Informal,EX_GRUPO_ENC_ERP,4.577831205273414e-07,False
Mutual Information,OCU_ECO_ENC_Ocupados_Informal,EX_GRUPO_ENC_FARC,3.6619481222799344e-05,False
Mutual Information,OCU_ECO_ENC_Ocupados_Informal,TIP_VIV_ENC_Apartamento,0.0008972040557293087,False
Mutual Information,OCU_ECO_ENC_Ocupados_Informal,TIP_VIV_ENC_Casa,3.43648453363099e-06,False
Mutual Information,OCU_ECO_ENC_Ocupados_Informal,TIP_VIV_ENC_Casa_Lote,9.130793362434678e-05,False
Mutual Information,OCU_ECO_ENC_Ocupados_Informal,TIP_VIV_ENC_Finca,4.2406208828393854e-05,False
Mutual Information,OCU_ECO_ENC_Ocupados_Informal,TIP_VIV_ENC_Habitacion,2.776557311389566e-05,False
Mutual Information,OCU_ECO_ENC_Ocupados_Informal,TIP_VIV_ENC_Otro,0.0002954708680160574,False
Mutual Information,OCU_ECO_ENC_Ocupados_Informal,TIP_VIV_ENC_Rancho,0.0006540909325303892,False
Mutual Information,OCU_ECO_ENC_Ocupados_Informal,TIP_VIV_ENC_Vivienda indigena,1.3488416313565954e-08,False
Mutual Information,OCU_ECO_ENC_Ocupados_Informal,REG_VIV_ENC_Familiar,1.0741496315330723e-07,False
Mutual Information,OCU_ECO_ENC_Ocupados_Informal,REG_VIV_ENC_No_Registra,1.1260560231539027e-05,False
Mutual Information,OCU_ECO_ENC_Ocupados_Informal,REG_VIV_ENC_Otra_forma,8.087477976745361e-05,False
Mutual Information,OCU_ECO_ENC_Ocupados_Informal,REG_VIV_ENC_Sana_posesión_título,1.084017472035518e-05,False
Mutual Information,OCU_ECO_ENC_Ocupados_Informal,REG_VIV_ENC_arriendo_subarriendo,0.001121395398240188,False
Mutual Information,OCU_ECO_ENC_Ocupados_Informal,REG_VIV_ENC_usufructo,0.0001124192089276832,False
Mutual Information,OCU_ECO_ENC_Ocupados_Informal,OCU_ECO_ENC_Desocupados,0.139195642170067,True
Mutual Information,OCU_ECO_ENC_Ocupados_Informal,NUM_HIJOS_NOR,0.00039566851760745,False
Mutual Information,OCU_ECO_ENC_Ocupados_Informal,DES_BIE_ENC,9.221470178448488e-05,False
Mutual Information,NUM_HIJOS_NOR,POS_CON_ENC,0.12370915510675347,False
Mutual Information,NUM_HIJOS_NOR,BEN_TRV_ENC,0.001376243147069807,False
Mutual Information,NUM_HIJOS_NOR,BEN_FA_ENC,6.00292769756029e-05,False
Mutual Information,NUM_HIJOS_NOR,BEN_FPT_ENC,3.254875791846657e-05,False
Mutual Information,NUM_HIJOS_NOR,BEN_PDT_ENC,0.0013845494494020374,False
Mutual Information,NUM_HIJOS_NOR,POS_SPU_ENC,0.00313438801516592,False
Mutual Information,NUM_HIJOS_NOR,REG_SAL_ENC,0.0018363029507636186,False
Mutual Information,NUM_HIJOS_NOR,SEXO_ENC,0.015870230524491945,False
Mutual Information,NUM_HIJOS_NOR,NIV_EDU_ENC,0.0031553377586399857,False
Mutual Information,NUM_HIJOS_NOR,POS_SSO_ENC,0.0016967447835912635,False
Mutual Information,NUM_HIJOS_NOR,GRUPO_ETAR_ENC_Entre 18 y 25 años,0.0005249548703412288,False
Mutual Information,NUM_HIJOS_NOR,GRUPO_ETAR_ENC_Entre 26 y 40 años,0.00587327721765687,False
Mutual Information,NUM_HIJOS_NOR,GRUPO_ETAR_ENC_Entre 41 y 60 años,0.005636224377707553,False
Mutual Information,NUM_HIJOS_NOR,GRUPO_ETAR_ENC_Mayor de 60 años,0.0027004597112375607,False
Mutual Information,NUM_HIJOS_NOR,EX_GRUPO_ENC_AUC,0.002589519921183771,False
Mutual Information,NUM_HIJOS_NOR,EX_GRUPO_ENC_ELN,0.0005288754547927142,False
Mutual Information,NUM_HIJOS_NOR,EX_GRUPO_ENC_EPL,7.780774754295879e-05,False
Mutual Information,NUM_HIJOS_NOR,EX_GRUPO_ENC_ERG,0.0002903526752140945,False
Mutual Information,NUM_HIJOS_NOR,EX_GRUPO_ENC_ERP,0.0008308780093733682,False
Mutual Information,NUM_HIJOS_NOR,EX_GRUPO_ENC_FARC,0.002406173961899366,False
Mutual Information,NUM_HIJOS_NOR,TIP_VIV_ENC_Apartamento,0.001996949522479544,False
Mutual Information,NUM_HIJOS_NOR,TIP_VIV_ENC_Casa,0.0018416426934810023,False
Mutual Information,NUM_HIJOS_NOR,TIP_VIV_ENC_Casa_Lote,0.0006619847238428561,False
Mutual Information,NUM_HIJOS_NOR,TIP_VIV_ENC_Finca,0.00018279833194566385,False
Mutual Information,NUM_HIJOS_NOR,TIP_VIV_ENC_Habitacion,0.005913382110049449,False
Mutual Information,NUM_HIJOS_NOR,TIP_VIV_ENC_Otro,0.0004685447707214899,False
Mutual Information,NUM_HIJOS_NOR,TIP_VIV_ENC_Rancho,0.001063198317814141,False
Mutual Information,NUM_HIJOS_NOR,TIP_VIV_ENC_Vivienda indigena,0.0004242833217059863,False
Mutual Information,NUM_HIJOS_NOR,REG_VIV_ENC_Familiar,0.0005093309054130222,False
Mutual Information,NUM_HIJOS_NOR,REG_VIV_ENC_No_Registra,9.280238518398151e-05,False
Mutual Information,NUM_HIJOS_NOR,REG_VIV_ENC_Otra_forma,0.0022606909009287744,False
Mutual Information,NUM_HIJOS_NOR,REG_VIV_ENC_Sana_posesión_título,0.00013635263969424827,False
Mutual Information,NUM_HIJOS_NOR,REG_VIV_ENC_arriendo_subarriendo,0.002395031856411998,False
Mutual Information,NUM_HIJOS_NOR,REG_VIV_ENC_usufructo,0.00034138207086332583,False
Mutual Information,NUM_HIJOS_NOR,OCU_ECO_ENC_Desocupados,9.645676495466696e-05,False
Mutual Information,NUM_HIJOS_NOR,OCU_ECO_ENC_Ocupados_Informal,0.00039566851760745,False
Mutual Information,NUM_HIJOS_NOR,DES_BIE_ENC,0.004202241988446355,False
Mutual Information,DES_BIE_ENC,POS_CON_ENC,0.001398069405722957,False
Mutual Information,DES_BIE_ENC,BEN_TRV_ENC,0.0019100667828393439,False
Mutual Information,DES_BIE_ENC,BEN_FA_ENC,0.0009272334251154086,False
Mutual Information,DES_BIE_ENC,BEN_FPT_ENC,0.0009940413320176488,False
Mutual Information,DES_BIE_ENC,BEN_PDT_ENC,0.0017978244090343723,False
Mutual Information,DES_BIE_ENC,POS_SPU_ENC,0.007963095165384182,False
Mutual Information,DES_BIE_ENC,REG_SAL_ENC,0.011531612278200598,False
Mutual Information,DES_BIE_ENC,SEXO_ENC,0.002618982110911383,False
Mutual Information,DES_BIE_ENC,NIV_EDU_ENC,0.0014648623839521382,False
Mutual Information,DES_BIE_ENC,POS_SSO_ENC,0.006623026646835154,False
Mutual Information,DES_BIE_ENC,GRUPO_ETAR_ENC_Entre 18 y 25 años,5.221755893971463e-06,False
Mutual Information,DES_BIE_ENC,GRUPO_ETAR_ENC_Entre 26 y 40 años,0.0004114501436001117,False
Mutual Information,DES_BIE_ENC,GRUPO_ETAR_ENC_Entre 41 y 60 años,0.000637233921779945,False
Mutual Information,DES_BIE_ENC,GRUPO_ETAR_ENC_Mayor de 60 años,0.00017666308645926734,False
Mutual Information,DES_BIE_ENC,EX_GRUPO_ENC_AUC,0.009936903904122107,False
Mutual Information,DES_BIE_ENC,EX_GRUPO_ENC_ELN,0.0010614040945075252,False
Mutual Information,DES_BIE_ENC,EX_GRUPO_ENC_EPL,7.61247214598167e-05,False
Mutual Information,DES_BIE_ENC,EX_GRUPO_ENC_ERG,1.840426938378662e-05,False
Mutual Information,DES_BIE_ENC,EX_GRUPO_ENC_ERP,2.9783738942820367e-05,False
Mutual Information,DES_BIE_ENC,EX_GRUPO_ENC_FARC,0.007955379975326624,False
Mutual Information,DES_BIE_ENC,TIP_VIV_ENC_Apartamento,0.0027260303526644714,False
Mutual Information,DES_BIE_ENC,TIP_VIV_ENC_Casa,0.0014323995347234053,False
Mutual Information,DES_BIE_ENC,TIP_VIV_ENC_Casa_Lote,0.0002720830698867138,False
Mutual Information,DES_BIE_ENC,TIP_VIV_ENC_Finca,0.00018788867082465688,False
Mutual Information,DES_BIE_ENC,TIP_VIV_ENC_Habitacion,0.00010040644246128022,False
Mutual Information,DES_BIE_ENC,TIP_VIV_ENC_Otro,0.0002533201585042718,False
Mutual Information,DES_BIE_ENC,TIP_VIV_ENC_Rancho,9.822545956322815e-05,False
Mutual Information,DES_BIE_ENC,TIP_VIV_ENC_Vivienda indigena,0.0007662377510807249,False
Mutual Information,DES_BIE_ENC,REG_VIV_ENC_Familiar,0.00010678249874836003,False
Mutual Information,DES_BIE_ENC,REG_VIV_ENC_No_Registra,9.863527561266888e-05,False
Mutual Information,DES_BIE_ENC,REG_VIV_ENC_Otra_forma,0.0021697531743484783,False
Mutual Information,DES_BIE_ENC,REG_VIV_ENC_Sana_posesión_título,9.995923782061145e-05,False
Mutual Information,DES_BIE_ENC,REG_VIV_ENC_arriendo_subarriendo,0.00394507791084614,False
Mutual Information,DES_BIE_ENC,REG_VIV_ENC_usufructo,0.00027006375339400784,False
Mutual Information,DES_BIE_ENC,OCU_ECO_ENC_Desocupados,0.0008367761565488546,False
Mutual Information,DES_BIE_ENC,OCU_ECO_ENC_Ocupados_Informal,9.221470178448488e-05,False
Mutual Information,DES_BIE_ENC,NUM_HIJOS_NOR,0.004202241988446354,False
Pearson Correlation,DEP_RES_ENC,MUN_RES_ENC,0.39431922035944744,False
Pearson Correlation,DEP_RES_ENC,AÑO_ING_NOR,-0.17583886118830386,False
Pearson Correlation,MUN_RES_ENC,DEP_RES_ENC,0.39431922035944744,False
Pearson Correlation,MUN_RES_ENC,AÑO_ING_NOR,-0.06897502786728177,False
Pearson Correlation,AÑO_ING_NOR,DEP_RES_ENC,-0.17583886118830386,False
Pearson Correlation,AÑO_ING_NOR,MUN_RES_ENC,-0.06897502786728178,False
Spearman Correlation,DEP_RES_ENC,MUN_RES_ENC,0.4388315044707053,False
Spearman Correlation,DEP_RES_ENC,AÑO_ING_NOR,-0.21006542376832937,False
Spearman Correlation,MUN_RES_ENC,DEP_RES_ENC,0.4388315044707052,False
Spearman Correlation,MUN_RES_ENC,AÑO_ING_NOR,-0.11024565098599395,False
Spearman Correlation,AÑO_ING_NOR,DEP_RES_ENC,-0.2100654237683294,False
Spearman Correlation,AÑO_ING_NOR,MUN_RES_ENC,-0.11024565098599395,False
Kendall Tau Correlation,DEP_RES_ENC,MUN_RES_ENC,0.3348491488339319,False
Kendall Tau Correlation,DEP_RES_ENC,AÑO_ING_NOR,-0.1577754130252756,False
Kendall Tau Correlation,MUN_RES_ENC,DEP_RES_ENC,0.33484914883393196,False
Kendall Tau Correlation,MUN_RES_ENC,AÑO_ING_NOR,-0.08162165785136057,False
Kendall Tau Correlation,AÑO_ING_NOR,DEP_RES_ENC,-0.1577754130252756,False
Kendall Tau Correlation,AÑO_ING_NOR,MUN_RES_ENC,-0.08162165785136057,False
