id,algorithm,stage,intervention,process,accuracy,recall,selection_rate,sensitivity,specificity,precision,num_positives,error_rate,error_rate_difference,error_rate_ratio,false_discovery_rate,false_discovery_rate_difference,false_discovery_rate_ratio,false_negative_rate,false_negative_rate_difference,false_negative_rate_ratio,false_omission_rate,false_omission_rate_difference,false_omission_rate_ratio,false_positive_rate,false_positive_rate_difference,false_positive_rate_ratio,generalized_entropy_index,generalized_false_negative_rate,generalized_false_positive_rate,generalized_true_negative_rate,generalized_true_positive_rate,negative_predictive_value,num_false_negatives,num_false_positives,num_generalized_false_negatives,num_generalized_false_positives,num_generalized_true_negatives,num_pred_negatives,num_pred_positives,num_true_negatives,num_true_positives,positive_predictive_value,average_abs_odds_difference,average_odds_difference,between_all_groups_coefficient_of_variation,between_all_groups_generalized_entropy_index,between_all_groups_theil_index,between_group_coefficient_of_variation,between_group_generalized_entropy_index,between_group_theil_index,coefficient_of_variation,differential_fairness_bias_amplification,disparate_impact,equal_opportunity_difference,equalized_odds_difference,average_predictive_value_difference,statistical_parity_difference,theil_index,true_negative_rate,true_positive_rate,true_positive_rate_difference,base_rate,consistency,num_negatives,mean_difference,smoothed_empirical_differential_fairness,f1_score,matthews_corrcoef,zero_one_loss,roc_auc_score,balanced_accuracy,fair_utility,log_likelihood,disparate_mistreatment,h_mean_fairness,h_mean_performance,h_mean_mixed,Total_real_time,Total_CPU_usage (%),Total_GPU_usage (%),Total_CPU_time (s),Total_GPU_time (s),Energy_consumption (Ws),CO2_emissions (gCO2e),false_negative_rate_difference_abs
99b01670-8bb0-4cd0-b421-fc8559d4b235,NN_CONFIG,BASE_LINE,NONE,NN,0.8214787084698175,0.9910970706490523,0.9787084698175011,0.9910970706490523,0.07575757575757576,0.8250059765718384,3482.0,0.17852129153018248,-0.09614713132096242,0.5091730992915301,0.17499402342816162,-0.09473028001464129,0.5076044044901066,0.008902929350947731,-0.007527756051348372,0.276556685685934,0.34065934065934067,0.16666666666666669,1.5,0.9242424242424242,0.05514485514485512,1.0600130463144162,0.055951334562258516,0.008902929350947731,0.9242424242424242,0.07575757575757576,0.9910970706490523,0.6593406593406593,31.0,732.0,31.0,732.0,60.0,91.0,4183.0,60.0,3451.0,0.8250059765718384,0.031336305598101744,0.031336305598101744,0.028015472957157984,0.00039243336250662517,0.00039871800242150175,0.028015472957157984,0.00039243336250662517,0.00039871800242150175,0.3345185631986916,0.7448577339500966,1.0201624955431312,0.0075277560513483666,0.05514485514485512,0.13069847334065401,0.019661599737233804,0.052098147560723417,0.07575757575757576,0.9910970706490523,0.0075277560513483666,0.8146934955545156,[0.79232569],792.0,0.10442811361679338,0.7116076880271394,0.9004566210045662,0.17994672289922325,0.17852129153018248,0.5334273232033141,0.533427323203314,0.5167116815890376,-9785758.041952565,0.04761709909350675,0.9924722439486515,0.943605167817349,0.9593505814160708,,,,,,,,0.007527756051348372
99b01670-8bb0-4cd0-b421-fc8559d4b235,RidgeClassifierCV,BASE_LINE,HYPERPARAMETER,HYPERPARAMETER,0.8221806270472625,0.996553704767375,0.986897519887693,0.996553704767375,0.05555555555555555,0.822664770033191,3482.0,0.17781937295273753,-0.09687136588122847,0.5040299366724238,0.17733522996680892,-0.09759976412755662,0.4998193365884951,0.0034462952326249283,-0.0025080473834065142,0.36455199476782213,0.21428571428571427,0.12578616352201255,1.606060606060606,0.9444444444444444,0.03276723276723281,1.0348121417957972,0.053915004322691994,0.0034462952326249283,0.9444444444444444,0.05555555555555555,0.996553704767375,0.7857142857142857,12.0,748.0,12.0,748.0,44.0,56.0,4218.0,44.0,3470.0,0.822664770033191,0.01763764007531965,0.01763764007531965,0.030580973393998363,0.0004675979668622179,0.00047579685646196315,0.030580973393998363,0.0004675979668622179,0.00047579685646196315,0.32837479904125405,0.5042150227693971,1.011421047175948,0.0025080473834064865,0.03276723276723281,0.11169296382478461,0.01124819866072091,0.048089926853611235,0.05555555555555555,0.996553704767375,0.0025080473834064865,0.8146934955545156,[0.79232569],792.0,0.10442811361679338,0.7116076880271394,0.9012987012987013,0.1780510673682244,0.17781937295273753,0.5260546301614654,0.5260546301614653,0.516776267934722,-9847048.637699846,0.030259185383826298,0.9974919526165934,0.9465357337697762,0.9629326605000201,,,,,,,,0.0025080473834065142
99b01670-8bb0-4cd0-b421-fc8559d4b235,XGBClassifier,BASE_LINE,HYPERPARAMETER,HYPERPARAMETER,0.8291998128217127,0.9540493968983343,0.9106223678053346,0.9540493968983343,0.2803030303030303,0.8535457348406988,3482.0,0.17080018717828727,-0.08040039296567758,0.5661599750912127,0.14645426515930113,-0.06520455404383978,0.5902174719809989,0.04595060310166571,-0.03943282403140996,0.2673381294964029,0.418848167539267,0.2151639344262295,1.525,0.7196969696969697,0.22417582417582416,1.3212138562839966,0.06727300306802368,0.04595060310166571,0.7196969696969697,0.2803030303030303,0.9540493968983343,0.581151832460733,160.0,570.0,160.0,570.0,222.0,382.0,3892.0,222.0,3322.0,0.8535457348406988,0.13180432410361703,0.13180432410361703,0.007245982608370558,2.6252131980404292e-05,2.6358280697382917e-05,0.007245982608370558,2.6252131980404292e-05,2.6358280697382917e-05,0.36680513373731205,0.8779344777829696,1.0935649518874908,0.03943282403140991,0.22417582417582416,0.14018424423503462,0.08378631899462341,0.07709706765984899,0.2803030303030303,0.9540493968983343,0.03943282403140991,0.8146934955545156,[0.79232569],792.0,0.10442811361679338,0.7116076880271394,0.9010035259018172,0.3191746073791258,0.17080018717828727,0.6171762136006823,0.6171762136006823,0.5358297199142148,-11449764.672185833,0.1847430001444142,0.9605671759685902,0.9267680290138095,0.9377669905706204,,,,,,,,0.03943282403140996
99b01670-8bb0-4cd0-b421-fc8559d4b235,GradientBoostingClassifier,BASE_LINE,HYPERPARAMETER,HYPERPARAMETER,0.8320074871314928,0.9629523262492821,0.9223210107627515,0.9629523262492821,0.2563131313131313,0.8505834601725013,3482.0,0.16799251286850725,-0.08645910700917014,0.5291138526499006,0.14941653982749872,-0.06844009370706329,0.5792986116033905,0.03704767375071798,-0.04089335635904624,0.09547790339157246,0.3885542168674699,-0.013888888888888895,0.9642857142857143,0.7436868686868687,0.21198801198801198,1.2931749101961867,0.06374465903782991,0.03704767375071798,0.7436868686868687,0.2563131313131313,0.9629523262492821,0.6114457831325302,129.0,589.0,129.0,589.0,203.0,332.0,3942.0,203.0,3353.0,0.8505834601725013,0.1264406841735291,0.1264406841735291,0.0077357513822802456,2.9920924724225363e-05,3.005015776798157e-05,0.0077357513822802456,2.9920924724225363e-05,3.005015776798157e-05,0.35705646342792874,1.419515710010667,1.0905317320829406,0.04089335635904623,0.21198801198801198,0.02727560240908719,0.08215586652186901,0.0702611368697213,0.2563131313131313,0.9629523262492821,0.04089335635904623,0.8146934955545156,[0.79232569],792.0,0.10442811361679338,0.7116076880271394,0.9032866379310345,0.3182876897407333,0.16799251286850725,0.6096327287812067,0.6096327287812067,0.5325503494595354,-10796506.009876784,0.17109465562896575,0.9591066436409539,0.9321656936335837,0.9409762516396989,,,,,,,,0.04089335635904624
99b01670-8bb0-4cd0-b421-fc8559d4b235,GradientBoostingClassifier,BASE_LINE,PCA,PCA,0.8235844642021526,0.9925330269959793,0.9789424426766495,0.9925330269959793,0.08080808080808081,0.8260038240917782,3482.0,0.1764155357978474,-0.09041539549569011,0.530911533294953,0.1739961759082218,-0.09190817720530835,0.5184688139059305,0.007466973004020678,-0.003936054600883341,0.5230528620581795,0.28888888888888886,0.48255813953488375,2.804347826086957,0.9191919191919192,0.07512487512487509,1.0823838737949167,0.055123758025661454,0.007466973004020678,0.9191919191919192,0.08080808080808081,0.9925330269959793,0.7111111111111111,26.0,728.0,26.0,728.0,64.0,90.0,4184.0,64.0,3456.0,0.8260038240917782,0.0395304648628792,0.0395304648628792,0.028104198987009554,0.00039492300035071445,0.00040126820363092195,0.028104198987009554,0.00039492300035071445,0.00040126820363092195,0.3320354138511778,0.733363354524361,1.019863853126403,0.00393605460088331,0.07512487512487509,0.287233158370096,0.01937604862358444,0.05074178676861468,0.08080808080808081,0.9925330269959793,0.00393605460088331,0.8146934955545156,[0.77440337],792.0,0.10442811361679338,0.7116076880271394,0.9016436211844508,0.19847570220529737,0.1764155357978474,0.5366705539020301,0.5366705539020301,0.5154557174280641,-9608434.681033012,0.07118882052399175,0.9960639453991168,0.9449077238550923,0.9613657840226388,,,,,,,,0.003936054600883341
99b01670-8bb0-4cd0-b421-fc8559d4b235,XGBClassifier,BASE_LINE,PCA,PCA,0.8224145999064109,0.985353245261344,0.9684136640149743,0.985353245261344,0.10606060606060606,0.8289441894177337,3482.0,0.17758540009358914,-0.09500492686636497,0.5121594517800437,0.17105581058226624,-0.09135749334873235,0.5139608437456243,0.014646754738655945,-0.012906273474223849,0.25062949640287774,0.37777777777777777,0.12790697674418605,1.34375,0.8939393939393939,0.07432567432567427,1.0838215412347905,0.05783147529190191,0.014646754738655945,0.8939393939393939,0.10606060606060606,0.985353245261344,0.6222222222222222,51.0,708.0,51.0,708.0,84.0,135.0,4139.0,84.0,3431.0,0.8289441894177337,0.043615973899949034,0.043615973899949034,0.025130197041844632,0.0003157634016809683,0.0003202840599500532,0.025130197041844632,0.0003157634016809683,0.0003202840599500532,0.3400925617884105,0.7691750416007965,1.030175625087367,0.012906273474223795,0.07432567432567427,0.10963223504645919,0.029064072935376606,0.05605446761742531,0.10606060606060606,0.985353245261344,0.012906273474223795,0.8146934955545156,[0.77440337],792.0,0.10442811361679338,0.7116076880271394,0.9004067707649914,0.2030833801055928,0.17758540009358914,0.545706925660975,0.545706925660975,0.5219053866343245,-10540242.588502722,0.06141940085145042,0.9870937265257761,0.9409667466575249,0.9558558232573484,,,,,,,,0.012906273474223849
99b01670-8bb0-4cd0-b421-fc8559d4b235,LinearDiscriminantAnalysis,BASE_LINE,PCA,PCA,0.8167992512868507,0.9991384261918438,0.9964904071127749,0.9991384261918438,0.015151515151515152,0.8168584174688894,3482.0,0.1832007487131493,-0.10185815359394923,0.49474893217279003,0.1831415825311106,-0.10186503237041802,0.4947320513859919,0.0008615738081562321,-0.001076426264800861,0.0,0.2,-0.2,0.0,0.9848484848484849,0.016783216783216814,1.0170697012802277,0.053754084109260386,0.0008615738081562321,0.9848484848484849,0.015151515151515152,0.9991384261918438,0.8,3.0,780.0,3.0,780.0,12.0,15.0,4259.0,12.0,3479.0,0.8168584174688894,0.00892982152400884,0.00892982152400884,0.032600026982502896,0.0005313808796299585,0.000541337068304634,0.032600026982502896,0.0005313808796299585,0.000541337068304634,0.32788438239495454,1.2112835418479297,1.0043016919988528,0.0010764262648008671,0.016783216783216814,-0.04906748381479101,0.004283266704740107,0.04704223486689361,0.015151515151515152,0.9991384261918438,0.0010764262648008671,0.8146934955545156,[0.77440337],792.0,0.10442811361679338,0.7116076880271394,0.8988502777418939,0.09388754231945598,0.1832007487131493,0.5071449706716794,0.5071449706716795,0.5026162565967828,-9384355.485305896,0.015706790518415954,0.9989235737351991,0.9463447806868412,0.9632450601490128,,,,,,,,0.001076426264800861
99b01670-8bb0-4cd0-b421-fc8559d4b235,AdaBoostClassifier,BASE_LINE,PCA,PCA,0.8207767898923725,0.9922458357265939,0.9812821712681329,0.9922458357265939,0.06691919191919192,0.823795898903195,3482.0,0.17922321010762754,-0.08909934515583984,0.5438217737781417,0.17620410109680495,-0.09278073615117925,0.5196985154228229,0.007754164273406089,-0.0006995480042231005,0.9113799869195554,0.3375,0.7066666666666667,3.409090909090909,0.9330808080808081,0.07412587412587412,1.0800604229607251,0.055650003724829866,0.007754164273406089,0.9330808080808081,0.06691919191919192,0.9922458357265939,0.6625,27.0,739.0,27.0,739.0,53.0,80.0,4194.0,53.0,3455.0,0.823795898903195,0.03741271106504862,0.03741271106504862,0.029510835199737146,0.00043544469709302247,0.00044280332198124816,0.029510835199737146,0.00043544469709302247,0.00044280332198124816,0.3336165575172487,0.39668090137935264,1.0152666042748004,0.0006995480042231161,0.07412587412587412,0.39972370140892294,0.014939649585876902,0.05138579330934813,0.06691919191919192,0.9922458357265939,0.0006995480042231161,0.8146934955545156,[0.77440337],792.0,0.10442811361679338,0.7116076880271394,0.9002084418968213,0.16962225768642453,0.17922321010762754,0.5295825138228929,0.5295825138228929,0.5097693962481349,-12474748.657295696,0.07342632612165102,0.9993004519957769,0.9439890710382514,0.9617330787223014,,,,,,,,0.0006995480042231005
99b01670-8bb0-4cd0-b421-fc8559d4b235,XGBClassifier,BASE_LINE,PCA,HYPERPARAMETER,0.8217126813289658,0.9879379666858128,0.9733270940570894,0.9879379666858128,0.09090909090909091,0.8269230769230769,3482.0,0.1782873186710342,-0.09586158020731306,0.5099164176846565,0.17307692307692307,-0.09249705188679244,0.5135658914728682,0.012062033314187249,-0.011474652355618196,0.20050359712230215,0.3684210526315789,0.13636363636363635,1.375,0.9090909090909091,0.07192807192807193,1.079734219269103,0.05703183518155544,0.012062033314187249,0.9090909090909091,0.09090909090909091,0.9879379666858128,0.631578947368421,42.0,720.0,42.0,720.0,72.0,114.0,4160.0,72.0,3440.0,0.8269230769230769,0.041701362141845055,0.041701362141845055,0.0259648839698849,0.00033708759978479287,0.0003420787254393861,0.0259648839698849,0.00033708759978479287,0.0003420787254393861,0.3377331348314981,0.9782344615443337,1.0270798709551276,0.011474652355618176,0.07192807192807193,0.11443034412521441,0.0262292753511687,0.05431999873726206,0.09090909090909091,0.9879379666858128,0.011474652355618176,0.8146934955545156,[0.77440337],792.0,0.10442811361679338,0.7116076880271394,0.9002878827532059,0.19013557141337772,0.1782873186710342,0.5394235287974518,0.5394235287974518,0.5169288328752373,-10224370.95018582,0.06045341957245374,0.9885253476443819,0.9420785978365056,0.9570681664849777,,,,,,,,0.011474652355618196
99b01670-8bb0-4cd0-b421-fc8559d4b235,GradientBoostingClassifier,BASE_LINE,PCA,HYPERPARAMETER,0.8242863827795975,0.9910970706490523,0.9759007955077211,0.9910970706490523,0.09090909090909091,0.8273795252936945,3482.0,0.17571361722040246,-0.09113963005595616,0.5257489086835684,0.17262047470630545,-0.09047076262796534,0.5220783626392266,0.008902929350947731,-0.007527756051348372,0.276556685685934,0.30097087378640774,0.37666666666666665,2.2988505747126435,0.9090909090909091,0.0863136863136863,1.095829636202307,0.05551971147036117,0.008902929350947731,0.9090909090909091,0.09090909090909091,0.9910970706490523,0.6990291262135923,31.0,720.0,31.0,720.0,72.0,103.0,4171.0,72.0,3451.0,0.8273795252936945,0.04692072118251733,0.04692072118251733,0.026424222329291355,0.0003491197628539099,0.0003543833314373074,0.026424222329291355,0.0003491197628539099,0.0003543833314373074,0.33322578372737355,1.1346910963665688,1.02539423624628,0.0075277560513483666,0.0863136863136863,0.23356871464731602,0.024669101002239957,0.051654396601610024,0.09090909090909091,0.9910970706490523,0.0075277560513483666,0.8146934955545156,[0.77440337],792.0,0.10442811361679338,0.7116076880271394,0.9018685482817196,0.207770914521525,0.17571361722040246,0.5410030807790717,0.5410030807790716,0.5156188260669539,-9883405.390381457,0.07878593026233793,0.9924722439486515,0.9443798317028117,0.9598842618128614,,,,,,,,0.007527756051348372
99b01670-8bb0-4cd0-b421-fc8559d4b235,GradientBoostingClassifier,BASE_LINE,FAIR_PCA,FAIR_PCA,0.8238184370613009,0.9893739230327399,0.9735610669162377,0.9893739230327399,0.09595959595959595,0.8279259793318914,3482.0,0.17618156293869913,-0.08854895648082661,0.5392296499318651,0.17207402066810862,-0.09071225663410241,0.5194090116545838,0.010626076967260195,-0.004287635553559306,0.6265737410071942,0.3274336283185841,0.4123989218328841,2.366071428571429,0.9040404040404041,0.07752247752247754,1.086472030309784,0.056197161046524634,0.010626076967260195,0.9040404040404041,0.09595959595959595,0.9893739230327399,0.672566371681416,37.0,716.0,37.0,716.0,76.0,113.0,4161.0,76.0,3445.0,0.8279259793318914,0.04090505653801846,0.04090505653801846,0.02762885647691052,0.00038167685511086017,0.0003877021398930038,0.02762885647691052,0.00038167685511086017,0.0003877021398930038,0.33525262428957847,0.43053830197001,1.0218628133067247,0.004287635553559377,0.07752247752247754,0.2515555892334933,0.021201060533876936,0.05295782636007425,0.09595959595959595,0.9893739230327399,0.004287635553559377,0.8146934955545156,[0.77992513],792.0,0.10442811361679338,0.7116076880271394,0.9014784770378124,0.20666101117703078,0.17618156293869913,0.5426667594961679,0.5426667594961679,0.5204689450176739,-9951600.352574402,0.07323484196891823,0.9957123644464408,0.9433833093722189,0.9602042927239693,,,,,,,,0.004287635553559306
99b01670-8bb0-4cd0-b421-fc8559d4b235,XGBClassifier,BASE_LINE,FAIR_PCA,FAIR_PCA,0.8221806270472625,0.9686961516369902,0.9415067852129153,0.9686961516369902,0.17803030303030304,0.838220675944334,3482.0,0.17781937295273753,-0.07948159896787332,0.5864122443009029,0.161779324055666,-0.08634605297665879,0.5142108854829488,0.03130384836300976,-0.004954658447622957,0.8465707434052757,0.436,0.2731660231660232,1.6738095238095239,0.821969696969697,0.0677322677322677,1.0830678755207057,0.06369091883643678,0.03130384836300976,0.821969696969697,0.17803030303030304,0.9686961516369902,0.564,109.0,651.0,109.0,651.0,141.0,250.0,4024.0,141.0,3373.0,0.838220675944334,0.036343463089945294,0.036343463089945294,0.02639301052033155,0.0003482955021631659,0.0003535402487500622,0.02639301052033155,0.0003482955021631659,0.0003535402487500622,0.35690592272036276,-0.1676806483055151,1.0289586755971187,0.004954658447622884,0.0677322677322677,0.17975603807134097,0.0271229171783407,0.06799798316972358,0.17803030303030304,0.9686961516369902,0.004954658447622884,0.8146934955545156,[0.77992513],792.0,0.10442811361679338,0.7116076880271394,0.8987476685318412,0.24293294090179365,0.17781937295273753,0.5733632273336466,0.5733632273336466,0.5525252220439143,-11519489.30982671,0.06277760928464475,0.9950453415523769,0.9324118866620594,0.9523948213039625,,,,,,,,0.004954658447622957
99b01670-8bb0-4cd0-b421-fc8559d4b235,XGBClassifier,BASE_LINE,FAIR_PCA,HYPERPARAMETER,0.8240524099204493,0.9750143595634693,0.9499298081422555,0.9750143595634693,0.16035353535353536,0.8362068965517241,3482.0,0.17594759007955074,-0.07561630215746451,0.601192334103252,0.16379310344827586,-0.08206866114817016,0.5415522594307455,0.024985640436530728,-0.004251496542271027,0.835431654676259,0.40654205607476634,0.4202429149797571,2.138157894736842,0.8396464646464646,0.12007992007992008,1.1450289575289576,0.06116676034359845,0.024985640436530728,0.8396464646464646,0.16035353535353536,0.9750143595634693,0.5934579439252337,87.0,665.0,87.0,665.0,127.0,214.0,4060.0,127.0,3395.0,0.8362068965517241,0.06216570831109558,0.06216570831109558,0.024859235003171696,0.00030899078247145843,0.0003133653921472564,0.024859235003171696,0.00030899078247145843,0.0003133653921472564,0.349762091552525,0.08244225121851545,1.0329031995249518,0.004251496542271083,0.12007992007992008,0.2511557880639636,0.031071068197891405,0.06316035092329882,0.16035353535353536,0.9750143595634693,0.004251496542271083,0.8146934955545156,[0.77992513],792.0,0.10442811361679338,0.7116076880271394,0.9002916998143728,0.24116970161116089,0.17594759007955074,0.5676839474585024,0.5676839474585023,0.5323934727679057,-10963721.976917945,0.11582842353764905,0.9957485034577289,0.9361643457879498,0.9552172884832336,,,,,,,,0.004251496542271027
99b01670-8bb0-4cd0-b421-fc8559d4b235,GradientBoostingClassifier,BASE_LINE,FAIR_PCA,HYPERPARAMETER,0.8240524099204493,0.9778862722573234,0.9546092653252223,0.9778862722573234,0.14772727272727273,0.8345588235294118,3482.0,0.17594759007955074,-0.07719719005867853,0.593466827690989,0.16544117647058823,-0.0829226596374611,0.5413728442014631,0.02211372774267662,-0.004258724344528685,0.8145458633093524,0.39690721649484534,0.4529494382022472,2.259765625,0.8522727272727273,0.12047952047952049,1.1433325410030901,0.06017015902674981,0.02211372774267662,0.8522727272727273,0.14772727272727273,0.9778862722573234,0.6030927835051546,77.0,675.0,77.0,675.0,117.0,194.0,4080.0,117.0,3405.0,0.8345588235294118,0.062369122412024636,0.062369122412024636,0.02508399582760797,0.00031460342333972704,0.0003190989505240631,0.02508399582760797,0.00031460342333972704,0.0003190989505240631,0.34690102054260324,0.15852455767595752,1.0317147079179216,0.004258724344528786,0.12047952047952049,0.2679360489198541,0.030102709628546886,0.061112271348950746,0.14772727272727273,0.9778862722573234,0.004258724344528786,0.8146934955545156,[0.77992513],792.0,0.10442811361679338,0.7116076880271394,0.9005554086220576,0.23446741741192376,0.17594759007955074,0.562806772492298,0.562806772492298,0.5277050080044094,-10440730.790687967,0.1162207961349918,0.9957412756554713,0.9376290788930194,0.9562311987169859,,,,,,,,0.004258724344528685
99b01670-8bb0-4cd0-b421-fc8559d4b235,XGBClassifier,PREPROCESSING,DEMV,HYPERPARAMETER,0.8282639213851193,0.9620907524411257,0.9246607393542349,0.9620907524411257,0.2398989898989899,0.8476720647773279,3482.0,0.17173607861488072,-0.08628526112391732,0.5393734993049414,0.15232793522267207,-0.0689410206086409,0.5838730441671619,0.03790924755887421,-0.04017212494805018,0.12531474820143884,0.40993788819875776,0.16507936507936505,1.40625,0.76010101010101,0.22257742257742252,1.3014069264069263,0.06478885906116613,0.03790924755887421,0.76010101010101,0.2398989898989899,0.9620907524411257,0.5900621118012422,132.0,602.0,132.0,602.0,190.0,322.0,3952.0,190.0,3350.0,0.8476720647773279,0.13137477376273632,0.13137477376273632,0.008161222775625001,3.3302778596690126e-05,3.3454603547353305e-05,0.008161222775625001,3.3302778596690126e-05,3.3454603547353305e-05,0.3599690516174026,1.5165519988017968,1.0888754672072913,0.040172124948050114,0.22257742257742252,0.11701019284400299,0.08088124328658974,0.07158627542795952,0.2398989898989899,0.9620907524411257,0.040172124948050114,0.8146934955545156,[0.79199813],792.0,0.10442811361679338,0.7116076880271394,0.9012644605864945,0.29735133014763543,0.17173607861488072,0.6009948711700579,0.6009948711700578,0.5220393059375266,-10463154.553015746,0.18240529762937235,0.9598278750519499,0.930684817335741,0.9402005228121496,,,,,,,,0.04017212494805018
99b01670-8bb0-4cd0-b421-fc8559d4b235,XGBClassifier,PREPROCESSING,DEMV,PCA,0.8196069255966308,0.9816197587593337,0.9651380439868975,0.9816197587593337,0.10732323232323232,0.8286060606060606,3482.0,0.18039307440336916,-0.08578443702044436,0.5620742005166237,0.1713939393939394,-0.09162555890071473,0.5131127635070852,0.018380241240666284,-0.0013918682061885464,0.9254012174875484,0.42953020134228187,0.35902255639097747,1.9182692307692308,0.8926767676767676,0.06133866133866128,1.069175304191077,0.05959834203647968,0.018380241240666284,0.8926767676767676,0.10732323232323232,0.9816197587593337,0.5704697986577181,64.0,707.0,64.0,707.0,85.0,149.0,4125.0,85.0,3418.0,0.8286060606060606,0.031365264772424906,0.031365264772424906,0.029151404628967606,0.00042490219592089697,0.0004319921991513252,0.029151404628967606,0.00042490219592089697,0.0004319921991513252,0.34524872783684424,-0.131962565703432,1.0179340127988041,0.001391868206188529,0.06133866133866128,0.22532405764584612,0.017252909514326453,0.059182484332877226,0.10732323232323232,0.9816197587593337,0.001391868206188529,0.8146934955545156,[0.77613477],792.0,0.10442811361679338,0.7116076880271394,0.8986459839621401,0.18840116929511252,0.18039307440336916,0.544471495541283,0.544471495541283,0.5273940029225925,-10188724.913621224,0.05994679313247274,0.9986081317938115,0.9383021069247135,0.9575781812165098,12.73064136505127,124.5,1.0,59088.18711838721,11.288889169692993,247894.11303540066,21.415296987224888,0.0013918682061885464
99b01670-8bb0-4cd0-b421-fc8559d4b235,GradientBoostingClassifier,PREPROCESSING,DEMV,HYPERPARAMETER_PCA,0.8198408984557791,0.980470993681792,0.9630322882545624,0.980470993681792,0.11363636363636363,0.8294460641399417,3482.0,0.18015910154422088,-0.09498421331407958,0.5186183574154751,0.17055393586005832,-0.0904921965787402,0.516990695968253,0.019529006318207927,-0.015410706956501537,0.3182596779719082,0.43037974683544306,0.20500000000000002,1.4880952380952381,0.8863636363636364,0.08271728271728274,1.0941765241128298,0.05996696177888303,0.019529006318207927,0.8863636363636364,0.11363636363636363,0.980470993681792,0.569620253164557,68.0,702.0,68.0,702.0,90.0,158.0,4116.0,90.0,3414.0,0.8294460641399417,0.049063994836892166,0.049063994836892166,0.024106940793156104,0.0002905722972023669,0.00029455813452506225,0.024106940793156104,0.0002905722972023669,0.00029455813452506225,0.34631477525188853,0.6511932580554529,1.0339229846538143,0.015410706956501596,0.08271728271728274,0.1477460982893701,0.03246997274688335,0.059967786834387665,0.11363636363636363,0.980470993681792,0.015410706956501596,0.8146934955545156,[0.77613477],792.0,0.10442811361679338,0.7116076880271394,0.8986575414582785,0.19379132208696795,0.18015910154422088,0.5470536786590778,0.5470536786590778,0.5202130397938459,-9785530.682228645,0.0673065757607812,0.9845892930434985,0.9377832715286363,0.9528828518235941,23.073825359344482,175.50000000000003,1.0,59872.36771531104,11.288889169692993,251161.53218924996,21.697565697460206,0.015410706956501537
99b01670-8bb0-4cd0-b421-fc8559d4b235,XGBClassifier,PREPROCESSING,BAL_GAN_FAIR,HYPERPARAMETER,0.8284978942442677,0.9629523262492821,0.9258306036499766,0.9629523262492821,0.23737373737373738,0.8473591104371999,3482.0,0.17150210575573233,-0.08599971001026796,0.5401969702962467,0.15264088956280011,-0.06930807410683572,0.582582315945246,0.03704767375071798,-0.03909569868324931,0.1283223021582734,0.4069400630914827,0.16820276497695852,1.4171428571428573,0.7626262626262627,0.21978021978021978,1.2964959568733154,0.06445299674309427,0.03704767375071798,0.7626262626262627,0.23737373737373738,0.9629523262492821,0.5930599369085173,129.0,604.0,129.0,604.0,188.0,317.0,3957.0,188.0,3353.0,0.8473591104371999,0.1294379592317345,0.1294379592317345,0.008646961852041031,3.738497463532643e-05,3.7565654420254786e-05,0.008646961852041031,3.738497463532643e-05,3.7565654420254786e-05,0.3590348081818649,1.5005772181940633,1.087169835209786,0.03909569868324925,0.21978021978021978,0.11875541954189711,0.07945348771834304,0.07093147880531628,0.23737373737373738,0.9629523262492821,0.03909569868324925,0.8146934955545156,[0.79199813],792.0,0.10442811361679338,0.7116076880271394,0.90146525070574,0.29703099854959203,0.17150210575573233,0.6001630318115097,0.6001630318115098,0.5224791537674974,-10454852.385081759,0.18068452109697047,0.9609043013167505,0.931194889953482,0.9408917768016352,,,,,,,,0.03909569868324931
99b01670-8bb0-4cd0-b421-fc8559d4b235,XGBClassifier,PREPROCESSING,BAL_GAN_FAIR,PCA,0.8217126813289658,0.9801838024124067,0.9606925596630791,0.9801838024124067,0.125,0.8312226010716025,3482.0,0.1782873186710342,-0.08637625280002836,0.5545071615527256,0.16877739892839747,-0.0913964029551224,0.5074586130135526,0.019816197587593336,-0.003185911980856649,0.8442256720939039,0.4107142857142857,0.2866666666666666,1.7543859649122806,0.875,0.052147852147852114,1.0599448782728524,0.059761644697605025,0.019816197587593336,0.875,0.125,0.9801838024124067,0.5892857142857143,69.0,693.0,69.0,693.0,99.0,168.0,4106.0,99.0,3413.0,0.8312226010716025,0.02766688206435436,0.02766688206435436,0.028504570263418627,0.0004062552629510847,0.0004128786518132485,0.028504570263418627,0.0004062552629510847,0.0004128786518132485,0.3457214043058515,-0.1265113105325517,1.0203899612944711,0.003185911980856604,0.052147852147852114,0.18903153481089452,0.019516604871235743,0.059864887271856286,0.125,0.9801838024124067,0.003185911980856604,0.8146934955545156,[0.77613477],792.0,0.10442811361679338,0.7116076880271394,0.8995782814971007,0.21031087360219394,0.1782873186710342,0.5525919012062033,0.5525919012062033,0.5373034062458139,-10238097.637997339,0.04896194016699547,0.9968140880191433,0.9381528312259483,0.9569240914283473,12.773105144500732,124.7,1.0,70014.85943605899,11.288889169692993,293421.91435903305,25.34839315712758,0.003185911980856649
99b01670-8bb0-4cd0-b421-fc8559d4b235,GradientBoostingClassifier,PREPROCESSING,BAL_GAN_FAIR,HYPERPARAMETER_PCA,0.8198408984557791,0.980470993681792,0.9630322882545624,0.980470993681792,0.11363636363636363,0.8294460641399417,3482.0,0.18015910154422088,-0.09498421331407958,0.5186183574154751,0.17055393586005832,-0.0904921965787402,0.516990695968253,0.019529006318207927,-0.015410706956501537,0.3182596779719082,0.43037974683544306,0.20500000000000002,1.4880952380952381,0.8863636363636364,0.08271728271728274,1.0941765241128298,0.05996696177888303,0.019529006318207927,0.8863636363636364,0.11363636363636363,0.980470993681792,0.569620253164557,68.0,702.0,68.0,702.0,90.0,158.0,4116.0,90.0,3414.0,0.8294460641399417,0.049063994836892166,0.049063994836892166,0.024106940793156104,0.0002905722972023669,0.00029455813452506225,0.024106940793156104,0.0002905722972023669,0.00029455813452506225,0.34631477525188853,0.6511932580554529,1.0339229846538143,0.015410706956501596,0.08271728271728274,0.1477460982893701,0.03246997274688335,0.059967786834387665,0.11363636363636363,0.980470993681792,0.015410706956501596,0.8146934955545156,[0.77613477],792.0,0.10442811361679338,0.7116076880271394,0.8986575414582785,0.19379132208696795,0.18015910154422088,0.5470536786590778,0.5470536786590778,0.5202130397938459,-9785530.682228645,0.0673065757607812,0.9845892930434985,0.9377832715286363,0.9528828518235941,23.46434450149536,175.3,1.0,70785.95457055568,11.288889169692993,296634.8107527693,25.62595170669757,0.015410706956501537
99b01670-8bb0-4cd0-b421-fc8559d4b235,GradientBoostingClassifier,PREPROCESSING,UNAWARENESS,UNAWARENESS,0.8296677585400094,0.9744399770246984,0.943378568086102,0.9744399770246984,0.19318181818181818,0.8415178571428571,3482.0,0.1703322414599906,-0.08931461814566366,0.521011037142245,0.15848214285714285,-0.0780004125102528,0.549912814030944,0.02556002297530155,-0.028338663837498355,0.09218556189531134,0.3677685950413223,-0.03531073446327687,0.904214559386973,0.8068181818181818,0.15644355644355645,1.1976274608783444,0.06035354941709368,0.02556002297530155,0.8068181818181818,0.19318181818181818,0.9744399770246984,0.6322314049586777,89.0,639.0,89.0,639.0,153.0,242.0,4032.0,153.0,3393.0,0.8415178571428571,0.09239111014052737,0.09239111014052737,0.015273376550238717,0.00011663801562269097,0.00011764132568333288,0.015273376550238717,0.00011663801562269097,0.00011764132568333288,0.34742927170028054,1.3714423683931922,1.063926020642893,0.02833866383749828,0.15644355644355645,0.021344839023487966,0.059618042095856416,0.0625789729189228,0.19318181818181818,0.9744399770246984,0.02833866383749828,0.8146934955545156,[0.79199813],792.0,0.10442811361679338,0.7116076880271394,0.903114186851211,0.2817990450502305,0.1703322414599906,0.5838108976032583,0.5838108976032583,0.5298719606615555,-10207405.055827156,0.1281048926060581,0.9716613361625016,0.9374222958972235,0.9485640110052435,,,,,,,,0.028338663837498355
99b01670-8bb0-4cd0-b421-fc8559d4b235,CalibratedClassifierCV,PREPROCESSING,UNAWARENESS,UNAWARENESS,0.8224145999064109,0.9968408960367605,0.9871314927468414,0.9968408960367605,0.05555555555555555,0.8227068025598483,3482.0,0.17758540009358914,-0.0965858147675791,0.5047679014406119,0.1772931974401517,-0.09754320499048265,0.499964253763499,0.0031591039632395176,-0.0021492386284728947,0.4010071942446043,0.2,0.141025641025641,1.7333333333333332,0.9444444444444444,0.03276723276723281,1.0348121417957972,0.053779051881111886,0.0031591039632395176,0.9444444444444444,0.05555555555555555,0.9968408960367605,0.8,11.0,748.0,11.0,748.0,44.0,55.0,4219.0,44.0,3471.0,0.8227068025598483,0.01745823569785282,0.01745823569785282,0.030668567731273716,0.0004702805233438617,0.0004785509245740512,0.030668567731273716,0.0004702805233438617,0.0004785509245740512,0.32796052165195705,0.4853465384650135,1.0111278816550273,0.002149238628472827,0.03276723276723281,0.11928442300806182,0.010962647547071547,0.047849041705175024,0.05555555555555555,0.9968408960367605,0.002149238628472827,0.8146934955545156,[0.79199813],792.0,0.10442811361679338,0.7116076880271394,0.901441371250487,0.1806311900988669,0.17758540009358914,0.526198225796158,0.526198225796158,0.5170117331464168,-9841787.25192792,0.030617994138759916,0.9978507613715271,0.9467439481759289,0.9631877757954017,,,,,,,,0.0021492386284728947
99b01670-8bb0-4cd0-b421-fc8559d4b235,LinearDiscriminantAnalysis,PREPROCESSING,UNAWARENESS,UNAWARENESS,0.8226485727655592,0.976163124641011,0.9532054281703323,0.976163124641011,0.14772727272727273,0.8343151693667158,3482.0,0.17735142723444075,-0.09155759995028745,0.5277839248513894,0.16568483063328424,-0.08596276008977138,0.5270620242237163,0.023836875358989085,-0.018995180604708912,0.31247313837241897,0.415,0.19473684210526315,1.4805194805194806,0.8522727272727273,0.10609390609390612,1.1260085429520645,0.06101092509843328,0.023836875358989085,0.8522727272727273,0.14772727272727273,0.976163124641011,0.585,83.0,675.0,83.0,675.0,117.0,200.0,4074.0,117.0,3399.0,0.8343151693667158,0.06254454334930754,0.06254454334930754,0.02133085110139634,0.00022750260435497075,0.00023025498814872208,0.02133085110139634,0.00022750260435497075,0.00023025498814872208,0.3493162609969175,0.6755732747660768,1.043670684088008,0.01899518060470895,0.10609390609390612,0.1403498010975173,0.041301343717727534,0.06258138433092425,0.14772727272727273,0.976163124641011,0.01899518060470895,0.8146934955545156,[0.79199813],792.0,0.10442811361679338,0.7116076880271394,0.8996823716251985,0.22792350241998208,0.17735142723444075,0.5619451986841418,0.5619451986841418,0.5267985928451063,-10150044.776962627,0.08709872548919721,0.981004819395291,0.9363636363636364,0.9507856505442875,,,,,,,,0.018995180604708912
99b01670-8bb0-4cd0-b421-fc8559d4b235,AdaBoostClassifier,PREPROCESSING,UNAWARENESS,UNAWARENESS,0.8240524099204493,0.9698449167145319,0.9415067852129153,0.9698449167145319,0.1830808080808081,0.8392147117296223,3482.0,0.17594759007955074,-0.09142518116960552,0.5249688657923465,0.16078528827037775,-0.08287240202813809,0.5302458461425853,0.03015508328546812,-0.02509131553745163,0.28643371017471736,0.42,0.12495942875689708,1.3021978021978022,0.8169191919191919,0.1164835164835164,1.144593253968254,0.06295382708248262,0.03015508328546812,0.8169191919191919,0.1830808080808081,0.9698449167145319,0.58,105.0,647.0,105.0,647.0,145.0,250.0,4024.0,145.0,3377.0,0.8392147117296223,0.07078741601048405,0.07078741601048405,0.018296971780943617,0.00016738958817632353,0.00016912055575793715,0.018296971780943617,0.00016738958817632353,0.00016912055575793715,0.3548346856847076,0.644774275393108,1.0545263391759039,0.025091315537451697,0.1164835164835164,0.10391591539251757,0.05083623569655238,0.06684657589304592,0.1830808080808081,0.9698449167145319,0.025091315537451697,0.8146934955545156,[0.79199813],792.0,0.10442811361679338,0.7116076880271394,0.8998134825472955,0.2531969858353807,0.17594759007955074,0.57646286239767,0.57646286239767,0.5356565459425318,-12453851.828233425,0.09139220094606477,0.9749086844625483,0.9335176226675882,0.9469185232633163,,,,,,,,0.02509131553745163
99b01670-8bb0-4cd0-b421-fc8559d4b235,LogisticRegressionCV,PREPROCESSING,UNAWARENESS,UNAWARENESS,0.8193729527374825,0.9801838024124067,0.9630322882545624,0.9801838024124067,0.11237373737373738,0.8292031098153547,3482.0,0.18062704726251755,-0.09713620344259233,0.5098400800346421,0.17079689018464528,-0.08973508992740638,0.5214604838106943,0.019816197587593336,-0.01936483106302902,0.18227599738391104,0.43670886075949367,0.1686274509803921,1.3909090909090909,0.8876262626262627,0.09570429570429573,1.1089626933575978,0.06014439110771032,0.019816197587593336,0.8876262626262627,0.11237373737373738,0.9801838024124067,0.5632911392405063,69.0,703.0,69.0,703.0,89.0,158.0,4116.0,89.0,3413.0,0.8292031098153547,0.05753456338366236,0.05753456338366236,0.022518084942747756,0.0002535320747444016,0.00025677457937492285,0.022518084942747756,0.0002535320747444016,0.00025677457937492285,0.34682673226759875,1.1062488121516234,1.0389127061360826,0.019364831063028998,0.09570429570429573,0.1291812704538992,0.03721263645052564,0.060250242898185515,0.11237373737373738,0.9801838024124067,0.019364831063028998,0.8146934955545156,[0.79199813],792.0,0.10442811361679338,0.7116076880271394,0.898394314293235,0.1905998480398675,0.18062704726251755,0.546278769893072,0.546278769893072,0.5148488593815099,-9899698.08383938,0.0763394646412667,0.9806351689369711,0.9375085839857161,0.9514563684424392,,,,,,,,0.01936483106302902
99b01670-8bb0-4cd0-b421-fc8559d4b235,CalibratedClassifierCV,PREPROCESSING,UNAWARENESS,HYPERPARAMETER,0.8224145999064109,0.9968408960367605,0.9871314927468414,0.9968408960367605,0.05555555555555555,0.8227068025598483,3482.0,0.17758540009358914,-0.0965858147675791,0.5047679014406119,0.1772931974401517,-0.09754320499048265,0.499964253763499,0.0031591039632395176,-0.0021492386284728947,0.4010071942446043,0.2,0.141025641025641,1.7333333333333332,0.9444444444444444,0.03276723276723281,1.0348121417957972,0.053779051881111886,0.0031591039632395176,0.9444444444444444,0.05555555555555555,0.9968408960367605,0.8,11.0,748.0,11.0,748.0,44.0,55.0,4219.0,44.0,3471.0,0.8227068025598483,0.01745823569785282,0.01745823569785282,0.030668567731273716,0.0004702805233438617,0.0004785509245740512,0.030668567731273716,0.0004702805233438617,0.0004785509245740512,0.32796052165195705,0.4853465384650135,1.0111278816550273,0.002149238628472827,0.03276723276723281,0.11928442300806182,0.010962647547071547,0.047849041705175024,0.05555555555555555,0.9968408960367605,0.002149238628472827,0.8146934955545156,[0.79199813],792.0,0.10442811361679338,0.7116076880271394,0.901441371250487,0.1806311900988669,0.17758540009358914,0.526198225796158,0.526198225796158,0.5170117331464168,-9841787.25192792,0.030617994138759916,0.9978507613715271,0.9467439481759289,0.9631877757954017,9.660510540008545,123.4,1.0,67425.23143205642,11.288889169692993,282631.79767568904,24.416246965872023,0.0021492386284728947
99b01670-8bb0-4cd0-b421-fc8559d4b235,XGBClassifier,PREPROCESSING,UNAWARENESS,HYPERPARAMETER,0.8301357042583061,0.9572085008615738,0.9148338792700047,0.9572085008615738,0.27146464646464646,0.8524296675191816,3482.0,0.16986429574169393,-0.08241996431350851,0.5538876120156001,0.1475703324808184,-0.06945130827391217,0.5685269115896322,0.04279149913842619,-0.03548592772714014,0.2884943843486362,0.40934065934065933,0.1538214515093128,1.3828936850519584,0.7285353535353535,0.1856143856143856,1.2612485939257592,0.06603116116095652,0.04279149913842619,0.7285353535353535,0.27146464646464646,0.9572085008615738,0.5906593406593407,149.0,577.0,149.0,577.0,215.0,364.0,3910.0,215.0,3333.0,0.8524296675191816,0.11055015667076284,0.11055015667076284,0.010121269765119345,5.1220050829159506e-05,5.151029126099883e-05,0.010121269765119345,5.1220050829159506e-05,5.151029126099883e-05,0.3634038006431868,0.7074084239084748,1.083760187027588,0.0354859277271401,0.1856143856143856,0.11163637989161246,0.07548462314650695,0.07467957095733777,0.27146464646464646,0.9572085008615738,0.0354859277271401,0.8146934955545156,[0.79199813],792.0,0.10442811361679338,0.7116076880271394,0.9017857142857143,0.318312045084436,0.16986429574169393,0.6143365736631101,0.6143365736631101,0.5464215691960737,-11396940.151476206,0.15012845788724544,0.96451407227286,0.9286709389802175,0.9403189380444861,26.003567457199097,125.6,1.0,67693.43268296718,11.288889169692993,283749.3028878172,24.51278699947532,0.03548592772714014
99b01670-8bb0-4cd0-b421-fc8559d4b235,GradientBoostingClassifier,PREPROCESSING,UNAWARENESS,HYPERPARAMETER,0.8315395414131961,0.9623779437105112,0.9218530650444549,0.9623779437105112,0.2563131313131313,0.850507614213198,3482.0,0.16846045858680392,-0.088611097137683,0.5196345786746659,0.14949238578680202,-0.0725615158183533,0.5561188811188811,0.0376220562894888,-0.038015658517319625,0.1591298389859541,0.39221556886227543,-0.00790797987059666,0.9798534798534799,0.7436868686868687,0.16883116883116878,1.232142857142857,0.06403042467643534,0.0376220562894888,0.7436868686868687,0.2563131313131313,0.9623779437105112,0.6077844311377245,131.0,589.0,131.0,589.0,203.0,334.0,3940.0,203.0,3351.0,0.850507614213198,0.10342341367424424,0.10342341367424424,0.010287163039920014,5.2912861704948184e-05,5.321766696979304e-05,0.010287163039920014,5.2912861704948184e-05,5.321766696979304e-05,0.35785590585160204,0.9476041955960859,1.082372995098814,0.038015658517319695,0.16883116883116878,0.03232676797387829,0.07482252924309729,0.07075660188386182,0.2563131313131313,0.9623779437105112,0.038015658517319695,0.8146934955545156,[0.79199813],792.0,0.10442811361679338,0.7116076880271394,0.9029911075181891,0.3165823432735584,0.16846045858680392,0.6093455375118213,0.6093455375118213,0.5463249419151816,-10784337.319791663,0.13081551031384914,0.9619843414826805,0.9317391908800221,0.9416073543601399,47.37941789627075,122.4,1.0,67864.31997807026,11.288889169692993,284461.33328408,24.574298514263578,0.038015658517319625
99b01670-8bb0-4cd0-b421-fc8559d4b235,GradientBoostingClassifier,PREPROCESSING,UNAWARENESS,PCA,0.8233504913430042,0.9931074095347502,0.9801123069723912,0.9931074095347502,0.07702020202020202,0.8254953449510624,3482.0,0.1766495086569958,-0.0922818345105535,0.5226425635805637,0.1745046550489377,-0.09269081894158891,0.5160265636942991,0.0068925904652498565,-0.0050160947668130285,0.36455199476782213,0.2823529411764706,0.39837398373983735,2.4848484848484844,0.922979797979798,0.07092907092907097,1.0774263904034898,0.05495730191108462,0.0068925904652498565,0.922979797979798,0.07702020202020202,0.9931074095347502,0.7176470588235294,24.0,731.0,24.0,731.0,61.0,85.0,4189.0,61.0,3458.0,0.8254953449510624,0.03797258284794197,0.03797258284794197,0.02802543805976862,0.0003927125892209637,0.00039900401169219404,0.02802543805976862,0.0003927125892209637,0.00039900401169219404,0.33153371445777463,0.9373316622080725,1.0199974244765628,0.005016094766812973,0.07092907092907097,0.24553240134071314,0.019529180956551873,0.05036882590531562,0.07702020202020202,0.9931074095347502,0.005016094766812973,0.8146934955545156,[0.77613477],792.0,0.10442811361679338,0.7116076880271394,0.901577369312997,0.19516474966275943,0.1766495086569958,0.535063805777476,0.5350638057774761,0.5147460510836558,-9604997.0736572,0.06591297616225794,0.9949839052331871,0.9451315339938505,0.9611844993531302,,,,,,,,0.0050160947668130285
99b01670-8bb0-4cd0-b421-fc8559d4b235,XGBClassifier,PREPROCESSING,UNAWARENESS,PCA,0.8217126813289658,0.985353245261344,0.9691155825924193,0.985353245261344,0.10227272727272728,0.8283437952679865,3482.0,0.1782873186710342,-0.09269980440488479,0.5246929501816887,0.1716562047320135,-0.08924557893696898,0.5258038057742782,0.014646754738655945,-0.012906273474223849,0.25062949640287774,0.38636363636363635,0.375,2.0,0.8977272727272727,0.09890109890109888,1.1113610798650169,0.05794336888599562,0.014646754738655945,0.8977272727272727,0.10227272727272728,0.985353245261344,0.6136363636363636,51.0,711.0,51.0,711.0,81.0,132.0,4142.0,81.0,3431.0,0.8283437952679865,0.05590368618766134,0.05590368618766134,0.024346739737202507,0.0002963818679155378,0.00030048899052741135,0.024346739737202507,0.0002963818679155378,0.00030048899052741135,0.34042141203512927,1.1291478449218018,1.0325592537877275,0.012906273474223795,0.09890109890109888,0.23212278946848447,0.0313691953968569,0.05616813448420567,0.10227272727272728,0.985353245261344,0.012906273474223795,0.8146934955545156,[0.77613477],792.0,0.10442811361679338,0.7116076880271394,0.9000524658971668,0.1967967003401151,0.1782873186710342,0.5438129862670357,0.5438129862670357,0.5134118357379883,-10476842.315140394,0.08599482542687503,0.9870937265257761,0.9407732382780366,0.9557226939798111,,,,,,,,0.012906273474223849
99b01670-8bb0-4cd0-b421-fc8559d4b235,LinearDiscriminantAnalysis,PREPROCESSING,UNAWARENESS,PCA,0.8165652784277024,0.9991384261918438,0.9967243799719232,0.9991384261918438,0.013888888888888888,0.8166666666666667,3482.0,0.18343472157229757,-0.10214370470759859,0.4940491458472273,0.18333333333333332,-0.10209392974283407,0.4941709844559585,0.0008615738081562321,-0.001076426264800861,0.0,0.21428571428571427,-0.21428571428571427,0.0,0.9861111111111112,0.01538461538461533,1.015625,0.05378607219673892,0.0008615738081562321,0.9861111111111112,0.013888888888888888,0.9991384261918438,0.7857142857142857,3.0,781.0,3.0,781.0,11.0,14.0,4260.0,11.0,3479.0,0.8166666666666667,0.008230520824708099,0.008230520824708099,0.03268651078505956,0.0005342039936509076,0.0005442406594868595,0.03268651078505956,0.0005342039936509076,0.0005442406594868595,0.3279819269311616,1.1445921673492563,1.00401376146789,0.0010764262648008671,0.01538461538461533,-0.056095892271440115,0.003997715591090856,0.04707630395950968,0.013888888888888888,0.9991384261918438,0.0010764262648008671,0.8146934955545156,[0.77613477],792.0,0.10442811361679338,0.7116076880271394,0.8987341772151899,0.08858558836119158,0.18343472157229757,0.5065136575403663,0.5065136575403664,0.5023447863339813,-9382864.078232307,0.01430818911981447,0.9989235737351991,0.946280429756562,0.9632006125955005,,,,,,,,0.001076426264800861
99b01670-8bb0-4cd0-b421-fc8559d4b235,AdaBoostClassifier,PREPROCESSING,UNAWARENESS,PCA,0.8207767898923725,0.9919586444572085,0.9808142255498362,0.9919586444572085,0.06818181818181818,0.8239503816793893,3482.0,0.17922321010762754,-0.08909934515583984,0.5438217737781417,0.1760496183206107,-0.09260156644048763,0.5201809908340845,0.0080413555427915,-0.0010583567591567217,0.8717547700969659,0.34146341463414637,0.7012987012987013,3.347826086956522,0.9318181818181818,0.0755244755244755,1.0816944024205748,0.05575192139726757,0.0080413555427915,0.9318181818181818,0.06818181818181818,0.9919586444572085,0.6585365853658537,28.0,738.0,28.0,738.0,54.0,82.0,4192.0,54.0,3454.0,0.8239503816793893,0.03829141614181614,0.03829141614181614,0.029334268039896767,0.00043024964071825445,0.00043747546570175867,0.029334268039896767,0.00043024964071825445,0.00043747546570175867,0.3339219112225718,0.42282618148367557,1.0158594606860556,0.0010583567591567755,0.0755244755244755,0.3969501338695945,0.015510751813175516,0.05159129967072836,0.06818181818181818,0.9919586444572085,0.0010583567591567755,0.8146934955545156,[0.77613477],792.0,0.10442811361679338,0.7116076880271394,0.9001824341933803,0.17034373899677596,0.17922321010762754,0.5300702313195134,0.5300702313195134,0.5097730915076691,-12474676.861978387,0.07446611876531878,0.9989416432408432,0.9438447875392812,0.961522451400524,,,,,,,,0.0010583567591567217
99b01670-8bb0-4cd0-b421-fc8559d4b235,XGBClassifier,PREPROCESSING,UNAWARENESS,HYPERPARAMETER_PCA,0.8214787084698175,0.9885123492245835,0.9744969583528311,0.9885123492245835,0.08712121212121213,0.8264105642256903,3482.0,0.17852129153018248,-0.09298535551853415,0.5239258552252827,0.1735894357743097,-0.09150383917181827,0.5195694873776404,0.011487650775416428,-0.008959377169954026,0.3251409683064359,0.3669724770642202,0.3976190476190476,2.128378378378378,0.9128787878787878,0.08211788211788207,1.090748509604769,0.05686533805412851,0.011487650775416428,0.9128787878787878,0.08712121212121213,0.9885123492245835,0.6330275229357798,40.0,723.0,40.0,723.0,69.0,109.0,4165.0,69.0,3442.0,0.8264105642256903,0.04553862964391803,0.04553862964391803,0.02641228291435093,0.00034880434437385704,0.0003540607076379731,0.02641228291435093,0.00034880434437385704,0.0003540607076379731,0.3372397902209302,0.9319298935026497,1.0255681254871336,0.008959377169953986,0.08211788211788207,0.24456144339543293,0.024801519782922,0.05394649718667734,0.08712121212121213,0.9885123492245835,0.008959377169953986,0.8146934955545156,[0.77613477],792.0,0.10442811361679338,0.7116076880271394,0.90022230940238,0.18641067230693117,0.17852129153018248,0.5378167806728978,0.5378167806728978,0.5133253414815505,-10186144.231785722,0.07315850494792804,0.9910406228300461,0.9423037437547054,0.9580078811298612,24.99112319946289,124.99999999999999,1.0,70637.77923548222,11.288889169692993,296017.41352329653,25.572615446040338,0.008959377169954026
99b01670-8bb0-4cd0-b421-fc8559d4b235,GradientBoostingClassifier,PREPROCESSING,UNAWARENESS,HYPERPARAMETER_PCA,0.8247543284978942,0.9922458357265939,0.9773046326626111,0.9922458357265939,0.08838383838383838,0.827148671295188,3482.0,0.1752456715021058,-0.09056852782865743,0.52731596951422,0.17285132870481207,-0.09072434171566023,0.5213799433947832,0.007754164273406089,-0.00609252103161389,0.32080575539568346,0.27835051546391754,0.400709219858156,2.5066666666666664,0.9116161616161617,0.08351648351648355,1.092436974789916,0.05504445533731969,0.007754164273406089,0.9116161616161617,0.08838383838383838,0.9922458357265939,0.7216494845360825,27.0,722.0,27.0,722.0,70.0,97.0,4177.0,70.0,3455.0,0.827148671295188,0.044804502274048696,0.044804502274048696,0.02695924987029046,0.00036340057678437807,0.0003689939031020325,0.02695924987029046,0.00036340057678437807,0.0003689939031020325,0.33179648984677246,1.073133203367138,1.023588964703593,0.00609252103161384,0.08351648351648355,0.24571678078690812,0.022955794320344003,0.05076131459847922,0.08838383838383838,0.9922458357265939,0.00609252103161384,0.8146934955545156,[0.77613477],792.0,0.10442811361679338,0.7116076880271394,0.9022065543804674,0.2103554526440462,0.1752456715021058,0.5403148370552161,0.5403148370552161,0.5161062997096735,-9878675.831973419,0.07742396248486966,0.9939074789683862,0.945086507556589,0.9608183832810036,42.94509983062744,123.19999999999999,1.0,70817.02125310898,11.288889169692993,296764.255263408,25.63713427414441,0.00609252103161389
99b01670-8bb0-4cd0-b421-fc8559d4b235,XGBClassifier,PREPROCESSING,UNAWARENESS,UNAWARENESS_BAL_GAN_FAIR,0.826626111371081,0.9500287191269385,0.9066448291998128,0.9500287191269385,0.2840909090909091,0.8536774193548388,3482.0,0.173373888628919,-0.08037967941339219,0.5722041986235572,0.1463225806451613,-0.07130309805174065,0.5543912175648703,0.049971280873061456,-0.03187254286990214,0.43421161160243776,0.43609022556390975,0.18396226415094336,1.4347133757961783,0.7159090909090909,0.15644355644355634,1.2232677502138578,0.06915661247803066,0.049971280873061456,0.7159090909090909,0.2840909090909091,0.9500287191269385,0.5639097744360902,174.0,567.0,174.0,567.0,225.0,399.0,3875.0,225.0,3308.0,0.8536774193548388,0.09415804965672925,0.09415804965672925,0.01224573071241909,7.497896034054207e-05,7.549426893071943e-05,0.01224573071241909,7.497896034054207e-05,7.549426893071943e-05,0.37190486008663737,0.34494111424600393,1.077925409121223,0.031872542869902154,0.15644355644355634,0.127632681101342,0.06967003311209286,0.08045642461000971,0.2840909090909091,0.9500287191269385,0.031872542869902154,0.8146934955545156,[0.79199813],792.0,0.10442811361679338,0.7116076880271394,0.8992795976620905,0.31267452495984793,0.173373888628919,0.6170598141089239,0.6170598141089239,0.5589586654908837,-11386760.438332206,0.1245710135736542,0.9681274571300977,0.9239578241742895,0.938226300575371,,,,,,,,0.03187254286990214
99b01670-8bb0-4cd0-b421-fc8559d4b235,XGBClassifier,PREPROCESSING,UNAWARENESS,HYPERPARAMETER_BAL_GAN_FAIR,0.8299017313991577,0.9649626651349799,0.9277023865231633,0.9649626651349799,0.2361111111111111,0.8474148802017655,3482.0,0.17009826860084232,-0.09219084283444245,0.5063420006021139,0.15258511979823455,-0.07773644887955354,0.5357527159092584,0.0350373348650201,-0.03478637972291704,0.1713705958310275,0.3948220064724919,-0.03946731234866829,0.9004884004884005,0.7638888888888888,0.132067932067932,1.1758446395317903,0.06350043698257038,0.0350373348650201,0.7638888888888888,0.2361111111111111,0.9649626651349799,0.6051779935275081,122.0,605.0,122.0,605.0,187.0,309.0,3965.0,187.0,3360.0,0.8474148802017655,0.08342715589542454,0.08342715589542454,0.013247031451379331,8.774192113691659e-05,8.839500635204198e-05,0.013247031451379331,8.774192113691659e-05,8.839500635204198e-05,0.35637181982466115,0.7918165247824189,1.0721834200122466,0.03478637972291709,0.132067932067932,0.01913456826544263,0.06610286350064953,0.0692432376342265,0.2361111111111111,0.9649626651349799,0.03478637972291709,0.8146934955545156,[0.79199813],792.0,0.10442811361679338,0.7116076880271394,0.9023767960252451,0.30166961766610717,0.17009826860084232,0.6005368881230455,0.6005368881230455,0.5504358035366511,-10487338.714166954,0.09728155234501495,0.965213620277083,0.9326209145791409,0.943237794683698,27.512984037399292,126.8,1.0,95438.73512296677,11.288889169692993,399354.7297211488,34.49981137313257,0.03478637972291704
99b01670-8bb0-4cd0-b421-fc8559d4b235,GradientBoostingClassifier,PREPROCESSING,UNAWARENESS,HYPERPARAMETER_BAL_GAN_FAIR,0.8270940570893777,0.9618035611717404,0.9253626579316799,0.9618035611717404,0.23484848484848486,0.8467762326169406,3482.0,0.17290594291062233,-0.08771301669216403,0.5352935182209403,0.15322376738305943,-0.07513447555977439,0.5517163193280625,0.03819643882825962,-0.03334030299979607,0.2566446043165468,0.4169278996865204,0.12214912280701756,1.2970666666666668,0.7651515151515151,0.15944055944055946,1.212686567164179,0.06511839504457456,0.03819643882825962,0.7651515151515151,0.23484848484848486,0.9618035611717404,0.5830721003134797,133.0,606.0,133.0,606.0,186.0,319.0,3955.0,186.0,3349.0,0.8467762326169406,0.09639043122017776,0.09639043122017776,0.012833438974142214,8.234857795151617e-05,8.294209926642149e-05,0.012833438974142214,8.234857795151617e-05,8.294209926642149e-05,0.3608833469268832,0.7551274005875441,1.0737823510160172,0.03334030299979607,0.15944055944055946,0.09864179918339597,0.06737748673592892,0.072011065555846,0.23484848484848486,0.9618035611717404,0.03334030299979607,0.8146934955545156,[0.79199813],792.0,0.10442811361679338,0.7116076880271394,0.900631975258841,0.29074138705927316,0.17290594291062233,0.5983260230101126,0.5983260230101126,0.5406531196419139,-10318806.076650493,0.1261002564407634,0.9666596970002038,0.9302131796403027,0.9420527623683821,70.03319907188416,122.8,1.0,95830.31567173004,11.288889169692993,400986.3153409958,34.64076224195825,0.03334030299979607
99b01670-8bb0-4cd0-b421-fc8559d4b235,XGBClassifier,PREPROCESSING,UNAWARENESS,UNAWARENESS_DEMV,0.8296677585400094,0.9549109707064906,0.9115582592419279,0.9549109707064906,0.27904040404040403,0.8534394250513347,3482.0,0.1703322414599906,-0.08299106654080712,0.5521807164469852,0.14656057494866528,-0.06956174543879594,0.5652045175753987,0.045089029293509476,-0.03655874009081217,0.3021287079925101,0.41534391534391535,0.1421787709497207,1.3486301369863014,0.7209595959595959,0.17962037962037958,1.2553251917069015,0.0668887923854676,0.045089029293509476,0.7209595959595959,0.27904040404040403,0.9549109707064906,0.5846560846560847,157.0,571.0,157.0,571.0,221.0,378.0,3896.0,221.0,3325.0,0.8534394250513347,0.10808955985559587,0.10808955985559587,0.009858302050488776,4.859305965933559e-05,4.886117906156479e-05,0.009858302050488776,4.859305965933559e-05,4.886117906156479e-05,0.3657561821363177,0.6388001112581072,1.0850110087146831,0.03655874009081217,0.17962037962037958,0.1058702581942583,0.07632056293516953,0.07639523094465435,0.27904040404040403,0.9549109707064906,0.03655874009081217,0.8146934955545156,[0.79199813],792.0,0.10442811361679338,0.7116076880271394,0.9013282732447818,0.3201453525611332,0.1703322414599906,0.6169756873734473,0.6169756873734473,0.5502870568836477,-11360563.437015729,0.1430616395295674,0.9634412599091878,0.927346255752336,0.93907361525579,,,,,,,,0.03655874009081217
99b01670-8bb0-4cd0-b421-fc8559d4b235,XGBClassifier,PREPROCESSING,UNAWARENESS,HYPERPARAMETER_DEMV,0.8291998128217127,0.9643882825962091,0.927468413664015,0.9643882825962091,0.23484848484848486,0.8471241170534813,3482.0,0.17080018717828727,-0.09304749617539054,0.5040299366724237,0.15287588294651866,-0.0781005930502998,0.5345901462467264,0.035611717403790925,-0.03550399723278427,0.16849041774983375,0.4,-0.04488416988416988,0.8883553421368547,0.7651515151515151,0.13066933066933062,1.1736590546999468,0.0638319017684537,0.035611717403790925,0.7651515151515151,0.23484848484848486,0.9643882825962091,0.6,124.0,606.0,124.0,606.0,186.0,310.0,3964.0,186.0,3358.0,0.8471241170534813,0.08308666395105746,0.08308666395105746,0.01315109596655298,8.647566256074303e-05,8.71145906323988e-05,0.01315109596655298,8.647566256074303e-05,8.71145906323988e-05,0.35730071863474805,0.7951949063740462,1.0725178502742592,0.0355039972327843,0.13066933066933062,0.01660821158306497,0.0663884146142989,0.06978203064172876,0.23484848484848486,0.9643882825962091,0.0355039972327843,0.8146934955545156,[0.79199813],792.0,0.10442811361679338,0.7116076880271394,0.9019607843137255,0.2984686980711689,0.17080018717828727,0.599618383722347,0.599618383722347,0.5497980925751321,-10504100.071614927,0.09516533343654635,0.9644960027672157,0.9321304649548923,0.9426748943250747,28.106514930725098,126.69999999999999,1.0,101680.63186190127,11.288889169692993,425362.63280004263,36.746605222448125,0.03550399723278427
99b01670-8bb0-4cd0-b421-fc8559d4b235,GradientBoostingClassifier,PREPROCESSING,UNAWARENESS,HYPERPARAMETER_DEMV,0.8270940570893777,0.9618035611717404,0.9253626579316799,0.9618035611717404,0.23484848484848486,0.8467762326169406,3482.0,0.17290594291062233,-0.08771301669216403,0.5352935182209403,0.15322376738305943,-0.07513447555977439,0.5517163193280625,0.03819643882825962,-0.03334030299979607,0.2566446043165468,0.4169278996865204,0.12214912280701756,1.2970666666666668,0.7651515151515151,0.15944055944055946,1.212686567164179,0.06511839504457456,0.03819643882825962,0.7651515151515151,0.23484848484848486,0.9618035611717404,0.5830721003134797,133.0,606.0,133.0,606.0,186.0,319.0,3955.0,186.0,3349.0,0.8467762326169406,0.09639043122017776,0.09639043122017776,0.012833438974142214,8.234857795151617e-05,8.294209926642149e-05,0.012833438974142214,8.234857795151617e-05,8.294209926642149e-05,0.3608833469268832,0.7551274005875441,1.0737823510160172,0.03334030299979607,0.15944055944055946,0.09864179918339597,0.06737748673592892,0.072011065555846,0.23484848484848486,0.9618035611717404,0.03334030299979607,0.8146934955545156,[0.79199813],792.0,0.10442811361679338,0.7116076880271394,0.900631975258841,0.29074138705927316,0.17290594291062233,0.5983260230101126,0.5983260230101126,0.5406531196419139,-10319320.7391434,0.1261002564407634,0.9666596970002038,0.9302131796403027,0.9420527623683821,70.96767091751099,121.69999999999999,1.0,101989.95067677497,11.288889169692993,426651.4611953497,36.85794567548715,0.03334030299979607
99b01670-8bb0-4cd0-b421-fc8559d4b235,GradientBoostingClassifier,PREPROCESSING,REWEIGHTER,REWEIGHTER,0.8303696771174544,0.9784606547960942,0.9492278895648105,0.9784606547960942,0.17929292929292928,0.8397830909539068,3482.0,0.16963032288254565,-0.08845796480471557,0.523415703467517,0.16021690904609318,-0.08381223760037036,0.523570780399274,0.0215393452039058,-0.01792236824103688,0.2864337101747174,0.3456221198156682,0.07520325203252032,1.2202380952380951,0.8207070707070707,0.09790209790209792,1.120689655172414,0.058862085380640146,0.0215393452039058,0.8207070707070707,0.17929292929292928,0.9784606547960942,0.6543778801843319,75.0,650.0,75.0,650.0,142.0,217.0,4057.0,142.0,3407.0,0.8397830909539068,0.0579122330715674,0.0579122330715674,0.020831693636622975,0.0002169797298850591,0.0002195418852897628,0.020831693636622975,0.0002169797298850591,0.0002195418852897628,0.34310956087127664,0.57701372699083,1.0456672025597142,0.01792236824103688,0.09790209790209792,0.07950774481644535,0.0429939368473381,0.059608002087399,0.17929292929292928,0.9784606547960942,0.01792236824103688,0.8146934955545156,[0.79199813],792.0,0.10442811361679338,0.7116076880271394,0.9038333996551267,0.2792054159825157,0.16963032288254565,0.5788767920445118,0.5788767920445117,0.5453527443439087,-10139012.756605603,0.07997972966106104,0.9820776317589631,0.9396676549679378,0.9533913855662369,,,,,,,,0.01792236824103688
99b01670-8bb0-4cd0-b421-fc8559d4b235,RidgeClassifierCV,PREPROCESSING,REWEIGHTER,REWEIGHTER,0.8219466541881142,0.9968408960367605,0.9875994384651381,0.9968408960367605,0.05303030303030303,0.822316986496091,3482.0,0.1780533458118858,-0.0955760290936637,0.5106619095233768,0.17768301350390903,-0.09782593940052128,0.4995659722222222,0.0031591039632395176,-0.0003515809526759648,0.891127098321343,0.20754716981132076,0.3163265306122449,2.722222222222222,0.946969696969697,0.029970029970029954,1.0317460317460316,0.0538474890479249,0.0031591039632395176,0.946969696969697,0.05303030303030303,0.9968408960367605,0.7924528301886793,11.0,750.0,11.0,750.0,42.0,53.0,4221.0,42.0,3471.0,0.822316986496091,0.015160805461352955,0.015160805461352955,0.03136217703326704,0.0004917930741329913,0.0005006446587140832,0.03136217703326704,0.0004917930741329913,0.0005006446587140832,0.3281691303213174,0.17519161016117546,1.0089356855719063,0.0003515809526759561,0.029970029970029954,0.2070762350063831,0.008810657418558687,0.04792052003987008,0.05303030303030303,0.9968408960367605,0.0003515809526759561,0.8146934955545156,[0.79199813],792.0,0.10442811361679338,0.7116076880271394,0.9012073218226665,0.17509799515787816,0.1780533458118858,0.5249355995335317,0.5249355995335317,0.5169771530292652,-9847048.637699846,0.02961844901735399,0.9996484190473242,0.9466148496625076,0.9636562173718347,,,,,,,,0.0003515809526759648
99b01670-8bb0-4cd0-b421-fc8559d4b235,LinearDiscriminantAnalysis,PREPROCESSING,REWEIGHTER,REWEIGHTER,0.8238184370613009,0.9753015508328546,0.9506317267197005,0.9753015508328546,0.15782828282828282,0.8358355894659119,3482.0,0.17618156293869913,-0.09012984438204075,0.5316992358666073,0.16416441053408812,-0.08164594603369944,0.5452927633900219,0.02469844916714532,-0.023666922221103632,0.19561326548517285,0.4075829383886256,0.2666666666666666,1.6666666666666665,0.8421717171717171,0.14605394605394606,1.176399613899614,0.06110809775985546,0.02469844916714532,0.8421717171717171,0.15782828282828282,0.9753015508328546,0.5924170616113744,86.0,667.0,86.0,667.0,125.0,211.0,4063.0,125.0,3396.0,0.8358355894659119,0.08486043413752481,0.08486043413752481,0.01817379415065401,0.00016514339691517296,0.00016683939746258417,0.01817379415065401,0.00016514339691517296,0.00016683939746258417,0.3495943299307226,1.2309401943974938,1.0539224699483436,0.02366692222110356,0.14605394605394606,0.17415630635018303,0.05076595757272673,0.06299591382863501,0.15782828282828282,0.9753015508328546,0.02366692222110356,0.8146934955545156,[0.79199813],792.0,0.10442811361679338,0.7116076880271394,0.9001988071570577,0.23877437928483927,0.17618156293869913,0.5665649168305688,0.5665649168305688,0.518485972021236,-10156779.360595612,0.12238702383284243,0.9763330777788964,0.9362464677096974,0.9492378426573046,13.404400825500488,136.29999999999998,1.0,108438.34122622013,11.288889169692993,453519.7551513712,39.1790677366879,0.023666922221103632
99b01670-8bb0-4cd0-b421-fc8559d4b235,LogisticRegressionCV,PREPROCESSING,REWEIGHTER,REWEIGHTER,0.8193729527374825,0.9870763928776565,0.9742629854936827,0.9870763928776565,0.08207070707070707,0.8254082612872238,3482.0,0.18062704726251755,-0.08923176393652177,0.5464591621107413,0.17459173871277617,-0.09570802417586843,0.5015572930535047,0.012923607122343481,0.0018301827859563812,1.1457348406988697,0.4090909090909091,0.349702380952381,1.959183673469388,0.9179292929292929,0.03336663336663337,1.0364788117081696,0.057699116226017345,0.012923607122343481,0.9179292929292929,0.08207070707070707,0.9870763928776565,0.5909090909090909,45.0,727.0,45.0,727.0,65.0,110.0,4164.0,65.0,3437.0,0.8254082612872238,0.01759840807629487,0.0157682252903385,0.03156776673155011,0.000498261948208781,0.0005072909487670017,0.03156776673155011,0.000498261948208781,0.0005072909487670017,0.3397031534325737,-0.32730930371879574,1.0095397028711905,-0.001830182785956369,0.03336663336663337,0.2227052025641247,0.009278191884430242,0.05530793254373228,0.08207070707070707,0.9870763928776565,-0.001830182785956369,0.8146934955545156,[0.79199813],792.0,0.10442811361679338,0.7116076880271394,0.8990321736855872,0.1696677269328397,0.18062704726251755,0.5345735499741817,0.5345735499741817,0.5261442738039328,-9766910.727661848,0.031536450580676986,0.9981698172140435,0.9409993155373032,0.9593143291816668,22.68111252784729,148.1,1.0,108706.48574540616,11.288889169692993,454637.02398131293,39.27558734949675,0.0018301827859563812
99b01670-8bb0-4cd0-b421-fc8559d4b235,RidgeClassifierCV,PREPROCESSING,REWEIGHTER,HYPERPARAMETER,0.8219466541881142,0.9968408960367605,0.9875994384651381,0.9968408960367605,0.05303030303030303,0.822316986496091,3482.0,0.1780533458118858,-0.0955760290936637,0.5106619095233768,0.17768301350390903,-0.09782593940052128,0.4995659722222222,0.0031591039632395176,-0.0003515809526759648,0.891127098321343,0.20754716981132076,0.3163265306122449,2.722222222222222,0.946969696969697,0.029970029970029954,1.0317460317460316,0.0538474890479249,0.0031591039632395176,0.946969696969697,0.05303030303030303,0.9968408960367605,0.7924528301886793,11.0,750.0,11.0,750.0,42.0,53.0,4221.0,42.0,3471.0,0.822316986496091,0.015160805461352955,0.015160805461352955,0.03136217703326704,0.0004917930741329913,0.0005006446587140832,0.03136217703326704,0.0004917930741329913,0.0005006446587140832,0.3281691303213174,0.17519161016117546,1.0089356855719063,0.0003515809526759561,0.029970029970029954,0.2070762350063831,0.008810657418558687,0.04792052003987008,0.05303030303030303,0.9968408960367605,0.0003515809526759561,0.8146934955545156,[0.79199813],792.0,0.10442811361679338,0.7116076880271394,0.9012073218226665,0.17509799515787816,0.1780533458118858,0.5249355995335317,0.5249355995335317,0.5169771530292652,-9847048.637699846,0.02961844901735399,0.9996484190473242,0.9466148496625076,0.9636562173718347,5.193058967590332,161.29999999999998,1.0,108775.58099029065,11.288889169692993,454924.9208349983,39.30045843880124,0.0003515809526759648
99b01670-8bb0-4cd0-b421-fc8559d4b235,XGBClassifier,PREPROCESSING,REWEIGHTER,HYPERPARAMETER,0.8327094057089378,0.9595060310166571,0.9160037435657463,0.9595060310166571,0.27525252525252525,0.8533844189016603,3482.0,0.1672905942910622,-0.07927890206336563,0.5634674292045495,0.14661558109833972,-0.0721688738646706,0.550081056044465,0.040493968983342905,-0.02722248466028039,0.4072729316546762,0.39275766016713093,0.15957711442786066,1.4176432291666665,0.7247474747474747,0.14665334665334662,1.2064116985376827,0.06473281615161762,0.040493968983342905,0.7247474747474747,0.27525252525252525,0.9595060310166571,0.6072423398328691,141.0,574.0,141.0,574.0,218.0,359.0,3915.0,218.0,3341.0,0.8533844189016603,0.08693791565681352,0.08693791565681352,0.013922668462025847,9.692034855174458e-05,9.76791357140503e-05,0.013922668462025847,9.692034855174458e-05,9.76791357140503e-05,0.35981332980204506,0.39424517622385147,1.0714018104448235,0.027222484660280433,0.14665334665334662,0.11587299414626559,0.06457154017097555,0.07255249906321029,0.27525252525252525,0.9595060310166571,0.027222484660280433,0.8146934955545156,[0.79199813],792.0,0.10442811361679338,0.7116076880271394,0.9033391915641477,0.3288404975964352,0.1672905942910622,0.6173792781345911,0.6173792781345911,0.5637056105238616,-11313900.704193052,0.11943086199306623,0.9727775153397195,0.9305758651904462,0.9442302635895311,,,,,,,,0.02722248466028039
99b01670-8bb0-4cd0-b421-fc8559d4b235,GradientBoostingClassifier,PREPROCESSING,REWEIGHTER,HYPERPARAMETER,0.8284978942442677,0.9646754738655945,0.9286382779597566,0.9646754738655945,0.2297979797979798,0.8463088939279415,3482.0,0.17150210575573233,-0.08441882210905383,0.5479591513365343,0.15369110607205846,-0.08065635443870191,0.5224372837370242,0.035324526134405516,-0.020763927071475223,0.4739175931981687,0.40327868852459015,0.15020759193357053,1.383712121212121,0.7702020202020202,0.09630369630369628,1.1265756302521008,0.0638738594107297,0.035324526134405516,0.7702020202020202,0.2297979797979798,0.9646754738655945,0.5967213114754099,123.0,610.0,123.0,610.0,182.0,305.0,3969.0,182.0,3359.0,0.8463088939279415,0.05853381168758576,0.05853381168758576,0.019090080889946924,0.00018221559419235835,0.00018418336597979178,0.019090080889946924,0.00018221559419235835,0.00018418336597979178,0.3574181288371638,0.21875566739186048,1.053439780713678,0.02076392707147523,0.09630369630369628,0.11543197318613621,0.049151780033911074,0.06971048177449918,0.2297979797979798,0.9646754738655945,0.02076392707147523,0.8146934955545156,[0.79199813],792.0,0.10442811361679338,0.7116076880271394,0.9016239430948866,0.2935261728058887,0.17150210575573233,0.5972367268317871,0.5972367268317872,0.5622781847305053,-10691946.261340601,0.07553976923222105,0.9792360729285247,0.9320846340617412,0.947289016811443,20.258843898773193,174.89999999999998,1.0,109051.76684081554,11.288889169692993,456075.6952121854,39.39987255860824,0.020763927071475223
99b01670-8bb0-4cd0-b421-fc8559d4b235,GradientBoostingClassifier,PREPROCESSING,REWEIGHTER,PCA,0.8228825456247075,0.9936817920735209,0.9815161441272813,0.9936817920735209,0.07196969696969698,0.8247914183551848,3482.0,0.17711745437529247,-0.09443382463906635,0.5136658031088084,0.17520858164481526,-0.09370746042278888,0.5129771594111503,0.006318207926479035,-0.006096134932742719,0.19095580678314492,0.27848101265822783,0.2272727272727273,1.8333333333333335,0.928030303030303,0.06533466533466536,1.070886624756124,0.054825703034024516,0.006318207926479035,0.928030303030303,0.07196969696969698,0.9936817920735209,0.7215189873417721,22.0,735.0,22.0,735.0,57.0,79.0,4195.0,57.0,3460.0,0.8247914183551848,0.035715400133704056,0.035715400133704056,0.02803537918380471,0.0003929912429898552,0.0003992894366109589,0.02803537918380471,0.0003929912429898552,0.0003992894366109589,0.3311365368968653,1.2112835418479306,1.0198328353693127,0.006096134932742747,0.06533466533466536,0.1604900938477581,0.01939676217586983,0.050032124301913616,0.07196969696969698,0.9936817920735209,0.006096134932742747,0.8146934955545156,[0.77613477],792.0,0.10442811361679338,0.7116076880271394,0.9013937736094829,0.18938345126702522,0.17711745437529247,0.5328257445216089,0.5328257445216089,0.5137956598544808,-9525157.687706884,0.059238530401922646,0.9939038650672571,0.9452906222252578,0.9609578917996074,,,,,,,,0.006096134932742719
99b01670-8bb0-4cd0-b421-fc8559d4b235,XGBClassifier,PREPROCESSING,REWEIGHTER,PCA,0.8210107627515209,0.9844916714531878,0.9684136640149743,0.9844916714531878,0.10227272727272728,0.8282193766610292,3482.0,0.17898923724847915,-0.08249024243733416,0.5745495890787272,0.17178062333897076,-0.09310072174385742,0.5066681630286366,0.015508328546812177,0.0057915346947415135,1.403525179856115,0.4,0.3920145190562613,2.1368421052631574,0.8977272727272727,0.04135864135864131,1.0462776659959758,0.05835880928461523,0.015508328546812177,0.8977272727272727,0.10227272727272728,0.9844916714531878,0.6,54.0,711.0,54.0,711.0,81.0,135.0,4139.0,81.0,3428.0,0.8282193766610292,0.023575088026691393,0.01778355333194992,0.03198312468866037,0.0005114601324251983,0.0005208548644356024,0.03198312468866037,0.0005114601324251983,0.0005208548644356024,0.34163960333841636,-0.43522685520115023,1.008804158543714,-0.005791534694741474,0.04135864135864131,0.24255762040005935,0.008512530219593306,0.05689788337150352,0.10227272727272728,0.9844916714531878,-0.005791534694741474,0.8146934955545156,[0.77613477],792.0,0.10442811361679338,0.7116076880271394,0.8996194725101693,0.19275423922388935,0.17898923724847915,0.5433821993629576,0.5433821993629575,0.5337189330409541,-10548434.686251769,0.0355671066638998,0.9942084653052584,0.9401439835447378,0.9575000839437213,13.007002353668213,124.5,1.0,111702.98964955806,11.288889169692993,467122.4569152792,40.35419002795884,0.0057915346947415135
99b01670-8bb0-4cd0-b421-fc8559d4b235,LinearDiscriminantAnalysis,PREPROCESSING,REWEIGHTER,PCA,0.8167992512868507,0.9991384261918438,0.9964904071127749,0.9991384261918438,0.015151515151515152,0.8168584174688894,3482.0,0.1832007487131493,-0.10185815359394923,0.49474893217279003,0.1831415825311106,-0.10186503237041802,0.4947320513859919,0.0008615738081562321,-0.001076426264800861,0.0,0.2,-0.2,0.0,0.9848484848484849,0.016783216783216814,1.0170697012802277,0.053754084109260386,0.0008615738081562321,0.9848484848484849,0.015151515151515152,0.9991384261918438,0.8,3.0,780.0,3.0,780.0,12.0,15.0,4259.0,12.0,3479.0,0.8168584174688894,0.00892982152400884,0.00892982152400884,0.032600026982502896,0.0005313808796299585,0.000541337068304634,0.032600026982502896,0.0005313808796299585,0.000541337068304634,0.32788438239495454,1.2112835418479297,1.0043016919988528,0.0010764262648008671,0.016783216783216814,-0.04906748381479101,0.004283266704740107,0.04704223486689361,0.015151515151515152,0.9991384261918438,0.0010764262648008671,0.8146934955545156,[0.77613477],792.0,0.10442811361679338,0.7116076880271394,0.8988502777418939,0.09388754231945598,0.1832007487131493,0.5071449706716794,0.5071449706716795,0.5026162565967828,-9384355.485305896,0.015706790518415954,0.9989235737351991,0.9463447806868412,0.9632450601490128,12.84617304801941,137.4,1.0,111869.26935300826,11.288889169692993,467815.2890129884,40.4140430230665,0.001076426264800861
99b01670-8bb0-4cd0-b421-fc8559d4b235,AdaBoostClassifier,PREPROCESSING,REWEIGHTER,PCA,0.8198408984557791,0.9925330269959793,0.9826860084230229,0.9925330269959793,0.06060606060606061,0.8228571428571428,3482.0,0.18015910154422088,-0.09024154961043718,0.5406600192794316,0.17714285714285713,-0.09512229928361447,0.5108606316778208,0.007466973004020678,0.001456918426507448,1.2030215827338129,0.35135135135135137,0.55863539445629,2.8714285714285714,0.9393939393939394,0.05274725274725278,1.056458511548332,0.05568717640532529,0.007466973004020678,0.9393939393939394,0.06060606060606061,0.9925330269959793,0.6486486486486487,26.0,744.0,26.0,744.0,48.0,74.0,4200.0,48.0,3456.0,0.8228571428571428,0.027102085586880098,0.025645167160372684,0.03108110132883445,0.0004830174299066373,0.0004916302857200358,0.03108110132883445,0.0004830174299066373,0.0004916302857200358,0.33372796228462875,-0.025479085300988524,1.01026087743512,-0.0014569184265074142,0.05274725274725278,0.3268788468699522,0.010064567101552568,0.05132470465058211,0.06060606060606061,0.9925330269959793,-0.0014569184265074142,0.8146934955545156,[0.77613477],792.0,0.10442811361679338,0.7116076880271394,0.8997656860192658,0.15828893694663387,0.18015910154422088,0.52656954380102,0.52656954380102,0.5130655798286816,-12475582.927156221,0.05129033432074533,0.9985430815734925,0.9438754608766898,0.9614205472384869,,,,,,,,0.001456918426507448
99b01670-8bb0-4cd0-b421-fc8559d4b235,XGBClassifier,PREPROCESSING,REWEIGHTER,HYPERPARAMETER_PCA,0.8189050070191858,0.9862148190695003,0.9733270940570894,0.9862148190695003,0.08333333333333333,0.8254807692307692,3482.0,0.18109499298081422,-0.08822197826260636,0.552241495832395,0.17451923076923076,-0.09421161488967633,0.5085679413500166,0.013785180930499713,0.0007537565211555193,1.0552820901173798,0.42105263157894735,0.39299314546839303,2.044534412955466,0.9166666666666666,0.04915084915084911,1.053900087642419,0.058077577049856235,0.013785180930499713,0.9166666666666666,0.08333333333333333,0.9862148190695003,0.5789473684210527,48.0,726.0,48.0,726.0,66.0,114.0,4160.0,66.0,3434.0,0.8254807692307692,0.024952302836002305,0.024198546314846803,0.03068909914381891,0.0004709104031295733,0.0004791976267800747,0.03068909914381891,0.0004709104031295733,0.0004791976267800747,0.3408154252666866,-0.2053345495997465,1.0123576881532863,-0.000753756521155502,0.04915084915084911,0.24360238017903468,0.012001284240241716,0.05599967688078372,0.08333333333333333,0.9862148190695003,-0.000753756521155502,0.8146934955545156,[0.77613477],792.0,0.10442811361679338,0.7116076880271394,0.8987176131902643,0.1677117460209722,0.18109499298081422,0.5347740762014168,0.5347740762014168,0.5218333209504774,-10115552.862578496,0.04839709262969359,0.9992462434788444,0.9404354374914419,0.9592544652048737,,,,,,,,0.0007537565211555193
99b01670-8bb0-4cd0-b421-fc8559d4b235,GradientBoostingClassifier,PREPROCESSING,REWEIGHTER,HYPERPARAMETER_PCA,0.8245203556387459,0.9913842619184376,0.9761347683668694,0.9913842619184376,0.09090909090909091,0.8274209012464045,3482.0,0.17547964436125407,-0.09243496684352093,0.51900853805942,0.1725790987535954,-0.0942976796204803,0.5032975391860945,0.00861573808156232,-0.0035736319448208915,0.616934144991699,0.29411764705882354,0.22340425531914893,1.8076923076923077,0.9090909090909091,0.043156843156843094,1.0476926473835284,0.05538263896509345,0.00861573808156232,0.9090909090909091,0.09090909090909091,0.9913842619184376,0.7058823529411765,30.0,720.0,30.0,720.0,72.0,102.0,4172.0,72.0,3452.0,0.8274209012464045,0.023365237550831974,0.023365237550831974,0.029131702754662394,0.00042432805269300227,0.000431403525936654,0.029131702754662394,0.00042432805269300227,0.000431403525936654,0.33281417928055124,0.185830008366221,1.016933639835559,0.0035736319448208542,0.043156843156843094,0.1588509674698146,0.016479110382520146,0.051412411231936204,0.09090909090909091,0.9913842619184376,0.0035736319448208542,0.8146934955545156,[0.77613477],792.0,0.10442811361679338,0.7116076880271394,0.9020120198588973,0.20949299000426666,0.17547964436125407,0.5411466764137643,0.5411466764137642,0.5285026557695134,-9811810.386095585,0.039583211212022205,0.9964263680551791,0.9445888630455601,0.9612581748488059,16.78942608833313,175.9,1.0,112387.56511826515,11.288889169692993,469974.85470155877,40.60060550338466,0.0035736319448208915
99b01670-8bb0-4cd0-b421-fc8559d4b235,GradientBoostingClassifier,PREPROCESSING,REWEIGHTER,REWEIGHTER_FOS,0.8282639213851193,0.9563469270534176,0.9153018249883014,0.9563469270534176,0.26515151515151514,0.8512269938650306,3482.0,0.17173607861488072,-0.08312348532148905,0.5548953431256044,0.14877300613496933,-0.07998560247214424,0.5119340064536275,0.043653072946582425,-0.022181092585565564,0.538666380328573,0.4198895027624309,0.1381597126277977,1.3392130257801897,0.7348484848484849,0.07792207792207795,1.1071428571428572,0.06670885828821321,0.043653072946582425,0.7348484848484849,0.26515151515151514,0.9563469270534176,0.580110497237569,152.0,582.0,152.0,582.0,210.0,362.0,3912.0,210.0,3330.0,0.8512269938650306,0.05005158525382175,0.05005158525382175,0.018605392304331315,0.00017308031139903545,0.00017490094823976852,0.018605392304331315,0.00017308031139903545,0.00017490094823976852,0.36526389990858177,0.06332725247433602,1.056509016327857,0.022181092585565554,0.07792207792207795,0.10907265754997097,0.05120020240099654,0.0756555088371472,0.26515151515151514,0.9563469270534176,0.022181092585565554,0.8146934955545156,[0.79199813],792.0,0.10442811361679338,0.7116076880271394,0.9007303218826075,0.30909639652349535,0.17173607861488072,0.6107492211024663,0.6107492211024663,0.580180254393751,-10070631.687828971,0.05574098533651238,0.9778189074144344,0.9277058086084413,0.9438295243084336,,,,,,,,0.022181092585565564
99b01670-8bb0-4cd0-b421-fc8559d4b235,GradientBoostingClassifier,PREPROCESSING,REWEIGHTER,HYPERPARAMETER_FOS,0.8254562470753393,0.9506031016657094,0.9087505849321479,0.9506031016657094,0.27525252525252525,0.8522142121524202,3482.0,0.17454375292466073,-0.058094116463427214,0.6860407471374658,0.1477857878475798,-0.07999435086844363,0.5077629166949555,0.04939689833429064,0.008393543507497554,1.175885757559366,0.441025641025641,0.2848111269163901,1.7130985358132174,0.7247474747474747,0.04595404595404595,1.0638002773925104,0.06921571741034616,0.04939689833429064,0.7247474747474747,0.27525252525252525,0.9506031016657094,0.558974358974359,172.0,574.0,172.0,574.0,218.0,390.0,3884.0,218.0,3310.0,0.8522142121524202,0.02717379473077175,0.018780251223274202,0.02924682377657806,0.00042768835050910586,0.0004348490094365955,0.02924682377657806,0.00042768835050910586,0.0004348490094365955,0.3720637510168013,-0.4648457450848309,1.0234877382414158,-0.008393543507497547,0.04595404595404595,0.18240273889241687,0.02125432395403959,0.08028097198747974,0.27525252525252525,0.9506031016657094,-0.008393543507497547,0.8146934955545156,[0.79199813],792.0,0.10442811361679338,0.7116076880271394,0.8987238664132501,0.3047445692927961,0.17454375292466073,0.6129278134591174,0.6129278134591173,0.6014168751406229,-10510633.861206459,0.0375605024465484,0.9916064564925023,0.9239357990230285,0.94544255673419,22.734248399734497,175.6,1.0,123222.32963955401,11.288889169692993,515119.70687359566,44.500619121580065,0.008393543507497554
99b01670-8bb0-4cd0-b421-fc8559d4b235,XGBClassifier,PREPROCESSING,REWEIGHTER,HYPERPARAMETER_BAL_GAN_FAIR,0.8284978942442677,0.9629523262492821,0.9258306036499766,0.9629523262492821,0.23737373737373738,0.8473591104371999,3482.0,0.17150210575573233,-0.08599971001026796,0.5401969702962467,0.15264088956280011,-0.06930807410683572,0.582582315945246,0.03704767375071798,-0.03909569868324931,0.1283223021582734,0.4069400630914827,0.16820276497695852,1.4171428571428573,0.7626262626262627,0.21978021978021978,1.2964959568733154,0.06445299674309427,0.03704767375071798,0.7626262626262627,0.23737373737373738,0.9629523262492821,0.5930599369085173,129.0,604.0,129.0,604.0,188.0,317.0,3957.0,188.0,3353.0,0.8473591104371999,0.1294379592317345,0.1294379592317345,0.008646961852041031,3.738497463532643e-05,3.7565654420254786e-05,0.008646961852041031,3.738497463532643e-05,3.7565654420254786e-05,0.3590348081818649,1.5005772181940633,1.087169835209786,0.03909569868324925,0.21978021978021978,0.11875541954189711,0.07945348771834304,0.07093147880531628,0.23737373737373738,0.9629523262492821,0.03909569868324925,0.8146934955545156,[0.79199813],792.0,0.10442811361679338,0.7116076880271394,0.90146525070574,0.29703099854959203,0.17150210575573233,0.6001630318115097,0.6001630318115098,0.5224791537674974,-10454852.385081759,0.18068452109697047,0.9609043013167505,0.931194889953482,0.9408917768016352,,,,,,,,0.03909569868324931
99b01670-8bb0-4cd0-b421-fc8559d4b235,XGBClassifier,PREPROCESSING,REWEIGHTER,PCA_BAL_GAN_FAIR,0.8217126813289658,0.9801838024124067,0.9606925596630791,0.9801838024124067,0.125,0.8312226010716025,3482.0,0.1782873186710342,-0.08637625280002836,0.5545071615527256,0.16877739892839747,-0.0913964029551224,0.5074586130135526,0.019816197587593336,-0.003185911980856649,0.8442256720939039,0.4107142857142857,0.2866666666666666,1.7543859649122806,0.875,0.052147852147852114,1.0599448782728524,0.059761644697605025,0.019816197587593336,0.875,0.125,0.9801838024124067,0.5892857142857143,69.0,693.0,69.0,693.0,99.0,168.0,4106.0,99.0,3413.0,0.8312226010716025,0.02766688206435436,0.02766688206435436,0.028504570263418627,0.0004062552629510847,0.0004128786518132485,0.028504570263418627,0.0004062552629510847,0.0004128786518132485,0.3457214043058515,-0.1265113105325517,1.0203899612944711,0.003185911980856604,0.052147852147852114,0.18903153481089452,0.019516604871235743,0.059864887271856286,0.125,0.9801838024124067,0.003185911980856604,0.8146934955545156,[0.77613477],792.0,0.10442811361679338,0.7116076880271394,0.8995782814971007,0.21031087360219394,0.1782873186710342,0.5525919012062033,0.5525919012062033,0.5373034062458139,-10238097.637997339,0.04896194016699547,0.9968140880191433,0.9381528312259483,0.9569240914283473,13.405277490615845,123.69999999999999,1.0,131634.627255702,11.288889169692993,550170.946940879,47.52865680517038,0.003185911980856649
99b01670-8bb0-4cd0-b421-fc8559d4b235,GradientBoostingClassifier,PREPROCESSING,REWEIGHTER,HYPERPARAMETER_PCA_BAL_GAN_FAIR,0.8198408984557791,0.980470993681792,0.9630322882545624,0.980470993681792,0.11363636363636363,0.8294460641399417,3482.0,0.18015910154422088,-0.09498421331407958,0.5186183574154751,0.17055393586005832,-0.0904921965787402,0.516990695968253,0.019529006318207927,-0.015410706956501537,0.3182596779719082,0.43037974683544306,0.20500000000000002,1.4880952380952381,0.8863636363636364,0.08271728271728274,1.0941765241128298,0.05996696177888303,0.019529006318207927,0.8863636363636364,0.11363636363636363,0.980470993681792,0.569620253164557,68.0,702.0,68.0,702.0,90.0,158.0,4116.0,90.0,3414.0,0.8294460641399417,0.049063994836892166,0.049063994836892166,0.024106940793156104,0.0002905722972023669,0.00029455813452506225,0.024106940793156104,0.0002905722972023669,0.00029455813452506225,0.34631477525188853,0.6511932580554529,1.0339229846538143,0.015410706956501596,0.08271728271728274,0.1477460982893701,0.03246997274688335,0.059967786834387665,0.11363636363636363,0.980470993681792,0.015410706956501596,0.8146934955545156,[0.77613477],792.0,0.10442811361679338,0.7116076880271394,0.8986575414582785,0.19379132208696795,0.18015910154422088,0.5470536786590778,0.5470536786590778,0.5202130397938459,-9785530.682228645,0.0673065757607812,0.9845892930434985,0.9377832715286363,0.9528828518235941,28.1221444606781,174.89999999999998,1.0,132517.67059180737,11.288889169692993,553850.2941746513,47.846511524532374,0.015410706956501537
99b01670-8bb0-4cd0-b421-fc8559d4b235,XGBClassifier,PREPROCESSING,REWEIGHTER,HYPERPARAMETER_DEMV,0.8282639213851193,0.9620907524411257,0.9246607393542349,0.9620907524411257,0.2398989898989899,0.8476720647773279,3482.0,0.17173607861488072,-0.08628526112391732,0.5393734993049414,0.15232793522267207,-0.0689410206086409,0.5838730441671619,0.03790924755887421,-0.04017212494805018,0.12531474820143884,0.40993788819875776,0.16507936507936505,1.40625,0.76010101010101,0.22257742257742252,1.3014069264069263,0.06478885906116613,0.03790924755887421,0.76010101010101,0.2398989898989899,0.9620907524411257,0.5900621118012422,132.0,602.0,132.0,602.0,190.0,322.0,3952.0,190.0,3350.0,0.8476720647773279,0.13137477376273632,0.13137477376273632,0.008161222775625001,3.3302778596690126e-05,3.3454603547353305e-05,0.008161222775625001,3.3302778596690126e-05,3.3454603547353305e-05,0.3599690516174026,1.5165519988017968,1.0888754672072913,0.040172124948050114,0.22257742257742252,0.11701019284400299,0.08088124328658974,0.07158627542795952,0.2398989898989899,0.9620907524411257,0.040172124948050114,0.8146934955545156,[0.79199813],792.0,0.10442811361679338,0.7116076880271394,0.9012644605864945,0.29735133014763543,0.17173607861488072,0.6009948711700579,0.6009948711700578,0.5220393059375266,-10463154.553015746,0.18240529762937235,0.9598278750519499,0.930684817335741,0.9402005228121496,,,,,,,,0.04017212494805018
99b01670-8bb0-4cd0-b421-fc8559d4b235,XGBClassifier,PREPROCESSING,REWEIGHTER,PCA_DEMV,0.8196069255966308,0.9816197587593337,0.9651380439868975,0.9816197587593337,0.10732323232323232,0.8286060606060606,3482.0,0.18039307440336916,-0.08578443702044436,0.5620742005166237,0.1713939393939394,-0.09162555890071473,0.5131127635070852,0.018380241240666284,-0.0013918682061885464,0.9254012174875484,0.42953020134228187,0.35902255639097747,1.9182692307692308,0.8926767676767676,0.06133866133866128,1.069175304191077,0.05959834203647968,0.018380241240666284,0.8926767676767676,0.10732323232323232,0.9816197587593337,0.5704697986577181,64.0,707.0,64.0,707.0,85.0,149.0,4125.0,85.0,3418.0,0.8286060606060606,0.031365264772424906,0.031365264772424906,0.029151404628967606,0.00042490219592089697,0.0004319921991513252,0.029151404628967606,0.00042490219592089697,0.0004319921991513252,0.34524872783684424,-0.131962565703432,1.0179340127988041,0.001391868206188529,0.06133866133866128,0.22532405764584612,0.017252909514326453,0.059182484332877226,0.10732323232323232,0.9816197587593337,0.001391868206188529,0.8146934955545156,[0.77613477],792.0,0.10442811361679338,0.7116076880271394,0.8986459839621401,0.18840116929511252,0.18039307440336916,0.544471495541283,0.544471495541283,0.5273940029225925,-10188724.913621224,0.05994679313247274,0.9986081317938115,0.9383021069247135,0.9575781812165098,13.448406457901001,123.6,1.0,138013.09010505676,11.288889169692993,576747.8754798571,49.8246081317321,0.0013918682061885464
99b01670-8bb0-4cd0-b421-fc8559d4b235,GradientBoostingClassifier,PREPROCESSING,REWEIGHTER,HYPERPARAMETER_PCA_DEMV,0.8198408984557791,0.980470993681792,0.9630322882545624,0.980470993681792,0.11363636363636363,0.8294460641399417,3482.0,0.18015910154422088,-0.09498421331407958,0.5186183574154751,0.17055393586005832,-0.0904921965787402,0.516990695968253,0.019529006318207927,-0.015410706956501537,0.3182596779719082,0.43037974683544306,0.20500000000000002,1.4880952380952381,0.8863636363636364,0.08271728271728274,1.0941765241128298,0.05996696177888303,0.019529006318207927,0.8863636363636364,0.11363636363636363,0.980470993681792,0.569620253164557,68.0,702.0,68.0,702.0,90.0,158.0,4116.0,90.0,3414.0,0.8294460641399417,0.049063994836892166,0.049063994836892166,0.024106940793156104,0.0002905722972023669,0.00029455813452506225,0.024106940793156104,0.0002905722972023669,0.00029455813452506225,0.34631477525188853,0.6511932580554529,1.0339229846538143,0.015410706956501596,0.08271728271728274,0.1477460982893701,0.03246997274688335,0.059967786834387665,0.11363636363636363,0.980470993681792,0.015410706956501596,0.8146934955545156,[0.77613477],792.0,0.10442811361679338,0.7116076880271394,0.8986575414582785,0.19379132208696795,0.18015910154422088,0.5470536786590778,0.5470536786590778,0.5202130397938459,-9785530.682228645,0.0673065757607812,0.9845892930434985,0.9377832715286363,0.9528828518235941,28.49867868423462,176.2,1.0,138948.46247804162,11.288889169692993,580645.260367294,50.16129888173012,0.015410706956501537
99b01670-8bb0-4cd0-b421-fc8559d4b235,GradientBoostingClassifier,PREPROCESSING,DIR,DIR,0.8270940570893777,0.9781734635267088,0.9520355638745905,0.9781734635267088,0.16287878787878787,0.8370607028753994,3482.0,0.17290594291062233,-0.09403656829702045,0.5047878764268185,0.16293929712460065,-0.08225597982425031,0.5391430671985976,0.021826536473291212,-0.02726946537495515,0.0,0.37073170731707317,-0.37623762376237624,0.0,0.8371212121212122,0.1372627372627373,1.1666262430269223,0.059542908575324814,0.021826536473291212,0.8371212121212122,0.16287878787878787,0.9781734635267088,0.6292682926829268,76.0,663.0,76.0,663.0,129.0,205.0,4069.0,129.0,3406.0,0.8370607028753994,0.08226610131884621,0.08226610131884621,0.017126674197249593,0.00014666148452936753,0.00014807917290704785,0.017126674197249593,0.00014666148452936753,0.00014807917290704785,0.3450881295417877,1.8352732554140323,1.0570882399120742,0.027269465374955115,0.1372627372627373,-0.146990821969063,0.053795314594473065,0.06038500813264751,0.16287878787878787,0.9781734635267088,0.027269465374955115,0.8146934955545156,[0.79199813],792.0,0.10442811361679338,0.7116076880271394,0.9021321679247781,0.2564697929955217,0.17290594291062233,0.5705261257027483,0.5705261257027483,0.5235911656406372,-10249970.820997063,0.10999327188778216,0.9727305346250449,0.93861522562866,0.9497179653543367,,,,,,,,0.02726946537495515
99b01670-8bb0-4cd0-b421-fc8559d4b235,XGBClassifier,PREPROCESSING,DIR,DIR,0.8277959756668226,0.9500287191269385,0.9054749649040711,0.9500287191269385,0.2904040404040404,0.8547803617571059,3482.0,0.17220402433317739,-0.08211369964757365,0.5609737768461024,0.14521963824289405,-0.06898001760834788,0.5649381515691676,0.049971280873061456,-0.03726551589729293,0.35088129496402876,0.4306930693069307,0.16228070175438603,1.3854166666666667,0.7095959595959596,0.1778221778221778,1.256854256854257,0.06890324779642665,0.049971280873061456,0.7095959595959596,0.2904040404040404,0.9500287191269385,0.5693069306930693,174.0,562.0,174.0,562.0,230.0,404.0,3870.0,230.0,3308.0,0.8547803617571059,0.10754384685973539,0.10754384685973539,0.009525047525134132,4.536326517803193e-05,4.560501009658039e-05,0.009525047525134132,4.536326517803193e-05,4.560501009658039e-05,0.37122297287863704,0.5201093971138555,1.086844821806136,0.03726551589729299,0.1778221778221778,0.11563035968136692,0.07742134028519598,0.08022218233859821,0.2904040404040404,0.9500287191269385,0.03726551589729299,0.8146934955545156,[0.79199813],792.0,0.10442811361679338,0.7116076880271394,0.8998911860718172,0.3193187717717468,0.17220402433317739,0.6202163797654895,0.6202163797654895,0.5535159244000902,-12170215.115845429,0.14055666192488486,0.962734484102707,0.9242805252863928,0.9367525847903087,11.541955471038818,123.39999999999999,1.0,142390.39241492745,11.288889169692993,594986.6351043183,51.400234310400826,0.03726551589729293
99b01670-8bb0-4cd0-b421-fc8559d4b235,CalibratedClassifierCV,PREPROCESSING,DIR,DIR,0.8224145999064109,0.9968408960367605,0.9871314927468414,0.9968408960367605,0.05555555555555555,0.8227068025598483,3482.0,0.17758540009358914,-0.0965858147675791,0.5047679014406119,0.1772931974401517,-0.09754320499048265,0.499964253763499,0.0031591039632395176,-0.0021492386284728947,0.4010071942446043,0.2,0.141025641025641,1.7333333333333332,0.9444444444444444,0.03276723276723281,1.0348121417957972,0.053779051881111886,0.0031591039632395176,0.9444444444444444,0.05555555555555555,0.9968408960367605,0.8,11.0,748.0,11.0,748.0,44.0,55.0,4219.0,44.0,3471.0,0.8227068025598483,0.01745823569785282,0.01745823569785282,0.030668567731273716,0.0004702805233438617,0.0004785509245740512,0.030668567731273716,0.0004702805233438617,0.0004785509245740512,0.32796052165195705,0.4853465384650135,1.0111278816550273,0.002149238628472827,0.03276723276723281,0.11928442300806182,0.010962647547071547,0.047849041705175024,0.05555555555555555,0.9968408960367605,0.002149238628472827,0.8146934955545156,[0.79199813],792.0,0.10442811361679338,0.7116076880271394,0.901441371250487,0.1806311900988669,0.17758540009358914,0.526198225796158,0.526198225796158,0.5170117331464168,-9857472.279651597,0.030617994138759916,0.9978507613715271,0.9467439481759289,0.9631877757954017,,,,,,,,0.0021492386284728947
99b01670-8bb0-4cd0-b421-fc8559d4b235,LinearDiscriminantAnalysis,PREPROCESSING,DIR,DIR,0.8235844642021526,0.9796094198736358,0.957884885353299,0.9796094198736358,0.13762626262626262,0.833170493404983,3482.0,0.1764155357978474,-0.09041539549569011,0.530911533294953,0.1668295065950171,-0.08478108053826068,0.5359351381063625,0.020390580126364157,-0.018284790897099328,0.23940728014603244,0.39444444444444443,0.28160919540229884,1.7313432835820897,0.8623737373737373,0.12367632367632364,1.1454417293233081,0.059650074921472,0.020390580126364157,0.8623737373737373,0.13762626262626262,0.9796094198736358,0.6055555555555555,71.0,683.0,71.0,683.0,109.0,180.0,4094.0,109.0,3411.0,0.833170493404983,0.07098055728671143,0.07098055728671143,0.02103740743445897,0.0002212862557817148,0.0002239257001210965,0.02103740743445897,0.0002212862557817148,0.0002239257001210965,0.3453985376965919,1.0674189021036862,1.0441052834794737,0.018284790897099223,0.12367632367632364,0.18319513797027978,0.04191387304959704,0.05996231763588228,0.13762626262626262,0.9796094198736358,0.018284790897099223,0.8146934955545156,[0.79199813],792.0,0.10442811361679338,0.7116076880271394,0.9004751847940866,0.22679141910657155,0.1764155357978474,0.5586178412499492,0.5586178412499492,0.518966835567728,-10165984.755148461,0.1053915327792243,0.9817152091029006,0.9383768913342504,0.952391493809646,11.27771520614624,136.39999999999998,1.0,142537.60080873963,11.288889169692993,595600.003411869,51.453222516969795,0.018284790897099328
99b01670-8bb0-4cd0-b421-fc8559d4b235,AdaBoostClassifier,PREPROCESSING,DIR,DIR,0.8261581656527843,0.980470993681792,0.9567150210575573,0.980470993681792,0.14772727272727273,0.83492296404989,3482.0,0.17384183434721567,-0.08885522114676137,0.532073707585025,0.16507703595011006,-0.08657755167795411,0.5221723184341107,0.019529006318207927,-0.013613049280704607,0.38807147830122996,0.3675675675675676,0.18913270637408564,1.5307917888563047,0.8522727272727273,0.09170829170829164,1.1087420042643923,0.058913575172699524,0.019529006318207927,0.8522727272727273,0.14772727272727273,0.980470993681792,0.6324324324324324,68.0,675.0,68.0,675.0,117.0,185.0,4089.0,117.0,3414.0,0.83492296404989,0.05266067049449813,0.05266067049449813,0.023240736036352884,0.0002700659057557158,0.0002736337238244939,0.023240736036352884,0.0002700659057557158,0.0002736337238244939,0.3432595961446658,0.49687404363607457,1.0372899748405737,0.013613049280704614,0.09170829170829164,0.13785512902601987,0.03543718911177318,0.058912536151733474,0.14772727272727273,0.980470993681792,0.013613049280704614,0.8146934955545156,[0.79199813],792.0,0.10442811361679338,0.7116076880271394,0.9018623695680887,0.2447736742910783,0.17384183434721567,0.5640991332045324,0.5640991332045324,0.5343932946246166,-12444511.37863015,0.07809524242758703,0.9863869507192953,0.9395252837977295,0.9546431402105988,,,,,,,,0.013613049280704607
99b01670-8bb0-4cd0-b421-fc8559d4b235,LogisticRegressionCV,PREPROCESSING,DIR,DIR,0.8200748713149275,0.9830557151062608,0.9670098268600842,0.9830557151062608,0.10353535353535354,0.8282119525768207,3482.0,0.1799251286850725,-0.09944132590407251,0.49748409333901583,0.1717880474231793,-0.09123411815459025,0.5166746874456037,0.01694428489373923,-0.019372058865286673,0.0691391714214835,0.41843971631205673,-0.08695652173913043,0.7931034482758621,0.8964646464646465,0.08591408591408589,1.0967379077615298,0.05901527996083375,0.01694428489373923,0.8964646464646465,0.10353535353535354,0.9830557151062608,0.5815602836879432,59.0,710.0,59.0,710.0,82.0,141.0,4133.0,82.0,3423.0,0.8282119525768207,0.052643072389686296,0.052643072389686296,0.02300544160697867,0.00026462517176605266,0.00026808476716107255,0.02300544160697867,0.00026462517176605266,0.00026808476716107255,0.3435557595524597,1.4554036944948334,1.0369771675712975,0.0193720588652867,0.08591408591408589,0.002138798207729914,0.03552004332091507,0.05807745514500966,0.10353535353535354,0.9830557151062608,0.0193720588652867,0.8146934955545156,[0.79199813],792.0,0.10442811361679338,0.7116076880271394,0.8990151017728168,0.1883682983886354,0.1799251286850725,0.5432955343208071,0.5432955343208071,0.5146947881785636,-9950656.505528834,0.06654202704879922,0.9806279411347133,0.9391590644077099,0.9525867539572997,25.17534875869751,147.7,1.0,142822.493740344,11.288889169692993,596787.057293554,51.555770782859796,0.019372058865286673
99b01670-8bb0-4cd0-b421-fc8559d4b235,CalibratedClassifierCV,PREPROCESSING,DIR,HYPERPARAMETER,0.8224145999064109,0.9968408960367605,0.9871314927468414,0.9968408960367605,0.05555555555555555,0.8227068025598483,3482.0,0.17758540009358914,-0.0965858147675791,0.5047679014406119,0.1772931974401517,-0.09754320499048265,0.499964253763499,0.0031591039632395176,-0.0021492386284728947,0.4010071942446043,0.2,0.141025641025641,1.7333333333333332,0.9444444444444444,0.03276723276723281,1.0348121417957972,0.053779051881111886,0.0031591039632395176,0.9444444444444444,0.05555555555555555,0.9968408960367605,0.8,11.0,748.0,11.0,748.0,44.0,55.0,4219.0,44.0,3471.0,0.8227068025598483,0.01745823569785282,0.01745823569785282,0.030668567731273716,0.0004702805233438617,0.0004785509245740512,0.030668567731273716,0.0004702805233438617,0.0004785509245740512,0.32796052165195705,0.4853465384650135,1.0111278816550273,0.002149238628472827,0.03276723276723281,0.11928442300806182,0.010962647547071547,0.047849041705175024,0.05555555555555555,0.9968408960367605,0.002149238628472827,0.8146934955545156,[0.79199813],792.0,0.10442811361679338,0.7116076880271394,0.901441371250487,0.1806311900988669,0.17758540009358914,0.526198225796158,0.526198225796158,0.5170117331464168,-9857472.279651597,0.030617994138759916,0.9978507613715271,0.9467439481759289,0.9631877757954017,9.024453401565552,123.89999999999999,1.0,142363.14672122,11.288889169692993,594873.1113805373,51.390427122040855,0.0021492386284728947
99b01670-8bb0-4cd0-b421-fc8559d4b235,XGBClassifier,PREPROCESSING,DIR,HYPERPARAMETER,0.8303696771174544,0.9577828834003447,0.9155357978474497,0.9577828834003447,0.2702020202020202,0.8522872476360849,3482.0,0.16963032288254565,-0.0852961890022873,0.539032015608009,0.14771275236391515,-0.06866597811406278,0.5735410217522282,0.04221711659965537,-0.040161283244663684,0.20050359712230215,0.407202216066482,0.09654178674351582,1.239285714285714,0.7297979797979798,0.19860139860139858,1.279527559055118,0.06579224173076552,0.04221711659965537,0.7297979797979798,0.2702020202020202,0.9577828834003447,0.592797783933518,147.0,578.0,147.0,578.0,214.0,361.0,3913.0,214.0,3335.0,0.8522872476360849,0.11938134092303115,0.11938134092303115,0.008204311656340064,3.365536487717873e-05,3.380961492720272e-05,0.008204311656340064,3.365536487717873e-05,3.380961492720272e-05,0.36274575595247294,0.9539123529411124,1.0898549058571394,0.040161283244663726,0.19860139860139858,0.08260388242878933,0.0809515214104154,0.07422792067731677,0.2702020202020202,0.9577828834003447,0.040161283244663726,0.8146934955545156,[0.79199813],792.0,0.10442811361679338,0.7116076880271394,0.9019607843137255,0.318547748410268,0.16963032288254565,0.6139924518011824,0.6139924518011824,0.5406932095885377,-11364674.06251443,0.1584401153567349,0.9598387167553363,0.9290340552963298,0.9390802041147475,,,,,,,,0.040161283244663684
99b01670-8bb0-4cd0-b421-fc8559d4b235,GradientBoostingClassifier,PREPROCESSING,DIR,HYPERPARAMETER,0.828029948525971,0.967834577828834,0.9342536265793168,0.967834577828834,0.21338383838383837,0.843976959679439,3482.0,0.171970051474029,-0.08815170013878082,0.5308400396869143,0.15602304032056097,-0.07478163372188235,0.5609638267491671,0.032165422171166,-0.032995949849377766,0.14852118305355716,0.398576512455516,0.10439560439560441,1.2638888888888888,0.7866161616161617,0.17882117882117876,1.2324675324675323,0.06289833804480874,0.032165422171166,0.7866161616161617,0.21338383838383837,0.967834577828834,0.6014234875444839,112.0,623.0,112.0,623.0,169.0,281.0,3993.0,169.0,3370.0,0.843976959679439,0.10590856433527823,0.10590856433527823,0.012657549240836525,8.010677639210064e-05,8.067611162693461e-05,0.012657549240836525,8.010677639210064e-05,8.067611162693461e-05,0.3546782712397497,1.2485317957285573,1.0733074774108347,0.032995949849377704,0.17882117882117876,0.08958861905874335,0.06759275972575252,0.06755762979301887,0.21338383838383837,0.967834577828834,0.032995949849377704,0.8146934955545156,[0.79199813],792.0,0.10442811361679338,0.7116076880271394,0.9016722408026756,0.2841034382515201,0.171970051474029,0.5906092081063362,0.5906092081063362,0.5280586347925986,-10753818.992770461,0.145825228971801,0.9670040501506223,0.9335826580788145,0.944463440825066,19.216246604919434,137.79999999999998,1.0,142630.87293324468,11.288889169692993,595988.6372639735,51.486796163637706,0.032995949849377766
99b01670-8bb0-4cd0-b421-fc8559d4b235,GradientBoostingClassifier,PREPROCESSING,DIR,PCA,0.8233504913430042,0.9928202182653647,0.9796443612540945,0.9928202182653647,0.07828282828282829,0.8256508239789826,3482.0,0.1766495086569958,-0.0922818345105535,0.5226425635805637,0.17434917602101743,-0.09251031599708116,0.5165133637950713,0.007179781734635267,-0.00537490352174665,0.34870190803878637,0.28735632183908044,0.3928571428571428,2.434782608695652,0.9217171717171717,0.07232767232767234,1.0790738313674093,0.055058419493223286,0.007179781734635267,0.9217171717171717,0.07828282828282829,0.9928202182653647,0.7126436781609196,25.0,730.0,25.0,730.0,62.0,87.0,4187.0,62.0,3457.0,0.8256508239789826,0.03885128792470949,0.03885128792470949,0.027848096923222498,0.0003877582511225972,0.0003939297051197145,0.027848096923222498,0.0003877582511225972,0.0003939297051197145,0.33183857368673486,0.9612849032305661,1.0205942632269878,0.005374903521746632,0.07232767232767234,0.24268372942711197,0.020100283183850487,0.050573727039183815,0.07828282828282829,0.9928202182653647,0.005374903521746632,0.8146934955545156,[0.77613477],792.0,0.10442811361679338,0.7116076880271394,0.9015517016560177,0.19563838846783072,0.1766495086569958,0.5355515232740965,0.5355515232740965,0.5147446568448578,-9610033.212061768,0.0669527688059257,0.9946250964782535,0.944987357342992,0.9609734645091018,,,,,,,,0.00537490352174665
99b01670-8bb0-4cd0-b421-fc8559d4b235,LinearDiscriminantAnalysis,PREPROCESSING,DIR,PCA,0.8160973327094057,0.9991384261918438,0.99719232569022,0.9991384261918438,0.011363636363636364,0.8162834350070389,3482.0,0.18390266729059435,-0.10271480693489732,0.4926554952242449,0.18371656499296105,-0.10255133096782815,0.49305361887008464,0.0008615738081562321,-0.001076426264800861,0.0,0.25,-0.25,0.0,0.9886363636363636,0.012587412587412583,1.0127478753541077,0.053849842359423694,0.0008615738081562321,0.9886363636363636,0.011363636363636364,0.9991384261918438,0.75,3.0,783.0,3.0,783.0,9.0,12.0,4262.0,9.0,3479.0,0.8162834350070389,0.006831919426106725,0.006831919426106725,0.03285937571847391,0.0005398692863039165,0.0005500681253262031,0.03285937571847391,0.0005398692863039165,0.0005500681253262031,0.328176301275469,0.9961721622309783,1.0034383954154729,0.0010764262648008671,0.012587412587412583,-0.07372433451608595,0.0034266133637921303,0.04714428421050907,0.011363636363636364,0.9991384261918438,0.0010764262648008671,0.8146934955545156,[0.77613477],792.0,0.10442811361679338,0.7116076880271394,0.8985020661157025,0.07711772856208934,0.18390266729059435,0.5052510312777401,0.5052510312777401,0.5017991969420932,-9397428.074974459,0.011510986322611723,0.9989235737351991,0.9461517541474028,0.9631117297931499,10.561652898788452,136.5,1.0,142370.0520761013,11.288889169692993,594901.8836925427,51.39291273010577,0.001076426264800861
99b01670-8bb0-4cd0-b421-fc8559d4b235,AdaBoostClassifier,PREPROCESSING,DIR,PCA,0.8207767898923725,0.9931074095347502,0.9826860084230229,0.9931074095347502,0.06313131313131314,0.8233333333333334,3482.0,0.17922321010762754,-0.09542289676069626,0.514286359802386,0.17666666666666667,-0.09528285474858429,0.5091359239603713,0.0068925904652498565,-0.0050160947668130285,0.36455199476782213,0.32432432432432434,0.3568075117370892,2.1515151515151514,0.9368686868686869,0.05554445554445553,1.0596310596310596,0.055344159629766465,0.0068925904652498565,0.9368686868686869,0.06313131313131314,0.9931074095347502,0.6756756756756757,24.0,742.0,24.0,742.0,50.0,74.0,4200.0,50.0,3458.0,0.8233333333333334,0.03028027515563425,0.03028027515563425,0.028998274268523524,0.0004204499552762568,0.00042742755408898734,0.028998274268523524,0.0004204499552762568,0.00042742755408898734,0.3326985411142239,0.7942308185674001,1.0167272491139157,0.005016094766812973,0.05554445554445553,0.22604518324283676,0.016388118706409105,0.050769298255902665,0.06313131313131314,0.9931074095347502,0.005016094766812973,0.8146934955545156,[0.77613477],792.0,0.10442811361679338,0.7116076880271394,0.9002863837542306,0.1675220262100621,0.17922321010762754,0.5281193613330317,0.5281193613330316,0.5121277617568496,-12471211.952930931,0.0505283607776425,0.9949839052331871,0.9444216851017342,0.9606949362196082,,,,,,,,0.0050160947668130285
99b01670-8bb0-4cd0-b421-fc8559d4b235,XGBClassifier,PREPROCESSING,DIR,HYPERPARAMETER_PCA,0.8198408984557791,0.9856404365307294,0.9714553111839027,0.9856404365307294,0.09090909090909091,0.8265895953757225,3482.0,0.18015910154422088,-0.09498421331407958,0.5186183574154751,0.17341040462427745,-0.09381432465678062,0.5079830774966366,0.014359563469270534,-0.00895214936769637,0.4455635491606715,0.4098360655737705,0.23026315789473684,1.5833333333333333,0.9090909090909091,0.05754245754245757,1.0636886333480762,0.058136566437301564,0.014359563469270534,0.9090909090909091,0.09090909090909091,0.9856404365307294,0.5901639344262295,50.0,720.0,50.0,720.0,72.0,122.0,4152.0,72.0,3432.0,0.8265895953757225,0.03324730345507698,0.03324730345507698,0.027350212080038832,0.000374017050411551,0.0003798599515980806,0.027350212080038832,0.000374017050411551,0.0003798599515980806,0.34098846443040143,0.3778049968608157,1.022936790011684,0.008952149367696394,0.05754245754245757,0.16203874127575874,0.022190132655506956,0.05626296505999682,0.09090909090909091,0.9856404365307294,0.008952149367696394,0.8146934955545156,[0.77613477],792.0,0.10442811361679338,0.7116076880271394,0.899135446685879,0.17861210979442724,0.18015910154422088,0.5382747637199101,0.5382747637199101,0.5203785793083044,-10233333.8825116,0.048590308174761204,0.9910478506323035,0.9404027949034115,0.9566993822302955,,,,,,,,0.00895214936769637
99b01670-8bb0-4cd0-b421-fc8559d4b235,GradientBoostingClassifier,PREPROCESSING,DIR,HYPERPARAMETER_PCA,0.8205428170332242,0.9910970706490523,0.9796443612540945,0.9910970706490523,0.0707070707070707,0.8242178170527824,3482.0,0.17945718296677582,-0.09412755997313149,0.5208797746716475,0.1757821829472176,-0.09408056692990154,0.512634154040404,0.008902929350947731,-0.0057300983755514436,0.429650565262076,0.3563218390804598,0.4126506024096386,2.223214285714286,0.9292929292929293,0.06393606393606388,1.0692640692640691,0.05609285046603251,0.008902929350947731,0.9292929292929293,0.0707070707070707,0.9910970706490523,0.6436781609195402,31.0,736.0,31.0,736.0,56.0,87.0,4187.0,56.0,3451.0,0.8242178170527824,0.03483308115580763,0.03483308115580763,0.028370163235973057,0.00040243308101787866,0.00040896218340421127,0.028370163235973057,0.00040243308101787866,0.00040896218340421127,0.3349413395388288,0.6980655724433362,1.0189689740508314,0.005730098375551385,0.06393606393606388,0.25336558466977005,0.018519395282636353,0.05224429666495593,0.0707070707070707,0.9910970706490523,0.005730098375551385,0.8146934955545156,[0.77613477],792.0,0.10442811361679338,0.7116076880271394,0.8999869604902856,0.17005266584962092,0.17945718296677582,0.5309020706780615,0.5309020706780615,0.5124091157643462,-9870145.510461308,0.05820596556051244,0.9942699016244485,0.9433472288662611,0.95973181725821,15.622401475906372,137.39999999999998,1.0,142420.79728791714,11.288889169692993,595113.3220751086,51.411178657044104,0.0057300983755514436
99b01670-8bb0-4cd0-b421-fc8559d4b235,NEURONAL_NETWORK,IN_PROCESSING,FAIR_FOR_FREE,DIR,0.8224145999064109,0.9994256174612292,0.9913430042115114,0.9994256174612292,0.04419191919191919,0.821335850837857,3482.0,0.17758540009358914,-0.0965858147675791,0.5047679014406119,0.17866414916214302,-0.09790681087278831,0.5016960257194063,0.0005743825387708214,-0.0007176175098672408,0.0,0.05405405405405406,-0.05555555555555555,0.0,0.9558080808080808,0.034565434565434594,1.0362911684497589,0.052863821333580856,0.0005743825387708214,0.9558080808080808,0.04419191919191919,0.9994256174612292,0.9459459459459459,2.0,757.0,2.0,757.0,35.0,37.0,4237.0,35.0,3480.0,0.821335850837857,0.0176415260376509,0.0176415260376509,0.031205557390010002,0.0004868934060106039,0.0004956114239793612,0.031205557390010002,0.0004868934060106039,0.0004956114239793612,0.3251578734509772,0.9691434898430591,1.0090778218609198,0.0007176175098672077,0.034565434565434594,0.021175627658616372,0.00898450330381162,0.04600365299162962,0.04419191919191919,0.9994256174612292,0.0007176175098672077,0.8146934955545156,[0.79199813],792.0,0.10442811361679338,0.7116076880271394,0.9016712009327633,0.1829397220247999,0.17758540009358914,0.5218087683265742,0.5218087683265742,0.5126032653534663,-9696586.399623161,0.03384781705556735,0.9992823824901329,0.9480351426820133,0.9645233615872039,,,,,,,,0.0007176175098672408
99b01670-8bb0-4cd0-b421-fc8559d4b235,PREJUDICE_REMOVER,IN_PROCESSING,PREJUDICE_REMOVER,DIR,0.8219466541881142,0.980470993681792,0.9609265325222274,0.980470993681792,0.125,0.831263696128561,3482.0,0.1780533458118858,-0.08450981378516487,0.5628458377021456,0.168736303871439,-0.08366717123713638,0.5460784313725491,0.019529006318207927,-0.011815391604907678,0.46017219011675903,0.40718562874251496,0.61875,2.6229508196721314,0.875,0.1384615384615384,1.1607142857142856,0.059622188164174014,0.019529006318207927,0.875,0.125,0.980470993681792,0.592814371257485,68.0,693.0,68.0,693.0,99.0,167.0,4107.0,99.0,3414.0,0.831263696128561,0.07513846503322308,0.07513846503322308,0.02275808358110193,0.0002589651841422106,0.00026231341266241256,0.02275808358110193,0.0002589651841422106,0.00026231341266241256,0.34531779034441307,0.8406872593905999,1.038374061636636,0.011815391604907743,0.1384615384615384,0.3512085856185682,0.03662082067094152,0.05962070605845719,0.125,0.980470993681792,0.011815391604907743,0.8146934955545156,[0.79199813],792.0,0.10442811361679338,0.7116076880271394,0.8997232837000922,0.21148979920048214,0.1780533458118858,0.552735496840896,0.552735496840896,0.5112038000388951,-9925676.889005482,0.12664614685663073,0.9881846083950924,0.9383632240775098,0.9544026224664522,,,,,,,,0.011815391604907678
99b01670-8bb0-4cd0-b421-fc8559d4b235,GradientBoostingClassifier,POSTPROCESSING,ThresholdOptimizer,GradientBoostingClassifier,0.8247543284978942,0.9672601952900631,0.9365933551708002,0.9672601952900631,0.19823232323232323,0.8413689732700474,3482.0,0.1752456715021058,-0.055788994001947034,0.6989629322113736,0.15863102672995252,-0.07765052165296965,0.5508638853771597,0.032739804709936815,0.01302553221147517,1.4321685508735869,0.42066420664206644,0.4518364518364519,2.258687258687259,0.8017676767676768,0.11888111888111885,1.1504424778761062,0.06371307007538482,0.032739804709936815,0.8017676767676768,0.19823232323232323,0.9672601952900631,0.5793357933579336,114.0,635.0,114.0,635.0,157.0,271.0,4003.0,157.0,3368.0,0.8413689732700474,0.06595332554629701,0.05292779333482184,0.029331222535827647,0.0004301603077231218,0.00043738385641208796,0.029331222535827647,0.0004301603077231218,0.00043738385641208796,0.3569679819686489,-0.38958900772723504,1.020244195559389,-0.013025532211475177,0.11888111888111885,0.2647434867447107,0.018891499454049998,0.0685628759465659,0.19823232323232323,0.9672601952900631,-0.013025532211475177,0.8146934955545156,[0.79199813],792.0,0.10442811361679338,0.7116076880271394,0.899933199732799,0.26386263733927434,0.1752456715021058,0.5827462592611932,0.5827462592611932,0.5519027856843762,-95617077.8859759,0.10585558666964368,0.9869744677885248,0.9323828638660114,0.9498964443932129,,,,,,,,0.01302553221147517
99b01670-8bb0-4cd0-b421-fc8559d4b235,GradientBoostingClassifier,POSTPROCESSING,FairnessAwareMetaEstimator,GradientBoostingClassifier,0.8306036499766027,0.9753015508328546,0.9438465138043987,0.9753015508328546,0.19444444444444445,0.841844323252355,3482.0,0.16939635002339726,-0.08817241369106621,0.5242221991585302,0.15815567674764502,-0.07633413706878954,0.5579657949172577,0.02469844916714532,-0.029059895248494425,0.04717731696995345,0.35833333333333334,-0.11016949152542371,0.6941176470588235,0.8055555555555556,0.1722277722277722,1.218338399189463,0.059889200110810205,0.02469844916714532,0.8055555555555556,0.19444444444444445,0.9753015508328546,0.6416666666666667,86.0,638.0,86.0,638.0,154.0,240.0,4034.0,154.0,3396.0,0.841844323252355,0.10064383373813329,0.10064383373813329,0.014384389666560134,0.00010345533303972098,0.00010429258906420868,0.014384389666560134,0.00010345533303972098,0.00010429258906420868,0.34609016198329073,1.7391671485185156,1.0667038953704204,0.029059895248494394,0.1722277722277722,-0.01691767722831708,0.06220871567098596,0.06180110854916985,0.19444444444444445,0.9753015508328546,0.029059895248494394,0.8146934955545156,[0.79199813],792.0,0.10442811361679338,0.7116076880271394,0.903672166045769,0.2864856963468097,0.16939635002339726,0.5848729976386495,0.5848729976386495,0.5260091369063817,-10225705.657935297,0.14316787697927777,0.9709401047515057,0.938121546961326,0.9488117474565367,,,,,,,,0.029059895248494425
99b01670-8bb0-4cd0-b421-fc8559d4b235,GradientBoostingClassifier,POSTPROCESSING,RejectOptionClassification,GradientBoostingClassifier,1.0,1.0,0.8146934955545156,1.0,1.0,1.0,3482.0,0.0,0.0,,0.0,0.0,,0.0,0.0,,0.0,0.0,,0.0,0.0,,0.0,0.0,0.0,1.0,1.0,1.0,0.0,0.0,0.0,0.0,792.0,792.0,3482.0,792.0,3482.0,1.0,0.0,0.0,0.0,0.0,0.0,0.0,0.0,0.0,0.0,0.0,1.1312189644370327,0.0,0.0,0.0,0.10442811361679338,0.0,1.0,1.0,0.0,0.8146934955545156,[0.79199813],792.0,0.10442811361679338,0.7116076880271394,1.0,1.0,0.0,1.0,1.0,1.0,-190500411.8258294,0.0,1.0,1.0,1.0,,,,,,,,0.0
99b01670-8bb0-4cd0-b421-fc8559d4b235,GradientBoostingClassifier,POSTPROCESSING,EqOddsPostprocessing,GradientBoostingClassifier,1.0,1.0,0.8146934955545156,1.0,1.0,1.0,3482.0,0.0,0.0,,0.0,0.0,,0.0,0.0,,0.0,0.0,,0.0,0.0,,0.0,0.0,0.0,1.0,1.0,1.0,0.0,0.0,0.0,0.0,792.0,792.0,3482.0,792.0,3482.0,1.0,0.0,0.0,0.0,0.0,0.0,0.0,0.0,0.0,0.0,0.0,1.1312189644370327,0.0,0.0,0.0,0.10442811361679338,0.0,1.0,1.0,0.0,0.8146934955545156,[0.79199813],792.0,0.10442811361679338,0.7116076880271394,1.0,1.0,0.0,1.0,1.0,1.0,-190500411.8258294,0.0,1.0,1.0,1.0,,,,,,,,0.0
99b01670-8bb0-4cd0-b421-fc8559d4b235,GradientBoostingClassifier,POSTPROCESSING,CalibratedEqOddsPostprocessing,GradientBoostingClassifier,1.0,1.0,0.8146934955545156,1.0,1.0,1.0,3482.0,0.0,0.0,,0.0,0.0,,0.0,0.0,,0.0,0.0,,0.0,0.0,,0.0,0.0,0.0,1.0,1.0,1.0,0.0,0.0,0.0,0.0,792.0,792.0,3482.0,792.0,3482.0,1.0,0.0,0.0,0.0,0.0,0.0,0.0,0.0,0.0,0.0,0.0,1.1312189644370327,0.0,0.0,0.0,0.10442811361679338,0.0,1.0,1.0,0.0,0.8146934955545156,[0.79199813],792.0,0.10442811361679338,0.7116076880271394,1.0,1.0,0.0,1.0,1.0,1.0,-190500411.8258294,0.0,1.0,1.0,1.0,,,,,,,,0.0
99b01670-8bb0-4cd0-b421-fc8559d4b235,XGBClassifier,POSTPROCESSING,FairnessAwareMetaEstimator,XGBClassifier,0.8256902199344875,0.946869615163699,0.9024333177351427,0.946869615163699,0.29292929292929293,0.8548094373865699,3482.0,0.17430978006551245,-0.08310277176920366,0.5610468978344627,0.14519056261343014,-0.0648993373584699,0.5888825649781826,0.053130384836300976,-0.044807727553156616,0.2781552792448122,0.44364508393285373,0.19690558053425017,1.4529966534834196,0.7070707070707071,0.22377622377622375,1.3265306122448979,0.07040847396921901,0.053130384836300976,0.7070707070707071,0.29292929292929293,0.946869615163699,0.5563549160671463,185.0,560.0,185.0,560.0,232.0,417.0,3857.0,232.0,3297.0,0.8548094373865699,0.13429197566469014,0.13429197566469014,0.005443153395973502,1.4813959446048936e-05,1.4858863022214343e-05,0.005443153395973502,1.4813959446048936e-05,1.4858863022214343e-05,0.37525584331018486,0.7945893700233644,1.100454536349554,0.04480772755315654,0.22377622377622375,0.13090245894636002,0.08903794426870804,0.08288550445031469,0.29292929292929293,0.946869615163699,0.04480772755315654,0.8146934955545156,[0.79199813],792.0,0.10442811361679338,0.7116076880271394,0.8984875323613571,0.3140012149737038,0.17430978006551245,0.6198994540464959,0.6198994540464959,0.5366519316491293,-12228074.547030058,0.17896849622306713,0.9551922724468432,0.9220443263650981,0.932835021208477,,,,,,,,0.044807727553156616
99b01670-8bb0-4cd0-b421-fc8559d4b235,XGBClassifier,POSTPROCESSING,RejectOptionClassification,XGBClassifier,1.0,1.0,0.8146934955545156,1.0,1.0,1.0,3482.0,0.0,0.0,,0.0,0.0,,0.0,0.0,,0.0,0.0,,0.0,0.0,,0.0,0.0,0.0,1.0,1.0,1.0,0.0,0.0,0.0,0.0,792.0,792.0,3482.0,792.0,3482.0,1.0,0.0,0.0,0.0,0.0,0.0,0.0,0.0,0.0,0.0,0.0,1.1312189644370327,0.0,0.0,0.0,0.10442811361679338,0.0,1.0,1.0,0.0,0.8146934955545156,[0.79199813],792.0,0.10442811361679338,0.7116076880271394,1.0,1.0,0.0,1.0,1.0,1.0,-190500411.8258294,0.0,1.0,1.0,1.0,,,,,,,,0.0
99b01670-8bb0-4cd0-b421-fc8559d4b235,XGBClassifier,POSTPROCESSING,EqOddsPostprocessing,XGBClassifier,1.0,1.0,0.8146934955545156,1.0,1.0,1.0,3482.0,0.0,0.0,,0.0,0.0,,0.0,0.0,,0.0,0.0,,0.0,0.0,,0.0,0.0,0.0,1.0,1.0,1.0,0.0,0.0,0.0,0.0,792.0,792.0,3482.0,792.0,3482.0,1.0,0.0,0.0,0.0,0.0,0.0,0.0,0.0,0.0,0.0,0.0,1.1312189644370327,0.0,0.0,0.0,0.10442811361679338,0.0,1.0,1.0,0.0,0.8146934955545156,[0.79199813],792.0,0.10442811361679338,0.7116076880271394,1.0,1.0,0.0,1.0,1.0,1.0,-190500411.8258294,0.0,1.0,1.0,1.0,,,,,,,,0.0
99b01670-8bb0-4cd0-b421-fc8559d4b235,XGBClassifier,POSTPROCESSING,CalibratedEqOddsPostprocessing,XGBClassifier,1.0,1.0,0.8146934955545156,1.0,1.0,1.0,3482.0,0.0,0.0,,0.0,0.0,,0.0,0.0,,0.0,0.0,,0.0,0.0,,0.0,0.0,0.0,1.0,1.0,1.0,0.0,0.0,0.0,0.0,792.0,792.0,3482.0,792.0,3482.0,1.0,0.0,0.0,0.0,0.0,0.0,0.0,0.0,0.0,0.0,0.0,1.1312189644370327,0.0,0.0,0.0,0.10442811361679338,0.0,1.0,1.0,0.0,0.8146934955545156,[0.79199813],792.0,0.10442811361679338,0.7116076880271394,1.0,1.0,0.0,1.0,1.0,1.0,-190500411.8258294,0.0,1.0,1.0,1.0,,,,,,,,0.0
99b01670-8bb0-4cd0-b421-fc8559d4b235,CalibratedClassifierCV,POSTPROCESSING,FairnessAwareMetaEstimator,CalibratedClassifierCV,0.8219466541881142,0.9844916714531878,0.9674777725783809,0.9844916714531878,0.10732323232323232,0.8290205562273277,3482.0,0.1780533458118858,-0.0955760290936637,0.5106619095233768,0.1709794437726723,-0.0900479377041877,0.5202667622626582,0.015508328546812177,-0.01578035741482164,0.15423353624792474,0.38848920863309355,0.11481481481481481,1.2980769230769231,0.8926767676767676,0.09010989010989012,1.1019439421338155,0.05820940676025445,0.015508328546812177,0.8926767676767676,0.10732323232323232,0.9844916714531878,0.6115107913669064,54.0,707.0,54.0,707.0,85.0,139.0,4135.0,85.0,3428.0,0.8290205562273277,0.05294512376235588,0.05294512376235588,0.023714268415001103,0.00028118326322935943,0.0002849757391922672,0.023714268415001103,0.00028118326322935943,0.0002849757391922672,0.34120201277323803,1.182190580906284,1.034705946623045,0.015780357414821644,0.09010989010989012,0.10243137625950127,0.033368053192402214,0.05674622066855033,0.10732323232323232,0.9844916714531878,0.015780357414821644,0.8146934955545156,[0.79199813],792.0,0.10442811361679338,0.7116076880271394,0.9000918996980438,0.2011152487750775,0.1780533458118858,0.5459074518882101,0.5459074518882101,0.5170043142851964,-9847048.63769903,0.07432953269506848,0.9842196425851784,0.9404018928742883,0.9545677727719706,,,,,,,,0.01578035741482164
99b01670-8bb0-4cd0-b421-fc8559d4b235,CalibratedClassifierCV,POSTPROCESSING,RejectOptionClassification,CalibratedClassifierCV,1.0,1.0,0.8146934955545156,1.0,1.0,1.0,3482.0,0.0,0.0,,0.0,0.0,,0.0,0.0,,0.0,0.0,,0.0,0.0,,0.0,0.0,0.0,1.0,1.0,1.0,0.0,0.0,0.0,0.0,792.0,792.0,3482.0,792.0,3482.0,1.0,0.0,0.0,0.0,0.0,0.0,0.0,0.0,0.0,0.0,0.0,1.1312189644370327,0.0,0.0,0.0,0.10442811361679338,0.0,1.0,1.0,0.0,0.8146934955545156,[0.79199813],792.0,0.10442811361679338,0.7116076880271394,1.0,1.0,0.0,1.0,1.0,1.0,-190500411.8258294,0.0,1.0,1.0,1.0,,,,,,,,0.0
99b01670-8bb0-4cd0-b421-fc8559d4b235,CalibratedClassifierCV,POSTPROCESSING,EqOddsPostprocessing,CalibratedClassifierCV,1.0,1.0,0.8146934955545156,1.0,1.0,1.0,3482.0,0.0,0.0,,0.0,0.0,,0.0,0.0,,0.0,0.0,,0.0,0.0,,0.0,0.0,0.0,1.0,1.0,1.0,0.0,0.0,0.0,0.0,792.0,792.0,3482.0,792.0,3482.0,1.0,0.0,0.0,0.0,0.0,0.0,0.0,0.0,0.0,0.0,0.0,1.1312189644370327,0.0,0.0,0.0,0.10442811361679338,0.0,1.0,1.0,0.0,0.8146934955545156,[0.79199813],792.0,0.10442811361679338,0.7116076880271394,1.0,1.0,0.0,1.0,1.0,1.0,-190500411.8258294,0.0,1.0,1.0,1.0,,,,,,,,0.0
99b01670-8bb0-4cd0-b421-fc8559d4b235,CalibratedClassifierCV,POSTPROCESSING,CalibratedEqOddsPostprocessing,CalibratedClassifierCV,1.0,1.0,0.8146934955545156,1.0,1.0,1.0,3482.0,0.0,0.0,,0.0,0.0,,0.0,0.0,,0.0,0.0,,0.0,0.0,,0.0,0.0,0.0,1.0,1.0,1.0,0.0,0.0,0.0,0.0,792.0,792.0,3482.0,792.0,3482.0,1.0,0.0,0.0,0.0,0.0,0.0,0.0,0.0,0.0,0.0,0.0,1.1312189644370327,0.0,0.0,0.0,0.10442811361679338,0.0,1.0,1.0,0.0,0.8146934955545156,[0.79199813],792.0,0.10442811361679338,0.7116076880271394,1.0,1.0,0.0,1.0,1.0,1.0,-190500411.8258294,0.0,1.0,1.0,1.0,,,,,,,,0.0
99b01670-8bb0-4cd0-b421-fc8559d4b235,LinearDiscriminantAnalysis,POSTPROCESSING,FairnessAwareMetaEstimator,LinearDiscriminantAnalysis,0.8238184370613009,0.9753015508328546,0.9506317267197005,0.9753015508328546,0.15782828282828282,0.8358355894659119,3482.0,0.17618156293869913,-0.09012984438204075,0.5316992358666073,0.16416441053408812,-0.08164594603369944,0.5452927633900219,0.02469844916714532,-0.023666922221103632,0.19561326548517285,0.4075829383886256,0.2666666666666666,1.6666666666666665,0.8421717171717171,0.14605394605394606,1.176399613899614,0.06110809775985546,0.02469844916714532,0.8421717171717171,0.15782828282828282,0.9753015508328546,0.5924170616113744,86.0,667.0,86.0,667.0,125.0,211.0,4063.0,125.0,3396.0,0.8358355894659119,0.08486043413752481,0.08486043413752481,0.01817379415065401,0.00016514339691517296,0.00016683939746258417,0.01817379415065401,0.00016514339691517296,0.00016683939746258417,0.3495943299307226,1.2309401943974938,1.0539224699483436,0.02366692222110356,0.14605394605394606,0.17415630635018303,0.05076595757272673,0.06299591382863501,0.15782828282828282,0.9753015508328546,0.02366692222110356,0.8146934955545156,[0.79199813],792.0,0.10442811361679338,0.7116076880271394,0.9001988071570577,0.23877437928483927,0.17618156293869913,0.5665649168305688,0.5665649168305688,0.518485972021236,-10156779.360595612,0.12238702383284243,0.9763330777788964,0.9362464677096974,0.9492378426573046,,,,,,,,0.023666922221103632
99b01670-8bb0-4cd0-b421-fc8559d4b235,LinearDiscriminantAnalysis,POSTPROCESSING,RejectOptionClassification,LinearDiscriminantAnalysis,1.0,1.0,0.8146934955545156,1.0,1.0,1.0,3482.0,0.0,0.0,,0.0,0.0,,0.0,0.0,,0.0,0.0,,0.0,0.0,,0.0,0.0,0.0,1.0,1.0,1.0,0.0,0.0,0.0,0.0,792.0,792.0,3482.0,792.0,3482.0,1.0,0.0,0.0,0.0,0.0,0.0,0.0,0.0,0.0,0.0,0.0,1.1312189644370327,0.0,0.0,0.0,0.10442811361679338,0.0,1.0,1.0,0.0,0.8146934955545156,[0.79199813],792.0,0.10442811361679338,0.7116076880271394,1.0,1.0,0.0,1.0,1.0,1.0,-190500411.8258294,0.0,1.0,1.0,1.0,,,,,,,,0.0
99b01670-8bb0-4cd0-b421-fc8559d4b235,LinearDiscriminantAnalysis,POSTPROCESSING,EqOddsPostprocessing,LinearDiscriminantAnalysis,1.0,1.0,0.8146934955545156,1.0,1.0,1.0,3482.0,0.0,0.0,,0.0,0.0,,0.0,0.0,,0.0,0.0,,0.0,0.0,,0.0,0.0,0.0,1.0,1.0,1.0,0.0,0.0,0.0,0.0,792.0,792.0,3482.0,792.0,3482.0,1.0,0.0,0.0,0.0,0.0,0.0,0.0,0.0,0.0,0.0,0.0,1.1312189644370327,0.0,0.0,0.0,0.10442811361679338,0.0,1.0,1.0,0.0,0.8146934955545156,[0.79199813],792.0,0.10442811361679338,0.7116076880271394,1.0,1.0,0.0,1.0,1.0,1.0,-190500411.8258294,0.0,1.0,1.0,1.0,,,,,,,,0.0
99b01670-8bb0-4cd0-b421-fc8559d4b235,LinearDiscriminantAnalysis,POSTPROCESSING,CalibratedEqOddsPostprocessing,LinearDiscriminantAnalysis,1.0,1.0,0.8146934955545156,1.0,1.0,1.0,3482.0,0.0,0.0,,0.0,0.0,,0.0,0.0,,0.0,0.0,,0.0,0.0,,0.0,0.0,0.0,1.0,1.0,1.0,0.0,0.0,0.0,0.0,792.0,792.0,3482.0,792.0,3482.0,1.0,0.0,0.0,0.0,0.0,0.0,0.0,0.0,0.0,0.0,0.0,1.1312189644370327,0.0,0.0,0.0,0.10442811361679338,0.0,1.0,1.0,0.0,0.8146934955545156,[0.79199813],792.0,0.10442811361679338,0.7116076880271394,1.0,1.0,0.0,1.0,1.0,1.0,-190500411.8258294,0.0,1.0,1.0,1.0,,,,,,,,0.0
99b01670-8bb0-4cd0-b421-fc8559d4b235,AdaBoostClassifier,POSTPROCESSING,FairnessAwareMetaEstimator,AdaBoostClassifier,0.8240524099204493,0.9698449167145319,0.9415067852129153,0.9698449167145319,0.1830808080808081,0.8392147117296223,3482.0,0.17594759007955074,-0.09142518116960552,0.5249688657923465,0.16078528827037775,-0.08287240202813809,0.5302458461425853,0.03015508328546812,-0.02509131553745163,0.28643371017471736,0.42,0.12495942875689708,1.3021978021978022,0.8169191919191919,0.1164835164835164,1.144593253968254,0.06295382708248262,0.03015508328546812,0.8169191919191919,0.1830808080808081,0.9698449167145319,0.58,105.0,647.0,105.0,647.0,145.0,250.0,4024.0,145.0,3377.0,0.8392147117296223,0.07078741601048405,0.07078741601048405,0.018296971780943617,0.00016738958817632353,0.00016912055575793715,0.018296971780943617,0.00016738958817632353,0.00016912055575793715,0.3548346856847076,0.644774275393108,1.0545263391759039,0.025091315537451697,0.1164835164835164,0.10391591539251757,0.05083623569655238,0.06684657589304592,0.1830808080808081,0.9698449167145319,0.025091315537451697,0.8146934955545156,[0.79199813],792.0,0.10442811361679338,0.7116076880271394,0.8998134825472955,0.2531969858353807,0.17594759007955074,0.57646286239767,0.57646286239767,0.5356565459425318,-12453851.828233425,0.09139220094606477,0.9749086844625483,0.9335176226675882,0.9469185232633163,,,,,,,,0.02509131553745163
99b01670-8bb0-4cd0-b421-fc8559d4b235,AdaBoostClassifier,POSTPROCESSING,RejectOptionClassification,AdaBoostClassifier,1.0,1.0,0.8146934955545156,1.0,1.0,1.0,3482.0,0.0,0.0,,0.0,0.0,,0.0,0.0,,0.0,0.0,,0.0,0.0,,0.0,0.0,0.0,1.0,1.0,1.0,0.0,0.0,0.0,0.0,792.0,792.0,3482.0,792.0,3482.0,1.0,0.0,0.0,0.0,0.0,0.0,0.0,0.0,0.0,0.0,0.0,1.1312189644370327,0.0,0.0,0.0,0.10442811361679338,0.0,1.0,1.0,0.0,0.8146934955545156,[0.79199813],792.0,0.10442811361679338,0.7116076880271394,1.0,1.0,0.0,1.0,1.0,1.0,-190500411.8258294,0.0,1.0,1.0,1.0,,,,,,,,0.0
99b01670-8bb0-4cd0-b421-fc8559d4b235,AdaBoostClassifier,POSTPROCESSING,EqOddsPostprocessing,AdaBoostClassifier,1.0,1.0,0.8146934955545156,1.0,1.0,1.0,3482.0,0.0,0.0,,0.0,0.0,,0.0,0.0,,0.0,0.0,,0.0,0.0,,0.0,0.0,0.0,1.0,1.0,1.0,0.0,0.0,0.0,0.0,792.0,792.0,3482.0,792.0,3482.0,1.0,0.0,0.0,0.0,0.0,0.0,0.0,0.0,0.0,0.0,0.0,1.1312189644370327,0.0,0.0,0.0,0.10442811361679338,0.0,1.0,1.0,0.0,0.8146934955545156,[0.79199813],792.0,0.10442811361679338,0.7116076880271394,1.0,1.0,0.0,1.0,1.0,1.0,-190500411.8258294,0.0,1.0,1.0,1.0,,,,,,,,0.0
99b01670-8bb0-4cd0-b421-fc8559d4b235,AdaBoostClassifier,POSTPROCESSING,CalibratedEqOddsPostprocessing,AdaBoostClassifier,1.0,1.0,0.8146934955545156,1.0,1.0,1.0,3482.0,0.0,0.0,,0.0,0.0,,0.0,0.0,,0.0,0.0,,0.0,0.0,,0.0,0.0,0.0,1.0,1.0,1.0,0.0,0.0,0.0,0.0,792.0,792.0,3482.0,792.0,3482.0,1.0,0.0,0.0,0.0,0.0,0.0,0.0,0.0,0.0,0.0,0.0,1.1312189644370327,0.0,0.0,0.0,0.10442811361679338,0.0,1.0,1.0,0.0,0.8146934955545156,[0.79199813],792.0,0.10442811361679338,0.7116076880271394,1.0,1.0,0.0,1.0,1.0,1.0,-190500411.8258294,0.0,1.0,1.0,1.0,,,,,,,,0.0
99b01670-8bb0-4cd0-b421-fc8559d4b235,LogisticRegressionCV,POSTPROCESSING,FairnessAwareMetaEstimator,LogisticRegressionCV,0.8191389798783341,0.9798966111430213,0.9627983153954142,0.9798966111430213,0.11237373737373738,0.8291616038882138,3482.0,0.18086102012166594,-0.1021644182598841,0.4874215003637335,0.17083839611178614,-0.09034030244792576,0.5188084208784846,0.020103388856978748,-0.025116612845353426,0.0,0.44025157232704404,-0.445859872611465,0.0,0.8876262626262627,0.09570429570429573,1.1089626933575978,0.06028396775915461,0.020103388856978748,0.8876262626262627,0.11237373737373738,0.9798966111430213,0.559748427672956,70.0,703.0,70.0,703.0,89.0,159.0,4115.0,89.0,3412.0,0.8291616038882138,0.060410454274824554,0.060410454274824554,0.0208378113282615,0.00021710719047611163,0.00021967162212811894,0.0208378113282615,0.00021710719047611163,0.00021967162212811894,0.34722893819252626,1.9204310637543152,1.044223456245111,0.02511661284535338,0.09570429570429573,-0.1777597850817696,0.04224085126781729,0.060494478629067885,0.11237373737373738,0.9798966111430213,0.02511661284535338,0.8146934955545156,[0.79199813],792.0,0.10442811361679338,0.7116076880271394,0.8982493089377386,0.1894330070336549,0.18086102012166594,0.5461351742583793,0.5461351742583793,0.5131429002859702,-9889711.219739415,0.0705876828589423,0.9748833871546466,0.9372982624819723,0.9495004372171905,,,,,,,,0.025116612845353426
99b01670-8bb0-4cd0-b421-fc8559d4b235,LogisticRegressionCV,POSTPROCESSING,RejectOptionClassification,LogisticRegressionCV,1.0,1.0,0.8146934955545156,1.0,1.0,1.0,3482.0,0.0,0.0,,0.0,0.0,,0.0,0.0,,0.0,0.0,,0.0,0.0,,0.0,0.0,0.0,1.0,1.0,1.0,0.0,0.0,0.0,0.0,792.0,792.0,3482.0,792.0,3482.0,1.0,0.0,0.0,0.0,0.0,0.0,0.0,0.0,0.0,0.0,0.0,1.1312189644370327,0.0,0.0,0.0,0.10442811361679338,0.0,1.0,1.0,0.0,0.8146934955545156,[0.79199813],792.0,0.10442811361679338,0.7116076880271394,1.0,1.0,0.0,1.0,1.0,1.0,-190500411.8258294,0.0,1.0,1.0,1.0,,,,,,,,0.0
99b01670-8bb0-4cd0-b421-fc8559d4b235,LogisticRegressionCV,POSTPROCESSING,EqOddsPostprocessing,LogisticRegressionCV,1.0,1.0,0.8146934955545156,1.0,1.0,1.0,3482.0,0.0,0.0,,0.0,0.0,,0.0,0.0,,0.0,0.0,,0.0,0.0,,0.0,0.0,0.0,1.0,1.0,1.0,0.0,0.0,0.0,0.0,792.0,792.0,3482.0,792.0,3482.0,1.0,0.0,0.0,0.0,0.0,0.0,0.0,0.0,0.0,0.0,0.0,1.1312189644370327,0.0,0.0,0.0,0.10442811361679338,0.0,1.0,1.0,0.0,0.8146934955545156,[0.79199813],792.0,0.10442811361679338,0.7116076880271394,1.0,1.0,0.0,1.0,1.0,1.0,-190500411.8258294,0.0,1.0,1.0,1.0,,,,,,,,0.0
99b01670-8bb0-4cd0-b421-fc8559d4b235,LogisticRegressionCV,POSTPROCESSING,CalibratedEqOddsPostprocessing,LogisticRegressionCV,1.0,1.0,0.8146934955545156,1.0,1.0,1.0,3482.0,0.0,0.0,,0.0,0.0,,0.0,0.0,,0.0,0.0,,0.0,0.0,,0.0,0.0,0.0,1.0,1.0,1.0,0.0,0.0,0.0,0.0,792.0,792.0,3482.0,792.0,3482.0,1.0,0.0,0.0,0.0,0.0,0.0,0.0,0.0,0.0,0.0,0.0,1.1312189644370327,0.0,0.0,0.0,0.10442811361679338,0.0,1.0,1.0,0.0,0.8146934955545156,[0.79199813],792.0,0.10442811361679338,0.7116076880271394,1.0,1.0,0.0,1.0,1.0,1.0,-190500411.8258294,0.0,1.0,1.0,1.0,,,,,,,,0.0
99b01670-8bb0-4cd0-b421-fc8559d4b235,CalibratedClassifierCV,POSTPROCESSING,FairnessAwareMetaEstimator,CalibratedClassifierCV,0.8219466541881142,0.9844916714531878,0.9674777725783809,0.9844916714531878,0.10732323232323232,0.8290205562273277,3482.0,0.1780533458118858,-0.0955760290936637,0.5106619095233768,0.1709794437726723,-0.0900479377041877,0.5202667622626582,0.015508328546812177,-0.01578035741482164,0.15423353624792474,0.38848920863309355,0.11481481481481481,1.2980769230769231,0.8926767676767676,0.09010989010989012,1.1019439421338155,0.05820940676025445,0.015508328546812177,0.8926767676767676,0.10732323232323232,0.9844916714531878,0.6115107913669064,54.0,707.0,54.0,707.0,85.0,139.0,4135.0,85.0,3428.0,0.8290205562273277,0.05294512376235588,0.05294512376235588,0.023714268415001103,0.00028118326322935943,0.0002849757391922672,0.023714268415001103,0.00028118326322935943,0.0002849757391922672,0.34120201277323803,1.182190580906284,1.034705946623045,0.015780357414821644,0.09010989010989012,0.10243137625950127,0.033368053192402214,0.05674622066855033,0.10732323232323232,0.9844916714531878,0.015780357414821644,0.8146934955545156,[0.79199813],792.0,0.10442811361679338,0.7116076880271394,0.9000918996980438,0.2011152487750775,0.1780533458118858,0.5459074518882101,0.5459074518882101,0.5170043142851964,-9847048.63769903,0.07432953269506848,0.9842196425851784,0.9404018928742883,0.9545677727719706,,,,,,,,0.01578035741482164
99b01670-8bb0-4cd0-b421-fc8559d4b235,CalibratedClassifierCV,POSTPROCESSING,RejectOptionClassification,CalibratedClassifierCV,1.0,1.0,0.8146934955545156,1.0,1.0,1.0,3482.0,0.0,0.0,,0.0,0.0,,0.0,0.0,,0.0,0.0,,0.0,0.0,,0.0,0.0,0.0,1.0,1.0,1.0,0.0,0.0,0.0,0.0,792.0,792.0,3482.0,792.0,3482.0,1.0,0.0,0.0,0.0,0.0,0.0,0.0,0.0,0.0,0.0,0.0,1.1312189644370327,0.0,0.0,0.0,0.10442811361679338,0.0,1.0,1.0,0.0,0.8146934955545156,[0.79199813],792.0,0.10442811361679338,0.7116076880271394,1.0,1.0,0.0,1.0,1.0,1.0,-190500411.8258294,0.0,1.0,1.0,1.0,,,,,,,,0.0
99b01670-8bb0-4cd0-b421-fc8559d4b235,CalibratedClassifierCV,POSTPROCESSING,EqOddsPostprocessing,CalibratedClassifierCV,1.0,1.0,0.8146934955545156,1.0,1.0,1.0,3482.0,0.0,0.0,,0.0,0.0,,0.0,0.0,,0.0,0.0,,0.0,0.0,,0.0,0.0,0.0,1.0,1.0,1.0,0.0,0.0,0.0,0.0,792.0,792.0,3482.0,792.0,3482.0,1.0,0.0,0.0,0.0,0.0,0.0,0.0,0.0,0.0,0.0,0.0,1.1312189644370327,0.0,0.0,0.0,0.10442811361679338,0.0,1.0,1.0,0.0,0.8146934955545156,[0.79199813],792.0,0.10442811361679338,0.7116076880271394,1.0,1.0,0.0,1.0,1.0,1.0,-190500411.8258294,0.0,1.0,1.0,1.0,,,,,,,,0.0
99b01670-8bb0-4cd0-b421-fc8559d4b235,CalibratedClassifierCV,POSTPROCESSING,CalibratedEqOddsPostprocessing,CalibratedClassifierCV,1.0,1.0,0.8146934955545156,1.0,1.0,1.0,3482.0,0.0,0.0,,0.0,0.0,,0.0,0.0,,0.0,0.0,,0.0,0.0,,0.0,0.0,0.0,1.0,1.0,1.0,0.0,0.0,0.0,0.0,792.0,792.0,3482.0,792.0,3482.0,1.0,0.0,0.0,0.0,0.0,0.0,0.0,0.0,0.0,0.0,0.0,1.1312189644370327,0.0,0.0,0.0,0.10442811361679338,0.0,1.0,1.0,0.0,0.8146934955545156,[0.79199813],792.0,0.10442811361679338,0.7116076880271394,1.0,1.0,0.0,1.0,1.0,1.0,-190500411.8258294,0.0,1.0,1.0,1.0,,,,,,,,0.0
99b01670-8bb0-4cd0-b421-fc8559d4b235,XGBClassifier,POSTPROCESSING,FairnessAwareMetaEstimator,XGBClassifier,0.8291998128217127,0.9540493968983343,0.9106223678053346,0.9540493968983343,0.2803030303030303,0.8535457348406988,3482.0,0.17080018717828727,-0.08040039296567758,0.5661599750912127,0.14645426515930113,-0.06520455404383978,0.5902174719809989,0.04595060310166571,-0.03943282403140996,0.2673381294964029,0.418848167539267,0.2151639344262295,1.525,0.7196969696969697,0.22417582417582416,1.3212138562839966,0.06727300306802368,0.04595060310166571,0.7196969696969697,0.2803030303030303,0.9540493968983343,0.581151832460733,160.0,570.0,160.0,570.0,222.0,382.0,3892.0,222.0,3322.0,0.8535457348406988,0.13180432410361703,0.13180432410361703,0.007245982608370558,2.6252131980404292e-05,2.6358280697382917e-05,0.007245982608370558,2.6252131980404292e-05,2.6358280697382917e-05,0.36680513373731205,0.8779344777829696,1.0935649518874908,0.03943282403140991,0.22417582417582416,0.14018424423503462,0.08378631899462341,0.07709706765984899,0.2803030303030303,0.9540493968983343,0.03943282403140991,0.8146934955545156,[0.79199813],792.0,0.10442811361679338,0.7116076880271394,0.9010035259018172,0.3191746073791258,0.17080018717828727,0.6171762136006823,0.6171762136006823,0.5358297199142148,-11449764.672185833,0.1847430001444142,0.9605671759685902,0.9267680290138095,0.9377669905706204,,,,,,,,0.03943282403140996
99b01670-8bb0-4cd0-b421-fc8559d4b235,XGBClassifier,POSTPROCESSING,RejectOptionClassification,XGBClassifier,1.0,1.0,0.8146934955545156,1.0,1.0,1.0,3482.0,0.0,0.0,,0.0,0.0,,0.0,0.0,,0.0,0.0,,0.0,0.0,,0.0,0.0,0.0,1.0,1.0,1.0,0.0,0.0,0.0,0.0,792.0,792.0,3482.0,792.0,3482.0,1.0,0.0,0.0,0.0,0.0,0.0,0.0,0.0,0.0,0.0,0.0,1.1312189644370327,0.0,0.0,0.0,0.10442811361679338,0.0,1.0,1.0,0.0,0.8146934955545156,[0.79199813],792.0,0.10442811361679338,0.7116076880271394,1.0,1.0,0.0,1.0,1.0,1.0,-190500411.8258294,0.0,1.0,1.0,1.0,,,,,,,,0.0
99b01670-8bb0-4cd0-b421-fc8559d4b235,XGBClassifier,POSTPROCESSING,EqOddsPostprocessing,XGBClassifier,1.0,1.0,0.8146934955545156,1.0,1.0,1.0,3482.0,0.0,0.0,,0.0,0.0,,0.0,0.0,,0.0,0.0,,0.0,0.0,,0.0,0.0,0.0,1.0,1.0,1.0,0.0,0.0,0.0,0.0,792.0,792.0,3482.0,792.0,3482.0,1.0,0.0,0.0,0.0,0.0,0.0,0.0,0.0,0.0,0.0,0.0,1.1312189644370327,0.0,0.0,0.0,0.10442811361679338,0.0,1.0,1.0,0.0,0.8146934955545156,[0.79199813],792.0,0.10442811361679338,0.7116076880271394,1.0,1.0,0.0,1.0,1.0,1.0,-190500411.8258294,0.0,1.0,1.0,1.0,,,,,,,,0.0
99b01670-8bb0-4cd0-b421-fc8559d4b235,XGBClassifier,POSTPROCESSING,CalibratedEqOddsPostprocessing,XGBClassifier,1.0,1.0,0.8146934955545156,1.0,1.0,1.0,3482.0,0.0,0.0,,0.0,0.0,,0.0,0.0,,0.0,0.0,,0.0,0.0,,0.0,0.0,0.0,1.0,1.0,1.0,0.0,0.0,0.0,0.0,792.0,792.0,3482.0,792.0,3482.0,1.0,0.0,0.0,0.0,0.0,0.0,0.0,0.0,0.0,0.0,0.0,1.1312189644370327,0.0,0.0,0.0,0.10442811361679338,0.0,1.0,1.0,0.0,0.8146934955545156,[0.79199813],792.0,0.10442811361679338,0.7116076880271394,1.0,1.0,0.0,1.0,1.0,1.0,-190500411.8258294,0.0,1.0,1.0,1.0,,,,,,,,0.0
99b01670-8bb0-4cd0-b421-fc8559d4b235,GradientBoostingClassifier,POSTPROCESSING,FairnessAwareMetaEstimator,GradientBoostingClassifier,0.8320074871314928,0.9629523262492821,0.9223210107627515,0.9629523262492821,0.2563131313131313,0.8505834601725013,3482.0,0.16799251286850725,-0.08645910700917014,0.5291138526499006,0.14941653982749872,-0.06844009370706329,0.5792986116033905,0.03704767375071798,-0.04089335635904624,0.09547790339157246,0.3885542168674699,-0.013888888888888895,0.9642857142857143,0.7436868686868687,0.21198801198801198,1.2931749101961867,0.06374465903782991,0.03704767375071798,0.7436868686868687,0.2563131313131313,0.9629523262492821,0.6114457831325302,129.0,589.0,129.0,589.0,203.0,332.0,3942.0,203.0,3353.0,0.8505834601725013,0.1264406841735291,0.1264406841735291,0.0077357513822802456,2.9920924724225363e-05,3.005015776798157e-05,0.0077357513822802456,2.9920924724225363e-05,3.005015776798157e-05,0.35705646342792874,1.419515710010667,1.0905317320829406,0.04089335635904623,0.21198801198801198,0.02727560240908719,0.08215586652186901,0.0702611368697213,0.2563131313131313,0.9629523262492821,0.04089335635904623,0.8146934955545156,[0.79199813],792.0,0.10442811361679338,0.7116076880271394,0.9032866379310345,0.3182876897407333,0.16799251286850725,0.6096327287812067,0.6096327287812067,0.5325503494595354,-10796506.009876784,0.17109465562896575,0.9591066436409539,0.9321656936335837,0.9409762516396989,,,,,,,,0.04089335635904624
99b01670-8bb0-4cd0-b421-fc8559d4b235,GradientBoostingClassifier,POSTPROCESSING,RejectOptionClassification,GradientBoostingClassifier,1.0,1.0,0.8146934955545156,1.0,1.0,1.0,3482.0,0.0,0.0,,0.0,0.0,,0.0,0.0,,0.0,0.0,,0.0,0.0,,0.0,0.0,0.0,1.0,1.0,1.0,0.0,0.0,0.0,0.0,792.0,792.0,3482.0,792.0,3482.0,1.0,0.0,0.0,0.0,0.0,0.0,0.0,0.0,0.0,0.0,0.0,1.1312189644370327,0.0,0.0,0.0,0.10442811361679338,0.0,1.0,1.0,0.0,0.8146934955545156,[0.79199813],792.0,0.10442811361679338,0.7116076880271394,1.0,1.0,0.0,1.0,1.0,1.0,-190500411.8258294,0.0,1.0,1.0,1.0,,,,,,,,0.0
99b01670-8bb0-4cd0-b421-fc8559d4b235,GradientBoostingClassifier,POSTPROCESSING,EqOddsPostprocessing,GradientBoostingClassifier,1.0,1.0,0.8146934955545156,1.0,1.0,1.0,3482.0,0.0,0.0,,0.0,0.0,,0.0,0.0,,0.0,0.0,,0.0,0.0,,0.0,0.0,0.0,1.0,1.0,1.0,0.0,0.0,0.0,0.0,792.0,792.0,3482.0,792.0,3482.0,1.0,0.0,0.0,0.0,0.0,0.0,0.0,0.0,0.0,0.0,0.0,1.1312189644370327,0.0,0.0,0.0,0.10442811361679338,0.0,1.0,1.0,0.0,0.8146934955545156,[0.79199813],792.0,0.10442811361679338,0.7116076880271394,1.0,1.0,0.0,1.0,1.0,1.0,-190500411.8258294,0.0,1.0,1.0,1.0,,,,,,,,0.0
99b01670-8bb0-4cd0-b421-fc8559d4b235,GradientBoostingClassifier,POSTPROCESSING,CalibratedEqOddsPostprocessing,GradientBoostingClassifier,1.0,1.0,0.8146934955545156,1.0,1.0,1.0,3482.0,0.0,0.0,,0.0,0.0,,0.0,0.0,,0.0,0.0,,0.0,0.0,,0.0,0.0,0.0,1.0,1.0,1.0,0.0,0.0,0.0,0.0,792.0,792.0,3482.0,792.0,3482.0,1.0,0.0,0.0,0.0,0.0,0.0,0.0,0.0,0.0,0.0,0.0,1.1312189644370327,0.0,0.0,0.0,0.10442811361679338,0.0,1.0,1.0,0.0,0.8146934955545156,[0.79199813],792.0,0.10442811361679338,0.7116076880271394,1.0,1.0,0.0,1.0,1.0,1.0,-190500411.8258294,0.0,1.0,1.0,1.0,,,,,,,,0.0
99b01670-8bb0-4cd0-b421-fc8559d4b235,AdaBoostClassifier_NONE_BASE_LINE_VALUES,POSTPROCESSING,FairnessAwareMetaEstimator,NONE_BASE_LINE_VALUES,0.8240524099204493,0.9698449167145319,0.9415067852129153,0.9698449167145319,0.1830808080808081,0.8392147117296223,3482.0,0.17594759007955074,-0.09142518116960552,0.5249688657923465,0.16078528827037775,-0.08287240202813809,0.5302458461425853,0.03015508328546812,-0.02509131553745163,0.28643371017471736,0.42,0.12495942875689708,1.3021978021978022,0.8169191919191919,0.1164835164835164,1.144593253968254,0.06295382708248262,0.03015508328546812,0.8169191919191919,0.1830808080808081,0.9698449167145319,0.58,105.0,647.0,105.0,647.0,145.0,250.0,4024.0,145.0,3377.0,0.8392147117296223,0.07078741601048405,0.07078741601048405,0.018296971780943617,0.00016738958817632353,0.00016912055575793715,0.018296971780943617,0.00016738958817632353,0.00016912055575793715,0.3548346856847076,0.644774275393108,1.0545263391759039,0.025091315537451697,0.1164835164835164,0.10391591539251757,0.05083623569655238,0.06684657589304592,0.1830808080808081,0.9698449167145319,0.025091315537451697,0.8146934955545156,[0.79199813],792.0,0.10442811361679338,0.7116076880271394,0.8998134825472955,0.2531969858353807,0.17594759007955074,0.57646286239767,0.57646286239767,0.5356565459425318,-12453851.828233423,0.09139220094606477,0.9749086844625483,0.9335176226675882,0.9469185232633163,,,,,,,,0.02509131553745163
99b01670-8bb0-4cd0-b421-fc8559d4b235,AdaBoostClassifier_NONE_BASE_LINE_VALUES,POSTPROCESSING,RejectOptionClassification,NONE_BASE_LINE_VALUES,1.0,1.0,0.8146934955545156,1.0,1.0,1.0,3482.0,0.0,0.0,,0.0,0.0,,0.0,0.0,,0.0,0.0,,0.0,0.0,,0.0,0.0,0.0,1.0,1.0,1.0,0.0,0.0,0.0,0.0,792.0,792.0,3482.0,792.0,3482.0,1.0,0.0,0.0,0.0,0.0,0.0,0.0,0.0,0.0,0.0,0.0,1.1312189644370327,0.0,0.0,0.0,0.10442811361679338,0.0,1.0,1.0,0.0,0.8146934955545156,[0.79199813],792.0,0.10442811361679338,0.7116076880271394,1.0,1.0,0.0,1.0,1.0,1.0,-190500411.8258294,0.0,1.0,1.0,1.0,,,,,,,,0.0
99b01670-8bb0-4cd0-b421-fc8559d4b235,AdaBoostClassifier_NONE_BASE_LINE_VALUES,POSTPROCESSING,EqOddsPostprocessing,NONE_BASE_LINE_VALUES,1.0,1.0,0.8146934955545156,1.0,1.0,1.0,3482.0,0.0,0.0,,0.0,0.0,,0.0,0.0,,0.0,0.0,,0.0,0.0,,0.0,0.0,0.0,1.0,1.0,1.0,0.0,0.0,0.0,0.0,792.0,792.0,3482.0,792.0,3482.0,1.0,0.0,0.0,0.0,0.0,0.0,0.0,0.0,0.0,0.0,0.0,1.1312189644370327,0.0,0.0,0.0,0.10442811361679338,0.0,1.0,1.0,0.0,0.8146934955545156,[0.79199813],792.0,0.10442811361679338,0.7116076880271394,1.0,1.0,0.0,1.0,1.0,1.0,-190500411.8258294,0.0,1.0,1.0,1.0,,,,,,,,0.0
99b01670-8bb0-4cd0-b421-fc8559d4b235,AdaBoostClassifier_NONE_BASE_LINE_VALUES,POSTPROCESSING,CalibratedEqOddsPostprocessing,NONE_BASE_LINE_VALUES,1.0,1.0,0.8146934955545156,1.0,1.0,1.0,3482.0,0.0,0.0,,0.0,0.0,,0.0,0.0,,0.0,0.0,,0.0,0.0,,0.0,0.0,0.0,1.0,1.0,1.0,0.0,0.0,0.0,0.0,792.0,792.0,3482.0,792.0,3482.0,1.0,0.0,0.0,0.0,0.0,0.0,0.0,0.0,0.0,0.0,0.0,1.1312189644370327,0.0,0.0,0.0,0.10442811361679338,0.0,1.0,1.0,0.0,0.8146934955545156,[0.79199813],792.0,0.10442811361679338,0.7116076880271394,1.0,1.0,0.0,1.0,1.0,1.0,-190500411.8258294,0.0,1.0,1.0,1.0,,,,,,,,0.0
99b01670-8bb0-4cd0-b421-fc8559d4b235,GradientBoostingClassifier_HYPERPARAMETER_HYPERPARAMETER,POSTPROCESSING,FairnessAwareMetaEstimator,HYPERPARAMETER_HYPERPARAMETER,0.8320074871314928,0.9629523262492821,0.9223210107627515,0.9629523262492821,0.2563131313131313,0.8505834601725013,3482.0,0.16799251286850725,-0.08645910700917014,0.5291138526499006,0.14941653982749872,-0.06844009370706329,0.5792986116033905,0.03704767375071798,-0.04089335635904624,0.09547790339157246,0.3885542168674699,-0.013888888888888895,0.9642857142857143,0.7436868686868687,0.21198801198801198,1.2931749101961867,0.06374465903782991,0.03704767375071798,0.7436868686868687,0.2563131313131313,0.9629523262492821,0.6114457831325302,129.0,589.0,129.0,589.0,203.0,332.0,3942.0,203.0,3353.0,0.8505834601725013,0.1264406841735291,0.1264406841735291,0.0077357513822802456,2.9920924724225363e-05,3.005015776798157e-05,0.0077357513822802456,2.9920924724225363e-05,3.005015776798157e-05,0.35705646342792874,1.419515710010667,1.0905317320829406,0.04089335635904623,0.21198801198801198,0.02727560240908719,0.08215586652186901,0.0702611368697213,0.2563131313131313,0.9629523262492821,0.04089335635904623,0.8146934955545156,[0.79199813],792.0,0.10442811361679338,0.7116076880271394,0.9032866379310345,0.3182876897407333,0.16799251286850725,0.6096327287812067,0.6096327287812067,0.5325503494595354,-10796506.009876784,0.17109465562896575,0.9591066436409539,0.9321656936335837,0.9409762516396989,,,,,,,,0.04089335635904624
99b01670-8bb0-4cd0-b421-fc8559d4b235,GradientBoostingClassifier_HYPERPARAMETER_HYPERPARAMETER,POSTPROCESSING,RejectOptionClassification,HYPERPARAMETER_HYPERPARAMETER,1.0,1.0,0.8146934955545156,1.0,1.0,1.0,3482.0,0.0,0.0,,0.0,0.0,,0.0,0.0,,0.0,0.0,,0.0,0.0,,0.0,0.0,0.0,1.0,1.0,1.0,0.0,0.0,0.0,0.0,792.0,792.0,3482.0,792.0,3482.0,1.0,0.0,0.0,0.0,0.0,0.0,0.0,0.0,0.0,0.0,0.0,1.1312189644370327,0.0,0.0,0.0,0.10442811361679338,0.0,1.0,1.0,0.0,0.8146934955545156,[0.79199813],792.0,0.10442811361679338,0.7116076880271394,1.0,1.0,0.0,1.0,1.0,1.0,-190500411.8258294,0.0,1.0,1.0,1.0,,,,,,,,0.0
99b01670-8bb0-4cd0-b421-fc8559d4b235,GradientBoostingClassifier_HYPERPARAMETER_HYPERPARAMETER,POSTPROCESSING,EqOddsPostprocessing,HYPERPARAMETER_HYPERPARAMETER,1.0,1.0,0.8146934955545156,1.0,1.0,1.0,3482.0,0.0,0.0,,0.0,0.0,,0.0,0.0,,0.0,0.0,,0.0,0.0,,0.0,0.0,0.0,1.0,1.0,1.0,0.0,0.0,0.0,0.0,792.0,792.0,3482.0,792.0,3482.0,1.0,0.0,0.0,0.0,0.0,0.0,0.0,0.0,0.0,0.0,0.0,1.1312189644370327,0.0,0.0,0.0,0.10442811361679338,0.0,1.0,1.0,0.0,0.8146934955545156,[0.79199813],792.0,0.10442811361679338,0.7116076880271394,1.0,1.0,0.0,1.0,1.0,1.0,-190500411.8258294,0.0,1.0,1.0,1.0,,,,,,,,0.0
99b01670-8bb0-4cd0-b421-fc8559d4b235,GradientBoostingClassifier_HYPERPARAMETER_HYPERPARAMETER,POSTPROCESSING,CalibratedEqOddsPostprocessing,HYPERPARAMETER_HYPERPARAMETER,1.0,1.0,0.8146934955545156,1.0,1.0,1.0,3482.0,0.0,0.0,,0.0,0.0,,0.0,0.0,,0.0,0.0,,0.0,0.0,,0.0,0.0,0.0,1.0,1.0,1.0,0.0,0.0,0.0,0.0,792.0,792.0,3482.0,792.0,3482.0,1.0,0.0,0.0,0.0,0.0,0.0,0.0,0.0,0.0,0.0,0.0,1.1312189644370327,0.0,0.0,0.0,0.10442811361679338,0.0,1.0,1.0,0.0,0.8146934955545156,[0.79199813],792.0,0.10442811361679338,0.7116076880271394,1.0,1.0,0.0,1.0,1.0,1.0,-190500411.8258294,0.0,1.0,1.0,1.0,,,,,,,,0.0
99b01670-8bb0-4cd0-b421-fc8559d4b235,GradientBoostingClassifier_NONE_BASE_LINE_VALUES,POSTPROCESSING,ThresholdOptimizer,NONE_BASE_LINE_VALUES,0.8231165184838559,0.9661114302125215,0.9363593823116518,0.9661114302125215,0.19444444444444445,0.8405797101449275,3482.0,0.17688348151614408,-0.04355986068656559,0.764224679869625,0.15942028985507245,-0.07305609866145285,0.5771797475699986,0.03388856978747846,0.022376243246522265,1.7605193893665556,0.4338235294117647,0.5465517241379311,2.546341463414634,0.8055555555555556,0.15784215784215783,1.199747155499368,0.0644131892720163,0.03388856978747846,0.8055555555555556,0.19444444444444445,0.9661114302125215,0.5661764705882353,118.0,638.0,118.0,638.0,154.0,272.0,4002.0,154.0,3364.0,0.8405797101449275,0.09010920054434007,0.06773295729781775,0.030866040962786813,0.0004763562423582167,0.00048478940138233005,0.030866040962786813,0.0004763562423582167,0.00048478940138233005,0.3589239174867462,-0.4751154117222878,1.0154584779198554,-0.02237624324652232,0.15784215784215783,0.30980391139969193,0.014434386864056958,0.06967726168461526,0.19444444444444445,0.9661114302125215,-0.02237624324652232,0.8146934955545156,[0.79199813],792.0,0.10442811361679338,0.7116076880271394,0.8989845002672368,0.25555252761367847,0.17688348151614408,0.580277937328483,0.580277937328483,0.5409739965785472,-95617077.8859759,0.13546591459563556,0.9776237567534779,0.9313399778516057,0.9462731588989158,,,,,,,,0.022376243246522265
99b01670-8bb0-4cd0-b421-fc8559d4b235,GradientBoostingClassifier_NONE_BASE_LINE_VALUES,POSTPROCESSING,FairnessAwareMetaEstimator,NONE_BASE_LINE_VALUES,0.8306036499766027,0.9753015508328546,0.9438465138043987,0.9753015508328546,0.19444444444444445,0.841844323252355,3482.0,0.16939635002339726,-0.08817241369106621,0.5242221991585302,0.15815567674764502,-0.07633413706878954,0.5579657949172577,0.02469844916714532,-0.029059895248494425,0.04717731696995345,0.35833333333333334,-0.11016949152542371,0.6941176470588235,0.8055555555555556,0.1722277722277722,1.218338399189463,0.059889200110810205,0.02469844916714532,0.8055555555555556,0.19444444444444445,0.9753015508328546,0.6416666666666667,86.0,638.0,86.0,638.0,154.0,240.0,4034.0,154.0,3396.0,0.841844323252355,0.10064383373813329,0.10064383373813329,0.014384389666560134,0.00010345533303972098,0.00010429258906420868,0.014384389666560134,0.00010345533303972098,0.00010429258906420868,0.34609016198329073,1.7391671485185156,1.0667038953704204,0.029059895248494394,0.1722277722277722,-0.01691767722831708,0.06220871567098596,0.06180110854916985,0.19444444444444445,0.9753015508328546,0.029059895248494394,0.8146934955545156,[0.79199813],792.0,0.10442811361679338,0.7116076880271394,0.903672166045769,0.2864856963468097,0.16939635002339726,0.5848729976386495,0.5848729976386495,0.5260091369063817,-10225705.657935297,0.14316787697927777,0.9709401047515057,0.938121546961326,0.9488117474565367,,,,,,,,0.029059895248494425
99b01670-8bb0-4cd0-b421-fc8559d4b235,GradientBoostingClassifier_NONE_BASE_LINE_VALUES,POSTPROCESSING,RejectOptionClassification,NONE_BASE_LINE_VALUES,1.0,1.0,0.8146934955545156,1.0,1.0,1.0,3482.0,0.0,0.0,,0.0,0.0,,0.0,0.0,,0.0,0.0,,0.0,0.0,,0.0,0.0,0.0,1.0,1.0,1.0,0.0,0.0,0.0,0.0,792.0,792.0,3482.0,792.0,3482.0,1.0,0.0,0.0,0.0,0.0,0.0,0.0,0.0,0.0,0.0,0.0,1.1312189644370327,0.0,0.0,0.0,0.10442811361679338,0.0,1.0,1.0,0.0,0.8146934955545156,[0.79199813],792.0,0.10442811361679338,0.7116076880271394,1.0,1.0,0.0,1.0,1.0,1.0,-190500411.8258294,0.0,1.0,1.0,1.0,,,,,,,,0.0
99b01670-8bb0-4cd0-b421-fc8559d4b235,GradientBoostingClassifier_NONE_BASE_LINE_VALUES,POSTPROCESSING,EqOddsPostprocessing,NONE_BASE_LINE_VALUES,1.0,1.0,0.8146934955545156,1.0,1.0,1.0,3482.0,0.0,0.0,,0.0,0.0,,0.0,0.0,,0.0,0.0,,0.0,0.0,,0.0,0.0,0.0,1.0,1.0,1.0,0.0,0.0,0.0,0.0,792.0,792.0,3482.0,792.0,3482.0,1.0,0.0,0.0,0.0,0.0,0.0,0.0,0.0,0.0,0.0,0.0,1.1312189644370327,0.0,0.0,0.0,0.10442811361679338,0.0,1.0,1.0,0.0,0.8146934955545156,[0.79199813],792.0,0.10442811361679338,0.7116076880271394,1.0,1.0,0.0,1.0,1.0,1.0,-190500411.8258294,0.0,1.0,1.0,1.0,,,,,,,,0.0
99b01670-8bb0-4cd0-b421-fc8559d4b235,GradientBoostingClassifier_NONE_BASE_LINE_VALUES,POSTPROCESSING,CalibratedEqOddsPostprocessing,NONE_BASE_LINE_VALUES,1.0,1.0,0.8146934955545156,1.0,1.0,1.0,3482.0,0.0,0.0,,0.0,0.0,,0.0,0.0,,0.0,0.0,,0.0,0.0,,0.0,0.0,0.0,1.0,1.0,1.0,0.0,0.0,0.0,0.0,792.0,792.0,3482.0,792.0,3482.0,1.0,0.0,0.0,0.0,0.0,0.0,0.0,0.0,0.0,0.0,0.0,1.1312189644370327,0.0,0.0,0.0,0.10442811361679338,0.0,1.0,1.0,0.0,0.8146934955545156,[0.79199813],792.0,0.10442811361679338,0.7116076880271394,1.0,1.0,0.0,1.0,1.0,1.0,-190500411.8258294,0.0,1.0,1.0,1.0,,,,,,,,0.0
99b01670-8bb0-4cd0-b421-fc8559d4b235,LinearDiscriminantAnalysis_NONE_BASE_LINE_VALUES,POSTPROCESSING,FairnessAwareMetaEstimator,NONE_BASE_LINE_VALUES,0.8238184370613009,0.9753015508328546,0.9506317267197005,0.9753015508328546,0.15782828282828282,0.8358355894659119,3482.0,0.17618156293869913,-0.09012984438204075,0.5316992358666073,0.16416441053408812,-0.08164594603369944,0.5452927633900219,0.02469844916714532,-0.023666922221103632,0.19561326548517285,0.4075829383886256,0.2666666666666666,1.6666666666666665,0.8421717171717171,0.14605394605394606,1.176399613899614,0.06110809775985546,0.02469844916714532,0.8421717171717171,0.15782828282828282,0.9753015508328546,0.5924170616113744,86.0,667.0,86.0,667.0,125.0,211.0,4063.0,125.0,3396.0,0.8358355894659119,0.08486043413752481,0.08486043413752481,0.01817379415065401,0.00016514339691517296,0.00016683939746258417,0.01817379415065401,0.00016514339691517296,0.00016683939746258417,0.3495943299307226,1.2309401943974938,1.0539224699483436,0.02366692222110356,0.14605394605394606,0.17415630635018303,0.05076595757272673,0.06299591382863501,0.15782828282828282,0.9753015508328546,0.02366692222110356,0.8146934955545156,[0.79199813],792.0,0.10442811361679338,0.7116076880271394,0.9001988071570577,0.23877437928483927,0.17618156293869913,0.5665649168305688,0.5665649168305688,0.518485972021236,-10156779.360595612,0.12238702383284243,0.9763330777788964,0.9362464677096974,0.9492378426573046,,,,,,,,0.023666922221103632
99b01670-8bb0-4cd0-b421-fc8559d4b235,LinearDiscriminantAnalysis_NONE_BASE_LINE_VALUES,POSTPROCESSING,RejectOptionClassification,NONE_BASE_LINE_VALUES,1.0,1.0,0.8146934955545156,1.0,1.0,1.0,3482.0,0.0,0.0,,0.0,0.0,,0.0,0.0,,0.0,0.0,,0.0,0.0,,0.0,0.0,0.0,1.0,1.0,1.0,0.0,0.0,0.0,0.0,792.0,792.0,3482.0,792.0,3482.0,1.0,0.0,0.0,0.0,0.0,0.0,0.0,0.0,0.0,0.0,0.0,1.1312189644370327,0.0,0.0,0.0,0.10442811361679338,0.0,1.0,1.0,0.0,0.8146934955545156,[0.79199813],792.0,0.10442811361679338,0.7116076880271394,1.0,1.0,0.0,1.0,1.0,1.0,-190500411.8258294,0.0,1.0,1.0,1.0,,,,,,,,0.0
99b01670-8bb0-4cd0-b421-fc8559d4b235,LinearDiscriminantAnalysis_NONE_BASE_LINE_VALUES,POSTPROCESSING,EqOddsPostprocessing,NONE_BASE_LINE_VALUES,1.0,1.0,0.8146934955545156,1.0,1.0,1.0,3482.0,0.0,0.0,,0.0,0.0,,0.0,0.0,,0.0,0.0,,0.0,0.0,,0.0,0.0,0.0,1.0,1.0,1.0,0.0,0.0,0.0,0.0,792.0,792.0,3482.0,792.0,3482.0,1.0,0.0,0.0,0.0,0.0,0.0,0.0,0.0,0.0,0.0,0.0,1.1312189644370327,0.0,0.0,0.0,0.10442811361679338,0.0,1.0,1.0,0.0,0.8146934955545156,[0.79199813],792.0,0.10442811361679338,0.7116076880271394,1.0,1.0,0.0,1.0,1.0,1.0,-190500411.8258294,0.0,1.0,1.0,1.0,,,,,,,,0.0
99b01670-8bb0-4cd0-b421-fc8559d4b235,LinearDiscriminantAnalysis_NONE_BASE_LINE_VALUES,POSTPROCESSING,CalibratedEqOddsPostprocessing,NONE_BASE_LINE_VALUES,1.0,1.0,0.8146934955545156,1.0,1.0,1.0,3482.0,0.0,0.0,,0.0,0.0,,0.0,0.0,,0.0,0.0,,0.0,0.0,,0.0,0.0,0.0,1.0,1.0,1.0,0.0,0.0,0.0,0.0,792.0,792.0,3482.0,792.0,3482.0,1.0,0.0,0.0,0.0,0.0,0.0,0.0,0.0,0.0,0.0,0.0,1.1312189644370327,0.0,0.0,0.0,0.10442811361679338,0.0,1.0,1.0,0.0,0.8146934955545156,[0.79199813],792.0,0.10442811361679338,0.7116076880271394,1.0,1.0,0.0,1.0,1.0,1.0,-190500411.8258294,0.0,1.0,1.0,1.0,,,,,,,,0.0
99b01670-8bb0-4cd0-b421-fc8559d4b235,LogisticRegressionCV_NONE_BASE_LINE_VALUES,POSTPROCESSING,FairnessAwareMetaEstimator,NONE_BASE_LINE_VALUES,0.8191389798783341,0.9798966111430213,0.9627983153954142,0.9798966111430213,0.11237373737373738,0.8291616038882138,3482.0,0.18086102012166594,-0.1021644182598841,0.4874215003637335,0.17083839611178614,-0.09034030244792576,0.5188084208784846,0.020103388856978748,-0.025116612845353426,0.0,0.44025157232704404,-0.445859872611465,0.0,0.8876262626262627,0.09570429570429573,1.1089626933575978,0.06028396775915461,0.020103388856978748,0.8876262626262627,0.11237373737373738,0.9798966111430213,0.559748427672956,70.0,703.0,70.0,703.0,89.0,159.0,4115.0,89.0,3412.0,0.8291616038882138,0.060410454274824554,0.060410454274824554,0.0208378113282615,0.00021710719047611163,0.00021967162212811894,0.0208378113282615,0.00021710719047611163,0.00021967162212811894,0.34722893819252626,1.9204310637543152,1.044223456245111,0.02511661284535338,0.09570429570429573,-0.1777597850817696,0.04224085126781729,0.060494478629067885,0.11237373737373738,0.9798966111430213,0.02511661284535338,0.8146934955545156,[0.79199813],792.0,0.10442811361679338,0.7116076880271394,0.8982493089377386,0.1894330070336549,0.18086102012166594,0.5461351742583793,0.5461351742583793,0.5131429002859702,-9889711.219739415,0.0705876828589423,0.9748833871546466,0.9372982624819723,0.9495004372171905,,,,,,,,0.025116612845353426
99b01670-8bb0-4cd0-b421-fc8559d4b235,LogisticRegressionCV_NONE_BASE_LINE_VALUES,POSTPROCESSING,RejectOptionClassification,NONE_BASE_LINE_VALUES,1.0,1.0,0.8146934955545156,1.0,1.0,1.0,3482.0,0.0,0.0,,0.0,0.0,,0.0,0.0,,0.0,0.0,,0.0,0.0,,0.0,0.0,0.0,1.0,1.0,1.0,0.0,0.0,0.0,0.0,792.0,792.0,3482.0,792.0,3482.0,1.0,0.0,0.0,0.0,0.0,0.0,0.0,0.0,0.0,0.0,0.0,1.1312189644370327,0.0,0.0,0.0,0.10442811361679338,0.0,1.0,1.0,0.0,0.8146934955545156,[0.79199813],792.0,0.10442811361679338,0.7116076880271394,1.0,1.0,0.0,1.0,1.0,1.0,-190500411.8258294,0.0,1.0,1.0,1.0,,,,,,,,0.0
99b01670-8bb0-4cd0-b421-fc8559d4b235,LogisticRegressionCV_NONE_BASE_LINE_VALUES,POSTPROCESSING,EqOddsPostprocessing,NONE_BASE_LINE_VALUES,1.0,1.0,0.8146934955545156,1.0,1.0,1.0,3482.0,0.0,0.0,,0.0,0.0,,0.0,0.0,,0.0,0.0,,0.0,0.0,,0.0,0.0,0.0,1.0,1.0,1.0,0.0,0.0,0.0,0.0,792.0,792.0,3482.0,792.0,3482.0,1.0,0.0,0.0,0.0,0.0,0.0,0.0,0.0,0.0,0.0,0.0,1.1312189644370327,0.0,0.0,0.0,0.10442811361679338,0.0,1.0,1.0,0.0,0.8146934955545156,[0.79199813],792.0,0.10442811361679338,0.7116076880271394,1.0,1.0,0.0,1.0,1.0,1.0,-190500411.8258294,0.0,1.0,1.0,1.0,,,,,,,,0.0
99b01670-8bb0-4cd0-b421-fc8559d4b235,LogisticRegressionCV_NONE_BASE_LINE_VALUES,POSTPROCESSING,CalibratedEqOddsPostprocessing,NONE_BASE_LINE_VALUES,1.0,1.0,0.8146934955545156,1.0,1.0,1.0,3482.0,0.0,0.0,,0.0,0.0,,0.0,0.0,,0.0,0.0,,0.0,0.0,,0.0,0.0,0.0,1.0,1.0,1.0,0.0,0.0,0.0,0.0,792.0,792.0,3482.0,792.0,3482.0,1.0,0.0,0.0,0.0,0.0,0.0,0.0,0.0,0.0,0.0,0.0,1.1312189644370327,0.0,0.0,0.0,0.10442811361679338,0.0,1.0,1.0,0.0,0.8146934955545156,[0.79199813],792.0,0.10442811361679338,0.7116076880271394,1.0,1.0,0.0,1.0,1.0,1.0,-190500411.8258294,0.0,1.0,1.0,1.0,,,,,,,,0.0
99b01670-8bb0-4cd0-b421-fc8559d4b235,RidgeClassifierCV_HYPERPARAMETER_HYPERPARAMETER,POSTPROCESSING,FairnessAwareMetaEstimator,HYPERPARAMETER_HYPERPARAMETER,0.8219466541881142,0.9844916714531878,0.9674777725783809,0.9844916714531878,0.10732323232323232,0.8290205562273277,3482.0,0.1780533458118858,-0.0955760290936637,0.5106619095233768,0.1709794437726723,-0.0900479377041877,0.5202667622626582,0.015508328546812177,-0.01578035741482164,0.15423353624792474,0.38848920863309355,0.11481481481481481,1.2980769230769231,0.8926767676767676,0.09010989010989012,1.1019439421338155,0.05820940676025445,0.015508328546812177,0.8926767676767676,0.10732323232323232,0.9844916714531878,0.6115107913669064,54.0,707.0,54.0,707.0,85.0,139.0,4135.0,85.0,3428.0,0.8290205562273277,0.05294512376235588,0.05294512376235588,0.023714268415001103,0.00028118326322935943,0.0002849757391922672,0.023714268415001103,0.00028118326322935943,0.0002849757391922672,0.34120201277323803,1.182190580906284,1.034705946623045,0.015780357414821644,0.09010989010989012,0.10243137625950127,0.033368053192402214,0.05674622066855033,0.10732323232323232,0.9844916714531878,0.015780357414821644,0.8146934955545156,[0.79199813],792.0,0.10442811361679338,0.7116076880271394,0.9000918996980438,0.2011152487750775,0.1780533458118858,0.5459074518882101,0.5459074518882101,0.5170043142851964,-9847048.63769903,0.07432953269506848,0.9842196425851784,0.9404018928742883,0.9545677727719706,,,,,,,,0.01578035741482164
99b01670-8bb0-4cd0-b421-fc8559d4b235,RidgeClassifierCV_HYPERPARAMETER_HYPERPARAMETER,POSTPROCESSING,RejectOptionClassification,HYPERPARAMETER_HYPERPARAMETER,1.0,1.0,0.8146934955545156,1.0,1.0,1.0,3482.0,0.0,0.0,,0.0,0.0,,0.0,0.0,,0.0,0.0,,0.0,0.0,,0.0,0.0,0.0,1.0,1.0,1.0,0.0,0.0,0.0,0.0,792.0,792.0,3482.0,792.0,3482.0,1.0,0.0,0.0,0.0,0.0,0.0,0.0,0.0,0.0,0.0,0.0,1.1312189644370327,0.0,0.0,0.0,0.10442811361679338,0.0,1.0,1.0,0.0,0.8146934955545156,[0.79199813],792.0,0.10442811361679338,0.7116076880271394,1.0,1.0,0.0,1.0,1.0,1.0,-190500411.8258294,0.0,1.0,1.0,1.0,,,,,,,,0.0
99b01670-8bb0-4cd0-b421-fc8559d4b235,RidgeClassifierCV_HYPERPARAMETER_HYPERPARAMETER,POSTPROCESSING,EqOddsPostprocessing,HYPERPARAMETER_HYPERPARAMETER,1.0,1.0,0.8146934955545156,1.0,1.0,1.0,3482.0,0.0,0.0,,0.0,0.0,,0.0,0.0,,0.0,0.0,,0.0,0.0,,0.0,0.0,0.0,1.0,1.0,1.0,0.0,0.0,0.0,0.0,792.0,792.0,3482.0,792.0,3482.0,1.0,0.0,0.0,0.0,0.0,0.0,0.0,0.0,0.0,0.0,0.0,1.1312189644370327,0.0,0.0,0.0,0.10442811361679338,0.0,1.0,1.0,0.0,0.8146934955545156,[0.79199813],792.0,0.10442811361679338,0.7116076880271394,1.0,1.0,0.0,1.0,1.0,1.0,-190500411.8258294,0.0,1.0,1.0,1.0,,,,,,,,0.0
99b01670-8bb0-4cd0-b421-fc8559d4b235,RidgeClassifierCV_HYPERPARAMETER_HYPERPARAMETER,POSTPROCESSING,CalibratedEqOddsPostprocessing,HYPERPARAMETER_HYPERPARAMETER,1.0,1.0,0.8146934955545156,1.0,1.0,1.0,3482.0,0.0,0.0,,0.0,0.0,,0.0,0.0,,0.0,0.0,,0.0,0.0,,0.0,0.0,0.0,1.0,1.0,1.0,0.0,0.0,0.0,0.0,792.0,792.0,3482.0,792.0,3482.0,1.0,0.0,0.0,0.0,0.0,0.0,0.0,0.0,0.0,0.0,0.0,1.1312189644370327,0.0,0.0,0.0,0.10442811361679338,0.0,1.0,1.0,0.0,0.8146934955545156,[0.79199813],792.0,0.10442811361679338,0.7116076880271394,1.0,1.0,0.0,1.0,1.0,1.0,-190500411.8258294,0.0,1.0,1.0,1.0,,,,,,,,0.0
99b01670-8bb0-4cd0-b421-fc8559d4b235,RidgeClassifierCV_NONE_BASE_LINE_VALUES,POSTPROCESSING,FairnessAwareMetaEstimator,NONE_BASE_LINE_VALUES,0.8219466541881142,0.9844916714531878,0.9674777725783809,0.9844916714531878,0.10732323232323232,0.8290205562273277,3482.0,0.1780533458118858,-0.0955760290936637,0.5106619095233768,0.1709794437726723,-0.0900479377041877,0.5202667622626582,0.015508328546812177,-0.01578035741482164,0.15423353624792474,0.38848920863309355,0.11481481481481481,1.2980769230769231,0.8926767676767676,0.09010989010989012,1.1019439421338155,0.05820940676025445,0.015508328546812177,0.8926767676767676,0.10732323232323232,0.9844916714531878,0.6115107913669064,54.0,707.0,54.0,707.0,85.0,139.0,4135.0,85.0,3428.0,0.8290205562273277,0.05294512376235588,0.05294512376235588,0.023714268415001103,0.00028118326322935943,0.0002849757391922672,0.023714268415001103,0.00028118326322935943,0.0002849757391922672,0.34120201277323803,1.182190580906284,1.034705946623045,0.015780357414821644,0.09010989010989012,0.10243137625950127,0.033368053192402214,0.05674622066855033,0.10732323232323232,0.9844916714531878,0.015780357414821644,0.8146934955545156,[0.79199813],792.0,0.10442811361679338,0.7116076880271394,0.9000918996980438,0.2011152487750775,0.1780533458118858,0.5459074518882101,0.5459074518882101,0.5170043142851964,-9847048.63769903,0.07432953269506848,0.9842196425851784,0.9404018928742883,0.9545677727719706,,,,,,,,0.01578035741482164
99b01670-8bb0-4cd0-b421-fc8559d4b235,RidgeClassifierCV_NONE_BASE_LINE_VALUES,POSTPROCESSING,RejectOptionClassification,NONE_BASE_LINE_VALUES,1.0,1.0,0.8146934955545156,1.0,1.0,1.0,3482.0,0.0,0.0,,0.0,0.0,,0.0,0.0,,0.0,0.0,,0.0,0.0,,0.0,0.0,0.0,1.0,1.0,1.0,0.0,0.0,0.0,0.0,792.0,792.0,3482.0,792.0,3482.0,1.0,0.0,0.0,0.0,0.0,0.0,0.0,0.0,0.0,0.0,0.0,1.1312189644370327,0.0,0.0,0.0,0.10442811361679338,0.0,1.0,1.0,0.0,0.8146934955545156,[0.79199813],792.0,0.10442811361679338,0.7116076880271394,1.0,1.0,0.0,1.0,1.0,1.0,-190500411.8258294,0.0,1.0,1.0,1.0,,,,,,,,0.0
99b01670-8bb0-4cd0-b421-fc8559d4b235,RidgeClassifierCV_NONE_BASE_LINE_VALUES,POSTPROCESSING,EqOddsPostprocessing,NONE_BASE_LINE_VALUES,1.0,1.0,0.8146934955545156,1.0,1.0,1.0,3482.0,0.0,0.0,,0.0,0.0,,0.0,0.0,,0.0,0.0,,0.0,0.0,,0.0,0.0,0.0,1.0,1.0,1.0,0.0,0.0,0.0,0.0,792.0,792.0,3482.0,792.0,3482.0,1.0,0.0,0.0,0.0,0.0,0.0,0.0,0.0,0.0,0.0,0.0,1.1312189644370327,0.0,0.0,0.0,0.10442811361679338,0.0,1.0,1.0,0.0,0.8146934955545156,[0.79199813],792.0,0.10442811361679338,0.7116076880271394,1.0,1.0,0.0,1.0,1.0,1.0,-190500411.8258294,0.0,1.0,1.0,1.0,,,,,,,,0.0
99b01670-8bb0-4cd0-b421-fc8559d4b235,RidgeClassifierCV_NONE_BASE_LINE_VALUES,POSTPROCESSING,CalibratedEqOddsPostprocessing,NONE_BASE_LINE_VALUES,1.0,1.0,0.8146934955545156,1.0,1.0,1.0,3482.0,0.0,0.0,,0.0,0.0,,0.0,0.0,,0.0,0.0,,0.0,0.0,,0.0,0.0,0.0,1.0,1.0,1.0,0.0,0.0,0.0,0.0,792.0,792.0,3482.0,792.0,3482.0,1.0,0.0,0.0,0.0,0.0,0.0,0.0,0.0,0.0,0.0,0.0,1.1312189644370327,0.0,0.0,0.0,0.10442811361679338,0.0,1.0,1.0,0.0,0.8146934955545156,[0.79199813],792.0,0.10442811361679338,0.7116076880271394,1.0,1.0,0.0,1.0,1.0,1.0,-190500411.8258294,0.0,1.0,1.0,1.0,,,,,,,,0.0
99b01670-8bb0-4cd0-b421-fc8559d4b235,XGBClassifier_HYPERPARAMETER_HYPERPARAMETER,POSTPROCESSING,FairnessAwareMetaEstimator,HYPERPARAMETER_HYPERPARAMETER,0.8291998128217127,0.9540493968983343,0.9106223678053346,0.9540493968983343,0.2803030303030303,0.8535457348406988,3482.0,0.17080018717828727,-0.08040039296567758,0.5661599750912127,0.14645426515930113,-0.06520455404383978,0.5902174719809989,0.04595060310166571,-0.03943282403140996,0.2673381294964029,0.418848167539267,0.2151639344262295,1.525,0.7196969696969697,0.22417582417582416,1.3212138562839966,0.06727300306802368,0.04595060310166571,0.7196969696969697,0.2803030303030303,0.9540493968983343,0.581151832460733,160.0,570.0,160.0,570.0,222.0,382.0,3892.0,222.0,3322.0,0.8535457348406988,0.13180432410361703,0.13180432410361703,0.007245982608370558,2.6252131980404292e-05,2.6358280697382917e-05,0.007245982608370558,2.6252131980404292e-05,2.6358280697382917e-05,0.36680513373731205,0.8779344777829696,1.0935649518874908,0.03943282403140991,0.22417582417582416,0.14018424423503462,0.08378631899462341,0.07709706765984899,0.2803030303030303,0.9540493968983343,0.03943282403140991,0.8146934955545156,[0.79199813],792.0,0.10442811361679338,0.7116076880271394,0.9010035259018172,0.3191746073791258,0.17080018717828727,0.6171762136006823,0.6171762136006823,0.5358297199142148,-11449764.672185833,0.1847430001444142,0.9605671759685902,0.9267680290138095,0.9377669905706204,,,,,,,,0.03943282403140996
99b01670-8bb0-4cd0-b421-fc8559d4b235,XGBClassifier_HYPERPARAMETER_HYPERPARAMETER,POSTPROCESSING,RejectOptionClassification,HYPERPARAMETER_HYPERPARAMETER,1.0,1.0,0.8146934955545156,1.0,1.0,1.0,3482.0,0.0,0.0,,0.0,0.0,,0.0,0.0,,0.0,0.0,,0.0,0.0,,0.0,0.0,0.0,1.0,1.0,1.0,0.0,0.0,0.0,0.0,792.0,792.0,3482.0,792.0,3482.0,1.0,0.0,0.0,0.0,0.0,0.0,0.0,0.0,0.0,0.0,0.0,1.1312189644370327,0.0,0.0,0.0,0.10442811361679338,0.0,1.0,1.0,0.0,0.8146934955545156,[0.79199813],792.0,0.10442811361679338,0.7116076880271394,1.0,1.0,0.0,1.0,1.0,1.0,-190500411.8258294,0.0,1.0,1.0,1.0,,,,,,,,0.0
99b01670-8bb0-4cd0-b421-fc8559d4b235,XGBClassifier_HYPERPARAMETER_HYPERPARAMETER,POSTPROCESSING,EqOddsPostprocessing,HYPERPARAMETER_HYPERPARAMETER,1.0,1.0,0.8146934955545156,1.0,1.0,1.0,3482.0,0.0,0.0,,0.0,0.0,,0.0,0.0,,0.0,0.0,,0.0,0.0,,0.0,0.0,0.0,1.0,1.0,1.0,0.0,0.0,0.0,0.0,792.0,792.0,3482.0,792.0,3482.0,1.0,0.0,0.0,0.0,0.0,0.0,0.0,0.0,0.0,0.0,0.0,1.1312189644370327,0.0,0.0,0.0,0.10442811361679338,0.0,1.0,1.0,0.0,0.8146934955545156,[0.79199813],792.0,0.10442811361679338,0.7116076880271394,1.0,1.0,0.0,1.0,1.0,1.0,-190500411.8258294,0.0,1.0,1.0,1.0,,,,,,,,0.0
99b01670-8bb0-4cd0-b421-fc8559d4b235,XGBClassifier_HYPERPARAMETER_HYPERPARAMETER,POSTPROCESSING,CalibratedEqOddsPostprocessing,HYPERPARAMETER_HYPERPARAMETER,1.0,1.0,0.8146934955545156,1.0,1.0,1.0,3482.0,0.0,0.0,,0.0,0.0,,0.0,0.0,,0.0,0.0,,0.0,0.0,,0.0,0.0,0.0,1.0,1.0,1.0,0.0,0.0,0.0,0.0,792.0,792.0,3482.0,792.0,3482.0,1.0,0.0,0.0,0.0,0.0,0.0,0.0,0.0,0.0,0.0,0.0,1.1312189644370327,0.0,0.0,0.0,0.10442811361679338,0.0,1.0,1.0,0.0,0.8146934955545156,[0.79199813],792.0,0.10442811361679338,0.7116076880271394,1.0,1.0,0.0,1.0,1.0,1.0,-190500411.8258294,0.0,1.0,1.0,1.0,,,,,,,,0.0
