index,classifier,ENC_HOMICIDIO,ENC_HURTO,ENC_FATRAPORTE_ARMAS_MUNICIONES,ENC_TRAFAPORTE_ESTUPEFACIENTES,ENC_CONCIERTO_DELINQUIR,ENC_FATRAPORTE_ARMAS_ACCESORIOS_MUNICIONES,ENC_ACTOS_SEXUALES_MENOR_14,ENC_ACC_CARNAL_14,ENC_ANNO_INGRESO,ENC_INTRAMUROS,ENC_MESES_CONDENA,ENC_RANGOS_EDAD_INPEC,ENC_GENERO,ENC_NIVEL_EDUCATIVO,ENC_REGIONAL_CENTRAL,ENC_REGIONAL_OCCIDENTE,ENC_REGIONAL_NOROESTE,ENC_REGIONAL_NORTE,ENC_REGIONAL_ORIENTE,ENC_REGIONAL_VIEJO_CALDAS
1002,GaussianNB_BASE_LINE_VALUES,,,,,,,1.0,1.0,2013.0,,720.0,10.0,0.0,,,,,,,
1034,GaussianNB_BASE_LINE_VALUES,,0.0,,,,1.0,1.0,1.0,2013.0,,720.0,9.0,0.0,,,,,,,
2195,GaussianNB_BASE_LINE_VALUES,,,,,,,,,,,,,,,,,,,,
4576,GaussianNB_BASE_LINE_VALUES,,,,,,,,,2019.0,,,,,,,,,,,
1598,GaussianNB_BASE_LINE_VALUES,1.0,,,,,1.0,1.0,1.0,2016.0,,720.0,7.0,0.0,1.0,,,1.0,,,
1114,GaussianNB_BASE_LINE_VALUES,,,,,,1.0,1.0,1.0,2014.0,,720.0,8.0,0.0,,,,,,,
4669,GaussianNB_BASE_LINE_VALUES,1.0,,,,,1.0,1.0,1.0,2016.0,,202.0,8.0,0.0,1.0,,1.0,1.0,,,
3846,GaussianNB_BASE_LINE_VALUES,,,,,,,1.0,1.0,2014.0,,720.0,9.0,0.0,,,,,,,
4643,GaussianNB_BASE_LINE_VALUES,,,,,,0.0,,,2019.0,,,,,,,,,1.0,,
4700,GaussianNB_BASE_LINE_VALUES,1.0,,,,,1.0,1.0,1.0,2015.0,0.0,720.0,8.0,0.0,,,,,,,
2010,GaussianNB_BASE_LINE_VALUES,,,,,,1.0,1.0,1.0,2015.0,,720.0,8.0,0.0,,,,,,,
3168,GaussianNB_BASE_LINE_VALUES,,,,,,,1.0,1.0,2014.0,,720.0,9.0,0.0,,,,,,,
2440,GaussianNB_BASE_LINE_VALUES,,,,,,,1.0,1.0,2012.0,,720.0,9.0,0.0,,,,,,,
3906,GaussianNB_BASE_LINE_VALUES,,,,,,,1.0,1.0,2013.0,,720.0,10.0,0.0,,,,,,,
3410,GaussianNB_BASE_LINE_VALUES,,,,,,,,,2019.0,,67.0,,,,,,,,,
4898,GaussianNB_BASE_LINE_VALUES,,0.0,0.0,,,1.0,1.0,1.0,2016.0,0.0,720.0,7.0,0.0,1.0,,,1.0,,,0.0
1307,GaussianNB_BASE_LINE_VALUES,1.0,,,,,1.0,1.0,1.0,2016.0,0.0,202.0,7.0,0.0,,,1.0,,,,
2262,GaussianNB_BASE_LINE_VALUES,,,,,,1.0,1.0,1.0,2014.0,,720.0,9.0,0.0,,,,,,,
3061,GaussianNB_BASE_LINE_VALUES,0.0,,1.0,,,,,,2019.0,,67.0,,,,,,,1.0,,1.0
1605,GaussianNB_BASE_LINE_VALUES,,,,,,1.0,1.0,1.0,2014.0,,720.0,8.0,0.0,,,,,,,
4412,GaussianNB_BASE_LINE_VALUES,,1.0,,,,0.0,,,,,,,,,,,,,,
4106,GaussianNB_BASE_LINE_VALUES,1.0,,,,,1.0,1.0,1.0,2016.0,,720.0,7.0,0.0,,,,1.0,,,
3541,GaussianNB_BASE_LINE_VALUES,1.0,0.0,,,,1.0,1.0,1.0,2012.0,,720.0,7.0,0.0,,,,,0.0,,
785,GaussianNB_BASE_LINE_VALUES,1.0,,,,,1.0,1.0,1.0,2015.0,,720.0,7.0,0.0,,,,,,,
1085,GaussianNB_BASE_LINE_VALUES,,,,,,,,,,,,,,,,,,,,
371,GaussianNB_BASE_LINE_VALUES,1.0,,,,,1.0,1.0,1.0,2016.0,,202.0,1.0,0.0,1.0,,1.0,,,,
2120,GaussianNB_BASE_LINE_VALUES,,1.0,,,,,,,,,67.0,,,,,,,,,
4121,GaussianNB_BASE_LINE_VALUES,1.0,,,,,1.0,1.0,1.0,2015.0,,202.0,7.0,0.0,,,,1.0,0.0,,
1828,GaussianNB_BASE_LINE_VALUES,1.0,,,,,1.0,1.0,1.0,2015.0,0.0,720.0,8.0,0.0,,,,,,,
183,GaussianNB_BASE_LINE_VALUES,,1.0,1.0,,,0.0,,,,1.0,,3.0,,,,,,,,1.0
3201,GaussianNB_BASE_LINE_VALUES,,,,,,,1.0,1.0,2012.0,,720.0,,0.0,,,,,,,
1001,GaussianNB_BASE_LINE_VALUES,,,,,,,1.0,1.0,2013.0,,720.0,10.0,0.0,,,,,,,
259,GaussianNB_BASE_LINE_VALUES,,,,,,1.0,1.0,1.0,2014.0,,720.0,8.0,0.0,,,,,,,
2426,GaussianNB_BASE_LINE_VALUES,,,,,,,1.0,1.0,2012.0,,720.0,,0.0,,,,,,,
3663,GaussianNB_BASE_LINE_VALUES,,,,,,,1.0,1.0,2012.0,,720.0,10.0,0.0,,,,,,,
501,GaussianNB_BASE_LINE_VALUES,,,0.0,,,1.0,1.0,1.0,2015.0,0.0,720.0,8.0,0.0,,,,,,,
288,GaussianNB_BASE_LINE_VALUES,,,,,,1.0,1.0,1.0,2014.0,,720.0,8.0,0.0,,,,,,,
3682,GaussianNB_BASE_LINE_VALUES,,,,,,1.0,1.0,1.0,2014.0,,720.0,8.0,0.0,,,,,,,
1879,GaussianNB_BASE_LINE_VALUES,,,,,,,1.0,1.0,2013.0,,720.0,10.0,0.0,,,,,,,
3794,GaussianNB_BASE_LINE_VALUES,,,,,,1.0,1.0,1.0,2015.0,,720.0,8.0,0.0,,,,,,,
3617,GaussianNB_BASE_LINE_VALUES,,,,,,,1.0,1.0,2014.0,,720.0,9.0,0.0,,,,,,,
4244,GaussianNB_BASE_LINE_VALUES,1.0,,,,,1.0,1.0,1.0,2015.0,,202.0,7.0,0.0,1.0,,,1.0,,,
1784,GaussianNB_BASE_LINE_VALUES,,,,,,1.0,1.0,1.0,2015.0,,720.0,9.0,0.0,,,,,,,
2712,GaussianNB_BASE_LINE_VALUES,,,,,,1.0,1.0,1.0,2014.0,,720.0,9.0,0.0,,,,,,,
825,GaussianNB_BASE_LINE_VALUES,,,,,,,,,,,,,,,,,,,,
4910,GaussianNB_BASE_LINE_VALUES,,,,,,1.0,1.0,1.0,2015.0,,720.0,8.0,0.0,,,,,,,
2006,GaussianNB_BASE_LINE_VALUES,1.0,,,,,1.0,1.0,1.0,2015.0,,720.0,7.0,0.0,,,,,,,
2915,GaussianNB_BASE_LINE_VALUES,,,,,,1.0,1.0,1.0,2014.0,,720.0,9.0,0.0,,,,,,,
4681,GaussianNB_BASE_LINE_VALUES,,,,,,1.0,1.0,1.0,2015.0,,720.0,8.0,0.0,,,,,,,
3921,GaussianNB_BASE_LINE_VALUES,,,,,,,,,,,,,1.0,,,,,,,
3851,GaussianNB_BASE_LINE_VALUES,,,,,,,1.0,1.0,2013.0,,720.0,10.0,0.0,,,,,,,
2365,GaussianNB_BASE_LINE_VALUES,1.0,,,,,1.0,1.0,1.0,2016.0,0.0,720.0,8.0,0.0,1.0,,,,,,
1437,GaussianNB_BASE_LINE_VALUES,,,,,,1.0,1.0,1.0,2014.0,,720.0,8.0,0.0,,,,,,,
4851,GaussianNB_BASE_LINE_VALUES,,,,,,,1.0,1.0,2013.0,,720.0,9.0,0.0,,,,,,,
3341,GaussianNB_BASE_LINE_VALUES,,0.0,,,,1.0,1.0,1.0,2014.0,,720.0,8.0,0.0,,,,,,,
1538,GaussianNB_BASE_LINE_VALUES,,,,,,,1.0,1.0,2011.0,,720.0,10.0,0.0,,,,,,,
4315,GaussianNB_BASE_LINE_VALUES,,,,,,1.0,1.0,1.0,2015.0,,720.0,8.0,0.0,,,,,,,
4312,GaussianNB_BASE_LINE_VALUES,1.0,,,,,1.0,1.0,1.0,2015.0,0.0,720.0,7.0,0.0,,,,,,,
3621,GaussianNB_BASE_LINE_VALUES,,,,,,,1.0,1.0,2013.0,,720.0,,0.0,,,,,,,
4040,GaussianNB_BASE_LINE_VALUES,,,,,,,1.0,1.0,2013.0,,720.0,,0.0,,,,,,,
4478,GaussianNB_BASE_LINE_VALUES,,,,,,,1.0,1.0,2013.0,,720.0,10.0,0.0,,,,,,,
2948,GaussianNB_BASE_LINE_VALUES,,,,,,,1.0,1.0,2012.0,,720.0,10.0,0.0,,,,,,,
1375,GaussianNB_BASE_LINE_VALUES,,,,,,,1.0,1.0,2013.0,,720.0,10.0,0.0,,,,,,,
4762,GaussianNB_BASE_LINE_VALUES,,1.0,,,,,,,,,,,,,,,,,,
496,GaussianNB_BASE_LINE_VALUES,,0.0,,,,1.0,1.0,1.0,2015.0,,720.0,8.0,0.0,,,,,,,
2366,GaussianNB_BASE_LINE_VALUES,,,,,,1.0,1.0,1.0,2015.0,,720.0,8.0,0.0,,,,,,,
1013,GaussianNB_BASE_LINE_VALUES,,,,,,,1.0,1.0,2014.0,,720.0,9.0,0.0,,,,,,,
4936,GaussianNB_BASE_LINE_VALUES,,,,,,,1.0,1.0,2013.0,,720.0,9.0,0.0,,,,,,,
546,GaussianNB_BASE_LINE_VALUES,,,,,,,1.0,1.0,2013.0,,720.0,9.0,0.0,,,,,,,
3199,GaussianNB_BASE_LINE_VALUES,,,,,,1.0,1.0,1.0,2015.0,,720.0,9.0,0.0,,,,,,,
4879,GaussianNB_BASE_LINE_VALUES,,,,,,1.0,1.0,1.0,2015.0,,720.0,8.0,0.0,,,,,,,
3600,GaussianNB_BASE_LINE_VALUES,,0.0,,,,1.0,1.0,1.0,2015.0,,720.0,8.0,0.0,,,,,0.0,,
2227,GaussianNB_BASE_LINE_VALUES,,,,,,,1.0,1.0,2013.0,,720.0,10.0,0.0,,,,,,,
4876,GaussianNB_BASE_LINE_VALUES,,0.0,,,,1.0,1.0,1.0,2013.0,,720.0,9.0,0.0,,,,,,,
706,GaussianNB_BASE_LINE_VALUES,,,,,,,1.0,1.0,2013.0,,720.0,10.0,0.0,,,,,,,
4358,GaussianNB_BASE_LINE_VALUES,,,,,,,,,,,,,,,,,,,,
4438,GaussianNB_BASE_LINE_VALUES,,,,,,,1.0,1.0,2012.0,,720.0,,0.0,,,,,,,
1633,GaussianNB_BASE_LINE_VALUES,,,,,,,1.0,1.0,2014.0,,720.0,9.0,0.0,,,,,,,
1588,GaussianNB_BASE_LINE_VALUES,,,,,,1.0,1.0,1.0,2014.0,,720.0,8.0,0.0,,,,,,,
4815,GaussianNB_BASE_LINE_VALUES,,,,,,1.0,1.0,1.0,2015.0,,720.0,8.0,0.0,,,,,,,
2200,GaussianNB_BASE_LINE_VALUES,,,,,,1.0,1.0,1.0,2014.0,,720.0,9.0,0.0,,,,,,,
308,GaussianNB_BASE_LINE_VALUES,,,,,,,1.0,1.0,2013.0,,720.0,10.0,0.0,,,,,,,
1982,GaussianNB_BASE_LINE_VALUES,,,,,,1.0,1.0,1.0,2015.0,,720.0,7.0,0.0,,,,,,,
3058,GaussianNB_BASE_LINE_VALUES,,,,,,1.0,1.0,1.0,2014.0,,720.0,9.0,0.0,,,,,,,
2991,GaussianNB_BASE_LINE_VALUES,,,,,,1.0,1.0,1.0,2014.0,,720.0,8.0,0.0,,,,,,,
774,GaussianNB_BASE_LINE_VALUES,,,,,,,,,2019.0,,,,,,,,,,,
3447,GaussianNB_BASE_LINE_VALUES,1.0,,,,,1.0,1.0,1.0,2014.0,0.0,202.0,1.0,0.0,1.0,,1.0,1.0,,,
4471,GaussianNB_BASE_LINE_VALUES,,,,,,,1.0,1.0,2012.0,,720.0,,0.0,,,,,,,
3814,GaussianNB_BASE_LINE_VALUES,,,,,,,1.0,1.0,2014.0,,720.0,9.0,0.0,,,,,,,
4489,GaussianNB_BASE_LINE_VALUES,,,,,,,,,,,,,1.0,,,,,,,
4772,GaussianNB_BASE_LINE_VALUES,,,,,,,1.0,1.0,2012.0,,720.0,,0.0,,,,,,,
1692,GaussianNB_BASE_LINE_VALUES,1.0,,,,,1.0,1.0,1.0,2015.0,0.0,720.0,8.0,0.0,,,,,,,
1343,GaussianNB_BASE_LINE_VALUES,,,,,,,1.0,1.0,2012.0,,720.0,,0.0,,,,,,,
1649,GaussianNB_BASE_LINE_VALUES,,,,,,,1.0,1.0,2012.0,,720.0,10.0,0.0,,,,,,,
1706,GaussianNB_BASE_LINE_VALUES,1.0,,,,,1.0,1.0,1.0,2015.0,0.0,720.0,8.0,0.0,,,,,,,
2993,GaussianNB_BASE_LINE_VALUES,,,,,,,,,,,67.0,,,,,,,,,
3908,GaussianNB_BASE_LINE_VALUES,,,,,,,1.0,1.0,2013.0,,720.0,10.0,0.0,,,,,,,
1404,GaussianNB_BASE_LINE_VALUES,,1.0,,,,0.0,,,,,,,,,,,,1.0,,
4591,GaussianNB_BASE_LINE_VALUES,,,,,,1.0,1.0,1.0,2014.0,,720.0,9.0,0.0,,,,,,,
100,GaussianNB_BASE_LINE_VALUES,1.0,0.0,,,,1.0,1.0,1.0,2013.0,,720.0,7.0,0.0,,,,,,,
690,GaussianNB_BASE_LINE_VALUES,,,,,,,1.0,1.0,2012.0,,720.0,,0.0,,,,,,,
3018,GaussianNB_BASE_LINE_VALUES,,,,,,1.0,1.0,1.0,2015.0,,720.0,8.0,0.0,,,,,,,
348,GaussianNB_BASE_LINE_VALUES,1.0,0.0,0.0,,,,1.0,1.0,2016.0,0.0,720.0,7.0,0.0,,,,1.0,0.0,,
967,GaussianNB_BASE_LINE_VALUES,,0.0,0.0,,,1.0,1.0,1.0,2013.0,0.0,720.0,7.0,0.0,1.0,,,1.0,,,0.0
1887,GaussianNB_BASE_LINE_VALUES,1.0,,,,,1.0,1.0,1.0,2016.0,,720.0,7.0,0.0,,,,,,,
3187,GaussianNB_BASE_LINE_VALUES,,,,,,1.0,1.0,1.0,2015.0,,720.0,8.0,0.0,,,,,,,
2124,GaussianNB_BASE_LINE_VALUES,,,,,,,1.0,1.0,2013.0,,720.0,,0.0,,,,,,,
4127,GaussianNB_BASE_LINE_VALUES,,,,,,,1.0,1.0,2014.0,,720.0,9.0,0.0,,,,,,,
4871,GaussianNB_BASE_LINE_VALUES,,0.0,,,,1.0,1.0,1.0,2014.0,,720.0,9.0,0.0,,,,,,,
2283,GaussianNB_BASE_LINE_VALUES,,0.0,,,,1.0,1.0,1.0,2014.0,,720.0,9.0,0.0,,,,,,,
1411,GaussianNB_BASE_LINE_VALUES,,,,,,,,,,,,,1.0,,,,,,,
2819,GaussianNB_BASE_LINE_VALUES,,,,,,,,,,,,,,,,,,,,
4219,GaussianNB_BASE_LINE_VALUES,,,,,,1.0,1.0,1.0,2014.0,,720.0,8.0,0.0,,,,,,,
3176,GaussianNB_BASE_LINE_VALUES,,,,,,,,,,,,,,,,,,,,
4498,GaussianNB_BASE_LINE_VALUES,,,,,,1.0,1.0,1.0,2014.0,,720.0,9.0,0.0,,,,,,,
3790,GaussianNB_BASE_LINE_VALUES,,,,,,,,,,,,,1.0,,,,,,,
4269,GaussianNB_BASE_LINE_VALUES,,,,,,,1.0,1.0,2013.0,,720.0,9.0,0.0,,,,,,,
3746,GaussianNB_BASE_LINE_VALUES,,,,,,,1.0,1.0,2012.0,,720.0,10.0,0.0,,,,,,,
4066,GaussianNB_BASE_LINE_VALUES,,,,,,1.0,1.0,1.0,2014.0,,720.0,8.0,0.0,,,,,,,
3886,GaussianNB_BASE_LINE_VALUES,,,,,,1.0,1.0,1.0,2015.0,,720.0,8.0,0.0,,,,,,,
2881,GaussianNB_BASE_LINE_VALUES,,,,,,,1.0,1.0,2012.0,,720.0,10.0,0.0,,,,,,,
3929,GaussianNB_BASE_LINE_VALUES,,,,,,,1.0,1.0,2014.0,,720.0,9.0,0.0,,,,,,,
1170,GaussianNB_BASE_LINE_VALUES,,,,,,,1.0,1.0,2013.0,,720.0,10.0,0.0,,,,,,,
1503,GaussianNB_BASE_LINE_VALUES,,,,,,,1.0,1.0,2013.0,,720.0,9.0,0.0,,,,,,,
2028,GaussianNB_BASE_LINE_VALUES,,,,,,1.0,1.0,1.0,2014.0,,720.0,8.0,0.0,,,,,,,
1409,GaussianNB_BASE_LINE_VALUES,,,,,,,1.0,1.0,2013.0,,720.0,9.0,0.0,,,,,,,
1509,GaussianNB_BASE_LINE_VALUES,,,,,,,1.0,1.0,2012.0,,720.0,,0.0,,,,,,,
2150,GaussianNB_BASE_LINE_VALUES,,,,,,,0.0,,,,,,,,,,,,,
3594,GaussianNB_BASE_LINE_VALUES,,,,,,,,,2019.0,,,,,,,,,,,
2094,GaussianNB_BASE_LINE_VALUES,,,,,,,,,,,,2.0,,,,,,,,
2587,GaussianNB_BASE_LINE_VALUES,1.0,,0.0,,,1.0,1.0,1.0,2015.0,,720.0,7.0,0.0,,,,,,,
332,GaussianNB_BASE_LINE_VALUES,0.0,1.0,,,,,,,2019.0,,67.0,,,,,,,1.0,,
506,GaussianNB_BASE_LINE_VALUES,,,,,,1.0,1.0,1.0,2013.0,,720.0,9.0,0.0,,,,,,,
4455,GaussianNB_BASE_LINE_VALUES,1.0,,0.0,,,1.0,1.0,1.0,2016.0,,202.0,8.0,0.0,,,,,,,
4393,GaussianNB_BASE_LINE_VALUES,,,,,,1.0,1.0,1.0,2014.0,,720.0,9.0,0.0,,,,,,,
1738,GaussianNB_BASE_LINE_VALUES,1.0,,,,,1.0,1.0,1.0,2016.0,,202.0,7.0,0.0,1.0,,1.0,1.0,,,
1819,GaussianNB_BASE_LINE_VALUES,,,,,,,1.0,1.0,2011.0,,720.0,,0.0,,,,,,,
1912,GaussianNB_BASE_LINE_VALUES,0.0,1.0,,,,,,,2019.0,,,,,,,,,1.0,,
1553,GaussianNB_BASE_LINE_VALUES,,,,,,,1.0,1.0,2012.0,,720.0,,0.0,,,,,,,
4612,GaussianNB_BASE_LINE_VALUES,1.0,,,,,1.0,1.0,1.0,2016.0,,202.0,1.0,0.0,1.0,,1.0,,,,
3691,GaussianNB_BASE_LINE_VALUES,,,,,,1.0,1.0,1.0,2014.0,,720.0,8.0,0.0,,,,,,,
3282,GaussianNB_BASE_LINE_VALUES,1.0,,,,,1.0,1.0,1.0,2015.0,0.0,202.0,7.0,0.0,1.0,,1.0,,,,
3939,GaussianNB_BASE_LINE_VALUES,,,,,,1.0,1.0,1.0,2014.0,,720.0,9.0,0.0,,,,,,,
1265,GaussianNB_BASE_LINE_VALUES,,,,,,,1.0,1.0,2014.0,,720.0,10.0,0.0,,,,,,,
2077,GaussianNB_BASE_LINE_VALUES,,1.0,1.0,,,,,,2019.0,,,,,,,,,1.0,,1.0
1646,GaussianNB_BASE_LINE_VALUES,0.0,1.0,1.0,,,,,,,1.0,,,,,,,,1.0,,
2420,GaussianNB_BASE_LINE_VALUES,,,,,,,1.0,1.0,2013.0,,720.0,10.0,0.0,,,,,,,
2502,GaussianNB_BASE_LINE_VALUES,,,,,,,1.0,1.0,2013.0,,720.0,9.0,0.0,,,,,,,
2726,GaussianNB_BASE_LINE_VALUES,,,0.0,,,1.0,1.0,1.0,2015.0,0.0,720.0,8.0,0.0,,,,,,,
2643,GaussianNB_BASE_LINE_VALUES,,,,,,,1.0,1.0,2013.0,,720.0,10.0,0.0,,,,,,,
3468,GaussianNB_BASE_LINE_VALUES,,,,,,,1.0,1.0,2013.0,,720.0,9.0,0.0,,,,,,,
654,GaussianNB_BASE_LINE_VALUES,,1.0,,,,,,,2019.0,,,,,,,,,,,
1939,GaussianNB_BASE_LINE_VALUES,,1.0,,,,,,,2019.0,,,,,,,,,,,
3509,GaussianNB_BASE_LINE_VALUES,,,,,,,1.0,1.0,2014.0,,720.0,9.0,0.0,,,,,,,
1475,GaussianNB_BASE_LINE_VALUES,1.0,,,,,1.0,1.0,1.0,2016.0,0.0,202.0,1.0,0.0,,,,1.0,,,
1023,GaussianNB_BASE_LINE_VALUES,,,,,,1.0,1.0,1.0,2014.0,,720.0,9.0,0.0,,,,,,,
1026,GaussianNB_BASE_LINE_VALUES,,,,,,,1.0,1.0,2012.0,,720.0,10.0,0.0,,,,,,,
3497,GaussianNB_BASE_LINE_VALUES,,,,,,1.0,1.0,1.0,2016.0,,720.0,7.0,0.0,1.0,,,1.0,,,
719,GaussianNB_BASE_LINE_VALUES,,,,,,1.0,1.0,1.0,2015.0,,720.0,8.0,0.0,,,,,,,
1932,GaussianNB_BASE_LINE_VALUES,,,,,,,1.0,1.0,2014.0,,720.0,10.0,0.0,,,,,,,
1924,GaussianNB_BASE_LINE_VALUES,,,,,,,1.0,1.0,2013.0,,720.0,9.0,0.0,,,,,,,
3301,GaussianNB_BASE_LINE_VALUES,,,,,,,1.0,1.0,2012.0,,720.0,,0.0,,,,,,,
4400,GaussianNB_BASE_LINE_VALUES,1.0,,,,,1.0,1.0,1.0,2016.0,0.0,202.0,7.0,0.0,1.0,,1.0,,,,
3232,GaussianNB_BASE_LINE_VALUES,,,,,,1.0,1.0,1.0,2014.0,,720.0,8.0,0.0,,,,,,,
4672,GaussianNB_BASE_LINE_VALUES,,,,,,,,,,,,,1.0,,,,,,,
492,GaussianNB_BASE_LINE_VALUES,,0.0,,,,,1.0,1.0,2014.0,,720.0,9.0,0.0,,,,,,,
4405,GaussianNB_BASE_LINE_VALUES,,,,,,1.0,1.0,1.0,2017.0,0.0,202.0,1.0,0.0,1.0,,1.0,,,,
2466,GaussianNB_BASE_LINE_VALUES,,0.0,,,,1.0,1.0,1.0,2014.0,,720.0,9.0,0.0,,,,,,,
850,GaussianNB_BASE_LINE_VALUES,,,,,,1.0,1.0,1.0,2015.0,,720.0,8.0,0.0,,,,,,,
4360,GaussianNB_BASE_LINE_VALUES,1.0,,0.0,,,1.0,1.0,1.0,2016.0,,720.0,7.0,0.0,1.0,,,,,,
3625,GaussianNB_BASE_LINE_VALUES,,,,,,1.0,1.0,1.0,2015.0,,720.0,8.0,0.0,,,,,,,
2660,GaussianNB_BASE_LINE_VALUES,,,,,,,1.0,1.0,2013.0,,720.0,10.0,0.0,,,,,,,
1064,GaussianNB_BASE_LINE_VALUES,,,,,,,1.0,1.0,2012.0,,720.0,10.0,0.0,,,,,,,
4557,GaussianNB_BASE_LINE_VALUES,,,,,,,1.0,1.0,2013.0,,720.0,10.0,0.0,,,,,,,
574,GaussianNB_BASE_LINE_VALUES,,,,,,,1.0,1.0,2013.0,,720.0,9.0,0.0,,,,,,,
4537,GaussianNB_BASE_LINE_VALUES,0.0,1.0,,,,,,,,1.0,67.0,2.0,,3.0,,,,,,1.0
20,GaussianNB_BASE_LINE_VALUES,,,,,,,,,,,67.0,,,,,,,,,
4633,GaussianNB_BASE_LINE_VALUES,,,,,,,1.0,1.0,2012.0,,720.0,,0.0,,,,,,,
3458,GaussianNB_BASE_LINE_VALUES,,,,,,,,,,,,,1.0,,,,,,,
2789,GaussianNB_BASE_LINE_VALUES,,,,,,,1.0,1.0,2013.0,,720.0,10.0,0.0,,,,,,,
376,GaussianNB_BASE_LINE_VALUES,1.0,,,,,1.0,1.0,1.0,2016.0,0.0,720.0,8.0,0.0,1.0,,,,,,
2606,GaussianNB_BASE_LINE_VALUES,,,,,,,1.0,1.0,2014.0,,720.0,9.0,0.0,,,,,,,
3568,GaussianNB_BASE_LINE_VALUES,,,,,,,,,,,67.0,,,,,,,,,
4580,GaussianNB_BASE_LINE_VALUES,,,,,,,1.0,1.0,2013.0,,720.0,10.0,0.0,,,,,,,
2229,GaussianNB_BASE_LINE_VALUES,,,,,,,,,,,,,,,,,,,,
466,GaussianNB_BASE_LINE_VALUES,,,,,,1.0,1.0,1.0,2014.0,,720.0,9.0,0.0,,,,,,,
4,GaussianNB_BASE_LINE_VALUES,1.0,,,,,1.0,1.0,1.0,2016.0,0.0,720.0,8.0,0.0,,,,1.0,,,
4213,GaussianNB_BASE_LINE_VALUES,1.0,,,,,1.0,1.0,1.0,2015.0,,720.0,8.0,0.0,,,,,,,
3513,GaussianNB_BASE_LINE_VALUES,,,,,,,1.0,1.0,2012.0,,720.0,9.0,0.0,,,,,,,
3104,GaussianNB_BASE_LINE_VALUES,,0.0,,,,1.0,1.0,1.0,2014.0,,720.0,7.0,0.0,,,,,,,
2624,GaussianNB_BASE_LINE_VALUES,1.0,,,,,1.0,1.0,1.0,2017.0,,202.0,1.0,0.0,1.0,,1.0,,,,
2896,GaussianNB_BASE_LINE_VALUES,,,,,,,1.0,1.0,2014.0,,720.0,9.0,0.0,,,,,,,
2678,GaussianNB_BASE_LINE_VALUES,1.0,,,,1.0,1.0,1.0,1.0,2014.0,0.0,202.0,7.0,0.0,2.0,,1.0,1.0,,1.0,
4061,GaussianNB_BASE_LINE_VALUES,1.0,,,,,1.0,1.0,1.0,2016.0,,202.0,1.0,0.0,1.0,,,1.0,,,
1223,GaussianNB_BASE_LINE_VALUES,,,,,,,1.0,1.0,2014.0,,720.0,9.0,0.0,,,,,,,
4456,GaussianNB_BASE_LINE_VALUES,,,,,,,1.0,1.0,2012.0,,720.0,10.0,0.0,,,,,,,
1217,GaussianNB_BASE_LINE_VALUES,,,,,,,1.0,1.0,2012.0,,720.0,,0.0,,,,,,,
2576,GaussianNB_BASE_LINE_VALUES,,,,,,,1.0,1.0,2012.0,,720.0,,0.0,,,,,,,
3590,GaussianNB_BASE_LINE_VALUES,1.0,,,,,1.0,1.0,1.0,2015.0,0.0,720.0,7.0,0.0,,,,,,,
1860,GaussianNB_BASE_LINE_VALUES,,,,,,1.0,1.0,1.0,2014.0,,720.0,8.0,0.0,,,,,,,
3134,GaussianNB_BASE_LINE_VALUES,,,,,,,,,,,,,,,,,,,,
1604,GaussianNB_BASE_LINE_VALUES,,,,,,1.0,1.0,1.0,2015.0,,720.0,8.0,0.0,,,,,,,
264,GaussianNB_BASE_LINE_VALUES,,,,,,,1.0,1.0,2014.0,,720.0,9.0,0.0,,,,,,,
607,GaussianNB_BASE_LINE_VALUES,,,,,,,1.0,1.0,2014.0,,720.0,9.0,0.0,,,,,,,
2752,GaussianNB_BASE_LINE_VALUES,,,,,,1.0,1.0,1.0,2015.0,,720.0,8.0,0.0,,,,,,,
2806,GaussianNB_BASE_LINE_VALUES,1.0,,,,,1.0,1.0,1.0,2016.0,,202.0,1.0,0.0,1.0,,,,,,
2895,GaussianNB_BASE_LINE_VALUES,,,,,,,1.0,1.0,2013.0,,720.0,10.0,0.0,,,,,,,
3500,GaussianNB_BASE_LINE_VALUES,,,,,,1.0,1.0,1.0,2014.0,,720.0,8.0,0.0,,,,,,,
3487,GaussianNB_BASE_LINE_VALUES,,,,,,,1.0,1.0,2014.0,,720.0,9.0,0.0,,,,,,,
4618,GaussianNB_BASE_LINE_VALUES,,,,,,1.0,1.0,1.0,2014.0,,720.0,9.0,0.0,,,,,,,
1583,GaussianNB_BASE_LINE_VALUES,,,,,,1.0,1.0,1.0,2014.0,,720.0,8.0,0.0,,,,,,,
3949,GaussianNB_BASE_LINE_VALUES,,0.0,,,,1.0,1.0,1.0,2014.0,,720.0,9.0,0.0,,,,,,,
2173,GaussianNB_BASE_LINE_VALUES,,,,,,1.0,1.0,1.0,2015.0,,720.0,8.0,0.0,,,,,,,
1385,GaussianNB_BASE_LINE_VALUES,1.0,,,,,1.0,1.0,1.0,2016.0,0.0,720.0,1.0,0.0,,,,1.0,,,
2569,GaussianNB_BASE_LINE_VALUES,,,,,,,1.0,1.0,2014.0,,720.0,9.0,0.0,,,,,,,
4226,GaussianNB_BASE_LINE_VALUES,,,,,,,1.0,1.0,2012.0,,720.0,,0.0,,,,,,,
2863,GaussianNB_BASE_LINE_VALUES,,,,,,,1.0,1.0,2012.0,,720.0,,0.0,,,,,,,
3155,GaussianNB_BASE_LINE_VALUES,,,,,,1.0,1.0,1.0,2014.0,,720.0,8.0,0.0,,,,,,,
985,GaussianNB_BASE_LINE_VALUES,,,0.0,,,1.0,1.0,1.0,2016.0,0.0,720.0,1.0,0.0,1.0,,,1.0,,,
1129,GaussianNB_BASE_LINE_VALUES,,,,,,,,,,,,,,,,,,,,
4606,GaussianNB_BASE_LINE_VALUES,,,,,,,1.0,1.0,2014.0,,720.0,9.0,0.0,,,,,,,
3672,GaussianNB_BASE_LINE_VALUES,,,,,,1.0,1.0,1.0,2016.0,,720.0,1.0,0.0,1.0,,1.0,1.0,0.0,,
3813,GaussianNB_BASE_LINE_VALUES,,,,,,1.0,1.0,1.0,2015.0,,720.0,9.0,0.0,,,,,,,
3222,GaussianNB_BASE_LINE_VALUES,,,,,,1.0,1.0,1.0,2015.0,,720.0,8.0,0.0,,,,,,,
458,GaussianNB_BASE_LINE_VALUES,1.0,,,,,1.0,1.0,1.0,2016.0,,202.0,7.0,0.0,,,1.0,1.0,,,
4905,GaussianNB_BASE_LINE_VALUES,,,,,,,1.0,1.0,2013.0,,720.0,10.0,0.0,,,,,,,
4765,GaussianNB_BASE_LINE_VALUES,,,,,,1.0,1.0,1.0,2015.0,,720.0,8.0,0.0,,,,,,,
4599,QuadraticDiscriminantAnalysis_BASE_LINE_VALUES,1.0,,0.0,,,,1.0,1.0,2015.0,0.0,202.0,9.0,0.0,,,,,,,
1395,QuadraticDiscriminantAnalysis_BASE_LINE_VALUES,,1.0,1.0,,1.0,1.0,1.0,1.0,2020.0,0.0,67.0,7.0,0.0,2.0,,,,,,
2800,QuadraticDiscriminantAnalysis_BASE_LINE_VALUES,0.0,1.0,,,,1.0,1.0,1.0,2014.0,,720.0,7.0,0.0,,,,,,,
712,QuadraticDiscriminantAnalysis_BASE_LINE_VALUES,,,,,,,1.0,1.0,,,720.0,,,,,,,,,
3498,QuadraticDiscriminantAnalysis_BASE_LINE_VALUES,,,0.0,,,1.0,1.0,1.0,2012.0,0.0,720.0,10.0,,,,,,,,
4786,QuadraticDiscriminantAnalysis_BASE_LINE_VALUES,,,,,,1.0,1.0,1.0,2012.0,,720.0,1.0,0.0,,,,,,,
365,QuadraticDiscriminantAnalysis_BASE_LINE_VALUES,0.0,0.0,0.0,0.0,1.0,0.0,0.0,0.0,2019.0,1.0,67.0,1.0,1.0,3.0,1.0,0.0,0.0,0.0,0.0,0.0
2621,QuadraticDiscriminantAnalysis_BASE_LINE_VALUES,,,,1.0,,,,,,1.0,,,,,1.0,1.0,1.0,1.0,0.0,1.0
760,QuadraticDiscriminantAnalysis_BASE_LINE_VALUES,1.0,,0.0,,,,1.0,1.0,2014.0,0.0,720.0,9.0,0.0,,,,,,,
422,QuadraticDiscriminantAnalysis_BASE_LINE_VALUES,1.0,,0.0,,,1.0,1.0,1.0,2016.0,,720.0,8.0,0.0,,,,,,,
3039,QuadraticDiscriminantAnalysis_BASE_LINE_VALUES,0.0,0.0,0.0,0.0,0.0,0.0,0.0,0.0,2019.0,1.0,67.0,2.0,1.0,3.0,1.0,0.0,0.0,0.0,0.0,0.0
1476,QuadraticDiscriminantAnalysis_BASE_LINE_VALUES,1.0,1.0,,,,,1.0,1.0,2013.0,,720.0,10.0,0.0,,,,,,,
1255,QuadraticDiscriminantAnalysis_BASE_LINE_VALUES,1.0,0.0,,,,,1.0,1.0,2014.0,,202.0,,0.0,,,,,,,
297,QuadraticDiscriminantAnalysis_BASE_LINE_VALUES,1.0,1.0,1.0,,,,,,,,,,,,1.0,1.0,0.0,1.0,1.0,1.0
3528,QuadraticDiscriminantAnalysis_BASE_LINE_VALUES,,1.0,1.0,,,,,,,,,,,,1.0,1.0,0.0,1.0,1.0,1.0
1440,QuadraticDiscriminantAnalysis_BASE_LINE_VALUES,1.0,,,,,,1.0,1.0,2012.0,,720.0,,0.0,,,,,,,
2355,QuadraticDiscriminantAnalysis_BASE_LINE_VALUES,,,,,,,1.0,1.0,2012.0,,720.0,,,,,,,,,
424,QuadraticDiscriminantAnalysis_BASE_LINE_VALUES,0.0,0.0,,,,1.0,,,,,,,,,0.0,1.0,1.0,1.0,1.0,1.0
1507,QuadraticDiscriminantAnalysis_BASE_LINE_VALUES,,1.0,1.0,,,0.0,,,,,,,,,1.0,1.0,1.0,0.0,1.0,1.0
3824,QuadraticDiscriminantAnalysis_BASE_LINE_VALUES,,,,,,,,,,,67.0,,,,1.0,1.0,1.0,0.0,1.0,1.0
2851,QuadraticDiscriminantAnalysis_BASE_LINE_VALUES,1.0,,0.0,,,1.0,1.0,1.0,2013.0,,720.0,10.0,0.0,,,,,,,
4915,QuadraticDiscriminantAnalysis_BASE_LINE_VALUES,1.0,,,,,,1.0,1.0,2013.0,,202.0,,0.0,,,,,,,
3786,QuadraticDiscriminantAnalysis_BASE_LINE_VALUES,0.0,0.0,0.0,0.0,0.0,0.0,0.0,0.0,2019.0,1.0,202.0,2.0,1.0,2.0,1.0,0.0,0.0,0.0,0.0,0.0
3851,QuadraticDiscriminantAnalysis_BASE_LINE_VALUES,,,,,,,1.0,1.0,2012.0,,720.0,,,,,,,,,
3860,QuadraticDiscriminantAnalysis_BASE_LINE_VALUES,,,,,,,,,,1.0,,,,,1.0,1.0,0.0,1.0,1.0,1.0
4832,QuadraticDiscriminantAnalysis_BASE_LINE_VALUES,0.0,,0.0,,,,1.0,1.0,2015.0,0.0,720.0,9.0,0.0,6.0,,,,,,
1387,QuadraticDiscriminantAnalysis_BASE_LINE_VALUES,,1.0,1.0,,,,,,,,,,,,1.0,0.0,1.0,1.0,1.0,1.0
3136,QuadraticDiscriminantAnalysis_BASE_LINE_VALUES,1.0,0.0,,,,,1.0,1.0,2014.0,,720.0,,0.0,,,,,,,
996,QuadraticDiscriminantAnalysis_BASE_LINE_VALUES,1.0,,0.0,,,,1.0,1.0,2015.0,,720.0,,,,,,,,,
392,QuadraticDiscriminantAnalysis_BASE_LINE_VALUES,,,,1.0,1.0,,,,2019.0,1.0,,3.0,,3.0,1.0,1.0,1.0,1.0,0.0,1.0
4550,QuadraticDiscriminantAnalysis_BASE_LINE_VALUES,1.0,,,,,,1.0,1.0,2013.0,,720.0,,0.0,,,,,,,
3980,QuadraticDiscriminantAnalysis_BASE_LINE_VALUES,1.0,0.0,,,,,1.0,1.0,2013.0,,720.0,,0.0,,,,,,,
4611,QuadraticDiscriminantAnalysis_BASE_LINE_VALUES,,1.0,,,,,,,,,67.0,2.0,,,1.0,1.0,0.0,1.0,1.0,1.0
2378,QuadraticDiscriminantAnalysis_BASE_LINE_VALUES,,,,,,,1.0,1.0,,,720.0,,,,,,,,,
4854,QuadraticDiscriminantAnalysis_BASE_LINE_VALUES,,,,,,,1.0,1.0,2013.0,,720.0,,,,,,,,,
2352,QuadraticDiscriminantAnalysis_BASE_LINE_VALUES,0.0,1.0,,,,1.0,1.0,1.0,2015.0,,720.0,8.0,0.0,,,,,,,
1770,QuadraticDiscriminantAnalysis_BASE_LINE_VALUES,0.0,,0.0,,1.0,,1.0,1.0,2013.0,0.0,720.0,1.0,0.0,6.0,,,,,,
4660,QuadraticDiscriminantAnalysis_BASE_LINE_VALUES,1.0,,,,,,1.0,1.0,2014.0,,720.0,,0.0,,,,,,,
1838,QuadraticDiscriminantAnalysis_BASE_LINE_VALUES,1.0,0.0,,,,1.0,1.0,1.0,2014.0,,202.0,,0.0,,,,,,,
2487,QuadraticDiscriminantAnalysis_BASE_LINE_VALUES,1.0,0.0,,,,,1.0,1.0,2016.0,,202.0,9.0,0.0,,,,,,,
3580,QuadraticDiscriminantAnalysis_BASE_LINE_VALUES,1.0,,,,,,1.0,1.0,2013.0,,720.0,,0.0,,,,,,,
2594,QuadraticDiscriminantAnalysis_BASE_LINE_VALUES,,,,,1.0,1.0,1.0,1.0,2016.0,,202.0,7.0,0.0,,,,,,,
4902,QuadraticDiscriminantAnalysis_BASE_LINE_VALUES,1.0,,,,,,1.0,1.0,2012.0,,720.0,,0.0,,,,,,,
3524,QuadraticDiscriminantAnalysis_BASE_LINE_VALUES,,,,,,,1.0,1.0,,,720.0,,,,,,,,,
4648,QuadraticDiscriminantAnalysis_BASE_LINE_VALUES,,,,,,,,,,,,,,,1.0,1.0,0.0,1.0,1.0,1.0
2304,QuadraticDiscriminantAnalysis_BASE_LINE_VALUES,1.0,0.0,,,,,1.0,1.0,2013.0,,202.0,,0.0,,,,,,,
779,QuadraticDiscriminantAnalysis_BASE_LINE_VALUES,1.0,,,,,1.0,1.0,1.0,2015.0,,202.0,,0.0,6.0,,,,,,
2756,QuadraticDiscriminantAnalysis_BASE_LINE_VALUES,1.0,0.0,,,,,1.0,1.0,2013.0,,720.0,,0.0,,,,,,,
826,QuadraticDiscriminantAnalysis_BASE_LINE_VALUES,,1.0,,,,,1.0,1.0,2019.0,,720.0,1.0,0.0,6.0,,,,,,
4249,QuadraticDiscriminantAnalysis_BASE_LINE_VALUES,1.0,1.0,,1.0,0.0,,,,,,36.0,,,,1.0,1.0,1.0,1.0,0.0,1.0
1033,QuadraticDiscriminantAnalysis_BASE_LINE_VALUES,,,,,,,1.0,1.0,,,720.0,,,,,,,,,
3232,QuadraticDiscriminantAnalysis_BASE_LINE_VALUES,,,,0.0,,1.0,1.0,1.0,2019.0,,202.0,1.0,0.0,1.0,,,,,,
861,QuadraticDiscriminantAnalysis_BASE_LINE_VALUES,1.0,1.0,0.0,,,1.0,1.0,1.0,2012.0,,720.0,2.0,0.0,1.0,,,,,,
1802,QuadraticDiscriminantAnalysis_BASE_LINE_VALUES,,,,,,,,,,,,,1.0,,0.0,1.0,1.0,1.0,1.0,1.0
77,QuadraticDiscriminantAnalysis_BASE_LINE_VALUES,,,,,,,,,,,,,1.0,,0.0,1.0,1.0,1.0,1.0,1.0
2418,QuadraticDiscriminantAnalysis_BASE_LINE_VALUES,1.0,,,,,,1.0,1.0,2014.0,0.0,202.0,2.0,0.0,,,,,,,
1024,QuadraticDiscriminantAnalysis_BASE_LINE_VALUES,,1.0,1.0,,,,,,,,,,,,1.0,1.0,0.0,1.0,1.0,1.0
3486,QuadraticDiscriminantAnalysis_BASE_LINE_VALUES,1.0,,,,,,1.0,1.0,2013.0,,720.0,,0.0,,,,,,,
574,QuadraticDiscriminantAnalysis_BASE_LINE_VALUES,1.0,,,,,1.0,1.0,1.0,2014.0,,720.0,10.0,0.0,,,,,,,
1509,QuadraticDiscriminantAnalysis_BASE_LINE_VALUES,1.0,,,,,,1.0,1.0,2015.0,,720.0,,0.0,6.0,,,,,,
1276,QuadraticDiscriminantAnalysis_BASE_LINE_VALUES,,,,,,1.0,1.0,1.0,2014.0,,202.0,2.0,0.0,1.0,,,,,,
1695,QuadraticDiscriminantAnalysis_BASE_LINE_VALUES,0.0,,,,,,,,,1.0,,,,,1.0,1.0,1.0,1.0,0.0,1.0
3981,QuadraticDiscriminantAnalysis_BASE_LINE_VALUES,0.0,0.0,0.0,1.0,0.0,0.0,0.0,0.0,2019.0,1.0,67.0,2.0,1.0,3.0,0.0,1.0,0.0,0.0,0.0,0.0
150,QuadraticDiscriminantAnalysis_BASE_LINE_VALUES,,,,,,,1.0,1.0,,,720.0,,,,,,,,,
3288,QuadraticDiscriminantAnalysis_BASE_LINE_VALUES,0.0,0.0,0.0,0.0,0.0,0.0,0.0,0.0,2020.0,0.0,67.0,2.0,1.0,5.0,1.0,0.0,0.0,0.0,0.0,0.0
4170,QuadraticDiscriminantAnalysis_BASE_LINE_VALUES,1.0,,,,,,1.0,1.0,2014.0,,720.0,,0.0,,,,,,,
4777,QuadraticDiscriminantAnalysis_BASE_LINE_VALUES,1.0,,,,,,1.0,1.0,2014.0,,720.0,,0.0,,,,,,,
2558,QuadraticDiscriminantAnalysis_BASE_LINE_VALUES,1.0,,,,,1.0,1.0,1.0,2019.0,,202.0,8.0,0.0,2.0,,,,,,
2383,QuadraticDiscriminantAnalysis_BASE_LINE_VALUES,,,,,,,,,,,,,1.0,,0.0,1.0,1.0,1.0,1.0,1.0
1573,QuadraticDiscriminantAnalysis_BASE_LINE_VALUES,,1.0,,,,,,,,1.0,,,,,1.0,0.0,1.0,1.0,1.0,1.0
529,QuadraticDiscriminantAnalysis_BASE_LINE_VALUES,0.0,,,,1.0,1.0,1.0,1.0,2017.0,0.0,202.0,1.0,0.0,3.0,,,,,,
1589,QuadraticDiscriminantAnalysis_BASE_LINE_VALUES,1.0,1.0,,,,1.0,1.0,1.0,2015.0,,202.0,1.0,0.0,6.0,,,,,,
2461,QuadraticDiscriminantAnalysis_BASE_LINE_VALUES,0.0,,,,,1.0,,,,,,,,,1.0,1.0,0.0,1.0,1.0,1.0
3406,QuadraticDiscriminantAnalysis_BASE_LINE_VALUES,1.0,,,,,,1.0,1.0,2013.0,,720.0,,0.0,,,,,,,
4298,QuadraticDiscriminantAnalysis_BASE_LINE_VALUES,,1.0,1.0,,,,,,,,,,,,1.0,1.0,1.0,1.0,0.0,1.0
1096,QuadraticDiscriminantAnalysis_BASE_LINE_VALUES,1.0,,,,,1.0,1.0,1.0,2015.0,,202.0,1.0,0.0,1.0,,,,,,
3927,QuadraticDiscriminantAnalysis_BASE_LINE_VALUES,,1.0,1.0,,,,,,,,,4.0,,,0.0,1.0,1.0,1.0,1.0,1.0
2386,QuadraticDiscriminantAnalysis_BASE_LINE_VALUES,0.0,1.0,1.0,,,1.0,1.0,1.0,2020.0,,67.0,8.0,0.0,2.0,,,,,,
4876,QuadraticDiscriminantAnalysis_BASE_LINE_VALUES,1.0,0.0,1.0,1.0,,1.0,1.0,1.0,2015.0,,202.0,1.0,0.0,2.0,,,,,,
2315,QuadraticDiscriminantAnalysis_BASE_LINE_VALUES,,,,,,,1.0,1.0,,,720.0,,,,,,,,,
2652,QuadraticDiscriminantAnalysis_BASE_LINE_VALUES,,,,,,,,,,,67.0,,,,1.0,1.0,1.0,1.0,1.0,0.0
2275,QuadraticDiscriminantAnalysis_BASE_LINE_VALUES,,,,,,1.0,1.0,1.0,2012.0,,720.0,9.0,0.0,6.0,,,,,,
1623,QuadraticDiscriminantAnalysis_BASE_LINE_VALUES,,,,,,,,,,,,,,,1.0,1.0,0.0,1.0,1.0,1.0
2113,QuadraticDiscriminantAnalysis_BASE_LINE_VALUES,1.0,,,,,1.0,1.0,1.0,2012.0,,720.0,10.0,0.0,,,,,,,
63,QuadraticDiscriminantAnalysis_BASE_LINE_VALUES,,,,,,,,,,,,,,,0.0,1.0,1.0,1.0,1.0,1.0
762,QuadraticDiscriminantAnalysis_BASE_LINE_VALUES,0.0,1.0,,,,1.0,1.0,1.0,2020.0,,720.0,2.0,0.0,1.0,,,,,,
1784,QuadraticDiscriminantAnalysis_BASE_LINE_VALUES,0.0,0.0,0.0,0.0,0.0,0.0,0.0,0.0,2019.0,1.0,67.0,1.0,1.0,2.0,1.0,0.0,0.0,0.0,0.0,0.0
2502,QuadraticDiscriminantAnalysis_BASE_LINE_VALUES,1.0,,,,,1.0,1.0,1.0,2014.0,,720.0,10.0,0.0,,,,,,,
2416,QuadraticDiscriminantAnalysis_BASE_LINE_VALUES,,1.0,1.0,1.0,,,,,,,144.0,,,,1.0,1.0,1.0,1.0,0.0,1.0
51,QuadraticDiscriminantAnalysis_BASE_LINE_VALUES,,,,,,,,,,,,,1.0,,0.0,1.0,1.0,1.0,1.0,1.0
1697,QuadraticDiscriminantAnalysis_BASE_LINE_VALUES,,,,,,,,,,,,,,,1.0,0.0,1.0,1.0,1.0,1.0
4796,QuadraticDiscriminantAnalysis_BASE_LINE_VALUES,,,,,,,1.0,1.0,,,720.0,,,,,,,,,
1431,QuadraticDiscriminantAnalysis_BASE_LINE_VALUES,0.0,,,,1.0,1.0,1.0,1.0,2016.0,,720.0,6.0,0.0,1.0,,,,,,
4043,QuadraticDiscriminantAnalysis_BASE_LINE_VALUES,1.0,,,,,,1.0,1.0,2014.0,,202.0,,0.0,,,,,,,
1856,QuadraticDiscriminantAnalysis_BASE_LINE_VALUES,1.0,1.0,1.0,,,,,,2018.0,,36.0,,,4.0,1.0,1.0,0.0,1.0,1.0,1.0
1376,QuadraticDiscriminantAnalysis_BASE_LINE_VALUES,,,0.0,,,,1.0,1.0,2011.0,,720.0,,0.0,,,,,,,
1722,QuadraticDiscriminantAnalysis_BASE_LINE_VALUES,1.0,1.0,,,,1.0,1.0,1.0,2020.0,,202.0,10.0,0.0,5.0,,,,,,
1179,QuadraticDiscriminantAnalysis_BASE_LINE_VALUES,,0.0,,,,,1.0,1.0,2013.0,,720.0,,,,,,,,,
2696,QuadraticDiscriminantAnalysis_BASE_LINE_VALUES,1.0,,1.0,,,1.0,1.0,1.0,2015.0,,202.0,10.0,0.0,6.0,,,,,,
1924,QuadraticDiscriminantAnalysis_BASE_LINE_VALUES,,0.0,,,,,1.0,1.0,2014.0,,720.0,,,,,,,,,
3412,QuadraticDiscriminantAnalysis_BASE_LINE_VALUES,1.0,0.0,,,,,1.0,1.0,2014.0,,720.0,,0.0,,,,,,,
1075,QuadraticDiscriminantAnalysis_BASE_LINE_VALUES,,0.0,,,,,1.0,1.0,2015.0,0.0,720.0,,0.0,,,,,,,
1138,QuadraticDiscriminantAnalysis_BASE_LINE_VALUES,,,,,,,,,,,,,,,1.0,1.0,1.0,1.0,0.0,1.0
4609,QuadraticDiscriminantAnalysis_BASE_LINE_VALUES,,1.0,1.0,1.0,,,,,,,67.0,,,,1.0,1.0,1.0,1.0,0.0,1.0
1042,QuadraticDiscriminantAnalysis_BASE_LINE_VALUES,,1.0,1.0,,,,,,,,,,,,1.0,1.0,0.0,1.0,1.0,1.0
4412,QuadraticDiscriminantAnalysis_BASE_LINE_VALUES,,,,,,,,,,,,,,,1.0,1.0,1.0,1.0,1.0,0.0
2309,QuadraticDiscriminantAnalysis_BASE_LINE_VALUES,1.0,1.0,1.0,,,,,,,,,,,,1.0,1.0,0.0,1.0,1.0,1.0
4210,QuadraticDiscriminantAnalysis_BASE_LINE_VALUES,1.0,,,,,,1.0,1.0,2013.0,,202.0,,0.0,,,,,,,
4439,QuadraticDiscriminantAnalysis_BASE_LINE_VALUES,,,,,,1.0,1.0,1.0,2014.0,,720.0,,,,,,,,,
3974,QuadraticDiscriminantAnalysis_BASE_LINE_VALUES,,,,,,1.0,1.0,1.0,2012.0,,720.0,9.0,0.0,,,,,,,
2916,QuadraticDiscriminantAnalysis_BASE_LINE_VALUES,,,,,,,1.0,1.0,,,720.0,,,,,,,,,
4403,QuadraticDiscriminantAnalysis_BASE_LINE_VALUES,1.0,,,,,,1.0,1.0,2014.0,,720.0,,0.0,,,,,,,
3187,QuadraticDiscriminantAnalysis_BASE_LINE_VALUES,,1.0,,,,1.0,1.0,1.0,2013.0,,720.0,8.0,0.0,,,,,,,
502,QuadraticDiscriminantAnalysis_BASE_LINE_VALUES,1.0,0.0,,,,,1.0,1.0,2014.0,,202.0,,0.0,,,,,,,
2196,QuadraticDiscriminantAnalysis_BASE_LINE_VALUES,,0.0,,,,,1.0,1.0,2013.0,,720.0,,,,,,,,,
4288,QuadraticDiscriminantAnalysis_BASE_LINE_VALUES,1.0,1.0,,,0.0,1.0,1.0,1.0,2020.0,,720.0,2.0,0.0,6.0,,,,,,
4589,QuadraticDiscriminantAnalysis_BASE_LINE_VALUES,,1.0,1.0,,0.0,,,,,,,,,,1.0,0.0,1.0,1.0,1.0,1.0
4052,QuadraticDiscriminantAnalysis_BASE_LINE_VALUES,,,,,,,,,,,67.0,,,,1.0,1.0,1.0,1.0,1.0,0.0
2821,QuadraticDiscriminantAnalysis_BASE_LINE_VALUES,1.0,1.0,,0.0,,1.0,1.0,1.0,2019.0,,720.0,2.0,0.0,1.0,,,,,,
2662,QuadraticDiscriminantAnalysis_BASE_LINE_VALUES,,1.0,1.0,,,0.0,,,,,,,,,1.0,1.0,1.0,0.0,1.0,1.0
1614,QuadraticDiscriminantAnalysis_BASE_LINE_VALUES,,1.0,,,,,,,,,,,,,1.0,1.0,0.0,1.0,1.0,1.0
4500,QuadraticDiscriminantAnalysis_BASE_LINE_VALUES,1.0,0.0,,,,,1.0,1.0,2016.0,,202.0,9.0,0.0,,,,,,,
1411,QuadraticDiscriminantAnalysis_BASE_LINE_VALUES,,,,,,,,,,,,,1.0,,0.0,1.0,1.0,1.0,1.0,1.0
3772,QuadraticDiscriminantAnalysis_BASE_LINE_VALUES,0.0,,0.0,,1.0,,1.0,1.0,2016.0,0.0,67.0,2.0,0.0,3.0,,,,,,
2963,QuadraticDiscriminantAnalysis_BASE_LINE_VALUES,0.0,0.0,1.0,0.0,0.0,0.0,0.0,0.0,2019.0,1.0,67.0,2.0,1.0,3.0,0.0,0.0,0.0,0.0,0.0,0.0
2333,QuadraticDiscriminantAnalysis_BASE_LINE_VALUES,,0.0,,,,,1.0,1.0,2012.0,,720.0,,,,,,,,,
3768,QuadraticDiscriminantAnalysis_BASE_LINE_VALUES,,1.0,,,,,1.0,1.0,2013.0,,720.0,1.0,0.0,6.0,,,,,,
3700,QuadraticDiscriminantAnalysis_BASE_LINE_VALUES,,,,,,,,,,,,,,,0.0,1.0,1.0,1.0,1.0,1.0
3579,QuadraticDiscriminantAnalysis_BASE_LINE_VALUES,,1.0,,,,,,,,1.0,,,,,1.0,1.0,1.0,1.0,0.0,1.0
2730,QuadraticDiscriminantAnalysis_BASE_LINE_VALUES,,,,,,1.0,1.0,1.0,2013.0,,720.0,1.0,0.0,,,,,,,
4260,QuadraticDiscriminantAnalysis_BASE_LINE_VALUES,1.0,1.0,1.0,,,0.0,,,,,,,,,1.0,1.0,1.0,0.0,1.0,1.0
2761,QuadraticDiscriminantAnalysis_BASE_LINE_VALUES,,,,,,,1.0,1.0,2012.0,,720.0,,,,,,,,,
2426,QuadraticDiscriminantAnalysis_BASE_LINE_VALUES,1.0,,,,,,1.0,1.0,2013.0,,720.0,,0.0,,,,,,,
3955,QuadraticDiscriminantAnalysis_BASE_LINE_VALUES,,1.0,1.0,,,,,,,,,,,,1.0,1.0,0.0,1.0,1.0,1.0
3379,QuadraticDiscriminantAnalysis_BASE_LINE_VALUES,,,,,,,,,,,,,,,1.0,1.0,1.0,0.0,1.0,1.0
2259,QuadraticDiscriminantAnalysis_BASE_LINE_VALUES,1.0,,0.0,,1.0,1.0,1.0,1.0,2017.0,,202.0,1.0,0.0,1.0,,,,,,
1456,QuadraticDiscriminantAnalysis_BASE_LINE_VALUES,,1.0,,,,1.0,1.0,1.0,2014.0,,720.0,9.0,0.0,,,,,,,
4396,QuadraticDiscriminantAnalysis_BASE_LINE_VALUES,,1.0,,,,,,,,,,,,,1.0,1.0,0.0,1.0,1.0,1.0
2660,QuadraticDiscriminantAnalysis_BASE_LINE_VALUES,1.0,,,,,1.0,1.0,1.0,2014.0,,202.0,10.0,0.0,,,,,,,
3243,QuadraticDiscriminantAnalysis_BASE_LINE_VALUES,1.0,0.0,,,,1.0,1.0,1.0,,0.0,202.0,2.0,0.0,1.0,,,,,,
928,QuadraticDiscriminantAnalysis_BASE_LINE_VALUES,1.0,,,,,1.0,1.0,1.0,2012.0,,720.0,9.0,0.0,,,,,,,
2094,QuadraticDiscriminantAnalysis_BASE_LINE_VALUES,0.0,,,1.0,1.0,,,,,,,2.0,,,0.0,1.0,1.0,1.0,1.0,1.0
1902,QuadraticDiscriminantAnalysis_BASE_LINE_VALUES,,1.0,1.0,,,,,,,,,5.0,,,1.0,0.0,1.0,1.0,1.0,1.0
2193,QuadraticDiscriminantAnalysis_BASE_LINE_VALUES,0.0,,,1.0,,,,,,,,,,,1.0,1.0,1.0,1.0,1.0,0.0
5,QuadraticDiscriminantAnalysis_BASE_LINE_VALUES,1.0,,,,,,1.0,1.0,2012.0,,720.0,,,,,,,,,
3033,QuadraticDiscriminantAnalysis_BASE_LINE_VALUES,,1.0,,,,,,,2019.0,,,,,,1.0,0.0,1.0,1.0,1.0,1.0
3961,QuadraticDiscriminantAnalysis_BASE_LINE_VALUES,,,,1.0,1.0,,,,,,,,,,1.0,1.0,0.0,1.0,1.0,1.0
4696,QuadraticDiscriminantAnalysis_BASE_LINE_VALUES,1.0,,0.0,,,1.0,1.0,1.0,2013.0,,720.0,10.0,0.0,,,,,,,
3610,QuadraticDiscriminantAnalysis_BASE_LINE_VALUES,,1.0,,,,,,,,,,,,,1.0,1.0,0.0,1.0,1.0,1.0
4712,QuadraticDiscriminantAnalysis_BASE_LINE_VALUES,,,,,,,,,,,,,1.0,,0.0,1.0,1.0,1.0,1.0,1.0
3303,QuadraticDiscriminantAnalysis_BASE_LINE_VALUES,,0.0,,,,,1.0,1.0,2013.0,,720.0,,0.0,,,,,,,
548,QuadraticDiscriminantAnalysis_BASE_LINE_VALUES,1.0,0.0,,,,,1.0,1.0,2014.0,,202.0,,0.0,,,,,,,
3195,QuadraticDiscriminantAnalysis_BASE_LINE_VALUES,,1.0,,,,,,,,,,,,,1.0,0.0,1.0,1.0,1.0,1.0
1288,QuadraticDiscriminantAnalysis_BASE_LINE_VALUES,,,,,,,,,,,,,,,1.0,1.0,1.0,1.0,0.0,1.0
2184,QuadraticDiscriminantAnalysis_BASE_LINE_VALUES,,1.0,1.0,,,0.0,,,,,,,,,0.0,1.0,1.0,1.0,1.0,1.0
2031,QuadraticDiscriminantAnalysis_BASE_LINE_VALUES,0.0,1.0,,,,1.0,1.0,1.0,2013.0,,720.0,1.0,0.0,,,,,,,
3182,QuadraticDiscriminantAnalysis_BASE_LINE_VALUES,1.0,,0.0,,,,1.0,1.0,2012.0,,720.0,,0.0,,,,,,,
183,QuadraticDiscriminantAnalysis_BASE_LINE_VALUES,,1.0,1.0,,,0.0,,,,,,,,,1.0,1.0,1.0,0.0,1.0,1.0
438,QuadraticDiscriminantAnalysis_BASE_LINE_VALUES,1.0,0.0,,,1.0,,1.0,1.0,2015.0,0.0,202.0,1.0,0.0,2.0,,,,,,
4359,QuadraticDiscriminantAnalysis_BASE_LINE_VALUES,1.0,0.0,,1.0,,1.0,1.0,1.0,2017.0,,202.0,1.0,0.0,,,,,,,
1430,QuadraticDiscriminantAnalysis_BASE_LINE_VALUES,,,,,,,1.0,1.0,2012.0,,720.0,,,,,,,,,
1651,QuadraticDiscriminantAnalysis_BASE_LINE_VALUES,1.0,,,,,1.0,1.0,1.0,2012.0,,720.0,9.0,0.0,,,,,,,
3953,QuadraticDiscriminantAnalysis_BASE_LINE_VALUES,,,,,,,1.0,1.0,2011.0,,720.0,,0.0,,,,,,,
2010,QuadraticDiscriminantAnalysis_BASE_LINE_VALUES,,,,,,1.0,1.0,1.0,2012.0,,720.0,10.0,0.0,,,,,,,
3796,QuadraticDiscriminantAnalysis_BASE_LINE_VALUES,1.0,,1.0,,,,1.0,1.0,2016.0,0.0,202.0,1.0,0.0,5.0,,,,,,
3098,QuadraticDiscriminantAnalysis_BASE_LINE_VALUES,,0.0,,,1.0,,,,,1.0,,4.0,,,1.0,1.0,1.0,1.0,1.0,0.0
33,QuadraticDiscriminantAnalysis_BASE_LINE_VALUES,1.0,,,,,,1.0,1.0,2011.0,,720.0,,0.0,,,,,,,
4008,QuadraticDiscriminantAnalysis_BASE_LINE_VALUES,,,,,,1.0,1.0,1.0,2016.0,,720.0,7.0,0.0,,,,,,,
3876,QuadraticDiscriminantAnalysis_BASE_LINE_VALUES,,0.0,,,,1.0,1.0,1.0,2014.0,,720.0,,0.0,,,,,,,
3656,QuadraticDiscriminantAnalysis_BASE_LINE_VALUES,,,,,,,,,,,,,,,1.0,0.0,1.0,1.0,1.0,1.0
3634,QuadraticDiscriminantAnalysis_BASE_LINE_VALUES,,,,,,1.0,1.0,1.0,2014.0,,202.0,2.0,0.0,1.0,,,,,,
356,QuadraticDiscriminantAnalysis_BASE_LINE_VALUES,1.0,0.0,,,,1.0,1.0,1.0,2014.0,,202.0,,0.0,,,,,,,
1689,QuadraticDiscriminantAnalysis_BASE_LINE_VALUES,1.0,0.0,,,,1.0,1.0,1.0,2012.0,0.0,720.0,2.0,0.0,1.0,,,,,,
2351,QuadraticDiscriminantAnalysis_BASE_LINE_VALUES,1.0,,,,,,1.0,1.0,2013.0,0.0,720.0,,0.0,,,,,,,
3164,QuadraticDiscriminantAnalysis_BASE_LINE_VALUES,1.0,,,,,,1.0,1.0,2012.0,,720.0,,0.0,,,,,,,
743,QuadraticDiscriminantAnalysis_BASE_LINE_VALUES,0.0,1.0,1.0,,,1.0,1.0,1.0,2013.0,,67.0,2.0,0.0,2.0,,,,,,
2079,QuadraticDiscriminantAnalysis_BASE_LINE_VALUES,,,,,1.0,,1.0,1.0,2016.0,0.0,720.0,2.0,0.0,,,,,,,
4800,QuadraticDiscriminantAnalysis_BASE_LINE_VALUES,,,,,,,,,,,,,,,1.0,1.0,0.0,1.0,1.0,1.0
704,QuadraticDiscriminantAnalysis_BASE_LINE_VALUES,1.0,,,,,,1.0,1.0,2013.0,,720.0,10.0,0.0,,,,,,,
1464,QuadraticDiscriminantAnalysis_BASE_LINE_VALUES,,,,,,1.0,1.0,1.0,2012.0,,720.0,1.0,0.0,,,,,,,
2411,QuadraticDiscriminantAnalysis_BASE_LINE_VALUES,,1.0,1.0,,,,,,,,,,,,1.0,1.0,0.0,1.0,1.0,1.0
2888,QuadraticDiscriminantAnalysis_BASE_LINE_VALUES,1.0,,,,,,1.0,1.0,2014.0,,720.0,,0.0,,,,,,,
3784,QuadraticDiscriminantAnalysis_BASE_LINE_VALUES,,,,,1.0,1.0,1.0,1.0,2019.0,0.0,67.0,1.0,0.0,3.0,,,,,,
1990,QuadraticDiscriminantAnalysis_BASE_LINE_VALUES,1.0,1.0,,,,,1.0,1.0,2013.0,,720.0,10.0,0.0,,,,,,,
986,QuadraticDiscriminantAnalysis_BASE_LINE_VALUES,1.0,1.0,,,,1.0,1.0,1.0,2013.0,,202.0,,0.0,,,,,,,
155,QuadraticDiscriminantAnalysis_BASE_LINE_VALUES,,,1.0,1.0,,,,,,,,,,,0.0,1.0,1.0,1.0,1.0,1.0
953,QuadraticDiscriminantAnalysis_BASE_LINE_VALUES,0.0,1.0,,,,1.0,1.0,1.0,2013.0,,720.0,1.0,0.0,1.0,,,,,,
2970,QuadraticDiscriminantAnalysis_BASE_LINE_VALUES,1.0,0.0,,,,,1.0,1.0,2014.0,,720.0,,0.0,,,,,,,
2887,QuadraticDiscriminantAnalysis_BASE_LINE_VALUES,1.0,,,,,1.0,1.0,1.0,2012.0,,720.0,10.0,0.0,,,,,,,
4567,QuadraticDiscriminantAnalysis_BASE_LINE_VALUES,,,,,1.0,1.0,1.0,1.0,2015.0,,202.0,1.0,0.0,1.0,,,,,,
3690,QuadraticDiscriminantAnalysis_BASE_LINE_VALUES,0.0,0.0,,1.0,,1.0,,,,,,,,,0.0,1.0,1.0,1.0,1.0,1.0
1221,XGBClassifier_BASE_LINE_VALUES,,,,,,,1.0,,2012.0,,720.0,1.0,,6.0,,,,,,
1321,XGBClassifier_BASE_LINE_VALUES,1.0,,1.0,1.0,,,,,2017.0,,51.0,3.0,,1.0,,,1.0,,,
839,XGBClassifier_BASE_LINE_VALUES,,0.0,,,,,,,2015.0,,720.0,1.0,,6.0,,,,,,
524,XGBClassifier_BASE_LINE_VALUES,,,,,,,,,2020.0,,36.0,,,,,,,,,1.0
3400,XGBClassifier_BASE_LINE_VALUES,,,,,,,,,2017.0,,,3.0,,,,,,,,
1755,XGBClassifier_BASE_LINE_VALUES,,,,,,,,,2021.0,,36.0,,,,,,,,,
3645,XGBClassifier_BASE_LINE_VALUES,,,,,,,,,2021.0,,,,,,,,,,,
2732,XGBClassifier_BASE_LINE_VALUES,0.0,,0.0,0.0,0.0,1.0,1.0,,,0.0,109.0,2.0,0.0,6.0,,,,1.0,1.0,
1238,XGBClassifier_BASE_LINE_VALUES,,,,1.0,,,,,2012.0,,67.0,,,,,,,,,
1610,XGBClassifier_BASE_LINE_VALUES,1.0,,,,,,,,,,,4.0,,,,,,,,
1433,XGBClassifier_BASE_LINE_VALUES,1.0,,1.0,,,,,,2017.0,,56.0,3.0,,,,,,,,
2077,XGBClassifier_BASE_LINE_VALUES,,1.0,,,,,,,,,36.0,,,,,,,,,
2657,XGBClassifier_BASE_LINE_VALUES,1.0,1.0,1.0,,,,,,2019.0,,36.0,4.0,0.0,5.0,,,,1.0,1.0,1.0
2414,XGBClassifier_BASE_LINE_VALUES,,,,,,,,,,,,,,,,,,,,
2360,XGBClassifier_BASE_LINE_VALUES,,,,,,,,,,,,,,,,,,,,
4371,XGBClassifier_BASE_LINE_VALUES,,0.0,0.0,,1.0,,,1.0,2012.0,0.0,720.0,2.0,0.0,1.0,,,,1.0,,
212,XGBClassifier_BASE_LINE_VALUES,,,,,,,1.0,,,,720.0,1.0,,,,,,,,
4147,XGBClassifier_BASE_LINE_VALUES,,,,,1.0,1.0,1.0,,2018.0,0.0,67.0,2.0,,2.0,0.0,1.0,1.0,1.0,,
2435,XGBClassifier_BASE_LINE_VALUES,,1.0,1.0,,,,,1.0,,,720.0,,,,,,,,,
2379,XGBClassifier_BASE_LINE_VALUES,,0.0,,1.0,,1.0,1.0,,2019.0,,202.0,2.0,,2.0,1.0,1.0,0.0,,1.0,
3343,XGBClassifier_BASE_LINE_VALUES,,1.0,1.0,,,,,,2012.0,,36.0,8.0,,,,,,,,
769,XGBClassifier_BASE_LINE_VALUES,1.0,1.0,1.0,,,,,1.0,2018.0,0.0,56.0,,0.0,4.0,,1.0,,,1.0,
1956,XGBClassifier_BASE_LINE_VALUES,,1.0,1.0,,,,,,,,,,,,,,,,,
3239,XGBClassifier_BASE_LINE_VALUES,,,,,,,,,2017.0,,,,,,,,,,,
589,XGBClassifier_BASE_LINE_VALUES,,1.0,1.0,,,,,,,,36.0,,,,,,,,,
1142,XGBClassifier_BASE_LINE_VALUES,,,,1.0,,,,,2019.0,,67.0,4.0,,,,1.0,,,,
3781,XGBClassifier_BASE_LINE_VALUES,,,,,,,,,,,,,,,,,,,,
4629,XGBClassifier_BASE_LINE_VALUES,,,,,,,,,,,36.0,,,,,,,,,
2718,XGBClassifier_BASE_LINE_VALUES,,1.0,1.0,,,,,,,,36.0,,,,,,,,,
480,XGBClassifier_BASE_LINE_VALUES,,,,1.0,0.0,,,,2017.0,,67.0,7.0,,,,,,,1.0,
49,XGBClassifier_BASE_LINE_VALUES,,,,,,,,,,,36.0,,,,,,,,,
1579,XGBClassifier_BASE_LINE_VALUES,,,,,,,,,,,,3.0,,,,,,,,
4589,XGBClassifier_BASE_LINE_VALUES,,1.0,,,,,,,,,,,,,,,,1.0,,
663,XGBClassifier_BASE_LINE_VALUES,,0.0,,,,,,,2012.0,,202.0,2.0,,6.0,,,,,,
2693,XGBClassifier_BASE_LINE_VALUES,,1.0,,,,,,,,,,,,,,,,,,
132,XGBClassifier_BASE_LINE_VALUES,,,,,,,1.0,,2015.0,0.0,202.0,1.0,,1.0,,,,,,
4838,XGBClassifier_BASE_LINE_VALUES,1.0,,,1.0,,1.0,,,2020.0,,67.0,3.0,,,,1.0,,1.0,1.0,0.0
3829,XGBClassifier_BASE_LINE_VALUES,,,,,,,,,,,67.0,,,,,,,,,
4893,XGBClassifier_BASE_LINE_VALUES,,,,0.0,1.0,,1.0,,2015.0,0.0,67.0,2.0,0.0,6.0,1.0,,,,,
959,XGBClassifier_BASE_LINE_VALUES,,,,,,,,,,,,,,,,,,,,
3534,XGBClassifier_BASE_LINE_VALUES,,1.0,,,,,,,,,36.0,,,,,,,,,
2380,XGBClassifier_BASE_LINE_VALUES,,0.0,,,1.0,1.0,1.0,,2014.0,,202.0,2.0,0.0,6.0,,,1.0,1.0,,
2638,XGBClassifier_BASE_LINE_VALUES,,0.0,,,,,1.0,,2012.0,,720.0,1.0,,6.0,,,,,,
287,XGBClassifier_BASE_LINE_VALUES,,1.0,1.0,1.0,,,,1.0,2019.0,,67.0,4.0,0.0,,0.0,1.0,,,,1.0
3426,XGBClassifier_BASE_LINE_VALUES,,1.0,,,,,,,2020.0,,36.0,,,,,,,,,
642,XGBClassifier_BASE_LINE_VALUES,,,,,,1.0,,,,,,2.0,,,,,,,,
3716,XGBClassifier_BASE_LINE_VALUES,,1.0,1.0,,,,,,2014.0,,56.0,8.0,,,,,,,,
1614,XGBClassifier_BASE_LINE_VALUES,,,,,,,,,,,,,,,,,,,,
4516,XGBClassifier_BASE_LINE_VALUES,,1.0,1.0,,,,,,2011.0,,,8.0,,,,,,,,
2397,XGBClassifier_BASE_LINE_VALUES,,0.0,,,1.0,,1.0,,2012.0,0.0,202.0,1.0,0.0,6.0,,,,,0.0,
1500,XGBClassifier_BASE_LINE_VALUES,,,,0.0,1.0,1.0,1.0,,2011.0,0.0,67.0,3.0,,4.0,,,1.0,,,
4287,XGBClassifier_BASE_LINE_VALUES,,1.0,,,,1.0,,,2020.0,,,,,,,,,,,
2184,XGBClassifier_BASE_LINE_VALUES,1.0,1.0,1.0,,,,,,2021.0,,51.0,,,4.0,,,,1.0,,
3079,XGBClassifier_BASE_LINE_VALUES,,,,,,,,,2020.0,,67.0,6.0,,4.0,,,,,,
3847,XGBClassifier_BASE_LINE_VALUES,,1.0,,,,,,,,,,,,,,,,,,
3511,XGBClassifier_BASE_LINE_VALUES,,,,,,,,,,,,5.0,,,,,,,,
657,XGBClassifier_BASE_LINE_VALUES,,,,,,,,,,,67.0,,,,,,,,,
777,XGBClassifier_BASE_LINE_VALUES,,1.0,1.0,,,,,,2013.0,,36.0,,,1.0,,,,,1.0,
344,XGBClassifier_BASE_LINE_VALUES,,1.0,,,,,,,2021.0,1.0,,,,,,,,,,
512,XGBClassifier_BASE_LINE_VALUES,,0.0,,,,,1.0,1.0,2012.0,0.0,720.0,2.0,0.0,6.0,,,,,,
1436,XGBClassifier_BASE_LINE_VALUES,,,,,,,,,,,,,,,,,,,,
3174,XGBClassifier_BASE_LINE_VALUES,,,1.0,,,,,,,,,3.0,,,,,,,,
733,XGBClassifier_BASE_LINE_VALUES,,1.0,,,,,,,,,,,,,,,,,,
3525,XGBClassifier_BASE_LINE_VALUES,,,,,,,,,2021.0,,36.0,,,,,,,,,
3408,XGBClassifier_BASE_LINE_VALUES,,,1.0,,,,,1.0,2018.0,1.0,67.0,3.0,,4.0,,,0.0,,,1.0
4734,XGBClassifier_BASE_LINE_VALUES,,1.0,,,,,,,,,,,,,,,,,,
3620,XGBClassifier_BASE_LINE_VALUES,,1.0,,,1.0,1.0,,1.0,2013.0,,36.0,,,,,,,,,
734,XGBClassifier_BASE_LINE_VALUES,,,1.0,1.0,,1.0,,,2019.0,,56.0,3.0,,,,,1.0,,,1.0
4486,XGBClassifier_BASE_LINE_VALUES,1.0,,1.0,1.0,,,,,2017.0,,51.0,3.0,,4.0,0.0,,1.0,,,1.0
1298,XGBClassifier_BASE_LINE_VALUES,,,,,,,,,,,36.0,,,,,,,,,
3517,XGBClassifier_BASE_LINE_VALUES,,,,,,,,,,,92.0,,,,,,,,,
3986,XGBClassifier_BASE_LINE_VALUES,1.0,0.0,,,,1.0,1.0,,2015.0,,202.0,2.0,,6.0,,,,,,
4333,XGBClassifier_BASE_LINE_VALUES,,,,,,,,,,1.0,144.0,,,,,,,,,
1592,XGBClassifier_BASE_LINE_VALUES,,,,,,,,,,,36.0,,,,,,,,,
4748,XGBClassifier_BASE_LINE_VALUES,1.0,,1.0,1.0,,,,,2019.0,0.0,51.0,3.0,,4.0,,,1.0,,1.0,
580,XGBClassifier_BASE_LINE_VALUES,,,1.0,1.0,0.0,,,1.0,2019.0,,36.0,7.0,,,,,1.0,,,1.0
4243,XGBClassifier_BASE_LINE_VALUES,,1.0,,,,,,,2019.0,,36.0,,,5.0,,1.0,1.0,1.0,1.0,1.0
1939,XGBClassifier_BASE_LINE_VALUES,,1.0,,1.0,,,,,2019.0,,36.0,,,,1.0,,,,1.0,1.0
1176,XGBClassifier_BASE_LINE_VALUES,,,,,,,1.0,1.0,2019.0,0.0,67.0,3.0,0.0,4.0,,,1.0,,0.0,
2374,XGBClassifier_BASE_LINE_VALUES,,,,0.0,,,1.0,1.0,2019.0,0.0,67.0,2.0,0.0,5.0,,,1.0,,0.0,
1971,XGBClassifier_BASE_LINE_VALUES,,,,,,,,,2017.0,,,3.0,,,,,,,1.0,
4813,XGBClassifier_BASE_LINE_VALUES,,,1.0,,,,,,2017.0,,,2.0,,,,,,,,
332,XGBClassifier_BASE_LINE_VALUES,,1.0,,1.0,1.0,,,1.0,2019.0,,36.0,5.0,,1.0,,1.0,,,,
3196,XGBClassifier_BASE_LINE_VALUES,,,,,,,,,,,,,,,,,,,,
1655,XGBClassifier_BASE_LINE_VALUES,,1.0,,,,,,,,,36.0,,,,,,,,,
1008,XGBClassifier_BASE_LINE_VALUES,1.0,0.0,0.0,,,,,,2020.0,0.0,720.0,2.0,0.0,,,,,,1.0,1.0
1552,XGBClassifier_BASE_LINE_VALUES,,,,,,,,,,1.0,,,,,,,,,,
1170,XGBClassifier_BASE_LINE_VALUES,,,0.0,,,,1.0,,2019.0,0.0,202.0,2.0,,6.0,,,,,,
1689,XGBClassifier_BASE_LINE_VALUES,,0.0,,,,,,1.0,2011.0,0.0,720.0,2.0,0.0,,,,,,1.0,
3610,XGBClassifier_BASE_LINE_VALUES,,,,,,,,,,,,,,,,,,,,
3527,XGBClassifier_BASE_LINE_VALUES,1.0,0.0,,,1.0,1.0,1.0,,2014.0,,202.0,2.0,0.0,6.0,0.0,,1.0,1.0,1.0,1.0
4278,XGBClassifier_BASE_LINE_VALUES,,,,1.0,,,,,,,67.0,,,,,,,,,
2488,XGBClassifier_BASE_LINE_VALUES,,1.0,,,,,,,,,,,,,,,,,,
3432,XGBClassifier_BASE_LINE_VALUES,,0.0,,,1.0,,1.0,1.0,2016.0,0.0,144.0,2.0,0.0,2.0,,0.0,,1.0,,
2249,XGBClassifier_BASE_LINE_VALUES,1.0,0.0,1.0,,1.0,,1.0,1.0,2019.0,0.0,67.0,,0.0,3.0,0.0,1.0,,1.0,,
443,XGBClassifier_BASE_LINE_VALUES,,1.0,,,,,,,,,56.0,,,,,,,,,
3420,XGBClassifier_BASE_LINE_VALUES,1.0,,,,,,1.0,,2021.0,,144.0,2.0,,,,,,,,
4672,XGBClassifier_BASE_LINE_VALUES,1.0,1.0,1.0,,,,,1.0,2018.0,,,4.0,,2.0,1.0,,0.0,1.0,1.0,
366,XGBClassifier_BASE_LINE_VALUES,,1.0,1.0,,,,,,2017.0,,51.0,,,,,,,,,
669,XGBClassifier_BASE_LINE_VALUES,1.0,0.0,,,,,1.0,1.0,2012.0,,202.0,2.0,0.0,6.0,,,,1.0,1.0,
4702,XGBClassifier_BASE_LINE_VALUES,,,,,,,,,2020.0,,,3.0,,,,,,,,
3209,XGBClassifier_BASE_LINE_VALUES,,0.0,,,,,1.0,,2012.0,,144.0,2.0,,6.0,,,,,,
1947,XGBClassifier_BASE_LINE_VALUES,,1.0,,,,,,,,,36.0,,,,,,,,,
1517,XGBClassifier_BASE_LINE_VALUES,,,,,,,,,2020.0,,51.0,2.0,,5.0,,,,,,
4042,XGBClassifier_BASE_LINE_VALUES,,,,,,,,,,1.0,,,,,,,,,,
1666,XGBClassifier_BASE_LINE_VALUES,,1.0,,,,,,,,,36.0,,,,,,,,,
4424,XGBClassifier_BASE_LINE_VALUES,,,,,,,,,2017.0,,,3.0,,,,,,,,
4077,XGBClassifier_BASE_LINE_VALUES,1.0,1.0,1.0,,,,,,2016.0,,56.0,10.0,,,,,,1.0,,
1141,XGBClassifier_BASE_LINE_VALUES,,,,,,,,,2021.0,,,,,,,,,,,
2573,XGBClassifier_BASE_LINE_VALUES,,0.0,,1.0,,,,,2012.0,,144.0,1.0,,6.0,,1.0,,,,
2524,XGBClassifier_BASE_LINE_VALUES,,1.0,,,,,,,,,,,,,,,,,,
3881,XGBClassifier_BASE_LINE_VALUES,,1.0,,,,,,,,,,,,,,,,,,
4073,XGBClassifier_BASE_LINE_VALUES,,,,,,,,,2021.0,,36.0,5.0,,,,,,,,
2908,XGBClassifier_BASE_LINE_VALUES,,,,,,,,,2021.0,,36.0,,,,,,,,,
2493,XGBClassifier_BASE_LINE_VALUES,,,1.0,1.0,,,,,2021.0,,51.0,3.0,,,,,,,,
3109,XGBClassifier_BASE_LINE_VALUES,,,1.0,,,,,,2019.0,,67.0,,,,,,,,,
3689,XGBClassifier_BASE_LINE_VALUES,,,,,,,1.0,,2012.0,0.0,67.0,8.0,,6.0,,,,,,
4412,XGBClassifier_BASE_LINE_VALUES,,,,,,,,,,,,,,,,,,,,
1822,XGBClassifier_BASE_LINE_VALUES,,,,,,,,,,,,,,,,,,,,
739,XGBClassifier_BASE_LINE_VALUES,,,,,,1.0,,,2020.0,,36.0,4.0,,4.0,,,,1.0,1.0,
4758,XGBClassifier_BASE_LINE_VALUES,,,,,,,,,,,36.0,,,,,,,,,
3362,XGBClassifier_BASE_LINE_VALUES,,,,,,,,,2014.0,,,5.0,,,,,,,,
1178,XGBClassifier_BASE_LINE_VALUES,,,,,,,,,,,,,,,,,,,,
937,XGBClassifier_BASE_LINE_VALUES,,1.0,1.0,,,,,1.0,2012.0,,36.0,,,,,,,,,
4196,XGBClassifier_BASE_LINE_VALUES,,1.0,1.0,,,,,,,,67.0,,,,,,,,,
3006,XGBClassifier_BASE_LINE_VALUES,,0.0,,,,,,,2012.0,0.0,720.0,2.0,,,,,,,,
1725,XGBClassifier_BASE_LINE_VALUES,1.0,0.0,,,,,1.0,1.0,2019.0,0.0,720.0,2.0,0.0,,,,,,1.0,
4284,XGBClassifier_BASE_LINE_VALUES,,1.0,1.0,,,,,,2021.0,,,,,,,,,,,
77,XGBClassifier_BASE_LINE_VALUES,,,,,,,,,,,,,,,,,,,,
3616,XGBClassifier_BASE_LINE_VALUES,,,,,,,,,,,36.0,,,,,,,,,
4491,XGBClassifier_BASE_LINE_VALUES,,,,,,1.0,,,,,67.0,4.0,,,,,,,,
51,XGBClassifier_BASE_LINE_VALUES,1.0,1.0,1.0,,,,,,,,,7.0,,,,,1.0,,,
1165,DecisionTreeClassifier_BASE_LINE_VALUES,,,,,,,,,2014.0,1.0,202.0,1.0,,,,,,,,
2060,DecisionTreeClassifier_BASE_LINE_VALUES,,,,,,,,,2019.0,1.0,36.0,,,,,,1.0,,,
4889,DecisionTreeClassifier_BASE_LINE_VALUES,,1.0,0.0,,0.0,,1.0,,2019.0,0.0,36.0,1.0,,4.0,,0.0,,,,
1579,DecisionTreeClassifier_BASE_LINE_VALUES,,,,,,,,,,,67.0,3.0,,1.0,,,,,,
4838,DecisionTreeClassifier_BASE_LINE_VALUES,,,,,,1.0,,,2017.0,,67.0,,,3.0,,,,,,
1224,DecisionTreeClassifier_BASE_LINE_VALUES,,,,1.0,,1.0,,,,,67.0,6.0,0.0,4.0,,0.0,,,1.0,
2840,DecisionTreeClassifier_BASE_LINE_VALUES,,,,,,,,,,,202.0,3.0,,,,,,,,1.0
4184,DecisionTreeClassifier_BASE_LINE_VALUES,,,1.0,1.0,,,,,2019.0,,67.0,2.0,0.0,1.0,,,,,,
3493,DecisionTreeClassifier_BASE_LINE_VALUES,,,,,1.0,,,,2013.0,,67.0,1.0,,3.0,,,,,,
125,DecisionTreeClassifier_BASE_LINE_VALUES,1.0,1.0,0.0,,,,1.0,,2017.0,,67.0,4.0,,2.0,1.0,,,,,
3452,DecisionTreeClassifier_BASE_LINE_VALUES,,0.0,1.0,,,,,,,,67.0,3.0,,2.0,,,,,,
294,DecisionTreeClassifier_BASE_LINE_VALUES,1.0,,1.0,,,,1.0,,2013.0,,36.0,3.0,,4.0,,,,,,
2629,DecisionTreeClassifier_BASE_LINE_VALUES,,,,,,,1.0,,2018.0,,67.0,2.0,,,1.0,,1.0,1.0,,
1524,DecisionTreeClassifier_BASE_LINE_VALUES,,0.0,,,1.0,,,,2014.0,,67.0,2.0,,,0.0,,,,,
2666,DecisionTreeClassifier_BASE_LINE_VALUES,,,,,,,,,2019.0,,202.0,2.0,,4.0,1.0,,,,1.0,
3519,DecisionTreeClassifier_BASE_LINE_VALUES,,1.0,0.0,,,,,,2018.0,1.0,67.0,4.0,,,,,,1.0,,
2084,DecisionTreeClassifier_BASE_LINE_VALUES,,1.0,,,,,,,2017.0,0.0,36.0,,,4.0,,,,,,1.0
670,DecisionTreeClassifier_BASE_LINE_VALUES,,1.0,,,,,,,2020.0,,144.0,3.0,,4.0,,,,1.0,,
3808,DecisionTreeClassifier_BASE_LINE_VALUES,,1.0,,,,,1.0,,2020.0,,36.0,2.0,,,,,,,,
958,DecisionTreeClassifier_BASE_LINE_VALUES,,,,,,,,,,,67.0,,,,,,,,,
4681,DecisionTreeClassifier_BASE_LINE_VALUES,,1.0,0.0,,,,,,,,67.0,1.0,,3.0,0.0,,,,,
2774,DecisionTreeClassifier_BASE_LINE_VALUES,,,1.0,0.0,,,1.0,,2016.0,1.0,67.0,2.0,,5.0,1.0,,0.0,1.0,1.0,1.0
3665,DecisionTreeClassifier_BASE_LINE_VALUES,,1.0,0.0,,,1.0,,,,1.0,36.0,5.0,,1.0,,,,1.0,,
4111,DecisionTreeClassifier_BASE_LINE_VALUES,,,1.0,0.0,,,,,2019.0,,67.0,1.0,,3.0,,,,0.0,,
4906,DecisionTreeClassifier_BASE_LINE_VALUES,,0.0,,,,,,,2019.0,,67.0,3.0,,2.0,,,,,,
1865,DecisionTreeClassifier_BASE_LINE_VALUES,,1.0,,,,,,,,1.0,202.0,6.0,,,,,,,,
1476,DecisionTreeClassifier_BASE_LINE_VALUES,,,0.0,,,,,,2016.0,0.0,202.0,1.0,,6.0,,,,,,0.0
1662,DecisionTreeClassifier_BASE_LINE_VALUES,,,,,,,1.0,,2019.0,,109.0,2.0,,4.0,,,,,,
332,DecisionTreeClassifier_BASE_LINE_VALUES,,1.0,,1.0,,,,,,,67.0,1.0,,1.0,,,,,,1.0
3871,DecisionTreeClassifier_BASE_LINE_VALUES,,,,,1.0,,,,,0.0,36.0,1.0,,2.0,1.0,1.0,,,1.0,
63,DecisionTreeClassifier_BASE_LINE_VALUES,,1.0,,,,,,,,,144.0,2.0,,5.0,,,,,,
2299,DecisionTreeClassifier_BASE_LINE_VALUES,,,0.0,,,,1.0,,2014.0,,202.0,1.0,,,,,,,,
4036,DecisionTreeClassifier_BASE_LINE_VALUES,,,,,,,,,,,67.0,1.0,,,,,,,,
964,DecisionTreeClassifier_BASE_LINE_VALUES,,,,,,1.0,,,2019.0,1.0,36.0,,,,,,,,,
3974,DecisionTreeClassifier_BASE_LINE_VALUES,,,1.0,1.0,,1.0,,,2018.0,1.0,67.0,1.0,,4.0,0.0,,,1.0,,
4093,DecisionTreeClassifier_BASE_LINE_VALUES,,,,,,1.0,,,,1.0,36.0,,,,,,,,,
1288,DecisionTreeClassifier_BASE_LINE_VALUES,1.0,,1.0,,0.0,,1.0,,2019.0,,275.8000000000002,,1.0,,,,,,,
2487,DecisionTreeClassifier_BASE_LINE_VALUES,,0.0,,,,,,,2017.0,,36.0,3.0,,6.0,,,,,,
4834,DecisionTreeClassifier_BASE_LINE_VALUES,,1.0,,1.0,1.0,,,,2020.0,,36.0,2.0,,,,1.0,,,,
1665,DecisionTreeClassifier_BASE_LINE_VALUES,,0.0,0.0,,,1.0,,,2021.0,1.0,36.0,2.0,,4.0,0.0,,,,,
2608,DecisionTreeClassifier_BASE_LINE_VALUES,0.0,1.0,,,1.0,,,,2021.0,0.0,202.0,2.0,,5.0,,,,,,0.0
4398,DecisionTreeClassifier_BASE_LINE_VALUES,,,,,,,1.0,,2016.0,,67.0,2.0,,6.0,,0.0,,1.0,,
2409,DecisionTreeClassifier_BASE_LINE_VALUES,,1.0,,,,,1.0,,2014.0,,67.0,,,3.0,,0.0,,,,
4062,DecisionTreeClassifier_BASE_LINE_VALUES,,,,1.0,,0.0,1.0,,2020.0,,67.0,2.0,,3.0,,,,1.0,,
3378,DecisionTreeClassifier_BASE_LINE_VALUES,,0.0,0.0,,,,,,2017.0,0.0,67.0,2.0,,1.0,,,,,,0.0
2064,DecisionTreeClassifier_BASE_LINE_VALUES,,,,,,,,,2014.0,,720.0,2.0,,3.0,,,,,,
3877,DecisionTreeClassifier_BASE_LINE_VALUES,,1.0,1.0,,1.0,,,,2014.0,,67.0,1.0,,4.0,,,,,1.0,
1434,DecisionTreeClassifier_BASE_LINE_VALUES,1.0,,,,,,,,2019.0,0.0,67.0,3.0,0.0,3.0,0.0,,,,,
3585,DecisionTreeClassifier_BASE_LINE_VALUES,,,,,,,1.0,,2016.0,,202.0,5.0,,3.0,,,,,1.0,
2190,DecisionTreeClassifier_BASE_LINE_VALUES,,,,,,,,,,,67.0,8.0,,3.0,,,,,,
4494,DecisionTreeClassifier_BASE_LINE_VALUES,,1.0,,0.0,,,,,2016.0,0.0,67.0,1.0,,,1.0,1.0,,,,
76,DecisionTreeClassifier_BASE_LINE_VALUES,,0.0,,,,,,,2018.0,,,3.0,,4.0,,,,,,
1093,DecisionTreeClassifier_BASE_LINE_VALUES,,0.0,,,,,,,2016.0,,36.0,3.0,0.0,4.0,,,,,,
1725,DecisionTreeClassifier_BASE_LINE_VALUES,1.0,0.0,,,,,,,2013.0,0.0,67.0,2.0,,1.0,,,,,,
1413,DecisionTreeClassifier_BASE_LINE_VALUES,,0.0,1.0,,,,,,2015.0,0.0,67.0,2.0,,2.0,,,,,,
3205,DecisionTreeClassifier_BASE_LINE_VALUES,,1.0,0.0,,,,1.0,,2018.0,,202.0,2.0,0.0,2.0,1.0,,,1.0,,0.0
736,DecisionTreeClassifier_BASE_LINE_VALUES,,,1.0,0.0,,,,,2019.0,,67.0,2.0,1.0,5.0,,1.0,,,,
3646,DecisionTreeClassifier_BASE_LINE_VALUES,,1.0,1.0,0.0,,,1.0,,2020.0,1.0,36.0,2.0,1.0,2.0,0.0,,,1.0,1.0,
3336,DecisionTreeClassifier_BASE_LINE_VALUES,,0.0,,,,,,,2018.0,0.0,720.0,2.0,,,,,,,,1.0
179,DecisionTreeClassifier_BASE_LINE_VALUES,,,0.0,,,,,,2019.0,1.0,109.0,2.0,,4.0,,,,,,
4050,DecisionTreeClassifier_BASE_LINE_VALUES,,,,,1.0,,,,2020.0,,144.0,,,,,,,,0.0,
3140,DecisionTreeClassifier_BASE_LINE_VALUES,,,,,0.0,,,,2016.0,,67.0,3.0,0.0,3.0,1.0,,1.0,,,1.0
4421,DecisionTreeClassifier_BASE_LINE_VALUES,,1.0,,1.0,,,,,2019.0,,202.0,2.0,0.0,3.0,,,,,,0.0
4082,DecisionTreeClassifier_BASE_LINE_VALUES,1.0,1.0,,1.0,,,1.0,,2019.0,,67.0,2.0,,4.0,,,,,,1.0
2027,DecisionTreeClassifier_BASE_LINE_VALUES,,1.0,,,,,,,,0.0,67.0,5.0,,,,,,,,
1000,DecisionTreeClassifier_BASE_LINE_VALUES,,1.0,,,,,1.0,,2016.0,1.0,36.0,,,3.0,,,,,,
3594,DecisionTreeClassifier_BASE_LINE_VALUES,,,,,,1.0,,,2014.0,,67.0,6.0,,,,,,,,
190,DecisionTreeClassifier_BASE_LINE_VALUES,,1.0,0.0,,1.0,,1.0,,2018.0,0.0,202.0,3.0,,2.0,,,,,0.0,
4534,DecisionTreeClassifier_BASE_LINE_VALUES,,1.0,,1.0,,1.0,,,2020.0,0.0,67.0,2.0,,3.0,,,1.0,,,
452,DecisionTreeClassifier_BASE_LINE_VALUES,1.0,1.0,,1.0,,,,,2020.0,0.0,202.0,1.0,0.0,,,,,,,
2893,DecisionTreeClassifier_BASE_LINE_VALUES,,1.0,,1.0,,,,,2019.0,1.0,36.0,2.0,0.0,4.0,,0.0,,,,
3261,DecisionTreeClassifier_BASE_LINE_VALUES,,,,,,,,,,,67.0,,,,,0.0,,,,
4812,DecisionTreeClassifier_BASE_LINE_VALUES,,,,,,,,,2020.0,,56.0,2.0,,4.0,,,,,,
663,DecisionTreeClassifier_BASE_LINE_VALUES,1.0,0.0,,,,,,,2018.0,,36.0,2.0,,5.0,0.0,,,,,1.0
1227,DecisionTreeClassifier_BASE_LINE_VALUES,,,,,,,,,2019.0,0.0,202.0,2.0,,5.0,,1.0,,,,
2785,DecisionTreeClassifier_BASE_LINE_VALUES,,,,1.0,,,,,,,51.0,4.0,,6.0,,,,,,
1148,DecisionTreeClassifier_BASE_LINE_VALUES,,,1.0,1.0,,,,,2018.0,,,3.0,,,,,,,,1.0
4465,DecisionTreeClassifier_BASE_LINE_VALUES,1.0,,,,,,,,,0.0,67.0,3.0,0.0,3.0,0.0,,,,,
555,DecisionTreeClassifier_BASE_LINE_VALUES,1.0,,,,,,,,2018.0,,36.0,,,,,,,,,
1541,DecisionTreeClassifier_BASE_LINE_VALUES,,,,,,,,,2016.0,,67.0,,,3.0,,,,1.0,,
3591,DecisionTreeClassifier_BASE_LINE_VALUES,,1.0,,1.0,,,0.0,,2020.0,,67.0,,,,,,,,,
1466,DecisionTreeClassifier_BASE_LINE_VALUES,1.0,,,,,,,,,,67.0,2.0,,3.0,0.0,,,,,
4937,DecisionTreeClassifier_BASE_LINE_VALUES,,,1.0,1.0,,,1.0,,2017.0,,36.0,2.0,0.0,6.0,1.0,,,,1.0,
4397,DecisionTreeClassifier_BASE_LINE_VALUES,,1.0,,,1.0,,1.0,,2018.0,0.0,67.0,2.0,,5.0,0.0,,,,,
3953,DecisionTreeClassifier_BASE_LINE_VALUES,,,,1.0,,,1.0,,2017.0,0.0,36.0,1.0,0.0,3.0,,1.0,,,1.0,
4014,DecisionTreeClassifier_BASE_LINE_VALUES,,,0.0,,,,,,2020.0,,67.0,,,,,,,,,
642,DecisionTreeClassifier_BASE_LINE_VALUES,,,,,,,,,,,92.0,2.0,,1.0,,,,,,
3732,DecisionTreeClassifier_BASE_LINE_VALUES,,,1.0,,,1.0,,,,,,3.0,1.0,,,,1.0,,,
2235,DecisionTreeClassifier_BASE_LINE_VALUES,,,1.0,,,,,,2015.0,,67.0,2.0,,2.0,,,,,,
1642,DecisionTreeClassifier_BASE_LINE_VALUES,,1.0,0.0,0.0,,,,,2014.0,0.0,109.0,1.0,,4.0,,,,,,
4940,DecisionTreeClassifier_BASE_LINE_VALUES,,1.0,1.0,,0.0,,,,2016.0,0.0,36.0,1.0,0.0,3.0,,,,,,1.0
3606,DecisionTreeClassifier_BASE_LINE_VALUES,,,,,1.0,,,,2019.0,1.0,67.0,2.0,0.0,5.0,,,,,,
2418,DecisionTreeClassifier_BASE_LINE_VALUES,,0.0,,,,,,,,,720.0,1.0,,3.0,,,,,,
3472,DecisionTreeClassifier_BASE_LINE_VALUES,,,,0.0,,,,,2017.0,0.0,202.0,,,5.0,,,0.0,1.0,,
2,DecisionTreeClassifier_BASE_LINE_VALUES,,1.0,0.0,,,,,,2019.0,0.0,144.0,4.0,,,0.0,1.0,,,,
2675,DecisionTreeClassifier_BASE_LINE_VALUES,,0.0,,,,,,,2019.0,0.0,67.0,5.0,,,,,,1.0,,
30,DecisionTreeClassifier_BASE_LINE_VALUES,,,,,,,,,2016.0,1.0,67.0,,,,,,,,,
3851,DecisionTreeClassifier_BASE_LINE_VALUES,,0.0,,,,,,,2017.0,,36.0,5.0,0.0,3.0,,,,,,
2172,DecisionTreeClassifier_BASE_LINE_VALUES,,,1.0,0.0,0.0,,,,2016.0,0.0,202.0,,,3.0,,0.0,,,,
2205,DecisionTreeClassifier_BASE_LINE_VALUES,,0.0,,,,,,,2016.0,,67.0,1.0,0.0,5.0,,,,,,
2021,DecisionTreeClassifier_BASE_LINE_VALUES,0.0,,1.0,1.0,1.0,,1.0,,2018.0,,36.0,,,1.0,,,,1.0,,
2483,DecisionTreeClassifier_BASE_LINE_VALUES,,1.0,,1.0,,,1.0,,2020.0,,67.0,2.0,,3.0,,,,1.0,,
3433,DecisionTreeClassifier_BASE_LINE_VALUES,,0.0,,,,,,,2020.0,0.0,720.0,2.0,,3.0,,,,,1.0,
4240,DecisionTreeClassifier_BASE_LINE_VALUES,,1.0,1.0,0.0,,,,,2020.0,1.0,36.0,2.0,1.0,4.0,,,,1.0,1.0,
2033,DecisionTreeClassifier_BASE_LINE_VALUES,,1.0,1.0,,,,,,,,,4.0,,3.0,,,,,,
2435,DecisionTreeClassifier_BASE_LINE_VALUES,,1.0,,,,,1.0,,2019.0,0.0,720.0,,,,,,,,,
808,DecisionTreeClassifier_BASE_LINE_VALUES,,,,,1.0,,0.0,,2014.0,,67.0,,,,,,,,,
644,DecisionTreeClassifier_BASE_LINE_VALUES,1.0,0.0,1.0,,,0.0,,,2012.0,,67.0,1.0,,4.0,,,,,,
4284,DecisionTreeClassifier_BASE_LINE_VALUES,1.0,1.0,1.0,,,,,,2018.0,0.0,36.0,6.0,,5.0,,1.0,,1.0,1.0,
3659,DecisionTreeClassifier_BASE_LINE_VALUES,,1.0,,,1.0,,,0.0,2019.0,0.0,202.0,2.0,0.0,,0.0,,,,,
2100,DecisionTreeClassifier_BASE_LINE_VALUES,,1.0,1.0,,1.0,,1.0,,2020.0,0.0,67.0,2.0,,4.0,0.0,1.0,,,,
4792,DecisionTreeClassifier_BASE_LINE_VALUES,,1.0,0.0,,,,1.0,,2019.0,1.0,144.0,2.0,,,0.0,,,1.0,,
3672,DecisionTreeClassifier_BASE_LINE_VALUES,,1.0,1.0,,,,,,2016.0,1.0,67.0,2.0,,,,,,0.0,,
4079,DecisionTreeClassifier_BASE_LINE_VALUES,,1.0,,1.0,,,,,2016.0,,67.0,6.0,,,,,,,,
4458,DecisionTreeClassifier_BASE_LINE_VALUES,,1.0,1.0,,1.0,,,,2020.0,0.0,36.0,1.0,,3.0,,,,,1.0,
7,DecisionTreeClassifier_BASE_LINE_VALUES,,,1.0,,,,,,2018.0,0.0,67.0,2.0,,,,1.0,,1.0,,
2522,DecisionTreeClassifier_BASE_LINE_VALUES,,1.0,,,,,1.0,,,,67.0,2.0,,,,,,,,
4709,DecisionTreeClassifier_BASE_LINE_VALUES,,1.0,0.0,1.0,,,,,2019.0,1.0,67.0,2.0,0.0,3.0,,0.0,,,,
3424,DecisionTreeClassifier_BASE_LINE_VALUES,,1.0,1.0,,,,,,2017.0,,67.0,2.0,,4.0,,,,0.0,,1.0
1868,DecisionTreeClassifier_BASE_LINE_VALUES,,,1.0,,,,,,2018.0,,36.0,2.0,,4.0,,,0.0,,,
4658,DecisionTreeClassifier_BASE_LINE_VALUES,,0.0,,,,,,,2019.0,0.0,67.0,3.0,,3.0,0.0,,,,,
3929,DecisionTreeClassifier_BASE_LINE_VALUES,,,,,,1.0,,,2014.0,1.0,720.0,2.0,,4.0,,,,,,
1898,DecisionTreeClassifier_BASE_LINE_VALUES,,0.0,,,,1.0,,,,0.0,202.0,3.0,,,1.0,,,,,0.0
3349,DecisionTreeClassifier_BASE_LINE_VALUES,1.0,,1.0,,,,,,2017.0,,36.0,3.0,,1.0,1.0,,,,,
1900,DecisionTreeClassifier_BASE_LINE_VALUES,,1.0,,,,,,,2016.0,,,,,,,,,,,
2625,DecisionTreeClassifier_BASE_LINE_VALUES,,,,,,,,,2015.0,,67.0,2.0,,4.0,,,,,,
3842,DecisionTreeClassifier_BASE_LINE_VALUES,,,,,,,,,2019.0,,67.0,1.0,,,,,,,,1.0
138,DecisionTreeClassifier_BASE_LINE_VALUES,,,,,,,,,,,67.0,3.0,,1.0,1.0,,,,,
4364,DecisionTreeClassifier_BASE_LINE_VALUES,,0.0,,,,,,,2019.0,,67.0,2.0,,,,,,,,
917,DecisionTreeClassifier_BASE_LINE_VALUES,,1.0,,,,1.0,1.0,,2020.0,,36.0,,,1.0,,,,,1.0,
4244,DecisionTreeClassifier_BASE_LINE_VALUES,1.0,1.0,1.0,1.0,,,1.0,,2019.0,,36.0,2.0,,5.0,,,,1.0,0.0,
4473,DecisionTreeClassifier_BASE_LINE_VALUES,,,,,,,,,2016.0,1.0,67.0,3.0,0.0,,,,,,,
3522,DecisionTreeClassifier_BASE_LINE_VALUES,,,1.0,,,,,,2014.0,,67.0,,,,,,,,,
3173,DecisionTreeClassifier_BASE_LINE_VALUES,,1.0,1.0,,,,1.0,,2016.0,0.0,36.0,,,3.0,,,,0.0,,
17,DecisionTreeClassifier_BASE_LINE_VALUES,,,,,,,,,2019.0,1.0,720.0,5.0,,,,,,,,
4330,DecisionTreeClassifier_BASE_LINE_VALUES,,,,,1.0,,,,2017.0,0.0,202.0,2.0,0.0,3.0,,,,,,
4057,DecisionTreeClassifier_BASE_LINE_VALUES,,,,,1.0,,1.0,,2014.0,0.0,67.0,1.0,,4.0,,,,,,
4218,DecisionTreeClassifier_BASE_LINE_VALUES,0.0,0.0,,,,,,,,,,,,,,,,,,
973,DecisionTreeClassifier_BASE_LINE_VALUES,,,,,1.0,,,,,,,,,,,1.0,,,,
2405,DecisionTreeClassifier_BASE_LINE_VALUES,,,,,,,1.0,,2017.0,,144.0,2.0,,,,1.0,,1.0,,
4147,DecisionTreeClassifier_BASE_LINE_VALUES,,,,1.0,,,,,2021.0,0.0,67.0,3.0,0.0,,,,,1.0,,
2294,DecisionTreeClassifier_BASE_LINE_VALUES,,1.0,,,,,1.0,,,,202.0,5.0,1.0,,,,,,,
789,DecisionTreeClassifier_BASE_LINE_VALUES,,0.0,,,,,,,2020.0,,67.0,4.0,,,,,,,1.0,1.0
1717,DecisionTreeClassifier_BASE_LINE_VALUES,,0.0,,,1.0,,,,,0.0,109.0,1.0,,,,,,,,
4790,DecisionTreeClassifier_BASE_LINE_VALUES,,,1.0,,,,,,2018.0,,67.0,1.0,,3.0,,,,,,
2477,DecisionTreeClassifier_BASE_LINE_VALUES,,,,0.0,,,,,2016.0,1.0,67.0,1.0,,,,,,0.0,,
1560,DecisionTreeClassifier_BASE_LINE_VALUES,,1.0,,1.0,,,,,2019.0,0.0,67.0,1.0,,5.0,,,,,,1.0
3899,DecisionTreeClassifier_BASE_LINE_VALUES,,,,1.0,,1.0,,,2020.0,,109.0,3.0,0.0,5.0,,,,,,
1215,DecisionTreeClassifier_BASE_LINE_VALUES,,0.0,,,,,,,2020.0,,202.0,1.0,,2.0,,0.0,,,,
707,DecisionTreeClassifier_BASE_LINE_VALUES,,1.0,,,,,1.0,,2018.0,0.0,109.0,2.0,,,,0.0,,,,
4586,DecisionTreeClassifier_BASE_LINE_VALUES,,,1.0,,1.0,,1.0,,2018.0,0.0,67.0,2.0,,4.0,,0.0,,,,1.0
519,DecisionTreeClassifier_BASE_LINE_VALUES,1.0,,1.0,,,,,,2020.0,,36.0,2.0,1.0,3.0,,,,1.0,1.0,
2514,DecisionTreeClassifier_BASE_LINE_VALUES,1.0,,1.0,,,1.0,1.0,,2020.0,0.0,202.0,,,,,,,,,0.0
796,DecisionTreeClassifier_BASE_LINE_VALUES,1.0,,,,,,,,2019.0,1.0,67.0,2.0,0.0,,0.0,,,,,
3244,DecisionTreeClassifier_BASE_LINE_VALUES,,,,,,,,,,,,,,,,,,,,
2547,DecisionTreeClassifier_BASE_LINE_VALUES,,1.0,1.0,,,,,,,,36.0,,,,,,,,,
506,DecisionTreeClassifier_BASE_LINE_VALUES,,1.0,,,,,,,2015.0,0.0,36.0,3.0,,,,,,,,
4287,DecisionTreeClassifier_BASE_LINE_VALUES,,,,,,,,,2018.0,,67.0,2.0,,,,,,,1.0,
4704,DecisionTreeClassifier_BASE_LINE_VALUES,0.0,1.0,1.0,,,,1.0,,2019.0,0.0,67.0,4.0,,,1.0,,,,,
1912,DecisionTreeClassifier_BASE_LINE_VALUES,,,1.0,,,,,,2019.0,,67.0,2.0,,,,,,,,1.0
3984,DecisionTreeClassifier_BASE_LINE_VALUES,0.0,1.0,0.0,1.0,,,1.0,,2019.0,,202.0,6.0,,5.0,,,,,,
577,DecisionTreeClassifier_BASE_LINE_VALUES,,1.0,,,1.0,,1.0,,2016.0,0.0,36.0,2.0,,4.0,1.0,,,,,
3791,DecisionTreeClassifier_BASE_LINE_VALUES,,,,,1.0,,,1.0,2019.0,,,,,,,,,,0.0,
3734,DecisionTreeClassifier_BASE_LINE_VALUES,,,,,,,,,,,720.0,7.0,,5.0,,,,,,
3609,DecisionTreeClassifier_BASE_LINE_VALUES,,1.0,,,,,0.0,,2016.0,,67.0,1.0,,,,,0.0,,,
1458,DecisionTreeClassifier_BASE_LINE_VALUES,,1.0,,1.0,1.0,,,,2019.0,,67.0,2.0,0.0,,,,,,,
2121,DecisionTreeClassifier_BASE_LINE_VALUES,,,,,,,1.0,,2017.0,,720.0,5.0,0.0,2.0,,,,,,1.0
3006,DecisionTreeClassifier_BASE_LINE_VALUES,,,0.0,,,,,,2012.0,,67.0,2.0,,4.0,,,,,,1.0
4609,DecisionTreeClassifier_BASE_LINE_VALUES,,,,,,,1.0,,2015.0,,67.0,6.0,,1.0,,,,,,
2024,DecisionTreeClassifier_BASE_LINE_VALUES,0.0,,,,,1.0,1.0,,2019.0,1.0,36.0,2.0,,,,,1.0,,,
3000,DecisionTreeClassifier_BASE_LINE_VALUES,,1.0,,,,,1.0,,2019.0,0.0,109.0,2.0,,,,,,,,0.0
2573,DecisionTreeClassifier_BASE_LINE_VALUES,,0.0,,,,,,,,0.0,67.0,,,4.0,,,,,,
2950,DecisionTreeClassifier_BASE_LINE_VALUES,,,,1.0,,,,,2017.0,1.0,67.0,,,,1.0,,,,,
1011,DecisionTreeClassifier_BASE_LINE_VALUES,,,,,,,,,,0.0,720.0,2.0,,5.0,,,,,,
2060,ExtraTreeClassifier_BASE_LINE_VALUES,,,,,1.0,,,,2019.0,1.0,,5.0,,5.0,0.0,,1.0,,,
3561,ExtraTreeClassifier_BASE_LINE_VALUES,,,,1.0,1.0,,1.0,,2019.0,0.0,67.0,2.0,0.0,2.0,,0.0,,,1.0,1.0
3571,ExtraTreeClassifier_BASE_LINE_VALUES,1.0,1.0,,,,1.0,1.0,,2019.0,,67.0,2.0,0.0,4.0,1.0,1.0,1.0,1.0,,1.0
4425,ExtraTreeClassifier_BASE_LINE_VALUES,,1.0,1.0,1.0,,,,,2018.0,1.0,67.0,2.0,0.0,2.0,,,1.0,1.0,1.0,1.0
3777,ExtraTreeClassifier_BASE_LINE_VALUES,,,,,,1.0,,,2020.0,0.0,36.0,5.0,0.0,,,,1.0,,,0.0
3477,ExtraTreeClassifier_BASE_LINE_VALUES,,,,,,,,,,1.0,202.0,,,5.0,,,1.0,,0.0,
2275,ExtraTreeClassifier_BASE_LINE_VALUES,,,,1.0,0.0,1.0,1.0,,2017.0,1.0,36.0,2.0,0.0,2.0,0.0,,,,,
4010,ExtraTreeClassifier_BASE_LINE_VALUES,1.0,,,1.0,,,,,,,67.0,,,4.0,,,,1.0,,
2642,ExtraTreeClassifier_BASE_LINE_VALUES,1.0,0.0,,1.0,,,,,2019.0,1.0,67.0,1.0,0.0,2.0,,,0.0,,,
4555,ExtraTreeClassifier_BASE_LINE_VALUES,1.0,,,0.0,,,,,2014.0,0.0,36.0,1.0,0.0,5.0,1.0,1.0,1.0,,,1.0
2819,ExtraTreeClassifier_BASE_LINE_VALUES,,,1.0,,,,,,,,109.0,,,4.0,,,,,,
4016,ExtraTreeClassifier_BASE_LINE_VALUES,0.0,,1.0,,0.0,,,,,1.0,202.0,,,,,,1.0,,,
497,ExtraTreeClassifier_BASE_LINE_VALUES,,,,,0.0,,,,,,,,,,,0.0,,,,
1440,ExtraTreeClassifier_BASE_LINE_VALUES,1.0,,1.0,0.0,1.0,,,,,0.0,202.0,2.0,0.0,2.0,,,1.0,,,
108,ExtraTreeClassifier_BASE_LINE_VALUES,1.0,,,,,0.0,,,,,,,,5.0,,,0.0,,,
2645,ExtraTreeClassifier_BASE_LINE_VALUES,1.0,,1.0,,,1.0,1.0,,2020.0,,109.0,4.0,,5.0,0.0,,,,,
2,ExtraTreeClassifier_BASE_LINE_VALUES,,,,,,,,,2019.0,,36.0,4.0,,,,,,,,
4089,ExtraTreeClassifier_BASE_LINE_VALUES,,,,,1.0,,1.0,,2016.0,0.0,202.0,4.0,0.0,3.0,,,0.0,,,
1347,ExtraTreeClassifier_BASE_LINE_VALUES,1.0,1.0,1.0,,,,,,,,36.0,6.0,,,,,,,,
4481,ExtraTreeClassifier_BASE_LINE_VALUES,,0.0,,,,,,,2012.0,0.0,67.0,4.0,,4.0,0.0,,1.0,,,1.0
788,ExtraTreeClassifier_BASE_LINE_VALUES,,,0.0,,1.0,,,,,,202.0,,,4.0,,,1.0,,,
466,ExtraTreeClassifier_BASE_LINE_VALUES,,,0.0,,,,,,2018.0,,67.0,2.0,,2.0,,1.0,1.0,,1.0,
817,ExtraTreeClassifier_BASE_LINE_VALUES,0.0,0.0,1.0,,,,,,2018.0,1.0,720.0,,0.0,,,,1.0,,1.0,1.0
1412,ExtraTreeClassifier_BASE_LINE_VALUES,,0.0,0.0,,1.0,,1.0,,2019.0,,67.0,2.0,,3.0,,0.0,1.0,,1.0,
3717,ExtraTreeClassifier_BASE_LINE_VALUES,0.0,1.0,1.0,,,1.0,1.0,1.0,2019.0,,720.0,2.0,,2.0,,,,,,0.0
2691,ExtraTreeClassifier_BASE_LINE_VALUES,,,,1.0,1.0,1.0,,,2018.0,,67.0,4.0,,4.0,,,,,,1.0
964,ExtraTreeClassifier_BASE_LINE_VALUES,,,0.0,1.0,,,,,2019.0,1.0,,4.0,0.0,,,,,,1.0,
4232,ExtraTreeClassifier_BASE_LINE_VALUES,,,,,,,,,2019.0,,36.0,3.0,0.0,,1.0,,1.0,,,
2192,ExtraTreeClassifier_BASE_LINE_VALUES,,0.0,,,,,,,,0.0,720.0,,0.0,,,,,,,
4326,ExtraTreeClassifier_BASE_LINE_VALUES,,1.0,,,,1.0,,,2018.0,,56.0,1.0,,,,1.0,1.0,1.0,,
2455,ExtraTreeClassifier_BASE_LINE_VALUES,1.0,0.0,,,,,,,2020.0,1.0,67.0,4.0,0.0,3.0,,,1.0,,1.0,
3203,ExtraTreeClassifier_BASE_LINE_VALUES,,,0.0,,,,1.0,,2016.0,,36.0,,0.0,,,,,,,0.0
958,ExtraTreeClassifier_BASE_LINE_VALUES,1.0,,0.0,,,1.0,,,,,202.0,7.0,0.0,,,,,,,
4513,ExtraTreeClassifier_BASE_LINE_VALUES,,0.0,,,1.0,,,,,,36.0,2.0,0.0,,1.0,,,,,
2506,ExtraTreeClassifier_BASE_LINE_VALUES,,,,,1.0,1.0,,,2019.0,,202.0,2.0,0.0,2.0,0.0,1.0,,,,
1510,ExtraTreeClassifier_BASE_LINE_VALUES,,,,0.0,1.0,1.0,,,2019.0,0.0,109.0,4.0,0.0,4.0,,1.0,1.0,,,
156,ExtraTreeClassifier_BASE_LINE_VALUES,,,1.0,,0.0,,1.0,,,0.0,67.0,2.0,0.0,5.0,0.0,,,,,1.0
3680,ExtraTreeClassifier_BASE_LINE_VALUES,,,,,,,1.0,,,,36.0,,,,,,1.0,,,
4102,ExtraTreeClassifier_BASE_LINE_VALUES,1.0,,1.0,,1.0,,,,2019.0,,36.0,3.0,0.0,3.0,,,,,,
4698,ExtraTreeClassifier_BASE_LINE_VALUES,,,,,1.0,1.0,,,,,,4.0,,,,,,,,1.0
3204,ExtraTreeClassifier_BASE_LINE_VALUES,1.0,1.0,,,1.0,,,,2018.0,,67.0,,,2.0,,,,,1.0,1.0
636,ExtraTreeClassifier_BASE_LINE_VALUES,,,1.0,,0.0,,,,,1.0,109.0,,,,,,1.0,,,
3426,ExtraTreeClassifier_BASE_LINE_VALUES,,1.0,,,1.0,,,1.0,2018.0,,36.0,4.0,,,,,1.0,,,1.0
596,ExtraTreeClassifier_BASE_LINE_VALUES,0.0,1.0,1.0,,,,,,2020.0,,36.0,,,5.0,,,,,,1.0
4093,ExtraTreeClassifier_BASE_LINE_VALUES,1.0,,,1.0,,,,,,,36.0,,,5.0,,,,,,
3466,ExtraTreeClassifier_BASE_LINE_VALUES,,1.0,,,,,,,2020.0,,67.0,3.0,,,0.0,,,,1.0,
4817,ExtraTreeClassifier_BASE_LINE_VALUES,,,0.0,,,1.0,,,2014.0,,,7.0,,,,,,,,
1192,ExtraTreeClassifier_BASE_LINE_VALUES,,1.0,0.0,1.0,,,,,2019.0,,202.0,4.0,,,,,,,,
3913,ExtraTreeClassifier_BASE_LINE_VALUES,,,,,,,,,,1.0,202.0,5.0,,4.0,,,,,1.0,
437,ExtraTreeClassifier_BASE_LINE_VALUES,,1.0,0.0,,,,,,,0.0,67.0,1.0,0.0,1.0,,,1.0,,,
276,ExtraTreeClassifier_BASE_LINE_VALUES,1.0,0.0,,,,,,,2018.0,,202.0,2.0,,,0.0,,,,,
4199,ExtraTreeClassifier_BASE_LINE_VALUES,,1.0,,,,0.0,1.0,,,1.0,67.0,,,3.0,,,1.0,,0.0,1.0
3833,ExtraTreeClassifier_BASE_LINE_VALUES,1.0,,,,,,1.0,,2019.0,,,,,5.0,,,,,,
3286,ExtraTreeClassifier_BASE_LINE_VALUES,,1.0,1.0,,1.0,1.0,,,2020.0,,67.0,7.0,0.0,,,,0.0,,,
4574,ExtraTreeClassifier_BASE_LINE_VALUES,,,1.0,1.0,,,,,2020.0,,67.0,5.0,,2.0,1.0,,,,,
2409,ExtraTreeClassifier_BASE_LINE_VALUES,,1.0,,1.0,,,1.0,,,,36.0,4.0,,5.0,,,1.0,,1.0,1.0
217,ExtraTreeClassifier_BASE_LINE_VALUES,1.0,1.0,,0.0,,,1.0,,2017.0,0.0,202.0,1.0,,6.0,,,1.0,,,1.0
4134,ExtraTreeClassifier_BASE_LINE_VALUES,,1.0,1.0,,1.0,1.0,1.0,,2019.0,0.0,67.0,3.0,0.0,2.0,1.0,0.0,,,,1.0
2335,ExtraTreeClassifier_BASE_LINE_VALUES,1.0,1.0,1.0,0.0,,,,,2019.0,,36.0,1.0,0.0,3.0,,,1.0,,,
1532,ExtraTreeClassifier_BASE_LINE_VALUES,,,1.0,1.0,1.0,1.0,,,,,36.0,2.0,,1.0,,,1.0,1.0,,1.0
4354,ExtraTreeClassifier_BASE_LINE_VALUES,,1.0,,1.0,,1.0,,,2018.0,,67.0,,,2.0,,,0.0,,,
2668,ExtraTreeClassifier_BASE_LINE_VALUES,1.0,,0.0,1.0,,,,,2019.0,0.0,36.0,2.0,0.0,2.0,,,,,1.0,
646,ExtraTreeClassifier_BASE_LINE_VALUES,,,,,,,,,,1.0,,,0.0,,,,,,,
1215,ExtraTreeClassifier_BASE_LINE_VALUES,1.0,,,,,,,,2016.0,,720.0,1.0,,,,,1.0,1.0,,
4733,ExtraTreeClassifier_BASE_LINE_VALUES,0.0,1.0,,1.0,1.0,,1.0,,2020.0,0.0,67.0,,,2.0,,,,,,
4880,ExtraTreeClassifier_BASE_LINE_VALUES,1.0,1.0,,1.0,1.0,,,,2020.0,0.0,67.0,4.0,,6.0,,,1.0,,,
3348,ExtraTreeClassifier_BASE_LINE_VALUES,,,,0.0,,,,,2018.0,,67.0,1.0,0.0,2.0,,,,,,
1438,ExtraTreeClassifier_BASE_LINE_VALUES,0.0,1.0,1.0,1.0,1.0,1.0,,,2019.0,0.0,720.0,4.0,,4.0,,1.0,1.0,,1.0,1.0
176,ExtraTreeClassifier_BASE_LINE_VALUES,1.0,1.0,0.0,1.0,,,,,,,36.0,3.0,,2.0,,1.0,,,1.0,1.0
1666,ExtraTreeClassifier_BASE_LINE_VALUES,,1.0,,,,,1.0,,2018.0,,36.0,2.0,,,,,,,,
3056,ExtraTreeClassifier_BASE_LINE_VALUES,1.0,1.0,1.0,1.0,1.0,,,,2017.0,1.0,36.0,2.0,0.0,,,,0.0,,,
4645,ExtraTreeClassifier_BASE_LINE_VALUES,1.0,,1.0,0.0,0.0,,,,2019.0,0.0,67.0,1.0,0.0,2.0,1.0,1.0,1.0,,1.0,
1609,ExtraTreeClassifier_BASE_LINE_VALUES,,,,,,1.0,,1.0,2019.0,,67.0,2.0,0.0,,,,0.0,,,
3678,ExtraTreeClassifier_BASE_LINE_VALUES,1.0,,,1.0,,1.0,,,,,67.0,3.0,,,,,1.0,,,
4542,ExtraTreeClassifier_BASE_LINE_VALUES,1.0,0.0,1.0,,,,,,2018.0,,67.0,1.0,,6.0,,,,1.0,,1.0
265,ExtraTreeClassifier_BASE_LINE_VALUES,,0.0,1.0,,,,,1.0,2017.0,,36.0,,,,,,,,1.0,
3456,ExtraTreeClassifier_BASE_LINE_VALUES,,,,,,1.0,,,2019.0,,,,1.0,,,,0.0,,,
1452,ExtraTreeClassifier_BASE_LINE_VALUES,1.0,,0.0,,,,,,,1.0,36.0,2.0,,2.0,,,1.0,,1.0,
1611,ExtraTreeClassifier_BASE_LINE_VALUES,,1.0,1.0,,,1.0,,,,,144.0,,,3.0,,,0.0,,,
4584,ExtraTreeClassifier_BASE_LINE_VALUES,,1.0,1.0,,,,,,2019.0,1.0,67.0,3.0,0.0,4.0,,,1.0,,1.0,1.0
4576,ExtraTreeClassifier_BASE_LINE_VALUES,,,,,,,,,,,,,,3.0,,,,,,
1889,ExtraTreeClassifier_BASE_LINE_VALUES,,1.0,1.0,,1.0,,,,2019.0,,67.0,1.0,,,,,1.0,,,
1579,ExtraTreeClassifier_BASE_LINE_VALUES,,,,,,,,,2017.0,,36.0,3.0,,,,,1.0,,,
2852,ExtraTreeClassifier_BASE_LINE_VALUES,,1.0,,,,1.0,0.0,1.0,2018.0,0.0,67.0,7.0,0.0,,,,0.0,,,
4759,ExtraTreeClassifier_BASE_LINE_VALUES,1.0,,,,,1.0,,,,,67.0,2.0,,3.0,,,1.0,,1.0,
3586,ExtraTreeClassifier_BASE_LINE_VALUES,,0.0,1.0,,,,,,2018.0,0.0,67.0,4.0,1.0,5.0,,,1.0,,,
4062,ExtraTreeClassifier_BASE_LINE_VALUES,,,,1.0,1.0,,,,2013.0,1.0,67.0,2.0,0.0,3.0,,1.0,1.0,1.0,1.0,1.0
2739,ExtraTreeClassifier_BASE_LINE_VALUES,1.0,1.0,1.0,,1.0,1.0,,,2017.0,1.0,36.0,2.0,,2.0,,,1.0,0.0,1.0,
4253,ExtraTreeClassifier_BASE_LINE_VALUES,1.0,1.0,,1.0,,,,,,,67.0,3.0,,2.0,,1.0,,,,
1224,ExtraTreeClassifier_BASE_LINE_VALUES,1.0,,,,,1.0,,,2019.0,,109.0,3.0,0.0,2.0,,,1.0,,1.0,1.0
4731,ExtraTreeClassifier_BASE_LINE_VALUES,0.0,,,1.0,1.0,1.0,1.0,,2018.0,0.0,67.0,2.0,0.0,6.0,,,1.0,,0.0,1.0
3860,ExtraTreeClassifier_BASE_LINE_VALUES,,1.0,,,,,,1.0,2021.0,,,,,,,,,,,
4884,ExtraTreeClassifier_BASE_LINE_VALUES,,,,,,,1.0,,,,36.0,2.0,,,,,,,,1.0
988,ExtraTreeClassifier_BASE_LINE_VALUES,,,,,,1.0,0.0,1.0,2019.0,0.0,67.0,2.0,0.0,,,,0.0,,,
4182,ExtraTreeClassifier_BASE_LINE_VALUES,,,1.0,,,,,,,0.0,202.0,1.0,0.0,2.0,,,1.0,,,0.0
4174,ExtraTreeClassifier_BASE_LINE_VALUES,0.0,,,,,,,,2018.0,,36.0,,,,,1.0,,,,0.0
3025,ExtraTreeClassifier_BASE_LINE_VALUES,1.0,1.0,1.0,0.0,,,,,2021.0,0.0,67.0,1.0,,4.0,,,,,,
3379,ExtraTreeClassifier_BASE_LINE_VALUES,,,,1.0,,,,,2021.0,,36.0,,,,1.0,,1.0,,,
5,ExtraTreeClassifier_BASE_LINE_VALUES,,,0.0,,,,,,,0.0,,2.0,,,,,,,,
1208,ExtraTreeClassifier_BASE_LINE_VALUES,,1.0,1.0,1.0,,,,,2019.0,1.0,67.0,2.0,,2.0,1.0,1.0,1.0,,1.0,
2051,ExtraTreeClassifier_BASE_LINE_VALUES,0.0,,,,,,,,,,67.0,,,,,,1.0,,,
860,ExtraTreeClassifier_BASE_LINE_VALUES,1.0,,0.0,,,,,,,1.0,202.0,,1.0,,,1.0,1.0,,1.0,
2120,ExtraTreeClassifier_BASE_LINE_VALUES,0.0,1.0,,,,,,,2020.0,,67.0,2.0,,,0.0,,,,,1.0
3984,ExtraTreeClassifier_BASE_LINE_VALUES,,,,,,,1.0,,,,36.0,7.0,,5.0,,0.0,,,,
2522,ExtraTreeClassifier_BASE_LINE_VALUES,,,1.0,,,,,,,,,,1.0,5.0,,,,,1.0,
2431,ExtraTreeClassifier_BASE_LINE_VALUES,,,,,,1.0,,,2018.0,1.0,67.0,2.0,,2.0,0.0,,1.0,,1.0,
3614,ExtraTreeClassifier_BASE_LINE_VALUES,,1.0,,,,,0.0,1.0,2016.0,,67.0,5.0,,,1.0,,1.0,,,0.0
1675,ExtraTreeClassifier_BASE_LINE_VALUES,,1.0,,,,,,,2018.0,,202.0,3.0,,2.0,,,,,,
4480,ExtraTreeClassifier_BASE_LINE_VALUES,,,,,0.0,1.0,1.0,,2018.0,0.0,36.0,,0.0,3.0,,,0.0,,,
3446,ExtraTreeClassifier_BASE_LINE_VALUES,0.0,,1.0,,,1.0,1.0,,,0.0,67.0,1.0,,3.0,,1.0,1.0,,,1.0
4056,ExtraTreeClassifier_BASE_LINE_VALUES,,,,1.0,,,,,2015.0,,,2.0,0.0,,,,,0.0,,
976,ExtraTreeClassifier_BASE_LINE_VALUES,,,,,1.0,,,,2019.0,0.0,36.0,,,,1.0,,1.0,,,
2508,ExtraTreeClassifier_BASE_LINE_VALUES,,,1.0,,0.0,,1.0,,2020.0,0.0,202.0,2.0,0.0,2.0,,,0.0,,,
2127,ExtraTreeClassifier_BASE_LINE_VALUES,,,0.0,,,,,,,,36.0,,,2.0,,,,,,
3931,ExtraTreeClassifier_BASE_LINE_VALUES,0.0,1.0,1.0,,,,,,2017.0,1.0,202.0,2.0,,3.0,,1.0,1.0,1.0,1.0,
1007,ExtraTreeClassifier_BASE_LINE_VALUES,,,,,1.0,1.0,,,2018.0,,202.0,2.0,1.0,3.0,,0.0,1.0,,1.0,1.0
1561,ExtraTreeClassifier_BASE_LINE_VALUES,1.0,,,,,1.0,,,2017.0,,,,,4.0,,,1.0,,,
3616,ExtraTreeClassifier_BASE_LINE_VALUES,0.0,,1.0,1.0,,,,1.0,2013.0,0.0,720.0,9.0,,2.0,,,,,,
2942,ExtraTreeClassifier_BASE_LINE_VALUES,1.0,,1.0,0.0,,,,,2017.0,0.0,67.0,10.0,0.0,,1.0,,,,0.0,
1081,ExtraTreeClassifier_BASE_LINE_VALUES,,,,0.0,0.0,,1.0,,2017.0,0.0,202.0,3.0,0.0,3.0,,,,,,
1947,ExtraTreeClassifier_BASE_LINE_VALUES,0.0,,,1.0,1.0,1.0,,,2018.0,0.0,67.0,5.0,,,,,1.0,,,
1669,ExtraTreeClassifier_BASE_LINE_VALUES,,,1.0,,,1.0,,,2019.0,,202.0,1.0,0.0,3.0,,,1.0,,1.0,0.0
3645,ExtraTreeClassifier_BASE_LINE_VALUES,1.0,,,,,,,,,,36.0,,1.0,3.0,,,,,,
4442,ExtraTreeClassifier_BASE_LINE_VALUES,,,0.0,0.0,,1.0,,,2016.0,0.0,720.0,,0.0,,,,0.0,,,
83,ExtraTreeClassifier_BASE_LINE_VALUES,1.0,1.0,,,,,,,,,202.0,,0.0,2.0,,,,,,
4022,ExtraTreeClassifier_BASE_LINE_VALUES,,1.0,,,1.0,,,,2017.0,,109.0,5.0,0.0,2.0,,,,1.0,,
2891,ExtraTreeClassifier_BASE_LINE_VALUES,,0.0,1.0,,,,,,2019.0,1.0,36.0,,0.0,,0.0,,1.0,,1.0,
4191,ExtraTreeClassifier_BASE_LINE_VALUES,1.0,,1.0,0.0,0.0,,1.0,,2017.0,0.0,720.0,3.0,0.0,3.0,,,,,,
1386,ExtraTreeClassifier_BASE_LINE_VALUES,1.0,,0.0,,,1.0,,,,,67.0,1.0,,3.0,,,1.0,,,0.0
2216,ExtraTreeClassifier_BASE_LINE_VALUES,,1.0,,,,1.0,,,2020.0,,36.0,1.0,0.0,,,,,1.0,,
4762,ExtraTreeClassifier_BASE_LINE_VALUES,,1.0,1.0,,0.0,,,,,,36.0,3.0,,,,,,,,1.0
31,ExtraTreeClassifier_BASE_LINE_VALUES,1.0,1.0,1.0,,,,,,,0.0,36.0,,,3.0,,,1.0,1.0,,
4465,ExtraTreeClassifier_BASE_LINE_VALUES,1.0,0.0,1.0,,1.0,,,,2020.0,0.0,67.0,3.0,0.0,3.0,0.0,1.0,1.0,1.0,1.0,
3966,ExtraTreeClassifier_BASE_LINE_VALUES,,1.0,1.0,,1.0,,,,,1.0,36.0,2.0,,3.0,,,1.0,0.0,1.0,
1778,ExtraTreeClassifier_BASE_LINE_VALUES,1.0,,,,,,,,2019.0,0.0,202.0,3.0,,4.0,0.0,,1.0,,,
2625,ExtraTreeClassifier_BASE_LINE_VALUES,,,,1.0,,,,,2015.0,0.0,67.0,2.0,0.0,1.0,0.0,,,,1.0,
2494,ExtraTreeClassifier_BASE_LINE_VALUES,1.0,1.0,1.0,1.0,,1.0,,,,,,,,,,,1.0,1.0,,
4302,ExtraTreeClassifier_BASE_LINE_VALUES,1.0,,0.0,,1.0,1.0,,,2018.0,1.0,67.0,2.0,0.0,6.0,1.0,0.0,1.0,1.0,1.0,
3606,ExtraTreeClassifier_BASE_LINE_VALUES,1.0,,,0.0,,1.0,,,2012.0,1.0,67.0,1.0,0.0,,1.0,1.0,1.0,,1.0,
2069,ExtraTreeClassifier_BASE_LINE_VALUES,,1.0,1.0,,,,,,2020.0,1.0,36.0,5.0,,6.0,,0.0,,,,
1540,ExtraTreeClassifier_BASE_LINE_VALUES,,,1.0,0.0,,,,,2018.0,,36.0,,,,,,,,,
3199,ExtraTreeClassifier_BASE_LINE_VALUES,1.0,1.0,,,1.0,,,,,1.0,67.0,2.0,0.0,2.0,,,1.0,0.0,1.0,
2075,ExtraTreeClassifier_BASE_LINE_VALUES,1.0,1.0,,,,,,,2021.0,1.0,67.0,1.0,0.0,5.0,,,1.0,,1.0,
765,ExtraTreeClassifier_BASE_LINE_VALUES,,,1.0,,,,,,2021.0,,,,0.0,3.0,,,,,,
4586,ExtraTreeClassifier_BASE_LINE_VALUES,1.0,1.0,1.0,0.0,,,1.0,,2018.0,0.0,67.0,2.0,0.0,2.0,1.0,0.0,1.0,,1.0,
20,ExtraTreeClassifier_BASE_LINE_VALUES,,,,,,,,,2017.0,0.0,36.0,1.0,,,,,,,,
4396,ExtraTreeClassifier_BASE_LINE_VALUES,,,,,,0.0,,,,,36.0,,0.0,,,,,,,
1832,ExtraTreeClassifier_BASE_LINE_VALUES,,,1.0,,,,0.0,1.0,2018.0,,36.0,2.0,,2.0,0.0,,1.0,,,
4113,ExtraTreeClassifier_BASE_LINE_VALUES,,,,1.0,,,,,2019.0,1.0,,,1.0,,,,,,,
2083,ExtraTreeClassifier_BASE_LINE_VALUES,,1.0,0.0,,,1.0,1.0,,,1.0,67.0,4.0,0.0,3.0,0.0,1.0,1.0,1.0,,1.0
4259,ExtraTreeClassifier_BASE_LINE_VALUES,0.0,1.0,1.0,,1.0,1.0,,,2019.0,,202.0,5.0,0.0,2.0,,,0.0,,,
4041,ExtraTreeClassifier_BASE_LINE_VALUES,,,,,,,,,2016.0,,,,,,,,1.0,,,
859,ExtraTreeClassifier_BASE_LINE_VALUES,0.0,1.0,,,1.0,,,,2015.0,0.0,67.0,2.0,1.0,2.0,0.0,1.0,1.0,,,
4376,ExtraTreeClassifier_BASE_LINE_VALUES,1.0,1.0,,,1.0,1.0,,,2018.0,0.0,67.0,5.0,,,,1.0,1.0,1.0,1.0,1.0
3684,ExtraTreeClassifier_BASE_LINE_VALUES,,0.0,,,,0.0,,,2019.0,,109.0,4.0,,,,,1.0,,,
3257,ExtraTreeClassifier_BASE_LINE_VALUES,0.0,1.0,1.0,,1.0,1.0,,,2016.0,,36.0,2.0,0.0,3.0,,,,,,
4850,ExtraTreeClassifier_BASE_LINE_VALUES,,,1.0,1.0,,,,,,,202.0,1.0,0.0,3.0,,1.0,,,,1.0
3522,ExtraTreeClassifier_BASE_LINE_VALUES,1.0,1.0,,,,,,,2014.0,,67.0,,,,,,,,,
3837,ExtraTreeClassifier_BASE_LINE_VALUES,1.0,1.0,0.0,,,,,,,,202.0,,,2.0,,,,,,
2802,ExtraTreeClassifier_BASE_LINE_VALUES,,,,,1.0,,,,2020.0,,67.0,,,1.0,,1.0,,1.0,,1.0
65,ExtraTreeClassifier_BASE_LINE_VALUES,,,,,,,,,,,109.0,3.0,,,,,,,,0.0
4522,ExtraTreeClassifier_BASE_LINE_VALUES,1.0,,,1.0,1.0,1.0,,,,1.0,67.0,6.0,,5.0,0.0,,1.0,,,
2794,ExtraTreeClassifier_BASE_LINE_VALUES,,1.0,0.0,,,1.0,,,2014.0,0.0,67.0,2.0,,4.0,,,1.0,,,1.0
2509,ExtraTreeClassifier_BASE_LINE_VALUES,1.0,,,,,,,,2019.0,,202.0,1.0,0.0,,,,,,,
3067,ExtraTreeClassifier_BASE_LINE_VALUES,,,,0.0,1.0,1.0,,,2012.0,0.0,67.0,2.0,0.0,2.0,,,1.0,,,
2066,ExtraTreeClassifier_BASE_LINE_VALUES,,,,,,,,,2018.0,,,,,,,,,,,
3274,ExtraTreeClassifier_BASE_LINE_VALUES,,,,,,,,,2018.0,1.0,,3.0,,,,,,,,
1354,ExtraTreeClassifier_BASE_LINE_VALUES,,1.0,,,,,,,2020.0,,67.0,5.0,0.0,4.0,0.0,,1.0,,,
2145,ExtraTreeClassifier_BASE_LINE_VALUES,1.0,,1.0,,1.0,1.0,,,,,67.0,2.0,,3.0,,,1.0,0.0,1.0,
4936,ExtraTreeClassifier_BASE_LINE_VALUES,,0.0,1.0,,,1.0,,,2016.0,,67.0,9.0,0.0,,,,1.0,,,
700,ExtraTreeClassifier_BASE_LINE_VALUES,1.0,0.0,1.0,1.0,1.0,1.0,,,2019.0,1.0,202.0,,0.0,5.0,,,,,,
3237,ExtraTreeClassifier_BASE_LINE_VALUES,,1.0,,,0.0,1.0,,,2017.0,,202.0,,,5.0,,,,,,
1210,ExtraTreesClassifier_BASE_LINE_VALUES,,1.0,,,,,,,,,,,,1.0,,,,,,
4492,ExtraTreesClassifier_BASE_LINE_VALUES,,,1.0,1.0,0.0,,,,2017.0,0.0,36.0,5.0,0.0,,,,,,,
1006,ExtraTreesClassifier_BASE_LINE_VALUES,,,1.0,,,1.0,,,2017.0,,51.0,4.0,,2.0,0.0,1.0,,,,
3777,ExtraTreesClassifier_BASE_LINE_VALUES,,,1.0,1.0,,,,,2020.0,0.0,67.0,2.0,,3.0,1.0,,1.0,,1.0,0.0
1361,ExtraTreesClassifier_BASE_LINE_VALUES,,,1.0,,1.0,,,,2016.0,,36.0,,,,,,,,,
2695,ExtraTreesClassifier_BASE_LINE_VALUES,,,,0.0,,1.0,1.0,,2020.0,,67.0,3.0,0.0,,,,1.0,,,
777,ExtraTreesClassifier_BASE_LINE_VALUES,,,,,1.0,,,,,,67.0,,,,1.0,0.0,,,,
3645,ExtraTreesClassifier_BASE_LINE_VALUES,,,,,,,,,,,,,,,,,,,,
1270,ExtraTreesClassifier_BASE_LINE_VALUES,1.0,1.0,0.0,1.0,1.0,,1.0,1.0,2019.0,,202.0,3.0,0.0,2.0,0.0,,1.0,,1.0,
2866,ExtraTreesClassifier_BASE_LINE_VALUES,,,,,,,,,2020.0,,,,,,,,,,,
2562,ExtraTreesClassifier_BASE_LINE_VALUES,,,,1.0,,,,,,,,5.0,,,,,,,,
4614,ExtraTreesClassifier_BASE_LINE_VALUES,,,,,,,,,,,,,,3.0,,,,,,
257,ExtraTreesClassifier_BASE_LINE_VALUES,1.0,0.0,1.0,1.0,,,,,2018.0,,67.0,3.0,,4.0,0.0,1.0,1.0,,1.0,1.0
27,ExtraTreesClassifier_BASE_LINE_VALUES,1.0,,1.0,1.0,1.0,1.0,1.0,1.0,2019.0,,144.0,2.0,,2.0,0.0,,1.0,1.0,1.0,1.0
3526,ExtraTreesClassifier_BASE_LINE_VALUES,,,,,1.0,1.0,,,,0.0,36.0,3.0,,4.0,,1.0,,,1.0,
1335,ExtraTreesClassifier_BASE_LINE_VALUES,,,1.0,1.0,1.0,,1.0,,2018.0,,202.0,4.0,,2.0,,,1.0,,,1.0
2891,ExtraTreesClassifier_BASE_LINE_VALUES,,0.0,1.0,,,1.0,,,2019.0,1.0,,6.0,0.0,,0.0,,1.0,1.0,,1.0
2802,ExtraTreesClassifier_BASE_LINE_VALUES,0.0,,,,,,,,2021.0,,67.0,,,,,1.0,,,,
2761,ExtraTreesClassifier_BASE_LINE_VALUES,,0.0,,,1.0,,,,2018.0,0.0,67.0,4.0,0.0,2.0,,0.0,,1.0,,
2490,ExtraTreesClassifier_BASE_LINE_VALUES,,1.0,,,,0.0,,,,1.0,,,,,,,,,,
1349,ExtraTreesClassifier_BASE_LINE_VALUES,,,,,,,,,,,,5.0,,,,,,,,
293,ExtraTreesClassifier_BASE_LINE_VALUES,,0.0,0.0,1.0,1.0,1.0,1.0,,2019.0,0.0,720.0,2.0,0.0,2.0,,,1.0,,1.0,1.0
4826,ExtraTreesClassifier_BASE_LINE_VALUES,,,1.0,1.0,1.0,,1.0,1.0,2019.0,1.0,67.0,2.0,0.0,6.0,1.0,1.0,1.0,1.0,1.0,0.0
564,ExtraTreesClassifier_BASE_LINE_VALUES,0.0,1.0,0.0,1.0,1.0,1.0,,,2018.0,0.0,67.0,8.0,,4.0,,,,0.0,,
3656,ExtraTreesClassifier_BASE_LINE_VALUES,,,,,,,,,,,,,,,,,,,,
1138,ExtraTreesClassifier_BASE_LINE_VALUES,,,,,,,,,,,,,,,,,,,,
432,ExtraTreesClassifier_BASE_LINE_VALUES,1.0,1.0,1.0,0.0,,,,,2021.0,,,,,4.0,,,,,1.0,0.0
3487,ExtraTreesClassifier_BASE_LINE_VALUES,0.0,,0.0,,1.0,,,,2018.0,0.0,,2.0,0.0,,,0.0,,,,
258,ExtraTreesClassifier_BASE_LINE_VALUES,,,,1.0,1.0,,,,,0.0,67.0,4.0,0.0,4.0,1.0,0.0,1.0,,1.0,1.0
1003,ExtraTreesClassifier_BASE_LINE_VALUES,,,,,,,,,,1.0,36.0,,,,,,,,,
1315,ExtraTreesClassifier_BASE_LINE_VALUES,,0.0,1.0,,1.0,1.0,,,2018.0,0.0,67.0,,0.0,2.0,1.0,0.0,1.0,,,
2065,ExtraTreesClassifier_BASE_LINE_VALUES,,,,1.0,1.0,1.0,1.0,1.0,2019.0,0.0,36.0,3.0,,,1.0,0.0,1.0,,,
3897,ExtraTreesClassifier_BASE_LINE_VALUES,1.0,1.0,,1.0,1.0,,1.0,1.0,2016.0,0.0,67.0,6.0,0.0,4.0,,,1.0,,,1.0
4443,ExtraTreesClassifier_BASE_LINE_VALUES,1.0,,1.0,1.0,1.0,,,,2018.0,,67.0,2.0,,4.0,0.0,1.0,1.0,,,1.0
1285,ExtraTreesClassifier_BASE_LINE_VALUES,,,,,,,,,,,,,,,,,,,,
4343,ExtraTreesClassifier_BASE_LINE_VALUES,1.0,1.0,0.0,,,,,,2019.0,1.0,720.0,2.0,0.0,3.0,0.0,,1.0,,1.0,
3232,ExtraTreesClassifier_BASE_LINE_VALUES,1.0,,1.0,0.0,,1.0,1.0,1.0,2019.0,0.0,202.0,4.0,0.0,4.0,0.0,1.0,,1.0,1.0,1.0
49,ExtraTreesClassifier_BASE_LINE_VALUES,,1.0,,,1.0,,1.0,,2018.0,,202.0,6.0,,,,,,,,
3762,ExtraTreesClassifier_BASE_LINE_VALUES,,,,,,,,,2016.0,1.0,,5.0,,,,,,,,1.0
2291,ExtraTreesClassifier_BASE_LINE_VALUES,,,0.0,1.0,,,,,2011.0,1.0,67.0,4.0,,,,0.0,,1.0,,1.0
4528,ExtraTreesClassifier_BASE_LINE_VALUES,0.0,,1.0,1.0,1.0,1.0,1.0,1.0,2018.0,0.0,67.0,2.0,0.0,3.0,1.0,0.0,1.0,1.0,1.0,1.0
2993,ExtraTreesClassifier_BASE_LINE_VALUES,,,,1.0,,,,,2018.0,,202.0,5.0,,4.0,,,,1.0,,
3940,ExtraTreesClassifier_BASE_LINE_VALUES,,,,,,,,,,,67.0,,,,,,,,,
4638,ExtraTreesClassifier_BASE_LINE_VALUES,,1.0,,0.0,,,,,2018.0,,51.0,,,5.0,,,,,,
2038,ExtraTreesClassifier_BASE_LINE_VALUES,,,,,1.0,,,,2018.0,,36.0,3.0,,4.0,,,,,,
1902,ExtraTreesClassifier_BASE_LINE_VALUES,,1.0,1.0,,,,,,2021.0,,,4.0,,,,,,1.0,,
1485,ExtraTreesClassifier_BASE_LINE_VALUES,,1.0,,,,,,,,,,5.0,,5.0,,,,,,
4357,ExtraTreesClassifier_BASE_LINE_VALUES,,,,,1.0,,,,,,,,,,,,,,,
1955,ExtraTreesClassifier_BASE_LINE_VALUES,1.0,1.0,,,,1.0,,,2019.0,,,2.0,,,,,,,,
2,ExtraTreesClassifier_BASE_LINE_VALUES,0.0,1.0,0.0,,,,,,2020.0,,,,,5.0,,,,,,
2032,ExtraTreesClassifier_BASE_LINE_VALUES,,1.0,1.0,,0.0,1.0,1.0,1.0,2019.0,1.0,67.0,2.0,0.0,4.0,0.0,1.0,1.0,,1.0,1.0
1344,ExtraTreesClassifier_BASE_LINE_VALUES,,,,,,,,,2020.0,,202.0,7.0,,2.0,,,,1.0,,
1021,ExtraTreesClassifier_BASE_LINE_VALUES,0.0,,,,1.0,0.0,,,,,,4.0,0.0,,,,,,,
981,ExtraTreesClassifier_BASE_LINE_VALUES,,,,,,,,,2019.0,,109.0,,,,,,,,,
1490,ExtraTreesClassifier_BASE_LINE_VALUES,,1.0,,,,,,,,,,,,,,,,,,
3599,ExtraTreesClassifier_BASE_LINE_VALUES,1.0,0.0,1.0,,1.0,,1.0,,2018.0,0.0,67.0,2.0,1.0,2.0,0.0,1.0,1.0,1.0,1.0,1.0
1262,ExtraTreesClassifier_BASE_LINE_VALUES,,1.0,,,,,,,,,67.0,,,,,,1.0,1.0,,
404,ExtraTreesClassifier_BASE_LINE_VALUES,,,0.0,1.0,,,,,2015.0,,67.0,2.0,,3.0,,,1.0,,,1.0
4511,ExtraTreesClassifier_BASE_LINE_VALUES,,1.0,,,,1.0,,,2019.0,,36.0,5.0,,4.0,,,,,,
4396,ExtraTreesClassifier_BASE_LINE_VALUES,,,,,,,,,,1.0,,,,,,,,,,
894,ExtraTreesClassifier_BASE_LINE_VALUES,,,,1.0,,,,,2015.0,1.0,,6.0,,2.0,,,,,,
2533,ExtraTreesClassifier_BASE_LINE_VALUES,,,,,,,,,,,720.0,7.0,,,,,,,,
565,ExtraTreesClassifier_BASE_LINE_VALUES,,0.0,0.0,1.0,1.0,1.0,1.0,,2019.0,0.0,720.0,4.0,0.0,2.0,0.0,,1.0,1.0,1.0,1.0
3820,ExtraTreesClassifier_BASE_LINE_VALUES,,,1.0,,,,,,,,,,,,,,,,,
2263,ExtraTreesClassifier_BASE_LINE_VALUES,,,,,,,,,,,720.0,5.0,,5.0,,,,1.0,,
4442,ExtraTreesClassifier_BASE_LINE_VALUES,0.0,1.0,0.0,0.0,,,,,2014.0,0.0,720.0,,0.0,6.0,1.0,,0.0,,1.0,1.0
1943,ExtraTreesClassifier_BASE_LINE_VALUES,,1.0,0.0,,1.0,,,,2019.0,0.0,67.0,2.0,0.0,5.0,0.0,1.0,,1.0,1.0,
283,ExtraTreesClassifier_BASE_LINE_VALUES,,1.0,0.0,,1.0,1.0,,,2017.0,,67.0,5.0,,6.0,,,,0.0,,
3662,ExtraTreesClassifier_BASE_LINE_VALUES,1.0,,,,1.0,,1.0,1.0,2020.0,0.0,67.0,1.0,0.0,3.0,,,1.0,,,
2192,ExtraTreesClassifier_BASE_LINE_VALUES,,0.0,0.0,,1.0,,,,2011.0,0.0,720.0,1.0,0.0,,,,,1.0,,
4661,ExtraTreesClassifier_BASE_LINE_VALUES,1.0,1.0,1.0,,0.0,1.0,1.0,1.0,2019.0,0.0,202.0,2.0,0.0,4.0,1.0,1.0,1.0,1.0,0.0,1.0
681,ExtraTreesClassifier_BASE_LINE_VALUES,,,,,,,,,,,,,,,,,,,,
3068,ExtraTreesClassifier_BASE_LINE_VALUES,1.0,,1.0,,,1.0,1.0,1.0,2018.0,0.0,67.0,3.0,0.0,6.0,1.0,1.0,1.0,1.0,0.0,
1589,ExtraTreesClassifier_BASE_LINE_VALUES,,1.0,0.0,1.0,,,,,2016.0,,202.0,2.0,0.0,6.0,,1.0,1.0,,1.0,
2679,ExtraTreesClassifier_BASE_LINE_VALUES,,,,,,,,,,,,5.0,,,,,,,,
1909,ExtraTreesClassifier_BASE_LINE_VALUES,1.0,0.0,1.0,,1.0,,,,2018.0,0.0,67.0,3.0,0.0,3.0,,,,,,1.0
2172,ExtraTreesClassifier_BASE_LINE_VALUES,1.0,,1.0,0.0,0.0,,1.0,1.0,2018.0,0.0,720.0,1.0,0.0,6.0,1.0,0.0,1.0,,,1.0
4014,ExtraTreesClassifier_BASE_LINE_VALUES,1.0,1.0,0.0,1.0,1.0,,1.0,,2015.0,,67.0,6.0,,,,0.0,1.0,,,
3659,ExtraTreesClassifier_BASE_LINE_VALUES,1.0,1.0,1.0,,,,0.0,0.0,2019.0,0.0,67.0,2.0,0.0,6.0,0.0,1.0,1.0,1.0,1.0,1.0
4583,ExtraTreesClassifier_BASE_LINE_VALUES,,,,,1.0,,,1.0,2018.0,,67.0,7.0,,,,,,,,
2511,ExtraTreesClassifier_BASE_LINE_VALUES,,1.0,,1.0,,,1.0,,2015.0,,67.0,2.0,,,,,,,1.0,
1087,ExtraTreesClassifier_BASE_LINE_VALUES,,1.0,1.0,,0.0,,,,,,36.0,1.0,0.0,,,,,1.0,,
464,ExtraTreesClassifier_BASE_LINE_VALUES,,,,,,,,,,,144.0,,,3.0,,,,,,
4124,ExtraTreesClassifier_BASE_LINE_VALUES,,,,,,,,,,,,3.0,,,,,,,,
4192,ExtraTreesClassifier_BASE_LINE_VALUES,,0.0,,,,1.0,,,,,67.0,3.0,,,,,1.0,,,0.0
2785,ExtraTreesClassifier_BASE_LINE_VALUES,,,,,1.0,,,,,,,4.0,,5.0,,,,,,
2212,ExtraTreesClassifier_BASE_LINE_VALUES,1.0,,1.0,1.0,,,,,2019.0,0.0,67.0,2.0,0.0,3.0,0.0,,,,,1.0
1675,ExtraTreesClassifier_BASE_LINE_VALUES,,1.0,,,,,,,,,,3.0,,2.0,,,,,,
2057,ExtraTreesClassifier_BASE_LINE_VALUES,1.0,0.0,,,,1.0,,,2019.0,,202.0,2.0,0.0,6.0,1.0,1.0,1.0,0.0,1.0,
2934,ExtraTreesClassifier_BASE_LINE_VALUES,,,1.0,1.0,,,,,,1.0,,,,,,,,,,
3112,ExtraTreesClassifier_BASE_LINE_VALUES,,1.0,,,,1.0,,,2018.0,,36.0,,,,,,,,1.0,
2912,ExtraTreesClassifier_BASE_LINE_VALUES,,1.0,,,,,,,2019.0,,,,1.0,,,,,,,
2568,ExtraTreesClassifier_BASE_LINE_VALUES,1.0,,0.0,0.0,1.0,,1.0,,,,36.0,1.0,0.0,2.0,,,1.0,1.0,,0.0
1850,ExtraTreesClassifier_BASE_LINE_VALUES,,,,,0.0,,,,,,,,,2.0,,1.0,0.0,,,
1136,ExtraTreesClassifier_BASE_LINE_VALUES,,1.0,1.0,,,,,,2017.0,,275.8000000000002,7.0,,2.0,1.0,,,,,1.0
2853,ExtraTreesClassifier_BASE_LINE_VALUES,,,1.0,,,,,,,,36.0,,,,,,,,,
3912,ExtraTreesClassifier_BASE_LINE_VALUES,1.0,1.0,0.0,1.0,0.0,1.0,1.0,1.0,2019.0,0.0,67.0,2.0,0.0,4.0,,,,,1.0,1.0
3670,ExtraTreesClassifier_BASE_LINE_VALUES,,,,,,,,,,,202.0,3.0,1.0,,1.0,,,,,
3717,ExtraTreesClassifier_BASE_LINE_VALUES,0.0,1.0,,1.0,1.0,1.0,,1.0,2019.0,0.0,720.0,2.0,,2.0,,1.0,,1.0,1.0,0.0
2929,ExtraTreesClassifier_BASE_LINE_VALUES,,1.0,,,,,,,,,36.0,,,5.0,,,,,,
3187,ExtraTreesClassifier_BASE_LINE_VALUES,,,1.0,1.0,1.0,,,1.0,2020.0,0.0,202.0,2.0,,2.0,0.0,,,1.0,,
4916,ExtraTreesClassifier_BASE_LINE_VALUES,,1.0,,,,,,,,,144.0,,,,,,,,,
2995,ExtraTreesClassifier_BASE_LINE_VALUES,,,,,,,,,,0.0,720.0,5.0,,5.0,,,,,,
2024,ExtraTreesClassifier_BASE_LINE_VALUES,0.0,1.0,,1.0,,,,,2019.0,1.0,67.0,,,,,,,1.0,,
3514,ExtraTreesClassifier_BASE_LINE_VALUES,,1.0,,,,,,,,,,5.0,,,,,,1.0,,
3317,ExtraTreesClassifier_BASE_LINE_VALUES,0.0,,1.0,1.0,1.0,1.0,1.0,1.0,2018.0,0.0,67.0,2.0,0.0,3.0,1.0,0.0,1.0,1.0,1.0,1.0
3688,ExtraTreesClassifier_BASE_LINE_VALUES,,1.0,,,,,,,,,,,,,,,,,,
1156,ExtraTreesClassifier_BASE_LINE_VALUES,,,,1.0,1.0,,,,2018.0,,,3.0,,,,,1.0,,,0.0
3481,ExtraTreesClassifier_BASE_LINE_VALUES,0.0,0.0,0.0,,1.0,1.0,,,2019.0,0.0,720.0,2.0,0.0,4.0,1.0,0.0,,1.0,,1.0
2166,ExtraTreesClassifier_BASE_LINE_VALUES,,,,,,,,,,,,7.0,,,,,,,,
332,ExtraTreesClassifier_BASE_LINE_VALUES,,,,1.0,1.0,,,,,,,,,,,,,,,
2079,ExtraTreesClassifier_BASE_LINE_VALUES,0.0,,0.0,,1.0,,,,2018.0,0.0,,1.0,0.0,,,,,1.0,,
2180,ExtraTreesClassifier_BASE_LINE_VALUES,,,,,,1.0,,,2019.0,,,4.0,0.0,4.0,,,,,,
980,ExtraTreesClassifier_BASE_LINE_VALUES,0.0,1.0,,1.0,1.0,1.0,1.0,1.0,2017.0,0.0,67.0,2.0,0.0,2.0,,,1.0,1.0,1.0,0.0
4880,ExtraTreesClassifier_BASE_LINE_VALUES,1.0,1.0,,1.0,1.0,,1.0,1.0,2017.0,0.0,67.0,6.0,0.0,4.0,,,1.0,,,1.0
2487,ExtraTreesClassifier_BASE_LINE_VALUES,1.0,0.0,1.0,,,,,,2019.0,,67.0,1.0,,,,,,,,
135,ExtraTreesClassifier_BASE_LINE_VALUES,0.0,1.0,1.0,1.0,0.0,1.0,1.0,1.0,2019.0,0.0,109.0,2.0,0.0,4.0,0.0,1.0,1.0,1.0,1.0,1.0
4693,ExtraTreesClassifier_BASE_LINE_VALUES,,0.0,,,,,,,,,67.0,,,,,,,,,
4900,ExtraTreesClassifier_BASE_LINE_VALUES,,,1.0,,1.0,,,,2021.0,1.0,36.0,3.0,,3.0,1.0,,,,,
4735,ExtraTreesClassifier_BASE_LINE_VALUES,1.0,,1.0,0.0,0.0,,1.0,1.0,2018.0,0.0,67.0,1.0,0.0,2.0,1.0,,1.0,1.0,,
1581,ExtraTreesClassifier_BASE_LINE_VALUES,1.0,1.0,1.0,1.0,1.0,1.0,1.0,1.0,2019.0,1.0,36.0,2.0,1.0,2.0,1.0,1.0,1.0,1.0,1.0,0.0
1685,ExtraTreesClassifier_BASE_LINE_VALUES,1.0,0.0,1.0,1.0,,1.0,1.0,,2018.0,,67.0,3.0,0.0,3.0,1.0,1.0,1.0,0.0,1.0,1.0
4284,ExtraTreesClassifier_BASE_LINE_VALUES,,1.0,,,,,,,,,67.0,,,,,,,,,
3796,ExtraTreesClassifier_BASE_LINE_VALUES,1.0,0.0,1.0,,,1.0,,,2019.0,0.0,144.0,3.0,0.0,4.0,,1.0,,1.0,1.0,0.0
4698,ExtraTreesClassifier_BASE_LINE_VALUES,,1.0,,,,,,,2021.0,,,,1.0,4.0,,,,,,
1044,ExtraTreesClassifier_BASE_LINE_VALUES,,,1.0,,,,,,,1.0,,,,,,,,1.0,1.0,
1411,ExtraTreesClassifier_BASE_LINE_VALUES,1.0,1.0,,,0.0,,,,,,,,1.0,,,,,,,
4444,ExtraTreesClassifier_BASE_LINE_VALUES,1.0,0.0,,,,,,,2019.0,,720.0,2.0,0.0,,,,,,,
348,ExtraTreesClassifier_BASE_LINE_VALUES,1.0,0.0,,,,,,,,0.0,720.0,,0.0,,,,,,,
214,ExtraTreesClassifier_BASE_LINE_VALUES,0.0,,1.0,,1.0,1.0,1.0,,2016.0,,,4.0,,,,,,,,
930,ExtraTreesClassifier_BASE_LINE_VALUES,,,,,,,,,2019.0,,,,,,,,,,,
3592,ExtraTreesClassifier_BASE_LINE_VALUES,,,1.0,,1.0,,,,,,67.0,3.0,,4.0,,,,,1.0,
171,ExtraTreesClassifier_BASE_LINE_VALUES,1.0,,,1.0,,,,,,,67.0,,,,,,,,,
769,ExtraTreesClassifier_BASE_LINE_VALUES,1.0,1.0,1.0,,,,,,2019.0,0.0,202.0,,,,,1.0,,,,
3705,ExtraTreesClassifier_BASE_LINE_VALUES,,0.0,1.0,,,,,1.0,,0.0,,5.0,,3.0,,,,,,
3250,ExtraTreesClassifier_BASE_LINE_VALUES,,,,,,,,,,,,,,,,,,,,
3678,ExtraTreesClassifier_BASE_LINE_VALUES,,0.0,,1.0,,1.0,1.0,1.0,2015.0,0.0,67.0,3.0,,5.0,,,1.0,0.0,,1.0
3319,ExtraTreesClassifier_BASE_LINE_VALUES,,,1.0,1.0,,1.0,1.0,1.0,2018.0,0.0,202.0,2.0,0.0,2.0,0.0,,1.0,,,1.0
1037,ExtraTreesClassifier_BASE_LINE_VALUES,,1.0,,,,,,,2020.0,,67.0,4.0,,3.0,,,,,1.0,
517,ExtraTreesClassifier_BASE_LINE_VALUES,,1.0,1.0,1.0,,,,,,,,4.0,,5.0,,,,1.0,,
2476,ExtraTreesClassifier_BASE_LINE_VALUES,,,,,,1.0,1.0,,2018.0,,720.0,2.0,0.0,5.0,,,,,,
618,ExtraTreesClassifier_BASE_LINE_VALUES,1.0,0.0,,,,,1.0,1.0,,0.0,202.0,2.0,,,,1.0,,,,
737,ExtraTreesClassifier_BASE_LINE_VALUES,,1.0,1.0,,1.0,,,,,1.0,67.0,3.0,,,,,,,,
1912,ExtraTreesClassifier_BASE_LINE_VALUES,0.0,,1.0,,1.0,,,,2019.0,,36.0,4.0,,4.0,,,,,,
4668,ExtraTreesClassifier_BASE_LINE_VALUES,,,1.0,,,,,,2018.0,,,,,,,,,,,
3668,ExtraTreesClassifier_BASE_LINE_VALUES,,1.0,,,,,,,,0.0,,,,,,,,,,
2815,ExtraTreesClassifier_BASE_LINE_VALUES,,,1.0,,1.0,,,,2019.0,1.0,36.0,4.0,,3.0,,1.0,,1.0,,1.0
2357,ExtraTreesClassifier_BASE_LINE_VALUES,1.0,0.0,1.0,,,1.0,1.0,1.0,2019.0,0.0,720.0,3.0,,3.0,,,,1.0,,
2736,ExtraTreesClassifier_BASE_LINE_VALUES,0.0,0.0,0.0,,1.0,1.0,,,2011.0,0.0,202.0,2.0,0.0,2.0,1.0,0.0,1.0,1.0,1.0,1.0
960,ExtraTreesClassifier_BASE_LINE_VALUES,1.0,0.0,1.0,,1.0,1.0,1.0,,2019.0,,67.0,2.0,0.0,2.0,0.0,,,,1.0,
1298,ExtraTreesClassifier_BASE_LINE_VALUES,,,,,,,,,2021.0,,36.0,,,,,,,,,
4314,ExtraTreesClassifier_BASE_LINE_VALUES,,,,1.0,,,,,2015.0,1.0,,6.0,,2.0,,,,,,
399,ExtraTreesClassifier_BASE_LINE_VALUES,,,0.0,,,1.0,1.0,,2016.0,0.0,67.0,2.0,0.0,6.0,,,,,1.0,1.0
2340,ExtraTreesClassifier_BASE_LINE_VALUES,,1.0,,,,,,,,,144.0,7.0,,,,,,,,
335,ExtraTreesClassifier_BASE_LINE_VALUES,,1.0,,1.0,1.0,,1.0,1.0,2019.0,0.0,67.0,2.0,0.0,2.0,1.0,0.0,1.0,1.0,1.0,1.0
538,QuadraticDiscriminantAnalysis_BASE_HYPER,1.0,0.0,,1.0,1.0,1.0,1.0,1.0,2018.0,0.0,202.0,2.0,,2.0,,1.0,1.0,,,
2522,QuadraticDiscriminantAnalysis_BASE_HYPER,,,,,,,,,,,,,,,,,,,,
1347,QuadraticDiscriminantAnalysis_BASE_HYPER,,,,,,,,,,,,,,,,,,,,
3259,QuadraticDiscriminantAnalysis_BASE_HYPER,,,,,,,,,,,,,,,,,,,,
4788,QuadraticDiscriminantAnalysis_BASE_HYPER,,,1.0,,,,,,,,,,1.0,4.0,,,0.0,,,
17,QuadraticDiscriminantAnalysis_BASE_HYPER,,,,,,,,,,,,,,,,,,,,
1474,QuadraticDiscriminantAnalysis_BASE_HYPER,,,,,,,,,,,,,,,,,,,,
2484,QuadraticDiscriminantAnalysis_BASE_HYPER,,,,,,,,,,,,,,,,,,,,
3670,QuadraticDiscriminantAnalysis_BASE_HYPER,,,,,,,,,,,,3.0,,,,,,,,
676,QuadraticDiscriminantAnalysis_BASE_HYPER,,,,,,,,,,,,,,,,,,,,
4633,QuadraticDiscriminantAnalysis_BASE_HYPER,,0.0,,,,,1.0,,2017.0,0.0,202.0,2.0,,1.0,,,,,,
2413,QuadraticDiscriminantAnalysis_BASE_HYPER,,0.0,,1.0,1.0,,1.0,,2018.0,0.0,202.0,2.0,0.0,1.0,,,,,,
3420,QuadraticDiscriminantAnalysis_BASE_HYPER,,0.0,,,,,,,2017.0,0.0,202.0,1.0,,1.0,,,,,,
1554,QuadraticDiscriminantAnalysis_BASE_HYPER,,,,,,,,,,,,,,,,,,,,
2223,QuadraticDiscriminantAnalysis_BASE_HYPER,,1.0,1.0,,,,,,,,,,,,,,,,,
3343,QuadraticDiscriminantAnalysis_BASE_HYPER,,1.0,,,,,,,,,,,,,,,,,,
211,QuadraticDiscriminantAnalysis_BASE_HYPER,,,,,,,,,,,,,,,,,,,,
4026,QuadraticDiscriminantAnalysis_BASE_HYPER,,,,,,,,,2019.0,,,,,,,,,,,
4611,QuadraticDiscriminantAnalysis_BASE_HYPER,,,,,,,,,,,,,,,,,,,,
2040,QuadraticDiscriminantAnalysis_BASE_HYPER,,1.0,,,,,,,,,,,,,,,,,,
3360,QuadraticDiscriminantAnalysis_BASE_HYPER,,,,,,,,,,,,,,,,,,,,
1099,QuadraticDiscriminantAnalysis_BASE_HYPER,,,,,,,,,,,,3.0,,,,,,,,
189,QuadraticDiscriminantAnalysis_BASE_HYPER,,,,,,,,,,,,3.0,,,,,,,,
4625,QuadraticDiscriminantAnalysis_BASE_HYPER,,,,,,,,,,,,,,,,,,,,
2988,QuadraticDiscriminantAnalysis_BASE_HYPER,,1.0,,,,,,,,,,,,,,,,,,
2540,QuadraticDiscriminantAnalysis_BASE_HYPER,,,,,,,,,,,,,,,,,,,,
4003,QuadraticDiscriminantAnalysis_BASE_HYPER,,,,,,,,,,,,,,,,,,,,
1900,QuadraticDiscriminantAnalysis_BASE_HYPER,,,,,,,,,,,,,,,,,,,,
1654,QuadraticDiscriminantAnalysis_BASE_HYPER,,,,,,,,,,,,,,,,,,,,
494,QuadraticDiscriminantAnalysis_BASE_HYPER,,,,,,,,,,,,,,,,,,,,
332,QuadraticDiscriminantAnalysis_BASE_HYPER,,,,,,,,,,,,,,,,,,,,
876,QuadraticDiscriminantAnalysis_BASE_HYPER,,,,,,,,,,,,,,,,,,,,
1886,QuadraticDiscriminantAnalysis_BASE_HYPER,,,,,,,,,,,,,,,,,,,,
4010,QuadraticDiscriminantAnalysis_BASE_HYPER,,,,,,,,,,,,,,,,,,,,
4693,QuadraticDiscriminantAnalysis_BASE_HYPER,,,,,,,,,,,,,,,,,,,,
4906,QuadraticDiscriminantAnalysis_BASE_HYPER,,,,,,,,,,,,,,,,,,,,
4894,QuadraticDiscriminantAnalysis_BASE_HYPER,,,,,,,,,,,,,,,,,,,,
890,QuadraticDiscriminantAnalysis_BASE_HYPER,,,,,,,,,,,,,,,,,,,,
2202,QuadraticDiscriminantAnalysis_BASE_HYPER,,,,,,,,,,,,,,,,,,,,
4572,QuadraticDiscriminantAnalysis_BASE_HYPER,,,,,,,,,,,,,,,,,,,,
3119,QuadraticDiscriminantAnalysis_BASE_HYPER,,,,,,,,,,,,,,,,,,,,
3379,QuadraticDiscriminantAnalysis_BASE_HYPER,,,,,,,,,,,,,,,,,,,,
561,QuadraticDiscriminantAnalysis_BASE_HYPER,,,,,,,,,,,,,,,,,,,,
4516,QuadraticDiscriminantAnalysis_BASE_HYPER,,,,,,,,,,,,,,,,,,,,
4844,QuadraticDiscriminantAnalysis_BASE_HYPER,,,,,,,,,,,,,,,,,,,,
2986,QuadraticDiscriminantAnalysis_BASE_HYPER,,,,,,,,,,,,,,,,,,,,
4419,QuadraticDiscriminantAnalysis_BASE_HYPER,,,,,,,,,,,,,,,,,,,,
1781,QuadraticDiscriminantAnalysis_BASE_HYPER,,,,,,,,,,,,,,,,,,,,
1032,QuadraticDiscriminantAnalysis_BASE_HYPER,,,,,,,,,,,67.0,4.0,,3.0,,,,1.0,,
1864,QuadraticDiscriminantAnalysis_BASE_HYPER,,,,,,,,,,,,,,,,,,,,
1301,QuadraticDiscriminantAnalysis_BASE_HYPER,,,,,,,,,,,,4.0,,,,,,,,
4125,QuadraticDiscriminantAnalysis_BASE_HYPER,,,,,,,,,,1.0,,,,,,,,,,
981,QuadraticDiscriminantAnalysis_BASE_HYPER,,,,,,,,,,,,,,,,,,,,
2082,QuadraticDiscriminantAnalysis_BASE_HYPER,,,,,,,,,,,,,,,,,,,,
3002,QuadraticDiscriminantAnalysis_BASE_HYPER,,,,,,,,,,,,,,,,,,,,
976,QuadraticDiscriminantAnalysis_BASE_HYPER,,,,,,,,,,,,,,,,,,,,
4619,QuadraticDiscriminantAnalysis_BASE_HYPER,,,,,,,,,,,,,,,,,,,,
3127,QuadraticDiscriminantAnalysis_BASE_HYPER,,,,,,,,,,,,,,,,,,,,
2278,QuadraticDiscriminantAnalysis_BASE_HYPER,,,,,,,,,2019.0,,67.0,,,3.0,,,0.0,1.0,,1.0
3781,QuadraticDiscriminantAnalysis_BASE_HYPER,,,,,,,,,,,,,,,,,,,,
2069,QuadraticDiscriminantAnalysis_BASE_HYPER,,,,,,,,,,,,,,,,,,,,
1267,QuadraticDiscriminantAnalysis_BASE_HYPER,,,,,,,,,,,,,,,,,,,,
2490,QuadraticDiscriminantAnalysis_BASE_HYPER,,,,,,,,,,,,,,,,,,,,
1088,QuadraticDiscriminantAnalysis_BASE_HYPER,,,,,,,,,,,,,,,,,,,,
3861,QuadraticDiscriminantAnalysis_BASE_HYPER,,,,,,,,,,,,,,,,,,,,
277,QuadraticDiscriminantAnalysis_BASE_HYPER,,,1.0,,,,,,,1.0,,,,,,,,,,
3899,QuadraticDiscriminantAnalysis_BASE_HYPER,,,1.0,,,,,,,,,3.0,,,,,,1.0,,
4351,QuadraticDiscriminantAnalysis_BASE_HYPER,,,,,,,,,,,,,,,,,,,,
2216,QuadraticDiscriminantAnalysis_BASE_HYPER,,,,,,,,,,,,,,,,,,,,
3121,QuadraticDiscriminantAnalysis_BASE_HYPER,,,,,,,,,,1.0,,,,,,,,,,
191,QuadraticDiscriminantAnalysis_BASE_HYPER,,,,,,,,,,,,3.0,,,,,,,,
1663,QuadraticDiscriminantAnalysis_BASE_HYPER,,,,,,,,,,,,,,,,,,,,
2511,QuadraticDiscriminantAnalysis_BASE_HYPER,,,,,,,,,,,,,,,,,,,,
2021,QuadraticDiscriminantAnalysis_BASE_HYPER,,,,,,,,,,,,,,,,,,,,
2531,QuadraticDiscriminantAnalysis_BASE_HYPER,,,1.0,,,,,,2019.0,,67.0,,,,,,,,,
2297,QuadraticDiscriminantAnalysis_BASE_HYPER,,,,,,,,,,,,,,,,,,,,
3901,QuadraticDiscriminantAnalysis_BASE_HYPER,,,,,,,,,,,,,,,,,,,,
3806,QuadraticDiscriminantAnalysis_BASE_HYPER,,,,,,,,,,,,,,,,,,,,
3783,QuadraticDiscriminantAnalysis_BASE_HYPER,,,,,,,,,,,,,,,,,,,,
4822,QuadraticDiscriminantAnalysis_BASE_HYPER,,,,,,,,,,,,,,,,,,,,
4759,QuadraticDiscriminantAnalysis_BASE_HYPER,,,,,,,,,,,,,,,,,,,,
1400,QuadraticDiscriminantAnalysis_BASE_HYPER,,,,,,,,,,,,3.0,,,,,,,,
1679,QuadraticDiscriminantAnalysis_BASE_HYPER,,,,,,,,,,,,,,,,,,,,
342,QuadraticDiscriminantAnalysis_BASE_HYPER,,1.0,,,,,,,,,,,,,,,,,,
1274,QuadraticDiscriminantAnalysis_BASE_HYPER,,,,,,,,,,,,,,,,,,,,
4308,QuadraticDiscriminantAnalysis_BASE_HYPER,,,,,,,,,,,,,,,,,,,,
2190,QuadraticDiscriminantAnalysis_BASE_HYPER,,,,,,,,,,,,,,,,,,,,
2347,QuadraticDiscriminantAnalysis_BASE_HYPER,,,,,,,,,,,,,,,,,,,,
1566,QuadraticDiscriminantAnalysis_BASE_HYPER,,,,,,,,,,,,,,,,,,,,
2982,QuadraticDiscriminantAnalysis_BASE_HYPER,,,,,,,,,,,,,,,,,,,,
1797,QuadraticDiscriminantAnalysis_BASE_HYPER,,,,,,,,,,,,,,,,,,,,
4367,QuadraticDiscriminantAnalysis_BASE_HYPER,,1.0,,,,,,,,,,,,,,,,,,
1631,QuadraticDiscriminantAnalysis_BASE_HYPER,,,,,,,,,,,,,,,,,,,,
4144,QuadraticDiscriminantAnalysis_BASE_HYPER,,,,,,,,,,,,,,,,,,,,
894,QuadraticDiscriminantAnalysis_BASE_HYPER,,1.0,,,,,,,,1.0,,,,,,,,,,
3844,QuadraticDiscriminantAnalysis_BASE_HYPER,,,,,,,,,,,,,,,,,,,,
476,QuadraticDiscriminantAnalysis_BASE_HYPER,,,,,,,,,,,,,,,,,,,,
318,QuadraticDiscriminantAnalysis_BASE_HYPER,,,,,,,,,,,,,,,,,,,,
446,QuadraticDiscriminantAnalysis_BASE_HYPER,,,,,,,,,,,36.0,3.0,,,,,,,,
102,QuadraticDiscriminantAnalysis_BASE_HYPER,,,,,,,,,,,,,,,,,,,,
3514,QuadraticDiscriminantAnalysis_BASE_HYPER,,,,,,,,,,,,,,,,,,,,
3913,QuadraticDiscriminantAnalysis_BASE_HYPER,,,1.0,,,,,,,1.0,,,,,,,,,,
262,QuadraticDiscriminantAnalysis_BASE_HYPER,,,,,,,,,,,,,,,,,,,,
2629,QuadraticDiscriminantAnalysis_BASE_HYPER,,,,,,,,,,,,,,,,,,,,
4073,QuadraticDiscriminantAnalysis_BASE_HYPER,,,,,,,,,,,,,,,,,,,,
1224,QuadraticDiscriminantAnalysis_BASE_HYPER,,,,,,,,,,,,3.0,,,,,,,,
4078,QuadraticDiscriminantAnalysis_BASE_HYPER,,,1.0,,,,,,,1.0,,,,,,,,,,
2621,QuadraticDiscriminantAnalysis_BASE_HYPER,,,,,,,,,,,,,,,,,,,,
362,QuadraticDiscriminantAnalysis_BASE_HYPER,,,,,,,,,,,,,,,,,,,,
2178,QuadraticDiscriminantAnalysis_BASE_HYPER,,,,,,,,,,,,,,,,,,,,
4254,QuadraticDiscriminantAnalysis_BASE_HYPER,,,,,,,,,2019.0,,,,,,,,,,,
1861,QuadraticDiscriminantAnalysis_BASE_HYPER,,1.0,,,,,,,,,,,,,,,,,,
2072,QuadraticDiscriminantAnalysis_BASE_HYPER,,1.0,,,,,,,,,,,,,,,,,,
4907,QuadraticDiscriminantAnalysis_BASE_HYPER,,1.0,,,,,,,,,,,,,,,,,,
1845,QuadraticDiscriminantAnalysis_BASE_HYPER,,,,,,,,,,,,,,,,,,,,
2815,QuadraticDiscriminantAnalysis_BASE_HYPER,,,,,,,,,,,,,,,,,,,,
4323,QuadraticDiscriminantAnalysis_BASE_HYPER,,,,,,,,,,,,,,,,,,,,
1442,QuadraticDiscriminantAnalysis_BASE_HYPER,,,,,,,,,,,,,,,,,,,,
1585,QuadraticDiscriminantAnalysis_BASE_HYPER,,,,,,,,,,,,,,,,,,,,
2673,QuadraticDiscriminantAnalysis_BASE_HYPER,,,,,,,,,,,,,,,,,,,,
224,QuadraticDiscriminantAnalysis_BASE_HYPER,,,,,,,,,,,,,,,,,,,,
4706,QuadraticDiscriminantAnalysis_BASE_HYPER,,,,,,,,,,,,,,,,,,,,
2762,QuadraticDiscriminantAnalysis_BASE_HYPER,,,,,,,,,,,,3.0,,,,,,,,
1498,QuadraticDiscriminantAnalysis_BASE_HYPER,,1.0,,,,,,,,,,,,,,,,,,
1728,QuadraticDiscriminantAnalysis_BASE_HYPER,,,,,,,,,,,,,,,,,,,,
2777,QuadraticDiscriminantAnalysis_BASE_HYPER,,,,,,,,,,,,3.0,,,,,,,,
3891,QuadraticDiscriminantAnalysis_BASE_HYPER,,,1.0,,,,,,,1.0,,,,,,,,,,
2213,QuadraticDiscriminantAnalysis_BASE_HYPER,,,,,,,,,,,,,,,,,,,,
1624,QuadraticDiscriminantAnalysis_BASE_HYPER,,,,,,,,,,,,,,,,,,,,
745,QuadraticDiscriminantAnalysis_BASE_HYPER,,,,,,,,,,,,,,,,,,,,
234,QuadraticDiscriminantAnalysis_BASE_HYPER,,,,,,,,,,,,,,,,,,,,
541,QuadraticDiscriminantAnalysis_BASE_HYPER,,,,,,,,,,,,,,,,,,,,
3807,QuadraticDiscriminantAnalysis_BASE_HYPER,,,,,,,,,,,,,,,,,,,,
4899,QuadraticDiscriminantAnalysis_BASE_HYPER,,,,,,,,,,,,,,,,,,,,
250,QuadraticDiscriminantAnalysis_BASE_HYPER,,,,,,,,,,,,,,,,,,,,
379,QuadraticDiscriminantAnalysis_BASE_HYPER,,,,,,,,,,,,,,,,,,,,
837,DecisionTreeClassifier_BASE_HYPER,,1.0,,,,,,,,1.0,,,,,,,,,,
243,DecisionTreeClassifier_BASE_HYPER,,1.0,,,,,,,,,,,,,,,,,,
276,DecisionTreeClassifier_BASE_HYPER,,0.0,,,,,,,2014.0,,720.0,2.0,,6.0,,,,,,
2002,DecisionTreeClassifier_BASE_HYPER,,1.0,,,,,,,,1.0,,,,,,,,,,
3757,DecisionTreeClassifier_BASE_HYPER,,1.0,,,,,1.0,,,,,,,,,,,,,
1980,DecisionTreeClassifier_BASE_HYPER,,0.0,,,,,,,2012.0,,720.0,2.0,,,,,,,,
4668,DecisionTreeClassifier_BASE_HYPER,,1.0,,,,,,,,,,,,,,,,,,
3411,DecisionTreeClassifier_BASE_HYPER,,,,,,,,,,,67.0,,,,,,,,,
959,DecisionTreeClassifier_BASE_HYPER,,,,,,,,,,,,,,,,,,,,
3332,DecisionTreeClassifier_BASE_HYPER,,0.0,,,,,,,2014.0,,720.0,1.0,,6.0,,,,,,
51,DecisionTreeClassifier_BASE_HYPER,,1.0,,,,,1.0,,,,,,,,,,,,,
189,DecisionTreeClassifier_BASE_HYPER,,,,,,,,,,,,3.0,,,0.0,,,,,
1059,DecisionTreeClassifier_BASE_HYPER,,1.0,1.0,,,,,,,,,,,,,,,,,
1349,DecisionTreeClassifier_BASE_HYPER,,,,,,,,,,,,,,,,,,,,
1347,DecisionTreeClassifier_BASE_HYPER,,1.0,,,,,1.0,,,,,,,,,,,,,
262,DecisionTreeClassifier_BASE_HYPER,,1.0,,,,,,,,,,,,,,,,,,
1411,DecisionTreeClassifier_BASE_HYPER,,1.0,1.0,,,,1.0,,,,,,,,,,,,,
3143,DecisionTreeClassifier_BASE_HYPER,,0.0,,,,,,,2014.0,,720.0,2.0,,6.0,,,,,,
191,DecisionTreeClassifier_BASE_HYPER,,,,,,,,,,,,2.0,,,,,,,,
887,DecisionTreeClassifier_BASE_HYPER,,1.0,1.0,,,,,,,,,,,,,,,,,
1826,DecisionTreeClassifier_BASE_HYPER,,1.0,1.0,,,,,,,,,,,,,,,,,
2075,DecisionTreeClassifier_BASE_HYPER,,,,,,,,,,,,,,,,,,,,
271,DecisionTreeClassifier_BASE_HYPER,,1.0,,,,,,,,,,,,,,,,,,
1056,DecisionTreeClassifier_BASE_HYPER,,0.0,,,,,,,2014.0,,720.0,2.0,,6.0,,,,,,
2699,DecisionTreeClassifier_BASE_HYPER,,0.0,,,,,,,2014.0,,720.0,2.0,,6.0,,,,,,
1634,DecisionTreeClassifier_BASE_HYPER,,1.0,,,,,,,,,,,,,,,,,,
2861,DecisionTreeClassifier_BASE_HYPER,,0.0,,,,,,,2014.0,,720.0,2.0,,6.0,,,,,,
100,DecisionTreeClassifier_BASE_HYPER,,0.0,,,,,,,2014.0,,720.0,2.0,,6.0,,,,,,
4139,DecisionTreeClassifier_BASE_HYPER,,,,,,,,,,,,2.0,,,,,,,,
1886,DecisionTreeClassifier_BASE_HYPER,,,,,,,,,2019.0,1.0,,,,,,,,,,
4214,DecisionTreeClassifier_BASE_HYPER,,1.0,,,,,,,,,67.0,,,,,,,,,
3409,DecisionTreeClassifier_BASE_HYPER,,1.0,,,,,,,,,,,,,,,,,,
1707,DecisionTreeClassifier_BASE_HYPER,,1.0,1.0,,,,1.0,,,,,,,,,,,,,
1697,DecisionTreeClassifier_BASE_HYPER,,1.0,,,,,,,,,,,,,,,,,,
4823,DecisionTreeClassifier_BASE_HYPER,,0.0,,,,,,,2014.0,,720.0,2.0,,6.0,,,,,,
1955,DecisionTreeClassifier_BASE_HYPER,,1.0,,,,,,,,1.0,,,,,,,,,,
2590,DecisionTreeClassifier_BASE_HYPER,,,,,,,,,,,,3.0,,,0.0,,,,,
3507,DecisionTreeClassifier_BASE_HYPER,,1.0,1.0,,,,,,,,,,,,,,,,,
3758,DecisionTreeClassifier_BASE_HYPER,,1.0,1.0,,,,,,,,,,,,,,,,,
2762,DecisionTreeClassifier_BASE_HYPER,,,,,,,,,,,,2.0,,,,,,,,
2632,DecisionTreeClassifier_BASE_HYPER,,1.0,1.0,,,,,,,,,,,,,,,,,
3901,DecisionTreeClassifier_BASE_HYPER,,,,,,,,,,,,2.0,,,,,,,,
4858,DecisionTreeClassifier_BASE_HYPER,,0.0,,,,,,,2012.0,,720.0,2.0,,,,,,,,
2417,DecisionTreeClassifier_BASE_HYPER,,1.0,,,,,,,,,67.0,,,,,,,,,
978,DecisionTreeClassifier_BASE_HYPER,,1.0,,,,,,,,,,,,,,,,,,
2679,DecisionTreeClassifier_BASE_HYPER,,,,,,,,,,,,3.0,,1.0,,,,,,
1380,DecisionTreeClassifier_BASE_HYPER,,,,,,,,,,,67.0,,,,,,,,,
91,DecisionTreeClassifier_BASE_HYPER,,1.0,,,,,,,,,,,,,,,,,,
3294,DecisionTreeClassifier_BASE_HYPER,,,,,,,,,2019.0,1.0,,,,,,,,,,
4050,DecisionTreeClassifier_BASE_HYPER,,1.0,,,1.0,,,,,,,,,,,,,,,
200,DecisionTreeClassifier_BASE_HYPER,,,,,,,,,,,,2.0,,,,,,,,
4239,DecisionTreeClassifier_BASE_HYPER,,,,,,,,,,,,2.0,,,,,,,,
4385,DecisionTreeClassifier_BASE_HYPER,,,,,,,,,,,,,,,,,,,,
4314,DecisionTreeClassifier_BASE_HYPER,,1.0,,,,,,,,1.0,,,,,,,,,,
1627,DecisionTreeClassifier_BASE_HYPER,,1.0,,,,,,,,,,,,,,,,,,
1055,DecisionTreeClassifier_BASE_HYPER,,1.0,,,,,,,,,,,,,,,,,,
1398,DecisionTreeClassifier_BASE_HYPER,,,,,,,,,,,,,,,,,,,,
4354,DecisionTreeClassifier_BASE_HYPER,,,,,,,,,,,67.0,,,,,,,,,
4052,DecisionTreeClassifier_BASE_HYPER,,,,,,,,,,,67.0,,,,,,,,,
4481,DecisionTreeClassifier_BASE_HYPER,,,,,,,,,,,67.0,,,,,,,,,
4775,DecisionTreeClassifier_BASE_HYPER,,1.0,,,,,,,,1.0,,,,,,,,,,
3576,DecisionTreeClassifier_BASE_HYPER,,,,,,,,,,,,,,,,,,,,
3960,DecisionTreeClassifier_BASE_HYPER,,1.0,,,,,,,,,,,,,,,,,,
3783,DecisionTreeClassifier_BASE_HYPER,,,,,,,,,,,,,,,,,,,,
4077,DecisionTreeClassifier_BASE_HYPER,,1.0,1.0,,,,,,,,,,,,,,,,,
2657,DecisionTreeClassifier_BASE_HYPER,,1.0,1.0,,,,,,,,,,,,,,,,,
581,DecisionTreeClassifier_BASE_HYPER,,1.0,,,,,1.0,,,,,,,,,,,,,
4746,DecisionTreeClassifier_BASE_HYPER,,1.0,,,,,,,,,,,,,,,,,,
2841,DecisionTreeClassifier_BASE_HYPER,,0.0,,,,,,,2016.0,,202.0,1.0,0.0,6.0,1.0,,,,,
839,DecisionTreeClassifier_BASE_HYPER,,0.0,,,,,,,2012.0,,720.0,2.0,,,,,,,,
3514,DecisionTreeClassifier_BASE_HYPER,,1.0,,,,,,,,,,,,,,,,,,
911,DecisionTreeClassifier_BASE_HYPER,,1.0,,,,,,,,,,,,,,,,,,
4911,DecisionTreeClassifier_BASE_HYPER,,,,,,,1.0,,,,,,,,,,,,,
663,DecisionTreeClassifier_BASE_HYPER,,0.0,,,,,,,2012.0,,720.0,2.0,,,,,,,,
2964,DecisionTreeClassifier_BASE_HYPER,,1.0,1.0,,,,,,,,,,,,,,,,,
2652,DecisionTreeClassifier_BASE_HYPER,,,,,,,,,,,,,,,,,,,,
1210,DecisionTreeClassifier_BASE_HYPER,,1.0,,,,,,,,,,,,,,,,,,
3231,DecisionTreeClassifier_BASE_HYPER,,1.0,,,,,,,,,,,,,,,,,,
89,DecisionTreeClassifier_BASE_HYPER,,1.0,,,,,,,,,,,,,,,,,,
554,DecisionTreeClassifier_BASE_HYPER,,,,,,,,,,,,,,,,,,,,
894,DecisionTreeClassifier_BASE_HYPER,,1.0,,,,,,,,1.0,,,,,,,,,,
4460,DecisionTreeClassifier_BASE_HYPER,,0.0,,,,,,,,,720.0,2.0,,,,,,,,
2124,DecisionTreeClassifier_BASE_HYPER,,0.0,,,,,,,2012.0,,720.0,2.0,,,,,,,,
3369,DecisionTreeClassifier_BASE_HYPER,,1.0,,,,,,,,,,,,,,,,,,
3314,DecisionTreeClassifier_BASE_HYPER,,0.0,,,,,,,2012.0,,720.0,2.0,,,,,,,,
860,DecisionTreeClassifier_BASE_HYPER,,0.0,,,,,,,2014.0,,720.0,2.0,,6.0,,,,,,
4699,DecisionTreeClassifier_BASE_HYPER,,0.0,,,,,,,2012.0,,720.0,2.0,,,,,,,,
3386,DecisionTreeClassifier_BASE_HYPER,,,,,,,,,,,,,,,,,,,,
2801,DecisionTreeClassifier_BASE_HYPER,,,,,,,,,,,,,,,,,,,,
1006,DecisionTreeClassifier_BASE_HYPER,,1.0,1.0,,,,,,,,,,,,,,,,,
4522,DecisionTreeClassifier_BASE_HYPER,,1.0,,,,,,,,1.0,,,,,,,,,,
1573,DecisionTreeClassifier_BASE_HYPER,,1.0,,,,,,,,,,,,,,,,,,
3573,DecisionTreeClassifier_BASE_HYPER,,,,,,,,,,,,2.0,,1.0,,,,,,
2047,DecisionTreeClassifier_BASE_HYPER,,1.0,,,,,1.0,,,,,,,,,,,,,
4175,DecisionTreeClassifier_BASE_HYPER,,,,,,,,,,,,2.0,,,,,,,,
1659,DecisionTreeClassifier_BASE_HYPER,,,,,1.0,,,,,,,,,,,,,,,
503,DecisionTreeClassifier_BASE_HYPER,,,,,,,,,,,,,,,,,,,,
4579,DecisionTreeClassifier_BASE_HYPER,,1.0,,,,,,,,,,,,,,,,,,
789,DecisionTreeClassifier_BASE_HYPER,,,,,,,,,,,67.0,3.0,,,,,,,,
4609,DecisionTreeClassifier_BASE_HYPER,,,,,,,,,,,,,,,,,,,,
2121,DecisionTreeClassifier_BASE_HYPER,,1.0,1.0,,,,1.0,,,,,,,,,,,,,
4894,DecisionTreeClassifier_BASE_HYPER,,,,,,,,,,,,,,,,,,,,
4862,DecisionTreeClassifier_BASE_HYPER,,0.0,,,,,,,2012.0,,720.0,2.0,,,,,,,,
4597,DecisionTreeClassifier_BASE_HYPER,,,,,,,,,,,,,,,,,,,,
2533,DecisionTreeClassifier_BASE_HYPER,,,,,,,,,,,,,,,,,,,,
2936,DecisionTreeClassifier_BASE_HYPER,,1.0,,,,,,,,,,,,,,,,,,
4022,DecisionTreeClassifier_BASE_HYPER,,1.0,,,,,,,,,,,,,,,,,,
3517,DecisionTreeClassifier_BASE_HYPER,,,,,,,,,,,67.0,,,,,,,,,
1863,DecisionTreeClassifier_BASE_HYPER,,,,,,,,,,,,2.0,,1.0,,,,,,
683,DecisionTreeClassifier_BASE_HYPER,,,,,,,,,,,,,,,,,,,,
3021,DecisionTreeClassifier_BASE_HYPER,,,0.0,,,,,,2016.0,0.0,202.0,1.0,,,,,,,,
4220,DecisionTreeClassifier_BASE_HYPER,,1.0,1.0,,,,,,,,,,,,,,,,,
4198,DecisionTreeClassifier_BASE_HYPER,,1.0,,,,,,,,,,,,,,,,,,
2928,DecisionTreeClassifier_BASE_HYPER,,1.0,,,,,,,,,,,,,,,,,,
4800,DecisionTreeClassifier_BASE_HYPER,,1.0,,,1.0,,,,,,,,,,,,,,,
3829,DecisionTreeClassifier_BASE_HYPER,,,,,,,,,,,67.0,,,,,,,,,
2383,DecisionTreeClassifier_BASE_HYPER,,1.0,,,,,,,,,,,,,,,,,,
1066,DecisionTreeClassifier_BASE_HYPER,,,,,,,,,,,,3.0,,1.0,,,,,,
646,DecisionTreeClassifier_BASE_HYPER,,1.0,,,,,,,,,,,,,,,,,,
2399,DecisionTreeClassifier_BASE_HYPER,,,,,,,,,,,,,,,,,,,,
1622,DecisionTreeClassifier_BASE_HYPER,,0.0,,,,,,,2012.0,,720.0,2.0,,,,,,,,
1552,DecisionTreeClassifier_BASE_HYPER,,1.0,,,,,,,,,,,,,,,,,,
3879,DecisionTreeClassifier_BASE_HYPER,,,,,,,1.0,,,,,,,,,,,,,
2511,DecisionTreeClassifier_BASE_HYPER,,1.0,,,,,,,,,,,,,,,,,,
1785,DecisionTreeClassifier_BASE_HYPER,,0.0,,,,,,,2012.0,,720.0,2.0,,,,,,,,
4422,DecisionTreeClassifier_BASE_HYPER,,1.0,1.0,,,,,,,,,,,,,,,,,
1173,DecisionTreeClassifier_BASE_HYPER,,0.0,,,,,,,2016.0,,202.0,1.0,0.0,6.0,1.0,,,,,
720,DecisionTreeClassifier_BASE_HYPER,,,,,,,,,,,,,,,,,,,,
3109,DecisionTreeClassifier_BASE_HYPER,,,,,,,,,,,67.0,,,,,,,,,
97,DecisionTreeClassifier_BASE_HYPER,,1.0,1.0,,,,,,,,,,,,,,,,,
2612,DecisionTreeClassifier_BASE_HYPER,,0.0,,,,,,,2014.0,,720.0,2.0,,6.0,,,,,,
2824,DecisionTreeClassifier_BASE_HYPER,,0.0,,,,,,,2012.0,,720.0,1.0,,,,,,,,
4883,DecisionTreeClassifier_BASE_HYPER,,1.0,,,,,,,,,,,,,,,,,,
3030,XGBClassifier_BASE_HYPER,,,,,,,,,,,,2.0,,,,,,,,
3510,XGBClassifier_BASE_HYPER,,1.0,,,,,,,,,,,,,,,,,,
3103,XGBClassifier_BASE_HYPER,,1.0,,,,,,,,,36.0,,,,,,,,,
657,XGBClassifier_BASE_HYPER,,,,,,,,,,,,,,,,,,,,
2161,XGBClassifier_BASE_HYPER,,,,,,,,,,,,,,,,,,,,
2217,XGBClassifier_BASE_HYPER,,1.0,,,,,,,,,67.0,,,,,,,,,
4566,XGBClassifier_BASE_HYPER,,1.0,,,,,,,,,,,,,,,,,,
1237,XGBClassifier_BASE_HYPER,,,,,,,,,,,,,,,,,,,,
2074,XGBClassifier_BASE_HYPER,,0.0,,,,,1.0,,2012.0,0.0,202.0,2.0,,6.0,,,,,,
3362,XGBClassifier_BASE_HYPER,,,,,,,,,2019.0,,,,,,,,,,,
4176,XGBClassifier_BASE_HYPER,,,0.0,,,,1.0,,2016.0,0.0,202.0,2.0,0.0,3.0,,,,,,
2197,XGBClassifier_BASE_HYPER,,0.0,,,1.0,,1.0,,2016.0,,202.0,2.0,0.0,3.0,,,,0.0,,
2077,XGBClassifier_BASE_HYPER,,1.0,,,,,,,,,,,,,,,,,,
4900,XGBClassifier_BASE_HYPER,,,1.0,,,,,,2019.0,1.0,,,,4.0,,,,,,
894,XGBClassifier_BASE_HYPER,,1.0,,,,,,,,1.0,,,,,,,,,,
737,XGBClassifier_BASE_HYPER,,,,,,,,,,,,,,,,,,,,
4348,XGBClassifier_BASE_HYPER,,1.0,1.0,,,,,,,,36.0,,,,,,,,,
4903,XGBClassifier_BASE_HYPER,,,,,,,,,,,,,,,,,,,,
4638,XGBClassifier_BASE_HYPER,,1.0,,,,,,,,,,,,,,,,,,
2511,XGBClassifier_BASE_HYPER,,1.0,,,,,,,,,,,,,,,,,,
136,XGBClassifier_BASE_HYPER,,1.0,,,,,,,,,,,,,,,,,,
77,XGBClassifier_BASE_HYPER,,,,,,,,,,,,,,,,,,,,
1037,XGBClassifier_BASE_HYPER,,,,,,,,,,,,,,,,,,,,
2309,XGBClassifier_BASE_HYPER,,1.0,,,,,,,,,,,,,,,,,,
2917,XGBClassifier_BASE_HYPER,,1.0,1.0,,,,,,,,36.0,,,,,,,,,
1518,XGBClassifier_BASE_HYPER,,,,,,,,,,,,3.0,,,,,,,,
155,XGBClassifier_BASE_HYPER,,,,,,,,,,,36.0,,,,,,,,,
3418,XGBClassifier_BASE_HYPER,,0.0,,,,,1.0,,2015.0,0.0,202.0,2.0,,6.0,,,,,,
887,XGBClassifier_BASE_HYPER,,1.0,1.0,,,,,,,,,,,,,,,,,
837,XGBClassifier_BASE_HYPER,,,,,,,,,,,,,,,,,,,,
4423,XGBClassifier_BASE_HYPER,,,,,,,,,,,,,,,,,,,,
1398,XGBClassifier_BASE_HYPER,,,,,,,,,,,36.0,,,,,,,,,
620,XGBClassifier_BASE_HYPER,,,,1.0,,,,,2019.0,1.0,,,,4.0,,,,,,
1967,XGBClassifier_BASE_HYPER,,,,,,,,,,,,,,,,,,,,
1755,XGBClassifier_BASE_HYPER,,1.0,,,,,,,,,,,,,,,,,,
3562,XGBClassifier_BASE_HYPER,,1.0,,1.0,,,,,2020.0,1.0,,,,,,,,,,1.0
2426,XGBClassifier_BASE_HYPER,,0.0,,,,,1.0,,2012.0,0.0,202.0,2.0,0.0,6.0,,,,,,
1279,XGBClassifier_BASE_HYPER,,0.0,,,,,1.0,,2014.0,,202.0,2.0,0.0,3.0,,,,,,
4840,XGBClassifier_BASE_HYPER,,0.0,,,1.0,,1.0,,2016.0,,202.0,2.0,0.0,3.0,,,,,,
3349,XGBClassifier_BASE_HYPER,,,,,,,,,,,,,,,,,,,,
3455,XGBClassifier_BASE_HYPER,,0.0,,,,,1.0,,2012.0,,202.0,2.0,,6.0,,,,,,
2329,XGBClassifier_BASE_HYPER,,,,,,,,,,,,,,,,,,,,
437,XGBClassifier_BASE_HYPER,,,0.0,,,,1.0,,2014.0,0.0,202.0,1.0,0.0,6.0,,,,,,
3700,XGBClassifier_BASE_HYPER,,,,,,,,,,,,,,,,,,,,
2001,XGBClassifier_BASE_HYPER,,1.0,1.0,,,,,,,,,,,,,,,,,
4891,XGBClassifier_BASE_HYPER,,1.0,,,,,,,,1.0,,,,,,,,,,
1898,XGBClassifier_BASE_HYPER,,,,,,,,,,,67.0,3.0,,4.0,,,,,,
4299,XGBClassifier_BASE_HYPER,,1.0,,,,,,,,1.0,,,,,,,,,,
2198,XGBClassifier_BASE_HYPER,,,,,,,,,,,,,,,,,,,,
1720,XGBClassifier_BASE_HYPER,,,,,,,,,,,,3.0,,,,,,,,
939,XGBClassifier_BASE_HYPER,,,1.0,,,1.0,,,2021.0,,36.0,3.0,,,0.0,,,1.0,,
3414,XGBClassifier_BASE_HYPER,,,,,,,,,,,,,,,,,,,,
3943,XGBClassifier_BASE_HYPER,,1.0,,,,,,,,,,,,,,,,,,
550,XGBClassifier_BASE_HYPER,,,,,,,,,,,,,,,,,,,,
1241,XGBClassifier_BASE_HYPER,1.0,0.0,,,1.0,,1.0,,2015.0,0.0,202.0,2.0,,6.0,,,,,,
1462,XGBClassifier_BASE_HYPER,,,,,,,,,,,,2.0,,,,,,,,
4406,XGBClassifier_BASE_HYPER,,,,,,,,,,,,,,,,,,,,
1864,XGBClassifier_BASE_HYPER,,,,,,,,,,,,,,,,,,,,
4853,XGBClassifier_BASE_HYPER,,,1.0,1.0,0.0,1.0,,,2021.0,,67.0,,,4.0,,,,1.0,,1.0
4719,XGBClassifier_BASE_HYPER,,,,,,,,,,,,3.0,,,,,,,,
4724,XGBClassifier_BASE_HYPER,,,,,,,,,,,,,,,,,,,,
3397,XGBClassifier_BASE_HYPER,,,,,,,,,,,,,,,,,,,,
4588,XGBClassifier_BASE_HYPER,,,,,,,,,,,,,,,,,,,,
2461,XGBClassifier_BASE_HYPER,,,,,,1.0,,,2020.0,,36.0,3.0,,2.0,,,,1.0,,1.0
4077,XGBClassifier_BASE_HYPER,,1.0,,,,,,,,,,,,,,,,,,
317,XGBClassifier_BASE_HYPER,,,,,,,,,2020.0,,67.0,,,,,,,,,
262,XGBClassifier_BASE_HYPER,,,,,,,,,,,,,,,,,,,,
3196,XGBClassifier_BASE_HYPER,,,,,,,,,,,,,,,,,,,,
4778,XGBClassifier_BASE_HYPER,,1.0,,,,,,,,1.0,,,,,,,,,,
102,XGBClassifier_BASE_HYPER,,,,,,,,,,,,,,,,,,,,
189,XGBClassifier_BASE_HYPER,,,,,,,,,,,,3.0,,,,,,,,
4800,XGBClassifier_BASE_HYPER,,,,,,,,,,,,,,,,,,,,
2297,XGBClassifier_BASE_HYPER,,1.0,,,,,,,,,36.0,,,,,,,,,
2021,XGBClassifier_BASE_HYPER,,1.0,1.0,,,,,,,,,,,,,,,,,
4284,XGBClassifier_BASE_HYPER,,1.0,,,,,,,,,,,,,,,,,,
2936,XGBClassifier_BASE_HYPER,,,,,,,,,,,,,,,,,,,,
2378,XGBClassifier_BASE_HYPER,1.0,0.0,,,1.0,,1.0,,2016.0,0.0,67.0,1.0,0.0,6.0,1.0,,,0.0,,
3743,XGBClassifier_BASE_HYPER,,,,,,,,,,,36.0,4.0,,,,,,,,
821,XGBClassifier_BASE_HYPER,,1.0,,1.0,,,,,2019.0,,67.0,,,,,,,,,
1167,XGBClassifier_BASE_HYPER,,1.0,1.0,,,,,,,,,,,,,,,,,
4287,XGBClassifier_BASE_HYPER,,1.0,,,,,,,,,,,,,,,,,,
3850,XGBClassifier_BASE_HYPER,,1.0,,,,,,,,,36.0,,,4.0,,,,1.0,,
1990,XGBClassifier_BASE_HYPER,,,0.0,,1.0,,1.0,,2018.0,0.0,202.0,1.0,0.0,3.0,1.0,,1.0,,,0.0
4585,XGBClassifier_BASE_HYPER,,1.0,1.0,,,,,,,,,,,,,,,,,
4859,XGBClassifier_BASE_HYPER,,,,,,,,,,,,,,,,,,,,
2524,XGBClassifier_BASE_HYPER,,,,,,,,,,,,,,,,,,,,
211,XGBClassifier_BASE_HYPER,,,,,,,,,,,,,,,,,,,,
4052,XGBClassifier_BASE_HYPER,,,,,,,,,,,36.0,,,,,,,,,
4633,XGBClassifier_BASE_HYPER,,0.0,,,,,,,2011.0,,720.0,2.0,,,,,,,,
577,XGBClassifier_BASE_HYPER,,1.0,1.0,,,,,,,,36.0,,,4.0,,,,,,
1979,XGBClassifier_BASE_HYPER,,,,,,,,,,,67.0,,,,,,,,,
1497,XGBClassifier_BASE_HYPER,,0.0,,,,,1.0,,2012.0,0.0,720.0,2.0,,6.0,,,,,,
4347,XGBClassifier_BASE_HYPER,,,,,,,,,,,,,,,,,,,,
3106,XGBClassifier_BASE_HYPER,,,,,,,,,,,67.0,5.0,,,,,,,,
1288,XGBClassifier_BASE_HYPER,,1.0,,,,,,,,,,,,,,,,,,
2796,XGBClassifier_BASE_HYPER,,,,,,,,,,,67.0,,,,,,,,,
4712,XGBClassifier_BASE_HYPER,,,1.0,1.0,,,,,,1.0,,,1.0,4.0,,,,,,
3119,XGBClassifier_BASE_HYPER,,1.0,,,,,,,,,,,,,,,,,,
1054,XGBClassifier_BASE_HYPER,,1.0,,,,,,,,,,,,,,,,,,
3977,XGBClassifier_BASE_HYPER,,0.0,,,,,1.0,,2017.0,,720.0,2.0,0.0,,,,,,,
908,XGBClassifier_BASE_HYPER,,,,,,,,,,,,2.0,,,,,,,,
4419,XGBClassifier_BASE_HYPER,,1.0,1.0,,,,,,,,36.0,,,,,,,,,
2533,XGBClassifier_BASE_HYPER,,,,,,,,,,,,,,,,,,,,
777,XGBClassifier_BASE_HYPER,,1.0,1.0,,,,,,,,,,,,,,,,,
1215,XGBClassifier_BASE_HYPER,,,,,,,,,,,,,,,,,,,,
1902,XGBClassifier_BASE_HYPER,,,,,,,,,,,,,,,,,,,,
4432,XGBClassifier_BASE_HYPER,,1.0,1.0,,,,,,,,,,,,,,,,,
65,XGBClassifier_BASE_HYPER,,,,,,,,,,,,,,,,,,,,
2282,XGBClassifier_BASE_HYPER,,1.0,,,,,,,,,36.0,,,,,,,,,
1210,XGBClassifier_BASE_HYPER,,,,,,,,,,,,,,,,,,,,
4036,XGBClassifier_BASE_HYPER,,,,,,,,,,,,,,,,,,,,
2702,XGBClassifier_BASE_HYPER,,,,,,,,,,,36.0,,,,,,,,,
275,XGBClassifier_BASE_HYPER,,1.0,,,,,,,,,,,,,,,,,,
1121,XGBClassifier_BASE_HYPER,,,,,,,,,,,67.0,3.0,,,,,,,,
4222,XGBClassifier_BASE_HYPER,,,,,,,,,,,,,,,,,,,,
1517,XGBClassifier_BASE_HYPER,,,,,,,,,,,,3.0,,,,,,,,
1354,XGBClassifier_BASE_HYPER,,,,,,,,,,,,,,,,,,,,
4192,XGBClassifier_BASE_HYPER,,,,,,,,,,,,3.0,,,,,,,,
177,XGBClassifier_BASE_HYPER,,0.0,,,,,,,2011.0,,720.0,2.0,,,,,,,,
3293,XGBClassifier_BASE_HYPER,,1.0,,,,,,,,,,,,,,,,,,
2084,XGBClassifier_BASE_HYPER,,1.0,,,,1.0,,,2020.0,,36.0,4.0,,4.0,,,,1.0,,
20,XGBClassifier_BASE_HYPER,,,,,,,,,,,,,,,,,,,,
1411,XGBClassifier_BASE_HYPER,,1.0,,,,,,,,,,,,,,,,,,
2493,XGBClassifier_BASE_HYPER,,,1.0,,,,,,,,36.0,3.0,,,,,,,,
4296,XGBClassifier_BASE_HYPER,,,,,,,,,,,,3.0,,,,,,,,
2420,XGBClassifier_BASE_HYPER,,,,0.0,1.0,,1.0,,2016.0,0.0,67.0,2.0,0.0,6.0,,,1.0,,,0.0
3947,XGBClassifier_BASE_HYPER,,,,,,,,,,,,,,,,,,,,
1129,XGBClassifier_BASE_HYPER,,1.0,,,,,,,,,,,,,,,,,,
720,XGBClassifier_BASE_HYPER,,,,,,,,,,,,,,,,,,,,
3986,QuadraticDiscriminantAnalysis_BAL_GAN_FAIR_HYPERPARAMETER,,,,,,,,,2016.0,,720.0,,,1.0,,,,,,
3616,QuadraticDiscriminantAnalysis_BAL_GAN_FAIR_HYPERPARAMETER,,,,,,,,,,,36.0,,,,,,,,,
3063,QuadraticDiscriminantAnalysis_BAL_GAN_FAIR_HYPERPARAMETER,,,,,,,,,2017.0,,202.0,,,2.0,,,,,,
3944,QuadraticDiscriminantAnalysis_BAL_GAN_FAIR_HYPERPARAMETER,,1.0,1.0,,,0.0,,,2019.0,,67.0,,,3.0,,1.0,,,,
2927,QuadraticDiscriminantAnalysis_BAL_GAN_FAIR_HYPERPARAMETER,,,,,,,,,2016.0,,202.0,2.0,,1.0,,,,,,
872,QuadraticDiscriminantAnalysis_BAL_GAN_FAIR_HYPERPARAMETER,1.0,0.0,0.0,1.0,,1.0,,,2017.0,0.0,202.0,1.0,0.0,1.0,,,,,1.0,1.0
1217,QuadraticDiscriminantAnalysis_BAL_GAN_FAIR_HYPERPARAMETER,,,,,,,,,2016.0,,720.0,,,1.0,,,,,,
4548,QuadraticDiscriminantAnalysis_BAL_GAN_FAIR_HYPERPARAMETER,,,,,,,,,2019.0,,,,,3.0,,,,,,
3636,QuadraticDiscriminantAnalysis_BAL_GAN_FAIR_HYPERPARAMETER,1.0,0.0,,1.0,,1.0,,,2017.0,,202.0,,0.0,2.0,0.0,,1.0,,1.0,1.0
2549,QuadraticDiscriminantAnalysis_BAL_GAN_FAIR_HYPERPARAMETER,,,,,,,,,2016.0,,720.0,1.0,,1.0,,,,,,
3611,QuadraticDiscriminantAnalysis_BAL_GAN_FAIR_HYPERPARAMETER,,,,,,,,,2017.0,,202.0,,,1.0,,,,,,
999,QuadraticDiscriminantAnalysis_BAL_GAN_FAIR_HYPERPARAMETER,,,,,,,,,2016.0,,720.0,,,2.0,,,,,,
65,QuadraticDiscriminantAnalysis_BAL_GAN_FAIR_HYPERPARAMETER,,1.0,1.0,0.0,,,,,2019.0,,36.0,2.0,,4.0,1.0,1.0,,1.0,,0.0
2591,QuadraticDiscriminantAnalysis_BAL_GAN_FAIR_HYPERPARAMETER,,,,,,,,,2015.0,,720.0,,,,,,,,,
4914,QuadraticDiscriminantAnalysis_BAL_GAN_FAIR_HYPERPARAMETER,,,,,,,,,2017.0,0.0,202.0,,,1.0,,,,,,
2824,QuadraticDiscriminantAnalysis_BAL_GAN_FAIR_HYPERPARAMETER,,,,,,,,,2015.0,,720.0,,,,,,,,,
4624,QuadraticDiscriminantAnalysis_BAL_GAN_FAIR_HYPERPARAMETER,,,,,,,,,2016.0,,720.0,,,1.0,,,,,,
194,QuadraticDiscriminantAnalysis_BAL_GAN_FAIR_HYPERPARAMETER,,,,,,,,,,,,,,,,,,,,
2396,QuadraticDiscriminantAnalysis_BAL_GAN_FAIR_HYPERPARAMETER,,,,,,,,,2016.0,,720.0,1.0,,1.0,,,,,,
4265,QuadraticDiscriminantAnalysis_BAL_GAN_FAIR_HYPERPARAMETER,,,,,,,,,2016.0,,720.0,,,1.0,,,,,,
107,QuadraticDiscriminantAnalysis_BAL_GAN_FAIR_HYPERPARAMETER,,0.0,,,,,,,2016.0,,202.0,1.0,,3.0,,,,,,
395,QuadraticDiscriminantAnalysis_BAL_GAN_FAIR_HYPERPARAMETER,,,,,,,,,2017.0,,720.0,,,2.0,,,,,,
1424,QuadraticDiscriminantAnalysis_BAL_GAN_FAIR_HYPERPARAMETER,,,,,,,,,2017.0,0.0,202.0,2.0,,1.0,,,,,,
3914,QuadraticDiscriminantAnalysis_BAL_GAN_FAIR_HYPERPARAMETER,1.0,0.0,,1.0,,1.0,,,2018.0,,202.0,,0.0,3.0,,,,,1.0,1.0
638,QuadraticDiscriminantAnalysis_BAL_GAN_FAIR_HYPERPARAMETER,,,,,,,,,2017.0,,202.0,,,2.0,,,,,,
1713,QuadraticDiscriminantAnalysis_BAL_GAN_FAIR_HYPERPARAMETER,,,,,,,,,2017.0,,202.0,2.0,,1.0,,,,,,
2049,QuadraticDiscriminantAnalysis_BAL_GAN_FAIR_HYPERPARAMETER,,,,,,,,,2016.0,,720.0,1.0,,1.0,,,,,,
1961,QuadraticDiscriminantAnalysis_BAL_GAN_FAIR_HYPERPARAMETER,,,,,,,,,,,,,,,,,,,,
4611,QuadraticDiscriminantAnalysis_BAL_GAN_FAIR_HYPERPARAMETER,,1.0,,,,,,,,,,3.0,,5.0,,,,,,
2256,QuadraticDiscriminantAnalysis_BAL_GAN_FAIR_HYPERPARAMETER,,,,,,,,,2019.0,,,,,,,,,,,
2881,QuadraticDiscriminantAnalysis_BAL_GAN_FAIR_HYPERPARAMETER,,,,,,,,,2016.0,,720.0,,,,,,,,,
621,QuadraticDiscriminantAnalysis_BAL_GAN_FAIR_HYPERPARAMETER,,,,,,1.0,1.0,,2016.0,0.0,202.0,2.0,,2.0,0.0,,1.0,,1.0,
2902,QuadraticDiscriminantAnalysis_BAL_GAN_FAIR_HYPERPARAMETER,,,,,,,,,2016.0,,202.0,1.0,,1.0,,,,,,
3420,QuadraticDiscriminantAnalysis_BAL_GAN_FAIR_HYPERPARAMETER,,,,,,,,,2015.0,,720.0,,,,,,,,,
2175,QuadraticDiscriminantAnalysis_BAL_GAN_FAIR_HYPERPARAMETER,,,,,,,,,2016.0,,720.0,,,1.0,,,,,,
3298,QuadraticDiscriminantAnalysis_BAL_GAN_FAIR_HYPERPARAMETER,1.0,,,,0.0,1.0,1.0,,2018.0,0.0,202.0,1.0,0.0,1.0,,,1.0,,,1.0
1011,QuadraticDiscriminantAnalysis_BAL_GAN_FAIR_HYPERPARAMETER,,,,,,,,,2015.0,,720.0,,,,,,,,,
1571,QuadraticDiscriminantAnalysis_BAL_GAN_FAIR_HYPERPARAMETER,,,,,0.0,,1.0,,2016.0,0.0,202.0,2.0,,3.0,,0.0,1.0,,1.0,
318,QuadraticDiscriminantAnalysis_BAL_GAN_FAIR_HYPERPARAMETER,,,,,,,,,,,,,,4.0,,,,,,
3205,QuadraticDiscriminantAnalysis_BAL_GAN_FAIR_HYPERPARAMETER,,,,,,,,,2017.0,,202.0,1.0,,1.0,,,,,,
3412,QuadraticDiscriminantAnalysis_BAL_GAN_FAIR_HYPERPARAMETER,,,,,,,,,2017.0,,202.0,,,1.0,,,,,,
2449,QuadraticDiscriminantAnalysis_BAL_GAN_FAIR_HYPERPARAMETER,,,,,,,,,2019.0,,,,,5.0,,,,,,
723,QuadraticDiscriminantAnalysis_BAL_GAN_FAIR_HYPERPARAMETER,,,,,,,,,2016.0,,202.0,1.0,,,,,,,,
4076,QuadraticDiscriminantAnalysis_BAL_GAN_FAIR_HYPERPARAMETER,,,,,,,,,2016.0,,202.0,1.0,,,,,,,,
2124,QuadraticDiscriminantAnalysis_BAL_GAN_FAIR_HYPERPARAMETER,,,,,,,,,2015.0,,720.0,,,,,,,,,
720,QuadraticDiscriminantAnalysis_BAL_GAN_FAIR_HYPERPARAMETER,,,,,,,,,2019.0,,,,,,,,,,,
4693,QuadraticDiscriminantAnalysis_BAL_GAN_FAIR_HYPERPARAMETER,,,,,,,,,,,67.0,,,,,,,,,
4903,QuadraticDiscriminantAnalysis_BAL_GAN_FAIR_HYPERPARAMETER,,,,,,,,,,,,,,,,,,,,
4685,QuadraticDiscriminantAnalysis_BAL_GAN_FAIR_HYPERPARAMETER,,,,,,,,,2019.0,,,,,,,,,,,
2943,QuadraticDiscriminantAnalysis_BAL_GAN_FAIR_HYPERPARAMETER,,,,,,,,,2016.0,,202.0,1.0,,1.0,,,,,,
348,QuadraticDiscriminantAnalysis_BAL_GAN_FAIR_HYPERPARAMETER,,,,,,,,,2014.0,,720.0,,,,,,,,,
520,QuadraticDiscriminantAnalysis_BAL_GAN_FAIR_HYPERPARAMETER,,,,,,,,,2017.0,,202.0,2.0,,2.0,,,1.0,,,
4607,QuadraticDiscriminantAnalysis_BAL_GAN_FAIR_HYPERPARAMETER,1.0,,,,,,,,2018.0,0.0,202.0,2.0,,1.0,,,1.0,,1.0,
4154,QuadraticDiscriminantAnalysis_BAL_GAN_FAIR_HYPERPARAMETER,,1.0,,,,,,,2019.0,,,3.0,,6.0,,,,,,
2190,QuadraticDiscriminantAnalysis_BAL_GAN_FAIR_HYPERPARAMETER,,,,,,,,,,,,,,,,,,,,
3903,QuadraticDiscriminantAnalysis_BAL_GAN_FAIR_HYPERPARAMETER,,,,,,,,,2017.0,,202.0,1.0,,3.0,,,,,,
4772,QuadraticDiscriminantAnalysis_BAL_GAN_FAIR_HYPERPARAMETER,,,,,,,,,2017.0,,202.0,,,,,,,,,
1267,QuadraticDiscriminantAnalysis_BAL_GAN_FAIR_HYPERPARAMETER,,,,,,,,,,,,,,,,,,,,
2088,QuadraticDiscriminantAnalysis_BAL_GAN_FAIR_HYPERPARAMETER,,,,,,,,,2016.0,,720.0,,,1.0,,,,,,
943,QuadraticDiscriminantAnalysis_BAL_GAN_FAIR_HYPERPARAMETER,,,,,,,,,2016.0,,720.0,,,2.0,,,,,,
4727,QuadraticDiscriminantAnalysis_BAL_GAN_FAIR_HYPERPARAMETER,,,,,,,,,2016.0,,202.0,1.0,,2.0,,,,,,
1680,QuadraticDiscriminantAnalysis_BAL_GAN_FAIR_HYPERPARAMETER,,,,,,,,,2016.0,,720.0,,,1.0,,,,,,
702,QuadraticDiscriminantAnalysis_BAL_GAN_FAIR_HYPERPARAMETER,,,,,,,,,2017.0,,202.0,2.0,,1.0,,,,,,
3846,QuadraticDiscriminantAnalysis_BAL_GAN_FAIR_HYPERPARAMETER,,,,,,,,,2016.0,,202.0,,,2.0,,,,,,
2749,QuadraticDiscriminantAnalysis_BAL_GAN_FAIR_HYPERPARAMETER,,,,,,,,,2017.0,0.0,202.0,1.0,,2.0,,,,,,
4554,QuadraticDiscriminantAnalysis_BAL_GAN_FAIR_HYPERPARAMETER,,1.0,,,,,,,,,,6.0,,3.0,,,0.0,,,
549,QuadraticDiscriminantAnalysis_BAL_GAN_FAIR_HYPERPARAMETER,,,,,,,,,2017.0,0.0,202.0,,,3.0,,,1.0,,,
4292,QuadraticDiscriminantAnalysis_BAL_GAN_FAIR_HYPERPARAMETER,,,,1.0,0.0,1.0,1.0,,2015.0,,202.0,2.0,,3.0,,,1.0,,1.0,
2552,QuadraticDiscriminantAnalysis_BAL_GAN_FAIR_HYPERPARAMETER,,,,,,,,,2017.0,,202.0,1.0,,2.0,,,,,,
1915,QuadraticDiscriminantAnalysis_BAL_GAN_FAIR_HYPERPARAMETER,,,,,,,,,2017.0,0.0,202.0,1.0,,2.0,,,,,,
474,QuadraticDiscriminantAnalysis_BAL_GAN_FAIR_HYPERPARAMETER,,,,,,,,,2017.0,,202.0,,,1.0,,,,,,
767,QuadraticDiscriminantAnalysis_BAL_GAN_FAIR_HYPERPARAMETER,,,,,,,,,2016.0,,202.0,1.0,,1.0,,,,,,
4568,QuadraticDiscriminantAnalysis_BAL_GAN_FAIR_HYPERPARAMETER,,,,,,,,,2019.0,,,,,,,,,,,
4758,QuadraticDiscriminantAnalysis_BAL_GAN_FAIR_HYPERPARAMETER,,,,,,,,,,,67.0,,,,,,,,,
2538,QuadraticDiscriminantAnalysis_BAL_GAN_FAIR_HYPERPARAMETER,,,,,,,,,2017.0,0.0,202.0,,,2.0,,,1.0,,,
2838,QuadraticDiscriminantAnalysis_BAL_GAN_FAIR_HYPERPARAMETER,,,,,,,,,2016.0,,720.0,1.0,,,,,,,,
3209,QuadraticDiscriminantAnalysis_BAL_GAN_FAIR_HYPERPARAMETER,,,,,,,,,2016.0,,720.0,,,,,,,,,
434,QuadraticDiscriminantAnalysis_BAL_GAN_FAIR_HYPERPARAMETER,,,,,,,,,2015.0,,720.0,,,,,,,,,
2853,QuadraticDiscriminantAnalysis_BAL_GAN_FAIR_HYPERPARAMETER,,,,,,,,,,,,,,3.0,,,,,,
3769,QuadraticDiscriminantAnalysis_BAL_GAN_FAIR_HYPERPARAMETER,,,,,,,,,2016.0,,720.0,1.0,,,,,,,,
2079,QuadraticDiscriminantAnalysis_BAL_GAN_FAIR_HYPERPARAMETER,,,,,,,,,2016.0,,720.0,,,2.0,,,,,,
3222,QuadraticDiscriminantAnalysis_BAL_GAN_FAIR_HYPERPARAMETER,1.0,,,,,1.0,,,2017.0,0.0,202.0,,0.0,3.0,,,1.0,,,
3964,QuadraticDiscriminantAnalysis_BAL_GAN_FAIR_HYPERPARAMETER,,,,,,,,,2017.0,,202.0,,,1.0,,,,,,
1436,QuadraticDiscriminantAnalysis_BAL_GAN_FAIR_HYPERPARAMETER,,,,,,,,,,,,8.0,,,,,,,,
2767,QuadraticDiscriminantAnalysis_BAL_GAN_FAIR_HYPERPARAMETER,,,,,,,,,2017.0,,202.0,,,1.0,,,,,,
1876,QuadraticDiscriminantAnalysis_BAL_GAN_FAIR_HYPERPARAMETER,1.0,0.0,,1.0,,1.0,,,2017.0,,202.0,1.0,0.0,1.0,,,1.0,,,
3801,QuadraticDiscriminantAnalysis_BAL_GAN_FAIR_HYPERPARAMETER,,,,,,,,,2016.0,,202.0,1.0,,1.0,,,,,,
3872,QuadraticDiscriminantAnalysis_BAL_GAN_FAIR_HYPERPARAMETER,,,,,,,,,2017.0,,202.0,,,3.0,,,,,,
4817,QuadraticDiscriminantAnalysis_BAL_GAN_FAIR_HYPERPARAMETER,,1.0,,,,,,,,1.0,,6.0,,3.0,,,0.0,,,
3574,QuadraticDiscriminantAnalysis_BAL_GAN_FAIR_HYPERPARAMETER,,,,,,,,,2016.0,0.0,202.0,1.0,,3.0,,,1.0,,,
4858,QuadraticDiscriminantAnalysis_BAL_GAN_FAIR_HYPERPARAMETER,,,,,,,,,2016.0,,720.0,,,,,,,,,
1658,QuadraticDiscriminantAnalysis_BAL_GAN_FAIR_HYPERPARAMETER,1.0,,,,,1.0,,,2017.0,,202.0,2.0,,3.0,,,1.0,,1.0,
5,QuadraticDiscriminantAnalysis_BAL_GAN_FAIR_HYPERPARAMETER,,,,,,,,,2015.0,,720.0,,,,,,,,,
1750,QuadraticDiscriminantAnalysis_BAL_GAN_FAIR_HYPERPARAMETER,,,,,,,,,2017.0,,720.0,,,2.0,,,,,,
4850,QuadraticDiscriminantAnalysis_BAL_GAN_FAIR_HYPERPARAMETER,,,,,,,,,2015.0,,720.0,,,,,,,,,
1382,QuadraticDiscriminantAnalysis_BAL_GAN_FAIR_HYPERPARAMETER,,,,,,,,,2016.0,,720.0,,,,,,,,,
1588,QuadraticDiscriminantAnalysis_BAL_GAN_FAIR_HYPERPARAMETER,1.0,,,,,1.0,1.0,,2018.0,0.0,720.0,2.0,0.0,2.0,,,1.0,,1.0,1.0
3824,QuadraticDiscriminantAnalysis_BAL_GAN_FAIR_HYPERPARAMETER,,,,,,,,,,,67.0,,,,,,,,,
2249,QuadraticDiscriminantAnalysis_BAL_GAN_FAIR_HYPERPARAMETER,,0.0,,,,,,,2016.0,0.0,202.0,,,3.0,,,1.0,,,
4147,QuadraticDiscriminantAnalysis_BAL_GAN_FAIR_HYPERPARAMETER,,,,,,,,,2015.0,,720.0,,,,,,,,,
3406,QuadraticDiscriminantAnalysis_BAL_GAN_FAIR_HYPERPARAMETER,,,,,,,,,2016.0,,720.0,,,,,,,,,
2193,QuadraticDiscriminantAnalysis_BAL_GAN_FAIR_HYPERPARAMETER,,,,,,,,,2019.0,,67.0,,,,,,,,,
1586,QuadraticDiscriminantAnalysis_BAL_GAN_FAIR_HYPERPARAMETER,,,,,,,,,,,,,,,,,,,,
4660,QuadraticDiscriminantAnalysis_BAL_GAN_FAIR_HYPERPARAMETER,,,,,,,,,2016.0,,720.0,,,1.0,,,,,,
788,QuadraticDiscriminantAnalysis_BAL_GAN_FAIR_HYPERPARAMETER,,1.0,,,1.0,,,,,1.0,,,,3.0,1.0,,,,,
4871,QuadraticDiscriminantAnalysis_BAL_GAN_FAIR_HYPERPARAMETER,,,,,,,,,2017.0,,720.0,2.0,,3.0,,,,,,
3843,QuadraticDiscriminantAnalysis_BAL_GAN_FAIR_HYPERPARAMETER,,,,,,,,,2016.0,,202.0,2.0,,1.0,,,,,,
271,QuadraticDiscriminantAnalysis_BAL_GAN_FAIR_HYPERPARAMETER,,,,,,,,,2019.0,,,,,,,,,,,
4230,QuadraticDiscriminantAnalysis_BAL_GAN_FAIR_HYPERPARAMETER,1.0,,,,0.0,1.0,,,2017.0,0.0,202.0,1.0,0.0,2.0,,,,,1.0,
2689,QuadraticDiscriminantAnalysis_BAL_GAN_FAIR_HYPERPARAMETER,1.0,,,,0.0,1.0,,,2016.0,0.0,202.0,2.0,,2.0,0.0,,1.0,,1.0,
544,QuadraticDiscriminantAnalysis_BAL_GAN_FAIR_HYPERPARAMETER,,,,,0.0,1.0,1.0,,2018.0,0.0,720.0,1.0,,3.0,,0.0,1.0,,1.0,1.0
4308,QuadraticDiscriminantAnalysis_BAL_GAN_FAIR_HYPERPARAMETER,,,,,,,,,,,67.0,,,,,,,,,
523,QuadraticDiscriminantAnalysis_BAL_GAN_FAIR_HYPERPARAMETER,,,,,,,,,2017.0,,202.0,2.0,,1.0,,,,,,
3897,QuadraticDiscriminantAnalysis_BAL_GAN_FAIR_HYPERPARAMETER,,,,,,,,,2017.0,0.0,202.0,1.0,,2.0,,,1.0,,,
4043,QuadraticDiscriminantAnalysis_BAL_GAN_FAIR_HYPERPARAMETER,,,,,,,,,2016.0,,720.0,,,1.0,,,,,,
1182,QuadraticDiscriminantAnalysis_BAL_GAN_FAIR_HYPERPARAMETER,,,,,,,,,2016.0,0.0,202.0,2.0,,2.0,0.0,,1.0,,1.0,
4730,QuadraticDiscriminantAnalysis_BAL_GAN_FAIR_HYPERPARAMETER,,,,,,,,,2015.0,,202.0,2.0,,3.0,,,,,,
4733,QuadraticDiscriminantAnalysis_BAL_GAN_FAIR_HYPERPARAMETER,,,,,,,,,2017.0,0.0,202.0,2.0,,2.0,,,,,,
1621,QuadraticDiscriminantAnalysis_BAL_GAN_FAIR_HYPERPARAMETER,,,,,,,,,2017.0,0.0,202.0,1.0,,2.0,,,1.0,,,
4163,QuadraticDiscriminantAnalysis_BAL_GAN_FAIR_HYPERPARAMETER,,1.0,,,,,,,,1.0,,6.0,,3.0,,,0.0,,,
4820,QuadraticDiscriminantAnalysis_BAL_GAN_FAIR_HYPERPARAMETER,,,,,,,1.0,,2017.0,0.0,720.0,2.0,,3.0,,,,,,
2389,QuadraticDiscriminantAnalysis_BAL_GAN_FAIR_HYPERPARAMETER,,,,,,,,,2017.0,,720.0,,,2.0,,,,,,
243,QuadraticDiscriminantAnalysis_BAL_GAN_FAIR_HYPERPARAMETER,,,,,,,,,2019.0,,,,,4.0,,,,,,
1549,QuadraticDiscriminantAnalysis_BAL_GAN_FAIR_HYPERPARAMETER,,,,,,,,,2017.0,,202.0,,,,,,,,,
3651,QuadraticDiscriminantAnalysis_BAL_GAN_FAIR_HYPERPARAMETER,,,,,,,,,2017.0,0.0,202.0,1.0,,2.0,,,,,,
1426,QuadraticDiscriminantAnalysis_BAL_GAN_FAIR_HYPERPARAMETER,,,,,,,,,2017.0,0.0,202.0,,,3.0,,,1.0,,,
4815,QuadraticDiscriminantAnalysis_BAL_GAN_FAIR_HYPERPARAMETER,,,0.0,,,,,,2017.0,0.0,720.0,2.0,0.0,3.0,,,1.0,,,
4351,QuadraticDiscriminantAnalysis_BAL_GAN_FAIR_HYPERPARAMETER,,,,,,,,,,,,,,,,,,,,
2181,QuadraticDiscriminantAnalysis_BAL_GAN_FAIR_HYPERPARAMETER,,,,,,,,,2017.0,,202.0,,,1.0,,,,,,
4826,QuadraticDiscriminantAnalysis_BAL_GAN_FAIR_HYPERPARAMETER,,,,,,,,,2016.0,,202.0,,,2.0,,,,,,
938,QuadraticDiscriminantAnalysis_BAL_GAN_FAIR_HYPERPARAMETER,,,,,,,,,2019.0,,,,,,,,,,,
4347,QuadraticDiscriminantAnalysis_BAL_GAN_FAIR_HYPERPARAMETER,,,,,,,,,2019.0,,,,,,,,,,,
784,QuadraticDiscriminantAnalysis_BAL_GAN_FAIR_HYPERPARAMETER,,,,,,,,,2017.0,0.0,202.0,2.0,,1.0,,,1.0,,,
2173,QuadraticDiscriminantAnalysis_BAL_GAN_FAIR_HYPERPARAMETER,,,,,,,,,2017.0,,202.0,1.0,,1.0,,,,,,
1408,QuadraticDiscriminantAnalysis_BAL_GAN_FAIR_HYPERPARAMETER,,,,,,,,,2016.0,,202.0,1.0,,1.0,,,,,,
3927,QuadraticDiscriminantAnalysis_BAL_GAN_FAIR_HYPERPARAMETER,,,,,,,,,2019.0,,,,,,,,,,,
1501,QuadraticDiscriminantAnalysis_BAL_GAN_FAIR_HYPERPARAMETER,,,,,,,,,2016.0,,202.0,1.0,,2.0,,,,,,
365,QuadraticDiscriminantAnalysis_BAL_GAN_FAIR_HYPERPARAMETER,1.0,,,,0.0,1.0,,,2016.0,0.0,202.0,,0.0,3.0,0.0,,1.0,,1.0,
2482,QuadraticDiscriminantAnalysis_BAL_GAN_FAIR_HYPERPARAMETER,,,,,,,,,2016.0,,720.0,2.0,,3.0,,,,,,
2819,QuadraticDiscriminantAnalysis_BAL_GAN_FAIR_HYPERPARAMETER,,1.0,1.0,,,,,,2019.0,,67.0,4.0,,,,,0.0,,,
234,QuadraticDiscriminantAnalysis_BAL_GAN_FAIR_HYPERPARAMETER,,,,,,,,,2019.0,,,3.0,,4.0,,,,,,
3992,QuadraticDiscriminantAnalysis_BAL_GAN_FAIR_HYPERPARAMETER,,,,,,,,,2017.0,,202.0,2.0,,1.0,,,,,,
4251,QuadraticDiscriminantAnalysis_BAL_GAN_FAIR_HYPERPARAMETER,,,,,,,,,2016.0,,202.0,1.0,,1.0,,,,,,
1646,QuadraticDiscriminantAnalysis_BAL_GAN_FAIR_HYPERPARAMETER,,,,,,,,,2019.0,1.0,,4.0,,,,,,,,
2692,QuadraticDiscriminantAnalysis_BAL_GAN_FAIR_HYPERPARAMETER,,,1.0,,,,,,,,67.0,,,4.0,,,,,,
504,QuadraticDiscriminantAnalysis_BAL_GAN_FAIR_HYPERPARAMETER,,,,,,,,,2016.0,,720.0,,,,,,,,,
1137,QuadraticDiscriminantAnalysis_BAL_GAN_FAIR_HYPERPARAMETER,,,,,,,,,2016.0,,720.0,1.0,,,,,,,,
3741,QuadraticDiscriminantAnalysis_BAL_GAN_FAIR_HYPERPARAMETER,,,,,,,,,2017.0,,202.0,1.0,,,,,,,,
28,QuadraticDiscriminantAnalysis_BAL_GAN_FAIR_HYPERPARAMETER,,,,,,,,,2016.0,,720.0,,,1.0,,,,,,
407,QuadraticDiscriminantAnalysis_BAL_GAN_FAIR_HYPERPARAMETER,,,,,,,,,2017.0,,202.0,2.0,,2.0,,,,,,
4915,QuadraticDiscriminantAnalysis_BAL_GAN_FAIR_HYPERPARAMETER,,,,,,,,,2015.0,,720.0,,,,,,,,,
193,QuadraticDiscriminantAnalysis_BAL_GAN_FAIR_HYPERPARAMETER,,,,,,,,,2017.0,,202.0,,,3.0,,,,,,
2259,QuadraticDiscriminantAnalysis_BAL_GAN_FAIR_HYPERPARAMETER,,,,,,,,,2016.0,,720.0,,,1.0,,,,,,
3845,QuadraticDiscriminantAnalysis_BAL_GAN_FAIR_HYPERPARAMETER,,,0.0,,,1.0,1.0,1.0,2018.0,,202.0,2.0,,1.0,0.0,,1.0,,1.0,1.0
53,QuadraticDiscriminantAnalysis_BAL_GAN_FAIR_HYPERPARAMETER,,,,,,,1.0,,2016.0,,202.0,2.0,,2.0,,,1.0,,,
4469,QuadraticDiscriminantAnalysis_BAL_GAN_FAIR_HYPERPARAMETER,,,,,,,,,2016.0,,720.0,,,1.0,,,,,,
4119,QuadraticDiscriminantAnalysis_BAL_GAN_FAIR_HYPERPARAMETER,1.0,0.0,,,,1.0,,,2018.0,,202.0,,0.0,2.0,,,1.0,,,
4542,QuadraticDiscriminantAnalysis_BAL_GAN_FAIR_HYPERPARAMETER,,,,,,,,,2017.0,,202.0,,,1.0,,,,,,
30,QuadraticDiscriminantAnalysis_BAL_GAN_FAIR_HYPERPARAMETER,,,,,,,,,,,67.0,,,,,,,,,
4912,QuadraticDiscriminantAnalysis_BAL_GAN_FAIR_HYPERPARAMETER,0.0,,1.0,,,,,,,,67.0,4.0,,5.0,,,,,,
3762,QuadraticDiscriminantAnalysis_BAL_GAN_FAIR_HYPERPARAMETER,,,,,,,,,2019.0,,,,,,,,,,,
1320,QuadraticDiscriminantAnalysis_BAL_GAN_FAIR_HYPERPARAMETER,,,,,,,,,2017.0,,202.0,2.0,,2.0,,,1.0,,,
4515,QuadraticDiscriminantAnalysis_BAL_GAN_FAIR_HYPERPARAMETER,,,,,,,,,2015.0,,720.0,,,1.0,,,,,,
4618,QuadraticDiscriminantAnalysis_BAL_GAN_FAIR_HYPERPARAMETER,,,,,,,,,2017.0,,202.0,,,1.0,,,,,,
4450,QuadraticDiscriminantAnalysis_BAL_GAN_FAIR_HYPERPARAMETER,,,,,,,,,2016.0,,720.0,2.0,,3.0,,,,,,
2548,QuadraticDiscriminantAnalysis_BAL_GAN_FAIR_HYPERPARAMETER,1.0,0.0,,1.0,,1.0,,,2018.0,,202.0,1.0,,2.0,,,1.0,,1.0,
3037,QuadraticDiscriminantAnalysis_BAL_GAN_FAIR_HYPERPARAMETER,,,,,,,,,2015.0,,720.0,,,1.0,,,,,,
2958,QuadraticDiscriminantAnalysis_BAL_GAN_FAIR_HYPERPARAMETER,,,,,,,,,2017.0,,202.0,,,1.0,,,,,,
1754,QuadraticDiscriminantAnalysis_BAL_GAN_FAIR_HYPERPARAMETER,,,,,,,,,2017.0,0.0,202.0,2.0,,2.0,,,,,,
3188,QuadraticDiscriminantAnalysis_BAL_GAN_FAIR_HYPERPARAMETER,,,,,,,,,2017.0,,202.0,,,1.0,,,,,,
1639,QuadraticDiscriminantAnalysis_BAL_GAN_FAIR_HYPERPARAMETER,,,,,,,,,2017.0,0.0,720.0,2.0,,3.0,,,,,,
1972,QuadraticDiscriminantAnalysis_BAL_GAN_FAIR_HYPERPARAMETER,,,,,,,,,,,,,,,,,,,,
3631,QuadraticDiscriminantAnalysis_BAL_GAN_FAIR_HYPERPARAMETER,,,,,,,,,2017.0,,202.0,,,1.0,,,,,,
4799,QuadraticDiscriminantAnalysis_BAL_GAN_FAIR_HYPERPARAMETER,,,,,,,,,2016.0,,202.0,,,,,,,,,
392,QuadraticDiscriminantAnalysis_BAL_GAN_FAIR_HYPERPARAMETER,,,,,,,,,2019.0,,,,,,,,,,,
2469,QuadraticDiscriminantAnalysis_BAL_GAN_FAIR_HYPERPARAMETER,1.0,,,,,1.0,1.0,,2017.0,0.0,202.0,1.0,0.0,2.0,,,1.0,,,1.0
1747,QuadraticDiscriminantAnalysis_BAL_GAN_FAIR_HYPERPARAMETER,,,,,,,,,,,67.0,,,,,,,,,
4716,QuadraticDiscriminantAnalysis_BAL_GAN_FAIR_HYPERPARAMETER,,,,,,,,,2017.0,,202.0,1.0,,1.0,,,,,,
2253,QuadraticDiscriminantAnalysis_BAL_GAN_FAIR_HYPERPARAMETER,,,,,,,,,2016.0,,720.0,,,1.0,,,,,,
1868,QuadraticDiscriminantAnalysis_BAL_GAN_FAIR_HYPERPARAMETER,,,,,,,,,2016.0,,720.0,1.0,,,,,,,,
3115,QuadraticDiscriminantAnalysis_BAL_GAN_FAIR_HYPERPARAMETER,,,,,,,,,2014.0,,720.0,,,,,,,,,
745,QuadraticDiscriminantAnalysis_BAL_GAN_FAIR_HYPERPARAMETER,,,,,,,,,,,67.0,,,4.0,,,,,,
4701,QuadraticDiscriminantAnalysis_BAL_GAN_FAIR_HYPERPARAMETER,,,,,,,,,2017.0,,202.0,,,1.0,,,,,,
2574,QuadraticDiscriminantAnalysis_BAL_GAN_FAIR_HYPERPARAMETER,,,,,,,,,2017.0,,202.0,1.0,,3.0,,,,,,
1355,QuadraticDiscriminantAnalysis_BAL_GAN_FAIR_HYPERPARAMETER,,,,,,,,,2019.0,,67.0,4.0,,5.0,1.0,,,,0.0,
2867,QuadraticDiscriminantAnalysis_BAL_GAN_FAIR_HYPERPARAMETER,,,,,,,,,2015.0,,720.0,,,,,,,,,
515,QuadraticDiscriminantAnalysis_BAL_GAN_FAIR_HYPERPARAMETER,,,,,,,,,2017.0,,202.0,,,2.0,,,,,,
1078,QuadraticDiscriminantAnalysis_BAL_GAN_FAIR_HYPERPARAMETER,,,,,,,,,2017.0,0.0,202.0,2.0,,2.0,,,1.0,,,
2055,QuadraticDiscriminantAnalysis_BAL_GAN_FAIR_HYPERPARAMETER,,,,,,,,,2019.0,,,,,5.0,,,,,,
1785,QuadraticDiscriminantAnalysis_BAL_GAN_FAIR_HYPERPARAMETER,,,,,,,,,2017.0,,720.0,1.0,,,,,,,,
81,QuadraticDiscriminantAnalysis_BAL_GAN_FAIR_HYPERPARAMETER,,,,,,,,,2017.0,,720.0,,,2.0,,,,,,
1613,QuadraticDiscriminantAnalysis_BAL_GAN_FAIR_HYPERPARAMETER,,,,,,,,,2016.0,,720.0,,,,,,,,,
3863,QuadraticDiscriminantAnalysis_BAL_GAN_FAIR_HYPERPARAMETER,,,,,,,,,2016.0,,720.0,,,1.0,,,,,,
1038,QuadraticDiscriminantAnalysis_BAL_GAN_FAIR_HYPERPARAMETER,,,0.0,,,,,,2016.0,,202.0,2.0,,2.0,,,1.0,,,
3369,QuadraticDiscriminantAnalysis_BAL_GAN_FAIR_HYPERPARAMETER,,,,,,,,,,,,,,,,,,,,
4821,QuadraticDiscriminantAnalysis_BAL_GAN_FAIR_HYPERPARAMETER,,,,,,,,,2017.0,,202.0,1.0,,3.0,,,,,,
4111,QuadraticDiscriminantAnalysis_BAL_GAN_FAIR_HYPERPARAMETER,,,,,,,,,2017.0,,202.0,1.0,,2.0,,,,,,
2919,QuadraticDiscriminantAnalysis_BAL_GAN_FAIR_HYPERPARAMETER,,,,,,,,,2015.0,,720.0,,,,,,,,,
550,QuadraticDiscriminantAnalysis_BAL_GAN_FAIR_HYPERPARAMETER,,,,,,,,,,,67.0,,,,,,,,,
2696,QuadraticDiscriminantAnalysis_BAL_GAN_FAIR_HYPERPARAMETER,1.0,0.0,,,,1.0,,,2017.0,,202.0,,,2.0,,,1.0,,,
2135,QuadraticDiscriminantAnalysis_BAL_GAN_FAIR_HYPERPARAMETER,,,,,,,,,2016.0,,720.0,,,1.0,,,,,,
3712,QuadraticDiscriminantAnalysis_BAL_GAN_FAIR_HYPERPARAMETER,,,,,,,,,,,,,,,,,,,,
4715,QuadraticDiscriminantAnalysis_BAL_GAN_FAIR_HYPERPARAMETER,,,,,,,,,2016.0,,202.0,1.0,,,,,,,,
3225,QuadraticDiscriminantAnalysis_BAL_GAN_FAIR_HYPERPARAMETER,,,,,,,,,2016.0,,720.0,,,1.0,,,,,,
2354,QuadraticDiscriminantAnalysis_BAL_GAN_FAIR_HYPERPARAMETER,1.0,,,1.0,,1.0,1.0,1.0,2017.0,0.0,202.0,1.0,0.0,2.0,,,,,1.0,1.0
2000,QuadraticDiscriminantAnalysis_BAL_GAN_FAIR_HYPERPARAMETER,,,,,,,,,2018.0,,202.0,1.0,,1.0,,,1.0,,,
4388,QuadraticDiscriminantAnalysis_BAL_GAN_FAIR_HYPERPARAMETER,,,,,,,,,2019.0,,,,,,,,,,,
3016,QuadraticDiscriminantAnalysis_BAL_GAN_FAIR_HYPERPARAMETER,,,,,,,,,2017.0,0.0,202.0,1.0,,2.0,,,,,,
498,QuadraticDiscriminantAnalysis_BAL_GAN_FAIR_HYPERPARAMETER,1.0,,,1.0,,1.0,,,2017.0,0.0,202.0,2.0,0.0,1.0,,,1.0,,1.0,
3833,QuadraticDiscriminantAnalysis_BAL_GAN_FAIR_HYPERPARAMETER,,,,,,,,,2019.0,,,,,,,,,,,
689,QuadraticDiscriminantAnalysis_BAL_GAN_FAIR_HYPERPARAMETER,,,,,,,1.0,,2017.0,0.0,202.0,2.0,,1.0,,,,,,
3524,QuadraticDiscriminantAnalysis_BAL_GAN_FAIR_HYPERPARAMETER,,0.0,,,,,,,2016.0,0.0,202.0,,0.0,3.0,,,1.0,,,
906,QuadraticDiscriminantAnalysis_BAL_GAN_FAIR_HYPERPARAMETER,,,,,,,,,2016.0,,202.0,1.0,,2.0,,,,,,
2703,QuadraticDiscriminantAnalysis_BAL_GAN_FAIR_HYPERPARAMETER,,,,,,,,,2016.0,,720.0,,,,,,,,,
805,QuadraticDiscriminantAnalysis_BAL_GAN_FAIR_HYPERPARAMETER,1.0,0.0,0.0,,,,,,2017.0,0.0,720.0,1.0,0.0,2.0,,,1.0,,,
4579,QuadraticDiscriminantAnalysis_BAL_GAN_FAIR_HYPERPARAMETER,,,,,,,,,,,,,,3.0,,,,,,
538,QuadraticDiscriminantAnalysis_FOS_HYPERPARAMETER,1.0,0.0,,1.0,1.0,1.0,1.0,1.0,2018.0,0.0,202.0,2.0,,2.0,,1.0,1.0,,,
2522,QuadraticDiscriminantAnalysis_FOS_HYPERPARAMETER,,,,,,,,,,,,,,,,,,,,
1347,QuadraticDiscriminantAnalysis_FOS_HYPERPARAMETER,,,,,,,,,,,,,,,,,,,,
3259,QuadraticDiscriminantAnalysis_FOS_HYPERPARAMETER,,,,,,,,,,,,,,,,,,,,
4788,QuadraticDiscriminantAnalysis_FOS_HYPERPARAMETER,,,1.0,,,,,,,,,,1.0,4.0,,,0.0,,,
17,QuadraticDiscriminantAnalysis_FOS_HYPERPARAMETER,,,,,,,,,,,,,,,,,,,,
1474,QuadraticDiscriminantAnalysis_FOS_HYPERPARAMETER,,,,,,,,,,,,,,,,,,,,
2484,QuadraticDiscriminantAnalysis_FOS_HYPERPARAMETER,,,,,,,,,,,,,,,,,,,,
3670,QuadraticDiscriminantAnalysis_FOS_HYPERPARAMETER,,,,,,,,,,,,3.0,,,,,,,,
676,QuadraticDiscriminantAnalysis_FOS_HYPERPARAMETER,,,,,,,,,,,,,,,,,,,,
4633,QuadraticDiscriminantAnalysis_FOS_HYPERPARAMETER,,0.0,,,,,1.0,,2017.0,0.0,202.0,2.0,,1.0,,,,,,
2413,QuadraticDiscriminantAnalysis_FOS_HYPERPARAMETER,,0.0,,1.0,1.0,,1.0,,2018.0,0.0,202.0,2.0,0.0,1.0,,,,,,
3420,QuadraticDiscriminantAnalysis_FOS_HYPERPARAMETER,,0.0,,,,,,,2017.0,0.0,202.0,1.0,,1.0,,,,,,
1554,QuadraticDiscriminantAnalysis_FOS_HYPERPARAMETER,,,,,,,,,,,,,,,,,,,,
2223,QuadraticDiscriminantAnalysis_FOS_HYPERPARAMETER,,1.0,1.0,,,,,,,,,,,,,,,,,
3343,QuadraticDiscriminantAnalysis_FOS_HYPERPARAMETER,,1.0,,,,,,,,,,,,,,,,,,
211,QuadraticDiscriminantAnalysis_FOS_HYPERPARAMETER,,,,,,,,,,,,,,,,,,,,
4026,QuadraticDiscriminantAnalysis_FOS_HYPERPARAMETER,,,,,,,,,2019.0,,,,,,,,,,,
4611,QuadraticDiscriminantAnalysis_FOS_HYPERPARAMETER,,,,,,,,,,,,,,,,,,,,
2040,QuadraticDiscriminantAnalysis_FOS_HYPERPARAMETER,,1.0,,,,,,,,,,,,,,,,,,
3360,QuadraticDiscriminantAnalysis_FOS_HYPERPARAMETER,,,,,,,,,,,,,,,,,,,,
1099,QuadraticDiscriminantAnalysis_FOS_HYPERPARAMETER,,,,,,,,,,,,3.0,,,,,,,,
189,QuadraticDiscriminantAnalysis_FOS_HYPERPARAMETER,,,,,,,,,,,,3.0,,,,,,,,
4625,QuadraticDiscriminantAnalysis_FOS_HYPERPARAMETER,,,,,,,,,,,,,,,,,,,,
2988,QuadraticDiscriminantAnalysis_FOS_HYPERPARAMETER,,1.0,,,,,,,,,,,,,,,,,,
2540,QuadraticDiscriminantAnalysis_FOS_HYPERPARAMETER,,,,,,,,,,,,,,,,,,,,
4003,QuadraticDiscriminantAnalysis_FOS_HYPERPARAMETER,,,,,,,,,,,,,,,,,,,,
1900,QuadraticDiscriminantAnalysis_FOS_HYPERPARAMETER,,,,,,,,,,,,,,,,,,,,
1654,QuadraticDiscriminantAnalysis_FOS_HYPERPARAMETER,,,,,,,,,,,,,,,,,,,,
494,QuadraticDiscriminantAnalysis_FOS_HYPERPARAMETER,,,,,,,,,,,,,,,,,,,,
332,QuadraticDiscriminantAnalysis_FOS_HYPERPARAMETER,,,,,,,,,,,,,,,,,,,,
876,QuadraticDiscriminantAnalysis_FOS_HYPERPARAMETER,,,,,,,,,,,,,,,,,,,,
1886,QuadraticDiscriminantAnalysis_FOS_HYPERPARAMETER,,,,,,,,,,,,,,,,,,,,
4010,QuadraticDiscriminantAnalysis_FOS_HYPERPARAMETER,,,,,,,,,,,,,,,,,,,,
4693,QuadraticDiscriminantAnalysis_FOS_HYPERPARAMETER,,,,,,,,,,,,,,,,,,,,
4906,QuadraticDiscriminantAnalysis_FOS_HYPERPARAMETER,,,,,,,,,,,,,,,,,,,,
4894,QuadraticDiscriminantAnalysis_FOS_HYPERPARAMETER,,,,,,,,,,,,,,,,,,,,
890,QuadraticDiscriminantAnalysis_FOS_HYPERPARAMETER,,,,,,,,,,,,,,,,,,,,
2202,QuadraticDiscriminantAnalysis_FOS_HYPERPARAMETER,,,,,,,,,,,,,,,,,,,,
4572,QuadraticDiscriminantAnalysis_FOS_HYPERPARAMETER,,,,,,,,,,,,,,,,,,,,
3119,QuadraticDiscriminantAnalysis_FOS_HYPERPARAMETER,,,,,,,,,,,,,,,,,,,,
3379,QuadraticDiscriminantAnalysis_FOS_HYPERPARAMETER,,,,,,,,,,,,,,,,,,,,
561,QuadraticDiscriminantAnalysis_FOS_HYPERPARAMETER,,,,,,,,,,,,,,,,,,,,
4516,QuadraticDiscriminantAnalysis_FOS_HYPERPARAMETER,,,,,,,,,,,,,,,,,,,,
4844,QuadraticDiscriminantAnalysis_FOS_HYPERPARAMETER,,,,,,,,,,,,,,,,,,,,
2986,QuadraticDiscriminantAnalysis_FOS_HYPERPARAMETER,,,,,,,,,,,,,,,,,,,,
4419,QuadraticDiscriminantAnalysis_FOS_HYPERPARAMETER,,,,,,,,,,,,,,,,,,,,
1781,QuadraticDiscriminantAnalysis_FOS_HYPERPARAMETER,,,,,,,,,,,,,,,,,,,,
1032,QuadraticDiscriminantAnalysis_FOS_HYPERPARAMETER,,,,,,,,,,,67.0,4.0,,3.0,,,,1.0,,
1864,QuadraticDiscriminantAnalysis_FOS_HYPERPARAMETER,,,,,,,,,,,,,,,,,,,,
1301,QuadraticDiscriminantAnalysis_FOS_HYPERPARAMETER,,,,,,,,,,,,4.0,,,,,,,,
4125,QuadraticDiscriminantAnalysis_FOS_HYPERPARAMETER,,,,,,,,,,1.0,,,,,,,,,,
981,QuadraticDiscriminantAnalysis_FOS_HYPERPARAMETER,,,,,,,,,,,,,,,,,,,,
2082,QuadraticDiscriminantAnalysis_FOS_HYPERPARAMETER,,,,,,,,,,,,,,,,,,,,
3002,QuadraticDiscriminantAnalysis_FOS_HYPERPARAMETER,,,,,,,,,,,,,,,,,,,,
976,QuadraticDiscriminantAnalysis_FOS_HYPERPARAMETER,,,,,,,,,,,,,,,,,,,,
4619,QuadraticDiscriminantAnalysis_FOS_HYPERPARAMETER,,,,,,,,,,,,,,,,,,,,
3127,QuadraticDiscriminantAnalysis_FOS_HYPERPARAMETER,,,,,,,,,,,,,,,,,,,,
2278,QuadraticDiscriminantAnalysis_FOS_HYPERPARAMETER,,,,,,,,,2019.0,,67.0,,,3.0,,,0.0,1.0,,1.0
3781,QuadraticDiscriminantAnalysis_FOS_HYPERPARAMETER,,,,,,,,,,,,,,,,,,,,
2069,QuadraticDiscriminantAnalysis_FOS_HYPERPARAMETER,,,,,,,,,,,,,,,,,,,,
1267,QuadraticDiscriminantAnalysis_FOS_HYPERPARAMETER,,,,,,,,,,,,,,,,,,,,
2490,QuadraticDiscriminantAnalysis_FOS_HYPERPARAMETER,,,,,,,,,,,,,,,,,,,,
1088,QuadraticDiscriminantAnalysis_FOS_HYPERPARAMETER,,,,,,,,,,,,,,,,,,,,
3861,QuadraticDiscriminantAnalysis_FOS_HYPERPARAMETER,,,,,,,,,,,,,,,,,,,,
277,QuadraticDiscriminantAnalysis_FOS_HYPERPARAMETER,,,1.0,,,,,,,1.0,,,,,,,,,,
3899,QuadraticDiscriminantAnalysis_FOS_HYPERPARAMETER,,,1.0,,,,,,,,,3.0,,,,,,1.0,,
4351,QuadraticDiscriminantAnalysis_FOS_HYPERPARAMETER,,,,,,,,,,,,,,,,,,,,
2216,QuadraticDiscriminantAnalysis_FOS_HYPERPARAMETER,,,,,,,,,,,,,,,,,,,,
3121,QuadraticDiscriminantAnalysis_FOS_HYPERPARAMETER,,,,,,,,,,1.0,,,,,,,,,,
191,QuadraticDiscriminantAnalysis_FOS_HYPERPARAMETER,,,,,,,,,,,,3.0,,,,,,,,
1663,QuadraticDiscriminantAnalysis_FOS_HYPERPARAMETER,,,,,,,,,,,,,,,,,,,,
2511,QuadraticDiscriminantAnalysis_FOS_HYPERPARAMETER,,,,,,,,,,,,,,,,,,,,
2021,QuadraticDiscriminantAnalysis_FOS_HYPERPARAMETER,,,,,,,,,,,,,,,,,,,,
2531,QuadraticDiscriminantAnalysis_FOS_HYPERPARAMETER,,,1.0,,,,,,2019.0,,67.0,,,,,,,,,
2297,QuadraticDiscriminantAnalysis_FOS_HYPERPARAMETER,,,,,,,,,,,,,,,,,,,,
3901,QuadraticDiscriminantAnalysis_FOS_HYPERPARAMETER,,,,,,,,,,,,,,,,,,,,
3806,QuadraticDiscriminantAnalysis_FOS_HYPERPARAMETER,,,,,,,,,,,,,,,,,,,,
3783,QuadraticDiscriminantAnalysis_FOS_HYPERPARAMETER,,,,,,,,,,,,,,,,,,,,
4822,QuadraticDiscriminantAnalysis_FOS_HYPERPARAMETER,,,,,,,,,,,,,,,,,,,,
4759,QuadraticDiscriminantAnalysis_FOS_HYPERPARAMETER,,,,,,,,,,,,,,,,,,,,
1400,QuadraticDiscriminantAnalysis_FOS_HYPERPARAMETER,,,,,,,,,,,,3.0,,,,,,,,
1679,QuadraticDiscriminantAnalysis_FOS_HYPERPARAMETER,,,,,,,,,,,,,,,,,,,,
342,QuadraticDiscriminantAnalysis_FOS_HYPERPARAMETER,,1.0,,,,,,,,,,,,,,,,,,
1274,QuadraticDiscriminantAnalysis_FOS_HYPERPARAMETER,,,,,,,,,,,,,,,,,,,,
4308,QuadraticDiscriminantAnalysis_FOS_HYPERPARAMETER,,,,,,,,,,,,,,,,,,,,
2190,QuadraticDiscriminantAnalysis_FOS_HYPERPARAMETER,,,,,,,,,,,,,,,,,,,,
2347,QuadraticDiscriminantAnalysis_FOS_HYPERPARAMETER,,,,,,,,,,,,,,,,,,,,
1566,QuadraticDiscriminantAnalysis_FOS_HYPERPARAMETER,,,,,,,,,,,,,,,,,,,,
2982,QuadraticDiscriminantAnalysis_FOS_HYPERPARAMETER,,,,,,,,,,,,,,,,,,,,
1797,QuadraticDiscriminantAnalysis_FOS_HYPERPARAMETER,,,,,,,,,,,,,,,,,,,,
4367,QuadraticDiscriminantAnalysis_FOS_HYPERPARAMETER,,1.0,,,,,,,,,,,,,,,,,,
1631,QuadraticDiscriminantAnalysis_FOS_HYPERPARAMETER,,,,,,,,,,,,,,,,,,,,
4144,QuadraticDiscriminantAnalysis_FOS_HYPERPARAMETER,,,,,,,,,,,,,,,,,,,,
894,QuadraticDiscriminantAnalysis_FOS_HYPERPARAMETER,,1.0,,,,,,,,1.0,,,,,,,,,,
3844,QuadraticDiscriminantAnalysis_FOS_HYPERPARAMETER,,,,,,,,,,,,,,,,,,,,
476,QuadraticDiscriminantAnalysis_FOS_HYPERPARAMETER,,,,,,,,,,,,,,,,,,,,
318,QuadraticDiscriminantAnalysis_FOS_HYPERPARAMETER,,,,,,,,,,,,,,,,,,,,
446,QuadraticDiscriminantAnalysis_FOS_HYPERPARAMETER,,,,,,,,,,,36.0,3.0,,,,,,,,
102,QuadraticDiscriminantAnalysis_FOS_HYPERPARAMETER,,,,,,,,,,,,,,,,,,,,
3514,QuadraticDiscriminantAnalysis_FOS_HYPERPARAMETER,,,,,,,,,,,,,,,,,,,,
3913,QuadraticDiscriminantAnalysis_FOS_HYPERPARAMETER,,,1.0,,,,,,,1.0,,,,,,,,,,
262,QuadraticDiscriminantAnalysis_FOS_HYPERPARAMETER,,,,,,,,,,,,,,,,,,,,
2629,QuadraticDiscriminantAnalysis_FOS_HYPERPARAMETER,,,,,,,,,,,,,,,,,,,,
4073,QuadraticDiscriminantAnalysis_FOS_HYPERPARAMETER,,,,,,,,,,,,,,,,,,,,
1224,QuadraticDiscriminantAnalysis_FOS_HYPERPARAMETER,,,,,,,,,,,,3.0,,,,,,,,
4078,QuadraticDiscriminantAnalysis_FOS_HYPERPARAMETER,,,1.0,,,,,,,1.0,,,,,,,,,,
2621,QuadraticDiscriminantAnalysis_FOS_HYPERPARAMETER,,,,,,,,,,,,,,,,,,,,
362,QuadraticDiscriminantAnalysis_FOS_HYPERPARAMETER,,,,,,,,,,,,,,,,,,,,
2178,QuadraticDiscriminantAnalysis_FOS_HYPERPARAMETER,,,,,,,,,,,,,,,,,,,,
4254,QuadraticDiscriminantAnalysis_FOS_HYPERPARAMETER,,,,,,,,,2019.0,,,,,,,,,,,
1861,QuadraticDiscriminantAnalysis_FOS_HYPERPARAMETER,,1.0,,,,,,,,,,,,,,,,,,
2072,QuadraticDiscriminantAnalysis_FOS_HYPERPARAMETER,,1.0,,,,,,,,,,,,,,,,,,
4907,QuadraticDiscriminantAnalysis_FOS_HYPERPARAMETER,,1.0,,,,,,,,,,,,,,,,,,
1845,QuadraticDiscriminantAnalysis_FOS_HYPERPARAMETER,,,,,,,,,,,,,,,,,,,,
2815,QuadraticDiscriminantAnalysis_FOS_HYPERPARAMETER,,,,,,,,,,,,,,,,,,,,
4323,QuadraticDiscriminantAnalysis_FOS_HYPERPARAMETER,,,,,,,,,,,,,,,,,,,,
1442,QuadraticDiscriminantAnalysis_FOS_HYPERPARAMETER,,,,,,,,,,,,,,,,,,,,
1585,QuadraticDiscriminantAnalysis_FOS_HYPERPARAMETER,,,,,,,,,,,,,,,,,,,,
2673,QuadraticDiscriminantAnalysis_FOS_HYPERPARAMETER,,,,,,,,,,,,,,,,,,,,
224,QuadraticDiscriminantAnalysis_FOS_HYPERPARAMETER,,,,,,,,,,,,,,,,,,,,
4706,QuadraticDiscriminantAnalysis_FOS_HYPERPARAMETER,,,,,,,,,,,,,,,,,,,,
2762,QuadraticDiscriminantAnalysis_FOS_HYPERPARAMETER,,,,,,,,,,,,3.0,,,,,,,,
1498,QuadraticDiscriminantAnalysis_FOS_HYPERPARAMETER,,1.0,,,,,,,,,,,,,,,,,,
1728,QuadraticDiscriminantAnalysis_FOS_HYPERPARAMETER,,,,,,,,,,,,,,,,,,,,
2777,QuadraticDiscriminantAnalysis_FOS_HYPERPARAMETER,,,,,,,,,,,,3.0,,,,,,,,
3891,QuadraticDiscriminantAnalysis_FOS_HYPERPARAMETER,,,1.0,,,,,,,1.0,,,,,,,,,,
2213,QuadraticDiscriminantAnalysis_FOS_HYPERPARAMETER,,,,,,,,,,,,,,,,,,,,
1624,QuadraticDiscriminantAnalysis_FOS_HYPERPARAMETER,,,,,,,,,,,,,,,,,,,,
745,QuadraticDiscriminantAnalysis_FOS_HYPERPARAMETER,,,,,,,,,,,,,,,,,,,,
234,QuadraticDiscriminantAnalysis_FOS_HYPERPARAMETER,,,,,,,,,,,,,,,,,,,,
541,QuadraticDiscriminantAnalysis_FOS_HYPERPARAMETER,,,,,,,,,,,,,,,,,,,,
3807,QuadraticDiscriminantAnalysis_FOS_HYPERPARAMETER,,,,,,,,,,,,,,,,,,,,
4899,QuadraticDiscriminantAnalysis_FOS_HYPERPARAMETER,,,,,,,,,,,,,,,,,,,,
250,QuadraticDiscriminantAnalysis_FOS_HYPERPARAMETER,,,,,,,,,,,,,,,,,,,,
379,QuadraticDiscriminantAnalysis_FOS_HYPERPARAMETER,,,,,,,,,,,,,,,,,,,,
538,QuadraticDiscriminantAnalysis_REWEIGHTER_HYPERPARAMETER,1.0,0.0,,1.0,1.0,1.0,1.0,1.0,2018.0,0.0,202.0,2.0,,2.0,,1.0,1.0,,,
2522,QuadraticDiscriminantAnalysis_REWEIGHTER_HYPERPARAMETER,,,,,,,,,,,,,,,,,,,,
1347,QuadraticDiscriminantAnalysis_REWEIGHTER_HYPERPARAMETER,,,,,,,,,,,,,,,,,,,,
3259,QuadraticDiscriminantAnalysis_REWEIGHTER_HYPERPARAMETER,,,,,,,,,,,,,,,,,,,,
4788,QuadraticDiscriminantAnalysis_REWEIGHTER_HYPERPARAMETER,,,1.0,,,,,,,,,,1.0,4.0,,,0.0,,,
17,QuadraticDiscriminantAnalysis_REWEIGHTER_HYPERPARAMETER,,,,,,,,,,,,,,,,,,,,
1474,QuadraticDiscriminantAnalysis_REWEIGHTER_HYPERPARAMETER,,,,,,,,,,,,,,,,,,,,
2484,QuadraticDiscriminantAnalysis_REWEIGHTER_HYPERPARAMETER,,,,,,,,,,,,,,,,,,,,
3670,QuadraticDiscriminantAnalysis_REWEIGHTER_HYPERPARAMETER,,,,,,,,,,,,3.0,,,,,,,,
676,QuadraticDiscriminantAnalysis_REWEIGHTER_HYPERPARAMETER,,,,,,,,,,,,,,,,,,,,
4633,QuadraticDiscriminantAnalysis_REWEIGHTER_HYPERPARAMETER,,0.0,,,,,1.0,,2017.0,0.0,202.0,2.0,,1.0,,,,,,
2413,QuadraticDiscriminantAnalysis_REWEIGHTER_HYPERPARAMETER,,0.0,,1.0,1.0,,1.0,,2018.0,0.0,202.0,2.0,0.0,1.0,,,,,,
3420,QuadraticDiscriminantAnalysis_REWEIGHTER_HYPERPARAMETER,,0.0,,,,,,,2017.0,0.0,202.0,1.0,,1.0,,,,,,
1554,QuadraticDiscriminantAnalysis_REWEIGHTER_HYPERPARAMETER,,,,,,,,,,,,,,,,,,,,
2223,QuadraticDiscriminantAnalysis_REWEIGHTER_HYPERPARAMETER,,1.0,1.0,,,,,,,,,,,,,,,,,
3343,QuadraticDiscriminantAnalysis_REWEIGHTER_HYPERPARAMETER,,1.0,,,,,,,,,,,,,,,,,,
211,QuadraticDiscriminantAnalysis_REWEIGHTER_HYPERPARAMETER,,,,,,,,,,,,,,,,,,,,
4026,QuadraticDiscriminantAnalysis_REWEIGHTER_HYPERPARAMETER,,,,,,,,,2019.0,,,,,,,,,,,
4611,QuadraticDiscriminantAnalysis_REWEIGHTER_HYPERPARAMETER,,,,,,,,,,,,,,,,,,,,
2040,QuadraticDiscriminantAnalysis_REWEIGHTER_HYPERPARAMETER,,1.0,,,,,,,,,,,,,,,,,,
3360,QuadraticDiscriminantAnalysis_REWEIGHTER_HYPERPARAMETER,,,,,,,,,,,,,,,,,,,,
1099,QuadraticDiscriminantAnalysis_REWEIGHTER_HYPERPARAMETER,,,,,,,,,,,,3.0,,,,,,,,
189,QuadraticDiscriminantAnalysis_REWEIGHTER_HYPERPARAMETER,,,,,,,,,,,,3.0,,,,,,,,
4625,QuadraticDiscriminantAnalysis_REWEIGHTER_HYPERPARAMETER,,,,,,,,,,,,,,,,,,,,
2988,QuadraticDiscriminantAnalysis_REWEIGHTER_HYPERPARAMETER,,1.0,,,,,,,,,,,,,,,,,,
2540,QuadraticDiscriminantAnalysis_REWEIGHTER_HYPERPARAMETER,,,,,,,,,,,,,,,,,,,,
4003,QuadraticDiscriminantAnalysis_REWEIGHTER_HYPERPARAMETER,,,,,,,,,,,,,,,,,,,,
1900,QuadraticDiscriminantAnalysis_REWEIGHTER_HYPERPARAMETER,,,,,,,,,,,,,,,,,,,,
1654,QuadraticDiscriminantAnalysis_REWEIGHTER_HYPERPARAMETER,,,,,,,,,,,,,,,,,,,,
494,QuadraticDiscriminantAnalysis_REWEIGHTER_HYPERPARAMETER,,,,,,,,,,,,,,,,,,,,
332,QuadraticDiscriminantAnalysis_REWEIGHTER_HYPERPARAMETER,,,,,,,,,,,,,,,,,,,,
876,QuadraticDiscriminantAnalysis_REWEIGHTER_HYPERPARAMETER,,,,,,,,,,,,,,,,,,,,
1886,QuadraticDiscriminantAnalysis_REWEIGHTER_HYPERPARAMETER,,,,,,,,,,,,,,,,,,,,
4010,QuadraticDiscriminantAnalysis_REWEIGHTER_HYPERPARAMETER,,,,,,,,,,,,,,,,,,,,
4693,QuadraticDiscriminantAnalysis_REWEIGHTER_HYPERPARAMETER,,,,,,,,,,,,,,,,,,,,
4906,QuadraticDiscriminantAnalysis_REWEIGHTER_HYPERPARAMETER,,,,,,,,,,,,,,,,,,,,
4894,QuadraticDiscriminantAnalysis_REWEIGHTER_HYPERPARAMETER,,,,,,,,,,,,,,,,,,,,
890,QuadraticDiscriminantAnalysis_REWEIGHTER_HYPERPARAMETER,,,,,,,,,,,,,,,,,,,,
2202,QuadraticDiscriminantAnalysis_REWEIGHTER_HYPERPARAMETER,,,,,,,,,,,,,,,,,,,,
4572,QuadraticDiscriminantAnalysis_REWEIGHTER_HYPERPARAMETER,,,,,,,,,,,,,,,,,,,,
3119,QuadraticDiscriminantAnalysis_REWEIGHTER_HYPERPARAMETER,,,,,,,,,,,,,,,,,,,,
3379,QuadraticDiscriminantAnalysis_REWEIGHTER_HYPERPARAMETER,,,,,,,,,,,,,,,,,,,,
561,QuadraticDiscriminantAnalysis_REWEIGHTER_HYPERPARAMETER,,,,,,,,,,,,,,,,,,,,
4516,QuadraticDiscriminantAnalysis_REWEIGHTER_HYPERPARAMETER,,,,,,,,,,,,,,,,,,,,
4844,QuadraticDiscriminantAnalysis_REWEIGHTER_HYPERPARAMETER,,,,,,,,,,,,,,,,,,,,
2986,QuadraticDiscriminantAnalysis_REWEIGHTER_HYPERPARAMETER,,,,,,,,,,,,,,,,,,,,
4419,QuadraticDiscriminantAnalysis_REWEIGHTER_HYPERPARAMETER,,,,,,,,,,,,,,,,,,,,
1781,QuadraticDiscriminantAnalysis_REWEIGHTER_HYPERPARAMETER,,,,,,,,,,,,,,,,,,,,
1032,QuadraticDiscriminantAnalysis_REWEIGHTER_HYPERPARAMETER,,,,,,,,,,,67.0,4.0,,3.0,,,,1.0,,
1864,QuadraticDiscriminantAnalysis_REWEIGHTER_HYPERPARAMETER,,,,,,,,,,,,,,,,,,,,
1301,QuadraticDiscriminantAnalysis_REWEIGHTER_HYPERPARAMETER,,,,,,,,,,,,4.0,,,,,,,,
4125,QuadraticDiscriminantAnalysis_REWEIGHTER_HYPERPARAMETER,,,,,,,,,,1.0,,,,,,,,,,
981,QuadraticDiscriminantAnalysis_REWEIGHTER_HYPERPARAMETER,,,,,,,,,,,,,,,,,,,,
2082,QuadraticDiscriminantAnalysis_REWEIGHTER_HYPERPARAMETER,,,,,,,,,,,,,,,,,,,,
3002,QuadraticDiscriminantAnalysis_REWEIGHTER_HYPERPARAMETER,,,,,,,,,,,,,,,,,,,,
976,QuadraticDiscriminantAnalysis_REWEIGHTER_HYPERPARAMETER,,,,,,,,,,,,,,,,,,,,
4619,QuadraticDiscriminantAnalysis_REWEIGHTER_HYPERPARAMETER,,,,,,,,,,,,,,,,,,,,
3127,QuadraticDiscriminantAnalysis_REWEIGHTER_HYPERPARAMETER,,,,,,,,,,,,,,,,,,,,
2278,QuadraticDiscriminantAnalysis_REWEIGHTER_HYPERPARAMETER,,,,,,,,,2019.0,,67.0,,,3.0,,,0.0,1.0,,1.0
3781,QuadraticDiscriminantAnalysis_REWEIGHTER_HYPERPARAMETER,,,,,,,,,,,,,,,,,,,,
2069,QuadraticDiscriminantAnalysis_REWEIGHTER_HYPERPARAMETER,,,,,,,,,,,,,,,,,,,,
1267,QuadraticDiscriminantAnalysis_REWEIGHTER_HYPERPARAMETER,,,,,,,,,,,,,,,,,,,,
2490,QuadraticDiscriminantAnalysis_REWEIGHTER_HYPERPARAMETER,,,,,,,,,,,,,,,,,,,,
1088,QuadraticDiscriminantAnalysis_REWEIGHTER_HYPERPARAMETER,,,,,,,,,,,,,,,,,,,,
3861,QuadraticDiscriminantAnalysis_REWEIGHTER_HYPERPARAMETER,,,,,,,,,,,,,,,,,,,,
277,QuadraticDiscriminantAnalysis_REWEIGHTER_HYPERPARAMETER,,,1.0,,,,,,,1.0,,,,,,,,,,
3899,QuadraticDiscriminantAnalysis_REWEIGHTER_HYPERPARAMETER,,,1.0,,,,,,,,,3.0,,,,,,1.0,,
4351,QuadraticDiscriminantAnalysis_REWEIGHTER_HYPERPARAMETER,,,,,,,,,,,,,,,,,,,,
2216,QuadraticDiscriminantAnalysis_REWEIGHTER_HYPERPARAMETER,,,,,,,,,,,,,,,,,,,,
3121,QuadraticDiscriminantAnalysis_REWEIGHTER_HYPERPARAMETER,,,,,,,,,,1.0,,,,,,,,,,
191,QuadraticDiscriminantAnalysis_REWEIGHTER_HYPERPARAMETER,,,,,,,,,,,,3.0,,,,,,,,
1663,QuadraticDiscriminantAnalysis_REWEIGHTER_HYPERPARAMETER,,,,,,,,,,,,,,,,,,,,
2511,QuadraticDiscriminantAnalysis_REWEIGHTER_HYPERPARAMETER,,,,,,,,,,,,,,,,,,,,
2021,QuadraticDiscriminantAnalysis_REWEIGHTER_HYPERPARAMETER,,,,,,,,,,,,,,,,,,,,
2531,QuadraticDiscriminantAnalysis_REWEIGHTER_HYPERPARAMETER,,,1.0,,,,,,2019.0,,67.0,,,,,,,,,
2297,QuadraticDiscriminantAnalysis_REWEIGHTER_HYPERPARAMETER,,,,,,,,,,,,,,,,,,,,
3901,QuadraticDiscriminantAnalysis_REWEIGHTER_HYPERPARAMETER,,,,,,,,,,,,,,,,,,,,
3806,QuadraticDiscriminantAnalysis_REWEIGHTER_HYPERPARAMETER,,,,,,,,,,,,,,,,,,,,
3783,QuadraticDiscriminantAnalysis_REWEIGHTER_HYPERPARAMETER,,,,,,,,,,,,,,,,,,,,
4822,QuadraticDiscriminantAnalysis_REWEIGHTER_HYPERPARAMETER,,,,,,,,,,,,,,,,,,,,
4759,QuadraticDiscriminantAnalysis_REWEIGHTER_HYPERPARAMETER,,,,,,,,,,,,,,,,,,,,
1400,QuadraticDiscriminantAnalysis_REWEIGHTER_HYPERPARAMETER,,,,,,,,,,,,3.0,,,,,,,,
1679,QuadraticDiscriminantAnalysis_REWEIGHTER_HYPERPARAMETER,,,,,,,,,,,,,,,,,,,,
342,QuadraticDiscriminantAnalysis_REWEIGHTER_HYPERPARAMETER,,1.0,,,,,,,,,,,,,,,,,,
1274,QuadraticDiscriminantAnalysis_REWEIGHTER_HYPERPARAMETER,,,,,,,,,,,,,,,,,,,,
4308,QuadraticDiscriminantAnalysis_REWEIGHTER_HYPERPARAMETER,,,,,,,,,,,,,,,,,,,,
2190,QuadraticDiscriminantAnalysis_REWEIGHTER_HYPERPARAMETER,,,,,,,,,,,,,,,,,,,,
2347,QuadraticDiscriminantAnalysis_REWEIGHTER_HYPERPARAMETER,,,,,,,,,,,,,,,,,,,,
1566,QuadraticDiscriminantAnalysis_REWEIGHTER_HYPERPARAMETER,,,,,,,,,,,,,,,,,,,,
2982,QuadraticDiscriminantAnalysis_REWEIGHTER_HYPERPARAMETER,,,,,,,,,,,,,,,,,,,,
1797,QuadraticDiscriminantAnalysis_REWEIGHTER_HYPERPARAMETER,,,,,,,,,,,,,,,,,,,,
4367,QuadraticDiscriminantAnalysis_REWEIGHTER_HYPERPARAMETER,,1.0,,,,,,,,,,,,,,,,,,
1631,QuadraticDiscriminantAnalysis_REWEIGHTER_HYPERPARAMETER,,,,,,,,,,,,,,,,,,,,
4144,QuadraticDiscriminantAnalysis_REWEIGHTER_HYPERPARAMETER,,,,,,,,,,,,,,,,,,,,
894,QuadraticDiscriminantAnalysis_REWEIGHTER_HYPERPARAMETER,,1.0,,,,,,,,1.0,,,,,,,,,,
3844,QuadraticDiscriminantAnalysis_REWEIGHTER_HYPERPARAMETER,,,,,,,,,,,,,,,,,,,,
476,QuadraticDiscriminantAnalysis_REWEIGHTER_HYPERPARAMETER,,,,,,,,,,,,,,,,,,,,
318,QuadraticDiscriminantAnalysis_REWEIGHTER_HYPERPARAMETER,,,,,,,,,,,,,,,,,,,,
446,QuadraticDiscriminantAnalysis_REWEIGHTER_HYPERPARAMETER,,,,,,,,,,,36.0,3.0,,,,,,,,
102,QuadraticDiscriminantAnalysis_REWEIGHTER_HYPERPARAMETER,,,,,,,,,,,,,,,,,,,,
3514,QuadraticDiscriminantAnalysis_REWEIGHTER_HYPERPARAMETER,,,,,,,,,,,,,,,,,,,,
3913,QuadraticDiscriminantAnalysis_REWEIGHTER_HYPERPARAMETER,,,1.0,,,,,,,1.0,,,,,,,,,,
262,QuadraticDiscriminantAnalysis_REWEIGHTER_HYPERPARAMETER,,,,,,,,,,,,,,,,,,,,
2629,QuadraticDiscriminantAnalysis_REWEIGHTER_HYPERPARAMETER,,,,,,,,,,,,,,,,,,,,
4073,QuadraticDiscriminantAnalysis_REWEIGHTER_HYPERPARAMETER,,,,,,,,,,,,,,,,,,,,
1224,QuadraticDiscriminantAnalysis_REWEIGHTER_HYPERPARAMETER,,,,,,,,,,,,3.0,,,,,,,,
4078,QuadraticDiscriminantAnalysis_REWEIGHTER_HYPERPARAMETER,,,1.0,,,,,,,1.0,,,,,,,,,,
2621,QuadraticDiscriminantAnalysis_REWEIGHTER_HYPERPARAMETER,,,,,,,,,,,,,,,,,,,,
362,QuadraticDiscriminantAnalysis_REWEIGHTER_HYPERPARAMETER,,,,,,,,,,,,,,,,,,,,
2178,QuadraticDiscriminantAnalysis_REWEIGHTER_HYPERPARAMETER,,,,,,,,,,,,,,,,,,,,
4254,QuadraticDiscriminantAnalysis_REWEIGHTER_HYPERPARAMETER,,,,,,,,,2019.0,,,,,,,,,,,
1861,QuadraticDiscriminantAnalysis_REWEIGHTER_HYPERPARAMETER,,1.0,,,,,,,,,,,,,,,,,,
2072,QuadraticDiscriminantAnalysis_REWEIGHTER_HYPERPARAMETER,,1.0,,,,,,,,,,,,,,,,,,
4907,QuadraticDiscriminantAnalysis_REWEIGHTER_HYPERPARAMETER,,1.0,,,,,,,,,,,,,,,,,,
1845,QuadraticDiscriminantAnalysis_REWEIGHTER_HYPERPARAMETER,,,,,,,,,,,,,,,,,,,,
2815,QuadraticDiscriminantAnalysis_REWEIGHTER_HYPERPARAMETER,,,,,,,,,,,,,,,,,,,,
4323,QuadraticDiscriminantAnalysis_REWEIGHTER_HYPERPARAMETER,,,,,,,,,,,,,,,,,,,,
1442,QuadraticDiscriminantAnalysis_REWEIGHTER_HYPERPARAMETER,,,,,,,,,,,,,,,,,,,,
1585,QuadraticDiscriminantAnalysis_REWEIGHTER_HYPERPARAMETER,,,,,,,,,,,,,,,,,,,,
2673,QuadraticDiscriminantAnalysis_REWEIGHTER_HYPERPARAMETER,,,,,,,,,,,,,,,,,,,,
224,QuadraticDiscriminantAnalysis_REWEIGHTER_HYPERPARAMETER,,,,,,,,,,,,,,,,,,,,
4706,QuadraticDiscriminantAnalysis_REWEIGHTER_HYPERPARAMETER,,,,,,,,,,,,,,,,,,,,
2762,QuadraticDiscriminantAnalysis_REWEIGHTER_HYPERPARAMETER,,,,,,,,,,,,3.0,,,,,,,,
1498,QuadraticDiscriminantAnalysis_REWEIGHTER_HYPERPARAMETER,,1.0,,,,,,,,,,,,,,,,,,
1728,QuadraticDiscriminantAnalysis_REWEIGHTER_HYPERPARAMETER,,,,,,,,,,,,,,,,,,,,
2777,QuadraticDiscriminantAnalysis_REWEIGHTER_HYPERPARAMETER,,,,,,,,,,,,3.0,,,,,,,,
3891,QuadraticDiscriminantAnalysis_REWEIGHTER_HYPERPARAMETER,,,1.0,,,,,,,1.0,,,,,,,,,,
2213,QuadraticDiscriminantAnalysis_REWEIGHTER_HYPERPARAMETER,,,,,,,,,,,,,,,,,,,,
1624,QuadraticDiscriminantAnalysis_REWEIGHTER_HYPERPARAMETER,,,,,,,,,,,,,,,,,,,,
745,QuadraticDiscriminantAnalysis_REWEIGHTER_HYPERPARAMETER,,,,,,,,,,,,,,,,,,,,
234,QuadraticDiscriminantAnalysis_REWEIGHTER_HYPERPARAMETER,,,,,,,,,,,,,,,,,,,,
541,QuadraticDiscriminantAnalysis_REWEIGHTER_HYPERPARAMETER,,,,,,,,,,,,,,,,,,,,
3807,QuadraticDiscriminantAnalysis_REWEIGHTER_HYPERPARAMETER,,,,,,,,,,,,,,,,,,,,
4899,QuadraticDiscriminantAnalysis_REWEIGHTER_HYPERPARAMETER,,,,,,,,,,,,,,,,,,,,
250,QuadraticDiscriminantAnalysis_REWEIGHTER_HYPERPARAMETER,,,,,,,,,,,,,,,,,,,,
379,QuadraticDiscriminantAnalysis_REWEIGHTER_HYPERPARAMETER,,,,,,,,,,,,,,,,,,,,
2887,QuadraticDiscriminantAnalysis_ROS_HYPERPARAMETER,,,,,,,,,2016.0,,720.0,8.0,,,,,,,,
4671,QuadraticDiscriminantAnalysis_ROS_HYPERPARAMETER,,,,,,,,,2019.0,,,,,,,,,,,
1565,QuadraticDiscriminantAnalysis_ROS_HYPERPARAMETER,,,,,,,,,2017.0,,202.0,7.0,,,,,,,,
97,QuadraticDiscriminantAnalysis_ROS_HYPERPARAMETER,,,,,,,,,,,,2.0,,,,,,,,
3687,QuadraticDiscriminantAnalysis_ROS_HYPERPARAMETER,,,,,,,,,2016.0,,720.0,8.0,,,,,,,,
1766,QuadraticDiscriminantAnalysis_ROS_HYPERPARAMETER,,,,,,,,,2015.0,,720.0,8.0,,,,,,,,
3741,QuadraticDiscriminantAnalysis_ROS_HYPERPARAMETER,,,,,,,,,2016.0,,202.0,1.0,,,,,,,,
4500,QuadraticDiscriminantAnalysis_ROS_HYPERPARAMETER,,,,,,,,,2016.0,,202.0,8.0,,,,,,,,
1505,QuadraticDiscriminantAnalysis_ROS_HYPERPARAMETER,1.0,0.0,,1.0,,1.0,1.0,1.0,2016.0,0.0,202.0,8.0,0.0,2.0,,1.0,1.0,,,
1471,QuadraticDiscriminantAnalysis_ROS_HYPERPARAMETER,,,,,,,,,2017.0,,202.0,7.0,,1.0,,,,,,
1934,QuadraticDiscriminantAnalysis_ROS_HYPERPARAMETER,,,,,,,,,2016.0,,202.0,7.0,,,,,,,,
4555,QuadraticDiscriminantAnalysis_ROS_HYPERPARAMETER,,,,,,,,,2016.0,,720.0,8.0,,,,,,,,
2416,QuadraticDiscriminantAnalysis_ROS_HYPERPARAMETER,,1.0,1.0,,,,,,2019.0,,67.0,4.0,,,,,,,,
4572,QuadraticDiscriminantAnalysis_ROS_HYPERPARAMETER,,,,,,,,,,,,,,,,,,,,
3711,QuadraticDiscriminantAnalysis_ROS_HYPERPARAMETER,,,,,,,,,2016.0,,202.0,8.0,,,,,,,,
1448,QuadraticDiscriminantAnalysis_ROS_HYPERPARAMETER,,,,,,,,,2016.0,,202.0,7.0,,,,,,,,
1927,QuadraticDiscriminantAnalysis_ROS_HYPERPARAMETER,,0.0,,,,,,,2016.0,,202.0,9.0,,6.0,,,,,,
1398,QuadraticDiscriminantAnalysis_ROS_HYPERPARAMETER,,,,,,,,,,,,,,,,,,,,
2379,QuadraticDiscriminantAnalysis_ROS_HYPERPARAMETER,,,,,,,,,2016.0,,720.0,8.0,,,,,,,,
3888,QuadraticDiscriminantAnalysis_ROS_HYPERPARAMETER,,,,,,,,1.0,2016.0,0.0,202.0,2.0,0.0,1.0,,,1.0,,,
986,QuadraticDiscriminantAnalysis_ROS_HYPERPARAMETER,,,,,,,1.0,,2017.0,0.0,202.0,8.0,0.0,2.0,1.0,1.0,1.0,,,0.0
4939,QuadraticDiscriminantAnalysis_ROS_HYPERPARAMETER,,,,,,,,,2017.0,,202.0,8.0,,,,,,,,
4736,QuadraticDiscriminantAnalysis_ROS_HYPERPARAMETER,,,,,,,,,2016.0,,202.0,8.0,,,,,,,,
1819,QuadraticDiscriminantAnalysis_ROS_HYPERPARAMETER,,,,,,,,,2014.0,,720.0,8.0,,,,,,,,
1583,QuadraticDiscriminantAnalysis_ROS_HYPERPARAMETER,,,,,,,,,2016.0,,720.0,8.0,,,,,,,,
4308,QuadraticDiscriminantAnalysis_ROS_HYPERPARAMETER,,,,,,,,,,,67.0,,,,,,,,,
4837,QuadraticDiscriminantAnalysis_ROS_HYPERPARAMETER,,,,,,,,,2015.0,,202.0,8.0,,,,,,,,
168,QuadraticDiscriminantAnalysis_ROS_HYPERPARAMETER,1.0,,,1.0,1.0,,1.0,1.0,2020.0,0.0,202.0,8.0,0.0,2.0,,1.0,1.0,,,
1428,QuadraticDiscriminantAnalysis_ROS_HYPERPARAMETER,,,,,,,,,2015.0,,202.0,9.0,,,,,,,,
2965,QuadraticDiscriminantAnalysis_ROS_HYPERPARAMETER,,,,,,,,,2016.0,,720.0,7.0,,,,,,,,
349,QuadraticDiscriminantAnalysis_ROS_HYPERPARAMETER,,,,,,,,,2017.0,,202.0,1.0,,,,,,,,
3518,QuadraticDiscriminantAnalysis_ROS_HYPERPARAMETER,,,,,,,,,2015.0,,720.0,8.0,,,,,,,,
884,QuadraticDiscriminantAnalysis_ROS_HYPERPARAMETER,1.0,,0.0,,,,1.0,1.0,2016.0,,67.0,1.0,0.0,1.0,,1.0,1.0,0.0,1.0,
4104,QuadraticDiscriminantAnalysis_ROS_HYPERPARAMETER,,,1.0,,,,,,2019.0,,,,,,,,,,,
2351,QuadraticDiscriminantAnalysis_ROS_HYPERPARAMETER,,0.0,,,,,,,2015.0,0.0,202.0,1.0,,1.0,,,,,,
4744,QuadraticDiscriminantAnalysis_ROS_HYPERPARAMETER,,,,,,,,,2017.0,,202.0,1.0,,,,,,,,
3134,QuadraticDiscriminantAnalysis_ROS_HYPERPARAMETER,,,,,,,,,,,,,,,,,,,,
3648,QuadraticDiscriminantAnalysis_ROS_HYPERPARAMETER,,,,,,,1.0,,2016.0,,202.0,2.0,0.0,1.0,,,,,,
2660,QuadraticDiscriminantAnalysis_ROS_HYPERPARAMETER,,,,,,,,,2016.0,,202.0,8.0,,,,,,,,
114,QuadraticDiscriminantAnalysis_ROS_HYPERPARAMETER,,1.0,1.0,,0.0,,,,2019.0,1.0,,3.0,,3.0,,,,,,1.0
805,QuadraticDiscriminantAnalysis_ROS_HYPERPARAMETER,,,,,,,,,2016.0,,720.0,1.0,,1.0,,,,,,
2250,QuadraticDiscriminantAnalysis_ROS_HYPERPARAMETER,,,0.0,,,,,,2017.0,,202.0,1.0,,,,,,,,
4499,QuadraticDiscriminantAnalysis_ROS_HYPERPARAMETER,,,,,,,,,2019.0,1.0,,3.0,,,,,,,,
2315,QuadraticDiscriminantAnalysis_ROS_HYPERPARAMETER,,,,,,,,,2016.0,,202.0,9.0,,,,,,,,
2509,QuadraticDiscriminantAnalysis_ROS_HYPERPARAMETER,,,,,,,,,2014.0,,720.0,8.0,,,,,,,,
2880,QuadraticDiscriminantAnalysis_ROS_HYPERPARAMETER,,,,,,,,,2016.0,,202.0,1.0,,1.0,,,,,,
4745,QuadraticDiscriminantAnalysis_ROS_HYPERPARAMETER,,,,,,,,,2016.0,,202.0,1.0,,,,,,,,
1600,QuadraticDiscriminantAnalysis_ROS_HYPERPARAMETER,,,,,,,,,2017.0,,202.0,1.0,,1.0,,,,,,
4543,QuadraticDiscriminantAnalysis_ROS_HYPERPARAMETER,,,,,,,,,2016.0,,202.0,8.0,,,,,,,,
1022,QuadraticDiscriminantAnalysis_ROS_HYPERPARAMETER,,1.0,1.0,,,,,,2019.0,,,4.0,,3.0,,,,,,
3674,QuadraticDiscriminantAnalysis_ROS_HYPERPARAMETER,,,,,,,,,2016.0,,202.0,1.0,,,,,,,,
4607,QuadraticDiscriminantAnalysis_ROS_HYPERPARAMETER,,,,,,,,,2016.0,,720.0,1.0,,,,,,,,
3911,QuadraticDiscriminantAnalysis_ROS_HYPERPARAMETER,,,,,,,,,2016.0,,202.0,8.0,,,,,,,,
1048,QuadraticDiscriminantAnalysis_ROS_HYPERPARAMETER,,,,,,,,,2016.0,,720.0,1.0,,,,,,,,
2687,QuadraticDiscriminantAnalysis_ROS_HYPERPARAMETER,,,,,,,,,2016.0,,720.0,1.0,,,,,,,,
4688,QuadraticDiscriminantAnalysis_ROS_HYPERPARAMETER,,,,,,,,,2016.0,,202.0,1.0,,,,,,,,
44,QuadraticDiscriminantAnalysis_ROS_HYPERPARAMETER,,,,,,,,,2016.0,,202.0,7.0,,,,,,,,
465,QuadraticDiscriminantAnalysis_ROS_HYPERPARAMETER,,,,,,,,,2016.0,,202.0,1.0,,,,,,,,
4735,QuadraticDiscriminantAnalysis_ROS_HYPERPARAMETER,,,,,,,,,2016.0,,202.0,8.0,,,,,,,,
2157,QuadraticDiscriminantAnalysis_ROS_HYPERPARAMETER,,,,,,,,,2016.0,,202.0,1.0,,,,,,,,
3611,QuadraticDiscriminantAnalysis_ROS_HYPERPARAMETER,,,,,,,,,2016.0,,202.0,1.0,,,,,,,,
1672,QuadraticDiscriminantAnalysis_ROS_HYPERPARAMETER,,,,,,,,,2015.0,,720.0,8.0,,,,,,,,
3542,QuadraticDiscriminantAnalysis_ROS_HYPERPARAMETER,,,,,,,,,2016.0,,720.0,8.0,,,,,,,,
2360,QuadraticDiscriminantAnalysis_ROS_HYPERPARAMETER,,,,,,,,,,,,,,,,,,,,
3304,QuadraticDiscriminantAnalysis_ROS_HYPERPARAMETER,,,,,,,,,2016.0,,720.0,7.0,,,,,,,,
3864,QuadraticDiscriminantAnalysis_ROS_HYPERPARAMETER,,,,,,,,,2016.0,,202.0,8.0,,,,,,,,
4469,QuadraticDiscriminantAnalysis_ROS_HYPERPARAMETER,,,,,,,,,2016.0,,202.0,1.0,,,,,,,,
1289,QuadraticDiscriminantAnalysis_ROS_HYPERPARAMETER,,,1.0,,,,,,2019.0,1.0,51.0,4.0,,3.0,0.0,,,1.0,,1.0
4061,QuadraticDiscriminantAnalysis_ROS_HYPERPARAMETER,,,,,,,,,2016.0,,202.0,2.0,,1.0,,,,,,
3238,QuadraticDiscriminantAnalysis_ROS_HYPERPARAMETER,,,,,,,,,2017.0,,202.0,1.0,,,,,,,,
4750,QuadraticDiscriminantAnalysis_ROS_HYPERPARAMETER,,,,,,,,,2016.0,,202.0,1.0,,,,,,,,
4650,QuadraticDiscriminantAnalysis_ROS_HYPERPARAMETER,,,,,,,,,2016.0,,202.0,8.0,,,,,,,,
4071,QuadraticDiscriminantAnalysis_ROS_HYPERPARAMETER,,,,,,,,,2016.0,,720.0,8.0,,,,,,,,
49,QuadraticDiscriminantAnalysis_ROS_HYPERPARAMETER,,,,,,,,,,,67.0,,,,,,,,,
1942,QuadraticDiscriminantAnalysis_ROS_HYPERPARAMETER,,,,,,,,,2015.0,,720.0,8.0,,,,,,,,
1465,QuadraticDiscriminantAnalysis_ROS_HYPERPARAMETER,,,,,,,,,2016.0,,202.0,1.0,,,,,,,,
3570,QuadraticDiscriminantAnalysis_ROS_HYPERPARAMETER,,,,,,,1.0,,2020.0,0.0,720.0,2.0,,1.0,,,,,,
1727,QuadraticDiscriminantAnalysis_ROS_HYPERPARAMETER,,,,,,,,,2016.0,,202.0,9.0,,,,,,,,
3288,QuadraticDiscriminantAnalysis_ROS_HYPERPARAMETER,,,,,,,,,2017.0,,202.0,1.0,,6.0,,,,,,
98,QuadraticDiscriminantAnalysis_ROS_HYPERPARAMETER,,,,,,,,,2015.0,,720.0,1.0,,,,,,,,
784,QuadraticDiscriminantAnalysis_ROS_HYPERPARAMETER,,,,,,,,,2016.0,,202.0,8.0,,,,,,,,
1269,QuadraticDiscriminantAnalysis_ROS_HYPERPARAMETER,,,,,,,,,2015.0,,720.0,8.0,,,,,,,,
2628,QuadraticDiscriminantAnalysis_ROS_HYPERPARAMETER,,,,,,,,,2017.0,0.0,202.0,8.0,0.0,1.0,,,,,,
1112,QuadraticDiscriminantAnalysis_ROS_HYPERPARAMETER,,,,,,,,,2015.0,,720.0,8.0,,,,,,,,
66,QuadraticDiscriminantAnalysis_ROS_HYPERPARAMETER,,,,,,,,,2016.0,,202.0,7.0,,,,,,,,
308,QuadraticDiscriminantAnalysis_ROS_HYPERPARAMETER,,,,,,,,,2016.0,,202.0,7.0,,,,,,,,
3527,QuadraticDiscriminantAnalysis_ROS_HYPERPARAMETER,1.0,0.0,,1.0,,,1.0,,2015.0,,202.0,2.0,0.0,1.0,,,,,,
641,QuadraticDiscriminantAnalysis_ROS_HYPERPARAMETER,,,,,,,,,2016.0,,202.0,8.0,,,,,,,,
2824,QuadraticDiscriminantAnalysis_ROS_HYPERPARAMETER,,,,,,,,,2016.0,,202.0,9.0,,,,,,,,
4879,QuadraticDiscriminantAnalysis_ROS_HYPERPARAMETER,,,,,,,,,2016.0,,720.0,1.0,,,,,,,,
4385,QuadraticDiscriminantAnalysis_ROS_HYPERPARAMETER,,1.0,1.0,,,,,,2019.0,,67.0,2.0,,,0.0,,,1.0,1.0,
2045,QuadraticDiscriminantAnalysis_ROS_HYPERPARAMETER,,,,,,,,,2016.0,,720.0,7.0,,,,,,,,
4412,QuadraticDiscriminantAnalysis_ROS_HYPERPARAMETER,,,,,,,,,2019.0,,,,,,,,,,,
2357,QuadraticDiscriminantAnalysis_ROS_HYPERPARAMETER,,,,,,,,,2015.0,,202.0,8.0,,,,,,,,
4829,QuadraticDiscriminantAnalysis_ROS_HYPERPARAMETER,,,,,,,,,2016.0,,202.0,1.0,,,,,,,,
294,QuadraticDiscriminantAnalysis_ROS_HYPERPARAMETER,,,,,,,,,2016.0,,202.0,8.0,,,,,,,,
3700,QuadraticDiscriminantAnalysis_ROS_HYPERPARAMETER,,,,,,,,,2019.0,,,,,,,,,,,
1095,QuadraticDiscriminantAnalysis_ROS_HYPERPARAMETER,,,,,1.0,1.0,1.0,,2017.0,,202.0,1.0,0.0,2.0,1.0,,,,,
4278,QuadraticDiscriminantAnalysis_ROS_HYPERPARAMETER,,,,,,,,,,,67.0,,,,,,,,,
570,QuadraticDiscriminantAnalysis_ROS_HYPERPARAMETER,,,,,,,,,2016.0,,202.0,8.0,,,,,,,,
3770,QuadraticDiscriminantAnalysis_ROS_HYPERPARAMETER,,,,,,,,,2015.0,,720.0,8.0,,,,,,,,
4537,QuadraticDiscriminantAnalysis_ROS_HYPERPARAMETER,,,,,,,,,,,67.0,,,,,,,,,
393,QuadraticDiscriminantAnalysis_ROS_HYPERPARAMETER,,,,,,,,,2016.0,,202.0,1.0,,,,,,,,
2195,QuadraticDiscriminantAnalysis_ROS_HYPERPARAMETER,,,,,,,,,,,,,,,,,,,,
1879,QuadraticDiscriminantAnalysis_ROS_HYPERPARAMETER,,,,,,,,,2016.0,,202.0,9.0,,,,,,,,
2310,QuadraticDiscriminantAnalysis_ROS_HYPERPARAMETER,,,,,,,,,2017.0,,202.0,1.0,,,,,,,,
2642,QuadraticDiscriminantAnalysis_ROS_HYPERPARAMETER,,,,,,,,,2016.0,,202.0,8.0,,,,,,,,
1616,QuadraticDiscriminantAnalysis_ROS_HYPERPARAMETER,,,,,,,,,,,67.0,,,,,,,,,
4708,QuadraticDiscriminantAnalysis_ROS_HYPERPARAMETER,,1.0,,,,,,,,,,2.0,,,,,,,,
3018,QuadraticDiscriminantAnalysis_ROS_HYPERPARAMETER,,,,,,,,,2017.0,,202.0,8.0,,1.0,,,,,,
4878,QuadraticDiscriminantAnalysis_ROS_HYPERPARAMETER,,,,,,,,,2019.0,,,,,,,,,,,
466,QuadraticDiscriminantAnalysis_ROS_HYPERPARAMETER,,,,,,,,,2016.0,,720.0,8.0,,,,,,,,
2809,QuadraticDiscriminantAnalysis_ROS_HYPERPARAMETER,,,,,,,,,2017.0,,202.0,1.0,,5.0,,,,,,
3037,QuadraticDiscriminantAnalysis_ROS_HYPERPARAMETER,,,,,,,,,2016.0,,202.0,1.0,,,,,,,,
4371,QuadraticDiscriminantAnalysis_ROS_HYPERPARAMETER,,,,,,,,,2015.0,,720.0,8.0,,,,,,,,
4403,QuadraticDiscriminantAnalysis_ROS_HYPERPARAMETER,,,,,,,,,2016.0,,202.0,9.0,,,,,,,,
4535,QuadraticDiscriminantAnalysis_ROS_HYPERPARAMETER,,,,,,,,,,,,2.0,,,,,,,,
501,QuadraticDiscriminantAnalysis_ROS_HYPERPARAMETER,,,0.0,1.0,1.0,,,,2020.0,0.0,202.0,8.0,0.0,2.0,,,,,,
1480,QuadraticDiscriminantAnalysis_ROS_HYPERPARAMETER,,,,,,,,,2017.0,,202.0,7.0,,,,,,,,
2729,QuadraticDiscriminantAnalysis_ROS_HYPERPARAMETER,,,,,,,,,2016.0,0.0,202.0,2.0,,1.0,,,,,,
955,QuadraticDiscriminantAnalysis_ROS_HYPERPARAMETER,,,,,,,,,2015.0,,720.0,8.0,,,,,,,,
2453,QuadraticDiscriminantAnalysis_ROS_HYPERPARAMETER,,,,,,,,,2017.0,0.0,202.0,8.0,0.0,1.0,,,,,,
1993,QuadraticDiscriminantAnalysis_ROS_HYPERPARAMETER,,,,,,,,,2015.0,,720.0,1.0,,,,,,,,
4313,QuadraticDiscriminantAnalysis_ROS_HYPERPARAMETER,,,,,,,,,2016.0,,720.0,7.0,,,,,,,,
1523,QuadraticDiscriminantAnalysis_ROS_HYPERPARAMETER,,,,,,,,,2015.0,,720.0,8.0,,,,,,,,
3196,QuadraticDiscriminantAnalysis_ROS_HYPERPARAMETER,,1.0,,,,,,,,,,2.0,,,,,,,,
3980,QuadraticDiscriminantAnalysis_ROS_HYPERPARAMETER,,,,,,,,,2015.0,,202.0,8.0,,,,,,,,
438,QuadraticDiscriminantAnalysis_ROS_HYPERPARAMETER,,,,,,,,,2016.0,,720.0,1.0,,,,,,,,
4283,QuadraticDiscriminantAnalysis_ROS_HYPERPARAMETER,,,,,,,,,2019.0,,,,,,,,,,,
2253,QuadraticDiscriminantAnalysis_ROS_HYPERPARAMETER,,,,,,,,,2016.0,,202.0,1.0,,,,,,,,
723,QuadraticDiscriminantAnalysis_ROS_HYPERPARAMETER,,,,,,,,,2016.0,,720.0,8.0,,,,,,,,
4811,QuadraticDiscriminantAnalysis_ROS_HYPERPARAMETER,,,,,,,,,2017.0,,202.0,1.0,,,,,,,,
4230,QuadraticDiscriminantAnalysis_ROS_HYPERPARAMETER,,,,,,,,,2016.0,,202.0,1.0,,,,,,,,
2970,QuadraticDiscriminantAnalysis_ROS_HYPERPARAMETER,,,,,,,,,2017.0,,202.0,8.0,,,,,,,,
4562,QuadraticDiscriminantAnalysis_ROS_HYPERPARAMETER,,,,,,,,,2015.0,,720.0,8.0,,,,,,,,
906,QuadraticDiscriminantAnalysis_ROS_HYPERPARAMETER,,,,,,,,,2015.0,,202.0,8.0,,,,,,,,
1992,QuadraticDiscriminantAnalysis_ROS_HYPERPARAMETER,0.0,,0.0,,1.0,,1.0,1.0,2016.0,0.0,720.0,2.0,0.0,2.0,0.0,1.0,1.0,,,
1750,QuadraticDiscriminantAnalysis_ROS_HYPERPARAMETER,,,,,,,,,2016.0,,202.0,1.0,,6.0,,,,,,
3681,QuadraticDiscriminantAnalysis_ROS_HYPERPARAMETER,,,,,,,,,2015.0,,720.0,8.0,,,,,,,,
3295,QuadraticDiscriminantAnalysis_ROS_HYPERPARAMETER,,,,,,,,,2017.0,,202.0,1.0,,,,,,,,
3107,QuadraticDiscriminantAnalysis_ROS_HYPERPARAMETER,,,,,,,,,2015.0,,720.0,8.0,,,,,,,,
1582,QuadraticDiscriminantAnalysis_ROS_HYPERPARAMETER,,,,,,,,,,,67.0,,,,,,,,,
1438,QuadraticDiscriminantAnalysis_ROS_HYPERPARAMETER,,,,,,,,,2016.0,,720.0,1.0,,,,,,,,
459,QuadraticDiscriminantAnalysis_ROS_HYPERPARAMETER,,,,,,,,,2016.0,,202.0,7.0,,,,,,,,
3775,QuadraticDiscriminantAnalysis_ROS_HYPERPARAMETER,,,,,,,1.0,,2020.0,0.0,720.0,2.0,,1.0,,,,,,
2825,QuadraticDiscriminantAnalysis_ROS_HYPERPARAMETER,,,,,,,,,2015.0,,720.0,8.0,,,,,,,,
594,QuadraticDiscriminantAnalysis_ROS_HYPERPARAMETER,,,0.0,1.0,1.0,,,,2017.0,0.0,202.0,8.0,0.0,1.0,,,,,,
4393,QuadraticDiscriminantAnalysis_ROS_HYPERPARAMETER,,,,,,,,,2017.0,0.0,202.0,8.0,0.0,1.0,,,,,,
2166,QuadraticDiscriminantAnalysis_ROS_HYPERPARAMETER,,,,,,,,,,,,,,,,,,,,
2661,QuadraticDiscriminantAnalysis_ROS_HYPERPARAMETER,,1.0,1.0,,,,,,,1.0,,2.0,,,,,,,,
1272,QuadraticDiscriminantAnalysis_ROS_HYPERPARAMETER,,,,,,,,,2017.0,,202.0,8.0,,1.0,,,,,,
493,QuadraticDiscriminantAnalysis_ROS_HYPERPARAMETER,,,,,,,,,2016.0,,202.0,2.0,,,,,,,,
2664,QuadraticDiscriminantAnalysis_ROS_HYPERPARAMETER,,,,,,,,,2016.0,,202.0,1.0,,,,,,,,
3779,QuadraticDiscriminantAnalysis_ROS_HYPERPARAMETER,,,,,,,,,2019.0,,,,,,,,,,,
855,QuadraticDiscriminantAnalysis_ROS_HYPERPARAMETER,,,,,,,,,,,67.0,,,,,,,,,
3534,QuadraticDiscriminantAnalysis_ROS_HYPERPARAMETER,,,,,,,,,2019.0,,,,,,,,,,,
26,QuadraticDiscriminantAnalysis_ROS_HYPERPARAMETER,,,,,,,,,2016.0,,202.0,1.0,,,,,,,,
1366,QuadraticDiscriminantAnalysis_ROS_HYPERPARAMETER,,,,,,,,,2016.0,,202.0,7.0,,,,,,,,
3610,QuadraticDiscriminantAnalysis_ROS_HYPERPARAMETER,,,,,,,,,,,,2.0,,,,,,,,
3794,QuadraticDiscriminantAnalysis_ROS_HYPERPARAMETER,,,,,,,,,2016.0,,202.0,7.0,,,,,,,,
152,QuadraticDiscriminantAnalysis_ROS_HYPERPARAMETER,,1.0,,,,,,,2019.0,1.0,,,,,,,,,,
2424,QuadraticDiscriminantAnalysis_ROS_HYPERPARAMETER,,,,,,,,,2016.0,,720.0,8.0,,,,,,,,
2775,QuadraticDiscriminantAnalysis_ROS_HYPERPARAMETER,,,,,,,,,2016.0,,202.0,8.0,,,,,,,,
4719,QuadraticDiscriminantAnalysis_ROS_HYPERPARAMETER,,,,,,,,,2019.0,,,,,,,,,,,
448,QuadraticDiscriminantAnalysis_ROS_HYPERPARAMETER,0.0,,0.0,,,1.0,1.0,1.0,2017.0,,720.0,2.0,0.0,2.0,,1.0,1.0,,,0.0
1680,QuadraticDiscriminantAnalysis_ROS_HYPERPARAMETER,,,,,,,,,2015.0,,720.0,8.0,,,,,,,,
3781,QuadraticDiscriminantAnalysis_ROS_HYPERPARAMETER,,,,,,,,,,,,,,,,,,,,
4137,QuadraticDiscriminantAnalysis_ROS_HYPERPARAMETER,,,,,,,,,2016.0,,202.0,7.0,,,,,,,,
3201,QuadraticDiscriminantAnalysis_ROS_HYPERPARAMETER,,,,,,,,,2016.0,,202.0,9.0,,,,,,,,
43,QuadraticDiscriminantAnalysis_ROS_HYPERPARAMETER,,,,,1.0,,,,2017.0,0.0,202.0,8.0,0.0,5.0,,,,,,
7,QuadraticDiscriminantAnalysis_ROS_HYPERPARAMETER,,,,,,,,,2015.0,,202.0,7.0,,,,,,,,
462,QuadraticDiscriminantAnalysis_ROS_HYPERPARAMETER,,,,,,,1.0,,2020.0,0.0,202.0,2.0,,1.0,,,,,,
3595,QuadraticDiscriminantAnalysis_ROS_HYPERPARAMETER,,,,,,,1.0,,2020.0,0.0,720.0,2.0,,2.0,,,,,,
4157,QuadraticDiscriminantAnalysis_ROS_HYPERPARAMETER,,,,,,,,,2016.0,,202.0,1.0,,,,,,,,
139,QuadraticDiscriminantAnalysis_ROS_HYPERPARAMETER,,,,,,,,,,,,,,,,,,,,
3873,QuadraticDiscriminantAnalysis_ROS_HYPERPARAMETER,,,,,,,,,,,,2.0,,,,,,,,
2039,QuadraticDiscriminantAnalysis_ROS_HYPERPARAMETER,,,,,,,,,2016.0,,202.0,1.0,,,,,,,,
659,QuadraticDiscriminantAnalysis_ROS_HYPERPARAMETER,,,,1.0,1.0,,,,2018.0,,202.0,7.0,0.0,2.0,,,,,,
3097,QuadraticDiscriminantAnalysis_ROS_HYPERPARAMETER,,,,,,,,,2015.0,,202.0,8.0,,,,,,,,
2739,QuadraticDiscriminantAnalysis_ROS_HYPERPARAMETER,,,,,,,,,2016.0,,202.0,7.0,,,,,,,,
740,QuadraticDiscriminantAnalysis_ROS_HYPERPARAMETER,,,,,,,,,2016.0,,202.0,1.0,,,,,,,,
2034,QuadraticDiscriminantAnalysis_ROS_HYPERPARAMETER,,,,,,,,,2017.0,,202.0,2.0,,,,,,,,
2495,QuadraticDiscriminantAnalysis_ROS_HYPERPARAMETER,,,,,1.0,,,,2020.0,0.0,202.0,8.0,0.0,5.0,,,,,,
4465,QuadraticDiscriminantAnalysis_ROS_HYPERPARAMETER,,,,,,,,,2015.0,,202.0,9.0,,,,,,,,
3677,QuadraticDiscriminantAnalysis_ROS_HYPERPARAMETER,,,,,,,,,2016.0,,202.0,7.0,,,,,,,,
3601,QuadraticDiscriminantAnalysis_ROS_HYPERPARAMETER,,,,,,,,,2016.0,,202.0,1.0,,,,,,,,
4317,QuadraticDiscriminantAnalysis_ROS_HYPERPARAMETER,,,,,,,,,2016.0,,202.0,1.0,,,,,,,,
2558,QuadraticDiscriminantAnalysis_ROS_HYPERPARAMETER,,,,,,,1.0,,2017.0,0.0,202.0,8.0,,2.0,,,,,,
4799,QuadraticDiscriminantAnalysis_ROS_HYPERPARAMETER,,,,,,,,,2015.0,,202.0,8.0,,,,,,,,
2878,QuadraticDiscriminantAnalysis_ROS_HYPERPARAMETER,,,,,,,,,2016.0,,202.0,1.0,,,,,,,,
1254,QuadraticDiscriminantAnalysis_ROS_HYPERPARAMETER,,,,,,,,,2016.0,,202.0,1.0,,,,,,,,
1767,QuadraticDiscriminantAnalysis_ROS_HYPERPARAMETER,,1.0,,,,,,,2019.0,1.0,,,,,,,,,,
807,QuadraticDiscriminantAnalysis_ROS_HYPERPARAMETER,,,,,,,,,2015.0,,720.0,8.0,,,,,,,,
981,QuadraticDiscriminantAnalysis_ROS_HYPERPARAMETER,,1.0,,,,,,,,,,2.0,,,,,,,,
1271,QuadraticDiscriminantAnalysis_ROS_HYPERPARAMETER,,,,,,,,,2016.0,,720.0,8.0,,,,,,,,
3762,QuadraticDiscriminantAnalysis_ROS_HYPERPARAMETER,,,,,,,,,2019.0,,,,,,,,,,,
2447,QuadraticDiscriminantAnalysis_ROS_HYPERPARAMETER,,,,,,,,,2017.0,,202.0,1.0,,1.0,,,,,,
1495,QuadraticDiscriminantAnalysis_ROS_HYPERPARAMETER,,,,,,,,,2017.0,,202.0,2.0,,,,,,,,
480,QuadraticDiscriminantAnalysis_ROS_HYPERPARAMETER,,,,,,,,,,,,,,,,,,,,
2129,QuadraticDiscriminantAnalysis_ROS_HYPERPARAMETER,,,,,,,,,2016.0,,202.0,1.0,,,,,,,,
4221,QuadraticDiscriminantAnalysis_ROS_HYPERPARAMETER,,,,,,,,,2017.0,,202.0,1.0,,,,,,,,
3069,QuadraticDiscriminantAnalysis_ROS_HYPERPARAMETER,,,,,,,,,,,,,,,,,,,,
2449,QuadraticDiscriminantAnalysis_ROS_HYPERPARAMETER,,1.0,,,,,,,2019.0,,,,,,,,,,,
2673,QuadraticDiscriminantAnalysis_ROS_HYPERPARAMETER,,,,,,,,,,,67.0,,,,,,,,,
380,QuadraticDiscriminantAnalysis_ROS_HYPERPARAMETER,,,,,,,,,2015.0,,202.0,9.0,,,,,,,,
3590,QuadraticDiscriminantAnalysis_ROS_HYPERPARAMETER,,,,,,,,,2016.0,,202.0,1.0,,,,,,,,
3255,QuadraticDiscriminantAnalysis_ROS_HYPERPARAMETER,,,,,,,,,2017.0,,202.0,2.0,,1.0,,,,,,
4542,QuadraticDiscriminantAnalysis_ROS_HYPERPARAMETER,,,,,,,,,2016.0,,202.0,8.0,,,,,,,,
4905,QuadraticDiscriminantAnalysis_ROS_HYPERPARAMETER,,,,,,,,,2015.0,,720.0,8.0,,,,,,,,
1884,QuadraticDiscriminantAnalysis_ROS_HYPERPARAMETER,,,,,,,,,2016.0,,202.0,1.0,,,,,,,,
3111,QuadraticDiscriminantAnalysis_ROS_HYPERPARAMETER,,,,,,,,,2016.0,,202.0,1.0,,,,,,,,
838,QuadraticDiscriminantAnalysis_ROS_HYPERPARAMETER,,,,,,,,,2015.0,,720.0,7.0,,,,,,,,
243,QuadraticDiscriminantAnalysis_ROS_HYPERPARAMETER,,,,,,,,,2019.0,,,4.0,,,,,,,,
630,QuadraticDiscriminantAnalysis_ROS_HYPERPARAMETER,,,,,,,,,2016.0,,202.0,8.0,,,,,,,,
2498,QuadraticDiscriminantAnalysis_ROS_HYPERPARAMETER,1.0,,,1.0,0.0,1.0,1.0,1.0,2016.0,,36.0,2.0,,2.0,,,1.0,,,
604,QuadraticDiscriminantAnalysis_ROS_HYPERPARAMETER,,0.0,0.0,,,,1.0,,2016.0,,720.0,2.0,,1.0,,,,,,
4645,QuadraticDiscriminantAnalysis_ROS_HYPERPARAMETER,,,,,,,,,2016.0,,202.0,8.0,,,,,,,,
4827,QuadraticDiscriminantAnalysis_ROS_HYPERPARAMETER,,,,,,,,,2015.0,,720.0,9.0,,,,,,,,
2696,QuadraticDiscriminantAnalysis_ROS_HYPERPARAMETER,,0.0,,,,,,,2016.0,,202.0,8.0,,6.0,,,,,,
3463,QuadraticDiscriminantAnalysis_ROS_HYPERPARAMETER,,,,,,,,,2015.0,,720.0,1.0,,,,,,,,
4896,QuadraticDiscriminantAnalysis_ROS_HYPERPARAMETER,,,,,,,,,2015.0,,720.0,1.0,,,,,,,,
441,QuadraticDiscriminantAnalysis_SMOTE_HYPERPARAMETER,,,,,,,,,2016.0,,202.0,7.0,,5.0,,,,,,
4051,QuadraticDiscriminantAnalysis_SMOTE_HYPERPARAMETER,1.0,,,,,1.0,,,2020.0,,202.0,6.0,0.0,5.0,1.0,1.0,1.0,,1.0,
2648,QuadraticDiscriminantAnalysis_SMOTE_HYPERPARAMETER,,,,,,,,,2016.0,,202.0,7.0,,5.0,,,,,,
1013,QuadraticDiscriminantAnalysis_SMOTE_HYPERPARAMETER,1.0,,,,1.0,1.0,,,2020.0,0.0,202.0,6.0,0.0,6.0,1.0,1.0,1.0,,1.0,
2825,QuadraticDiscriminantAnalysis_SMOTE_HYPERPARAMETER,,,,,,,,,2015.0,,720.0,7.0,,6.0,,,,,,
3021,QuadraticDiscriminantAnalysis_SMOTE_HYPERPARAMETER,1.0,,0.0,,,1.0,1.0,1.0,2017.0,0.0,202.0,7.0,,5.0,1.0,1.0,1.0,1.0,1.0,
1976,QuadraticDiscriminantAnalysis_SMOTE_HYPERPARAMETER,,,,,,,,,,,67.0,,,,,,,,,
3279,QuadraticDiscriminantAnalysis_SMOTE_HYPERPARAMETER,,,,,,,,,2019.0,,,,,,,,,,,
3983,QuadraticDiscriminantAnalysis_SMOTE_HYPERPARAMETER,1.0,,,1.0,1.0,,1.0,,2016.0,0.0,202.0,7.0,,5.0,,,1.0,,1.0,
3545,QuadraticDiscriminantAnalysis_SMOTE_HYPERPARAMETER,,,,,,,,,2016.0,,202.0,7.0,,6.0,,,,,,
1373,QuadraticDiscriminantAnalysis_SMOTE_HYPERPARAMETER,,,,,1.0,,1.0,,2020.0,0.0,202.0,1.0,,6.0,,1.0,1.0,,1.0,
1853,QuadraticDiscriminantAnalysis_SMOTE_HYPERPARAMETER,,,,,,,,,2015.0,,720.0,7.0,,,,,,,,
4376,QuadraticDiscriminantAnalysis_SMOTE_HYPERPARAMETER,,,,,,,,,2016.0,,202.0,7.0,,6.0,,,,,,
2352,QuadraticDiscriminantAnalysis_SMOTE_HYPERPARAMETER,,,,,,,,,2015.0,,720.0,7.0,,6.0,,,,,,
1327,QuadraticDiscriminantAnalysis_SMOTE_HYPERPARAMETER,,,,,,,,,2014.0,,720.0,7.0,,,,,,,,
2387,QuadraticDiscriminantAnalysis_SMOTE_HYPERPARAMETER,,,,,,,,,2015.0,,720.0,7.0,,,,,,,,
2633,QuadraticDiscriminantAnalysis_SMOTE_HYPERPARAMETER,,,,,,,,,2015.0,,202.0,7.0,,6.0,,,,,,
4565,QuadraticDiscriminantAnalysis_SMOTE_HYPERPARAMETER,,,,,,,,,2016.0,,202.0,7.0,,5.0,,,,,,
3311,QuadraticDiscriminantAnalysis_SMOTE_HYPERPARAMETER,,,,,,,,,2019.0,,,,,,,,,,,
37,QuadraticDiscriminantAnalysis_SMOTE_HYPERPARAMETER,1.0,0.0,,1.0,1.0,1.0,,,2016.0,,202.0,6.0,,6.0,1.0,1.0,1.0,,1.0,
1414,QuadraticDiscriminantAnalysis_SMOTE_HYPERPARAMETER,,,,,,,,,,,67.0,,,,,,,,,
4837,QuadraticDiscriminantAnalysis_SMOTE_HYPERPARAMETER,,,,,,,,,2014.0,,720.0,7.0,,,,,,,,
4036,QuadraticDiscriminantAnalysis_SMOTE_HYPERPARAMETER,,,,,,,,,,,,,,,,,,,,
4485,QuadraticDiscriminantAnalysis_SMOTE_HYPERPARAMETER,,,,,,,,,2015.0,,202.0,7.0,,6.0,,,,,,
3383,QuadraticDiscriminantAnalysis_SMOTE_HYPERPARAMETER,,,,,1.0,,,,2020.0,,202.0,7.0,,5.0,,,,,,
95,QuadraticDiscriminantAnalysis_SMOTE_HYPERPARAMETER,,,,,,,1.0,,2016.0,0.0,202.0,2.0,,6.0,,1.0,1.0,,,
975,QuadraticDiscriminantAnalysis_SMOTE_HYPERPARAMETER,,,,,,,,,2015.0,,202.0,7.0,,6.0,,,,,,
4478,QuadraticDiscriminantAnalysis_SMOTE_HYPERPARAMETER,,,,,,,,,2015.0,,720.0,7.0,,,,,,,,
1990,QuadraticDiscriminantAnalysis_SMOTE_HYPERPARAMETER,,,,,,,,,2015.0,,720.0,7.0,,,,,,,,
2507,QuadraticDiscriminantAnalysis_SMOTE_HYPERPARAMETER,1.0,,,,,1.0,1.0,,2017.0,,202.0,7.0,,4.0,,1.0,1.0,,,
4392,QuadraticDiscriminantAnalysis_SMOTE_HYPERPARAMETER,,,,,,,,,,,,,,,,,,,,
766,QuadraticDiscriminantAnalysis_SMOTE_HYPERPARAMETER,,,,,,,,,2019.0,,,3.0,,,,,,,,
2203,QuadraticDiscriminantAnalysis_SMOTE_HYPERPARAMETER,,,,1.0,1.0,,,,2015.0,,202.0,1.0,,5.0,,1.0,1.0,,1.0,
454,QuadraticDiscriminantAnalysis_SMOTE_HYPERPARAMETER,,,,,,,,,2015.0,,202.0,6.0,,6.0,,,,,,
1430,QuadraticDiscriminantAnalysis_SMOTE_HYPERPARAMETER,,,,,,,,,2015.0,,202.0,7.0,,6.0,,,,,,
4042,QuadraticDiscriminantAnalysis_SMOTE_HYPERPARAMETER,,,,,,,,,2019.0,,,,,,,,,,,
479,QuadraticDiscriminantAnalysis_SMOTE_HYPERPARAMETER,,,,1.0,1.0,1.0,1.0,1.0,2020.0,,202.0,2.0,0.0,6.0,,1.0,1.0,1.0,1.0,1.0
4252,QuadraticDiscriminantAnalysis_SMOTE_HYPERPARAMETER,,,,,,,,,,,67.0,,,,,,,,,
1491,QuadraticDiscriminantAnalysis_SMOTE_HYPERPARAMETER,,,,,,,,,2015.0,,720.0,7.0,,,,,,,,
4087,QuadraticDiscriminantAnalysis_SMOTE_HYPERPARAMETER,,,,,,,,,2016.0,,202.0,6.0,,5.0,,,,,,
2276,QuadraticDiscriminantAnalysis_SMOTE_HYPERPARAMETER,,,,,,,,,2015.0,,720.0,8.0,,,,,,,,
40,QuadraticDiscriminantAnalysis_SMOTE_HYPERPARAMETER,,,,,,,,,2015.0,,202.0,8.0,,,,,,,,
3454,QuadraticDiscriminantAnalysis_SMOTE_HYPERPARAMETER,,,,,,,,,2015.0,,202.0,7.0,,6.0,,,,,,
534,QuadraticDiscriminantAnalysis_SMOTE_HYPERPARAMETER,,,,,,,,,,,,2.0,,,,,,,,
4733,QuadraticDiscriminantAnalysis_SMOTE_HYPERPARAMETER,,,,,,,,,2015.0,,720.0,7.0,,6.0,,,,,,
2532,QuadraticDiscriminantAnalysis_SMOTE_HYPERPARAMETER,,,,,,,,,2015.0,,720.0,7.0,,,,,,,,
386,QuadraticDiscriminantAnalysis_SMOTE_HYPERPARAMETER,,,,,,,,,2016.0,,202.0,7.0,,5.0,,,,,,
3131,QuadraticDiscriminantAnalysis_SMOTE_HYPERPARAMETER,,,,,,,,,,,,,,,,,,,,
2887,QuadraticDiscriminantAnalysis_SMOTE_HYPERPARAMETER,,,,,,,,,2015.0,,720.0,7.0,,6.0,,,,,,
1431,QuadraticDiscriminantAnalysis_SMOTE_HYPERPARAMETER,,,,,,,,,2015.0,,720.0,7.0,,6.0,,,,,,
4939,QuadraticDiscriminantAnalysis_SMOTE_HYPERPARAMETER,,,,,,,,,2015.0,,202.0,7.0,,6.0,,,,,,
780,QuadraticDiscriminantAnalysis_SMOTE_HYPERPARAMETER,,,,,,,,,2015.0,,202.0,7.0,,6.0,,,,,,
3589,QuadraticDiscriminantAnalysis_SMOTE_HYPERPARAMETER,,,,,,,,,,,,,,,,,,,,
447,QuadraticDiscriminantAnalysis_SMOTE_HYPERPARAMETER,,,,,,,,,2015.0,,720.0,7.0,,,,,,,,
4465,QuadraticDiscriminantAnalysis_SMOTE_HYPERPARAMETER,,,,,,,,,2015.0,,202.0,7.0,,,,,,,,
1536,QuadraticDiscriminantAnalysis_SMOTE_HYPERPARAMETER,,,,,,,,,2015.0,,720.0,7.0,,6.0,,,,,,
4835,QuadraticDiscriminantAnalysis_SMOTE_HYPERPARAMETER,,,,,,,,,2016.0,,202.0,6.0,,6.0,,,,,,
4205,QuadraticDiscriminantAnalysis_SMOTE_HYPERPARAMETER,,,,,,,,,2015.0,,720.0,7.0,,6.0,,,,,,
3572,QuadraticDiscriminantAnalysis_SMOTE_HYPERPARAMETER,,,,,,,,,,,,2.0,,,,,,,,
2759,QuadraticDiscriminantAnalysis_SMOTE_HYPERPARAMETER,,,,,,,,,2015.0,,720.0,7.0,,,,,,,,
3274,QuadraticDiscriminantAnalysis_SMOTE_HYPERPARAMETER,,,,,,,,,,,,2.0,,,,,,,,
3250,QuadraticDiscriminantAnalysis_SMOTE_HYPERPARAMETER,,1.0,1.0,0.0,0.0,,,,2019.0,1.0,,2.0,,2.0,0.0,,,,,
2271,QuadraticDiscriminantAnalysis_SMOTE_HYPERPARAMETER,,,,,,,,,2015.0,,720.0,7.0,,6.0,,,,,,
3301,QuadraticDiscriminantAnalysis_SMOTE_HYPERPARAMETER,,,,,,,,,2015.0,,202.0,8.0,,,,,,,,
4840,QuadraticDiscriminantAnalysis_SMOTE_HYPERPARAMETER,,,,,,,,,2015.0,,720.0,7.0,,,,,,,,
568,QuadraticDiscriminantAnalysis_SMOTE_HYPERPARAMETER,,,,,,,,,2015.0,,720.0,7.0,,,,,,,,
1184,QuadraticDiscriminantAnalysis_SMOTE_HYPERPARAMETER,,,,,,,,,2015.0,,202.0,7.0,,6.0,,,,,,
3816,QuadraticDiscriminantAnalysis_SMOTE_HYPERPARAMETER,,,,,,,,,,,,,,,,,,,,
430,QuadraticDiscriminantAnalysis_SMOTE_HYPERPARAMETER,,,,,,,,,2015.0,,720.0,1.0,,5.0,,,,,,
3510,QuadraticDiscriminantAnalysis_SMOTE_HYPERPARAMETER,,1.0,,,,,,,,,,2.0,,,,,,,,
4370,QuadraticDiscriminantAnalysis_SMOTE_HYPERPARAMETER,,,,,,,,,2015.0,,202.0,8.0,,,,,,,,
3825,QuadraticDiscriminantAnalysis_SMOTE_HYPERPARAMETER,,,,,,,,,2015.0,,202.0,8.0,,6.0,,,,,,
1607,QuadraticDiscriminantAnalysis_SMOTE_HYPERPARAMETER,,,,,,,,,2015.0,,720.0,7.0,,6.0,,,,,,
2575,QuadraticDiscriminantAnalysis_SMOTE_HYPERPARAMETER,,,,,,,,,2015.0,,720.0,7.0,,5.0,,,,,,
4423,QuadraticDiscriminantAnalysis_SMOTE_HYPERPARAMETER,,,,,,,,,,,,,,,,,,,,
1276,QuadraticDiscriminantAnalysis_SMOTE_HYPERPARAMETER,,,,,,,,,2015.0,,720.0,7.0,,6.0,,,,,,
1398,QuadraticDiscriminantAnalysis_SMOTE_HYPERPARAMETER,,,,,,,,,,,,,,,,,,,,
4476,QuadraticDiscriminantAnalysis_SMOTE_HYPERPARAMETER,,,,,,,,,2015.0,,202.0,7.0,,5.0,,,,,,
3348,QuadraticDiscriminantAnalysis_SMOTE_HYPERPARAMETER,,,,,,,,,2015.0,,202.0,7.0,,6.0,,,,,,
3420,QuadraticDiscriminantAnalysis_SMOTE_HYPERPARAMETER,,,,,,,,,2015.0,,720.0,8.0,,,,,,,,
1686,QuadraticDiscriminantAnalysis_SMOTE_HYPERPARAMETER,,,,,,,,,,,,2.0,,,,,,,,
425,QuadraticDiscriminantAnalysis_SMOTE_HYPERPARAMETER,,,,,,,,,2015.0,,202.0,7.0,,5.0,,,,,,
2366,QuadraticDiscriminantAnalysis_SMOTE_HYPERPARAMETER,,,,,,,,,2015.0,,720.0,7.0,,6.0,,,,,,
2538,QuadraticDiscriminantAnalysis_SMOTE_HYPERPARAMETER,,,,,,,,,2016.0,,202.0,7.0,,5.0,,,,,,
1484,QuadraticDiscriminantAnalysis_SMOTE_HYPERPARAMETER,,,,,1.0,,1.0,,2020.0,,720.0,1.0,,4.0,,,1.0,,,1.0
1793,QuadraticDiscriminantAnalysis_SMOTE_HYPERPARAMETER,,,,,,,,,2015.0,,720.0,6.0,,6.0,,,,,,
2172,QuadraticDiscriminantAnalysis_SMOTE_HYPERPARAMETER,,,,,,,,,2016.0,,202.0,7.0,,6.0,,,,,,
4692,QuadraticDiscriminantAnalysis_SMOTE_HYPERPARAMETER,,,,,,,,,2019.0,,,,,,,,,,,
1048,QuadraticDiscriminantAnalysis_SMOTE_HYPERPARAMETER,,,,,,,,,2015.0,,720.0,7.0,,6.0,,,,,,
4675,QuadraticDiscriminantAnalysis_SMOTE_HYPERPARAMETER,,,,,,,,,2015.0,,202.0,7.0,,5.0,,,,,,
1750,QuadraticDiscriminantAnalysis_SMOTE_HYPERPARAMETER,,,,,,,,,2015.0,,202.0,6.0,,6.0,,,,,,
1628,QuadraticDiscriminantAnalysis_SMOTE_HYPERPARAMETER,,,,,,,,,2015.0,,202.0,7.0,,6.0,,,,,,
2836,QuadraticDiscriminantAnalysis_SMOTE_HYPERPARAMETER,,,,,,,,,2015.0,,202.0,7.0,,6.0,,,,,,
168,QuadraticDiscriminantAnalysis_SMOTE_HYPERPARAMETER,,,,,,,,,2015.0,,202.0,7.0,,6.0,,,,,,
2453,QuadraticDiscriminantAnalysis_SMOTE_HYPERPARAMETER,,,,,,,,,2016.0,,202.0,7.0,,6.0,,,,,,
4556,QuadraticDiscriminantAnalysis_SMOTE_HYPERPARAMETER,,,,1.0,1.0,1.0,1.0,,2020.0,0.0,720.0,2.0,,4.0,1.0,,1.0,1.0,1.0,1.0
1203,QuadraticDiscriminantAnalysis_SMOTE_HYPERPARAMETER,,,,,,,,,2014.0,,720.0,7.0,,,,,,,,
659,QuadraticDiscriminantAnalysis_SMOTE_HYPERPARAMETER,,,,,,,,,2016.0,,202.0,7.0,,6.0,,,,,,
1448,QuadraticDiscriminantAnalysis_SMOTE_HYPERPARAMETER,,,,,,,,,2015.0,,720.0,7.0,,6.0,,,,,,
4850,QuadraticDiscriminantAnalysis_SMOTE_HYPERPARAMETER,,,,,,,,,2014.0,,720.0,8.0,,,,,,,,
3439,QuadraticDiscriminantAnalysis_SMOTE_HYPERPARAMETER,1.0,,,1.0,,1.0,1.0,,2015.0,,36.0,1.0,,4.0,1.0,1.0,,1.0,1.0,1.0
20,QuadraticDiscriminantAnalysis_SMOTE_HYPERPARAMETER,,,,,,,,,,,67.0,,,,,,,,,
2643,QuadraticDiscriminantAnalysis_SMOTE_HYPERPARAMETER,,,,,,,,,2015.0,,202.0,7.0,,,,,,,,
4735,QuadraticDiscriminantAnalysis_SMOTE_HYPERPARAMETER,,,,,,,,,2015.0,,202.0,7.0,,6.0,,,,,,
2622,QuadraticDiscriminantAnalysis_SMOTE_HYPERPARAMETER,,,,,,,,,2015.0,,202.0,1.0,,5.0,,,,,,
4651,QuadraticDiscriminantAnalysis_SMOTE_HYPERPARAMETER,,,,,,1.0,1.0,,2020.0,,202.0,7.0,,4.0,,,1.0,,,
2222,QuadraticDiscriminantAnalysis_SMOTE_HYPERPARAMETER,,,,,,,,,2015.0,,720.0,7.0,,6.0,,,,,,
4197,QuadraticDiscriminantAnalysis_SMOTE_HYPERPARAMETER,,,,,,,,,2016.0,,202.0,6.0,,6.0,,,,,,
99,QuadraticDiscriminantAnalysis_SMOTE_HYPERPARAMETER,,,,,,,,,2016.0,,202.0,6.0,,5.0,,,,,,
889,QuadraticDiscriminantAnalysis_SMOTE_HYPERPARAMETER,,,,,,,,,2015.0,,202.0,7.0,,6.0,,,,,,
1659,QuadraticDiscriminantAnalysis_SMOTE_HYPERPARAMETER,,,,,,,,,,,67.0,,,,,,,,,
4757,QuadraticDiscriminantAnalysis_SMOTE_HYPERPARAMETER,,,,,,,,,2015.0,,202.0,7.0,,6.0,,,,,,
3196,QuadraticDiscriminantAnalysis_SMOTE_HYPERPARAMETER,,,,,,,,,,,,2.0,,,,,,,,
3767,QuadraticDiscriminantAnalysis_SMOTE_HYPERPARAMETER,,,,,,,,,,,,2.0,,,,,,,,
4355,QuadraticDiscriminantAnalysis_SMOTE_HYPERPARAMETER,,,,,,,,,2016.0,,202.0,7.0,,5.0,,,,,,
3072,QuadraticDiscriminantAnalysis_SMOTE_HYPERPARAMETER,,,,,,,,,2015.0,,202.0,8.0,,6.0,,,,,,
3977,QuadraticDiscriminantAnalysis_SMOTE_HYPERPARAMETER,,,,,,,,,2014.0,,720.0,7.0,,,,,,,,
2594,QuadraticDiscriminantAnalysis_SMOTE_HYPERPARAMETER,,,,,,,,,2015.0,,720.0,7.0,,,,,,,,
3379,QuadraticDiscriminantAnalysis_SMOTE_HYPERPARAMETER,,,,,,,,,,,,,,,,,,,,
1176,QuadraticDiscriminantAnalysis_SMOTE_HYPERPARAMETER,,,,,,,,,2016.0,,202.0,7.0,,6.0,,,,,,
4012,QuadraticDiscriminantAnalysis_SMOTE_HYPERPARAMETER,,,,,,,,,2015.0,,202.0,7.0,,5.0,,,,,,
529,QuadraticDiscriminantAnalysis_SMOTE_HYPERPARAMETER,,,,,,,,,2015.0,,202.0,6.0,,6.0,,,,,,
2252,QuadraticDiscriminantAnalysis_SMOTE_HYPERPARAMETER,,,,,,,,,2015.0,,720.0,6.0,,6.0,,,,,,
146,QuadraticDiscriminantAnalysis_SMOTE_HYPERPARAMETER,,1.0,1.0,0.0,,,,,2019.0,,56.0,2.0,,3.0,,0.0,,,,
2539,QuadraticDiscriminantAnalysis_SMOTE_HYPERPARAMETER,1.0,,,,,,1.0,,2017.0,,202.0,7.0,,4.0,,,1.0,,,
1907,QuadraticDiscriminantAnalysis_SMOTE_HYPERPARAMETER,,,,1.0,1.0,1.0,1.0,,2016.0,0.0,202.0,1.0,,6.0,1.0,1.0,1.0,1.0,,1.0
3415,QuadraticDiscriminantAnalysis_SMOTE_HYPERPARAMETER,,,,,,,,,2015.0,,720.0,7.0,,6.0,,,,,,
2890,QuadraticDiscriminantAnalysis_SMOTE_HYPERPARAMETER,,,,,,,,,2016.0,,202.0,1.0,,6.0,,,,,,
1382,QuadraticDiscriminantAnalysis_SMOTE_HYPERPARAMETER,,,,,,,,,2015.0,,202.0,7.0,,,,,,,,
3747,QuadraticDiscriminantAnalysis_SMOTE_HYPERPARAMETER,,,,,,,,,2018.0,,67.0,,,,,,,,,
1183,QuadraticDiscriminantAnalysis_SMOTE_HYPERPARAMETER,,,,,,,,,2015.0,,720.0,7.0,,6.0,,,,,,
4351,QuadraticDiscriminantAnalysis_SMOTE_HYPERPARAMETER,,,,,,,,,,,,,,,,,,,,
1371,QuadraticDiscriminantAnalysis_SMOTE_HYPERPARAMETER,,,,,,,,,2016.0,,202.0,7.0,,6.0,,,,,,
1499,QuadraticDiscriminantAnalysis_SMOTE_HYPERPARAMETER,,,,,,,,,2015.0,,720.0,7.0,,6.0,,,,,,
2162,QuadraticDiscriminantAnalysis_SMOTE_HYPERPARAMETER,,,,,,,,,,,67.0,,,,,,,,,
3824,QuadraticDiscriminantAnalysis_SMOTE_HYPERPARAMETER,,,,,,,,,,,67.0,,,,,,,,,
830,QuadraticDiscriminantAnalysis_SMOTE_HYPERPARAMETER,,,,,,,,,2016.0,,720.0,6.0,,5.0,,,,,,
1393,QuadraticDiscriminantAnalysis_SMOTE_HYPERPARAMETER,,,,,,,,,2015.0,,720.0,7.0,,,,,,,,
1803,QuadraticDiscriminantAnalysis_SMOTE_HYPERPARAMETER,1.0,,,,,1.0,1.0,,2016.0,,202.0,7.0,,4.0,,,1.0,,,
3711,QuadraticDiscriminantAnalysis_SMOTE_HYPERPARAMETER,,,,,,,,,2015.0,,202.0,7.0,,,,,,,,
3792,QuadraticDiscriminantAnalysis_SMOTE_HYPERPARAMETER,,,,,,,,,2015.0,,720.0,7.0,,6.0,,,,,,
1998,QuadraticDiscriminantAnalysis_SMOTE_HYPERPARAMETER,,,,,,,,,2015.0,,720.0,7.0,,6.0,,,,,,
2028,QuadraticDiscriminantAnalysis_SMOTE_HYPERPARAMETER,,,,,,,,,2016.0,,202.0,6.0,,6.0,,,1.0,,,
2761,QuadraticDiscriminantAnalysis_SMOTE_HYPERPARAMETER,,,,,,,,,2015.0,,202.0,7.0,,6.0,,,,,,
2476,QuadraticDiscriminantAnalysis_SMOTE_HYPERPARAMETER,,,,,,,,,2014.0,,720.0,7.0,,,,,,,,
3283,QuadraticDiscriminantAnalysis_SMOTE_HYPERPARAMETER,1.0,,,,,,1.0,,2016.0,,202.0,7.0,,4.0,,1.0,1.0,,,
3527,QuadraticDiscriminantAnalysis_SMOTE_HYPERPARAMETER,,,,,,,,,2014.0,,720.0,7.0,,6.0,,,,,,
3652,QuadraticDiscriminantAnalysis_SMOTE_HYPERPARAMETER,,,,,,,,,2015.0,,202.0,7.0,,6.0,,,,,,
1370,QuadraticDiscriminantAnalysis_SMOTE_HYPERPARAMETER,,,,,,,,,2015.0,,202.0,7.0,,5.0,,,,,,
2305,QuadraticDiscriminantAnalysis_SMOTE_HYPERPARAMETER,,,,,,,,,,,,2.0,,3.0,,,,,,
2315,QuadraticDiscriminantAnalysis_SMOTE_HYPERPARAMETER,,,,,,,,,2016.0,,202.0,7.0,,,,,,,,
3214,QuadraticDiscriminantAnalysis_SMOTE_HYPERPARAMETER,,,,,,,,,2015.0,,202.0,7.0,,6.0,,,,,,
1560,QuadraticDiscriminantAnalysis_SMOTE_HYPERPARAMETER,,,,,,,,,,,109.0,,,,,,,,,
43,QuadraticDiscriminantAnalysis_SMOTE_HYPERPARAMETER,,,,,,,,,2016.0,,202.0,7.0,,5.0,,,,,,
459,QuadraticDiscriminantAnalysis_SMOTE_HYPERPARAMETER,,,,,,,,,2015.0,,202.0,7.0,,6.0,,,,,,
838,QuadraticDiscriminantAnalysis_SMOTE_HYPERPARAMETER,,,,,,,,,2015.0,,202.0,6.0,,,,,,,,
2120,QuadraticDiscriminantAnalysis_SMOTE_HYPERPARAMETER,,,,,,,,,,,67.0,,,,,,,,,
1992,QuadraticDiscriminantAnalysis_SMOTE_HYPERPARAMETER,,,,,,,,,2020.0,,720.0,1.0,,5.0,,,,,,
2064,QuadraticDiscriminantAnalysis_SMOTE_HYPERPARAMETER,,,,,,,,,2015.0,,720.0,7.0,,,,,,,,
3255,QuadraticDiscriminantAnalysis_SMOTE_HYPERPARAMETER,,,,,,,,,2015.0,,720.0,6.0,,6.0,,,,,,
1309,QuadraticDiscriminantAnalysis_SMOTE_HYPERPARAMETER,,,,,,,,,2015.0,,720.0,7.0,,6.0,,,,,,
758,QuadraticDiscriminantAnalysis_SMOTE_HYPERPARAMETER,,,,,,,,,2015.0,,720.0,7.0,,6.0,,,,,,
482,QuadraticDiscriminantAnalysis_SMOTE_HYPERPARAMETER,,,,,,,,,2016.0,,202.0,7.0,,5.0,,,,,,
3290,QuadraticDiscriminantAnalysis_SMOTE_HYPERPARAMETER,,,,,,,,,2015.0,,720.0,7.0,,6.0,,,,,,
364,QuadraticDiscriminantAnalysis_SMOTE_HYPERPARAMETER,,,,,,,,,2016.0,,720.0,7.0,,6.0,,,,,,
3372,QuadraticDiscriminantAnalysis_SMOTE_HYPERPARAMETER,,,,1.0,,,,,2020.0,,202.0,7.0,,5.0,,,,,,
3617,QuadraticDiscriminantAnalysis_SMOTE_HYPERPARAMETER,,,,,,,,,2015.0,,720.0,7.0,,6.0,,,,,,
4816,QuadraticDiscriminantAnalysis_SMOTE_HYPERPARAMETER,,,,,,,,,2015.0,,720.0,7.0,,6.0,,,,,,
1509,QuadraticDiscriminantAnalysis_SMOTE_HYPERPARAMETER,,,,,,,,,2015.0,,720.0,8.0,,,,,,,,
4181,QuadraticDiscriminantAnalysis_SMOTE_HYPERPARAMETER,,,,,1.0,1.0,1.0,,2020.0,,720.0,2.0,,4.0,1.0,1.0,,,1.0,1.0
1617,QuadraticDiscriminantAnalysis_SMOTE_HYPERPARAMETER,,,,,,,,,2015.0,,202.0,7.0,,6.0,,,,,,
3907,QuadraticDiscriminantAnalysis_SMOTE_HYPERPARAMETER,,,,,,,,,2015.0,,720.0,7.0,,6.0,,,,,,
4116,QuadraticDiscriminantAnalysis_SMOTE_HYPERPARAMETER,,,,,,,,,2015.0,,720.0,6.0,,6.0,,,,,,
3519,QuadraticDiscriminantAnalysis_SMOTE_HYPERPARAMETER,,,,,,,,,2016.0,,202.0,6.0,,5.0,,,,,,
134,QuadraticDiscriminantAnalysis_SMOTE_HYPERPARAMETER,,,,,,,,,,,67.0,,,,,,,,,
3763,QuadraticDiscriminantAnalysis_SMOTE_HYPERPARAMETER,,,,,,,,,2015.0,,202.0,1.0,,4.0,,,,,,
976,QuadraticDiscriminantAnalysis_SMOTE_HYPERPARAMETER,,,,,,,,,2019.0,,,,,,,,,,,
2897,QuadraticDiscriminantAnalysis_SMOTE_HYPERPARAMETER,1.0,0.0,1.0,1.0,1.0,1.0,1.0,,2014.0,,36.0,1.0,0.0,4.0,,1.0,1.0,1.0,1.0,1.0
4744,QuadraticDiscriminantAnalysis_SMOTE_HYPERPARAMETER,,,,,,,1.0,,2017.0,,202.0,7.0,,5.0,,,,,,
3334,QuadraticDiscriminantAnalysis_SMOTE_HYPERPARAMETER,,,,,,,,,2015.0,,720.0,8.0,,,,,,,,
1576,QuadraticDiscriminantAnalysis_SMOTE_HYPERPARAMETER,,,,,,,,,2015.0,,202.0,6.0,,6.0,,,,,,
3857,QuadraticDiscriminantAnalysis_SMOTE_HYPERPARAMETER,,,,,,,,,2015.0,,720.0,7.0,,6.0,,,,,,
4823,QuadraticDiscriminantAnalysis_SMOTE_HYPERPARAMETER,,,,,,,,,2014.0,,720.0,7.0,,,,,,,,
4156,QuadraticDiscriminantAnalysis_SMOTE_HYPERPARAMETER,,,,,1.0,1.0,,,2016.0,,202.0,7.0,,4.0,,1.0,1.0,,,
1582,QuadraticDiscriminantAnalysis_SMOTE_HYPERPARAMETER,,,,,,,,,,,67.0,,,,,,,,,
1035,QuadraticDiscriminantAnalysis_SMOTE_HYPERPARAMETER,,,,,,,,,2015.0,,202.0,7.0,,6.0,,,,,,
4915,QuadraticDiscriminantAnalysis_SMOTE_HYPERPARAMETER,,0.0,,1.0,1.0,,,,2016.0,,202.0,1.0,,,,,,,,
70,QuadraticDiscriminantAnalysis_SMOTE_HYPERPARAMETER,,,,,,,,,2015.0,,202.0,7.0,,6.0,,,,,,
2852,QuadraticDiscriminantAnalysis_SMOTE_HYPERPARAMETER,,,,,,,,,2016.0,,202.0,6.0,,5.0,,,,,,
1818,QuadraticDiscriminantAnalysis_SMOTE_HYPERPARAMETER,,,,1.0,1.0,1.0,,,2020.0,0.0,202.0,6.0,0.0,6.0,1.0,,1.0,,,
1190,QuadraticDiscriminantAnalysis_SMOTE_HYPERPARAMETER,,,,,,,,,2015.0,,720.0,6.0,,6.0,,,,,,
2177,QuadraticDiscriminantAnalysis_SMOTE_HYPERPARAMETER,,,,,,,,,,,,,,,,,,,,
1479,QuadraticDiscriminantAnalysis_SMOTE_HYPERPARAMETER,,,,,,,,,2016.0,,202.0,7.0,,6.0,,,,,,
2746,QuadraticDiscriminantAnalysis_SMOTE_HYPERPARAMETER,,,,,,,,,2020.0,,202.0,7.0,,5.0,,,,,,
304,QuadraticDiscriminantAnalysis_SMOTE_HYPERPARAMETER,,,,,,,,,2015.0,,202.0,7.0,,6.0,,,,,,
3525,QuadraticDiscriminantAnalysis_SMOTE_HYPERPARAMETER,,,,,,,,,,,67.0,,,2.0,,,,,,
724,QuadraticDiscriminantAnalysis_SMOTE_HYPERPARAMETER,1.0,,,1.0,1.0,,1.0,1.0,2016.0,,202.0,7.0,,4.0,,1.0,1.0,,1.0,1.0
759,QuadraticDiscriminantAnalysis_SMOTE_HYPERPARAMETER,,,,,,,,,2015.0,,720.0,7.0,,,,,,,,
2734,QuadraticDiscriminantAnalysis_SMOTE_HYPERPARAMETER,,,,,,,,,2016.0,,202.0,7.0,,5.0,,,,,,
2791,QuadraticDiscriminantAnalysis_SMOTE_HYPERPARAMETER,,,,,,,,,2015.0,,720.0,6.0,,6.0,,,,,,
22,QuadraticDiscriminantAnalysis_SMOTE_HYPERPARAMETER,,,,,,,,,2014.0,,202.0,7.0,,,,,,,,
3412,QuadraticDiscriminantAnalysis_SMOTE_HYPERPARAMETER,,,,,,,,,2015.0,,202.0,8.0,,6.0,,,,,,
2991,QuadraticDiscriminantAnalysis_SMOTE_HYPERPARAMETER,,,,,,,,,2015.0,,720.0,7.0,,6.0,,,,,,
2529,QuadraticDiscriminantAnalysis_SMOTE_HYPERPARAMETER,,,,,,,,,2016.0,,202.0,6.0,,5.0,,,,,,
1852,QuadraticDiscriminantAnalysis_SMOTE_HYPERPARAMETER,,,,,,,,,2015.0,,720.0,7.0,,6.0,,,,,,
1579,QuadraticDiscriminantAnalysis_SMOTE_HYPERPARAMETER,,,,,,,,,,,67.0,3.0,,,,,,,,
5,QuadraticDiscriminantAnalysis_SMOTE_HYPERPARAMETER,,,,,,,,,2015.0,,202.0,7.0,,,,,,,,
1210,QuadraticDiscriminantAnalysis_SMOTE_HYPERPARAMETER,,,,,,,,,,,67.0,2.0,,,,,,,,
4115,QuadraticDiscriminantAnalysis_SMOTE_HYPERPARAMETER,,,,,,,,,2015.0,,202.0,7.0,,6.0,,,,,,
2448,QuadraticDiscriminantAnalysis_SMOTE_HYPERPARAMETER,,,,,,,,,,,,,,,,,,,,
612,QuadraticDiscriminantAnalysis_SMOTE_HYPERPARAMETER,1.0,,,1.0,1.0,,1.0,,2015.0,0.0,202.0,1.0,0.0,6.0,1.0,1.0,1.0,1.0,1.0,
47,QuadraticDiscriminantAnalysis_SMOTE_HYPERPARAMETER,,,,,,,,,2015.0,,720.0,7.0,,6.0,,,,,,
4779,QuadraticDiscriminantAnalysis_SMOTE_HYPERPARAMETER,,,,,,1.0,,1.0,2020.0,,202.0,7.0,,4.0,,,1.0,,1.0,1.0
1565,QuadraticDiscriminantAnalysis_SMOTE_HYPERPARAMETER,,,,,,,,,2016.0,,202.0,7.0,,5.0,,,,,,
1929,QuadraticDiscriminantAnalysis_SMOTE_HYPERPARAMETER,,,,,,,,,2016.0,,202.0,6.0,,6.0,,,,,,
3775,QuadraticDiscriminantAnalysis_SMOTE_HYPERPARAMETER,,,,,,,,,2015.0,,720.0,1.0,,5.0,,,,,,
2751,QuadraticDiscriminantAnalysis_SMOTE_HYPERPARAMETER,,,,1.0,1.0,1.0,1.0,1.0,2020.0,,720.0,2.0,0.0,5.0,1.0,1.0,1.0,,1.0,1.0
225,QuadraticDiscriminantAnalysis_SMOTE_HYPERPARAMETER,,,,,,,,,,,,,,,,,,,,
3064,QuadraticDiscriminantAnalysis_SMOTE_HYPERPARAMETER,,,,,,,,,2016.0,,202.0,7.0,,5.0,,,,,,
2310,QuadraticDiscriminantAnalysis_SMOTE_HYPERPARAMETER,,,,,1.0,1.0,1.0,1.0,2016.0,0.0,202.0,7.0,,4.0,1.0,1.0,1.0,1.0,1.0,
3637,QuadraticDiscriminantAnalysis_SMOTE_HYPERPARAMETER,,,,,,,,,2016.0,,202.0,7.0,,5.0,,,,,,
3046,QuadraticDiscriminantAnalysis_SMOTE_HYPERPARAMETER,,,,,,,,,2015.0,,202.0,6.0,,5.0,,,,,,
1684,QuadraticDiscriminantAnalysis_SMOTE_HYPERPARAMETER,1.0,,,,1.0,1.0,,,2020.0,0.0,202.0,7.0,0.0,5.0,1.0,1.0,,,1.0,1.0
669,QuadraticDiscriminantAnalysis_SMOTE_HYPERPARAMETER,,,,,,,,,2014.0,,720.0,7.0,,,,,,,,
4055,QuadraticDiscriminantAnalysis_SMOTE_HYPERPARAMETER,,,,,,,,,2015.0,,202.0,8.0,,,,,,,,
3467,QuadraticDiscriminantAnalysis_SMOTE_HYPERPARAMETER,,,,,,,,,2016.0,,202.0,7.0,,5.0,,,,,,
3233,QuadraticDiscriminantAnalysis_SMOTE_HYPERPARAMETER,,,,,,,,,2015.0,,720.0,7.0,,6.0,,,,,,
283,QuadraticDiscriminantAnalysis_SMOTE_HYPERPARAMETER,,,,,,,,,2015.0,,202.0,6.0,,6.0,,,,,,
471,QuadraticDiscriminantAnalysis_SMOTE_HYPERPARAMETER,,,,,,,,,2015.0,,720.0,7.0,,6.0,,,,,,
3028,QuadraticDiscriminantAnalysis_SMOTE_HYPERPARAMETER,,,,1.0,,,,,2016.0,,202.0,6.0,,6.0,,,,,,
1893,QuadraticDiscriminantAnalysis_SMOTE_HYPERPARAMETER,,,,,,,,,2016.0,,202.0,7.0,,5.0,,,,,,
2524,QuadraticDiscriminantAnalysis_SMOTE_HYPERPARAMETER,,,,,,,,,,,,2.0,,,,,,,,
4495,QuadraticDiscriminantAnalysis_SMOTE_HYPERPARAMETER,,,,,,,,,,,67.0,,,,,0.0,,,,
4455,QuadraticDiscriminantAnalysis_SMOTE_HYPERPARAMETER,,,,,,,,,2015.0,,202.0,7.0,,5.0,,,,,,
1813,QuadraticDiscriminantAnalysis_SMOTE_HYPERPARAMETER,,,,,,,,,2014.0,,720.0,7.0,,,,,,,,
3579,XGBClassifier_BAL_GAN_FAIR_HYPERPARAMETER,,1.0,,,,,,,,1.0,,,,,,,,,,
3232,XGBClassifier_BAL_GAN_FAIR_HYPERPARAMETER,1.0,,,,0.0,,1.0,,2015.0,0.0,,1.0,,3.0,,,1.0,,,
3670,XGBClassifier_BAL_GAN_FAIR_HYPERPARAMETER,,,1.0,,1.0,,,,2021.0,,,4.0,1.0,,,,,1.0,0.0,
1959,XGBClassifier_BAL_GAN_FAIR_HYPERPARAMETER,,,,,,,,,,,720.0,,,,,,,,,
3839,XGBClassifier_BAL_GAN_FAIR_HYPERPARAMETER,,,,,,,1.0,,,,,1.0,,,,,,,,
1055,XGBClassifier_BAL_GAN_FAIR_HYPERPARAMETER,,,,,,,,,,,,,,,,,,,,
4917,XGBClassifier_BAL_GAN_FAIR_HYPERPARAMETER,1.0,0.0,,,,1.0,1.0,,2018.0,0.0,67.0,,,2.0,,,1.0,,1.0,1.0
1611,XGBClassifier_BAL_GAN_FAIR_HYPERPARAMETER,,1.0,1.0,,,,,,,,67.0,,,3.0,,1.0,0.0,1.0,,
4622,XGBClassifier_BAL_GAN_FAIR_HYPERPARAMETER,0.0,1.0,,1.0,,,,,,,109.0,3.0,,3.0,,1.0,,,,
777,XGBClassifier_BAL_GAN_FAIR_HYPERPARAMETER,,1.0,1.0,,1.0,,,,2019.0,,,,,3.0,1.0,,,,,
4042,XGBClassifier_BAL_GAN_FAIR_HYPERPARAMETER,,,,,,,,,,,,,,,,,,,,
1792,XGBClassifier_BAL_GAN_FAIR_HYPERPARAMETER,1.0,,,,,,1.0,,2012.0,,67.0,,,,,,,,,
907,XGBClassifier_BAL_GAN_FAIR_HYPERPARAMETER,,,,,,,1.0,,2012.0,0.0,720.0,2.0,,2.0,,,,,,
4741,XGBClassifier_BAL_GAN_FAIR_HYPERPARAMETER,,,,,,,1.0,,2015.0,0.0,,1.0,,2.0,,,,,,
1470,XGBClassifier_BAL_GAN_FAIR_HYPERPARAMETER,,,,,,,,,2021.0,,,,,5.0,,,,,,
435,XGBClassifier_BAL_GAN_FAIR_HYPERPARAMETER,1.0,0.0,,,,,1.0,,2015.0,,67.0,,,3.0,,,1.0,,,
4705,XGBClassifier_BAL_GAN_FAIR_HYPERPARAMETER,,1.0,1.0,,1.0,,,,,1.0,,,,5.0,,,,1.0,,
2620,XGBClassifier_BAL_GAN_FAIR_HYPERPARAMETER,,,,,,,1.0,,2012.0,,,1.0,,,,,,,,
4239,XGBClassifier_BAL_GAN_FAIR_HYPERPARAMETER,,,,,,,,,,,,2.0,,,,,,,,
3068,XGBClassifier_BAL_GAN_FAIR_HYPERPARAMETER,,,,,,,1.0,,2012.0,,,1.0,,,,,,,,
120,XGBClassifier_BAL_GAN_FAIR_HYPERPARAMETER,1.0,,,,,,1.0,,2018.0,,67.0,2.0,,3.0,,,1.0,,1.0,
3903,XGBClassifier_BAL_GAN_FAIR_HYPERPARAMETER,1.0,,,,,,1.0,,2018.0,0.0,202.0,1.0,0.0,3.0,,,,,,
3140,XGBClassifier_BAL_GAN_FAIR_HYPERPARAMETER,1.0,,,,0.0,,1.0,,2018.0,0.0,,1.0,,,,,1.0,,,
1616,XGBClassifier_BAL_GAN_FAIR_HYPERPARAMETER,,,,,,,,,,,,,,5.0,,,,,,
1819,XGBClassifier_BAL_GAN_FAIR_HYPERPARAMETER,,,,,,,,,,,,,,,,,,,,
4423,XGBClassifier_BAL_GAN_FAIR_HYPERPARAMETER,0.0,1.0,,1.0,,1.0,,,2019.0,,67.0,,,5.0,,1.0,,,,
476,XGBClassifier_BAL_GAN_FAIR_HYPERPARAMETER,0.0,,,,,,,,,,,,,,,,,,,
3051,XGBClassifier_BAL_GAN_FAIR_HYPERPARAMETER,,1.0,1.0,,1.0,,,,2021.0,,,2.0,,,,1.0,,1.0,,
1175,XGBClassifier_BAL_GAN_FAIR_HYPERPARAMETER,1.0,,,,,,1.0,,2015.0,0.0,67.0,2.0,,2.0,,,1.0,,,
2588,XGBClassifier_BAL_GAN_FAIR_HYPERPARAMETER,,,,,,1.0,1.0,,2015.0,0.0,,1.0,,2.0,,,1.0,,1.0,
2936,XGBClassifier_BAL_GAN_FAIR_HYPERPARAMETER,,,,,,,,,,,,,,,,,,,,
3500,XGBClassifier_BAL_GAN_FAIR_HYPERPARAMETER,,,,,,,1.0,,2012.0,0.0,,1.0,,,,,,,,
3733,XGBClassifier_BAL_GAN_FAIR_HYPERPARAMETER,1.0,0.0,,,,,1.0,,2015.0,,720.0,1.0,,,,,,,,
3712,XGBClassifier_BAL_GAN_FAIR_HYPERPARAMETER,,,,,,,,,,,,,,,,,,,,
2622,XGBClassifier_BAL_GAN_FAIR_HYPERPARAMETER,1.0,,,,,,1.0,,2018.0,0.0,67.0,1.0,,2.0,,,1.0,,,
4689,XGBClassifier_BAL_GAN_FAIR_HYPERPARAMETER,,,0.0,,,,,,2018.0,0.0,720.0,1.0,,2.0,,,1.0,,,
2719,XGBClassifier_BAL_GAN_FAIR_HYPERPARAMETER,,0.0,0.0,,,,,,2012.0,0.0,720.0,2.0,0.0,2.0,,,1.0,1.0,1.0,1.0
1661,XGBClassifier_BAL_GAN_FAIR_HYPERPARAMETER,,,0.0,,,,,,2015.0,0.0,202.0,2.0,,2.0,,,1.0,1.0,1.0,
2450,XGBClassifier_BAL_GAN_FAIR_HYPERPARAMETER,,,,,,,1.0,,2015.0,0.0,,1.0,,,,,,,,
3921,XGBClassifier_BAL_GAN_FAIR_HYPERPARAMETER,,1.0,,,,,,,2019.0,,,,1.0,3.0,,,,,,
3037,XGBClassifier_BAL_GAN_FAIR_HYPERPARAMETER,,,,,,,1.0,,2015.0,0.0,,1.0,,2.0,,,,,1.0,
1823,XGBClassifier_BAL_GAN_FAIR_HYPERPARAMETER,1.0,,,,0.0,1.0,1.0,,2018.0,0.0,720.0,1.0,0.0,3.0,,,,,,1.0
3300,XGBClassifier_BAL_GAN_FAIR_HYPERPARAMETER,,,,,,,1.0,,2018.0,0.0,720.0,2.0,,2.0,,,,,,
3486,XGBClassifier_BAL_GAN_FAIR_HYPERPARAMETER,,,,,,,1.0,,2012.0,,,1.0,,,,,,,,
4755,XGBClassifier_BAL_GAN_FAIR_HYPERPARAMETER,1.0,,,,,,1.0,,2015.0,0.0,,2.0,,2.0,,,1.0,,,
1911,XGBClassifier_BAL_GAN_FAIR_HYPERPARAMETER,,,,,,,1.0,,2015.0,,,1.0,0.0,,,,,,,
4814,XGBClassifier_BAL_GAN_FAIR_HYPERPARAMETER,,,,,,,,,,,,,,,,,,,,
227,XGBClassifier_BAL_GAN_FAIR_HYPERPARAMETER,,1.0,1.0,,,,,,2019.0,,36.0,3.0,0.0,5.0,1.0,,,,,
1254,XGBClassifier_BAL_GAN_FAIR_HYPERPARAMETER,1.0,,,,0.0,,1.0,,2018.0,0.0,720.0,2.0,0.0,2.0,,,,,,
3324,XGBClassifier_BAL_GAN_FAIR_HYPERPARAMETER,,,,,,,,,,,,,,,,,,,,
2898,XGBClassifier_BAL_GAN_FAIR_HYPERPARAMETER,1.0,,,,,,1.0,,2015.0,0.0,720.0,2.0,,2.0,,,1.0,,,
2528,XGBClassifier_BAL_GAN_FAIR_HYPERPARAMETER,,,,,,,,,2012.0,0.0,720.0,1.0,,,,,,,,
742,XGBClassifier_BAL_GAN_FAIR_HYPERPARAMETER,1.0,,,,,1.0,1.0,,2018.0,0.0,,1.0,,2.0,,,1.0,,1.0,
537,XGBClassifier_BAL_GAN_FAIR_HYPERPARAMETER,1.0,,,,,,1.0,,2018.0,0.0,720.0,1.0,,,,,,,,
1118,XGBClassifier_BAL_GAN_FAIR_HYPERPARAMETER,,,,,,,1.0,,2012.0,,720.0,1.0,,,,,,,,
1708,XGBClassifier_BAL_GAN_FAIR_HYPERPARAMETER,,,,,,,1.0,,2018.0,0.0,,2.0,,2.0,,,,,,
3756,XGBClassifier_BAL_GAN_FAIR_HYPERPARAMETER,1.0,,,,,1.0,1.0,,2018.0,,720.0,2.0,,2.0,,,1.0,0.0,1.0,1.0
2676,XGBClassifier_BAL_GAN_FAIR_HYPERPARAMETER,,,0.0,,,,1.0,,2018.0,0.0,720.0,2.0,,2.0,,,1.0,,1.0,
195,XGBClassifier_BAL_GAN_FAIR_HYPERPARAMETER,1.0,,,,0.0,1.0,1.0,,2015.0,0.0,67.0,2.0,,2.0,,,,,1.0,1.0
2151,XGBClassifier_BAL_GAN_FAIR_HYPERPARAMETER,,1.0,1.0,,1.0,,,,2019.0,,202.0,,,5.0,,,,,,
2520,XGBClassifier_BAL_GAN_FAIR_HYPERPARAMETER,,,,,,,,,,,,,,,,,,,,
2651,XGBClassifier_BAL_GAN_FAIR_HYPERPARAMETER,0.0,,,,,,,,,1.0,109.0,,,5.0,,,,,,
1123,XGBClassifier_BAL_GAN_FAIR_HYPERPARAMETER,,,,,,,1.0,,2012.0,0.0,,1.0,,,,,,,,
3090,XGBClassifier_BAL_GAN_FAIR_HYPERPARAMETER,,1.0,1.0,0.0,,,,,2019.0,,36.0,5.0,,5.0,1.0,1.0,0.0,1.0,,
1615,XGBClassifier_BAL_GAN_FAIR_HYPERPARAMETER,,,,,,,1.0,,2015.0,0.0,,1.0,0.0,,,,,,,
629,XGBClassifier_BAL_GAN_FAIR_HYPERPARAMETER,1.0,,,,0.0,1.0,1.0,,2018.0,0.0,,1.0,1.0,2.0,,,1.0,,1.0,
1497,XGBClassifier_BAL_GAN_FAIR_HYPERPARAMETER,,,,,,,,,2012.0,0.0,,2.0,,,,,,,,
4572,XGBClassifier_BAL_GAN_FAIR_HYPERPARAMETER,,,,,,,,,,,,,,,,,,,,
1338,XGBClassifier_BAL_GAN_FAIR_HYPERPARAMETER,,1.0,1.0,,,,,,,,,4.0,,,1.0,,,,,
4841,XGBClassifier_BAL_GAN_FAIR_HYPERPARAMETER,0.0,,,,,,,,2021.0,1.0,109.0,,,,,,,,,
3784,XGBClassifier_BAL_GAN_FAIR_HYPERPARAMETER,1.0,,,,,,1.0,,2018.0,0.0,51.0,1.0,,,,,1.0,,,
4543,XGBClassifier_BAL_GAN_FAIR_HYPERPARAMETER,1.0,0.0,,,,,1.0,,2018.0,0.0,67.0,,,2.0,,,1.0,,1.0,
4879,XGBClassifier_BAL_GAN_FAIR_HYPERPARAMETER,,,,,,,1.0,,2018.0,0.0,,1.0,0.0,,,,,,,
2660,XGBClassifier_BAL_GAN_FAIR_HYPERPARAMETER,,,,,,,,,2012.0,,,,,,,,,,,
2946,XGBClassifier_BAL_GAN_FAIR_HYPERPARAMETER,,,,,,,1.0,,2018.0,0.0,720.0,2.0,,2.0,,,1.0,,1.0,1.0
1230,XGBClassifier_BAL_GAN_FAIR_HYPERPARAMETER,,1.0,,,,,,,2019.0,1.0,109.0,,,5.0,,,,,,
4732,XGBClassifier_BAL_GAN_FAIR_HYPERPARAMETER,,,,,,,1.0,,,0.0,720.0,,,2.0,,,,,,
4633,XGBClassifier_BAL_GAN_FAIR_HYPERPARAMETER,,,,,,,,,,,,,,,,,,,,
2118,XGBClassifier_BAL_GAN_FAIR_HYPERPARAMETER,1.0,0.0,,,,,1.0,,,0.0,202.0,1.0,0.0,,,,,,,
1586,XGBClassifier_BAL_GAN_FAIR_HYPERPARAMETER,,,,,,,,,,,,,,,,,,,,
584,XGBClassifier_BAL_GAN_FAIR_HYPERPARAMETER,,,,,,,0.0,,,,,,,,,,,,,
3739,XGBClassifier_BAL_GAN_FAIR_HYPERPARAMETER,1.0,,,,0.0,,1.0,,2012.0,0.0,67.0,2.0,0.0,2.0,,,,,,
1567,XGBClassifier_BAL_GAN_FAIR_HYPERPARAMETER,1.0,0.0,0.0,,,,,,2015.0,,720.0,1.0,0.0,3.0,,,,,,
483,XGBClassifier_BAL_GAN_FAIR_HYPERPARAMETER,,1.0,,,,,,,,,,2.0,,,1.0,,,,,
3601,XGBClassifier_BAL_GAN_FAIR_HYPERPARAMETER,,,,,,1.0,1.0,,2015.0,0.0,,1.0,,2.0,,,1.0,,1.0,
381,XGBClassifier_BAL_GAN_FAIR_HYPERPARAMETER,,,,,,,1.0,,2018.0,0.0,720.0,2.0,,3.0,,,1.0,,,
802,XGBClassifier_BAL_GAN_FAIR_HYPERPARAMETER,,,,,0.0,,1.0,,2015.0,0.0,720.0,2.0,,2.0,,0.0,1.0,1.0,1.0,
1785,XGBClassifier_BAL_GAN_FAIR_HYPERPARAMETER,,,,,,,1.0,,2012.0,,,1.0,,,,,,,,
7,XGBClassifier_BAL_GAN_FAIR_HYPERPARAMETER,,,,,,,1.0,,2018.0,0.0,,1.0,,2.0,,,,,,
1889,XGBClassifier_BAL_GAN_FAIR_HYPERPARAMETER,,1.0,1.0,,1.0,,,,2019.0,,202.0,4.0,,5.0,,1.0,,,,
1181,XGBClassifier_BAL_GAN_FAIR_HYPERPARAMETER,,1.0,1.0,,,,,,,,,,,5.0,,,,1.0,,
3003,XGBClassifier_BAL_GAN_FAIR_HYPERPARAMETER,1.0,,,,,1.0,1.0,,2018.0,0.0,202.0,1.0,,2.0,,,1.0,,1.0,1.0
3867,XGBClassifier_BAL_GAN_FAIR_HYPERPARAMETER,,,,,,,1.0,,,0.0,,1.0,,,,,,,,
1822,XGBClassifier_BAL_GAN_FAIR_HYPERPARAMETER,,,,,,,,,,,,,,,,,,,,
2362,XGBClassifier_BAL_GAN_FAIR_HYPERPARAMETER,,,,,,,1.0,,2012.0,,,1.0,,,,,,,,
2817,XGBClassifier_BAL_GAN_FAIR_HYPERPARAMETER,,,,,,,,,,,,,,,,,,,,
4587,XGBClassifier_BAL_GAN_FAIR_HYPERPARAMETER,0.0,1.0,1.0,1.0,1.0,,,,2021.0,,67.0,,,5.0,,1.0,,,,0.0
3188,XGBClassifier_BAL_GAN_FAIR_HYPERPARAMETER,1.0,,,,,1.0,1.0,,2018.0,0.0,720.0,1.0,,2.0,,,1.0,,1.0,1.0
3575,XGBClassifier_BAL_GAN_FAIR_HYPERPARAMETER,,,,,,,,,,,,,,,,,,,,
1083,XGBClassifier_BAL_GAN_FAIR_HYPERPARAMETER,1.0,0.0,,1.0,,1.0,1.0,,2015.0,,67.0,,,2.0,,,1.0,,1.0,1.0
2415,XGBClassifier_BAL_GAN_FAIR_HYPERPARAMETER,,,,,,,,,,,,,,,,,,,,
2963,XGBClassifier_BAL_GAN_FAIR_HYPERPARAMETER,,,,,,,,,,,,,,,,,,,,
3912,XGBClassifier_BAL_GAN_FAIR_HYPERPARAMETER,,,,,,,1.0,,2012.0,0.0,720.0,1.0,0.0,,,,,,,
2196,XGBClassifier_BAL_GAN_FAIR_HYPERPARAMETER,1.0,0.0,,,,,1.0,,2012.0,0.0,,1.0,0.0,,,,,,,
1050,XGBClassifier_BAL_GAN_FAIR_HYPERPARAMETER,,,,,,,1.0,,,0.0,,1.0,,,,,,,,
3215,XGBClassifier_BAL_GAN_FAIR_HYPERPARAMETER,1.0,0.0,,,,,1.0,,2018.0,0.0,67.0,,0.0,,,,1.0,,1.0,
1125,XGBClassifier_BAL_GAN_FAIR_HYPERPARAMETER,,,,,,,,,,,720.0,,,,,,,,,
3974,XGBClassifier_BAL_GAN_FAIR_HYPERPARAMETER,1.0,,,1.0,0.0,1.0,1.0,,2018.0,,202.0,2.0,,2.0,0.0,,1.0,,1.0,1.0
1160,XGBClassifier_BAL_GAN_FAIR_HYPERPARAMETER,1.0,,,,0.0,,1.0,,2015.0,0.0,,2.0,0.0,2.0,,,,,,
2279,XGBClassifier_BAL_GAN_FAIR_HYPERPARAMETER,1.0,,0.0,,,,,,2018.0,,202.0,1.0,0.0,,,,1.0,0.0,,1.0
2919,XGBClassifier_BAL_GAN_FAIR_HYPERPARAMETER,,,,,,,1.0,,,,,,,,,,,,,
4158,XGBClassifier_BAL_GAN_FAIR_HYPERPARAMETER,,1.0,,,,,,,,1.0,,5.0,,,,1.0,,1.0,,
2731,XGBClassifier_BAL_GAN_FAIR_HYPERPARAMETER,,,,,,,1.0,,2012.0,,,1.0,,,,,,,,
4862,XGBClassifier_BAL_GAN_FAIR_HYPERPARAMETER,,,,,,,1.0,,,,,1.0,,,,,,,,
1987,XGBClassifier_BAL_GAN_FAIR_HYPERPARAMETER,1.0,,,,0.0,,1.0,,2015.0,0.0,202.0,2.0,0.0,2.0,,,,,,
156,XGBClassifier_BAL_GAN_FAIR_HYPERPARAMETER,1.0,,,,0.0,,1.0,,2015.0,0.0,,2.0,,2.0,,,1.0,,1.0,
2844,XGBClassifier_BAL_GAN_FAIR_HYPERPARAMETER,,,,,,,,,2012.0,0.0,720.0,2.0,,2.0,,,,,,
3420,XGBClassifier_BAL_GAN_FAIR_HYPERPARAMETER,,,,,,,,,,,,,,,,,,,,
4228,XGBClassifier_BAL_GAN_FAIR_HYPERPARAMETER,,,,,,,,,,,,,,,,,,,,
2914,XGBClassifier_BAL_GAN_FAIR_HYPERPARAMETER,,,,,,,1.0,,2015.0,0.0,,1.0,,,,,,,,
3385,XGBClassifier_BAL_GAN_FAIR_HYPERPARAMETER,,,,,,,,,,,,2.0,0.0,5.0,,,,,,
619,XGBClassifier_BAL_GAN_FAIR_HYPERPARAMETER,1.0,,,,,,1.0,,2018.0,,67.0,2.0,,2.0,,,1.0,,1.0,
258,XGBClassifier_BAL_GAN_FAIR_HYPERPARAMETER,,,,,,,,,,,720.0,,,,,,,,,
2991,XGBClassifier_BAL_GAN_FAIR_HYPERPARAMETER,,,,,,,1.0,,2012.0,0.0,,2.0,,,,,,,,
4542,XGBClassifier_BAL_GAN_FAIR_HYPERPARAMETER,1.0,,,,,,,,2012.0,,720.0,1.0,,,,,,,,
3871,XGBClassifier_BAL_GAN_FAIR_HYPERPARAMETER,,,,,,,1.0,,2012.0,,,,,,,,,,,
4765,XGBClassifier_BAL_GAN_FAIR_HYPERPARAMETER,,,,,,,1.0,,2012.0,0.0,67.0,1.0,,,,,,,,
2999,XGBClassifier_BAL_GAN_FAIR_HYPERPARAMETER,1.0,,0.0,1.0,,1.0,1.0,,2018.0,0.0,720.0,1.0,,2.0,0.0,,1.0,,1.0,1.0
405,XGBClassifier_BAL_GAN_FAIR_HYPERPARAMETER,,,,,,,1.0,,2012.0,,,,,,,,,,,
1279,XGBClassifier_BAL_GAN_FAIR_HYPERPARAMETER,1.0,0.0,,,,,,,2012.0,,720.0,1.0,,,,,,,,
3166,XGBClassifier_BAL_GAN_FAIR_HYPERPARAMETER,1.0,0.0,,,,,,,2012.0,,67.0,1.0,,,,,,,,
3040,XGBClassifier_BAL_GAN_FAIR_HYPERPARAMETER,,,0.0,,,,,,2012.0,0.0,720.0,2.0,,2.0,,,,,,
1436,XGBClassifier_BAL_GAN_FAIR_HYPERPARAMETER,,,,,,,,,,,,,,,,,,,,
4902,XGBClassifier_BAL_GAN_FAIR_HYPERPARAMETER,1.0,,,,,,1.0,,2015.0,0.0,,1.0,,2.0,,,,,,
1592,XGBClassifier_BAL_GAN_FAIR_HYPERPARAMETER,,,,,,,,,,,,,,,,1.0,,,,
4594,XGBClassifier_BAL_GAN_FAIR_HYPERPARAMETER,1.0,0.0,,,,,1.0,,2015.0,,720.0,1.0,0.0,,,,,,,
3021,XGBClassifier_BAL_GAN_FAIR_HYPERPARAMETER,,,,,,,1.0,,2018.0,0.0,720.0,2.0,0.0,,,,1.0,,,
1422,XGBClassifier_BAL_GAN_FAIR_HYPERPARAMETER,0.0,1.0,,,,,,,2019.0,,109.0,4.0,0.0,5.0,,1.0,,,,
4850,XGBClassifier_BAL_GAN_FAIR_HYPERPARAMETER,,,,,,,1.0,,2012.0,,,1.0,,,,,,,,
2801,XGBClassifier_BAL_GAN_FAIR_HYPERPARAMETER,,,,,,,,,,,,,,,,,,,,
3480,XGBClassifier_BAL_GAN_FAIR_HYPERPARAMETER,,,,,,,1.0,,2012.0,0.0,720.0,2.0,,3.0,,,,,,
265,XGBClassifier_BAL_GAN_FAIR_HYPERPARAMETER,0.0,,1.0,,,,,,2019.0,,,4.0,,5.0,,,,,,
4133,XGBClassifier_BAL_GAN_FAIR_HYPERPARAMETER,1.0,0.0,,,,1.0,1.0,,2015.0,,202.0,2.0,,2.0,0.0,,1.0,,1.0,
4715,XGBClassifier_BAL_GAN_FAIR_HYPERPARAMETER,1.0,,,,0.0,1.0,1.0,,2018.0,0.0,720.0,2.0,0.0,,,,1.0,,1.0,
2867,XGBClassifier_BAL_GAN_FAIR_HYPERPARAMETER,,,,,,,,,,,,1.0,,,,,,,,
3252,XGBClassifier_BAL_GAN_FAIR_HYPERPARAMETER,,1.0,,,,,,,2019.0,1.0,,,,,,,,,,
3997,XGBClassifier_BAL_GAN_FAIR_HYPERPARAMETER,,,,,,,1.0,,2012.0,0.0,,1.0,,,,,,,,
3824,XGBClassifier_BAL_GAN_FAIR_HYPERPARAMETER,0.0,,,,,,,,,,,,,,,,,,,
3134,XGBClassifier_BAL_GAN_FAIR_HYPERPARAMETER,0.0,,,,,,,,2019.0,,109.0,,,5.0,1.0,,,,,
17,XGBClassifier_BAL_GAN_FAIR_HYPERPARAMETER,,,,,,,,,2021.0,,,,,,,,,,,
4796,XGBClassifier_BAL_GAN_FAIR_HYPERPARAMETER,1.0,0.0,,,,,,,2012.0,,720.0,1.0,,,,,,,,
3268,XGBClassifier_BAL_GAN_FAIR_HYPERPARAMETER,,,,,,,1.0,,2015.0,,67.0,1.0,,,,,,,,
744,XGBClassifier_BAL_GAN_FAIR_HYPERPARAMETER,,,,,,,1.0,,2015.0,0.0,,1.0,,,,,,,,
3446,XGBClassifier_BAL_GAN_FAIR_HYPERPARAMETER,,,,,,,1.0,,2012.0,0.0,720.0,1.0,,2.0,,,,,,
969,XGBClassifier_BAL_GAN_FAIR_HYPERPARAMETER,1.0,,,,0.0,1.0,1.0,,2015.0,0.0,,1.0,1.0,2.0,,,1.0,,1.0,
1825,XGBClassifier_BAL_GAN_FAIR_HYPERPARAMETER,1.0,0.0,,,,,,,2015.0,,,1.0,,,,,,,,
3680,XGBClassifier_BAL_GAN_FAIR_HYPERPARAMETER,,,,,,,,,,,,2.0,,5.0,,,,,,
1655,XGBClassifier_BAL_GAN_FAIR_HYPERPARAMETER,,1.0,1.0,,,,,,2019.0,,,,,3.0,,1.0,,,,
1346,XGBClassifier_BAL_GAN_FAIR_HYPERPARAMETER,1.0,,0.0,,,,1.0,,2015.0,0.0,720.0,1.0,0.0,,,,,,,
2321,XGBClassifier_BAL_GAN_FAIR_HYPERPARAMETER,1.0,,,,,,1.0,,2015.0,0.0,720.0,2.0,,2.0,,,1.0,,,
1141,XGBClassifier_BAL_GAN_FAIR_HYPERPARAMETER,,,,,,,,,,,,,,,,,,,,
3783,XGBClassifier_BAL_GAN_FAIR_HYPERPARAMETER,,1.0,1.0,,,,,,,,,,,5.0,,,,,,
683,XGBClassifier_BAL_GAN_FAIR_HYPERPARAMETER,,,,,,,,,,,,,,,,,,,,
976,XGBClassifier_BAL_GAN_FAIR_HYPERPARAMETER,0.0,1.0,1.0,,1.0,,,,2019.0,,67.0,,,,1.0,,,,,
2652,XGBClassifier_BAL_GAN_FAIR_HYPERPARAMETER,,,,,,,,,,,,,,,,,,,,
3261,XGBClassifier_BAL_GAN_FAIR_HYPERPARAMETER,,1.0,,,,,,,2019.0,,,,,,1.0,,,,,
3131,XGBClassifier_BAL_GAN_FAIR_HYPERPARAMETER,0.0,1.0,1.0,,,,,,,,67.0,,,5.0,,1.0,,,,
3336,XGBClassifier_BAL_GAN_FAIR_HYPERPARAMETER,,,0.0,,,,,,2015.0,0.0,720.0,1.0,,,,,,,,
3426,XGBClassifier_BAL_GAN_FAIR_HYPERPARAMETER,,,,,,,,,2019.0,,,,,,,,,,,
2285,XGBClassifier_BAL_GAN_FAIR_HYPERPARAMETER,1.0,0.0,,,,,1.0,,2015.0,0.0,720.0,1.0,0.0,,,,1.0,,,
2404,XGBClassifier_BAL_GAN_FAIR_HYPERPARAMETER,1.0,,,,0.0,1.0,1.0,,2015.0,0.0,720.0,2.0,0.0,,,0.0,1.0,,1.0,
24,XGBClassifier_BAL_GAN_FAIR_HYPERPARAMETER,,,,,,,,,,,,,,,,,,,,
4562,XGBClassifier_BAL_GAN_FAIR_HYPERPARAMETER,1.0,,,,,,1.0,,2018.0,0.0,,1.0,,2.0,,,1.0,,,
3231,XGBClassifier_BAL_GAN_FAIR_HYPERPARAMETER,,1.0,,,,,,,,,,,,3.0,,1.0,,,,
3579,XGBClassifier_DEMV_HYPERPARAMETER,,1.0,,,,,,,,1.0,,,,,,,,,,
3232,XGBClassifier_DEMV_HYPERPARAMETER,1.0,,,,0.0,,1.0,,2015.0,0.0,,1.0,,3.0,,,1.0,,,
3670,XGBClassifier_DEMV_HYPERPARAMETER,,,1.0,,1.0,,,,2021.0,,,4.0,1.0,,,,,1.0,0.0,
1959,XGBClassifier_DEMV_HYPERPARAMETER,,,,,,,,,,,720.0,,,,,,,,,
3839,XGBClassifier_DEMV_HYPERPARAMETER,,,,,,,1.0,,,,,1.0,,,,,,,,
1055,XGBClassifier_DEMV_HYPERPARAMETER,,,,,,,,,,,,,,,,,,,,
4917,XGBClassifier_DEMV_HYPERPARAMETER,1.0,0.0,,,,1.0,1.0,,2018.0,0.0,67.0,,,2.0,,,1.0,,1.0,1.0
1611,XGBClassifier_DEMV_HYPERPARAMETER,,1.0,1.0,,,,,,,,67.0,,,3.0,,1.0,0.0,1.0,,
4622,XGBClassifier_DEMV_HYPERPARAMETER,0.0,1.0,,1.0,,,,,,,109.0,3.0,,3.0,,1.0,,,,
777,XGBClassifier_DEMV_HYPERPARAMETER,,1.0,1.0,,1.0,,,,2019.0,,,,,3.0,1.0,,,,,
4042,XGBClassifier_DEMV_HYPERPARAMETER,,,,,,,,,,,,,,,,,,,,
1792,XGBClassifier_DEMV_HYPERPARAMETER,1.0,,,,,,1.0,,2012.0,,67.0,,,,,,,,,
907,XGBClassifier_DEMV_HYPERPARAMETER,,,,,,,1.0,,2012.0,0.0,720.0,2.0,,2.0,,,,,,
4741,XGBClassifier_DEMV_HYPERPARAMETER,,,,,,,1.0,,2015.0,0.0,,1.0,,2.0,,,,,,
1470,XGBClassifier_DEMV_HYPERPARAMETER,,,,,,,,,2021.0,,,,,5.0,,,,,,
435,XGBClassifier_DEMV_HYPERPARAMETER,1.0,0.0,,,,,1.0,,2015.0,,67.0,,,3.0,,,1.0,,,
4705,XGBClassifier_DEMV_HYPERPARAMETER,,1.0,1.0,,1.0,,,,,1.0,,,,5.0,,,,1.0,,
2620,XGBClassifier_DEMV_HYPERPARAMETER,,,,,,,1.0,,2012.0,,,1.0,,,,,,,,
4239,XGBClassifier_DEMV_HYPERPARAMETER,,,,,,,,,,,,2.0,,,,,,,,
3068,XGBClassifier_DEMV_HYPERPARAMETER,,,,,,,1.0,,2012.0,,,1.0,,,,,,,,
120,XGBClassifier_DEMV_HYPERPARAMETER,1.0,,,,,,1.0,,2018.0,,67.0,2.0,,3.0,,,1.0,,1.0,
3903,XGBClassifier_DEMV_HYPERPARAMETER,1.0,,,,,,1.0,,2018.0,0.0,202.0,1.0,0.0,3.0,,,,,,
3140,XGBClassifier_DEMV_HYPERPARAMETER,1.0,,,,0.0,,1.0,,2018.0,0.0,,1.0,,,,,1.0,,,
1616,XGBClassifier_DEMV_HYPERPARAMETER,,,,,,,,,,,,,,5.0,,,,,,
1819,XGBClassifier_DEMV_HYPERPARAMETER,,,,,,,,,,,,,,,,,,,,
4423,XGBClassifier_DEMV_HYPERPARAMETER,0.0,1.0,,1.0,,1.0,,,2019.0,,67.0,,,5.0,,1.0,,,,
476,XGBClassifier_DEMV_HYPERPARAMETER,0.0,,,,,,,,,,,,,,,,,,,
3051,XGBClassifier_DEMV_HYPERPARAMETER,,1.0,1.0,,1.0,,,,2021.0,,,2.0,,,,1.0,,1.0,,
1175,XGBClassifier_DEMV_HYPERPARAMETER,1.0,,,,,,1.0,,2015.0,0.0,67.0,2.0,,2.0,,,1.0,,,
2588,XGBClassifier_DEMV_HYPERPARAMETER,,,,,,1.0,1.0,,2015.0,0.0,,1.0,,2.0,,,1.0,,1.0,
2936,XGBClassifier_DEMV_HYPERPARAMETER,,,,,,,,,,,,,,,,,,,,
3500,XGBClassifier_DEMV_HYPERPARAMETER,,,,,,,1.0,,2012.0,0.0,,1.0,,,,,,,,
3733,XGBClassifier_DEMV_HYPERPARAMETER,1.0,0.0,,,,,1.0,,2015.0,,720.0,1.0,,,,,,,,
3712,XGBClassifier_DEMV_HYPERPARAMETER,,,,,,,,,,,,,,,,,,,,
2622,XGBClassifier_DEMV_HYPERPARAMETER,1.0,,,,,,1.0,,2018.0,0.0,67.0,1.0,,2.0,,,1.0,,,
4689,XGBClassifier_DEMV_HYPERPARAMETER,,,0.0,,,,,,2018.0,0.0,720.0,1.0,,2.0,,,1.0,,,
2719,XGBClassifier_DEMV_HYPERPARAMETER,,0.0,0.0,,,,,,2012.0,0.0,720.0,2.0,0.0,2.0,,,1.0,1.0,1.0,1.0
1661,XGBClassifier_DEMV_HYPERPARAMETER,,,0.0,,,,,,2015.0,0.0,202.0,2.0,,2.0,,,1.0,1.0,1.0,
2450,XGBClassifier_DEMV_HYPERPARAMETER,,,,,,,1.0,,2015.0,0.0,,1.0,,,,,,,,
3921,XGBClassifier_DEMV_HYPERPARAMETER,,1.0,,,,,,,2019.0,,,,1.0,3.0,,,,,,
3037,XGBClassifier_DEMV_HYPERPARAMETER,,,,,,,1.0,,2015.0,0.0,,1.0,,2.0,,,,,1.0,
1823,XGBClassifier_DEMV_HYPERPARAMETER,1.0,,,,0.0,1.0,1.0,,2018.0,0.0,720.0,1.0,0.0,3.0,,,,,,1.0
3300,XGBClassifier_DEMV_HYPERPARAMETER,,,,,,,1.0,,2018.0,0.0,720.0,2.0,,2.0,,,,,,
3486,XGBClassifier_DEMV_HYPERPARAMETER,,,,,,,1.0,,2012.0,,,1.0,,,,,,,,
4755,XGBClassifier_DEMV_HYPERPARAMETER,1.0,,,,,,1.0,,2015.0,0.0,,2.0,,2.0,,,1.0,,,
1911,XGBClassifier_DEMV_HYPERPARAMETER,,,,,,,1.0,,2015.0,,,1.0,0.0,,,,,,,
4814,XGBClassifier_DEMV_HYPERPARAMETER,,,,,,,,,,,,,,,,,,,,
227,XGBClassifier_DEMV_HYPERPARAMETER,,1.0,1.0,,,,,,2019.0,,36.0,3.0,0.0,5.0,1.0,,,,,
1254,XGBClassifier_DEMV_HYPERPARAMETER,1.0,,,,0.0,,1.0,,2018.0,0.0,720.0,2.0,0.0,2.0,,,,,,
3324,XGBClassifier_DEMV_HYPERPARAMETER,,,,,,,,,,,,,,,,,,,,
2898,XGBClassifier_DEMV_HYPERPARAMETER,1.0,,,,,,1.0,,2015.0,0.0,720.0,2.0,,2.0,,,1.0,,,
2528,XGBClassifier_DEMV_HYPERPARAMETER,,,,,,,,,2012.0,0.0,720.0,1.0,,,,,,,,
742,XGBClassifier_DEMV_HYPERPARAMETER,1.0,,,,,1.0,1.0,,2018.0,0.0,,1.0,,2.0,,,1.0,,1.0,
537,XGBClassifier_DEMV_HYPERPARAMETER,1.0,,,,,,1.0,,2018.0,0.0,720.0,1.0,,,,,,,,
1118,XGBClassifier_DEMV_HYPERPARAMETER,,,,,,,1.0,,2012.0,,720.0,1.0,,,,,,,,
1708,XGBClassifier_DEMV_HYPERPARAMETER,,,,,,,1.0,,2018.0,0.0,,2.0,,2.0,,,,,,
3756,XGBClassifier_DEMV_HYPERPARAMETER,1.0,,,,,1.0,1.0,,2018.0,,720.0,2.0,,2.0,,,1.0,0.0,1.0,1.0
2676,XGBClassifier_DEMV_HYPERPARAMETER,,,0.0,,,,1.0,,2018.0,0.0,720.0,2.0,,2.0,,,1.0,,1.0,
195,XGBClassifier_DEMV_HYPERPARAMETER,1.0,,,,0.0,1.0,1.0,,2015.0,0.0,67.0,2.0,,2.0,,,,,1.0,1.0
2151,XGBClassifier_DEMV_HYPERPARAMETER,,1.0,1.0,,1.0,,,,2019.0,,202.0,,,5.0,,,,,,
2520,XGBClassifier_DEMV_HYPERPARAMETER,,,,,,,,,,,,,,,,,,,,
2651,XGBClassifier_DEMV_HYPERPARAMETER,0.0,,,,,,,,,1.0,109.0,,,5.0,,,,,,
1123,XGBClassifier_DEMV_HYPERPARAMETER,,,,,,,1.0,,2012.0,0.0,,1.0,,,,,,,,
3090,XGBClassifier_DEMV_HYPERPARAMETER,,1.0,1.0,0.0,,,,,2019.0,,36.0,5.0,,5.0,1.0,1.0,0.0,1.0,,
1615,XGBClassifier_DEMV_HYPERPARAMETER,,,,,,,1.0,,2015.0,0.0,,1.0,0.0,,,,,,,
629,XGBClassifier_DEMV_HYPERPARAMETER,1.0,,,,0.0,1.0,1.0,,2018.0,0.0,,1.0,1.0,2.0,,,1.0,,1.0,
1497,XGBClassifier_DEMV_HYPERPARAMETER,,,,,,,,,2012.0,0.0,,2.0,,,,,,,,
4572,XGBClassifier_DEMV_HYPERPARAMETER,,,,,,,,,,,,,,,,,,,,
1338,XGBClassifier_DEMV_HYPERPARAMETER,,1.0,1.0,,,,,,,,,4.0,,,1.0,,,,,
4841,XGBClassifier_DEMV_HYPERPARAMETER,0.0,,,,,,,,2021.0,1.0,109.0,,,,,,,,,
3784,XGBClassifier_DEMV_HYPERPARAMETER,1.0,,,,,,1.0,,2018.0,0.0,51.0,1.0,,,,,1.0,,,
4543,XGBClassifier_DEMV_HYPERPARAMETER,1.0,0.0,,,,,1.0,,2018.0,0.0,67.0,,,2.0,,,1.0,,1.0,
4879,XGBClassifier_DEMV_HYPERPARAMETER,,,,,,,1.0,,2018.0,0.0,,1.0,0.0,,,,,,,
2660,XGBClassifier_DEMV_HYPERPARAMETER,,,,,,,,,2012.0,,,,,,,,,,,
2946,XGBClassifier_DEMV_HYPERPARAMETER,,,,,,,1.0,,2018.0,0.0,720.0,2.0,,2.0,,,1.0,,1.0,1.0
1230,XGBClassifier_DEMV_HYPERPARAMETER,,1.0,,,,,,,2019.0,1.0,109.0,,,5.0,,,,,,
4732,XGBClassifier_DEMV_HYPERPARAMETER,,,,,,,1.0,,,0.0,720.0,,,2.0,,,,,,
4633,XGBClassifier_DEMV_HYPERPARAMETER,,,,,,,,,,,,,,,,,,,,
2118,XGBClassifier_DEMV_HYPERPARAMETER,1.0,0.0,,,,,1.0,,,0.0,202.0,1.0,0.0,,,,,,,
1586,XGBClassifier_DEMV_HYPERPARAMETER,,,,,,,,,,,,,,,,,,,,
584,XGBClassifier_DEMV_HYPERPARAMETER,,,,,,,0.0,,,,,,,,,,,,,
3739,XGBClassifier_DEMV_HYPERPARAMETER,1.0,,,,0.0,,1.0,,2012.0,0.0,67.0,2.0,0.0,2.0,,,,,,
1567,XGBClassifier_DEMV_HYPERPARAMETER,1.0,0.0,0.0,,,,,,2015.0,,720.0,1.0,0.0,3.0,,,,,,
483,XGBClassifier_DEMV_HYPERPARAMETER,,1.0,,,,,,,,,,2.0,,,1.0,,,,,
3601,XGBClassifier_DEMV_HYPERPARAMETER,,,,,,1.0,1.0,,2015.0,0.0,,1.0,,2.0,,,1.0,,1.0,
381,XGBClassifier_DEMV_HYPERPARAMETER,,,,,,,1.0,,2018.0,0.0,720.0,2.0,,3.0,,,1.0,,,
802,XGBClassifier_DEMV_HYPERPARAMETER,,,,,0.0,,1.0,,2015.0,0.0,720.0,2.0,,2.0,,0.0,1.0,1.0,1.0,
1785,XGBClassifier_DEMV_HYPERPARAMETER,,,,,,,1.0,,2012.0,,,1.0,,,,,,,,
7,XGBClassifier_DEMV_HYPERPARAMETER,,,,,,,1.0,,2018.0,0.0,,1.0,,2.0,,,,,,
1889,XGBClassifier_DEMV_HYPERPARAMETER,,1.0,1.0,,1.0,,,,2019.0,,202.0,4.0,,5.0,,1.0,,,,
1181,XGBClassifier_DEMV_HYPERPARAMETER,,1.0,1.0,,,,,,,,,,,5.0,,,,1.0,,
3003,XGBClassifier_DEMV_HYPERPARAMETER,1.0,,,,,1.0,1.0,,2018.0,0.0,202.0,1.0,,2.0,,,1.0,,1.0,1.0
3867,XGBClassifier_DEMV_HYPERPARAMETER,,,,,,,1.0,,,0.0,,1.0,,,,,,,,
1822,XGBClassifier_DEMV_HYPERPARAMETER,,,,,,,,,,,,,,,,,,,,
2362,XGBClassifier_DEMV_HYPERPARAMETER,,,,,,,1.0,,2012.0,,,1.0,,,,,,,,
2817,XGBClassifier_DEMV_HYPERPARAMETER,,,,,,,,,,,,,,,,,,,,
4587,XGBClassifier_DEMV_HYPERPARAMETER,0.0,1.0,1.0,1.0,1.0,,,,2021.0,,67.0,,,5.0,,1.0,,,,0.0
3188,XGBClassifier_DEMV_HYPERPARAMETER,1.0,,,,,1.0,1.0,,2018.0,0.0,720.0,1.0,,2.0,,,1.0,,1.0,1.0
3575,XGBClassifier_DEMV_HYPERPARAMETER,,,,,,,,,,,,,,,,,,,,
1083,XGBClassifier_DEMV_HYPERPARAMETER,1.0,0.0,,1.0,,1.0,1.0,,2015.0,,67.0,,,2.0,,,1.0,,1.0,1.0
2415,XGBClassifier_DEMV_HYPERPARAMETER,,,,,,,,,,,,,,,,,,,,
2963,XGBClassifier_DEMV_HYPERPARAMETER,,,,,,,,,,,,,,,,,,,,
3912,XGBClassifier_DEMV_HYPERPARAMETER,,,,,,,1.0,,2012.0,0.0,720.0,1.0,0.0,,,,,,,
2196,XGBClassifier_DEMV_HYPERPARAMETER,1.0,0.0,,,,,1.0,,2012.0,0.0,,1.0,0.0,,,,,,,
1050,XGBClassifier_DEMV_HYPERPARAMETER,,,,,,,1.0,,,0.0,,1.0,,,,,,,,
3215,XGBClassifier_DEMV_HYPERPARAMETER,1.0,0.0,,,,,1.0,,2018.0,0.0,67.0,,0.0,,,,1.0,,1.0,
1125,XGBClassifier_DEMV_HYPERPARAMETER,,,,,,,,,,,720.0,,,,,,,,,
3974,XGBClassifier_DEMV_HYPERPARAMETER,1.0,,,1.0,0.0,1.0,1.0,,2018.0,,202.0,2.0,,2.0,0.0,,1.0,,1.0,1.0
1160,XGBClassifier_DEMV_HYPERPARAMETER,1.0,,,,0.0,,1.0,,2015.0,0.0,,2.0,0.0,2.0,,,,,,
2279,XGBClassifier_DEMV_HYPERPARAMETER,1.0,,0.0,,,,,,2018.0,,202.0,1.0,0.0,,,,1.0,0.0,,1.0
2919,XGBClassifier_DEMV_HYPERPARAMETER,,,,,,,1.0,,,,,,,,,,,,,
4158,XGBClassifier_DEMV_HYPERPARAMETER,,1.0,,,,,,,,1.0,,5.0,,,,1.0,,1.0,,
2731,XGBClassifier_DEMV_HYPERPARAMETER,,,,,,,1.0,,2012.0,,,1.0,,,,,,,,
4862,XGBClassifier_DEMV_HYPERPARAMETER,,,,,,,1.0,,,,,1.0,,,,,,,,
1987,XGBClassifier_DEMV_HYPERPARAMETER,1.0,,,,0.0,,1.0,,2015.0,0.0,202.0,2.0,0.0,2.0,,,,,,
156,XGBClassifier_DEMV_HYPERPARAMETER,1.0,,,,0.0,,1.0,,2015.0,0.0,,2.0,,2.0,,,1.0,,1.0,
2844,XGBClassifier_DEMV_HYPERPARAMETER,,,,,,,,,2012.0,0.0,720.0,2.0,,2.0,,,,,,
3420,XGBClassifier_DEMV_HYPERPARAMETER,,,,,,,,,,,,,,,,,,,,
4228,XGBClassifier_DEMV_HYPERPARAMETER,,,,,,,,,,,,,,,,,,,,
2914,XGBClassifier_DEMV_HYPERPARAMETER,,,,,,,1.0,,2015.0,0.0,,1.0,,,,,,,,
3385,XGBClassifier_DEMV_HYPERPARAMETER,,,,,,,,,,,,2.0,0.0,5.0,,,,,,
619,XGBClassifier_DEMV_HYPERPARAMETER,1.0,,,,,,1.0,,2018.0,,67.0,2.0,,2.0,,,1.0,,1.0,
258,XGBClassifier_DEMV_HYPERPARAMETER,,,,,,,,,,,720.0,,,,,,,,,
2991,XGBClassifier_DEMV_HYPERPARAMETER,,,,,,,1.0,,2012.0,0.0,,2.0,,,,,,,,
4542,XGBClassifier_DEMV_HYPERPARAMETER,1.0,,,,,,,,2012.0,,720.0,1.0,,,,,,,,
3871,XGBClassifier_DEMV_HYPERPARAMETER,,,,,,,1.0,,2012.0,,,,,,,,,,,
4765,XGBClassifier_DEMV_HYPERPARAMETER,,,,,,,1.0,,2012.0,0.0,67.0,1.0,,,,,,,,
2999,XGBClassifier_DEMV_HYPERPARAMETER,1.0,,0.0,1.0,,1.0,1.0,,2018.0,0.0,720.0,1.0,,2.0,0.0,,1.0,,1.0,1.0
405,XGBClassifier_DEMV_HYPERPARAMETER,,,,,,,1.0,,2012.0,,,,,,,,,,,
1279,XGBClassifier_DEMV_HYPERPARAMETER,1.0,0.0,,,,,,,2012.0,,720.0,1.0,,,,,,,,
3166,XGBClassifier_DEMV_HYPERPARAMETER,1.0,0.0,,,,,,,2012.0,,67.0,1.0,,,,,,,,
3040,XGBClassifier_DEMV_HYPERPARAMETER,,,0.0,,,,,,2012.0,0.0,720.0,2.0,,2.0,,,,,,
1436,XGBClassifier_DEMV_HYPERPARAMETER,,,,,,,,,,,,,,,,,,,,
4902,XGBClassifier_DEMV_HYPERPARAMETER,1.0,,,,,,1.0,,2015.0,0.0,,1.0,,2.0,,,,,,
1592,XGBClassifier_DEMV_HYPERPARAMETER,,,,,,,,,,,,,,,,1.0,,,,
4594,XGBClassifier_DEMV_HYPERPARAMETER,1.0,0.0,,,,,1.0,,2015.0,,720.0,1.0,0.0,,,,,,,
3021,XGBClassifier_DEMV_HYPERPARAMETER,,,,,,,1.0,,2018.0,0.0,720.0,2.0,0.0,,,,1.0,,,
1422,XGBClassifier_DEMV_HYPERPARAMETER,0.0,1.0,,,,,,,2019.0,,109.0,4.0,0.0,5.0,,1.0,,,,
4850,XGBClassifier_DEMV_HYPERPARAMETER,,,,,,,1.0,,2012.0,,,1.0,,,,,,,,
2801,XGBClassifier_DEMV_HYPERPARAMETER,,,,,,,,,,,,,,,,,,,,
3480,XGBClassifier_DEMV_HYPERPARAMETER,,,,,,,1.0,,2012.0,0.0,720.0,2.0,,3.0,,,,,,
265,XGBClassifier_DEMV_HYPERPARAMETER,0.0,,1.0,,,,,,2019.0,,,4.0,,5.0,,,,,,
4133,XGBClassifier_DEMV_HYPERPARAMETER,1.0,0.0,,,,1.0,1.0,,2015.0,,202.0,2.0,,2.0,0.0,,1.0,,1.0,
4715,XGBClassifier_DEMV_HYPERPARAMETER,1.0,,,,0.0,1.0,1.0,,2018.0,0.0,720.0,2.0,0.0,,,,1.0,,1.0,
2867,XGBClassifier_DEMV_HYPERPARAMETER,,,,,,,,,,,,1.0,,,,,,,,
3252,XGBClassifier_DEMV_HYPERPARAMETER,,1.0,,,,,,,2019.0,1.0,,,,,,,,,,
3997,XGBClassifier_DEMV_HYPERPARAMETER,,,,,,,1.0,,2012.0,0.0,,1.0,,,,,,,,
3824,XGBClassifier_DEMV_HYPERPARAMETER,0.0,,,,,,,,,,,,,,,,,,,
3134,XGBClassifier_DEMV_HYPERPARAMETER,0.0,,,,,,,,2019.0,,109.0,,,5.0,1.0,,,,,
17,XGBClassifier_DEMV_HYPERPARAMETER,,,,,,,,,2021.0,,,,,,,,,,,
4796,XGBClassifier_DEMV_HYPERPARAMETER,1.0,0.0,,,,,,,2012.0,,720.0,1.0,,,,,,,,
3268,XGBClassifier_DEMV_HYPERPARAMETER,,,,,,,1.0,,2015.0,,67.0,1.0,,,,,,,,
744,XGBClassifier_DEMV_HYPERPARAMETER,,,,,,,1.0,,2015.0,0.0,,1.0,,,,,,,,
3446,XGBClassifier_DEMV_HYPERPARAMETER,,,,,,,1.0,,2012.0,0.0,720.0,1.0,,2.0,,,,,,
969,XGBClassifier_DEMV_HYPERPARAMETER,1.0,,,,0.0,1.0,1.0,,2015.0,0.0,,1.0,1.0,2.0,,,1.0,,1.0,
1825,XGBClassifier_DEMV_HYPERPARAMETER,1.0,0.0,,,,,,,2015.0,,,1.0,,,,,,,,
3680,XGBClassifier_DEMV_HYPERPARAMETER,,,,,,,,,,,,2.0,,5.0,,,,,,
1655,XGBClassifier_DEMV_HYPERPARAMETER,,1.0,1.0,,,,,,2019.0,,,,,3.0,,1.0,,,,
1346,XGBClassifier_DEMV_HYPERPARAMETER,1.0,,0.0,,,,1.0,,2015.0,0.0,720.0,1.0,0.0,,,,,,,
2321,XGBClassifier_DEMV_HYPERPARAMETER,1.0,,,,,,1.0,,2015.0,0.0,720.0,2.0,,2.0,,,1.0,,,
1141,XGBClassifier_DEMV_HYPERPARAMETER,,,,,,,,,,,,,,,,,,,,
3783,XGBClassifier_DEMV_HYPERPARAMETER,,1.0,1.0,,,,,,,,,,,5.0,,,,,,
683,XGBClassifier_DEMV_HYPERPARAMETER,,,,,,,,,,,,,,,,,,,,
976,XGBClassifier_DEMV_HYPERPARAMETER,0.0,1.0,1.0,,1.0,,,,2019.0,,67.0,,,,1.0,,,,,
2652,XGBClassifier_DEMV_HYPERPARAMETER,,,,,,,,,,,,,,,,,,,,
3261,XGBClassifier_DEMV_HYPERPARAMETER,,1.0,,,,,,,2019.0,,,,,,1.0,,,,,
3131,XGBClassifier_DEMV_HYPERPARAMETER,0.0,1.0,1.0,,,,,,,,67.0,,,5.0,,1.0,,,,
3336,XGBClassifier_DEMV_HYPERPARAMETER,,,0.0,,,,,,2015.0,0.0,720.0,1.0,,,,,,,,
3426,XGBClassifier_DEMV_HYPERPARAMETER,,,,,,,,,2019.0,,,,,,,,,,,
2285,XGBClassifier_DEMV_HYPERPARAMETER,1.0,0.0,,,,,1.0,,2015.0,0.0,720.0,1.0,0.0,,,,1.0,,,
2404,XGBClassifier_DEMV_HYPERPARAMETER,1.0,,,,0.0,1.0,1.0,,2015.0,0.0,720.0,2.0,0.0,,,0.0,1.0,,1.0,
24,XGBClassifier_DEMV_HYPERPARAMETER,,,,,,,,,,,,,,,,,,,,
4562,XGBClassifier_DEMV_HYPERPARAMETER,1.0,,,,,,1.0,,2018.0,0.0,,1.0,,2.0,,,1.0,,,
3231,XGBClassifier_DEMV_HYPERPARAMETER,,1.0,,,,,,,,,,,,3.0,,1.0,,,,
