id,algorithm,stage,intervention,process,accuracy,recall,selection_rate,sensitivity,specificity,precision,num_positives,error_rate,error_rate_difference,error_rate_ratio,false_discovery_rate,false_discovery_rate_difference,false_discovery_rate_ratio,false_negative_rate,false_negative_rate_difference,false_negative_rate_ratio,false_omission_rate,false_omission_rate_difference,false_omission_rate_ratio,false_positive_rate,false_positive_rate_difference,false_positive_rate_ratio,generalized_entropy_index,generalized_false_negative_rate,generalized_false_positive_rate,generalized_true_negative_rate,generalized_true_positive_rate,negative_predictive_value,num_false_negatives,num_false_positives,num_generalized_false_negatives,num_generalized_false_positives,num_generalized_true_negatives,num_pred_negatives,num_pred_positives,num_true_negatives,num_true_positives,positive_predictive_value,average_abs_odds_difference,average_odds_difference,between_all_groups_coefficient_of_variation,between_all_groups_generalized_entropy_index,between_all_groups_theil_index,between_group_coefficient_of_variation,between_group_generalized_entropy_index,between_group_theil_index,coefficient_of_variation,differential_fairness_bias_amplification,disparate_impact,equal_opportunity_difference,equalized_odds_difference,average_predictive_value_difference,statistical_parity_difference,theil_index,true_negative_rate,true_positive_rate,true_positive_rate_difference,base_rate,consistency,num_negatives,mean_difference,smoothed_empirical_differential_fairness,f1_score,matthews_corrcoef,zero_one_loss,roc_auc_score,balanced_accuracy,fair_utility,log_likelihood,disparate_mistreatment,h_mean_fairness,h_mean_performance,h_mean_mixed,Total_real_time,Total_CPU_usage (%),Total_GPU_usage (%),Total_CPU_time (s),Total_GPU_time (s),Energy_consumption (Ws),CO2_emissions (gCO2e)
9339bc8c-1d02-4933-98a7-8d7510f4fa24,XGBClassifier,BASE_LINE,SMOTE,SMOTE,0.6801537527817115,0.4236559139784946,0.2767550070807202,0.4236559139784946,0.7810033821871477,0.43201754385964913,1395.0,0.31984624721828847,-0.05967583521996089,0.8164509805452943,0.5679824561403509,0.08711180124223605,1.1547586206896552,0.5763440860215053,0.1277319897227135,1.2249118683901292,0.2248951048951049,-0.05068478603374227,0.7795896737073208,0.21899661781285232,-0.07562565891578094,0.6658910544727636,0.16166954717198484,0.5763440860215053,0.21899661781285232,0.7810033821871477,0.4236559139784946,0.7751048951048951,804.0,777.0,804.0,777.0,2771.0,3575.0,1368.0,2771.0,591.0,0.43201754385964913,0.10167882431924719,-0.10167882431924719,0.006888121945237499,2.372311196623121e-05,2.388284445912527e-05,0.006888121945237499,2.372311196623121e-05,2.388284445912527e-05,0.5686291360315348,0.12737725681272516,0.6404480009096465,-0.12773198972271343,0.12773198972271343,-0.06889829363798916,-0.10277473919848543,0.2245884547020255,0.7810033821871477,0.4236559139784946,-0.12773198972271343,0.28221727695731336,[0.69637872],3548.0,-0.07864367977199993,0.3144314765409748,0.42779587404994573,0.2058871841047782,0.31984624721828847,0.6023296480828211,0.6023296480828212,0.6635738185525084,-18228964.705751345,-0.052106330806932555,0.7566529221269013,0.4277958740499457,0.5178175759343224,,,,,,,
9339bc8c-1d02-4933-98a7-8d7510f4fa24,XGBClassifier,BASE_LINE,ROS,ROS,0.662553105401578,0.582078853046595,0.38377503540360103,0.582078853046595,0.6941939120631342,0.4280442804428044,1395.0,0.33744689459842203,-0.07396291342029593,0.784982652985901,0.5719557195571956,0.06127434613244298,1.1077397260273973,0.41792114695340504,0.1926073609396376,1.475317028985507,0.19139855548260012,-0.03170112154999327,0.8373516320474778,0.30580608793686587,-0.13646717072309927,0.5723049434187016,0.13479683722608837,0.41792114695340504,0.30580608793686587,0.6941939120631342,0.582078853046595,0.8086014445173999,583.0,1085.0,583.0,1085.0,2463.0,3046.0,1897.0,2463.0,812.0,0.4280442804428044,0.16453726583136843,-0.16453726583136843,0.023535744891652114,0.0002769656438024643,0.0002835183194536903,0.023535744891652114,0.0002769656438024643,0.0002835183194536903,0.5192241081191982,0.2383947732408942,0.5738014921894997,-0.1926073609396376,0.1926073609396376,-0.046487733841218126,-0.1699686459244272,0.17951515210244784,0.6941939120631342,0.582078853046595,-0.1926073609396376,0.28221727695731336,[0.69637872],3548.0,-0.07864367977199993,0.3144314765409748,0.4933171324422843,0.25569272337349,0.33744689459842203,0.6381363825548646,0.6381363825548646,0.7431335981679622,-19237406.10752438,-0.05614019021653832,0.6894657959439661,0.49331713244228426,0.556664100467965,,,,,,,
9339bc8c-1d02-4933-98a7-8d7510f4fa24,DecisionTreeClassifier,BASE_LINE,ROS,HYPERPARAMETER,0.6732753388630386,0.5240143369175627,0.34027918268258145,0.5240143369175627,0.7319616685456595,0.4346016646848989,1395.0,0.3267246611369614,0.008086345081716684,1.024803996554265,0.5653983353151011,0.12832552239331907,1.231589825119237,0.4759856630824373,0.014072875304481314,1.0296235161902088,0.20361852192578964,-0.05256791181360518,0.747606084151802,0.2680383314543405,0.027377413385096416,1.103164535379369,0.14441934858826674,0.4759856630824373,0.2680383314543405,0.7319616685456595,0.5240143369175627,0.7963814780742103,664.0,951.0,664.0,951.0,2597.0,3261.0,1682.0,2597.0,731.0,0.4346016646848989,0.02072514434478881,0.006652269040307607,0.02062796183450402,0.00021275640472287726,0.00020865097661991474,0.02062796183450402,0.00021275640472287726,0.00020865097661991474,0.5374371564904435,-0.3102246730381406,0.9948236613869007,-0.014072875304481203,0.027377413385096416,-0.0904467171034621,-0.0017622067093862048,0.19563877334646412,0.7319616685456595,0.5240143369175627,-0.014072875304481203,0.28221727695731336,[0.69637872],3548.0,-0.07864367977199993,0.3144314765409748,0.47513812154696133,0.2431586770255547,0.3267246611369614,0.6279880027316112,0.6279880027316112,0.6238104575833551,-18491466.569634058,0.013304538080615103,0.9835978632163872,0.4751381215469613,0.5989957385069675,,,,,,,
9339bc8c-1d02-4933-98a7-8d7510f4fa24,XGBClassifier,BASE_LINE,ROS,HYPERPARAMETER,0.6556746914829051,0.6523297491039427,0.43030548250050576,0.6523297491039427,0.656989853438557,0.42783262811471556,1395.0,0.34432530851709486,-0.07648789663616573,0.7821400365091259,0.5721673718852844,0.06305023666595089,1.1108039376538146,0.34767025089605735,0.24454436250792488,1.7375956119162643,0.17223011363636365,-0.01372221242865046,0.921065514154638,0.3430101465614431,-0.16483550294787042,0.5408972904851922,0.12229481651109071,0.34767025089605735,0.3430101465614431,0.656989853438557,0.6523297491039427,0.8277698863636364,485.0,1217.0,485.0,1217.0,2331.0,2816.0,2127.0,2331.0,910.0,0.42783262811471556,0.20468993272789765,-0.20468993272789765,0.031479003284850295,0.0004954638239038078,0.0005113589115296015,0.031479003284850295,0.0004954638239038078,0.0005113589115296015,0.49456003985581104,0.2978505150761688,0.5408157141773393,-0.24454436250792488,0.24454436250792488,-0.0383862245473007,-0.20595016459112236,0.15919178064597372,0.656989853438557,0.6523297491039427,-0.24454436250792488,0.28221727695731336,[0.69637872],3548.0,-0.07864367977199993,0.3144314765409748,0.5167518455423055,0.28118120169617905,0.34432530851709486,0.6546598012712499,0.6546598012712499,0.7886620719531209,-18085561.087412905,-0.07970885956005447,0.6565066564805152,0.5167518455423055,0.56484907329647,,,,,,,
9339bc8c-1d02-4933-98a7-8d7510f4fa24,XGBClassifier,BASE_LINE,RUS,RUS,0.6368602063524176,0.6415770609318996,0.4430507788792231,0.6415770609318996,0.6350056369785795,0.408675799086758,1395.0,0.3631397936475824,-0.06198346268032151,0.8318497996161778,0.591324200913242,0.060484980193662,1.1029702738459017,0.35842293906810035,0.10502519269912242,1.2987943801025252,0.18162005085361424,-0.043957468522017346,0.7640885204648065,0.3649943630214205,-0.10891872203142888,0.7100027708506511,0.12514425364781473,0.35842293906810035,0.3649943630214205,0.6350056369785795,0.6415770609318996,0.8183799491463858,500.0,1295.0,500.0,1295.0,2253.0,2753.0,2190.0,2253.0,895.0,0.408675799086758,0.10697195736527568,-0.10697195736527568,0.012452383922633405,7.753093267832945e-05,7.848341118448505e-05,0.012452383922633405,7.753093267832945e-05,7.848341118448505e-05,0.5002884241071639,0.01992150842304341,0.7149376072654463,-0.10502519269912247,0.10891872203142888,-0.05222122435783967,-0.12956231254335687,0.1637322635851435,0.6350056369785795,0.6415770609318996,-0.10502519269912247,0.28221727695731336,[0.69637872],3548.0,-0.07864367977199993,0.3144314765409748,0.499302649930265,0.25059866604274933,0.3631397936475824,0.6382913489552395,0.6382913489552395,0.7065706239223037,-19922446.891973328,0.003893529332306467,0.7933499694271123,0.4993026499302651,0.5862121430776358,,,,,,,
9339bc8c-1d02-4933-98a7-8d7510f4fa24,ExtraTreesClassifier,BASE_LINE,RUS,RUS,0.6123811450536112,0.5827956989247312,0.43435160833501923,0.5827956989247312,0.6240135287485907,0.3786679087098277,1395.0,0.3876188549463888,-0.08632629161626348,0.7815910892628393,0.6213320912901723,0.038028833932527095,1.061445302415096,0.4172043010752688,0.07700457139043682,1.1868472188486763,0.20815450643776823,-0.06514423076923079,0.6972067039106145,0.37598647125140927,-0.1275163230123933,0.6716762197679295,0.13728728664686685,0.4172043010752688,0.37598647125140927,0.6240135287485907,0.5827956989247312,0.7918454935622318,582.0,1334.0,582.0,1334.0,2214.0,2796.0,2147.0,2214.0,813.0,0.3786679087098277,0.102260447201415,-0.102260447201415,0.013287690087806711,8.828135393479836e-05,8.944027030637677e-05,0.013287690087806711,8.828135393479836e-05,8.944027030637677e-05,0.5239986386372905,0.03691522037552564,0.7028040575156256,-0.0770045713904367,0.1275163230123933,-0.05158653235087894,-0.13257075996306983,0.18311020752821128,0.6240135287485907,0.5827956989247312,-0.0770045713904367,0.28221727695731336,[0.69637872],3548.0,-0.07864367977199993,0.3144314765409748,0.4590626764539808,0.18778643463209763,0.3876188549463888,0.6034046138366609,0.6034046138366609,0.665109039490995,-45965645.841179796,0.05051175162195648,0.7785054817257377,0.45906267645398074,0.5492042951461941,,,,,,,
9339bc8c-1d02-4933-98a7-8d7510f4fa24,DecisionTreeClassifier,BASE_LINE,RUS,HYPERPARAMETER,0.6150111268460449,0.6903225806451613,0.49241351406028727,0.6903225806451613,0.5854002254791432,0.39564502875924407,1395.0,0.38498887315395514,-0.02570536513227728,0.9336227075724691,0.604354971240756,0.0678294573643411,1.1132686084142396,0.3096774193548387,-0.028979945944142327,0.9069929321053758,0.17218015145476284,-0.07006801467199969,0.6082404105777357,0.41459977452085683,-0.0354368866144511,0.9152320031171868,0.11634994138774284,0.3096774193548387,0.41459977452085683,0.5854002254791432,0.6903225806451613,0.8278198485452372,432.0,1471.0,432.0,1471.0,2077.0,2509.0,2434.0,2077.0,963.0,0.39564502875924407,0.03220841627929666,-0.003228470335154443,0.008328899871615265,3.4685286535696385e-05,3.4409769387123214e-05,0.008328899871615265,3.4685286535696385e-05,3.4409769387123214e-05,0.4823897623037679,-0.22372126610951926,0.9130680399372859,0.028979945944142216,0.0354368866144511,-0.06894873601817039,-0.0431380077008941,0.15011332921692544,0.5854002254791432,0.6903225806451613,0.028979945944142216,0.28221727695731336,[0.69637872],3548.0,-0.07864367977199993,0.3144314765409748,0.5030033951423348,0.24822240640323942,0.38498887315395514,0.6378614030621522,0.6378614030621522,0.6399207196798783,-18453978.387733683,0.006456940670308775,0.9381094362182453,0.5030033951423348,0.6175796353097918,,,,,,,
9339bc8c-1d02-4933-98a7-8d7510f4fa24,XGBClassifier,BASE_LINE,RUS,HYPERPARAMETER,0.6435363139793647,0.6544802867383512,0.44365769775440017,0.6544802867383512,0.6392333709131905,0.4163246694026448,1395.0,0.3564636860206353,-0.08227270834412492,0.7738127981704533,0.5836753305973552,0.05155377698730301,1.0887443126249097,0.34551971326164876,0.20029864192999436,1.6027462596646251,0.17527272727272727,-0.025064300411522633,0.8593389145496536,0.36076662908680945,-0.16202925699186002,0.5696685653856322,0.12246643042019292,0.34551971326164876,0.36076662908680945,0.6392333709131905,0.6544802867383512,0.8247272727272728,482.0,1280.0,482.0,1280.0,2268.0,2750.0,2193.0,2268.0,913.0,0.4163246694026448,0.18116394946092718,-0.18116394946092718,0.027947954089404835,0.00039054406889174023,0.00040159971687016006,0.027947954089404835,0.00039054406889174023,0.00040159971687016006,0.494906921390665,0.2264011406314177,0.5811232655652704,-0.2002986419299943,0.2002986419299943,-0.038309038699412795,-0.19298448750255187,0.15942398782029446,0.6392333709131905,0.6544802867383512,-0.2002986419299943,0.28221727695731336,[0.69637872],3548.0,-0.07864367977199993,0.3144314765409748,0.5089186176142698,0.2660831591946132,0.3564636860206353,0.6468568288257709,0.6468568288257709,0.7640439666716184,-18166444.191580143,-0.03826938493813434,0.6863030802512973,0.5089186176142698,0.5676002517470664,,,,,,,
9339bc8c-1d02-4933-98a7-8d7510f4fa24,XGBClassifier,BASE_LINE,FAIR_PCA,ROS,0.6346348371434352,0.5663082437275986,0.40279182682581427,0.5663082437275986,0.661499436302142,0.39678553490708185,1395.0,0.36536516285656484,-0.04434260548609992,0.8799232089420876,0.6032144650929181,0.10493373879088419,1.1758629177042916,0.4336917562724014,0.1757232473556008,1.416304347826087,0.20494579945799457,-0.03269342753753901,0.8431309904153356,0.33850056369785797,-0.09562502545168255,0.7250565919912575,0.13969518314242443,0.4336917562724014,0.33850056369785797,0.661499436302142,0.5663082437275986,0.7950542005420054,605.0,1201.0,605.0,1201.0,2347.0,2952.0,1991.0,2347.0,790.0,0.39678553490708185,0.13567413640364165,-0.13567413640364165,0.01315849007293501,8.65729304997646e-05,8.769812602754273e-05,0.01315849007293501,8.65729304997646e-05,8.769812602754273e-05,0.5285738986034487,0.06245061224703308,0.6848368446791742,-0.17572324735560074,0.17572324735560074,-0.06881358316421154,-0.13058357988992053,0.1867433131371861,0.661499436302142,0.5663082437275986,-0.17572324735560074,0.28221727695731336,[0.69617641],3548.0,-0.07864367977199993,0.3144314765409748,0.4666272888363851,0.2090515847109889,0.36536516285656484,0.6139038400148703,0.6139038400148703,0.6971947133437671,-18681265.78486507,-0.08009822190391824,0.7794421064368133,0.46662728883638516,0.5558611698505065,,,,,,,
9339bc8c-1d02-4933-98a7-8d7510f4fa24,XGBClassifier,BASE_LINE,FAIR_PCA,HYPERPARAMETER_ROS,0.6229010722233461,0.6078853046594982,0.43799312158608134,0.6078853046594982,0.62880496054115,0.39168591224018473,1395.0,0.3770989277766539,-0.1099297047110337,0.7158099544303398,0.6083140877598152,0.05694832326643717,1.0939783140708454,0.3921146953405018,0.3016950849210851,1.8105333930972658,0.1969042476601872,-0.021427557826025262,0.8926413082118735,0.3711950394588501,-0.2217422977552747,0.43542084283772264,0.13206621936286084,0.3921146953405018,0.3711950394588501,0.62880496054115,0.6078853046594982,0.8030957523398128,547.0,1317.0,547.0,1317.0,2231.0,2778.0,2165.0,2231.0,848.0,0.39168591224018473,0.26171869133817993,-0.26171869133817993,0.04382289877422065,0.0009602232284877948,0.0010040568604925183,0.04382289877422065,0.0009602232284877948,0.0010040568604925183,0.513938166247382,0.4986008489348215,0.4420510310710176,-0.3016950849210851,0.3016950849210851,-0.03918794054623122,-0.2570577140471743,0.17480625253364246,0.62880496054115,0.6078853046594982,-0.3016950849210851,0.28221727695731336,[0.69617641],3548.0,-0.07864367977199993,0.3144314765409748,0.4764044943820225,0.21471591428132036,0.3770989277766539,0.618345132600324,0.6183451326003241,0.7801776114998142,-17852966.240639575,-0.07995278716581039,0.5638402976621614,0.4764044943820225,0.5079094967949479,,,,,,,
9339bc8c-1d02-4933-98a7-8d7510f4fa24,XGBClassifier,BASE_LINE,FAIR_PCA,RUS,0.6119765324701598,0.6157706093189964,0.4533683997572325,0.6157706093189964,0.6104847801578354,0.38331102186523874,1395.0,0.3880234675298402,-0.0541368183383254,0.862180506535314,0.6166889781347613,0.10477353059067884,1.1715879930775197,0.3842293906810036,0.2286779672328072,1.619474825996565,0.19837157660991858,-0.02168197860635282,0.8920408757542307,0.3895152198421646,-0.13286999959277307,0.6698350591965461,0.1307713913853272,0.3842293906810036,0.3895152198421646,0.6104847801578354,0.6157706093189964,0.8016284233900814,536.0,1382.0,536.0,1382.0,2166.0,2702.0,2241.0,2166.0,859.0,0.38331102186523874,0.18077398341279013,-0.18077398341279013,0.022388058298985172,0.00025061257719937943,0.0002562415818588686,0.022388058298985172,0.00025061257719937943,0.0002562415818588686,0.5114125367750134,0.13818105875607323,0.6349870515887683,-0.2286779672328072,0.2286779672328072,-0.06322775459851586,-0.17100362496584776,0.17296101347872134,0.6104847801578354,0.6157706093189964,-0.2286779672328072,0.28221727695731336,[0.69617641],3548.0,-0.07864367977199993,0.3144314765409748,0.4724972497249725,0.20455695103288882,0.3880234675298402,0.613127694738416,0.6131276947384159,0.7239652304569806,-18999020.270034764,-0.09580796764003413,0.7331203937417528,0.4724972497249725,0.5508240875693228,,,,,,,
9339bc8c-1d02-4933-98a7-8d7510f4fa24,DecisionTreeClassifier,BASE_LINE,FAIR_PCA,HYPERPARAMETER_RUS,0.6811652842403398,0.43154121863799283,0.2801942140400566,0.43154121863799283,0.7793122886133033,0.43465703971119135,1395.0,0.31883471575966016,-0.06358671529747772,0.8040206982691965,0.5653429602888087,0.06670605295665721,1.1188630490956073,0.5684587813620071,0.08962594681170544,1.1593214306898392,0.2228780213603148,-0.057622348548447694,0.7478923986427397,0.22068771138669674,-0.07107738668910937,0.6877079978529255,0.1600622885485697,0.5684587813620071,0.22068771138669674,0.7793122886133033,0.43154121863799283,0.7771219786396852,793.0,783.0,793.0,783.0,2765.0,3558.0,1385.0,2765.0,602.0,0.43465703971119135,0.0803516667504074,-0.0803516667504074,0.003653146217092655,6.672738641729187e-06,6.6964406768954025e-06,0.003653146217092655,6.672738641729187e-06,6.6964406768954025e-06,0.5657955258723237,0.06399085128853432,0.6826515027401822,-0.08962594681170544,0.08962594681170544,-0.062164200752552426,-0.09148595160685827,0.22206737535253862,0.7793122886133033,0.43154121863799283,-0.08962594681170544,0.28221727695731336,[0.69617641],3548.0,-0.07864367977199993,0.3144314765409748,0.4330935251798561,0.21131575611278708,0.31883471575966016,0.605426753625648,0.605426753625648,0.6540738023747571,-18155494.234435696,-0.018548560122596064,0.7869702194769181,0.4330935251798561,0.5280777610736941,,,,,,,
9339bc8c-1d02-4933-98a7-8d7510f4fa24,XGBClassifier,BASE_LINE,FAIR_PCA,HYPERPARAMETER_RUS,0.6107626947198058,0.6043010752688172,0.44810843617236495,0.6043010752688172,0.6133032694475761,0.3805869074492099,1395.0,0.3892373052801942,-0.10065298137951839,0.7471893343945876,0.61941309255079,0.09088349136783469,1.147624829513323,0.3956989247311828,0.33276886115652843,1.8903446120882064,0.20234604105571846,-0.015958449646347628,0.9219117340713626,0.38669673055242393,-0.21964915138434526,0.4617167315347682,0.13305261694892612,0.3956989247311828,0.38669673055242393,0.6133032694475761,0.6043010752688172,0.7976539589442815,552.0,1372.0,552.0,1372.0,2176.0,2728.0,2215.0,2176.0,843.0,0.3805869074492099,0.2762090062704369,-0.2762090062704369,0.04431087821713435,0.0009817269641868556,0.0010270811142404405,0.04431087821713435,0.0009817269641868556,0.0010270811142404405,0.515853888129044,0.4880127163797695,0.4468354116567915,-0.33276886115652843,0.33276886115652843,-0.05342097050709113,-0.26062326255051743,0.1765499834487226,0.6133032694475761,0.6043010752688172,-0.33276886115652843,0.28221727695731336,[0.69617641],3548.0,-0.07864367977199993,0.3144314765409748,0.46703601108033244,0.196941582539691,0.3892373052801942,0.6088021723581967,0.6088021723581967,0.7769588154005374,-17902621.307800572,-0.11311970977218316,0.568272973656812,0.4670360110803324,0.5028702370445987,,,,,,,
9339bc8c-1d02-4933-98a7-8d7510f4fa24,XGBClassifier,PREPROCESSING,DEMV,DEMV,0.6868298604086587,0.4759856630824373,0.29961561804572123,0.4759856630824373,0.7697294250281849,0.4483457123565159,1395.0,0.3131701395913413,0.027975920232469087,1.0900424975482184,0.5516542876434841,0.2101348836612379,1.3924240245422297,0.5240143369175627,0.1721195235076246,1.3357361364228066,0.21114962449451186,-0.017760186685629786,0.91654307484103,0.2302705749718151,0.01784106385770587,1.0780668408964917,0.1511291775548312,0.5240143369175627,0.2302705749718151,0.7697294250281849,0.4759856630824373,0.7888503755054882,731.0,817.0,731.0,817.0,2731.0,3462.0,1481.0,2731.0,664.0,0.4483457123565159,0.09498029368266521,-0.07713922982495934,0.010084222122653835,5.0845767909510514e-05,5.035812602874464e-05,0.010084222122653835,5.0845767909510514e-05,5.035812602874464e-05,0.5497802789384705,-0.16543487755333497,0.8598963137304793,-0.17211952350762455,0.17211952350762455,-0.11394753517343387,-0.04250371485362514,0.2079655330576335,0.7697294250281849,0.4759856630824373,-0.17211952350762455,0.28221727695731336,[0.69637872],3548.0,-0.07864367977199993,0.3144314765409748,0.4617524339360223,0.24141801429990098,0.3131701395913413,0.622857544055311,0.622857544055311,0.6709042952944034,-18596365.063869283,-0.15427845964991874,0.9169701600910606,0.4617524339360222,0.5761640467271644,,,,,,,
9339bc8c-1d02-4933-98a7-8d7510f4fa24,ExtraTreesClassifier,PREPROCESSING,DEMV,DEMV,0.6548654663160024,0.44946236559139785,0.31660934655067774,0.44946236559139785,0.7356257046223225,0.40063897763578277,1395.0,0.3451345336839976,-0.03721150847941368,0.8932006005043069,0.5993610223642173,0.10097694270134339,1.1705675714314892,0.5505376344086022,0.07390136474356834,1.135433865345808,0.22735346358792186,-0.05626263598729181,0.75825266815587,0.26437429537767754,-0.039200568307791145,0.8538307097906228,0.16073006650519686,0.5505376344086022,0.26437429537767754,0.7356257046223225,0.44946236559139785,0.7726465364120781,768.0,938.0,768.0,938.0,2610.0,3378.0,1565.0,2610.0,627.0,0.40063897763578277,0.056550966525679744,-0.056550966525679744,0.00480233833582136,1.1531226745849736e-05,1.1478114719480391e-05,0.00480233833582136,1.1531226745849736e-05,1.1478114719480391e-05,0.5669745435294196,-0.10582162838478659,0.8101159620052139,-0.07390136474356834,0.07390136474356834,-0.07861978934431754,-0.06114552577240007,0.22050728207019438,0.7356257046223225,0.44946236559139785,-0.07390136474356834,0.28221727695731336,[0.69637872],3548.0,-0.07864367977199993,0.3144314765409748,0.42364864864864865,0.17908959040410777,0.3451345336839976,0.5925440351068602,0.5925440351068602,0.6260529730011795,-57744729.074620634,-0.0347007964357772,0.8790470269438364,0.42364864864864865,0.5343860970549815,16.137959241867065,331.4,0.0,178372.2094335556,0.0,743217.5393064816,64.20573742342106
9339bc8c-1d02-4933-98a7-8d7510f4fa24,GaussianNB,PREPROCESSING,FOS,FOS,0.5413716366579001,0.7304659498207885,0.5887113089217074,0.7304659498207885,0.4670236753100338,0.3501718213058419,1395.0,0.4586283633420999,-0.272163431214521,0.43615245009074405,0.6498281786941581,-0.6498281786941581,0.0,0.26953405017921145,0.7820414428242517,4.588028169014084,0.18494835218888342,0.03258145363408521,1.1830985915492958,0.5329763246899661,-0.5903840149859507,0.0,0.10682643291224692,0.26953405017921145,0.5329763246899661,0.4670236753100338,0.7304659498207885,0.8150516478111166,376.0,1891.0,376.0,1891.0,1657.0,2033.0,2910.0,1657.0,1019.0,0.3501718213058419,0.6862127289051012,-0.6862127289051012,0.12323819533638194,0.0075938263948841156,0.008738021853740934,0.12323819533638194,0.0075938263948841156,0.008738021853740934,0.4622259899924428,6.023627758416559,0.0,-0.7820414428242517,0.7820414428242517,-0.15879518383587835,-0.6458055925432756,0.13858070204412953,0.4670236753100338,0.7304659498207885,-0.7820414428242517,0.28221727695731336,[0.69637872],3548.0,-0.07864367977199993,0.3144314765409748,0.4734030197444832,0.1806375403362273,0.4586283633420999,0.5987448125654111,0.5987448125654111,1.0096111243136952,-30808084.527291264,-0.19165742783830098,1.169992225965276,0.4734030197444832,1.3489307455924828,,,,,,,
9339bc8c-1d02-4933-98a7-8d7510f4fa24,QuadraticDiscriminantAnalysis,PREPROCESSING,FOS,FOS,0.6142019016791422,0.5620071684587814,0.42079708678939914,0.5620071684587814,0.6347237880496054,0.3769230769230769,1395.0,0.38579809832085776,-0.16967765328913087,0.5766514364779493,0.6230769230769231,0.0921390411434122,1.1480985836957733,0.43799283154121865,0.5318662618038641,2.320041407867495,0.2134125043660496,-0.007817657414102064,0.963562271062271,0.3652762119503946,-0.3564592976693046,0.10871262261141092,0.14139305755717296,0.43799283154121865,0.3652762119503946,0.6347237880496054,0.5620071684587814,0.7865874956339504,611.0,1296.0,611.0,1296.0,2252.0,2863.0,2080.0,2252.0,784.0,0.3769230769230769,0.4441627797365843,-0.4441627797365843,0.08234211490626954,0.0033901119436186484,0.0037029263625627563,0.08234211490626954,0.0033901119436186484,0.0037029263625627563,0.5317763769803487,1.916565989887341,0.10516535653596479,-0.531866261803864,0.531866261803864,-0.049978349278757134,-0.40889137392198144,0.18945025882736652,0.6347237880496054,0.5620071684587814,-0.531866261803864,0.28221727695731336,[0.69637872],3548.0,-0.07864367977199993,0.3144314765409748,0.4512230215827338,0.17935325851062187,0.38579809832085776,0.5983654782541934,0.5983654782541934,0.8641371523739865,-32461618.72183385,-0.17540696413455947,0.18078707018468465,0.45122302158273386,0.28230508900690804,12.952608585357666,135.5,0.0,53289.56482381821,0.0,222039.85343257585,19.18177622709197
9339bc8c-1d02-4933-98a7-8d7510f4fa24,XGBClassifier,PREPROCESSING,FOS,FOS,0.7333603075055635,0.27885304659498206,0.14181671049969655,0.27885304659498206,0.9120631341600902,0.5549215406562055,1395.0,0.26663969249443653,-0.0766168881359306,0.7197762192041369,0.4450784593437946,-0.05439397155593295,0.8783815851922163,0.7211469534050179,0.10071240281624338,1.1409540933078035,0.23715228665723714,-0.05951660301703707,0.7549654786634769,0.08793686583990981,-0.062090341029922134,0.3392845105686359,0.16708866915427767,0.7211469534050179,0.08793686583990981,0.9120631341600902,0.27885304659498206,0.7628477133427628,1006.0,312.0,1006.0,312.0,3236.0,4242.0,701.0,3236.0,389.0,0.5549215406562055,0.08140137192308279,-0.08140137192308279,0.0021927314080859802,2.4040355140033624e-06,2.4091488591083264e-06,0.0021927314080859802,2.4040355140033624e-06,2.4091488591083264e-06,0.5780807368426623,0.5169843197206372,0.42899548114423275,-0.10071240281624344,0.10071240281624344,-0.0025613157305521134,-0.08528318712603893,0.25308304023601813,0.9120631341600902,0.27885304659498206,-0.10071240281624344,0.28221727695731336,[0.69637872],3548.0,-0.07864367977199993,0.3144314765409748,0.3711832061068702,0.2463073127921124,0.26663969249443653,0.5954580903775362,0.5954580903775362,0.6439291958569665,-17547976.192799196,-0.03862206178632125,0.5887153301450656,0.37118320610687017,0.43555942457521063,,,,,,,
9339bc8c-1d02-4933-98a7-8d7510f4fa24,ExtraTreeClassifier,PREPROCESSING,FOS,FOS,0.652033178231843,0.37921146953405016,0.2797896014566053,0.37921146953405016,0.7593010146561443,0.3825018076644975,1395.0,0.34796682176815696,-0.037808221125963715,0.8923791254620388,0.6174981923355025,0.12814645308924477,1.2105263157894735,0.6207885304659498,0.11506056258133401,1.187639440605104,0.24325842696629213,-0.052384431142077276,0.7890199006067525,0.2406989853438557,-0.041871976905708846,0.8289337474120083,0.1748282864059408,0.6207885304659498,0.2406989853438557,0.7593010146561443,0.37921146953405016,0.7567415730337078,866.0,854.0,866.0,854.0,2694.0,3560.0,1383.0,2694.0,529.0,0.3825018076644975,0.07846626974352146,-0.07846626974352146,0.0029009548521958055,4.207769527239194e-06,4.196026346351487e-06,0.0029009548521958055,4.207769527239194e-06,4.196026346351487e-06,0.5913176581262237,-0.0434918062494416,0.7605320010802052,-0.11506056258133407,0.11506056258133407,-0.09026544211566108,-0.06844979640672341,0.24252297841043133,0.7593010146561443,0.37921146953405016,-0.11506056258133407,0.28221727695731336,[0.69637872],3548.0,-0.07864367977199993,0.3144314765409748,0.380849532037437,0.13887745161670198,0.34796682176815696,0.5692562420950972,0.5692562420950973,0.6139236559405146,-333192045.177368,-0.07318858567562517,0.847971108241636,0.38084953203743704,0.4884864917153096,,,,,,,
9339bc8c-1d02-4933-98a7-8d7510f4fa24,XGBClassifier,PREPROCESSING,BAL_GAN_FAIR,BAL_GAN_FAIR,0.6868298604086587,0.4759856630824373,0.29961561804572123,0.4759856630824373,0.7697294250281849,0.4483457123565159,1395.0,0.3131701395913413,0.027975920232469087,1.0900424975482184,0.5516542876434841,0.2101348836612379,1.3924240245422297,0.5240143369175627,0.1721195235076246,1.3357361364228066,0.21114962449451186,-0.017760186685629786,0.91654307484103,0.2302705749718151,0.01784106385770587,1.0780668408964917,0.1511291775548312,0.5240143369175627,0.2302705749718151,0.7697294250281849,0.4759856630824373,0.7888503755054882,731.0,817.0,731.0,817.0,2731.0,3462.0,1481.0,2731.0,664.0,0.4483457123565159,0.09498029368266521,-0.07713922982495934,0.010084222122653835,5.0845767909510514e-05,5.035812602874464e-05,0.010084222122653835,5.0845767909510514e-05,5.035812602874464e-05,0.5497802789384705,-0.16543487755333497,0.8598963137304793,-0.17211952350762455,0.17211952350762455,-0.11394753517343387,-0.04250371485362514,0.2079655330576335,0.7697294250281849,0.4759856630824373,-0.17211952350762455,0.28221727695731336,[0.69637872],3548.0,-0.07864367977199993,0.3144314765409748,0.4617524339360223,0.24141801429990098,0.3131701395913413,0.622857544055311,0.622857544055311,0.6709042952944034,-18596365.063869283,-0.15427845964991874,0.9169701600910606,0.4617524339360222,0.5761640467271644,,,,,,,
9339bc8c-1d02-4933-98a7-8d7510f4fa24,ExtraTreesClassifier,PREPROCESSING,BAL_GAN_FAIR,BAL_GAN_FAIR,0.6548654663160024,0.44802867383512546,0.31580012138377506,0.44802867383512546,0.7361894024802705,0.40038436899423446,1395.0,0.3451345336839976,-0.04474227599915093,0.8718317255866662,0.5996156310057655,0.08489987371459495,1.143083003952569,0.5519713261648745,0.04909239547532451,1.089464882943144,0.22767593140153755,-0.0628526773028052,0.73100812231247,0.2638105975197294,-0.04178691172677787,0.8440052700922267,0.16100759175172097,0.5519713261648745,0.2638105975197294,0.7361894024802705,0.44802867383512546,0.7723240685984625,770.0,936.0,770.0,936.0,2612.0,3382.0,1561.0,2612.0,625.0,0.40038436899423446,0.04543965360105119,-0.04543965360105119,0.005739392973788898,1.6470315853788684e-05,1.637978847512511e-05,0.005739392973788898,1.6470315853788684e-05,1.637978847512511e-05,0.5674638169112124,-0.11796799440083539,0.8200480454247652,-0.04909239547532451,0.04909239547532451,-0.0738762755087001,-0.05774756465064129,0.2209463368530879,0.7361894024802705,0.44802867383512546,-0.04909239547532451,0.28221727695731336,[0.69637872],3548.0,-0.07864367977199993,0.3144314765409748,0.42286874154262516,0.17837044636588276,0.3451345336839976,0.592109038157698,0.592109038157698,0.6190142677456353,-58224575.697052024,-0.007305483748546643,0.8837630820899869,0.42286874154262516,0.5343336086168992,388.5832076072693,266.0,0.0,95480.14433653356,0.0,397833.9347355564,34.368431584099454
9339bc8c-1d02-4933-98a7-8d7510f4fa24,GaussianNB,PREPROCESSING,UNAWARENESS,FAIR_PCA,0.6611369613594983,0.45161290322580644,0.3115516892575359,0.45161290322580644,0.7435174746335964,0.4090909090909091,1395.0,0.3388630386405017,0.007322045053582249,1.0216490387214183,0.5909090909090909,0.1884389638063535,1.3263991263991262,0.5483870967741935,0.18093696820047378,1.337283075200597,0.2248016456068175,-0.024715333036919473,0.89120303325522,0.2564825253664036,-0.011194215567832705,0.9565393061045234,0.15950598089968734,0.5483870967741935,0.2564825253664036,0.7435174746335964,0.45161290322580644,0.7751983543931825,765.0,910.0,765.0,910.0,2638.0,3403.0,1540.0,2638.0,630.0,0.4090909090909091,0.09606559188415327,-0.09606559188415327,0.0042791373897057535,9.155508399988884e-06,9.117901439437268e-06,0.0042791373897057535,9.155508399988884e-06,9.117901439437268e-06,0.5648114391541434,-0.09454416799298393,0.800940953411917,-0.18093696820047384,0.18093696820047384,-0.10657714842163654,-0.06312813528059713,0.2190294063646545,0.7435174746335964,0.45161290322580644,-0.18093696820047384,0.28221727695731336,[0.69617641],3548.0,-0.07864367977199993,0.3144314765409748,0.4293015332197615,0.18963236437665865,0.3388630386405017,0.5975651889297015,0.5975651889297015,0.654970642493599,-21811342.66778056,-0.16974275263264108,0.8850135395987098,0.4293015332197615,0.54066049876724,,,,,,,
9339bc8c-1d02-4933-98a7-8d7510f4fa24,QuadraticDiscriminantAnalysis,PREPROCESSING,UNAWARENESS,FAIR_PCA,0.6672061501112685,0.45376344086021503,0.30669633825611975,0.45376344086021503,0.7511273957158963,0.4175461741424802,1395.0,0.3327938498887315,0.003938811307780843,1.0118479864838854,0.5824538258575198,0.16953728703100268,1.2976462896371364,0.546236559139785,0.13669124762254325,1.2544409937888197,0.2223519112926758,-0.032896250287554635,0.8540816326530613,0.2488726042841037,-0.0027646183152569836,0.9889034179652029,0.1582546329572311,0.546236559139785,0.2488726042841037,0.7511273957158963,0.45376344086021503,0.7776480887073242,762.0,883.0,762.0,883.0,2665.0,3427.0,1516.0,2665.0,633.0,0.4175461741424802,0.06972793296890015,-0.06972793296890015,0.008557743743272417,3.66174889877591e-05,3.631874079797564e-05,0.008557743743272417,3.66174889877591e-05,3.631874079797564e-05,0.5625915622496148,-0.14957174821218233,0.8463879184041474,-0.1366912476225433,0.1366912476225433,-0.10121676865927866,-0.04776088022986896,0.21754124728485544,0.7511273957158963,0.45376344086021503,-0.1366912476225433,0.28221727695731336,[0.69617641],3548.0,-0.07864367977199993,0.3144314765409748,0.4349020954998282,0.19998378886838253,0.3327938498887315,0.6024454182880556,0.6024454182880556,0.6444526920318663,-21873432.810424317,-0.13392662930728627,0.9156403901191954,0.4349020954998283,0.5505172284324088,,,,,,,
9339bc8c-1d02-4933-98a7-8d7510f4fa24,XGBClassifier,PREPROCESSING,UNAWARENESS,UNAWARENESS_SMOTE,0.6765122395306494,0.4222222222222222,0.2795872951648796,0.4222222222222222,0.7764937993235626,0.42619392185238786,1395.0,0.32348776046935057,-0.026016671389583745,0.9201422879554058,0.5738060781476122,0.13266728075769385,1.235099614933869,0.5777777777777777,0.10292302045446966,1.180253623188406,0.2263409154731817,-0.047408878860703496,0.7946252465483234,0.22350620067643742,-0.026038089291289396,0.8848066298342542,0.1625945385498398,0.5777777777777777,0.22350620067643742,0.7764937993235626,0.4222222222222222,0.7736590845268183,806.0,793.0,806.0,793.0,2755.0,3561.0,1382.0,2755.0,589.0,0.42619392185238786,0.0644805548728795,-0.0644805548728795,0.005822745302190023,1.695218142708799e-05,1.6857664964215132e-05,0.005822745302190023,1.695218142708799e-05,1.6857664964215132e-05,0.5702535200239273,-0.08841123270852891,0.7956430776694353,-0.1029230204544696,0.1029230204544696,-0.09003807980919867,-0.058186846726612174,0.22562156561466037,0.7764937993235626,0.4222222222222222,-0.1029230204544696,0.28221727695731336,[0.69637872],3548.0,-0.07864367977199993,0.3144314765409748,0.424198775657184,0.19928370310098165,0.32348776046935057,0.5993580107728924,0.5993580107728924,0.6380049478750338,-18141546.3813791,-0.07688493116318026,0.8758181145039682,0.42419877565718406,0.5344315337830811,,,,,,,
9339bc8c-1d02-4933-98a7-8d7510f4fa24,ExtraTreesClassifier,PREPROCESSING,UNAWARENESS,UNAWARENESS_SMOTE,0.661339267651224,0.36702508960573477,0.2636050981185515,0.36702508960573477,0.7770574971815107,0.39293937068303914,1395.0,0.33866073234877603,-0.0275996103847298,0.9190866334459386,0.6070606293169608,0.10454834028659532,1.1747848830597778,0.6329749103942652,0.008917548133070774,1.0141014140987759,0.24258241758241758,-0.06766052922903762,0.7278798618142832,0.2229425028184893,0.003483147592610175,1.0156472955668028,0.17563418738434183,0.6329749103942652,0.2229425028184893,0.7770574971815107,0.36702508960573477,0.7574175824175824,883.0,791.0,883.0,791.0,2757.0,3640.0,1303.0,2757.0,512.0,0.39293937068303914,0.006200347862840502,-0.002717200270230327,0.01970285657926081,0.0001941012786914605,0.0001905186565730125,0.01970285657926081,0.0001941012786914605,0.0001905186565730125,0.5926789812104726,-0.27581695699285413,0.9601884416322393,-0.00891754813307083,0.00891754813307083,-0.08610443475781647,-0.010531597331196352,0.2448355633395892,0.7770574971815107,0.36702508960573477,-0.00891754813307083,0.28221727695731336,[0.69637872],3548.0,-0.07864367977199993,0.3144314765409748,0.3795404002965159,0.1471863402092263,0.33866073234877603,0.5720412933936228,0.5720412933936228,0.5735956441506148,-57837373.537658624,-0.005434400540460599,0.9780154083376614,0.3795404002965159,0.5025502196417491,,,,,,,
9339bc8c-1d02-4933-98a7-8d7510f4fa24,XGBClassifier,PREPROCESSING,UNAWARENESS,HYPERPARAMETER_SMOTE,0.6793445276148088,0.4437275985663082,0.28889338458426056,0.4437275985663082,0.7719842164599775,0.4334733893557423,1395.0,0.3206554723851912,-0.03044047042285858,0.90585809215827,0.5665266106442577,0.1296921921921922,1.2325033647375505,0.5562724014336917,0.12594681170542898,1.2298441115576666,0.22076813655761024,-0.04313455920261214,0.8082505729564553,0.22801578354002255,-0.04066568027257056,0.8246942477617181,0.15818626351826376,0.5562724014336917,0.22801578354002255,0.7719842164599775,0.4437275985663082,0.7792318634423897,776.0,809.0,776.0,809.0,2739.0,3515.0,1428.0,2739.0,619.0,0.4334733893557423,0.08330624598899974,-0.08330624598899974,0.0007663343046945204,2.9363413327581704e-07,2.934169053815238e-07,0.0007663343046945204,2.9363413327581704e-07,2.934169053815238e-07,0.5624700232337075,-0.020330441160117507,0.7431504731275898,-0.12594681170542893,0.12594681170542893,-0.08641337569740216,-0.07592622498758331,0.21873035102339228,0.7719842164599775,0.4437275985663082,-0.12594681170542893,0.28221727695731336,[0.69637872],3548.0,-0.07864367977199993,0.3144314765409748,0.4385405596882749,0.2142032589544566,0.3206554723851912,0.6078559075131429,0.6078559075131429,0.6584941012702994,-16530411.060452059,-0.08528113143285843,0.8375167362257732,0.4385405596882748,0.5417772947945075,37.04716920852661,124.7,0.0,64212.361758041385,0.0,267551.5073251724,23.113477438369063
9339bc8c-1d02-4933-98a7-8d7510f4fa24,XGBClassifier,PREPROCESSING,UNAWARENESS,UNAWARENESS_ROS,0.6676107626947198,0.5813620071684588,0.3783127655270079,0.5813620071684588,0.70152198421646,0.43368983957219254,1395.0,0.33238923730528025,0.026974966507915643,1.0817412233252641,0.5663101604278075,0.14119463586195058,1.2548974061169182,0.41863799283154124,0.040558577196436296,1.0975052141825765,0.19004230393752033,-0.039725274725274706,0.7947771785410163,0.29847801578354,0.03539887876854575,1.1199815965033355,0.13448813213164593,0.41863799283154124,0.29847801578354,0.70152198421646,0.5813620071684588,0.8099576960624797,584.0,1059.0,584.0,1059.0,2489.0,3073.0,1870.0,2489.0,811.0,0.43368983957219254,0.03797872798249102,-0.0025798492139452733,0.019508655155998037,0.0001902938129978244,0.00018681503638935155,0.019508655155998037,0.0001902938129978244,0.00018681503638935155,0.5186292165538805,-0.3063103907138418,0.9912303057455045,-0.040558577196436296,0.040558577196436296,-0.09045995529361267,-0.003320261517569756,0.17921020310672575,0.70152198421646,0.5813620071684588,-0.040558577196436296,0.28221727695731336,[0.69637872],3548.0,-0.07864367977199993,0.3144314765409748,0.49678407350689124,0.2625337832954747,0.33238923730528025,0.6414419956924593,0.6414419956924593,0.643096819320838,-19200610.90147078,-0.005159698427890547,0.9777344316412552,0.49678407350689124,0.6184761462956734,,,,,,,
9339bc8c-1d02-4933-98a7-8d7510f4fa24,DecisionTreeClassifier,PREPROCESSING,UNAWARENESS,HYPERPARAMETER_ROS,0.6732753388630386,0.5240143369175627,0.34027918268258145,0.5240143369175627,0.7319616685456595,0.4346016646848989,1395.0,0.3267246611369614,0.008086345081716684,1.024803996554265,0.5653983353151011,0.12832552239331907,1.231589825119237,0.4759856630824373,0.014072875304481314,1.0296235161902088,0.20361852192578964,-0.05256791181360518,0.747606084151802,0.2680383314543405,0.027377413385096416,1.103164535379369,0.14441934858826674,0.4759856630824373,0.2680383314543405,0.7319616685456595,0.5240143369175627,0.7963814780742103,664.0,951.0,664.0,951.0,2597.0,3261.0,1682.0,2597.0,731.0,0.4346016646848989,0.02072514434478881,0.006652269040307607,0.02062796183450402,0.00021275640472287726,0.00020865097661991474,0.02062796183450402,0.00021275640472287726,0.00020865097661991474,0.5374371564904435,-0.3102246730381406,0.9948236613869007,-0.014072875304481203,0.027377413385096416,-0.0904467171034621,-0.0017622067093862048,0.19563877334646412,0.7319616685456595,0.5240143369175627,-0.014072875304481203,0.28221727695731336,[0.69637872],3548.0,-0.07864367977199993,0.3144314765409748,0.47513812154696133,0.2431586770255547,0.3267246611369614,0.6279880027316112,0.6279880027316112,0.6238104575833551,-18491466.569634058,0.013304538080615103,0.9835978632163872,0.4751381215469613,0.5989957385069675,22.490036487579346,123.8,0.0,68059.98030757906,0.0,283583.25128157943,24.498441985714223
9339bc8c-1d02-4933-98a7-8d7510f4fa24,XGBClassifier,PREPROCESSING,UNAWARENESS,HYPERPARAMETER_ROS,0.653247015982197,0.6516129032258065,0.4323285454177625,0.6516129032258065,0.6538895152198422,0.42536265793167993,1395.0,0.34675298401780297,0.001177174395492031,1.0033958692868676,0.5746373420683201,0.09491410525619615,1.1675813749817545,0.34838709677419355,-0.03551169541859922,0.8987489296927029,0.17320028510334998,-0.06332712204021489,0.6459501163834813,0.3461104847801578,0.01153266638613254,1.0334290773165453,0.12255457858287143,0.34838709677419355,0.3461104847801578,0.6538895152198422,0.6516129032258065,0.82679971489665,486.0,1228.0,486.0,1228.0,2320.0,2806.0,2137.0,2320.0,909.0,0.42536265793167993,0.02352218090236588,0.02352218090236588,0.01759799564214446,0.0001548447253104677,0.00015228362156891783,0.01759799564214446,0.0001548447253104677,0.00015228362156891783,0.4950849999401546,-0.2976772413183776,0.983026952088174,0.03551169541859922,0.03551169541859922,-0.07912061364820555,-0.007348960602745758,0.15959064317425356,0.6538895152198422,0.6516129032258065,0.03551169541859922,0.28221727695731336,[0.69637872],3548.0,-0.07864367977199993,0.3144314765409748,0.5147225368063421,0.2775539852714209,0.34675298401780297,0.6527512092228243,0.6527512092228243,0.6373970771952469,-18063845.175849207,-0.02397902903246668,0.9857396364252199,0.5147225368063421,0.6363496001533483,37.06279182434082,124.9,0.0,68280.0389348507,0.0,284500.1622285446,24.5776529036326
9339bc8c-1d02-4933-98a7-8d7510f4fa24,XGBClassifier,PREPROCESSING,UNAWARENESS,FAIR_PCA_ROS,0.6340279182682581,0.5749103942652329,0.4082540967024074,0.5749103942652329,0.657271702367531,0.39742319127849357,1395.0,0.3659720817317419,0.052891593309099205,1.1463940537167083,0.6025768087215064,0.14921859712555885,1.253450140386733,0.425089605734767,0.04528846474690518,1.1072924901185772,0.20273504273504273,-0.03360747663551403,0.8365454545454545,0.342728297632469,0.06344052450827353,1.1884972170686459,0.13805131871305812,0.425089605734767,0.342728297632469,0.657271702367531,0.5749103942652329,0.7972649572649573,593.0,1216.0,593.0,1216.0,2332.0,2925.0,2018.0,2332.0,802.0,0.39742319127849357,0.0543644946275893,0.009076029880684233,0.025265180485695947,0.0003191646724873956,0.000311675266067824,0.025265180485695947,0.0003191646724873956,0.000311675266067824,0.5254546958835902,-0.26237510103517636,1.0530839958157687,-0.045288464746905066,0.06344052450827353,-0.0914130368805365,0.021570527372097803,0.18415849905471773,0.657271702367531,0.5749103942652329,-0.045288464746905066,0.28221727695731336,[0.69617641],3548.0,-0.07864367977199993,0.3144314765409748,0.46996777029006737,0.21261021263892615,0.3659720817317419,0.616091048316382,0.616091048316382,0.6104993875526404,-18623344.299477007,0.018152059761368355,0.9914095756279553,0.46996777029006737,0.595185224563876,,,,,,,
9339bc8c-1d02-4933-98a7-8d7510f4fa24,ExtraTreesClassifier,PREPROCESSING,UNAWARENESS,FAIR_PCA_ROS,0.6249241351406029,0.5111111111111111,0.381347359902893,0.5111111111111111,0.6696730552423901,0.37824933687002654,1395.0,0.37507586485939715,-0.0073002079099212525,0.9805701495321293,0.6217506631299735,0.09308275184206671,1.1517231192264428,0.4888888888888889,-0.023015449297607515,0.9530686534666939,0.22302158273381295,-0.06993729741218979,0.6948588651249059,0.33032694475760993,0.012962485351142694,1.0393916893545636,0.15116838021011875,0.4888888888888889,0.33032694475760993,0.6696730552423901,0.5111111111111111,0.7769784172661871,682.0,1172.0,682.0,1172.0,2376.0,3058.0,1885.0,2376.0,713.0,0.37824933687002654,0.017988967324375132,0.017988967324375132,0.020540067852688536,0.00021094719369652454,0.00020689346815489992,0.020540067852688536,0.00021094719369652454,0.00020689346815489992,0.5498515803562244,-0.3114871092515401,1.00231230503246,0.02301544929760757,0.02301544929760757,-0.08151002462712828,0.0008816111952433259,0.20453066144207555,0.6696730552423901,0.5111111111111111,0.02301544929760757,0.28221727695731336,[0.69617641],3548.0,-0.07864367977199993,0.3144314765409748,0.4347560975609756,0.16751931269689957,0.37507586485939715,0.5903920831767505,0.5903920831767506,0.5797715392839142,-79051678.54855499,-0.010052963946464821,0.9946162677609813,0.4347560975609755,0.5610887317869072,,,,,,,
9339bc8c-1d02-4933-98a7-8d7510f4fa24,XGBClassifier,PREPROCESSING,UNAWARENESS,HYPERPARAMETER_FAIR_PCA_ROS,0.6202710904309124,0.5985663082437276,0.4353631397936476,0.5985663082437276,0.62880496054115,0.38801115241635686,1395.0,0.37972890956908756,0.05035188271727198,1.1341724325984788,0.6119888475836431,0.13080283448081487,1.2181540424388932,0.4014336917562724,0.0007924855684207088,1.001974395211572,0.20064493013256898,-0.045658323462200556,0.7766845288407093,0.3711950394588501,0.06722592497070229,1.1843532856859242,0.13396371191135725,0.4014336917562724,0.3711950394588501,0.62880496054115,0.5985663082437276,0.799355069867431,560.0,1317.0,560.0,1317.0,2231.0,2791.0,2152.0,2231.0,835.0,0.38801115241635686,0.0340092052695615,0.03321671970114079,0.027855930052104676,0.00038797641953387417,0.00037797851288145346,0.027855930052104676,0.00038797641953387417,0.00037797851288145346,0.5176170629168966,-0.23751051352268016,1.07981900112302,-0.0007924855684207088,0.06722592497070229,-0.08823057897150774,0.03450674970875345,0.17781321976412395,0.62880496054115,0.5985663082437276,-0.0007924855684207088,0.28221727695731336,[0.69617641],3548.0,-0.07864367977199993,0.3144314765409748,0.4708204116154497,0.20640178218245658,0.37972890956908756,0.6136856343924387,0.6136856343924388,0.5933010106902085,-17814483.096050676,0.06643343940228158,1.0009248088015938,0.4708204116154497,0.5973709671156052,36.62924790382385,124.79999999999998,0.0,70741.7039773941,0.0,294757.09990580875,25.463738352974033
9339bc8c-1d02-4933-98a7-8d7510f4fa24,QuadraticDiscriminantAnalysis,PREPROCESSING,UNAWARENESS,UNAWARENESS_RUS,0.538337042282015,0.7620071684587814,0.6095488569694517,0.7620071684587814,0.4503945885005637,0.3528045137736475,1395.0,0.46166295771798505,0.02322811892813137,1.0505388237036022,0.6471954862263525,0.08300667501384373,1.1297304095549316,0.23799283154121864,-0.04533017451366411,0.811894212129604,0.17202072538860103,-0.07252673796791444,0.5934807043836643,0.5496054114994363,0.01087205382634937,1.0198196860590762,0.1006116354367618,0.23799283154121864,0.5496054114994363,0.4503945885005637,0.7620071684587814,0.827979274611399,332.0,1950.0,332.0,1950.0,1598.0,1930.0,3013.0,1598.0,1063.0,0.3528045137736475,0.02810111417000677,0.02810111417000677,0.017156868623453173,0.000147179070481216,0.00014480414000533733,0.017156868623453173,0.000147179070481216,0.00014480414000533733,0.4485791690142595,-0.3109817469836412,1.002583329027785,0.04533017451366417,0.04533017451366417,-0.07776670649087908,0.0015743057057917564,0.12885104764197608,0.4503945885005637,0.7620071684587814,0.04533017451366417,0.28221727695731336,[0.69637872],3548.0,-0.07864367977199993,0.3144314765409748,0.4823049001814882,0.1959561029484673,0.46166295771798505,0.6062008784796724,0.6062008784796725,0.5891659583835569,-34083332.49905116,-0.03445812068731474,0.9958101874067048,0.48230490018148814,0.6076407234907155,,,,,,,
9339bc8c-1d02-4933-98a7-8d7510f4fa24,XGBClassifier,PREPROCESSING,UNAWARENESS,UNAWARENESS_RUS,0.643334007687639,0.6372759856630824,0.43414930204329355,0.6372759856630824,0.6457158962795941,0.41425908667287975,1395.0,0.35666599231236096,0.005364319732347633,1.0150602023139927,0.5857409133271202,0.10652763648694474,1.1846854791299235,0.3627240143369176,0.018961259968634292,1.0524554601680052,0.18090811583839828,-0.04924630043812617,0.7344254710980033,0.35428410372040586,0.0024786545222549305,1.0070009968560694,0.12569550777758415,0.3627240143369176,0.35428410372040586,0.6457158962795941,0.6372759856630824,0.8190918841616017,506.0,1257.0,506.0,1257.0,2291.0,2797.0,2146.0,2291.0,889.0,0.41425908667287975,0.010719957245444611,-0.00824130272318968,0.013366117611125964,8.932654999722583e-05,8.819692052473217e-05,0.013366117611125964,8.932654999722583e-05,8.819692052473217e-05,0.5013890859952661,-0.25731977475624845,0.9440581417274444,-0.018961259968634292,0.018961259968634292,-0.07788696846253546,-0.024407832526374684,0.16459597724412617,0.6457158962795941,0.6372759856630824,-0.018961259968634292,0.28221727695731336,[0.69637872],3548.0,-0.07864367977199993,0.3144314765409748,0.5021180457497882,0.2569755443414812,0.35666599231236096,0.6414959409713383,0.6414959409713383,0.6467827032165805,-19768875.626672883,-0.01648260544637936,0.9700536639895575,0.5021180457497881,0.6221666321129748,,,,,,,
9339bc8c-1d02-4933-98a7-8d7510f4fa24,ExtraTreesClassifier,PREPROCESSING,UNAWARENESS,UNAWARENESS_RUS,0.6129880639287882,0.5878136200716846,0.4365769775440016,0.5878136200716846,0.6228861330326945,0.3799814643188137,1395.0,0.38701193607121176,-0.007842581617593991,0.9797717957819814,0.6200185356811863,0.09821920007338769,1.1604867720902345,0.4121863799283154,0.03582868964596747,1.0874246865331378,0.20646319569120286,-0.05448081558797993,0.7424914259474507,0.37711386696730553,-0.016388621174894924,0.9567248527426311,0.13627481983471174,0.4121863799283154,0.37711386696730553,0.6228861330326945,0.5878136200716846,0.7935368043087971,575.0,1338.0,575.0,1338.0,2210.0,2785.0,2158.0,2210.0,820.0,0.3799814643188137,0.026108655410431225,-0.026108655410431225,0.010213729156009854,5.216013163616289e-05,5.1653563851780243e-05,0.010213729156009854,5.216013163616289e-05,5.1653563851780243e-05,0.5220628694605886,-0.22680651171952537,0.9156273740552847,-0.035828689645967526,0.035828689645967526,-0.07635000783068384,-0.03711197173156361,0.18152636084974472,0.6228861330326945,0.5878136200716846,-0.035828689645967526,0.28221727695731336,[0.69637872],3548.0,-0.07864367977199993,0.3144314765409748,0.4615817618913594,0.19120736481353676,0.38701193607121176,0.6053498765521895,0.6053498765521895,0.6211547478818377,-47539539.73569352,-0.019440068471072547,0.9484026192269344,0.46158176189135935,0.5808415727262177,,,,,,,
9339bc8c-1d02-4933-98a7-8d7510f4fa24,DecisionTreeClassifier,PREPROCESSING,UNAWARENESS,HYPERPARAMETER_RUS,0.6139995953874166,0.6924731182795699,0.4946388832692697,0.6924731182795699,0.5831454340473506,0.3950920245398773,1395.0,0.38600040461258345,-0.014263717535023201,0.9631677299640031,0.6049079754601226,0.07101925002781806,1.118595252473638,0.30752688172043013,-0.06158864159631622,0.8023399014778324,0.17173738991192955,-0.07797743256820465,0.5640178031285109,0.41685456595264936,-0.012248480817349638,0.9707006093667133,0.11594738608358617,0.30752688172043013,0.41685456595264936,0.5831454340473506,0.6924731182795699,0.8282626100880705,429.0,1479.0,429.0,1479.0,2069.0,2498.0,2445.0,2069.0,966.0,0.3950920245398773,0.0369185612068329,0.024670080389483262,0.014207519438541913,0.00010092680429827317,9.957192769980136e-05,0.014207519438541913,0.00010092680429827317,9.957192769980136e-05,0.4815545370642585,-0.2776559053444665,0.963794042156024,0.06158864159631616,0.06158864159631616,-0.0744983412980113,-0.01796638298693526,0.14950101368246638,0.5831454340473506,0.6924731182795699,0.06158864159631616,0.28221727695731336,[0.69637872],3548.0,-0.07864367977199993,0.3144314765409748,0.503125,0.2481142499971802,0.38600040461258345,0.6378092761634603,0.6378092761634603,0.6220744700473496,-18432294.60136124,-0.04934016077896658,0.9756257278111177,0.503125,0.6240094350018954,22.564653158187866,124.8,0.0,71871.74462764263,0.0,299465.60261517763,25.870500670366734
9339bc8c-1d02-4933-98a7-8d7510f4fa24,XGBClassifier,PREPROCESSING,UNAWARENESS,HYPERPARAMETER_RUS,0.6443455391462675,0.6580645161290323,0.4448715355047542,0.6580645161290323,0.6389515219842165,0.417462482946794,1395.0,0.35565446085373253,0.003963695494743291,1.0111557850714012,0.582537517053206,0.10169355055154461,1.1771719816702515,0.3419354838709677,0.006306516733958434,1.018466047874939,0.17383381924198252,-0.0515873015873016,0.711111111111111,0.36104847801578355,0.0014071952472093363,1.0038990020560654,0.12176601380967278,0.3419354838709677,0.36104847801578355,0.6389515219842165,0.6580645161290323,0.8261661807580175,477.0,1281.0,477.0,1281.0,2267.0,2744.0,2199.0,2267.0,918.0,0.417462482946794,0.003856855990583885,-0.0024496607433745488,0.013435548920094544,9.025698739212683e-05,8.910978797276819e-05,0.013435548920094544,9.025698739212683e-05,8.910978797276819e-05,0.4934896428693773,-0.26052816627126485,0.9471570857544103,-0.006306516733958434,0.006306516733958434,-0.07664042606942308,-0.0236186483112778,0.15829794820352944,0.6389515219842165,0.6580645161290323,-0.006306516733958434,0.28221727695731336,[0.69637872],3548.0,-0.07864367977199993,0.3144314765409748,0.5108514190317195,0.269001153277134,0.35565446085373253,0.6485080190566244,0.6485080190566244,0.650096643692671,-18124525.18087627,-0.0048993214867490975,0.9721950960083847,0.5108514190317195,0.630536959804436,36.88292574882507,125.6,0.0,72090.28966348172,0.0,300376.2069311738,25.94916676544307
9339bc8c-1d02-4933-98a7-8d7510f4fa24,XGBClassifier,PREPROCESSING,UNAWARENESS,FAIR_PCA_RUS,0.6123811450536112,0.6258064516129033,0.45862836334209994,0.6258064516129033,0.6071025930101466,0.3850904278782532,1395.0,0.3876188549463888,0.04420701205918165,1.1152092517863925,0.6149095721217468,0.12151926162243909,1.2013244173213011,0.3741935483870968,-0.004955120290967341,0.9867694226657163,0.19506726457399104,-0.04874119559328155,0.7552952270419266,0.3928974069898534,0.05602899455673349,1.1446098868374033,0.12879792454211217,0.3741935483870968,0.3928974069898534,0.6071025930101466,0.6258064516129033,0.804932735426009,522.0,1394.0,522.0,1394.0,2154.0,2676.0,2267.0,2154.0,873.0,0.3850904278782532,0.030492057423850416,0.030492057423850416,0.0253866383308587,0.0003222407028709121,0.0003146441819866314,0.0253866383308587,0.0003222407028709121,0.0003146441819866314,0.5075390123766097,-0.25779915341091886,1.0582032606469651,0.004955120290967341,0.05602899455673349,-0.08513022860786026,0.026557013735055535,0.16986085547390695,0.6071025930101466,0.6258064516129033,0.004955120290967341,0.28221727695731336,[0.69617641],3548.0,-0.07864367977199993,0.3144314765409748,0.4767886400873839,0.21037612369621575,0.3876188549463888,0.616454522311525,0.616454522311525,0.5976575556180097,-18955772.904663548,0.05107387426576615,0.9978284236635384,0.476788640087384,0.6026674913203602,,,,,,,
9339bc8c-1d02-4933-98a7-8d7510f4fa24,DecisionTreeClassifier,PREPROCESSING,UNAWARENESS,HYPERPARAMETER_FAIR_PCA_RUS,0.6801537527817115,0.4336917562724014,0.28241958324903904,0.4336917562724014,0.7770574971815107,0.4333810888252149,1395.0,0.31984624721828847,-0.05214506770022376,0.8392847639827578,0.5666189111747851,0.07797433394442987,1.138941920156124,0.5663082437275986,0.05701725115953149,1.1013553591553473,0.2227234282492247,-0.06091546066508924,0.7334844715512399,0.2229425028184893,-0.04788898089200794,0.7895906642015069,0.1598584158759336,0.5663082437275986,0.2229425028184893,0.7770574971815107,0.4336917562724014,0.7772765717507754,790.0,791.0,790.0,791.0,2757.0,3547.0,1396.0,2757.0,605.0,0.4333810888252149,0.052453116025769714,-0.052453116025769714,0.003499436625055099,6.123028346388512e-06,6.102434448040928e-06,0.003499436625055099,6.123028346388512e-06,6.102434448040928e-06,0.5654350818191839,-0.05571711277743341,0.7699673926255544,-0.05701725115953149,0.05701725115953149,-0.06944489730475956,-0.06631432689289946,0.22159359597481984,0.7770574971815107,0.4336917562724014,-0.05701725115953149,0.28221727695731336,[0.69617641],3548.0,-0.07864367977199993,0.3144314765409748,0.43353636689358654,0.2107034520380185,0.31984624721828847,0.6053746267269561,0.6053746267269561,0.6371284122617221,-18128804.920680128,-0.009128270267523553,0.8514065722880336,0.43353636689358654,0.5394389947997742,22.137203693389893,125.6,0.0,82383.54704854487,0.0,343264.77936893696,29.654262884372052
9339bc8c-1d02-4933-98a7-8d7510f4fa24,XGBClassifier,PREPROCESSING,UNAWARENESS,HYPERPARAMETER_FAIR_PCA_RUS,0.6131903702205138,0.6014336917562724,0.4440623103378515,0.6014336917562724,0.6178128523111612,0.38223234624145785,1395.0,0.3868096297794862,0.05513574070067784,1.1443588887839944,0.6177676537585421,0.1246770025839794,1.205888628120333,0.3985663082437276,-0.0310487503753879,0.9224970847909378,0.20232896652110627,-0.05349767820076609,0.7411204307756032,0.38218714768883877,0.08073590429262423,1.2156773156374274,0.1335729020352859,0.3985663082437276,0.38218714768883877,0.6178128523111612,0.6014336917562724,0.7976710334788938,556.0,1356.0,556.0,1356.0,2192.0,2748.0,2195.0,2192.0,839.0,0.38223234624145785,0.055892327334006064,0.055892327334006064,0.03206261149652122,0.0005140055279884272,0.0004988569158563091,0.03206261149652122,0.0005140055279884272,0.0004988569158563091,0.5168614940877022,-0.20140707174494155,1.1196518965397684,0.0310487503753879,0.08073590429262423,-0.08908734039237269,0.05257673216794084,0.17731356699230086,0.6178128523111612,0.6014336917562724,0.0310487503753879,0.28221727695731336,[0.69617641],3548.0,-0.07864367977199993,0.3144314765409748,0.46740947075208916,0.19860310740202003,0.3868096297794862,0.6096232720337168,0.6096232720337168,0.5755500085627805,-17875312.011647303,0.049687153917236326,1.0096107854304561,0.4674094707520891,0.5952865267765945,36.350929737091064,126.49999999999999,0.0,82585.63430204391,0.0,344106.8095918496,29.727004939740343
9339bc8c-1d02-4933-98a7-8d7510f4fa24,ExtraTreeClassifier,PREPROCESSING,UNAWARENESS,UNAWARENESS_FOS,0.6581023669836132,0.37060931899641575,0.26886506170341895,0.37060931899641575,0.7711386696730552,0.3890142964635064,1395.0,0.34189763301638676,-0.04370171071167761,0.873607247453903,0.6109857035364936,0.0807625807625808,1.133619391749473,0.6293906810035842,0.0011178217491407683,1.0017762460233297,0.24294410625345877,-0.0733276891831249,0.7062421232115057,0.22886133032694475,-0.015916237947214362,0.9309218019716429,0.17551542394409556,0.6293906810035842,0.22886133032694475,0.7711386696730552,0.37060931899641575,0.7570558937465413,878.0,812.0,878.0,812.0,2736.0,3614.0,1329.0,2736.0,517.0,0.3890142964635064,0.008517029848177593,-0.008517029848177593,0.015770777670563865,0.00012435871416717787,0.00012251013380814123,0.015770777670563865,0.00012435871416717787,0.00012251013380814123,0.5924785632309334,-0.22451487113789592,0.9120483079293148,-0.0011178217491408238,0.015916237947214362,-0.07704513497285283,-0.02383244918293534,0.24425434156847764,0.7711386696730552,0.37060931899641575,-0.0011178217491408238,0.28221727695731336,[0.69637872],3548.0,-0.07864367977199993,0.3144314765409748,0.37958883994126286,0.14389286176472169,0.34189763301638676,0.5708739943347355,0.5708739943347355,0.5757361451840328,-327642980.835828,0.014798416198073594,0.9466976950075323,0.3795888399412628,0.49920651056166004,,,,,,,
9339bc8c-1d02-4933-98a7-8d7510f4fa24,GaussianNB,PREPROCESSING,UNAWARENESS,FAIR_PCA_FOS,0.6611369613594983,0.45161290322580644,0.3115516892575359,0.45161290322580644,0.7435174746335964,0.4090909090909091,1395.0,0.3388630386405017,0.007322045053582249,1.0216490387214183,0.5909090909090909,0.1884389638063535,1.3263991263991262,0.5483870967741935,0.18093696820047378,1.337283075200597,0.2248016456068175,-0.024715333036919473,0.89120303325522,0.2564825253664036,-0.011194215567832705,0.9565393061045234,0.15950598089968734,0.5483870967741935,0.2564825253664036,0.7435174746335964,0.45161290322580644,0.7751983543931825,765.0,910.0,765.0,910.0,2638.0,3403.0,1540.0,2638.0,630.0,0.4090909090909091,0.09606559188415327,-0.09606559188415327,0.0042791373897057535,9.155508399988884e-06,9.117901439437268e-06,0.0042791373897057535,9.155508399988884e-06,9.117901439437268e-06,0.5648114391541434,-0.09454416799298393,0.800940953411917,-0.18093696820047384,0.18093696820047384,-0.10657714842163654,-0.06312813528059713,0.2190294063646545,0.7435174746335964,0.45161290322580644,-0.18093696820047384,0.28221727695731336,[0.69617641],3548.0,-0.07864367977199993,0.3144314765409748,0.4293015332197615,0.18963236437665865,0.3388630386405017,0.5975651889297015,0.5975651889297015,0.654970642493599,-21811342.66778056,-0.16974275263264108,0.8850135395987098,0.4293015332197615,0.54066049876724,,,,,,,
9339bc8c-1d02-4933-98a7-8d7510f4fa24,QuadraticDiscriminantAnalysis,PREPROCESSING,UNAWARENESS,FAIR_PCA_FOS,0.6672061501112685,0.45376344086021503,0.30669633825611975,0.45376344086021503,0.7511273957158963,0.4175461741424802,1395.0,0.3327938498887315,0.003938811307780843,1.0118479864838854,0.5824538258575198,0.16953728703100268,1.2976462896371364,0.546236559139785,0.13669124762254325,1.2544409937888197,0.2223519112926758,-0.032896250287554635,0.8540816326530613,0.2488726042841037,-0.0027646183152569836,0.9889034179652029,0.1582546329572311,0.546236559139785,0.2488726042841037,0.7511273957158963,0.45376344086021503,0.7776480887073242,762.0,883.0,762.0,883.0,2665.0,3427.0,1516.0,2665.0,633.0,0.4175461741424802,0.06972793296890015,-0.06972793296890015,0.008557743743272417,3.66174889877591e-05,3.631874079797564e-05,0.008557743743272417,3.66174889877591e-05,3.631874079797564e-05,0.5625915622496148,-0.14957174821218233,0.8463879184041474,-0.1366912476225433,0.1366912476225433,-0.10121676865927866,-0.04776088022986896,0.21754124728485544,0.7511273957158963,0.45376344086021503,-0.1366912476225433,0.28221727695731336,[0.69617641],3548.0,-0.07864367977199993,0.3144314765409748,0.4349020954998282,0.19998378886838253,0.3327938498887315,0.6024454182880556,0.6024454182880556,0.6444526920318663,-21873432.810424317,-0.13392662930728627,0.9156403901191954,0.4349020954998283,0.5505172284324088,,,,,,,
9339bc8c-1d02-4933-98a7-8d7510f4fa24,XGBClassifier,PREPROCESSING,UNAWARENESS,UNAWARENESS_BAL_GAN_FAIR,0.6716568885292332,0.44014336917562724,0.2945579607525794,0.44014336917562724,0.7626832018038332,0.4217032967032967,1395.0,0.3283431114707668,-0.01377111220127547,0.958213716108453,0.5782967032967034,0.12355289421157678,1.2174791392182696,0.5598566308243728,0.04065033868330603,1.072957839262187,0.22397476340694006,-0.05552050473186121,0.7575757575757576,0.23731679819616686,0.0036143651558548096,1.015252716197896,0.16011906701657064,0.5598566308243728,0.23731679819616686,0.7626832018038332,0.44014336917562724,0.7760252365930599,781.0,842.0,781.0,842.0,2706.0,3487.0,1456.0,2706.0,614.0,0.4217032967032967,0.022132351919580448,-0.01851798676372564,0.015914106478948257,0.00012662939251165142,0.00012473037823536746,0.015914106478948257,0.00012662939251165142,0.00012473037823536746,0.5658958685422092,-0.23943980620691296,0.9261568396388001,-0.040650338683306086,0.040650338683306086,-0.08953669947171902,-0.02189402180261052,0.22100019984624628,0.7626832018038332,0.44014336917562724,-0.040650338683306086,0.28221727695731336,[0.69637872],3548.0,-0.07864367977199993,0.3144314765409748,0.43072606103121713,0.20026133024949694,0.3283431114707668,0.6014132854897303,0.6014132854897303,0.6125502487499579,-18531428.80505182,-0.03703597352745122,0.9599885390068549,0.43072606103121713,0.5525874292546656,,,,,,,
9339bc8c-1d02-4933-98a7-8d7510f4fa24,ExtraTreesClassifier,PREPROCESSING,UNAWARENESS,UNAWARENESS_BAL_GAN_FAIR,0.6528424033987457,0.43799283154121865,0.3121586081327129,0.43799283154121865,0.7373167981961668,0.3959818535320804,1395.0,0.34715759660125434,-0.03943077168402975,0.8875474321466847,0.6040181464679196,0.07686146676972372,1.1285864207942131,0.5620071684587814,-0.008200140144816292,0.9854232160863634,0.23058823529411765,-0.07330648426789801,0.6910726740743015,0.26268320180383314,-0.01806277629215361,0.931694129322588,0.163210746885567,0.5620071684587814,0.26268320180383314,0.7373167981961668,0.43799283154121865,0.7694117647058824,784.0,932.0,784.0,932.0,2616.0,3400.0,1543.0,2616.0,611.0,0.3959818535320804,0.013131458218484951,-0.0049313180736686585,0.01447179239071995,0.00010471638750004993,0.00010328508482709611,0.01447179239071995,0.00010471638750004993,0.00010328508482709611,0.5713330847860414,-0.2291918614208448,0.9168756631230127,0.008200140144816292,0.01806277629215361,-0.07508397551881084,-0.026140076643295818,0.22428451661612167,0.7373167981961668,0.43799283154121865,0.008200140144816292,0.28221727695731336,[0.69637872],3548.0,-0.07864367977199993,0.3144314765409748,0.415929203539823,0.17027945846232814,0.34715759660125434,0.5876548148686928,0.5876548148686928,0.5905527276783332,-62160554.20086375,0.009862636147337317,0.9482917978663361,0.415929203539823,0.53637586182754,,,,,,,
9339bc8c-1d02-4933-98a7-8d7510f4fa24,DecisionTreeClassifier,PREPROCESSING,UNAWARENESS,HYPERPARAMETER_BAL_GAN_FAIR,0.6178434149302043,0.578494623655914,0.426461662957718,0.578494623655914,0.633314543404735,0.38282732447817835,1395.0,0.38215658506979566,-0.01255737328616513,0.9672359443963752,0.6171726755218216,0.10710796442211301,1.175892066468719,0.421505376344086,0.08403683806600154,1.202029520295203,0.2074074074074074,-0.044446022727272744,0.790070446159007,0.3666854565952649,-0.03373377313840742,0.9088191769094355,0.13799414298118037,0.421505376344086,0.3666854565952649,0.633314543404735,0.578494623655914,0.7925925925925926,588.0,1301.0,588.0,1301.0,2247.0,2835.0,2108.0,2247.0,807.0,0.38282732447817835,0.05888530560220445,-0.05888530560220445,0.0043378916053270055,9.408651789783252e-06,9.369478086684165e-06,0.0043378916053270055,9.408651789783252e-06,9.369478086684165e-06,0.5253458726994633,-0.16248942357445872,0.8583846228019221,-0.08403683806600148,0.08403683806600148,-0.07577699357469293,-0.06115923746725693,0.18413262097400498,0.633314543404735,0.578494623655914,-0.08403683806600148,0.28221727695731336,[0.69637872],3548.0,-0.07864367977199993,0.3144314765409748,0.4607479303454182,0.1927577404946637,0.38215658506979566,0.6059045835303246,0.6059045835303245,0.6415834600972841,-18083225.811709348,-0.05030306492759412,0.9091362008504587,0.4607479303454182,0.5739840918878836,25.344513654708862,126.8,0.0,81317.43345570566,0.0,338822.6393987736,29.27051134806072
9339bc8c-1d02-4933-98a7-8d7510f4fa24,XGBClassifier,PREPROCESSING,UNAWARENESS,HYPERPARAMETER_BAL_GAN_FAIR,0.6510216467732146,0.5053763440860215,0.35201294760267043,0.5053763440860215,0.7082863585118376,0.4051724137931034,1395.0,0.3489783532267854,-0.003774270969498117,0.9891951302486922,0.5948275862068966,0.1244793953667851,1.2128797360336785,0.4946236559139785,0.06394107244152292,1.1303837517860789,0.21542304089915704,-0.04751694418877084,0.7838313665778454,0.29171364148816237,-0.0020587583198722337,0.99294737657909,0.1503355655255756,0.4946236559139785,0.29171364148816237,0.7082863585118376,0.5053763440860215,0.7845769591008429,690.0,1035.0,690.0,1035.0,2513.0,3203.0,1740.0,2513.0,705.0,0.4051724137931034,0.032999915380697575,-0.032999915380697575,0.012323042821837828,7.59286921944244e-05,7.504196794906248e-05,0.012323042821837828,7.59286921944244e-05,7.504196794906248e-05,0.5483348712704228,-0.22045294654889647,0.9092439067323256,-0.06394107244152292,0.06394107244152292,-0.08599816977777797,-0.032205724175546235,0.2038664209885776,0.7082863585118376,0.5053763440860215,-0.06394107244152292,0.28221727695731336,[0.69637872],3548.0,-0.07864367977199993,0.3144314765409748,0.44976076555023925,0.201351344243761,0.3489783532267854,0.6068313512989295,0.6068313512989296,0.6268567345421486,-18147690.9090626,-0.06188231412165068,0.9515300536288743,0.4497607655502392,0.5699895480968725,42.43412518501282,125.99999999999999,0.0,81546.62869534493,0.0,339777.61956393725,29.353011023440132
9339bc8c-1d02-4933-98a7-8d7510f4fa24,XGBClassifier,PREPROCESSING,UNAWARENESS,FAIR_PCA_BAL_GAN_FAIR,0.6224964596398948,0.5211469534050179,0.38943961157191986,0.5211469534050179,0.6623449830890643,0.37766233766233764,1395.0,0.37750354036010525,-0.007453067915548117,0.9802913591388147,0.6223376623376623,0.0891130155613633,1.145046533221049,0.47885304659498207,-0.0355450632320064,0.9261320296789405,0.22133863485752153,-0.07303456263835678,0.679323523216274,0.33765501691093575,0.01447736949508388,1.0430557237630025,0.1492758714616133,0.47885304659498207,0.33765501691093575,0.6623449830890643,0.5211469534050179,0.7786613651424784,668.0,1198.0,668.0,1198.0,2350.0,3018.0,1925.0,2350.0,727.0,0.37766233766233764,0.02501121636354517,0.02501121636354517,0.02133200471160077,0.0002275272125078787,0.00022299186582807663,0.02133200471160077,0.0002275272125078787,0.00022299186582807663,0.5463988862756096,-0.3022351973355909,1.0117105556868187,0.03554506323200646,0.03554506323200646,-0.08107378909985999,0.0045558375763411485,0.2015953019221547,0.6623449830890643,0.5211469534050179,0.03554506323200646,0.28221727695731336,[0.69617641],3548.0,-0.07864367977199993,0.3144314765409748,0.43795180722891563,0.16936392457539798,0.37750354036010525,0.5917459682470411,0.5917459682470412,0.5769456818029589,-18592368.317232307,-0.02106769373692252,0.9984449037232708,0.4379518072289157,0.5647685743207408,,,,,,,
9339bc8c-1d02-4933-98a7-8d7510f4fa24,XGBClassifier,PREPROCESSING,UNAWARENESS,UNAWARENESS_DEMV,0.6716568885292332,0.44014336917562724,0.2945579607525794,0.44014336917562724,0.7626832018038332,0.4217032967032967,1395.0,0.3283431114707668,-0.01377111220127547,0.958213716108453,0.5782967032967034,0.12355289421157678,1.2174791392182696,0.5598566308243728,0.04065033868330603,1.072957839262187,0.22397476340694006,-0.05552050473186121,0.7575757575757576,0.23731679819616686,0.0036143651558548096,1.015252716197896,0.16011906701657064,0.5598566308243728,0.23731679819616686,0.7626832018038332,0.44014336917562724,0.7760252365930599,781.0,842.0,781.0,842.0,2706.0,3487.0,1456.0,2706.0,614.0,0.4217032967032967,0.022132351919580448,-0.01851798676372564,0.015914106478948257,0.00012662939251165142,0.00012473037823536746,0.015914106478948257,0.00012662939251165142,0.00012473037823536746,0.5658958685422092,-0.23943980620691296,0.9261568396388001,-0.040650338683306086,0.040650338683306086,-0.08953669947171902,-0.02189402180261052,0.22100019984624628,0.7626832018038332,0.44014336917562724,-0.040650338683306086,0.28221727695731336,[0.69637872],3548.0,-0.07864367977199993,0.3144314765409748,0.43072606103121713,0.20026133024949694,0.3283431114707668,0.6014132854897303,0.6014132854897303,0.6125502487499579,-18531428.80505182,-0.03703597352745122,0.9599885390068549,0.43072606103121713,0.5525874292546656,,,,,,,
9339bc8c-1d02-4933-98a7-8d7510f4fa24,ExtraTreesClassifier,PREPROCESSING,UNAWARENESS,UNAWARENESS_DEMV,0.6494031964394092,0.4229390681003584,0.3071009508395711,0.4229390681003584,0.7384441939120632,0.38866930171277997,1395.0,0.35059680356059075,-0.0356727516121399,0.8991584574878906,0.61133069828722,0.08043836360857481,1.1330437143632908,0.5770609318996416,-0.01267976909473123,0.9780587793752527,0.23503649635036497,-0.0739916118676539,0.69391252195519,0.2615558060879369,-0.01039243100897258,0.9604197901049475,0.16659467317239518,0.5770609318996416,0.2615558060879369,0.7384441939120632,0.4229390681003584,0.7649635036496351,805.0,928.0,805.0,928.0,2620.0,3425.0,1518.0,2620.0,590.0,0.38866930171277997,0.011536100051851905,0.001143669042879325,0.0167753448754677,0.00014070609784544018,0.00013848478230094852,0.0167753448754677,0.00014070609784544018,0.00013848478230094852,0.5772255593308308,-0.2555783724877123,0.9414263317469118,0.01267976909473123,0.01267976909473123,-0.07721498773811436,-0.018081662791843256,0.22936505312024164,0.7384441939120632,0.4229390681003584,0.01267976909473123,0.28221727695731336,[0.69637872],3548.0,-0.07864367977199993,0.3144314765409748,0.40508067284586335,0.15746035463413,0.35059680356059075,0.5806916310062109,0.5806916310062108,0.5800275119643699,-61256839.90051101,-0.00228733808575865,0.9649158652141501,0.40508067284586335,0.5275011803391858,,,,,,,
9339bc8c-1d02-4933-98a7-8d7510f4fa24,DecisionTreeClassifier,PREPROCESSING,UNAWARENESS,HYPERPARAMETER_DEMV,0.6178434149302043,0.578494623655914,0.426461662957718,0.578494623655914,0.633314543404735,0.38282732447817835,1395.0,0.38215658506979566,-0.01255737328616513,0.9672359443963752,0.6171726755218216,0.10710796442211301,1.175892066468719,0.421505376344086,0.08403683806600154,1.202029520295203,0.2074074074074074,-0.044446022727272744,0.790070446159007,0.3666854565952649,-0.03373377313840742,0.9088191769094355,0.13799414298118037,0.421505376344086,0.3666854565952649,0.633314543404735,0.578494623655914,0.7925925925925926,588.0,1301.0,588.0,1301.0,2247.0,2835.0,2108.0,2247.0,807.0,0.38282732447817835,0.05888530560220445,-0.05888530560220445,0.0043378916053270055,9.408651789783252e-06,9.369478086684165e-06,0.0043378916053270055,9.408651789783252e-06,9.369478086684165e-06,0.5253458726994633,-0.16248942357445872,0.8583846228019221,-0.08403683806600148,0.08403683806600148,-0.07577699357469293,-0.06115923746725693,0.18413262097400498,0.633314543404735,0.578494623655914,-0.08403683806600148,0.28221727695731336,[0.69637872],3548.0,-0.07864367977199993,0.3144314765409748,0.4607479303454182,0.1927577404946637,0.38215658506979566,0.6059045835303246,0.6059045835303245,0.6415834600972841,-18083225.811709348,-0.05030306492759412,0.9091362008504587,0.4607479303454182,0.5739840918878836,24.96646809577942,123.39999999999999,0.0,84314.4593763113,0.0,351310.2474012971,30.34930192827872
9339bc8c-1d02-4933-98a7-8d7510f4fa24,XGBClassifier,PREPROCESSING,UNAWARENESS,HYPERPARAMETER_DEMV,0.6510216467732146,0.5053763440860215,0.35201294760267043,0.5053763440860215,0.7082863585118376,0.4051724137931034,1395.0,0.3489783532267854,-0.003774270969498117,0.9891951302486922,0.5948275862068966,0.1244793953667851,1.2128797360336785,0.4946236559139785,0.06394107244152292,1.1303837517860789,0.21542304089915704,-0.04751694418877084,0.7838313665778454,0.29171364148816237,-0.0020587583198722337,0.99294737657909,0.1503355655255756,0.4946236559139785,0.29171364148816237,0.7082863585118376,0.5053763440860215,0.7845769591008429,690.0,1035.0,690.0,1035.0,2513.0,3203.0,1740.0,2513.0,705.0,0.4051724137931034,0.032999915380697575,-0.032999915380697575,0.012323042821837828,7.59286921944244e-05,7.504196794906248e-05,0.012323042821837828,7.59286921944244e-05,7.504196794906248e-05,0.5483348712704228,-0.22045294654889647,0.9092439067323256,-0.06394107244152292,0.06394107244152292,-0.08599816977777797,-0.032205724175546235,0.2038664209885776,0.7082863585118376,0.5053763440860215,-0.06394107244152292,0.28221727695731336,[0.69637872],3548.0,-0.07864367977199993,0.3144314765409748,0.44976076555023925,0.201351344243761,0.3489783532267854,0.6068313512989295,0.6068313512989296,0.6268567345421486,-18147690.9090626,-0.06188231412165068,0.9515300536288743,0.4497607655502392,0.5699895480968725,42.24729871749878,126.39999999999999,0.0,84650.6290277481,0.0,352710.9542822838,30.470307439386183
9339bc8c-1d02-4933-98a7-8d7510f4fa24,XGBClassifier,PREPROCESSING,UNAWARENESS,FAIR_PCA_DEMV,0.6224964596398948,0.5211469534050179,0.38943961157191986,0.5211469534050179,0.6623449830890643,0.37766233766233764,1395.0,0.37750354036010525,-0.007453067915548117,0.9802913591388147,0.6223376623376623,0.0891130155613633,1.145046533221049,0.47885304659498207,-0.0355450632320064,0.9261320296789405,0.22133863485752153,-0.07303456263835678,0.679323523216274,0.33765501691093575,0.01447736949508388,1.0430557237630025,0.1492758714616133,0.47885304659498207,0.33765501691093575,0.6623449830890643,0.5211469534050179,0.7786613651424784,668.0,1198.0,668.0,1198.0,2350.0,3018.0,1925.0,2350.0,727.0,0.37766233766233764,0.02501121636354517,0.02501121636354517,0.02133200471160077,0.0002275272125078787,0.00022299186582807663,0.02133200471160077,0.0002275272125078787,0.00022299186582807663,0.5463988862756096,-0.3022351973355909,1.0117105556868187,0.03554506323200646,0.03554506323200646,-0.08107378909985999,0.0045558375763411485,0.2015953019221547,0.6623449830890643,0.5211469534050179,0.03554506323200646,0.28221727695731336,[0.69617641],3548.0,-0.07864367977199993,0.3144314765409748,0.43795180722891563,0.16936392457539798,0.37750354036010525,0.5917459682470411,0.5917459682470412,0.5769456818029589,-18592368.317232307,-0.02106769373692252,0.9984449037232708,0.4379518072289157,0.5647685743207408,,,,,,,
9339bc8c-1d02-4933-98a7-8d7510f4fa24,QuadraticDiscriminantAnalysis,PREPROCESSING,REWEIGHTER,REWEIGHTER,0.6142019016791422,0.5620071684587814,0.42079708678939914,0.5620071684587814,0.6347237880496054,0.3769230769230769,1395.0,0.38579809832085776,-0.16967765328913087,0.5766514364779493,0.6230769230769231,0.0921390411434122,1.1480985836957733,0.43799283154121865,0.5318662618038641,2.320041407867495,0.2134125043660496,-0.007817657414102064,0.963562271062271,0.3652762119503946,-0.3564592976693046,0.10871262261141092,0.14139305755717296,0.43799283154121865,0.3652762119503946,0.6347237880496054,0.5620071684587814,0.7865874956339504,611.0,1296.0,611.0,1296.0,2252.0,2863.0,2080.0,2252.0,784.0,0.3769230769230769,0.4441627797365843,-0.4441627797365843,0.08234211490626954,0.0033901119436186484,0.0037029263625627563,0.08234211490626954,0.0033901119436186484,0.0037029263625627563,0.5317763769803487,1.916565989887341,0.10516535653596479,-0.531866261803864,0.531866261803864,-0.049978349278757134,-0.40889137392198144,0.18945025882736652,0.6347237880496054,0.5620071684587814,-0.531866261803864,0.28221727695731336,[0.69637872],3548.0,-0.07864367977199993,0.3144314765409748,0.4512230215827338,0.17935325851062187,0.38579809832085776,0.5983654782541934,0.5983654782541934,0.8641371523739865,-32461618.72183385,-0.17540696413455947,0.18078707018468465,0.45122302158273386,0.28230508900690804,11.721596717834473,123.5,0.0,88858.81544322969,0.0,370245.0643467904,31.98505972551439
9339bc8c-1d02-4933-98a7-8d7510f4fa24,GaussianNB,PREPROCESSING,REWEIGHTER,FAIR_PCA,0.6516285656483917,0.4745519713261649,0.33400768763908556,0.4745519713261649,0.7212514092446449,0.40096910963052695,1395.0,0.34837143435160833,0.029524833910748005,1.085390822594243,0.5990308903694731,0.17659990229604305,1.3022575250836121,0.5254480286738351,0.1240365043878674,1.2397916397884143,0.22266099635479952,-0.027867700219128905,0.8762492184631264,0.27874859075535513,0.02835656789151475,1.1027444422585087,0.15624185499445595,0.5254480286738351,0.27874859075535513,0.7212514092446449,0.4745519713261649,0.7773390036452005,733.0,989.0,733.0,989.0,2559.0,3292.0,1651.0,2559.0,662.0,0.40096910963052695,0.0761965361396911,-0.04783996824817635,0.015832460558022288,0.00012533340366066573,0.0001234632285911064,0.015832460558022288,0.00012533340366066573,0.0001234632285911064,0.5590024239562043,-0.2542897860207969,0.9404807458169547,-0.12403650438786745,0.12403650438786745,-0.10223380125758595,-0.01998504917420052,0.2132193726896548,0.7212514092446449,0.4745519713261649,-0.12403650438786745,0.28221727695731336,[0.69617641],3548.0,-0.07864367977199993,0.3144314765409748,0.4346684175968483,0.18685109408989373,0.34837143435160833,0.5979016902854049,0.5979016902854049,0.6265052881641897,-21888438.98643725,-0.09567993649635265,0.9558081533062089,0.4346684175968484,0.5559086929999998,,,,,,,
9339bc8c-1d02-4933-98a7-8d7510f4fa24,XGBClassifier,PREPROCESSING,REWEIGHTER,REWEIGHTER_SMOTE,0.6831883471575966,0.43727598566308246,0.2814080517904107,0.43727598566308246,0.7798759864712514,0.43853342918763477,1395.0,0.3168116528424034,-0.04630591705338727,0.8557023082693201,0.5614665708123652,0.08755938570323729,1.1576800636689217,0.5627240143369175,0.06085454970135806,1.1089196129957,0.22100225225225226,-0.05843792777681375,0.7420864533696393,0.22012401352874858,-0.0415561498052098,0.8146178999636672,0.15866218196067755,0.5627240143369175,0.22012401352874858,0.7798759864712514,0.43727598566308246,0.7789977477477478,785.0,781.0,785.0,781.0,2767.0,3552.0,1391.0,2767.0,610.0,0.43853342918763477,0.05120534975328393,-0.05120534975328393,0.0045314509980227515,1.0267024073740695e-05,1.022238292461614e-05,0.0045314509980227515,1.0267024073740695e-05,1.022238292461614e-05,0.5633155101018923,-0.07054913540713637,0.7815149697101627,-0.06085454970135806,0.06085454970135806,-0.07299865674002547,-0.06269443945067904,0.2200231377095689,0.7798759864712514,0.43727598566308246,-0.06085454970135806,0.28221727695731336,[0.69637872],3548.0,-0.07864367977199993,0.3144314765409748,0.4379038047379756,0.21734149183306217,0.3168116528424034,0.6085759860671669,0.6085759860671669,0.639738332285186,-18180645.784269508,-0.01929839989614826,0.8609838439679741,0.4379038047379756,0.5450337616470857,,,,,,,
9339bc8c-1d02-4933-98a7-8d7510f4fa24,XGBClassifier,PREPROCESSING,REWEIGHTER,HYPERPARAMETER_SMOTE,0.6771191584058264,0.4444444444444444,0.2915233663766943,0.4444444444444444,0.7686020293122886,0.4302567661346287,1395.0,0.32288084159417363,-0.03288165994793624,0.8990703271625335,0.5697432338653713,0.11485744409787813,1.2045134543178972,0.5555555555555556,0.09180319663652436,1.167066431867865,0.221302113078241,-0.049962062123861284,0.7790085883432002,0.2313979706877114,-0.034779893849516075,0.8518617021276595,0.15843458535215613,0.5555555555555556,0.2313979706877114,0.7686020293122886,0.4444444444444444,0.778697886921759,775.0,821.0,775.0,821.0,2727.0,3502.0,1441.0,2727.0,620.0,0.4302567661346287,0.06329154524302025,-0.06329154524302025,0.004189214822365354,8.77476041396279e-06,8.73946971978386e-06,0.004189214822365354,8.77476041396279e-06,8.73946971978386e-06,0.5629113346738652,-0.07541069844897641,0.7854695347974768,-0.09180319663652442,0.09180319663652442,-0.0824097531108697,-0.06374973211410975,0.21886836867290718,0.7686020293122886,0.4444444444444444,-0.09180319663652442,0.28221727695731336,[0.69637872],3548.0,-0.07864367977199993,0.3144314765409748,0.43723554301833567,0.21099064436302614,0.32288084159417363,0.6065232368783665,0.6065232368783665,0.6449110297661967,-16540093.82366804,-0.05702330278700829,0.8661169518826528,0.43723554301833567,0.5452296750781519,13.613083124160767,173.5,0.0,90706.22772240637,0.0,377942.6155100265,32.65004261767174
9339bc8c-1d02-4933-98a7-8d7510f4fa24,XGBClassifier,PREPROCESSING,REWEIGHTER,REWEIGHTER_ROS,0.6659923123609144,0.5806451612903226,0.37952660327736193,0.5806451612903226,0.6995490417136415,0.43176972281449894,1395.0,0.3340076876390856,0.0076277650648359785,1.022883295194508,0.5682302771855011,0.13106056243401476,1.2350098442813675,0.41935483870967744,0.07470219226534086,1.1802536231884058,0.19074013694163677,-0.03683209993889605,0.8103146853146853,0.30045095828635854,0.0011058473261028046,1.0036819428123775,0.1347653360786974,0.41935483870967744,0.30045095828635854,0.6995490417136415,0.5806451612903226,0.8092598630583632,585.0,1066.0,585.0,1066.0,2482.0,3067.0,1876.0,2482.0,810.0,0.43176972281449894,0.037904019795721805,-0.036798172469619,0.0106999505835975,5.7244471245714234e-05,5.66625086409116e-05,0.0106999505835975,5.7244471245714234e-05,5.66625086409116e-05,0.5191634349194816,-0.21291307126654269,0.9026047159486619,-0.0747021922653408,0.0747021922653408,-0.08394633118645543,-0.03728514535920069,0.179592753331603,0.6995490417136415,0.5806451612903226,-0.0747021922653408,0.28221727695731336,[0.69637872],3548.0,-0.07864367977199993,0.3144314765409748,0.4952613879547539,0.2598751483193846,0.3340076876390856,0.640097101501982,0.6400971015019821,0.6636515050403553,-19213425.95819956,-0.07359634493923806,0.9483114482104571,0.4952613879547539,0.6122634529516805,,,,,,,
9339bc8c-1d02-4933-98a7-8d7510f4fa24,XGBClassifier,PREPROCESSING,REWEIGHTER,HYPERPARAMETER_ROS,0.6512239530649403,0.6544802867383512,0.4359700586688246,0.6544802867383512,0.6499436302142052,0.4236658932714617,1395.0,0.3487760469350597,0.024060469590000078,1.0694087554241616,0.5763341067285382,0.10695908300507473,1.1888707858127585,0.34551971326164876,-0.06735293136240783,0.8075419527078566,0.17288378766140602,-0.06797509813235994,0.6194288913773796,0.3500563697857948,0.04890161850077146,1.1416201483345125,0.12212644433566389,0.34551971326164876,0.3500563697857948,0.6499436302142052,0.6544802867383512,0.827116212338594,482.0,1242.0,482.0,1242.0,2306.0,2788.0,2155.0,2306.0,913.0,0.4236658932714617,0.058127274931589645,0.058127274931589645,0.02644213410154095,0.00034959322792193733,0.0003410231394458355,0.02644213410154095,0.00034959322792193733,0.0003410231394458355,0.4942194741927191,-0.24990139217530405,1.0664951298301857,0.06735293136240783,0.06735293136240783,-0.0874670905687173,0.028820459067543824,0.15888742854896581,0.6499436302142052,0.6544802867383512,0.06735293136240783,0.28221727695731336,[0.69637872],3548.0,-0.07864367977199993,0.3144314765409748,0.5143661971830986,0.2763043084923267,0.3487760469350597,0.6522119584762782,0.6522119584762782,0.614300654652257,-18066454.54519525,-0.01845131286163637,1.0054966832143888,0.5143661971830986,0.6392646045845072,13.694805145263672,174.1,0.0,95446.19173047545,0.0,397692.4655436477,34.356210217798456
9339bc8c-1d02-4933-98a7-8d7510f4fa24,XGBClassifier,PREPROCESSING,REWEIGHTER,FAIR_PCA_ROS,0.6386809629779486,0.5856630824372759,0.40967024074448716,0.5856630824372759,0.6595264937993236,0.4034567901234568,1395.0,0.36131903702205137,0.037913851960416856,1.1059143316389575,0.5965432098765432,0.1298630563336446,1.2222074291039808,0.414336917562724,-0.0013847642563982743,0.996658615136876,0.19808087731322824,-0.049021384559623044,0.7576164874551972,0.34047350620067646,0.05630590886261522,1.1680781231006119,0.13573328429871412,0.414336917562724,0.34047350620067646,0.6595264937993236,0.5856630824372759,0.8019191226867718,578.0,1208.0,578.0,1208.0,2340.0,2918.0,2025.0,2340.0,817.0,0.4034567901234568,0.028845336559506773,0.028845336559506773,0.026106426514117282,0.0003407727526685029,0.0003325207070242734,0.026106426514117282,0.0003407727526685029,0.0003325207070242734,0.5210245374235538,-0.2544912049640137,1.0614483779781936,0.0013847642563983298,0.05630590886261522,-0.08944222044663382,0.02503755480869141,0.1805312257971444,0.6595264937993236,0.5856630824372759,0.0013847642563983298,0.28221727695731336,[0.69617641],3548.0,-0.07864367977199993,0.3144314765409748,0.4777777777777778,0.224401499618752,0.36131903702205137,0.6225947881182996,0.6225947881182998,0.6046358319148327,-18661024.23437815,0.05492114460621694,0.9991136069121327,0.4777777777777778,0.6038031779950238,,,,,,,
9339bc8c-1d02-4933-98a7-8d7510f4fa24,XGBClassifier,PREPROCESSING,REWEIGHTER,HYPERPARAMETER_FAIR_PCA_ROS,0.6170341897633016,0.6129032258064516,0.4466922921302853,0.6129032258064516,0.6186583990980834,0.38722826086956524,1395.0,0.3829658102366984,0.06186259662936078,1.1638758732580246,0.6127717391304348,0.1148087393550189,1.1911222147982454,0.3870967741935484,-0.11186559444759586,0.7164185417019117,0.19744058500914077,-0.07633278704328544,0.6242763594951125,0.3813416009019166,0.11056934848217481,1.2983602554240994,0.1312364449387435,0.3870967741935484,0.3813416009019166,0.6186583990980834,0.6129032258064516,0.8025594149908593,540.0,1353.0,540.0,1353.0,2195.0,2735.0,2208.0,2195.0,855.0,0.38722826086956524,0.11121747146488531,0.11121747146488531,0.04169042480639815,0.0008690457602689692,0.000836220246851794,0.04169042480639815,0.0008690457602689692,0.000836220246851794,0.5123210808443148,-0.12345602193610183,1.210628225201271,0.1118655944475958,0.1118655944475958,-0.09557076319915214,0.09236603928045084,0.17359070690415043,0.6186583990980834,0.6129032258064516,0.1118655944475958,0.28221727695731336,[0.69617641],3548.0,-0.07864367977199993,0.3144314765409748,0.4746044962531224,0.20963669194369358,0.3829658102366984,0.6157808124522675,0.6157808124522675,0.5472952275147336,-17829461.73106065,-0.00129624596542105,1.025466345752042,0.4746044962531224,0.6044936998981831,13.762706279754639,173.9,0.0,97561.05843772889,0.0,406504.4101572037,35.117464321913985
9339bc8c-1d02-4933-98a7-8d7510f4fa24,XGBClassifier,PREPROCESSING,REWEIGHTER,REWEIGHTER_RUS,0.6382763503944973,0.6401433691756272,0.44082540967024075,0.6401433691756272,0.6375422773393461,0.4098210188159706,1395.0,0.36172364960550274,-0.005204349959017307,0.9856306366940367,0.5901789811840293,0.09548663220499143,1.1639843451699123,0.35985663082437275,0.010394073876338839,1.028939056112969,0.18162083936324167,-0.05438158370570184,0.7086866872859091,0.3624577226606539,-0.00978611537191132,0.9730713680960207,0.12536275636020144,0.35985663082437275,0.3624577226606539,0.6375422773393461,0.6401433691756272,0.8183791606367583,502.0,1286.0,502.0,1286.0,2262.0,2764.0,2179.0,2262.0,893.0,0.4098210188159706,0.010090094624125079,-0.010090094624125079,0.011494647499282426,6.606346056637987e-05,6.534286713854291e-05,0.011494647499282426,6.606346056637987e-05,6.534286713854291e-05,0.5007249871140873,-0.24067793834123952,0.9284733900130844,-0.010394073876338839,0.010394073876338839,-0.07493410795534661,-0.031731401101607715,0.1640735201378583,0.6375422773393461,0.6401433691756272,-0.010394073876338839,0.28221727695731336,[0.69637872],3548.0,-0.07864367977199993,0.3144314765409748,0.49972020145495244,0.2517298440117182,0.36172364960550274,0.6388428232574866,0.6388428232574866,0.6452888077940978,-19783706.222788475,-0.0006079585044275193,0.9583502788077933,0.4997202014549524,0.6180256513790049,,,,,,,
9339bc8c-1d02-4933-98a7-8d7510f4fa24,ExtraTreesClassifier,PREPROCESSING,REWEIGHTER,REWEIGHTER_RUS,0.6095488569694517,0.5885304659498208,0.4404207970867894,0.5885304659498208,0.6178128523111612,0.377124483233808,1395.0,0.3904511430305483,-0.05931019002377702,0.8501112079376673,0.622875516766192,0.06365918555467664,1.102931771694952,0.4114695340501792,0.07150722413160265,1.175799835931091,0.20751988430947216,-0.05986352357320099,0.7198838896952104,0.38218714768883877,-0.09264502934296198,0.763174757393849,0.13620588470852965,0.4114695340501792,0.38218714768883877,0.6178128523111612,0.5885304659498208,0.7924801156905278,574.0,1356.0,574.0,1356.0,2192.0,2766.0,2177.0,2192.0,821.0,0.377124483233808,0.08207612673728235,-0.08207612673728235,0.0062359111150156275,1.944329371718772e-05,1.956168621822877e-05,0.0062359111150156275,1.944329371718772e-05,1.956168621822877e-05,0.5219308090322503,-0.0521197677362375,0.7685059896403956,-0.07150722413160271,0.09264502934296198,-0.06176135456393879,-0.10408496781814436,0.18148187679343977,0.6178128523111612,0.5885304659498208,-0.07150722413160271,0.28221727695731336,[0.69637872],3548.0,-0.07864367977199993,0.3144314765409748,0.4596864501679731,0.18707425192786536,0.3904511430305483,0.6031716591304911,0.603171659130491,0.652677652669622,-46395007.34286232,0.02113780521135933,0.8321784995291736,0.45968645016797316,0.5599406302511435,14.636091470718384,147.9,0.0,97595.22511007787,0.0,406646.77129199106,35.12976274216923
9339bc8c-1d02-4933-98a7-8d7510f4fa24,DecisionTreeClassifier,PREPROCESSING,REWEIGHTER,HYPERPARAMETER_RUS,0.6417155573538337,0.6114695340501792,0.4212016993728505,0.6114695340501792,0.6536076662908681,0.40970220941402496,1395.0,0.3582844426461663,-0.003941858351082406,0.9890086548700635,0.590297790585975,0.08777158814059183,1.150681178916473,0.38853046594982077,-0.05521538923554342,0.8592061601293286,0.1894442502621461,-0.07284460992778356,0.6280790855154847,0.3463923337091319,0.014431217110770223,1.041830939733753,0.13064501575863877,0.38853046594982077,0.3463923337091319,0.6536076662908681,0.6114695340501792,0.8105557497378539,542.0,1229.0,542.0,1229.0,2319.0,2861.0,2082.0,2319.0,853.0,0.40970220941402496,0.034823303173156794,0.034823303173156794,0.020186522955040365,0.0002037478545071858,0.00019989775794176327,0.020186522955040365,0.0002037478545071858,0.00019989775794176327,0.5111653661167563,-0.30850099144906784,1.0055742597308288,0.055215389235543366,0.055215389235543366,-0.0803080990341877,0.0023467311827302106,0.17248391043545153,0.6536076662908681,0.6114695340501792,0.055215389235543366,0.28221727695731336,[0.69637872],3548.0,-0.07864367977199993,0.3144314765409748,0.4906528616623526,0.24163063374666055,0.3582844426461663,0.6325386001705237,0.6325386001705237,0.6105115167280613,-18228124.89102991,-0.0407841721247732,0.9954710214727265,0.49065286166235267,0.6155056992652849,,,,,,,
9339bc8c-1d02-4933-98a7-8d7510f4fa24,XGBClassifier,PREPROCESSING,REWEIGHTER,HYPERPARAMETER_RUS,0.6447501517297188,0.6580645161290323,0.44446692292130285,0.6580645161290323,0.6395152198421646,0.4178425125170687,1395.0,0.35524984827028117,0.021979339015053445,1.0622103653277832,0.5821574874829313,0.11145957633428183,1.1947865609125745,0.3419354838709677,-0.01696753311755478,0.9505398307557631,0.17370721048798252,-0.05396178597162521,0.6975967027764628,0.3604847801578354,0.030928432131108963,1.0865185747737485,0.12174970326488158,0.3419354838709677,0.3604847801578354,0.6395152198421646,0.6580645161290323,0.8262927895120175,477.0,1279.0,477.0,1279.0,2269.0,2746.0,2197.0,2269.0,918.0,0.4178425125170687,0.0239479826243319,0.0239479826243319,0.02029325183358508,0.00020590803499065215,0.00020199719518499632,0.02029325183358508,0.00020590803499065215,0.00020199719518499632,0.4934565903195165,-0.3042531113500849,1.0099938589057873,0.016967533117554834,0.030928432131108963,-0.08271068115295352,0.004438018568681867,0.15827098044313545,0.6395152198421646,0.6580645161290323,0.016967533117554834,0.28221727695731336,[0.69637872],3548.0,-0.07864367977199993,0.3144314765409748,0.5111358574610245,0.26953611765228025,0.35524984827028117,0.6487898679855985,0.6487898679855985,0.6332526595002368,-18132087.37980344,0.013960899013554184,0.9891096263380045,0.5111358574610244,0.6336090356383827,13.006649494171143,172.70000000000002,0.0,97818.13255240918,0.0,407575.5523017049,35.2099991016195
9339bc8c-1d02-4933-98a7-8d7510f4fa24,XGBClassifier,PREPROCESSING,REWEIGHTER,FAIR_PCA_RUS,0.6131903702205138,0.6172043010752688,0.4529637871737811,0.6172043010752688,0.6116121758737317,0.3845466726217061,1395.0,0.3868096297794862,0.04760497318094048,1.1244245992768664,0.6154533273782938,0.12034844813661016,1.199268689678361,0.3827956989247312,-0.025801661717107682,0.9328950794064046,0.19748520710059173,-0.053952640968219445,0.732821352810075,0.3883878241262683,0.06744582750772599,1.176638581772074,0.13046946330938627,0.3827956989247312,0.3883878241262683,0.6116121758737317,0.6172043010752688,0.8025147928994083,534.0,1378.0,534.0,1378.0,2170.0,2704.0,2239.0,2170.0,861.0,0.3845466726217061,0.046623744612416806,0.046623744612416806,0.028842338774463794,0.0004159402529904688,0.000404858881957319,0.028842338774463794,0.0004159402529904688,0.000404858881957319,0.5108218149401732,-0.22852548850144627,1.0896787863378252,0.025801661717107627,0.06744582750772599,-0.0871505445524148,0.04030171822771772,0.17246271959958137,0.6116121758737317,0.6172043010752688,0.025801661717107627,0.28221727695731336,[0.69617641],3548.0,-0.07864367977199993,0.3144314765409748,0.47385800770500824,0.20688824401946654,0.3868096297794862,0.6144082384745002,0.6144082384745002,0.5857622256761003,-19007577.648478754,0.041644165790618304,1.0050123003271971,0.47385800770500824,0.6008867274845388,,,,,,,
9339bc8c-1d02-4933-98a7-8d7510f4fa24,QuadraticDiscriminantAnalysis,PREPROCESSING,REWEIGHTER,REWEIGHTER_FOS,0.6142019016791422,0.5620071684587814,0.42079708678939914,0.5620071684587814,0.6347237880496054,0.3769230769230769,1395.0,0.38579809832085776,-0.16967765328913087,0.5766514364779493,0.6230769230769231,0.0921390411434122,1.1480985836957733,0.43799283154121865,0.5318662618038641,2.320041407867495,0.2134125043660496,-0.007817657414102064,0.963562271062271,0.3652762119503946,-0.3564592976693046,0.10871262261141092,0.14139305755717296,0.43799283154121865,0.3652762119503946,0.6347237880496054,0.5620071684587814,0.7865874956339504,611.0,1296.0,611.0,1296.0,2252.0,2863.0,2080.0,2252.0,784.0,0.3769230769230769,0.4441627797365843,-0.4441627797365843,0.08234211490626954,0.0033901119436186484,0.0037029263625627563,0.08234211490626954,0.0033901119436186484,0.0037029263625627563,0.5317763769803487,1.916565989887341,0.10516535653596479,-0.531866261803864,0.531866261803864,-0.049978349278757134,-0.40889137392198144,0.18945025882736652,0.6347237880496054,0.5620071684587814,-0.531866261803864,0.28221727695731336,[0.69637872],3548.0,-0.07864367977199993,0.3144314765409748,0.4512230215827338,0.17935325851062187,0.38579809832085776,0.5983654782541934,0.5983654782541934,0.8641371523739865,-32461618.72183385,-0.17540696413455947,0.18078707018468465,0.45122302158273386,0.28230508900690804,12.045541524887085,122.99999999999999,0.0,98946.79993720054,0.0,412278.3330716689,35.61626710702473
9339bc8c-1d02-4933-98a7-8d7510f4fa24,ExtraTreesClassifier,PREPROCESSING,REWEIGHTER,REWEIGHTER_FOS,0.6926967428687032,0.2931899641577061,0.19057252680558365,0.2931899641577061,0.8497745208568207,0.43418259023354566,1395.0,0.3073032571312968,-0.07603947343029027,0.7578559241859449,0.5658174097664543,0.07400283458189916,1.1315931593159316,0.706810035842294,0.12769862190930625,1.1828475871954132,0.2464383904023994,-0.05883307098164664,0.7667365713167241,0.15022547914317927,-0.07650526906387581,0.5147596498780312,0.18113025233009755,0.706810035842294,0.15022547914317927,0.8497745208568207,0.2931899641577061,0.7535616095976005,986.0,533.0,986.0,533.0,3015.0,4001.0,942.0,3015.0,409.0,0.43418259023354566,0.10210194548659106,-0.10210194548659106,0.006237966644475916,1.9456113928797062e-05,1.9574623945574646e-05,0.006237966644475916,1.9456113928797062e-05,1.9574623945574646e-05,0.6018808060240791,0.3596379281962423,0.5052264630783893,-0.1276986219093063,0.1276986219093063,-0.0664179527817729,-0.09860333691868763,0.26068429704212953,0.8497745208568207,0.2931899641577061,-0.1276986219093063,0.28221727695731336,[0.69637872],3548.0,-0.07864367977199993,0.3144314765409748,0.3500213949507916,0.16383147696130998,0.3073032571312968,0.5714822425072634,0.5714822425072634,0.6298316912782949,-52844346.05065952,-0.051193352845430445,0.6531350952684855,0.3500213949507916,0.4298095894886291,15.461042165756226,148.0,0.0,99288.55735464096,0.0,413702.322311004,35.73928395520062
9339bc8c-1d02-4933-98a7-8d7510f4fa24,GaussianNB,PREPROCESSING,REWEIGHTER,FAIR_PCA_FOS,0.6516285656483917,0.4745519713261649,0.33400768763908556,0.4745519713261649,0.7212514092446449,0.40096910963052695,1395.0,0.34837143435160833,0.029524833910748005,1.085390822594243,0.5990308903694731,0.17659990229604305,1.3022575250836121,0.5254480286738351,0.1240365043878674,1.2397916397884143,0.22266099635479952,-0.027867700219128905,0.8762492184631264,0.27874859075535513,0.02835656789151475,1.1027444422585087,0.15624185499445595,0.5254480286738351,0.27874859075535513,0.7212514092446449,0.4745519713261649,0.7773390036452005,733.0,989.0,733.0,989.0,2559.0,3292.0,1651.0,2559.0,662.0,0.40096910963052695,0.0761965361396911,-0.04783996824817635,0.015832460558022288,0.00012533340366066573,0.0001234632285911064,0.015832460558022288,0.00012533340366066573,0.0001234632285911064,0.5590024239562043,-0.2542897860207969,0.9404807458169547,-0.12403650438786745,0.12403650438786745,-0.10223380125758595,-0.01998504917420052,0.2132193726896548,0.7212514092446449,0.4745519713261649,-0.12403650438786745,0.28221727695731336,[0.69617641],3548.0,-0.07864367977199993,0.3144314765409748,0.4346684175968483,0.18685109408989373,0.34837143435160833,0.5979016902854049,0.5979016902854049,0.6265052881641897,-21888438.98643725,-0.09567993649635265,0.9558081533062089,0.4346684175968484,0.5559086929999998,,,,,,,
9339bc8c-1d02-4933-98a7-8d7510f4fa24,XGBClassifier,PREPROCESSING,REWEIGHTER,REWEIGHTER_BAL_GAN_FAIR,0.6868298604086587,0.4759856630824373,0.29961561804572123,0.4759856630824373,0.7697294250281849,0.4483457123565159,1395.0,0.3131701395913413,0.027975920232469087,1.0900424975482184,0.5516542876434841,0.2101348836612379,1.3924240245422297,0.5240143369175627,0.1721195235076246,1.3357361364228066,0.21114962449451186,-0.017760186685629786,0.91654307484103,0.2302705749718151,0.01784106385770587,1.0780668408964917,0.1511291775548312,0.5240143369175627,0.2302705749718151,0.7697294250281849,0.4759856630824373,0.7888503755054882,731.0,817.0,731.0,817.0,2731.0,3462.0,1481.0,2731.0,664.0,0.4483457123565159,0.09498029368266521,-0.07713922982495934,0.010084222122653835,5.0845767909510514e-05,5.035812602874464e-05,0.010084222122653835,5.0845767909510514e-05,5.035812602874464e-05,0.5497802789384705,-0.16543487755333497,0.8598963137304793,-0.17211952350762455,0.17211952350762455,-0.11394753517343387,-0.04250371485362514,0.2079655330576335,0.7697294250281849,0.4759856630824373,-0.17211952350762455,0.28221727695731336,[0.69637872],3548.0,-0.07864367977199993,0.3144314765409748,0.4617524339360223,0.24141801429990098,0.3131701395913413,0.622857544055311,0.622857544055311,0.6709042952944034,-18596365.063869283,-0.15427845964991874,0.9169701600910606,0.4617524339360222,0.5761640467271644,,,,,,,
9339bc8c-1d02-4933-98a7-8d7510f4fa24,ExtraTreesClassifier,PREPROCESSING,REWEIGHTER,REWEIGHTER_BAL_GAN_FAIR,0.6570908355249848,0.4551971326164875,0.3176208780093061,0.4551971326164875,0.7364712514092446,0.40445859872611467,1395.0,0.3429091644750152,-0.047321598153898026,0.8636629659325674,0.5955414012738853,0.08299876701429176,1.140779049522495,0.5448028673835126,0.05676699255897755,1.104918285538082,0.2253187073821524,-0.06147026549890877,0.734152000700464,0.26352874859075537,-0.047896220481704194,0.8214067587859155,0.15934535047135356,0.5448028673835126,0.26352874859075537,0.7364712514092446,0.4551971326164875,0.7746812926178476,760.0,935.0,760.0,935.0,2613.0,3373.0,1570.0,2613.0,635.0,0.40445859872611467,0.0523316065203409,-0.0523316065203409,0.003805145389908639,7.2395657191714835e-06,7.2131024020204495e-06,0.003805145389908639,7.2395657191714835e-06,7.2131024020204495e-06,0.5645269709612705,-0.09292450755198689,0.7997028469834728,-0.0567669925589776,0.0567669925589776,-0.07223451625660024,-0.06476541321462054,0.21846880359134746,0.7364712514092446,0.4551971326164875,-0.0567669925589776,0.28221727695731336,[0.69637872],3548.0,-0.07864367977199993,0.3144314765409748,0.42833052276559863,0.18529828247569508,0.3429091644750152,0.595834192012866,0.595834192012866,0.6270151525006484,-57779010.52693451,-0.008870772077273353,0.8692741442872228,0.4283305227655986,0.53736242497812,18.85446834564209,148.1,0.0,104536.18766119481,0.0,435567.4485883117,37.62818791971248
9339bc8c-1d02-4933-98a7-8d7510f4fa24,XGBClassifier,PREPROCESSING,REWEIGHTER,REWEIGHTER_DEMV,0.6868298604086587,0.4759856630824373,0.29961561804572123,0.4759856630824373,0.7697294250281849,0.4483457123565159,1395.0,0.3131701395913413,0.027975920232469087,1.0900424975482184,0.5516542876434841,0.2101348836612379,1.3924240245422297,0.5240143369175627,0.1721195235076246,1.3357361364228066,0.21114962449451186,-0.017760186685629786,0.91654307484103,0.2302705749718151,0.01784106385770587,1.0780668408964917,0.1511291775548312,0.5240143369175627,0.2302705749718151,0.7697294250281849,0.4759856630824373,0.7888503755054882,731.0,817.0,731.0,817.0,2731.0,3462.0,1481.0,2731.0,664.0,0.4483457123565159,0.09498029368266521,-0.07713922982495934,0.010084222122653835,5.0845767909510514e-05,5.035812602874464e-05,0.010084222122653835,5.0845767909510514e-05,5.035812602874464e-05,0.5497802789384705,-0.16543487755333497,0.8598963137304793,-0.17211952350762455,0.17211952350762455,-0.11394753517343387,-0.04250371485362514,0.2079655330576335,0.7697294250281849,0.4759856630824373,-0.17211952350762455,0.28221727695731336,[0.69637872],3548.0,-0.07864367977199993,0.3144314765409748,0.4617524339360223,0.24141801429990098,0.3131701395913413,0.622857544055311,0.622857544055311,0.6709042952944034,-18596365.063869283,-0.15427845964991874,0.9169701600910606,0.4617524339360222,0.5761640467271644,,,,,,,
9339bc8c-1d02-4933-98a7-8d7510f4fa24,ExtraTreesClassifier,PREPROCESSING,REWEIGHTER,REWEIGHTER_DEMV,0.6512239530649403,0.45089605734767024,0.3210600849686425,0.45089605734767024,0.729988726042841,0.3963453056080655,1395.0,0.3487760469350597,-0.04873694976745979,0.8619681359822917,0.6036546943919344,0.08372257777884506,1.1400761403473525,0.5491039426523298,0.06379925923454244,1.1170851194121252,0.22824791418355184,-0.0613293592625167,0.7380977221352808,0.27001127395715896,-0.05186623048138747,0.8114329895211304,0.16089190683104376,0.5491039426523298,0.27001127395715896,0.729988726042841,0.45089605734767024,0.7717520858164482,766.0,958.0,766.0,958.0,2590.0,3356.0,1587.0,2590.0,629.0,0.3963453056080655,0.0578327448579649,-0.0578327448579649,0.0027615600533129545,3.8131069640269236e-06,3.8029742936850405e-06,0.0027615600533129545,3.8131069640269236e-06,3.8029742936850405e-06,0.5672599172002968,-0.08132819752130338,0.7904796798201628,-0.06379925923454233,0.06379925923454233,-0.07252596852068091,-0.06853816066246782,0.22052355451837177,0.729988726042841,0.45089605734767024,-0.06379925923454233,0.28221727695731336,[0.69637872],3548.0,-0.07864367977199993,0.3144314765409748,0.42186452045606976,0.17437390927639704,0.3487760469350597,0.5904423916952557,0.5904423916952557,0.624589295887494,-58505241.377559625,-0.011933028753154967,0.8621588413926019,0.4218645204560697,0.5301638914627461,19.050432682037354,147.9,0.0,109119.86206991674,0.0,454666.0919579864,39.27809849970382
9339bc8c-1d02-4933-98a7-8d7510f4fa24,XGBClassifier,PREPROCESSING,DIR,HYPERPARAMETER_SMOTE,0.7020028322880841,0.33046594982078853,0.20230629172567266,0.33046594982078853,0.8480834272829764,0.461,1395.0,0.29799716771191587,-0.04323856012984473,0.8567404765109703,0.539,0.14177970984130306,1.2673316215682402,0.6695340501792114,0.121058427041276,1.1829920306668011,0.23687547552624905,-0.05017029627376243,0.7923927531223774,0.15191657271702366,-0.03663865850402927,0.7643501542401491,0.1722323845172649,0.6695340501792114,0.15191657271702366,0.8480834272829764,0.33046594982078853,0.7631245244737509,934.0,539.0,934.0,539.0,3009.0,3943.0,1000.0,3009.0,461.0,0.461,0.07884854277265263,-0.07884854277265263,0.0030369792247973404,4.611621405925328e-06,4.598150614853973e-06,0.0030369792247973404,4.611621405925328e-06,4.598150614853973e-06,0.5869112105204073,0.08071105518587074,0.6698444959460743,-0.12105842704127598,0.12105842704127598,-0.09597500305753277,-0.06880071422694989,0.24757963870118105,0.8480834272829764,0.33046594982078853,-0.12105842704127598,0.28221727695731336,[0.69637872],3548.0,-0.07864367977199993,0.3144314765409748,0.38496868475991647,0.20004323092388238,0.29799716771191587,0.5892746885518825,0.5892746885518825,0.6357381390370072,-16158364.186781958,-0.08441976853724674,0.7902277562502299,0.38496868475991647,0.4843197810607825,12.513518333435059,137.5,0.0,113429.96078686714,0.0,472624.8366119464,40.829534496198704
9339bc8c-1d02-4933-98a7-8d7510f4fa24,XGBClassifier,PREPROCESSING,DIR,DIR_ROS,0.688448310742464,0.43942652329749105,0.2773619259558972,0.43942652329749105,0.786358511837655,0.4471188913202042,1395.0,0.31155168925753596,-0.0028819951226993767,0.9907571031865599,0.5528811086797958,0.15321750321750327,1.2834861293011073,0.560573476702509,0.07479395375221065,1.134608455440788,0.21892497200447927,-0.04512963571965875,0.7976646442734637,0.213641488162345,0.010575230648802975,1.049739300687395,0.15728772365626678,0.560573476702509,0.213641488162345,0.786358511837655,0.43942652329749105,0.7810750279955208,782.0,758.0,782.0,758.0,2790.0,3572.0,1371.0,2790.0,613.0,0.4471188913202042,0.04268459220050681,-0.03210936155170384,0.015125445078278045,0.00011438954440800277,0.00011275708231671291,0.015125445078278045,0.00011438954440800277,0.00011275708231671291,0.5608702588946338,-0.22036043312737585,0.9083687479568487,-0.07479395375221065,0.07479395375221065,-0.09917356946858098,-0.025622587122585583,0.21849009290293428,0.786358511837655,0.43942652329749105,-0.07479395375221065,0.28221727695731336,[0.69637872],3548.0,-0.07864367977199993,0.3144314765409748,0.4432393347794649,0.22698628172276764,0.31155168925753596,0.612892517567573,0.612892517567573,0.6325721050064842,-18916101.396728564,-0.06421872310340768,0.9471657804036597,0.4432393347794649,0.5630684441358417,,,,,,,
9339bc8c-1d02-4933-98a7-8d7510f4fa24,DecisionTreeClassifier,PREPROCESSING,DIR,HYPERPARAMETER_ROS,0.6710499696540563,0.48028673835125446,0.31782318430103174,0.48028673835125446,0.746054114994363,0.426479949077021,1395.0,0.3289500303459437,-0.03953944956178446,0.8810649134009341,0.573520050922979,0.07305743243243246,1.1287202380952381,0.5197132616487455,-0.021105141980046094,0.9594992636229749,0.21500593119810202,-0.07281077945665299,0.671547249667558,0.253945885005637,-0.018016623907840007,0.9295393817132949,0.15276852405234395,0.5197132616487455,0.253945885005637,0.746054114994363,0.48028673835125446,0.784994068801898,725.0,901.0,725.0,901.0,2647.0,3372.0,1571.0,2647.0,670.0,0.426479949077021,0.019560882943943023,0.0015442590361030156,0.01406548469523054,9.891892985588228e-05,9.760398936077409e-05,0.01406548469523054,9.891892985588228e-05,9.760398936077409e-05,0.5527540575198774,-0.2267024940874618,0.9146467361570337,0.021105141980046038,0.021105141980046038,-0.07293410594454272,-0.027333501936396,0.20901629996307414,0.746054114994363,0.48028673835125446,0.021105141980046038,0.28221727695731336,[0.69637872],3548.0,-0.07864367977199993,0.3144314765409748,0.45178691840863117,0.21878119130112827,0.3289500303459437,0.6131704266728087,0.6131704266728087,0.6122235327007481,-17159108.53444994,-0.0030885180722060868,0.9471197194460139,0.45178691840863117,0.571300340975549,,,,,,,
9339bc8c-1d02-4933-98a7-8d7510f4fa24,XGBClassifier,PREPROCESSING,DIR,HYPERPARAMETER_ROS,0.6918875177018006,0.47168458781362005,0.29213028525187135,0.47168458781362005,0.7784667418263811,0.4556786703601108,1395.0,0.30811248229819943,-0.0392733411134506,0.8739560718965752,0.5443213296398892,0.08152762910314282,1.1515548524249763,0.5283154121863799,0.004596416296840156,1.008705131445905,0.21063160903115175,-0.0654583454845922,0.6979211527418892,0.22153325817361894,-0.020641880121444106,0.9076592988421991,0.15099856886402852,0.5283154121863799,0.22153325817361894,0.7784667418263811,0.47168458781362005,0.7893683909688483,737.0,786.0,737.0,786.0,2762.0,3499.0,1444.0,2762.0,658.0,0.4556786703601108,0.012619148209142075,-0.012619148209142075,0.011761524403278899,6.916672814446253e-05,6.83950950067642e-05,0.011761524403278899,6.916672814446253e-05,6.83950950067642e-05,0.5495426623366534,-0.18334102052264734,0.8754072487264611,-0.004596416296840045,0.020641880121444106,-0.07349298729386756,-0.03680269683645809,0.20841051636671687,0.7784667418263811,0.47168458781362005,-0.004596416296840045,0.28221727695731336,[0.69637872],3548.0,-0.07864367977199993,0.3144314765409748,0.46354350123282845,0.247586042045617,0.30811248229819943,0.6250756648200005,0.6250756648200005,0.6329635872762921,-17089533.291083474,0.01604546382460395,0.9244697057133604,0.4635435012328284,0.5790195561881993,12.659425497055054,137.4,0.0,115527.2278200388,0.0,481363.44925016165,41.58445353244452
9339bc8c-1d02-4933-98a7-8d7510f4fa24,XGBClassifier,PREPROCESSING,DIR,FAIR_PCA_ROS,0.626137972890957,0.5792114695340502,0.4185717175804167,0.5792114695340502,0.6445885005636979,0.39052682455292415,1395.0,0.37386202710904304,-0.026050696706450882,0.9307466434458598,0.6094731754470759,0.1392306008092964,1.2316930820665413,0.42078853046594983,0.23608562180920278,1.5826128129117258,0.20424495476687543,-0.01560565648432391,0.9242179863147604,0.3554114994363021,-0.0918821575787192,0.7478161519069086,0.13756257430701424,0.42078853046594983,0.3554114994363021,0.6445885005636979,0.5792114695340502,0.7957550452331246,587.0,1261.0,587.0,1261.0,2287.0,2874.0,2069.0,2287.0,808.0,0.39052682455292415,0.16398388969396102,-0.16398388969396102,0.01541890321585555,0.00011887128818996032,0.00012068854132013404,0.01541890321585555,0.00011887128818996032,0.00012068854132013404,0.5245237350340102,0.07801512878814476,0.6743172129041989,-0.23608562180920284,0.23608562180920284,-0.07741812864681015,-0.1403630653661886,0.18339373259083092,0.6445885005636979,0.5792114695340502,-0.23608562180920284,0.28221727695731336,[0.69617641],3548.0,-0.07864367977199993,0.3144314765409748,0.4665127020785219,0.20418099051545,0.37386202710904304,0.6118999850488741,0.611899985048874,0.712241724700865,-18683035.091750477,-0.14420346423048358,0.7739458127261225,0.46651270207852197,0.5546401950660361,,,,,,,
9339bc8c-1d02-4933-98a7-8d7510f4fa24,XGBClassifier,PREPROCESSING,DIR,HYPERPARAMETER_FAIR_PCA_ROS,0.6188549463888326,0.6164874551971327,0.4468945984220109,0.6164874551971327,0.6197857948139797,0.3893164327750113,1395.0,0.38114505361116735,-0.0917759285610541,0.7642289999452054,0.6106835672249887,0.07556641695596567,1.124465811965812,0.3835125448028674,0.27599352664419896,1.7555032882718304,0.19568397951719094,-0.021073551685796582,0.8937025260554673,0.3802142051860203,-0.19320383517264159,0.515780998389694,0.13049517562491011,0.3835125448028674,0.3802142051860203,0.6197857948139797,0.6164874551971327,0.804316020482809,535.0,1349.0,535.0,1349.0,2199.0,2734.0,2209.0,2199.0,860.0,0.3893164327750113,0.2345986809084203,-0.2345986809084203,0.03669007403737593,0.0006730807664340636,0.0006984801044078529,0.03669007403737593,0.0006730807664340636,0.0006984801044078529,0.5108721476551841,0.35752158734193984,0.5094375927425712,-0.275993526644199,0.275993526644199,-0.048319984320881124,-0.22916863454879888,0.17239718156683367,0.6197857948139797,0.6164874551971327,-0.275993526644199,0.28221727695731336,[0.69617641],3548.0,-0.07864367977199993,0.3144314765409748,0.4772475027746948,0.21389289151079804,0.38114505361116735,0.6181366250055562,0.6181366250055562,0.7631506618530426,-17876190.928885654,-0.08278969147155738,0.6245278145766622,0.47724750277469485,0.5269555729544861,12.804502725601196,137.79999999999998,0.0,120185.32561559677,0.0,500772.1900649865,43.26115308616967
9339bc8c-1d02-4933-98a7-8d7510f4fa24,XGBClassifier,PREPROCESSING,DIR,DIR_RUS,0.6536516285656484,0.5318996415770609,0.3643536313979365,0.5318996415770609,0.70152198421646,0.4119933370349806,1395.0,0.3463483714343516,-0.013440508003059182,0.9613263543666765,0.5880066629650195,0.10547531349584072,1.1820246546773894,0.46810035842293907,0.03415195702225632,1.07331136738056,0.2078294080203692,-0.054832150291511644,0.7424605263902806,0.29847801578354,-0.009551733655495054,0.9680978071965061,0.14500275603063228,0.46810035842293907,0.29847801578354,0.70152198421646,0.5318996415770609,0.7921705919796308,653.0,1059.0,653.0,1059.0,2489.0,3142.0,1801.0,2489.0,742.0,0.4119933370349806,0.021851845338875714,-0.021851845338875714,0.011923784688554073,7.108832064949828e-05,7.028451507846018e-05,0.011923784688554073,7.108832064949828e-05,7.028451507846018e-05,0.5385215985095347,-0.22076666032499803,0.9096296501137251,-0.034151957022256374,0.034151957022256374,-0.08015373189367621,-0.033191950524142255,0.19552265505126806,0.70152198421646,0.5318996415770609,-0.034151957022256374,0.28221727695731336,[0.69637872],3548.0,-0.07864367977199993,0.3144314765409748,0.4643304130162703,0.21830317505474714,0.3463483714343516,0.6167108128967603,0.6167108128967604,0.6301870821989927,-19402351.207233537,-0.024600223366761265,0.9483201737853608,0.46433041301627037,0.5834367805213584,,,,,,,
9339bc8c-1d02-4933-98a7-8d7510f4fa24,ExtraTreesClassifier,PREPROCESSING,DIR,DIR_RUS,0.6336233056848068,0.5318996415770609,0.3843819542787781,0.5318996415770609,0.673618940248027,0.39052631578947367,1395.0,0.36637669431519315,-0.02788044620902108,0.9244107758015349,0.6094736842105263,0.10621410916197094,1.1764896083435954,0.46810035842293907,0.10397410657679595,1.2254213991174128,0.21459086427867236,-0.04576983837647344,0.7911037160288409,0.32638105975197296,-0.05009253100580524,0.8487781556912402,0.14650508289830325,0.46810035842293907,0.32638105975197296,0.673618940248027,0.5318996415770609,0.7854091357213276,653.0,1158.0,653.0,1158.0,2390.0,3043.0,1900.0,2390.0,742.0,0.39052631578947367,0.07703331879130063,-0.07703331879130063,0.00022890993329714512,2.6199878781051715e-08,2.619408405058419e-08,0.00022890993329714512,2.6199878781051715e-08,2.619408405058419e-08,0.5413041342873768,-0.0941677562856964,0.8012683809452111,-0.10397410657679601,0.10397410657679601,-0.07599197376922219,-0.07775495880905298,0.19738775501080366,0.673618940248027,0.5318996415770609,-0.10397410657679601,0.28221727695731336,[0.69637872],3548.0,-0.07864367977199993,0.3144314765409748,0.4503793626707132,0.1901525821209284,0.36637669431519315,0.602759290912544,0.602759290912544,0.6491918395238283,-27429805.800940823,-0.053881575570990714,0.8692797125486609,0.4503793626707132,0.5579232192014415,13.588763952255249,147.4,0.0,118527.20499556065,0.0,493863.35414816934,42.664306427800184
9339bc8c-1d02-4933-98a7-8d7510f4fa24,DecisionTreeClassifier,PREPROCESSING,DIR,HYPERPARAMETER_RUS,0.637264818935869,0.5691756272401434,0.4017802953671859,0.5691756272401434,0.6640360766629086,0.3997985901309164,1395.0,0.36273518106413105,-0.01384474908106259,0.9619607077077634,0.6002014098690835,0.08124319633982802,1.1369938813514233,0.43082437275985663,-0.053947412326070254,0.8758065755108312,0.20324653364896855,-0.07643076661615375,0.6360761200873951,0.3359639233370913,0.0067183392381236495,1.020036164413138,0.13899550421881926,0.43082437275985663,0.3359639233370913,0.6640360766629086,0.5691756272401434,0.7967534663510315,601.0,1192.0,601.0,1192.0,2356.0,2957.0,1986.0,2356.0,794.0,0.3997985901309164,0.030332875782096952,0.030332875782096952,0.019573740905062458,0.00019156566650925763,0.00018805231100027704,0.019573740905062458,0.00019156566650925763,0.00018805231100027704,0.5272485262545914,-0.31132812142596544,0.9963899738061452,0.053947412326070254,0.053947412326070254,-0.07883698147799088,-0.0014509004520796842,0.18566344642862972,0.6640360766629086,0.5691756272401434,0.053947412326070254,0.28221727695731336,[0.69637872],3548.0,-0.07864367977199993,0.3144314765409748,0.4696835255841467,0.2140986688370668,0.36273518106413105,0.6166058519515262,0.6166058519515261,0.5979024232377664,-17450202.392002482,-0.047229073087946605,0.9948333893431855,0.4696835255841468,0.5954034980967756,,,,,,,
9339bc8c-1d02-4933-98a7-8d7510f4fa24,XGBClassifier,PREPROCESSING,DIR,HYPERPARAMETER_RUS,0.6829860408658709,0.4974910394265233,0.31559781509204937,0.4974910394265233,0.7559188275084555,0.44487179487179485,1395.0,0.3170139591341291,-0.03146630833437447,0.9016050066934828,0.5551282051282052,0.08462814245810057,1.1543789808917198,0.5025089605734767,-0.014323133905035201,0.9715502386002121,0.20721253325450784,-0.06777166463480114,0.682423632488752,0.24408117249154454,-0.01030012624034532,0.9579728607034063,0.1479103824117924,0.5025089605734767,0.24408117249154454,0.7559188275084555,0.4974910394265233,0.7927874667454922,701.0,866.0,701.0,866.0,2682.0,3383.0,1560.0,2682.0,694.0,0.44487179487179485,0.012311630072690288,0.0020115038323449685,0.014766410592158013,0.00010902344088809817,0.00010750363445580186,0.014766410592158013,0.00010902344088809817,0.00010750363445580186,0.5438940750031984,-0.23435204460155679,0.9216726538230444,0.014323133905035257,0.014323133905035257,-0.07619990354645086,-0.02489231241131834,0.20219404132481614,0.7559188275084555,0.4974910394265233,0.014323133905035257,0.28221727695731336,[0.69637872],3548.0,-0.07864367977199993,0.3144314765409748,0.4697123519458545,0.24540823511508741,0.3170139591341291,0.6267049334674893,0.6267049334674895,0.6254443140920701,-17198782.916947417,-0.004023007664689882,0.9544756932234665,0.4697123519458545,0.5894642340217598,11.761609554290771,136.1,0.0,118366.52101614476,0.0,493193.8375672698,42.60646763428358
9339bc8c-1d02-4933-98a7-8d7510f4fa24,XGBClassifier,PREPROCESSING,DIR,FAIR_PCA_RUS,0.6206757030143637,0.6121863799283154,0.4426461662957718,0.6121863799283154,0.6240135287485907,0.3903107861060329,1395.0,0.3793242969856363,-0.01698117231943974,0.9554095789793733,0.6096892138939671,0.11748004689181157,1.1953201760006835,0.3878136200716846,0.15501851913644105,1.4105470130788267,0.19637023593466424,-0.026574460929885274,0.8665335508988892,0.37598647125140927,-0.06330116240662065,0.834351615042152,0.13128921986270853,0.3878136200716846,0.37598647125140927,0.6240135287485907,0.6121863799283154,0.8036297640653357,541.0,1334.0,541.0,1334.0,2214.0,2755.0,2188.0,2214.0,854.0,0.3903107861060329,0.10915984077153082,-0.10915984077153082,0.005592947490872717,1.5640530817829707e-05,1.572585804204525e-05,0.005592947490872717,1.5640530817829707e-05,1.572585804204525e-05,0.512424081914011,-0.060803387939395215,0.7752410617399176,-0.155018519136441,0.155018519136441,-0.07202725391084842,-0.1015056456633972,0.17361560957247055,0.6240135287485907,0.6121863799283154,-0.155018519136441,0.28221727695731336,[0.69617641],3548.0,-0.07864367977199993,0.3144314765409748,0.47669550655874965,0.21402976484411276,0.3793242969856363,0.618099954338453,0.6180999543384531,0.6855716469349291,-18884979.317518543,-0.0917173567298204,0.848356185482024,0.4766955065587496,0.5779794986040834,,,,,,,
9339bc8c-1d02-4933-98a7-8d7510f4fa24,XGBClassifier,PREPROCESSING,DIR,HYPERPARAMETER_FAIR_PCA_RUS,0.6105603884280801,0.6136200716845878,0.4535707060489581,0.6136200716845878,0.6093573844419391,0.3818019625334523,1395.0,0.38943961157191986,-0.09585439602015511,0.7591076918757285,0.6181980374665478,0.0669026095855364,1.10879966715207,0.3863799283154122,0.2496496379592245,1.674882734981057,0.19955572010366532,-0.028720929333838296,0.8585404849822985,0.3906426155580609,-0.1919124733605723,0.5311245978841242,0.1312170349092146,0.3863799283154122,0.3906426155580609,0.6093573844419391,0.6136200716845878,0.8004442798963347,539.0,1386.0,539.0,1386.0,2162.0,2701.0,2242.0,2162.0,856.0,0.3818019625334523,0.22078105565989836,-0.22078105565989836,0.03460559987171798,0.0005987737712407238,0.0006200071426189916,0.03460559987171798,0.0005987737712407238,0.0006200071426189916,0.5122831929884379,0.3144351695528498,0.5320044135135947,-0.24964963795922446,0.24964963795922446,-0.04781176945968735,-0.22143066808455747,0.17368884472820306,0.6093573844419391,0.6136200716845878,-0.24964963795922446,0.28221727695731336,[0.69617641],3548.0,-0.07864367977199993,0.3144314765409748,0.47071762441572723,0.201585722524221,0.38943961157191986,0.6114887280632634,0.6114887280632635,0.7464938549691993,-17915113.301289394,-0.05773716459865222,0.6416069193407282,0.4707176244157273,0.5268470160351987,11.968952178955078,136.5,0.0,122256.32630367277,0.0,509401.35959863657,44.006617454215544
9339bc8c-1d02-4933-98a7-8d7510f4fa24,DecisionTreeClassifier,PREPROCESSING,DIR,HYPERPARAMETER_FAIR_PCA_BAL_GAN_FAIR,0.6289702609751163,0.5068100358422939,0.37487355856767146,0.5068100358422939,0.6770011273957159,0.3815434430652995,1395.0,0.3710297390248837,0.017220365218610145,1.0466035829880225,0.6184565569347005,0.12909572730242858,1.2126430595917197,0.4931899641577061,0.04220194200674032,1.0860549772062327,0.2226537216828479,-0.048085496848042475,0.7880927087259975,0.3229988726042841,0.027501391358644767,1.0858547334519875,0.15179044963489358,0.4931899641577061,0.3229988726042841,0.6770011273957159,0.5068100358422939,0.7773462783171521,688.0,1146.0,688.0,1146.0,2402.0,3090.0,1853.0,2402.0,707.0,0.3815434430652995,0.03485166668269252,-0.00735027532404775,0.019898072603060483,0.00019796664665833308,0.00019427759542461223,0.019898072603060483,0.00019796664665833308,0.00019427759542461223,0.5509817594710257,-0.3096329570445443,0.9945134253178611,-0.04220194200674027,0.04220194200674027,-0.08859061207523553,-0.0020577699096348545,0.2055363108335636,0.6770011273957159,0.5068100358422939,-0.04220194200674027,0.28221727695731336,[0.69617641],3548.0,-0.07864367977199993,0.3144314765409748,0.4353448275862069,0.1708967656624072,0.3710297390248837,0.5919055816190049,0.5919055816190049,0.5962562506097452,-18115648.207054727,-0.014700550648095556,0.9833828219648006,0.43534482758620696,0.5602313046436668,,,,,,,
9339bc8c-1d02-4933-98a7-8d7510f4fa24,DecisionTreeClassifier,PREPROCESSING,DIR,HYPERPARAMETER_FAIR_PCA_DEMV,0.6289702609751163,0.5068100358422939,0.37487355856767146,0.5068100358422939,0.6770011273957159,0.3815434430652995,1395.0,0.3710297390248837,0.017220365218610145,1.0466035829880225,0.6184565569347005,0.12909572730242858,1.2126430595917197,0.4931899641577061,0.04220194200674032,1.0860549772062327,0.2226537216828479,-0.048085496848042475,0.7880927087259975,0.3229988726042841,0.027501391358644767,1.0858547334519875,0.15179044963489358,0.4931899641577061,0.3229988726042841,0.6770011273957159,0.5068100358422939,0.7773462783171521,688.0,1146.0,688.0,1146.0,2402.0,3090.0,1853.0,2402.0,707.0,0.3815434430652995,0.03485166668269252,-0.00735027532404775,0.019898072603060483,0.00019796664665833308,0.00019427759542461223,0.019898072603060483,0.00019796664665833308,0.00019427759542461223,0.5509817594710257,-0.3096329570445443,0.9945134253178611,-0.04220194200674027,0.04220194200674027,-0.08859061207523553,-0.0020577699096348545,0.2055363108335636,0.6770011273957159,0.5068100358422939,-0.04220194200674027,0.28221727695731336,[0.69617641],3548.0,-0.07864367977199993,0.3144314765409748,0.4353448275862069,0.1708967656624072,0.3710297390248837,0.5919055816190049,0.5919055816190049,0.5962562506097452,-18115648.207054727,-0.014700550648095556,0.9833828219648006,0.43534482758620696,0.5602313046436668,,,,,,,
9339bc8c-1d02-4933-98a7-8d7510f4fa24,NEURONAL_NETWORK,IN_PROCESSING,FAIR_FOR_FREE,SMOTE,0.6957313372445884,0.3627240143369176,0.22678535302447905,0.3627240143369176,0.826662908680947,0.4513826940231936,1395.0,0.30426866275541165,0.007617608253830843,1.0250913324501183,0.5486173059768065,0.17958172604190303,1.3375870894355182,0.6372759856630824,0.03922386466014882,1.0618001156616372,0.2326007326007326,-0.0508444816269408,0.785494079327211,0.17333709131905298,0.04558860126602324,1.2699081143346995,0.16879229815682978,0.6372759856630824,0.17333709131905298,0.826662908680947,0.3627240143369176,0.7673992673992674,889.0,615.0,889.0,615.0,2933.0,3822.0,1121.0,2933.0,506.0,0.4513826940231936,0.04240623296308603,0.003182368302937208,0.0273290063356954,0.00037343729364823974,0.0003639884748431342,0.0273290063356954,0.00037343729364823974,0.0003639884748431342,0.5810203062834031,-0.2591802101386569,1.054440641812303,-0.03922386466014882,0.04558860126602324,-0.11521310383442192,0.012287202113429235,0.23963000968079265,0.826662908680947,0.3627240143369176,-0.03922386466014882,0.28221727695731336,[0.69637872],3548.0,-0.07864367977199993,0.3144314765409748,0.40222575516693165,0.2035545196884929,0.30426866275541165,0.5946934615089323,0.5946934615089323,0.5928009278870623,-17208531.94644634,0.006364736605874416,1.0019355806417316,0.40222575516693165,0.5288411819767099,503.0340757369995,305.6,0.0,3374887.58166902,0.0,14062031.590287585,1214.8032846053995
9339bc8c-1d02-4933-98a7-8d7510f4fa24,NEURONAL_NETWORK,IN_PROCESSING,FAIR_FOR_FREE,ROS,0.65264009710702,0.6458781362007169,0.42969856362532877,0.6458781362007169,0.6552987598647125,0.4241996233521657,1395.0,0.34735990289298,0.020593442153406527,1.0595979770990687,0.5758003766478342,0.13500511770726709,1.2389492753623188,0.3541218637992832,0.09799292602355764,1.2818648622708513,0.17523944661227386,-0.023949784556138692,0.865077593405594,0.34470124013528747,0.00025067079323276564,1.0007272631800042,0.12364467351063602,0.3541218637992832,0.34470124013528747,0.6552987598647125,0.6458781362007169,0.8247605533877261,494.0,1223.0,494.0,1223.0,2325.0,2819.0,2124.0,2325.0,901.0,0.4241996233521657,0.04912179840839523,-0.04887112761516246,0.008415483886102944,3.541018451862916e-05,3.5126024415556906e-05,0.008415483886102944,3.541018451862916e-05,3.5126024415556906e-05,0.49728195927589414,-0.206445200345739,0.8970860688278929,-0.09799292602355769,0.09799292602355769,-0.07947745113170292,-0.044628011875343376,0.16134425645776493,0.6552987598647125,0.6458781362007169,-0.09799292602355769,0.28221727695731336,[0.69637872],3548.0,-0.07864367977199993,0.3144314765409748,0.5120772946859904,0.27382668473766636,0.34735990289298,0.6505884480327148,0.6505884480327147,0.682383439101472,-17953440.921934806,-0.09774225523032487,0.9456394545153188,0.5120772946859903,0.6270802177547357,,,,,,,
9339bc8c-1d02-4933-98a7-8d7510f4fa24,NEURONAL_NETWORK,IN_PROCESSING,FAIR_FOR_FREE,ROS_FAIR_PCA,0.6394901881448513,0.5942652329749104,0.4137163665790006,0.5942652329749104,0.657271702367531,0.4053789731051345,1395.0,0.36050981185514874,0.07394513900103694,1.2089008127515188,0.5946210268948655,0.150034431460367,1.2589326619945114,0.4057347670250896,-0.015449297607527779,0.9620180475799835,0.19530710835058662,-0.042128935532233874,0.7879245283018869,0.342728297632469,0.1051803789020257,1.3163312240593317,0.1340390655236877,0.4057347670250896,0.342728297632469,0.657271702367531,0.5942652329749104,0.8046928916494134,566.0,1216.0,566.0,1216.0,2332.0,2898.0,2045.0,2332.0,829.0,0.4053789731051345,0.06031483825477674,0.06031483825477674,0.03623604791106621,0.000656525584106543,0.0006347953602335736,0.03623604791106621,0.000656525584106543,0.0006347953602335736,0.5177626203651393,-0.1648373252973464,1.161273695664624,0.015449297607527779,0.1051803789020257,-0.09608168349630046,0.06578363351788258,0.17785728773654003,0.657271702367531,0.5942652329749104,0.015449297607527779,0.28221727695731336,[0.69617641],3548.0,-0.07864367977199993,0.3144314765409748,0.4819767441860465,0.22987134023629566,0.36050981185514874,0.6257684676712207,0.6257684676712207,0.5880253437586916,-17437272.94693069,0.08973108129449792,1.0107814464197724,0.48197674418604647,0.609530585108831,487.77516651153564,377.6,0.0,3463487.078840947,0.0,14431196.161837278,1246.6950017587203
9339bc8c-1d02-4933-98a7-8d7510f4fa24,NEURONAL_NETWORK,IN_PROCESSING,FAIR_FOR_FREE,RUS,0.6506170341897634,0.6408602150537634,0.4288893384584261,0.6408602150537634,0.6544532130777903,0.4216981132075472,1395.0,0.34938296581023665,0.0058228997492283385,1.0166908309605744,0.5783018867924529,0.10874325043397848,1.1910380972813925,0.35913978494623655,0.02279855851046081,1.0637479007277477,0.17747077577045697,-0.047202797202797214,0.7403846153846153,0.3455467869222097,0.002524806906568533,1.0073118955892757,0.12467907837534839,0.35913978494623655,0.3455467869222097,0.6544532130777903,0.6408602150537634,0.822529224229543,501.0,1226.0,501.0,1226.0,2322.0,2823.0,2120.0,2322.0,894.0,0.4216981132075472,0.012661682708514699,-0.010136875801946166,0.012991529255308531,8.438991619576871e-05,8.335201162536201e-05,0.012991529255308531,8.438991619576871e-05,8.335201162536201e-05,0.49935774425825896,-0.2523244474783696,0.939312747396922,-0.022798558510460865,0.022798558510460865,-0.0779730238183879,-0.026168515714110163,0.16299441996515776,0.6544532130777903,0.6408602150537634,-0.022798558510460865,0.28221727695731336,[0.69637872],3548.0,-0.07864367977199993,0.3144314765409748,0.5086770981507823,0.268558396372165,0.34938296581023665,0.6476567140657767,0.6476567140657769,0.6542219297385582,-18331434.148819216,-0.020273751603892276,0.9675206505547045,0.5086770981507823,0.6277629142405745,193.41519951820374,374.9,19.0,3435325.165590262,3675.8826353549957,14865237.25192934,1284.1913292638958
9339bc8c-1d02-4933-98a7-8d7510f4fa24,NEURONAL_NETWORK,IN_PROCESSING,FAIR_FOR_FREE,RUS_FAIR_PCA,0.6000404612583451,0.6659498207885305,0.4936273518106413,0.6659498207885305,0.5741262683201804,0.38073770491803277,1395.0,0.3999595387416549,0.055772064910147745,1.1411847890365874,0.6192622950819672,0.11930532120663406,1.1962363771745754,0.3340501792114695,-0.020162501251292986,0.9398816038205154,0.18617658809428686,-0.049471450731431055,0.7399635644620203,0.4258737316798196,0.0676621102499016,1.1613713619735182,0.1210432164707951,0.3340501792114695,0.4258737316798196,0.5741262683201804,0.6659498207885305,0.8138234119057132,466.0,1511.0,466.0,1511.0,2037.0,2503.0,2440.0,2037.0,929.0,0.38073770491803277,0.04391230575059732,0.04391230575059732,0.027421233682222084,0.00037596202832751544,0.00036641857191521693,0.027421233682222084,0.00037596202832751544,0.00036641857191521693,0.4920227971767063,-0.2363231470264221,1.0782662563074088,0.02016250125129304,0.0676621102499016,-0.08438838596903256,0.038368877093445664,0.15802972722838804,0.5741262683201804,0.6659498207885305,0.02016250125129304,0.28221727695731336,[0.69617641],3548.0,-0.07864367977199993,0.3144314765409748,0.4844850065189048,0.216123742378453,0.3999595387416549,0.6200380445543554,0.6200380445543554,0.5928107443648821,-17528547.189277887,0.04749960899860861,1.0000063791429528,0.48448500651890486,0.6103419268115843,,,,,,,
9339bc8c-1d02-4933-98a7-8d7510f4fa24,NEURONAL_NETWORK,IN_PROCESSING,FAIR_FOR_FREE,BAL_GAN_FAIR,0.6481893586890553,0.5483870967741935,0.37912199069391056,0.5483870967741935,0.6874295377677565,0.4082177161152615,1395.0,0.35181064131094475,0.003159783903688984,1.0089886276957214,0.5917822838847385,0.1242437707215368,1.2136099194922725,0.45161290322580644,0.06344055524041514,1.1417890968752331,0.20527859237536658,-0.04384276936303638,0.7905624139347233,0.3125704622322435,0.000523965304266405,1.00167658428528,0.1422955999445406,0.45161290322580644,0.3125704622322435,0.6874295377677565,0.5483870967741935,0.7947214076246334,630.0,1109.0,630.0,1109.0,2439.0,3069.0,1874.0,2439.0,765.0,0.4082177161152615,0.031982260272340746,-0.03145829496807434,0.012118115726242648,7.342436437730469e-05,7.258087315853269e-05,0.012118115726242648,7.342436437730469e-05,7.258087315853269e-05,0.5334708988211834,-0.22834887310385044,0.9166853925861314,-0.06344055524041509,0.06344055524041509,-0.08404327004228654,-0.031820781038452706,0.19105627168102252,0.6874295377677565,0.5483870967741935,-0.06344055524041509,0.28221727695731336,[0.69637872],3548.0,-0.07864367977199993,0.3144314765409748,0.46803303762618537,0.21876110526607415,0.35181064131094475,0.6179083172709751,0.617908317270975,0.6373466593789118,-17753030.133374576,-0.06291658993614874,0.9562921664122569,0.46803303762618537,0.5881512253363594,,,,,,,
9339bc8c-1d02-4933-98a7-8d7510f4fa24,NEURONAL_NETWORK,IN_PROCESSING,FAIR_FOR_FREE,DEMV,0.7001820756625531,0.32688172043010755,0.202103985433947,0.32688172043010755,0.84695603156708,0.45645645645645644,1395.0,0.2998179243374469,-0.0326846178144371,0.8920257420294329,0.5435435435435435,0.1642794504530839,1.3083958295225901,0.6731182795698925,0.11722112849944943,1.1761697006168197,0.23808316430020285,-0.04858315171513214,0.799783620440407,0.15304396843291995,-0.021833697575189936,0.8592890677397719,0.1733648738448059,0.6731182795698925,0.15304396843291995,0.84695603156708,0.32688172043010755,0.7619168356997972,939.0,543.0,939.0,543.0,3005.0,3944.0,999.0,3005.0,456.0,0.45645645645645644,0.0695274130373197,-0.0695274130373197,0.006979598464033872,2.4357397359571995e-05,2.419491292132964e-05,0.006979598464033872,2.4357397359571995e-05,2.419491292132964e-05,0.5888376242136807,-0.0038605735352081894,0.7294105528044914,-0.11722112849944946,0.11722112849944946,-0.10643130108410802,-0.056027508706926216,0.2490551967126723,0.84695603156708,0.32688172043010755,-0.11722112849944946,0.28221727695731336,[0.69637872],3548.0,-0.07864367977199993,0.3144314765409748,0.38095238095238093,0.1948371684373087,0.2998179243374469,0.5869188759985938,0.5869188759985937,0.6277258271095474,-16406032.613827344,-0.0953874309242595,0.8356693535654603,0.38095238095238093,0.48693594354771014,840.8767156600952,705.5,18.0,3668363.7264406434,7143.046634674072,16356305.85537046,1413.0030891722813
9339bc8c-1d02-4933-98a7-8d7510f4fa24,ADVERSARIAL_DEBIASING,IN_PROCESSING,ADVERSARIAL_DEBIASING,ROS,0.7165688852923326,0.4544802867383513,0.25773821565850696,0.4544802867383513,0.8196166854565953,0.4976452119309262,1395.0,0.28343111470766735,-0.0322803767364338,0.887243893353201,0.5023547880690737,0.1172314846880721,1.2370548219287716,0.5455197132616487,0.10254763255363875,1.190341260993435,0.20741346415917145,-0.04402338504124759,0.7919863701113701,0.18038331454340473,-0.0328532580416005,0.8210391402937987,0.14860218296446817,0.5455197132616487,0.18038331454340473,0.8196166854565953,0.4544802867383513,0.7925865358408286,761.0,640.0,761.0,640.0,2908.0,3669.0,1274.0,2908.0,634.0,0.4976452119309262,0.06770044529761965,-0.06770044529761965,0.0027009567575278265,3.647583703017615e-06,3.638102667580146e-06,0.0027009567575278265,3.647583703017615e-06,3.638102667580146e-06,0.5451645310628126,-0.012827635054879272,0.737134641921658,-0.1025476325536388,0.1025476325536388,-0.08062743486465981,-0.06936238587553231,0.2087795880201626,0.8196166854565953,0.4544802867383513,-0.1025476325536388,0.28221727695731336,[0.69637872],3548.0,-0.07864367977199993,0.3144314765409748,0.47508430123641815,0.2820490086830397,0.28343111470766735,0.6370484860974732,0.6370484860974732,0.6801769522824466,-17294557.94636019,-0.06969437451203825,0.8366193212720983,0.47508430123641815,0.5743665518639659,,,,,,,
9339bc8c-1d02-4933-98a7-8d7510f4fa24,ADVERSARIAL_DEBIASING,IN_PROCESSING,ADVERSARIAL_DEBIASING,ROS_FAIR_PCA,0.6799514464899858,0.4645161290322581,0.30002023062917255,0.4645161290322581,0.7646561443066516,0.43695212407282535,1395.0,0.32004855351001416,-0.017223412261911597,0.9464398235664778,0.5630478759271746,0.1281312576706931,1.2315828799589044,0.535483870967742,0.07838099369348328,1.147800918643428,0.21589595375722542,-0.04750488158226254,0.7844062103589359,0.23534385569334837,-0.013464731886320358,0.9431035142059576,0.15432211364870746,0.535483870967742,0.23534385569334837,0.7646561443066516,0.4645161290322581,0.7841040462427745,747.0,835.0,747.0,835.0,2713.0,3460.0,1483.0,2713.0,648.0,0.43695212407282535,0.04592286278990179,-0.04592286278990179,0.009256248914779237,4.28390719861759e-05,4.2461456372333484e-05,0.009256248914779237,4.28390719861759e-05,4.2461456372333484e-05,0.5555575823417541,-0.15447151003379367,0.8504868963904525,-0.07838099369348323,0.07838099369348323,-0.08781806962647783,-0.045457823334460745,0.21243829639447384,0.7646561443066516,0.4645161290322581,-0.07838099369348323,0.28221727695731336,[0.69617641],3548.0,-0.07864367977199993,0.3144314765409748,0.45031271716469773,0.22507764235218752,0.32004855351001416,0.6145861366694549,0.6145861366694548,0.6428096914963021,-17114977.94158223,-0.06491626180716292,0.9134732662131024,0.4503127171646977,0.5648771194066475,,,,,,,
9339bc8c-1d02-4933-98a7-8d7510f4fa24,ADVERSARIAL_DEBIASING,IN_PROCESSING,ADVERSARIAL_DEBIASING,RUS,0.6991705442039248,0.5003584229390681,0.3010317620878009,0.5003584229390681,0.7773393461104848,0.46908602150537637,1395.0,0.30082945579607523,0.031472402420977486,1.105595417206943,0.5309139784946236,0.17087749046206024,1.3319061342116099,0.4996415770609319,0.02365777970569588,1.0474978227373217,0.20173661360347322,-0.043893654723293735,0.7864157756299514,0.22266065388951523,0.061588999443456555,1.2842500939731865,0.14474007952905868,0.4996415770609319,0.22266065388951523,0.7773393461104848,0.5003584229390681,0.7982633863965267,697.0,790.0,697.0,790.0,2758.0,3455.0,1488.0,2758.0,698.0,0.46908602150537637,0.04262338957457619,0.018965609868880365,0.027823533585308965,0.00038707451058640795,0.0003771109528087933,0.027823533585308965,0.00038707451058640795,0.0003771109528087933,0.5380336040231292,-0.24480401803275686,1.0708974733311154,-0.023657779705695825,0.061588999443456555,-0.10738557259267696,0.021209452740866275,0.19882905231363351,0.7773393461104848,0.5003584229390681,-0.023657779705695825,0.28221727695731336,[0.69637872],3548.0,-0.07864367977199993,0.3144314765409748,0.48421782865071106,0.2724744650991674,0.30082945579607523,0.6388488845247764,0.6388488845247764,0.62673272581571,-17694633.99944286,0.037931219737760674,1.0002863995270375,0.48421782865071106,0.6101291614680611,,,,,,,
9339bc8c-1d02-4933-98a7-8d7510f4fa24,ADVERSARIAL_DEBIASING,IN_PROCESSING,ADVERSARIAL_DEBIASING,BAL_GAN_FAIR,0.6469755209387011,0.46881720430107526,0.3354238316811653,0.46881720430107526,0.7170236753100339,0.3944511459589867,1395.0,0.35302447906129886,0.03195129605986835,1.091237351106316,0.6055488540410132,0.15710349494851839,1.2657182568882348,0.5311827956989247,0.05971170209216192,1.1132523258021645,0.22557077625570776,-0.04026516997507329,0.8242281735731517,0.2829763246899662,0.04935952254905951,1.1774394508694024,0.15785234212895116,0.5311827956989247,0.2829763246899662,0.7170236753100339,0.46881720430107526,0.7744292237442922,741.0,1004.0,741.0,1004.0,2544.0,3285.0,1658.0,2544.0,654.0,0.3944511459589867,0.054535612320610716,-0.005176089771551207,0.02418860486627432,0.00029254430268837485,0.000285961181995405,0.02418860486627432,0.00029254430268837485,0.000285961181995405,0.5618760399393289,-0.2808856678786893,1.0331739449312818,-0.05971170209216192,0.05971170209216192,-0.09868433246179584,0.011094792501429585,0.2155135932853665,0.7170236753100339,0.46881720430107526,-0.05971170209216192,0.28221727695731336,[0.69637872],3548.0,-0.07864367977199993,0.3144314765409748,0.428431051424828,0.17715777277530517,0.35302447906129886,0.5929204398055545,0.5929204398055545,0.5959894492293757,-19018215.639439985,-0.010352179543102413,0.9901903738757163,0.428431051424828,0.5541942577565243,,,,,,,
9339bc8c-1d02-4933-98a7-8d7510f4fa24,ADVERSARIAL_DEBIASING,IN_PROCESSING,ADVERSARIAL_DEBIASING,BAL_GAN_FAIR_FAIR_PCA,0.6455593768966215,0.4960573476702509,0.3522152538943961,0.4960573476702509,0.7043404735062007,0.3974727168294084,1395.0,0.35444062310337854,-0.002235514102224223,0.9936963538519259,0.6025272831705916,0.1360408649441085,1.2298374613003096,0.5039426523297491,0.1005121959358003,1.2021101717659688,0.21955028107432856,-0.04064699880096334,0.8180294081456873,0.29565952649379934,-0.009640418629274172,0.9674965675057209,0.15265185959250543,0.5039426523297491,0.29565952649379934,0.7043404735062007,0.4960573476702509,0.7804497189256715,703.0,1049.0,703.0,1049.0,2499.0,3202.0,1741.0,2499.0,692.0,0.3974727168294084,0.055076307282537235,-0.055076307282537235,0.008931782518539927,3.988836947924773e-05,3.9548913577837005e-05,0.008931782518539927,3.988836947924773e-05,3.9548913577837005e-05,0.5525429568685234,-0.1807336899506229,0.8737227057892599,-0.1005121959358003,0.1005121959358003,-0.08834393187253592,-0.04497892969556988,0.20729555549769438,0.7043404735062007,0.4960573476702509,-0.1005121959358003,0.28221727695731336,[0.69617641],3548.0,-0.07864367977199993,0.3144314765409748,0.4413265306122449,0.1888260269764875,0.35444062310337854,0.6001989105882257,0.6001989105882257,0.633255650218427,-18441044.280636825,-0.09087177730652612,0.928392119918561,0.44132653061224486,0.5585375249292716,,,,,,,
9339bc8c-1d02-4933-98a7-8d7510f4fa24,ADVERSARIAL_DEBIASING,IN_PROCESSING,ADVERSARIAL_DEBIASING,DEMV,0.6204733967226381,0.5777777777777777,0.4234270685818329,0.5777777777777777,0.637260428410372,0.38509316770186336,1395.0,0.3795266032773619,0.015430227278959818,1.040803171431334,0.6149068322981367,0.13393939393939402,1.2216967612496419,0.4222222222222222,0.10654342820914942,1.2566101422486537,0.20666666666666667,-0.031170017096626923,0.8512942437589758,0.36273957158962794,-0.0036768066169849956,0.9898737647513303,0.13805186600584687,0.4222222222222222,0.36273957158962794,0.637260428410372,0.5777777777777777,0.7933333333333333,589.0,1287.0,589.0,1287.0,2261.0,2850.0,2093.0,2261.0,806.0,0.38509316770186336,0.055110117413067206,-0.055110117413067206,0.008924226298340287,3.982090751199419e-05,3.94823083433805e-05,0.008924226298340287,3.982090751199419e-05,3.94823083433805e-05,0.5254557374429304,-0.20959438539262987,0.8998876638235905,-0.10654342820914942,0.10654342820914942,-0.08255470551801042,-0.04276880762085844,0.1841955757132869,0.637260428410372,0.5777777777777777,-0.10654342820914942,0.28221727695731336,[0.69637872],3548.0,-0.07864367977199993,0.3144314765409748,0.46215596330275227,0.1958788266225749,0.3795266032773619,0.6075191030940748,0.6075191030940749,0.6409995521962707,-19105771.37455987,-0.10286662159216442,0.9456532194183214,0.46215596330275227,0.5809727703920058,,,,,,,
9339bc8c-1d02-4933-98a7-8d7510f4fa24,GaussianNB,POSTPROCESSING,FairnessAwareMetaEstimator,GaussianNB,0.5413716366579001,0.7304659498207885,0.5887113089217074,0.7304659498207885,0.4670236753100338,0.3501718213058419,1395.0,0.4586283633420999,-0.272163431214521,0.43615245009074405,0.6498281786941581,-0.6498281786941581,0.0,0.26953405017921145,0.7820414428242517,4.588028169014084,0.18494835218888342,0.03258145363408521,1.1830985915492958,0.5329763246899661,-0.5903840149859507,0.0,0.10682643291224692,0.26953405017921145,0.5329763246899661,0.4670236753100338,0.7304659498207885,0.8150516478111166,376.0,1891.0,376.0,1891.0,1657.0,2033.0,2910.0,1657.0,1019.0,0.3501718213058419,0.6862127289051012,-0.6862127289051012,0.12323819533638194,0.0075938263948841156,0.008738021853740934,0.12323819533638194,0.0075938263948841156,0.008738021853740934,0.4622259899924428,6.023627758416559,0.0,-0.7820414428242517,0.7820414428242517,-0.15879518383587835,-0.6458055925432756,0.13858070204412953,0.4670236753100338,0.7304659498207885,-0.7820414428242517,0.28221727695731336,[0.69637872],3548.0,-0.07864367977199993,0.3144314765409748,0.4734030197444832,0.1806375403362273,0.4586283633420999,0.5987448125654111,0.5987448125654111,1.0096111243136952,-30808084.527291264,-0.19165742783830098,1.169992225965276,0.4734030197444832,1.3489307455924828,,,,,,,
9339bc8c-1d02-4933-98a7-8d7510f4fa24,GaussianNB,POSTPROCESSING,CalibratedEqOddsPostprocessing,GaussianNB,0.9874570099130083,0.9555555555555556,0.2696742868703217,0.9555555555555556,1.0,1.0,1395.0,0.012542990086991668,0.14187643020594964,inf,0.0,0.0,,0.044444444444444446,0.6739130434782609,inf,0.017174515235457065,0.15233415233415235,inf,0.0,0.0,,0.006351157549682412,0.044444444444444446,0.0,1.0,0.9555555555555556,0.9828254847645429,62.0,0.0,62.0,0.0,3548.0,3610.0,1333.0,3548.0,1333.0,1.0,0.33695652173913043,-0.33695652173913043,0.040788502127288254,0.0008318509528938993,0.0008670032583812462,0.040788502127288254,0.0008318509528938993,0.0008670032583812462,0.11270454782024027,1.1094819609050137,0.23740321138861034,-0.6739130434782609,0.6739130434782609,0.07616707616707617,-0.22052010997794957,0.012622317419811738,1.0,0.9555555555555556,-0.6739130434782609,0.28221727695731336,[0.69637872],3548.0,-0.07864367977199993,0.3144314765409748,0.9772727272727273,0.9690946043128819,0.012542990086991668,0.9777777777777779,0.9777777777777779,1.3072463768115943,-324461849.208372,-0.6739130434782609,0.38371196907141875,0.9772727272727272,0.6037181520275794,,,,,,,
9339bc8c-1d02-4933-98a7-8d7510f4fa24,QuadraticDiscriminantAnalysis,POSTPROCESSING,FairnessAwareMetaEstimator,QuadraticDiscriminantAnalysis,0.6142019016791422,0.5620071684587814,0.42079708678939914,0.5620071684587814,0.6347237880496054,0.3769230769230769,1395.0,0.38579809832085776,-0.16967765328913087,0.5766514364779493,0.6230769230769231,0.0921390411434122,1.1480985836957733,0.43799283154121865,0.5318662618038641,2.320041407867495,0.2134125043660496,-0.007817657414102064,0.963562271062271,0.3652762119503946,-0.3564592976693046,0.10871262261141092,0.14139305755717296,0.43799283154121865,0.3652762119503946,0.6347237880496054,0.5620071684587814,0.7865874956339504,611.0,1296.0,611.0,1296.0,2252.0,2863.0,2080.0,2252.0,784.0,0.3769230769230769,0.4441627797365843,-0.4441627797365843,0.08234211490626954,0.0033901119436186484,0.0037029263625627563,0.08234211490626954,0.0033901119436186484,0.0037029263625627563,0.5317763769803487,1.916565989887341,0.10516535653596479,-0.531866261803864,0.531866261803864,-0.049978349278757134,-0.40889137392198144,0.18945025882736652,0.6347237880496054,0.5620071684587814,-0.531866261803864,0.28221727695731336,[0.69637872],3548.0,-0.07864367977199993,0.3144314765409748,0.4512230215827338,0.17935325851062187,0.38579809832085776,0.5983654782541934,0.5983654782541934,0.8641371523739865,-32461618.72183385,-0.17540696413455947,0.18078707018468465,0.45122302158273386,0.28230508900690804,,,,,,,
9339bc8c-1d02-4933-98a7-8d7510f4fa24,QuadraticDiscriminantAnalysis,POSTPROCESSING,CalibratedEqOddsPostprocessing,QuadraticDiscriminantAnalysis,0.9874570099130083,0.9555555555555556,0.2696742868703217,0.9555555555555556,1.0,1.0,1395.0,0.012542990086991668,0.14187643020594964,inf,0.0,0.0,,0.044444444444444446,0.6739130434782609,inf,0.017174515235457065,0.15233415233415235,inf,0.0,0.0,,0.006351157549682412,0.044444444444444446,0.0,1.0,0.9555555555555556,0.9828254847645429,62.0,0.0,62.0,0.0,3548.0,3610.0,1333.0,3548.0,1333.0,1.0,0.33695652173913043,-0.33695652173913043,0.040788502127288254,0.0008318509528938993,0.0008670032583812462,0.040788502127288254,0.0008318509528938993,0.0008670032583812462,0.11270454782024027,1.1094819609050137,0.23740321138861034,-0.6739130434782609,0.6739130434782609,0.07616707616707617,-0.22052010997794957,0.012622317419811738,1.0,0.9555555555555556,-0.6739130434782609,0.28221727695731336,[0.69637872],3548.0,-0.07864367977199993,0.3144314765409748,0.9772727272727273,0.9690946043128819,0.012542990086991668,0.9777777777777779,0.9777777777777779,1.3072463768115943,-324461849.208372,-0.6739130434782609,0.38371196907141875,0.9772727272727272,0.6037181520275794,,,,,,,
9339bc8c-1d02-4933-98a7-8d7510f4fa24,XGBClassifier,POSTPROCESSING,FairnessAwareMetaEstimator,XGBClassifier,0.7333603075055635,0.27885304659498206,0.14181671049969655,0.27885304659498206,0.9120631341600902,0.5549215406562055,1395.0,0.26663969249443653,-0.0766168881359306,0.7197762192041369,0.4450784593437946,-0.05439397155593295,0.8783815851922163,0.7211469534050179,0.10071240281624338,1.1409540933078035,0.23715228665723714,-0.05951660301703707,0.7549654786634769,0.08793686583990981,-0.062090341029922134,0.3392845105686359,0.16708866915427767,0.7211469534050179,0.08793686583990981,0.9120631341600902,0.27885304659498206,0.7628477133427628,1006.0,312.0,1006.0,312.0,3236.0,4242.0,701.0,3236.0,389.0,0.5549215406562055,0.08140137192308279,-0.08140137192308279,0.0021927314080859802,2.4040355140033624e-06,2.4091488591083264e-06,0.0021927314080859802,2.4040355140033624e-06,2.4091488591083264e-06,0.5780807368426623,0.5169843197206372,0.42899548114423275,-0.10071240281624344,0.10071240281624344,-0.0025613157305521134,-0.08528318712603893,0.25308304023601813,0.9120631341600902,0.27885304659498206,-0.10071240281624344,0.28221727695731336,[0.69637872],3548.0,-0.07864367977199993,0.3144314765409748,0.3711832061068702,0.2463073127921124,0.26663969249443653,0.5954580903775362,0.5954580903775362,0.6439291958569665,-17547976.192799196,-0.03862206178632125,0.5887153301450656,0.37118320610687017,0.43555942457521063,,,,,,,
9339bc8c-1d02-4933-98a7-8d7510f4fa24,XGBClassifier,POSTPROCESSING,RejectOptionClassification,XGBClassifier,1.0,1.0,0.28221727695731336,1.0,1.0,1.0,1395.0,0.0,0.0,,0.0,0.0,,0.0,0.0,,0.0,0.0,,0.0,0.0,,0.0,0.0,0.0,1.0,1.0,1.0,0.0,0.0,0.0,0.0,3548.0,3548.0,1395.0,3548.0,1395.0,1.0,0.0,0.0,0.0,0.0,0.0,0.0,0.0,0.0,0.0,0.0,0.7280365149250716,0.0,0.0,0.0,-0.07864367977199993,0.0,1.0,1.0,0.0,0.28221727695731336,[0.69637872],3548.0,-0.07864367977199993,0.3144314765409748,1.0,1.0,0.0,1.0,1.0,1.0,-341900542.0066075,0.0,0.8426170496248334,1.0,0.9304822772655467,,,,,,,
9339bc8c-1d02-4933-98a7-8d7510f4fa24,XGBClassifier,POSTPROCESSING,EqOddsPostprocessing,XGBClassifier,1.0,1.0,0.28221727695731336,1.0,1.0,1.0,1395.0,0.0,0.0,,0.0,0.0,,0.0,0.0,,0.0,0.0,,0.0,0.0,,0.0,0.0,0.0,1.0,1.0,1.0,0.0,0.0,0.0,0.0,3548.0,3548.0,1395.0,3548.0,1395.0,1.0,0.0,0.0,0.0,0.0,0.0,0.0,0.0,0.0,0.0,0.0,0.7280365149250716,0.0,0.0,0.0,-0.07864367977199993,0.0,1.0,1.0,0.0,0.28221727695731336,[0.69637872],3548.0,-0.07864367977199993,0.3144314765409748,1.0,1.0,0.0,1.0,1.0,1.0,-341900542.0066075,0.0,0.8426170496248334,1.0,0.9304822772655467,,,,,,,
9339bc8c-1d02-4933-98a7-8d7510f4fa24,XGBClassifier,POSTPROCESSING,CalibratedEqOddsPostprocessing,XGBClassifier,1.0,1.0,0.28221727695731336,1.0,1.0,1.0,1395.0,0.0,0.0,,0.0,0.0,,0.0,0.0,,0.0,0.0,,0.0,0.0,,0.0,0.0,0.0,1.0,1.0,1.0,0.0,0.0,0.0,0.0,3548.0,3548.0,1395.0,3548.0,1395.0,1.0,0.0,0.0,0.0,0.0,0.0,0.0,0.0,0.0,0.0,0.0,0.7280365149250716,0.0,0.0,0.0,-0.07864367977199993,0.0,1.0,1.0,0.0,0.28221727695731336,[0.69637872],3548.0,-0.07864367977199993,0.3144314765409748,1.0,1.0,0.0,1.0,1.0,1.0,-341900542.0066075,0.0,0.8426170496248334,1.0,0.9304822772655467,,,,,,,
9339bc8c-1d02-4933-98a7-8d7510f4fa24,DecisionTreeClassifier,POSTPROCESSING,RejectOptionClassification,DecisionTreeClassifier,1.0,1.0,0.28221727695731336,1.0,1.0,1.0,1395.0,0.0,0.0,,0.0,0.0,,0.0,0.0,,0.0,0.0,,0.0,0.0,,0.0,0.0,0.0,1.0,1.0,1.0,0.0,0.0,0.0,0.0,3548.0,3548.0,1395.0,3548.0,1395.0,1.0,0.0,0.0,0.0,0.0,0.0,0.0,0.0,0.0,0.0,0.0,0.7280365149250716,0.0,0.0,0.0,-0.07864367977199993,0.0,1.0,1.0,0.0,0.28221727695731336,[0.69637872],3548.0,-0.07864367977199993,0.3144314765409748,1.0,1.0,0.0,1.0,1.0,1.0,-341900542.0066075,0.0,0.8426170496248334,1.0,0.9304822772655467,,,,,,,
9339bc8c-1d02-4933-98a7-8d7510f4fa24,DecisionTreeClassifier,POSTPROCESSING,EqOddsPostprocessing,DecisionTreeClassifier,1.0,1.0,0.28221727695731336,1.0,1.0,1.0,1395.0,0.0,0.0,,0.0,0.0,,0.0,0.0,,0.0,0.0,,0.0,0.0,,0.0,0.0,0.0,1.0,1.0,1.0,0.0,0.0,0.0,0.0,3548.0,3548.0,1395.0,3548.0,1395.0,1.0,0.0,0.0,0.0,0.0,0.0,0.0,0.0,0.0,0.0,0.0,0.7280365149250716,0.0,0.0,0.0,-0.07864367977199993,0.0,1.0,1.0,0.0,0.28221727695731336,[0.69637872],3548.0,-0.07864367977199993,0.3144314765409748,1.0,1.0,0.0,1.0,1.0,1.0,-341900542.0066075,0.0,0.8426170496248334,1.0,0.9304822772655467,,,,,,,
9339bc8c-1d02-4933-98a7-8d7510f4fa24,DecisionTreeClassifier,POSTPROCESSING,CalibratedEqOddsPostprocessing,DecisionTreeClassifier,1.0,1.0,0.28221727695731336,1.0,1.0,1.0,1395.0,0.0,0.0,,0.0,0.0,,0.0,0.0,,0.0,0.0,,0.0,0.0,,0.0,0.0,0.0,1.0,1.0,1.0,0.0,0.0,0.0,0.0,3548.0,3548.0,1395.0,3548.0,1395.0,1.0,0.0,0.0,0.0,0.0,0.0,0.0,0.0,0.0,0.0,0.0,0.7280365149250716,0.0,0.0,0.0,-0.07864367977199993,0.0,1.0,1.0,0.0,0.28221727695731336,[0.69637872],3548.0,-0.07864367977199993,0.3144314765409748,1.0,1.0,0.0,1.0,1.0,1.0,-341900542.0066075,0.0,0.8426170496248334,1.0,0.9304822772655467,,,,,,,
9339bc8c-1d02-4933-98a7-8d7510f4fa24,ExtraTreeClassifier,POSTPROCESSING,FairnessAwareMetaEstimator,ExtraTreeClassifier,0.6568885292332591,0.382078853046595,0.2765527007889945,0.382078853046595,0.7649379932356257,0.3899049012435991,1395.0,0.34311147076674087,-0.037502501114709985,0.8917448622531178,0.6100950987564009,0.10668090205235348,1.177194034420729,0.617921146953405,0.05994527678601225,1.0976358695652175,0.24105145413870246,-0.0611325159674482,0.7522604790419162,0.2350620067643743,-0.025995556701823935,0.890586375668933,0.1734997293770289,0.617921146953405,0.2350620067643743,0.7649379932356257,0.382078853046595,0.7589485458612976,862.0,834.0,862.0,834.0,2714.0,3576.0,1367.0,2714.0,533.0,0.3899049012435991,0.04297041674391806,-0.04297041674391806,0.009657685960158455,4.663544905252087e-05,4.620681458177844e-05,0.009657685960158455,4.663544905252087e-05,4.620681458177844e-05,0.5890665995913007,-0.14273913545058092,0.8402333227123945,-0.05994527678601219,0.05994527678601219,-0.08390670900990084,-0.044816928560038466,0.24091353874684973,0.7649379932356257,0.382078853046595,-0.05994527678601219,0.28221727695731336,[0.69637872],3548.0,-0.07864367977199993,0.3144314765409748,0.38595220854453294,0.14793229651296316,0.34311147076674087,0.5735084231411104,0.5735084231411104,0.5981523190896312,-332644447.5264034,-0.03394972008418831,0.9021871389312642,0.38595220854453294,0.5005096146112109,,,,,,,
9339bc8c-1d02-4933-98a7-8d7510f4fa24,ExtraTreeClassifier,POSTPROCESSING,RejectOptionClassification,ExtraTreeClassifier,1.0,1.0,0.28221727695731336,1.0,1.0,1.0,1395.0,0.0,0.0,,0.0,0.0,,0.0,0.0,,0.0,0.0,,0.0,0.0,,0.0,0.0,0.0,1.0,1.0,1.0,0.0,0.0,0.0,0.0,3548.0,3548.0,1395.0,3548.0,1395.0,1.0,0.0,0.0,0.0,0.0,0.0,0.0,0.0,0.0,0.0,0.0,0.7280365149250716,0.0,0.0,0.0,-0.07864367977199993,0.0,1.0,1.0,0.0,0.28221727695731336,[0.69637872],3548.0,-0.07864367977199993,0.3144314765409748,1.0,1.0,0.0,1.0,1.0,1.0,-341900542.0066075,0.0,0.8426170496248334,1.0,0.9304822772655467,,,,,,,
9339bc8c-1d02-4933-98a7-8d7510f4fa24,ExtraTreeClassifier,POSTPROCESSING,EqOddsPostprocessing,ExtraTreeClassifier,1.0,1.0,0.28221727695731336,1.0,1.0,1.0,1395.0,0.0,0.0,,0.0,0.0,,0.0,0.0,,0.0,0.0,,0.0,0.0,,0.0,0.0,0.0,1.0,1.0,1.0,0.0,0.0,0.0,0.0,3548.0,3548.0,1395.0,3548.0,1395.0,1.0,0.0,0.0,0.0,0.0,0.0,0.0,0.0,0.0,0.0,0.0,0.7280365149250716,0.0,0.0,0.0,-0.07864367977199993,0.0,1.0,1.0,0.0,0.28221727695731336,[0.69637872],3548.0,-0.07864367977199993,0.3144314765409748,1.0,1.0,0.0,1.0,1.0,1.0,-341900542.0066075,0.0,0.8426170496248334,1.0,0.9304822772655467,,,,,,,
9339bc8c-1d02-4933-98a7-8d7510f4fa24,ExtraTreeClassifier,POSTPROCESSING,CalibratedEqOddsPostprocessing,ExtraTreeClassifier,1.0,1.0,0.28221727695731336,1.0,1.0,1.0,1395.0,0.0,0.0,,0.0,0.0,,0.0,0.0,,0.0,0.0,,0.0,0.0,,0.0,0.0,0.0,1.0,1.0,1.0,0.0,0.0,0.0,0.0,3548.0,3548.0,1395.0,3548.0,1395.0,1.0,0.0,0.0,0.0,0.0,0.0,0.0,0.0,0.0,0.0,0.0,0.7280365149250716,0.0,0.0,0.0,-0.07864367977199993,0.0,1.0,1.0,0.0,0.28221727695731336,[0.69637872],3548.0,-0.07864367977199993,0.3144314765409748,1.0,1.0,0.0,1.0,1.0,1.0,-341900542.0066075,0.0,0.8426170496248334,1.0,0.9304822772655467,,,,,,,
9339bc8c-1d02-4933-98a7-8d7510f4fa24,ExtraTreesClassifier,POSTPROCESSING,RejectOptionClassification,ExtraTreesClassifier,1.0,1.0,0.28221727695731336,1.0,1.0,1.0,1395.0,0.0,0.0,,0.0,0.0,,0.0,0.0,,0.0,0.0,,0.0,0.0,,0.0,0.0,0.0,1.0,1.0,1.0,0.0,0.0,0.0,0.0,3548.0,3548.0,1395.0,3548.0,1395.0,1.0,0.0,0.0,0.0,0.0,0.0,0.0,0.0,0.0,0.0,0.0,0.7280365149250716,0.0,0.0,0.0,-0.07864367977199993,0.0,1.0,1.0,0.0,0.28221727695731336,[0.69637872],3548.0,-0.07864367977199993,0.3144314765409748,1.0,1.0,0.0,1.0,1.0,1.0,-341900542.0066075,0.0,0.8426170496248334,1.0,0.9304822772655467,,,,,,,
9339bc8c-1d02-4933-98a7-8d7510f4fa24,ExtraTreesClassifier,POSTPROCESSING,EqOddsPostprocessing,ExtraTreesClassifier,1.0,1.0,0.28221727695731336,1.0,1.0,1.0,1395.0,0.0,0.0,,0.0,0.0,,0.0,0.0,,0.0,0.0,,0.0,0.0,,0.0,0.0,0.0,1.0,1.0,1.0,0.0,0.0,0.0,0.0,3548.0,3548.0,1395.0,3548.0,1395.0,1.0,0.0,0.0,0.0,0.0,0.0,0.0,0.0,0.0,0.0,0.0,0.7280365149250716,0.0,0.0,0.0,-0.07864367977199993,0.0,1.0,1.0,0.0,0.28221727695731336,[0.69637872],3548.0,-0.07864367977199993,0.3144314765409748,1.0,1.0,0.0,1.0,1.0,1.0,-341900542.0066075,0.0,0.8426170496248334,1.0,0.9304822772655467,,,,,,,
9339bc8c-1d02-4933-98a7-8d7510f4fa24,ExtraTreesClassifier,POSTPROCESSING,CalibratedEqOddsPostprocessing,ExtraTreesClassifier,1.0,1.0,0.28221727695731336,1.0,1.0,1.0,1395.0,0.0,0.0,,0.0,0.0,,0.0,0.0,,0.0,0.0,,0.0,0.0,,0.0,0.0,0.0,1.0,1.0,1.0,0.0,0.0,0.0,0.0,3548.0,3548.0,1395.0,3548.0,1395.0,1.0,0.0,0.0,0.0,0.0,0.0,0.0,0.0,0.0,0.0,0.0,0.7280365149250716,0.0,0.0,0.0,-0.07864367977199993,0.0,1.0,1.0,0.0,0.28221727695731336,[0.69637872],3548.0,-0.07864367977199993,0.3144314765409748,1.0,1.0,0.0,1.0,1.0,1.0,-341900542.0066075,0.0,0.8426170496248334,1.0,0.9304822772655467,,,,,,,
9339bc8c-1d02-4933-98a7-8d7510f4fa24,QuadraticDiscriminantAnalysis,POSTPROCESSING,RejectOptionClassification,QuadraticDiscriminantAnalysis,1.0,1.0,0.28221727695731336,1.0,1.0,1.0,1395.0,0.0,0.0,,0.0,0.0,,0.0,0.0,,0.0,0.0,,0.0,0.0,,0.0,0.0,0.0,1.0,1.0,1.0,0.0,0.0,0.0,0.0,3548.0,3548.0,1395.0,3548.0,1395.0,1.0,0.0,0.0,0.0,0.0,0.0,0.0,0.0,0.0,0.0,0.0,0.7280365149250716,0.0,0.0,0.0,-0.07864367977199993,0.0,1.0,1.0,0.0,0.28221727695731336,[0.69637872],3548.0,-0.07864367977199993,0.3144314765409748,1.0,1.0,0.0,1.0,1.0,1.0,-341900542.0066075,0.0,0.8426170496248334,1.0,0.9304822772655467,,,,,,,
9339bc8c-1d02-4933-98a7-8d7510f4fa24,QuadraticDiscriminantAnalysis,POSTPROCESSING,EqOddsPostprocessing,QuadraticDiscriminantAnalysis,1.0,1.0,0.28221727695731336,1.0,1.0,1.0,1395.0,0.0,0.0,,0.0,0.0,,0.0,0.0,,0.0,0.0,,0.0,0.0,,0.0,0.0,0.0,1.0,1.0,1.0,0.0,0.0,0.0,0.0,3548.0,3548.0,1395.0,3548.0,1395.0,1.0,0.0,0.0,0.0,0.0,0.0,0.0,0.0,0.0,0.0,0.0,0.7280365149250716,0.0,0.0,0.0,-0.07864367977199993,0.0,1.0,1.0,0.0,0.28221727695731336,[0.69637872],3548.0,-0.07864367977199993,0.3144314765409748,1.0,1.0,0.0,1.0,1.0,1.0,-341900542.0066075,0.0,0.8426170496248334,1.0,0.9304822772655467,,,,,,,
9339bc8c-1d02-4933-98a7-8d7510f4fa24,QuadraticDiscriminantAnalysis,POSTPROCESSING,CalibratedEqOddsPostprocessing,QuadraticDiscriminantAnalysis,1.0,1.0,0.28221727695731336,1.0,1.0,1.0,1395.0,0.0,0.0,,0.0,0.0,,0.0,0.0,,0.0,0.0,,0.0,0.0,,0.0,0.0,0.0,1.0,1.0,1.0,0.0,0.0,0.0,0.0,3548.0,3548.0,1395.0,3548.0,1395.0,1.0,0.0,0.0,0.0,0.0,0.0,0.0,0.0,0.0,0.0,0.0,0.7280365149250716,0.0,0.0,0.0,-0.07864367977199993,0.0,1.0,1.0,0.0,0.28221727695731336,[0.69637872],3548.0,-0.07864367977199993,0.3144314765409748,1.0,1.0,0.0,1.0,1.0,1.0,-341900542.0066075,0.0,0.8426170496248334,1.0,0.9304822772655467,,,,,,,
9339bc8c-1d02-4933-98a7-8d7510f4fa24,DecisionTreeClassifier,POSTPROCESSING,RejectOptionClassification,DecisionTreeClassifier,1.0,1.0,0.28221727695731336,1.0,1.0,1.0,1395.0,0.0,0.0,,0.0,0.0,,0.0,0.0,,0.0,0.0,,0.0,0.0,,0.0,0.0,0.0,1.0,1.0,1.0,0.0,0.0,0.0,0.0,3548.0,3548.0,1395.0,3548.0,1395.0,1.0,0.0,0.0,0.0,0.0,0.0,0.0,0.0,0.0,0.0,0.0,0.7280365149250716,0.0,0.0,0.0,-0.07864367977199993,0.0,1.0,1.0,0.0,0.28221727695731336,[0.69637872],3548.0,-0.07864367977199993,0.3144314765409748,1.0,1.0,0.0,1.0,1.0,1.0,-341900542.0066075,0.0,0.8426170496248334,1.0,0.9304822772655467,,,,,,,
9339bc8c-1d02-4933-98a7-8d7510f4fa24,DecisionTreeClassifier,POSTPROCESSING,EqOddsPostprocessing,DecisionTreeClassifier,1.0,1.0,0.28221727695731336,1.0,1.0,1.0,1395.0,0.0,0.0,,0.0,0.0,,0.0,0.0,,0.0,0.0,,0.0,0.0,,0.0,0.0,0.0,1.0,1.0,1.0,0.0,0.0,0.0,0.0,3548.0,3548.0,1395.0,3548.0,1395.0,1.0,0.0,0.0,0.0,0.0,0.0,0.0,0.0,0.0,0.0,0.0,0.7280365149250716,0.0,0.0,0.0,-0.07864367977199993,0.0,1.0,1.0,0.0,0.28221727695731336,[0.69637872],3548.0,-0.07864367977199993,0.3144314765409748,1.0,1.0,0.0,1.0,1.0,1.0,-341900542.0066075,0.0,0.8426170496248334,1.0,0.9304822772655467,,,,,,,
9339bc8c-1d02-4933-98a7-8d7510f4fa24,DecisionTreeClassifier,POSTPROCESSING,CalibratedEqOddsPostprocessing,DecisionTreeClassifier,1.0,1.0,0.28221727695731336,1.0,1.0,1.0,1395.0,0.0,0.0,,0.0,0.0,,0.0,0.0,,0.0,0.0,,0.0,0.0,,0.0,0.0,0.0,1.0,1.0,1.0,0.0,0.0,0.0,0.0,3548.0,3548.0,1395.0,3548.0,1395.0,1.0,0.0,0.0,0.0,0.0,0.0,0.0,0.0,0.0,0.0,0.0,0.7280365149250716,0.0,0.0,0.0,-0.07864367977199993,0.0,1.0,1.0,0.0,0.28221727695731336,[0.69637872],3548.0,-0.07864367977199993,0.3144314765409748,1.0,1.0,0.0,1.0,1.0,1.0,-341900542.0066075,0.0,0.8426170496248334,1.0,0.9304822772655467,,,,,,,
9339bc8c-1d02-4933-98a7-8d7510f4fa24,XGBClassifier,POSTPROCESSING,CalibratedEqOddsPostprocessing,XGBClassifier,0.9874570099130083,0.9555555555555556,0.2696742868703217,0.9555555555555556,1.0,1.0,1395.0,0.012542990086991668,0.14187643020594964,inf,0.0,0.0,,0.044444444444444446,0.6739130434782609,inf,0.017174515235457065,0.15233415233415235,inf,0.0,0.0,,0.006351157549682412,0.044444444444444446,0.0,1.0,0.9555555555555556,0.9828254847645429,62.0,0.0,62.0,0.0,3548.0,3610.0,1333.0,3548.0,1333.0,1.0,0.33695652173913043,-0.33695652173913043,0.040788502127288254,0.0008318509528938993,0.0008670032583812462,0.040788502127288254,0.0008318509528938993,0.0008670032583812462,0.11270454782024027,1.1094819609050137,0.23740321138861034,-0.6739130434782609,0.6739130434782609,0.07616707616707617,-0.22052010997794957,0.012622317419811738,1.0,0.9555555555555556,-0.6739130434782609,0.28221727695731336,[0.69637872],3548.0,-0.07864367977199993,0.3144314765409748,0.9772727272727273,0.9690946043128819,0.012542990086991668,0.9777777777777779,0.9777777777777779,1.3072463768115943,-324461849.208372,-0.6739130434782609,0.38371196907141875,0.9772727272727272,0.6037181520275794,,,,,,,
9339bc8c-1d02-4933-98a7-8d7510f4fa24,QuadraticDiscriminantAnalysis_BAL_GAN_FAIR_HYPERPARAMETER,POSTPROCESSING,RejectOptionClassification,BAL_GAN_FAIR_HYPERPARAMETER,1.0,1.0,0.28221727695731336,1.0,1.0,1.0,1395.0,0.0,0.0,,0.0,0.0,,0.0,0.0,,0.0,0.0,,0.0,0.0,,0.0,0.0,0.0,1.0,1.0,1.0,0.0,0.0,0.0,0.0,3548.0,3548.0,1395.0,3548.0,1395.0,1.0,0.0,0.0,0.0,0.0,0.0,0.0,0.0,0.0,0.0,0.0,0.7280365149250716,0.0,0.0,0.0,-0.07864367977199993,0.0,1.0,1.0,0.0,0.28221727695731336,[0.69637872],3548.0,-0.07864367977199993,0.3144314765409748,1.0,1.0,0.0,1.0,1.0,1.0,-341900542.0066075,0.0,0.8426170496248334,1.0,0.9304822772655467,,,,,,,
9339bc8c-1d02-4933-98a7-8d7510f4fa24,QuadraticDiscriminantAnalysis_BAL_GAN_FAIR_HYPERPARAMETER,POSTPROCESSING,EqOddsPostprocessing,BAL_GAN_FAIR_HYPERPARAMETER,1.0,1.0,0.28221727695731336,1.0,1.0,1.0,1395.0,0.0,0.0,,0.0,0.0,,0.0,0.0,,0.0,0.0,,0.0,0.0,,0.0,0.0,0.0,1.0,1.0,1.0,0.0,0.0,0.0,0.0,3548.0,3548.0,1395.0,3548.0,1395.0,1.0,0.0,0.0,0.0,0.0,0.0,0.0,0.0,0.0,0.0,0.0,0.7280365149250716,0.0,0.0,0.0,-0.07864367977199993,0.0,1.0,1.0,0.0,0.28221727695731336,[0.69637872],3548.0,-0.07864367977199993,0.3144314765409748,1.0,1.0,0.0,1.0,1.0,1.0,-341900542.0066075,0.0,0.8426170496248334,1.0,0.9304822772655467,,,,,,,
9339bc8c-1d02-4933-98a7-8d7510f4fa24,QuadraticDiscriminantAnalysis_BAL_GAN_FAIR_HYPERPARAMETER,POSTPROCESSING,CalibratedEqOddsPostprocessing,BAL_GAN_FAIR_HYPERPARAMETER,1.0,1.0,0.28221727695731336,1.0,1.0,1.0,1395.0,0.0,0.0,,0.0,0.0,,0.0,0.0,,0.0,0.0,,0.0,0.0,,0.0,0.0,0.0,1.0,1.0,1.0,0.0,0.0,0.0,0.0,3548.0,3548.0,1395.0,3548.0,1395.0,1.0,0.0,0.0,0.0,0.0,0.0,0.0,0.0,0.0,0.0,0.0,0.7280365149250716,0.0,0.0,0.0,-0.07864367977199993,0.0,1.0,1.0,0.0,0.28221727695731336,[0.69637872],3548.0,-0.07864367977199993,0.3144314765409748,1.0,1.0,0.0,1.0,1.0,1.0,-341900542.0066075,0.0,0.8426170496248334,1.0,0.9304822772655467,,,,,,,
9339bc8c-1d02-4933-98a7-8d7510f4fa24,QuadraticDiscriminantAnalysis_FOS_HYPERPARAMETER,POSTPROCESSING,RejectOptionClassification,FOS_HYPERPARAMETER,1.0,1.0,0.28221727695731336,1.0,1.0,1.0,1395.0,0.0,0.0,,0.0,0.0,,0.0,0.0,,0.0,0.0,,0.0,0.0,,0.0,0.0,0.0,1.0,1.0,1.0,0.0,0.0,0.0,0.0,3548.0,3548.0,1395.0,3548.0,1395.0,1.0,0.0,0.0,0.0,0.0,0.0,0.0,0.0,0.0,0.0,0.0,0.7280365149250716,0.0,0.0,0.0,-0.07864367977199993,0.0,1.0,1.0,0.0,0.28221727695731336,[0.69637872],3548.0,-0.07864367977199993,0.3144314765409748,1.0,1.0,0.0,1.0,1.0,1.0,-341900542.0066075,0.0,0.8426170496248334,1.0,0.9304822772655467,,,,,,,
9339bc8c-1d02-4933-98a7-8d7510f4fa24,QuadraticDiscriminantAnalysis_FOS_HYPERPARAMETER,POSTPROCESSING,EqOddsPostprocessing,FOS_HYPERPARAMETER,1.0,1.0,0.28221727695731336,1.0,1.0,1.0,1395.0,0.0,0.0,,0.0,0.0,,0.0,0.0,,0.0,0.0,,0.0,0.0,,0.0,0.0,0.0,1.0,1.0,1.0,0.0,0.0,0.0,0.0,3548.0,3548.0,1395.0,3548.0,1395.0,1.0,0.0,0.0,0.0,0.0,0.0,0.0,0.0,0.0,0.0,0.0,0.7280365149250716,0.0,0.0,0.0,-0.07864367977199993,0.0,1.0,1.0,0.0,0.28221727695731336,[0.69637872],3548.0,-0.07864367977199993,0.3144314765409748,1.0,1.0,0.0,1.0,1.0,1.0,-341900542.0066075,0.0,0.8426170496248334,1.0,0.9304822772655467,,,,,,,
9339bc8c-1d02-4933-98a7-8d7510f4fa24,QuadraticDiscriminantAnalysis_FOS_HYPERPARAMETER,POSTPROCESSING,CalibratedEqOddsPostprocessing,FOS_HYPERPARAMETER,1.0,1.0,0.28221727695731336,1.0,1.0,1.0,1395.0,0.0,0.0,,0.0,0.0,,0.0,0.0,,0.0,0.0,,0.0,0.0,,0.0,0.0,0.0,1.0,1.0,1.0,0.0,0.0,0.0,0.0,3548.0,3548.0,1395.0,3548.0,1395.0,1.0,0.0,0.0,0.0,0.0,0.0,0.0,0.0,0.0,0.0,0.0,0.7280365149250716,0.0,0.0,0.0,-0.07864367977199993,0.0,1.0,1.0,0.0,0.28221727695731336,[0.69637872],3548.0,-0.07864367977199993,0.3144314765409748,1.0,1.0,0.0,1.0,1.0,1.0,-341900542.0066075,0.0,0.8426170496248334,1.0,0.9304822772655467,,,,,,,
9339bc8c-1d02-4933-98a7-8d7510f4fa24,QuadraticDiscriminantAnalysis_REWEIGHTER_HYPERPARAMETER,POSTPROCESSING,RejectOptionClassification,REWEIGHTER_HYPERPARAMETER,1.0,1.0,0.28221727695731336,1.0,1.0,1.0,1395.0,0.0,0.0,,0.0,0.0,,0.0,0.0,,0.0,0.0,,0.0,0.0,,0.0,0.0,0.0,1.0,1.0,1.0,0.0,0.0,0.0,0.0,3548.0,3548.0,1395.0,3548.0,1395.0,1.0,0.0,0.0,0.0,0.0,0.0,0.0,0.0,0.0,0.0,0.0,0.7280365149250716,0.0,0.0,0.0,-0.07864367977199993,0.0,1.0,1.0,0.0,0.28221727695731336,[0.69637872],3548.0,-0.07864367977199993,0.3144314765409748,1.0,1.0,0.0,1.0,1.0,1.0,-341900542.0066075,0.0,0.8426170496248334,1.0,0.9304822772655467,,,,,,,
9339bc8c-1d02-4933-98a7-8d7510f4fa24,QuadraticDiscriminantAnalysis_REWEIGHTER_HYPERPARAMETER,POSTPROCESSING,EqOddsPostprocessing,REWEIGHTER_HYPERPARAMETER,1.0,1.0,0.28221727695731336,1.0,1.0,1.0,1395.0,0.0,0.0,,0.0,0.0,,0.0,0.0,,0.0,0.0,,0.0,0.0,,0.0,0.0,0.0,1.0,1.0,1.0,0.0,0.0,0.0,0.0,3548.0,3548.0,1395.0,3548.0,1395.0,1.0,0.0,0.0,0.0,0.0,0.0,0.0,0.0,0.0,0.0,0.0,0.7280365149250716,0.0,0.0,0.0,-0.07864367977199993,0.0,1.0,1.0,0.0,0.28221727695731336,[0.69637872],3548.0,-0.07864367977199993,0.3144314765409748,1.0,1.0,0.0,1.0,1.0,1.0,-341900542.0066075,0.0,0.8426170496248334,1.0,0.9304822772655467,,,,,,,
9339bc8c-1d02-4933-98a7-8d7510f4fa24,QuadraticDiscriminantAnalysis_REWEIGHTER_HYPERPARAMETER,POSTPROCESSING,CalibratedEqOddsPostprocessing,REWEIGHTER_HYPERPARAMETER,1.0,1.0,0.28221727695731336,1.0,1.0,1.0,1395.0,0.0,0.0,,0.0,0.0,,0.0,0.0,,0.0,0.0,,0.0,0.0,,0.0,0.0,0.0,1.0,1.0,1.0,0.0,0.0,0.0,0.0,3548.0,3548.0,1395.0,3548.0,1395.0,1.0,0.0,0.0,0.0,0.0,0.0,0.0,0.0,0.0,0.0,0.0,0.7280365149250716,0.0,0.0,0.0,-0.07864367977199993,0.0,1.0,1.0,0.0,0.28221727695731336,[0.69637872],3548.0,-0.07864367977199993,0.3144314765409748,1.0,1.0,0.0,1.0,1.0,1.0,-341900542.0066075,0.0,0.8426170496248334,1.0,0.9304822772655467,,,,,,,
9339bc8c-1d02-4933-98a7-8d7510f4fa24,QuadraticDiscriminantAnalysis_ROS_HYPERPARAMETER,POSTPROCESSING,RejectOptionClassification,ROS_HYPERPARAMETER,1.0,1.0,0.28221727695731336,1.0,1.0,1.0,1395.0,0.0,0.0,,0.0,0.0,,0.0,0.0,,0.0,0.0,,0.0,0.0,,0.0,0.0,0.0,1.0,1.0,1.0,0.0,0.0,0.0,0.0,3548.0,3548.0,1395.0,3548.0,1395.0,1.0,0.0,0.0,0.0,0.0,0.0,0.0,0.0,0.0,0.0,0.0,0.7280365149250716,0.0,0.0,0.0,-0.07864367977199993,0.0,1.0,1.0,0.0,0.28221727695731336,[0.69637872],3548.0,-0.07864367977199993,0.3144314765409748,1.0,1.0,0.0,1.0,1.0,1.0,-341900542.0066075,0.0,0.8426170496248334,1.0,0.9304822772655467,,,,,,,
9339bc8c-1d02-4933-98a7-8d7510f4fa24,QuadraticDiscriminantAnalysis_ROS_HYPERPARAMETER,POSTPROCESSING,EqOddsPostprocessing,ROS_HYPERPARAMETER,1.0,1.0,0.28221727695731336,1.0,1.0,1.0,1395.0,0.0,0.0,,0.0,0.0,,0.0,0.0,,0.0,0.0,,0.0,0.0,,0.0,0.0,0.0,1.0,1.0,1.0,0.0,0.0,0.0,0.0,3548.0,3548.0,1395.0,3548.0,1395.0,1.0,0.0,0.0,0.0,0.0,0.0,0.0,0.0,0.0,0.0,0.0,0.7280365149250716,0.0,0.0,0.0,-0.07864367977199993,0.0,1.0,1.0,0.0,0.28221727695731336,[0.69637872],3548.0,-0.07864367977199993,0.3144314765409748,1.0,1.0,0.0,1.0,1.0,1.0,-341900542.0066075,0.0,0.8426170496248334,1.0,0.9304822772655467,,,,,,,
9339bc8c-1d02-4933-98a7-8d7510f4fa24,QuadraticDiscriminantAnalysis_ROS_HYPERPARAMETER,POSTPROCESSING,CalibratedEqOddsPostprocessing,ROS_HYPERPARAMETER,1.0,1.0,0.28221727695731336,1.0,1.0,1.0,1395.0,0.0,0.0,,0.0,0.0,,0.0,0.0,,0.0,0.0,,0.0,0.0,,0.0,0.0,0.0,1.0,1.0,1.0,0.0,0.0,0.0,0.0,3548.0,3548.0,1395.0,3548.0,1395.0,1.0,0.0,0.0,0.0,0.0,0.0,0.0,0.0,0.0,0.0,0.0,0.7280365149250716,0.0,0.0,0.0,-0.07864367977199993,0.0,1.0,1.0,0.0,0.28221727695731336,[0.69637872],3548.0,-0.07864367977199993,0.3144314765409748,1.0,1.0,0.0,1.0,1.0,1.0,-341900542.0066075,0.0,0.8426170496248334,1.0,0.9304822772655467,,,,,,,
9339bc8c-1d02-4933-98a7-8d7510f4fa24,QuadraticDiscriminantAnalysis_SMOTE_HYPERPARAMETER,POSTPROCESSING,RejectOptionClassification,SMOTE_HYPERPARAMETER,1.0,1.0,0.28221727695731336,1.0,1.0,1.0,1395.0,0.0,0.0,,0.0,0.0,,0.0,0.0,,0.0,0.0,,0.0,0.0,,0.0,0.0,0.0,1.0,1.0,1.0,0.0,0.0,0.0,0.0,3548.0,3548.0,1395.0,3548.0,1395.0,1.0,0.0,0.0,0.0,0.0,0.0,0.0,0.0,0.0,0.0,0.0,0.7280365149250716,0.0,0.0,0.0,-0.07864367977199993,0.0,1.0,1.0,0.0,0.28221727695731336,[0.69637872],3548.0,-0.07864367977199993,0.3144314765409748,1.0,1.0,0.0,1.0,1.0,1.0,-341900542.0066075,0.0,0.8426170496248334,1.0,0.9304822772655467,,,,,,,
9339bc8c-1d02-4933-98a7-8d7510f4fa24,QuadraticDiscriminantAnalysis_SMOTE_HYPERPARAMETER,POSTPROCESSING,EqOddsPostprocessing,SMOTE_HYPERPARAMETER,1.0,1.0,0.28221727695731336,1.0,1.0,1.0,1395.0,0.0,0.0,,0.0,0.0,,0.0,0.0,,0.0,0.0,,0.0,0.0,,0.0,0.0,0.0,1.0,1.0,1.0,0.0,0.0,0.0,0.0,3548.0,3548.0,1395.0,3548.0,1395.0,1.0,0.0,0.0,0.0,0.0,0.0,0.0,0.0,0.0,0.0,0.0,0.7280365149250716,0.0,0.0,0.0,-0.07864367977199993,0.0,1.0,1.0,0.0,0.28221727695731336,[0.69637872],3548.0,-0.07864367977199993,0.3144314765409748,1.0,1.0,0.0,1.0,1.0,1.0,-341900542.0066075,0.0,0.8426170496248334,1.0,0.9304822772655467,,,,,,,
9339bc8c-1d02-4933-98a7-8d7510f4fa24,QuadraticDiscriminantAnalysis_SMOTE_HYPERPARAMETER,POSTPROCESSING,CalibratedEqOddsPostprocessing,SMOTE_HYPERPARAMETER,1.0,1.0,0.28221727695731336,1.0,1.0,1.0,1395.0,0.0,0.0,,0.0,0.0,,0.0,0.0,,0.0,0.0,,0.0,0.0,,0.0,0.0,0.0,1.0,1.0,1.0,0.0,0.0,0.0,0.0,3548.0,3548.0,1395.0,3548.0,1395.0,1.0,0.0,0.0,0.0,0.0,0.0,0.0,0.0,0.0,0.0,0.0,0.7280365149250716,0.0,0.0,0.0,-0.07864367977199993,0.0,1.0,1.0,0.0,0.28221727695731336,[0.69637872],3548.0,-0.07864367977199993,0.3144314765409748,1.0,1.0,0.0,1.0,1.0,1.0,-341900542.0066075,0.0,0.8426170496248334,1.0,0.9304822772655467,,,,,,,
9339bc8c-1d02-4933-98a7-8d7510f4fa24,XGBClassifier_BAL_GAN_FAIR_HYPERPARAMETER,POSTPROCESSING,CalibratedEqOddsPostprocessing,BAL_GAN_FAIR_HYPERPARAMETER,0.9874570099130083,0.9555555555555556,0.2696742868703217,0.9555555555555556,1.0,1.0,1395.0,0.012542990086991668,0.14187643020594964,inf,0.0,0.0,,0.044444444444444446,0.6739130434782609,inf,0.017174515235457065,0.15233415233415235,inf,0.0,0.0,,0.006351157549682412,0.044444444444444446,0.0,1.0,0.9555555555555556,0.9828254847645429,62.0,0.0,62.0,0.0,3548.0,3610.0,1333.0,3548.0,1333.0,1.0,0.33695652173913043,-0.33695652173913043,0.040788502127288254,0.0008318509528938993,0.0008670032583812462,0.040788502127288254,0.0008318509528938993,0.0008670032583812462,0.11270454782024027,1.1094819609050137,0.23740321138861034,-0.6739130434782609,0.6739130434782609,0.07616707616707617,-0.22052010997794957,0.012622317419811738,1.0,0.9555555555555556,-0.6739130434782609,0.28221727695731336,[0.69637872],3548.0,-0.07864367977199993,0.3144314765409748,0.9772727272727273,0.9690946043128819,0.012542990086991668,0.9777777777777779,0.9777777777777779,1.3072463768115943,-324461849.208372,-0.6739130434782609,0.38371196907141875,0.9772727272727272,0.6037181520275794,,,,,,,
9339bc8c-1d02-4933-98a7-8d7510f4fa24,XGBClassifier_DEMV_HYPERPARAMETER,POSTPROCESSING,CalibratedEqOddsPostprocessing,DEMV_HYPERPARAMETER,0.9874570099130083,0.9555555555555556,0.2696742868703217,0.9555555555555556,1.0,1.0,1395.0,0.012542990086991668,0.14187643020594964,inf,0.0,0.0,,0.044444444444444446,0.6739130434782609,inf,0.017174515235457065,0.15233415233415235,inf,0.0,0.0,,0.006351157549682412,0.044444444444444446,0.0,1.0,0.9555555555555556,0.9828254847645429,62.0,0.0,62.0,0.0,3548.0,3610.0,1333.0,3548.0,1333.0,1.0,0.33695652173913043,-0.33695652173913043,0.040788502127288254,0.0008318509528938993,0.0008670032583812462,0.040788502127288254,0.0008318509528938993,0.0008670032583812462,0.11270454782024027,1.1094819609050137,0.23740321138861034,-0.6739130434782609,0.6739130434782609,0.07616707616707617,-0.22052010997794957,0.012622317419811738,1.0,0.9555555555555556,-0.6739130434782609,0.28221727695731336,[0.69637872],3548.0,-0.07864367977199993,0.3144314765409748,0.9772727272727273,0.9690946043128819,0.012542990086991668,0.9777777777777779,0.9777777777777779,1.3072463768115943,-324461849.208372,-0.6739130434782609,0.38371196907141875,0.9772727272727272,0.6037181520275794,,,,,,,
9339bc8c-1d02-4933-98a7-8d7510f4fa24,QuadraticDiscriminantAnalysis_BASE_LINE_VALUES,POSTPROCESSING,CounterfactualAnalyzer,QuadraticDiscriminantAnalysis_BASE_LINE_VALUES_CounterfactualAnalyzer,0.661756040070713,0.7116736990154712,0.5156157925751326,0.7116736990154712,0.6257606490872211,0.5782857142857143,711.0,0.338243959929287,0.0932868030830386,1.304828347721341,0.4217142857142857,0.6151421042725391,3.372164761386318,0.2883263009845288,0.2584363177805801,1.9710035061120064,0.24939172749391728,-0.280308833730434,0.24332817715541805,0.3742393509127789,0.022505939469063097,1.0621271742229825,0.13674476030376626,0.2883263009845288,0.3742393509127789,0.6257606490872211,0.7116736990154712,0.7506082725060828,205.0,369.0,205.0,369.0,617.0,822.0,875.0,617.0,506.0,0.5782857142857143,0.14047112862482158,-0.11796518915575849,0.12812127575921028,0.0082075306510838,0.008009024355818413,0.12812127575921028,0.0082075306510838,0.008009024355818413,0.5229622554329638,-1.3348091742871344,0.6800526784389375,-0.25843631778058007,0.25843631778058007,-0.4477254690014866,-0.18546001357814967,0.18262313984035797,0.6257606490872211,0.7116736990154712,-0.25843631778058007,0.4189746611667649,[0.91809075],986.0,-0.4809629427106533,1.7198134681576565,0.6380832282471627,0.3331368007710729,0.338243959929287,0.6687171740513461,0.6687171740513461,0.7476025219800174,-29416095.855156045,-0.23593037831151703,0.8020859242078944,0.6380832282471627,0.6949193574755032,3.0798845291137695,131.6,0.0,1249659.9546222927,0.0,5206916.477592886,449.81972903649654
9339bc8c-1d02-4933-98a7-8d7510f4fa24,DecisionTreeClassifier_BASE_LINE_VALUES,POSTPROCESSING,CounterfactualAnalyzer,DecisionTreeClassifier_BASE_LINE_VALUES_CounterfactualAnalyzer,0.6152032999410725,0.5133614627285513,0.3959929286977018,0.5133614627285513,0.6886409736308317,0.5431547619047619,711.0,0.3847967000589275,-0.09772274155743221,0.766516202429447,0.4568452380952381,0.5331816416005328,2.7195990692679435,0.4866385372714487,0.041513240857503186,1.0859350527305003,0.3375609756097561,-0.42340462945201096,0.15858443064313738,0.31135902636916835,-0.030405949798574528,0.9071712393566698,0.20127946382710005,0.4866385372714487,0.31135902636916835,0.6886409736308317,0.5133614627285513,0.6624390243902439,346.0,307.0,346.0,307.0,679.0,1025.0,672.0,679.0,365.0,0.5431547619047619,0.03595959532803886,-0.03595959532803886,0.1743776683514506,0.015203785609844249,0.014727720663726095,0.1743776683514506,0.015203785609844249,0.014727720663726095,0.6344753168202842,-1.392468714749676,0.7202101043513606,-0.041513240857503186,0.041513240857503186,-0.4782931355262719,-0.12264417568036667,0.27994013995141465,0.6886409736308317,0.5133614627285513,-0.041513240857503186,0.4189746611667649,[0.91809075],986.0,-0.4809629427106533,1.7198134681576565,0.5278380332610267,0.20379020028436473,0.3847967000589275,0.6010012181796914,0.6010012181796915,0.6226129787770917,-47589557.29185961,-0.011107291058928659,0.8264998404609061,0.5278380332610267,0.6170245853869999,3.0613439083099365,144.3,0.0,1249772.686586714,0.0,5207386.194111308,449.86030732461575
9339bc8c-1d02-4933-98a7-8d7510f4fa24,ExtraTreeClassifier_BASE_LINE_VALUES,POSTPROCESSING,CounterfactualAnalyzer,ExtraTreeClassifier_BASE_LINE_VALUES_CounterfactualAnalyzer,0.6829699469652327,0.5119549929676512,0.3270477312905127,0.5119549929676512,0.8062880324543611,0.6558558558558558,711.0,0.3170300530347673,-0.15842659351259358,0.5738209554661223,0.3441441441441441,0.5494092373791621,3.3753869969040244,0.4880450070323488,0.11170239596469106,1.2334615992831164,0.30385288966725044,-0.387907918036934,0.16431413156030303,0.19371196754563894,-0.0517343249664291,0.7661811391223156,0.18710934226533993,0.4880450070323488,0.19371196754563894,0.8062880324543611,0.5119549929676512,0.6961471103327496,347.0,191.0,347.0,191.0,795.0,1142.0,555.0,795.0,364.0,0.6558558558558558,0.08171836046556005,-0.08171836046556005,0.1458565198010837,0.010637062184241961,0.010349739225644422,0.1458565198010837,0.010637062184241961,0.010349739225644422,0.6117341616508595,-1.0091009260903676,0.49009774558287483,-0.111702395964691,0.111702395964691,-0.4686585777080481,-0.20240044482263925,0.26825536370638764,0.8062880324543611,0.5119549929676512,-0.111702395964691,0.4189746611667649,[0.91809075],986.0,-0.4809629427106533,1.7198134681576565,0.5750394944707741,0.33469760817398153,0.3170300530347673,0.6591215127110062,0.6591215127110062,0.7129838420773293,-46520551.46673174,-0.05996807099826196,0.6462106347899187,0.5750394944707741,0.6015400106820235,,,,,,,
9339bc8c-1d02-4933-98a7-8d7510f4fa24,DecisionTreeClassifier_BASE_HYPER,POSTPROCESSING,CounterfactualAnalyzer,DecisionTreeClassifier_BASE_HYPER_CounterfactualAnalyzer,0.7637006482027107,0.5766526019690577,0.300530347672363,0.5766526019690577,0.8985801217038539,0.803921568627451,711.0,0.23629935179728934,-0.15762327085950922,0.4578345079724003,0.19607843137254902,0.4939367051168293,4.821510297482837,0.42334739803094235,0.16453972257250943,1.4020707506471095,0.2535804549283909,-0.3293166661855134,0.17051817163799246,0.10141987829614604,-0.04173948972213613,0.6624227234753551,0.1430052332065543,0.42334739803094235,0.10141987829614604,0.8985801217038539,0.5766526019690577,0.7464195450716091,301.0,100.0,301.0,100.0,886.0,1187.0,510.0,886.0,410.0,0.803921568627451,0.10313960614732284,-0.10313960614732284,0.10882591340539649,0.0059215397142594285,0.005797330987374537,0.10882591340539649,0.0059215397142594285,0.005797330987374537,0.5347994637367437,-0.5098528556668191,0.29663810916858213,-0.16453972257250954,0.16453972257250954,-0.41162668565117133,-0.27919225369635936,0.21873384206878038,0.8985801217038539,0.5766526019690577,-0.16453972257250954,0.4189746611667649,[0.91809075],986.0,-0.4809629427106533,1.7198134681576565,0.6715806715806716,0.511409920134903,0.23629935179728934,0.7376163618364557,0.7376163618364557,0.813693822884089,-3545416.245891014,-0.1228002328503733,0.45303513997829703,0.6715806715806716,0.5629526435200306,3.0375211238861084,170.10000000000002,0.0,1249990.0692920925,0.0,5208291.955383719,449.93855503453796
9339bc8c-1d02-4933-98a7-8d7510f4fa24,QuadraticDiscriminantAnalysis_BAL_GAN_FAIR_HYPERPARAMETER,POSTPROCESSING,CounterfactualAnalyzer,QuadraticDiscriminantAnalysis_BAL_GAN_FAIR_HYPERPARAMETER_CounterfactualAnalyzer,0.8296994696523277,0.6933895921237694,0.3323512080141426,0.6933895921237694,0.9279918864097363,0.874113475177305,711.0,0.17030053034767234,-0.10112495891227347,0.5072375905634393,0.12588652482269502,0.4323770491803279,7.393939393939394,0.3066104078762307,0.07704918032786884,1.2568306010928962,0.19240953221535745,-0.2679035659207503,0.1440824534942182,0.0720081135902637,0.0007974382811692937,1.0111399711399711,0.09757003121748187,0.3066104078762307,0.0720081135902637,0.9279918864097363,0.6933895921237694,0.8075904677846425,218.0,71.0,218.0,71.0,915.0,1133.0,564.0,915.0,493.0,0.874113475177305,0.03892330930451904,-0.038125871023349744,0.08923084058590044,0.003981071455833189,0.00391113766460365,0.08923084058590044,0.003981071455833189,0.00391113766460365,0.4417466043275983,-0.5046553924897403,0.29526380574050237,-0.07704918032786878,0.07704918032786878,-0.35014030755053904,-0.30955109162793415,0.154108280894813,0.9279918864097363,0.6933895921237694,-0.07704918032786878,0.4189746611667649,[0.91809075],986.0,-0.4809629427106533,1.7198134681576565,0.7733333333333333,0.6508442240658017,0.17030053034767234,0.8106907392667528,0.8106907392667528,0.8415990298318612,-5519501.089239332,-0.07625174204669954,0.45583007561303795,0.7733333333333333,0.6048208876347461,3.0556111335754395,184.4,0.0,1250101.6254339218,0.0,5208756.772641341,449.9787100809603
9339bc8c-1d02-4933-98a7-8d7510f4fa24,QuadraticDiscriminantAnalysis_ROS_HYPERPARAMETER,POSTPROCESSING,CounterfactualAnalyzer,QuadraticDiscriminantAnalysis_ROS_HYPERPARAMETER_CounterfactualAnalyzer,0.8473777253977608,0.7524613220815752,0.3641720683559222,0.7524613220815752,0.9158215010141988,0.8656957928802589,711.0,0.1526222746022392,-0.06890910934096817,0.6093978547050223,0.1343042071197411,0.4383196363000525,6.97912939773405,0.24753867791842477,0.06993694829760405,1.289547875117469,0.16311399443929564,-0.2331571675302245,0.14014012738853504,0.08417849898580122,-0.0007891746720380122,0.9906715506715507,0.08373587539878494,0.24753867791842477,0.08417849898580122,0.9158215010141988,0.7524613220815752,0.8368860055607044,176.0,83.0,176.0,83.0,903.0,1079.0,618.0,903.0,535.0,0.8656957928802589,0.035363061484821004,-0.035363061484821004,0.07488876121738923,0.002804163278337571,0.0027621756275878545,0.07488876121738923,0.002804163278337571,0.0027621756275878545,0.4092331252447312,-0.5412656394943411,0.30648079242474785,-0.069936948297604,0.069936948297604,-0.3357384019151385,-0.3320902056075915,0.12809616008267366,0.9158215010141988,0.7524613220815752,-0.069936948297604,0.4189746611667649,[0.91809075],986.0,-0.4809629427106533,1.7198134681576565,0.8051166290443943,0.6852177374512667,0.1526222746022392,0.834141411547887,0.834141411547887,0.8636392055714903,-5650379.039215232,-0.06914777362556604,0.4690830842170573,0.8051166290443943,0.6257974821102968,,,,,,,
9339bc8c-1d02-4933-98a7-8d7510f4fa24,QuadraticDiscriminantAnalysis_SMOTE_HYPERPARAMETER,POSTPROCESSING,CounterfactualAnalyzer,QuadraticDiscriminantAnalysis_SMOTE_HYPERPARAMETER_CounterfactualAnalyzer,0.8208603417796111,0.7074542897327707,0.3529758397171479,0.7074542897327707,0.9026369168356998,0.8397328881469115,711.0,0.1791396582203889,-0.09898686114345223,0.5359729842600194,0.16026711185308848,0.4390307793058284,5.655555555555556,0.29254571026722925,0.020706179066834807,1.071211726949432,0.1894353369763206,-0.2756470367591898,0.1220131421744325,0.0973630831643002,-0.012692903625658503,0.8780952380952382,0.100178925056474,0.29254571026722925,0.0973630831643002,0.9026369168356998,0.7074542897327707,0.8105646630236795,208.0,96.0,208.0,96.0,890.0,1098.0,599.0,890.0,503.0,0.8397328881469115,0.016699541346246655,-0.016699541346246655,0.08980013468915703,0.004032032095095372,0.003960795019507872,0.08980013468915703,0.004032032095095372,0.003960795019507872,0.4476135052843558,-0.6306241211831889,0.3352286823524679,-0.020706179066834807,0.020706179066834807,-0.3573389080325091,-0.30456219683401786,0.1522424108897284,0.9026369168356998,0.7074542897327707,-0.020706179066834807,0.4189746611667649,[0.91809075],986.0,-0.4809629427106533,1.7198134681576565,0.76793893129771,0.6298736521098398,0.1791396582203889,0.8050456032842352,0.8050456032842352,0.8184894956218943,-6183264.447166705,-0.008013275441176304,0.5005137287301765,0.76793893129771,0.6327147683071804,3.0724644660949707,209.6,0.0,1250312.9497836113,0.0,5209637.290765047,450.0547770633138
9339bc8c-1d02-4933-98a7-8d7510f4fa24,XGBClassifier_BAL_GAN_FAIR_HYPERPARAMETER,POSTPROCESSING,CounterfactualAnalyzer,XGBClassifier_BAL_GAN_FAIR_HYPERPARAMETER_CounterfactualAnalyzer,0.8067177371832646,0.6751054852320675,0.34001178550383027,0.6751054852320675,0.9016227180527383,0.8318890814558059,711.0,0.19328226281673544,-0.16229421576969982,0.34906543783344207,0.1681109185441941,0.23626982773324234,2.574147727272727,0.32489451476793246,0.25430012610340474,1.8390613297828076,0.20625,-0.2780998225207166,0.18405229737576562,0.09837728194726167,-0.14115483937609752,0.1865952380952381,0.11024699863158309,0.32489451476793246,0.09837728194726167,0.9016227180527383,0.6751054852320675,0.79375,231.0,97.0,231.0,97.0,889.0,1120.0,577.0,889.0,480.0,0.8318890814558059,0.1977274827397512,-0.1977274827397512,0.039388828140880704,0.0007757398911559177,0.0007693911552987472,0.039388828140880704,0.0007757398911559177,0.0007693911552987472,0.4695678835516396,0.12526575842952603,0.1565099347501745,-0.25430012610340486,0.25430012610340486,-0.2571848251269795,-0.40466265056539785,0.1682885579916552,0.9016227180527383,0.6751054852320675,-0.25430012610340486,0.4189746611667649,[0.91809075],986.0,-0.4809629427106533,1.7198134681576565,0.7453416149068323,0.6006860272661279,0.19328226281673544,0.7883641016424029,0.7883641016424029,0.9442453509425406,-3114565.4704803857,-0.11314528672730723,0.26477003102097585,0.7453416149068323,0.43182647521190237,,,,,,,
9339bc8c-1d02-4933-98a7-8d7510f4fa24,XGBClassifier_DEMV_HYPERPARAMETER,POSTPROCESSING,CounterfactualAnalyzer,XGBClassifier_DEMV_HYPERPARAMETER_CounterfactualAnalyzer,0.8067177371832646,0.6751054852320675,0.34001178550383027,0.6751054852320675,0.9016227180527383,0.8318890814558059,711.0,0.19328226281673544,-0.16229421576969982,0.34906543783344207,0.1681109185441941,0.23626982773324234,2.574147727272727,0.32489451476793246,0.25430012610340474,1.8390613297828076,0.20625,-0.2780998225207166,0.18405229737576562,0.09837728194726167,-0.14115483937609752,0.1865952380952381,0.11024699863158309,0.32489451476793246,0.09837728194726167,0.9016227180527383,0.6751054852320675,0.79375,231.0,97.0,231.0,97.0,889.0,1120.0,577.0,889.0,480.0,0.8318890814558059,0.1977274827397512,-0.1977274827397512,0.039388828140880704,0.0007757398911559177,0.0007693911552987472,0.039388828140880704,0.0007757398911559177,0.0007693911552987472,0.4695678835516396,0.12526575842952603,0.1565099347501745,-0.25430012610340486,0.25430012610340486,-0.2571848251269795,-0.40466265056539785,0.1682885579916552,0.9016227180527383,0.6751054852320675,-0.25430012610340486,0.4189746611667649,[0.91809075],986.0,-0.4809629427106533,1.7198134681576565,0.7453416149068323,0.6006860272661279,0.19328226281673544,0.7883641016424029,0.7883641016424029,0.9442453509425406,-3114565.4704803857,-0.11314528672730723,0.26477003102097585,0.7453416149068323,0.43182647521190237,3.0269968509674072,223.6,0.0,1250419.8822249891,0.0,5210082.842604121,450.09326779163376
9339bc8c-1d02-4933-98a7-8d7510f4fa24,QuadraticDiscriminantAnalysis_BASE_HYPER,POSTPROCESSING,BINARY DEBIASER,BASE_HYPER,1.0,1.0,0.2813765182186235,1.0,1.0,1.0,139.0,0.0,0.0,,0.0,0.0,,0.0,0.0,,0.0,0.0,,0.0,0.0,,0.0,0.0,0.0,1.0,1.0,1.0,0.0,0.0,0.0,0.0,355.0,355.0,139.0,355.0,139.0,1.0,0.0,0.0,0.0,0.0,0.0,0.0,0.0,0.0,0.0,0.0,0.7080419580419581,0.0,0.0,0.0,-0.0843434343434343,0.0,1.0,1.0,0.0,0.2813765182186235,[0.67165992],355.0,-0.0843434343434343,0.3152765784238942,1.0,1.0,0.0,1.0,1.0,1.0,-2013369.0610274835,0.0,0.8290685772773799,1.0,0.9238138686131387,,,,,,,
9339bc8c-1d02-4933-98a7-8d7510f4fa24,DecisionTreeClassifier_BASE_HYPER,POSTPROCESSING,BINARY DEBIASER,BASE_HYPER,1.0,1.0,0.2813765182186235,1.0,1.0,1.0,139.0,0.0,0.0,,0.0,0.0,,0.0,0.0,,0.0,0.0,,0.0,0.0,,0.0,0.0,0.0,1.0,1.0,1.0,0.0,0.0,0.0,0.0,355.0,355.0,139.0,355.0,139.0,1.0,0.0,0.0,0.0,0.0,0.0,0.0,0.0,0.0,0.0,0.0,0.7080419580419581,0.0,0.0,0.0,-0.0843434343434343,0.0,1.0,1.0,0.0,0.2813765182186235,[0.67165992],355.0,-0.0843434343434343,0.3152765784238942,1.0,1.0,0.0,1.0,1.0,1.0,-2007823.4900517843,0.0,0.8290685772773799,1.0,0.9238138686131387,,,,,,,
9339bc8c-1d02-4933-98a7-8d7510f4fa24,XGBClassifier_BASE_HYPER,POSTPROCESSING,BINARY DEBIASER,BASE_HYPER,1.0,1.0,0.2813765182186235,1.0,1.0,1.0,139.0,0.0,0.0,,0.0,0.0,,0.0,0.0,,0.0,0.0,,0.0,0.0,,0.0,0.0,0.0,1.0,1.0,1.0,0.0,0.0,0.0,0.0,355.0,355.0,139.0,355.0,139.0,1.0,0.0,0.0,0.0,0.0,0.0,0.0,0.0,0.0,0.0,0.0,0.7080419580419581,0.0,0.0,0.0,-0.0843434343434343,0.0,1.0,1.0,0.0,0.2813765182186235,[0.67165992],355.0,-0.0843434343434343,0.3152765784238942,1.0,1.0,0.0,1.0,1.0,1.0,-2017443.0617688757,0.0,0.8290685772773799,1.0,0.9238138686131387,,,,,,,
9339bc8c-1d02-4933-98a7-8d7510f4fa24,QuadraticDiscriminantAnalysis_BAL_GAN_FAIR_HYPERPARAMETER,POSTPROCESSING,BINARY DEBIASER,BAL_GAN_FAIR_HYPERPARAMETER,1.0,1.0,0.2813765182186235,1.0,1.0,1.0,139.0,0.0,0.0,,0.0,0.0,,0.0,0.0,,0.0,0.0,,0.0,0.0,,0.0,0.0,0.0,1.0,1.0,1.0,0.0,0.0,0.0,0.0,355.0,355.0,139.0,355.0,139.0,1.0,0.0,0.0,0.0,0.0,0.0,0.0,0.0,0.0,0.0,0.0,0.7080419580419581,0.0,0.0,0.0,-0.0843434343434343,0.0,1.0,1.0,0.0,0.2813765182186235,[0.67165992],355.0,-0.0843434343434343,0.3152765784238942,1.0,1.0,0.0,1.0,1.0,1.0,-2014167.299088658,0.0,0.8290685772773799,1.0,0.9238138686131387,,,,,,,
9339bc8c-1d02-4933-98a7-8d7510f4fa24,QuadraticDiscriminantAnalysis_FOS_HYPERPARAMETER,POSTPROCESSING,BINARY DEBIASER,FOS_HYPERPARAMETER,1.0,1.0,0.2813765182186235,1.0,1.0,1.0,139.0,0.0,0.0,,0.0,0.0,,0.0,0.0,,0.0,0.0,,0.0,0.0,,0.0,0.0,0.0,1.0,1.0,1.0,0.0,0.0,0.0,0.0,355.0,355.0,139.0,355.0,139.0,1.0,0.0,0.0,0.0,0.0,0.0,0.0,0.0,0.0,0.0,0.0,0.7080419580419581,0.0,0.0,0.0,-0.0843434343434343,0.0,1.0,1.0,0.0,0.2813765182186235,[0.67165992],355.0,-0.0843434343434343,0.3152765784238942,1.0,1.0,0.0,1.0,1.0,1.0,-2006154.6217116648,0.0,0.8290685772773799,1.0,0.9238138686131387,,,,,,,
9339bc8c-1d02-4933-98a7-8d7510f4fa24,QuadraticDiscriminantAnalysis_REWEIGHTER_HYPERPARAMETER,POSTPROCESSING,BINARY DEBIASER,REWEIGHTER_HYPERPARAMETER,1.0,1.0,0.2813765182186235,1.0,1.0,1.0,139.0,0.0,0.0,,0.0,0.0,,0.0,0.0,,0.0,0.0,,0.0,0.0,,0.0,0.0,0.0,1.0,1.0,1.0,0.0,0.0,0.0,0.0,355.0,355.0,139.0,355.0,139.0,1.0,0.0,0.0,0.0,0.0,0.0,0.0,0.0,0.0,0.0,0.0,0.7080419580419581,0.0,0.0,0.0,-0.0843434343434343,0.0,1.0,1.0,0.0,0.2813765182186235,[0.67165992],355.0,-0.0843434343434343,0.3152765784238942,1.0,1.0,0.0,1.0,1.0,1.0,-2008321.2951627362,0.0,0.8290685772773799,1.0,0.9238138686131387,,,,,,,
9339bc8c-1d02-4933-98a7-8d7510f4fa24,QuadraticDiscriminantAnalysis_ROS_HYPERPARAMETER,POSTPROCESSING,BINARY DEBIASER,ROS_HYPERPARAMETER,1.0,1.0,0.2813765182186235,1.0,1.0,1.0,139.0,0.0,0.0,,0.0,0.0,,0.0,0.0,,0.0,0.0,,0.0,0.0,,0.0,0.0,0.0,1.0,1.0,1.0,0.0,0.0,0.0,0.0,355.0,355.0,139.0,355.0,139.0,1.0,0.0,0.0,0.0,0.0,0.0,0.0,0.0,0.0,0.0,0.0,0.7080419580419581,0.0,0.0,0.0,-0.0843434343434343,0.0,1.0,1.0,0.0,0.2813765182186235,[0.67165992],355.0,-0.0843434343434343,0.3152765784238942,1.0,1.0,0.0,1.0,1.0,1.0,-2000555.9851643124,0.0,0.8290685772773799,1.0,0.9238138686131387,,,,,,,
9339bc8c-1d02-4933-98a7-8d7510f4fa24,QuadraticDiscriminantAnalysis_SMOTE_HYPERPARAMETER,POSTPROCESSING,BINARY DEBIASER,SMOTE_HYPERPARAMETER,1.0,1.0,0.2813765182186235,1.0,1.0,1.0,139.0,0.0,0.0,,0.0,0.0,,0.0,0.0,,0.0,0.0,,0.0,0.0,,0.0,0.0,0.0,1.0,1.0,1.0,0.0,0.0,0.0,0.0,355.0,355.0,139.0,355.0,139.0,1.0,0.0,0.0,0.0,0.0,0.0,0.0,0.0,0.0,0.0,0.0,0.7080419580419581,0.0,0.0,0.0,-0.0843434343434343,0.0,1.0,1.0,0.0,0.2813765182186235,[0.67165992],355.0,-0.0843434343434343,0.3152765784238942,1.0,1.0,0.0,1.0,1.0,1.0,-2006574.1983828263,0.0,0.8290685772773799,1.0,0.9238138686131387,,,,,,,
9339bc8c-1d02-4933-98a7-8d7510f4fa24,XGBClassifier_BAL_GAN_FAIR_HYPERPARAMETER,POSTPROCESSING,BINARY DEBIASER,BAL_GAN_FAIR_HYPERPARAMETER,1.0,1.0,0.2813765182186235,1.0,1.0,1.0,139.0,0.0,0.0,,0.0,0.0,,0.0,0.0,,0.0,0.0,,0.0,0.0,,0.0,0.0,0.0,1.0,1.0,1.0,0.0,0.0,0.0,0.0,355.0,355.0,139.0,355.0,139.0,1.0,0.0,0.0,0.0,0.0,0.0,0.0,0.0,0.0,0.0,0.0,0.7080419580419581,0.0,0.0,0.0,-0.0843434343434343,0.0,1.0,1.0,0.0,0.2813765182186235,[0.67165992],355.0,-0.0843434343434343,0.3152765784238942,1.0,1.0,0.0,1.0,1.0,1.0,-2007127.5675836892,0.0,0.8290685772773799,1.0,0.9238138686131387,,,,,,,
9339bc8c-1d02-4933-98a7-8d7510f4fa24,XGBClassifier_DEMV_HYPERPARAMETER,POSTPROCESSING,BINARY DEBIASER,DEMV_HYPERPARAMETER,1.0,1.0,0.2813765182186235,1.0,1.0,1.0,139.0,0.0,0.0,,0.0,0.0,,0.0,0.0,,0.0,0.0,,0.0,0.0,,0.0,0.0,0.0,1.0,1.0,1.0,0.0,0.0,0.0,0.0,355.0,355.0,139.0,355.0,139.0,1.0,0.0,0.0,0.0,0.0,0.0,0.0,0.0,0.0,0.0,0.0,0.7080419580419581,0.0,0.0,0.0,-0.0843434343434343,0.0,1.0,1.0,0.0,0.2813765182186235,[0.67165992],355.0,-0.0843434343434343,0.3152765784238942,1.0,1.0,0.0,1.0,1.0,1.0,-2005749.509904093,0.0,0.8290685772773799,1.0,0.9238138686131387,,,,,,,
9339bc8c-1d02-4933-98a7-8d7510f4fa24,XGBClassifier_BASE_LINE_VALUES,POSTPROCESSING,XGBClassifier_BASE_LINE_VALUES_CERTI_FAI,XGBClassifier_BASE_LINE_VALUES_CERTI_FAI,0.3843594009983361,1.0,0.9983361064891847,1.0,0.0026954177897574125,0.38333333333333336,230.0,0.6156405990016639,-0.029946524064171087,0.9515570934256056,0.6166666666666667,-0.018181818181818188,0.9705882352941176,0.0,0.0,,0.0,0.0,,0.9973045822102425,-0.032258064516129004,0.967741935483871,0.04532577603222603,0.0,0.9973045822102425,0.0026954177897574125,1.0,1.0,0.0,370.0,0.0,370.0,1.0,1.0,600.0,1.0,230.0,0.38333333333333336,0.016129032258064502,-0.016129032258064502,0.005165277081198454,1.334004366277701e-05,1.3409068293216156e-05,0.005165277081198454,1.334004366277701e-05,1.3409068293216156e-05,0.3010839618187127,3.427673055646239,0.9803921568627451,0.0,0.032258064516129004,0.009090909090909094,-0.019607843137254943,0.04851657501253312,0.0026954177897574125,1.0,0.0,0.3826955074875208,[1.],371.0,0.0103386809269162,0.03143032359341358,0.5542168674698795,0.032144104997241324,0.6156405990016639,0.5013477088948788,0.5013477088948787,0.5094339622641509,-294163.9134940654,0.032258064516129004,0.9740259740259741,0.5542168674698795,0.6696688536045654,,,,,,,
9339bc8c-1d02-4933-98a7-8d7510f4fa24,QuadraticDiscriminantAnalysis_BASE_HYPER,POSTPROCESSING,QuadraticDiscriminantAnalysis_BASE_HYPER_CERTI_FAI,QuadraticDiscriminantAnalysis_BASE_HYPER_CERTI_FAI,0.5555555555555556,1.0,1.0,1.0,0.0,0.5555555555555556,50.0,0.4444444444444444,0.625,2.6666666666666665,0.4444444444444444,0.625,2.6666666666666665,0.0,,,0.0,0.0,,1.0,0.0,1.0,0.05917159763313605,0.0,1.0,0.0,1.0,0.0,0.0,40.0,0.0,40.0,0.0,0.0,90.0,0.0,50.0,0.5555555555555556,,,0.13598207330510556,0.009245562130177552,0.008374097061126674,0.13598207330510556,0.009245562130177552,0.008374097061126674,0.34401045807689057,-0.622012753093129,1.0,,0.0,-0.3125,0.0,0.0588273309884951,0.0,1.0,,0.5555555555555556,[1.],40.0,-0.625,2.618566634967191,0.7142857142857143,0.0,0.4444444444444444,0.5,0.5,,-5587.284434105879,,1.0,0.7142857142857144,0.8064516129032259,,,,,,,
9339bc8c-1d02-4933-98a7-8d7510f4fa24,DecisionTreeClassifier_BASE_HYPER,POSTPROCESSING,DecisionTreeClassifier_BASE_HYPER_CERTI_FAI,DecisionTreeClassifier_BASE_HYPER_CERTI_FAI,0.6422466422466423,0.6049382716049383,0.44078144078144077,0.6049382716049383,0.6666666666666666,0.5429362880886427,324.0,0.3577533577533577,-0.07804232804232802,0.7854545454545455,0.45706371191135736,0.01282294832826747,1.028125,0.3950617283950617,-0.2611842105263158,0.3648,0.2794759825327511,-0.1959658532900204,0.3305806451612903,0.3333333333333333,0.016978802222679557,1.0511627906976744,0.1628130731941654,0.3950617283950617,0.3333333333333333,0.6666666666666666,0.6049382716049383,0.7205240174672489,128.0,165.0,128.0,165.0,330.0,458.0,361.0,330.0,196.0,0.5429362880886427,0.13908150637449768,0.13908150637449768,0.0401312395055842,0.0008052581921272809,0.0007732652632405344,0.0401312395055842,0.0008052581921272809,0.0007732652632405344,0.5706366150084753,-0.07362212545690561,1.1671732522796352,0.2611842105263158,0.2611842105263158,-0.10439440080914393,0.07275132275132273,0.22303166283373618,0.6666666666666666,0.6049382716049383,0.2611842105263158,0.3956043956043956,[0.86178266],495.0,-0.08465608465608465,0.22776603092781234,0.5722627737226277,0.26750162621473184,0.3577533577533577,0.6358024691358026,0.6358024691358024,0.5473741039717699,-524523.7534038157,-0.24420540830363624,1.067211431449082,0.5722627737226278,0.7026034432015552,,,,,,,
9339bc8c-1d02-4933-98a7-8d7510f4fa24,XGBClassifier_BASE_HYPER,POSTPROCESSING,XGBClassifier_BASE_HYPER_CERTI_FAI,XGBClassifier_BASE_HYPER_CERTI_FAI,0.5714285714285714,1.0,1.0,1.0,0.0,0.5714285714285714,200.0,0.4285714285714286,0.26041666666666674,1.6410256410256412,0.42857142857142855,0.26041666666666663,1.641025641025641,0.0,0.0,,0.0,0.0,,1.0,0.0,1.0,0.05999999999999998,0.0,1.0,0.0,1.0,0.0,0.0,150.0,0.0,150.0,0.0,0.0,350.0,0.0,200.0,0.5714285714285714,0.0,0.0,0.051031036307985465,0.0013020833333334655,0.0012415467114007266,0.051031036307985465,0.0013020833333334655,0.0012415467114007266,0.3464101615137754,1.7766308998864957,1.0,0.0,0.0,-0.13020833333333334,0.0,0.05921336439723472,0.0,1.0,0.0,0.5714285714285714,[1.],150.0,-0.2604166666666667,0.5608230187584085,0.7272727272727273,0.0,0.4285714285714286,0.5,0.5,0.5,-85689.3815100193,0.0,1.0,0.7272727272727273,0.8163265306122449,,,,,,,
9339bc8c-1d02-4933-98a7-8d7510f4fa24,QuadraticDiscriminantAnalysis_FOS_HYPERPARAMETER,POSTPROCESSING,QuadraticDiscriminantAnalysis_FOS_HYPERPARAMETER_CERTI_FAI,QuadraticDiscriminantAnalysis_FOS_HYPERPARAMETER_CERTI_FAI,0.5555555555555556,1.0,1.0,1.0,0.0,0.5555555555555556,50.0,0.4444444444444444,0.625,2.6666666666666665,0.4444444444444444,0.625,2.6666666666666665,0.0,,,0.0,0.0,,1.0,0.0,1.0,0.05917159763313605,0.0,1.0,0.0,1.0,0.0,0.0,40.0,0.0,40.0,0.0,0.0,90.0,0.0,50.0,0.5555555555555556,,,0.13598207330510556,0.009245562130177552,0.008374097061126674,0.13598207330510556,0.009245562130177552,0.008374097061126674,0.34401045807689057,-0.622012753093129,1.0,,0.0,-0.3125,0.0,0.0588273309884951,0.0,1.0,,0.5555555555555556,[1.],40.0,-0.625,2.618566634967191,0.7142857142857143,0.0,0.4444444444444444,0.5,0.5,,-5587.284434105879,,1.0,0.7142857142857144,0.8064516129032259,,,,,,,
9339bc8c-1d02-4933-98a7-8d7510f4fa24,QuadraticDiscriminantAnalysis_REWEIGHTER_HYPERPARAMETER,POSTPROCESSING,QuadraticDiscriminantAnalysis_REWEIGHTER_HYPERPARAMETER_CERTI_FAI,QuadraticDiscriminantAnalysis_REWEIGHTER_HYPERPARAMETER_CERTI_FAI,0.5555555555555556,1.0,1.0,1.0,0.0,0.5555555555555556,50.0,0.4444444444444444,0.625,2.6666666666666665,0.4444444444444444,0.625,2.6666666666666665,0.0,,,0.0,0.0,,1.0,0.0,1.0,0.05917159763313605,0.0,1.0,0.0,1.0,0.0,0.0,40.0,0.0,40.0,0.0,0.0,90.0,0.0,50.0,0.5555555555555556,,,0.13598207330510556,0.009245562130177552,0.008374097061126674,0.13598207330510556,0.009245562130177552,0.008374097061126674,0.34401045807689057,-0.622012753093129,1.0,,0.0,-0.3125,0.0,0.0588273309884951,0.0,1.0,,0.5555555555555556,[1.],40.0,-0.625,2.618566634967191,0.7142857142857143,0.0,0.4444444444444444,0.5,0.5,,-5587.284434105879,,1.0,0.7142857142857144,0.8064516129032259,,,,,,,
9339bc8c-1d02-4933-98a7-8d7510f4fa24,XGBClassifier_BAL_GAN_FAIR_HYPERPARAMETER,POSTPROCESSING,XGBClassifier_BAL_GAN_FAIR_HYPERPARAMETER_CERTI_FAI,XGBClassifier_BAL_GAN_FAIR_HYPERPARAMETER_CERTI_FAI,0.36998350742166025,0.9923896499238964,0.9857064321055525,0.9923896499238964,0.018072289156626505,0.36363636363636365,657.0,0.6300164925783398,0.2409021811249128,1.3941394709721744,0.6363636363636364,0.23947800535822306,1.387715125227368,0.0076103500761035,0.04132973944294699,7.57142857142857,0.19230769230769232,0.33333333333333337,3.0,0.9819277108433735,0.010947833059439027,1.01116228620458,0.045469292632579435,0.0076103500761035,0.9819277108433735,0.018072289156626505,0.9923896499238964,0.8076923076923077,5.0,1141.0,5.0,1141.0,21.0,26.0,1793.0,21.0,652.0,0.36363636363636365,0.026138786251193036,-0.015190953191754009,0.03824454101712358,0.000731322458805224,0.00070379778235098,0.03824454101712358,0.000731322458805224,0.00070379778235098,0.30156025146752824,-0.7452873550058821,1.0002300554689296,-0.041329739442947044,0.041329739442947044,0.0469276639875551,0.00022676308297009395,0.05007145207480861,0.018072289156626505,0.9923896499238964,-0.041329739442947044,0.3611874656404618,[0.99626168],1162.0,-0.23136133437476378,0.9254182260966,0.5322448979591837,0.04233710101303003,0.6300164925783398,0.5052309695402615,0.5052309695402615,0.512905909549572,-2740394.250791453,-0.03038190638350796,0.9946097066130425,0.5322448979591837,0.6538219355013674,,,,,,,
9339bc8c-1d02-4933-98a7-8d7510f4fa24,XGBClassifier_DEMV_HYPERPARAMETER,POSTPROCESSING,XGBClassifier_DEMV_HYPERPARAMETER_CERTI_FAI,XGBClassifier_DEMV_HYPERPARAMETER_CERTI_FAI,0.37259218492019813,0.992412746585736,0.9845899834892681,0.992412746585736,0.019861830742659757,0.3655673560648407,659.0,0.6274078150798019,0.23611519865461417,1.3877381938690967,0.6344326439351593,0.2416182968032573,1.3925404644616466,0.007587253414264037,-0.00782472613458529,0.0,0.17857142857142858,-0.19230769230769232,0.0,0.9801381692573402,0.0038768276473194474,1.0039570378745053,0.04573963572486173,0.007587253414264037,0.9801381692573402,0.019861830742659757,0.992412746585736,0.8214285714285714,5.0,1135.0,5.0,1135.0,23.0,28.0,1789.0,23.0,654.0,0.3655673560648407,0.005850776890952369,0.005850776890952369,0.04006267526579811,0.000802508974726396,0.0007709813829001027,0.04006267526579811,0.000802508974726396,0.0007709813829001027,0.3024554040676467,-0.8784744344283154,1.001460552276668,0.007824726134585291,0.007824726134585291,-0.21696299455547485,0.0014378810174480172,0.05031293020244521,0.019861830742659757,0.992412746585736,0.007824726134585291,0.36268574573472756,[0.99559714],1158.0,-0.24064746689089764,0.9789410840924139,0.5343137254901961,0.04790924725053574,0.6274078150798019,0.5061372886641978,0.5061372886641978,0.503175992312032,-2729705.710685,-0.003947898487265842,0.9987847317939101,0.5343137254901961,0.6564167288247453,,,,,,,
