id,algorithm,stage,intervention,process,accuracy,recall,selection_rate,sensitivity,specificity,precision,num_positives,error_rate,error_rate_difference,error_rate_ratio,false_discovery_rate,false_discovery_rate_difference,false_discovery_rate_ratio,false_negative_rate,false_negative_rate_difference,false_negative_rate_ratio,false_omission_rate,false_omission_rate_difference,false_omission_rate_ratio,false_positive_rate,false_positive_rate_difference,false_positive_rate_ratio,generalized_entropy_index,generalized_false_negative_rate,generalized_false_positive_rate,generalized_true_negative_rate,generalized_true_positive_rate,negative_predictive_value,num_false_negatives,num_false_positives,num_generalized_false_negatives,num_generalized_false_positives,num_generalized_true_negatives,num_pred_negatives,num_pred_positives,num_true_negatives,num_true_positives,positive_predictive_value,average_abs_odds_difference,average_odds_difference,between_all_groups_coefficient_of_variation,between_all_groups_generalized_entropy_index,between_all_groups_theil_index,between_group_coefficient_of_variation,between_group_generalized_entropy_index,between_group_theil_index,coefficient_of_variation,differential_fairness_bias_amplification,disparate_impact,equal_opportunity_difference,equalized_odds_difference,average_predictive_value_difference,statistical_parity_difference,theil_index,true_negative_rate,true_positive_rate,true_positive_rate_difference,base_rate,consistency,num_negatives,mean_difference,smoothed_empirical_differential_fairness,f1_score,matthews_corrcoef,zero_one_loss,roc_auc_score,balanced_accuracy,fair_utility,log_likelihood,disparate_mistreatment,h_mean_fairness,h_mean_performance,h_mean_mixed,Total_real_time,Total_CPU_usage (%),Total_GPU_usage (%),Total_CPU_time (s),Total_GPU_time (s),Energy_consumption (Ws),CO2_emissions (gCO2e),equal_opportunity_difference_abs
ce778982-236b-4a5b-81f1-7f51239624ea,XGBClassifier,BASE_LINE,NONE,BASE_LINE_VALUES,0.875452126,0.664575014,0.203303078,0.664575014,0.941778057,0.782141658,3506,0.124547874,-0.091949304,0.408315647,0.217858342,-0.004136361,0.981062532,0.335424986,0.092536094,1.288214418,0.10073668,-0.082887525,0.375685234,0.058221943,-0.063069466,0.239799709,0.066311221,0.335424986,0.058221943,0.941778057,0.664575014,0.89926332,1176,649,1176,649,10498,11674,2979,10498,2330,0.782141658,0.07780278,-0.07780278,0.005823222,1.70E-05,1.69E-05,0.005823222,1.70E-05,1.69E-05,0.364173642,0.151517347,0.312439982,-0.092536094,0.092536094,-0.039375582,-0.181706237,0.100319445,0.941778057,0.664575014,-0.092536094,0.239268409,[0.7590664],11147,-0.19359515,1.010889725,0.718581342,0.642784568,0.124547874,0.803176536,0.803176536,0.865665903,-274797245,-0.029466628,0.907463906,0.69052382,0.750314356,0.743316452,21.60934258,147.2,0,3046.890129,0,12695.37554,0.009734048
ce778982-236b-4a5b-81f1-7f51239624ea,GradientBoostingClassifier,BASE_LINE,NONE,BASE_LINE_VALUES,0.86944653,0.612093554,0.184194363,0.612093554,0.95039024,0.7951093,3506,0.13055347,-0.097314872,0.403739713,0.2048907,-0.045825575,0.782259641,0.387906446,0.128328931,1.34872504,0.11376945,-0.089160937,0.397550185,0.04960976,-0.061315507,0.167632773,0.071409146,0.387906446,0.04960976,0.95039024,0.612093554,0.88623055,1360,553,1360,553,10594,11954,2699,10594,2146,0.7951093,0.094822219,-0.094822219,0.008381759,3.51E-05,3.51E-05,0.008381759,3.51E-05,3.51E-05,0.377913076,0.282820264,0.273919309,-0.128328931,0.128328931,-0.021667681,-0.176821828,0.112016382,0.95039024,0.612093554,-0.128328931,0.239268409,[0.7590664],11147,-0.19359515,1.010889725,0.691700242,0.619065928,0.13055347,0.781241897,0.781241897,0.855320987,-196713124.4,-0.067013424,0.871671069,0.649466596,0.709778304,0.714732606,,,,,,,0.023473142
ce778982-236b-4a5b-81f1-7f51239624ea,AdaBoostClassifier,BASE_LINE,NONE,BASE_LINE_VALUES,0.864055142,0.611808329,0.18944926,0.611808329,0.943392841,0.772694524,3506,0.135944858,-0.095940371,0.429398013,0.227305476,-0.022492203,0.902174868,0.388191671,0.167156532,1.461433035,0.114591227,-0.084638931,0.425512267,0.056607159,-0.067938232,0.184018469,0.073912526,0.388191671,0.056607159,0.943392841,0.611808329,0.885408773,1361,631,1361,631,10516,11877,2776,10516,2145,0.772694524,0.117547382,-0.117547382,0.003644634,6.64E-06,6.64E-06,0.003644634,6.64E-06,6.64E-06,0.384480237,0.332150899,0.260726594,-0.167156532,0.167156532,-0.031073364,-0.186261058,0.113930764,0.943392841,0.611808329,-0.167156532,0.239268409,[0.7590664],11147,-0.19359515,1.010889725,0.682903534,0.604466476,0.135944858,0.777600585,0.777600585,0.869005498,-145752864.9,-0.0992183,0.832843468,0.645403942,0.69774901,0.702916201,35.13723826,162,0,3494.979019,0,14562.41258,0.0505729
ce778982-236b-4a5b-81f1-7f51239624ea,RandomForestClassifier,BASE_LINE,NONE,BASE_LINE_VALUES,0.855046748,0.62207644,0.203371323,0.62207644,0.928321521,0.731879195,3506,0.144953252,-0.11347744,0.380013271,0.268120805,-0.028193592,0.89628929,0.37792356,0.087924991,1.241365916,0.113509809,-0.096520411,0.360406916,0.071678479,-0.081826263,0.211534702,0.077281072,0.37792356,0.071678479,0.928321521,0.62207644,0.886490191,1325,799,1325,799,10348,11673,2980,10348,2181,0.731879195,0.084875627,-0.084875627,0.003973562,7.89E-06,7.89E-06,0.003973562,7.89E-06,7.89E-06,0.393143922,0.186520906,0.301681069,-0.087924991,0.087924991,-0.034163409,-0.185482,0.114963773,0.928321521,0.62207644,-0.087924991,0.239268409,[0.7590664],11147,-0.19359515,1.010889725,0.672525439,0.583394592,0.144953252,0.775198981,0.775198981,0.84099448,-637799550.1,-0.006098728,0.912075009,0.646317973,0.715844698,0.69709207,,,,,,,0.121349732
ce778982-236b-4a5b-81f1-7f51239624ea,BaggingClassifier,BASE_LINE,NONE,BASE_LINE_VALUES,0.849177643,0.585852824,0.191906094,0.585852824,0.931999641,0.730440967,3506,0.150822357,-0.115576708,0.39043617,0.269559033,0.002342835,1.008701958,0.414147176,0.068982851,1.17098511,0.122624778,-0.106475288,0.347961373,0.068000359,-0.071634417,0.254605924,0.081860127,0.414147176,0.068000359,0.931999641,0.585852824,0.877375222,1452,758,1452,758,10389,11841,2812,10389,2054,0.730440967,0.070308634,-0.070308634,0.012574312,7.91E-05,7.88E-05,0.012574312,7.91E-05,7.88E-05,0.404623595,0.119362809,0.32264154,-0.068982851,0.071634417,-0.054409062,-0.168226454,0.123799027,0.931999641,0.585852824,-0.068982851,0.239268409,[0.7590664],11147,-0.19359515,1.010889725,0.650205761,0.561033967,0.150822357,0.758926232,0.758926232,0.812285299,-1344469810,0.002651566,0.931017149,0.616354089,0.694608112,0.685493567,34.82600093,175.4,0,3896.510292,0,16235.45955,0.060401556
ce778982-236b-4a5b-81f1-7f51239624ea,BernoulliNB,BASE_LINE,NONE,BASE_LINE_VALUES,0.806046543,0.735596121,0.306694875,0.735596121,0.828204898,0.573876279,3506,0.193953457,-0.150187755,0.385360242,0.426123721,-0.020368565,0.952422504,0.264403879,0.304975772,2.404880615,0.091249139,-0.049763128,0.560335409,0.171795102,-0.215340991,0.159723576,0.083117102,0.264403879,0.171795102,0.828204898,0.735596121,0.908750861,927,1915,927,1915,9232,10159,4494,9232,2579,0.573876279,0.260158381,-0.260158381,0.059107371,0.001746841,0.001772389,0.059107371,0.001746841,0.001772389,0.407718289,0.528270703,0.214365069,-0.304975772,0.304975772,-0.014697281,-0.327213398,0.104479854,0.828204898,0.735596121,-0.304975772,0.239268409,[0.7590664],11147,-0.19359515,1.010889725,0.64475,0.521637493,0.193953457,0.78190051,0.78190051,0.98531848,-329970419.2,-0.089634781,0.695024228,0.687183586,0.689777404,0.720613939,,,,,,,0.136076947
ce778982-236b-4a5b-81f1-7f51239624ea,NN_CONFIG,BASE_LINE,NONE,NN,0.835665052,0.400456361,0.116699652,0.400456361,0.972548668,0.821052632,3506,0.164334948,-0.131322288,0.369860132,0.178947368,0.011516616,1.065005896,0.599543639,0.006197373,1.010353422,0.162404388,-0.143124069,0.330715364,0.027451332,-0.026357758,0.302549022,0.096970154,0.599543639,0.027451332,0.972548668,0.400456361,0.837595612,2102,306,2102,306,10841,12943,1710,10841,1404,0.821052632,0.016277565,-0.016277565,0.053315041,0.001421247,0.001404619,0.053315041,0.001421247,0.001404619,0.440386545,0.000674878,0.363126868,-0.006197373,0.026357758,-0.077320342,-0.09452359,0.163750855,0.972548668,0.400456361,-0.006197373,0.239268409,[0.7590664],11147,-0.19359515,1.010889725,0.538343558,0.495660273,0.164334948,0.686502514,0.686502514,0.697677104,,0.020160385,0.993802627,0.459273798,0.559603679,0.678193352,,,,,,,0.072048775
ce778982-236b-4a5b-81f1-7f51239624ea,XGBClassifier,PREPROCESSING,DEMV,DEMV,0.870128984,0.627495722,0.190882413,0.627495722,0.946442989,0.786557025,3506,0.129871016,-0.104134322,0.374098689,0.213442975,0.247673498,2.315844839,0.372504278,-0.009734048,0.974462217,0.110155196,-0.130063767,0.184088393,0.053557011,-0.028601176,0.570762347,0.070414171,0.372504278,0.053557011,0.946442989,0.627495722,0.889844804,1306,597,1306,597,10550,11856,2797,10550,2200,0.786557025,0.019167612,-0.009433564,0.034979081,0.000611768,0.000608151,0.733404563,0.268941126,0.430032842,0.375271026,-0.378810565,0.334702775,0.009734048,0.028601176,-0.188868633,-0.160832558,0.108948749,0.946442989,0.627495722,0.009734048,0.239268409,[0.7590664],11147,-0.244501748,1.468094572,0.698080279,0.623067568,0.129871016,0.786969355,0.786969355,0.794393281,-271832676,0.018867128,0.990265952,0.66090875,0.684238255,29.39817691,142.3,0,2829.036682,0,11787.65284,1.018322232,0.011584148
ce778982-236b-4a5b-81f1-7f51239624ea,GradientBoostingClassifier,PREPROCESSING,DEMV,DEMV,0.863304443,0.59155733,0.180509111,0.59155733,0.948775455,0.784120983,3506,0.136695557,-0.101927953,0.416026416,0.215879017,0.319560669,2.771014493,0.40844267,-0.023473142,0.944569939,0.119253831,-0.141030594,0.184081036,0.051224545,-0.011964265,0.797023636,0.075199108,0.40844267,0.051224545,0.948775455,0.59155733,0.880746169,1432,571,1432,571,10576,12008,2645,10576,2074,0.784120983,0.017718704,0.005754438,0.047034283,0.001106112,0.001096671,0.733973419,0.26935849,0.430293765,0.387812089,-0.532807795,0.39061225,0.023473142,0.023473142,-0.230295632,-0.135940891,0.117950091,0.948775455,0.59155733,0.023473142,0.239268409,[0.7590664],11147,-0.244501748,1.468094572,0.674361892,0.599374274,0.136695557,0.770166393,0.770166393,0.765734518,-190963527.6,-0.011508877,0.976526858,0.630251462,0.751435521,,,,,,,,0.023315463
ce778982-236b-4a5b-81f1-7f51239624ea,AdaBoostClassifier,PREPROCESSING,DEMV,DEMV,0.856138675,0.58727895,0.185627517,0.58727895,0.940701534,0.756985294,3506,0.143861325,-0.110069611,0.390564187,0.243014706,0.285025237,2.401670243,0.41272105,-0.0505729,0.880159422,0.12126037,-0.144201458,0.170370164,0.059298466,-0.021532008,0.685718589,0.078709624,0.41272105,0.059298466,0.940701534,0.58727895,0.87873963,1447,661,1447,661,10486,11933,2720,10486,2059,0.756985294,0.036052454,0.014520446,0.043811275,0.000959714,0.000952421,0.733838079,0.269259163,0.430231911,0.396760946,-0.525310188,0.387744817,0.0505729,0.0505729,-0.214613348,-0.140866552,0.12121384,0.940701534,0.58727895,0.0505729,0.239268409,[0.7590664],11147,-0.244501748,1.468094572,0.661419852,0.579353392,0.143861325,0.763990242,0.763990242,0.752896763,-146472874.1,-0.029040892,0.9494271,0.622148361,0.739163394,20.95898533,29.8,0,258.9472686,0,1078.946953,0.093209028,0.13962998
ce778982-236b-4a5b-81f1-7f51239624ea,RandomForestClassifier,PREPROCESSING,DEMV,DEMV,0.854296049,0.602395893,0.194704156,0.602395893,0.933524715,0.740273396,3506,0.145703951,-0.123073391,0.346834654,0.259726604,0.193647075,1.777774448,0.397604107,0.121349732,1.30882825,0.118135593,-0.127688585,0.23793348,0.066475285,-0.063255005,0.323159884,0.07871874,0.397604107,0.066475285,0.933524715,0.602395893,0.881864407,1394,741,1394,741,10406,11800,2853,10406,2112,0.740273396,0.092302368,-0.092302368,0.021125277,0.000223139,0.000222275,0.732921418,0.268586903,0.429808808,0.396783921,-0.076184372,0.246861998,-0.121349732,0.121349732,-0.16066783,-0.193051475,0.118962343,0.933524715,0.602395893,-0.121349732,0.239268409,[0.7590664],11147,-0.244501748,1.468094572,0.664255386,0.577422263,0.145703951,0.767960304,0.767960304,0.838844859,-612642780.9,-0.058094727,0.878650268,0.631815122,0.698264458,,,,,,,,0.178250815
ce778982-236b-4a5b-81f1-7f51239624ea,BaggingClassifier,PREPROCESSING,DEMV,DEMV,0.84863168,0.569309755,0.18453559,0.569309755,0.936485153,0.73816568,3506,0.15136832,-0.132110305,0.312914182,0.26183432,0.160467381,1.669918699,0.430690245,0.060401556,1.142016807,0.126370408,-0.139771612,0.212031494,0.063514847,-0.057213819,0.319364872,0.083026105,0.430690245,0.063514847,0.936485153,0.569309755,0.873629592,1510,708,1510,708,10439,11949,2704,10439,1996,0.73816568,0.058807687,-0.058807687,0.029482974,0.000434623,0.000432579,0.733135287,0.268743675,0.429908325,0.407495044,-0.127078403,0.259719927,-0.060401556,0.060401556,-0.150119496,-0.177404652,0.127148711,0.936485153,0.569309755,-0.060401556,0.239268409,[0.7590664],11147,-0.244501748,1.468094572,0.642834138,0.556275951,0.15136832,0.752897454,0.752897454,0.797173612,-1342445268,-0.003187737,0.939598444,0.603842081,0.685905678,33.50972295,41,0,585.2829326,0,2438.678886,0.210674759,0.215652265
ce778982-236b-4a5b-81f1-7f51239624ea,BernoulliNB,PREPROCESSING,DEMV,DEMV,0.819354398,0.68682259,0.270047089,0.68682259,0.861038845,0.608541825,3506,0.180645602,-0.132453424,0.399651878,0.391458175,0.215913251,1.594746446,0.31317741,0.136076947,1.465229111,0.102655198,-0.108669203,0.241092559,0.138961155,-0.125733147,0.328543698,0.084563521,0.31317741,0.138961155,0.861038845,0.68682259,0.897344802,1098,1549,1098,1549,9598,10696,3957,9598,2408,0.608541825,0.130905047,-0.130905047,0.007218864,2.61E-05,2.62E-05,0.732646111,0.268385162,0.429679446,0.411250582,-0.198502541,0.279778897,-0.136076947,0.136076947,-0.162291227,-0.253686561,0.111857753,0.861038845,0.68682259,-0.136076947,0.239268409,[0.7590664],11147,-0.244501748,1.468094572,0.645316897,0.52645586,0.180645602,0.773930717,0.773930717,0.875242154,-295723660.1,-0.010343801,0.863923053,0.665423143,0.693471442,,,,,,,,0.179722485
ce778982-236b-4a5b-81f1-7f51239624ea,BaggingClassifier,PREPROCESSING,DEMV,HYPERPARAMETER,0.861530062,0.549629207,0.162219341,0.549629207,0.959630394,0.810685738,3506,0.138469938,-0.122829637,0.309204185,0.189314262,0.158142909,1.902691511,0.450370793,0.072048775,1.162918945,0.128624959,-0.13909324,0.220869562,0.040369606,-0.035998863,0.345648005,0.077792558,0.450370793,0.040369606,0.959630394,0.549629207,0.871375041,1579,450,1579,450,10697,12276,2377,10697,1927,0.810685738,0.054023819,-0.054023819,0.035046854,0.000614141,0.000609954,0.733437863,0.26896555,0.43004819,0.394442791,-0.077099334,0.24670567,-0.072048775,0.072048775,-0.148618075,-0.161539491,0.126307015,0.959630394,0.549629207,-0.072048775,0.239268409,[0.7590664],11147,-0.244501748,1.468094572,0.655107938,0.589360671,0.138469938,0.7546298,0.7546298,0.795397784,-174824462,-0.036049913,0.927951225,0.597751066,0.689132482,33.4188242,51.5,0,890.25659,0,3709.402458,0.320451157,0.108903606
ce778982-236b-4a5b-81f1-7f51239624ea,RandomForestClassifier,PREPROCESSING,DEMV,HYPERPARAMETER,0.857708319,0.546776954,0.164676176,0.546776954,0.955503723,0.794446747,3506,0.142291681,-0.118185854,0.359689662,0.205553253,0.28134377,2.600371058,0.453223046,-0.011584148,0.975285939,0.129820261,-0.15103673,0.191585979,0.044496277,-0.016828403,0.6802057,0.079828904,0.453223046,0.044496277,0.955503723,0.546776954,0.870179739,1589,496,1589,496,10651,12240,2413,10651,1917,0.794446747,0.014206276,-0.002622128,0.05079138,0.001289882,0.00127929,0.734136145,0.26947794,0.430367972,0.399572032,-0.439036918,0.355237168,0.011584148,0.016828403,-0.21619025,-0.131796113,0.128228922,0.955503723,0.546776954,0.011584148,0.239268409,[0.7590664],11147,-0.244501748,1.468094572,0.647744551,0.577779405,0.142291681,0.751140338,0.751140338,0.753109924,-168333133.3,0.005244255,0.988415852,0.592993581,0.632630066,,,,,,,,0.454052349
ce778982-236b-4a5b-81f1-7f51239624ea,GradientBoostingClassifier,PREPROCESSING,DEMV,HYPERPARAMETER,0.873200027,0.642612664,0.195045383,0.642612664,0.945725307,0.788313506,3506,0.126799973,-0.094955318,0.407669554,0.211686494,0.272378578,2.485828642,0.357387336,0.023315463,1.064336476,0.106231454,-0.122228384,0.199745333,0.054274693,-0.026193187,0.605890168,0.068332228,0.357387336,0.054274693,0.945725307,0.642612664,0.893768546,1253,605,1253,605,10542,11795,2858,10542,2253,0.788313506,0.024754325,-0.024754325,0.03318927,0.000550764,0.000547388,0.733311568,0.268872928,0.429989926,0.369681562,-0.36762993,0.331006234,-0.023315463,0.026193187,-0.197303481,-0.165628838,0.105117017,0.945725307,0.642612664,-0.023315463,0.239268409,[0.7590664],11147,-0.244501748,1.468094572,0.708045255,0.633478311,0.126799973,0.794168986,0.794168986,0.813828103,-230850853.5,0.002877724,0.976684537,0.673744019,0.690764076,,,,,,,,0.135635446
ce778982-236b-4a5b-81f1-7f51239624ea,XGBClassifier,PREPROCESSING,FOS,FOS,0.875452126,0.664575014,0.203303078,0.664575014,0.941778057,0.782141658,3506,0.124547874,-0.110994882,0.314104443,0.217858342,0.088830295,1.403296322,0.335424986,0.13962998,1.439761629,0.10073668,-0.104169865,0.252584239,0.058221943,-0.070511078,0.212402019,0.066311221,0.335424986,0.058221943,0.941778057,0.664575014,0.89926332,1176,649,1176,649,10498,11674,2979,10498,2330,0.782141658,0.105070529,-0.105070529,0.006966646,2.43E-05,2.42E-05,0.732697766,0.268423008,0.42970388,0.364173642,0.106039813,0.205552474,-0.13962998,0.13962998,-0.09650008,-0.220509936,0.100319445,0.941778057,0.664575014,-0.13962998,0.239268409,[0.7590664],11147,-0.244501748,1.468094572,0.718581342,0.642784568,0.124547874,0.803176536,0.803176536,0.887566719,-274797245,-0.069118902,0.86037002,0.69052382,0.664622521,29.32738996,52.6,0,1221.309078,0,5088.787826,0.439614726,0.13875749
ce778982-236b-4a5b-81f1-7f51239624ea,GradientBoostingClassifier,PREPROCESSING,FOS,FOS,0.86944653,0.612093554,0.184194363,0.612093554,0.95039024,0.7951093,3506,0.13055347,-0.116724543,0.307649787,0.2048907,0.064565879,1.310172207,0.387906446,0.178250815,1.488885685,0.11376945,-0.113781724,0.266331769,0.04960976,-0.064144241,0.173047926,0.071409146,0.387906446,0.04960976,0.95039024,0.612093554,0.88623055,1360,553,1360,553,10594,11954,2699,10594,2146,0.7951093,0.121197528,-0.121197528,0.010837012,5.87E-05,5.85E-05,0.732775643,0.268480071,0.429740549,0.377913076,0.240055977,0.179370687,-0.178250815,0.178250815,-0.089173802,-0.20881957,0.112016382,0.95039024,0.612093554,-0.178250815,0.239268409,[0.7590664],11147,-0.244501748,1.468094572,0.691700242,0.619065928,0.13055347,0.781241897,0.781241897,0.875926483,-196711703,-0.114106574,0.821749185,0.649466596,0.730189109,,,,,,,,0.16489015
ce778982-236b-4a5b-81f1-7f51239624ea,AdaBoostClassifier,PREPROCESSING,FOS,FOS,0.864055142,0.611808329,0.18944926,0.611808329,0.943392841,0.772694524,3506,0.135944858,-0.125307476,0.275785318,0.227305476,-0.06094692,0.732235142,0.388191671,0.215652265,1.606145664,0.114591227,-0.110291222,0.28099704,0.056607159,-0.081448509,0.076127673,0.073912526,0.388191671,0.056607159,0.943392841,0.611808329,0.885408773,1361,631,1361,631,10516,11877,2776,10516,2145,0.772694524,0.148550387,-0.148550387,0.004732087,1.12E-05,1.12E-05,0.73267044,0.268402987,0.429690963,0.384480237,0.476898095,0.141190489,-0.215652265,0.215652265,-0.024672151,-0.22715216,0.113930764,0.943392841,0.611808329,-0.215652265,0.239268409,[0.7590664],11147,-0.244501748,1.468094572,0.682903534,0.604466476,0.135944858,0.777600585,0.777600585,0.893113453,-145752864.9,-0.134203757,0.784347735,0.645403942,0.688497224,137.7496068,41.3,0,1600.955701,0,6670.648755,0.576269934,0.271428571
ce778982-236b-4a5b-81f1-7f51239624ea,RandomForestClassifier,PREPROCESSING,FOS,FOS,0.854773766,0.618653736,0.202006415,0.618653736,0.929039203,0.73277027,3506,0.145226234,-0.13601363,0.287860219,0.26722973,0.046154396,1.169067103,0.381346264,0.179722485,1.49491967,0.114341914,-0.11801125,0.259888916,0.070960797,-0.094275637,0.151084151,0.077593749,0.381346264,0.070960797,0.929039203,0.618653736,0.885658086,1337,791,1337,791,10356,11693,2960,10356,2169,0.73277027,0.136999061,-0.136999061,0.004401124,9.68E-06,9.66E-06,0.732663195,0.268397679,0.429687533,0.393938444,0.262533282,0.175506386,-0.179722485,0.179722485,-0.082082823,-0.229042036,0.115705505,0.929039203,0.618653736,-0.179722485,0.239268409,[0.7590664],11147,-0.244501748,1.468094572,0.670893907,0.58198698,0.145226234,0.77384647,0.77384647,0.87986271,-632544053,-0.085446848,0.820277515,0.643715685,0.750673976,,,,,,,,0.138442132
ce778982-236b-4a5b-81f1-7f51239624ea,BaggingClassifier,PREPROCESSING,FOS,FOS,0.850610796,0.588134626,0.191564867,0.588134626,0.933165874,0.734592091,3506,0.149389204,-0.13174758,0.309774752,0.265407909,0.128783584,1.50075013,0.411865374,0.108903606,1.278457197,0.121897687,-0.128997561,0.230261964,0.066834126,-0.073290012,0.251367464,0.08111075,0.411865374,0.066834126,0.933165874,0.588134626,0.878102313,1444,745,1444,745,10402,11846,2807,10402,2062,0.734592091,0.091096809,-0.091096809,0.013424998,9.01E-05,8.96E-05,0.732841274,0.268528166,0.429771333,0.402767303,0.005076218,0.227464764,-0.108903606,0.108903606,-0.128890573,-0.2008177,0.12289274,0.933165874,0.588134626,-0.108903606,0.239268409,[0.7590664],11147,-0.244501748,1.468094572,0.653255188,0.565152988,0.149389204,0.76065025,0.76065025,0.829943061,-1343369557,-0.035613593,0.891096394,0.618986867,0.752016379,153.3630311,51.7,0,1934.147664,0,8058.9486,0.696203615,0.151193104
ce778982-236b-4a5b-81f1-7f51239624ea,BernoulliNB,PREPROCESSING,FOS,FOS,0.806046543,0.735596121,0.306694875,0.735596121,0.828204898,0.573876279,3506,0.193953457,-0.187035337,0.264979424,0.426123721,0.012611453,1.029380273,0.264403879,0.454052349,3.235714286,0.091249139,-0.065632178,0.432138979,0.171795102,-0.257066014,0.076361337,0.083117102,0.264403879,0.171795102,0.828204898,0.735596121,0.908750861,927,1915,927,1915,9232,10159,4494,9232,2579,0.573876279,0.355559182,-0.355559182,0.065317381,0.00213318,0.002153237,0.734462573,0.269717636,0.430580741,0.407718289,0.816587669,0.100742132,-0.454052349,0.454052349,-0.039121816,-0.398166329,0.104479854,0.828204898,0.735596121,-0.454052349,0.239268409,[0.7590664],11147,-0.244501748,1.468094572,0.64475,0.521637493,0.193953457,0.78190051,0.78190051,1.059912415,-329970419.2,-0.196986335,0.545947651,0.687183586,0.66851184,,,,,,,,0.412750972
ce778982-236b-4a5b-81f1-7f51239624ea,BaggingClassifier,PREPROCESSING,FOS,HYPERPARAMETER,0.866853204,0.584711922,0.17368457,0.584711922,0.955593433,0.805500982,3506,0.133146796,-0.121716044,0.290320942,0.194499018,0.054093567,1.276119403,0.415288078,0.135635446,1.345184591,0.120251074,-0.123611417,0.245484245,0.044406567,-0.056378476,0.179146215,0.073783417,0.415288078,0.044406567,0.955593433,0.584711922,0.879748926,1456,495,1456,495,10652,12108,2545,10652,2050,0.805500982,0.096006961,-0.096006961,0.017584173,0.000154602,0.000153752,0.732923754,0.268588615,0.429809898,0.384144289,0.179101825,0.190646915,-0.135635446,0.135635446,-0.088852492,-0.193768817,0.117951376,0.955593433,0.584711922,-0.135635446,0.239268409,[0.7590664],11147,-0.244501748,1.468094572,0.677573955,0.608476947,0.133146796,0.770152678,0.770152678,0.844092696,-176604849.7,-0.07925697,0.864364554,0.627727168,0.664651561,153.1815536,62.1,0,2265.289865,0,9438.707769,0.815399477,0.306559445
ce778982-236b-4a5b-81f1-7f51239624ea,RandomForestClassifier,PREPROCESSING,FOS,HYPERPARAMETER,0.86036989,0.549058756,0.163106531,0.549058756,0.95828474,0.805439331,3506,0.13963011,-0.130129172,0.280891595,0.194560669,0.035151077,1.179692308,0.450941244,0.13875749,1.320699708,0.128924407,-0.133492555,0.24467733,0.04171526,-0.054002594,0.157127517,0.078402522,0.450941244,0.04171526,0.95828474,0.549058756,0.871075593,1581,465,1581,465,10682,12263,2390,10682,1925,0.805439331,0.096380042,-0.096380042,0.023043461,0.000265501,0.000264322,0.733068335,0.268694592,0.429877238,0.395986165,0.230254035,0.180882668,-0.13875749,0.13875749,-0.084321816,-0.183204752,0.126838042,0.95828474,0.549058756,-0.13875749,0.239268409,[0.7590664],11147,-0.244501748,1.468094572,0.652985075,0.585854459,0.13963011,0.753671748,0.753671748,0.826310663,-173666775,-0.084754896,0.86124251,0.596529284,0.749251629,,,,,,,,0.172406181
ce778982-236b-4a5b-81f1-7f51239624ea,GradientBoostingClassifier,PREPROCESSING,FOS,HYPERPARAMETER,0.875725107,0.659155733,0.200436771,0.659155733,0.943841392,0.786857337,3506,0.124274893,-0.107753469,0.329299216,0.213142663,0.105952505,1.493256118,0.340844267,0.16489015,1.51395806,0.101997269,-0.102871301,0.266216175,0.056158608,-0.06726488,0.220393382,0.066443531,0.340844267,0.056158608,0.943841392,0.659155733,0.898002731,1195,626,1195,626,10521,11716,2937,10521,2311,0.786857337,0.116077515,-0.116077515,0.006977259,2.43E-05,2.42E-05,0.73270422,0.268427737,0.429706927,0.364536776,0.130904221,0.200436911,-0.16489015,0.16489015,-0.104411903,-0.219317795,0.101223149,0.943841392,0.659155733,-0.16489015,0.239268409,[0.7590664],11147,-0.244501748,1.468094572,0.717367686,0.642626371,0.124274893,0.801498563,0.801498563,0.894534524,-237092775.7,-0.09762527,0.83510985,0.687030844,0.667781928,,,,,,,,0.427036687
ce778982-236b-4a5b-81f1-7f51239624ea,XGBClassifier,PREPROCESSING,FAIR_SMOTE,FAIR_SMOTE,0.571555313,0.954934398,0.646147547,0.954934398,0.450973356,0.353612167,3506,0.428444687,-0.524861167,0.148156587,0.646387833,-0.085207526,0.870938269,0.045065602,0.271428571,inf,0.030472517,0.022511848,inf,0.549026644,-0.825091131,0.085540922,0.066410567,0.045065602,0.549026644,0.450973356,0.954934398,0.969527483,158,6120,158,6120,5027,5185,9468,5027,3348,0.353612167,0.548259851,-0.548259851,0.17703206,0.015670175,0.016107448,0.745019201,0.277526805,0.436319149,0.36444634,1.104765685,0.133382855,-0.271428571,0.825091131,0.053859687,-0.808782002,0.070177011,0.450973356,0.954934398,-0.271428571,0.239268409,[0.7590664],11147,-0.244501748,1.468094572,0.516109141,0.362166936,0.428444687,0.702953877,0.702953877,1.088355265,,0.553662559,0.728571429,0.670069048,0.754660321,32.1058042,52.3,0,1289.802315,0,5374.176313,0.46426912,0.166214654
ce778982-236b-4a5b-81f1-7f51239624ea,GradientBoostingClassifier,PREPROCESSING,FAIR_SMOTE,FAIR_SMOTE,0.621374463,0.975755847,0.606292227,0.975755847,0.509912981,0.385074291,3506,0.378625537,-0.331052047,0.321184905,0.614925709,0.095149797,1.156924113,0.024244153,0.138442132,32.35714286,0.014733923,0.006034858,1.853429445,0.490087019,-0.554395325,0.221478925,0.06526248,0.024244153,0.490087019,0.509912981,0.975755847,0.985266077,85,5463,85,5463,5684,5769,8884,5684,3421,0.385074291,0.346418729,-0.346418729,0.104394515,0.005449107,0.005548964,0.738142517,0.272427188,0.432499609,0.361282381,-0.082965051,0.259980629,-0.138442132,0.554395325,-0.044557469,-0.593500543,0.065444299,0.509912981,0.975755847,-0.138442132,0.239268409,[0.7590664],11147,-0.244501748,1.468094572,0.552219532,0.424102314,0.378625537,0.742834414,0.742834414,1.000166167,-346045186.7,0.415953193,0.861557868,0.705288115,0.716370734,,,,,,,,0.19852833
ce778982-236b-4a5b-81f1-7f51239624ea,AdaBoostClassifier,PREPROCESSING,FAIR_SMOTE,FAIR_SMOTE,0.642735276,0.964346834,0.579471781,0.964346834,0.541580694,0.398186315,3506,0.357264724,-0.282224001,0.319948859,0.601813685,0.098621249,1.173615077,0.035653166,0.151193104,8.471688312,0.020285622,-0.007669644,0.664487917,0.458419306,-0.46857173,0.216861697,0.067234655,0.035653166,0.458419306,0.541580694,0.964346834,0.979714378,125,5110,125,5110,6037,6162,8491,6037,3381,0.398186315,0.309882417,-0.309882417,0.064462475,0.002077705,0.002143034,0.737008052,0.271590434,0.431897505,0.366700573,-0.087423053,0.250940425,-0.151193104,0.46857173,-0.053145447,-0.538788039,0.067906003,0.541580694,0.964346834,-0.151193104,0.239268409,[0.7590664],11147,-0.244501748,1.468094572,0.56364091,0.437253203,0.357264724,0.752963764,0.752963764,0.986293995,-149660657.6,0.317378626,0.848806896,0.71145247,0.739163394,18.01189184,51.1,0,1605.76719,0,6690.696625,0.578001847,0.13962998
ce778982-236b-4a5b-81f1-7f51239624ea,RandomForestClassifier,PREPROCESSING,FAIR_SMOTE,FAIR_SMOTE,0.687572511,0.92612664,0.516344776,0.92612664,0.612541491,0.429156754,3506,0.312427489,-0.377315477,0.14962636,0.570843246,-0.124845125,0.786335538,0.07387336,0.412750972,27.089701,0.036545788,0.013576779,1.674418605,0.387458509,-0.604374284,0.059201414,0.072246214,0.07387336,0.387458509,0.612541491,0.92612664,0.963454212,259,4319,259,4319,6828,7087,7566,6828,3247,0.429156754,0.508562628,-0.508562628,0.146020363,0.010660973,0.010897883,0.741680693,0.275045125,0.434430044,0.380121597,0.806562865,0.102243952,-0.412750972,0.604374284,0.069210952,-0.674024054,0.075386295,0.612541491,0.92612664,-0.412750972,0.239268409,[0.7590664],11147,-0.244501748,1.468094572,0.586524566,0.459877174,0.312427489,0.769334066,0.769334066,1.16058862,-998417990.2,0.191623312,0.587249028,0.718203937,0.698264458,,,,,,,,0.178250815
ce778982-236b-4a5b-81f1-7f51239624ea,BaggingClassifier,PREPROCESSING,FAIR_SMOTE,FAIR_SMOTE,0.546031529,0.940673132,0.664846789,0.940673132,0.42190724,0.338534182,3506,0.453968471,-0.586453839,0.121241984,0.661465818,-0.140314069,0.793283572,0.059326868,0.306559445,40.67755102,0.042353899,-0.094418605,0.213178295,0.57809276,-0.911048886,0.064332492,0.067129617,0.059326868,0.57809276,0.42190724,0.940673132,0.957646101,208,6444,208,6444,4703,4911,9742,4703,3298,0.338534182,0.608804165,-0.608804165,0.197617877,0.019526413,0.020145091,0.747158075,0.279122595,0.437562282,0.36641402,2.305908256,0.110132468,-0.306559445,0.911048886,0.022947732,-0.871698495,0.073077176,0.42190724,0.940673132,-0.306559445,0.239268409,[0.7590664],11147,-0.244501748,1.468094572,0.497886473,0.327702848,0.453968471,0.681290186,0.681290186,1.096062489,-3463532989,0.604489441,0.693440555,0.651135242,0.685905678,30.59406114,61.3,0,1902.693432,0,7927.889302,0.684881548,0.215652265
ce778982-236b-4a5b-81f1-7f51239624ea,BernoulliNB,PREPROCESSING,FAIR_SMOTE,FAIR_SMOTE,0.662867672,0.949229892,0.552105371,0.949229892,0.572799856,0.411372064,3506,0.337132328,-0.23742757,0.405320952,0.588627936,0.158407109,1.283495245,0.050770108,0.172406181,7.248,0.027121743,-0.010781742,0.628964317,0.427200144,-0.41300681,0.277762516,0.069410991,0.050770108,0.427200144,0.572799856,0.949229892,0.972878257,178,4762,178,4762,6385,6563,8090,6385,3328,0.411372064,0.292706496,-0.292706496,0.064801752,0.002099634,0.002130803,0.735842025,0.270731743,0.43128805,0.372588221,-0.245081767,0.293895427,-0.172406181,0.41300681,-0.084594426,-0.493474086,0.070978153,0.572799856,0.949229892,-0.172406181,0.239268409,[0.7590664],11147,-0.244501748,1.468094572,0.573991031,0.44787286,0.337132328,0.761014874,0.761014874,0.983768871,-421646038.7,0.240600629,0.827593819,0.71539123,0.693836477,,,,,,,,0.18045832
ce778982-236b-4a5b-81f1-7f51239624ea,BaggingClassifier,PREPROCESSING,FAIR_SMOTE,HYPERPARAMETER,0.698491776,0.932972048,0.50870129,0.932972048,0.624742083,0.438824792,3506,0.301508224,-0.360243168,0.149409314,0.561175208,-0.138037577,0.759021103,0.067027952,0.427036687,27.99269103,0.032643423,0.016014091,1.859919449,0.375257917,-0.579291065,0.054755895,0.071026947,0.067027952,0.375257917,0.624742083,0.932972048,0.967356577,235,4183,235,4183,6964,7199,7454,6964,3271,0.438824792,0.503163876,-0.503163876,0.135765131,0.009216085,0.009417887,0.741293354,0.274757918,0.434215018,0.376900378,0.848785166,0.097969409,-0.427036687,0.579291065,0.077025834,-0.659026433,0.073180157,0.624742083,0.932972048,-0.427036687,0.239268409,[0.7590664],11147,-0.244501748,1.468094572,0.59689781,0.475954924,0.301508224,0.778857065,0.778857065,1.170749805,-291930441.1,0.152254378,0.572963313,0.728021367,0.685652474,30.51694584,71.5,0,2198.827272,0,9161.780301,0.79147602,0.134899611
ce778982-236b-4a5b-81f1-7f51239624ea,RandomForestClassifier,PREPROCESSING,FAIR_SMOTE,HYPERPARAMETER,0.661161537,0.961779806,0.559817102,0.961779806,0.56660985,0.411069121,3506,0.338838463,-0.272134734,0.351191431,0.588930879,0.122902342,1.215374037,0.038220194,0.166214654,9.523989218,0.020775194,-0.005710116,0.745307271,0.43339015,-0.460864445,0.238441672,0.067691359,0.038220194,0.43339015,0.56660985,0.961779806,0.979224806,134,4831,134,4831,6316,6450,8203,6316,3372,0.411069121,0.313539549,-0.313539549,0.08110747,0.003289211,0.003346033,0.736753478,0.271402843,0.431763605,0.367943907,-0.147140548,0.266431555,-0.166214654,0.460864445,-0.064306229,-0.531240151,0.068060583,0.56660985,0.961779806,-0.166214654,0.239268409,[0.7590664],11147,-0.244501748,1.468094572,0.575967205,0.454122532,0.338838463,0.764194828,0.764194828,1.00380013,-255279987.8,0.294649791,0.833785346,0.720474334,0.632630066,,,,,,,,0.454052349
ce778982-236b-4a5b-81f1-7f51239624ea,GradientBoostingClassifier,PREPROCESSING,FAIR_SMOTE,HYPERPARAMETER,0.583771241,0.963776383,0.638162834,0.963776383,0.464250471,0.361351727,3506,0.416228759,-0.469617343,0.196909368,0.638648273,-0.01454972,0.977565307,0.036223617,0.19852833,135.9,0.023953225,0.012551214,3.663995068,0.535749529,-0.747128473,0.126808516,0.06569351,0.036223617,0.535749529,0.464250471,0.963776383,0.976046775,127,5972,127,5972,5175,5302,9351,5175,3379,0.361351727,0.472828401,-0.472828401,0.157456217,0.01239623,0.012698135,0.742611508,0.275735926,0.434950349,0.362473475,0.67027013,0.176163567,-0.19852833,0.747128473,0.013550467,-0.742231354,0.068208392,0.464250471,0.963776383,-0.19852833,0.239268409,[0.7590664],11147,-0.244501748,1.468094572,0.525628063,0.380020551,0.416228759,0.714013427,0.714013427,1.051619254,-531062805,0.548600143,0.80147167,0.680255675,0.687890447,,,,,,,,0.133060023
ce778982-236b-4a5b-81f1-7f51239624ea,XGBClassifier,PREPROCESSING,BAL_GAN_FAIR,BAL_GAN_FAIR,0.875452126,0.664575014,0.203303078,0.664575014,0.941778057,0.782141658,3506,0.124547874,-0.110994882,0.314104443,0.217858342,0.088830295,1.403296322,0.335424986,0.13962998,1.439761629,0.10073668,-0.104169865,0.252584239,0.058221943,-0.070511078,0.212402019,0.066311221,0.335424986,0.058221943,0.941778057,0.664575014,0.89926332,1176,649,1176,649,10498,11674,2979,10498,2330,0.782141658,0.105070529,-0.105070529,0.006966646,2.43E-05,2.42E-05,0.732697766,0.268423008,0.42970388,0.364173642,0.106039813,0.205552474,-0.13962998,0.13962998,-0.09650008,-0.220509936,0.100319445,0.941778057,0.664575014,-0.13962998,0.239268409,[0.7590664],11147,-0.244501748,1.468094572,0.718581342,0.642784568,0.124547874,0.803176536,0.803176536,0.887566719,-274797245,-0.069118902,0.86037002,0.69052382,0.664622521,29.54607201,50.9,0,1179.213267,0,4913.388613,0.424462183,0.13875749
ce778982-236b-4a5b-81f1-7f51239624ea,GradientBoostingClassifier,PREPROCESSING,BAL_GAN_FAIR,BAL_GAN_FAIR,0.86944653,0.612093554,0.184194363,0.612093554,0.95039024,0.7951093,3506,0.13055347,-0.116724543,0.307649787,0.2048907,0.064565879,1.310172207,0.387906446,0.178250815,1.488885685,0.11376945,-0.113781724,0.266331769,0.04960976,-0.064144241,0.173047926,0.071409146,0.387906446,0.04960976,0.95039024,0.612093554,0.88623055,1360,553,1360,553,10594,11954,2699,10594,2146,0.7951093,0.121197528,-0.121197528,0.010837012,5.87E-05,5.85E-05,0.732775643,0.268480071,0.429740549,0.377913076,0.240055977,0.179370687,-0.178250815,0.178250815,-0.089173802,-0.20881957,0.112016382,0.95039024,0.612093554,-0.178250815,0.239268409,[0.7590664],11147,-0.244501748,1.468094572,0.691700242,0.619065928,0.13055347,0.781241897,0.781241897,0.875926483,-196713122.9,-0.114106574,0.821749185,0.649466596,0.730189109,,,,,,,,0.16489015
ce778982-236b-4a5b-81f1-7f51239624ea,AdaBoostClassifier,PREPROCESSING,BAL_GAN_FAIR,BAL_GAN_FAIR,0.864055142,0.611808329,0.18944926,0.611808329,0.943392841,0.772694524,3506,0.135944858,-0.125307476,0.275785318,0.227305476,-0.06094692,0.732235142,0.388191671,0.215652265,1.606145664,0.114591227,-0.110291222,0.28099704,0.056607159,-0.081448509,0.076127673,0.073912526,0.388191671,0.056607159,0.943392841,0.611808329,0.885408773,1361,631,1361,631,10516,11877,2776,10516,2145,0.772694524,0.148550387,-0.148550387,0.004732087,1.12E-05,1.12E-05,0.73267044,0.268402987,0.429690963,0.384480237,0.476898095,0.141190489,-0.215652265,0.215652265,-0.024672151,-0.22715216,0.113930764,0.943392841,0.611808329,-0.215652265,0.239268409,[0.7590664],11147,-0.244501748,1.468094572,0.682903534,0.604466476,0.135944858,0.777600585,0.777600585,0.893113453,-145752864.9,-0.134203757,0.784347735,0.645403942,0.73718712,17.1302979,9.9,0,170.0539834,0,708.5582641,0.061211561,0.133375381
ce778982-236b-4a5b-81f1-7f51239624ea,RandomForestClassifier,PREPROCESSING,BAL_GAN_FAIR,BAL_GAN_FAIR,0.854910257,0.619509412,0.202279397,0.619509412,0.928949493,0.732793522,3506,0.145089743,-0.138308956,0.27273248,0.267206478,0.00149094,1.005496829,0.380490588,0.18045832,1.49795504,0.11412439,-0.117746193,0.259693224,0.071050507,-0.096777079,0.121804277,0.077487104,0.380490588,0.071050507,0.928949493,0.619509412,0.88587561,1334,792,1334,792,10355,11689,2964,10355,2172,0.732793522,0.138617699,-0.138617699,0.004023603,8.09E-06,8.08E-06,0.732655212,0.26839183,0.429683749,0.393667636,0.3265133,0.164511131,-0.18045832,0.18045832,-0.059618566,-0.231804052,0.115498206,0.928949493,0.619509412,-0.18045832,0.239268409,[0.7590664],11147,-0.244501748,1.468094572,0.671406491,0.582507163,0.145089743,0.774229453,0.774229453,0.881551358,-639499551.3,-0.083681241,0.81954168,0.644414775,0.702464707,53.06830931,10.3,0,547.086337,0,2279.526404,0.196925753,0.16102176
ce778982-236b-4a5b-81f1-7f51239624ea,BaggingClassifier,PREPROCESSING,BAL_GAN_FAIR,BAL_GAN_FAIR,0.85115676,0.590701654,0.192247321,0.590701654,0.933076164,0.735179269,3506,0.14884324,-0.136039046,0.295473919,0.264820731,0.090961777,1.347209653,0.409298346,0.134899611,1.342670227,0.121240284,-0.128297233,0.240048725,0.066923836,-0.079814516,0.201445534,0.080729627,0.409298346,0.066923836,0.933076164,0.590701654,0.878759716,1435,746,1435,746,10401,11836,2817,10401,2071,0.735179269,0.107357064,-0.107357064,0.012753944,8.13E-05,8.11E-05,0.732783064,0.26848551,0.429744035,0.401819927,0.117520506,0.203065392,-0.134899611,0.134899611,-0.109629505,-0.207625129,0.122222629,0.933076164,0.590701654,-0.134899611,0.239268409,[0.7590664],11147,-0.244501748,1.468094572,0.655068796,0.567069327,0.14884324,0.761888909,0.761888909,0.843683065,-1339282717,-0.055085095,0.865100389,0.621222347,0.697141836,86.50432038,10.2,0,882.8245153,0,3678.435481,0.317775954,0.108903606
ce778982-236b-4a5b-81f1-7f51239624ea,BernoulliNB,PREPROCESSING,BAL_GAN_FAIR,BAL_GAN_FAIR,0.806046543,0.735596121,0.306694875,0.735596121,0.828204898,0.573876279,3506,0.193953457,-0.187035337,0.264979424,0.426123721,0.012611453,1.029380273,0.264403879,0.454052349,3.235714286,0.091249139,-0.065632178,0.432138979,0.171795102,-0.257066014,0.076361337,0.083117102,0.264403879,0.171795102,0.828204898,0.735596121,0.908750861,927,1915,927,1915,9232,10159,4494,9232,2579,0.573876279,0.355559182,-0.355559182,0.065317381,0.00213318,0.002153237,0.734462573,0.269717636,0.430580741,0.407718289,0.816587669,0.100742132,-0.454052349,0.454052349,-0.039121816,-0.398166329,0.104479854,0.828204898,0.735596121,-0.454052349,0.239268409,[0.7590664],11147,-0.244501748,1.468094572,0.64475,0.521637493,0.193953457,0.78190051,0.78190051,1.059912415,-329970419.2,-0.196986335,0.545947651,0.687183586,0.69891797,122.0236857,10.1,0,1232.912622,0,5137.135925,0.443791465,0.146736045
ce778982-236b-4a5b-81f1-7f51239624ea,BaggingClassifier,PREPROCESSING,BAL_GAN_FAIR,HYPERPARAMETER,0.866238995,0.579577867,0.171841944,0.579577867,0.956400825,0.806989674,3506,0.133761005,-0.124724113,0.276718286,0.193010326,0.017316017,1.087912088,0.420422133,0.133060023,1.336425249,0.121466831,-0.124620806,0.243580689,0.043599175,-0.058786465,0.146210468,0.074287488,0.420422133,0.043599175,0.956400825,0.579577867,0.878533169,1474,486,1474,486,10661,12135,2518,10661,2032,0.806989674,0.095923244,-0.095923244,0.01692266,0.000143188,0.000142346,0.732909002,0.268577803,0.42980301,0.385454247,0.222159393,0.182514815,-0.133060023,0.133060023,-0.070968412,-0.195143471,0.119111266,0.956400825,0.579577867,-0.133060023,0.239268409,[0.7590664],11147,-0.244501748,1.468094572,0.674634794,0.606156446,0.133761005,0.767989346,0.767989346,0.841657375,-172588599.5,-0.074273558,0.866939977,0.623504142,0.686249982,155.3286121,10.3,0,1600.367281,0,6668.197005,0.57605813,0.14262588
ce778982-236b-4a5b-81f1-7f51239624ea,RandomForestClassifier,PREPROCESSING,BAL_GAN_FAIR,HYPERPARAMETER,0.86036989,0.549058756,0.163106531,0.549058756,0.95828474,0.805439331,3506,0.13963011,-0.130129172,0.280891595,0.194560669,0.035151077,1.179692308,0.450941244,0.13875749,1.320699708,0.128924407,-0.133492555,0.24467733,0.04171526,-0.054002594,0.157127517,0.078402522,0.450941244,0.04171526,0.95828474,0.549058756,0.871075593,1581,465,1581,465,10682,12263,2390,10682,1925,0.805439331,0.096380042,-0.096380042,0.023043461,0.000265501,0.000264322,0.733068335,0.268694592,0.429877238,0.395986165,0.230254035,0.180882668,-0.13875749,0.13875749,-0.084321816,-0.183204752,0.126838042,0.95828474,0.549058756,-0.13875749,0.239268409,[0.7590664],11147,-0.244501748,1.468094572,0.652985075,0.585854459,0.13963011,0.753671748,0.753671748,0.826310663,-173666775,-0.084754896,0.86124251,0.596529284,0.706623252,187.5000787,11.9,0,2231.808752,0,9299.203132,0.803347826,0.208367497
ce778982-236b-4a5b-81f1-7f51239624ea,GradientBoostingClassifier,PREPROCESSING,BAL_GAN_FAIR,HYPERPARAMETER,0.875725107,0.659155733,0.200436771,0.659155733,0.943841392,0.786857337,3506,0.124274893,-0.107753469,0.329299216,0.213142663,0.105952505,1.493256118,0.340844267,0.16489015,1.51395806,0.101997269,-0.102871301,0.266216175,0.056158608,-0.06726488,0.220393382,0.066443531,0.340844267,0.056158608,0.943841392,0.659155733,0.898002731,1195,626,1195,626,10521,11716,2937,10521,2311,0.786857337,0.116077515,-0.116077515,0.006977259,2.43E-05,2.42E-05,0.73270422,0.268427737,0.429706927,0.364536776,0.130904221,0.200436911,-0.16489015,0.16489015,-0.104411903,-0.219317795,0.101223149,0.943841392,0.659155733,-0.16489015,0.239268409,[0.7590664],11147,-0.244501748,1.468094572,0.717367686,0.642626371,0.124274893,0.801498563,0.801498563,0.894534524,-237092775.7,-0.09762527,0.83510985,0.687030844,0.689747249,,,,,,,,0.111783875
ce778982-236b-4a5b-81f1-7f51239624ea,XGBClassifier,PREPROCESSING,UNAWARENESS,UNAWARENESS,0.874291954,0.659155733,0.201869924,0.659155733,0.941957477,0.781271129,3506,0.125708046,-0.110307555,0.31982298,0.218728871,0.104222439,1.479831933,0.340844267,0.133375381,1.411948052,0.102180419,-0.106168604,0.249219063,0.058042523,-0.067000574,0.231069878,0.067078121,0.340844267,0.058042523,0.941957477,0.659155733,0.897819581,1195,647,1195,647,10500,11695,2958,10500,2311,0.781271129,0.100187978,-0.100187978,0.008359991,3.49E-05,3.48E-05,0.732723503,0.268441866,0.429716019,0.366273453,0.075068641,0.212052988,-0.133375381,0.133375381,-0.105195521,-0.215855744,0.101705429,0.941957477,0.659155733,-0.133375381,0.239268409,[0.7590664],11147,-0.244501748,1.468094572,0.715037129,0.63891345,0.125708046,0.800556605,0.800556605,0.880762753,-270398047.1,-0.066374807,0.866624619,0.685960226,0.660786924,,,,,,,,0.110490907
ce778982-236b-4a5b-81f1-7f51239624ea,GradientBoostingClassifier,PREPROCESSING,UNAWARENESS,UNAWARENESS,0.869651266,0.612093554,0.183989627,0.612093554,0.95065937,0.795994065,3506,0.130348734,-0.114416509,0.320399237,0.204005935,0.107229542,1.522381757,0.387906446,0.16102176,1.438095238,0.113740905,-0.115505863,0.259097525,0.04934063,-0.059080011,0.221181752,0.071312745,0.387906446,0.04934063,0.95065937,0.612093554,0.886259095,1360,550,1360,550,10597,11957,2696,10597,2146,0.795994065,0.110050885,-0.110050885,0.013232443,8.75E-05,8.71E-05,0.732828438,0.26851876,0.42976532,0.377657901,0.145695935,0.197305494,-0.16102176,0.16102176,-0.111367703,-0.202570087,0.111944641,0.95065937,0.612093554,-0.16102176,0.239268409,[0.7590664],11147,-0.244501748,1.468094572,0.692034827,0.61962889,0.130348734,0.781376462,0.781376462,0.867367633,-196560888,-0.101941749,0.83897824,0.649614046,0.73394073,,,,,,,,0.147293178
ce778982-236b-4a5b-81f1-7f51239624ea,AdaBoostClassifier,PREPROCESSING,UNAWARENESS,UNAWARENESS,0.86200778,0.590701654,0.181396301,0.590701654,0.947340092,0.779157261,3506,0.13799222,-0.119108825,0.319865594,0.220842739,0.14258286,1.68133773,0.409298346,0.108903606,1.278457197,0.11963318,-0.125632318,0.234387438,0.052659908,-0.053580622,0.28400141,0.075846263,0.409298346,0.052659908,0.947340092,0.590701654,0.88036682,1435,587,1435,587,10560,11995,2658,10560,2071,0.779157261,0.081242114,-0.081242114,0.019876321,0.000197534,0.000196667,0.732986022,0.268634254,0.429838938,0.389477247,-0.003830943,0.229392383,-0.108903606,0.108903606,-0.134107589,-0.188178946,0.118560628,0.947340092,0.590701654,-0.108903606,0.239268409,[0.7590664],11147,-0.244501748,1.468094572,0.671966256,0.595694123,0.13799222,0.769020873,0.769020873,0.831497754,-145708829.4,-0.055322983,0.891096394,0.628718883,0.734764916,17.23680878,10,0,172.6805711,0,719.5023795,0.062157011,0.169368233
ce778982-236b-4a5b-81f1-7f51239624ea,RandomForestClassifier,PREPROCESSING,UNAWARENESS,UNAWARENESS,0.852248686,0.61722761,0.203849041,0.61722761,0.926168476,0.724472715,3506,0.147751314,-0.130735652,0.322530067,0.275527285,0.137887459,1.499763096,0.38277239,0.146736045,1.399227799,0.115035145,-0.121471936,0.246484895,0.073831524,-0.085062785,0.239889339,0.078726513,0.38277239,0.073831524,0.926168476,0.61722761,0.884964855,1342,823,1342,823,10324,11666,2987,10324,2164,0.724472715,0.115899415,-0.115899415,0.007512738,2.82E-05,2.81E-05,0.732717431,0.268437417,0.429713158,0.39680351,0.051292587,0.217220966,-0.146736045,0.146736045,-0.129679698,-0.216814541,0.116783533,0.926168476,0.61722761,-0.146736045,0.239268409,[0.7590664],11147,-0.244501748,1.468094572,0.666563992,0.575470234,0.147751314,0.771698043,0.771698043,0.861137395,-649759594.8,-0.06167326,0.853263955,0.640947797,0.727450459,55.84993815,10.1,0,564.6878656,0,2352.866107,0.203261489,0.203216651
ce778982-236b-4a5b-81f1-7f51239624ea,BaggingClassifier,PREPROCESSING,UNAWARENESS,UNAWARENESS,0.851566232,0.594124358,0.193475739,0.594124358,0.932537903,0.734744268,3506,0.148433768,-0.135313595,0.288919177,0.265255732,0.067978857,1.262921664,0.405875642,0.14262588,1.369549231,0.120409545,-0.125543854,0.243625206,0.067462097,-0.081539095,0.179985701,0.080359654,0.405875642,0.067462097,0.932537903,0.594124358,0.879590455,1423,752,1423,752,10395,11818,2835,10395,2083,0.734744268,0.112082488,-0.112082488,0.011497515,6.61E-05,6.59E-05,0.732751806,0.268462604,0.429729344,0.400898127,0.165156443,0.193541921,-0.14262588,0.14262588,-0.096761356,-0.211799923,0.121433978,0.932537903,0.594124358,-0.14262588,0.239268409,[0.7590664],11147,-0.244501748,1.468094572,0.656994165,0.568811844,0.148433768,0.76333113,0.76333113,0.848887182,-1343151108,-0.061086786,0.85737412,0.62397963,0.71692757,90.75494552,10.2,0,926.0191845,0,3858.413269,0.333324035,0.216398612
ce778982-236b-4a5b-81f1-7f51239624ea,BernoulliNB,PREPROCESSING,UNAWARENESS,UNAWARENESS,0.812393367,0.702224758,0.284378626,0.702224758,0.847044048,0.590832733,3506,0.187606633,-0.158707036,0.331887029,0.409167267,0.140087244,1.352498107,0.297775242,0.208367497,1.792087912,0.09956132,-0.098938027,0.273947094,0.152955952,-0.17759779,0.213111381,0.084948863,0.297775242,0.152955952,0.847044048,0.702224758,0.90043868,1044,1705,1044,1705,9442,10486,4167,9442,2462,0.590832733,0.192982644,-0.192982644,0.029684982,0.000440599,0.000442644,0.732944616,0.268603905,0.429824036,0.412186518,0.068594555,0.21398505,-0.208367497,0.208367497,-0.119512636,-0.304831839,0.110222164,0.847044048,0.702224758,-0.208367497,0.239268409,[0.7590664],11147,-0.244501748,1.468094572,0.641730744,0.519461319,0.187606633,0.774634403,0.774634403,0.924125398,-311647630.7,-0.030769707,0.791632503,0.670616275,0.713346984,127.6557903,10,0,1277.026596,0,5320.94415,0.459670453,0.133312309
ce778982-236b-4a5b-81f1-7f51239624ea,BaggingClassifier,PREPROCESSING,UNAWARENESS,HYPERPARAMETER,0.864259879,0.577296064,0.172729134,0.577296064,0.95451691,0.799683919,3506,0.135740121,-0.123362167,0.291803659,0.200316081,0.079363911,1.402388951,0.422703936,0.111783875,1.277722643,0.122257053,-0.127815464,0.234976545,0.04548309,-0.053628782,0.213310121,0.075350209,0.422703936,0.04548309,0.95451691,0.577296064,0.877742947,1482,507,1482,507,10640,12122,2531,10640,2024,0.799683919,0.082706328,-0.082706328,0.019671735,0.000193489,0.000192523,0.733003573,0.268647119,0.429847112,0.388201516,0.099631427,0.206564857,-0.111783875,0.111783875,-0.103589687,-0.187273281,0.120241917,0.95451691,0.577296064,-0.111783875,0.239268409,[0.7590664],11147,-0.244501748,1.468094572,0.670531721,0.60022029,0.135740121,0.765906487,0.765906487,0.829251801,-170672065.9,-0.058155093,0.888216125,0.620430684,0.67489134,161.3951831,10.2,0,1646.727657,0,6861.365238,0.592745719,0.150656996
ce778982-236b-4a5b-81f1-7f51239624ea,RandomForestClassifier,PREPROCESSING,UNAWARENESS,HYPERPARAMETER,0.857640074,0.537079293,0.160103733,0.537079293,0.958464161,0.802642796,3506,0.142359926,-0.133175366,0.280298828,0.197357204,0.063610519,1.32078853,0.462920707,0.110490907,1.247375853,0.131876168,-0.139030001,0.233273594,0.041535839,-0.0512529,0.193593491,0.08024934,0.462920707,0.041535839,0.958464161,0.537079293,0.868123832,1623,463,1623,463,10684,12307,2346,10684,1883,0.802642796,0.080871903,-0.080871903,0.025625512,0.000328333,0.00032662,0.733190941,0.268784478,0.429934125,0.400622865,0.135436716,0.199054004,-0.110490907,0.110490907,-0.10132026,-0.175309146,0.130043488,0.958464161,0.537079293,-0.110490907,0.239268409,[0.7590664],11147,-0.244501748,1.468094572,0.64354067,0.576536219,0.142359926,0.747771727,0.747771727,0.80824545,-174672247.5,-0.059238008,0.889509093,0.58550995,0.679333496,193.130965,10.4,0,2009.049494,0,8371.039557,0.723164806,0.352338905
ce778982-236b-4a5b-81f1-7f51239624ea,GradientBoostingClassifier,PREPROCESSING,UNAWARENESS,HYPERPARAMETER,0.875861598,0.657729606,0.199617826,0.657729606,0.944469364,0.788376068,3506,0.124138402,-0.105316054,0.338707765,0.211623932,0.130754909,1.627029221,0.342270394,0.147293178,1.45441868,0.102319236,-0.104616388,0.257829259,0.055530636,-0.06143984,0.25700954,0.066448057,0.342270394,0.055530636,0.944469364,0.657729606,0.897680764,1200,619,1200,619,10528,11728,2925,10528,2306,0.788376068,0.104366509,-0.104366509,0.00943028,4.45E-05,4.43E-05,0.732743824,0.268456755,0.429725588,0.364549194,0.063505343,0.214519782,-0.147293178,0.147293178,-0.117685648,-0.212705587,0.101438487,0.944469364,0.657729606,-0.147293178,0.239268409,[0.7590664],11147,-0.244501748,1.468094572,0.717151298,0.64276179,0.124138402,0.801099485,0.801099485,0.884707442,-235846490.7,-0.085853338,0.852706822,0.686156364,0.711674293,,,,,,,,0.252265321
ce778982-236b-4a5b-81f1-7f51239624ea,XGBClassifier,PREPROCESSING,UNAWARENESS,UNAWARENESS_SMOTE,0.866853204,0.680262407,0.219408995,0.680262407,0.925540504,0.741835148,3506,0.133146796,-0.110538601,0.35636797,0.258164852,0.157203907,1.615292712,0.319737593,0.169368233,1.560709936,0.098006645,-0.099684837,0.268694548,0.074459496,-0.082142239,0.261476922,0.069093253,0.319737593,0.074459496,0.925540504,0.680262407,0.901993355,1121,830,1121,830,10317,11438,3215,10317,2385,0.741835148,0.125755236,-0.125755236,0.004099067,8.40E-06,8.38E-06,0.732654235,0.268391114,0.429683286,0.371734456,0.039997497,0.219834367,-0.169368233,0.169368233,-0.128444372,-0.231928834,0.100175147,0.925540504,0.680262407,-0.169368233,0.239268409,[0.7590664],11147,-0.244501748,1.468094572,0.709715816,0.624526366,0.133146796,0.802901456,0.802901456,0.903870518,-266090395,-0.087225994,0.830631767,0.694677055,0.731185729,,,,,,,,0.231977294
ce778982-236b-4a5b-81f1-7f51239624ea,GradientBoostingClassifier,PREPROCESSING,UNAWARENESS,UNAWARENESS_SMOTE,0.851770968,0.700798631,0.24431857,0.700798631,0.899255405,0.686312849,3506,0.148229032,-0.132784924,0.304340107,0.313687151,0.070142726,1.223961779,0.299201369,0.203216651,1.757671958,0.094734941,-0.091953725,0.284173677,0.100744595,-0.129236197,0.166020438,0.073358944,0.299201369,0.100744595,0.899255405,0.700798631,0.905265059,1049,1123,1049,1123,10024,11073,3580,10024,2457,0.686312849,0.166226424,-0.166226424,0.022891452,0.000262009,0.000263647,0.732727846,0.268445048,0.429718758,0.383037711,0.216392199,0.184207434,-0.203216651,0.203216651,-0.081048225,-0.275642897,0.10067373,0.899255405,0.700798631,-0.203216651,0.239268409,[0.7590664],11147,-0.244501748,1.468094572,0.693480102,0.595800899,0.148229032,0.800027018,0.800027018,0.933012648,-189149758.5,-0.073980454,0.796783349,0.697120159,0.73253167,,,,,,,,0.178198255
ce778982-236b-4a5b-81f1-7f51239624ea,AdaBoostClassifier,PREPROCESSING,UNAWARENESS,UNAWARENESS_SMOTE,0.843240292,0.695664575,0.250392411,0.695664575,0.88965641,0.66475879,3506,0.156759708,-0.142131432,0.29379217,0.33524121,0.056497175,1.169491525,0.304335425,0.216398612,1.803512881,0.097141296,-0.093332227,0.287002989,0.11034359,-0.143929517,0.151642031,0.076604212,0.304335425,0.11034359,0.88965641,0.695664575,0.902858704,1067,1230,1067,1230,9917,10984,3669,9917,2439,0.66475879,0.180164065,-0.180164065,0.026609547,0.000354034,0.000356489,0.732797182,0.268495855,0.429752304,0.391418477,0.261311641,0.176090517,-0.216398612,0.216398612,-0.074914701,-0.286364059,0.104025297,0.88965641,0.695664575,-0.216398612,0.239268409,[0.7590664],11147,-0.244501748,1.468094572,0.679860627,0.576401275,0.156759708,0.792660492,0.792660492,0.935469429,-146738613,-0.072469095,0.783601388,0.687671812,0.784000933,17.49185443,9.9,0,173.4842028,0,722.8508449,0.062446281,0.191706086
ce778982-236b-4a5b-81f1-7f51239624ea,RandomForestClassifier,PREPROCESSING,UNAWARENESS,UNAWARENESS_SMOTE,0.847607998,0.642612664,0.220637412,0.642612664,0.912083969,0.696875967,3506,0.152392002,-0.138177275,0.30334269,0.303124033,0.100512628,1.332039156,0.357387336,0.133312309,1.394279496,0.10971979,-0.116811396,0.238501553,0.087916031,-0.105471639,0.209570418,0.07893637,0.357387336,0.087916031,0.912083969,0.642612664,0.89028021,1253,980,1253,980,10167,11420,3233,10167,2253,0.696875967,0.119391974,-0.119391974,0.006346783,2.01E-05,2.02E-05,0.732644577,0.268384038,0.4296787,0.397332029,0.068349074,0.213661584,-0.133312309,0.133312309,-0.108662012,-0.236699698,0.11328299,0.912083969,0.642612664,-0.133312309,0.239268409,[0.7590664],11147,-0.244501748,1.468094572,0.6686452,0.570695676,0.152392002,0.777348316,0.777348316,0.870157467,-594229193.8,-0.02784067,0.866687691,0.655370519,0.776383652,56.20442963,11.2,0,630.0145985,0,2625.060827,0.226776088,0.203479449
ce778982-236b-4a5b-81f1-7f51239624ea,BaggingClassifier,PREPROCESSING,UNAWARENESS,UNAWARENESS_SMOTE,0.838736095,0.589560753,0.204122023,0.589560753,0.917107742,0.69107322,3506,0.161263905,-0.141274301,0.316283437,0.30892678,0.139487454,1.466343163,0.410439247,0.150656996,1.38413294,0.123392214,-0.129651756,0.244225132,0.082892258,-0.092486845,0.232162407,0.085949797,0.410439247,0.082892258,0.917107742,0.589560753,0.876607786,1439,924,1439,924,10223,11662,2991,10223,2067,0.69107322,0.12157192,-0.12157192,0.009312393,4.34E-05,4.32E-05,0.732723243,0.268441675,0.429715897,0.414607759,0.06134924,0.215015483,-0.150656996,0.150656996,-0.134569605,-0.215868452,0.126381232,0.917107742,0.589560753,-0.150656996,0.239268409,[0.7590664],11147,-0.244501748,1.468094572,0.636293674,0.536307823,0.161263905,0.753334247,0.753334247,0.844918539,-1312430152,-0.058170151,0.849343004,0.61203642,0.777178007,90.73421001,10.4,0,943.9607693,0,3933.169872,0.339782175,0.179627878
ce778982-236b-4a5b-81f1-7f51239624ea,BernoulliNB,PREPROCESSING,UNAWARENESS,UNAWARENESS_SMOTE,0.790418344,0.768111808,0.337883027,0.768111808,0.797434287,0.543930519,3506,0.209581656,-0.194279441,0.285948076,0.456069481,0.082376468,1.181912848,0.231888192,0.352338905,2.999284223,0.083797155,-0.065510144,0.387432291,0.202565713,-0.27408419,0.134260785,0.082793876,0.231888192,0.202565713,0.797434287,0.768111808,0.916202845,813,2258,813,2258,8889,9702,4951,8889,2693,0.543930519,0.313211547,-0.313211547,0.070679361,0.002497786,0.002534597,0.734483058,0.269732681,0.430591124,0.40692475,0.394991033,0.154268474,-0.352338905,0.352338905,-0.073943306,-0.403772419,0.100399839,0.797434287,0.768111808,-0.352338905,0.239268409,[0.7590664],11147,-0.244501748,1.468094572,0.636868866,0.510124129,0.209581656,0.782773048,0.782773048,1.027946605,-348408447,-0.078254714,0.647661095,0.696360463,0.724801089,128.3517187,11.4,0,1463.743903,0,6098.932927,0.526880039,0.17746242
ce778982-236b-4a5b-81f1-7f51239624ea,BaggingClassifier,PREPROCESSING,UNAWARENESS,HYPERPARAMETER_SMOTE,0.856411656,0.692241871,0.235583157,0.692241871,0.908047008,0.703070684,3506,0.143588344,-0.122322523,0.33348611,0.296929316,0.105270706,1.357177616,0.307758129,0.252265321,1.912992201,0.096330685,-0.089181782,0.313383402,0.091952992,-0.115832298,0.175223305,0.07231943,0.307758129,0.091952992,0.908047008,0.692241871,0.903669315,1079,1025,1079,1025,10122,11201,3452,10122,2427,0.703070684,0.18404881,-0.18404881,0.01629148,0.000132706,0.000133264,0.732692149,0.268418892,0.42970155,0.380314159,0.2650118,0.175335008,-0.252265321,0.252265321,-0.097226244,-0.268345661,0.101024186,0.908047008,0.692241871,-0.252265321,0.239268409,[0.7590664],11147,-0.244501748,1.468094572,0.697614257,0.603505819,0.143588344,0.80014444,0.80014444,0.947410071,-171415080.9,-0.136433023,0.747734679,0.694917681,0.701400621,162.7462151,12,0,1953.516961,0,8139.654005,0.703175665,0.183895722
ce778982-236b-4a5b-81f1-7f51239624ea,RandomForestClassifier,PREPROCESSING,UNAWARENESS,HYPERPARAMETER_SMOTE,0.836006279,0.745579007,0.281512318,0.745579007,0.864447833,0.63369697,3506,0.163993721,-0.152074011,0.286965892,0.36630303,0.049340064,1.13479251,0.254420993,0.231977294,2.030252101,0.084726444,-0.080998531,0.305292009,0.135552167,-0.177555364,0.145368796,0.074663215,0.254420993,0.135552167,0.864447833,0.745579007,0.915273556,892,1511,892,1511,9636,10528,4125,9636,2614,0.63369697,0.204766329,-0.204766329,0.037075033,0.000687279,0.000693445,0.733121415,0.268733504,0.429910617,0.38642778,0.274199821,0.173967527,-0.231977294,0.231977294,-0.065169298,-0.32015866,0.09578291,0.864447833,0.745579007,-0.231977294,0.239268409,[0.7590664],11147,-0.244501748,1.468094572,0.685100249,0.578694009,0.163993721,0.80501342,0.80501342,0.969853063,-182786371.7,-0.054421931,0.768022706,0.714061326,0.723113345,195.1533105,12.3,0,2400.962203,0,10004.00918,0.864235237,0.270188164
ce778982-236b-4a5b-81f1-7f51239624ea,GradientBoostingClassifier,PREPROCESSING,UNAWARENESS,HYPERPARAMETER_SMOTE,0.864191633,0.683399886,0.223571965,0.683399886,0.921054992,0.731379731,3506,0.135808367,-0.112522033,0.352299296,0.268620269,0.147868715,1.558353977,0.316600114,0.178198255,1.607707474,0.097565263,-0.09714375,0.273798665,0.078945008,-0.089147193,0.245984793,0.069960004,0.316600114,0.078945008,0.921054992,0.683399886,0.902434737,1110,880,1110,880,10267,11377,3276,10267,2396,0.731379731,0.133672724,-0.133672724,0.007156596,2.56E-05,2.57E-05,0.732641022,0.268381434,0.42967701,0.37405883,0.065182865,0.21436585,-0.178198255,0.178198255,-0.122506233,-0.239512546,0.100403829,0.921054992,0.683399886,-0.178198255,0.239268409,[0.7590664],11147,-0.244501748,1.468094572,0.706576231,0.618960618,0.135808367,0.802227439,0.802227439,0.909463366,-220323314.9,-0.089051062,0.821801745,0.694794838,0.753834554,,,,,,,,0.178818459
ce778982-236b-4a5b-81f1-7f51239624ea,XGBClassifier,PREPROCESSING,UNAWARENESS,UNAWARENESS_ROS,0.83880434,0.841129492,0.324438681,0.841129492,0.838073024,0.620319731,3506,0.16119566,-0.135620889,0.342158099,0.379680269,0.116235487,1.31171108,0.158870508,0.191706086,2.400691244,0.05626831,-0.050642487,0.342464487,0.161926976,-0.188003743,0.211192899,0.065362772,0.158870508,0.161926976,0.838073024,0.841129492,0.94373169,557,1805,557,1805,9342,9899,4754,9342,2949,0.620319731,0.189854915,-0.189854915,0.039642916,0.00078578,0.000792014,0.733359657,0.268908193,0.430028073,0.361559876,0.047810408,0.218652567,-0.191706086,0.191706086,-0.083438987,-0.341036139,0.075628121,0.838073024,0.841129492,-0.191706086,0.239268409,[0.7590664],11147,-0.244501748,1.468094572,0.714043584,0.618954881,0.16119566,0.839601258,0.839601258,0.999003683,-291365095.5,-0.003702344,0.808293914,0.772393924,0.752410259,,,,,,,,0.264059708
ce778982-236b-4a5b-81f1-7f51239624ea,GradientBoostingClassifier,PREPROCESSING,UNAWARENESS,UNAWARENESS_ROS,0.82051457,0.854820308,0.349280011,0.854820308,0.80972459,0.585580305,3506,0.17948543,-0.151447925,0.336370058,0.414419695,0.115801253,1.286206809,0.145179692,0.203479449,2.626638655,0.053382276,-0.047725574,0.357529548,0.19027541,-0.219050748,0.206618795,0.067924429,0.145179692,0.19027541,0.80972459,0.854820308,0.946617724,509,2121,509,2121,9026,9535,5118,9026,2997,0.585580305,0.211265098,-0.211265098,0.046730537,0.001091872,0.001104019,0.733696927,0.26915559,0.430195646,0.368576801,0.050394319,0.21815867,-0.203479449,0.219050748,-0.081763414,-0.364330215,0.076406068,0.80972459,0.854820308,-0.203479449,0.239268409,[0.7590664],11147,-0.244501748,1.468094572,0.695037106,0.594701173,0.17948543,0.832272449,0.832272449,1.00810257,-208255522.6,0.015571299,0.796520551,0.766692249,0.779700816,,,,,,,,0.208199306
ce778982-236b-4a5b-81f1-7f51239624ea,AdaBoostClassifier,PREPROCESSING,UNAWARENESS,UNAWARENESS_ROS,0.818398963,0.840559042,0.344571078,0.840559042,0.811429084,0.583679937,3506,0.181601037,-0.151019359,0.345938894,0.416320063,0.127170999,1.31260571,0.159440958,0.179627878,2.333957845,0.058204915,-0.053909888,0.321560265,0.188570916,-0.214063917,0.223238619,0.069785227,0.159440958,0.188570916,0.811429084,0.840559042,0.941795085,559,2102,559,2102,9045,9604,5049,9045,2947,0.583679937,0.196845897,-0.196845897,0.047696855,0.001137495,0.001149944,0.733555097,0.26905154,0.430125007,0.373591293,-0.00640721,0.230966235,-0.179627878,0.214063917,-0.090540443,-0.355759991,0.079801191,0.811429084,0.840559042,-0.179627878,0.239268409,[0.7590664],11147,-0.244501748,1.468094572,0.688953828,0.585323393,0.181601037,0.825994063,0.825994063,0.988587605,-146922507.3,0.03443604,0.820372122,0.757242886,0.797790178,17.25206852,10.3,0,178.1790912,0,742.4128802,0.064136224,0.14670451
ce778982-236b-4a5b-81f1-7f51239624ea,RandomForestClassifier,PREPROCESSING,UNAWARENESS,UNAWARENESS_ROS,0.846925544,0.686252139,0.242202962,0.686252139,0.8974612,0.677937447,3506,0.153074456,-0.128128433,0.348255907,0.322062553,0.155564044,1.492502419,0.313747861,0.17746242,1.603683175,0.099063401,-0.101658181,0.266381635,0.1025388,-0.114462611,0.243849137,0.076085712,0.313747861,0.1025388,0.8974612,0.686252139,0.900936599,1100,1143,1100,1143,10004,11104,3549,10004,2406,0.677937447,0.145962516,-0.145962516,0.010503308,5.52E-05,5.53E-05,0.732648236,0.268386719,0.429680463,0.390091558,0.031501519,0.221880755,-0.17746242,0.17746242,-0.128611113,-0.254652255,0.104890543,0.8974612,0.686252139,-0.17746242,0.239268409,[0.7590664],11147,-0.244501748,1.468094572,0.682069454,0.581288657,0.153074456,0.79185667,0.79185667,0.907438061,-652335306.5,-0.062999808,0.82253758,0.684154404,0.767078026,51.17200494,10.3,0,527.5544069,0,2198.143362,0.189895163,0.232050878
ce778982-236b-4a5b-81f1-7f51239624ea,BaggingClassifier,PREPROCESSING,UNAWARENESS,UNAWARENESS_ROS,0.840851703,0.649458072,0.230669487,0.649458072,0.90104961,0.673668639,3506,0.159148297,-0.138228108,0.31753853,0.326331361,0.118058691,1.374463007,0.350541928,0.183895722,1.556601973,0.109021556,-0.112045755,0.262219879,0.09895039,-0.114091666,0.203128254,0.080922894,0.350541928,0.09895039,0.90104961,0.649458072,0.890978444,1229,1103,1229,1103,10044,11273,3380,10044,2277,0.673668639,0.148993694,-0.148993694,0.002682358,3.60E-06,3.60E-06,0.732639693,0.26838046,0.429676379,0.402300618,0.130651141,0.200701554,-0.183895722,0.183895722,-0.115052223,-0.247874842,0.113894086,0.90104961,0.649458072,-0.183895722,0.239268409,[0.7590664],11147,-0.244501748,1.468094572,0.661341853,0.557532561,0.159148297,0.775253841,0.775253841,0.890761774,-1388573989,-0.069804055,0.816104278,0.655346093,0.777404242,83.93440032,10.2,0,856.451265,0,3568.546938,0.308282805,0.177052455
ce778982-236b-4a5b-81f1-7f51239624ea,BernoulliNB,PREPROCESSING,UNAWARENESS,UNAWARENESS_ROS,0.761209309,0.842840844,0.402852658,0.842840844,0.735534224,0.500592919,3506,0.238790691,-0.19788939,0.34840186,0.499407081,0.147845511,1.303118822,0.157159156,0.270188164,3.338762511,0.062971429,-0.049054678,0.3941591,0.264465776,-0.307188879,0.214514412,0.07830211,0.157159156,0.264465776,0.735534224,0.842840844,0.937028571,551,2948,551,2948,8199,8750,5903,8199,2955,0.500592919,0.288688521,-0.288688521,0.071804789,0.002577964,0.002615281,0.734752132,0.269930347,0.430727865,0.39573251,0.026798064,0.223555786,-0.270188164,0.307188879,-0.098450095,-0.425137405,0.088189656,0.735534224,0.842840844,-0.270188164,0.239268409,[0.7590664],11147,-0.244501748,1.468094572,0.628122011,0.503099751,0.238790691,0.789187534,0.789187534,1.017016917,-336791901.7,0.037000716,0.729811836,0.719809999,0.773693395,117.8341138,10.4,0,1225.873632,0,5107.806802,0.441257754,0.15939241
ce778982-236b-4a5b-81f1-7f51239624ea,BaggingClassifier,PREPROCESSING,UNAWARENESS,HYPERPARAMETER_ROS,0.856889374,0.737307473,0.256670989,0.737307473,0.894500763,0.687317203,3506,0.143110626,-0.128663262,0.299381943,0.312682797,0.059137808,1.190709932,0.262692527,0.178818459,1.759419643,0.084557473,-0.082870556,0.280191532,0.105499237,-0.132730648,0.168230746,0.068982065,0.262692527,0.105499237,0.894500763,0.737307473,0.915442527,921,1176,921,1176,9971,10892,3761,9971,2585,0.687317203,0.155774554,-0.155774554,0.021848137,0.000238671,0.000239883,0.732778589,0.26848223,0.429743295,0.37143523,0.176252608,0.191872551,-0.178818459,0.178818459,-0.071004182,-0.283990185,0.092103307,0.894500763,0.737307473,-0.178818459,0.239268409,[0.7590664],11147,-0.244501748,1.468094572,0.711435255,0.617113086,0.143110626,0.815904118,0.815904118,0.943001217,-175189467.3,-0.046087811,0.821181541,0.724140346,0.763108398,150.1980858,10.1,0,1517.31626,0,6322.151084,0.546163608,0.16184169
ce778982-236b-4a5b-81f1-7f51239624ea,RandomForestClassifier,PREPROCESSING,UNAWARENESS,HYPERPARAMETER_ROS,0.79642394,0.875356532,0.38319798,0.875356532,0.771597739,0.546571683,3506,0.20357606,-0.188458524,0.294946308,0.453428317,0.078662836,1.173807041,0.124643468,0.264059708,3.836815359,0.048351405,-0.03339088,0.463106319,0.228402261,-0.291150526,0.163835119,0.069870033,0.124643468,0.228402261,0.771597739,0.875356532,0.951648595,437,2546,437,2546,8601,9038,5615,8601,3069,0.546571683,0.277605117,-0.277605117,0.074336809,0.002762981,0.002812231,0.734847614,0.270000508,0.430776544,0.373818226,0.190844316,0.189549982,-0.264059708,0.291150526,-0.056026858,-0.425791207,0.076096563,0.771597739,0.875356532,-0.264059708,0.239268409,[0.7590664],11147,-0.244501748,1.468094572,0.672952527,0.567737383,0.20357606,0.823477135,0.823477135,1.052078602,-188930064.5,0.027090818,0.735940292,0.760924812,0.724174131,181.7526493,10.3,0,1872.535029,0,7802.229288,0.674025919,0.266508988
ce778982-236b-4a5b-81f1-7f51239624ea,GradientBoostingClassifier,PREPROCESSING,UNAWARENESS,HYPERPARAMETER_ROS,0.838736095,0.84369652,0.325735344,0.84369652,0.837175922,0.619736015,3506,0.161263905,-0.132846165,0.353421646,0.380263985,0.127702162,1.343010753,0.15630348,0.208199306,2.546135831,0.055465587,-0.048347711,0.362761317,0.162824078,-0.186885174,0.215886074,0.065141486,0.15630348,0.162824078,0.837175922,0.84369652,0.944534413,548,1815,548,1815,9332,9880,4773,9332,2958,0.619736015,0.19754224,-0.19754224,0.040328133,0.000813179,0.000820553,0.733369319,0.268915279,0.430032853,0.360947325,0.049412759,0.218302443,-0.208199306,0.208199306,-0.088024936,-0.341736174,0.075116919,0.837175922,0.84369652,-0.208199306,0.239268409,[0.7590664],11147,-0.244501748,1.468094572,0.714579055,0.619835611,0.161263905,0.840436221,0.840436221,1.006457875,-242408912.4,-0.021314132,0.791800694,0.773788503,0.776333926,,,,,,,,0.195448334
ce778982-236b-4a5b-81f1-7f51239624ea,XGBClassifier,PREPROCESSING,UNAWARENESS,UNAWARENESS_RUS,0.826588412,0.857672561,0.344571078,0.857672561,0.816811698,0.595563478,3506,0.173411588,-0.138431437,0.368885186,0.404436522,0.143251391,1.36440328,0.142327439,0.14670451,2.176232617,0.051957518,-0.050639308,0.305240651,0.183188302,-0.19728826,0.250663084,0.066433549,0.142327439,0.183188302,0.816811698,0.857672561,0.948042482,499,2042,499,2042,9105,9604,5049,9105,3007,0.595563478,0.171996385,-0.171996385,0.040887856,0.000835908,0.000843432,0.733365749,0.268912661,0.430031087,0.364509395,-0.083263872,0.249494559,-0.14670451,0.19728826,-0.096945349,-0.343248317,0.0746655,0.816811698,0.857672561,-0.14670451,0.239268409,[0.7590664],11147,-0.244501748,1.468094572,0.702980713,0.605519334,0.173411588,0.83724213,0.83724213,0.981244749,-281192477.2,0.050583751,0.85329549,0.772660114,0.76617557,,,,,,,,0.221570482
ce778982-236b-4a5b-81f1-7f51239624ea,GradientBoostingClassifier,PREPROCESSING,UNAWARENESS,UNAWARENESS_RUS,0.820446325,0.854820308,0.349348256,0.854820308,0.809634879,0.585465911,3506,0.179553675,-0.145340531,0.36345749,0.414534089,0.145244055,1.358843537,0.145179692,0.232050878,2.855042017,0.053387875,-0.045365514,0.389433551,0.190365121,-0.214747327,0.22268639,0.067937674,0.145179692,0.190365121,0.809634879,0.854820308,0.946612125,509,2122,509,2122,9025,9534,5119,9025,2997,0.585465911,0.223399103,-0.223399103,0.046861047,0.001097979,0.001110204,0.73366208,0.269130024,0.430178269,0.368612734,0.030543453,0.222555165,-0.232050878,0.232050878,-0.095304785,-0.362372199,0.076418701,0.809634879,0.854820308,-0.232050878,0.239268409,[0.7590664],11147,-0.244501748,1.468094572,0.694956522,0.594593989,0.179553675,0.832227594,0.832227594,1.018146491,-209244589.5,-0.01730355,0.767949122,0.766643218,0.803114907,,,,,,,,0.137937559
ce778982-236b-4a5b-81f1-7f51239624ea,AdaBoostClassifier,PREPROCESSING,UNAWARENESS,UNAWARENESS_RUS,0.81798949,0.839703366,0.344571078,0.839703366,0.811159953,0.58308576,3506,0.18201051,-0.146740601,0.361242411,0.41691424,0.142196454,1.351125455,0.160296634,0.177052455,2.290157028,0.058517284,-0.054920529,0.318278683,0.188840047,-0.207803719,0.237922827,0.069952811,0.160296634,0.188840047,0.811159953,0.839703366,0.941482716,562,2105,562,2105,9042,9604,5049,9042,2944,0.58308576,0.192428087,-0.192428087,0.044708211,0.000999412,0.00100977,0.733463532,0.268984377,0.430079532,0.3740396,-0.041051171,0.239140918,-0.177052455,0.207803719,-0.098558492,-0.349847817,0.080057976,0.811159953,0.839703366,-0.177052455,0.239268409,[0.7590664],11147,-0.244501748,1.468094572,0.688252484,0.584313596,0.18201051,0.82543166,0.82543166,0.984267895,-146939258.6,0.030751265,0.822947545,0.756472024,0.73718712,17.28777313,10.4,0,180.2803381,0,751.1680754,0.064892575,0.133375381
ce778982-236b-4a5b-81f1-7f51239624ea,RandomForestClassifier,PREPROCESSING,UNAWARENESS,UNAWARENESS_RUS,0.812734594,0.824301198,0.34245547,0.824301198,0.809096618,0.575926664,3506,0.187265406,-0.15995231,0.321311265,0.424073336,0.104730571,1.255178426,0.175698802,0.15939241,2.029046488,0.063933576,-0.06461995,0.282426922,0.190903382,-0.216146254,0.208815493,0.072561499,0.175698802,0.190903382,0.809096618,0.824301198,0.936066424,616,2128,616,2128,9019,9635,5018,9019,2890,0.575926664,0.187769332,-0.187769332,0.042109598,0.000886609,0.000895629,0.733503622,0.269013781,0.430099429,0.380950126,0.015453522,0.225928338,-0.15939241,0.216146254,-0.08467526,-0.351858966,0.08429185,0.809096618,0.824301198,-0.15939241,0.239268409,[0.7590664],11147,-0.244501748,1.468094572,0.678085406,0.569469318,0.187265406,0.816698908,0.816698908,0.970049917,-533816053,0.056753844,0.84060759,0.74407827,0.702464707,53.58225036,10.1,0,541.7339561,0,2257.224817,0.194999144,0.16102176
ce778982-236b-4a5b-81f1-7f51239624ea,BaggingClassifier,PREPROCESSING,UNAWARENESS,UNAWARENESS_RUS,0.815191428,0.797490017,0.327168498,0.797490017,0.820758949,0.583229036,3506,0.184808572,-0.154844136,0.334418713,0.416770964,0.1228762,1.304981674,0.202509983,0.16184169,1.894076655,0.072015417,-0.073908263,0.272484317,0.179241051,-0.199573557,0.222300914,0.074811223,0.202509983,0.179241051,0.820758949,0.797490017,0.927984583,710,1998,710,1998,9149,9859,4794,9149,2796,0.583229036,0.180707623,-0.180707623,0.035317695,0.00062367,0.000628424,0.733263977,0.26883803,0.429980803,0.386810608,-0.008313918,0.231339766,-0.16184169,0.199573557,-0.098392231,-0.334332674,0.089504913,0.820758949,0.797490017,-0.16184169,0.239268409,[0.7590664],11147,-0.244501748,1.468094572,0.67373494,0.562189729,0.184808572,0.809124483,0.809124483,0.955339445,-1340423835,0.037731866,0.83815831,0.730407524,0.697141836,87.45356965,10.2,0,892.5044552,0,3718.768563,0.321260284,0.108903606
ce778982-236b-4a5b-81f1-7f51239624ea,BernoulliNB,PREPROCESSING,UNAWARENESS,UNAWARENESS_RUS,0.763802634,0.83941814,0.398621443,0.83941814,0.740019736,0.50385208,3506,0.236197366,-0.196347231,0.345687358,0.49614792,0.145036325,1.299492269,0.16058186,0.266508988,3.235714286,0.06389015,-0.050624109,0.38610456,0.259980264,-0.302421061,0.212602104,0.078418295,0.16058186,0.259980264,0.740019736,0.83941814,0.93610985,563,2898,563,2898,8249,8812,5841,8249,2943,0.50385208,0.284465024,-0.284465024,0.07018505,0.002462971,0.002497679,0.734681199,0.269878232,0.430691754,0.396025998,0.032894193,0.222181203,-0.266508988,0.302421061,-0.097830217,-0.421261796,0.088627229,0.740019736,0.83941814,-0.266508988,0.239268409,[0.7590664],11147,-0.244501748,1.468094572,0.629720766,0.504906533,0.236197366,0.789718938,0.789718938,1.014366355,-337874122.1,0.035912073,0.733491012,0.719603888,0.703369186,123.1868944,10.1,0,1244.661033,0,5186.087636,0.448020349,0.136865342
ce778982-236b-4a5b-81f1-7f51239624ea,BaggingClassifier,PREPROCESSING,UNAWARENESS,HYPERPARAMETER_RUS,0.81218863,0.858813463,0.359516822,0.858813463,0.797523997,0.571564161,3506,0.18781137,-0.147841486,0.370829505,0.428435839,0.149784185,1.361926778,0.141186537,0.195448334,2.6446705,0.05274374,-0.046256713,0.357704773,0.202476003,-0.219560439,0.240043023,0.069066811,0.141186537,0.202476003,0.797523997,0.858813463,0.94725626,495,2257,495,2257,8890,9385,5268,8890,3011,0.571564161,0.207504386,-0.207504386,0.046213136,0.001067827,0.001079243,0.733647444,0.269119286,0.430170974,0.371663319,-0.041794211,0.239358461,-0.195448334,0.219560439,-0.098020449,-0.362615952,0.077059738,0.797523997,0.858813463,-0.195448334,0.239268409,[0.7590664],11147,-0.244501748,1.468094572,0.686346022,0.58354201,0.18781137,0.82816873,0.82816873,1.000017374,-183825189.7,0.024112105,0.804551666,0.762954517,0.686326132,156.497961,10.1,0,1581.102688,0,6587.927865,0.569123768,0.118038474
ce778982-236b-4a5b-81f1-7f51239624ea,RandomForestClassifier,PREPROCESSING,UNAWARENESS,HYPERPARAMETER_RUS,0.791578516,0.880205362,0.390363748,0.880205362,0.763703239,0.53951049,3506,0.208421484,-0.188729993,0.302756564,0.46048951,0.086747747,1.19019066,0.119794638,0.221570482,3.389795918,0.04701668,-0.036811415,0.410286971,0.236296761,-0.289564693,0.180453507,0.070033515,0.119794638,0.236296761,0.763703239,0.880205362,0.95298332,420,2634,420,2634,8513,8933,5720,8513,3086,0.53951049,0.255567588,-0.255567588,0.070478398,0.002483602,0.002526013,0.734696115,0.269889191,0.430699344,0.3742553,0.108536323,0.205902796,-0.221570482,0.289564693,-0.061779581,-0.420071954,0.07577382,0.763703239,0.880205362,-0.221570482,0.239268409,[0.7590664],11147,-0.244501748,1.468094572,0.668978972,0.563134975,0.208421484,0.8219543,0.8219543,1.032019178,-190642817,0.06799421,0.778429518,0.760192142,0.706623252,188.4803536,10.2,0,1922.977722,0,8012.407175,0.692182953,0.208367497
ce778982-236b-4a5b-81f1-7f51239624ea,GradientBoostingClassifier,PREPROCESSING,UNAWARENESS,HYPERPARAMETER_RUS,0.82870402,0.861950941,0.344502832,0.861950941,0.818247062,0.598652932,3506,0.17129598,-0.138484569,0.353512394,0.401347068,0.126921917,1.32788162,0.138049059,0.137937559,2.157142857,0.050390422,-0.048449876,0.302411513,0.181752938,-0.196807809,0.238150723,0.065581678,0.138049059,0.181752938,0.818247062,0.861950941,0.949609578,484,2026,484,2026,9121,9605,5048,9121,3022,0.598652932,0.167372684,-0.167372684,0.039636518,0.000785527,0.000792651,0.733390045,0.268930479,0.430043112,0.362164819,-0.059316563,0.243560019,-0.137937559,0.196807809,-0.087685897,-0.344726936,0.073368435,0.818247062,0.861950941,-0.137937559,0.239268409,[0.7590664],11147,-0.244501748,1.468094572,0.706570026,0.610677546,0.17129598,0.840099002,0.840099002,0.980708626,-245092250.1,0.05887025,0.862062441,0.776564307,0.69139534,,,,,,,,0.110312204
ce778982-236b-4a5b-81f1-7f51239624ea,XGBClassifier,PREPROCESSING,UNAWARENESS,UNAWARENESS_FOS,0.874291954,0.659155733,0.201869924,0.659155733,0.941957477,0.781271129,3506,0.125708046,-0.110307555,0.31982298,0.218728871,0.104222439,1.479831933,0.340844267,0.133375381,1.411948052,0.102180419,-0.106168604,0.249219063,0.058042523,-0.067000574,0.231069878,0.067078121,0.340844267,0.058042523,0.941957477,0.659155733,0.897819581,1195,647,1195,647,10500,11695,2958,10500,2311,0.781271129,0.100187978,-0.100187978,0.008359991,3.49E-05,3.48E-05,0.732723503,0.268441866,0.429716019,0.366273453,0.075068641,0.212052988,-0.133375381,0.133375381,-0.105195521,-0.215855744,0.101705429,0.941957477,0.659155733,-0.133375381,0.239268409,[0.7590664],11147,-0.244501748,1.468094572,0.715037129,0.63891345,0.125708046,0.800556605,0.800556605,0.880762753,-270398047.1,-0.066374807,0.866624619,0.685960226,0.660786924,,,,,,,,0.110490907
ce778982-236b-4a5b-81f1-7f51239624ea,GradientBoostingClassifier,PREPROCESSING,UNAWARENESS,UNAWARENESS_FOS,0.869651266,0.612093554,0.183989627,0.612093554,0.95065937,0.795994065,3506,0.130348734,-0.114416509,0.320399237,0.204005935,0.107229542,1.522381757,0.387906446,0.16102176,1.438095238,0.113740905,-0.115505863,0.259097525,0.04934063,-0.059080011,0.221181752,0.071312745,0.387906446,0.04934063,0.95065937,0.612093554,0.886259095,1360,550,1360,550,10597,11957,2696,10597,2146,0.795994065,0.110050885,-0.110050885,0.013232443,8.75E-05,8.71E-05,0.732828438,0.26851876,0.42976532,0.377657901,0.145695935,0.197305494,-0.16102176,0.16102176,-0.111367703,-0.202570087,0.111944641,0.95065937,0.612093554,-0.16102176,0.239268409,[0.7590664],11147,-0.244501748,1.468094572,0.692034827,0.61962889,0.130348734,0.781376462,0.781376462,0.867367633,-196560701.1,-0.101941749,0.83897824,0.649614046,0.73394073,,,,,,,,0.147293178
ce778982-236b-4a5b-81f1-7f51239624ea,AdaBoostClassifier,PREPROCESSING,UNAWARENESS,UNAWARENESS_FOS,0.86200778,0.590701654,0.181396301,0.590701654,0.947340092,0.779157261,3506,0.13799222,-0.119108825,0.319865594,0.220842739,0.14258286,1.68133773,0.409298346,0.108903606,1.278457197,0.11963318,-0.125632318,0.234387438,0.052659908,-0.053580622,0.28400141,0.075846263,0.409298346,0.052659908,0.947340092,0.590701654,0.88036682,1435,587,1435,587,10560,11995,2658,10560,2071,0.779157261,0.081242114,-0.081242114,0.019876321,0.000197534,0.000196667,0.732986022,0.268634254,0.429838938,0.389477247,-0.003830943,0.229392383,-0.108903606,0.108903606,-0.134107589,-0.188178946,0.118560628,0.947340092,0.590701654,-0.108903606,0.239268409,[0.7590664],11147,-0.244501748,1.468094572,0.671966256,0.595694123,0.13799222,0.769020873,0.769020873,0.831497754,-145708829.4,-0.055322983,0.891096394,0.628718883,0.787954904,17.72273707,10.1,0,179.3152694,0,747.146956,0.064545195,0.098339115
ce778982-236b-4a5b-81f1-7f51239624ea,RandomForestClassifier,PREPROCESSING,UNAWARENESS,UNAWARENESS_FOS,0.852862895,0.620650314,0.204872722,0.620650314,0.925899345,0.7248501,3506,0.147137105,-0.134068322,0.302307477,0.2751499,0.098964868,1.358522727,0.379349686,0.136865342,1.376899696,0.114153292,-0.121162482,0.241353454,0.074100655,-0.089272753,0.208312996,0.078268631,0.379349686,0.074100655,0.925899345,0.620650314,0.885846708,1330,826,1330,826,10321,11651,3002,10321,2176,0.7248501,0.113069048,-0.113069048,0.006285527,1.98E-05,1.97E-05,0.732695828,0.268421588,0.429702965,0.395647901,0.093212598,0.208239404,-0.136865342,0.136865342,-0.110063675,-0.220872662,0.115931183,0.925899345,0.620650314,-0.136865342,0.239268409,[0.7590664],11147,-0.244501748,1.468094572,0.668715427,0.577733617,0.147137105,0.773274829,0.773274829,0.860708278,-639716958.6,-0.047592589,0.863134658,0.643786982,0.785670106,62.17377162,10.4,0,646.9321976,0,2695.550823,0.232865641,0.083012719
ce778982-236b-4a5b-81f1-7f51239624ea,BaggingClassifier,PREPROCESSING,UNAWARENESS,UNAWARENESS_FOS,0.849177643,0.587849401,0.19286153,0.587849401,0.93137167,0.729299363,3506,0.150822357,-0.13594779,0.30310496,0.270700637,0.115718003,1.43486631,0.412150599,0.118038474,1.297890967,0.122178067,-0.130403932,0.232953657,0.06862833,-0.078167337,0.231069878,0.081745433,0.412150599,0.06862833,0.93137167,0.587849401,0.877821933,1445,765,1445,765,10382,11827,2826,10382,2061,0.729299363,0.098102905,-0.098102905,0.013338515,8.90E-05,8.86E-05,0.732814092,0.268508246,0.429758595,0.404340039,0.044061575,0.218698272,-0.118038474,0.118038474,-0.123060968,-0.203825769,0.123415655,0.93137167,0.587849401,-0.118038474,0.239268409,[0.7590664],11147,-0.244501748,1.468094572,0.650979154,0.561453622,0.150822357,0.759610535,0.759610535,0.834130536,-1338140380,-0.039871137,0.881961526,0.617805755,0.790809507,98.94560099,10.2,0,1009.723056,0,4207.179399,0.363453554,0.075654368
ce778982-236b-4a5b-81f1-7f51239624ea,BernoulliNB,PREPROCESSING,UNAWARENESS,UNAWARENESS_FOS,0.812393367,0.702224758,0.284378626,0.702224758,0.847044048,0.590832733,3506,0.187606633,-0.158707036,0.331887029,0.409167267,0.140087244,1.352498107,0.297775242,0.208367497,1.792087912,0.09956132,-0.098938027,0.273947094,0.152955952,-0.17759779,0.213111381,0.084948863,0.297775242,0.152955952,0.847044048,0.702224758,0.90043868,1044,1705,1044,1705,9442,10486,4167,9442,2462,0.590832733,0.192982644,-0.192982644,0.029684982,0.000440599,0.000442644,0.732944616,0.268603905,0.429824036,0.412186518,0.068594555,0.21398505,-0.208367497,0.208367497,-0.119512636,-0.304831839,0.110222164,0.847044048,0.702224758,-0.208367497,0.239268409,[0.7590664],11147,-0.244501748,1.468094572,0.641730744,0.519461319,0.187606633,0.774634403,0.774634403,0.924125398,-311647630.7,-0.030769707,0.791632503,0.670616275,0.765005222,138.7454886,10.1,0,1401.802856,0,5840.845233,0.50458413,0.183990329
ce778982-236b-4a5b-81f1-7f51239624ea,BaggingClassifier,PREPROCESSING,UNAWARENESS,HYPERPARAMETER_FOS,0.866307241,0.577581289,0.170818262,0.577581289,0.957118507,0.809029165,3506,0.133692759,-0.121482699,0.290716474,0.190970835,0.074939917,1.403055229,0.422418711,0.110312204,1.273067916,0.121893004,-0.127628258,0.235044109,0.042881493,-0.049792626,0.212334482,0.074331382,0.422418711,0.042881493,0.957118507,0.577581289,0.878106996,1481,478,1481,478,10669,12150,2503,10669,2025,0.809029165,0.080052415,-0.080052415,0.022375044,0.000250321,0.000249063,0.733043438,0.268676341,0.429865664,0.385568107,0.104466003,0.205522425,-0.110312204,0.110312204,-0.101284088,-0.184460433,0.119451264,0.957118507,0.577581289,-0.110312204,0.239268409,[0.7590664],11147,-0.244501748,1.468094572,0.673989016,0.606144839,0.133692759,0.767349898,0.767349898,0.828778111,-171980239.6,-0.060519578,0.889687796,0.622072037,0.7540046,175.425025,10.1,0,1772.265944,0,7384.441434,0.637933691,0.211458005
ce778982-236b-4a5b-81f1-7f51239624ea,RandomForestClassifier,PREPROCESSING,UNAWARENESS,HYPERPARAMETER_FOS,0.857640074,0.537079293,0.160103733,0.537079293,0.958464161,0.802642796,3506,0.142359926,-0.133175366,0.280298828,0.197357204,0.063610519,1.32078853,0.462920707,0.110490907,1.247375853,0.131876168,-0.139030001,0.233273594,0.041535839,-0.0512529,0.193593491,0.08024934,0.462920707,0.041535839,0.958464161,0.537079293,0.868123832,1623,463,1623,463,10684,12307,2346,10684,1883,0.802642796,0.080871903,-0.080871903,0.025625512,0.000328333,0.00032662,0.733190941,0.268784478,0.429934125,0.400622865,0.135436716,0.199054004,-0.110490907,0.110490907,-0.10132026,-0.175309146,0.130043488,0.958464161,0.537079293,-0.110490907,0.239268409,[0.7590664],11147,-0.244501748,1.468094572,0.64354067,0.576536219,0.142359926,0.747771727,0.747771727,0.80824545,-174672247.5,-0.059238008,0.889509093,0.58550995,0.770385584,207.2416546,11.6,0,2404.5469,0,10018.94541,0.865525562,0.120288027
ce778982-236b-4a5b-81f1-7f51239624ea,GradientBoostingClassifier,PREPROCESSING,UNAWARENESS,HYPERPARAMETER_FOS,0.875861598,0.657729606,0.199617826,0.657729606,0.944469364,0.788376068,3506,0.124138402,-0.105316054,0.338707765,0.211623932,0.130754909,1.627029221,0.342270394,0.147293178,1.45441868,0.102319236,-0.104616388,0.257829259,0.055530636,-0.06143984,0.25700954,0.066448057,0.342270394,0.055530636,0.944469364,0.657729606,0.897680764,1200,619,1200,619,10528,11728,2925,10528,2306,0.788376068,0.104366509,-0.104366509,0.00943028,4.45E-05,4.43E-05,0.732743824,0.268456755,0.429725588,0.364549194,0.063505343,0.214519782,-0.147293178,0.147293178,-0.117685648,-0.212705587,0.101438487,0.944469364,0.657729606,-0.147293178,0.239268409,[0.7590664],11147,-0.244501748,1.468094572,0.717151298,0.64276179,0.124138402,0.801099485,0.801099485,0.884707442,-235846490.7,-0.085853338,0.852706822,0.686156364,0.782083297,,,,,,,,0.131262483
ce778982-236b-4a5b-81f1-7f51239624ea,XGBClassifier,PREPROCESSING,UNAWARENESS,UNAWARENESS_FAIR_SMOTE,0.719170136,0.934398175,0.488705385,0.934398175,0.651475733,0.457478006,3506,0.280829864,-0.227014791,0.348377838,0.542521994,0.116185425,1.221502545,0.065601825,0.098339115,3.208972845,0.030699413,-0.026372215,0.322386636,0.348524267,-0.369805767,0.244511988,0.0700186,0.065601825,0.348524267,0.651475733,0.934398175,0.969300587,230,3885,230,3885,7262,7492,7161,7262,3276,0.457478006,0.234072441,-0.234072441,0.071539719,0.002558966,0.002598863,0.735360064,0.270377212,0.431039134,0.374215447,-0.167544339,0.271843677,-0.098339115,0.369805767,-0.07127882,-0.464028682,0.071481844,0.651475733,0.934398175,-0.098339115,0.239268409,[0.7590664],11147,-0.244501748,1.468094572,0.614230805,0.500038441,0.280829864,0.792936954,0.792936954,0.978541642,-410420801.6,0.271466652,0.901660885,0.741218395,0.775565397,,,,,,,,0.110848313
ce778982-236b-4a5b-81f1-7f51239624ea,GradientBoostingClassifier,PREPROCESSING,UNAWARENESS,UNAWARENESS_FAIR_SMOTE,0.687299529,0.956930975,0.531358766,0.956930975,0.602493945,0.430901618,3506,0.312700471,-0.199597964,0.458622105,0.569098382,0.175568125,1.325900116,0.043069025,0.083012719,3.654453782,0.021989224,-0.018979633,0.360721317,0.397506055,-0.351993528,0.330010367,0.068099442,0.043069025,0.397506055,0.602493945,0.956930975,0.978010776,151,4431,151,4431,6716,6867,7786,6716,3355,0.430901618,0.217503124,-0.217503124,0.05732193,0.001642902,0.001666543,0.734716375,0.269904076,0.430709656,0.369051329,-0.384710106,0.33801053,-0.083012719,0.351993528,-0.097273879,-0.440862897,0.068181186,0.602493945,0.956930975,-0.083012719,0.239268409,[0.7590664],11147,-0.244501748,1.468094572,0.594226001,0.478284208,0.312700471,0.77971246,0.77971246,0.949302356,-268925746.2,0.268980809,0.916987281,0.733173077,0.786743721,,,,,,,,0.104961631
ce778982-236b-4a5b-81f1-7f51239624ea,AdaBoostClassifier,PREPROCESSING,UNAWARENESS,UNAWARENESS_FAIR_SMOTE,0.700061421,0.950370793,0.515457585,0.950370793,0.621333094,0.441149212,3506,0.299938579,-0.171439468,0.505582881,0.558850788,0.198797912,1.379983452,0.049629207,0.075654368,2.958367347,0.024507042,-0.023173368,0.317820192,0.378666906,-0.309744788,0.367653909,0.068663282,0.049629207,0.378666906,0.621333094,0.950370793,0.975492958,174,4221,174,4221,6926,7100,7553,6926,3332,0.441149212,0.192699578,-0.192699578,0.046552,0.001083544,0.00109616,0.734132209,0.26947505,0.430413845,0.370575989,-0.452682624,0.3618085,-0.075654368,0.309744788,-0.11098564,-0.408037501,0.069038601,0.621333094,0.950370793,-0.075654368,0.239268409,[0.7590664],11147,-0.244501748,1.468094572,0.602586129,0.488053223,0.299938579,0.785851944,0.785851944,0.937285281,-149031685.7,0.23409042,0.924345632,0.737535278,0.73718712,17.46659613,9.8,0,171.6320194,0,715.1334141,0.061779581,0.133375381
ce778982-236b-4a5b-81f1-7f51239624ea,RandomForestClassifier,PREPROCESSING,UNAWARENESS,UNAWARENESS_FAIR_SMOTE,0.737050433,0.913576726,0.460861257,0.913576726,0.681528662,0.474307715,3506,0.262949567,-0.245351981,0.277846214,0.525692285,0.064409745,1.124278978,0.086423274,0.183990329,4.125535714,0.03835443,-0.028754071,0.413956093,0.318471338,-0.38741218,0.176045243,0.071650385,0.086423274,0.318471338,0.681528662,0.913576726,0.96164557,303,3550,303,3550,7597,7900,6753,7597,3203,0.474307715,0.285701255,-0.285701255,0.084952203,0.003608438,0.003678838,0.736085506,0.270910936,0.431414484,0.378550883,0.07710208,0.212649155,-0.183990329,0.38741218,-0.046581908,-0.487788238,0.074779854,0.681528662,0.913576726,-0.183990329,0.239268409,[0.7590664],11147,-0.244501748,1.468094572,0.624427332,0.509350713,0.262949567,0.797552694,0.797552694,1.025414499,-804944386.2,0.203421851,0.816009671,0.741821551,0.702464707,53.92261362,10.3,0,555.7248051,0,2315.520021,0.200035202,0.16102176
ce778982-236b-4a5b-81f1-7f51239624ea,BaggingClassifier,PREPROCESSING,UNAWARENESS,UNAWARENESS_FAIR_SMOTE,0.733501672,0.910154022,0.462772129,0.910154022,0.677940253,0.470579561,3506,0.266498328,-0.217992884,0.351694305,0.529420439,0.13513696,1.26212296,0.089845978,0.211458005,4.526029798,0.040015244,-0.0262115,0.469820151,0.322059747,-0.358284113,0.228746998,0.072327991,0.089845978,0.322059747,0.677940253,0.910154022,0.959984756,315,3590,315,3590,7557,7872,6781,7557,3191,0.470579561,0.284871059,-0.284871059,0.0789966,0.003120231,0.003177204,0.735450339,0.270443601,0.431085618,0.38033667,-0.068609088,0.246131496,-0.211458005,0.358284113,-0.08067423,-0.463878484,0.075880461,0.677940253,0.910154022,-0.211458005,0.239268409,[0.7590664],11147,-0.244501748,1.468094572,0.620394673,0.503202156,0.266498328,0.794047137,0.794047137,1.020248186,-2613220167,0.146826108,0.788541995,0.737846118,0.697141836,88.64339995,10.2,0,904.6407413,0,3769.336422,0.325628785,0.108903606
ce778982-236b-4a5b-81f1-7f51239624ea,BernoulliNB,PREPROCESSING,UNAWARENESS,UNAWARENESS_FAIR_SMOTE,0.694397052,0.932401597,0.512523033,0.932401597,0.619538889,0.435286285,3506,0.305602948,-0.183444027,0.487182402,0.564713715,0.197370074,1.371274215,0.067598403,0.120288027,3.352106886,0.033179336,-0.029350734,0.352805755,0.380461111,-0.325588782,0.348933672,0.071224429,0.067598403,0.380461111,0.619538889,0.932401597,0.966820664,237,4241,237,4241,6906,7143,7510,6906,3269,0.435286285,0.222938404,-0.222938404,0.051593668,0.001330953,0.001346459,0.734361724,0.269643571,0.430529682,0.377423975,-0.406848074,0.345566813,-0.120288027,0.325588782,-0.113360404,-0.420407085,0.073547999,0.619538889,0.932401597,-0.120288027,0.239268409,[0.7590664],11147,-0.244501748,1.468094572,0.593500363,0.471104134,0.305602948,0.775970243,0.775970243,0.948963811,-374588669.8,0.205300755,0.879711973,0.725316175,0.696728881,124.5694251,10.1,0,1258.46678,0,5243.611584,0.452989778,0.162861348
ce778982-236b-4a5b-81f1-7f51239624ea,BaggingClassifier,PREPROCESSING,UNAWARENESS,HYPERPARAMETER_FAIR_SMOTE,0.735071316,0.922133485,0.466935099,0.922133485,0.676235759,0.472522654,3506,0.264928684,-0.244210672,0.283174771,0.527477346,0.065034829,1.125330468,0.077866515,0.131262483,3.410617761,0.034950711,-0.030115156,0.342960554,0.323764241,-0.384117822,0.188946028,0.07069448,0.077866515,0.323764241,0.676235759,0.922133485,0.965049289,273,3609,273,3609,7538,7811,6842,7538,3233,0.472522654,0.257690152,-0.257690152,0.081953201,0.003358164,0.003420896,0.735878012,0.270758224,0.431306709,0.376017233,0.007602243,0.228019057,-0.131262483,0.384117822,-0.047574993,-0.481148314,0.073006616,0.676235759,0.922133485,-0.131262483,0.239268409,[0.7590664],11147,-0.244501748,1.468094572,0.624855044,0.51169287,0.264928684,0.799184622,0.799184622,1.005126629,-222887549.8,0.252855339,0.868737517,0.744930876,0.689421806,158.1034546,10.3,0,1628.948149,0,6787.283955,0.586345919,0.105592347
ce778982-236b-4a5b-81f1-7f51239624ea,RandomForestClassifier,PREPROCESSING,UNAWARENESS,HYPERPARAMETER_FAIR_SMOTE,0.68491094,0.951226469,0.531017539,0.951226469,0.601148291,0.428608148,3506,0.31508906,-0.221405313,0.417536852,0.571391852,0.15789782,1.288906702,0.048773531,0.110848313,4.463054187,0.024883586,-0.01827868,0.418233722,0.398851709,-0.381818192,0.29524381,0.068910861,0.048773531,0.398851709,0.601148291,0.951226469,0.975116414,171,4446,171,4446,6701,6872,7781,6701,3335,0.428608148,0.246333253,-0.246333253,0.067982806,0.002310831,0.002348014,0.735256693,0.270301202,0.430985988,0.371243481,-0.301844694,0.31108049,-0.110848313,0.381818192,-0.08808825,-0.466352934,0.06962962,0.601148291,0.951226469,-0.110848313,0.239268409,[0.7590664],11147,-0.244501748,1.468094572,0.590945335,0.472236443,0.31508906,0.77618738,0.77618738,0.967388142,-234389537.7,0.270969879,0.889151687,0.729001585,0.706623252,190.2089646,10.5,0,1997.686291,0,8323.692878,0.719074579,0.208367497
ce778982-236b-4a5b-81f1-7f51239624ea,GradientBoostingClassifier,PREPROCESSING,UNAWARENESS,HYPERPARAMETER_FAIR_SMOTE,0.713505767,0.942669709,0.498327987,0.942669709,0.641428187,0.452615722,3506,0.286494233,-0.215979437,0.384383189,0.547384278,0.140484387,1.266988062,0.057330291,0.104961631,3.769764216,0.027343219,-0.02099326,0.377947295,0.358571813,-0.36192763,0.270536358,0.069195709,0.057330291,0.358571813,0.641428187,0.942669709,0.972656781,201,3997,201,3997,7150,7351,7302,7150,3305,0.452615722,0.233444631,-0.233444631,0.06829887,0.002332368,0.002367653,0.735164913,0.270233724,0.430938875,0.37200997,-0.231911049,0.289979016,-0.104961631,0.36192763,-0.080738823,-0.457193537,0.069977412,0.641428187,0.942669709,-0.104961631,0.239268409,[0.7590664],11147,-0.244501748,1.468094572,0.611584012,0.498398209,0.286494233,0.792048948,0.792048948,0.976948522,-338991633.9,0.256965998,0.895038369,0.741863075,0.695190663,,,,,,,,0.09602649
ce778982-236b-4a5b-81f1-7f51239624ea,XGBClassifier,PREPROCESSING,UNAWARENESS,UNAWARENESS_BAL_GAN_FAIR,0.874291954,0.659155733,0.201869924,0.659155733,0.941957477,0.781271129,3506,0.125708046,-0.110307555,0.31982298,0.218728871,0.104222439,1.479831933,0.340844267,0.133375381,1.411948052,0.102180419,-0.106168604,0.249219063,0.058042523,-0.067000574,0.231069878,0.067078121,0.340844267,0.058042523,0.941957477,0.659155733,0.897819581,1195,647,1195,647,10500,11695,2958,10500,2311,0.781271129,0.100187978,-0.100187978,0.008359991,3.49E-05,3.48E-05,0.732723503,0.268441866,0.429716019,0.366273453,0.075068641,0.212052988,-0.133375381,0.133375381,-0.105195521,-0.215855744,0.101705429,0.941957477,0.659155733,-0.133375381,0.239268409,[0.7590664],11147,-0.244501748,1.468094572,0.715037129,0.63891345,0.125708046,0.800556605,0.800556605,0.880762753,-270398047.1,-0.066374807,0.866624619,0.685960226,0.660786924,,,,,,,,0.110490907
ce778982-236b-4a5b-81f1-7f51239624ea,GradientBoostingClassifier,PREPROCESSING,UNAWARENESS,UNAWARENESS_BAL_GAN_FAIR,0.869651266,0.612093554,0.183989627,0.612093554,0.95065937,0.795994065,3506,0.130348734,-0.114416509,0.320399237,0.204005935,0.107229542,1.522381757,0.387906446,0.16102176,1.438095238,0.113740905,-0.115505863,0.259097525,0.04934063,-0.059080011,0.221181752,0.071312745,0.387906446,0.04934063,0.95065937,0.612093554,0.886259095,1360,550,1360,550,10597,11957,2696,10597,2146,0.795994065,0.110050885,-0.110050885,0.013232443,8.75E-05,8.71E-05,0.732828438,0.26851876,0.42976532,0.377657901,0.145695935,0.197305494,-0.16102176,0.16102176,-0.111367703,-0.202570087,0.111944641,0.95065937,0.612093554,-0.16102176,0.239268409,[0.7590664],11147,-0.244501748,1.468094572,0.692034827,0.61962889,0.130348734,0.781376462,0.781376462,0.867367633,-196558856.8,-0.101941749,0.83897824,0.649614046,0.73394073,,,,,,,,0.147293178
ce778982-236b-4a5b-81f1-7f51239624ea,AdaBoostClassifier,PREPROCESSING,UNAWARENESS,UNAWARENESS_BAL_GAN_FAIR,0.86200778,0.590701654,0.181396301,0.590701654,0.947340092,0.779157261,3506,0.13799222,-0.119108825,0.319865594,0.220842739,0.14258286,1.68133773,0.409298346,0.108903606,1.278457197,0.11963318,-0.125632318,0.234387438,0.052659908,-0.053580622,0.28400141,0.075846263,0.409298346,0.052659908,0.947340092,0.590701654,0.88036682,1435,587,1435,587,10560,11995,2658,10560,2071,0.779157261,0.081242114,-0.081242114,0.019876321,0.000197534,0.000196667,0.732986022,0.268634254,0.429838938,0.389477247,-0.003830943,0.229392383,-0.108903606,0.108903606,-0.134107589,-0.188178946,0.118560628,0.947340092,0.590701654,-0.108903606,0.239268409,[0.7590664],11147,-0.244501748,1.468094572,0.671966256,0.595694123,0.13799222,0.769020873,0.769020873,0.831497754,-145708829.4,-0.055322983,0.891096394,0.628718883,0.743142433,17.50470495,10,0,175.359571,0,730.6648791,0.063121327,0.026931567
ce778982-236b-4a5b-81f1-7f51239624ea,RandomForestClassifier,PREPROCESSING,UNAWARENESS,UNAWARENESS_BAL_GAN_FAIR,0.853204122,0.618938962,0.20371255,0.618938962,0.926886158,0.726968174,3506,0.146795878,-0.134184994,0.302124038,0.273031826,0.090363589,1.328569748,0.381061038,0.162861348,1.445329118,0.1145012,-0.119933619,0.252767703,0.073113842,-0.090484774,0.190202779,0.078229999,0.381061038,0.073113842,0.926886158,0.618938962,0.8854988,1336,815,1336,815,10332,11668,2985,10332,2170,0.726968174,0.126673061,-0.126673061,0.006110104,1.87E-05,1.86E-05,0.732683953,0.268412887,0.429697355,0.395550248,0.16118932,0.194422245,-0.162861348,0.162861348,-0.105148604,-0.223505297,0.116151701,0.926886158,0.618938962,-0.162861348,0.239268409,[0.7590664],11147,-0.244501748,1.468094572,0.668618087,0.578186699,0.146795878,0.77291256,0.77291256,0.870819759,-653155638.4,-0.072376574,0.837138652,0.642820114,0.716406921,54.29708743,10.6,0,576.0459209,0,2400.191337,0.207349863,0.020161884
ce778982-236b-4a5b-81f1-7f51239624ea,BaggingClassifier,PREPROCESSING,UNAWARENESS,UNAWARENESS_BAL_GAN_FAIR,0.849041152,0.588990302,0.193543984,0.588990302,0.930833408,0.728138223,3506,0.150958848,-0.137789134,0.292819962,0.271861777,0.09714795,1.364548495,0.411009698,0.105592347,1.267723881,0.121942964,-0.13092874,0.227251736,0.069166592,-0.079798463,0.218962537,0.081738019,0.411009698,0.069166592,0.930833408,0.588990302,0.878057036,1441,771,1441,771,10376,11817,2836,10376,2065,0.728138223,0.092695405,-0.092695405,0.012902545,8.32E-05,8.29E-05,0.732805835,0.268502196,0.429754722,0.404321701,0.047632211,0.217918599,-0.105592347,0.105592347,-0.114038345,-0.204759149,0.123240815,0.930833408,0.588990302,-0.105592347,0.239268409,[0.7590664],11147,-0.244501748,1.468094572,0.651214128,0.561350754,0.150958848,0.759911855,0.759911855,0.830352192,-1351705983,-0.025793885,0.894407653,0.618541261,0.702916201,88.43801785,10.3,0,911.2333581,0,3796.805659,0.328001822,0.0505729
ce778982-236b-4a5b-81f1-7f51239624ea,BernoulliNB,PREPROCESSING,UNAWARENESS,UNAWARENESS_BAL_GAN_FAIR,0.812393367,0.702224758,0.284378626,0.702224758,0.847044048,0.590832733,3506,0.187606633,-0.158707036,0.331887029,0.409167267,0.140087244,1.352498107,0.297775242,0.208367497,1.792087912,0.09956132,-0.098938027,0.273947094,0.152955952,-0.17759779,0.213111381,0.084948863,0.297775242,0.152955952,0.847044048,0.702224758,0.90043868,1044,1705,1044,1705,9442,10486,4167,9442,2462,0.590832733,0.192982644,-0.192982644,0.029684982,0.000440599,0.000442644,0.732944616,0.268603905,0.429824036,0.412186518,0.068594555,0.21398505,-0.208367497,0.208367497,-0.119512636,-0.304831839,0.110222164,0.847044048,0.702224758,-0.208367497,0.239268409,[0.7590664],11147,-0.244501748,1.468094572,0.641730744,0.519461319,0.187606633,0.774634403,0.774634403,0.924125398,-311647630.7,-0.030769707,0.791632503,0.670616275,0.70011542,124.4742644,10.2,0,1269.95622,0,5291.48425,0.457125445,0.093146221
ce778982-236b-4a5b-81f1-7f51239624ea,BaggingClassifier,PREPROCESSING,UNAWARENESS,HYPERPARAMETER_BAL_GAN_FAIR,0.867945131,0.577581289,0.169180373,0.577581289,0.959271553,0.816861638,3506,0.132054869,-0.122740681,0.279938143,0.183138362,0.056074459,1.306324111,0.422418711,0.09602649,1.237704918,0.121652702,-0.128540305,0.22875817,0.040728447,-0.049715227,0.198393329,0.073515211,0.422418711,0.040728447,0.959271553,0.577581289,0.878347298,1481,454,1481,454,10693,12174,2479,10693,2025,0.816861638,0.072870858,-0.072870858,0.021421508,0.000229441,0.000228196,0.733055187,0.268684954,0.429871127,0.38344546,0.100943101,0.206247921,-0.09602649,0.09602649,-0.092307382,-0.183643726,0.118854825,0.959271553,0.577581289,-0.09602649,0.239268409,[0.7590664],11147,-0.244501748,1.468094572,0.676691729,0.610921347,0.132054869,0.768426421,0.768426421,0.824422314,-169112509.8,-0.046311263,0.90397351,0.623220743,0.689554909,158.1413066,10.3,0,1629.468993,0,6789.454139,0.586533399,0.014233155
ce778982-236b-4a5b-81f1-7f51239624ea,RandomForestClassifier,PREPROCESSING,UNAWARENESS,HYPERPARAMETER_BAL_GAN_FAIR,0.857640074,0.537079293,0.160103733,0.537079293,0.958464161,0.802642796,3506,0.142359926,-0.133175366,0.280298828,0.197357204,0.063610519,1.32078853,0.462920707,0.110490907,1.247375853,0.131876168,-0.139030001,0.233273594,0.041535839,-0.0512529,0.193593491,0.08024934,0.462920707,0.041535839,0.958464161,0.537079293,0.868123832,1623,463,1623,463,10684,12307,2346,10684,1883,0.802642796,0.080871903,-0.080871903,0.025625512,0.000328333,0.00032662,0.733190941,0.268784478,0.429934125,0.400622865,0.135436716,0.199054004,-0.110490907,0.110490907,-0.10132026,-0.175309146,0.130043488,0.958464161,0.537079293,-0.110490907,0.239268409,[0.7590664],11147,-0.244501748,1.468094572,0.64354067,0.576536219,0.142359926,0.747771727,0.747771727,0.80824545,-174672247.5,-0.059238008,0.889509093,0.58550995,0.724145156,190.4252758,10.7,0,2038.051945,0,8491.883103,0.733604346,0.116272469
ce778982-236b-4a5b-81f1-7f51239624ea,GradientBoostingClassifier,PREPROCESSING,UNAWARENESS,HYPERPARAMETER_BAL_GAN_FAIR,0.875861598,0.657729606,0.199617826,0.657729606,0.944469364,0.788376068,3506,0.124138402,-0.105316054,0.338707765,0.211623932,0.130754909,1.627029221,0.342270394,0.147293178,1.45441868,0.102319236,-0.104616388,0.257829259,0.055530636,-0.06143984,0.25700954,0.066448057,0.342270394,0.055530636,0.944469364,0.657729606,0.897680764,1200,619,1200,619,10528,11728,2925,10528,2306,0.788376068,0.104366509,-0.104366509,0.00943028,4.45E-05,4.43E-05,0.732743824,0.268456755,0.429725588,0.364549194,0.063505343,0.214519782,-0.147293178,0.147293178,-0.117685648,-0.212705587,0.101438487,0.944469364,0.657729606,-0.147293178,0.239268409,[0.7590664],11147,-0.244501748,1.468094572,0.717151298,0.64276179,0.124138402,0.801099485,0.801099485,0.884707442,-235846490.7,-0.085853338,0.852706822,0.686156364,0.661368633,,,,,,,,0.064627352
ce778982-236b-4a5b-81f1-7f51239624ea,XGBClassifier,PREPROCESSING,UNAWARENESS,UNAWARENESS_DEMV,0.869719511,0.633200228,0.194021702,0.633200228,0.944110523,0.780865283,3506,0.130280489,-0.100218289,0.398479724,0.219134717,0.266071039,2.361204013,0.366799772,0.026931567,1.072189349,0.108890771,-0.125533507,0.201116647,0.055889477,-0.030464501,0.569302597,0.070337712,0.366799772,0.055889477,0.944110523,0.633200228,0.891109229,1286,623,1286,623,10524,11810,2843,10524,2220,0.780865283,0.028698034,-0.028698034,0.03283848,0.000539183,0.000535739,0.733302611,0.26886636,0.429985787,0.375067226,-0.356857881,0.327433498,-0.026931567,0.030464501,-0.195802273,-0.166199493,0.108036499,0.944110523,0.633200228,-0.026931567,0.239268409,[0.7590664],11147,-0.244501748,1.468094572,0.699322728,0.622846779,0.130280489,0.788655376,0.788655376,0.811288235,-270515630.6,0.003532934,0.973068433,0.664620912,0.689940317,,,,,,,,0.000914538
ce778982-236b-4a5b-81f1-7f51239624ea,GradientBoostingClassifier,PREPROCESSING,UNAWARENESS,UNAWARENESS_DEMV,0.863918651,0.592698232,0.180440865,0.592698232,0.949224006,0.785930408,3506,0.136081349,-0.105027278,0.394627575,0.214069592,0.295406039,2.644855072,0.407301768,-0.020161884,0.952014011,0.118910817,-0.140055115,0.184442631,0.050775994,-0.016438538,0.721116623,0.074858789,0.407301768,0.050775994,0.949224006,0.592698232,0.881089183,1428,566,1428,566,10581,12009,2644,10581,2078,0.785930408,0.018300211,0.001861673,0.045234496,0.00102308,0.001014998,0.733847341,0.26926596,0.430236149,0.386933559,-0.479618601,0.37026877,0.020161884,0.020161884,-0.217730577,-0.141140321,0.117524153,0.949224006,0.592698232,0.020161884,0.239268409,[0.7590664],11147,-0.244501748,1.468094572,0.675772358,0.601226039,0.136081349,0.770961119,0.770961119,0.769525842,-191911556.2,-0.003723345,0.979838116,0.631514967,0.745100239,,,,,,,,0.051151056
ce778982-236b-4a5b-81f1-7f51239624ea,AdaBoostClassifier,PREPROCESSING,UNAWARENESS,UNAWARENESS_DEMV,0.856138675,0.58727895,0.185627517,0.58727895,0.940701534,0.756985294,3506,0.143861325,-0.110069611,0.390564187,0.243014706,0.285025237,2.401670243,0.41272105,-0.0505729,0.880159422,0.12126037,-0.144201458,0.170370164,0.059298466,-0.021532008,0.685718589,0.078709624,0.41272105,0.059298466,0.940701534,0.58727895,0.87873963,1447,661,1447,661,10486,11933,2720,10486,2059,0.756985294,0.036052454,0.014520446,0.043811275,0.000959714,0.000952421,0.733838079,0.269259163,0.430231911,0.396760946,-0.525310188,0.387744817,0.0505729,0.0505729,-0.214613348,-0.140866552,0.12121384,0.940701534,0.58727895,0.0505729,0.239268409,[0.7590664],11147,-0.244501748,1.468094572,0.661419852,0.579353392,0.143861325,0.763990242,0.763990242,0.752896763,-146472874.1,-0.029040892,0.9494271,0.622148361,0.7233298,8.969609261,10.6,0,95.57472305,0,398.2280127,0.034402476,0.053758015
ce778982-236b-4a5b-81f1-7f51239624ea,RandomForestClassifier,PREPROCESSING,UNAWARENESS,UNAWARENESS_DEMV,0.852726404,0.599258414,0.194772402,0.599258414,0.932448192,0.736159776,3506,0.147273596,-0.125160788,0.339437739,0.263840224,0.185235507,1.734290844,0.400741586,0.093146221,1.237274066,0.119077888,-0.12991042,0.225285848,0.067551808,-0.063844962,0.329112094,0.079570444,0.400741586,0.067551808,0.932448192,0.599258414,0.880922112,1405,753,1405,753,10394,11799,2854,10394,2101,0.736159776,0.078495592,-0.078495592,0.020416596,0.000208419,0.000207426,0.732940935,0.268601207,0.429817917,0.398924664,-0.11881922,0.25771243,-0.093146221,0.093146221,-0.157572963,-0.191222839,0.120073844,0.932448192,0.599258414,-0.093146221,0.239268409,[0.7590664],11147,-0.244501748,1.468094572,0.660691824,0.572805828,0.147273596,0.765853303,0.765853303,0.825969411,-643992391.2,-0.029301259,0.906853779,0.628477415,0.687176695,,,,,,,,0.023967203
ce778982-236b-4a5b-81f1-7f51239624ea,BaggingClassifier,PREPROCESSING,UNAWARENESS,UNAWARENESS_DEMV,0.846857299,0.565031375,0.184262608,0.565031375,0.93549834,0.733703704,3506,0.153142701,-0.132965137,0.322446973,0.266296296,0.185024155,1.740812379,0.434968625,0.014233155,1.033206622,0.127583034,-0.144566328,0.193282662,0.06450166,-0.054773724,0.37990212,0.084050786,0.434968625,0.06450166,0.93549834,0.565031375,0.872416966,1525,719,1525,719,10428,11953,2700,10428,1981,0.733703704,0.034503439,-0.034503439,0.029239028,0.00042746,0.000424403,0.733248534,0.268826706,0.429960786,0.410001917,-0.258004176,0.296369295,-0.014233155,0.054773724,-0.164795241,-0.169935312,0.128559277,0.93549834,0.565031375,-0.014233155,0.239268409,[0.7590664],11147,-0.244501748,1.468094572,0.638414438,0.550800696,0.153142701,0.750264858,0.750264858,0.776151575,-1344896772,0.040540569,0.985766845,0.59948555,0.677468555,29.93380046,21.1,0,410.2076277,0,1709.198449,0.147655755,0.006801219
ce778982-236b-4a5b-81f1-7f51239624ea,BernoulliNB,PREPROCESSING,UNAWARENESS,UNAWARENESS_DEMV,0.819422644,0.684826013,0.269023408,0.684826013,0.861756526,0.609081684,3506,0.180577356,-0.122275201,0.438359728,0.390918316,0.249493927,1.700284091,0.315173987,0.116272469,1.39015873,0.103164971,-0.110741349,0.233423773,0.138243474,-0.109950499,0.390586867,0.084728774,0.315173987,0.138243474,0.861756526,0.684826013,0.896835029,1105,1541,1105,1541,9606,10711,3942,9606,2401,0.609081684,0.113111484,-0.113111484,0.005467855,1.49E-05,1.50E-05,0.732642474,0.268382497,0.429677701,0.411652216,-0.306946235,0.311967679,-0.116272469,0.116272469,-0.180117638,-0.237933473,0.112257699,0.861756526,0.684826013,-0.116272469,0.239268409,[0.7590664],11147,-0.244501748,1.468094572,0.644736842,0.525856674,0.180577356,0.773291269,0.773291269,0.860759392,-293041907,-0.006321971,0.883727531,0.66417704,0.690275615,,,,,,,,0.196215705
ce778982-236b-4a5b-81f1-7f51239624ea,BaggingClassifier,PREPROCESSING,UNAWARENESS,HYPERPARAMETER_DEMV,0.85695762,0.526525956,0.155736027,0.526525956,0.960886337,0.808939527,3506,0.14304238,-0.124630557,0.321772377,0.191060473,0.200057531,2.128349958,0.473474044,0.064627352,1.139299875,0.134184787,-0.144826467,0.219016671,0.039113663,-0.031276337,0.417005087,0.080999305,0.473474044,0.039113663,0.960886337,0.526525956,0.865815213,1660,436,1660,436,10711,12371,2282,10711,1846,0.808939527,0.047951845,-0.047951845,0.037694139,0.000710424,0.000704685,0.733654916,0.269124768,0.430147989,0.402490509,-0.152322556,0.266079717,-0.064627352,0.064627352,-0.172441999,-0.151647745,0.132237432,0.960886337,0.526525956,-0.064627352,0.239268409,[0.7590664],11147,-0.244501748,1.468094572,0.637871458,0.573483875,0.14304238,0.743706146,0.743706146,0.779368228,-170063821.3,-0.033351015,0.935372648,0.576875,0.69066987,29.40052152,31.4,0,713.5154901,0,2972.981209,0.256832543,0.124293073
ce778982-236b-4a5b-81f1-7f51239624ea,RandomForestClassifier,PREPROCESSING,UNAWARENESS,HYPERPARAMETER_DEMV,0.858595509,0.55191101,0.16624582,0.55191101,0.955055172,0.794334975,3506,0.141404491,-0.121868542,0.338063834,0.205665025,0.239857042,2.300846301,0.44808899,-0.000914538,0.998003442,0.128591307,-0.148400733,0.193629753,0.044944828,-0.02557399,0.550496806,0.079177372,0.44808899,0.044944828,0.955055172,0.55191101,0.871408693,1571,501,1571,501,10646,12217,2436,10646,1935,0.794334975,0.013244264,-0.012329726,0.044553734,0.000992518,0.000985055,0.733857293,0.269273263,0.430240701,0.397938116,-0.350278224,0.324923147,0.000914538,0.02557399,-0.194128888,-0.142245805,0.126958635,0.955055172,0.55191101,0.000914538,0.239268409,[0.7590664],11147,-0.244501748,1.468094572,0.65129586,0.5809557,0.141404491,0.753483091,0.753483091,0.762773331,-169513992.6,0.024659452,0.999085462,0.597498842,0.703208869,,,,,,,,0.186965206
ce778982-236b-4a5b-81f1-7f51239624ea,GradientBoostingClassifier,PREPROCESSING,UNAWARENESS,HYPERPARAMETER_DEMV,0.873882481,0.640616087,0.193407493,0.640616087,0.947250381,0.792519407,3506,0.126117519,-0.09714668,0.394440588,0.207480593,0.255250926,2.394012145,0.359383913,0.051151056,1.140859748,0.106608004,-0.120428122,0.212763683,0.052749619,-0.030496608,0.539957102,0.068111176,0.359383913,0.052749619,0.947250381,0.640616087,0.893391996,1260,588,1260,588,10559,11819,2834,10559,2246,0.792519407,0.040823832,-0.040823832,0.032118275,0.000515792,0.000512543,0.73321626,0.268803042,0.42994585,0.369083124,-0.290572742,0.306299554,-0.051151056,0.051151056,-0.187839524,-0.171502887,0.105249317,0.947250381,0.640616087,-0.051151056,0.239268409,[0.7590664],11147,-0.244501748,1.468094572,0.70851735,0.63499946,0.126117519,0.793933234,0.793933234,0.826344631,-230523269.9,-0.020654449,0.948848944,0.672857999,0.686541002,,,,,,,,0.08970882
ce778982-236b-4a5b-81f1-7f51239624ea,XGBClassifier,PREPROCESSING,REWEIGHTER,REWEIGHTER,0.872722309,0.605533371,0.177779294,0.605533371,0.956759666,0.814971209,3506,0.127277691,-0.098688838,0.398391157,0.185028791,0.292156863,2.752941176,0.394466629,-0.053758015,0.864457991,0.114790837,-0.13595537,0.167241827,0.043240334,-0.012415477,0.778451874,0.070104679,0.394466629,0.043240334,0.956759666,0.605533371,0.885209163,1383,482,1383,482,10665,12048,2605,10665,2123,0.814971209,0.033086746,0.020671269,0.035059186,0.000614573,0.000609126,0.733826263,0.269250492,0.430226505,0.374445402,-0.515712092,0.384015092,0.053758015,0.053758015,-0.214056117,-0.141437207,0.112049676,0.956759666,0.605533371,0.053758015,0.239268409,[0.7590664],11147,-0.244501748,1.468094572,0.694812633,0.627460396,0.127277691,0.781146519,0.781146519,0.764999229,-273740463.2,-0.041342539,0.946241985,0.647108131,0.647099094,30.77620149,51.8,0,1271.719401,0,5298.830838,0.457760108,0.043592978
ce778982-236b-4a5b-81f1-7f51239624ea,GradientBoostingClassifier,PREPROCESSING,REWEIGHTER,REWEIGHTER,0.864055142,0.548488306,0.159148297,0.548488306,0.963308514,0.824614065,3506,0.135944858,-0.113818139,0.353522021,0.175385935,0.270676692,2.714285714,0.451511694,-0.023967203,0.947038328,0.128479831,-0.147218967,0.185627762,0.036691486,-0.014110816,0.70397633,0.076535594,0.451511694,0.036691486,0.963308514,0.548488306,0.871520169,1583,409,1583,409,10738,12321,2332,10738,1923,0.824614065,0.019039009,0.004928194,0.041354402,0.000855093,0.000848257,0.734084981,0.269440379,0.430344658,0.39124313,-0.430514139,0.352221573,0.023967203,0.023967203,-0.208947829,-0.1335462,0.125577193,0.963308514,0.548488306,0.023967203,0.239268409,[0.7590664],11147,-0.244501748,1.468094572,0.658787256,0.596891353,0.135944858,0.75589841,0.75589841,0.752173196,-194490050.3,-0.009856387,0.976032797,0.598599222,0.721036406,,,,,,,,0.056701356
ce778982-236b-4a5b-81f1-7f51239624ea,AdaBoostClassifier,PREPROCESSING,REWEIGHTER,REWEIGHTER,0.85620692,0.537079293,0.161536887,0.537079293,0.956580246,0.795521757,3506,0.14379308,-0.112973716,0.380883812,0.204478243,0.307292964,2.784936028,0.462920707,-0.006801219,0.985340433,0.132101579,-0.14922698,0.193984964,0.043419754,-0.012618436,0.7562518,0.080974764,0.462920707,0.043419754,0.956580246,0.537079293,0.867898421,1623,484,1623,484,10663,12286,2367,10663,1883,0.795521757,0.009709828,-0.002908608,0.045099596,0.001016987,0.001009271,0.734190557,0.269517887,0.430392747,0.402429531,-0.476155094,0.368777702,0.006801219,0.012618436,-0.228259972,-0.129617459,0.130568639,0.956580246,0.537079293,0.006801219,0.239268409,[0.7590664],11147,-0.244501748,1.468094572,0.641239571,0.572279389,0.14379308,0.746829769,0.746829769,0.749002004,-146118952.8,0.005817216,0.993198781,0.584555685,0.738457793,9.30486846,10.1,0,94.29478681,0,392.894945,0.033941758,0.111363397
ce778982-236b-4a5b-81f1-7f51239624ea,RandomForestClassifier,PREPROCESSING,REWEIGHTER,REWEIGHTER,0.853954822,0.620935539,0.203917287,0.620935539,0.927244999,0.728580991,3506,0.146045178,-0.137517664,0.281740463,0.271419009,0.020110365,1.07303719,0.379064461,0.196215705,1.543643512,0.113930562,-0.116500824,0.26679298,0.072755001,-0.098221299,0.128955664,0.077801232,0.379064461,0.072755001,0.927244999,0.620935539,0.886069438,1329,811,1329,811,10336,11665,2988,10336,2177,0.728580991,0.147218502,-0.147218502,0.003241143,5.25E-06,5.25E-06,0.732649869,0.268387915,0.429681214,0.394464781,0.334469791,0.163207121,-0.196215705,0.196215705,-0.068305595,-0.23402083,0.11553017,0.927244999,0.620935539,-0.196215705,0.239268409,[0.7590664],11147,-0.244501748,1.468094572,0.670465045,0.580464816,0.146045178,0.774090269,0.774090269,0.888050679,-633643462.2,-0.097994406,0.803784295,0.644750481,0.725062497,,,,,,,,0.163481552
ce778982-236b-4a5b-81f1-7f51239624ea,BaggingClassifier,PREPROCESSING,REWEIGHTER,REWEIGHTER,0.850474306,0.596120936,0.195523101,0.596120936,0.930474567,0.729493892,3506,0.149525694,-0.132576995,0.312156521,0.270506108,0.129746032,1.493122587,0.403879064,0.124293073,1.318706199,0.120122158,-0.128047408,0.236426731,0.069525433,-0.076536211,0.243299927,0.080713213,0.403879064,0.069525433,0.930474567,0.596120936,0.879877842,1416,775,1416,775,10372,11788,2865,10372,2090,0.729493892,0.100414642,-0.100414642,0.014276249,0.000101906,0.000101565,0.732808422,0.268504092,0.429755936,0.401779076,0.032444228,0.221289073,-0.124293073,0.124293073,-0.12889672,-0.204421839,0.12140656,0.930474567,0.596120936,-0.124293073,0.239268409,[0.7590664],11147,-0.244501748,1.468094572,0.656097944,0.566473666,0.149525694,0.763297751,0.763297751,0.839944022,-1335146398,-0.047756862,0.875706927,0.624673093,0.70613141,31.14361382,20.2,0,409.3185866,0,1705.494111,0.147335741,0.213329129
ce778982-236b-4a5b-81f1-7f51239624ea,BernoulliNB,PREPROCESSING,REWEIGHTER,REWEIGHTER,0.822084215,0.673702225,0.261038695,0.673702225,0.868753925,0.61751634,3506,0.177915785,-0.141802232,0.360322669,0.38248366,0.180910344,1.497836001,0.326297775,0.186965206,1.625826882,0.105652013,-0.107179913,0.263864073,0.131246075,-0.137789145,0.258750123,0.084980542,0.326297775,0.131246075,0.868753925,0.673702225,0.894347987,1144,1463,1144,1463,9684,10828,3825,9684,2362,0.61751634,0.162377175,-0.162377175,0.014327697,0.000102641,0.00010302,0.732685574,0.268414075,0.429698386,0.412263368,-0.023447297,0.234600945,-0.186965206,0.186965206,-0.144045128,-0.267367258,0.113926076,0.868753925,0.673702225,-0.186965206,0.239268409,[0.7590664],11147,-0.244501748,1.468094572,0.64438685,0.526938281,0.177915785,0.771228075,0.771228075,0.896457911,-303088870,-0.04917606,0.813034794,0.658718539,0.709546574,,,,,,,,0.162251656
ce778982-236b-4a5b-81f1-7f51239624ea,BaggingClassifier,PREPROCESSING,REWEIGHTER,HYPERPARAMETER,0.867535658,0.562179122,0.162219341,0.562179122,0.963577644,0.829196466,3506,0.132464342,-0.122520044,0.284659881,0.170803534,0.077245296,1.461995754,0.437820878,0.08970882,1.211289923,0.12504073,-0.133245931,0.227196693,0.036422356,-0.041343451,0.229352798,0.074267478,0.437820878,0.036422356,0.963577644,0.562179122,0.87495927,1535,406,1535,406,10741,12276,2377,10741,1971,0.829196466,0.065526135,-0.065526135,0.02804419,0.000393238,0.000391167,0.733237147,0.268818357,0.429955518,0.38540233,0.068293712,0.21304502,-0.08970882,0.08970882,-0.105245614,-0.172430458,0.12179674,0.963577644,0.562179122,-0.08970882,0.239268409,[0.7590664],11147,-0.244501748,1.468094572,0.670066293,0.608452662,0.132464342,0.762878383,0.762878383,0.812866855,-174214941.2,-0.048365368,0.91029118,0.611399767,0.688995438,30.35743427,30.3,0,716.2443363,0,2984.351401,0.257814802,0.117733628
ce778982-236b-4a5b-81f1-7f51239624ea,RandomForestClassifier,PREPROCESSING,REWEIGHTER,HYPERPARAMETER,0.857298847,0.501140901,0.143247117,0.501140901,0.969319099,0.837065269,3506,0.142701153,-0.130555439,0.304110284,0.162934731,0.191231579,2.22814863,0.498859099,0.043592978,1.087314454,0.139318146,-0.153469227,0.212975424,0.030680901,-0.023868331,0.443420947,0.081672014,0.498859099,0.030680901,0.969319099,0.501140901,0.860681854,1749,342,1749,342,10805,12554,2099,10805,1757,0.837065269,0.033730655,-0.033730655,0.044586909,0.000993996,0.000986883,0.734047335,0.269412745,0.430327494,0.404158419,-0.168654448,0.270262322,-0.043592978,0.043592978,-0.172350403,-0.137246195,0.136742366,0.969319099,0.501140901,-0.043592978,0.239268409,[0.7590664],11147,-0.244501748,1.468094572,0.626940232,0.572941631,0.142701153,0.73523,0.73523,0.760029789,-170516191.3,-0.019724647,0.956407022,0.557026234,0.686441578,,,,,,,,0.312603805
ce778982-236b-4a5b-81f1-7f51239624ea,GradientBoostingClassifier,PREPROCESSING,REWEIGHTER,HYPERPARAMETER,0.872722309,0.602681118,0.176414386,0.602681118,0.957656769,0.817408124,3506,0.127277691,-0.099259493,0.393186083,0.182591876,0.290163293,2.788728149,0.397318882,-0.056701356,0.858089976,0.115429234,-0.136701303,0.166323456,0.042343231,-0.011483814,0.787295047,0.070212413,0.397318882,0.042343231,0.957656769,0.602681118,0.884570766,1393,472,1393,472,10675,12068,2585,10675,2113,0.817408124,0.034092585,0.022608771,0.036207495,0.000655491,0.000649855,0.733862125,0.26927681,0.430242911,0.374733007,-0.514159236,0.383393543,0.056701356,0.056701356,-0.213432298,-0.140141101,0.1125663,0.957656769,0.602681118,0.056701356,0.239268409,[0.7590664],11147,-0.244501748,1.468094572,0.69381054,0.627172518,0.127277691,0.780168943,0.780168943,0.762530282,-234717902,-0.045217542,0.943298644,0.64504312,0.736565754,,,,,,,,0.153306002
ce778982-236b-4a5b-81f1-7f51239624ea,XGBClassifier,PREPROCESSING,REWEIGHTER,REWEIGHTER_SMOTE,0.870128984,0.65630348,0.204667986,0.65630348,0.937382255,0.767255752,3506,0.129871016,-0.102863632,0.380867843,0.232744248,0.211278335,1.945298861,0.34369652,0.111363397,1.335944189,0.103397975,-0.109962711,0.239536455,0.062617745,-0.055798839,0.375543778,0.069031294,0.34369652,0.062617745,0.937382255,0.65630348,0.896602025,1205,698,1205,698,10449,11654,2999,10449,2301,0.767255752,0.083581118,-0.083581118,0.013077566,8.55E-05,8.51E-05,0.732830271,0.268520103,0.429766178,0.371567743,-0.135429719,0.262172838,-0.111363397,0.111363397,-0.160620523,-0.201436887,0.103616521,0.937382255,0.65630348,-0.111363397,0.239268409,[0.7590664],11147,-0.244501748,1.468094572,0.707455803,0.627792077,0.129871016,0.796842868,0.796842868,0.863443885,-264357745.8,-0.055564559,0.888636603,0.680920323,0.731784098,32.0405302,51,0,1293.152984,0,5388.137434,0.465475206,0.192610112
ce778982-236b-4a5b-81f1-7f51239624ea,GradientBoostingClassifier,PREPROCESSING,REWEIGHTER,REWEIGHTER_SMOTE,0.857708319,0.667997718,0.222684774,0.667997718,0.917376873,0.717744407,3506,0.142291681,-0.122401072,0.321849008,0.282255593,0.109307861,1.398896714,0.332002282,0.163481552,1.530875576,0.102194908,-0.10346213,0.260808196,0.082623127,-0.095578244,0.212085263,0.073423393,0.332002282,0.082623127,0.917376873,0.667997718,0.897805092,1164,921,1164,921,10226,11390,3263,10226,2342,0.717744407,0.129529898,-0.129529898,0.0077578,3.01E-05,3.01E-05,0.732640531,0.268381073,0.429676776,0.383205931,0.105125946,0.205891444,-0.163481552,0.163481552,-0.106384995,-0.240057784,0.105326229,0.917376873,0.667997718,-0.163481552,0.239268409,[0.7590664],11147,-0.244501748,1.468094572,0.691978136,0.600272468,0.142291681,0.792687295,0.792687295,0.895364,-184922025.4,-0.067903307,0.836518448,0.679776504,0.72794086,,,,,,,,0.137727321
ce778982-236b-4a5b-81f1-7f51239624ea,AdaBoostClassifier,PREPROCESSING,REWEIGHTER,REWEIGHTER_SMOTE,0.847812735,0.666571592,0.231897905,0.666571592,0.90481744,0.687757504,3506,0.152187265,-0.1354811,0.303831831,0.312242496,0.072727273,1.235294118,0.333428408,0.213329129,1.708836884,0.103864949,-0.100921722,0.281827205,0.09518256,-0.121734738,0.161748914,0.077200287,0.333428408,0.09518256,0.90481744,0.666571592,0.896135051,1169,1061,1169,1061,10086,11255,3398,10086,2337,0.687757504,0.167531933,-0.167531933,0.018244799,0.000166436,0.000167238,0.732673946,0.268405555,0.429692795,0.392938384,0.250932145,0.177821577,-0.213329129,0.213329129,-0.086824498,-0.263795434,0.10852247,0.90481744,0.666571592,-0.213329129,0.239268409,[0.7590664],11147,-0.244501748,1.468094572,0.676998841,0.577606961,0.152187265,0.785694516,0.785694516,0.917323437,-146619571.5,-0.09159439,0.786670871,0.671744754,0.810751891,9.258706808,9.9,0,91.97061961,0,383.210915,0.033105165,0.059266267
ce778982-236b-4a5b-81f1-7f51239624ea,RandomForestClassifier,PREPROCESSING,REWEIGHTER,REWEIGHTER_SMOTE,0.848495189,0.647176269,0.221934075,0.647176269,0.911814838,0.697724477,3506,0.151504811,-0.142443325,0.282256471,0.302275523,0.048715963,1.160706684,0.352823731,0.162251656,1.480392157,0.108499254,-0.114845075,0.250879839,0.088185162,-0.112524754,0.158866689,0.078292953,0.352823731,0.088185162,0.911814838,0.647176269,0.891500746,1237,983,1237,983,10164,11401,3252,10164,2269,0.697724477,0.137388205,-0.137388205,0.00531769,1.41E-05,1.41E-05,0.732638663,0.268379706,0.429675887,0.395709371,0.206476819,0.185876213,-0.162251656,0.162251656,-0.081780519,-0.245348471,0.112126749,0.911814838,0.647176269,-0.162251656,0.239268409,[0.7590664],11147,-0.244501748,1.468094572,0.671500444,0.573909104,0.151504811,0.779495554,0.779495554,0.886589048,-573024712.6,-0.049726902,0.837748344,0.659114016,0.806069568,,,,,,,,0.062209608
ce778982-236b-4a5b-81f1-7f51239624ea,BaggingClassifier,PREPROCESSING,REWEIGHTER,REWEIGHTER_SMOTE,0.839282058,0.601540217,0.209308674,0.601540217,0.914057594,0.687642648,3506,0.160717942,-0.141844955,0.311967679,0.312357352,0.133032687,1.439848458,0.398459783,0.117733628,1.30798845,0.120576558,-0.129756716,0.230201733,0.085942406,-0.094179317,0.242813814,0.084922462,0.398459783,0.085942406,0.914057594,0.601540217,0.879423442,1397,958,1397,958,10189,11586,3067,10189,2109,0.687642648,0.105956472,-0.105956472,0.009254517,4.28E-05,4.27E-05,0.732718499,0.268438199,0.429713661,0.412122462,-0.00104524,0.229018233,-0.117733628,0.117733628,-0.131394702,-0.216515356,0.123851636,0.914057594,0.601540217,-0.117733628,0.239268409,[0.7590664],11147,-0.244501748,1.468094572,0.641716111,0.540719922,0.160717942,0.757798905,0.757798905,0.838092604,-1293446015,-0.02355431,0.882266372,0.620979021,0.795742322,31.38347602,20.2,0,415.7031246,0,1732.096352,0.149633879,0.059875959
ce778982-236b-4a5b-81f1-7f51239624ea,BernoulliNB,PREPROCESSING,REWEIGHTER,REWEIGHTER_SMOTE,0.804749881,0.73502567,0.307718556,0.73502567,0.826679824,0.571523619,3506,0.195250119,-0.172332303,0.308168541,0.428476381,0.107804916,1.256210779,0.26497433,0.312603805,2.447456802,0.09158123,-0.078604799,0.344915374,0.173320176,-0.223092729,0.156484661,0.083464909,0.26497433,0.173320176,0.826679824,0.73502567,0.90841877,929,1932,929,1932,9215,10144,4509,9215,2577,0.571523619,0.267848267,-0.267848267,0.056285198,0.001584012,0.0016064,0.733626777,0.269104124,0.430160678,0.408570458,0.302696616,0.169169752,-0.312603805,0.312603805,-0.093204857,-0.356624021,0.104863979,0.826679824,0.73502567,-0.312603805,0.239268409,[0.7590664],11147,-0.244501748,1.468094572,0.643044292,0.519216985,0.195250119,0.780852747,0.780852747,0.990002803,-344729904.1,-0.089511076,0.687396195,0.685965263,0.717438294,,,,,,,,0.204562178
ce778982-236b-4a5b-81f1-7f51239624ea,BaggingClassifier,PREPROCESSING,REWEIGHTER,HYPERPARAMETER_SMOTE,0.857503583,0.685966914,0.231488432,0.685966914,0.911455997,0.709021226,3506,0.142496417,-0.126575865,0.306784829,0.290978774,0.083776897,1.291711585,0.314033086,0.153306002,1.529460882,0.097771068,-0.09988645,0.255991908,0.088544003,-0.107196218,0.193548248,0.07233916,0.314033086,0.088544003,0.911455997,0.685966914,0.902228932,1101,987,1101,987,10160,11261,3392,10160,2405,0.709021226,0.13025111,-0.13025111,0.011870926,7.05E-05,7.07E-05,0.732643619,0.268383336,0.429678254,0.380366034,0.117130011,0.203487223,-0.153306002,0.153306002,-0.091831673,-0.251750451,0.101920897,0.911455997,0.685966914,-0.153306002,0.239268409,[0.7590664],11147,-0.244501748,1.468094572,0.697303566,0.604296987,0.142496417,0.798711455,0.798711455,0.902744509,-175239873,-0.046109784,0.846693998,0.691588785,0.731308763,30.64500809,30.4,0,728.7600621,0,3036.500259,0.262319883,0.097140755
ce778982-236b-4a5b-81f1-7f51239624ea,RandomForestClassifier,PREPROCESSING,REWEIGHTER,HYPERPARAMETER_SMOTE,0.845287654,0.711066743,0.255715553,0.711066743,0.887503364,0.665332266,3506,0.154712346,-0.136452604,0.313249988,0.334667734,0.094373165,1.286092634,0.288933257,0.192610112,1.728114445,0.092884651,-0.093033832,0.276949859,0.112496636,-0.136799003,0.186296175,0.074742112,0.288933257,0.112496636,0.887503364,0.711066743,0.907115349,1013,1254,1013,1254,9893,10906,3747,9893,2493,0.665332266,0.164704558,-0.164704558,0.0209277,0.000218984,0.000220124,0.732749632,0.268461012,0.429729283,0.386631896,0.151427613,0.196718472,-0.192610112,0.192610112,-0.093703498,-0.279569338,0.100405668,0.887503364,0.711066743,-0.192610112,0.239268409,[0.7590664],11147,-0.244501748,1.468094572,0.68743968,0.585363161,0.154712346,0.799285053,0.799285053,0.930930945,-176238760.2,-0.05581111,0.807389888,0.699053628,0.722126141,,,,,,,,0.275643856
ce778982-236b-4a5b-81f1-7f51239624ea,GradientBoostingClassifier,PREPROCESSING,REWEIGHTER,HYPERPARAMETER_SMOTE,0.866784959,0.651739875,0.205828158,0.651739875,0.934421818,0.757625995,3506,0.133215041,-0.105222498,0.383131304,0.242374005,0.213188075,1.908834207,0.348260125,0.137727321,1.412726414,0.104923949,-0.109383144,0.251684225,0.065578182,-0.061266121,0.353890804,0.070697631,0.348260125,0.065578182,0.934421818,0.651739875,0.895076051,1221,731,1221,731,10416,11637,3016,10416,2285,0.757625995,0.099496721,-0.099496721,0.0109755,6.02E-05,5.99E-05,0.732786723,0.26848819,0.429745753,0.376025613,-0.095183075,0.251776112,-0.137727321,0.137727321,-0.161285609,-0.206545061,0.105563471,0.934421818,0.651739875,-0.137727321,0.239268409,[0.7590664],11147,-0.244501748,1.468094572,0.700705305,0.61853774,0.133215041,0.793080846,0.793080846,0.871989789,-217887410.1,-0.0764612,0.862272679,0.67533619,0.751838465,,,,,,,,0.185377904
ce778982-236b-4a5b-81f1-7f51239624ea,XGBClassifier,PREPROCESSING,REWEIGHTER,REWEIGHTER_ROS,0.850133079,0.802053622,0.294410701,0.802053622,0.865255226,0.651831247,3506,0.149866921,-0.095389693,0.489009336,0.348168753,0.240954139,1.726582872,0.197946378,0.059266267,1.322817063,0.06712448,-0.074791423,0.212966409,0.134744774,-0.108690318,0.422193979,0.065940411,0.197946378,0.134744774,0.865255226,0.802053622,0.93287552,694,1502,694,1502,9645,10339,4314,9645,2812,0.651831247,0.083978292,-0.083978292,0.022581003,0.000254951,0.000256844,0.732655465,0.268392015,0.429683926,0.363153991,-0.36865789,0.332076439,-0.059266267,0.108690318,-0.157872781,-0.258721996,0.080999624,0.865255226,0.802053622,-0.059266267,0.239268409,[0.7590664],11147,-0.244501748,1.468094572,0.719181586,0.624643898,0.149866921,0.833654424,0.833654424,0.903663299,-284796240.7,0.04942405,0.940733733,0.758360302,0.778211769,31.54598594,51.6,0,1309.172501,0,5454.885422,0.471241491,0.15454641
ce778982-236b-4a5b-81f1-7f51239624ea,GradientBoostingClassifier,PREPROCESSING,REWEIGHTER,REWEIGHTER_ROS,0.835255579,0.812036509,0.314065379,0.812036509,0.842558536,0.618644068,3506,0.164744421,-0.113473931,0.445820477,0.381355932,0.210506741,1.581391639,0.187963491,0.062209608,1.34437009,0.065565615,-0.076415448,0.209388032,0.157441464,-0.136539284,0.36774966,0.068884788,0.187963491,0.157441464,0.842558536,0.812036509,0.934434385,659,1755,659,1755,9392,10051,4602,9392,2847,0.618644068,0.099374446,-0.099374446,0.022722206,0.000258149,0.00025957,0.732732825,0.268448697,0.429721162,0.371173243,-0.31844182,0.315810305,-0.062209608,0.136539284,-0.143461094,-0.278672993,0.08235083,0.842558536,0.812036509,-0.062209608,0.239268409,[0.7590664],11147,-0.244501748,1.468094572,0.702269364,0.601699605,0.164744421,0.827297522,0.827297522,0.909509755,-199585630.2,0.074329676,0.937790392,0.753174603,0.824550449,,,,,,,,0.021927888
ce778982-236b-4a5b-81f1-7f51239624ea,AdaBoostClassifier,PREPROCESSING,REWEIGHTER,REWEIGHTER_ROS,0.839213813,0.782943525,0.296185082,0.782943525,0.856912174,0.632488479,3506,0.160786187,-0.098953409,0.49365393,0.367511521,0.252807894,1.745323636,0.217056475,0.059875959,1.283031056,0.073790362,-0.085274413,0.209839871,0.143087826,-0.10516376,0.440433191,0.070517639,0.217056475,0.143087826,0.856912174,0.782943525,0.926209638,761,1595,761,1595,9552,10313,4340,9552,2745,0.632488479,0.08251986,-0.08251986,0.024309522,0.000295476,0.000292666,0.732640086,0.268380748,0.429676566,0.375546638,-0.400120313,0.3427027,-0.059875959,0.10516376,-0.169041154,-0.248700869,0.087418038,0.856912174,0.782943525,-0.059875959,0.239268409,[0.7590664],11147,-0.244501748,1.468094572,0.699719602,0.597901476,0.160786187,0.81992785,0.81992785,0.887588181,-146760151,0.045287801,0.940124041,0.738995827,0.824775638,8.943523169,9.8,0,87.95273967,0,366.4697486,0.031658914,0.021623042
ce778982-236b-4a5b-81f1-7f51239624ea,RandomForestClassifier,PREPROCESSING,REWEIGHTER,REWEIGHTER_ROS,0.848153962,0.684540787,0.2401556,0.684540787,0.899614246,0.682011935,3506,0.151846038,-0.134002482,0.317160957,0.317988065,0.102063947,1.324421691,0.315459213,0.204562178,1.692403487,0.099335369,-0.100282667,0.278539272,0.100385754,-0.122215189,0.186205343,0.075788089,0.315459213,0.100385754,0.899614246,0.684540787,0.900664631,1106,1119,1106,1119,10028,11134,3519,10028,2400,0.682011935,0.163388684,-0.163388684,0.01044595,5.46E-05,5.47E-05,0.732673393,0.268405151,0.42969253,0.389327854,0.180542287,0.190932259,-0.204562178,0.204562178,-0.101173307,-0.263742302,0.104885969,0.899614246,0.684540787,-0.204562178,0.239268409,[0.7590664],11147,-0.244501748,1.468094572,0.683274021,0.583415331,0.151846038,0.792077517,0.792077517,0.921494019,-637194378.1,-0.082346989,0.795437822,0.683906818,0.803502986,,,,,,,,0.058162514
ce778982-236b-4a5b-81f1-7f51239624ea,BaggingClassifier,PREPROCESSING,REWEIGHTER,REWEIGHTER_ROS,0.843376783,0.66543069,0.235787893,0.66543069,0.899345115,0.675253256,3506,0.156623217,-0.138436037,0.310153913,0.324746744,0.114417015,1.361920487,0.33456931,0.097140755,1.306297647,0.104750848,-0.114663111,0.220902739,0.100654885,-0.111915876,0.236545893,0.078853498,0.33456931,0.100654885,0.899345115,0.66543069,0.895249152,1173,1122,1173,1122,10025,11198,3455,10025,2333,0.675253256,0.104528316,-0.104528316,0.004533901,1.03E-05,1.03E-05,0.732639209,0.268380105,0.429676147,0.397123402,-0.029446335,0.235872394,-0.097140755,0.111915876,-0.114540063,-0.241960369,0.110007767,0.899345115,0.66543069,-0.097140755,0.239268409,[0.7590664],11147,-0.244501748,1.468094572,0.670305991,0.567631885,0.156623217,0.782387903,0.782387903,0.864169592,-1383465967,0.014775122,0.902859245,0.667859443,0.795079644,30.09516215,20.4,0,407.2927085,0,1697.052952,0.146606519,0.061410701
ce778982-236b-4a5b-81f1-7f51239624ea,BernoulliNB,PREPROCESSING,REWEIGHTER,REWEIGHTER_ROS,0.770831912,0.833713634,0.388862349,0.833713634,0.751054095,0.512987013,3506,0.229168088,-0.189904827,0.348669758,0.487012987,0.149113631,1.313338732,0.166286366,0.275643856,3.216568047,0.065103294,-0.051007118,0.391838209,0.248945905,-0.290912593,0.212072462,0.078236617,0.166286366,0.248945905,0.751054095,0.833713634,0.934896706,583,2775,583,2775,8372,8955,5698,8372,2923,0.512987013,0.283278225,-0.283278225,0.070281448,0.002469741,0.002508201,0.734543347,0.269776964,0.430621705,0.395566978,0.045836585,0.219291088,-0.275643856,0.290912593,-0.100060375,-0.413627251,0.088965621,0.751054095,0.833713634,-0.275643856,0.239268409,[0.7590664],11147,-0.244501748,1.468094572,0.635158627,0.511769426,0.229168088,0.792383865,0.792383865,1.016848959,-324032397.3,0.015268738,0.724356144,0.72101628,0.764574016,,,,,,,,0.196793861
ce778982-236b-4a5b-81f1-7f51239624ea,BaggingClassifier,PREPROCESSING,REWEIGHTER,HYPERPARAMETER_ROS,0.860711117,0.732458642,0.250528902,0.732458642,0.90104961,0.699536911,3506,0.139288883,-0.123892398,0.311360738,0.300463089,0.075136147,1.250567537,0.267541358,0.185377904,1.762264967,0.085412493,-0.084010888,0.284064549,0.09895039,-0.123675463,0.178351324,0.068040085,0.267541358,0.09895039,0.90104961,0.732458642,0.914587507,938,1103,938,1103,10044,10982,3671,10044,2568,0.699536911,0.154526683,-0.154526683,0.018475266,0.000170668,0.000171382,0.732731321,0.268447594,0.429720436,0.368890458,0.166766475,0.193679049,-0.185377904,0.185377904,-0.079573518,-0.276393764,0.09199333,0.90104961,0.732458642,-0.185377904,0.239268409,[0.7590664],11147,-0.244501748,1.468094572,0.71561934,0.623741041,0.139288883,0.816754126,0.816754126,0.942964432,-175685424.3,-0.061702441,0.814622096,0.723941081,0.76264453,28.77965546,30.6,0,701.3225872,0,2922.177446,0.252443663,0.130999685
ce778982-236b-4a5b-81f1-7f51239624ea,RandomForestClassifier,PREPROCESSING,REWEIGHTER,HYPERPARAMETER_ROS,0.831706818,0.80832858,0.31583976,0.80832858,0.839059837,0.612359551,3506,0.168293182,-0.132377176,0.38235995,0.387640449,0.165745292,1.438544543,0.19167142,0.15454641,1.888070069,0.067032419,-0.068611342,0.280233663,0.160940163,-0.170403063,0.268790962,0.070072989,0.19167142,0.160940163,0.839059837,0.80832858,0.932967581,672,1794,672,1794,9353,10025,4628,9353,2834,0.612359551,0.162474737,-0.162474737,0.033995012,0.00057783,0.00058249,0.733023584,0.268661787,0.42986264,0.374360758,-0.100469902,0.253749271,-0.15454641,0.170403063,-0.117178317,-0.314224581,0.083873967,0.839059837,0.80832858,-0.15454641,0.239268409,[0.7590664],11147,-0.244501748,1.468094572,0.696828129,0.594170403,0.168293182,0.823694208,0.823694208,0.957523708,-179416015.4,0.015856653,0.84545359,0.748448435,0.722772713,,,,,,,,0.274172185
ce778982-236b-4a5b-81f1-7f51239624ea,GradientBoostingClassifier,PREPROCESSING,REWEIGHTER,HYPERPARAMETER_ROS,0.852589913,0.809469481,0.295502627,0.809469481,0.866152328,0.655427252,3506,0.147410087,-0.098943,0.465296055,0.344572748,0.221664269,1.671027223,0.190530519,0.021927888,1.123140496,0.064709871,-0.075768101,0.180483456,0.133847672,-0.111098307,0.409928866,0.064648542,0.190530519,0.133847672,0.866152328,0.809469481,0.935290129,668,1492,668,1492,9655,10323,4330,9655,2838,0.655427252,0.066513097,-0.066513097,0.025820639,0.000333353,0.000335967,0.732657428,0.268393453,0.429684867,0.359579037,-0.371850953,0.333148937,-0.021927888,0.111098307,-0.148716185,-0.259551411,0.078930359,0.866152328,0.809469481,-0.021927888,0.239268409,[0.7590664],11147,-0.244501748,1.468094572,0.724349158,0.631744842,0.147410087,0.837810904,0.837810904,0.893536303,-235011623.6,0.089170419,0.978072112,0.764547414,0.765286481,,,,,,,,0.223651845
ce778982-236b-4a5b-81f1-7f51239624ea,XGBClassifier,PREPROCESSING,REWEIGHTER,REWEIGHTER_RUS,0.839623285,0.826583001,0.316658705,0.826583001,0.843724769,0.624568966,3506,0.160376715,-0.099108206,0.501199981,0.375431034,0.236665587,1.664433458,0.173416999,0.021623042,1.131774504,0.060721063,-0.072680262,0.178354521,0.156275231,-0.121920497,0.432298591,0.066502183,0.173416999,0.156275231,0.843724769,0.826583001,0.939278937,608,1742,608,1742,9405,10013,4640,9405,2898,0.624568966,0.07177177,-0.07177177,0.026303595,0.00034594,0.000348646,0.732677275,0.268407995,0.429694395,0.364697635,-0.428518819,0.352720611,-0.021623042,0.121920497,-0.154672925,-0.266509038,0.078427477,0.843724769,0.826583001,-0.021623042,0.239268409,[0.7590664],11147,-0.244501748,1.468094572,0.711514854,0.614777708,0.160376715,0.835153885,0.835153885,0.895094357,-276039083.1,0.100297455,0.978376958,0.764744689,0.782813632,29.60939264,51,0,1244.802713,0,5186.677972,0.448071347,0.160559235
ce778982-236b-4a5b-81f1-7f51239624ea,GradientBoostingClassifier,PREPROCESSING,REWEIGHTER,REWEIGHTER_RUS,0.831365591,0.80889903,0.316453968,0.80889903,0.838431865,0.611602329,3506,0.168634409,-0.114316055,0.44954893,0.388397671,0.213595188,1.583960553,0.19110097,0.058162514,1.314911781,0.066892971,-0.078590894,0.205167397,0.161568135,-0.136694083,0.373966769,0.070099445,0.19110097,0.161568135,0.838431865,0.80889903,0.933107029,670,1801,670,1801,9346,10016,4637,9346,2836,0.611602329,0.097428299,-0.097428299,0.02180515,0.000237732,0.000238678,0.732723472,0.268441843,0.429716647,0.374431421,-0.333519552,0.320628487,-0.058162514,0.136694083,-0.146093041,-0.276948322,0.083828516,0.838431865,0.80889903,-0.058162514,0.239268409,[0.7590664],11147,-0.244501748,1.468094572,0.696549183,0.593807373,0.168634409,0.823665448,0.823665448,0.903913771,-199924244.6,0.078531569,0.941837486,0.748531838,0.820458256,,,,,,,,0.033333333
ce778982-236b-4a5b-81f1-7f51239624ea,AdaBoostClassifier,PREPROCESSING,REWEIGHTER,REWEIGHTER_RUS,0.8312291,0.792070736,0.308537501,0.792070736,0.843545349,0.614244636,3506,0.1687709,-0.107845935,0.477474556,0.385755364,0.235520317,1.651726796,0.207929264,0.061410701,1.313748657,0.071950257,-0.081784217,0.208599343,0.156454651,-0.125214856,0.407532296,0.071707983,0.207929264,0.156454651,0.843545349,0.792070736,0.928049743,729,1744,729,1744,9403,10132,4521,9403,2777,0.614244636,0.093312778,-0.093312778,0.027181633,0.000369421,0.000370315,0.732674795,0.268406177,0.429693203,0.378703005,-0.377485009,0.335071332,-0.061410701,0.125214856,-0.158652267,-0.265552541,0.087332653,0.843545349,0.792070736,-0.061410701,0.239268409,[0.7590664],11147,-0.244501748,1.468094572,0.691914788,0.587103935,0.1687709,0.817808042,0.817808042,0.894119983,-147380323.5,0.063804155,0.938589299,0.73861294,0.7233298,9.038469791,10.2,0,92.6705339,0,386.1272246,0.033357102,0.053758015
ce778982-236b-4a5b-81f1-7f51239624ea,RandomForestClassifier,PREPROCESSING,REWEIGHTER,REWEIGHTER_RUS,0.81130144,0.830576155,0.346891422,0.830576155,0.805239078,0.572890026,3506,0.18869856,-0.169235277,0.297230833,0.427109974,0.076501482,1.183016144,0.169423845,0.196793861,2.34731918,0.062068966,-0.059133073,0.317363041,0.194760922,-0.234475637,0.17673311,0.072184422,0.169423845,0.194760922,0.805239078,0.830576155,0.937931034,594,2171,594,2171,8976,9570,5083,8976,2912,0.572890026,0.215634749,-0.215634749,0.047931964,0.001148737,0.001161533,0.733818732,0.269244966,0.430256498,0.379959004,0.1226087,0.202880686,-0.196793861,0.234475637,-0.067817278,-0.370891591,0.083220868,0.805239078,0.830576155,-0.196793861,0.239268409,[0.7590664],11147,-0.244501748,1.468094572,0.67807661,0.56990158,0.18869856,0.817907616,0.817907616,0.99427692,-526115736.1,0.037681776,0.803206139,0.746618806,0.687176695,,,,,,,,0.023967203
ce778982-236b-4a5b-81f1-7f51239624ea,BaggingClassifier,PREPROCESSING,REWEIGHTER,REWEIGHTER_RUS,0.809800041,0.783799201,0.326008326,0.783799201,0.817977931,0.575256437,3506,0.190199959,-0.160003142,0.332983011,0.424743563,0.124112925,1.30231588,0.216200799,0.130999685,1.663048683,0.076751721,-0.083593086,0.241746884,0.182022069,-0.199122345,0.232743195,0.077339366,0.216200799,0.182022069,0.817977931,0.783799201,0.923248279,758,2029,758,2029,9118,9876,4777,9118,2748,0.575256437,0.165061015,-0.165061015,0.033602472,0.000564563,0.000568859,0.733167412,0.268767227,0.429933229,0.393292171,-0.056058401,0.242702422,-0.130999685,0.199122345,-0.103853006,-0.326916467,0.093456174,0.817977931,0.783799201,-0.130999685,0.239268409,[0.7590664],11147,-0.244501748,1.468094572,0.663527707,0.547712277,0.190199959,0.800888566,0.800888566,0.933084046,-1345476406,0.068122661,0.869000315,0.718666231,0.677468555,30.64896369,20.6,0,411.7446224,0,1715.602593,0.148209002,0.006801219
ce778982-236b-4a5b-81f1-7f51239624ea,BernoulliNB,PREPROCESSING,REWEIGHTER,REWEIGHTER_RUS,0.771923838,0.832857958,0.38736095,0.832857958,0.75275859,0.514446794,3506,0.228076162,-0.184913326,0.359380713,0.485553206,0.158641946,1.335439913,0.167142042,0.274172185,3.178947368,0.065277932,-0.051233079,0.391345029,0.24724141,-0.283720733,0.221098757,0.078196716,0.167142042,0.24724141,0.75275859,0.832857958,0.934722068,586,2756,586,2756,8391,8977,5676,8391,2920,0.514446794,0.278946459,-0.278946459,0.068304179,0.00233273,0.002368817,0.734422061,0.269687882,0.430560219,0.395466095,0.020922133,0.224840947,-0.274172185,0.283720733,-0.104937513,-0.40770237,0.089005463,0.75275859,0.832857958,-0.274172185,0.239268409,[0.7590664],11147,-0.244501748,1.468094572,0.636027009,0.512874953,0.228076162,0.792808274,0.792808274,1.013959335,-324797494.4,0.009548547,0.725827815,0.721254786,0.692413016,,,,,,,,0.178250815
ce778982-236b-4a5b-81f1-7f51239624ea,BaggingClassifier,PREPROCESSING,REWEIGHTER,HYPERPARAMETER_RUS,0.812052139,0.853394181,0.357059988,0.853394181,0.799049071,0.571865443,3506,0.187947861,-0.162181795,0.321259685,0.428134557,0.102183503,1.244078693,0.146605819,0.223651845,2.876190476,0.054558964,-0.045110168,0.380013654,0.200950929,-0.238621392,0.189877606,0.069659405,0.146605819,0.200950929,0.799049071,0.853394181,0.945441036,514,2240,514,2240,8907,9421,5232,8907,2992,0.571865443,0.231136618,-0.231136618,0.05466273,0.001494007,0.001513621,0.733978697,0.269362363,0.430336662,0.373254351,0.101478463,0.207271386,-0.223651845,0.238621392,-0.073646835,-0.380872294,0.078235357,0.799049071,0.853394181,-0.223651845,0.239268409,[0.7590664],11147,-0.244501748,1.468094572,0.684824903,0.580958796,0.187947861,0.826221626,0.826221626,1.017191699,-184995848.2,0.014969547,0.776348155,0.759873016,0.696232559,29.9098289,30.9,0,720.2194857,0,3000.914524,0.259245671,0.113318617
ce778982-236b-4a5b-81f1-7f51239624ea,RandomForestClassifier,PREPROCESSING,REWEIGHTER,HYPERPARAMETER_RUS,0.819559135,0.839132915,0.342728452,0.839132915,0.813402709,0.585822382,3506,0.180440865,-0.146973946,0.360875853,0.414177618,0.141310288,1.348926345,0.160867085,0.160559235,2.151451187,0.058560897,-0.057148324,0.300347693,0.186597291,-0.206001741,0.242633048,0.069700037,0.160867085,0.186597291,0.813402709,0.839132915,0.941439103,564,2080,564,2080,9067,9631,5022,9067,2942,0.585822382,0.183280488,-0.183280488,0.045172281,0.001020268,0.001030805,0.733414724,0.268948578,0.430055335,0.373363193,-0.062196688,0.244272835,-0.160559235,0.206001741,-0.099229306,-0.346606404,0.079883872,0.813402709,0.839132915,-0.160559235,0.239268409,[0.7590664],11147,-0.244501748,1.468094572,0.689962477,0.586563638,0.180440865,0.826267812,0.826267812,0.97770658,-178647470.6,0.045442506,0.839440765,0.757271557,0.703208869,,,,,,,,0.186965206
ce778982-236b-4a5b-81f1-7f51239624ea,GradientBoostingClassifier,PREPROCESSING,REWEIGHTER,HYPERPARAMETER_RUS,0.839828022,0.822875071,0.314679588,0.822875071,0.845160133,0.625677727,3506,0.160171978,-0.096087429,0.511527074,0.374322273,0.244635167,1.694025801,0.177124929,0.033333333,1.2,0.061840271,-0.072326577,0.19003813,0.154839867,-0.117820036,0.440713162,0.066789409,0.177124929,0.154839867,0.845160133,0.822875071,0.938159729,621,1726,621,1726,9421,10042,4611,9421,2885,0.625677727,0.075576685,-0.075576685,0.024708939,0.000305266,0.000307417,0.732668925,0.268401877,0.429690384,0.365484361,-0.430197844,0.353304734,-0.033333333,0.117820036,-0.158480872,-0.263929535,0.079140051,0.845160133,0.822875071,-0.033333333,0.239268409,[0.7590664],11147,-0.244501748,1.468094572,0.710853764,0.613728988,0.160171978,0.834017602,0.834017602,0.897049887,-237873355.1,0.084486703,0.966666667,0.762773481,0.681885927,,,,,,,,0.128581941
ce778982-236b-4a5b-81f1-7f51239624ea,XGBClassifier,PREPROCESSING,REWEIGHTER,REWEIGHTER_FOS,0.872722309,0.605533371,0.177779294,0.605533371,0.956759666,0.814971209,3506,0.127277691,-0.098688838,0.398391157,0.185028791,0.292156863,2.752941176,0.394466629,-0.053758015,0.864457991,0.114790837,-0.13595537,0.167241827,0.043240334,-0.012415477,0.778451874,0.070104679,0.394466629,0.043240334,0.956759666,0.605533371,0.885209163,1383,482,1383,482,10665,12048,2605,10665,2123,0.814971209,0.033086746,0.020671269,0.035059186,0.000614573,0.000609126,0.733826263,0.269250492,0.430226505,0.374445402,-0.515712092,0.384015092,0.053758015,0.053758015,-0.214056117,-0.141437207,0.112049676,0.956759666,0.605533371,0.053758015,0.239268409,[0.7590664],11147,-0.244501748,1.468094572,0.694812633,0.627460396,0.127277691,0.781146519,0.781146519,0.764999229,-273740463.2,-0.041342539,0.946241985,0.647108131,0.647099094,30.85898805,51.5,0,1285.610594,0,5356.710807,0.462760295,0.043592978
ce778982-236b-4a5b-81f1-7f51239624ea,GradientBoostingClassifier,PREPROCESSING,REWEIGHTER,REWEIGHTER_FOS,0.864055142,0.548488306,0.159148297,0.548488306,0.963308514,0.824614065,3506,0.135944858,-0.113818139,0.353522021,0.175385935,0.270676692,2.714285714,0.451511694,-0.023967203,0.947038328,0.128479831,-0.147218967,0.185627762,0.036691486,-0.014110816,0.70397633,0.076535594,0.451511694,0.036691486,0.963308514,0.548488306,0.871520169,1583,409,1583,409,10738,12321,2332,10738,1923,0.824614065,0.019039009,0.004928194,0.041354402,0.000855093,0.000848257,0.734084981,0.269440379,0.430344658,0.39124313,-0.430514139,0.352221573,0.023967203,0.023967203,-0.208947829,-0.1335462,0.125577193,0.963308514,0.548488306,0.023967203,0.239268409,[0.7590664],11147,-0.244501748,1.468094572,0.658787256,0.596891353,0.135944858,0.75589841,0.75589841,0.752173196,-194486489.5,-0.009856387,0.976032797,0.598599222,0.721036406,,,,,,,,0.056701356
ce778982-236b-4a5b-81f1-7f51239624ea,AdaBoostClassifier,PREPROCESSING,REWEIGHTER,REWEIGHTER_FOS,0.85620692,0.537079293,0.161536887,0.537079293,0.956580246,0.795521757,3506,0.14379308,-0.112973716,0.380883812,0.204478243,0.307292964,2.784936028,0.462920707,-0.006801219,0.985340433,0.132101579,-0.14922698,0.193984964,0.043419754,-0.012618436,0.7562518,0.080974764,0.462920707,0.043419754,0.956580246,0.537079293,0.867898421,1623,484,1623,484,10663,12286,2367,10663,1883,0.795521757,0.009709828,-0.002908608,0.045099596,0.001016987,0.001009271,0.734190557,0.269517887,0.430392747,0.402429531,-0.476155094,0.368777702,0.006801219,0.012618436,-0.228259972,-0.129617459,0.130568639,0.956580246,0.537079293,0.006801219,0.239268409,[0.7590664],11147,-0.244501748,1.468094572,0.641239571,0.572279389,0.14379308,0.746829769,0.746829769,0.749002004,-146118952.8,0.005817216,0.993198781,0.584555685,0.692865365,9.592661858,10.2,0,98.32317624,0,409.679901,0.035391791,0.29852833
ce778982-236b-4a5b-81f1-7f51239624ea,RandomForestClassifier,PREPROCESSING,REWEIGHTER,REWEIGHTER_FOS,0.853613594,0.61722761,0.202484133,0.61722761,0.927962681,0.729356252,3506,0.146386406,-0.136830337,0.286634537,0.270643748,0.044779188,1.163207455,0.38277239,0.178250815,1.488885685,0.114838268,-0.118631594,0.258881735,0.072037319,-0.094788194,0.150390043,0.078161102,0.38277239,0.072037319,0.927962681,0.61722761,0.885161732,1342,803,1342,803,10344,11686,2967,10344,2164,0.729356252,0.136519505,-0.136519505,0.005174259,1.34E-05,1.34E-05,0.732663574,0.268397956,0.429687712,0.395376028,0.262113291,0.175580128,-0.178250815,0.178250815,-0.081705391,-0.228925364,0.116349523,0.927962681,0.61722761,-0.178250815,0.239268409,[0.7590664],11147,-0.244501748,1.468094572,0.668623513,0.578817103,0.146386406,0.772595145,0.772595145,0.878069452,-633586363.1,-0.08346262,0.821749185,0.641898406,0.768639632,,,,,,,,0.102512352
ce778982-236b-4a5b-81f1-7f51239624ea,BaggingClassifier,PREPROCESSING,REWEIGHTER,REWEIGHTER_FOS,0.853067631,0.599258414,0.194431175,0.599258414,0.932896744,0.737451737,3506,0.146932369,-0.130580855,0.311679885,0.262548263,0.129497472,1.504927536,0.400741586,0.113318617,1.293054234,0.119027448,-0.127472235,0.232376998,0.067103256,-0.073631718,0.250493143,0.079423593,0.400741586,0.067103256,0.932896744,0.599258414,0.880972552,1405,748,1405,748,10399,11804,2849,10399,2101,0.737451737,0.093475167,-0.093475167,0.014205285,0.000100895,0.000100521,0.732825821,0.268516842,0.429764093,0.398556377,0.011338819,0.226044377,-0.113318617,0.113318617,-0.128484854,-0.202451115,0.119962414,0.932896744,0.599258414,-0.113318617,0.239268409,[0.7590664],11147,-0.244501748,1.468094572,0.661211644,0.573670354,0.146932369,0.766077579,0.766077579,0.837686809,-1332618762,-0.039686899,0.886681383,0.628712501,0.776778452,33.54945636,20.5,0,444.365372,0,1851.522383,0.159950961,0.088899401
ce778982-236b-4a5b-81f1-7f51239624ea,BernoulliNB,PREPROCESSING,REWEIGHTER,REWEIGHTER_FOS,0.822084215,0.673702225,0.261038695,0.673702225,0.868753925,0.61751634,3506,0.177915785,-0.141802232,0.360322669,0.38248366,0.180910344,1.497836001,0.326297775,0.186965206,1.625826882,0.105652013,-0.107179913,0.263864073,0.131246075,-0.137789145,0.258750123,0.084980542,0.326297775,0.131246075,0.868753925,0.673702225,0.894347987,1144,1463,1144,1463,9684,10828,3825,9684,2362,0.61751634,0.162377175,-0.162377175,0.014327697,0.000102641,0.00010302,0.732685574,0.268414075,0.429698386,0.412263368,-0.023447297,0.234600945,-0.186965206,0.186965206,-0.144045128,-0.267367258,0.113926076,0.868753925,0.673702225,-0.186965206,0.239268409,[0.7590664],11147,-0.244501748,1.468094572,0.64438685,0.526938281,0.177915785,0.771228075,0.771228075,0.896457911,-303088870,-0.04917606,0.813034794,0.658718539,0.677830469,,,,,,,,0.405024703
ce778982-236b-4a5b-81f1-7f51239624ea,BaggingClassifier,PREPROCESSING,REWEIGHTER,HYPERPARAMETER_FOS,0.866238995,0.568168853,0.166382311,0.568168853,0.959989235,0.817063167,3506,0.133761005,-0.117112685,0.319476053,0.182936833,0.139344712,1.774980187,0.431831147,0.128581941,1.310378077,0.123945968,-0.128394611,0.24399976,0.040010765,-0.042849018,0.281388819,0.074719381,0.431831147,0.040010765,0.959989235,0.568168853,0.876054032,1514,446,1514,446,10701,12215,2438,10701,1992,0.817063167,0.085715479,-0.085715479,0.024233158,0.000293623,0.00029195,0.733145134,0.268750894,0.429912892,0.3865731,0.058263611,0.21529145,-0.128581941,0.128581941,-0.133869661,-0.177706136,0.121191348,0.959989235,0.568168853,-0.128581941,0.239268409,[0.7590664],11147,-0.244501748,1.468094572,0.67025572,0.605041696,0.133761005,0.764079044,0.764079044,0.829572446,-177678610.7,-0.085732923,0.871418059,0.615004631,0.676232615,33.1006825,31.3,0,802.190243,0,3342.459346,0.288751349,0.351865868
ce778982-236b-4a5b-81f1-7f51239624ea,RandomForestClassifier,PREPROCESSING,REWEIGHTER,HYPERPARAMETER_FOS,0.857298847,0.501140901,0.143247117,0.501140901,0.969319099,0.837065269,3506,0.142701153,-0.130555439,0.304110284,0.162934731,0.191231579,2.22814863,0.498859099,0.043592978,1.087314454,0.139318146,-0.153469227,0.212975424,0.030680901,-0.023868331,0.443420947,0.081672014,0.498859099,0.030680901,0.969319099,0.501140901,0.860681854,1749,342,1749,342,10805,12554,2099,10805,1757,0.837065269,0.033730655,-0.033730655,0.044586909,0.000993996,0.000986883,0.734047335,0.269412745,0.430327494,0.404158419,-0.168654448,0.270262322,-0.043592978,0.043592978,-0.172350403,-0.137246195,0.136742366,0.969319099,0.501140901,-0.043592978,0.239268409,[0.7590664],11147,-0.244501748,1.468094572,0.626940232,0.572941631,0.142701153,0.73523,0.73523,0.760029789,-170516191.3,-0.019724647,0.956407022,0.557026234,0.761070573,,,,,,,,0.138620835
ce778982-236b-4a5b-81f1-7f51239624ea,GradientBoostingClassifier,PREPROCESSING,REWEIGHTER,HYPERPARAMETER_FOS,0.872722309,0.602681118,0.176414386,0.602681118,0.957656769,0.817408124,3506,0.127277691,-0.099259493,0.393186083,0.182591876,0.290163293,2.788728149,0.397318882,-0.056701356,0.858089976,0.115429234,-0.136701303,0.166323456,0.042343231,-0.011483814,0.787295047,0.070212413,0.397318882,0.042343231,0.957656769,0.602681118,0.884570766,1393,472,1393,472,10675,12068,2585,10675,2113,0.817408124,0.034092585,0.022608771,0.036207495,0.000655491,0.000649855,0.733862125,0.26927681,0.430242911,0.374733007,-0.514159236,0.383393543,0.056701356,0.056701356,-0.213432298,-0.140141101,0.1125663,0.957656769,0.602681118,0.056701356,0.239268409,[0.7590664],11147,-0.244501748,1.468094572,0.69381054,0.627172518,0.127277691,0.780168943,0.780168943,0.762530282,-234717902,-0.045217542,0.943298644,0.64504312,0.667282414,,,,,,,,0.428876275
ce778982-236b-4a5b-81f1-7f51239624ea,XGBClassifier,PREPROCESSING,REWEIGHTER,REWEIGHTER_FAIR_SMOTE,0.608339589,0.954934398,0.60936327,0.954934398,0.499327173,0.374958002,3506,0.391660411,-0.456955472,0.180463412,0.625041998,-0.029601816,0.953573194,0.045065602,0.29852833,203.85,0.027603075,0.02133294,6.770560191,0.500672827,-0.730809761,0.10420324,0.06783924,0.045065602,0.500672827,0.499327173,0.954934398,0.972396925,158,5581,158,5581,5566,5724,8929,5566,3348,0.374958002,0.514669045,-0.514669045,0.162064637,0.013132473,0.01346071,0.74305165,0.276062877,0.435198119,0.368345598,0.4618117,0.148402304,-0.29852833,0.730809761,0.025467378,-0.744092305,0.070501015,0.499327173,0.954934398,-0.29852833,0.239268409,[0.7590664],11147,-0.244501748,1.468094572,0.538480097,0.397227888,0.391660411,0.727130786,0.727130786,1.101362493,-663121771.7,0.432281431,0.70147167,0.688640921,0.771731298,33.70973778,51.7,0,1381.838181,0,5757.659088,0.497397771,0.113791654
ce778982-236b-4a5b-81f1-7f51239624ea,GradientBoostingClassifier,PREPROCESSING,REWEIGHTER,REWEIGHTER_FAIR_SMOTE,0.647444209,0.970907017,0.577902136,0.970907017,0.545707365,0.40198394,3506,0.352555791,-0.275008823,0.37194228,0.59801606,0.125390106,1.215902824,0.029092983,0.102512352,9.707142857,0.016491512,-0.004163261,0.718459495,0.454292635,-0.469075688,0.262160709,0.066375815,0.029092983,0.454292635,0.545707365,0.970907017,0.983508488,102,5064,102,5064,6083,6185,8468,6083,3404,0.40198394,0.28579402,-0.28579402,0.083810729,0.003512119,0.003567461,0.73654487,0.271249173,0.431654226,0.364350971,-0.241223367,0.292807497,-0.102512352,0.469075688,-0.064776683,-0.528641041,0.066249807,0.545707365,0.970907017,-0.102512352,0.239268409,[0.7590664],11147,-0.244501748,1.468094572,0.568565225,0.446263299,0.352555791,0.758307191,0.758307191,0.975026851,-305571876,0.366563336,0.897487648,0.717160013,0.736745746,,,,,,,,0.169588983
ce778982-236b-4a5b-81f1-7f51239624ea,AdaBoostClassifier,PREPROCESSING,REWEIGHTER,REWEIGHTER_FAIR_SMOTE,0.666416433,0.961779806,0.554562206,0.961779806,0.573517538,0.414964312,3506,0.333583567,-0.2068952,0.457208829,0.585035688,0.173773568,1.317715464,0.038220194,0.088899401,4.501863354,0.020530106,-0.014548725,0.425641627,0.426482462,-0.367415551,0.327553714,0.067680257,0.038220194,0.426482462,0.573517538,0.961779806,0.979469894,134,4754,134,4754,6393,6527,8126,6393,3372,0.414964312,0.228157476,-0.228157476,0.048732571,0.001187432,0.001206618,0.734904292,0.270042159,0.430805478,0.367913732,-0.38338043,0.33757816,-0.088899401,0.367415551,-0.094161147,-0.451893653,0.067892069,0.573517538,0.961779806,-0.088899401,0.239268409,[0.7590664],11147,-0.244501748,1.468094572,0.579779917,0.459499274,0.333583567,0.767648672,0.767648672,0.942793456,-149322421.2,0.27851615,0.911100599,0.723449903,0.7233298,9.154055357,9.8,0,90.16903338,0,375.7043058,0.032456678,0.053758015
ce778982-236b-4a5b-81f1-7f51239624ea,RandomForestClassifier,PREPROCESSING,REWEIGHTER,REWEIGHTER_FAIR_SMOTE,0.706067017,0.924985739,0.497304306,0.924985739,0.637211806,0.445039111,3506,0.293932983,-0.329398904,0.193118603,0.554960889,-0.02924832,0.948153414,0.075014261,0.405024703,18.20089286,0.035704589,0.008382908,1.325099658,0.362788194,-0.535424385,0.087674257,0.071825684,0.075014261,0.362788194,0.637211806,0.924985739,0.964295411,263,4044,263,4044,7103,7366,7287,7103,3243,0.445039111,0.470224544,-0.470224544,0.128225037,0.00822083,0.008380678,0.739966375,0.273775118,0.433485128,0.379013679,0.601954015,0.125576085,-0.405024703,0.535424385,0.018815614,-0.621207236,0.074569735,0.637211806,0.924985739,-0.405024703,0.239268409,[0.7590664],11147,-0.244501748,1.468094572,0.600945057,0.479715398,0.293932983,0.781098772,0.781098772,1.148390586,-853821547.5,0.130399682,0.594975297,0.728559393,0.687176695,,,,,,,,0.023967203
ce778982-236b-4a5b-81f1-7f51239624ea,BaggingClassifier,PREPROCESSING,REWEIGHTER,REWEIGHTER_FAIR_SMOTE,0.641711595,0.923559612,0.560977274,0.923559612,0.553063605,0.393917275,3506,0.358288405,-0.410380028,0.178569075,0.606082725,-0.036298674,0.940951846,0.076440388,0.351865868,11.39534161,0.04166019,-0.021099147,0.597510844,0.446936395,-0.649876677,0.092188977,0.072926247,0.076440388,0.446936395,0.553063605,0.923559612,0.95833981,268,4982,268,4982,6165,6433,8220,6165,3238,0.393917275,0.500871272,-0.500871272,0.141312179,0.009984566,0.010207774,0.741768344,0.275110138,0.434478824,0.381906394,0.545015797,0.133053116,-0.351865868,0.649876677,0.007599764,-0.689430633,0.077687224,0.553063605,0.923559612,-0.351865868,0.239268409,[0.7590664],11147,-0.244501748,1.468094572,0.552276991,0.409748588,0.358288405,0.738311608,0.738311608,1.108110683,-2590543952,0.298010809,0.648134132,0.691215711,0.677468555,30.79781127,20.1,0,407.8693167,0,1699.455486,0.146814071,0.006801219
ce778982-236b-4a5b-81f1-7f51239624ea,BernoulliNB,PREPROCESSING,REWEIGHTER,REWEIGHTER_FAIR_SMOTE,0.683682522,0.932686823,0.523374053,0.932686823,0.605364672,0.426391968,3506,0.316317478,-0.194943772,0.466007328,0.573608032,0.189206039,1.352499487,0.067313177,0.138620835,3.943526786,0.033791523,-0.025757253,0.400338955,0.394635328,-0.343824712,0.329421513,0.071440827,0.067313177,0.394635328,0.605364672,0.932686823,0.966208477,236,4399,236,4399,6748,6984,7669,6748,3270,0.426391968,0.241222773,-0.241222773,0.049931963,0.0012466,0.00126269,0.73466626,0.269867256,0.430684155,0.377996897,-0.363159002,0.330771668,-0.138620835,0.343824712,-0.107481646,-0.436548314,0.074039822,0.605364672,0.932686823,-0.138620835,0.239268409,[0.7590664],11147,-0.244501748,1.468094572,0.585234899,0.459607719,0.316317478,0.769025747,0.769025747,0.954532271,-385186242.4,0.205203878,0.861379165,0.719195029,0.69412515,,,,,,,,0.180090403
ce778982-236b-4a5b-81f1-7f51239624ea,BaggingClassifier,PREPROCESSING,REWEIGHTER,HYPERPARAMETER_FAIR_SMOTE,0.694260561,0.939247005,0.515935303,0.939247005,0.617206423,0.435582011,3506,0.305739439,-0.354277863,0.168077929,0.564417989,-0.080555808,0.859674102,0.060752995,0.428876275,31.67593985,0.030029607,0.018275287,2.096036314,0.382793577,-0.574613833,0.068877418,0.070310421,0.060752995,0.382793577,0.617206423,0.939247005,0.969970393,213,4267,213,4267,6880,7093,7560,6880,3293,0.435582011,0.501745054,-0.501745054,0.131866004,0.008694322,0.0088852,0.74104662,0.274575047,0.434078509,0.374994457,0.744612964,0.108806909,-0.428876275,0.574613833,0.049415548,-0.654227853,0.071956108,0.617206423,0.939247005,-0.428876275,0.239268409,[0.7590664],11147,-0.244501748,1.468094572,0.595156335,0.475048445,0.305739439,0.778226714,0.778226714,1.168698119,-269118032.8,0.145737559,0.571123725,0.728620423,0.690009145,30.24153852,30.4,0,719.6785474,0,2998.660614,0.259050959,0.115830968
ce778982-236b-4a5b-81f1-7f51239624ea,RandomForestClassifier,PREPROCESSING,REWEIGHTER,HYPERPARAMETER_FAIR_SMOTE,0.674742374,0.954934398,0.542960486,0.954934398,0.586615233,0.42081448,3506,0.325257626,-0.228715257,0.418992749,0.57918552,0.157643972,1.28390268,0.045065602,0.113791654,4.915009042,0.023592653,-0.016713253,0.442115852,0.413384767,-0.3962925,0.296054628,0.068553472,0.045065602,0.413384767,0.586615233,0.954934398,0.976407347,158,4608,158,4608,6539,6697,7956,6539,3348,0.42081448,0.255042077,-0.255042077,0.068045795,0.002315115,0.002347579,0.735416994,0.270419077,0.43106844,0.370279549,-0.308408509,0.313150569,-0.113791654,0.3962925,-0.087178612,-0.475529637,0.069199766,0.586615233,0.954934398,-0.113791654,0.239268409,[0.7590664],11147,-0.244501748,1.468094572,0.584191241,0.463805275,0.325257626,0.770774815,0.770774815,0.967354825,-233688481.4,0.282500846,0.886208346,0.724910685,0.703208869,,,,,,,,0.186965206
ce778982-236b-4a5b-81f1-7f51239624ea,GradientBoostingClassifier,PREPROCESSING,REWEIGHTER,HYPERPARAMETER_FAIR_SMOTE,0.614072204,0.967199087,0.609499761,0.967199087,0.503005293,0.379688725,3506,0.385927796,-0.403357772,0.237330805,0.620311275,0.027366617,1.043763621,0.032800913,0.169588983,93.18857143,0.020097868,0.011297063,4.005018821,0.496994707,-0.651696428,0.157601768,0.066272181,0.032800913,0.496994707,0.503005293,0.967199087,0.979902132,115,5540,115,5540,5607,5722,8931,5607,3391,0.379688725,0.410642706,-0.410642706,0.136957874,0.00937873,0.009573113,0.740485323,0.274159257,0.433769311,0.364066427,0.204205428,0.205055954,-0.169588983,0.651696428,-0.008034777,-0.67158906,0.067532147,0.503005293,0.967199087,-0.169588983,0.239268409,[0.7590664],11147,-0.244501748,1.468094572,0.545308354,0.411194839,0.385927796,0.73510219,0.73510219,1.036966543,-486562445.2,0.482107445,0.830411017,0.697413749,0.684748653,,,,,,,,0.087501314
ce778982-236b-4a5b-81f1-7f51239624ea,XGBClassifier,PREPROCESSING,REWEIGHTER,REWEIGHTER_BAL_GAN_FAIR,0.872722309,0.605533371,0.177779294,0.605533371,0.956759666,0.814971209,3506,0.127277691,-0.098688838,0.398391157,0.185028791,0.292156863,2.752941176,0.394466629,-0.053758015,0.864457991,0.114790837,-0.13595537,0.167241827,0.043240334,-0.012415477,0.778451874,0.070104679,0.394466629,0.043240334,0.956759666,0.605533371,0.885209163,1383,482,1383,482,10665,12048,2605,10665,2123,0.814971209,0.033086746,0.020671269,0.035059186,0.000614573,0.000609126,0.733826263,0.269250492,0.430226505,0.374445402,-0.515712092,0.384015092,0.053758015,0.053758015,-0.214056117,-0.141437207,0.112049676,0.956759666,0.605533371,0.053758015,0.239268409,[0.7590664],11147,-0.244501748,1.468094572,0.694812633,0.627460396,0.127277691,0.781146519,0.781146519,0.764999229,-273740463.2,-0.041342539,0.946241985,0.647108131,0.647099094,31.45730782,51.2,0,1298.533666,0,5410.556943,0.467412003,0.043592978
ce778982-236b-4a5b-81f1-7f51239624ea,GradientBoostingClassifier,PREPROCESSING,REWEIGHTER,REWEIGHTER_BAL_GAN_FAIR,0.864055142,0.548488306,0.159148297,0.548488306,0.963308514,0.824614065,3506,0.135944858,-0.113818139,0.353522021,0.175385935,0.270676692,2.714285714,0.451511694,-0.023967203,0.947038328,0.128479831,-0.147218967,0.185627762,0.036691486,-0.014110816,0.70397633,0.076535594,0.451511694,0.036691486,0.963308514,0.548488306,0.871520169,1583,409,1583,409,10738,12321,2332,10738,1923,0.824614065,0.019039009,0.004928194,0.041354402,0.000855093,0.000848257,0.734084981,0.269440379,0.430344658,0.39124313,-0.430514139,0.352221573,0.023967203,0.023967203,-0.208947829,-0.1335462,0.125577193,0.963308514,0.548488306,0.023967203,0.239268409,[0.7590664],11147,-0.244501748,1.468094572,0.658787256,0.596891353,0.135944858,0.75589841,0.75589841,0.752173196,-194489942.7,-0.009856387,0.976032797,0.598599222,0.721036406,,,,,,,,0.056701356
ce778982-236b-4a5b-81f1-7f51239624ea,AdaBoostClassifier,PREPROCESSING,REWEIGHTER,REWEIGHTER_BAL_GAN_FAIR,0.85620692,0.537079293,0.161536887,0.537079293,0.956580246,0.795521757,3506,0.14379308,-0.112973716,0.380883812,0.204478243,0.307292964,2.784936028,0.462920707,-0.006801219,0.985340433,0.132101579,-0.14922698,0.193984964,0.043419754,-0.012618436,0.7562518,0.080974764,0.462920707,0.043419754,0.956580246,0.537079293,0.867898421,1623,484,1623,484,10663,12286,2367,10663,1883,0.795521757,0.009709828,-0.002908608,0.045099596,0.001016987,0.001009271,0.734190557,0.269517887,0.430392747,0.402429531,-0.476155094,0.368777702,0.006801219,0.012618436,-0.228259972,-0.129617459,0.130568639,0.956580246,0.537079293,0.006801219,0.239268409,[0.7590664],11147,-0.244501748,1.468094572,0.641239571,0.572279389,0.14379308,0.746829769,0.746829769,0.749002004,-146118952.8,0.005817216,0.993198781,0.584555685,0.733291993,9.244427919,10.1,0,93.84214504,0,391.0089377,0.033778828,0.03652896
ce778982-236b-4a5b-81f1-7f51239624ea,RandomForestClassifier,PREPROCESSING,REWEIGHTER,REWEIGHTER_BAL_GAN_FAIR,0.853272367,0.62150599,0.204872722,0.62150599,0.926168476,0.725849434,3506,0.146727633,-0.13694701,0.286460291,0.274150566,0.043532039,1.157944016,0.37849401,0.180090403,1.496435816,0.113895803,-0.118107449,0.259732216,0.073831524,-0.09581331,0.149020786,0.078049049,0.37849401,0.073831524,0.926168476,0.62150599,0.886104197,1327,823,1327,823,10324,11651,3002,10324,2179,0.725849434,0.137951856,-0.137951856,0.004938549,1.22E-05,1.22E-05,0.732659576,0.268395027,0.429685818,0.395092518,0.266723525,0.174772357,-0.180090403,0.180090403,-0.080819744,-0.230208761,0.115637248,0.926168476,0.62150599,-0.180090403,0.239268409,[0.7590664],11147,-0.244501748,1.468094572,0.669637369,0.578922601,0.146727633,0.773837233,0.773837233,0.880589515,-633079560.9,-0.084277093,0.819909597,0.644674556,0.706144663,,,,,,,,0.037086093
ce778982-236b-4a5b-81f1-7f51239624ea,BaggingClassifier,PREPROCESSING,REWEIGHTER,REWEIGHTER_BAL_GAN_FAIR,0.85040606,0.592127781,0.193680475,0.592127781,0.9316408,0.731501057,3506,0.14959394,-0.131552359,0.321170819,0.268498943,0.15260919,1.584297816,0.407872219,0.115830968,1.290700435,0.121032586,-0.130601484,0.233274018,0.0683592,-0.071907139,0.271846915,0.080972276,0.407872219,0.0683592,0.9316408,0.592127781,0.878967414,1430,762,1430,762,10385,11815,2838,10385,2076,0.731501057,0.093869053,-0.093869053,0.017997041,0.000161947,0.000161167,0.732868673,0.268548246,0.429784158,0.40242335,-0.018919329,0.233024208,-0.115830968,0.115830968,-0.141605337,-0.198030268,0.122194718,0.9316408,0.592127781,-0.115830968,0.239268409,[0.7590664],11147,-0.244501748,1.468094572,0.654476671,0.565459287,0.14959394,0.761884291,0.761884291,0.833401648,-1336261403,-0.043923829,0.884169032,0.621743037,0.691949913,30.99977708,20.4,0,413.6225853,0,1723.427439,0.148884982,0.066025439
ce778982-236b-4a5b-81f1-7f51239624ea,BernoulliNB,PREPROCESSING,REWEIGHTER,REWEIGHTER_BAL_GAN_FAIR,0.822084215,0.673702225,0.261038695,0.673702225,0.868753925,0.61751634,3506,0.177915785,-0.141802232,0.360322669,0.38248366,0.180910344,1.497836001,0.326297775,0.186965206,1.625826882,0.105652013,-0.107179913,0.263864073,0.131246075,-0.137789145,0.258750123,0.084980542,0.326297775,0.131246075,0.868753925,0.673702225,0.894347987,1144,1463,1144,1463,9684,10828,3825,9684,2362,0.61751634,0.162377175,-0.162377175,0.014327697,0.000102641,0.00010302,0.732685574,0.268414075,0.429698386,0.412263368,-0.023447297,0.234600945,-0.186965206,0.186965206,-0.144045128,-0.267367258,0.113926076,0.868753925,0.673702225,-0.186965206,0.239268409,[0.7590664],11147,-0.244501748,1.468094572,0.64438685,0.526938281,0.177915785,0.771228075,0.771228075,0.896457911,-303088870,-0.04917606,0.813034794,0.658718539,0.705368175,,,,,,,,0.056848523
ce778982-236b-4a5b-81f1-7f51239624ea,BaggingClassifier,PREPROCESSING,REWEIGHTER,HYPERPARAMETER_BAL_GAN_FAIR,0.866238995,0.559897319,0.162424077,0.559897319,0.962590832,0.824789916,3506,0.133761005,-0.126007511,0.274674027,0.175210084,0.052921906,1.303536889,0.440102681,0.087501314,1.205024631,0.125723132,-0.134418338,0.225472264,0.037409168,-0.045024808,0.198996349,0.075013785,0.440102681,0.037409168,0.962590832,0.559897319,0.874276868,1543,417,1543,417,10730,12273,2380,10730,1963,0.824789916,0.066263061,-0.066263061,0.027927308,0.000389967,0.000387578,0.733201951,0.26879255,0.429939224,0.387333925,0.095296465,0.207317154,-0.087501314,0.087501314,-0.093670122,-0.174517855,0.122693026,0.962590832,0.559897319,-0.087501314,0.239268409,[0.7590664],11147,-0.244501748,1.468094572,0.667006456,0.604362566,0.133761005,0.761244075,0.761244075,0.811686438,-173776917.2,-0.042476506,0.912498686,0.608776555,0.687926675,30.0772562,30.7,0,723.9004172,0,3016.251738,0.260570636,0.000115631
ce778982-236b-4a5b-81f1-7f51239624ea,RandomForestClassifier,PREPROCESSING,REWEIGHTER,HYPERPARAMETER_BAL_GAN_FAIR,0.857298847,0.501140901,0.143247117,0.501140901,0.969319099,0.837065269,3506,0.142701153,-0.130555439,0.304110284,0.162934731,0.191231579,2.22814863,0.498859099,0.043592978,1.087314454,0.139318146,-0.153469227,0.212975424,0.030680901,-0.023868331,0.443420947,0.081672014,0.498859099,0.030680901,0.969319099,0.501140901,0.860681854,1749,342,1749,342,10805,12554,2099,10805,1757,0.837065269,0.033730655,-0.033730655,0.044586909,0.000993996,0.000986883,0.734047335,0.269412745,0.430327494,0.404158419,-0.168654448,0.270262322,-0.043592978,0.043592978,-0.172350403,-0.137246195,0.136742366,0.969319099,0.501140901,-0.043592978,0.239268409,[0.7590664],11147,-0.244501748,1.468094572,0.626940232,0.572941631,0.142701153,0.73523,0.73523,0.760029789,-170516191.3,-0.019724647,0.956407022,0.557026234,0.723076307,,,,,,,,0.112961211
ce778982-236b-4a5b-81f1-7f51239624ea,GradientBoostingClassifier,PREPROCESSING,REWEIGHTER,HYPERPARAMETER_BAL_GAN_FAIR,0.872722309,0.602681118,0.176414386,0.602681118,0.957656769,0.817408124,3506,0.127277691,-0.099259493,0.393186083,0.182591876,0.290163293,2.788728149,0.397318882,-0.056701356,0.858089976,0.115429234,-0.136701303,0.166323456,0.042343231,-0.011483814,0.787295047,0.070212413,0.397318882,0.042343231,0.957656769,0.602681118,0.884570766,1393,472,1393,472,10675,12068,2585,10675,2113,0.817408124,0.034092585,0.022608771,0.036207495,0.000655491,0.000649855,0.733862125,0.26927681,0.430242911,0.374733007,-0.514159236,0.383393543,0.056701356,0.056701356,-0.213432298,-0.140141101,0.1125663,0.957656769,0.602681118,0.056701356,0.239268409,[0.7590664],11147,-0.244501748,1.468094572,0.69381054,0.627172518,0.127277691,0.780168943,0.780168943,0.762530282,-234717902,-0.045217542,0.943298644,0.64504312,0.694921842,,,,,,,,0.014170083
ce778982-236b-4a5b-81f1-7f51239624ea,XGBClassifier,PREPROCESSING,REWEIGHTER,REWEIGHTER_DEMV,0.870401965,0.618938962,0.186514707,0.618938962,0.949493137,0.793999268,3506,0.129598035,-0.102617579,0.377540503,0.206000732,0.265224761,2.539540816,0.381061038,-0.03652896,0.907209613,0.112080537,-0.134333439,0.173912124,0.050506863,-0.019452538,0.66805917,0.070666743,0.381061038,0.050506863,0.949493137,0.618938962,0.887919463,1336,563,1336,563,10584,11920,2733,10584,2170,0.793999268,0.027990749,0.008538211,0.04114346,0.000846392,0.000841268,0.733647794,0.269119543,0.430144721,0.375943462,-0.443836609,0.357250782,0.03652896,0.03652896,-0.1997791,-0.149307396,0.110426954,0.949493137,0.618938962,0.03652896,0.239268409,[0.7590664],11147,-0.244501748,1.468094572,0.695624299,0.622594969,0.129598035,0.784216049,0.784216049,0.777520247,-274069321.7,-0.017076422,0.96347104,0.655044902,0.662827748,31.32545757,51.6,0,1303.502537,0,5431.26057,0.469200566,0.049784505
ce778982-236b-4a5b-81f1-7f51239624ea,GradientBoostingClassifier,PREPROCESSING,REWEIGHTER,REWEIGHTER_DEMV,0.863509179,0.581574444,0.175527196,0.581574444,0.952184444,0.792768274,3506,0.136490821,-0.100540591,0.422817547,0.207231726,0.339669819,3.043587271,0.418425556,-0.037086093,0.915151515,0.121430345,-0.144511416,0.180615407,0.047815556,-0.004011595,0.923016834,0.075536631,0.418425556,0.047815556,0.952184444,0.581574444,0.878569655,1467,533,1467,533,10614,12081,2572,10614,2039,0.792768274,0.020548844,0.016537249,0.052419481,0.001373901,0.00136129,0.734258964,0.269568113,0.430423869,0.388681441,-0.585667,0.411848339,0.037086093,0.037086093,-0.242090617,-0.125919764,0.119722598,0.952184444,0.581574444,0.037086093,0.239268409,[0.7590664],11147,-0.244501748,1.468094572,0.67094439,0.598608876,0.136490821,0.766879444,0.766879444,0.754197368,-190570427.9,-0.033074498,0.962913907,0.623071047,0.746026273,,,,,,,,0.010101966
ce778982-236b-4a5b-81f1-7f51239624ea,AdaBoostClassifier,PREPROCESSING,REWEIGHTER,REWEIGHTER_DEMV,0.85531973,0.575014261,0.180577356,0.575014261,0.943482551,0.761904762,3506,0.14468027,-0.111586354,0.38731157,0.238095238,0.292685612,2.495686422,0.424985739,-0.066025439,0.849068845,0.124094278,-0.148648113,0.16612034,0.056517449,-0.016577284,0.739175146,0.079698455,0.424985739,0.056517449,0.943482551,0.575014261,0.875905722,1490,630,1490,630,10517,12007,2646,10517,2016,0.761904762,0.041301362,0.024724077,0.048211557,0.001162177,0.001152702,0.734060117,0.269422128,0.430333323,0.399245427,-0.561968913,0.402226607,0.066025439,0.066025439,-0.220666863,-0.132582805,0.123803345,0.943482551,0.575014261,0.066025439,0.239268409,[0.7590664],11147,-0.244501748,1.468094572,0.655396619,0.575067564,0.14468027,0.759248406,0.759248406,0.74047669,-146405226,-0.049448154,0.933974561,0.612579763,0.721913243,18.54287791,10.5,0,195.0283331,0,812.6180544,0.070201171,0.170776832
ce778982-236b-4a5b-81f1-7f51239624ea,RandomForestClassifier,PREPROCESSING,REWEIGHTER,REWEIGHTER_DEMV,0.852999386,0.596120936,0.192998021,0.596120936,0.933793846,0.73903819,3506,0.147000614,-0.132668252,0.304526248,0.26096181,0.135833568,1.540602701,0.403879064,0.056848523,1.142016807,0.1197463,-0.134682806,0.208490935,0.066206154,-0.06661071,0.28725323,0.079628209,0.403879064,0.066206154,0.933793846,0.596120936,0.8802537,1416,738,1416,738,10409,11825,2828,10409,2090,0.73903819,0.061729616,-0.061729616,0.022050064,0.000243103,0.000242088,0.732961042,0.268615945,0.429827295,0.39906944,-0.101456675,0.253214005,-0.056848523,0.06661071,-0.135258187,-0.18968068,0.12058332,0.933793846,0.596120936,-0.056848523,0.239268409,[0.7590664],11147,-0.244501748,1.468094572,0.659930534,0.572862921,0.147000614,0.764957391,0.764957391,0.812177917,-605264899.9,0.009762187,0.943151477,0.626404915,0.698536026,,,,,,,,0.195542941
ce778982-236b-4a5b-81f1-7f51239624ea,BaggingClassifier,PREPROCESSING,REWEIGHTER,REWEIGHTER_DEMV,0.8453559,0.56046777,0.183580154,0.56046777,0.934960079,0.730483271,3506,0.1546441,-0.134273951,0.327374615,0.269516729,0.199838317,1.796594161,0.43953223,-0.000115631,0.999738965,0.128813843,-0.149102348,0.188853504,0.065039921,-0.050828062,0.413221609,0.08497181,0.43953223,0.065039921,0.934960079,0.56046777,0.871186157,1541,725,1541,725,10422,11963,2690,10422,1965,0.730483271,0.025471846,-0.025356215,0.033003515,0.000544616,0.000541798,0.733390524,0.26893083,0.430026369,0.412242186,-0.310325187,0.312353586,0.000115631,0.050828062,-0.174470333,-0.162143671,0.129934862,0.934960079,0.56046777,0.000115631,0.239268409,[0.7590664],11147,-0.244501748,1.468094572,0.634280181,0.545970503,0.1546441,0.747713924,0.747713924,0.766673119,-1338464609,0.05071243,0.999884369,0.595093882,0.700279312,26.89500117,20.9,3,475.06138,80.77876353,14096.23695,1.217758247,0.191191002
ce778982-236b-4a5b-81f1-7f51239624ea,BernoulliNB,PREPROCESSING,REWEIGHTER,REWEIGHTER_DEMV,0.820446325,0.680262407,0.265815874,0.680262407,0.864537544,0.612323492,3506,0.179553675,-0.123183165,0.431140676,0.387676508,0.244837581,1.693194925,0.319737593,0.112961211,1.374882261,0.104201524,-0.111698923,0.231473219,0.135462456,-0.108941437,0.385116463,0.084859062,0.319737593,0.135462456,0.864537544,0.680262407,0.895798476,1121,1510,1121,1510,9637,10758,3895,9637,2385,0.612323492,0.110951324,-0.110951324,0.005597561,1.57E-05,1.57E-05,0.732644043,0.268383647,0.429678447,0.411968595,-0.29711195,0.308886254,-0.112961211,0.112961211,-0.178268252,-0.236741332,0.112962777,0.864537544,0.680262407,-0.112961211,0.239268409,[0.7590664],11147,-0.244501748,1.468094572,0.644507499,0.526141448,0.179553675,0.772399976,0.772399976,0.858098775,-291237086.5,-0.004019774,0.887038789,0.661902449,0.690345096,,,,,,,,0.210196573
ce778982-236b-4a5b-81f1-7f51239624ea,BaggingClassifier,PREPROCESSING,REWEIGHTER,HYPERPARAMETER_DEMV,0.863782161,0.557900742,0.163925476,0.557900742,0.959989235,0.814321399,3506,0.136217839,-0.120729532,0.312899853,0.185678601,0.189632644,2.140307554,0.442099258,0.014170083,1.031988609,0.126520284,-0.142879226,0.198381087,0.040010765,-0.028107538,0.455253567,0.076340762,0.442099258,0.040010765,0.959989235,0.557900742,0.873479716,1550,446,1550,446,10701,12251,2402,10701,1956,0.814321399,0.021138811,-0.021138811,0.040434143,0.00081746,0.000811445,0.733664098,0.269131504,0.430152202,0.390744832,-0.233532288,0.288862143,-0.014170083,0.028107538,-0.166255935,-0.150673941,0.123965775,0.959989235,0.557900742,-0.014170083,0.239268409,[0.7590664],11147,-0.244501748,1.468094572,0.662153013,0.596829375,0.136217839,0.758944988,0.758944988,0.774988183,-176438754.5,0.013937455,0.985829917,0.605572755,0.676615394,25.71447325,31.1,3,737.6672756,80.77876353,15190.42818,1.312284212,0.106265111
ce778982-236b-4a5b-81f1-7f51239624ea,RandomForestClassifier,PREPROCESSING,REWEIGHTER,HYPERPARAMETER_DEMV,0.856616393,0.525385054,0.155531291,0.525385054,0.960796627,0.808249232,3506,0.143383607,-0.122360648,0.344529305,0.191750768,0.283710801,2.782703886,0.474614946,-0.049784505,0.898943775,0.134475513,-0.158514401,0.179489686,0.039203373,-0.009916901,0.777610635,0.081218335,0.474614946,0.039203373,0.960796627,0.525385054,0.865524487,1664,437,1664,437,10710,12374,2279,10710,1842,0.808249232,0.029850703,0.019933802,0.057241113,0.001638273,0.001622122,0.734552714,0.269783845,0.430557202,0.403034328,-0.505079184,0.379497267,0.049784505,0.049784505,-0.221112601,-0.118728793,0.132574166,0.960796627,0.525385054,0.049784505,0.239268409,[0.7590664],11147,-0.244501748,1.468094572,0.63681936,0.572342939,0.143383607,0.743090841,0.743090841,0.728278215,-166196900.7,-0.039867604,0.950215495,0.575759944,0.632630066,,,,,,,,0.454052349
ce778982-236b-4a5b-81f1-7f51239624ea,GradientBoostingClassifier,PREPROCESSING,REWEIGHTER,HYPERPARAMETER_DEMV,0.872722309,0.629492299,0.189244523,0.629492299,0.949224006,0.795888929,3506,0.127277691,-0.095201371,0.410851296,0.204111071,0.291901574,2.701920381,0.370507701,-0.010101966,0.973522524,0.109343434,-0.129035758,0.185967283,0.050775994,-0.016951096,0.7149001,0.069131067,0.370507701,0.050775994,0.949224006,0.629492299,0.890656566,1299,566,1299,566,10581,11880,2773,10581,2207,0.795888929,0.013526531,-0.003424565,0.039308349,0.000772573,0.000767605,0.733589788,0.269076988,0.430118086,0.371836166,-0.449476384,0.359324034,0.010101966,0.016951096,-0.210468666,-0.151666262,0.107686441,0.949224006,0.629492299,0.010101966,0.239268409,[0.7590664],11147,-0.244501748,1.468094572,0.702978181,0.630329336,0.127277691,0.789358153,0.789358153,0.792061361,-230407793.6,0.00684913,0.989898034,0.664208863,0.646772903,,,,,,,,0.185293808
ce778982-236b-4a5b-81f1-7f51239624ea,XGBClassifier,PREPROCESSING,DIR,DIR,0.862485498,0.660296634,0.214222344,0.660296634,0.926078766,0.737496018,3506,0.137514502,-0.129753739,0.273124644,0.262503982,-0.000466748,0.998243808,0.339703366,0.170776832,1.542256342,0.103439291,-0.104680801,0.261975895,0.073921234,-0.100613235,0.12627706,0.072005329,0.339703366,0.073921234,0.926078766,0.660296634,0.896560709,1191,824,1191,824,10323,11514,3139,10323,2315,0.737496018,0.135695033,-0.135695033,0.006015526,1.81E-05,1.81E-05,0.732638623,0.268379676,0.429675868,0.379487363,0.284344961,0.17179135,-0.170776832,0.170776832,-0.052107026,-0.245051585,0.105324915,0.926078766,0.660296634,-0.170776832,0.239268409,[0.7590664],11147,-0.244501748,1.468094572,0.696764485,0.609750167,0.137514502,0.7931877,0.7931877,0.900819331,-266710098.3,-0.070163597,0.829223168,0.678040565,0.667095662,26.57270026,20.5,0,2143.340729,0,8930.586369,0.771503434,0.127415116
ce778982-236b-4a5b-81f1-7f51239624ea,GradientBoostingClassifier,PREPROCESSING,DIR,DIR,0.865556541,0.624358243,0.193953457,0.624358243,0.941419216,0.770232231,3506,0.134443459,-0.120587444,0.304939489,0.229767769,0.05453412,1.232698997,0.375641757,0.195542941,1.563014528,0.111506223,-0.109594104,0.273939064,0.058580784,-0.07823155,0.156741691,0.072628151,0.375641757,0.058580784,0.941419216,0.624358243,0.888493777,1317,653,1317,653,10494,11811,2842,10494,2189,0.770232231,0.136887246,-0.136887246,0.006136693,1.88E-05,1.87E-05,0.732684001,0.268412923,0.429697378,0.381125049,0.278309145,0.172679563,-0.195542941,0.195542941,-0.082064112,-0.223649685,0.111085361,0.941419216,0.624358243,-0.195542941,0.239268409,[0.7590664],11147,-0.244501748,1.468094572,0.689666037,0.610485321,0.134443459,0.782888729,0.782888729,0.890056211,-195522924.4,-0.117311391,0.804457059,0.655389222,0.720465788,,,,,,,,0.185798381
ce778982-236b-4a5b-81f1-7f51239624ea,AdaBoostClassifier,PREPROCESSING,DIR,DIR,0.862280762,0.628921848,0.199413089,0.628921848,0.935677761,0.754620123,3506,0.137719238,-0.130182304,0.259593543,0.245379877,-0.071758678,0.709194915,0.371078152,0.191191002,1.566692631,0.110902736,-0.108338587,0.269866448,0.064322239,-0.092973029,0.077676032,0.073833425,0.371078152,0.064322239,0.935677761,0.628921848,0.889097264,1301,717,1301,717,10430,11731,2922,10430,2205,0.754620123,0.142082016,-0.142082016,0.004194971,8.80E-06,8.80E-06,0.732643679,0.26838338,0.429678274,0.384274446,0.426151262,0.148742431,-0.191191002,0.191191002,-0.018289954,-0.237470172,0.11132117,0.935677761,0.628921848,-0.191191002,0.239268409,[0.7590664],11147,-0.244501748,1.468094572,0.686060983,0.602861995,0.137719238,0.782299805,0.782299805,0.893450538,-145714048.5,-0.098217972,0.808808998,0.65625,0.73364593,21.15006304,10,0,211.8131495,0,882.5547894,0.076242928,0.22743614
ce778982-236b-4a5b-81f1-7f51239624ea,RandomForestClassifier,PREPROCESSING,DIR,DIR,0.846720808,0.63491158,0.21783935,0.63491158,0.913339912,0.697368421,3506,0.153279192,-0.149872241,0.260900472,0.302631579,-0.030268754,0.902150066,0.36508842,0.210196573,1.605847599,0.111683099,-0.1147952,0.269474026,0.086660088,-0.122404962,0.098822338,0.079793136,0.36508842,0.086660088,0.913339912,0.63491158,0.888316901,1280,966,1280,966,10181,11461,3192,10181,2226,0.697368421,0.166300767,-0.166300767,0.007913182,3.13E-05,3.13E-05,0.732650004,0.268388014,0.429681309,0.399482505,0.426871947,0.148761241,-0.210196573,0.210196573,-0.042263223,-0.255242517,0.115054864,0.913339912,0.63491158,-0.210196573,0.239268409,[0.7590664],11147,-0.244501748,1.468094572,0.664676023,0.566659379,0.153279192,0.774125746,0.774125746,0.902863452,-568450281.2,-0.087791611,0.789803427,0.649452954,0.733730476,,,,,,,,0.206590981
ce778982-236b-4a5b-81f1-7f51239624ea,BaggingClassifier,PREPROCESSING,DIR,DIR,0.837439432,0.578722191,0.200232034,0.578722191,0.918812236,0.691547376,3506,0.162560568,-0.155769407,0.271631432,0.308452624,0.060040323,1.193472478,0.421277809,0.106265111,1.260440551,0.126034645,-0.138220901,0.222523014,0.081187764,-0.101325885,0.180855797,0.087192885,0.421277809,0.081187764,0.918812236,0.578722191,0.873965355,1477,905,1477,905,10242,11719,2934,10242,2029,0.691547376,0.103795498,-0.103795498,0.008655293,3.75E-05,3.73E-05,0.732721899,0.268440691,0.429715263,0.417595223,0.104701037,0.205794367,-0.106265111,0.106265111,-0.099130612,-0.216180346,0.128917251,0.918812236,0.578722191,-0.106265111,0.239268409,[0.7590664],11147,-0.244501748,1.468094572,0.630124224,0.53043572,0.162560568,0.748767214,0.748767214,0.826485879,-1231858482,-0.004939226,0.893734889,0.60333036,0.714346468,27.8061657,20.2,0,495.9141621,0,2066.309009,0.178506139,0.214495953
ce778982-236b-4a5b-81f1-7f51239624ea,BernoulliNB,PREPROCESSING,DIR,DIR,0.806046543,0.735596121,0.306694875,0.735596121,0.828204898,0.573876279,3506,0.193953457,-0.187035337,0.264979424,0.426123721,0.012611453,1.029380273,0.264403879,0.454052349,3.235714286,0.091249139,-0.065632178,0.432138979,0.171795102,-0.257066014,0.076361337,0.083117102,0.264403879,0.171795102,0.828204898,0.735596121,0.908750861,927,1915,927,1915,9232,10159,4494,9232,2579,0.573876279,0.355559182,-0.355559182,0.065317381,0.00213318,0.002153237,0.734462573,0.269717636,0.430580741,0.407718289,0.816587669,0.100742132,-0.454052349,0.454052349,-0.039121816,-0.398166329,0.104479854,0.828204898,0.735596121,-0.454052349,0.239268409,[0.7590664],11147,-0.244501748,1.468094572,0.64475,0.521637493,0.193953457,0.78190051,0.78190051,1.059912415,-329977952.5,-0.196986335,0.545947651,0.687183586,0.712132242,,,,,,,,0.228045832
ce778982-236b-4a5b-81f1-7f51239624ea,BaggingClassifier,PREPROCESSING,DIR,HYPERPARAMETER,0.851975705,0.543069025,0.168634409,0.543069025,0.949134296,0.770538244,3506,0.148024295,-0.135650904,0.284514523,0.229461756,0.021755346,1.095315904,0.456930975,0.185293808,1.431928449,0.1315055,-0.131407696,0.260690838,0.050865704,-0.068354208,0.128372154,0.082801684,0.456930975,0.050865704,0.949134296,0.543069025,0.8684945,1602,567,1602,567,10580,12182,2471,10580,1904,0.770538244,0.126824008,-0.126824008,0.016478406,0.000135769,0.000135152,0.732888373,0.268562684,0.42979337,0.406943937,0.357100904,0.159164017,-0.185293808,0.185293808,-0.076581521,-0.197284,0.130972495,0.949134296,0.543069025,-0.185293808,0.239268409,[0.7590664],11147,-0.244501748,1.468094572,0.637108918,0.560833343,0.148024295,0.74610166,0.74610166,0.840725264,-177824076.5,-0.1169396,0.814706192,0.58634229,0.693135145,26.45118451,30.3,0,763.6292607,0,3181.788586,0.274871181,0.159981079
ce778982-236b-4a5b-81f1-7f51239624ea,RandomForestClassifier,PREPROCESSING,DIR,HYPERPARAMETER,0.857913055,0.551625784,0.166791783,0.551625784,0.95424778,0.791325696,3506,0.142086945,-0.13421271,0.274692852,0.208674304,0.031504065,1.148325359,0.448374216,0.127415116,1.296501957,0.128757474,-0.134635772,0.238869863,0.04575222,-0.060230685,0.156626313,0.079526994,0.448374216,0.04575222,0.95424778,0.551625784,0.871242526,1572,510,1572,510,10637,12209,2444,10637,1934,0.791325696,0.093822901,-0.093822901,0.020422682,0.000208543,0.000207508,0.733011173,0.26865269,0.429850651,0.398815731,0.207110856,0.185230809,-0.127415116,0.127415116,-0.083069918,-0.18708036,0.127257748,0.95424778,0.551625784,-0.127415116,0.239268409,[0.7590664],11147,-0.244501748,1.468094572,0.650084034,0.578943648,0.142086945,0.752936782,0.752936782,0.823579495,-172298730.7,-0.067184431,0.872584884,0.596821478,0.630230845,,,,,,,,0.472942289
ce778982-236b-4a5b-81f1-7f51239624ea,GradientBoostingClassifier,PREPROCESSING,DIR,HYPERPARAMETER,0.865556541,0.661722761,0.211833754,0.661722761,0.929667175,0.74742268,3506,0.134443459,-0.126020219,0.278959082,0.25257732,-0.00145916,0.994317431,0.338277239,0.185798381,1.591334895,0.102692874,-0.102686424,0.270974489,0.070332825,-0.096606226,0.121993414,0.070669813,0.338277239,0.070332825,0.929667175,0.661722761,0.897307126,1186,784,1186,784,10363,11549,3104,10363,2320,0.74742268,0.141202304,-0.141202304,0.005875365,1.73E-05,1.73E-05,0.732638634,0.268379684,0.429675873,0.375951626,0.314487706,0.166619101,-0.185798381,0.185798381,-0.050613632,-0.243859444,0.104083172,0.929667175,0.661722761,-0.185798381,0.239268409,[0.7590664],11147,-0.244501748,1.468094572,0.701966717,0.617484185,0.134443459,0.795694968,0.795694968,0.90804893,-231119364.8,-0.089192155,0.814201619,0.681250918,0.713993987,,,,,,,,0.309723536
ce778982-236b-4a5b-81f1-7f51239624ea,XGBClassifier,PREPROCESSING,DIR,DIR_SMOTE,0.864396369,0.715059897,0.23851771,0.715059897,0.911366287,0.717310443,3506,0.135603631,-0.115180085,0.339217867,0.282689557,0.107779226,1.382126348,0.284940103,0.22743614,1.880586081,0.089532174,-0.084242496,0.308419512,0.088633713,-0.109588154,0.190126941,0.067903445,0.284940103,0.088633713,0.911366287,0.715059897,0.910467826,999,988,999,988,10159,11158,3495,10159,2507,0.717310443,0.168512147,-0.168512147,0.015854809,0.000125687,0.000126227,0.732683603,0.268412631,0.429697438,0.368519865,0.202206673,0.186813978,-0.22743614,0.22743614,-0.096010861,-0.266413061,0.094294133,0.911366287,0.715059897,-0.22743614,0.239268409,[0.7590664],11147,-0.244501748,1.468094572,0.716183402,0.627101862,0.135603631,0.813213092,0.813213092,0.950249376,-266493645.3,-0.117847986,0.77256386,0.715621209,0.744236739,27.80796409,20.3,0,2227.813856,0,9282.557733,0.801909849,0.216346053
ce778982-236b-4a5b-81f1-7f51239624ea,GradientBoostingClassifier,PREPROCESSING,DIR,DIR_SMOTE,0.849177643,0.719338277,0.255783799,0.719338277,0.890015251,0.672892209,3506,0.150822357,-0.132693668,0.311967679,0.327107791,0.083219093,1.257619599,0.280661723,0.206590981,1.824543738,0.090233838,-0.086882416,0.290396476,0.109984749,-0.136985909,0.175124976,0.072848681,0.280661723,0.109984749,0.890015251,0.719338277,0.909766162,984,1226,984,1226,9921,10905,3748,9921,2522,0.672892209,0.171788445,-0.171788445,0.025690534,0.000330002,0.000332149,0.732783623,0.268485919,0.429745733,0.381703238,0.19064118,0.189109021,-0.206590981,0.206590981,-0.085050755,-0.284677512,0.097724702,0.890015251,0.719338277,-0.206590981,0.239268409,[0.7590664],11147,-0.244501748,1.468094572,0.695340502,0.595856471,0.150822357,0.804676764,0.804676764,0.942910934,-190075654.5,-0.069605072,0.793409019,0.707135847,0.734480145,,,,,,,,0.226763376
ce778982-236b-4a5b-81f1-7f51239624ea,AdaBoostClassifier,PREPROCESSING,DIR,DIR_SMOTE,0.848222207,0.683685111,0.239677882,0.683685111,0.899973087,0.682517084,3506,0.151777793,-0.132589703,0.315817972,0.317482916,0.093726955,1.299396725,0.316314889,0.214495953,1.75128866,0.099542231,-0.09642346,0.286267586,0.100026913,-0.124358873,0.177545217,0.075826702,0.316314889,0.100026913,0.899973087,0.683685111,0.900457769,1109,1115,1109,1115,10032,11141,3512,10032,2397,0.682517084,0.169427413,-0.169427413,0.019202768,0.000184373,0.000185304,0.732692956,0.268419484,0.429701938,0.38942702,0.208949069,0.185558419,-0.214495953,0.214495953,-0.095075207,-0.268629839,0.105035608,0.899973087,0.683685111,-0.214495953,0.239268409,[0.7590664],11147,-0.244501748,1.468094572,0.683100598,0.583316425,0.151777793,0.791829099,0.791829099,0.925986655,-146895363.6,-0.09013708,0.785504047,0.68339273,0.742951207,21.07433987,9.9,0,209.0999753,0,871.2498969,0.075266311,0.281467466
ce778982-236b-4a5b-81f1-7f51239624ea,RandomForestClassifier,PREPROCESSING,DIR,DIR_SMOTE,0.845765372,0.689674843,0.245001024,0.689674843,0.894859603,0.673537604,3506,0.154234628,-0.139110655,0.301921881,0.326462396,0.068815331,1.212365591,0.310325157,0.228045832,1.796694822,0.098345837,-0.096819709,0.290528068,0.105140397,-0.134284374,0.154874793,0.076224447,0.310325157,0.105140397,0.894859603,0.689674843,0.901654163,1088,1172,1088,1172,9975,11063,3590,9975,2418,0.673537604,0.181165103,-0.181165103,0.021157941,0.000223829,0.000224607,0.732734952,0.268450255,0.429722189,0.390447043,0.275778045,0.173484465,-0.228045832,0.228045832,-0.08281752,-0.27675879,0.104532583,0.894859603,0.689674843,-0.228045832,0.239268409,[0.7590664],11147,-0.244501748,1.468094572,0.68151071,0.57984429,0.154234628,0.792267223,0.792267223,0.935798397,-534468867.4,-0.093761458,0.771954168,0.685568472,0.73827508,,,,,,,,0.314947966
ce778982-236b-4a5b-81f1-7f51239624ea,BaggingClassifier,PREPROCESSING,DIR,DIR_SMOTE,0.83866785,0.625499144,0.221388112,0.625499144,0.905714542,0.676017263,3506,0.16133215,-0.150765197,0.281707334,0.323982737,0.059162836,1.183362331,0.374500856,0.159981079,1.451535381,0.115084582,-0.121432829,0.245931135,0.094285458,-0.119342802,0.164457628,0.083464271,0.374500856,0.094285458,0.905714542,0.625499144,0.884915418,1313,1051,1313,1051,10096,11409,3244,10096,2193,0.676017263,0.13966194,-0.13966194,0.0152473,0.00011624,0.00011572,0.732638647,0.268379694,0.429675879,0.408568894,0.19138629,0.188733823,-0.159981079,0.159981079,-0.090297833,-0.245244506,0.119285593,0.905714542,0.625499144,-0.159981079,0.239268409,[0.7590664],11147,-0.244501748,1.468094572,0.649777778,0.545870971,0.16133215,0.765606843,0.765606843,0.872532981,-1232740189,-0.040638276,0.840018921,0.637407354,0.738851655,28.03974247,20.3,0,501.0382548,0,2087.659395,0.180350576,0.301335015
ce778982-236b-4a5b-81f1-7f51239624ea,BernoulliNB,PREPROCESSING,DIR,DIR_SMOTE,0.786187129,0.776668568,0.346208967,0.776668568,0.789180946,0.536763256,3506,0.213812871,-0.209396033,0.26020882,0.463236744,0.04340325,1.093133884,0.223331432,0.472942289,4.038905775,0.081732777,-0.050695108,0.487895514,0.210819054,-0.312016324,0.08825185,0.082581292,0.223331432,0.210819054,0.789180946,0.776668568,0.918267223,783,2350,783,2350,8797,9580,5073,8797,2723,0.536763256,0.392479307,-0.392479307,0.087814278,0.003855674,0.00392701,0.735503183,0.270482466,0.431112858,0.406401998,0.734116923,0.109638711,-0.472942289,0.472942289,-0.047049179,-0.446479153,0.099250337,0.789180946,0.776668568,-0.472942289,0.239268409,[0.7590664],11147,-0.244501748,1.468094572,0.634805921,0.507423665,0.213812871,0.782924757,0.782924757,1.090206523,-359846745.7,-0.160925966,0.527057711,0.698608171,0.718327415,,,,,,,,0.20609692
ce778982-236b-4a5b-81f1-7f51239624ea,BaggingClassifier,PREPROCESSING,DIR,HYPERPARAMETER_SMOTE,0.844946427,0.755276669,0.277212857,0.755276669,0.873149726,0.651895618,3506,0.155053573,-0.14341483,0.291930584,0.348104382,0.028736195,1.081386749,0.244723331,0.309723536,2.514080164,0.08101218,-0.066726122,0.372462426,0.126850274,-0.178116081,0.116514048,0.071293838,0.244723331,0.126850274,0.873149726,0.755276669,0.91898782,858,1414,858,1414,9733,10591,4062,9733,2648,0.651895618,0.243919809,-0.243919809,0.045570487,0.001038335,0.001049957,0.733295842,0.268861396,0.429996532,0.377607832,0.445868461,0.146322363,-0.309723536,0.309723536,-0.047731158,-0.332865554,0.091643278,0.873149726,0.755276669,-0.309723536,0.239268409,[0.7590664],11147,-0.244501748,1.468094572,0.699788584,0.59896429,0.155053573,0.814213197,0.814213197,1.012815925,-173178895.1,-0.131607455,0.690276464,0.726474623,0.704268525,26.70086288,30.5,0,773.8649332,0,3224.437221,0.278555549,0.150972354
ce778982-236b-4a5b-81f1-7f51239624ea,RandomForestClassifier,PREPROCESSING,DIR,HYPERPARAMETER_SMOTE,0.831092609,0.770964062,0.298573671,0.770964062,0.850004486,0.617828571,3506,0.168907391,-0.160695068,0.272415516,0.382171429,0.030975955,1.080811808,0.229035938,0.216346053,2.09298991,0.07812804,-0.074392339,0.303643455,0.149995514,-0.199066732,0.140119864,0.073694948,0.229035938,0.149995514,0.850004486,0.770964062,0.92187196,803,1672,803,1672,9475,10278,4375,9475,2703,0.617828571,0.207706393,-0.207706393,0.045843364,0.001050807,0.001062425,0.733372954,0.268917945,0.430034652,0.383913919,0.262774474,0.176060967,-0.216346053,0.216346053,-0.052684147,-0.339823181,0.091715684,0.850004486,0.770964062,-0.216346053,0.239268409,[0.7590664],11147,-0.244501748,1.468094572,0.685953559,0.57891023,0.168907391,0.810484274,0.810484274,0.978827038,-183040904.7,-0.017279321,0.783653947,0.725978648,0.643109547,,,,,,,,0.473993483
ce778982-236b-4a5b-81f1-7f51239624ea,GradientBoostingClassifier,PREPROCESSING,DIR,HYPERPARAMETER_SMOTE,0.857776565,0.724187108,0.249505221,0.724187108,0.899793666,0.694474836,3506,0.142223435,-0.121972506,0.334123345,0.305525164,0.106748447,1.348908182,0.275812892,0.226763376,1.926831364,0.087933073,-0.081848998,0.309145227,0.100206334,-0.125538788,0.188090029,0.069626518,0.275812892,0.100206334,0.899793666,0.724187108,0.912066927,967,1117,967,1117,10030,10997,3656,10030,2539,0.694474836,0.176151082,-0.176151082,0.024709752,0.000305286,0.000307329,0.732751516,0.268462392,0.429730194,0.373166231,0.189174929,0.189363748,-0.226763376,0.226763376,-0.094298722,-0.279764559,0.094421783,0.899793666,0.724187108,-0.226763376,0.239268409,[0.7590664],11147,-0.244501748,1.468094572,0.709019827,0.615199479,0.142223435,0.811990387,0.811990387,0.955023372,-223105895.3,-0.101224589,0.773236624,0.716523212,0.716891546,,,,,,,,0.224797645
ce778982-236b-4a5b-81f1-7f51239624ea,XGBClassifier,PREPROCESSING,DIR,DIR_ROS,0.820855797,0.834854535,0.339384426,0.834854535,0.816452857,0.588578323,3506,0.179144203,-0.169067772,0.285111063,0.411421677,0.053413651,1.128981463,0.165145465,0.281467466,3.119192719,0.05981405,-0.046681074,0.411896055,0.183547143,-0.244371899,0.141471354,0.069869966,0.165145465,0.183547143,0.816452857,0.834854535,0.94018595,579,2046,579,2046,9101,9680,4973,9101,2927,0.588578323,0.262919682,-0.262919682,0.059901977,0.001794123,0.001816544,0.734185379,0.269514086,0.430440634,0.373818046,0.297406686,0.170174763,-0.281467466,0.281467466,-0.050047362,-0.38949795,0.080537101,0.816452857,0.834854535,-0.281467466,0.239268409,[0.7590664],11147,-0.244501748,1.468094572,0.690411605,0.586845874,0.179144203,0.825653696,0.825653696,1.042734304,-285619755,-0.037095567,0.718532534,0.755793687,0.728846835,27.91645002,21.4,0,2288.356711,0,9534.81963,0.823702474,0.331872175
ce778982-236b-4a5b-81f1-7f51239624ea,GradientBoostingClassifier,PREPROCESSING,DIR,DIR_ROS,0.813075821,0.867084997,0.362587866,0.867084997,0.796088634,0.572181442,3506,0.186924179,-0.167678111,0.316934845,0.427818558,0.100431102,1.234485266,0.132915003,0.314947966,4.17047619,0.049892934,-0.029884462,0.525279784,0.203911366,-0.261889446,0.164209964,0.068041746,0.132915003,0.203911366,0.796088634,0.867084997,0.950107066,466,2273,466,2273,8874,9340,5313,8874,3040,0.572181442,0.288418706,-0.288418706,0.068171918,0.002323705,0.002359777,0.734541703,0.269775757,0.430620871,0.36889496,0.23843061,0.18064546,-0.314947966,0.314947966,-0.065157782,-0.409342684,0.075148537,0.796088634,0.867084997,-0.314947966,0.239268409,[0.7590664],11147,-0.244501748,1.468094572,0.689420569,0.588530344,0.186924179,0.831586815,0.831586815,1.071432009,-210094983.3,-0.05305852,0.685052034,0.768113196,0.752284769,,,,,,,,0.258782718
ce778982-236b-4a5b-81f1-7f51239624ea,AdaBoostClassifier,PREPROCESSING,DIR,DIR_ROS,0.813485293,0.853108956,0.355490343,0.853108956,0.801022697,0.574198503,3506,0.186514707,-0.170323454,0.304836989,0.425801497,0.085406189,1.200249648,0.146891044,0.301335015,3.66784551,0.054531978,-0.037345432,0.468770358,0.198977303,-0.258240196,0.157010672,0.069427735,0.146891044,0.198977303,0.801022697,0.853108956,0.945468022,515,2218,515,2218,8929,9444,5209,8929,2991,0.574198503,0.279787606,-0.279787606,0.064827496,0.002101302,0.002130092,0.734432115,0.269695266,0.430565311,0.372633158,0.254936298,0.177652384,-0.301335015,0.301335015,-0.06137581,-0.403354262,0.078042519,0.801022697,0.853108956,-0.301335015,0.239268409,[0.7590664],11147,-0.244501748,1.468094572,0.686402754,0.583035439,0.186514707,0.827065826,0.827065826,1.058468594,-146963496.2,-0.043094819,0.698664985,0.760729955,0.768459047,15.62064242,10,0,156.5189338,0,652.1622241,0.05633957,0.213108378
ce778982-236b-4a5b-81f1-7f51239624ea,RandomForestClassifier,PREPROCESSING,DIR,DIR_ROS,0.838872586,0.697375927,0.255579062,0.697375927,0.883376693,0.652870494,3506,0.161127414,-0.153785974,0.274174237,0.347129506,0.028945381,1.082614943,0.302624073,0.20609692,1.737067669,0.09726806,-0.099236847,0.274395841,0.116623307,-0.155811796,0.136395414,0.077869759,0.302624073,0.116623307,0.883376693,0.697375927,0.90273194,1061,1300,1061,1300,9847,10908,3745,9847,2445,0.652870494,0.180954358,-0.180954358,0.022459615,0.000252217,0.000253304,0.732836968,0.268525011,0.429771612,0.394638465,0.289939677,0.171095744,-0.20609692,0.20609692,-0.064091114,-0.291484941,0.104837769,0.883376693,0.697375927,-0.20609692,0.239268409,[0.7590664],11147,-0.244501748,1.468094572,0.674389739,0.568038352,0.161127414,0.79037631,0.79037631,0.933398348,-573021180.8,-0.050285124,0.79390308,0.685690247,0.745203165,,,,,,,,0.29667823
ce778982-236b-4a5b-81f1-7f51239624ea,BaggingClassifier,PREPROCESSING,DIR,DIR_ROS,0.82467754,0.65630348,0.250119429,0.65630348,0.877635238,0.627830832,3506,0.17532246,-0.170495558,0.260840957,0.372169168,0.028691435,1.076605612,0.34369652,0.150972354,1.471116943,0.109665089,-0.118452014,0.23597771,0.122364762,-0.160998719,0.147987791,0.08573171,0.34369652,0.122364762,0.877635238,0.65630348,0.890334911,1205,1364,1205,1364,9783,10988,3665,9783,2301,0.627830832,0.155985536,-0.155985536,0.020000812,0.000200016,0.00020068,0.732754585,0.268464641,0.429731678,0.414081417,0.203356803,0.186673514,-0.150972354,0.160998719,-0.073571724,-0.280218541,0.116867807,0.877635238,0.65630348,-0.150972354,0.239268409,[0.7590664],11147,-0.244501748,1.468094572,0.641751499,0.525993111,0.17532246,0.766969359,0.766969359,0.886605486,-1288646056,0.010026366,0.849027646,0.648945921,0.730330946,26.3885529,20.5,0,433.9267842,0,1808.028267,0.156193553,0.321265636
ce778982-236b-4a5b-81f1-7f51239624ea,BernoulliNB,PREPROCESSING,DIR,DIR_ROS,0.754657749,0.857672561,0.41650174,0.857672561,0.72225711,0.492708504,3506,0.245342251,-0.244395484,0.253487636,0.507291496,0.060769366,1.119465978,0.142327439,0.473993483,6.700505689,0.058362573,-0.02086791,0.676916743,0.27774289,-0.394938292,0.104041153,0.077182316,0.142327439,0.27774289,0.72225711,0.857672561,0.941637427,499,3096,499,3096,8051,8550,6103,8051,3007,0.492708504,0.434465888,-0.434465888,0.101719676,0.005173446,0.005274325,0.737177781,0.271715541,0.43198703,0.392892648,0.595779683,0.126214053,-0.473993483,0.473993483,-0.040818638,-0.517074125,0.08564265,0.72225711,0.857672561,-0.473993483,0.239268409,[0.7590664],11147,-0.244501748,1.468094572,0.625871579,0.501886534,0.245342251,0.789964835,0.789964835,1.133177609,-357251711.4,-0.07905519,0.526006517,0.723662836,0.757087347,,,,,,,,0.22438768
ce778982-236b-4a5b-81f1-7f51239624ea,BaggingClassifier,PREPROCESSING,DIR,HYPERPARAMETER_ROS,0.848290452,0.695094124,0.245069269,0.695094124,0.896474388,0.678641047,3506,0.151709548,-0.144634687,0.271642832,0.321358953,0.000657687,1.002015804,0.304905876,0.224797645,1.81684492,0.096637136,-0.09408252,0.289727284,0.103525612,-0.143977677,0.11666526,0.074965695,0.304905876,0.103525612,0.896474388,0.695094124,0.903362864,1069,1154,1069,1154,9993,11062,3591,9993,2437,0.678641047,0.184387661,-0.184387661,0.021712505,0.000235716,0.00023641,0.732805755,0.268502137,0.429756461,0.38720975,0.367842809,0.158117681,-0.224797645,0.224797645,-0.047370104,-0.287208482,0.102764122,0.896474388,0.695094124,-0.224797645,0.239268409,[0.7590664],11147,-0.244501748,1.468094572,0.686769057,0.586766723,0.151709548,0.795784256,0.795784256,0.942517054,-174308799,-0.080819969,0.775202355,0.690906514,0.749686309,25.15392089,30.8,0,693.4949769,0,2889.562404,0.249626085,0.191212026
ce778982-236b-4a5b-81f1-7f51239624ea,RandomForestClassifier,PREPROCESSING,DIR,HYPERPARAMETER_ROS,0.796219204,0.880490588,0.385859551,0.880490588,0.769713824,0.545985143,3506,0.203780796,-0.190208611,0.29302775,0.454014857,0.079108392,1.173871278,0.119509412,0.331872175,5.026913265,0.046560729,-0.022965065,0.590422171,0.230286176,-0.303142311,0.147794454,0.069329817,0.119509412,0.230286176,0.769713824,0.880490588,0.953439271,419,2567,419,2567,8580,8999,5654,8580,3087,0.545985143,0.317507243,-0.317507243,0.080091596,0.003207332,0.003268139,0.735245751,0.270293157,0.430980368,0.372370291,0.293464414,0.170982285,-0.331872175,0.331872175,-0.051036728,-0.442607054,0.075016554,0.769713824,0.880490588,-0.331872175,0.239268409,[0.7590664],11147,-0.244501748,1.468094572,0.674017467,0.569849066,0.203780796,0.825102206,0.825102206,1.087078133,-187257102.4,-0.028729864,0.668127825,0.763541924,0.643378881,,,,,,,,0.471418059
ce778982-236b-4a5b-81f1-7f51239624ea,GradientBoostingClassifier,PREPROCESSING,DIR,HYPERPARAMETER_ROS,0.818262472,0.841985168,0.345390023,0.841985168,0.810801112,0.583283936,3506,0.181737528,-0.174421999,0.275692367,0.416716064,0.042412023,1.10095986,0.158014832,0.258782718,3.038757764,0.057756464,-0.046483135,0.396527641,0.189198888,-0.252308516,0.140918124,0.069666952,0.158014832,0.189198888,0.810801112,0.841985168,0.942243536,554,2109,554,2109,9038,9592,5061,9038,2952,0.583283936,0.255545617,-0.255545617,0.062978183,0.001983126,0.002010856,0.734270701,0.269576731,0.430483681,0.373274569,0.276431298,0.173823633,-0.258782718,0.258782718,-0.044447579,-0.394436319,0.079526054,0.810801112,0.841985168,-0.258782718,0.239268409,[0.7590664],11147,-0.244501748,1.468094572,0.689156064,0.585710785,0.181737528,0.82639314,0.82639314,1.037574285,-241145183.7,-0.006474202,0.741217282,0.757943385,0.751278036,,,,,,,,0.247503416
ce778982-236b-4a5b-81f1-7f51239624ea,XGBClassifier,PREPROCESSING,DIR,DIR_RUS,0.796901658,0.872219053,0.381218863,0.872219053,0.773212524,0.547440029,3506,0.203098342,-0.18241697,0.307268121,0.452559971,0.090551934,1.202165645,0.127780947,0.213108378,3.106285714,0.049409948,-0.040747596,0.385674419,0.226787476,-0.275989941,0.184980259,0.070146196,0.127780947,0.226787476,0.773212524,0.872219053,0.950590052,448,2528,448,2528,8619,9067,5586,8619,3058,0.547440029,0.24454916,-0.24454916,0.067738349,0.002294242,0.002332359,0.7344669,0.269720814,0.430582934,0.374556259,0.093728647,0.208965469,-0.213108378,0.275989941,-0.065649765,-0.408391996,0.076701834,0.773212524,0.872219053,-0.213108378,0.239268409,[0.7590664],11147,-0.244501748,1.468094572,0.672679278,0.566960616,0.203098342,0.822715788,0.822715788,1.023910243,-286351447.4,0.062881563,0.786891622,0.759562842,0.739451959,25.67845893,20.8,0,2079.50443,0,8664.60179,0.748525321,0.298580889
ce778982-236b-4a5b-81f1-7f51239624ea,GradientBoostingClassifier,PREPROCESSING,DIR,DIR_RUS,0.803384972,0.879634912,0.37828431,0.879634912,0.77940253,0.556377413,3506,0.196615028,-0.180628758,0.301052331,0.443622587,0.084002085,1.189419805,0.120365088,0.29667823,4.332113341,0.046322722,-0.027781529,0.526795604,0.22059747,-0.283400814,0.159277767,0.068327213,0.120365088,0.22059747,0.77940253,0.879634912,0.953677278,422,2459,422,2459,8688,9110,5543,8688,3084,0.556377413,0.290039522,-0.290039522,0.073093022,0.002671295,0.00271809,0.734843436,0.269997438,0.430774413,0.369667995,0.23198521,0.181858434,-0.29667823,0.29667823,-0.055891807,-0.424677614,0.074083278,0.77940253,0.879634912,-0.29667823,0.239268409,[0.7590664],11147,-0.244501748,1.468094572,0.681622279,0.57978025,0.196615028,0.829518721,0.829518721,1.070111934,-213067449.6,-0.013277415,0.70332177,0.768071727,0.765522282,,,,,,,,0.232177021
ce778982-236b-4a5b-81f1-7f51239624ea,AdaBoostClassifier,PREPROCESSING,DIR,DIR_RUS,0.79301167,0.876497433,0.387156214,0.876497433,0.766753387,0.541688701,3506,0.20698833,-0.202862373,0.266357214,0.458311299,0.043221409,1.093419186,0.123502567,0.321265636,5.080373832,0.048218263,-0.022863084,0.582161122,0.233246613,-0.320259673,0.130575201,0.070245525,0.123502567,0.233246613,0.766753387,0.876497433,0.951781737,433,2600,433,2600,8547,8980,5673,8547,3073,0.541688701,0.320762655,-0.320762655,0.086737982,0.003761739,0.003832435,0.735554531,0.270520234,0.431139348,0.374821357,0.346138815,0.162176331,-0.321265636,0.321265636,-0.033042246,-0.455519578,0.076366886,0.766753387,0.876497433,-0.321265636,0.239268409,[0.7590664],11147,-0.244501748,1.468094572,0.669571849,0.563405062,0.20698833,0.82162541,0.82162541,1.085172157,-147881028.5,-0.001005964,0.678734364,0.759187203,0.721913243,18.08290243,10.3,0,186.7366928,0,778.0695534,0.067216564,0.170776832
ce778982-236b-4a5b-81f1-7f51239624ea,RandomForestClassifier,PREPROCESSING,DIR,DIR_RUS,0.796355695,0.851968055,0.372073978,0.851968055,0.778864268,0.54787234,3506,0.203644305,-0.19188245,0.274537062,0.45212766,0.051946556,1.115938303,0.148031945,0.22438768,2.894055013,0.056406912,-0.048599996,0.361559063,0.221135732,-0.280854079,0.154838598,0.072475048,0.148031945,0.221135732,0.778864268,0.851968055,0.943593088,519,2465,519,2465,8682,9201,5452,8682,2987,0.54787234,0.25262088,-0.25262088,0.064086653,0.00205355,0.002082842,0.73455889,0.269788381,0.430629594,0.380723121,0.196543718,0.188431065,-0.22438768,0.280854079,-0.050273276,-0.411039639,0.081171403,0.778864268,0.851968055,-0.22438768,0.239268409,[0.7590664],11147,-0.244501748,1.468094572,0.666889931,0.556805422,0.203644305,0.815416162,0.815416162,1.02140731,-495587074.3,0.056466399,0.77561232,0.748152786,0.698536026,,,,,,,,0.195542941
ce778982-236b-4a5b-81f1-7f51239624ea,BaggingClassifier,PREPROCESSING,DIR,DIR_RUS,0.795468505,0.808613805,0.352214564,0.808613805,0.791333991,0.549312149,3506,0.204531495,-0.186449675,0.291639997,0.450687851,0.078005476,1.175976896,0.191386195,0.191212026,2.152359835,0.070691108,-0.071508867,0.286655453,0.208666009,-0.253579017,0.177729647,0.077412826,0.191386195,0.208666009,0.791333991,0.808613805,0.929308892,671,2326,671,2326,8821,9492,5161,8821,2835,0.549312149,0.222395521,-0.222395521,0.053932015,0.001454331,0.001472978,0.733926069,0.269323738,0.430310258,0.39347891,0.111189679,0.205245926,-0.191212026,0.253579017,-0.074757171,-0.377580048,0.090715619,0.791333991,0.808613805,-0.191212026,0.239268409,[0.7590664],11147,-0.244501748,1.468094572,0.654205607,0.535861585,0.204531495,0.799973898,0.799973898,0.97788451,-1294362248,0.062366991,0.808787974,0.723260412,0.700279312,27.22353125,20.7,0,470.3489202,0,1959.787168,0.169303836,0.191191002
ce778982-236b-4a5b-81f1-7f51239624ea,BernoulliNB,PREPROCESSING,DIR,DIR_RUS,0.754316522,0.854535083,0.415341568,0.854535083,0.722795371,0.492277358,3506,0.245683478,-0.245095519,0.252946766,0.507722642,0.060163244,1.118133644,0.145464917,0.471418059,6.499202943,0.059530758,-0.022716578,0.658081372,0.277204629,-0.39476744,0.104081495,0.077606196,0.145464917,0.277204629,0.722795371,0.854535083,0.940469242,510,3090,510,3090,8057,8567,6086,8057,2996,0.492277358,0.43309275,-0.43309275,0.101900291,0.005191835,0.005292191,0.737152896,0.271697196,0.431973891,0.393970039,0.594201306,0.126413443,-0.471418059,0.471418059,-0.041439911,-0.516140745,0.086391424,0.722795371,0.854535083,-0.471418059,0.239268409,[0.7590664],11147,-0.244501748,1.468094572,0.624687239,0.499837765,0.245683478,0.788665227,0.788665227,1.130230418,-358808882.2,-0.07665062,0.528581941,0.721753794,0.697210779,,,,,,,,0.20179754
ce778982-236b-4a5b-81f1-7f51239624ea,BaggingClassifier,PREPROCESSING,DIR,HYPERPARAMETER_RUS,0.794786051,0.858528237,0.376782911,0.858528237,0.774737598,0.545191089,3506,0.205213949,-0.186579056,0.294276661,0.454808911,0.077819892,1.173513051,0.141471763,0.247503416,3.257430489,0.054314498,-0.042472037,0.403823727,0.225262402,-0.280309415,0.166335871,0.071990904,0.141471763,0.225262402,0.774737598,0.858528237,0.945685502,496,2511,496,2511,8636,9132,5521,8636,3010,0.545191089,0.263906416,-0.263906416,0.064384823,0.002072703,0.002101997,0.73459637,0.269815913,0.430648628,0.379449348,0.175393688,0.192491452,-0.247503416,0.280309415,-0.060145964,-0.413411213,0.07999678,0.774737598,0.858528237,-0.247503416,0.239268409,[0.7590664],11147,-0.244501748,1.468094572,0.666888224,0.557544055,0.205213949,0.816632917,0.816632917,1.032147584,-183443754.2,0.032805999,0.752496584,0.750670241,0.674975271,25.91936922,30.8,0,732.6077244,0,3052.532185,0.263704864,0.125701671
ce778982-236b-4a5b-81f1-7f51239624ea,RandomForestClassifier,PREPROCESSING,DIR,HYPERPARAMETER_RUS,0.780249778,0.894466629,0.408517027,0.894466629,0.744325828,0.523889075,3506,0.219750222,-0.208447646,0.28219977,0.476110925,0.070191378,1.147398831,0.105533371,0.298580889,5.098701299,0.042690666,-0.022671108,0.56947794,0.255674172,-0.332139085,0.151457849,0.069892184,0.105533371,0.255674172,0.744325828,0.894466629,0.957309334,370,2850,370,2850,8297,8667,5986,8297,3136,0.523889075,0.315359987,-0.315359987,0.085240934,0.003633008,0.003708913,0.735614019,0.270563993,0.431170065,0.373877478,0.24668896,0.179263074,-0.298580889,0.332139085,-0.046431243,-0.460688992,0.074242699,0.744325828,0.894466629,-0.298580889,0.239268409,[0.7590664],11147,-0.244501748,1.468094572,0.660766962,0.554423947,0.219750222,0.819396228,0.819396228,1.077801012,-189314886.3,0.033558196,0.701419111,0.760058168,0.632630066,,,,,,,,0.454052349
ce778982-236b-4a5b-81f1-7f51239624ea,GradientBoostingClassifier,PREPROCESSING,DIR,HYPERPARAMETER_RUS,0.799631475,0.877638334,0.381082372,0.877638334,0.775096439,0.551038682,3506,0.200368525,-0.186333003,0.291769328,0.448961318,0.072442328,1.161713958,0.122361666,0.232177021,3.408615049,0.047304003,-0.037002487,0.417846376,0.224903561,-0.283462161,0.167534357,0.069130903,0.122361666,0.224903561,0.775096439,0.877638334,0.952695997,429,2507,429,2507,8640,9069,5584,8640,3077,0.551038682,0.257819591,-0.257819591,0.069488847,0.00241435,0.002454217,0.734667027,0.26986782,0.430684545,0.371835723,0.158267634,0.195847545,-0.232177021,0.283462161,-0.054722407,-0.417416203,0.075106387,0.775096439,0.877638334,-0.232177021,0.239268409,[0.7590664],11147,-0.244501748,1.468094572,0.677007701,0.573415331,0.200368525,0.826367386,0.826367386,1.039421088,-246422710.5,0.05128514,0.767822979,0.764377096,0.658759062,,,,,,,,0.142005676
ce778982-236b-4a5b-81f1-7f51239624ea,XGBClassifier,PREPROCESSING,DIR,DIR_FOS,0.862485498,0.660296634,0.214222344,0.660296634,0.926078766,0.737496018,3506,0.137514502,-0.129753739,0.273124644,0.262503982,-0.000466748,0.998243808,0.339703366,0.170776832,1.542256342,0.103439291,-0.104680801,0.261975895,0.073921234,-0.100613235,0.12627706,0.072005329,0.339703366,0.073921234,0.926078766,0.660296634,0.896560709,1191,824,1191,824,10323,11514,3139,10323,2315,0.737496018,0.135695033,-0.135695033,0.006015526,1.81E-05,1.81E-05,0.732638623,0.268379676,0.429675868,0.379487363,0.284344961,0.17179135,-0.170776832,0.170776832,-0.052107026,-0.245051585,0.105324915,0.926078766,0.660296634,-0.170776832,0.239268409,[0.7590664],11147,-0.244501748,1.468094572,0.696764485,0.609750167,0.137514502,0.7931877,0.7931877,0.900819331,-266710098.3,-0.070163597,0.829223168,0.678040565,0.667095662,27.02062082,20.3,0,2131.049257,0,8879.371905,0.767079073,0.127415116
ce778982-236b-4a5b-81f1-7f51239624ea,GradientBoostingClassifier,PREPROCESSING,DIR,DIR_FOS,0.865556541,0.624358243,0.193953457,0.624358243,0.941419216,0.770232231,3506,0.134443459,-0.120587444,0.304939489,0.229767769,0.05453412,1.232698997,0.375641757,0.195542941,1.563014528,0.111506223,-0.109594104,0.273939064,0.058580784,-0.07823155,0.156741691,0.072628151,0.375641757,0.058580784,0.941419216,0.624358243,0.888493777,1317,653,1317,653,10494,11811,2842,10494,2189,0.770232231,0.136887246,-0.136887246,0.006136693,1.88E-05,1.87E-05,0.732684001,0.268412923,0.429697378,0.381125049,0.278309145,0.172679563,-0.195542941,0.195542941,-0.082064112,-0.223649685,0.111085361,0.941419216,0.624358243,-0.195542941,0.239268409,[0.7590664],11147,-0.244501748,1.468094572,0.689666037,0.610485321,0.134443459,0.782888729,0.782888729,0.890056211,-195523254.7,-0.117311391,0.804457059,0.655389222,0.720465788,,,,,,,,0.185798381
ce778982-236b-4a5b-81f1-7f51239624ea,AdaBoostClassifier,PREPROCESSING,DIR,DIR_FOS,0.862280762,0.628921848,0.199413089,0.628921848,0.935677761,0.754620123,3506,0.137719238,-0.130182304,0.259593543,0.245379877,-0.071758678,0.709194915,0.371078152,0.191191002,1.566692631,0.110902736,-0.108338587,0.269866448,0.064322239,-0.092973029,0.077676032,0.073833425,0.371078152,0.064322239,0.935677761,0.628921848,0.889097264,1301,717,1301,717,10430,11731,2922,10430,2205,0.754620123,0.142082016,-0.142082016,0.004194971,8.80E-06,8.80E-06,0.732643679,0.26838338,0.429678274,0.384274446,0.426151262,0.148742431,-0.191191002,0.191191002,-0.018289954,-0.237470172,0.11132117,0.935677761,0.628921848,-0.191191002,0.239268409,[0.7590664],11147,-0.244501748,1.468094572,0.686060983,0.602861995,0.137719238,0.782299805,0.782299805,0.893450538,-145714048.5,-0.098217972,0.808808998,0.65625,0.676964368,24.87549829,10.1,0,251.7159703,0,1048.816543,0.090606096,0.299632082
ce778982-236b-4a5b-81f1-7f51239624ea,RandomForestClassifier,PREPROCESSING,DIR,DIR_FOS,0.84951887,0.641186537,0.218044087,0.641186537,0.915044407,0.703599374,3506,0.15048113,-0.142326653,0.282422504,0.296400626,0.031851274,1.105648987,0.358813463,0.20179754,1.591678225,0.109792285,-0.112835244,0.268822751,0.084955593,-0.114171933,0.135513167,0.078303952,0.358813463,0.084955593,0.915044407,0.641186537,0.890207715,1258,947,1258,947,10200,11458,3195,10200,2248,0.703599374,0.157984736,-0.157984736,0.006204133,1.92E-05,1.93E-05,0.732640924,0.268381362,0.429676966,0.395737166,0.315732182,0.166447654,-0.20179754,0.20179754,-0.072343259,-0.24935576,0.112989595,0.915044407,0.641186537,-0.20179754,0.239268409,[0.7590664],11147,-0.244501748,1.468094572,0.670944635,0.574711995,0.15048113,0.778115472,0.778115472,0.90104584,-567598082.7,-0.087625607,0.79820246,0.655728141,0.759465613,,,,,,,,0.109134868
ce778982-236b-4a5b-81f1-7f51239624ea,BaggingClassifier,PREPROCESSING,DIR,DIR_FOS,0.837575923,0.582144894,0.201733433,0.582144894,0.917915134,0.690460081,3506,0.162424077,-0.158181405,0.257924017,0.309539919,0.015702587,1.050518568,0.417855106,0.125701671,1.312015656,0.12524579,-0.135721143,0.229550116,0.082084866,-0.107166978,0.143103385,0.086909445,0.417855106,0.082084866,0.917915134,0.582144894,0.87475421,1465,915,1465,915,10232,11697,2956,10232,2041,0.690460081,0.116434325,-0.116434325,0.007592211,2.88E-05,2.87E-05,0.732682368,0.268411726,0.429696606,0.416915926,0.210312802,0.184994846,-0.125701671,0.125701671,-0.075711865,-0.223933863,0.128200071,0.917915134,0.582144894,-0.125701671,0.239268409,[0.7590664],11147,-0.244501748,1.468094572,0.631692974,0.531639986,0.162424077,0.750030014,0.750030014,0.837359253,-1211425386,-0.018534693,0.874298329,0.605907674,0.749751114,30.86904168,20.4,0,570.1499096,0,2375.624623,0.205227572,0.165846736
ce778982-236b-4a5b-81f1-7f51239624ea,BernoulliNB,PREPROCESSING,DIR,DIR_FOS,0.806046543,0.735596121,0.306694875,0.735596121,0.828204898,0.573876279,3506,0.193953457,-0.187035337,0.264979424,0.426123721,0.012611453,1.029380273,0.264403879,0.454052349,3.235714286,0.091249139,-0.065632178,0.432138979,0.171795102,-0.257066014,0.076361337,0.083117102,0.264403879,0.171795102,0.828204898,0.735596121,0.908750861,927,1915,927,1915,9232,10159,4494,9232,2579,0.573876279,0.355559182,-0.355559182,0.065317381,0.00213318,0.002153237,0.734462573,0.269717636,0.430580741,0.407718289,0.816587669,0.100742132,-0.454052349,0.454052349,-0.039121816,-0.398166329,0.104479854,0.828204898,0.735596121,-0.454052349,0.239268409,[0.7590664],11147,-0.244501748,1.468094572,0.64475,0.521637493,0.193953457,0.78190051,0.78190051,1.059912415,-329977952.5,-0.196986335,0.545947651,0.687183586,0.653946826,,,,,,,,0.450825187
ce778982-236b-4a5b-81f1-7f51239624ea,BaggingClassifier,PREPROCESSING,DIR,HYPERPARAMETER_FOS,0.860096908,0.541072447,0.15955777,0.541072447,0.960437786,0.811377246,3506,0.139903092,-0.13141257,0.278913485,0.188622754,0.025638058,1.134527786,0.458927553,0.142005676,1.320042644,0.130653674,-0.135690744,0.245824992,0.039562214,-0.051874963,0.147123143,0.078842945,0.458927553,0.039562214,0.960437786,0.541072447,0.869346326,1609,441,1609,441,10706,12315,2338,10706,1897,0.811377246,0.09694032,-0.09694032,0.026947369,0.00036308,0.000361049,0.733126606,0.26873731,0.429904298,0.397096826,0.256327489,0.176108093,-0.142005676,0.142005676,-0.080664401,-0.179562488,0.128403125,0.960437786,0.541072447,-0.142005676,0.239268409,[0.7590664],11147,-0.244501748,1.468094572,0.649212868,0.584285749,0.139903092,0.750755117,0.750755117,0.823533558,-169356414.2,-0.090130713,0.857994324,0.590230243,0.656480037,29.23224711,31.2,0,886.870645,0,3695.294354,0.319232373,0.33108378
ce778982-236b-4a5b-81f1-7f51239624ea,RandomForestClassifier,PREPROCESSING,DIR,HYPERPARAMETER_FOS,0.857913055,0.551625784,0.166791783,0.551625784,0.95424778,0.791325696,3506,0.142086945,-0.13421271,0.274692852,0.208674304,0.031504065,1.148325359,0.448374216,0.127415116,1.296501957,0.128757474,-0.134635772,0.238869863,0.04575222,-0.060230685,0.156626313,0.079526994,0.448374216,0.04575222,0.95424778,0.551625784,0.871242526,1572,510,1572,510,10637,12209,2444,10637,1934,0.791325696,0.093822901,-0.093822901,0.020422682,0.000208543,0.000207508,0.733011173,0.26865269,0.429850651,0.398815731,0.207110856,0.185230809,-0.127415116,0.127415116,-0.083069918,-0.18708036,0.127257748,0.95424778,0.551625784,-0.127415116,0.239268409,[0.7590664],11147,-0.244501748,1.468094572,0.650084034,0.578943648,0.142086945,0.752936782,0.752936782,0.823579495,-172298730.7,-0.067184431,0.872584884,0.596821478,0.74403732,,,,,,,,0.187795648
ce778982-236b-4a5b-81f1-7f51239624ea,GradientBoostingClassifier,PREPROCESSING,DIR,HYPERPARAMETER_FOS,0.865556541,0.661722761,0.211833754,0.661722761,0.929667175,0.74742268,3506,0.134443459,-0.126020219,0.278959082,0.25257732,-0.00145916,0.994317431,0.338277239,0.185798381,1.591334895,0.102692874,-0.102686424,0.270974489,0.070332825,-0.096606226,0.121993414,0.070669813,0.338277239,0.070332825,0.929667175,0.661722761,0.897307126,1186,784,1186,784,10363,11549,3104,10363,2320,0.74742268,0.141202304,-0.141202304,0.005875365,1.73E-05,1.73E-05,0.732638634,0.268379684,0.429675873,0.375951626,0.314487706,0.166619101,-0.185798381,0.185798381,-0.050613632,-0.243859444,0.104083172,0.929667175,0.661722761,-0.185798381,0.239268409,[0.7590664],11147,-0.244501748,1.468094572,0.701966717,0.617484185,0.134443459,0.795694968,0.795694968,0.90804893,-231119364.8,-0.089192155,0.814201619,0.681250918,0.685786108,,,,,,,,0.393314412
ce778982-236b-4a5b-81f1-7f51239624ea,XGBClassifier,PREPROCESSING,DIR,DIR_FAIR_SMOTE,0.561250256,0.95664575,0.657271548,0.95664575,0.436888849,0.348250441,3506,0.438749744,-0.543516059,0.1424013,0.651749559,-0.092630894,0.861028076,0.04335425,0.299632082,815.4,0.030266826,0.022370916,10.46289753,0.563111151,-0.854074719,0.079561899,0.065653454,0.04335425,0.563111151,0.436888849,0.95664575,0.969733174,152,6277,152,6277,4870,5022,9631,4870,3354,0.348250441,0.576853401,-0.576853401,0.181033281,0.016386524,0.016862636,0.7457671,0.278084283,0.436750958,0.36236295,1.412128111,0.125487735,-0.299632082,0.854074719,0.057500905,-0.831352927,0.069547629,0.436888849,0.95664575,-0.299632082,0.239268409,[0.7590664],11147,-0.244501748,1.468094572,0.510618863,0.353747869,0.438749744,0.6967673,0.6967673,1.098699886,,0.554442636,0.700367918,0.665839496,0.764210512,29.83337522,21,0,2565.576878,0,10689.90366,0.923488899,0.11164722
ce778982-236b-4a5b-81f1-7f51239624ea,GradientBoostingClassifier,PREPROCESSING,DIR,DIR_FAIR_SMOTE,0.623899543,0.977181974,0.604449601,0.977181974,0.512783709,0.386812691,3506,0.376100457,-0.318139524,0.334283726,0.613187309,0.10039051,1.16689123,0.022818026,0.109134868,22.1877551,0.013802622,0.002738873,1.349206349,0.487216291,-0.534109164,0.234164395,0.065123301,0.022818026,0.487216291,0.512783709,0.977181974,0.986197378,80,5431,80,5431,5716,5796,8857,5716,3426,0.386812691,0.321622016,-0.321622016,0.097704723,0.004773106,0.00485946,0.73766387,0.272073993,0.432244515,0.36089694,-0.14271755,0.272523489,-0.109134868,0.534109164,-0.048825818,-0.575971952,0.065085798,0.512783709,0.977181974,-0.109134868,0.239268409,[0.7590664],11147,-0.244501748,1.468094572,0.554234409,0.42750688,0.376100457,0.744982841,0.744982841,0.984585725,-346827839.9,0.424974296,0.890865132,0.707303226,0.703247772,,,,,,,,0.213549879
ce778982-236b-4a5b-81f1-7f51239624ea,AdaBoostClassifier,PREPROCESSING,DIR,DIR_FAIR_SMOTE,0.644509657,0.966913862,0.578925817,0.966913862,0.543105768,0.399622775,3506,0.355490343,-0.26929647,0.34871895,0.600377225,0.121413768,1.214091784,0.033086138,0.165846736,9.347619048,0.018800648,-0.005696419,0.745032484,0.456894232,-0.455335817,0.236366608,0.066898535,0.033086138,0.456894232,0.543105768,0.966913862,0.981199352,116,5093,116,5093,6054,6170,8483,6054,3390,0.399622775,0.310591277,-0.310591277,0.062965995,0.001982358,0.002039955,0.736700484,0.271363802,0.43173579,0.365782817,-0.139498694,0.264391847,-0.165846736,0.455335817,-0.063555094,-0.528168542,0.067259909,0.543105768,0.966913862,-0.165846736,0.239268409,[0.7590664],11147,-0.244501748,1.468094572,0.565518392,0.440711652,0.355490343,0.755009815,0.755009815,0.989509277,-149873334.1,0.289489081,0.834153264,0.71364665,0.721913243,19.11091638,10.4,0,199.2728083,0,830.3033678,0.071728985,0.170776832
ce778982-236b-4a5b-81f1-7f51239624ea,RandomForestClassifier,PREPROCESSING,DIR,DIR_FAIR_SMOTE,0.698491776,0.922703936,0.50378762,0.922703936,0.627971652,0.438228122,3506,0.301508224,-0.348469654,0.174479435,0.561771878,-0.065634105,0.885315366,0.077296064,0.450825187,22.88112245,0.037271352,0.013260113,1.5557408,0.372028348,-0.566071205,0.069844255,0.072400416,0.077296064,0.372028348,0.627971652,0.922703936,0.962728648,271,4147,271,4147,7000,7271,7382,7000,3235,0.438228122,0.508448196,-0.508448196,0.136257823,0.009283097,0.009476416,0.740896614,0.274463896,0.433995692,0.380527046,0.759892914,0.107138643,-0.450825187,0.566071205,0.039447109,-0.648368812,0.075576395,0.627971652,0.922703936,-0.450825187,0.239268409,[0.7590664],11147,-0.244501748,1.468094572,0.594232182,0.469890525,0.301508224,0.775337794,0.775337794,1.169556896,-951456429.1,0.115246019,0.549174813,0.722905028,0.698536026,,,,,,,,0.195542941
ce778982-236b-4a5b-81f1-7f51239624ea,BaggingClassifier,PREPROCESSING,DIR,DIR_FAIR_SMOTE,0.544257149,0.940958357,0.666757661,0.940958357,0.419485063,0.337666325,3506,0.455742851,-0.558732017,0.156588215,0.662333675,-0.054677601,0.919310349,0.059041643,0.33108378,29.12142857,0.042391972,-0.10538765,0.212885986,0.580514937,-0.879622336,0.088127961,0.066985417,0.059041643,0.580514937,0.419485063,0.940958357,0.957608028,207,6471,207,6471,4676,4883,9770,4676,3299,0.337666325,0.605353058,-0.605353058,0.189603017,0.017974652,0.018517122,0.746063811,0.278305605,0.436923128,0.366020263,1.973853929,0.130186224,-0.33108378,0.879622336,-0.025355025,-0.845559256,0.072954637,0.419485063,0.940958357,-0.33108378,0.239268409,[0.7590664],11147,-0.244501748,1.468094572,0.496987044,0.326235648,0.455742851,0.68022171,0.68022171,1.091996002,-3136253046,0.548538555,0.66891622,0.650433754,0.700279312,27.36658406,20.8,0,484.3727205,0,2018.219669,0.174351755,0.191191002
ce778982-236b-4a5b-81f1-7f51239624ea,BernoulliNB,PREPROCESSING,DIR,DIR_FAIR_SMOTE,0.657817512,0.95236737,0.55865693,0.95236737,0.565174486,0.407891522,3506,0.342182488,-0.237219641,0.408606881,0.592108478,0.162341983,1.289958408,0.04763263,0.187795648,8.089285714,0.025823411,-0.008553745,0.69598564,0.434825514,-0.41513444,0.278139668,0.068984198,0.04763263,0.434825514,0.565174486,0.95236737,0.974176589,167,4847,167,4847,6300,6467,8186,6300,3339,0.407891522,0.301465044,-0.301465044,0.061960626,0.00191956,0.001952656,0.7358972,0.270772345,0.431316662,0.371440972,-0.241416012,0.292819962,-0.187795648,0.41513444,-0.085447864,-0.496040881,0.070391162,0.565174486,0.95236737,-0.187795648,0.239268409,[0.7590664],11147,-0.244501748,1.468094572,0.571159767,0.444675432,0.342182488,0.758770928,0.758770928,0.98751384,-424620610.5,0.227338792,0.812204352,0.714071856,0.689169796,,,,,,,,0.232944392
ce778982-236b-4a5b-81f1-7f51239624ea,BaggingClassifier,PREPROCESSING,DIR,HYPERPARAMETER_FAIR_SMOTE,0.709957005,0.93040502,0.496007643,0.93040502,0.640620795,0.448816731,3506,0.290042995,-0.332110088,0.177307642,0.551183269,-0.067353578,0.879978813,0.06959498,0.393314412,19.75488722,0.033039946,0.010106244,1.444497427,0.359379205,-0.536668513,0.076955391,0.070953806,0.06959498,0.359379205,0.640620795,0.93040502,0.966960054,244,4006,244,4006,7141,7385,7268,7141,3262,0.448816731,0.464991462,-0.464991462,0.127719758,0.008156168,0.00832852,0.740088887,0.273865781,0.43355207,0.376706267,0.657381531,0.118762762,-0.393314412,0.536668513,0.038729911,-0.623477146,0.073054086,0.640620795,0.93040502,-0.393314412,0.239268409,[0.7590664],11147,-0.244501748,1.468094572,0.605531836,0.487256891,0.290042995,0.785512907,0.785512907,1.150769703,-250073819.4,0.143354101,0.606685588,0.733610705,0.668501109,26.01016951,31.2,0,755.4497129,0,3147.707137,0.271926922,0.154641018
ce778982-236b-4a5b-81f1-7f51239624ea,RandomForestClassifier,PREPROCESSING,DIR,HYPERPARAMETER_FAIR_SMOTE,0.64594281,0.966628637,0.577356173,0.966628637,0.545079394,0.400591017,3506,0.35405719,-0.267140933,0.372694538,0.599408983,0.128187909,1.223226226,0.033371363,0.11164722,7.59689441,0.018892298,-0.008185865,0.591596494,0.454920606,-0.45467878,0.261588541,0.066952439,0.033371363,0.454920606,0.545079394,0.966628637,0.981107702,117,5071,117,5071,6076,6193,8460,6076,3389,0.400591017,0.283163,-0.283163,0.071537923,0.002558837,0.002601788,0.736376388,0.271125092,0.431566115,0.365930155,-0.233101081,0.290419242,-0.11164722,0.45467878,-0.068186887,-0.51958101,0.067298699,0.545079394,0.966628637,-0.11164722,0.239268409,[0.7590664],11147,-0.244501748,1.468094572,0.566438242,0.4419483,0.35405719,0.755854015,0.755854015,0.969883905,-256181562,0.34303156,0.88835278,0.714300769,0.632630066,,,,,,,,0.454052349
ce778982-236b-4a5b-81f1-7f51239624ea,GradientBoostingClassifier,PREPROCESSING,DIR,HYPERPARAMETER_FAIR_SMOTE,0.557360268,0.96520251,0.665256262,0.96520251,0.429084058,0.347148133,3506,0.442639732,-0.513719548,0.183100139,0.652851867,-0.029095271,0.956238293,0.03479749,0.213549879,291.2142857,0.024872579,0.014167529,4.308118081,0.570915942,-0.813171012,0.116649975,0.064219723,0.03479749,0.570915942,0.429084058,0.96520251,0.975127421,122,6364,122,6364,4783,4905,9748,4783,3384,0.347148133,0.513360446,-0.513360446,0.169120116,0.014300807,0.014683182,0.743961207,0.276739139,0.435713635,0.358384495,1.269980262,0.165665462,-0.213549879,0.813171012,0.0216314,-0.788874938,0.067359524,0.429084058,0.96520251,-0.213549879,0.239268409,[0.7590664],11147,-0.244501748,1.468094572,0.510638298,0.356467281,0.442639732,0.697143284,0.697143284,1.055029071,-532408083.2,0.599621133,0.786450121,0.667916708,0.670687964,,,,,,,,0.135141385
ce778982-236b-4a5b-81f1-7f51239624ea,XGBClassifier,PREPROCESSING,DIR,DIR_BAL_GAN_FAIR,0.862485498,0.660296634,0.214222344,0.660296634,0.926078766,0.737496018,3506,0.137514502,-0.129753739,0.273124644,0.262503982,-0.000466748,0.998243808,0.339703366,0.170776832,1.542256342,0.103439291,-0.104680801,0.261975895,0.073921234,-0.100613235,0.12627706,0.072005329,0.339703366,0.073921234,0.926078766,0.660296634,0.896560709,1191,824,1191,824,10323,11514,3139,10323,2315,0.737496018,0.135695033,-0.135695033,0.006015526,1.81E-05,1.81E-05,0.732638623,0.268379676,0.429675868,0.379487363,0.284344961,0.17179135,-0.170776832,0.170776832,-0.052107026,-0.245051585,0.105324915,0.926078766,0.660296634,-0.170776832,0.239268409,[0.7590664],11147,-0.244501748,1.468094572,0.696764485,0.609750167,0.137514502,0.7931877,0.7931877,0.900819331,-266710098.3,-0.070163597,0.829223168,0.678040565,0.667095662,27.24819636,20.7,0,2200.039397,0,9166.83082,0.791912329,0.127415116
ce778982-236b-4a5b-81f1-7f51239624ea,GradientBoostingClassifier,PREPROCESSING,DIR,DIR_BAL_GAN_FAIR,0.865556541,0.624358243,0.193953457,0.624358243,0.941419216,0.770232231,3506,0.134443459,-0.120587444,0.304939489,0.229767769,0.05453412,1.232698997,0.375641757,0.195542941,1.563014528,0.111506223,-0.109594104,0.273939064,0.058580784,-0.07823155,0.156741691,0.072628151,0.375641757,0.058580784,0.941419216,0.624358243,0.888493777,1317,653,1317,653,10494,11811,2842,10494,2189,0.770232231,0.136887246,-0.136887246,0.006136693,1.88E-05,1.87E-05,0.732684001,0.268412923,0.429697378,0.381125049,0.278309145,0.172679563,-0.195542941,0.195542941,-0.082064112,-0.223649685,0.111085361,0.941419216,0.624358243,-0.195542941,0.239268409,[0.7590664],11147,-0.244501748,1.468094572,0.689666037,0.610485321,0.134443459,0.782888729,0.782888729,0.890056211,-195514082.4,-0.117311391,0.804457059,0.655389222,0.720465788,,,,,,,,0.185798381
ce778982-236b-4a5b-81f1-7f51239624ea,AdaBoostClassifier,PREPROCESSING,DIR,DIR_BAL_GAN_FAIR,0.862280762,0.628921848,0.199413089,0.628921848,0.935677761,0.754620123,3506,0.137719238,-0.130182304,0.259593543,0.245379877,-0.071758678,0.709194915,0.371078152,0.191191002,1.566692631,0.110902736,-0.108338587,0.269866448,0.064322239,-0.092973029,0.077676032,0.073833425,0.371078152,0.064322239,0.935677761,0.628921848,0.889097264,1301,717,1301,717,10430,11731,2922,10430,2205,0.754620123,0.142082016,-0.142082016,0.004194971,8.80E-06,8.80E-06,0.732643679,0.26838338,0.429678274,0.384274446,0.426151262,0.148742431,-0.191191002,0.191191002,-0.018289954,-0.237470172,0.11132117,0.935677761,0.628921848,-0.191191002,0.239268409,[0.7590664],11147,-0.244501748,1.468094572,0.686060983,0.602861995,0.137719238,0.782299805,0.782299805,0.893450538,-145714048.5,-0.098217972,0.808808998,0.65625,0.74142305,19.15520287,10.1,0,193.9408877,0,808.0870321,0.069809741,0.064764007
ce778982-236b-4a5b-81f1-7f51239624ea,RandomForestClassifier,PREPROCESSING,DIR,DIR_BAL_GAN_FAIR,0.849723606,0.641186537,0.21783935,0.641186537,0.915313537,0.704260652,3506,0.150276394,-0.140926583,0.284430247,0.295739348,0.018883299,1.063091856,0.358813463,0.232944392,1.688198758,0.109763546,-0.109727401,0.28379017,0.084686463,-0.115554806,0.119345987,0.078225261,0.358813463,0.084686463,0.915313537,0.641186537,0.890236454,1258,944,1258,944,10203,11461,3192,10203,2248,0.704260652,0.174249599,-0.174249599,0.007186495,2.58E-05,2.58E-05,0.732647037,0.26838584,0.429679889,0.395538268,0.402586366,0.152458094,-0.232944392,0.232944392,-0.06430535,-0.253738482,0.112927904,0.915313537,0.641186537,-0.232944392,0.239268409,[0.7590664],11147,-0.244501748,1.468094572,0.671245148,0.575184913,0.150276394,0.778250037,0.778250037,0.913859794,-554631462.2,-0.117389585,0.767055608,0.655871627,0.738337092,,,,,,,,0.022148639
ce778982-236b-4a5b-81f1-7f51239624ea,BaggingClassifier,PREPROCESSING,DIR,DIR_BAL_GAN_FAIR,0.839009077,0.579863092,0.199208353,0.579863092,0.920516731,0.696471394,3506,0.160990923,-0.158026608,0.247111696,0.303528606,-0.040800262,0.865214455,0.420136908,0.154641018,1.38419953,0.12553264,-0.132964989,0.241346013,0.079483269,-0.1081468,0.102151459,0.086483322,0.420136908,0.079483269,0.920516731,0.579863092,0.87446736,1473,886,1473,886,10261,11734,2919,10261,2033,0.696471394,0.131393909,-0.131393909,0.007116433,2.53E-05,2.53E-05,0.732666421,0.268400042,0.429689061,0.415892587,0.351682029,0.160337188,-0.154641018,0.154641018,-0.046082364,-0.228161788,0.128205528,0.920516731,0.579863092,-0.154641018,0.239268409,[0.7590664],11147,-0.244501748,1.468094572,0.632840467,0.534496242,0.160990923,0.750189911,0.750189911,0.848760296,-1224382205,-0.046494217,0.845358982,0.605194612,0.731849323,27.542588,20.9,0,491.7383381,0,2048.909742,0.177003036,0.107684222
ce778982-236b-4a5b-81f1-7f51239624ea,BernoulliNB,PREPROCESSING,DIR,DIR_BAL_GAN_FAIR,0.806046543,0.735596121,0.306694875,0.735596121,0.828204898,0.573876279,3506,0.193953457,-0.187035337,0.264979424,0.426123721,0.012611453,1.029380273,0.264403879,0.454052349,3.235714286,0.091249139,-0.065632178,0.432138979,0.171795102,-0.257066014,0.076361337,0.083117102,0.264403879,0.171795102,0.828204898,0.735596121,0.908750861,927,1915,927,1915,9232,10159,4494,9232,2579,0.573876279,0.355559182,-0.355559182,0.065317381,0.00213318,0.002153237,0.734462573,0.269717636,0.430580741,0.407718289,0.816587669,0.100742132,-0.454052349,0.454052349,-0.039121816,-0.398166329,0.104479854,0.828204898,0.735596121,-0.454052349,0.239268409,[0.7590664],11147,-0.244501748,1.468094572,0.64475,0.521637493,0.193953457,0.78190051,0.78190051,1.059912415,-329977952.5,-0.196986335,0.545947651,0.687183586,0.702437955,,,,,,,,0.116629875
ce778982-236b-4a5b-81f1-7f51239624ea,BaggingClassifier,PREPROCESSING,DIR,HYPERPARAMETER_BAL_GAN_FAIR,0.861598308,0.556474615,0.165426875,0.556474615,0.957567058,0.804867987,3506,0.138401692,-0.131724463,0.265923034,0.195132013,-0.015075916,0.924350518,0.443525385,0.135141385,1.320239133,0.127156759,-0.131434587,0.242675512,0.042432942,-0.058973371,0.117209358,0.077496996,0.443525385,0.042432942,0.957567058,0.556474615,0.872843241,1555,473,1555,473,10674,12229,2424,10674,1951,0.804867987,0.097057378,-0.097057378,0.020225033,0.000204526,0.00020345,0.732981241,0.26863075,0.42983671,0.393692764,0.279093382,0.172202342,-0.135141385,0.135141385,-0.058179336,-0.189492358,0.125027462,0.957567058,0.556474615,-0.135141385,0.239268409,[0.7590664],11147,-0.244501748,1.468094572,0.658010118,0.590230306,0.138401692,0.757020837,0.757020837,0.830495294,-169909006.7,-0.076168014,0.864858615,0.602997991,0.686666916,26.32821727,31.4,0,768.6767568,0,3202.81982,0.276688046,0.026311363
ce778982-236b-4a5b-81f1-7f51239624ea,RandomForestClassifier,PREPROCESSING,DIR,HYPERPARAMETER_BAL_GAN_FAIR,0.857913055,0.551625784,0.166791783,0.551625784,0.95424778,0.791325696,3506,0.142086945,-0.13421271,0.274692852,0.208674304,0.031504065,1.148325359,0.448374216,0.127415116,1.296501957,0.128757474,-0.134635772,0.238869863,0.04575222,-0.060230685,0.156626313,0.079526994,0.448374216,0.04575222,0.95424778,0.551625784,0.871242526,1572,510,1572,510,10637,12209,2444,10637,1934,0.791325696,0.093822901,-0.093822901,0.020422682,0.000208543,0.000207508,0.733011173,0.26865269,0.429850651,0.398815731,0.207110856,0.185230809,-0.127415116,0.127415116,-0.083069918,-0.18708036,0.127257748,0.95424778,0.551625784,-0.127415116,0.239268409,[0.7590664],11147,-0.244501748,1.468094572,0.650084034,0.578943648,0.142086945,0.752936782,0.752936782,0.823579495,-172298730.7,-0.067184431,0.872584884,0.596821478,0.720542063,,,,,,,,0.136076947
ce778982-236b-4a5b-81f1-7f51239624ea,GradientBoostingClassifier,PREPROCESSING,DIR,HYPERPARAMETER_BAL_GAN_FAIR,0.865556541,0.661722761,0.211833754,0.661722761,0.929667175,0.74742268,3506,0.134443459,-0.126020219,0.278959082,0.25257732,-0.00145916,0.994317431,0.338277239,0.185798381,1.591334895,0.102692874,-0.102686424,0.270974489,0.070332825,-0.096606226,0.121993414,0.070669813,0.338277239,0.070332825,0.929667175,0.661722761,0.897307126,1186,784,1186,784,10363,11549,3104,10363,2320,0.74742268,0.141202304,-0.141202304,0.005875365,1.73E-05,1.73E-05,0.732638634,0.268379684,0.429675873,0.375951626,0.314487706,0.166619101,-0.185798381,0.185798381,-0.050613632,-0.243859444,0.104083172,0.929667175,0.661722761,-0.185798381,0.239268409,[0.7590664],11147,-0.244501748,1.468094572,0.701966717,0.617484185,0.134443459,0.795694968,0.795694968,0.90804893,-231119364.8,-0.089192155,0.814201619,0.681250918,0.677023154,,,,,,,,0.023977715
ce778982-236b-4a5b-81f1-7f51239624ea,XGBClassifier,PREPROCESSING,DIR,DIR_DEMV,0.861939535,0.651739875,0.210673582,0.651739875,0.928052391,0.740200842,3506,0.138060465,-0.114168157,0.352820589,0.259799158,0.189353839,1.785043495,0.348260125,0.064764007,1.185293233,0.105568044,-0.119707985,0.213581544,0.071947609,-0.06134352,0.361132341,0.072720818,0.348260125,0.071947609,0.928052391,0.651739875,0.894431956,1221,802,1221,802,10345,11566,3087,10345,2285,0.740200842,0.063053764,-0.063053764,0.020540049,0.000210947,0.000210397,0.7328706,0.268549658,0.429785059,0.381368111,-0.181971273,0.274745784,-0.064764007,0.064764007,-0.154530912,-0.197158129,0.107120945,0.928052391,0.651739875,-0.064764007,0.239268409,[0.7590664],11147,-0.244501748,1.468094572,0.693159411,0.606593099,0.138060465,0.789896133,0.789896133,0.839702057,-263380797.5,-0.003420487,0.935235993,0.671811834,0.694003331,27.44908738,21,0,2246.204004,0,9359.183348,0.80852945,0.005707979
ce778982-236b-4a5b-81f1-7f51239624ea,GradientBoostingClassifier,PREPROCESSING,DIR,DIR_DEMV,0.863577424,0.629777524,0.198525899,0.629777524,0.937113125,0.759023719,3506,0.136422576,-0.097869831,0.432831424,0.240976281,0.300708635,2.425704878,0.370222476,0.022148639,1.058617332,0.110524523,-0.127879097,0.199603862,0.062886875,-0.028008352,0.637316624,0.073226633,0.370222476,0.062886875,0.937113125,0.629777524,0.889475477,1298,701,1298,701,10446,11744,2909,10446,2208,0.759023719,0.025078495,-0.025078495,0.033982746,0.000577414,0.000573979,0.733391416,0.268931484,0.43002678,0.382692129,-0.442171955,0.356804844,-0.022148639,0.028008352,-0.214293866,-0.16081755,0.110732932,0.937113125,0.629777524,-0.022148639,0.239268409,[0.7590664],11147,-0.244501748,1.468094572,0.688386594,0.606323453,0.136422576,0.783445324,0.783445324,0.803092954,-190544407.1,0.005859714,0.977851361,0.657779102,0.744820285,,,,,,,,0.088983496
ce778982-236b-4a5b-81f1-7f51239624ea,AdaBoostClassifier,PREPROCESSING,DIR,DIR_DEMV,0.856070429,0.657444381,0.219272504,0.657444381,0.918543106,0.71739807,3506,0.143929571,-0.113427698,0.376402311,0.28260193,0.209021853,1.791896063,0.342555619,0.107684222,1.321279599,0.104982517,-0.114122104,0.233841069,0.081456894,-0.071562567,0.35361774,0.074723311,0.342555619,0.081456894,0.918543106,0.657444381,0.895017483,1201,908,1201,908,10239,11440,3213,10239,2305,0.71739807,0.089623394,-0.089623394,0.013271657,8.81E-05,8.79E-05,0.732760787,0.268469185,0.429733568,0.386583266,-0.156936267,0.267999932,-0.107684222,0.107684222,-0.161571978,-0.209667503,0.107855582,0.918543106,0.657444381,-0.107684222,0.239268409,[0.7590664],11147,-0.244501748,1.468094572,0.686114005,0.593922297,0.143929571,0.787993743,0.787993743,0.858616417,-146701084.7,-0.036121655,0.892315778,0.671473309,0.386186105,465.2381296,78.6,0,36575.08578,0,152396.1907,13.16533759,0.046199937
ce778982-236b-4a5b-81f1-7f51239624ea,RandomForestClassifier,PREPROCESSING,DIR,DIR_DEMV,0.849723606,0.614375357,0.205009213,0.614375357,0.923746299,0.717043941,3506,0.150276394,-0.132485739,0.319631354,0.282956059,0.144413084,1.530435938,0.385624643,0.116629875,1.304222649,0.116061465,-0.127524411,0.232895385,0.076253701,-0.079160346,0.261043854,0.079934517,0.385624643,0.076253701,0.923746299,0.614375357,0.883938535,1352,850,1352,850,10297,11649,3004,10297,2154,0.717043941,0.09789511,-0.09789511,0.017749934,0.00015753,0.000157104,0.732789713,0.268490382,0.429747157,0.399836258,-0.012681207,0.231639049,-0.116629875,0.116629875,-0.135968748,-0.206456104,0.118129548,0.923746299,0.614375357,-0.116629875,0.239268409,[0.7590664],11147,-0.244501748,1.468094572,0.661751152,0.56868417,0.150276394,0.769060828,0.769060828,0.844348123,-562136787.7,-0.037469529,0.883370125,0.637183849,0.444667695,845.1234894,199.7,0,103504.0353,0,431266.8136,37.25666084,0.018847892
ce778982-236b-4a5b-81f1-7f51239624ea,BaggingClassifier,PREPROCESSING,DIR,DIR_DEMV,0.838599604,0.571021107,0.19538661,0.571021107,0.922759487,0.699266504,3506,0.161400396,-0.143737132,0.315951719,0.300733496,0.16775379,1.57968254,0.428978893,0.026311363,1.061071124,0.127565734,-0.147346261,0.195446634,0.077240513,-0.071842926,0.332545009,0.087224573,0.428978893,0.077240513,0.922759487,0.571021107,0.872434266,1504,861,1504,861,10286,11790,2863,10286,2002,0.699266504,0.049077145,-0.049077145,0.02444989,0.000298899,0.000297719,0.733065265,0.268692341,0.429875811,0.417671099,-0.221902828,0.285886779,-0.026311363,0.071842926,-0.157550025,-0.181381925,0.130069981,0.922759487,0.571021107,-0.026311363,0.239268409,[0.7590664],11147,-0.244501748,1.468094572,0.628670121,0.531314168,0.161400396,0.746890297,0.746890297,0.78354554,-1253756388,0.045531562,0.973688637,0.598460504,0.444585532,724.8700528,259.7,0,167754.8773,0,698978.6556,60.38398941,0.01774414
ce778982-236b-4a5b-81f1-7f51239624ea,BernoulliNB,PREPROCESSING,DIR,DIR_DEMV,0.819217908,0.68682259,0.27018358,0.68682259,0.860859424,0.608234403,3506,0.180782092,-0.132453424,0.399651878,0.391765597,0.215913251,1.594746446,0.31317741,0.136076947,1.465229111,0.102674397,-0.108669203,0.241092559,0.139140576,-0.125733147,0.328543698,0.084601382,0.31317741,0.139140576,0.860859424,0.68682259,0.897325603,1098,1551,1098,1551,9596,10694,3959,9596,2408,0.608234403,0.130905047,-0.130905047,0.007195648,2.59E-05,2.60E-05,0.732646111,0.268385162,0.429679446,0.411342637,-0.198502541,0.279778897,-0.136076947,0.136076947,-0.162291227,-0.253686561,0.111890066,0.860859424,0.68682259,-0.136076947,0.239268409,[0.7590664],11147,-0.244501748,1.468094572,0.645144005,0.526199698,0.180782092,0.773841007,0.773841007,0.8751407,-295730969.1,-0.010343801,0.863923053,0.665331215,0.450115109,221.9613769,347.1,0,187158.3987,0,779826.6613,67.36835879,0.023935667
ce778982-236b-4a5b-81f1-7f51239624ea,BaggingClassifier,PREPROCESSING,DIR,HYPERPARAMETER_DEMV,0.856070429,0.540501997,0.163311267,0.540501997,0.955324303,0.791893021,3506,0.143929571,-0.123968647,0.334251084,0.208106979,0.230330448,2.218522373,0.459498003,0.023977715,1.051929425,0.131402936,-0.147764831,0.203247321,0.044675697,-0.029177947,0.499183216,0.080903696,0.459498003,0.044675697,0.955324303,0.540501997,0.868597064,1611,498,1611,498,10649,12260,2393,10649,1895,0.791893021,0.026577831,-0.026577831,0.041554147,0.000863374,0.000856746,0.733767377,0.269207282,0.430199547,0.402252895,-0.289350559,0.305569228,-0.023977715,0.029177947,-0.18904764,-0.146161838,0.129984609,0.955324303,0.540501997,-0.023977715,0.239268409,[0.7590664],11147,-0.244501748,1.468094572,0.642481777,0.572265982,0.143929571,0.74791315,0.74791315,0.767791059,-166048967.8,0.005200232,0.976022285,0.587096274,0.382660469,471.7242417,456.5,0,229216.2544,0,955067.7268,82.50723973,0.035593399
ce778982-236b-4a5b-81f1-7f51239624ea,RandomForestClassifier,PREPROCESSING,DIR,HYPERPARAMETER_DEMV,0.855524466,0.561893896,0.174094042,0.561893896,0.947878353,0.772246178,3506,0.144475534,-0.116019909,0.378107168,0.227753822,0.286808548,2.436355711,0.438106104,0.005707979,1.01264408,0.12692117,-0.146960865,0.196566028,0.052121647,-0.023288694,0.633578697,0.080231149,0.438106104,0.052121647,0.947878353,0.561893896,0.87307883,1536,581,1536,581,10566,12102,2551,10566,1970,0.772246178,0.014498336,-0.014498336,0.045481446,0.001034281,0.001026726,0.733878118,0.269288546,0.430250224,0.400577456,-0.432810233,0.353161478,-0.005707979,0.023288694,-0.216884706,-0.140597383,0.126194863,0.947878353,0.561893896,-0.005707979,0.239268409,[0.7590664],11147,-0.244501748,1.468094572,0.65048704,0.573558001,0.144475534,0.754886125,0.754886125,0.765830717,-166123084.4,0.017580715,0.994292021,0.602953554,0.628626465,1182.699953,558.5,0,327135.3614,0,1363064.006,117.753585,0.033764323
ce778982-236b-4a5b-81f1-7f51239624ea,GradientBoostingClassifier,PREPROCESSING,DIR,HYPERPARAMETER_DEMV,0.867603904,0.661437536,0.209649901,0.661437536,0.932448192,0.754882813,3506,0.132396096,-0.097689618,0.415702918,0.245117188,0.259261346,2.171759613,0.338562464,0.088983496,1.262033741,0.102495467,-0.113481033,0.229607635,0.067551808,-0.045747778,0.474976971,0.069834972,0.338562464,0.067551808,0.932448192,0.661437536,0.897504533,1187,753,1187,753,10394,11581,3072,10394,2319,0.754882813,0.067365637,-0.067365637,0.023085259,0.000266465,0.000265594,0.732958197,0.268613859,0.429825969,0.373724424,-0.259447911,0.297012178,-0.088983496,0.088983496,-0.18637119,-0.189054595,0.103480415,0.932448192,0.661437536,-0.088983496,0.239268409,[0.7590664],11147,-0.244501748,1.468094572,0.705077531,0.622449623,0.132396096,0.796942864,0.796942864,0.850629428,-226088731,-0.043235718,0.911016504,0.682560706,0.410098598,478.0680008,659,0,369996.8622,0,1541653.593,133.1817409,0.039146431
ce778982-236b-4a5b-81f1-7f51239624ea,NEURONAL_NETWORK,IN_PROCESSING,RULER,DIR,0.805568825,0.245864233,0.072817853,0.245864233,0.981609402,0.80787254,3506,0.194431175,-0.188306027,0.260663786,0.19212746,0.260526114,2.722616633,0.754135767,-0.046199937,0.93924943,0.194612101,-0.211100731,0.20298495,0.018390598,-0.004158941,0.790152742,0.119980041,0.754135767,0.018390598,0.981609402,0.245864233,0.805387899,2644,205,2644,205,10942,13586,1067,10942,862,0.80787254,0.025179439,0.021020498,0.09096835,0.00413762,0.004076833,0.738125285,0.272414468,0.432149862,0.489857206,-0.550043671,0.394128658,0.046199937,0.046199937,-0.235813423,-0.054218098,0.205329848,0.981609402,0.245864233,0.046199937,0.239268409,[0.7590664],11147,-0.244501748,1.468094572,0.376995408,0.373497766,0.194431175,0.613736817,0.613736817,0.600835764,,-0.042040996,0.953800063,0.297626241,0.422992236,194.732163,760.7,0,386569.9993,0,1610708.33,139.147303,0.042394618
ce778982-236b-4a5b-81f1-7f51239624ea,NEURONAL_NETWORK,IN_PROCESSING,RULER,SMOTE,0.793284652,0.302909298,0.112400191,0.302909298,0.947519512,0.644808743,3506,0.206715348,-0.180796263,0.311898414,0.355191257,0.289291625,1.97861262,0.697090702,-0.018847892,0.973248788,0.187913271,-0.20501486,0.204456698,0.052480488,-0.022901696,0.602244439,0.125019693,0.697090702,0.052480488,0.947519512,0.302909298,0.812086729,2444,585,2444,585,10562,13006,1647,10562,1062,0.644808743,0.020874794,-0.002026902,0.080911931,0.00327337,0.003232271,0.736438068,0.271170514,0.431403324,0.500039385,-0.592682439,0.413357174,0.018847892,0.022901696,-0.247153243,-0.078027397,0.199056479,0.947519512,0.302909298,0.018847892,0.239268409,[0.7590664],11147,-0.244501748,1.468094572,0.412187075,0.338259944,0.206715348,0.625214405,0.625214405,0.626481653,,0.004053803,0.981152108,0.34919852,0.653637013,724.7207775,91.5,0,66316.23896,0,276317.6623,23.87077583,0
ce778982-236b-4a5b-81f1-7f51239624ea,NEURONAL_NETWORK,IN_PROCESSING,RULER,ROS,0.791646762,0.303479749,0.114311063,0.303479749,0.945187046,0.635223881,3506,0.208353238,-0.178267592,0.323025461,0.364776119,0.3074035,2.025569358,0.696520251,-0.01774414,0.974775852,0.188164586,-0.204818505,0.205149946,0.054812954,-0.020912811,0.64520961,0.125858031,0.696520251,0.054812954,0.945187046,0.303479749,0.811835414,2442,611,2442,611,10536,12978,1675,10536,1064,0.635223881,0.019328475,-0.001584336,0.081900625,0.003353856,0.003310341,0.736508154,0.27122213,0.431434511,0.501713128,-0.637642746,0.432580725,0.01774414,0.020912811,-0.256111002,-0.076198762,0.199543001,0.945187046,0.303479749,0.01774414,0.239268409,[0.7590664],11147,-0.244501748,1.468094572,0.410731519,0.333419858,0.208353238,0.624333397,0.624333397,0.625322551,,0.003168672,0.98225586,0.349052735,0.653637013,1218.556654,213.2,0,167700.6485,0,698752.7022,60.36446955,0
ce778982-236b-4a5b-81f1-7f51239624ea,NEURONAL_NETWORK,IN_PROCESSING,RULER,RUS,0.786255374,0.311751284,0.123660684,0.311751284,0.93549834,0.603200883,3506,0.213744626,-0.183517855,0.316710888,0.396799117,0.271190211,1.816203549,0.688248716,-0.023935667,0.965578231,0.187913714,-0.205932923,0.201219968,0.06450166,-0.031241364,0.556175474,0.128095351,0.688248716,0.06450166,0.93549834,0.311751284,0.812086286,2413,719,2413,719,10428,12841,1812,10428,1093,0.603200883,0.027588516,-0.003652849,0.078922476,0.003114379,0.003077697,0.736057889,0.270890608,0.431233855,0.506152844,-0.597979778,0.415873042,0.023935667,0.031241364,-0.238561567,-0.084507925,0.199769886,0.93549834,0.311751284,0.023935667,0.239268409,[0.7590664],11147,-0.244501748,1.468094572,0.411056788,0.320436572,0.213744626,0.623624812,0.623624812,0.625902819,,0.007305697,0.976064333,0.35458232,0.653637013,1053.181114,273.7,0,262224.5015,0,1092602.09,94.38868053,0
ce778982-236b-4a5b-81f1-7f51239624ea,NEURONAL_NETWORK,IN_PROCESSING,RULER,FOS,0.805295844,0.242441529,0.071452945,0.242441529,0.982327084,0.811843362,3506,0.194704156,-0.189006062,0.259949313,0.188156638,0.25751162,2.731305804,0.757558471,-0.035593399,0.953421831,0.195207996,-0.210947939,0.205974489,0.017672916,-0.004594099,0.759917306,0.120241622,0.757558471,0.017672916,0.982327084,0.242441529,0.804792004,2656,197,2656,197,10950,13606,1047,10950,850,0.811843362,0.020093749,0.01549965,0.091514537,0.004187455,0.004125842,0.738123102,0.272412857,0.432148901,0.49039091,-0.508733898,0.377841332,0.035593399,0.035593399,-0.23422978,-0.054659372,0.206097325,0.982327084,0.242441529,0.035593399,0.239268409,[0.7590664],11147,-0.244501748,1.468094572,0.373380189,0.372290579,0.194704156,0.612384306,0.612384306,0.602892564,,-0.030999299,0.964406601,0.293990489,1.2,330.5135458,362.7,0,291644.3774,0,1215184.906,104.9784738,0
ce778982-236b-4a5b-81f1-7f51239624ea,NEURONAL_NETWORK,IN_PROCESSING,RULER,FAIR_SMOTE,0.369617143,0.846548774,0.796219204,0.846548774,0.219610658,0.254392732,3506,0.630382857,0.142324595,1.244217039,0.745607268,0.257972527,1.387747009,0.153451226,0.033764323,1.222206849,0.180174146,-0.186425877,0.239851873,0.780389342,-0.015508596,0.980189478,0.066042908,0.153451226,0.780389342,0.219610658,0.846548774,0.819825854,538,8699,538,8699,2448,2986,11667,2448,2968,0.254392732,0.024636459,-0.024636459,0.061947881,0.00191877,0.001893165,0.734515518,0.269756523,0.430540345,0.363436124,-1.05104336,0.959208883,-0.033764323,0.033764323,-0.222199202,-0.032776622,0.085866075,0.219610658,0.846548774,-0.033764323,0.239268409,[0.7590664],11147,-0.244501748,1.468094572,0.391221248,0.070073243,0.630382857,0.533079716,0.533079716,0.546212912,,-0.018255727,0.966235677,0.535136353,0.653637013,728.094758,472.9,0,357303.281,0,1488763.671,128.6126393,0
ce778982-236b-4a5b-81f1-7f51239624ea,NEURONAL_NETWORK,IN_PROCESSING,RULER,BAL_GAN_FAIR,0.804681635,0.266970907,0.083805364,0.266970907,0.973804611,0.762214984,3506,0.195318365,-0.18448125,0.270669374,0.237785016,0.264188698,2.44223767,0.733029093,-0.039146431,0.947038328,0.191433892,-0.207891711,0.202892061,0.026195389,-0.008149896,0.699991558,0.119979927,0.733029093,0.026195389,0.973804611,0.266970907,0.808566108,2570,292,2570,292,10855,13425,1228,10855,936,0.762214984,0.023648164,0.015498268,0.087883384,0.003861745,0.003810297,0.737557976,0.271995884,0.431899779,0.489856973,-0.536113482,0.389240779,0.039146431,0.039146431,-0.236040204,-0.061852643,0.20167773,0.973804611,0.266970907,0.039146431,0.239268409,[0.7590664],11147,-0.244501748,1.468094572,0.395437262,0.370715677,0.195318365,0.620387759,0.620387759,0.610772824,,-0.030996535,0.960853569,0.318746807,0.653637013,1742.394651,575.3,0,506804.4531,0,2111685.221,182.42614,0
ce778982-236b-4a5b-81f1-7f51239624ea,NEURONAL_NETWORK,IN_PROCESSING,RULER,DEMV,0.804681635,0.278950371,0.089537979,0.278950371,0.970036781,0.745426829,3506,0.195318365,-0.183327233,0.274897223,0.254573171,0.260609888,2.285028542,0.721049629,-0.042394618,0.941774345,0.189491043,-0.206891532,0.200869695,0.029963219,-0.010867484,0.661662859,0.119577542,0.721049629,0.029963219,0.970036781,0.278950371,0.810508957,2528,334,2528,334,10813,13341,1312,10813,978,0.745426829,0.026631051,0.015763567,0.086226998,0.003717548,0.003666581,0.737282246,0.271792555,0.431777905,0.48903485,-0.54542346,0.393240812,0.042394618,0.042394618,-0.23375071,-0.065624287,0.199365522,0.970036781,0.278950371,0.042394618,0.239268409,[0.7590664],11147,-0.244501748,1.468094572,0.405977584,0.372049551,0.195318365,0.624493576,0.624493576,0.61464933,,-0.031527134,0.957605382,0.3306847,0.653637013,719.7519839,676.5,0,571896.8721,0,2382903.634,205.8563972,0
ce778982-236b-4a5b-81f1-7f51239624ea,NEURONAL_NETWORK,IN_PROCESSING,DISTRACTION,DIR,0.239268409,1,1,1,0,0.239268409,3506,0.760731591,0.244501748,1.358042795,0.760731591,0.244501748,1.358042795,0,0,,0,0,,1,0,1,0.029356245,0,1,0,1,0,0,11147,0,11147,0,0,14653,0,3506,0.239268409,0,0,0.05472982,0.001497677,0.001483798,0.734590077,0.269811291,0.430574126,0.242306604,0.716033684,1,0,0,-0.122250874,0,0.03322499,0,1,0,0.239268409,[0.7590664],11147,-0.244501748,1.468094572,0.386144611,0,0.760731591,0.5,0.5,0.5,,0,1,0.5571491,0.653637013,734.9995923,782.5,0,638567.082,0,2660696.175,229.8545862,0
ce778982-236b-4a5b-81f1-7f51239624ea,NEURONAL_NETWORK,IN_PROCESSING,DISTRACTION,SMOTE,0.239268409,1,1,1,0,0.239268409,3506,0.760731591,0.244501748,1.358042795,0.760731591,0.244501748,1.358042795,0,0,,0,0,,1,0,1,0.029356245,0,1,0,1,0,0,11147,0,11147,0,0,14653,0,3506,0.239268409,0,0,0.05472982,0.001497677,0.001483798,0.734590077,0.269811291,0.430574126,0.242306604,0.716033684,1,0,0,-0.122250874,0,0.03322499,0,1,0,0.239268409,[0.7590664],11147,-0.244501748,1.468094572,0.386144611,0,0.760731591,0.5,0.5,0.5,,0,1,0.5571491,0.678663799,592.6806684,90,8,53345.67018,4741.837349,933549.2281,80.64828054,0.157216441
ce778982-236b-4a5b-81f1-7f51239624ea,NEURONAL_NETWORK,IN_PROCESSING,DISTRACTION,ROS,0.239268409,1,1,1,0,0.239268409,3506,0.760731591,0.244501748,1.358042795,0.760731591,0.244501748,1.358042795,0,0,,0,0,,1,0,1,0.029356245,0,1,0,1,0,0,11147,0,11147,0,0,14653,0,3506,0.239268409,0,0,0.05472982,0.001497677,0.001483798,0.734590077,0.269811291,0.430574126,0.242306604,0.716033684,1,0,0,-0.122250874,0,0.03322499,0,1,0,0.239268409,[0.7590664],11147,-0.244501748,1.468094572,0.386144611,0,0.760731591,0.5,0.5,0.5,,0,1,0.5571491,0.669796823,,,,,,,,0.175549248
ce778982-236b-4a5b-81f1-7f51239624ea,NEURONAL_NETWORK,IN_PROCESSING,DISTRACTION,RUS,0.760731591,0,0,0,1,0,3506,0.239268409,-0.244501748,0.228982899,0,0,,1,0,1,0.239268409,-0.244501748,0.228982899,0,0,,0.157262044,1,0,1,0,0.760731591,3506,0,3506,0,11147,14653,0,11147,0,0,0,0,0.126673487,0.008023086,0.00786716,0.743931424,0.276716982,0.434668992,0.560824471,0.716033684,,0,0,-0.122250874,0,0.273474689,1,0,0,0.239268409,[0.7590664],11147,-0.244501748,1.468094572,0,0,0.239268409,0.5,0.5,0.5,-1774374997,0,1,1,0.771591028,884.3337967,117.8,15,97644.41068,9146.614051,1778843.819,153.672341,0.183370125
ce778982-236b-4a5b-81f1-7f51239624ea,NEURONAL_NETWORK,IN_PROCESSING,DISTRACTION,FOS,0.239268409,1,1,1,0,0.239268409,3506,0.760731591,0.244501748,1.358042795,0.760731591,0.244501748,1.358042795,0,0,,0,0,,1,0,1,0.029356245,0,1,0,1,0,0,11147,0,11147,0,0,14653,0,3506,0.239268409,0,0,0.05472982,0.001497677,0.001483798,0.734590077,0.269811291,0.430574126,0.242306604,0.716033684,1,0,0,-0.122250874,0,0.03322499,0,1,0,0.239268409,[0.7590664],11147,-0.244501748,1.468094572,0.386144611,0,0.760731591,0.5,0.5,0.5,,0,1,0.5571491,0.79001648,,,,,,,,0.109239987
ce778982-236b-4a5b-81f1-7f51239624ea,NEURONAL_NETWORK,IN_PROCESSING,DISTRACTION,FAIR_SMOTE,0.239268409,1,1,1,0,0.239268409,3506,0.760731591,0.244501748,1.358042795,0.760731591,0.244501748,1.358042795,0,0,,0,0,,1,0,1,0.029356245,0,1,0,1,0,0,11147,0,11147,0,0,14653,0,3506,0.239268409,0,0,0.05472982,0.001497677,0.001483798,0.734590077,0.269811291,0.430574126,0.242306604,0.716033684,1,0,0,-0.122250874,0,0.03322499,0,1,0,0.239268409,[0.7590664],11147,-0.244501748,1.468094572,0.386144611,0,0.760731591,0.5,0.5,0.5,,0,1,0.5571491,0.692416847,582.0718122,145.8,18,77596.8114,10879.70834,1955276.298,168.9141468,0.12466099
ce778982-236b-4a5b-81f1-7f51239624ea,NEURONAL_NETWORK,IN_PROCESSING,DISTRACTION,BAL_GAN_FAIR,0.239268409,1,1,1,0,0.239268409,3506,0.760731591,0.244501748,1.358042795,0.760731591,0.244501748,1.358042795,0,0,,0,0,,1,0,1,0.029356245,0,1,0,1,0,0,11147,0,11147,0,0,14653,0,3506,0.239268409,0,0,0.05472982,0.001497677,0.001483798,0.734590077,0.269811291,0.430574126,0.242306604,0.716033684,1,0,0,-0.122250874,0,0.03322499,0,1,0,0.239268409,[0.7590664],11147,-0.244501748,1.468094572,0.386144611,0,0.760731591,0.5,0.5,0.5,,0,1,0.5571491,0.778404835,,,,,,,,0.107106065
ce778982-236b-4a5b-81f1-7f51239624ea,NEURONAL_NETWORK,IN_PROCESSING,DISTRACTION,DEMV,0.239268409,1,1,1,0,0.239268409,3506,0.760731591,0.244501748,1.358042795,0.760731591,0.244501748,1.358042795,0,0,,0,0,,1,0,1,0.029356245,0,1,0,1,0,0,11147,0,11147,0,0,14653,0,3506,0.239268409,0,0,0.05472982,0.001497677,0.001483798,0.734590077,0.269811291,0.430574126,0.242306604,0.716033684,1,0,0,-0.122250874,0,0.03322499,0,1,0,0.239268409,[0.7590664],11147,-0.244501748,1.468094572,0.386144611,0,0.760731591,0.5,0.5,0.5,,0,1,0.5571491,0.686602732,594.3290594,182.6,15,89302.64405,9146.614051,1744086.458,150.6696912,0.14115421
ce778982-236b-4a5b-81f1-7f51239624ea,NEURONAL_NETWORK,IN_PROCESSING,FAIR_FOR_FREE,DIR,0.858049546,0.580433542,0.180440865,0.580433542,0.945366466,0.769667171,3506,0.141950454,-0.126575865,0.306784829,0.230332829,0.099439256,1.438739312,0.419566458,0.157216441,1.393113418,0.122491465,-0.125730515,0.252556957,0.054633534,-0.064888997,0.205449159,0.078171653,0.419566458,0.054633534,0.945366466,0.580433542,0.877508535,1471,609,1471,609,10538,12009,2644,10538,2035,0.769667171,0.111052719,-0.111052719,0.016323824,0.000133234,0.000132723,0.732871526,0.268550337,0.429785492,0.395402712,0.162531092,0.193925854,-0.157216441,0.157216441,-0.112584886,-0.198344461,0.121846585,0.945366466,0.580433542,-0.157216441,0.239268409,[0.7590664],11147,-0.244501748,1.468094572,0.661788618,0.583339517,0.141950454,0.762900004,0.762900004,0.847622124,,-0.092327443,0.842783559,0.618447045,0.67911463,,,,,,,,0.028760643
ce778982-236b-4a5b-81f1-7f51239624ea,NEURONAL_NETWORK,IN_PROCESSING,FAIR_FOR_FREE,SMOTE,0.851907459,0.577866515,0.185354535,0.577866515,0.938099937,0.745949926,3506,0.148092541,-0.1308142,0.311296986,0.254050074,0.110106868,1.437634906,0.422133485,0.175549248,1.443441317,0.123984251,-0.125110877,0.258520389,0.061900063,-0.07529495,0.201628003,0.08110225,0.422133485,0.061900063,0.938099937,0.577866515,0.876015749,1480,690,1480,690,10457,11937,2716,10457,2026,0.745949926,0.125422099,-0.125422099,0.01082089,5.85E-05,5.82E-05,0.732787638,0.268488861,0.429746183,0.402746198,0.180756971,0.190465226,-0.175549248,0.175549248,-0.117608872,-0.207224279,0.124421391,0.938099937,0.577866515,-0.175549248,0.239268409,[0.7590664],11147,-0.244501748,1.468094572,0.651237544,0.566492209,0.148092541,0.757983226,0.757983226,0.853051073,,-0.100254298,0.824450752,0.612362098,0.653637013,28.49217153,89.1,0,2541.435796,0,10589.31582,0.914799227,0
ce778982-236b-4a5b-81f1-7f51239624ea,NEURONAL_NETWORK,IN_PROCESSING,FAIR_FOR_FREE,ROS,0.791919743,0.862521392,0.38156009,0.862521392,0.769713824,0.540869254,3506,0.208080257,-0.167090149,0.36603379,0.459130746,0.147884979,1.330723204,0.137478608,0.183370125,2.572239748,0.053189141,-0.050065316,0.332251872,0.230286176,-0.251258748,0.242730458,0.071976155,0.137478608,0.230286176,0.769713824,0.862521392,0.946810859,482,2567,482,2567,8580,9062,5591,8580,3024,0.540869254,0.217314436,-0.217314436,0.054010682,0.001458577,0.001476566,0.733925618,0.269323406,0.430310032,0.379410478,-0.075701336,0.247713686,-0.183370125,0.251258748,-0.098975147,-0.381189997,0.079570608,0.769713824,0.862521392,-0.183370125,0.239268409,[0.7590664],11147,-0.244501748,1.468094572,0.664834561,0.555273393,0.208080257,0.816117608,0.816117608,0.993471746,,0.067888623,0.816629875,0.750884599,0.653637013,166.0514302,195.3,0,7351.485568,0,30631.18986,2.646194458,0
ce778982-236b-4a5b-81f1-7f51239624ea,NEURONAL_NETWORK,IN_PROCESSING,FAIR_FOR_FREE,RUS,0.809458814,0.834854535,0.35078141,0.834854535,0.801471248,0.569455253,3506,0.190541186,-0.153170297,0.354243672,0.430544747,0.134600853,1.325732413,0.165145465,0.109239987,1.738592751,0.060864081,-0.065736303,0.243868994,0.198528752,-0.208190717,0.252887634,0.072080792,0.165145465,0.198528752,0.801471248,0.834854535,0.939135919,579,2213,579,2213,8934,9513,5140,8934,2927,0.569455253,0.158715352,-0.158715352,0.037590242,0.000706513,0.000712573,0.733331956,0.268887879,0.430014375,0.379686165,-0.120655611,0.259050942,-0.109239987,0.208190717,-0.100168578,-0.341211753,0.082640925,0.801471248,0.834854535,-0.109239987,0.239268409,[0.7590664],11147,-0.244501748,1.468094572,0.677076105,0.568884589,0.190541186,0.818162891,0.818162891,0.948017903,,0.09895073,0.890760013,0.747732788,0.653637013,43.63583803,239,0,9171.889176,0,38216.2049,3.301455479,0
ce778982-236b-4a5b-81f1-7f51239624ea,NEURONAL_NETWORK,IN_PROCESSING,FAIR_FOR_FREE,FOS,0.857025865,0.592983457,0.187470143,0.592983457,0.940073562,0.756825628,3506,0.142974135,-0.128896607,0.299002017,0.243174372,0.095741422,1.402965828,0.407016543,0.12466099,1.319951437,0.119855535,-0.126167674,0.238109275,0.059926438,-0.069315111,0.215277868,0.078018672,0.407016543,0.059926438,0.940073562,0.592983457,0.880144465,1427,668,1427,668,10479,11906,2747,10479,2079,0.756825628,0.09698805,-0.09698805,0.015405269,0.000118661,0.000118205,0.732842428,0.268529012,0.429771873,0.395015626,0.091668727,0.20838466,-0.12466099,0.12466099,-0.110954548,-0.200974796,0.119838687,0.940073562,0.592983457,-0.12466099,0.239268409,[0.7590664],11147,-0.244501748,1.468094572,0.664960819,0.582701793,0.142974135,0.76652851,0.76652851,0.840872615,,-0.05534588,0.87533901,0.626912929,0.653637013,13.02379775,291.3,0,9855.482954,0,41064.51231,3.547517591,0
ce778982-236b-4a5b-81f1-7f51239624ea,NEURONAL_NETWORK,IN_PROCESSING,FAIR_FOR_FREE,FAIR_SMOTE,0.709069815,0.927267541,0.495393435,0.927267541,0.640441374,0.447857832,3506,0.290930185,-0.210054555,0.394627575,0.552142168,0.148605986,1.283807063,0.072732459,0.107106065,3.140546218,0.034487422,-0.029130289,0.325076906,0.359558626,-0.349532793,0.2791348,0.071404172,0.072732459,0.359558626,0.640441374,0.927267541,0.965512578,255,4008,255,4008,7139,7394,7259,7139,3251,0.447857832,0.228319429,-0.228319429,0.05881347,0.001729512,0.00175201,0.734934709,0.270064513,0.430821017,0.377899912,-0.250010263,0.295275681,-0.107106065,0.349532793,-0.088868138,-0.44564296,0.073841034,0.640441374,0.927267541,-0.107106065,0.239268409,[0.7590664],11147,-0.244501748,1.468094572,0.603994426,0.484431695,0.290930185,0.783854458,0.783854458,0.96282366,,0.242426727,0.892893935,0.731507003,0.653637013,32.40080953,378.1,0,11828.67953,0,49286.16472,4.257777008,0
ce778982-236b-4a5b-81f1-7f51239624ea,NEURONAL_NETWORK,IN_PROCESSING,FAIR_FOR_FREE,BAL_GAN_FAIR,0.856752883,0.589275528,0.185968744,0.589275528,0.940880955,0.758165138,3506,0.143247117,-0.128092608,0.304257451,0.241834862,0.100273973,1.418285714,0.410724472,0.14115421,1.364346764,0.120724346,-0.124539756,0.245310367,0.059119045,-0.070681931,0.211997443,0.078330594,0.410724472,0.059119045,0.940880955,0.589275528,0.879275654,1440,659,1440,659,10488,11928,2725,10488,2066,0.758165138,0.105918071,-0.105918071,0.012316759,7.59E-05,7.54E-05,0.732817665,0.268510865,0.42976027,0.395804483,0.117688944,0.202992668,-0.14115421,0.14115421,-0.112406864,-0.203645556,0.12062965,0.940880955,0.589275528,-0.14115421,0.239268409,[0.7590664],11147,-0.244501748,1.468094572,0.663135933,0.581328967,0.143247117,0.765078241,0.765078241,0.846113852,,-0.070472279,0.85884579,0.624027788,0.653637013,184.8794076,468.1,0,18184.88846,0,75770.36857,6.545717951,0
ce778982-236b-4a5b-81f1-7f51239624ea,NEURONAL_NETWORK,IN_PROCESSING,FAIR_FOR_FREE,DEMV,0.853408858,0.547062179,0.169112127,0.547062179,0.949762268,0.774011299,3506,0.146591142,-0.115786564,0.378580689,0.225988701,0.291831162,2.505191147,0.452937821,0.028760643,1.062939959,0.130431211,-0.146241677,0.206385746,0.050237732,-0.022621337,0.627034691,0.081926733,0.452937821,0.050237732,0.949762268,0.547062179,0.869568789,1588,560,1588,560,10587,12175,2478,10587,1918,0.774011299,0.02569099,-0.02569099,0.04548947,0.001034646,0.001025651,0.733878474,0.269288808,0.430250387,0.404788175,-0.394944954,0.339910169,-0.028760643,0.028760643,-0.219036419,-0.14101324,0.129716722,0.949762268,0.547062179,-0.028760643,0.239268409,[0.7590664],11147,-0.244501748,1.468094572,0.641042781,0.565461158,0.146591142,0.748412223,0.748412223,0.767639675,,-0.006139306,0.971239357,0.590335488,0.653637013,29.59030795,541.4,0,19963.75632,0,83182.318,7.186028028,0
ce778982-236b-4a5b-81f1-7f51239624ea,NEURONAL_NETWORK,IN_PROCESSING,ROB_FAIRNESS_FGSM,DIR,0.239268409,1,1,1,0,0.239268409,3506,0.760731591,0.244501748,1.358042795,0.760731591,0.244501748,1.358042795,0,0,,0,0,,1,0,1,0.029356245,0,1,0,1,0,0,11147,0,11147,0,0,14653,0,3506,0.239268409,0,0,0.05472982,0.001497677,0.001483798,0.734590077,0.269811291,0.430574126,0.242306604,0.716033684,1,0,0,-0.122250874,0,0.03322499,0,1,0,0.239268409,[0.7590664],11147,-0.244501748,1.468094572,0.386144611,0,0.760731591,0.5,0.5,0.5,,0,1,0.5571491,0.653637013,32.96619725,623.4,0,21925.75674,0,91357.31973,7.892257344,0
ce778982-236b-4a5b-81f1-7f51239624ea,NEURONAL_NETWORK,IN_PROCESSING,ROB_FAIRNESS_FGSM,SMOTE,0.239268409,1,1,1,0,0.239268409,3506,0.760731591,0.244501748,1.358042795,0.760731591,0.244501748,1.358042795,0,0,,0,0,,1,0,1,0.029356245,0,1,0,1,0,0,11147,0,11147,0,0,14653,0,3506,0.239268409,0,0,0.05472982,0.001497677,0.001483798,0.734590077,0.269811291,0.430574126,0.242306604,0.716033684,1,0,0,-0.122250874,0,0.03322499,0,1,0,0.239268409,[0.7590664],11147,-0.244501748,1.468094572,0.386144611,0,0.760731591,0.5,0.5,0.5,,0,1,0.5571491,0.653637013,27.74053597,56.4,0,1567.206106,0,6530.025443,0.564121642,0
ce778982-236b-4a5b-81f1-7f51239624ea,NEURONAL_NETWORK,IN_PROCESSING,ROB_FAIRNESS_FGSM,ROS,0.239268409,1,1,1,0,0.239268409,3506,0.760731591,0.244501748,1.358042795,0.760731591,0.244501748,1.358042795,0,0,,0,0,,1,0,1,0.029356245,0,1,0,1,0,0,11147,0,11147,0,0,14653,0,3506,0.239268409,0,0,0.05472982,0.001497677,0.001483798,0.734590077,0.269811291,0.430574126,0.242306604,0.716033684,1,0,0,-0.122250874,0,0.03322499,0,1,0,0.239268409,[0.7590664],11147,-0.244501748,1.468094572,0.386144611,0,0.760731591,0.5,0.5,0.5,,0,1,0.5571491,0.653637013,164.7509017,161,0,6205.913141,0,25857.97142,2.23384142,0
ce778982-236b-4a5b-81f1-7f51239624ea,NEURONAL_NETWORK,IN_PROCESSING,ROB_FAIRNESS_FGSM,RUS,0.239268409,1,1,1,0,0.239268409,3506,0.760731591,0.244501748,1.358042795,0.760731591,0.244501748,1.358042795,0,0,,0,0,,1,0,1,0.029356245,0,1,0,1,0,0,11147,0,11147,0,0,14653,0,3506,0.239268409,0,0,0.05472982,0.001497677,0.001483798,0.734590077,0.269811291,0.430574126,0.242306604,0.716033684,1,0,0,-0.122250874,0,0.03322499,0,1,0,0.239268409,[0.7590664],11147,-0.244501748,1.468094572,0.386144611,0,0.760731591,0.5,0.5,0.5,,0,1,0.5571491,0.653637013,43.37195587,204.4,0,7993.688578,0,33307.03574,2.87735781,0
ce778982-236b-4a5b-81f1-7f51239624ea,NEURONAL_NETWORK,IN_PROCESSING,ROB_FAIRNESS_FGSM,FOS,0.239268409,1,1,1,0,0.239268409,3506,0.760731591,0.244501748,1.358042795,0.760731591,0.244501748,1.358042795,0,0,,0,0,,1,0,1,0.029356245,0,1,0,1,0,0,11147,0,11147,0,0,14653,0,3506,0.239268409,0,0,0.05472982,0.001497677,0.001483798,0.734590077,0.269811291,0.430574126,0.242306604,0.716033684,1,0,0,-0.122250874,0,0.03322499,0,1,0,0.239268409,[0.7590664],11147,-0.244501748,1.468094572,0.386144611,0,0.760731591,0.5,0.5,0.5,,0,1,0.5571491,0.653637013,12.89137435,256.6,0,8669.063477,0,36121.09782,3.120461506,0
ce778982-236b-4a5b-81f1-7f51239624ea,NEURONAL_NETWORK,IN_PROCESSING,ROB_FAIRNESS_FGSM,FAIR_SMOTE,0.239268409,1,1,1,0,0.239268409,3506,0.760731591,0.244501748,1.358042795,0.760731591,0.244501748,1.358042795,0,0,,0,0,,1,0,1,0.029356245,0,1,0,1,0,0,11147,0,11147,0,0,14653,0,3506,0.239268409,0,0,0.05472982,0.001497677,0.001483798,0.734590077,0.269811291,0.430574126,0.242306604,0.716033684,1,0,0,-0.122250874,0,0.03322499,0,1,0,0.239268409,[0.7590664],11147,-0.244501748,1.468094572,0.386144611,0,0.760731591,0.5,0.5,0.5,,0,1,0.5571491,0.653637013,32.32885122,343.3,0,10634.63021,0,44310.95921,3.827974532,0
ce778982-236b-4a5b-81f1-7f51239624ea,NEURONAL_NETWORK,IN_PROCESSING,ROB_FAIRNESS_FGSM,BAL_GAN_FAIR,0.239268409,1,1,1,0,0.239268409,3506,0.760731591,0.244501748,1.358042795,0.760731591,0.244501748,1.358042795,0,0,,0,0,,1,0,1,0.029356245,0,1,0,1,0,0,11147,0,11147,0,0,14653,0,3506,0.239268409,0,0,0.05472982,0.001497677,0.001483798,0.734590077,0.269811291,0.430574126,0.242306604,0.716033684,1,0,0,-0.122250874,0,0.03322499,0,1,0,0.239268409,[0.7590664],11147,-0.244501748,1.468094572,0.386144611,0,0.760731591,0.5,0.5,0.5,,0,1,0.5571491,0.653637013,184.5930877,432.3,0,16904.95013,0,70437.29219,6.084999409,0
ce778982-236b-4a5b-81f1-7f51239624ea,NEURONAL_NETWORK,IN_PROCESSING,ROB_FAIRNESS_FGSM,DEMV,0.239268409,1,1,1,0,0.239268409,3506,0.760731591,0.244501748,1.358042795,0.760731591,0.244501748,1.358042795,0,0,,0,0,,1,0,1,0.029356245,0,1,0,1,0,0,11147,0,11147,0,0,14653,0,3506,0.239268409,0,0,0.05472982,0.001497677,0.001483798,0.734590077,0.269811291,0.430574126,0.242306604,0.716033684,1,0,0,-0.122250874,0,0.03322499,0,1,0,0.239268409,[0.7590664],11147,-0.244501748,1.468094572,0.386144611,0,0.760731591,0.5,0.5,0.5,,0,1,0.5571491,0.653637013,29.40401554,509.5,0,18781.02584,0,78254.27434,6.760299811,0
ce778982-236b-4a5b-81f1-7f51239624ea,NEURONAL_NETWORK,IN_PROCESSING,ROB_FAIRNESS_PGD,DIR,0.239268409,1,1,1,0,0.239268409,3506,0.760731591,0.244501748,1.358042795,0.760731591,0.244501748,1.358042795,0,0,,0,0,,1,0,1,0.029356245,0,1,0,1,0,0,11147,0,11147,0,0,14653,0,3506,0.239268409,0,0,0.05472982,0.001497677,0.001483798,0.734590077,0.269811291,0.430574126,0.242306604,0.716033684,1,0,0,-0.122250874,0,0.03322499,0,1,0,0.239268409,[0.7590664],11147,-0.244501748,1.468094572,0.386144611,0,0.760731591,0.5,0.5,0.5,,0,1,0.5571491,0.653637013,32.87874866,590.8,0,20717.53756,0,86323.07316,7.457354375,0
ce778982-236b-4a5b-81f1-7f51239624ea,NEURONAL_NETWORK,IN_PROCESSING,ROB_FAIRNESS_PGD,SMOTE,0.239268409,1,1,1,0,0.239268409,3506,0.760731591,0.244501748,1.358042795,0.760731591,0.244501748,1.358042795,0,0,,0,0,,1,0,1,0.029356245,0,1,0,1,0,0,11147,0,11147,0,0,14653,0,3506,0.239268409,0,0,0.05472982,0.001497677,0.001483798,0.734590077,0.269811291,0.430574126,0.242306604,0.716033684,1,0,0,-0.122250874,0,0.03322499,0,1,0,0.239268409,[0.7590664],11147,-0.244501748,1.468094572,0.386144611,0,0.760731591,0.5,0.5,0.5,,0,1,0.5571491,0.438976498,217.7606461,21.7,0,4726.423203,0,19693.43001,1.701293537,0.117975402
ce778982-236b-4a5b-81f1-7f51239624ea,NEURONAL_NETWORK,IN_PROCESSING,ROB_FAIRNESS_PGD,ROS,0.239268409,1,1,1,0,0.239268409,3506,0.760731591,0.244501748,1.358042795,0.760731591,0.244501748,1.358042795,0,0,,0,0,,1,0,1,0.029356245,0,1,0,1,0,0,11147,0,11147,0,0,14653,0,3506,0.239268409,0,0,0.05472982,0.001497677,0.001483798,0.734590077,0.269811291,0.430574126,0.242306604,0.716033684,1,0,0,-0.122250874,0,0.03322499,0,1,0,0.239268409,[0.7590664],11147,-0.244501748,1.468094572,0.386144611,0,0.760731591,0.5,0.5,0.5,,0,1,0.5571491,0.170166646,409.9426556,79.3,0,13943.88505,0,58099.52106,5.019153069,0.060527699
ce778982-236b-4a5b-81f1-7f51239624ea,NEURONAL_NETWORK,IN_PROCESSING,ROB_FAIRNESS_PGD,RUS,0.239268409,1,1,1,0,0.239268409,3506,0.760731591,0.244501748,1.358042795,0.760731591,0.244501748,1.358042795,0,0,,0,0,,1,0,1,0.029356245,0,1,0,1,0,0,11147,0,11147,0,0,14653,0,3506,0.239268409,0,0,0.05472982,0.001497677,0.001483798,0.734590077,0.269811291,0.430574126,0.242306604,0.716033684,1,0,0,-0.122250874,0,0.03322499,0,1,0,0.239268409,[0.7590664],11147,-0.244501748,1.468094572,0.386144611,0,0.760731591,0.5,0.5,0.5,,0,1,0.5571491,0.379549979,279.2097549,73.9,0,19555.93615,0,81483.0673,7.039231647,0.056364974
ce778982-236b-4a5b-81f1-7f51239624ea,NEURONAL_NETWORK,IN_PROCESSING,ROB_FAIRNESS_PGD,FOS,0.239268409,1,1,1,0,0.239268409,3506,0.760731591,0.244501748,1.358042795,0.760731591,0.244501748,1.358042795,0,0,,0,0,,1,0,1,0.029356245,0,1,0,1,0,0,11147,0,11147,0,0,14653,0,3506,0.239268409,0,0,0.05472982,0.001497677,0.001483798,0.734590077,0.269811291,0.430574126,0.242306604,0.716033684,1,0,0,-0.122250874,0,0.03322499,0,1,0,0.239268409,[0.7590664],11147,-0.244501748,1.468094572,0.386144611,0,0.760731591,0.5,0.5,0.5,,0,1,0.5571491,1.2,111.9482412,93.5,0,21750.74509,0,90628.10453,7.829261252,0
ce778982-236b-4a5b-81f1-7f51239624ea,NEURONAL_NETWORK,IN_PROCESSING,ROB_FAIRNESS_PGD,FAIR_SMOTE,0.239268409,1,1,1,0,0.239268409,3506,0.760731591,0.244501748,1.358042795,0.760731591,0.244501748,1.358042795,0,0,,0,0,,1,0,1,0.029356245,0,1,0,1,0,0,11147,0,11147,0,0,14653,0,3506,0.239268409,0,0,0.05472982,0.001497677,0.001483798,0.734590077,0.269811291,0.430574126,0.242306604,0.716033684,1,0,0,-0.122250874,0,0.03322499,0,1,0,0.239268409,[0.7590664],11147,-0.244501748,1.468094572,0.386144611,0,0.760731591,0.5,0.5,0.5,,0,1,0.5571491,0.438976498,220.9704232,135.3,0,26648.96992,0,111037.3747,9.592395421,0.117975402
ce778982-236b-4a5b-81f1-7f51239624ea,NEURONAL_NETWORK,IN_PROCESSING,ROB_FAIRNESS_PGD,BAL_GAN_FAIR,0.239268409,1,1,1,0,0.239268409,3506,0.760731591,0.244501748,1.358042795,0.760731591,0.244501748,1.358042795,0,0,,0,0,,1,0,1,0.029356245,0,1,0,1,0,0,11147,0,11147,0,0,14653,0,3506,0.239268409,0,0,0.05472982,0.001497677,0.001483798,0.734590077,0.269811291,0.430574126,0.242306604,0.716033684,1,0,0,-0.122250874,0,0.03322499,0,1,0,0.239268409,[0.7590664],11147,-0.244501748,1.468094572,0.386144611,0,0.760731591,0.5,0.5,0.5,,0,1,0.5571491,0.63068366,511.9389179,177.7,0,40249.18391,0,167704.933,14.48784282,0.126490066
ce778982-236b-4a5b-81f1-7f51239624ea,NEURONAL_NETWORK,IN_PROCESSING,ROB_FAIRNESS_PGD,DEMV,0.239268409,1,1,1,0,0.239268409,3506,0.760731591,0.244501748,1.358042795,0.760731591,0.244501748,1.358042795,0,0,,0,0,,1,0,1,0.029356245,0,1,0,1,0,0,11147,0,11147,0,0,14653,0,3506,0.239268409,0,0,0.05472982,0.001497677,0.001483798,0.734590077,0.269811291,0.430574126,0.242306604,0.716033684,1,0,0,-0.122250874,0,0.03322499,0,1,0,0.239268409,[0.7590664],11147,-0.244501748,1.468094572,0.386144611,0,0.760731591,0.5,0.5,0.5,,0,1,0.5571491,0.438976498,216.54737,210.2,0,44975.68538,0,187398.6891,16.18916453,0.117975402
ce778982-236b-4a5b-81f1-7f51239624ea,GERRY_FAIR_CLASSIFIER,IN_PROCESSING,GERRY_FAIR_CLASSIFIER,DIR,0.487340476,0.440673132,0.484269433,0.440673132,0.50201848,0.217728298,3506,0.512659524,0.053597095,1.108242391,0.782271702,0.227548085,1.32366605,0.559326868,-0.117975402,0.799839486,0.259494508,-0.25628241,0.230032934,0.49798152,0.103417395,1.229107499,0.14600838,0.559326868,0.49798152,0.50201848,0.440673132,0.740505492,1961,5551,1961,5551,5596,7557,7096,5596,1545,0.217728298,0.110696399,0.110696399,0.124390639,0.007736515,0.007582888,0.74174597,0.275093542,0.433728202,0.540385751,-1.200777544,1.261028478,0.117975402,0.117975402,-0.241915247,0.114449308,0.202686813,0.50201848,0.440673132,0.117975402,0.239268409,[0.7590664],11147,-0.244501748,1.468094572,0.291454443,-0.048923964,0.512659524,0.471345806,0.471345806,0.419169523,-2699677478,-0.014558007,0.882024598,0.350857273,0.438102898,18.62705731,236.6,0,45208.70176,0,188369.5906,16.27303964,0.030831494
ce778982-236b-4a5b-81f1-7f51239624ea,GERRY_FAIR_CLASSIFIER,IN_PROCESSING,GERRY_FAIR_CLASSIFIER,SMOTE,0.779567324,0.093839133,0.026069747,0.093839133,0.995245357,0.861256545,3506,0.220432676,-0.220429089,0.239719228,0.138743455,-0.145896657,0,0.906160867,0.060527699,1.067506888,0.222619298,-0.225961617,0.23579169,0.004754643,-0.008200923,0,0.141327205,0.906160867,0.004754643,0.995245357,0.093839133,0.777380702,3177,53,3177,53,11094,14271,382,11094,329,0.861256545,0.034364311,-0.034364311,0.103004383,0.005304951,0.005217919,0.740169826,0.273925686,0.433044527,0.531652528,0.892590559,0.081073667,-0.060527699,0.060527699,-0.04003248,-0.035273219,0.24615243,0.995245357,0.093839133,-0.060527699,0.239268409,[0.7590664],11147,-0.244501748,1.468094572,0.169238683,0.238521852,0.220432676,0.544542245,0.544542245,0.563255064,-2699677478,-0.052326776,0.939472301,0.120733945,0.689521662,46.75938153,9.6,0,449.3399734,0,1872.249889,0.161741588,0.062609061
ce778982-236b-4a5b-81f1-7f51239624ea,GERRY_FAIR_CLASSIFIER,IN_PROCESSING,GERRY_FAIR_CLASSIFIER,ROS,0.466252645,0.361950941,0.467685798,0.361950941,0.499058043,0.185174376,3506,0.533747355,0.0878999,1.169720667,0.814825624,0.211116814,1.285385403,0.638049059,-0.056364974,0.914125561,0.286794872,-0.251490136,0.29768842,0.500941957,0.152650451,1.336520937,0.159565901,0.638049059,0.500941957,0.499058043,0.361950941,0.713205128,2237,5584,2237,5584,5563,7800,6853,5563,1269,0.185174376,0.104507712,0.104507712,0.126640056,0.008018852,0.007867207,0.745202733,0.277663557,0.435212929,0.564917518,-1.116154915,1.412068804,0.056364974,0.152650451,-0.231303475,0.172548704,0.224332652,0.499058043,0.361950941,0.056364974,0.239268409,[0.7590664],11147,-0.244501748,1.468094572,0.245004344,-0.11884585,0.533747355,0.430504492,0.430504492,0.385513452,-2699677478,0.096285476,0.943635026,0.292211157,0.749823393,175.7935145,49.8,0,2397.450453,0,9989.376888,0.86297117,0.012509198
ce778982-236b-4a5b-81f1-7f51239624ea,GERRY_FAIR_CLASSIFIER,IN_PROCESSING,GERRY_FAIR_CLASSIFIER,RUS,0.760731591,0,0,0,1,0,3506,0.239268409,-0.244501748,0.228982899,0,0,,1,0,1,0.239268409,-0.244501748,0.228982899,0,0,,0.157262044,1,0,1,0,0.760731591,3506,0,3506,0,11147,14653,0,11147,0,0,0,0,0.126673487,0.008023086,0.00786716,0.743931424,0.276716982,0.434668992,0.560824471,0.716033684,,0,0,-0.122250874,0,0.273474689,1,0,0,0.239268409,[0.7590664],11147,-0.244501748,1.468094572,0,0,0.239268409,0.5,0.5,0.5,-2699677478,0,1,1,0.787815961,48.24100661,29.4,0,1464.770746,0,6103.21144,0.527249655,0.110049406
ce778982-236b-4a5b-81f1-7f51239624ea,GERRY_FAIR_CLASSIFIER,IN_PROCESSING,GERRY_FAIR_CLASSIFIER,FOS,0.487340476,0.440673132,0.484269433,0.440673132,0.50201848,0.217728298,3506,0.512659524,0.053597095,1.108242391,0.782271702,0.227548085,1.32366605,0.559326868,-0.117975402,0.799839486,0.259494508,-0.25628241,0.230032934,0.49798152,0.103417395,1.229107499,0.14600838,0.559326868,0.49798152,0.50201848,0.440673132,0.740505492,1961,5551,1961,5551,5596,7557,7096,5596,1545,0.217728298,0.110696399,0.110696399,0.124390639,0.007736515,0.007582888,0.74174597,0.275093542,0.433728202,0.540385751,-1.200777544,1.261028478,0.117975402,0.117975402,-0.241915247,0.114449308,0.202686813,0.50201848,0.440673132,0.117975402,0.239268409,[0.7590664],11147,-0.244501748,1.468094572,0.291454443,-0.048923964,0.512659524,0.471345806,0.471345806,0.419169523,-2699677478,-0.014558007,0.882024598,0.350857273,0.79366453,27.24111605,39.3,0,1734.921739,0,7228.840579,0.624491506,0.093924104
ce778982-236b-4a5b-81f1-7f51239624ea,GERRY_FAIR_CLASSIFIER,IN_PROCESSING,GERRY_FAIR_CLASSIFIER,FAIR_SMOTE,0.830410155,0.518539646,0.178461748,0.518539646,0.928500942,0.695219885,3506,0.169589845,-0.146070582,0.312481629,0.304780115,0.168244275,1.619101124,0.481460354,0.126490066,1.267132867,0.140222628,-0.148871028,0.235864792,0.071499058,-0.066626763,0.269725762,0.094034339,0.481460354,0.071499058,0.928500942,0.518539646,0.859777372,1688,797,1688,797,10350,12038,2615,10350,1818,0.695219885,0.096558415,-0.096558415,0.041489045,0.00086067,0.0008524,0.733146729,0.268752063,0.429913632,0.433668856,0.009305782,0.226236103,-0.126490066,0.126490066,-0.158557652,-0.177394243,0.143018518,0.928500942,0.518539646,-0.126490066,0.239268409,[0.7590664],11147,-0.244501748,1.468094572,0.594020585,0.4981027,0.169589845,0.723520294,0.723520294,0.793382267,-2699677478,-0.059863303,0.873509934,0.553719638,0.689521662,48.79687262,68.5,0,2251.162053,0,9379.84189,0.810314119,0.062609061
ce778982-236b-4a5b-81f1-7f51239624ea,GERRY_FAIR_CLASSIFIER,IN_PROCESSING,GERRY_FAIR_CLASSIFIER,BAL_GAN_FAIR,0.487340476,0.440673132,0.484269433,0.440673132,0.50201848,0.217728298,3506,0.512659524,0.053597095,1.108242391,0.782271702,0.227548085,1.32366605,0.559326868,-0.117975402,0.799839486,0.259494508,-0.25628241,0.230032934,0.49798152,0.103417395,1.229107499,0.14600838,0.559326868,0.49798152,0.50201848,0.440673132,0.740505492,1961,5551,1961,5551,5596,7557,7096,5596,1545,0.217728298,0.110696399,0.110696399,0.124390639,0.007736515,0.007582888,0.74174597,0.275093542,0.433728202,0.540385751,-1.200777544,1.261028478,0.117975402,0.117975402,-0.241915247,0.114449308,0.202686813,0.50201848,0.440673132,0.117975402,0.239268409,[0.7590664],11147,-0.244501748,1.468094572,0.291454443,-0.048923964,0.512659524,0.471345806,0.471345806,0.419169523,-2699677478,-0.014558007,0.882024598,0.350857273,0.784309045,213.7339182,88.9,0,4455.240782,0,18563.50326,1.60368042,0.011952066
ce778982-236b-4a5b-81f1-7f51239624ea,GERRY_FAIR_CLASSIFIER,IN_PROCESSING,GERRY_FAIR_CLASSIFIER,DEMV,0.485975568,0.430690245,0.480857162,0.430690245,0.503364134,0.214305989,3506,0.514024432,-0.076265086,0.861158018,0.785694011,0.206965526,1.2836364,0.569309755,0.030831494,1.05416936,0.262389904,-0.284484792,0.220471212,0.496635866,-0.076977676,0.857465886,0.147793287,0.569309755,0.496635866,0.503364134,0.430690245,0.737610096,1996,5536,1996,5536,5611,7607,7046,5611,1510,0.214305989,0.053904585,-0.053904585,0.053275791,0.001419155,0.001403655,0.735182836,0.270246901,0.430841693,0.543678742,-1.271258085,0.90716917,-0.030831494,0.076977676,-0.245725159,-0.046919047,0.205447664,0.503364134,0.430690245,-0.030831494,0.239268409,[0.7590664],11147,-0.244501748,1.468094572,0.286201668,-0.056310955,0.514024432,0.46702719,0.46702719,0.492202096,-2699677478,0.046146182,0.969168506,0.34388522,0.689521662,45.62790012,109.1,0,4895.638407,0,20398.49336,1.762203177,0.062609061
ce778982-236b-4a5b-81f1-7f51239624ea,PREJUDICE_REMOVER,IN_PROCESSING,PREJUDICE_REMOVER,DIR,0.849109397,0.575869937,0.187197161,0.575869937,0.935049789,0.736055414,3506,0.150890603,-0.122061463,0.359345501,0.263944586,0.235093355,1.99829497,0.424130063,0.062609061,1.147975155,0.124853065,-0.13843394,0.215139752,0.064950211,-0.0467276,0.43375436,0.082452878,0.424130063,0.064950211,0.935049789,0.575869937,0.875146935,1487,724,1487,724,10423,11910,2743,10423,2019,0.736055414,0.054668331,-0.054668331,0.03401842,0.000578626,0.000575087,0.733270815,0.268843044,0.429971091,0.406085899,-0.25273006,0.294779796,-0.062609061,0.062609061,-0.186763647,-0.168755879,0.125734908,0.935049789,0.575869937,-0.062609061,0.239268409,[0.7590664],11147,-0.244501748,1.468094572,0.646183389,0.558816014,0.150890603,0.755459863,0.755459863,0.796759593,-232025769.5,-0.015881461,0.937390939,0.609003846,0.692009899,46.18980694,133.5,0,5365.724943,0,22357.18726,1.931412566,0.015873016
ce778982-236b-4a5b-81f1-7f51239624ea,PREJUDICE_REMOVER,IN_PROCESSING,PREJUDICE_REMOVER,SMOTE,0.541186105,0.985168283,0.690984781,0.985168283,0.401543016,0.341135802,3506,0.458813895,-0.034715757,0.924364831,0.658864198,0.261517134,1.441494567,0.014831717,-0.012509198,0,0.011484099,-0.017111223,0,0.598456984,-0.208830554,0.68659353,0.060443317,0.014831717,0.598456984,0.401543016,0.985168283,0.988515901,52,6671,52,6671,4476,4528,10125,4476,3454,0.341135802,0.110669876,-0.098160678,0.009608102,4.62E-05,4.63E-05,0.732671183,0.268403531,0.429691468,0.347687552,-0.693419875,0.646844891,0.012509198,0.208830554,-0.139314178,-0.271283775,0.062001919,0.401543016,0.985168283,0.012509198,0.239268409,[0.7590664],11147,-0.244501748,1.468094572,0.506786002,0.357043469,0.458813895,0.69335565,0.69335565,0.76141591,-360886335,0.196321356,0.987490802,0.669282566,0.566085079,558.761019,12.3,0,6873.337049,0,28638.90437,2.474083128,0.178187743
ce778982-236b-4a5b-81f1-7f51239624ea,PREJUDICE_REMOVER,IN_PROCESSING,PREJUDICE_REMOVER,ROS,0.719647854,0.941528808,0.491639937,0.941528808,0.649860949,0.458217657,3506,0.280352146,-0.157258554,0.519649654,0.541782343,0.213345797,1.419680978,0.058471192,0.110049406,3.336830357,0.027520473,-0.02412499,0.377462184,0.350139051,-0.286402201,0.374043286,0.069069115,0.058471192,0.350139051,0.649860949,0.941528808,0.972479527,205,3903,205,3903,7244,7449,7204,7244,3301,0.458217657,0.198225803,-0.198225803,0.045194306,0.001021263,0.001031187,0.733945295,0.269337848,0.430319901,0.371669517,-0.441663844,0.357803476,-0.110049406,0.286402201,-0.118735393,-0.394713719,0.069806367,0.649860949,0.941528808,-0.110049406,0.239268409,[0.7590664],11147,-0.244501748,1.468094572,0.61643324,0.504687926,0.280352146,0.795694878,0.795694878,0.953422135,-296315069.6,0.176352795,0.889950594,0.745062634,0.751462765,959.5353565,55.2,0,18608.53627,0,77535.56779,6.698211551,0.150762115
ce778982-236b-4a5b-81f1-7f51239624ea,PREJUDICE_REMOVER,IN_PROCESSING,PREJUDICE_REMOVER,RUS,0.724425032,0.940102681,0.486180304,0.940102681,0.656589217,0.462661426,3506,0.275574968,-0.160099118,0.505866207,0.537338574,0.205896847,1.407199174,0.059897319,0.093924104,2.919441461,0.02789215,-0.026569016,0.332378565,0.343410783,-0.286186055,0.366472398,0.069015617,0.059897319,0.343410783,0.656589217,0.940102681,0.97210785,210,3828,210,3828,7319,7529,7124,7319,3296,0.462661426,0.190055079,-0.190055079,0.046651614,0.001088187,0.001099204,0.733947519,0.26933948,0.430321016,0.371525551,-0.430090918,0.353670759,-0.093924104,0.286186055,-0.116232932,-0.394312869,0.069775767,0.656589217,0.940102681,-0.093924104,0.239268409,[0.7590664],11147,-0.244501748,1.468094572,0.620131703,0.509336141,0.275574968,0.798345949,0.798345949,0.950075652,-291787303.2,0.192261951,0.906075896,0.747307562,0.654061283,814.1443176,36.8,0,27116.45284,0,112985.2202,9.760667631,0.210648586
ce778982-236b-4a5b-81f1-7f51239624ea,PREJUDICE_REMOVER,IN_PROCESSING,PREJUDICE_REMOVER,FOS,0.849109397,0.575869937,0.187197161,0.575869937,0.935049789,0.736055414,3506,0.150890603,-0.122061463,0.359345501,0.263944586,0.235093355,1.99829497,0.424130063,0.062609061,1.147975155,0.124853065,-0.13843394,0.215139752,0.064950211,-0.0467276,0.43375436,0.082452878,0.424130063,0.064950211,0.935049789,0.575869937,0.875146935,1487,724,1487,724,10423,11910,2743,10423,2019,0.736055414,0.054668331,-0.054668331,0.03401842,0.000578626,0.000575087,0.733270815,0.268843044,0.429971091,0.406085899,-0.25273006,0.294779796,-0.062609061,0.062609061,-0.186763647,-0.168755879,0.125734908,0.935049789,0.575869937,-0.062609061,0.239268409,[0.7590664],11147,-0.244501748,1.468094572,0.646183389,0.558816014,0.150890603,0.755459863,0.755459863,0.796759593,-232025769.5,-0.015881461,0.937390939,0.609003846,0.717693735,262.8704107,48.9,0,30297.752,0,126240.6333,10.90578805,0.130379481
ce778982-236b-4a5b-81f1-7f51239624ea,PREJUDICE_REMOVER,IN_PROCESSING,PREJUDICE_REMOVER,FAIR_SMOTE,0.643895448,0.962065031,0.577219682,0.962065031,0.54382345,0.398794041,3506,0.356104552,-0.137210612,0.643734578,0.601205959,0.229057344,1.41660383,0.037934969,0.011952066,1.386734694,0.021468927,-0.026343775,0.146963475,0.45617655,-0.285650564,0.480288234,0.067563726,0.037934969,0.45617655,0.54382345,0.962065031,0.978531073,133,5085,133,5085,6062,6195,8458,6062,3373,0.398794041,0.148801315,-0.148801315,0.027774777,0.000385719,0.000390019,0.733436568,0.268964599,0.43006616,0.36759686,-0.69315112,0.460433582,-0.011952066,0.285650564,-0.12770056,-0.368335447,0.068427242,0.54382345,0.962065031,-0.011952066,0.239268409,[0.7590664],11147,-0.244501748,1.468094572,0.563858241,0.436903226,0.356104552,0.752944241,0.752944241,0.864983334,-439650140.1,0.273698499,0.988047934,0.711003373,0.591189114,545.165117,80.7,0,36985.18503,0,154104.9376,13.31295433,0.147282666
ce778982-236b-4a5b-81f1-7f51239624ea,PREJUDICE_REMOVER,IN_PROCESSING,PREJUDICE_REMOVER,BAL_GAN_FAIR,0.849109397,0.575869937,0.187197161,0.575869937,0.935049789,0.736055414,3506,0.150890603,-0.122061463,0.359345501,0.263944586,0.235093355,1.99829497,0.424130063,0.062609061,1.147975155,0.124853065,-0.13843394,0.215139752,0.064950211,-0.0467276,0.43375436,0.082452878,0.424130063,0.064950211,0.935049789,0.575869937,0.875146935,1487,724,1487,724,10423,11910,2743,10423,2019,0.736055414,0.054668331,-0.054668331,0.03401842,0.000578626,0.000575087,0.733270815,0.268843044,0.429971091,0.406085899,-0.25273006,0.294779796,-0.062609061,0.062609061,-0.186763647,-0.168755879,0.125734908,0.935049789,0.575869937,-0.062609061,0.239268409,[0.7590664],11147,-0.244501748,1.468094572,0.646183389,0.558816014,0.150890603,0.755459863,0.755459863,0.796759593,-232025769.5,-0.015881461,0.937390939,0.609003846,0.697094859,1309.613712,103.9,0,52817.74132,0,220073.9222,19.01194161,0.254567434
ce778982-236b-4a5b-81f1-7f51239624ea,PREJUDICE_REMOVER,IN_PROCESSING,PREJUDICE_REMOVER,DEMV,0.846106599,0.569880205,0.187333652,0.569880205,0.932986454,0.727868852,3506,0.153893401,-0.114942141,0.403650674,0.272131148,0.302185562,2.329888712,0.430119795,-0.015873016,0.964285714,0.126637555,-0.14843038,0.186950478,0.067013546,-0.025522964,0.663545257,0.084107433,0.430119795,0.067013546,0.932986454,0.569880205,0.873362445,1508,747,1508,747,10400,11908,2745,10400,1998,0.727868852,0.02069799,-0.004824974,0.050065206,0.001253262,0.00124138,0.733868081,0.26928118,0.430245634,0.410140056,-0.522849517,0.38676648,0.015873016,0.025522964,-0.225307971,-0.139803792,0.127875716,0.932986454,0.569880205,0.015873016,0.239268409,[0.7590664],11147,-0.244501748,1.468094572,0.639257719,0.549853775,0.153893401,0.75143333,0.75143333,0.755058976,-227078619.2,0.009649948,0.984126984,0.602578602,0.586850168,538.3535256,126.7,0,59384.13606,0,247433.9003,21.37553972,0.16304005
ce778982-236b-4a5b-81f1-7f51239624ea,ADVERSARIAL_DEBIASING,IN_PROCESSING,ADVERSARIAL_DEBIASING,DIR,0.835187334,0.436109527,0.134238722,0.436109527,0.960706917,0.777325877,3506,0.164812666,-0.145979325,0.319266161,0.222674123,0.345854329,3.720720721,0.563890473,-0.178187743,0.713083954,0.155841085,-0.193554414,0.152511449,0.039293083,0.013522005,1.527628635,0.095996775,0.563890473,0.039293083,0.960706917,0.436109527,0.844158915,1977,438,1977,438,10709,12686,1967,10709,1529,0.777325877,0.095854874,0.095854874,0.098749893,0.004875771,0.004828591,0.73718707,0.271722388,0.431735784,0.438170686,-0.510644375,0.557576131,0.178187743,0.178187743,-0.269704371,-0.060910065,0.157266159,0.960706917,0.436109527,0.178187743,0.239268409,[0.7590664],11147,-0.244501748,1.468094572,0.55874292,0.496603851,0.164812666,0.698408222,0.698408222,0.631462389,-447705992.3,-0.164665738,0.821812257,0.489867841,0.708882076,538.2316253,153.5,0,65857.91378,0,274407.9741,23.70579998,0.023494166
ce778982-236b-4a5b-81f1-7f51239624ea,ADVERSARIAL_DEBIASING,IN_PROCESSING,ADVERSARIAL_DEBIASING,SMOTE,0.650515253,0.953508272,0.566505153,0.953508272,0.55521665,0.402722564,3506,0.349484747,-0.208734244,0.465153601,0.597277436,0.186346153,1.336741834,0.046491728,0.150762115,5.313383459,0.025661209,-0.017761603,0.49557047,0.44478335,-0.374062748,0.326341766,0.068802999,0.046491728,0.44478335,0.55521665,0.953508272,0.974338791,163,4958,163,4958,6189,6352,8301,6189,3343,0.402722564,0.262412431,-0.262412431,0.043992296,0.000967661,0.000992053,0.735031751,0.270135838,0.430870645,0.370952825,-0.365369072,0.331542017,-0.150762115,0.374062748,-0.102053878,-0.458039171,0.070317528,0.55521665,0.953508272,-0.150762115,0.239268409,[0.7590664],11147,-0.244501748,1.468094572,0.566274244,0.437973182,0.349484747,0.754362461,0.754362461,0.952316548,-484882032.1,0.223300633,0.849237885,0.710558478,0.728411316,1.250000954,12.8,0,16.40003052,0,68.33346049,0.005903252,0.053547777
ce778982-236b-4a5b-81f1-7f51239624ea,ADVERSARIAL_DEBIASING,IN_PROCESSING,ADVERSARIAL_DEBIASING,ROS,0.691053027,0.709355391,0.409131236,0.709355391,0.685296492,0.414845705,3506,0.308946973,0.135470207,1.576808319,0.585154295,0.47295481,2.251531199,0.290644609,-0.210648586,0.379020762,0.117694618,-0.145993495,0.099970687,0.314703508,0.202861608,2.088312551,0.102330076,0.290644609,0.314703508,0.685296492,0.709355391,0.882305382,1019,3508,1019,3508,7639,8658,5995,7639,2487,0.414845705,0.206755097,0.206755097,0.155608781,0.012107046,0.011881463,0.742044774,0.275315223,0.433857296,0.452393802,-0.996011483,1.259595166,0.210648586,0.210648586,-0.309474153,0.087440351,0.126809721,0.685296492,0.709355391,0.210648586,0.239268409,[0.7590664],11147,-0.244501748,1.468094572,0.52352384,0.342448881,0.308946973,0.697325942,0.697325942,0.553150249,-514043660.3,-0.007786978,0.789351414,0.602434446,0.739163394,0.390625238,24.8,0,21.65006199,0,90.20859162,0.00779302,0.13962998
ce778982-236b-4a5b-81f1-7f51239624ea,ADVERSARIAL_DEBIASING,IN_PROCESSING,ADVERSARIAL_DEBIASING,RUS,0.705998772,0.795208214,0.435269228,0.795208214,0.677940253,0.437127626,3506,0.294001228,0.115747955,1.490640814,0.562872374,0.444291972,2.11645956,0.204791786,-0.130379481,0.467110634,0.086767372,-0.11484049,0.108734182,0.322059747,0.138399169,1.596942031,0.08933924,0.204791786,0.322059747,0.677940253,0.795208214,0.913232628,718,3590,718,3590,7557,8275,6378,7557,2788,0.437127626,0.134389325,0.134389325,0.116264495,0.006758716,0.006664226,0.737657191,0.272069066,0.431943579,0.422703774,-1.230285481,1.024690318,0.130379481,0.138399169,-0.279566231,0.009823123,0.104999356,0.677940253,0.795208214,0.130379481,0.239268409,[0.7590664],11147,-0.244501748,1.468094572,0.564144071,0.40715159,0.294001228,0.736574234,0.736574234,0.63758652,-544278036.4,0.008019688,0.869620519,0.660037879,1,100.2632263,34,0,944.5029081,0,3935.428784,0.33997732,0
ce778982-236b-4a5b-81f1-7f51239624ea,ADVERSARIAL_DEBIASING,IN_PROCESSING,ADVERSARIAL_DEBIASING,FOS,0.839282058,0.460353679,0.141745718,0.460353679,0.958464161,0.77708233,3506,0.160717942,-0.141637027,0.31914136,0.22291767,0.319895592,3.31075419,0.539646321,-0.147282666,0.750427503,0.150445293,-0.185636854,0.157690136,0.041535839,0.006330144,1.206985115,0.092826096,0.539646321,0.041535839,0.958464161,0.460353679,0.849554707,1892,463,1892,463,10684,12576,2077,10684,1614,0.77708233,0.076806405,0.076806405,0.09045685,0.004091221,0.004054424,0.736360585,0.271113456,0.431368827,0.430873753,-0.483431811,0.495094877,0.147282666,0.147282666,-0.252766223,-0.076168746,0.151148808,0.958464161,0.460353679,0.147282666,0.239268409,[0.7590664],11147,-0.244501748,1.468094572,0.578183772,0.512295589,0.160717942,0.70940892,0.70940892,0.654921771,-430489893.5,-0.140952521,0.852717334,0.512584359,0.885923101,9.071901798,44.9,0,1043.897573,0,4349.573219,0.375754798,0
ce778982-236b-4a5b-81f1-7f51239624ea,ADVERSARIAL_DEBIASING,IN_PROCESSING,ADVERSARIAL_DEBIASING,FAIR_SMOTE,0.571214086,0.966343411,0.651948406,0.966343411,0.446936395,0.354652989,3506,0.428785914,-0.44597095,0.209591188,0.645347011,0.00819772,1.012799919,0.033656589,0.254567434,99.84489796,0.023137255,0.015269299,3.24894958,0.553063605,-0.717664434,0.130153255,0.06476066,0.033656589,0.553063605,0.446936395,0.966343411,0.976862745,118,6165,118,6165,4982,5100,9553,4982,3388,0.354652989,0.486115934,-0.486115934,0.128330812,0.008234399,0.00843591,0.742224864,0.275448874,0.434733614,0.359890704,0.482291264,0.17451985,-0.254567434,0.717664434,0.003535789,-0.726183681,0.067386017,0.446936395,0.966343411,-0.254567434,0.239268409,[0.7590664],11147,-0.244501748,1.468094572,0.518875871,0.370146942,0.428785914,0.706639903,0.706639903,1.05014882,-1786891643,0.463097,0.745432566,0.675203029,0.885923101,9.188248158,55.7,0,1143.583398,0,4764.930827,0.41163708,0
ce778982-236b-4a5b-81f1-7f51239624ea,ADVERSARIAL_DEBIASING,IN_PROCESSING,ADVERSARIAL_DEBIASING,BAL_GAN_FAIR,0.83866785,0.458357102,0.141404491,0.458357102,0.95828474,0.775579151,3506,0.16133215,-0.149727853,0.286649568,0.224420849,0.26495456,2.80474284,0.541642898,-0.16304005,0.724413646,0.150941897,-0.187700801,0.151377599,0.04171526,-0.001312927,0.959766682,0.093232718,0.541642898,0.04171526,0.95828474,0.458357102,0.849058103,1899,465,1899,465,10682,12581,2072,10682,1607,0.775579151,0.082176489,0.080863562,0.088952865,0.003956306,0.003920243,0.736136294,0.270948322,0.431268848,0.431816438,-0.479207481,0.464714344,0.16304005,0.16304005,-0.22632768,-0.081251504,0.151755081,0.95828474,0.458357102,0.16304005,0.239268409,[0.7590664],11147,-0.244501748,1.468094572,0.576192184,0.510147054,0.16133215,0.708320921,0.708320921,0.651043569,-464041236.7,-0.161727123,0.83695995,0.51056394,0.60104538,6.154109955,9.9,0,61.38964484,0,255.7901868,0.02209743,0.063586671
ce778982-236b-4a5b-81f1-7f51239624ea,ADVERSARIAL_DEBIASING,IN_PROCESSING,ADVERSARIAL_DEBIASING,DEMV,0.845970109,0.598687963,0.201255716,0.598687963,0.923746299,0.711766701,3506,0.154029891,-0.121503516,0.367310669,0.288233299,0.235098081,1.932627617,0.401312037,0.023494166,1.057999221,0.120215311,-0.137929626,0.197101752,0.076253701,-0.050609049,0.45648667,0.082440944,0.401312037,0.076253701,0.923746299,0.598687963,0.879784689,1407,850,1407,850,10297,11704,2949,10297,2099,0.711766701,0.037051608,-0.037051608,0.042218781,0.000891213,0.000883083,0.733212769,0.268800482,0.429944234,0.406056508,-0.336301213,0.320769727,-0.023494166,0.050609049,-0.186513853,-0.171333083,0.122348675,0.923746299,0.598687963,-0.023494166,0.239268409,[0.7590664],11147,-0.244501748,1.468094572,0.650348567,0.555919701,0.154029891,0.761217131,0.761217131,0.78942145,-350637873.1,0.027114883,0.976505834,0.623449915,0.698264458,5.202202082,19.9,0,113.7241537,0,473.8506406,0.04093543,0.178250815
ce778982-236b-4a5b-81f1-7f51239624ea,XGBClassifier,POSTPROCESSING,ThresholdOptimizer,XGBClassifier,0.808708114,0.678836281,0.27687163,0.678836281,0.849555934,0.586640375,3506,0.191291886,0.107884786,1.666676639,0.413359625,0.621701377,3.825591152,0.321163719,0.053547777,1.168452381,0.106266516,-0.101588954,0.271710668,0.150444066,0.172389081,2.92924147,0.088182369,0.321163719,0.150444066,0.849555934,0.678836281,0.893733484,1126,1677,1126,1677,9470,10596,4057,9470,2380,0.586640375,0.112968429,0.059420652,0.094046575,0.004422379,0.004346589,0.739012867,0.273070009,0.432539452,0.41995802,-1.364851857,1.039848514,-0.053547777,0.172389081,-0.361645166,0.01105121,0.1159947,0.849555934,0.678836281,-0.053547777,0.239268409,[0.7590664],11147,-0.244501748,1.468094572,0.629379876,0.503811282,0.191291886,0.764196107,0.764196107,0.718787077,-1213702206,0.118841304,0.946452223,0.653173242,1,97.4925313,29.1,0,1011.086611,0,4212.860877,0.36394437,0
ce778982-236b-4a5b-81f1-7f51239624ea,XGBClassifier,POSTPROCESSING,FairnessAwareMetaEstimator,XGBClassifier,0.875452126,0.664575014,0.203303078,0.664575014,0.941778057,0.782141658,3506,0.124547874,-0.110994882,0.314104443,0.217858342,0.088830295,1.403296322,0.335424986,0.13962998,1.439761629,0.10073668,-0.104169865,0.252584239,0.058221943,-0.070511078,0.212402019,0.066311221,0.335424986,0.058221943,0.941778057,0.664575014,0.89926332,1176,649,1176,649,10498,11674,2979,10498,2330,0.782141658,0.105070529,-0.105070529,0.006966646,2.43E-05,2.42E-05,0.732697766,0.268423008,0.42970388,0.364173642,0.106039813,0.205552474,-0.13962998,0.13962998,-0.09650008,-0.220509936,0.100319445,0.941778057,0.664575014,-0.13962998,0.239268409,[0.7590664],11147,-0.244501748,1.468094572,0.718581342,0.642784568,0.124547874,0.803176536,0.803176536,0.887566719,-274797245,-0.069118902,0.86037002,0.69052382,0.885923101,9.343973637,42.1,0,1133.370786,0,4722.378277,0.407961012,0
ce778982-236b-4a5b-81f1-7f51239624ea,XGBClassifier,POSTPROCESSING,RejectOptionClassification,XGBClassifier,1,1,0.239268409,1,1,1,3506,0,0,,0,0,,0,0,,0,0,,0,0,,0,0,0,1,1,1,0,0,0,0,11147,11147,3506,11147,3506,1,0,0,0,0,0,0.732638593,0.268379654,0.429675854,0,0,0.228982899,0,0,0,-0.244501748,0,1,1,0,0.239268409,[0.7590664],11147,-0.244501748,1.468094572,1,1,0,1,1,1,-2699677478,0,1,1,0.885923101,9.08442688,53.2,0,1234.5548,0,5143.978332,0.444382573,0
ce778982-236b-4a5b-81f1-7f51239624ea,XGBClassifier,POSTPROCESSING,EqOddsPostprocessing,XGBClassifier,0.950999795,0.795208214,0.190268204,0.795208214,1,1,3506,0.049000205,0,,0,0,,0.204791786,0,,0.060514117,0,,0,0,,0.025762469,0.204791786,0,1,0.795208214,0.939485883,718,0,718,0,11147,11865,2788,11147,2788,1,0,0,0.074096606,0.002745154,0.002819665,0.732638593,0.268379654,0.429675854,0.226991051,6.359114793,0.228982899,0,0,0,-0.244501748,0.050241432,1,0.795208214,0,0.239268409,[0.7590664],11147,-0.244501748,1.468094572,0.885923101,0.864341883,0.049000205,0.897604107,0.897604107,0.897604107,-2699677478,0,1,0.838118142,0.564774805,4.087590218,10.3,0,42.58489351,0,177.4370563,0.01532859,0.102585935
ce778982-236b-4a5b-81f1-7f51239624ea,XGBClassifier,POSTPROCESSING,CalibratedEqOddsPostprocessing,XGBClassifier,0.950999795,0.795208214,0.190268204,0.795208214,1,1,3506,0.049000205,0,,0,0,,0.204791786,0,,0.060514117,0,,0,0,,0.025762469,0.204791786,0,1,0.795208214,0.939485883,718,0,718,0,11147,11865,2788,11147,2788,1,0,0,0.074096606,0.002745154,0.002819665,0.732638593,0.268379654,0.429675854,0.226991051,6.359114793,0.228982899,0,0,0,-0.244501748,0.050241432,1,0.795208214,0,0.239268409,[0.7590664],11147,-0.244501748,1.468094572,0.885923101,0.864341883,0.049000205,0.897604107,0.897604107,0.897604107,-2510183130,0,1,0.838118142,0.685905678,2.907456636,20.7,0,73.30984583,0,305.457691,0.026388151,0.215652265
ce778982-236b-4a5b-81f1-7f51239624ea,GradientBoostingClassifier,POSTPROCESSING,ThresholdOptimizer,GradientBoostingClassifier,0.811779158,0.476611523,0.177028595,0.476611523,0.917197452,0.644178874,3506,0.188220842,-0.038978055,0.81542491,0.355821126,0.580137113,3.821991888,0.523388477,-0.063586671,0.884240743,0.152168505,-0.16969218,0.201094219,0.082802548,0.093490747,2.7261872,0.1048148,0.523388477,0.082802548,0.917197452,0.476611523,0.847831495,1835,923,1835,923,10224,12059,2594,10224,1671,0.644178874,0.078538709,0.078538709,0.100172311,0.005017246,0.00493106,0.739519381,0.273444458,0.432760936,0.457853252,-1.371509,0.96867785,0.063586671,0.093490747,-0.374914646,-0.005635137,0.157380139,0.917197452,0.476611523,0.063586671,0.239268409,[0.7590664],11147,-0.244501748,1.468094572,0.547868852,0.440179622,0.188220842,0.696904488,0.696904488,0.642170509,-1073311008,0.029904076,0.936413329,0.50976205,1,97.24388003,29.9,0,968.2410443,0,4034.337685,0.34852195,0
ce778982-236b-4a5b-81f1-7f51239624ea,GradientBoostingClassifier,POSTPROCESSING,FairnessAwareMetaEstimator,GradientBoostingClassifier,0.86944653,0.612093554,0.184194363,0.612093554,0.95039024,0.7951093,3506,0.13055347,-0.116724543,0.307649787,0.2048907,0.064565879,1.310172207,0.387906446,0.178250815,1.488885685,0.11376945,-0.113781724,0.266331769,0.04960976,-0.064144241,0.173047926,0.071409146,0.387906446,0.04960976,0.95039024,0.612093554,0.88623055,1360,553,1360,553,10594,11954,2699,10594,2146,0.7951093,0.121197528,-0.121197528,0.010837012,5.87E-05,5.85E-05,0.732775643,0.268480071,0.429740549,0.377913076,0.240055977,0.179370687,-0.178250815,0.178250815,-0.089173802,-0.20881957,0.112016382,0.95039024,0.612093554,-0.178250815,0.239268409,[0.7590664],11147,-0.244501748,1.468094572,0.691700242,0.619065928,0.13055347,0.781241897,0.781241897,0.875926483,-196716218.5,-0.114106574,0.821749185,0.649466596,0.885923101,9.258424997,40.9,0,1070.427367,0,4460.114029,0.385304295,0
ce778982-236b-4a5b-81f1-7f51239624ea,GradientBoostingClassifier,POSTPROCESSING,RejectOptionClassification,GradientBoostingClassifier,1,1,0.239268409,1,1,1,3506,0,0,,0,0,,0,0,,0,0,,0,0,,0,0,0,1,1,1,0,0,0,0,11147,11147,3506,11147,3506,1,0,0,0,0,0,0.732638593,0.268379654,0.429675854,0,0,0.228982899,0,0,0,-0.244501748,0,1,1,0,0.239268409,[0.7590664],11147,-0.244501748,1.468094572,1,1,0,1,1,1,-2699677478,0,1,1,0.885923101,9.447842598,53.9,0,1193.858724,0,4974.411349,0.429733869,0
ce778982-236b-4a5b-81f1-7f51239624ea,GradientBoostingClassifier,POSTPROCESSING,EqOddsPostprocessing,GradientBoostingClassifier,0.950999795,0.795208214,0.190268204,0.795208214,1,1,3506,0.049000205,0,,0,0,,0.204791786,0,,0.060514117,0,,0,0,,0.025762469,0.204791786,0,1,0.795208214,0.939485883,718,0,718,0,11147,11865,2788,11147,2788,1,0,0,0.074096606,0.002745154,0.002819665,0.732638593,0.268379654,0.429675854,0.226991051,6.359114793,0.228982899,0,0,0,-0.244501748,0.050241432,1,0.795208214,0,0.239268409,[0.7590664],11147,-0.244501748,1.468094572,0.885923101,0.864341883,0.049000205,0.897604107,0.897604107,0.897604107,-2699677478,0,1,0.838118142,0.699564711,6.152113676,10,0,61.83354378,0,257.6397657,0.022257213,0.023315463
ce778982-236b-4a5b-81f1-7f51239624ea,GradientBoostingClassifier,POSTPROCESSING,CalibratedEqOddsPostprocessing,GradientBoostingClassifier,0.950999795,0.795208214,0.190268204,0.795208214,1,1,3506,0.049000205,0,,0,0,,0.204791786,0,,0.060514117,0,,0,0,,0.025762469,0.204791786,0,1,0.795208214,0.939485883,718,0,718,0,11147,11865,2788,11147,2788,1,0,0,0.074096606,0.002745154,0.002819665,0.732638593,0.268379654,0.429675854,0.226991051,6.359114793,0.228982899,0,0,0,-0.244501748,0.050241432,1,0.795208214,0,0.239268409,[0.7590664],11147,-0.244501748,1.468094572,0.885923101,0.864341883,0.049000205,0.897604107,0.897604107,0.897604107,-2510183130,0,1,0.838118142,0.693544761,4.787829399,19.9,0,109.6971079,0,457.0712829,0.03948588,0.183769578
ce778982-236b-4a5b-81f1-7f51239624ea,AdaBoostClassifier,POSTPROCESSING,ThresholdOptimizer,AdaBoostClassifier,0.804681635,0.440387906,0.166791783,0.440387906,0.919260788,0.631751227,3506,0.195318365,-0.073388334,0.675097412,0.368248773,0.526933218,3.276601677,0.559612094,-0.102585935,0.825623157,0.160701122,-0.183018681,0.185629822,0.080739212,0.0688209,2.195278115,0.110464716,0.559612094,0.080739212,0.919260788,0.440387906,0.839298878,1962,900,1962,900,10247,12209,2444,10247,1544,0.631751227,0.085703417,0.085703417,0.100101087,0.005010114,0.004929788,0.739135207,0.273160427,0.432593002,0.470031309,-1.375727643,0.909870018,0.102585935,0.102585935,-0.354975949,-0.015310845,0.167038102,0.919260788,0.440387906,0.102585935,0.239268409,[0.7590664],11147,-0.244501748,1.468094572,0.518991597,0.411597565,0.195318365,0.679824347,0.679824347,0.621561077,-1056035504,-0.033765036,0.897414065,0.476469681,1,108.4393649,29,0,1096.921798,0,4570.507491,0.394841064,0
ce778982-236b-4a5b-81f1-7f51239624ea,AdaBoostClassifier,POSTPROCESSING,FairnessAwareMetaEstimator,AdaBoostClassifier,0.864055142,0.611808329,0.18944926,0.611808329,0.943392841,0.772694524,3506,0.135944858,-0.125307476,0.275785318,0.227305476,-0.06094692,0.732235142,0.388191671,0.215652265,1.606145664,0.114591227,-0.110291222,0.28099704,0.056607159,-0.081448509,0.076127673,0.073912526,0.388191671,0.056607159,0.943392841,0.611808329,0.885408773,1361,631,1361,631,10516,11877,2776,10516,2145,0.772694524,0.148550387,-0.148550387,0.004732087,1.12E-05,1.12E-05,0.73267044,0.268402987,0.429690963,0.384480237,0.476898095,0.141190489,-0.215652265,0.215652265,-0.024672151,-0.22715216,0.113930764,0.943392841,0.611808329,-0.215652265,0.239268409,[0.7590664],11147,-0.244501748,1.468094572,0.682903534,0.604466476,0.135944858,0.777600585,0.777600585,0.893113453,-145752864.9,-0.134203757,0.784347735,0.645403942,0.885923101,9.260849714,39.8,0,1197.445122,0,4989.354674,0.431024807,0
ce778982-236b-4a5b-81f1-7f51239624ea,AdaBoostClassifier,POSTPROCESSING,RejectOptionClassification,AdaBoostClassifier,1,1,0.239268409,1,1,1,3506,0,0,,0,0,,0,0,,0,0,,0,0,,0,0,0,1,1,1,0,0,0,0,11147,11147,3506,11147,3506,1,0,0,0,0,0,0.732638593,0.268379654,0.429675854,0,0,0.228982899,0,0,0,-0.244501748,0,1,1,0,0.239268409,[0.7590664],11147,-0.244501748,1.468094572,1,1,0,1,1,1,-2699677478,0,1,1,0.885923101,9.260289669,50.4,0,1296.100971,0,5400.420713,0.466536345,0
ce778982-236b-4a5b-81f1-7f51239624ea,AdaBoostClassifier,POSTPROCESSING,EqOddsPostprocessing,AdaBoostClassifier,0.950999795,0.795208214,0.190268204,0.795208214,1,1,3506,0.049000205,0,,0,0,,0.204791786,0,,0.060514117,0,,0,0,,0.025762469,0.204791786,0,1,0.795208214,0.939485883,718,0,718,0,11147,11865,2788,11147,2788,1,0,0,0.074096606,0.002745154,0.002819665,0.732638593,0.268379654,0.429675854,0.226991051,6.359114793,0.228982899,0,0,0,-0.244501748,0.050241432,1,0.795208214,0,0.239268409,[0.7590664],11147,-0.244501748,1.468094572,0.885923101,0.864341883,0.049000205,0.897604107,0.897604107,0.897604107,-2699677478,0,1,0.838118142,0.676880891,2.703700066,10.2,0,28.05577083,0,116.8990451,0.010098779,0.052128666
ce778982-236b-4a5b-81f1-7f51239624ea,AdaBoostClassifier,POSTPROCESSING,CalibratedEqOddsPostprocessing,AdaBoostClassifier,0.950999795,0.795208214,0.190268204,0.795208214,1,1,3506,0.049000205,0,,0,0,,0.204791786,0,,0.060514117,0,,0,0,,0.025762469,0.204791786,0,1,0.795208214,0.939485883,718,0,718,0,11147,11865,2788,11147,2788,1,0,0,0.074096606,0.002745154,0.002819665,0.732638593,0.268379654,0.429675854,0.226991051,6.359114793,0.228982899,0,0,0,-0.244501748,0.050241432,1,0.795208214,0,0.239268409,[0.7590664],11147,-0.244501748,1.468094572,0.885923101,0.864341883,0.049000205,0.897604107,0.897604107,0.897604107,-2510183130,0,1,0.838118142,0.68250551,1.827011824,20.8,0,47.75337143,0,198.972381,0.017189003,0.129748765
ce778982-236b-4a5b-81f1-7f51239624ea,RandomForestClassifier,POSTPROCESSING,ThresholdOptimizer,RandomForestClassifier,0.786187129,0.638904735,0.280283901,0.638904735,0.83251099,0.545410275,3506,0.213812871,0.074930009,1.395215448,0.454589725,0.571627613,3.119488007,0.361095265,0.023315463,1.064336476,0.120045515,-0.119961194,0.245157888,0.16748901,0.145687922,2.332361577,0.097872108,0.361095265,0.16748901,0.83251099,0.638904735,0.879954485,1266,1867,1266,1867,9280,10546,4107,9280,2240,0.545410275,0.084501693,0.06118623,0.098060026,0.004807884,0.004727539,0.738693881,0.272834325,0.432399662,0.442429899,-1.356311643,1.015373942,-0.023315463,0.145687922,-0.345794403,0.004256489,0.129477616,0.83251099,0.638904735,-0.023315463,0.239268409,[0.7590664],11147,-0.244501748,1.468094572,0.588467096,0.447798656,0.213812871,0.735707862,0.735707862,0.690692672,-1191060043,0.122372459,0.976684537,0.612649573,1,125.0935943,30,0,1199.045601,0,4996.023339,0.431600905,0
ce778982-236b-4a5b-81f1-7f51239624ea,RandomForestClassifier,POSTPROCESSING,FairnessAwareMetaEstimator,RandomForestClassifier,0.854978503,0.620365088,0.202620624,0.620365088,0.928770073,0.732569889,3506,0.145021497,-0.136104886,0.279904334,0.267430111,0.018981093,1.070324362,0.379634912,0.183769578,1.51176815,0.113916467,-0.116451839,0.262034196,0.071229927,-0.095487658,0.132159531,0.07740899,0.379634912,0.071229927,0.928770073,0.620365088,0.886083533,1331,794,1331,794,10353,11684,2969,10353,2175,0.732569889,0.139628618,-0.139628618,0.003967551,7.87E-06,7.86E-06,0.732655452,0.268392005,0.429683863,0.393469159,0.307647984,0.167685896,-0.183769578,0.183769578,-0.067716466,-0.231700088,0.115312789,0.928770073,0.620365088,-0.183769578,0.239268409,[0.7590664],11147,-0.244501748,1.468094572,0.671814672,0.582858771,0.145021497,0.774567581,0.774567581,0.882719382,-630741815.9,-0.088281921,0.816230422,0.645065619,0.885923101,9.596586943,44.5,0,1338.875658,0,5578.648574,0.481933252,0
ce778982-236b-4a5b-81f1-7f51239624ea,RandomForestClassifier,POSTPROCESSING,RejectOptionClassification,RandomForestClassifier,1,1,0.239268409,1,1,1,3506,0,0,,0,0,,0,0,,0,0,,0,0,,0,0,0,1,1,1,0,0,0,0,11147,11147,3506,11147,3506,1,0,0,0,0,0,0.732638593,0.268379654,0.429675854,0,0,0.228982899,0,0,0,-0.244501748,0,1,1,0,0.239268409,[0.7590664],11147,-0.244501748,1.468094572,1,1,0,1,1,1,-2699677478,0,1,1,0.885923101,9.376869917,55.1,0,1438.601734,0,5994.173892,0.517830022,0
ce778982-236b-4a5b-81f1-7f51239624ea,RandomForestClassifier,POSTPROCESSING,EqOddsPostprocessing,RandomForestClassifier,0.950999795,0.795208214,0.190268204,0.795208214,1,1,3506,0.049000205,0,,0,0,,0.204791786,0,,0.060514117,0,,0,0,,0.025762469,0.204791786,0,1,0.795208214,0.939485883,718,0,718,0,11147,11865,2788,11147,2788,1,0,0,0.074096606,0.002745154,0.002819665,0.732638593,0.268379654,0.429675854,0.226991051,6.359114793,0.228982899,0,0,0,-0.244501748,0.050241432,1,0.795208214,0,0.239268409,[0.7590664],11147,-0.244501748,1.468094572,0.885923101,0.864341883,0.049000205,0.897604107,0.897604107,0.897604107,-2699677478,0,1,0.838118142,0.341748852,0.953135967,10.5,0,10.50002003,0,43.75008345,0.003779521,0.199978976
ce778982-236b-4a5b-81f1-7f51239624ea,RandomForestClassifier,POSTPROCESSING,CalibratedEqOddsPostprocessing,RandomForestClassifier,0.950999795,0.795208214,0.190268204,0.795208214,1,1,3506,0.049000205,0,,0,0,,0.204791786,0,,0.060514117,0,,0,0,,0.025762469,0.204791786,0,1,0.795208214,0.939485883,718,0,718,0,11147,11865,2788,11147,2788,1,0,0,0.074096606,0.002745154,0.002819665,0.732638593,0.268379654,0.429675854,0.226991051,6.359114793,0.228982899,0,0,0,-0.244501748,0.050241432,1,0.795208214,0,0.239268409,[0.7590664],11147,-0.244501748,1.468094572,0.885923101,0.864341883,0.049000205,0.897604107,0.897604107,0.897604107,-2510183130,0,1,0.838118142,0.632630066,0.093753099,21.3,0,12.01879063,0,50.07829428,0.004326208,0.454052349
ce778982-236b-4a5b-81f1-7f51239624ea,BaggingClassifier,POSTPROCESSING,ThresholdOptimizer,BaggingClassifier,0.782911349,0.611523103,0.270456562,0.611523103,0.836817081,0.54100429,3506,0.217088651,0.079573792,1.405244784,0.45899571,0.584936961,3.144768856,0.388476897,0.052128666,1.133414044,0.127408793,-0.12380459,0.266265455,0.163182919,0.156764098,2.477520561,0.101620422,0.388476897,0.163182919,0.836817081,0.611523103,0.872591207,1362,1819,1362,1819,9328,10690,3963,9328,2144,0.54100429,0.104446382,0.052317716,0.100539488,0.005054094,0.004966561,0.739542888,0.273461841,0.432771201,0.450822409,-1.366051463,1.069897058,-0.052128666,0.156764098,-0.354370775,0.018569082,0.136175771,0.836817081,0.611523103,-0.052128666,0.239268409,[0.7590664],11147,-0.244501748,1.468094572,0.574106306,0.430617558,0.217088651,0.724170092,0.724170092,0.686283167,-1179195181,0.104635432,0.947871334,0.592224294,1,128.2287717,30.4,0,1179.184912,0,4913.270467,0.424451976,0
ce778982-236b-4a5b-81f1-7f51239624ea,BaggingClassifier,POSTPROCESSING,FairnessAwareMetaEstimator,BaggingClassifier,0.847812735,0.5867085,0.193680475,0.5867085,0.929936306,0.724806202,3506,0.152187265,-0.140835327,0.292023704,0.275193798,0.089996589,1.326799207,0.4132915,0.129748765,1.325329468,0.122640711,-0.131057437,0.236384897,0.070063694,-0.08484664,0.200310173,0.082395769,0.4132915,0.070063694,0.929936306,0.5867085,0.877359289,1449,781,1449,781,10366,11815,2838,10366,2057,0.724806202,0.107297702,-0.107297702,0.011524981,6.64E-05,6.62E-05,0.732770657,0.268476418,0.429738207,0.40594524,0.10809096,0.205027095,-0.129748765,0.129748765,-0.110527013,-0.209154579,0.124078135,0.929936306,0.5867085,-0.129748765,0.239268409,[0.7590664],11147,-0.244501748,1.468094572,0.648486759,0.557768476,0.152187265,0.758322403,0.758322403,0.839688654,-1352006331,-0.044902125,0.870251235,0.61605271,0.885923101,9.482950687,41.2,0,1282.106932,0,5342.112215,0.461499139,0
ce778982-236b-4a5b-81f1-7f51239624ea,BaggingClassifier,POSTPROCESSING,RejectOptionClassification,BaggingClassifier,1,1,0.239268409,1,1,1,3506,0,0,,0,0,,0,0,,0,0,,0,0,,0,0,0,1,1,1,0,0,0,0,11147,11147,3506,11147,3506,1,0,0,0,0,0,0.732638593,0.268379654,0.429675854,0,0,0.228982899,0,0,0,-0.244501748,0,1,1,0,0.239268409,[0.7590664],11147,-0.244501748,1.468094572,1,1,0,1,1,1,-2699677478,0,1,1,0.885923101,9.468846798,51.8,0,1382.973484,0,5762.389517,0.497806428,0
ce778982-236b-4a5b-81f1-7f51239624ea,BaggingClassifier,POSTPROCESSING,EqOddsPostprocessing,BaggingClassifier,0.950999795,0.795208214,0.190268204,0.795208214,1,1,3506,0.049000205,0,,0,0,,0.204791786,0,,0.060514117,0,,0,0,,0.025762469,0.204791786,0,1,0.795208214,0.939485883,718,0,718,0,11147,11865,2788,11147,2788,1,0,0,0.074096606,0.002745154,0.002819665,0.732638593,0.268379654,0.429675854,0.226991051,6.359114793,0.228982899,0,0,0,-0.244501748,0.050241432,1,0.795208214,0,0.239268409,[0.7590664],11147,-0.244501748,1.468094572,0.885923101,0.864341883,0.049000205,0.897604107,0.897604107,0.897604107,-2699677478,0,1,0.838118142,0.663833175,11.9932766,9.7,0,116.6379172,0,485.9913218,0.04198425,0.110375276
ce778982-236b-4a5b-81f1-7f51239624ea,BaggingClassifier,POSTPROCESSING,CalibratedEqOddsPostprocessing,BaggingClassifier,0.950999795,0.795208214,0.190268204,0.795208214,1,1,3506,0.049000205,0,,0,0,,0.204791786,0,,0.060514117,0,,0,0,,0.025762469,0.204791786,0,1,0.795208214,0.939485883,718,0,718,0,11147,11865,2788,11147,2788,1,0,0,0.074096606,0.002745154,0.002819665,0.732638593,0.268379654,0.429675854,0.226991051,6.359114793,0.228982899,0,0,0,-0.244501748,0.050241432,1,0.795208214,0,0.239268409,[0.7590664],11147,-0.244501748,1.468094572,0.885923101,0.864341883,0.049000205,0.897604107,0.897604107,0.897604107,-2510183130,0,1,0.838118142,0.693509201,9.347711563,19.6,0,209.4896603,0,872.8735846,0.075406579,0.147776727
ce778982-236b-4a5b-81f1-7f51239624ea,BernoulliNB,POSTPROCESSING,ThresholdOptimizer,BernoulliNB,0.772811028,0.22589846,0.096021293,0.22589846,0.944828205,0.562899787,3506,0.227188972,-0.195944081,0.357276417,0.437100213,0.264631892,1.606234279,0.77410154,-0.199978976,0.758639939,0.204892043,-0.240634747,0.172524208,0.055171795,0.00655489,1.106276376,0.140777966,0.77410154,0.055171795,0.944828205,0.22589846,0.795107957,2714,615,2714,615,10532,13246,1407,10532,792,0.562899787,0.103266933,0.103266933,0.112653111,0.006345362,0.006229738,0.740972948,0.274520455,0.433393485,0.530618444,-1.311781712,0.935337193,0.199978976,0.199978976,-0.25263332,-0.006239195,0.222518054,0.944828205,0.22589846,0.199978976,0.239268409,[0.7590664],11147,-0.244501748,1.468094572,0.322409933,0.247227563,0.227188972,0.585363332,0.585363332,0.524914656,-1202975858,-0.193424086,0.800021024,0.265660377,1,130.6561589,28.9,0,1425.027874,0,5937.61614,0.512944061,0
ce778982-236b-4a5b-81f1-7f51239624ea,BernoulliNB,POSTPROCESSING,FairnessAwareMetaEstimator,BernoulliNB,0.806046543,0.735596121,0.306694875,0.735596121,0.828204898,0.573876279,3506,0.193953457,-0.187035337,0.264979424,0.426123721,0.012611453,1.029380273,0.264403879,0.454052349,3.235714286,0.091249139,-0.065632178,0.432138979,0.171795102,-0.257066014,0.076361337,0.083117102,0.264403879,0.171795102,0.828204898,0.735596121,0.908750861,927,1915,927,1915,9232,10159,4494,9232,2579,0.573876279,0.355559182,-0.355559182,0.065317381,0.00213318,0.002153237,0.734462573,0.269717636,0.430580741,0.407718289,0.816587669,0.100742132,-0.454052349,0.454052349,-0.039121816,-0.398166329,0.104479854,0.828204898,0.735596121,-0.454052349,0.239268409,[0.7590664],11147,-0.244501748,1.468094572,0.64475,0.521637493,0.193953457,0.78190051,0.78190051,1.059912415,-329970419.2,-0.196986335,0.545947651,0.687183586,0.885923101,9.557351589,41.5,0,1546.237889,0,6442.657873,0.556574055,0
ce778982-236b-4a5b-81f1-7f51239624ea,BernoulliNB,POSTPROCESSING,RejectOptionClassification,BernoulliNB,1,1,0.239268409,1,1,1,3506,0,0,,0,0,,0,0,,0,0,,0,0,,0,0,0,1,1,1,0,0,0,0,11147,11147,3506,11147,3506,1,0,0,0,0,0,0.732638593,0.268379654,0.429675854,0,0,0.228982899,0,0,0,-0.244501748,0,1,1,0,0.239268409,[0.7590664],11147,-0.244501748,1.468094572,1,1,0,1,1,1,-2699677478,0,1,1,0.885923101,9.565870762,53.3,0,1659.668312,0,6915.284633,0.597403756,0
ce778982-236b-4a5b-81f1-7f51239624ea,BernoulliNB,POSTPROCESSING,EqOddsPostprocessing,BernoulliNB,0.950999795,0.795208214,0.190268204,0.795208214,1,1,3506,0.049000205,0,,0,0,,0.204791786,0,,0.060514117,0,,0,0,,0.025762469,0.204791786,0,1,0.795208214,0.939485883,718,0,718,0,11147,11865,2788,11147,2788,1,0,0,0.074096606,0.002745154,0.002819665,0.732638593,0.268379654,0.429675854,0.226991051,6.359114793,0.228982899,0,0,0,-0.244501748,0.050241432,1,0.795208214,0,0.239268409,[0.7590664],11147,-0.244501748,1.468094572,0.885923101,0.864341883,0.049000205,0.897604107,0.897604107,0.897604107,-2699677478,0,1,0.838118142,0.662583451,4.423874855,10.6,0,47.38984485,0,197.4576869,0.01705815,0.053043204
ce778982-236b-4a5b-81f1-7f51239624ea,BernoulliNB,POSTPROCESSING,CalibratedEqOddsPostprocessing,BernoulliNB,0.950999795,0.795208214,0.190268204,0.795208214,1,1,3506,0.049000205,0,,0,0,,0.204791786,0,,0.060514117,0,,0,0,,0.025762469,0.204791786,0,1,0.795208214,0.939485883,718,0,718,0,11147,11865,2788,11147,2788,1,0,0,0.074096606,0.002745154,0.002819665,0.732638593,0.268379654,0.429675854,0.226991051,6.359114793,0.228982899,0,0,0,-0.244501748,0.050241432,1,0.795208214,0,0.239268409,[0.7590664],11147,-0.244501748,1.468094572,0.885923101,0.864341883,0.049000205,0.897604107,0.897604107,0.897604107,-2510183130,0,1,0.838118142,0.664622521,3.265420914,20.7,0,80.68614402,0,336.1922667,0.029043276,0.13875749
ce778982-236b-4a5b-81f1-7f51239624ea,BaggingClassifier,POSTPROCESSING,ThresholdOptimizer,BaggingClassifier,0.792670443,0.598402738,0.25441889,0.598402738,0.853772315,0.56276824,3506,0.207329557,0.088451311,1.499417775,0.43723176,0.646567369,3.983506944,0.401597262,0.110375276,1.283286119,0.128878719,-0.114674688,0.301231574,0.146227685,0.168782257,3.152249565,0.100482237,0.401597262,0.146227685,0.853772315,0.598402738,0.871121281,1408,1630,1408,1630,9517,10925,3728,9517,2098,0.56276824,0.139578766,0.029203491,0.105701805,0.005586436,0.005484939,0.739805562,0.273656135,0.432885821,0.448290614,-1.309853363,1.074653533,-0.110375276,0.168782257,-0.380621029,0.01844781,0.136873044,0.853772315,0.598402738,-0.110375276,0.239268409,[0.7590664],11147,-0.244501748,1.468094572,0.580038706,0.442937939,0.207329557,0.726087527,0.726087527,0.704883237,-1182669280,0.058406981,0.889624724,0.589077636,1,142.2426291,29.8,0,1375.520525,0,5731.335519,0.495123707,0
ce778982-236b-4a5b-81f1-7f51239624ea,BaggingClassifier,POSTPROCESSING,FairnessAwareMetaEstimator,BaggingClassifier,0.866580222,0.594124358,0.178461748,0.594124358,0.952274154,0.796558317,3506,0.133419778,-0.121482699,0.290716474,0.203441683,0.04536862,1.221709007,0.405875642,0.147776727,1.388074534,0.118209005,-0.12012343,0.250824407,0.047725846,-0.061674905,0.166320505,0.073531721,0.405875642,0.047725846,0.952274154,0.594124358,0.881790995,1423,532,1423,532,10615,12038,2615,10615,2083,0.796558317,0.104725816,-0.104725816,0.013559713,9.19E-05,9.15E-05,0.732843031,0.268529454,0.429772156,0.383488515,0.209807044,0.184880656,-0.147776727,0.147776727,-0.082746025,-0.201235857,0.116324141,0.952274154,0.594124358,-0.147776727,0.239268409,[0.7590664],11147,-0.244501748,1.468094572,0.680607744,0.60880954,0.133419778,0.773199256,0.773199256,0.854173179,-179082225,-0.086101821,0.852223273,0.634432346,0.885923101,9.96200037,40.4,0,1481.614513,0,6173.393802,0.533312631,0
ce778982-236b-4a5b-81f1-7f51239624ea,BaggingClassifier,POSTPROCESSING,RejectOptionClassification,BaggingClassifier,1,1,0.239268409,1,1,1,3506,0,0,,0,0,,0,0,,0,0,,0,0,,0,0,0,1,1,1,0,0,0,0,11147,11147,3506,11147,3506,1,0,0,0,0,0,0.732638593,0.268379654,0.429675854,0,0,0.228982899,0,0,0,-0.244501748,0,1,1,0,0.239268409,[0.7590664],11147,-0.244501748,1.468094572,1,1,0,1,1,1,-2699677478,0,1,1,0.885923101,9.914573908,50.9,0,1586.209729,0,6609.207202,0.570962067,0
ce778982-236b-4a5b-81f1-7f51239624ea,BaggingClassifier,POSTPROCESSING,EqOddsPostprocessing,BaggingClassifier,0.950999795,0.795208214,0.190268204,0.795208214,1,1,3506,0.049000205,0,,0,0,,0.204791786,0,,0.060514117,0,,0,0,,0.025762469,0.204791786,0,1,0.795208214,0.939485883,718,0,718,0,11147,11865,2788,11147,2788,1,0,0,0.074096606,0.002745154,0.002819665,0.732638593,0.268379654,0.429675854,0.226991051,6.359114793,0.228982899,0,0,0,-0.244501748,0.050241432,1,0.795208214,0,0.239268409,[0.7590664],11147,-0.244501748,1.468094572,0.885923101,0.864341883,0.049000205,0.897604107,0.897604107,0.897604107,-2699677478,0,1,0.838118142,0.721812635,32.56821227,9.1,0,296.7972117,0,1236.655049,0.106833256,0.076600442
ce778982-236b-4a5b-81f1-7f51239624ea,BaggingClassifier,POSTPROCESSING,CalibratedEqOddsPostprocessing,BaggingClassifier,0.950999795,0.795208214,0.190268204,0.795208214,1,1,3506,0.049000205,0,,0,0,,0.204791786,0,,0.060514117,0,,0,0,,0.025762469,0.204791786,0,1,0.795208214,0.939485883,718,0,718,0,11147,11865,2788,11147,2788,1,0,0,0.074096606,0.002745154,0.002819665,0.732638593,0.268379654,0.429675854,0.226991051,6.359114793,0.228982899,0,0,0,-0.244501748,0.050241432,1,0.795208214,0,0.239268409,[0.7590664],11147,-0.244501748,1.468094572,0.885923101,0.864341883,0.049000205,0.897604107,0.897604107,0.897604107,-2510183130,0,1,0.838118142,0.730189109,31.76806688,18.5,0,595.8576116,0,2482.740048,0.214481154,0.16489015
ce778982-236b-4a5b-81f1-7f51239624ea,RandomForestClassifier,POSTPROCESSING,ThresholdOptimizer,RandomForestClassifier,0.81055074,0.564746149,0.220432676,0.564746149,0.887862205,0.613003096,3506,0.18944926,0.034925259,1.193125418,0.386996904,0.633373099,4.244766998,0.435253851,0.053043204,1.122594752,0.133590125,-0.131616403,0.255180985,0.112137795,0.130732017,3.045921114,0.09821219,0.435253851,0.112137795,0.887862205,0.564746149,0.866409875,1526,1250,1526,1250,9897,11423,3230,9897,1980,0.613003096,0.091887611,0.038844407,0.094586182,0.004473273,0.004403403,0.738888481,0.272978093,0.432484971,0.443197903,-1.43061154,0.974491939,-0.053043204,0.130732017,-0.382494751,-0.005702187,0.139545951,0.887862205,0.564746149,-0.053043204,0.239268409,[0.7590664],11147,-0.244501748,1.468094572,0.587885986,0.4658179,0.18944926,0.726304177,0.726304177,0.698091323,-1234002259,0.077688813,0.946956796,0.576083794,1,155.1118064,27.6,0,2007.801526,0,8365.83969,0.722715595,0
ce778982-236b-4a5b-81f1-7f51239624ea,RandomForestClassifier,POSTPROCESSING,FairnessAwareMetaEstimator,RandomForestClassifier,0.86036989,0.549058756,0.163106531,0.549058756,0.95828474,0.805439331,3506,0.13963011,-0.130129172,0.280891595,0.194560669,0.035151077,1.179692308,0.450941244,0.13875749,1.320699708,0.128924407,-0.133492555,0.24467733,0.04171526,-0.054002594,0.157127517,0.078402522,0.450941244,0.04171526,0.95828474,0.549058756,0.871075593,1581,465,1581,465,10682,12263,2390,10682,1925,0.805439331,0.096380042,-0.096380042,0.023043461,0.000265501,0.000264322,0.733068335,0.268694592,0.429877238,0.395986165,0.230254035,0.180882668,-0.13875749,0.13875749,-0.084321816,-0.183204752,0.126838042,0.95828474,0.549058756,-0.13875749,0.239268409,[0.7590664],11147,-0.244501748,1.468094572,0.652985075,0.585854459,0.13963011,0.753671748,0.753671748,0.826310663,-173666775,-0.084754896,0.86124251,0.596529284,0.885923101,10.12363005,40.4,0,2137.906048,0,8907.941868,0.7695472,0
ce778982-236b-4a5b-81f1-7f51239624ea,RandomForestClassifier,POSTPROCESSING,RejectOptionClassification,RandomForestClassifier,1,1,0.239268409,1,1,1,3506,0,0,,0,0,,0,0,,0,0,,0,0,,0,0,0,1,1,1,0,0,0,0,11147,11147,3506,11147,3506,1,0,0,0,0,0,0.732638593,0.268379654,0.429675854,0,0,0.228982899,0,0,0,-0.244501748,0,1,1,0,0.239268409,[0.7590664],11147,-0.244501748,1.468094572,1,1,0,1,1,1,-2699677478,0,1,1,0.885923101,10.06604743,53.3,0,2268.564187,0,9452.350779,0.816578081,0
ce778982-236b-4a5b-81f1-7f51239624ea,RandomForestClassifier,POSTPROCESSING,EqOddsPostprocessing,RandomForestClassifier,0.950999795,0.795208214,0.190268204,0.795208214,1,1,3506,0.049000205,0,,0,0,,0.204791786,0,,0.060514117,0,,0,0,,0.025762469,0.204791786,0,1,0.795208214,0.939485883,718,0,718,0,11147,11865,2788,11147,2788,1,0,0,0.074096606,0.002745154,0.002819665,0.732638593,0.268379654,0.429675854,0.226991051,6.359114793,0.228982899,0,0,0,-0.244501748,0.050241432,1,0.795208214,0,0.239268409,[0.7590664],11147,-0.244501748,1.468094572,0.885923101,0.864341883,0.049000205,0.897604107,0.897604107,0.897604107,-2699677478,0,1,0.838118142,0.662583451,4.655361414,10.1,0,47.33468378,0,197.2278491,0.017038295,0.053043204
ce778982-236b-4a5b-81f1-7f51239624ea,RandomForestClassifier,POSTPROCESSING,CalibratedEqOddsPostprocessing,RandomForestClassifier,0.950999795,0.795208214,0.190268204,0.795208214,1,1,3506,0.049000205,0,,0,0,,0.204791786,0,,0.060514117,0,,0,0,,0.025762469,0.204791786,0,1,0.795208214,0.939485883,718,0,718,0,11147,11865,2788,11147,2788,1,0,0,0.074096606,0.002745154,0.002819665,0.732638593,0.268379654,0.429675854,0.226991051,6.359114793,0.228982899,0,0,0,-0.244501748,0.050241432,1,0.795208214,0,0.239268409,[0.7590664],11147,-0.244501748,1.468094572,0.885923101,0.864341883,0.049000205,0.897604107,0.897604107,0.897604107,-2510183130,0,1,0.838118142,0.664622521,3.469845057,20.3,0,83.20513594,0,346.6880664,0.029949997,0.13875749
ce778982-236b-4a5b-81f1-7f51239624ea,GradientBoostingClassifier,POSTPROCESSING,ThresholdOptimizer,GradientBoostingClassifier,0.812120385,0.671705647,0.270047089,0.671705647,0.856284202,0.595147839,3506,0.187879615,0.098094704,1.608371715,0.404852161,0.626135393,3.915326224,0.328294353,0.076600442,1.236860068,0.107610322,-0.101114144,0.283458476,0.143715798,0.162383313,2.889521929,0.087967747,0.328294353,0.143715798,0.856284202,0.671705647,0.892389678,1151,1602,1151,1602,9545,10696,3957,9545,2355,0.595147839,0.119491877,0.042891436,0.091376068,0.004174793,0.004105155,0.738566133,0.272739966,0.43234361,0.419446653,-1.382924694,1.002239459,-0.076600442,0.162383313,-0.363624768,0.000611925,0.116722266,0.856284202,0.671705647,-0.076600442,0.239268409,[0.7590664],11147,-0.244501748,1.468094572,0.631113493,0.507360681,0.187879615,0.763994925,0.763994925,0.731226086,-1177161404,0.085782871,0.923399558,0.650777202,1,159.2438545,29.5,0,1548.679762,0,6452.832342,0.557453016,0
ce778982-236b-4a5b-81f1-7f51239624ea,GradientBoostingClassifier,POSTPROCESSING,FairnessAwareMetaEstimator,GradientBoostingClassifier,0.875725107,0.659155733,0.200436771,0.659155733,0.943841392,0.786857337,3506,0.124274893,-0.107753469,0.329299216,0.213142663,0.105952505,1.493256118,0.340844267,0.16489015,1.51395806,0.101997269,-0.102871301,0.266216175,0.056158608,-0.06726488,0.220393382,0.066443531,0.340844267,0.056158608,0.943841392,0.659155733,0.898002731,1195,626,1195,626,10521,11716,2937,10521,2311,0.786857337,0.116077515,-0.116077515,0.006977259,2.43E-05,2.42E-05,0.73270422,0.268427737,0.429706927,0.364536776,0.130904221,0.200436911,-0.16489015,0.16489015,-0.104411903,-0.219317795,0.101223149,0.943841392,0.659155733,-0.16489015,0.239268409,[0.7590664],11147,-0.244501748,1.468094572,0.717367686,0.642626371,0.124274893,0.801498563,0.801498563,0.894534524,-237092775.7,-0.09762527,0.83510985,0.687030844,0.885923101,10.32153773,42.2,0,1680.755497,0,7003.147904,0.604994166,0
ce778982-236b-4a5b-81f1-7f51239624ea,GradientBoostingClassifier,POSTPROCESSING,RejectOptionClassification,GradientBoostingClassifier,1,1,0.239268409,1,1,1,3506,0,0,,0,0,,0,0,,0,0,,0,0,,0,0,0,1,1,1,0,0,0,0,11147,11147,3506,11147,3506,1,0,0,0,0,0,0.732638593,0.268379654,0.429675854,0,0,0.228982899,0,0,0,-0.244501748,0,1,1,0,0.239268409,[0.7590664],11147,-0.244501748,1.468094572,1,1,0,1,1,1,-2699677478,0,1,1,0.885923101,10.08249736,54.1,0,1801.295042,0,7505.396009,0.648382822,0
ce778982-236b-4a5b-81f1-7f51239624ea,GradientBoostingClassifier,POSTPROCESSING,EqOddsPostprocessing,GradientBoostingClassifier,0.950999795,0.795208214,0.190268204,0.795208214,1,1,3506,0.049000205,0,,0,0,,0.204791786,0,,0.060514117,0,,0,0,,0.025762469,0.204791786,0,1,0.795208214,0.939485883,718,0,718,0,11147,11865,2788,11147,2788,1,0,0,0.074096606,0.002745154,0.002819665,0.732638593,0.268379654,0.429675854,0.226991051,6.359114793,0.228982899,0,0,0,-0.244501748,0.050241432,1,0.795208214,0,0.239268409,[0.7590664],11147,-0.244501748,1.468094572,0.885923101,0.864341883,0.049000205,0.897604107,0.897604107,0.897604107,-2699677478,0,1,0.838118142,0.72940574,1.890624523,12.8,0,24.90457764,0,103.7690735,0.008964495,0.053179859
ce778982-236b-4a5b-81f1-7f51239624ea,GradientBoostingClassifier,POSTPROCESSING,CalibratedEqOddsPostprocessing,GradientBoostingClassifier,0.950999795,0.795208214,0.190268204,0.795208214,1,1,3506,0.049000205,0,,0,0,,0.204791786,0,,0.060514117,0,,0,0,,0.025762469,0.204791786,0,1,0.795208214,0.939485883,718,0,718,0,11147,11865,2788,11147,2788,1,0,0,0.074096606,0.002745154,0.002819665,0.732638593,0.268379654,0.429675854,0.226991051,6.359114793,0.228982899,0,0,0,-0.244501748,0.050241432,1,0.795208214,0,0.239268409,[0.7590664],11147,-0.244501748,1.468094572,0.885923101,0.864341883,0.049000205,0.897604107,0.897604107,0.897604107,-2510183130,0,1,0.838118142,0.739163394,0.859373093,26.2,0,37.04834681,0,154.3681117,0.01333569,0.13962998
ce778982-236b-4a5b-81f1-7f51239624ea,RandomForestClassifier_DEMV_HYPERPARAMETER,POSTPROCESSING,ThresholdOptimizer,DEMV_HYPERPARAMETER,0.81055074,0.564746149,0.220432676,0.564746149,0.887862205,0.613003096,3506,0.18944926,0.034925259,1.193125418,0.386996904,0.633373099,4.244766998,0.435253851,0.053043204,1.122594752,0.133590125,-0.131616403,0.255180985,0.112137795,0.130732017,3.045921114,0.09821219,0.435253851,0.112137795,0.887862205,0.564746149,0.866409875,1526,1250,1526,1250,9897,11423,3230,9897,1980,0.613003096,0.091887611,0.038844407,0.094586182,0.004473273,0.004403403,0.738888481,0.272978093,0.432484971,0.443197903,-1.43061154,0.974491939,-0.053043204,0.130732017,-0.382494751,-0.005702187,0.139545951,0.887862205,0.564746149,-0.053043204,0.239268409,[0.7590664],11147,-0.244501748,1.468094572,0.587885986,0.4658179,0.18944926,0.726304177,0.726304177,0.698091323,-1234002259,0.077688813,0.946956796,0.576083794,1,167.6480019,37.7,0,1965.546083,0,8189.775345,0.707505592,0
ce778982-236b-4a5b-81f1-7f51239624ea,RandomForestClassifier_DEMV_HYPERPARAMETER,POSTPROCESSING,FairnessAwareMetaEstimator,DEMV_HYPERPARAMETER,0.86036989,0.549058756,0.163106531,0.549058756,0.95828474,0.805439331,3506,0.13963011,-0.130129172,0.280891595,0.194560669,0.035151077,1.179692308,0.450941244,0.13875749,1.320699708,0.128924407,-0.133492555,0.24467733,0.04171526,-0.054002594,0.157127517,0.078402522,0.450941244,0.04171526,0.95828474,0.549058756,0.871075593,1581,465,1581,465,10682,12263,2390,10682,1925,0.805439331,0.096380042,-0.096380042,0.023043461,0.000265501,0.000264322,0.733068335,0.268694592,0.429877238,0.395986165,0.230254035,0.180882668,-0.13875749,0.13875749,-0.084321816,-0.183204752,0.126838042,0.95828474,0.549058756,-0.13875749,0.239268409,[0.7590664],11147,-0.244501748,1.468094572,0.652985075,0.585854459,0.13963011,0.753671748,0.753671748,0.826310663,-173666775,-0.084754896,0.86124251,0.596529284,0.885923101,10.27383447,48.1,0,2072.718877,0,8636.328654,0.746082837,0
ce778982-236b-4a5b-81f1-7f51239624ea,RandomForestClassifier_DEMV_HYPERPARAMETER,POSTPROCESSING,RejectOptionClassification,DEMV_HYPERPARAMETER,1,1,0.239268409,1,1,1,3506,0,0,,0,0,,0,0,,0,0,,0,0,,0,0,0,1,1,1,0,0,0,0,11147,11147,3506,11147,3506,1,0,0,0,0,0,0.732638593,0.268379654,0.429675854,0,0,0.228982899,0,0,0,-0.244501748,0,1,1,0,0.239268409,[0.7590664],11147,-0.244501748,1.468094572,1,1,0,1,1,1,-2699677478,0,1,1,0.885923101,10.1434648,58.6,0,2179.717342,0,9082.155593,0.78459733,0
ce778982-236b-4a5b-81f1-7f51239624ea,RandomForestClassifier_DEMV_HYPERPARAMETER,POSTPROCESSING,EqOddsPostprocessing,DEMV_HYPERPARAMETER,0.950999795,0.795208214,0.190268204,0.795208214,1,1,3506,0.049000205,0,,0,0,,0.204791786,0,,0.060514117,0,,0,0,,0.025762469,0.204791786,0,1,0.795208214,0.939485883,718,0,718,0,11147,11865,2788,11147,2788,1,0,0,0.074096606,0.002745154,0.002819665,0.732638593,0.268379654,0.429675854,0.226991051,6.359114793,0.228982899,0,0,0,-0.244501748,0.050241432,1,0.795208214,0,0.239268409,[0.7590664],11147,-0.244501748,1.468094572,0.885923101,0.864341883,0.049000205,0.897604107,0.897604107,0.897604107,-2699677478,0,1,0.838118142,0.969784779,5.860200644,10,0,59.07076836,0,246.1282015,0.021262742,0.068181818
ce778982-236b-4a5b-81f1-7f51239624ea,RandomForestClassifier_DEMV_HYPERPARAMETER,POSTPROCESSING,CalibratedEqOddsPostprocessing,DEMV_HYPERPARAMETER,0.950999795,0.795208214,0.190268204,0.795208214,1,1,3506,0.049000205,0,,0,0,,0.204791786,0,,0.060514117,0,,0,0,,0.025762469,0.204791786,0,1,0.795208214,0.939485883,718,0,718,0,11147,11865,2788,11147,2788,1,0,0,0.074096606,0.002745154,0.002819665,0.732638593,0.268379654,0.429675854,0.226991051,6.359114793,0.228982899,0,0,0,-0.244501748,0.050241432,1,0.795208214,0,0.239268409,[0.7590664],11147,-0.244501748,1.468094572,0.885923101,0.864341883,0.049000205,0.897604107,0.897604107,0.897604107,-2510183130,0,1,0.838118142,0.961794303,,,,,,,,0.066662061
ce778982-236b-4a5b-81f1-7f51239624ea,XGBClassifier_DEMV_DEMV,POSTPROCESSING,ThresholdOptimizer,DEMV_DEMV,0.810960213,0.67826583,0.27434655,0.67826583,0.852695793,0.591542289,3506,0.189039787,0.100506702,1.620636128,0.408457711,0.617520531,3.805408762,0.32173417,0.053179859,1.167101569,0.10608483,-0.102110695,0.268698546,0.147304207,0.164559103,2.841614588,0.087647766,0.32173417,0.147304207,0.852695793,0.67826583,0.89391517,1128,1642,1128,1642,9505,10633,4020,9505,2378,0.591542289,0.108869481,0.055689622,0.091788456,0.00421256,0.004140357,0.738673082,0.272818961,0.432390539,0.418683092,-1.36020517,1.014091905,-0.053179859,0.164559103,-0.359815613,0.003906471,0.115605186,0.852695793,0.67826583,-0.053179859,0.239268409,[0.7590664],11147,-0.244501748,1.468094572,0.631942599,0.50769999,0.189039787,0.765480811,0.765480811,0.722851474,-1213702206,0.111379244,0.946820141,0.654285321,0.965797673,5.976727724,24.2,0,258.7019402,0,1077.924751,0.093120722,0.065142305
ce778982-236b-4a5b-81f1-7f51239624ea,XGBClassifier_DEMV_DEMV,POSTPROCESSING,FairnessAwareMetaEstimator,DEMV_DEMV,0.875452126,0.664575014,0.203303078,0.664575014,0.941778057,0.782141658,3506,0.124547874,-0.110994882,0.314104443,0.217858342,0.088830295,1.403296322,0.335424986,0.13962998,1.439761629,0.10073668,-0.104169865,0.252584239,0.058221943,-0.070511078,0.212402019,0.066311221,0.335424986,0.058221943,0.941778057,0.664575014,0.89926332,1176,649,1176,649,10498,11674,2979,10498,2330,0.782141658,0.105070529,-0.105070529,0.006966646,2.43E-05,2.42E-05,0.732697766,0.268423008,0.42970388,0.364173642,0.106039813,0.205552474,-0.13962998,0.13962998,-0.09650008,-0.220509936,0.100319445,0.941778057,0.664575014,-0.13962998,0.239268409,[0.7590664],11147,-0.244501748,1.468094572,0.718581342,0.642784568,0.124547874,0.803176536,0.803176536,0.887566719,-274797245,-0.069118902,0.86037002,0.69052382,0.96730448,,,,,,,,0.065142305
ce778982-236b-4a5b-81f1-7f51239624ea,XGBClassifier_DEMV_DEMV,POSTPROCESSING,RejectOptionClassification,DEMV_DEMV,1,1,0.239268409,1,1,1,3506,0,0,,0,0,,0,0,,0,0,,0,0,,0,0,0,1,1,1,0,0,0,0,11147,11147,3506,11147,3506,1,0,0,0,0,0,0.732638593,0.268379654,0.429675854,0,0,0.228982899,0,0,0,-0.244501748,0,1,1,0,0.239268409,[0.7590664],11147,-0.244501748,1.468094572,1,1,0,1,1,1,-2699677478,0,1,1,0.967796168,5.822340727,35.2,0,444.1287101,0,1850.536292,0.159865774,0.066662061
ce778982-236b-4a5b-81f1-7f51239624ea,XGBClassifier_DEMV_DEMV,POSTPROCESSING,EqOddsPostprocessing,DEMV_DEMV,0.950999795,0.795208214,0.190268204,0.795208214,1,1,3506,0.049000205,0,,0,0,,0.204791786,0,,0.060514117,0,,0,0,,0.025762469,0.204791786,0,1,0.795208214,0.939485883,718,0,718,0,11147,11865,2788,11147,2788,1,0,0,0.074096606,0.002745154,0.002819665,0.732638593,0.268379654,0.429675854,0.226991051,6.359114793,0.228982899,0,0,0,-0.244501748,0.050241432,1,0.795208214,0,0.239268409,[0.7590664],11147,-0.244501748,1.468094572,0.885923101,0.864341883,0.049000205,0.897604107,0.897604107,0.897604107,-2699677478,0,1,0.838118142,0.815300922,,,,,,,,0.275490467
ce778982-236b-4a5b-81f1-7f51239624ea,XGBClassifier_DEMV_DEMV,POSTPROCESSING,CalibratedEqOddsPostprocessing,DEMV_DEMV,0.950999795,0.795208214,0.190268204,0.795208214,1,1,3506,0.049000205,0,,0,0,,0.204791786,0,,0.060514117,0,,0,0,,0.025762469,0.204791786,0,1,0.795208214,0.939485883,718,0,718,0,11147,11865,2788,11147,2788,1,0,0,0.074096606,0.002745154,0.002819665,0.732638593,0.268379654,0.429675854,0.226991051,6.359114793,0.228982899,0,0,0,-0.244501748,0.050241432,1,0.795208214,0,0.239268409,[0.7590664],11147,-0.244501748,1.468094572,0.885923101,0.864341883,0.049000205,0.897604107,0.897604107,0.897604107,-2510183130,0,1,0.838118142,0.96658326,6.183132172,45.2,0,623.8756954,0,2599.482064,0.224566367,0.066662061
ce778982-236b-4a5b-81f1-7f51239624ea,XGBClassifier_BASE_LINE_VALUES,POSTPROCESSING,CounterfactualAnalyzer,XGBClassifier_BASE_LINE_VALUES_CounterfactualAnalyzer,0.9867286,0.99047619,0.628400796,0.99047619,0.980427046,0.988384372,945,0.0132714,0.007209082,1.725714286,0.011615628,-0.013493253,0,0.00952381,0.068181818,inf,0.016071429,0.02238806,inf,0.019572954,-0.036290323,0,0.006617244,0.00952381,0.019572954,0.980427046,0.99047619,0.983928571,9,11,9,11,551,560,947,551,936,0.988384372,0.05223607,-0.05223607,0.011268611,6.35E-05,6.37E-05,0.627866787,0.197108351,0.332283872,0.115041243,0.083370631,0.318235168,-0.068181818,0.068181818,0.017940657,-0.501917376,0.008779265,0.980427046,0.99047619,-0.068181818,0.627073656,[0.97929662],562,-0.474840744,1.054816877,0.989429175,0.971607834,0.0132714,0.985451618,0.985451618,1.036927738,-5484847.543,-0.031891496,0.931818182,0.989952406,0.968153372,,,,,,,,0.065142305
ce778982-236b-4a5b-81f1-7f51239624ea,GradientBoostingClassifier_BASE_LINE_VALUES,POSTPROCESSING,CounterfactualAnalyzer,GradientBoostingClassifier_BASE_LINE_VALUES_CounterfactualAnalyzer,0.95819509,0.986243386,0.651625747,0.986243386,0.911032028,0.949083503,945,0.04180491,0.062535478,3.697959184,0.050916497,0.196872997,7.664150943,0.013756614,0.066662061,44.86363636,0.024761905,0.020223352,5.631147541,0.088967972,0.010957892,1.135877863,0.019625527,0.013756614,0.088967972,0.911032028,0.986243386,0.975238095,13,50,13,50,512,525,982,512,932,0.949083503,0.038809977,-0.027852085,0.014855819,0.000110348,0.000109828,0.627890333,0.197123135,0.33229378,0.198118787,0.058232299,0.405300696,-0.066662061,0.066662061,-0.088324823,-0.444383475,0.02063742,0.911032028,0.986243386,-0.066662061,0.627073656,[0.97929662],562,-0.474840744,1.054816877,0.967306694,0.910698109,0.04180491,0.948637707,0.948637707,0.975059245,-3692586.351,-0.055704169,0.933337939,0.976683259,0.938210815,5.799999952,55.3,0,788.0201622,0,3283.417342,0.283650776,0.130284609
ce778982-236b-4a5b-81f1-7f51239624ea,AdaBoostClassifier_BASE_LINE_VALUES,POSTPROCESSING,CounterfactualAnalyzer,AdaBoostClassifier_BASE_LINE_VALUES_CounterfactualAnalyzer,0.97478434,0.984126984,0.632382216,0.984126984,0.959074733,0.975865687,945,0.02521566,0.006300851,1.380571429,0.024134313,0.004377536,1.225274725,0.015873016,0.065142305,22.43181818,0.027075812,0.014117572,2.672932331,0.040925267,-0.044785767,0.145625367,0.012461088,0.015873016,0.040925267,0.959074733,0.984126984,0.972924188,15,23,15,23,539,554,953,539,930,0.975865687,0.054964036,-0.054964036,0.016803851,0.000141185,0.000141258,0.627839874,0.197091453,0.332271646,0.157867588,0.086203016,0.325022422,-0.065142305,0.065142305,0.004870018,-0.498410596,0.015751534,0.959074733,0.984126984,-0.065142305,0.627073656,[0.97929662],562,-0.474840744,1.054816877,0.979978925,0.94599167,0.02521566,0.971600859,0.971600859,1.025003963,-1560538.096,-0.020356537,0.934857695,0.982048574,0.959828117,,,,,,,,0.084830064
ce778982-236b-4a5b-81f1-7f51239624ea,RandomForestClassifier_BASE_LINE_VALUES,POSTPROCESSING,CounterfactualAnalyzer,RandomForestClassifier_BASE_LINE_VALUES_CounterfactualAnalyzer,0.98075647,0.984126984,0.626410086,0.984126984,0.975088968,0.985169492,945,0.01924353,0.008508357,1.592967033,0.014830508,0.00731777,1.443722944,0.015873016,0.065142305,22.43181818,0.026642984,0.01418819,2.695488722,0.024911032,-0.036721251,0.172102706,0.009634327,0.015873016,0.024911032,0.975088968,0.984126984,0.973357016,15,14,15,14,548,563,944,548,930,0.985169492,0.050931778,-0.050931778,0.014725901,0.000108426,0.000108932,0.627825427,0.197082383,0.33226509,0.138811576,0.059559982,0.325997001,-0.065142305,0.065142305,0.00343521,-0.496203091,0.013550989,0.975088968,0.984126984,-0.065142305,0.627073656,[0.97929662],562,-0.474840744,1.054816877,0.984647962,0.958871168,0.01924353,0.979607976,0.979607976,1.029501152,-4066438.596,-0.028421054,0.934857695,0.984387404,1,2.283511162,10,0,23.30376625,0,97.09902604,0.008388277,0
ce778982-236b-4a5b-81f1-7f51239624ea,BaggingClassifier_BASE_LINE_VALUES,POSTPROCESSING,CounterfactualAnalyzer,BaggingClassifier_BASE_LINE_VALUES_CounterfactualAnalyzer,0.98075647,0.987301587,0.630391506,0.987301587,0.96975089,0.982105263,945,0.01924353,0.024351939,3.451428571,0.017894737,0.056151743,5.667613636,0.012698413,0.066662061,44.86363636,0.021543986,0.018751386,5.519083969,0.03024911,-0.009357301,0.709923664,0.009552767,0.012698413,0.03024911,0.96975089,0.987301587,0.978456014,12,17,12,17,545,557,950,545,933,0.982105263,0.038009681,-0.038009681,0.005793462,1.68E-05,1.68E-05,0.627766439,0.197045351,0.332238386,0.138222766,0.010574117,0.342547798,-0.066662061,0.066662061,-0.018700179,-0.482567014,0.012274285,0.96975089,0.987301587,-0.066662061,0.627073656,[0.97929662],562,-0.474840744,1.054816877,0.98469657,0.958805272,0.01924353,0.978526238,0.978526238,1.015719709,-25035587.1,-0.05730476,0.933337939,0.985997358,1,2.171908855,10.1,0,22.40962303,0,93.37342928,0.008066427,0
ce778982-236b-4a5b-81f1-7f51239624ea,BernoulliNB_BASE_LINE_VALUES,POSTPROCESSING,CounterfactualAnalyzer,BernoulliNB_BASE_LINE_VALUES_CounterfactualAnalyzer,0.865958859,0.851851852,0.575315196,0.851851852,0.889679715,0.928489043,945,0.134041141,-0.019854935,0.830296496,0.071510957,-0.039591315,0.465517241,0.148148148,0.275490467,4.12539185,0.21875,-0.11521716,0.487482286,0.110320285,-0.185914799,0.039440204,0.073047015,0.148148148,0.110320285,0.889679715,0.851851852,0.78125,140,62,140,62,500,640,867,500,805,0.928489043,0.230702633,-0.230702633,0.054292477,0.001473837,0.00149023,0.628637335,0.197592449,0.332637892,0.382222488,0.395796408,0.231693122,-0.275490467,0.275490467,-0.037812923,-0.549517502,0.113293152,0.889679715,0.851851852,-0.275490467,0.627073656,[0.97929662],562,-0.474840744,1.054816877,0.888520971,0.725461167,0.134041141,0.870765784,0.870765784,1.071653743,-10007040.78,-0.089575668,0.724509533,0.869800108,1,2.171093225,10.2,0,22.62327347,0,94.26363945,0.008143331,0
ce778982-236b-4a5b-81f1-7f51239624ea,BaggingClassifier_BASE_HYPER,POSTPROCESSING,CounterfactualAnalyzer,BaggingClassifier_BASE_HYPER_CounterfactualAnalyzer,0.98142004,0.983068783,0.624419376,0.983068783,0.978647687,0.987247609,945,0.01857996,0.005001577,1.411948052,0.012752391,-0.014992504,0,0.016931217,0.066662061,44.86363636,0.028268551,0.018203959,5.350746269,0.021352313,-0.040322581,0,0.009335952,0.016931217,0.021352313,0.978647687,0.983068783,0.971731449,16,12,16,12,550,566,941,550,929,0.987247609,0.053492321,-0.053492321,0.016535024,0.000136704,0.000137269,0.627866787,0.197108351,0.332283872,0.136645177,0.083370631,0.318235168,-0.066662061,0.066662061,0.016598232,-0.501917376,0.013726027,0.978647687,0.983068783,-0.066662061,0.627073656,[0.97929662],562,-0.474840744,1.054816877,0.985153765,0.960346788,0.01857996,0.980858235,0.980858235,1.033326619,-2188766.028,-0.026339481,0.933337939,0.984110169,1,2.297424793,10.2,0,23.91173387,0,99.63222444,0.008607117,0
ce778982-236b-4a5b-81f1-7f51239624ea,RandomForestClassifier_BASE_HYPER,POSTPROCESSING,CounterfactualAnalyzer,RandomForestClassifier_BASE_HYPER_CounterfactualAnalyzer,0.98274718,0.985185185,0.625746516,0.985185185,0.978647687,0.987274655,945,0.01725282,0.005001577,1.411948052,0.012725345,-0.013533835,0,0.014814815,0.065142305,22.43181818,0.024822695,0.014089305,2.697761194,0.021352313,-0.036290323,0,0.00864847,0.014814815,0.021352313,0.978647687,0.985185185,0.975177305,14,12,14,12,550,564,943,550,931,0.987274655,0.050716314,-0.050716314,0.013528997,9.15E-05,9.19E-05,0.627850044,0.197097839,0.332276265,0.131517829,0.080369879,0.319192266,-0.065142305,0.065142305,0.01381157,-0.499709871,0.012381531,0.978647687,0.985185185,-0.065142305,0.627073656,[0.97929662],562,-0.474840744,1.054816877,0.986228814,0.963142169,0.01725282,0.981916436,0.981916436,1.031715618,-2517291.778,-0.028851982,0.934857695,0.985706723,1,2.280570745,10.2,0,23.7399466,0,98.91644418,0.008545282,0
ce778982-236b-4a5b-81f1-7f51239624ea,GradientBoostingClassifier_BASE_HYPER,POSTPROCESSING,CounterfactualAnalyzer,GradientBoostingClassifier_BASE_HYPER_CounterfactualAnalyzer,0.9734572,0.974603175,0.621765096,0.974603175,0.971530249,0.982924226,945,0.0265428,0.037079786,3.584175824,0.017075774,0.059596071,5.390243902,0.025396825,0.130284609,22.43181818,0.042105263,0.028315214,2.720149254,0.028469751,-0.013389559,0.631043257,0.013399193,0.025396825,0.028469751,0.971530249,0.974603175,0.957894737,24,16,24,16,546,570,937,546,921,0.982924226,0.071837084,-0.071837084,0.013761191,9.47E-05,9.50E-05,0.627834639,0.197088167,0.33226927,0.163702126,0.077360095,0.320155139,-0.130284609,0.130284609,-0.015640429,-0.497502365,0.020119705,0.971530249,0.974603175,-0.130284609,0.627073656,[0.97929662],562,-0.474840744,1.054816877,0.978746015,0.943472451,0.0265428,0.973066712,0.973066712,1.042968987,-4468259.483,-0.11689505,0.869715391,0.976670201,1,2.29463172,10.2,0,23.88326154,0,99.51358974,0.008596868,0
ce778982-236b-4a5b-81f1-7f51239624ea,XGBClassifier_DEMV_DEMV,POSTPROCESSING,CounterfactualAnalyzer,XGBClassifier_DEMV_DEMV_CounterfactualAnalyzer,0.98208361,0.982010582,0.622428666,0.982010582,0.982206406,0.989339019,945,0.01791639,0.016430148,2.353246753,0.010660981,0.013800229,2.303135889,0.017989418,0.084830064,14.95454545,0.029876977,0.013524216,1.828358209,0.017793594,-0.020592219,0.27044711,0.009031111,0.017989418,0.017793594,0.982206406,0.982010582,0.970123023,17,10,17,10,552,569,938,552,928,0.989339019,0.052711141,-0.052711141,0.010269701,5.27E-05,5.28E-05,0.627820588,0.197079345,0.332262895,0.134395767,0.074341224,0.321123838,-0.084830064,0.084830064,-0.000138007,-0.49529486,0.013897774,0.982206406,0.982010582,-0.084830064,0.627073656,[0.97929662],562,-0.474840744,1.054816877,0.985661179,0.961836577,0.01791639,0.982108494,0.982108494,1.033876553,-5619848.574,-0.064237845,0.915169936,0.983832494,1,2.1709764,10.3,0,22.84376628,0,95.18235952,0.008222698,0
ce778982-236b-4a5b-81f1-7f51239624ea,XGBClassifier_BASE_LINE_VALUES,POSTPROCESSING,BINARY DEBIASER,BASE_LINE_VALUES,1,1,0.239590444,1,1,1,351,0,0,,0,0,,0,0,,0,0,,0,0,,0,0,0,1,1,1,0,0,0,0,1114,1114,351,1114,351,1,0,0,0,0,0,0.732973933,0.268625393,0.429995618,0,0,0.229741115,0,0,0,-0.244469564,0,1,1,0,0.239590444,[0.7462116],1114,-0.244469564,1.412842473,1,1,0,1,1,1,-12414578.46,0,1,1,1,2.171461105,10,0,22.18327999,0,92.4303333,0.007984954,0
ce778982-236b-4a5b-81f1-7f51239624ea,GradientBoostingClassifier_BASE_LINE_VALUES,POSTPROCESSING,BINARY DEBIASER,BASE_LINE_VALUES,1,1,0.239590444,1,1,1,351,0,0,,0,0,,0,0,,0,0,,0,0,,0,0,0,1,1,1,0,0,0,0,1114,1114,351,1114,351,1,0,0,0,0,0,0.732973933,0.268625393,0.429995618,0,0,0.229741115,0,0,0,-0.244469564,0,1,1,0,0.239590444,[0.7462116],1114,-0.244469564,1.412842473,1,1,0,1,1,1,-12412662.1,0,1,1,1,2.155586004,10.1,0,22.24473815,0,92.68640896,0.008007076,0
ce778982-236b-4a5b-81f1-7f51239624ea,AdaBoostClassifier_BASE_LINE_VALUES,POSTPROCESSING,BINARY DEBIASER,BASE_LINE_VALUES,1,1,0.239590444,1,1,1,351,0,0,,0,0,,0,0,,0,0,,0,0,,0,0,0,1,1,1,0,0,0,0,1114,1114,351,1114,351,1,0,0,0,0,0,0.732973933,0.268625393,0.429995618,0,0,0.229741115,0,0,0,-0.244469564,0,1,1,0,0.239590444,[0.7462116],1114,-0.244469564,1.412842473,1,1,0,1,1,1,-12415461.5,0,1,1,1,2.170756102,10.3,0,22.84150703,0,95.17294596,0.008221885,0
ce778982-236b-4a5b-81f1-7f51239624ea,RandomForestClassifier_BASE_LINE_VALUES,POSTPROCESSING,BINARY DEBIASER,BASE_LINE_VALUES,1,1,0.239590444,1,1,1,351,0,0,,0,0,,0,0,,0,0,,0,0,,0,0,0,1,1,1,0,0,0,0,1114,1114,351,1114,351,1,0,0,0,0,0,0.732973933,0.268625393,0.429995618,0,0,0.229741115,0,0,0,-0.244469564,0,1,1,0,0.239590444,[0.7462116],1114,-0.244469564,1.412842473,1,1,0,1,1,1,-12412658.36,0,1,1,0.397743406,0.140630722,12.2,0,2.859375,0,11.9140625,0.001029243,
ce778982-236b-4a5b-81f1-7f51239624ea,BaggingClassifier_BASE_LINE_VALUES,POSTPROCESSING,BINARY DEBIASER,BASE_LINE_VALUES,1,1,0.239590444,1,1,1,351,0,0,,0,0,,0,0,,0,0,,0,0,,0,0,0,1,1,1,0,0,0,0,1114,1114,351,1114,351,1,0,0,0,0,0,0.732973933,0.268625393,0.429995618,0,0,0.229741115,0,0,0,-0.244469564,0,1,1,0,0.239590444,[0.7462116],1114,-0.244469564,1.412842473,1,1,0,1,1,1,-12408512.48,0,1,1,0.156727044,0.140626431,18.5,0,3.179524302,0,13.24801793,0.001144482,
ce778982-236b-4a5b-81f1-7f51239624ea,BernoulliNB_BASE_LINE_VALUES,POSTPROCESSING,BINARY DEBIASER,BASE_LINE_VALUES,1,1,0.239590444,1,1,1,351,0,0,,0,0,,0,0,,0,0,,0,0,,0,0,0,1,1,1,0,0,0,0,1114,1114,351,1114,351,1,0,0,0,0,0,0.732973933,0.268625393,0.429995618,0,0,0.229741115,0,0,0,-0.244469564,0,1,1,0,0.239590444,[0.7462116],1114,-0.244469564,1.412842473,1,1,0,1,1,1,-12409888.06,0,1,1,0.24869373,0.937492371,19.7,0,19.39195735,0,80.79982231,0.006980207,
ce778982-236b-4a5b-81f1-7f51239624ea,BaggingClassifier_BASE_HYPER,POSTPROCESSING,BINARY DEBIASER,BASE_HYPER,1,1,0.239590444,1,1,1,351,0,0,,0,0,,0,0,,0,0,,0,0,,0,0,0,1,1,1,0,0,0,0,1114,1114,351,1114,351,1,0,0,0,0,0,0.732973933,0.268625393,0.429995618,0,0,0.229741115,0,0,0,-0.244469564,0,1,1,0,0.239590444,[0.7462116],1114,-0.244469564,1.412842473,1,1,0,1,1,1,-12413038,0,1,1,0.368958027,0.500001431,23.1,0,12.63275743,0,52.63648927,0.004547208,
ce778982-236b-4a5b-81f1-7f51239624ea,RandomForestClassifier_BASE_HYPER,POSTPROCESSING,BINARY DEBIASER,BASE_HYPER,1,1,0.239590444,1,1,1,351,0,0,,0,0,,0,0,,0,0,,0,0,,0,0,0,1,1,1,0,0,0,0,1114,1114,351,1114,351,1,0,0,0,0,0,0.732973933,0.268625393,0.429995618,0,0,0.229741115,0,0,0,-0.244469564,0,1,1,0,0.239590444,[0.7462116],1114,-0.244469564,1.412842473,1,1,0,1,1,1,-12417642.05,0,1,1,0.426191377,0.214888096,17.1,0,4.476136708,0,18.65056962,0.001611202,
ce778982-236b-4a5b-81f1-7f51239624ea,GradientBoostingClassifier_BASE_HYPER,POSTPROCESSING,BINARY DEBIASER,BASE_HYPER,1,1,0.239590444,1,1,1,351,0,0,,0,0,,0,0,,0,0,,0,0,,0,0,0,1,1,1,0,0,0,0,1114,1114,351,1114,351,1,0,0,0,0,0,0.732973933,0.268625393,0.429995618,0,0,0.229741115,0,0,0,-0.244469564,0,1,1,0,0.239590444,[0.7462116],1114,-0.244469564,1.412842473,1,1,0,1,1,1,-12408844.18,0,1,1,0.883478261,0.062491417,11.7,0,1.279539657,0,5.331415236,0.000460575,
ce778982-236b-4a5b-81f1-7f51239624ea,XGBClassifier_DEMV_DEMV,POSTPROCESSING,BINARY DEBIASER,DEMV_DEMV,1,1,0.239590444,1,1,1,351,0,0,,0,0,,0,0,,0,0,,0,0,,0,0,0,1,1,1,0,0,0,0,1114,1114,351,1114,351,1,0,0,0,0,0,0.732973933,0.268625393,0.429995618,0,0,0.229741115,0,0,0,-0.244469564,0,1,1,0,0.239590444,[0.7462116],1114,-0.244469564,1.412842473,1,1,0,1,1,1,-12413830.27,0,1,1,0.491985789,0.83411622,11.9,0,10.48371325,0,43.68213852,0.003773651,
ce778982-236b-4a5b-81f1-7f51239624ea,XGBClassifier_BASE_LINE_VALUES,POSTPROCESSING,XGBClassifier_BASE_LINE_VALUES_CERTI_FAI,XGBClassifier_BASE_LINE_VALUES_CERTI_FAI,0.88704745,0.257597685,0.046858045,0.257597685,0.986407767,0.749473684,1382,0.11295255,-0.112572533,0.285786939,0.250526316,-0.075554472,0.706439394,0.742402315,0.049775296,1.067635085,0.106189195,-0.107289142,0.286499412,0.013592233,-0.018813232,0.126360544,0.063292927,0.742402315,0.013592233,0.986407767,0.257597685,0.893810805,1026,119,1026,119,8636,9662,475,8636,356,0.749473684,0.034294264,-0.034294264,0.040005291,0.000800212,0.000798338,0.784007675,0.307334017,0.478646983,0.355789058,0.274005906,0.20901522,-0.049775296,0.049775296,-0.015867335,-0.053574963,0.111606182,0.986407767,0.257597685,-0.049775296,0.136332248,[0.98721515],8755,-0.136430783,1.249334728,0.383414109,0.396187989,0.11295255,0.622002726,0.622002726,0.643333851,-74701605.56,-0.030962064,0.950224704,0.308158407,0.320379496,0.420846701,12,0,5.425160408,0,22.60483503,0.001952807,
ce778982-236b-4a5b-81f1-7f51239624ea,GradientBoostingClassifier_BASE_LINE_VALUES,POSTPROCESSING,GradientBoostingClassifier_BASE_LINE_VALUES_CERTI_FAI,GradientBoostingClassifier_BASE_LINE_VALUES_CERTI_FAI,0.880733108,0.086268871,0.014315674,0.086268871,0.996136174,0.76433121,1391,0.119266892,-0.09582151,0.412645952,0.23566879,0.738095238,3.818181818,0.913731129,0.090820313,1.099892589,0.117576318,-0.095958431,0.403944568,0.003863826,-0.004137573,0.387513882,0.067676056,0.913731129,0.003863826,0.996136174,0.086268871,0.882423682,1271,37,1271,37,9539,10810,157,9539,120,0.76433121,0.047478943,-0.047478943,0.048069297,0.001155329,0.001152852,0.795254407,0.316214786,0.48947555,0.367902313,0.971673263,0.11480251,-0.090820313,0.090820313,-0.417026835,-0.018875425,0.124638588,0.996136174,0.086268871,-0.090820313,0.126835051,[0.993909],9576,-0.108423493,0.97473954,0.15503876,0.230858974,0.119266892,0.541202523,0.541202523,0.566898246,-60484430.64,-0.08668274,0.909179688,0.110854503,0.279762104,0.172642708,12.4,1,2.590608025,0.208920002,42.1322004,0.003639754,
ce778982-236b-4a5b-81f1-7f51239624ea,AdaBoostClassifier_BASE_LINE_VALUES,POSTPROCESSING,AdaBoostClassifier_BASE_LINE_VALUES_CERTI_FAI,AdaBoostClassifier_BASE_LINE_VALUES_CERTI_FAI,0.881624424,0.146376812,0.024673579,0.146376812,0.993913236,0.785992218,1380,0.118375576,-0.092127342,0.424306933,0.214007782,0.780612245,4.558139535,0.853623188,0.152087475,1.17936694,0.115956295,-0.09459982,0.40079387,0.006086764,-0.00409198,0.562919386,0.067055461,0.853623188,0.006086764,0.993913236,0.146376812,0.884043705,1178,55,1178,55,8981,10159,257,8981,202,0.785992218,0.078089728,-0.078089728,0.044635702,0.000996173,0.000994081,0.791839393,0.313504812,0.48617892,0.366211581,0.803932597,0.141068279,-0.152087475,0.152087475,-0.437606033,-0.03006798,0.122286348,0.993913236,0.146376812,-0.152087475,0.132488479,[0.99103303],9036,-0.116711979,1.040398615,0.246792914,0.306593169,0.118375576,0.570145024,0.570145024,0.614667493,-72048863.05,-0.147995495,0.847912525,0.183761656,0.296642379,0.124988317,12,0,2.062322617,0,8.593010902,0.000742341,
ce778982-236b-4a5b-81f1-7f51239624ea,RandomForestClassifier_BASE_LINE_VALUES,POSTPROCESSING,RandomForestClassifier_BASE_LINE_VALUES_CERTI_FAI,RandomForestClassifier_BASE_LINE_VALUES_CERTI_FAI,0.873818788,0.243570348,0.050806003,0.243570348,0.982405839,0.704595186,1322,0.126181212,-0.116493128,0.320433499,0.295404814,0.021004566,1.067251462,0.756429652,0.208230453,1.280721221,0.117123448,-0.106260645,0.335907813,0.017594161,-0.027745729,0.051047395,0.071569922,0.756429652,0.017594161,0.982405839,0.243570348,0.882876552,1000,135,1000,135,7538,8538,457,7538,322,0.704595186,0.117988091,-0.117988091,0.034531539,0.000596214,0.000594824,0.782892355,0.30646022,0.477666495,0.378338268,1.469935209,0.056388192,-0.208230453,0.208230453,-0.063632606,-0.070707926,0.124127592,0.982405839,0.243570348,-0.208230453,0.146970539,[0.98545859],7673,-0.143210319,1.253980722,0.362001124,0.364355078,0.126181212,0.612988093,0.612988093,0.685313388,-161156161.9,-0.180484724,0.791769547,0.291205064,,,,,,,,,
ce778982-236b-4a5b-81f1-7f51239624ea,BaggingClassifier_BASE_LINE_VALUES,POSTPROCESSING,BaggingClassifier_BASE_LINE_VALUES_CERTI_FAI,BaggingClassifier_BASE_LINE_VALUES_CERTI_FAI,0.856862745,0.295081967,0.073933103,0.295081967,0.970996392,0.673946958,1464,0.143137255,-0.149199163,0.263619931,0.326053042,-0.066666667,0.810810811,0.704918033,0.176181622,1.253275253,0.128534064,-0.13301791,0.277046805,0.029003608,-0.047800545,0.061817408,0.081868242,0.704918033,0.029003608,0.970996392,0.295081967,0.871465936,1032,209,1032,209,6997,8029,641,6997,432,0.673946958,0.111991084,-0.111991084,0.036596255,0.000669643,0.000667713,0.774832849,0.300182972,0.469809635,0.404643651,0.906898515,0.093926805,-0.176181622,0.176181622,-0.033175622,-0.100187116,0.136660592,0.970996392,0.295081967,-0.176181622,0.168858131,[0.98288351],7206,-0.177393449,1.391571997,0.410451306,0.380949561,0.143137255,0.63303918,0.63303918,0.703933923,-313745449.5,-0.128381077,0.823818378,0.343333996,,,,,,,,,
ce778982-236b-4a5b-81f1-7f51239624ea,BernoulliNB_BASE_LINE_VALUES,POSTPROCESSING,BernoulliNB_BASE_LINE_VALUES_CERTI_FAI,BernoulliNB_BASE_LINE_VALUES_CERTI_FAI,0.558241758,1,1,1,0,0.558241758,2540,0.441758242,0.052910053,1.118343195,0.441758242,0.052910053,1.118343195,0,0,,0,0,,1,0,1,0.059318765,0,1,0,1,0,0,2010,0,2010,0,0,4550,0,2540,0.558241758,0,0,0.01575964,0.000124183,0.000126443,0.430023452,0.092460085,0.169665017,0.344437991,3.765856594,1,0,0,-0.026455026,0,0.058900603,0,1,0,0.558241758,[1.],2010,-0.052910053,0.361013346,0.716502116,0,0.441758242,0.5,0.5,0.5,-24392736.32,0,1,0.83483977,,,,,,,,,
ce778982-236b-4a5b-81f1-7f51239624ea,BaggingClassifier_BASE_HYPER,POSTPROCESSING,BaggingClassifier_BASE_HYPER_CERTI_FAI,BaggingClassifier_BASE_HYPER_CERTI_FAI,0.865653041,0.366168478,0.085244267,0.366168478,0.977869353,0.788011696,1472,0.134346959,-0.118019522,0.329673108,0.211988304,-0.205454545,0,0.633831522,0.268339334,1.442321958,0.127111717,-0.113410347,0.340402727,0.022130647,-0.033640965,0,0.076670881,0.633831522,0.022130647,0.977869353,0.366168478,0.872888283,933,145,933,145,6407,7340,684,6407,539,0.788011696,0.150990149,-0.150990149,0.034011669,0.000578397,0.000576932,0.76333156,0.291337535,0.458804942,0.391588765,1.293915105,0.067390321,-0.268339334,0.268339334,0.046022099,-0.114750632,0.131148014,0.977869353,0.366168478,-0.268339334,0.183449651,[0.97923729],6552,-0.18221087,1.310370581,0.5,0.476838123,0.134346959,0.672018916,0.672018916,0.773487152,-45381517.07,-0.234698369,0.731660666,0.422745098,,,,,,,,,
ce778982-236b-4a5b-81f1-7f51239624ea,RandomForestClassifier_BASE_HYPER,POSTPROCESSING,RandomForestClassifier_BASE_HYPER_CERTI_FAI,RandomForestClassifier_BASE_HYPER_CERTI_FAI,0.87413383,0.198615917,0.035784466,0.198615917,0.992825875,0.829479769,1445,0.12586617,-0.105076699,0.380417792,0.170520231,0.328671329,2.918367347,0.801384083,0.172762615,1.220428203,0.124208946,-0.107435631,0.366142282,0.007174125,-0.008509249,0.260563596,0.071886353,0.801384083,0.007174125,0.992825875,0.198615917,0.875791054,1158,59,1158,59,8165,9323,346,8165,287,0.829479769,0.090635932,-0.090635932,0.047367342,0.001121833,0.001118257,0.771759567,0.297806415,0.466643958,0.379173715,0.993234884,0.105022607,-0.172762615,0.172762615,-0.21805348,-0.047807907,0.130201076,0.992825875,0.198615917,-0.172762615,0.149446685,[0.98808563],8224,-0.140190632,1.145523235,0.320491346,0.367448378,0.12586617,0.595720896,0.595720896,0.649714615,-52612457.77,-0.164253366,0.827237385,0.245246742,,,,,,,,,
ce778982-236b-4a5b-81f1-7f51239624ea,GradientBoostingClassifier_BASE_HYPER,POSTPROCESSING,GradientBoostingClassifier_BASE_HYPER_CERTI_FAI,GradientBoostingClassifier_BASE_HYPER_CERTI_FAI,0.886815051,0.167981073,0.029144625,0.167981073,0.99097246,0.729452055,1268,0.113184949,-0.105669071,0.313151042,0.270547945,0.125663717,1.458064516,0.832018927,0.09777677,1.1187655,0.108460985,-0.102679869,0.308792449,0.00902754,-0.011221094,0.196243924,0.063643301,0.832018927,0.00902754,0.99097246,0.167981073,0.891539015,1055,79,1055,79,8672,9727,292,8672,213,0.729452055,0.054498932,-0.054498932,0.040108422,0.000804343,0.000802315,0.79645099,0.31716709,0.490678684,0.35677248,0.535084713,0.154665607,-0.09777677,0.09777677,-0.114171793,-0.035583083,0.114603034,0.99097246,0.167981073,-0.09777677,0.126559537,[0.99001896],8751,-0.123364938,1.239419922,0.273076923,0.314179446,0.113184949,0.579476766,0.579476766,0.611057631,-58413382.67,-0.086555676,0.90222323,0.208007813,,,,,,,,,
ce778982-236b-4a5b-81f1-7f51239624ea,XGBClassifier_DEMV_DEMV,POSTPROCESSING,XGBClassifier_DEMV_DEMV_CERTI_FAI,XGBClassifier_DEMV_DEMV_CERTI_FAI,0.883303411,0.179251941,0.03080412,0.179251941,0.992144883,0.779141104,1417,0.116696589,-0.128073338,0.209501409,0.220858896,-0.081818182,0.55,0.820748059,-0.093665158,0.887008734,0.11338598,-0.128142058,0.205127539,0.007855117,-0.007369321,0.156388238,0.065926633,0.820748059,0.007855117,0.992144883,0.179251941,0.88661402,1163,72,1163,72,9094,10257,326,9094,254,0.779141104,0.05051724,0.043147919,0.056409745,0.00159103,0.001583883,0.766441232,0.293716081,0.461170057,0.36311605,-0.37388906,0.334169747,0.093665158,0.093665158,-0.023161938,-0.026011633,0.119315109,0.992144883,0.179251941,0.093665158,0.133893981,[0.98998394],9166,-0.142489951,1.424502777,0.29145152,0.337799221,0.116696589,0.585698412,0.585698412,0.560426744,-76971220.02,-0.086295838,0.906334842,0.221979463,,,,,,,,,
ce778982-236b-4a5b-81f1-7f51239624ea,BaggingClassifier,BASE_LINE,HYPERPARAMETER,HYPERPARAMETER,0.866716713,0.590416429,0.176550877,0.590416429,0.953619808,0.800154619,3506,0.133283287,-0.097750284,0.41144294,0.199845381,-0.028352448,0.860574837,0.409583571,0.124429042,1.318822512,0.1190121,-0.093863773,0.39353934,0.046380192,-0.055248471,0.188171054,0.073619823,0.409583571,0.046380192,0.953619808,0.590416429,0.8809879,1436,517,1436,517,10630,12066,2587,10630,2070,0.800154619,0.089838757,-0.089838757,0.013011863,8.47E-05,8.44E-05,0.013011863,8.47E-05,8.44E-05,0.383718187,0.262630063,0.279498071,-0.124429042,0.124429042,-0.032755663,-0.167766832,0.116955975,0.953619808,0.590416429,-0.124429042,0.239268409,[0.7590664],11147,-0.19359515,1.010889725,0.679468242,0.608741499,0.133283287,0.772018118,0.772018118,0.841375267,-180325816,-0.069180571,0.875570958,0.631819916,0.696448212,,,,,,,,
ce778982-236b-4a5b-81f1-7f51239624ea,RandomForestClassifier,BASE_LINE,HYPERPARAMETER,HYPERPARAMETER,0.86036989,0.549058756,0.163106531,0.549058756,0.95828474,0.805439331,3506,0.13963011,-0.106384199,0.393229901,0.194560669,-0.056003979,0.721833665,0.450941244,0.112464998,1.259440283,0.128924407,-0.103998299,0.381598902,0.04171526,-0.052840251,0.153806482,0.078402522,0.450941244,0.04171526,0.95828474,0.549058756,0.871075593,1581,465,1581,465,10682,12263,2390,10682,1925,0.805439331,0.082652624,-0.082652624,0.018693381,0.000174721,0.000173978,0.018693381,0.000174721,0.000173978,0.395986165,0.288330514,0.272365532,-0.112464998,0.112464998,-0.02399716,-0.157021366,0.126838042,0.95828474,0.549058756,-0.112464998,0.239268409,[0.7590664],11147,-0.19359515,1.010889725,0.652985075,0.585854459,0.13963011,0.753671748,0.753671748,0.815964696,-173666775,-0.059624747,0.887535002,0.596529284,0.669726065,,,,,,,,
ce778982-236b-4a5b-81f1-7f51239624ea,GradientBoostingClassifier,BASE_LINE,HYPERPARAMETER,HYPERPARAMETER,0.875725107,0.659155733,0.200436771,0.659155733,0.943841392,0.786857337,3506,0.124274893,-0.09123237,0.410982522,0.213142663,-0.009850465,0.954067246,0.340844267,0.10352827,1.318763758,0.101997269,-0.082316604,0.384764672,0.056158608,-0.062308226,0.226967179,0.066443531,0.340844267,0.056158608,0.943841392,0.659155733,0.898002731,1195,626,1195,626,10521,11716,2937,10521,2311,0.786857337,0.082918248,-0.082918248,0.005704297,1.63E-05,1.62E-05,0.005704297,1.63E-05,1.62E-05,0.364536776,0.178568788,0.304087603,-0.10352827,0.10352827,-0.03623307,-0.181983665,0.101223149,0.943841392,0.659155733,-0.10352827,0.239268409,[0.7590664],11147,-0.19359515,1.010889725,0.717367686,0.642626371,0.124274893,0.801498563,0.801498563,0.867957419,-237092775.7,-0.041220044,0.89647173,0.687030844,0.745052553,,,,,,,,
ce778982-236b-4a5b-81f1-7f51239624ea,XGBClassifier,BASE_LINE,SMOTE,SMOTE,0.868559339,0.683685111,0.219340749,0.683685111,0.926706737,0.745799627,3506,0.131440661,-0.09130402,0.436669242,0.254200373,0.020656242,1.082152824,0.316314889,0.128211016,1.432529646,0.096949034,-0.074812532,0.407634711,0.073293263,-0.076581198,0.258912809,0.068213351,0.316314889,0.073293263,0.926706737,0.683685111,0.903050966,1109,817,1109,817,10330,11439,3214,10330,2397,0.745799627,0.102396107,-0.102396107,0.002361823,2.79E-06,2.79E-06,0.002361823,2.79E-06,2.79E-06,0.369359855,0.172955436,0.305829646,-0.128211016,0.128211016,-0.047734387,-0.198497357,0.098995441,0.926706737,0.683685111,-0.128211016,0.239268409,[0.7590664],11147,-0.19359515,1.010889725,0.713392857,0.629327508,0.131440661,0.805195924,0.805195924,0.887644852,-265944935.6,-0.051629818,0.871788984,0.698223128,0.747853581,,,,,,,,
ce778982-236b-4a5b-81f1-7f51239624ea,GradientBoostingClassifier,BASE_LINE,SMOTE,SMOTE,0.85115676,0.702224758,0.245615232,0.702224758,0.897999462,0.684078911,3506,0.14884324,-0.116271124,0.381073997,0.315921089,-0.05157642,0.839780671,0.297775242,0.167562408,1.616546401,0.09444545,-0.069684101,0.432572318,0.102000538,-0.12532584,0.170940198,0.073465969,0.297775242,0.102000538,0.897999462,0.702224758,0.90555455,1044,1137,1044,1137,10010,11054,3599,10010,2462,0.684078911,0.146444124,-0.146444124,0.022577961,0.000254882,0.000256251,0.022577961,0.000254882,0.000256251,0.383317019,0.33451033,0.260191419,-0.167562408,0.167562408,-0.00905384,-0.241714369,0.100564369,0.897999462,0.702224758,-0.167562408,0.239268409,[0.7590664],11147,-0.19359515,1.010889725,0.693033075,0.594905273,0.14884324,0.80011211,0.80011211,0.917283827,-189055237.6,-0.042236569,0.832437592,0.69759864,0.737414306,,,,,,,,
ce778982-236b-4a5b-81f1-7f51239624ea,AdaBoostClassifier,BASE_LINE,SMOTE,SMOTE,0.843240292,0.695664575,0.250392411,0.695664575,0.88965641,0.66475879,3506,0.156759708,-0.115636075,0.408701247,0.33524121,-0.019358565,0.942629535,0.304335425,0.207665975,1.763159575,0.097141296,-0.066370104,0.466239433,0.11034359,-0.131905118,0.18622471,0.076604212,0.304335425,0.11034359,0.88965641,0.695664575,0.902858704,1067,1230,1067,1230,9917,10984,3669,9917,2439,0.66475879,0.169785546,-0.169785546,0.026257694,0.000344733,0.000346895,0.026257694,0.000344733,0.000346895,0.391418477,0.364390476,0.252528794,-0.207665975,0.207665975,-0.02350577,-0.249822443,0.104025297,0.88965641,0.695664575,-0.207665975,0.239268409,[0.7590664],11147,-0.19359515,1.010889725,0.679860627,0.576401275,0.156759708,0.792660492,0.792660492,0.927242787,-146738613,-0.075760857,0.792334025,0.687671812,0.719345443,,,,,,,,
ce778982-236b-4a5b-81f1-7f51239624ea,RandomForestClassifier,BASE_LINE,SMOTE,SMOTE,0.849314134,0.643753565,0.21947724,0.643753565,0.913967884,0.701803483,3506,0.150685866,-0.115065197,0.392146087,0.298196517,-0.010122452,0.966206023,0.356246435,0.10487995,1.308494947,0.10920696,-0.091122847,0.371550969,0.086032116,-0.095285906,0.227910613,0.078212278,0.356246435,0.086032116,0.913967884,0.643753565,0.89079304,1249,959,1249,959,10188,11437,3216,10188,2257,0.701803483,0.100082928,-0.100082928,0.003197694,5.11E-06,5.12E-06,0.003197694,5.11E-06,5.12E-06,0.395505443,0.187148574,0.301515366,-0.10487995,0.10487995,-0.040500197,-0.200233218,0.112550822,0.913967884,0.643753565,-0.10487995,0.239268409,[0.7590664],11147,-0.19359515,1.010889725,0.671526331,0.574894592,0.150685866,0.778860725,0.778860725,0.856811386,-573804992.9,-0.009594044,0.89512005,0.657346731,0.721205349,,,,,,,,
ce778982-236b-4a5b-81f1-7f51239624ea,BaggingClassifier,BASE_LINE,SMOTE,SMOTE,0.841602402,0.598117513,0.20535044,0.598117513,0.918184265,0.696909272,3506,0.158397598,-0.122998555,0.383994891,0.303090728,-0.011877534,0.961016557,0.401882487,0.08785176,1.226275575,0.121006527,-0.103913273,0.355737705,0.081815735,-0.090229109,0.230211609,0.084241256,0.401882487,0.081815735,0.918184265,0.598117513,0.878993473,1409,912,1409,912,10235,11644,3009,10235,2097,0.696909272,0.089040434,-0.089040434,0.003856013,7.43E-06,7.43E-06,0.003856013,7.43E-06,7.43E-06,0.410466212,0.171666273,0.306204093,-0.08785176,0.090229109,-0.04601787,-0.185705848,0.123818515,0.918184265,0.598117513,-0.08785176,0.239268409,[0.7590664],11147,-0.19359515,1.010889725,0.643745203,0.545288558,0.158397598,0.758150889,0.758150889,0.825656973,-1297023779,0.002377349,0.91214824,0.620093147,0.694181729,,,,,,,,
ce778982-236b-4a5b-81f1-7f51239624ea,BernoulliNB,BASE_LINE,SMOTE,SMOTE,0.786187129,0.776668568,0.346208967,0.776668568,0.789180946,0.536763256,3506,0.213812871,-0.180382914,0.342490433,0.463236744,-0.067314403,0.856397997,0.223331432,0.377525867,3.291458233,0.081732777,-0.030540915,0.682136665,0.210819054,-0.284072702,0.118502756,0.082581292,0.223331432,0.210819054,0.789180946,0.776668568,0.918267223,783,2350,783,2350,8797,9580,5073,8797,2723,0.536763256,0.330799284,-0.330799284,0.085368565,0.003643896,0.00372312,0.085368565,0.003643896,0.00372312,0.406401998,0.720426798,0.176875406,-0.377525867,0.377525867,0.018386744,-0.393723422,0.099250337,0.789180946,0.776668568,-0.377525867,0.239268409,[0.7590664],11147,-0.19359515,1.010889725,0.634805921,0.507423665,0.213812871,0.782924757,0.782924757,1.041915706,-359847485.6,-0.093453165,0.622474133,0.698608171,0.671241916,,,,,,,,
ce778982-236b-4a5b-81f1-7f51239624ea,BaggingClassifier,BASE_LINE,SMOTE,HYPERPARAMETER,0.856821129,0.692527096,0.235310175,0.692527096,0.908495559,0.704176334,3506,0.143178871,-0.107439974,0.40055267,0.295823666,-0.034545083,0.884811845,0.307472904,0.169138748,1.601427336,0.09620705,-0.070097485,0.436611452,0.091504441,-0.109935414,0.183440249,0.072151658,0.307472904,0.091504441,0.908495559,0.692527096,0.90379295,1078,1020,1078,1020,10127,11205,3448,10127,2428,0.704176334,0.139537081,-0.139537081,0.017055247,0.000145441,0.000146027,0.017055247,0.000145441,0.000146027,0.379872762,0.316144318,0.26500761,-0.169138748,0.169138748,-0.017776201,-0.229571883,0.10084997,0.908495559,0.692527096,-0.169138748,0.239268409,[0.7590664],11147,-0.19359515,1.010889725,0.698303135,0.604485991,0.143178871,0.800511328,0.800511328,0.912212342,-172001100.2,-0.059203334,0.830861252,0.695403122,0.735366205,,,,,,,,
ce778982-236b-4a5b-81f1-7f51239624ea,RandomForestClassifier,BASE_LINE,SMOTE,HYPERPARAMETER,0.837985395,0.754706218,0.283900908,0.754706218,0.864178703,0.636057692,3506,0.162014605,-0.126605743,0.38089728,0.363942308,-0.023796963,0.935136379,0.245293782,0.160055557,1.726010044,0.081959402,-0.060239844,0.438284213,0.135821297,-0.157272959,0.203761566,0.073320279,0.245293782,0.135821297,0.864178703,0.754706218,0.918040598,860,1514,860,1514,9633,10493,4160,9633,2646,0.636057692,0.158664258,-0.158664258,0.034652213,0.000600388,0.000605401,0.034652213,0.000600388,0.000605401,0.382936756,0.266626408,0.278523574,-0.160055557,0.160055557,-0.01822144,-0.270257244,0.093451836,0.864178703,0.754706218,-0.160055557,0.239268409,[0.7590664],11147,-0.19359515,1.010889725,0.690320897,0.585596343,0.162014605,0.80944246,0.80944246,0.937872048,-178119333.5,-0.002782598,0.839944443,0.721079166,0.756777798,,,,,,,,
ce778982-236b-4a5b-81f1-7f51239624ea,GradientBoostingClassifier,BASE_LINE,SMOTE,HYPERPARAMETER,0.865488296,0.684255562,0.222684774,0.684255562,0.922490356,0.735212994,3506,0.134511704,-0.097150392,0.418650146,0.264787006,-0.002014343,0.992400068,0.315744438,0.133237925,1.451545464,0.097190518,-0.074923148,0.408930085,0.077509644,-0.085777287,0.228346163,0.069401102,0.315744438,0.077509644,0.922490356,0.684255562,0.902809482,1107,864,1107,864,10283,11390,3263,10283,2399,0.735212994,0.109507606,-0.109507606,0.005946062,1.77E-05,1.77E-05,0.005946062,1.77E-05,1.77E-05,0.372561679,0.211977071,0.29411798,-0.133237925,0.133237925,-0.036454402,-0.205978926,0.099842622,0.922490356,0.684255562,-0.133237925,0.239268409,[0.7590664],11147,-0.19359515,1.010889725,0.708819619,0.622187699,0.134511704,0.803372959,0.803372959,0.891348409,-220130022.2,-0.047460639,0.866762075,0.696321022,0.745164335,,,,,,,,
ce778982-236b-4a5b-81f1-7f51239624ea,XGBClassifier,BASE_LINE,ROS,ROS,0.839691531,0.836280662,0.321231147,0.836280662,0.840764331,0.622902061,3506,0.160308469,-0.126792742,0.37495993,0.377097939,-0.01735636,0.954249439,0.163719338,0.134764617,1.943670908,0.057711643,-0.039825455,0.468523181,0.159235669,-0.178116567,0.222576271,0.065600926,0.163719338,0.159235669,0.840764331,0.836280662,0.942288357,574,1775,574,1775,9372,9946,4707,9372,2932,0.622902061,0.156440592,-0.156440592,0.044217018,0.000977572,0.000988096,0.044217018,0.000977572,0.000988096,0.362217963,0.198687764,0.298147787,-0.134764617,0.178116567,-0.011234547,-0.294913456,0.076431565,0.840764331,0.836280662,-0.134764617,0.239268409,[0.7590664],11147,-0.19359515,1.010889725,0.713990016,0.618594651,0.160308469,0.838522496,0.838522496,0.969701452,-293245643.7,0.043351951,0.865235383,0.770311987,0.799551084,,,,,,,,
ce778982-236b-4a5b-81f1-7f51239624ea,GradientBoostingClassifier,BASE_LINE,ROS,ROS,0.823380878,0.858528237,0.348188084,0.858528237,0.812326186,0.58996472,3506,0.176619122,-0.135730342,0.389056582,0.41003528,-5.79E-05,0.999858767,0.141471763,0.16762571,2.451775886,0.051931735,-0.028405025,0.560220452,0.187673814,-0.20685078,0.230528731,0.066990016,0.141471763,0.187673814,0.812326186,0.858528237,0.948068265,496,2092,496,2092,9055,9551,5102,9055,3010,0.58996472,0.187238245,-0.187238245,0.05455257,0.001487991,0.001507977,0.05455257,0.001487991,0.001507977,0.366032829,0.21031661,0.294714188,-0.16762571,0.20685078,-0.014173556,-0.321710589,0.075094111,0.812326186,0.858528237,-0.16762571,0.239268409,[0.7590664],11147,-0.19359515,1.010889725,0.699349442,0.600784327,0.176619122,0.835427212,0.835427212,0.991851137,-208680964.5,0.03922507,0.83237429,0.770806658,0.790291636,,,,,,,,
ce778982-236b-4a5b-81f1-7f51239624ea,AdaBoostClassifier,BASE_LINE,ROS,ROS,0.820036853,0.838277239,0.341841261,0.838277239,0.814299812,0.586743861,3506,0.179963147,-0.145354524,0.364538999,0.413256139,-0.028725693,0.931061463,0.161722761,0.1958757,2.491475125,0.058793032,-0.031838399,0.56416587,0.185700188,-0.218278738,0.195527655,0.069690948,0.161722761,0.185700188,0.814299812,0.838277239,0.941206968,567,2070,567,2070,9077,9644,5009,9077,2939,0.586743861,0.207077219,-0.207077219,0.059034131,0.001742514,0.001767966,0.059034131,0.001742514,0.001767966,0.37333885,0.303622679,0.268438302,-0.1958757,0.218278738,-0.001556353,-0.331441932,0.079973633,0.814299812,0.838277239,-0.1958757,0.239268409,[0.7590664],11147,-0.19359515,1.010889725,0.690311216,0.586965582,0.179963147,0.826288525,0.826288525,0.997394055,-146983732.1,0.022403038,0.8041243,0.757132737,0.772174223,,,,,,,,
ce778982-236b-4a5b-81f1-7f51239624ea,RandomForestClassifier,BASE_LINE,ROS,ROS,0.846584317,0.67826583,0.238722446,0.67826583,0.899524536,0.679817038,3506,0.153415683,-0.115806697,0.397706196,0.320182962,-0.004129798,0.987123502,0.32173417,0.121796431,1.402186209,0.101120574,-0.082155236,0.38672078,0.100475464,-0.110774669,0.230371686,0.07679152,0.32173417,0.100475464,0.899524536,0.67826583,0.898879426,1128,1120,1128,1120,10027,11155,3498,10027,2378,0.679817038,0.11628555,-0.11628555,0.012048212,7.26E-05,7.28E-05,0.012048212,7.26E-05,7.28E-05,0.391896722,0.19789612,0.298313049,-0.121796431,0.121796431,-0.039012719,-0.219096994,0.10656521,0.899524536,0.67826583,-0.121796431,0.239268409,[0.7590664],11147,-0.19359515,1.010889725,0.679040548,0.578243238,0.153415683,0.788895183,0.788895183,0.880632293,-633282433.4,-0.011021763,0.878203569,0.678652968,0.734267861,,,,,,,,
ce778982-236b-4a5b-81f1-7f51239624ea,BaggingClassifier,BASE_LINE,ROS,ROS,0.841807138,0.660296634,0.234900703,0.660296634,0.898896564,0.672574085,3506,0.158192862,-0.112283441,0.426747991,0.327425915,0.045314331,1.141217676,0.339703366,0.096175329,1.296124037,0.106234948,-0.089848122,0.365739504,0.101103436,-0.09788496,0.298335747,0.079782302,0.339703366,0.101103436,0.898896564,0.660296634,0.893765052,1191,1127,1191,1127,10020,11211,3442,10020,2315,0.672574085,0.097030144,-0.097030144,0.003705179,6.86E-06,6.87E-06,0.003705179,6.86E-06,6.87E-06,0.399455383,0.084517461,0.33415768,-0.096175329,0.09788496,-0.067581226,-0.201407727,0.111468488,0.898896564,0.660296634,-0.096175329,0.239268409,[0.7590664],11147,-0.19359515,1.010889725,0.666378814,0.562754825,0.158192862,0.779596599,0.779596599,0.85524097,-1398499942,0.001709631,0.903824671,0.663323782,0.727885374,,,,,,,,
ce778982-236b-4a5b-81f1-7f51239624ea,BernoulliNB,BASE_LINE,ROS,ROS,0.754657749,0.857672561,0.41650174,0.857672561,0.72225711,0.492708504,3506,0.245342251,-0.206409533,0.343910149,0.507291496,-0.018805041,0.963070919,0.142327439,0.321097877,4.471138364,0.058362573,-0.011899021,0.815044049,0.27774289,-0.341517766,0.170512246,0.077182316,0.142327439,0.27774289,0.72225711,0.857672561,0.941637427,499,3096,499,3096,8051,8550,6103,8051,3007,0.492708504,0.331307821,-0.331307821,0.096922621,0.004696997,0.004814433,0.096922621,0.004696997,0.004814433,0.392892648,0.474334454,0.226314275,-0.321097877,0.341517766,0.00345301,-0.435237953,0.08564265,0.72225711,0.857672561,-0.321097877,0.239268409,[0.7590664],11147,-0.19359515,1.010889725,0.625871579,0.501886534,0.245342251,0.789964835,0.789964835,1.051686364,-357250340.5,0.020419889,0.678902123,0.723662836,0.708100897,,,,,,,,
ce778982-236b-4a5b-81f1-7f51239624ea,BaggingClassifier,BASE_LINE,ROS,HYPERPARAMETER,0.852521668,0.73445522,0.259673787,0.73445522,0.88965641,0.67674113,3506,0.147478332,-0.110849928,0.399758121,0.32325887,-0.022269302,0.931680232,0.26554478,0.170898787,1.714974867,0.085822271,-0.060718571,0.451817647,0.11034359,-0.128894724,0.198960678,0.070619535,0.26554478,0.11034359,0.88965641,0.73445522,0.914177729,931,1230,931,1230,9917,10848,3805,9917,2575,0.67674113,0.149896755,-0.149896755,0.025967378,0.000337152,0.000339242,0.025967378,0.000337152,0.000339242,0.375817869,0.286669588,0.272970059,-0.170898787,0.170898787,-0.019224634,-0.249711188,0.093841092,0.88965641,0.73445522,-0.170898787,0.239268409,[0.7590664],11147,-0.19359515,1.010889725,0.704418,0.607288508,0.147478332,0.812055815,0.812055815,0.933780346,-172491692.5,-0.042004063,0.829101213,0.719123089,0.752390644,,,,,,,,
ce778982-236b-4a5b-81f1-7f51239624ea,RandomForestClassifier,BASE_LINE,ROS,HYPERPARAMETER,0.797652358,0.877638334,0.383061489,0.877638334,0.772494842,0.548191698,3506,0.202347642,-0.171697821,0.339529834,0.451808302,-0.041194067,0.909776631,0.122361666,0.212004012,3.369644839,0.047455752,-0.01708614,0.692256059,0.227505158,-0.272771809,0.184573596,0.069432234,0.122361666,0.227505158,0.772494842,0.877638334,0.952544248,429,2536,429,2536,8611,9040,5613,8611,3077,0.548191698,0.24238791,-0.24238791,0.075946666,0.002883948,0.002939153,0.075946666,0.002883948,0.002939153,0.372645232,0.338204275,0.259328017,-0.212004012,0.272771809,0.012053964,-0.377563173,0.07541387,0.772494842,0.877638334,-0.212004012,0.239268409,[0.7590664],11147,-0.19359515,1.010889725,0.674854699,0.570565553,0.202347642,0.825066588,0.825066588,1.025052754,-188275683,0.060767797,0.787995988,0.763002914,0.771155898,,,,,,,,
ce778982-236b-4a5b-81f1-7f51239624ea,GradientBoostingClassifier,BASE_LINE,ROS,HYPERPARAMETER,0.839213813,0.84369652,0.325257626,0.84369652,0.837803893,0.620646244,3506,0.160786187,-0.128736074,0.368895058,0.379353756,-0.027323268,0.928623534,0.15630348,0.154421694,2.166829232,0.055426317,-0.034198804,0.513888429,0.162196107,-0.186374828,0.207965441,0.065031206,0.15630348,0.162196107,0.837803893,0.84369652,0.944573683,548,1808,548,1808,9339,9887,4766,9339,2958,0.620646244,0.170398261,-0.170398261,0.048551161,0.001178608,0.001192605,0.048551161,0.001178608,0.001192605,0.360641666,0.239342991,0.286263599,-0.154421694,0.186374828,-0.003437768,-0.305258666,0.075016418,0.837803893,0.84369652,-0.154421694,0.239268409,[0.7590664],11147,-0.19359515,1.010889725,0.715183752,0.620642904,0.160786187,0.840750207,0.840750207,0.98401258,-243563941.5,0.031953134,0.845578306,0.774142895,0.796574739,,,,,,,,
ce778982-236b-4a5b-81f1-7f51239624ea,XGBClassifier,BASE_LINE,RUS,RUS,0.828294547,0.863947519,0.34586774,0.863947519,0.817080829,0.597671665,3506,0.171705453,-0.126498582,0.409309258,0.402328335,0.0192586,1.048185083,0.136052481,0.141402619,2.239155499,0.049765258,-0.030062543,0.522823831,0.182919171,-0.191124463,0.258914076,0.065469133,0.136052481,0.182919171,0.817080829,0.863947519,0.950234742,477,2039,477,2039,9108,9585,5068,9108,3029,0.597671665,0.166263541,-0.166263541,0.048474953,0.001174911,0.001188841,0.048474953,0.001174911,0.001188841,0.361853929,0.141438122,0.31574198,-0.141402619,0.191124463,-0.024660572,-0.30719924,0.07303177,0.817080829,0.863947519,-0.141402619,0.239268409,[0.7590664],11147,-0.19359515,1.010889725,0.7065547,0.610851696,0.171705453,0.840514174,0.840514174,0.980261037,-284615754.5,0.049721843,0.858597381,0.777364301,0.802678473,,,,,,,,
ce778982-236b-4a5b-81f1-7f51239624ea,GradientBoostingClassifier,BASE_LINE,RUS,RUS,0.821742988,0.852823731,0.347096158,0.852823731,0.811967345,0.587888321,3506,0.178257012,-0.141868472,0.371882018,0.412111679,-0.01321728,0.968060645,0.147176269,0.14999429,2.210580622,0.053935403,-0.034134942,0.506205981,0.188032655,-0.210075367,0.223225689,0.067885843,0.147176269,0.188032655,0.811967345,0.852823731,0.946064597,516,2096,516,2096,9051,9567,5086,9051,2990,0.587888321,0.180034829,-0.180034829,0.054166809,0.001467022,0.001486578,0.054166809,0.001467022,0.001486578,0.368472096,0.210187554,0.294751653,-0.14999429,0.210075367,-0.010458831,-0.320679379,0.07659679,0.811967345,0.852823731,-0.14999429,0.239268409,[0.7590664],11147,-0.19359515,1.010889725,0.695996276,0.595791184,0.178257012,0.832395538,0.832395538,0.982255726,-209574826.6,0.060081077,0.85000571,0.766470136,0.792429188,,,,,,,,
ce778982-236b-4a5b-81f1-7f51239624ea,AdaBoostClassifier,BASE_LINE,RUS,RUS,0.814918447,0.841129492,0.348324575,0.841129492,0.806674442,0.577782132,3506,0.185081553,-0.151221368,0.358758173,0.422217868,-0.032345167,0.924078238,0.158870508,0.201427642,2.578382742,0.058330715,-0.030736901,0.574399627,0.193325558,-0.228945219,0.191410368,0.070401431,0.158870508,0.193325558,0.806674442,0.841129492,0.941669285,557,2155,557,2155,8992,9549,5104,8992,2949,0.577782132,0.215186431,-0.215186431,0.062322108,0.001942023,0.001972076,0.062322108,0.001942023,0.001972076,0.375237074,0.317379569,0.264771574,-0.201427642,0.228945219,0.000804133,-0.339975182,0.080323294,0.806674442,0.841129492,-0.201427642,0.239268409,[0.7590664],11147,-0.19359515,1.010889725,0.685017422,0.580088503,0.185081553,0.823901967,0.823901967,1.00119449,-146860380.7,0.027517577,0.798572358,0.755088977,0.769047548,,,,,,,,
ce778982-236b-4a5b-81f1-7f51239624ea,RandomForestClassifier,BASE_LINE,RUS,RUS,0.814986692,0.82601255,0.341022316,0.82601255,0.811518794,0.579547729,3506,0.185013308,-0.139181238,0.399349052,0.420452271,0.017354219,1.041511368,0.17398745,0.131314047,1.854840013,0.063173157,-0.047164254,0.437346003,0.188481206,-0.197266711,0.258031815,0.071943721,0.17398745,0.188481206,0.811518794,0.82601255,0.936826843,610,2101,610,2101,9046,9656,4997,9046,2896,0.579547729,0.164290379,-0.164290379,0.04661219,0.001086348,0.001098708,0.04661219,0.001086348,0.001098708,0.379324981,0.138457554,0.316682368,-0.131314047,0.197266711,-0.032259236,-0.302355419,0.083510681,0.811518794,0.82601255,-0.131314047,0.239268409,[0.7590664],11147,-0.19359515,1.010889725,0.681171351,0.573763867,0.185013308,0.818765672,0.818765672,0.953280995,-534149175,0.065952665,0.868685953,0.746632291,0.783318705,,,,,,,,
ce778982-236b-4a5b-81f1-7f51239624ea,BaggingClassifier,BASE_LINE,RUS,RUS,0.815942128,0.786651455,0.321231147,0.786651455,0.82515475,0.58593584,3506,0.184057872,-0.126111946,0.442910204,0.41406416,0.057775953,1.142469036,0.213348545,0.119537425,1.61363926,0.075206113,-0.060301502,0.401792377,0.17484525,-0.166549392,0.306573092,0.075744666,0.213348545,0.17484525,0.82515475,0.786651455,0.924793887,748,1949,748,1949,9198,9946,4707,9198,2758,0.58593584,0.143043408,-0.143043408,0.033664055,0.000566634,0.000571226,0.033664055,0.000566634,0.000571226,0.389216305,0.058617913,0.34300799,-0.119537425,0.166549392,-0.059038727,-0.270732533,0.091646351,0.82515475,0.786651455,-0.119537425,0.239268409,[0.7590664],11147,-0.19359515,1.010889725,0.671618166,0.558988029,0.184057872,0.805903102,0.805903102,0.921182229,-1319100630,0.047011967,0.880462575,0.724597701,0.770036563,,,,,,,,
ce778982-236b-4a5b-81f1-7f51239624ea,BernoulliNB,BASE_LINE,RUS,RUS,0.754316522,0.854535083,0.415341568,0.854535083,0.722795371,0.492277358,3506,0.245683478,-0.207229179,0.342592609,0.507722642,-0.020256559,0.960264862,0.145464917,0.32173586,4.367426211,0.059530758,-0.013420978,0.79745231,0.277204629,-0.341760924,0.169027819,0.077606196,0.145464917,0.277204629,0.722795371,0.854535083,0.940469242,510,3090,510,3090,8057,8567,6086,8057,2996,0.492277358,0.331748392,-0.331748392,0.096931648,0.004697872,0.004815341,0.096931648,0.004697872,0.004815341,0.393970039,0.480154134,0.224999623,-0.32173586,0.341760924,0.00341779,-0.435022294,0.086391424,0.722795371,0.854535083,-0.32173586,0.239268409,[0.7590664],11147,-0.19359515,1.010889725,0.624687239,0.499837765,0.245683478,0.788665227,0.788665227,1.050303648,-358806351.5,0.020025064,0.67826414,0.721753794,0.70665054,,,,,,,,
ce778982-236b-4a5b-81f1-7f51239624ea,BaggingClassifier,BASE_LINE,RUS,HYPERPARAMETER,0.815532655,0.857102111,0.355353852,0.857102111,0.80245806,0.57710774,3506,0.184467345,-0.13652302,0.407141783,0.42289226,0.02190204,1.05216098,0.142897889,0.148530901,2.239291632,0.053038323,-0.032993414,0.512812747,0.19754194,-0.206532173,0.258585619,0.068635638,0.142897889,0.19754194,0.80245806,0.857102111,0.946961677,501,2202,501,2202,8945,9446,5207,8945,3005,0.57710774,0.177531537,-0.177531537,0.05203117,0.001353621,0.001370915,0.05203117,0.001353621,0.001370915,0.370501385,0.146506426,0.314149823,-0.148530901,0.206532173,-0.027447727,-0.316578749,0.076831509,0.80245806,0.857102111,-0.148530901,0.239268409,[0.7590664],11147,-0.19359515,1.010889725,0.689773901,0.587924582,0.184467345,0.829780086,0.829780086,0.977092219,-191659677.9,0.058001271,0.851469099,0.764387917,0.79136603,,,,,,,,
ce778982-236b-4a5b-81f1-7f51239624ea,RandomForestClassifier,BASE_LINE,RUS,HYPERPARAMETER,0.793762369,0.883057616,0.389544803,0.883057616,0.765676864,0.542396636,3506,0.206237631,-0.176328031,0.335630916,0.457603364,-0.040596539,0.912209549,0.116942384,0.192308456,3.207820337,0.045835662,-0.018966116,0.654052166,0.234323136,-0.277970389,0.190468007,0.069401281,0.116942384,0.234323136,0.765676864,0.883057616,0.954164338,410,2612,410,2612,8535,8945,5708,8535,3096,0.542396636,0.235139423,-0.235139423,0.076005929,0.002888451,0.002943788,0.076005929,0.002888451,0.002943788,0.372562158,0.309469339,0.266896,-0.192308456,0.277970389,0.010815211,-0.37875032,0.07483019,0.765676864,0.883057616,-0.192308456,0.239268409,[0.7590664],11147,-0.19359515,1.010889725,0.672020838,0.567570458,0.206237631,0.82436724,0.82436724,1.018208476,-187600104.5,0.085661933,0.807691544,0.763219524,0.777489211,,,,,,,,
ce778982-236b-4a5b-81f1-7f51239624ea,GradientBoostingClassifier,BASE_LINE,RUS,HYPERPARAMETER,0.831570327,0.860239589,0.34081758,0.860239589,0.822553153,0.60392471,3506,0.168429673,-0.128608442,0.392169035,0.39607529,0.004199917,1.010619123,0.139760411,0.132662003,2.113158224,0.050729889,-0.032810208,0.496228532,0.177446847,-0.190021727,0.245924323,0.065154138,0.139760411,0.177446847,0.822553153,0.860239589,0.949270111,490,1978,490,1978,9169,9659,4994,9169,3016,0.60392471,0.161341865,-0.161341865,0.047932042,0.00114874,0.0011622,0.047932042,0.00114874,0.0011622,0.360982375,0.156394845,0.311048861,-0.132662003,0.190021727,-0.018505063,-0.305414248,0.073166016,0.822553153,0.860239589,-0.132662003,0.239268409,[0.7590664],11147,-0.19359515,1.010889725,0.709647059,0.614587186,0.168429673,0.841396371,0.841396371,0.977148831,-246530476.6,0.057359724,0.867337997,0.777720474,0.805461869,,,,,,,,
ce778982-236b-4a5b-81f1-7f51239624ea,XGBClassifier,BASE_LINE,PCA,PCA,0.760731591,0,0,0,1,0,3506,0.239268409,-0.19359515,0.363658885,0,0,,1,0,1,0.239268409,-0.19359515,0.363658885,0,0,,0.157262044,1,0,1,0,0.760731591,3506,0,3506,0,11147,14653,0,11147,0,0,0,0,0.120164687,0.007219776,0.007042237,0.120164687,0.007219776,0.007042237,0.560824471,-0.327858607,,0,0,-0.096797575,0,0.273474689,1,0,0,0.239268409,[0.71761414],11147,-0.19359515,1.010889725,0,0,0.239268409,0.5,0.5,0.5,-119308738.6,0,1,1,1.2,,,,,,,,
ce778982-236b-4a5b-81f1-7f51239624ea,GradientBoostingClassifier,BASE_LINE,PCA,PCA,0.760731591,0.000570451,0.000272982,0.000570451,0.99982058,0.5,3506,0.239268409,-0.193289063,0.364450417,0.5,0.666666667,3,0.999429549,0.000675219,1.000675676,0.239197215,-0.193460932,0.36386647,0.00017942,8.11E-05,1.549050995,0.157261959,0.999429549,0.00017942,0.99982058,0.000570451,0.760802785,3504,2,3504,2,11145,14649,4,11145,2,0.5,0.000378136,-0.000297083,0.120056582,0.007206791,0.007029711,0.120056582,0.007206791,0.007029711,0.56082432,-0.846622983,0.660023049,-0.000675219,0.000675219,-0.430063799,-0.000104759,0.273364553,0.99982058,0.000570451,-0.000675219,0.239268409,[0.71761414],11147,-0.19359515,1.010889725,0.001139601,0.010098602,0.239268409,0.500195515,0.500195515,0.500344115,-118505404.7,-0.000594167,0.999324781,0.000760312,0.001140034,,,,,,,,
ce778982-236b-4a5b-81f1-7f51239624ea,AdaBoostClassifier,BASE_LINE,PCA,PCA,0.760322118,0,0.000409472,0,0.999461739,0,3506,0.239677882,-0.193599245,0.364503626,1,0,1,1,0,1,0.239366423,-0.193675174,0.363657395,0.000538261,-0.000133141,0.774525497,0.157615252,1,0.000538261,0.999461739,0,0.760633577,3506,6,3506,6,11141,14647,6,11141,0,0,6.66E-05,-6.66E-05,0.120097502,0.007211705,0.007034451,0.120097502,0.007211705,0.007034451,0.561453919,-0.915645272,0.990034574,0,0.000133141,-0.096837587,-4.09E-06,0.27368236,0.999461739,0,0,0.239268409,[0.71761414],11147,-0.19359515,1.010889725,0,-0.011350846,0.239677882,0.499730869,0.499730869,0.499764137,-147538156.6,0.000133141,1,1,1.2,,,,,,,,
ce778982-236b-4a5b-81f1-7f51239624ea,RandomForestClassifier,BASE_LINE,PCA,PCA,0.69501126,0.314603537,0.216269706,0.314603537,0.814658653,0.348059325,3506,0.30498874,-0.122015599,0.647285075,0.651940675,0.283737083,1.485716,0.685396463,0.154799023,1.23405549,0.209247649,-0.160746019,0.399028154,0.185341347,-0.057761071,0.722304119,0.159481268,0.685396463,0.185341347,0.814658653,0.314603537,0.790752351,2403,2066,2403,2066,9081,11484,3169,9081,1103,0.348059325,0.106280047,-0.106280047,0.048238611,0.001163482,0.0011511,0.048238611,0.001163482,0.0011511,0.564767684,-0.535525547,0.621439612,-0.154799023,0.154799023,-0.222241551,-0.093784681,0.223329059,0.814658653,0.314603537,-0.154799023,0.239268409,[0.71761414],11147,-0.19359515,1.010889725,0.330486891,0.133951861,0.30498874,0.564631095,0.564631095,0.624640114,-597992636.1,-0.097037952,0.845200977,0.322349675,0.40608626,,,,,,,,
ce778982-236b-4a5b-81f1-7f51239624ea,BaggingClassifier,BASE_LINE,PCA,PCA,0.693441616,0.300057045,0.210878318,0.300057045,0.817170539,0.340453074,3506,0.306558384,-0.136009295,0.61382721,0.659546926,0.257068306,1.429234987,0.699942955,0.126701702,1.186248358,0.21222866,-0.168397034,0.383658497,0.182829461,-0.066045494,0.683598176,0.161940691,0.699942955,0.182829461,0.817170539,0.300057045,0.78777134,2454,2038,2454,2038,9109,11563,3090,9109,1052,0.340453074,0.096373598,-0.096373598,0.048284559,0.001165699,0.001153283,0.048284559,0.001165699,0.001153283,0.569105775,-0.519227922,0.611380944,-0.126701702,0.126701702,-0.21273267,-0.094240919,0.227246336,0.817170539,0.300057045,-0.126701702,0.239268409,[0.71761414],11147,-0.19359515,1.010889725,0.318981201,0.122602766,0.306558384,0.558613792,0.558613792,0.612449413,-962722296.7,-0.060656208,0.873298298,0.309229865,0.394074967,,,,,,,,
ce778982-236b-4a5b-81f1-7f51239624ea,BernoulliNB,BASE_LINE,PCA,PCA,0.760731591,0,0,0,1,0,3506,0.239268409,-0.19359515,0.363658885,0,0,,1,0,1,0.239268409,-0.19359515,0.363658885,0,0,,0.157262044,1,0,1,0,0.760731591,3506,0,3506,0,11147,14653,0,11147,0,0,0,0,0.120164687,0.007219776,0.007042237,0.120164687,0.007219776,0.007042237,0.560824471,-0.327858607,,0,0,-0.096797575,0,0.273474689,1,0,0,0.239268409,[0.71761414],11147,-0.19359515,1.010889725,0,0,0.239268409,0.5,0.5,0.5,-118141218.4,0,1,1,1.2,,,,,,,,
ce778982-236b-4a5b-81f1-7f51239624ea,BaggingClassifier,BASE_LINE,PCA,HYPERPARAMETER,0.694738279,0.314888762,0.216679178,0.314888762,0.814210101,0.347716535,3506,0.305261721,-0.124875146,0.640300467,0.652283465,0.279291528,1.476426927,0.685111238,0.152960788,1.231276086,0.209269908,-0.161578741,0.396904669,0.185789899,-0.061133282,0.708573643,0.159500314,0.685111238,0.185789899,0.814210101,0.314888762,0.790730092,2402,2071,2402,2071,9076,11478,3175,9076,1104,0.347716535,0.107047035,-0.107047035,0.047033458,0.001106073,0.001094582,0.047033458,0.001106073,0.001094582,0.564801406,-0.522611456,0.613462017,-0.152960788,0.152960788,-0.220435134,-0.096237476,0.223310196,0.814210101,0.314888762,-0.152960788,0.239268409,[0.71761414],11147,-0.19359515,1.010889725,0.330489448,0.13369107,0.305261721,0.564549432,0.564549432,0.624982774,-601531085.7,-0.091827505,0.847039212,0.322500548,0.406387174,,,,,,,,
ce778982-236b-4a5b-81f1-7f51239624ea,RandomForestClassifier,BASE_LINE,PCA,HYPERPARAMETER,0.760458609,0.000570451,0.000545963,0.000570451,0.999461739,0.25,3506,0.239541391,-0.193087734,0.365540946,0.75,0.4,1.666666667,0.999429549,0.000675219,1.000675676,0.239262547,-0.193478399,0.363939764,0.000538261,0.000243158,1.549050995,0.15749722,0.999429549,0.000538261,0.999461739,0.000570451,0.760737453,3504,6,3504,6,11141,14645,8,11141,2,0.25,0.000459189,-0.000216031,0.120138407,0.007216618,0.007039191,0.120138407,0.007216618,0.007039191,0.561243655,-0.77984373,1.188041489,-0.000675219,0.000675219,-0.296739199,9.66E-05,0.273502918,0.999461739,0.000570451,-0.000675219,0.239268409,[0.71761414],11147,-0.19359515,1.010889725,0.001138304,0.000587903,0.239541391,0.500016095,0.500016095,0.500124113,-118779840.3,-0.000432061,0.999324781,0.000760023,0.001139601,,,,,,,,
ce778982-236b-4a5b-81f1-7f51239624ea,GradientBoostingClassifier,BASE_LINE,PCA,HYPERPARAMETER,0.758479492,0.00855676,0.006346823,0.00855676,0.994348255,0.322580645,3506,0.241520508,-0.193617669,0.368276936,0.677419355,0.140825036,1.217105263,0.99144324,0.001424912,1.00143753,0.238736264,-0.193621753,0.362815607,0.005651745,-0.003655777,0.484078436,0.159130766,0.99144324,0.005651745,0.994348255,0.00855676,0.761263736,3476,63,3476,63,11084,14560,93,11084,30,0.322580645,0.002540344,-0.002540344,0.116870375,0.006829342,0.006665448,0.116870375,0.006829342,0.006665448,0.564146728,-0.353536183,0.508396133,-0.001424912,0.003655777,-0.167223394,-0.003736513,0.272936403,0.994348255,0.00855676,-0.001424912,0.239268409,[0.71761414],11147,-0.19359515,1.010889725,0.016671298,0.015606703,0.241520508,0.501452507,0.501452507,0.50272637,-119532988.3,0.002230866,0.998575088,0.011309019,0.016868012,,,,,,,,
ce778982-236b-4a5b-81f1-7f51239624ea,XGBClassifier,BASE_LINE,PCA,SMOTE,0.544325394,0.500285225,0.455811097,0.500285225,0.558177088,0.262614164,3506,0.455674606,-0.019146405,0.958566482,0.737385836,0.205216733,1.306024952,0.499714775,0.0046893,1.009397636,0.219714071,-0.182655728,0.353537137,0.441822912,-0.010570845,0.976296953,0.138104888,0.499714775,0.441822912,0.558177088,0.500285225,0.780285929,1752,4925,1752,4925,6222,7974,6679,6222,1754,0.262614164,0.007630073,-0.007630073,0.067155287,0.002254916,0.002222166,0.067155287,0.002254916,0.002222166,0.525556635,-0.965420723,0.955531704,-0.0046893,0.010570845,-0.19393623,-0.020576178,0.186994978,0.558177088,0.500285225,-0.0046893,0.239268409,[0.71761414],11147,-0.19359515,1.010889725,0.344428081,0.050080322,0.455674606,0.529231157,0.529231157,0.533269229,-149495583.8,0.005881546,0.9953107,0.407978136,0.507877615,,,,,,,,
ce778982-236b-4a5b-81f1-7f51239624ea,GradientBoostingClassifier,BASE_LINE,PCA,SMOTE,0.537091381,0.514261266,0.46973316,0.514261266,0.544272001,0.261949731,3506,0.462908619,-0.002179859,0.995298382,0.738050269,0.206279128,1.308242451,0.485738734,-0.013581344,0.972160594,0.219176319,-0.182109242,0.350960142,0.455727999,0.006811566,1.015034718,0.13533119,0.485738734,0.455727999,0.544272001,0.514261266,0.780823681,1703,5080,1703,5080,6067,7770,6883,6067,1803,0.261949731,0.010196455,0.010196455,0.072802348,0.002650091,0.002608611,0.072802348,0.002650091,0.002608611,0.520252227,-1.002625212,0.991761629,0.013581344,0.013581344,-0.194194185,-0.003880564,0.183200144,0.544272001,0.514261266,0.013581344,0.239268409,[0.71761414],11147,-0.19359515,1.010889725,0.347097892,0.050036662,0.462908619,0.529266634,0.529266634,0.52386999,-148578697.3,-0.006769778,0.986418656,0.414458939,0.51375697,,,,,,,,
ce778982-236b-4a5b-81f1-7f51239624ea,AdaBoostClassifier,BASE_LINE,PCA,SMOTE,0.519893537,0.525385054,0.492254146,0.525385054,0.518166323,0.255372245,3506,0.480106463,0.01478909,1.031125503,0.744627755,0.201924185,1.298946139,0.474614946,-0.03740393,0.922143049,0.223655914,-0.186413721,0.34578347,0.481833677,0.022932175,1.048499081,0.132519671,0.474614946,0.481833677,0.518166323,0.525385054,0.776344086,1664,5371,1664,5371,5776,7440,7213,5776,1842,0.255372245,0.030168053,0.030168053,0.078791278,0.003104033,0.003051779,0.078791278,0.003104033,0.003051779,0.514819719,-0.979597776,1.031790566,0.03740393,0.03740393,-0.194168953,0.01548386,0.180014662,0.518166323,0.525385054,0.03740393,0.239268409,[0.71761414],11147,-0.19359515,1.010889725,0.343688777,0.037165708,0.480106463,0.521775688,0.521775688,0.506034732,-148816553.5,-0.014471755,0.96259607,0.415543399,0.512659934,,,,,,,,
ce778982-236b-4a5b-81f1-7f51239624ea,RandomForestClassifier,BASE_LINE,PCA,SMOTE,0.606360472,0.466913862,0.377806593,0.466913862,0.65021979,0.295700867,3506,0.393639528,-0.051277501,0.875190563,0.704299133,0.246314912,1.389493528,0.533086138,0.126201493,1.24576517,0.205001645,-0.156097346,0.403114949,0.34978021,-0.041238203,0.887314406,0.144432461,0.533086138,0.34978021,0.65021979,0.466913862,0.794998355,1869,3899,1869,3899,7248,9117,5536,7248,1637,0.295700867,0.083719848,-0.083719848,0.04961068,0.00123061,0.001217161,0.04961068,0.00123061,0.001217161,0.537461554,-0.807964965,0.816273404,-0.126201493,0.126201493,-0.201206129,-0.073973732,0.194247046,0.65021979,0.466913862,-0.126201493,0.239268409,[0.71761414],11147,-0.19359515,1.010889725,0.362088034,0.103072455,0.393639528,0.558566826,0.558566826,0.605329956,-592366973.8,-0.08496329,0.873798507,0.407873427,0.49603908,,,,,,,,
ce778982-236b-4a5b-81f1-7f51239624ea,BaggingClassifier,BASE_LINE,PCA,SMOTE,0.608749062,0.456075299,0.370231352,0.456075299,0.656768637,0.294746544,3506,0.391250938,-0.056559136,0.862128254,0.705253456,0.237195609,1.373490201,0.543924701,0.093789719,1.17717165,0.206653663,-0.162688876,0.386181511,0.343231363,-0.037987689,0.893928851,0.146238105,0.543924701,0.343231363,0.656768637,0.456075299,0.793346337,1907,3826,1907,3826,7321,9228,5425,7321,1599,0.294746544,0.065888704,-0.065888704,0.053297249,0.001420298,0.001403687,0.053297249,0.001420298,0.001403687,0.540810698,-0.826974774,0.831940048,-0.093789719,0.093789719,-0.199942243,-0.06593971,0.196986218,0.656768637,0.456075299,-0.093789719,0.239268409,[0.71761414],11147,-0.19359515,1.010889725,0.358078603,0.099703297,0.391250938,0.556421968,0.556421968,0.593083891,-1121982695,-0.055802029,0.906210281,0.401179201,0.492707926,,,,,,,,
ce778982-236b-4a5b-81f1-7f51239624ea,BernoulliNB,BASE_LINE,PCA,SMOTE,0.760731591,0,0,0,1,0,3506,0.239268409,-0.19359515,0.363658885,0,0,,1,0,1,0.239268409,-0.19359515,0.363658885,0,0,,0.157262044,1,0,1,0,0.760731591,3506,0,3506,0,11147,14653,0,11147,0,0,0,0,0.120164687,0.007219776,0.007042237,0.120164687,0.007219776,0.007042237,0.560824471,-0.327858607,,0,0,-0.096797575,0,0.273474689,1,0,0,0.239268409,[0.71761414],11147,-0.19359515,1.010889725,0,0,0.239268409,0.5,0.5,0.5,-148825914.6,0,1,1,1.2,,,,,,,,
ce778982-236b-4a5b-81f1-7f51239624ea,BaggingClassifier,BASE_LINE,PCA,HYPERPARAMETER_SMOTE,0.605951,0.464632059,0.377124138,0.464632059,0.650399211,0.294788274,3506,0.394049,-0.047608543,0.883888583,0.705211726,0.249711637,1.395165881,0.535367941,0.132203996,1.256779171,0.205653555,-0.154659812,0.408540312,0.349600789,-0.037179964,0.897909575,0.144836743,0.535367941,0.349600789,0.650399211,0.464632059,0.794346445,1877,3897,1877,3897,7250,9127,5526,7250,1629,0.294788274,0.08469198,-0.08469198,0.050828788,0.001291783,0.001277337,0.050828788,0.001291783,0.001277337,0.538213234,-0.815759279,0.822661926,-0.132203996,0.132203996,-0.202185724,-0.071110091,0.194874668,0.650399211,0.464632059,-0.132203996,0.239268409,[0.71761414],11147,-0.19359515,1.010889725,0.360717449,0.10125848,0.394049,0.557515635,0.557515635,0.604732738,-603256113.4,-0.095024032,0.867796004,0.406133134,0.493677789,,,,,,,,
ce778982-236b-4a5b-81f1-7f51239624ea,RandomForestClassifier,BASE_LINE,PCA,HYPERPARAMETER_SMOTE,0.553402034,0.504848831,0.44891831,0.504848831,0.568673186,0.269078747,3506,0.446597966,-0.003649238,0.991851151,0.730921253,0.22481722,1.341851698,0.495151169,0.049256266,1.101036744,0.21498452,-0.167048939,0.386638869,0.431326814,0.002185486,1.005076983,0.137585543,0.495151169,0.431326814,0.568673186,0.504848831,0.78501548,1736,4808,1736,4808,6339,8075,6578,6339,1770,0.269078747,0.025720876,-0.02353539,0.06800295,0.002312201,0.002278225,0.06800295,0.002312201,0.002278225,0.524567523,-0.967412398,0.95743533,-0.049256266,0.049256266,-0.195933079,-0.019384937,0.185708698,0.568673186,0.504848831,-0.049256266,0.239268409,[0.71761414],11147,-0.19359515,1.010889725,0.35105117,0.063064385,0.446597966,0.536761008,0.536761008,0.549393888,-148092016.6,-0.04707078,0.950743734,0.414131961,0.510101136,,,,,,,,
ce778982-236b-4a5b-81f1-7f51239624ea,GradientBoostingClassifier,BASE_LINE,PCA,HYPERPARAMETER_SMOTE,0.554152733,0.498859099,0.445301303,0.498859099,0.571543913,0.268045977,3506,0.445847267,-0.013844653,0.969267775,0.731954023,0.217940445,1.329524757,0.501140901,0.035638926,1.07190906,0.216166339,-0.172665485,0.373793569,0.428456087,-0.005884743,0.986338844,0.138670835,0.501140901,0.428456087,0.571543913,0.498859099,0.783833661,1757,4776,1757,4776,6371,8128,6525,6371,1749,0.268045977,0.020761835,-0.020761835,0.066623196,0.002219325,0.00218733,0.066623196,0.002219325,0.00218733,0.526632386,-0.957824762,0.948296942,-0.035638926,0.035638926,-0.195302965,-0.023429939,0.187320817,0.571543913,0.498859099,-0.035638926,0.239268409,[0.71761414],11147,-0.19359515,1.010889725,0.348718971,0.060435774,0.445847267,0.535201506,0.535201506,0.546313271,-148386435.7,-0.029754183,0.964361074,0.410491111,0.507685625,,,,,,,,
ce778982-236b-4a5b-81f1-7f51239624ea,XGBClassifier,BASE_LINE,PCA,ROS,0.514638641,0.516543069,0.493277827,0.516543069,0.514039652,0.250553403,3506,0.485361359,0.010859437,1.022543172,0.749446597,0.204775981,1.300974823,0.483456931,0.002174604,1.004501172,0.228282828,-0.182830153,0.36807971,0.485960348,0.012378513,1.025729379,0.133809212,0.483456931,0.485960348,0.514039652,0.516543069,0.771717172,1695,5417,1695,5417,5730,7425,7228,5730,1811,0.250553403,0.007276558,0.005101955,0.074343424,0.002763472,0.002719373,0.074343424,0.002763472,0.002719373,0.517318494,-1.003110301,1.007809725,-0.002174604,0.012378513,-0.193803067,0.003842295,0.182337397,0.514039652,0.516543069,-0.002174604,0.239268409,[0.71761414],11147,-0.19359515,1.010889725,0.337432458,0.026097793,0.485361359,0.51529136,0.51529136,0.512662367,-149474154.4,0.010203909,0.997825396,0.408204666,0.508329627,,,,,,,,
ce778982-236b-4a5b-81f1-7f51239624ea,GradientBoostingClassifier,BASE_LINE,PCA,ROS,0.503992357,0.570165431,0.529584385,0.570165431,0.483179331,0.257603093,3506,0.496007643,0.031566945,1.065030845,0.742396907,0.210060411,1.312809335,0.429834569,0.000369881,1.000860635,0.218627593,-0.175317182,0.367315685,0.516820669,0.018040994,1.035392324,0.123647213,0.429834569,0.516820669,0.483179331,0.570165431,0.781372407,1507,5761,1507,5761,5386,6893,7760,5386,1999,0.257603093,0.009205438,0.008835557,0.07241742,0.002622141,0.002581299,0.07241742,0.002622141,0.002581299,0.497287066,-1.001752615,1.008133222,-0.000369881,0.018040994,-0.192688797,0.004295504,0.167519481,0.483179331,0.570165431,-0.000369881,0.239268409,[0.71761414],11147,-0.19359515,1.010889725,0.354873069,0.045597574,0.496007643,0.526672381,0.526672381,0.522018937,-148448196.7,0.017671113,0.999630119,0.437465806,0.538391252,,,,,,,,
ce778982-236b-4a5b-81f1-7f51239624ea,AdaBoostClassifier,BASE_LINE,PCA,ROS,0.48802293,0.588990302,0.554562206,0.588990302,0.45626626,0.25412257,3506,0.51197707,0.04150816,1.083341606,0.74587743,0.203677817,1.301155015,0.411009698,-0.027392312,0.934035748,0.220775241,-0.181995641,0.351178141,0.54373374,0.024178112,1.045256294,0.11923914,0.411009698,0.54373374,0.45626626,0.588990302,0.779224759,1441,6061,1441,6061,5086,6527,8126,5086,2065,0.25412257,0.025785212,0.025785212,0.074798493,0.002797407,0.002752515,0.074798493,0.002797407,0.002752515,0.488342379,-0.97759057,1.026853277,0.027392312,0.027392312,-0.192836729,0.014758821,0.16190373,0.45626626,0.588990302,0.027392312,0.239268409,[0.71761414],11147,-0.19359515,1.010889725,0.355055021,0.038848236,0.51197707,0.522628281,0.522628281,0.5091522,-148817078.2,-0.003214201,0.972607688,0.443037975,0.541276921,,,,,,,,
ce778982-236b-4a5b-81f1-7f51239624ea,RandomForestClassifier,BASE_LINE,PCA,ROS,0.655497168,0.44381061,0.31761414,0.44381061,0.722077689,0.334336055,3506,0.344502832,-0.116288942,0.696789197,0.665663945,0.243492595,1.400200202,0.55618939,0.172833836,1.326488408,0.195019502,-0.153964483,0.393568466,0.277922311,-0.106625992,0.666535331,0.145491998,0.55618939,0.277922311,0.722077689,0.44381061,0.804980498,1950,3098,1950,3098,8049,9999,4654,8049,1556,0.334336055,0.139729914,-0.139729914,0.022084643,0.000243866,0.000242644,0.022084643,0.000243866,0.000242644,0.539429324,-0.514317497,0.608481924,-0.172833836,0.172833836,-0.198728539,-0.143159855,0.196373644,0.722077689,0.44381061,-0.172833836,0.239268409,[0.71761414],11147,-0.19359515,1.010889725,0.381372549,0.152022979,0.344502832,0.58294415,0.58294415,0.664398886,-907954146.1,-0.066207844,0.827166164,0.41022937,0.493074905,,,,,,,,
ce778982-236b-4a5b-81f1-7f51239624ea,BaggingClassifier,BASE_LINE,PCA,ROS,0.6475807,0.446377638,0.326759025,0.446377638,0.71086391,0.326858814,3506,0.3524193,-0.110144316,0.71712871,0.673141186,0.242061019,1.394014906,0.553622362,0.164993099,1.312474142,0.196756209,-0.155505714,0.392394234,0.28913609,-0.10099575,0.692795146,0.145761138,0.553622362,0.28913609,0.71086391,0.446377638,0.803243791,1941,3223,1941,3223,7924,9865,4788,7924,1565,0.326858814,0.132994424,-0.132994424,0.025093195,0.000314834,0.000313048,0.025093195,0.000314834,0.000313048,0.539928029,-0.557361337,0.635260805,-0.164993099,0.164993099,-0.198783367,-0.135803162,0.196517903,0.71086391,0.446377638,-0.164993099,0.239268409,[0.71761414],11147,-0.19359515,1.010889725,0.377381239,0.143029839,0.3524193,0.578620774,0.578620774,0.655574111,-1397024436,-0.063997349,0.835006901,0.408989939,0.492797701,,,,,,,,
ce778982-236b-4a5b-81f1-7f51239624ea,BernoulliNB,BASE_LINE,PCA,ROS,0.760731591,0,0,0,1,0,3506,0.239268409,-0.19359515,0.363658885,0,0,,1,0,1,0.239268409,-0.19359515,0.363658885,0,0,,0.157262044,1,0,1,0,0.760731591,3506,0,3506,0,11147,14653,0,11147,0,0,0,0,0.120164687,0.007219776,0.007042237,0.120164687,0.007219776,0.007042237,0.560824471,-0.327858607,,0,0,-0.096797575,0,0.273474689,1,0,0,0.239268409,[0.71761414],11147,-0.19359515,1.010889725,0,0,0.239268409,0.5,0.5,0.5,-148825914.6,0,1,1,1.2,,,,,,,,
ce778982-236b-4a5b-81f1-7f51239624ea,BaggingClassifier,BASE_LINE,PCA,HYPERPARAMETER_ROS,0.654541732,0.442384484,0.317887122,0.442384484,0.721270297,0.332975526,3506,0.345458268,-0.115278203,0.699906795,0.667024474,0.244305279,1.400940121,0.557615516,0.173321633,1.326576766,0.195597799,-0.154110697,0.394341039,0.278729703,-0.105320507,0.670921994,0.145810564,0.557615516,0.278729703,0.721270297,0.442384484,0.804402201,1955,3107,1955,3107,8040,9995,4658,8040,1551,0.332975526,0.13932107,-0.13932107,0.022703173,0.000257717,0.000256391,0.022703173,0.000257717,0.000256391,0.540019563,-0.520346357,0.612163031,-0.173321633,0.173321633,-0.199207988,-0.141734176,0.19684115,0.721270297,0.442384484,-0.173321633,0.239268409,[0.71761414],11147,-0.19359515,1.010889725,0.379960804,0.149941728,0.345458268,0.58182739,0.58182739,0.662888205,-906393798.4,-0.068001126,0.826678367,0.408803374,0.491643065,,,,,,,,
ce778982-236b-4a5b-81f1-7f51239624ea,RandomForestClassifier,BASE_LINE,PCA,HYPERPARAMETER_ROS,0.545963284,0.521106674,0.464137037,0.521106674,0.553781286,0.268636965,3506,0.454036716,-0.003825646,0.991597904,0.731363035,0.218568107,1.331026086,0.478893326,0.0336865,1.071118611,0.213830871,-0.170552701,0.37431593,0.446218714,-0.002752416,0.993846579,0.134463097,0.478893326,0.446218714,0.553781286,0.521106674,0.786169129,1679,4974,1679,4974,6173,7852,6801,6173,1827,0.268636965,0.018219458,-0.018219458,0.066352054,0.002201298,0.002169682,0.066352054,0.002201298,0.002169682,0.518580942,-0.964272855,0.95443734,-0.0336865,0.0336865,-0.194560404,-0.021475662,0.181355626,0.553781286,0.521106674,-0.0336865,0.239268409,[0.71761414],11147,-0.19359515,1.010889725,0.354516348,0.064064941,0.454036716,0.53744398,0.53744398,0.547235918,-147776451.3,-0.030934084,0.9663135,0.421964317,0.519516673,,,,,,,,
ce778982-236b-4a5b-81f1-7f51239624ea,GradientBoostingClassifier,BASE_LINE,PCA,HYPERPARAMETER_ROS,0.543574695,0.52624073,0.468982461,0.52624073,0.549026644,0.268480792,3506,0.456425305,-0.004665763,0.989812543,0.731519208,0.223788393,1.339053552,0.47375927,0.06804946,1.146911443,0.213468706,-0.165027909,0.391489655,0.450973356,-0.012081646,0.973488477,0.13346702,0.47375927,0.450973356,0.549026644,0.52624073,0.786531294,1661,5027,1661,5027,6120,7781,6872,6120,1845,0.268480792,0.040065553,-0.040065553,0.061292377,0.001878378,0.001853325,0.061292377,0.001878378,0.001853325,0.516656597,-0.937566875,0.929281971,-0.06804946,0.06804946,-0.194408151,-0.033971674,0.179971305,0.549026644,0.52624073,-0.06804946,0.239268409,[0.71761414],11147,-0.19359515,1.010889725,0.355559838,0.064347613,0.456425305,0.537633687,0.537633687,0.559174278,-147528596.9,-0.055967814,0.93195054,0.424381829,0.51851483,,,,,,,,
ce778982-236b-4a5b-81f1-7f51239624ea,XGBClassifier,BASE_LINE,PCA,RUS,0.521394936,0.491728465,0.47464683,0.491728465,0.530725756,0.247879224,3506,0.478605064,-0.00560174,0.988341484,0.752120776,0.206915082,1.30252412,0.508271535,0.038077908,1.075797557,0.231488698,-0.181418045,0.381618063,0.469274244,-0.00419057,0.991101279,0.138649325,0.508271535,0.469274244,0.530725756,0.491728465,0.768511302,1782,5231,1782,5231,5916,7698,6955,5916,1724,0.247879224,0.021134239,-0.021134239,0.068984212,0.002379411,0.002343979,0.068984212,0.002379411,0.002343979,0.526591539,-0.983146821,0.972628306,-0.038077908,0.038077908,-0.194166563,-0.013112324,0.189225127,0.530725756,0.491728465,-0.038077908,0.239268409,[0.71761414],11147,-0.19359515,1.010889725,0.3296052,0.019184277,0.478605064,0.511227111,0.511227111,0.522031507,-150648342.8,-0.033887339,0.961922092,0.394666056,0.49122664,,,,,,,,
ce778982-236b-4a5b-81f1-7f51239624ea,GradientBoostingClassifier,BASE_LINE,PCA,RUS,0.520507746,0.505419281,0.48208558,0.505419281,0.525253431,0.250849377,3506,0.479492254,0.001939551,1.004050507,0.749150623,0.198104111,1.290469764,0.494580719,-0.026223091,0.947411785,0.228488602,-0.189688658,0.349382029,0.474746569,0.01164016,1.024756812,0.13613025,0.494580719,0.474746569,0.525253431,0.505419281,0.771511398,1734,5292,1734,5292,5855,7589,7064,5855,1772,0.250849377,0.018931625,0.018931625,0.076295901,0.002910532,0.002862964,0.076295901,0.002910532,0.002862964,0.521785875,-0.995950298,1.015050437,0.026223091,0.026223091,-0.193896385,0.007219139,0.185467551,0.525253431,0.505419281,0.026223091,0.239268409,[0.71761414],11147,-0.19359515,1.010889725,0.335288553,0.026189036,0.479492254,0.515336356,0.515336356,0.505580201,-149091049.5,-0.01458293,0.973776909,0.403139575,0.501002823,,,,,,,,
ce778982-236b-4a5b-81f1-7f51239624ea,AdaBoostClassifier,BASE_LINE,PCA,RUS,0.501057804,0.56046777,0.52787825,0.56046777,0.482371939,0.254040078,3506,0.498942196,0.032353836,1.066287237,0.745959922,0.205072402,1.303435618,0.43953223,-0.021988074,0.95035924,0.222752241,-0.181601203,0.356921349,0.517628061,0.024990968,1.049211866,0.125155893,0.43953223,0.517628061,0.482371939,0.56046777,0.777247759,1541,5770,1541,5770,5377,6918,7735,5377,1965,0.254040078,0.023489521,0.023489521,0.076482541,0.00292479,0.00287688,0.076482541,0.00292479,0.00287688,0.500311689,-0.978687142,1.028935736,0.021988074,0.024990968,-0.193336803,0.01512766,0.170062658,0.482371939,0.56046777,0.021988074,0.239268409,[0.71761414],11147,-0.19359515,1.010889725,0.349613024,0.036610952,0.498942196,0.521419854,0.521419854,0.509171951,-148833166.1,0.003002894,0.978011926,0.430614146,0.529379533,,,,,,,,
ce778982-236b-4a5b-81f1-7f51239624ea,RandomForestClassifier,BASE_LINE,PCA,RUS,0.540640142,0.574443811,0.494983962,0.574443811,0.530008074,0.277678202,3506,0.459359858,-0.018877165,0.959464472,0.722321798,0.230600622,1.35260203,0.425556189,0.140336418,1.347555577,0.201621622,-0.151267383,0.414155083,0.469991926,-0.058053448,0.882188718,0.124925174,0.425556189,0.469991926,0.530008074,0.574443811,0.798378378,1492,5239,1492,5239,5908,7400,7253,5908,2014,0.277678202,0.099194933,-0.099194933,0.040013483,0.000800539,0.000793411,0.040013483,0.000800539,0.000793411,0.499850326,-0.829033596,0.833692907,-0.140336418,0.140336418,-0.190934003,-0.087184819,0.167011611,0.530008074,0.574443811,-0.140336418,0.239268409,[0.71761414],11147,-0.19359515,1.010889725,0.374384236,0.08913054,0.459359858,0.552225942,0.552225942,0.607003958,-502614174.5,-0.08228297,0.859663582,0.453322829,0.538105717,,,,,,,,
ce778982-236b-4a5b-81f1-7f51239624ea,BaggingClassifier,BASE_LINE,PCA,RUS,0.542073296,0.545350827,0.479628745,0.545350827,0.541042433,0.272054639,3506,0.457926704,-0.024984588,0.946420716,0.727945361,0.228341326,1.346018459,0.454649173,0.136362057,1.314567299,0.20904918,-0.157576332,0.410684155,0.458957567,-0.055324055,0.884900138,0.1300472,0.454649173,0.458957567,0.541042433,0.545350827,0.79095082,1594,5116,1594,5116,6031,7625,7028,6031,1912,0.272054639,0.095843056,-0.095843056,0.042897745,0.000920108,0.000911352,0.042897745,0.000920108,0.000911352,0.509994511,-0.836984354,0.84034552,-0.136362057,0.136362057,-0.192958829,-0.080909532,0.17481991,0.541042433,0.545350827,-0.136362057,0.239268409,[0.71761414],11147,-0.19359515,1.010889725,0.363014999,0.073778364,0.457926704,0.54319663,0.54319663,0.595258255,-1181467530,-0.081038001,0.863637943,0.435882822,0.522076733,,,,,,,,
ce778982-236b-4a5b-81f1-7f51239624ea,BernoulliNB,BASE_LINE,PCA,RUS,0.760731591,0,0,0,1,0,3506,0.239268409,-0.19359515,0.363658885,0,0,,1,0,1,0.239268409,-0.19359515,0.363658885,0,0,,0.157262044,1,0,1,0,0.760731591,3506,0,3506,0,11147,14653,0,11147,0,0,0,0,0.120164687,0.007219776,0.007042237,0.120164687,0.007219776,0.007042237,0.560824471,-0.327858607,,0,0,-0.096797575,0,0.273474689,1,0,0,0.239268409,[0.71761414],11147,-0.19359515,1.010889725,0,0,0.239268409,0.5,0.5,0.5,-148825914.6,0,1,1,1.2,,,,,,,,
ce778982-236b-4a5b-81f1-7f51239624ea,BaggingClassifier,BASE_LINE,PCA,HYPERPARAMETER_RUS,0.540503651,0.572447233,0.494165017,0.572447233,0.530456625,0.277171661,3506,0.459496349,-0.01755215,0.962284764,0.722828339,0.231485933,1.353902367,0.427552767,0.14232484,1.351012637,0.202239611,-0.150859721,0.416533385,0.469543375,-0.056186434,0.885703632,0.125264387,0.427552767,0.469543375,0.530456625,0.572447233,0.797760389,1499,5234,1499,5234,5913,7412,7241,5913,2007,0.277171661,0.099255637,-0.099255637,0.040618543,0.000824933,0.000817481,0.040618543,0.000824933,0.000817481,0.500528494,-0.832048734,0.836210699,-0.14232484,0.14232484,-0.191172827,-0.085646193,0.167544633,0.530456625,0.572447233,-0.14232484,0.239268409,[0.71761414],11147,-0.19359515,1.010889725,0.373499581,0.087811144,0.459496349,0.551451929,0.551451929,0.606186642,-505179660.9,-0.086138406,0.85767516,0.45205248,0.536652693,,,,,,,,
ce778982-236b-4a5b-81f1-7f51239624ea,RandomForestClassifier,BASE_LINE,PCA,HYPERPARAMETER_RUS,0.511635842,0.567598403,0.520712482,0.567598403,0.494034269,0.260812582,3506,0.488364158,0.012767967,1.026375754,0.739187418,0.209693284,1.312712268,0.432401597,0.021265689,1.049558592,0.215862167,-0.174884597,0.366645317,0.505965731,-0.005489506,0.989196423,0.124582444,0.432401597,0.505965731,0.494034269,0.567598403,0.784137833,1516,5640,1516,5640,5507,7023,7630,5507,1990,0.260812582,0.013377597,-0.013377597,0.064191671,0.002060285,0.002031594,0.064191671,0.002060285,0.002031594,0.499164189,-0.97070136,0.963224754,-0.021265689,0.021265689,-0.192288941,-0.019388593,0.168410107,0.494034269,0.567598403,-0.021265689,0.239268409,[0.71761414],11147,-0.19359515,1.010889725,0.357399425,0.052634724,0.488364158,0.530816336,0.530816336,0.537917383,-149541696,-0.015776183,0.978734311,0.438615825,0.537487347,,,,,,,,
ce778982-236b-4a5b-81f1-7f51239624ea,GradientBoostingClassifier,BASE_LINE,PCA,HYPERPARAMETER_RUS,0.529243158,0.521106674,0.480857162,0.521106674,0.531802279,0.259296054,3506,0.470756842,0.005597917,1.011938953,0.740703946,0.212150079,1.316510435,0.478893326,0.018455584,1.038769816,0.22071776,-0.176029379,0.372161883,0.468197721,0.006235792,1.01338867,0.133759426,0.478893326,0.468197721,0.531802279,0.521106674,0.77928224,1679,5219,1679,5219,5928,7607,7046,5928,1827,0.259296054,0.012345688,-0.006109896,0.07067208,0.002497271,0.002459242,0.07067208,0.002497271,0.002459242,0.517222247,-0.994701093,0.983934935,-0.018455584,0.018455584,-0.194089729,-0.007766872,0.181292477,0.531802279,0.521106674,-0.018455584,0.239268409,[0.71761414],11147,-0.19359515,1.010889725,0.346285064,0.045178946,0.470756842,0.526454476,0.526454476,0.529671059,-150836691.8,-0.012219793,0.981544416,0.416078342,0.514969328,,,,,,,,
ce778982-236b-4a5b-81f1-7f51239624ea,XGBClassifier,BASE_LINE,FAIR_PCA,FAIR_PCA,0.831706818,0.518824872,0.177301576,0.518824872,0.930115726,0.700153965,3506,0.168293182,-0.085244663,0.567062056,0.299846035,0.246721927,1.952206157,0.481175128,0.152832943,1.334089429,0.139941933,-0.105091957,0.413113773,0.069884274,-0.033341591,0.598121114,0.09344933,0.481175128,0.069884274,0.930115726,0.518824872,0.860058067,1687,779,1687,779,10368,12055,2598,10368,1819,0.700153965,0.093087267,-0.093087267,0.02922725,0.000427116,0.000424306,0.02922725,0.000427116,0.000424306,0.432317777,-0.074290579,0.391631934,-0.152832943,0.152832943,-0.175906942,-0.135533108,0.142538418,0.930115726,0.518824872,-0.152832943,0.239268409,[0.72372893],11147,-0.19359515,1.010889725,0.596002621,0.501499675,0.168293182,0.724470299,0.724470299,0.791909259,-205512868.9,-0.119491352,0.847167057,0.554742299,0.626869854,,,,,,,,
ce778982-236b-4a5b-81f1-7f51239624ea,GradientBoostingClassifier,BASE_LINE,FAIR_PCA,FAIR_PCA,0.832525763,0.494580719,0.164880912,0.494580719,0.938817619,0.717715232,3506,0.167474237,-0.087379088,0.555990189,0.282284768,0.251335134,2.042498911,0.505419281,0.148070411,1.306917116,0.144806734,-0.109331415,0.409656267,0.061182381,-0.027300717,0.620256558,0.094507809,0.505419281,0.061182381,0.938817619,0.494580719,0.855193266,1772,682,1772,682,10465,12237,2416,10465,1734,0.717715232,0.087685564,-0.087685564,0.034002836,0.000578096,0.000573694,0.034002836,0.000578096,0.000573694,0.434759263,-0.0654966,0.388171972,-0.148070411,0.148070411,-0.180333274,-0.126940491,0.147007828,0.938817619,0.494580719,-0.148070411,0.239268409,[0.72372893],11147,-0.19359515,1.010889725,0.585612969,0.498294683,0.167474237,0.716699169,0.716699169,0.77954334,-167604910.6,-0.120769695,0.851929589,0.536261017,0.611828726,,,,,,,,
ce778982-236b-4a5b-81f1-7f51239624ea,AdaBoostClassifier,BASE_LINE,FAIR_PCA,FAIR_PCA,0.828431038,0.472618369,0.158465843,0.472618369,0.940342693,0.713608958,3506,0.171568962,-0.094460046,0.535289032,0.286391042,0.239792711,1.966602437,0.527381631,0.146008758,1.289282904,0.149947287,-0.114165311,0.40550037,0.059657307,-0.030059311,0.579293864,0.097665543,0.527381631,0.059657307,0.940342693,0.472618369,0.850052713,1849,665,1849,665,10482,12331,2322,10482,1657,0.713608958,0.088034034,-0.088034034,0.035268917,0.000621948,0.000617043,0.035268917,0.000621948,0.000617043,0.441962765,-0.035116121,0.376527757,-0.146008758,0.146008758,-0.176979011,-0.124937792,0.152699347,0.940342693,0.472618369,-0.146008758,0.239268409,[0.72372893],11147,-0.19359515,1.010889725,0.56863418,0.482462767,0.171568962,0.706480531,0.706480531,0.768674862,-145895966.6,-0.115949447,0.853991242,0.516199377,0.594595822,,,,,,,,
ce778982-236b-4a5b-81f1-7f51239624ea,RandomForestClassifier,BASE_LINE,FAIR_PCA,FAIR_PCA,0.799631475,0.516257844,0.208148502,0.516257844,0.888759307,0.593442623,3506,0.200368525,-0.08944249,0.611764565,0.406557377,0.273832703,1.772677649,0.483742156,0.141091075,1.305491056,0.146169094,-0.112602489,0.401840433,0.111240693,-0.04570363,0.646175558,0.106207518,0.483742156,0.111240693,0.888759307,0.516257844,0.853830906,1696,1240,1696,1240,9907,11603,3050,9907,1810,0.593442623,0.093397352,-0.093397352,0.028345302,0.000401728,0.000399163,0.028345302,0.000401728,0.000399163,0.460885057,-0.247760835,0.465945798,-0.141091075,0.141091075,-0.193217596,-0.135433425,0.152696689,0.888759307,0.516257844,-0.141091075,0.239268409,[0.72372893],11147,-0.19359515,1.010889725,0.552165955,0.425621252,0.200368525,0.702508576,0.702508576,0.768121017,-567030211.9,-0.095387446,0.858908925,0.533608491,0.610707648,,,,,,,,
ce778982-236b-4a5b-81f1-7f51239624ea,BaggingClassifier,BASE_LINE,FAIR_PCA,FAIR_PCA,0.803111991,0.486023959,0.190199959,0.486023959,0.902843814,0.611410118,3506,0.196888009,-0.0866529,0.61652153,0.388589882,0.299295354,1.906784032,0.513976041,0.135766275,1.275438155,0.151862464,-0.116597456,0.401519633,0.097156186,-0.03080536,0.718006069,0.107534321,0.513976041,0.097156186,0.902843814,0.486023959,0.848137536,1802,1083,1802,1083,10064,11866,2787,10064,1704,0.611410118,0.083285817,-0.083285817,0.036822157,0.000677936,0.000672362,0.036822157,0.000677936,0.000672362,0.463754938,-0.280277054,0.481328138,-0.135766275,0.135766275,-0.207946405,-0.119439432,0.158060921,0.902843814,0.486023959,-0.135766275,0.239268409,[0.72372893],11147,-0.19359515,1.010889725,0.541554108,0.422733099,0.196888009,0.694433887,0.694433887,0.752270381,-1067122593,-0.104960915,0.864233725,0.512288613,0.592751398,,,,,,,,
ce778982-236b-4a5b-81f1-7f51239624ea,BernoulliNB,BASE_LINE,FAIR_PCA,FAIR_PCA,0.806592507,0.414717627,0.152596738,0.414717627,0.929846595,0.650268336,3506,0.193407493,-0.106819882,0.534050908,0.349731664,0.272787859,1.899908703,0.585282373,0.138397645,1.245469355,0.165257309,-0.127641421,0.397563066,0.070153405,-0.032655563,0.606390069,0.11142562,0.585282373,0.070153405,0.929846595,0.414717627,0.834742691,2052,782,2052,782,10365,12417,2236,10365,1454,0.650268336,0.085526604,-0.085526604,0.041802987,0.000873745,0.000865632,0.041802987,0.000873745,0.000865632,0.472071223,-0.115279099,0.407975412,-0.138397645,0.138397645,-0.20021464,-0.112737632,0.171664271,0.929846595,0.414717627,-0.138397645,0.239268409,[0.72372893],11147,-0.19359515,1.010889725,0.506443748,0.408800009,0.193407493,0.672282111,0.672282111,0.729780117,-172265008,-0.105742082,0.861602355,0.4560138,0.540885499,,,,,,,,
ce778982-236b-4a5b-81f1-7f51239624ea,BaggingClassifier,BASE_LINE,FAIR_PCA,HYPERPARAMETER,0.820173343,0.357102111,0.111444755,0.357102111,0.9658204,0.766687079,3506,0.179826657,-0.112397725,0.483331326,0.233312921,0.246240613,2.248216052,0.642897889,0.133299986,1.214234704,0.17311828,-0.133072174,0.39767332,0.0341796,-0.016356746,0.597088747,0.107459958,0.642897889,0.0341796,0.9658204,0.357102111,0.82688172,2254,381,2254,381,10766,13020,1633,10766,1252,0.766687079,0.074828366,-0.074828366,0.053609474,0.001436988,0.001420089,0.053609474,0.001436988,0.001420089,0.46359456,0.067816947,0.339481009,-0.133299986,0.133299986,-0.189656393,-0.094573077,0.178092138,0.9658204,0.357102111,-0.133299986,0.239268409,[0.72372893],11147,-0.19359515,1.010889725,0.48725433,0.437809007,0.179826657,0.661461255,0.661461255,0.71095732,-141604786.9,-0.116943241,0.866700014,0.412147148,0.499464113,,,,,,,,
ce778982-236b-4a5b-81f1-7f51239624ea,RandomForestClassifier,BASE_LINE,FAIR_PCA,HYPERPARAMETER,0.824745786,0.43953223,0.14631816,0.43953223,0.945904728,0.71875,3506,0.175254214,-0.098169946,0.528474301,0.28125,0.256147688,2.069267675,0.56046777,0.13730786,1.25466868,0.157086897,-0.120547752,0.400582528,0.054095272,-0.023917062,0.623222842,0.101255936,0.56046777,0.054095272,0.945904728,0.43953223,0.842913103,1965,603,1965,603,10544,12509,2144,10544,1541,0.71875,0.080612461,-0.080612461,0.041753231,0.000871666,0.000863582,0.041753231,0.000871666,0.000863582,0.45001319,-0.057385591,0.384982804,-0.13730786,0.13730786,-0.18834772,-0.113389058,0.160452832,0.945904728,0.43953223,-0.13730786,0.239268409,[0.72372893],11147,-0.19359515,1.010889725,0.545486726,0.465280257,0.175254214,0.692718479,0.692718479,0.748560221,-149495927.6,-0.113390798,0.86269214,0.48681093,0.569526543,,,,,,,,
ce778982-236b-4a5b-81f1-7f51239624ea,GradientBoostingClassifier,BASE_LINE,FAIR_PCA,HYPERPARAMETER,0.832594008,0.519680548,0.176823859,0.519680548,0.931012829,0.703203396,3506,0.167405992,-0.082991149,0.574959584,0.296796604,0.254974868,2.002715375,0.480319452,0.153845772,1.337049687,0.139612005,-0.104410211,0.414854908,0.068987171,-0.03073646,0.620749033,0.093006126,0.480319452,0.068987171,0.931012829,0.519680548,0.860387995,1684,769,1684,769,10378,12062,2591,10378,1822,0.703203396,0.092291116,-0.092291116,0.030066717,0.000452004,0.000448948,0.030066717,0.000452004,0.000448948,0.431291376,-0.085871177,0.396197254,-0.153845772,0.153845772,-0.179692539,-0.133895864,0.142078763,0.931012829,0.519680548,-0.153845772,0.239268409,[0.72372893],11147,-0.19359515,1.010889725,0.597670986,0.503990979,0.167405992,0.725346688,0.725346688,0.792289743,-187895105.9,-0.123109312,0.846154228,0.555953925,0.627715121,,,,,,,,
ce778982-236b-4a5b-81f1-7f51239624ea,XGBClassifier,BASE_LINE,FAIR_PCA,SMOTE,0.791442026,0.663434113,0.286767215,0.663434113,0.831703597,0.553545931,3506,0.208557974,-0.076668695,0.672754752,0.446454069,0.251414855,1.626717926,0.336565887,0.213032977,1.70189508,0.112907856,-0.075354482,0.472686265,0.168296403,-0.091049426,0.553712874,0.094008263,0.336565887,0.168296403,0.831703597,0.663434113,0.887092144,1180,1876,1180,1876,9271,10451,4202,9271,2326,0.553545931,0.152041201,-0.152041201,0.002835648,4.02E-06,4.02E-06,0.002835648,4.02E-06,4.02E-06,0.433608725,-0.17912007,0.435097923,-0.213032977,0.213032977,-0.163384668,-0.199885749,0.123031748,0.831703597,0.663434113,-0.213032977,0.239268409,[0.72372893],11147,-0.19359515,1.010889725,0.603528801,0.467093703,0.208557974,0.747568855,0.747568855,0.861230122,-213983010.1,-0.121983551,0.786967023,0.632065217,0.676447845,,,,,,,,
ce778982-236b-4a5b-81f1-7f51239624ea,GradientBoostingClassifier,BASE_LINE,FAIR_PCA,SMOTE,0.779908551,0.716486024,0.323687982,0.716486024,0.799856464,0.529622602,3506,0.220091449,-0.072600819,0.703007744,0.470377398,0.249027119,1.585999495,0.283513976,0.23448733,1.948840807,0.100302725,-0.060297896,0.517452085,0.200143536,-0.109965053,0.547995589,0.090548884,0.283513976,0.200143536,0.799856464,0.716486024,0.899697275,994,2231,994,2231,8916,9910,4743,8916,2512,0.529622602,0.172226191,-0.172226191,0.012540375,7.86E-05,7.89E-05,0.012540375,7.86E-05,7.89E-05,0.425555835,-0.194024458,0.441660602,-0.23448733,0.23448733,-0.154662507,-0.222395253,0.113594679,0.799856464,0.716486024,-0.23448733,0.239268409,[0.72372893],11147,-0.19359515,1.010889725,0.60904352,0.470824907,0.220091449,0.758171244,0.758171244,0.88874819,-176915343.6,-0.124522277,0.76551267,0.658410327,0.690618302,,,,,,,,
ce778982-236b-4a5b-81f1-7f51239624ea,AdaBoostClassifier,BASE_LINE,FAIR_PCA,SMOTE,0.772879274,0.692812322,0.319388521,0.692812322,0.798062259,0.519017094,3506,0.227120726,-0.07828271,0.691057777,0.480982906,0.255463231,1.586286593,0.307187678,0.263037693,1.987474838,0.107991577,-0.063619571,0.525473797,0.201937741,-0.116680511,0.528966758,0.094586939,0.307187678,0.201937741,0.798062259,0.692812322,0.892008423,1077,2251,1077,2251,8896,9973,4680,8896,2429,0.519017094,0.189859102,-0.189859102,0.014578645,0.000106268,0.000106634,0.014578645,0.000106268,0.000106634,0.434941235,-0.158525991,0.426247033,-0.263037693,0.263037693,-0.159541401,-0.226943578,0.120093897,0.798062259,0.692812322,-0.263037693,0.239268409,[0.72372893],11147,-0.19359515,1.010889725,0.593452236,0.449179227,0.227120726,0.74543729,0.74543729,0.886965345,-147090027.7,-0.146357182,0.736962307,0.639294644,0.66884123,,,,,,,,
ce778982-236b-4a5b-81f1-7f51239624ea,RandomForestClassifier,BASE_LINE,FAIR_PCA,SMOTE,0.778475398,0.598687963,0.268750427,0.598687963,0.835022876,0.533011681,3506,0.221524602,-0.083634303,0.664912109,0.466988319,0.257418853,1.61937727,0.401312037,0.149450639,1.395243566,0.131311246,-0.100634653,0.408412007,0.164977124,-0.072416892,0.625532806,0.104099121,0.401312037,0.164977124,0.835022876,0.598687963,0.868688754,1407,1839,1407,1839,9308,10715,3938,9308,2099,0.533011681,0.110933766,-0.110933766,0.01362316,9.28E-05,9.25E-05,0.01362316,9.28E-05,9.25E-05,0.456287454,-0.305562498,0.493760898,-0.149450639,0.149450639,-0.179026753,-0.163893349,0.139946231,0.835022876,0.598687963,-0.149450639,0.239268409,[0.72372893],11147,-0.19359515,1.010889725,0.563944116,0.41739889,0.221524602,0.71685542,0.71685542,0.796378891,-592586627.9,-0.077033748,0.850549361,0.580796901,0.64945534,,,,,,,,
ce778982-236b-4a5b-81f1-7f51239624ea,BaggingClassifier,BASE_LINE,FAIR_PCA,SMOTE,0.776496281,0.545350827,0.24520576,0.545350827,0.849197093,0.532145839,3506,0.223503719,-0.088755553,0.649584729,0.467854161,0.272408597,1.658073408,0.454649173,0.160296352,1.372975486,0.144122966,-0.109411417,0.410914494,0.150802907,-0.064520684,0.633643659,0.110419147,0.454649173,0.150802907,0.849197093,0.545350827,0.855877034,1594,1681,1594,1681,9466,11060,3593,9466,1912,0.532145839,0.112408518,-0.112408518,0.019799624,0.000196013,0.00019513,0.019799624,0.000196013,0.00019513,0.46993435,-0.294883008,0.488490341,-0.160296352,0.160296352,-0.190910007,-0.151414424,0.152177955,0.849197093,0.545350827,-0.160296352,0.239268409,[0.72372893],11147,-0.19359515,1.010889725,0.538667418,0.391271795,0.223503719,0.69727396,0.69727396,0.775653493,-1140943190,-0.095775668,0.839703648,0.54198852,0.614626714,,,,,,,,
ce778982-236b-4a5b-81f1-7f51239624ea,BernoulliNB,BASE_LINE,FAIR_PCA,SMOTE,0.687231284,0.737307473,0.426329079,0.737307473,0.671481116,0.413798623,3506,0.312768716,-0.139540384,0.611949391,0.586201377,0.19836812,1.35929912,0.262692527,0.28959467,2.329890561,0.109564597,-0.069535481,0.508076902,0.328518884,-0.237299217,0.43716215,0.098564492,0.262692527,0.328518884,0.671481116,0.737307473,0.890435403,921,3662,921,3662,7485,8406,6247,7485,2585,0.413798623,0.263446944,-0.263446944,0.047457325,0.001126099,0.001139156,0.047457325,0.001126099,0.001139156,0.4439921,-0.122226838,0.411094967,-0.28959467,0.28959467,-0.133951801,-0.312901164,0.120379607,0.671481116,0.737307473,-0.28959467,0.239268409,[0.72372893],11147,-0.19359515,1.010889725,0.530093305,0.352657622,0.312768716,0.704394294,0.704394294,0.889964818,-198925901.7,-0.052295452,0.71040533,0.616761109,0.64510667,,,,,,,,
ce778982-236b-4a5b-81f1-7f51239624ea,BaggingClassifier,BASE_LINE,FAIR_PCA,HYPERPARAMETER_SMOTE,0.795059032,0.641756988,0.272776906,0.641756988,0.843276218,0.562922192,3506,0.204940968,-0.082550223,0.645161603,0.437077808,0.247711876,1.627221599,0.358243012,0.230891538,1.716126424,0.117867868,-0.077736237,0.477498526,0.156723782,-0.09345508,0.516744492,0.095407992,0.358243012,0.156723782,0.843276218,0.641756988,0.882132132,1256,1747,1256,1747,9400,10656,3997,9400,2250,0.562922192,0.162173309,-0.162173309,0.004022108,8.09E-06,8.10E-06,0.004022108,8.09E-06,8.10E-06,0.436824888,-0.109781899,0.405923129,-0.230891538,0.230891538,-0.162724057,-0.202398622,0.126962512,0.843276218,0.641756988,-0.230891538,0.239268409,[0.72372893],11147,-0.19359515,1.010889725,0.599760096,0.464613953,0.204940968,0.742516603,0.742516603,0.862932978,-150186320.6,-0.137436457,0.769108462,0.620048226,0.662871757,,,,,,,,
ce778982-236b-4a5b-81f1-7f51239624ea,RandomForestClassifier,BASE_LINE,FAIR_PCA,HYPERPARAMETER_SMOTE,0.762505971,0.762407302,0.363065584,0.762407302,0.762537005,0.502443609,3506,0.237494029,-0.080733103,0.694868987,0.497556391,0.23594147,1.517465226,0.237592698,0.27361158,2.402141003,0.089253188,-0.043870214,0.59363127,0.237462995,-0.146540582,0.503170218,0.087958173,0.237592698,0.237462995,0.762537005,0.762407302,0.910746812,833,2647,833,2647,8500,9333,5320,8500,2673,0.502443609,0.210076081,-0.210076081,0.027613749,0.00038126,0.000383777,0.027613749,0.00038126,0.000383777,0.419423827,-0.152829082,0.423848667,-0.27361158,0.27361158,-0.139905842,-0.259315442,0.106127619,0.762537005,0.762407302,-0.27361158,0.239268409,[0.72372893],11147,-0.19359515,1.010889725,0.605710401,0.465727345,0.237494029,0.762472154,0.762472154,0.922649316,-164001418.4,-0.127070998,0.72638842,0.675085238,0.691361679,,,,,,,,
ce778982-236b-4a5b-81f1-7f51239624ea,GradientBoostingClassifier,BASE_LINE,FAIR_PCA,HYPERPARAMETER_SMOTE,0.791169044,0.675698802,0.292909302,0.675698802,0.827487216,0.55195713,3506,0.208830956,-0.078609979,0.665787443,0.44804287,0.242153587,1.598501709,0.324301198,0.207967589,1.712138728,0.109738442,-0.07361222,0.471183431,0.172512784,-0.096482522,0.541352558,0.092758599,0.324301198,0.172512784,0.827487216,0.675698802,0.890261558,1137,1923,1137,1923,9224,10361,4292,9224,2369,0.55195713,0.152225056,-0.152225056,0.005178572,1.34E-05,1.34E-05,0.005178572,1.34E-05,1.34E-05,0.430717074,-0.174034254,0.432894164,-0.207967589,0.207967589,-0.157882904,-0.205150653,0.120417794,0.827487216,0.675698802,-0.207967589,0.239268409,[0.72372893],11147,-0.19359515,1.010889725,0.60759169,0.471718412,0.208830956,0.751593009,0.751593009,0.866004297,-195455009.7,-0.111485067,0.792032411,0.639837947,0.68362574,,,,,,,,
ce778982-236b-4a5b-81f1-7f51239624ea,XGBClassifier,BASE_LINE,FAIR_PCA,ROS,0.771992084,0.786366229,0.365044701,0.786366229,0.767471068,0.515423444,3506,0.228007916,-0.050539636,0.793688094,0.484576556,0.250103874,1.579542513,0.213633771,0.145309956,1.760438318,0.080503009,-0.054143354,0.471863152,0.232528932,-0.091760198,0.658282803,0.083711885,0.213633771,0.232528932,0.767471068,0.786366229,0.919496991,749,2592,749,2592,8555,9304,5349,8555,2757,0.515423444,0.118535077,-0.118535077,0.003651473,6.67E-06,6.67E-06,0.003651473,6.67E-06,6.67E-06,0.409174498,-0.38134466,0.532716112,-0.145309956,0.145309956,-0.152123614,-0.202300902,0.099354213,0.767471068,0.786366229,-0.145309956,0.239268409,[0.72372893],11147,-0.19359515,1.010889725,0.62269904,0.49079034,0.228007916,0.776918649,0.776918649,0.869010761,-227249664.5,-0.053549758,0.854690044,0.695027415,0.741180118,,,,,,,,
ce778982-236b-4a5b-81f1-7f51239624ea,GradientBoostingClassifier,BASE_LINE,FAIR_PCA,ROS,0.759639664,0.825442099,0.396096363,0.825442099,0.738943213,0.49862164,3506,0.240360336,-0.05658084,0.781833244,0.50137836,0.232615802,1.514315671,0.174557901,0.137166362,1.894904768,0.069160357,-0.045240447,0.486112371,0.261056787,-0.113868647,0.627548906,0.080614676,0.174557901,0.261056787,0.738943213,0.825442099,0.930839643,612,2910,612,2910,8237,8849,5804,8237,2894,0.49862164,0.125517505,-0.125517505,0.011259697,6.34E-05,6.36E-05,0.011259697,6.34E-05,6.36E-05,0.401533751,-0.375679945,0.529719307,-0.137166362,0.137166362,-0.138928124,-0.2211807,0.092305202,0.738943213,0.825442099,-0.137166362,0.239268409,[0.72372893],11147,-0.19359515,1.010889725,0.6216971,0.4923227,0.240360336,0.782192656,0.782192656,0.880371527,-186983860.8,-0.023297715,0.862833638,0.70922681,0.753968831,,,,,,,,
ce778982-236b-4a5b-81f1-7f51239624ea,AdaBoostClassifier,BASE_LINE,FAIR_PCA,ROS,0.747833208,0.828579578,0.409404218,0.828579578,0.72243653,0.484247375,3506,0.252166792,-0.052311635,0.806052521,0.515752625,0.237233301,1.511031001,0.171420422,0.134352534,1.89226952,0.069447654,-0.045603298,0.484662287,0.27756347,-0.112808886,0.6494645,0.081513911,0.171420422,0.27756347,0.72243653,0.828579578,0.930552346,601,3094,601,3094,8053,8654,5999,8053,2905,0.484247375,0.12358071,-0.12358071,0.009579628,4.59E-05,4.60E-05,0.009579628,4.59E-05,4.60E-05,0.40376704,-0.412156247,0.549410158,-0.134352534,0.134352534,-0.141418299,-0.217334624,0.093037348,0.72243653,0.828579578,-0.134352534,0.239268409,[0.72372893],11147,-0.19359515,1.010889725,0.611257233,0.47808088,0.252166792,0.775508054,0.775508054,0.87134589,-147124951.4,-0.021543648,0.865647466,0.703517588,0.750363585,,,,,,,,
ce778982-236b-4a5b-81f1-7f51239624ea,RandomForestClassifier,BASE_LINE,FAIR_PCA,ROS,0.784412748,0.58243012,0.255033099,0.58243012,0.84794115,0.546427616,3506,0.215587252,-0.078065359,0.67712645,0.453572384,0.269577973,1.678886047,0.41756988,0.121503505,1.304736141,0.13411506,-0.105680722,0.393118834,0.15205885,-0.053793236,0.689347501,0.104353236,0.41756988,0.15205885,0.84794115,0.58243012,0.86588494,1464,1695,1464,1695,9452,10916,3737,9452,2042,0.546427616,0.087648371,-0.087648371,0.022977287,0.000263978,0.000262604,0.022977287,0.000263978,0.000262604,0.456844034,-0.366607194,0.524845681,-0.121503505,0.121503505,-0.187629348,-0.144166584,0.142230423,0.84794115,0.58243012,-0.121503505,0.239268409,[0.72372893],11147,-0.19359515,1.010889725,0.563854756,0.421245152,0.215587252,0.715185635,0.715185635,0.777870491,-632326746.4,-0.067710269,0.878496495,0.572991933,0.648121882,,,,,,,,
ce778982-236b-4a5b-81f1-7f51239624ea,BaggingClassifier,BASE_LINE,FAIR_PCA,ROS,0.785914147,0.559041643,0.242339453,0.559041643,0.857271015,0.551957195,3506,0.214085853,-0.086824859,0.643020766,0.448042805,0.260980284,1.660620932,0.440958357,0.122105493,1.289341176,0.139254188,-0.110458653,0.389738036,0.142728985,-0.056879079,0.655367729,0.106383789,0.440958357,0.142728985,0.857271015,0.559041643,0.860745812,1546,1591,1546,1591,9556,11102,3551,9556,1960,0.551957195,0.089492286,-0.089492286,0.023327807,0.000272093,0.000270656,0.023327807,0.000272093,0.000270656,0.46126736,-0.327044568,0.504462847,-0.122105493,0.122105493,-0.185719468,-0.144039662,0.14699451,0.857271015,0.559041643,-0.122105493,0.239268409,[0.72372893],11147,-0.19359515,1.010889725,0.555476832,0.414503903,0.214085853,0.708156329,0.708156329,0.771530857,-1184675462,-0.065226414,0.877894507,0.557253536,0.634501711,,,,,,,,
ce778982-236b-4a5b-81f1-7f51239624ea,BernoulliNB,BASE_LINE,FAIR_PCA,ROS,0.75226916,0.695664575,0.341363543,0.695664575,0.770072665,0.487604958,3506,0.24773084,-0.074407619,0.727144037,0.512395042,0.231148024,1.502050918,0.304335425,0.068411894,1.232914976,0.110558491,-0.096538027,0.349866325,0.229927335,-0.085597627,0.675160602,0.097688437,0.304335425,0.229927335,0.770072665,0.695664575,0.889441509,1067,2563,1067,2563,8584,9651,5002,8584,2439,0.487604958,0.07700476,-0.07700476,0.010359955,5.37E-05,5.35E-05,0.010359955,5.37E-05,5.35E-05,0.442014562,-0.456957608,0.574562237,-0.068411894,0.085597627,-0.163843025,-0.169414771,0.122805074,0.770072665,0.695664575,-0.068411894,0.239268409,[0.72372893],11147,-0.19359515,1.010889725,0.573342736,0.419052003,0.24773084,0.73286862,0.73286862,0.789302993,-194036172.8,0.017185733,0.931588106,0.628608247,0.705041679,,,,,,,,
ce778982-236b-4a5b-81f1-7f51239624ea,BaggingClassifier,BASE_LINE,FAIR_PCA,HYPERPARAMETER_ROS,0.811437931,0.634626355,0.252985737,0.634626355,0.86704943,0.600215808,3506,0.188562069,-0.071367298,0.664170125,0.399784192,0.258257864,1.732254056,0.365373645,0.178934394,1.530003676,0.117029052,-0.082884473,0.444259609,0.13295057,-0.063366097,0.598464042,0.091655178,0.365373645,0.13295057,0.86704943,0.634626355,0.882970948,1281,1482,1281,1482,9665,10946,3707,9665,2225,0.600215808,0.121150246,-0.121150246,0.009203474,4.24E-05,4.23E-05,0.009203474,4.24E-05,4.23E-05,0.428147586,-0.194040465,0.441612255,-0.178934394,0.178934394,-0.170571168,-0.173836612,0.124688024,0.86704943,0.634626355,-0.178934394,0.239268409,[0.72372893],11147,-0.19359515,1.010889725,0.616941633,0.492344488,0.188562069,0.750837893,0.750837893,0.841802088,-150135602.8,-0.115568298,0.821065606,0.625659051,0.679569627,,,,,,,,
ce778982-236b-4a5b-81f1-7f51239624ea,RandomForestClassifier,BASE_LINE,FAIR_PCA,HYPERPARAMETER_ROS,0.737118679,0.849115801,0.429946086,0.849115801,0.701892886,0.472539683,3506,0.262881321,-0.0574182,0.79649669,0.527460317,0.226985868,1.474659299,0.150884199,0.128198604,1.978670785,0.06333054,-0.041064534,0.491667635,0.298107114,-0.127799652,0.633016176,0.079890391,0.150884199,0.298107114,0.701892886,0.849115801,0.93666946,529,3323,529,3323,7824,8353,6300,7824,2977,0.472539683,0.127999128,-0.127999128,0.013906137,9.67E-05,9.70E-05,0.013906137,9.67E-05,9.70E-05,0.399725884,-0.410856423,0.548703532,-0.128198604,0.128198604,-0.134025201,-0.228661203,0.089514529,0.701892886,0.849115801,-0.128198604,0.239268409,[0.72372893],11147,-0.19359515,1.010889725,0.607179278,0.47484502,0.262881321,0.775504344,0.775504344,0.874768223,-169514063.4,-0.000398952,0.871801396,0.708050898,0.755342931,,,,,,,,
ce778982-236b-4a5b-81f1-7f51239624ea,GradientBoostingClassifier,BASE_LINE,FAIR_PCA,HYPERPARAMETER_ROS,0.772265065,0.800627496,0.37159626,0.800627496,0.763344398,0.515518825,3506,0.227734935,-0.055332279,0.775348178,0.484481175,0.238614223,1.549195518,0.199372504,0.136080301,1.763389873,0.07591225,-0.05191575,0.465897053,0.236655602,-0.100432364,0.636187788,0.081980108,0.199372504,0.236655602,0.763344398,0.800627496,0.92408775,699,2638,699,2638,8509,9208,5445,8509,2807,0.515518825,0.118256333,-0.118256333,0.006848667,2.35E-05,2.35E-05,0.006848667,2.35E-05,2.35E-05,0.404920013,-0.366603043,0.524920748,-0.136080301,0.136080301,-0.145264987,-0.210018601,0.09613455,0.763344398,0.800627496,-0.136080301,0.239268409,[0.72372893],11147,-0.19359515,1.010889725,0.627192492,0.497921432,0.227734935,0.781985947,0.781985947,0.874460737,-205014648.4,-0.035647937,0.863919699,0.703376558,0.749823391,,,,,,,,
ce778982-236b-4a5b-81f1-7f51239624ea,XGBClassifier,BASE_LINE,FAIR_PCA,RUS,0.763324916,0.816600114,0.388179895,0.816600114,0.746568583,0.503340366,3506,0.236675084,-0.047361363,0.81248059,0.496659634,0.246148148,1.554827871,0.183399886,0.139755531,1.864208523,0.071723369,-0.046419761,0.488994995,0.253431417,-0.099062874,0.661084894,0.081250319,0.183399886,0.253431417,0.746568583,0.816600114,0.928276631,643,2825,643,2825,8322,8965,5688,8322,2863,0.503340366,0.119409202,-0.119409202,0.006440567,2.07E-05,2.08E-05,0.006440567,2.07E-05,2.08E-05,0.403113679,-0.401336555,0.543487499,-0.139755531,0.139755531,-0.146283954,-0.209266156,0.093812398,0.746568583,0.816600114,-0.139755531,0.239268409,[0.72372893],11147,-0.19359515,1.010889725,0.622797477,0.493024525,0.236675084,0.781584349,0.781584349,0.874912713,-224844430.4,-0.040692657,0.860244469,0.706651857,0.751369702,,,,,,,,
ce778982-236b-4a5b-81f1-7f51239624ea,GradientBoostingClassifier,BASE_LINE,FAIR_PCA,RUS,0.758479492,0.82173417,0.395482154,0.82173417,0.738584372,0.497152718,3506,0.241520508,-0.056490411,0.783126717,0.502847282,0.235105339,1.518454838,0.17826583,0.148008351,1.953045077,0.070557688,-0.044587259,0.500041128,0.261415628,-0.114835439,0.625291297,0.081206188,0.17826583,0.261415628,0.738584372,0.82173417,0.929442312,625,2914,625,2914,8233,8858,5795,8233,2881,0.497152718,0.131421895,-0.131421895,0.011888187,7.07E-05,7.09E-05,0.011888187,7.07E-05,7.09E-05,0.403004189,-0.369348985,0.52637487,-0.148008351,0.148008351,-0.139846299,-0.222704997,0.093290013,0.738584372,0.82173417,-0.148008351,0.239268409,[0.72372893],11147,-0.19359515,1.010889725,0.619503279,0.488906029,0.241520508,0.780159271,0.780159271,0.882689281,-186638190.5,-0.033172911,0.851991649,0.706430454,0.749090707,,,,,,,,
ce778982-236b-4a5b-81f1-7f51239624ea,AdaBoostClassifier,BASE_LINE,FAIR_PCA,RUS,0.750494779,0.828579578,0.406742647,0.828579578,0.725935229,0.487416107,3506,0.249505221,-0.049530234,0.813884077,0.512583893,0.240922503,1.523476234,0.171420422,0.138704224,1.925319621,0.069136087,-0.044210477,0.49506457,0.274064771,-0.109309374,0.65511798,0.081239265,0.171420422,0.274064771,0.725935229,0.828579578,0.930863913,601,3055,601,3055,8092,8693,5960,8092,2905,0.487416107,0.124006799,-0.124006799,0.008971716,4.02E-05,4.03E-05,0.008971716,4.02E-05,4.03E-05,0.403086255,-0.412622554,0.549665498,-0.138704224,0.138704224,-0.14256649,-0.215777573,0.092724392,0.725935229,0.828579578,-0.138704224,0.239268409,[0.72372893],11147,-0.19359515,1.010889725,0.613775618,0.481604054,0.249505221,0.777257404,0.777257404,0.873642606,-147159719.7,-0.02939485,0.861295776,0.705182668,0.750528012,,,,,,,,
ce778982-236b-4a5b-81f1-7f51239624ea,RandomForestClassifier,BASE_LINE,FAIR_PCA,RUS,0.745785846,0.756702795,0.377055893,0.756702795,0.742352202,0.480180995,3506,0.254214154,-0.05967821,0.782386873,0.519819005,0.239962652,1.51503006,0.243297205,0.101495164,1.446036612,0.093448729,-0.074930125,0.393888661,0.257647798,-0.094335891,0.679844024,0.09085276,0.243297205,0.257647798,0.742352202,0.756702795,0.906551271,853,2872,853,2872,8275,9128,5525,8275,2653,0.480180995,0.097915528,-0.097915528,0.002476906,3.07E-06,3.07E-06,0.002476906,3.07E-06,3.07E-06,0.426269305,-0.45523731,0.573591459,-0.101495164,0.101495164,-0.157446388,-0.187626765,0.109724252,0.742352202,0.756702795,-0.101495164,0.239268409,[0.72372893],11147,-0.19359515,1.010889725,0.587531835,0.439318416,0.254214154,0.749527499,0.749527499,0.822917879,-503001793,-0.007159273,0.898504836,0.661472293,0.725247607,,,,,,,,
ce778982-236b-4a5b-81f1-7f51239624ea,BaggingClassifier,BASE_LINE,FAIR_PCA,RUS,0.752610387,0.727895037,0.356445779,0.727895037,0.76038396,0.48860808,3506,0.247389613,-0.051243577,0.806324742,0.51139192,0.262571483,1.580496648,0.272104963,0.132671933,1.527482235,0.10116649,-0.075125011,0.426428103,0.23961604,-0.078210387,0.710651467,0.093607016,0.272104963,0.23961604,0.76038396,0.727895037,0.89883351,954,2671,954,2671,8476,9430,5223,8476,2552,0.48860808,0.10544116,-0.10544116,0.007094569,2.52E-05,2.51E-05,0.007094569,2.52E-05,2.51E-05,0.432682369,-0.45726799,0.574748332,-0.132671933,0.132671933,-0.168848247,-0.17680965,0.115388485,0.76038396,0.727895037,-0.132671933,0.239268409,[0.72372893],11147,-0.19359515,1.010889725,0.584717608,0.434947802,0.247389613,0.744139498,0.744139498,0.82260243,-1131382189,-0.054461545,0.867328067,0.648497554,0.708045142,,,,,,,,
ce778982-236b-4a5b-81f1-7f51239624ea,BernoulliNB,BASE_LINE,FAIR_PCA,RUS,0.754589504,0.691386195,0.336995837,0.691386195,0.774468467,0.490886999,3506,0.245410496,-0.079179791,0.708876719,0.509113001,0.226121517,1.492425352,0.308613805,0.072051128,1.242242271,0.111374164,-0.097104801,0.351018081,0.225531533,-0.090029363,0.654861966,0.097866709,0.308613805,0.225531533,0.774468467,0.691386195,0.888625836,1082,2514,1082,2514,8633,9715,4938,8633,2424,0.490886999,0.081040246,-0.081040246,0.008620561,3.72E-05,3.71E-05,0.008620561,3.72E-05,3.71E-05,0.442417696,-0.432873688,0.560882373,-0.072051128,0.090029363,-0.161613159,-0.173554296,0.123428372,0.774468467,0.691386195,-0.072051128,0.239268409,[0.72372893],11147,-0.19359515,1.010889725,0.574135481,0.420473333,0.245410496,0.732927331,0.732927331,0.792323942,-192812150.8,0.017978235,0.927948872,0.627329193,0.703273722,,,,,,,,
ce778982-236b-4a5b-81f1-7f51239624ea,BaggingClassifier,BASE_LINE,FAIR_PCA,HYPERPARAMETER_RUS,0.762710708,0.783799201,0.373097659,0.783799201,0.756077868,0.502652277,3506,0.237289292,-0.054101432,0.788206054,0.497347723,0.242924535,1.546548256,0.216200799,0.118337173,1.598147962,0.082516874,-0.061195949,0.429916915,0.243922132,-0.093574887,0.666556399,0.085323722,0.216200799,0.243922132,0.756077868,0.783799201,0.917483126,758,2719,758,2719,8428,9186,5467,8428,2748,0.502652277,0.10595603,-0.10595603,0.001534552,1.18E-06,1.18E-06,0.001534552,1.18E-06,1.18E-06,0.413094957,-0.414925503,0.550919403,-0.118337173,0.118337173,-0.152060242,-0.197279962,0.101276373,0.756077868,0.783799201,-0.118337173,0.239268409,[0.72372893],11147,-0.19359515,1.010889725,0.612504179,0.476257778,0.237289292,0.769938535,0.769938535,0.851518165,-159676327.7,-0.024762286,0.881662827,0.687644667,0.742078436,,,,,,,,
ce778982-236b-4a5b-81f1-7f51239624ea,RandomForestClassifier,BASE_LINE,FAIR_PCA,HYPERPARAMETER_RUS,0.737118679,0.838562464,0.424895926,0.838562464,0.705212165,0.472213299,3506,0.262881321,-0.052826885,0.811741378,0.527786701,0.231552538,1.486210102,0.161437536,0.111355354,1.772446274,0.067165065,-0.047848433,0.451367845,0.294787835,-0.115940504,0.659270727,0.081248381,0.161437536,0.294787835,0.705212165,0.838562464,0.932834935,566,3286,566,3286,7861,8427,6226,7861,2940,0.472213299,0.113647929,-0.113647929,0.008622199,3.72E-05,3.72E-05,0.008622199,3.72E-05,3.72E-05,0.40310887,-0.443685408,0.567019801,-0.111355354,0.115940504,-0.139700486,-0.215244881,0.091937179,0.705212165,0.838562464,-0.111355354,0.239268409,[0.72372893],11147,-0.19359515,1.010889725,0.604192355,0.469313279,0.262881321,0.771887315,0.771887315,0.859610709,-169189667.7,0.00458515,0.888644646,0.702341137,0.75511054,,,,,,,,
ce778982-236b-4a5b-81f1-7f51239624ea,GradientBoostingClassifier,BASE_LINE,FAIR_PCA,HYPERPARAMETER_RUS,0.764348598,0.818596691,0.388111649,0.818596691,0.747286265,0.50465975,3506,0.235651402,-0.050412004,0.800402087,0.49534025,0.241563973,1.544340378,0.181403309,0.137767109,1.860899106,0.070934642,-0.04631439,0.485753939,0.252713735,-0.102773778,0.649274775,0.080879866,0.181403309,0.252713735,0.747286265,0.818596691,0.929065358,636,2817,636,2817,8330,8966,5687,8330,2870,0.50465975,0.120270443,-0.120270443,0.007782592,3.03E-05,3.03E-05,0.007782592,3.03E-05,3.03E-05,0.40219365,-0.390082213,0.537403073,-0.137767109,0.137767109,-0.143939181,-0.212530408,0.093226812,0.747286265,0.818596691,-0.137767109,0.239268409,[0.72372893],11147,-0.19359515,1.010889725,0.624388121,0.49541664,0.235651402,0.782941478,0.782941478,0.877106197,-207630597.3,-0.034993331,0.862232891,0.708423326,0.753210523,,,,,,,,
ce778982-236b-4a5b-81f1-7f51239624ea,NEURONAL_NETWORK,IN_PROCESSING,FairODTrainer,FairODTrainer,0.239268409,1,1,1,0,0.239268409,3506,0.760731591,0.19359515,1.278246587,0.760731591,0.19359515,1.278246587,0,0,,0,0,,1,0,1,0.029356245,0,1,0,1,0,0,11147,0,11147,0,0,14653,0,3506,0.239268409,0,0,0.051917665,0.001347722,0.001332346,0.051917665,0.001347722,0.001332346,0.242306604,-0.327858607,1,0,0,-0.096797575,0,0.03322499,0,1,0,0.239268409,[0.7590391],11147,-0.19359515,1.010889725,0.386144611,0,0.760731591,0.5,0.5,0.5,-659802587.1,0,1,0.5571491,0.653637013,,,,,,,,
ce778982-236b-4a5b-81f1-7f51239624ea,NEURONAL_NETWORK,IN_PROCESSING,FairODTrainer,BAL_GAN_FAIR,0.239268409,1,1,1,0,0.239268409,3506,0.760731591,0.19359515,1.278246587,0.760731591,0.19359515,1.278246587,0,0,,0,0,,1,0,1,0.029356245,0,1,0,1,0,0,11147,0,11147,0,0,14653,0,3506,0.239268409,0,0,0.051917665,0.001347722,0.001332346,0.051917665,0.001347722,0.001332346,0.242306604,-0.327858607,1,0,0,-0.096797575,0,0.03322499,0,1,0,0.239268409,[0.7590391],11147,-0.19359515,1.010889725,0.386144611,0,0.760731591,0.5,0.5,0.5,-1153376274,0,1,0.5571491,0.653637013,5037.380497,685,1,2746019.571,19.60766745,11444689.36,988.6939979,
ce778982-236b-4a5b-81f1-7f51239624ea,NEURONAL_NETWORK,IN_PROCESSING,FairODTrainer,DEMV,0.239268409,1,1,1,0,0.239268409,3506,0.760731591,0.19359515,1.278246587,0.760731591,0.19359515,1.278246587,0,0,,0,0,,1,0,1,0.029356245,0,1,0,1,0,0,11147,0,11147,0,0,14653,0,3506,0.239268409,0,0,0.051917665,0.001347722,0.001332346,0.051917665,0.001347722,0.001332346,0.242306604,-0.327858607,1,0,0,-0.096797575,0,0.03322499,0,1,0,0.239268409,[0.7590391],11147,-0.19359515,1.010889725,0.386144611,0,0.760731591,0.5,0.5,0.5,-839462870.2,0,1,0.5571491,0.653637013,2760.601566,793,1,2999143.374,19.60766745,12499371.87,1079.806848,
ce778982-236b-4a5b-81f1-7f51239624ea,BaggingClassifier_FAIR_SMOTE_HYPERPARAMETER,POSTPROCESSING,ThresholdOptimizer,FAIR_SMOTE_HYPERPARAMETER,0.809868286,0.611237878,0.243363134,0.611237878,0.872342334,0.600953449,3506,0.190131714,0.070437609,1.423060183,0.399046551,0.536583333,3.57851865,0.388762122,0.018523851,1.048003191,0.122936773,-0.093342667,0.392496853,0.127657666,0.145534867,3.062454372,0.094283761,0.388762122,0.127657666,0.872342334,0.611237878,0.877063227,1363,1423,1363,1423,9724,11087,3566,9724,2143,0.600953449,0.082029359,0.063505508,0.101459248,0.005146989,0.005038024,0.101459248,0.005146989,0.005038024,0.434243619,-0.92105706,1.093908467,-0.018523851,0.145534867,-0.314963,0.022155685,0.12999213,0.872342334,0.611237878,-0.018523851,0.239268409,[0.7590391],11147,-0.19359515,1.010889725,0.606052036,0.480790397,0.190131714,0.741790106,0.741790106,0.694682349,,,,,,,,,,,,,
ce778982-236b-4a5b-81f1-7f51239624ea,BaggingClassifier_FAIR_SMOTE_HYPERPARAMETER,POSTPROCESSING,FairnessAwareMetaEstimator,FAIR_SMOTE_HYPERPARAMETER,0.865488296,0.600684541,0.182692964,0.600684541,0.948775455,0.786701532,3506,0.134511704,-0.099599093,0.406913293,0.213298468,-0.036798073,0.831030723,0.399315459,0.130055457,1.343031402,0.116900468,-0.091729558,0.396774013,0.051224545,-0.06209123,0.178503923,0.073766046,0.399315459,0.051224545,0.948775455,0.600684541,0.883099532,1400,571,1400,571,10576,11976,2677,10576,2106,0.786701532,0.096073344,-0.096073344,0.009219666,4.25E-05,4.24E-05,0.009219666,4.25E-05,4.24E-05,0.384099066,0.28045791,0.274565097,-0.130055457,0.130055457,-0.027465742,-0.175174349,0.115499737,0.948775455,0.600684541,-0.130055457,0.239268409,[0.7590391],11147,-0.19359515,1.010889725,0.681222707,0.606653847,0.134511704,0.774729998,0.774729998,0.849160899,,,,,,,,,,,,,
ce778982-236b-4a5b-81f1-7f51239624ea,BaggingClassifier_FAIR_SMOTE_HYPERPARAMETER,POSTPROCESSING,RejectOptionClassification,FAIR_SMOTE_HYPERPARAMETER,1,1,0.239268409,1,1,1,3506,0,0,,0,0,,0,0,,0,0,,0,0,,0,0,0,1,1,1,0,0,0,0,11147,11147,3506,11147,3506,1,0,0,0,0,0,0,0,0,0,0,0.363658885,0,0,0,-0.19359515,0,1,1,0,0.239268409,[0.7590391],11147,-0.19359515,1.010889725,1,1,0,1,1,1,,,,,,,,,,,,,
ce778982-236b-4a5b-81f1-7f51239624ea,BaggingClassifier_FAIR_SMOTE_HYPERPARAMETER,POSTPROCESSING,EqOddsPostprocessing,FAIR_SMOTE_HYPERPARAMETER,1,1,0.239268409,1,1,1,3506,0,0,,0,0,,0,0,,0,0,,0,0,,0,0,0,1,1,1,0,0,0,0,11147,11147,3506,11147,3506,1,0,0,0,0,0,0,0,0,0,0,0.363658885,0,0,0,-0.19359515,0,1,1,0,0.239268409,[0.7590391],11147,-0.19359515,1.010889725,1,1,0,1,1,1,,,,,,,,,,,,,
ce778982-236b-4a5b-81f1-7f51239624ea,BaggingClassifier_FAIR_SMOTE_HYPERPARAMETER,POSTPROCESSING,CalibratedEqOddsPostprocessing,FAIR_SMOTE_HYPERPARAMETER,1,1,0.239268409,1,1,1,3506,0,0,,0,0,,0,0,,0,0,,0,0,,0,0,0,1,1,1,0,0,0,0,11147,11147,3506,11147,3506,1,0,0,0,0,0,0,0,0,0,0,0.363658885,0,0,0,-0.19359515,0,1,1,0,0.239268409,[0.7590391],11147,-0.19359515,1.010889725,1,1,0,1,1,1,,,,,,,,,,,,,
ce778982-236b-4a5b-81f1-7f51239624ea,BaggingClassifier_NONE_BASE_LINE_VALUES,POSTPROCESSING,ThresholdOptimizer,NONE_BASE_LINE_VALUES,0.792397461,0.600399315,0.255647308,0.600399315,0.852785503,0.561932728,3506,0.207602539,0.054550422,1.288173038,0.438067272,0.477379737,2.781675769,0.399600685,-0.029118839,0.927944862,0.12844962,-0.106461545,0.348512263,0.147214497,0.132167957,2.385922198,0.100352875,0.399600685,0.147214497,0.852785503,0.600399315,0.87155038,1401,1641,1401,1641,9506,10907,3746,9506,2105,0.561932728,0.080643398,0.080643398,0.101029135,0.005103443,0.004995809,0.101029135,0.005103443,0.004995809,0.448001952,-0.918801814,1.09638835,0.029118839,0.132167957,-0.291920641,0.023869383,0.13650401,0.852785503,0.600399315,0.029118839,0.239268409,[0.7590391],11147,-0.19359515,1.010889725,0.580529509,0.443224507,0.207602539,0.726592409,0.726592409,0.667997528,,,,,,,,,,,,,
ce778982-236b-4a5b-81f1-7f51239624ea,BaggingClassifier_NONE_BASE_LINE_VALUES,POSTPROCESSING,FairnessAwareMetaEstimator,NONE_BASE_LINE_VALUES,0.846857299,0.577581289,0.190268204,0.577581289,0.93155109,0.726327116,3506,0.153142701,-0.115089763,0.399831853,0.273672884,0.001453094,1.005313358,0.422418711,0.09835738,1.241570944,0.124820902,-0.104283868,0.36711971,0.06844891,-0.07425403,0.239036613,0.083337892,0.422418711,0.06844891,0.93155109,0.577581289,0.875179098,1481,763,1481,763,10384,11865,2788,10384,2025,0.726327116,0.086305705,-0.086305705,0.010324438,5.33E-05,5.32E-05,0.010324438,5.33E-05,5.32E-05,0.408259457,0.17901952,0.303932832,-0.09835738,0.09835738,-0.052868481,-0.172801391,0.126146893,0.93155109,0.577581289,-0.09835738,0.239268409,[0.7590391],11147,-0.19359515,1.010889725,0.643469971,0.553395239,0.153142701,0.75456619,0.75456619,0.819689556,,,,,,,,,,,,,
ce778982-236b-4a5b-81f1-7f51239624ea,BaggingClassifier_NONE_BASE_LINE_VALUES,POSTPROCESSING,RejectOptionClassification,NONE_BASE_LINE_VALUES,1,1,0.239268409,1,1,1,3506,0,0,,0,0,,0,0,,0,0,,0,0,,0,0,0,1,1,1,0,0,0,0,11147,11147,3506,11147,3506,1,0,0,0,0,0,0,0,0,0,0,0.363658885,0,0,0,-0.19359515,0,1,1,0,0.239268409,[0.7590391],11147,-0.19359515,1.010889725,1,1,0,1,1,1,,,,,,,,,,,,,
ce778982-236b-4a5b-81f1-7f51239624ea,BaggingClassifier_NONE_BASE_LINE_VALUES,POSTPROCESSING,EqOddsPostprocessing,NONE_BASE_LINE_VALUES,1,1,0.239268409,1,1,1,3506,0,0,,0,0,,0,0,,0,0,,0,0,,0,0,0,1,1,1,0,0,0,0,11147,11147,3506,11147,3506,1,0,0,0,0,0,0,0,0,0,0,0.363658885,0,0,0,-0.19359515,0,1,1,0,0.239268409,[0.7590391],11147,-0.19359515,1.010889725,1,1,0,1,1,1,,,,,,,,,,,,,
ce778982-236b-4a5b-81f1-7f51239624ea,BaggingClassifier_NONE_BASE_LINE_VALUES,POSTPROCESSING,CalibratedEqOddsPostprocessing,NONE_BASE_LINE_VALUES,1,1,0.239268409,1,1,1,3506,0,0,,0,0,,0,0,,0,0,,0,0,,0,0,0,1,1,1,0,0,0,0,11147,11147,3506,11147,3506,1,0,0,0,0,0,0,0,0,0,0,0.363658885,0,0,0,-0.19359515,0,1,1,0,0.239268409,[0.7590391],11147,-0.19359515,1.010889725,1,1,0,1,1,1,,,,,,,,,,,,,
ce778982-236b-4a5b-81f1-7f51239624ea,GradientBoostingClassifier_FAIR_SMOTE_HYPERPARAMETER,POSTPROCESSING,ThresholdOptimizer,FAIR_SMOTE_HYPERPARAMETER,0.821470006,0.671420422,0.260560977,0.671420422,0.868664215,0.616553169,3506,0.178529994,0.070145496,1.452575578,0.383446831,0.506592876,3.36131661,0.328579578,0.022308307,1.068615998,0.106322104,-0.082051316,0.387299055,0.131335785,0.129322234,2.604448376,0.085364356,0.328579578,0.131335785,0.868664215,0.671420422,0.893677896,1152,1464,1152,1464,9683,10835,3818,9683,2354,0.616553169,0.075815271,0.053506963,0.08834986,0.003902849,0.003829909,0.08834986,0.003902849,0.003829909,0.41319331,-1.001362764,0.990423586,-0.022308307,0.129322234,-0.294322096,-0.002503284,0.114549725,0.868664215,0.671420422,-0.022308307,0.239268409,[0.7590391],11147,-0.19359515,1.010889725,0.642818132,0.524945673,0.178529994,0.770042318,0.770042318,0.728839692,,,,,,,,,,,,,
ce778982-236b-4a5b-81f1-7f51239624ea,GradientBoostingClassifier_FAIR_SMOTE_HYPERPARAMETER,POSTPROCESSING,FairnessAwareMetaEstimator,FAIR_SMOTE_HYPERPARAMETER,0.875725107,0.659155733,0.200436771,0.659155733,0.943841392,0.786857337,3506,0.124274893,-0.09123237,0.410982522,0.213142663,-0.009850465,0.954067246,0.340844267,0.10352827,1.318763758,0.101997269,-0.082316604,0.384764672,0.056158608,-0.062308226,0.226967179,0.066443531,0.340844267,0.056158608,0.943841392,0.659155733,0.898002731,1195,626,1195,626,10521,11716,2937,10521,2311,0.786857337,0.082918248,-0.082918248,0.005704297,1.63E-05,1.62E-05,0.005704297,1.63E-05,1.62E-05,0.364536776,0.178568788,0.304087603,-0.10352827,0.10352827,-0.03623307,-0.181983665,0.101223149,0.943841392,0.659155733,-0.10352827,0.239268409,[0.7590391],11147,-0.19359515,1.010889725,0.717367686,0.642626371,0.124274893,0.801498563,0.801498563,0.867957419,,,,,,,,,,,,,
ce778982-236b-4a5b-81f1-7f51239624ea,GradientBoostingClassifier_FAIR_SMOTE_HYPERPARAMETER,POSTPROCESSING,RejectOptionClassification,FAIR_SMOTE_HYPERPARAMETER,1,1,0.239268409,1,1,1,3506,0,0,,0,0,,0,0,,0,0,,0,0,,0,0,0,1,1,1,0,0,0,0,11147,11147,3506,11147,3506,1,0,0,0,0,0,0,0,0,0,0,0.363658885,0,0,0,-0.19359515,0,1,1,0,0.239268409,[0.7590391],11147,-0.19359515,1.010889725,1,1,0,1,1,1,,,,,,,,,,,,,
ce778982-236b-4a5b-81f1-7f51239624ea,GradientBoostingClassifier_FAIR_SMOTE_HYPERPARAMETER,POSTPROCESSING,EqOddsPostprocessing,FAIR_SMOTE_HYPERPARAMETER,1,1,0.239268409,1,1,1,3506,0,0,,0,0,,0,0,,0,0,,0,0,,0,0,0,1,1,1,0,0,0,0,11147,11147,3506,11147,3506,1,0,0,0,0,0,0,0,0,0,0,0.363658885,0,0,0,-0.19359515,0,1,1,0,0.239268409,[0.7590391],11147,-0.19359515,1.010889725,1,1,0,1,1,1,,,,,,,,,,,,,
ce778982-236b-4a5b-81f1-7f51239624ea,GradientBoostingClassifier_FAIR_SMOTE_HYPERPARAMETER,POSTPROCESSING,CalibratedEqOddsPostprocessing,FAIR_SMOTE_HYPERPARAMETER,1,1,0.239268409,1,1,1,3506,0,0,,0,0,,0,0,,0,0,,0,0,,0,0,0,1,1,1,0,0,0,0,11147,11147,3506,11147,3506,1,0,0,0,0,0,0,0,0,0,0,0.363658885,0,0,0,-0.19359515,0,1,1,0,0.239268409,[0.7590391],11147,-0.19359515,1.010889725,1,1,0,1,1,1,,,,,,,,,,,,,
ce778982-236b-4a5b-81f1-7f51239624ea,GradientBoostingClassifier_NONE_BASE_LINE_VALUES,POSTPROCESSING,ThresholdOptimizer,NONE_BASE_LINE_VALUES,0.82051457,0.623787792,0.238722446,0.623787792,0.882389881,0.625214408,3506,0.17948543,0.046669224,1.284872456,0.374785592,0.505415062,3.400975775,0.376212208,0.035554524,1.095913024,0.11824294,-0.090415747,0.392699328,0.117610119,0.112773474,2.537077484,0.089840638,0.376212208,0.117610119,0.882389881,0.623787792,0.88175706,1319,1311,1319,1311,9836,11155,3498,9836,2187,0.625214408,0.074163999,0.038609475,0.08614163,0.00371019,0.003642428,0.08614163,0.00371019,0.003642428,0.423888283,-0.963456705,0.953552995,-0.035554524,0.112773474,-0.297915405,-0.011263494,0.124645253,0.882389881,0.623787792,-0.035554524,0.239268409,[0.7590391],11147,-0.19359515,1.010889725,0.624500286,0.506574415,0.17948543,0.753088837,0.753088837,0.724012472,,,,,,,,,,,,,
ce778982-236b-4a5b-81f1-7f51239624ea,GradientBoostingClassifier_NONE_BASE_LINE_VALUES,POSTPROCESSING,FairnessAwareMetaEstimator,NONE_BASE_LINE_VALUES,0.86944653,0.612093554,0.184194363,0.612093554,0.95039024,0.7951093,3506,0.13055347,-0.097314872,0.403739713,0.2048907,-0.045825575,0.782259641,0.387906446,0.128328931,1.34872504,0.11376945,-0.089160937,0.397550185,0.04960976,-0.061315507,0.167632773,0.071409146,0.387906446,0.04960976,0.95039024,0.612093554,0.88623055,1360,553,1360,553,10594,11954,2699,10594,2146,0.7951093,0.094822219,-0.094822219,0.008381759,3.51E-05,3.51E-05,0.008381759,3.51E-05,3.51E-05,0.377913076,0.282820264,0.273919309,-0.128328931,0.128328931,-0.021667681,-0.176821828,0.112016382,0.95039024,0.612093554,-0.128328931,0.239268409,[0.7590391],11147,-0.19359515,1.010889725,0.691700242,0.619065928,0.13055347,0.781241897,0.781241897,0.855320987,,,,,,,,,,,,,
ce778982-236b-4a5b-81f1-7f51239624ea,GradientBoostingClassifier_NONE_BASE_LINE_VALUES,POSTPROCESSING,RejectOptionClassification,NONE_BASE_LINE_VALUES,1,1,0.239268409,1,1,1,3506,0,0,,0,0,,0,0,,0,0,,0,0,,0,0,0,1,1,1,0,0,0,0,11147,11147,3506,11147,3506,1,0,0,0,0,0,0,0,0,0,0,0.363658885,0,0,0,-0.19359515,0,1,1,0,0.239268409,[0.7590391],11147,-0.19359515,1.010889725,1,1,0,1,1,1,,,,,,,,,,,,,
ce778982-236b-4a5b-81f1-7f51239624ea,GradientBoostingClassifier_NONE_BASE_LINE_VALUES,POSTPROCESSING,EqOddsPostprocessing,NONE_BASE_LINE_VALUES,1,1,0.239268409,1,1,1,3506,0,0,,0,0,,0,0,,0,0,,0,0,,0,0,0,1,1,1,0,0,0,0,11147,11147,3506,11147,3506,1,0,0,0,0,0,0,0,0,0,0,0.363658885,0,0,0,-0.19359515,0,1,1,0,0.239268409,[0.7590391],11147,-0.19359515,1.010889725,1,1,0,1,1,1,,,,,,,,,,,,,
ce778982-236b-4a5b-81f1-7f51239624ea,GradientBoostingClassifier_NONE_BASE_LINE_VALUES,POSTPROCESSING,CalibratedEqOddsPostprocessing,NONE_BASE_LINE_VALUES,1,1,0.239268409,1,1,1,3506,0,0,,0,0,,0,0,,0,0,,0,0,,0,0,0,1,1,1,0,0,0,0,11147,11147,3506,11147,3506,1,0,0,0,0,0,0,0,0,0,0,0.363658885,0,0,0,-0.19359515,0,1,1,0,0.239268409,[0.7590391],11147,-0.19359515,1.010889725,1,1,0,1,1,1,,,,,,,,,,,,,
ce778982-236b-4a5b-81f1-7f51239624ea,RandomForestClassifier_FAIR_SMOTE_HYPERPARAMETER,POSTPROCESSING,ThresholdOptimizer,FAIR_SMOTE_HYPERPARAMETER,0.815191428,0.561893896,0.21442708,0.561893896,0.894859603,0.626989179,3506,0.184808572,0.027638566,1.157454113,0.373010821,0.516077922,3.57546285,0.438106104,0.016689339,1.038320793,0.133437581,-0.105106076,0.377103911,0.105140397,0.110338854,2.783855368,0.096847624,0.438106104,0.105140397,0.894859603,0.561893896,0.866562419,1536,1172,1536,1172,9975,11511,3142,9975,1970,0.626989179,0.063514097,0.046824757,0.093247017,0.004347503,0.004262186,0.093247017,0.004347503,0.004262186,0.440108222,-1.006257047,0.99524279,-0.016689339,0.110338854,-0.310591999,-0.001021706,0.138860519,0.894859603,0.561893896,-0.016689339,0.239268409,[0.7590391],11147,-0.19359515,1.010889725,0.592659446,0.474796187,0.184808572,0.72837675,0.72837675,0.694270685,,,,,,,,,,,,,
ce778982-236b-4a5b-81f1-7f51239624ea,RandomForestClassifier_FAIR_SMOTE_HYPERPARAMETER,POSTPROCESSING,FairnessAwareMetaEstimator,FAIR_SMOTE_HYPERPARAMETER,0.86036989,0.549058756,0.163106531,0.549058756,0.95828474,0.805439331,3506,0.13963011,-0.106384199,0.393229901,0.194560669,-0.056003979,0.721833665,0.450941244,0.112464998,1.259440283,0.128924407,-0.103998299,0.381598902,0.04171526,-0.052840251,0.153806482,0.078402522,0.450941244,0.04171526,0.95828474,0.549058756,0.871075593,1581,465,1581,465,10682,12263,2390,10682,1925,0.805439331,0.082652624,-0.082652624,0.018693381,0.000174721,0.000173978,0.018693381,0.000174721,0.000173978,0.395986165,0.288330514,0.272365532,-0.112464998,0.112464998,-0.02399716,-0.157021366,0.126838042,0.95828474,0.549058756,-0.112464998,0.239268409,[0.7590391],11147,-0.19359515,1.010889725,0.652985075,0.585854459,0.13963011,0.753671748,0.753671748,0.815964696,,,,,,,,,,,,,
