id,algorithm,stage,intervention,process,accuracy,recall,selection_rate,sensitivity,specificity,precision,num_positives,error_rate,error_rate_difference,error_rate_ratio,false_discovery_rate,false_discovery_rate_difference,false_discovery_rate_ratio,false_negative_rate,false_negative_rate_difference,false_negative_rate_ratio,false_omission_rate,false_omission_rate_difference,false_omission_rate_ratio,false_positive_rate,false_positive_rate_difference,false_positive_rate_ratio,generalized_entropy_index,generalized_false_negative_rate,generalized_false_positive_rate,generalized_true_negative_rate,generalized_true_positive_rate,negative_predictive_value,num_false_negatives,num_false_positives,num_generalized_false_negatives,num_generalized_false_positives,num_generalized_true_negatives,num_pred_negatives,num_pred_positives,num_true_negatives,num_true_positives,positive_predictive_value,average_abs_odds_difference,average_odds_difference,between_all_groups_coefficient_of_variation,between_all_groups_generalized_entropy_index,between_all_groups_theil_index,between_group_coefficient_of_variation,between_group_generalized_entropy_index,between_group_theil_index,coefficient_of_variation,differential_fairness_bias_amplification,disparate_impact,equal_opportunity_difference,equalized_odds_difference,average_predictive_value_difference,statistical_parity_difference,theil_index,true_negative_rate,true_positive_rate,true_positive_rate_difference,base_rate,consistency,num_negatives,mean_difference,smoothed_empirical_differential_fairness,f1_score,matthews_corrcoef,zero_one_loss,roc_auc_score,balanced_accuracy,fair_utility,log_likelihood,disparate_mistreatment,h_mean_fairness,h_mean_performance,h_mean_mixed,Total_real_time,Total_CPU_usage (%),Total_GPU_usage (%),Total_CPU_time (s),Total_GPU_time (s),Energy_consumption (Ws),CO2_emissions (gCO2e),equal_opportunity_difference_abs
658b7311-8759-4009-be67-490e6db4d241,XGBClassifier,BASE_LINE,NONE,BASE_LINE_VALUES,0.8754521258445369,0.6645750142612664,0.20330307786801338,0.6645750142612664,0.9417780568762896,0.7821416582745888,3506.0,0.12454787415546309,-0.04954883054783765,0.6239093613447767,0.21785834172541121,0.003301116554128597,1.0151717983043285,0.3354249857387336,0.051338537426368513,1.1551823972206139,0.10073667980126777,-0.04399132773430542,0.5919970986460348,0.058221943123710415,-0.033348919975580926,0.47607387001326396,0.06631122069614401,0.3354249857387336,0.058221943123710415,0.9417780568762896,0.6645750142612664,0.8992633201987322,1176.0,649.0,1176.0,649.0,10498.0,11674.0,2979.0,10498.0,2330.0,0.7821416582745888,0.04234372870097472,-0.04234372870097472,0.0023242802583458284,2.7011393596680756e-06,2.6969387238902748e-06,0.0023242802583458284,2.7011393596680756e-06,2.6969387238902748e-06,0.3641736418142972,0.07520559463443588,0.5365424617655712,-0.051338537426368513,0.051338537426368513,-0.023646222144216994,-0.1010251580469491,0.10031944460323718,0.9417780568762896,0.6645750142612664,-0.051338537426368513,0.23926840919948134,[0.7590664],11147.0,-0.10738356521753481,0.5459708445166045,0.7185813415574402,0.6427845684097576,0.12454787415546309,0.8031765355687781,0.803176535568778,0.8371860248898912,-274797244.9766623,-0.017989617450787587,0.9486614625736315,0.6905238201081723,0.7594035523858934,16.078527212142944,11.5,0.0,187.8460215330124,0.0,782.6917563875517,0.06761587117681349,0.051338537426368513
658b7311-8759-4009-be67-490e6db4d241,GradientBoostingClassifier,BASE_LINE,NONE,BASE_LINE_VALUES,0.8694465297208762,0.612093553907587,0.18419436292909303,0.612093553907587,0.95039023952633,0.7951092997406447,3506.0,0.13055347027912378,-0.04613387481568498,0.6638856031462252,0.20489070025935532,0.042372705050189835,1.2105820926385442,0.387906446092413,0.05316036907555516,1.1387472592716044,0.11376944955663376,-0.049287147780601046,0.5946202620400115,0.04960976047367004,-0.021745491386608945,0.590869101572914,0.07140914642900599,0.387906446092413,0.04960976047367004,0.95039023952633,0.612093553907587,0.8862305504433662,1360.0,553.0,1360.0,553.0,10594.0,11954.0,2699.0,10594.0,2146.0,0.7951092997406447,0.037452930231082024,-0.037452930231082024,0.007634840528623222,2.914539494875386e-05,2.899749141832211e-05,0.007634840528623222,2.914539494875386e-05,2.899749141832211e-05,0.37791307579655403,0.03511880601164741,0.5584269009915234,-0.0531603690755551,0.0531603690755551,-0.045829926415395454,-0.08691134534141608,0.11201638205246664,0.95039023952633,0.612093553907587,-0.0531603690755551,0.23926840919948134,[0.7590664],11147.0,-0.10738356521753481,0.5459708445166045,0.6917002417405318,0.6190659282735557,0.13055347027912378,0.7812418967169585,0.7812418967169585,0.8105016949682969,-196713124.3666083,-0.03141487768894621,0.9468396309244448,0.649466596050541,0.7254094886364567,19.528310537338257,21.6,0.0,385.71910762786865,0.0,1607.1629484494526,0.1388410213799388,0.0531603690755551
658b7311-8759-4009-be67-490e6db4d241,AdaBoostClassifier,BASE_LINE,NONE,BASE_LINE_VALUES,0.8640551422916809,0.6118083285795779,0.1894492595372961,0.6118083285795779,0.9433928411231721,0.7726945244956772,3506.0,0.1359448577083191,-0.04914445898445208,0.656537274374287,0.22730547550432276,0.017323117949586242,1.0766780645463487,0.38819167142042216,0.08432905512188116,1.2215459620979792,0.11459122674075944,-0.045305554839663184,0.6282334306572495,0.056607158876827844,-0.03207819535022123,0.4811893951329905,0.07391252642656375,0.38819167142042216,0.056607158876827844,0.9433928411231721,0.6118083285795779,0.8854087732592405,1361.0,631.0,1361.0,631.0,10516.0,11877.0,2776.0,10516.0,2145.0,0.7726945244956772,0.058203625236051194,-0.058203625236051194,0.002866640056105919,4.108812605635474e-06,4.100937167983193e-06,0.002866640056105919,4.108812605635474e-06,4.100937167983193e-06,0.38448023727251246,0.1231091753983582,0.5113278869237987,-0.08432905512188116,0.08432905512188116,-0.031314336394624685,-0.09965415017539268,0.11393076401651174,0.9433928411231721,0.6118083285795779,-0.08432905512188116,0.23926840919948134,[0.7590664],11147.0,-0.10738356521753481,0.5459708445166045,0.6829035339063992,0.6044664760751977,0.1359448577083191,0.7776005848513751,0.777600584851375,0.8228597578753986,-145752864.919624,-0.05225085977165993,0.915670944878119,0.6454039416278019,0.7158315918854039,17.152925729751587,31.8,0.0,561.1628775119782,0.0,2338.178656299909,0.20199265614146436,0.08432905512188116
658b7311-8759-4009-be67-490e6db4d241,RandomForestClassifier,BASE_LINE,NONE,BASE_LINE_VALUES,0.8550467481061899,0.6220764403879064,0.2033713232785095,0.6220764403879064,0.9283215214856015,0.7318791946308725,3506.0,0.14495325189381014,-0.05803557029591955,0.6216358759052074,0.2681208053691275,0.0037934658565519364,1.0141646876526367,0.37792355961209356,0.06412528135625689,1.172296210512771,0.11350980896084982,-0.04874500237887795,0.5984281664292268,0.07167847851439849,-0.04218329891283171,0.46295423539625447,0.07728107164703332,0.37792355961209356,0.07167847851439849,0.9283215214856015,0.6220764403879064,0.8864901910391502,1325.0,799.0,1325.0,799.0,10348.0,11673.0,2980.0,10348.0,2181.0,0.7318791946308725,0.05315429013454433,-0.05315429013454433,0.001089704276090691,5.937277046651685e-07,5.93294147381672e-07,0.001089704276090691,5.937277046651685e-07,5.93294147381672e-07,0.39314392185822566,0.1021079198359125,0.5222745622030134,-0.06412528135625695,0.06412528135625695,-0.026269234117714944,-0.1044023094259304,0.11496377300630646,0.9283215214856015,0.6220764403879064,-0.06412528135625695,0.23926840919948134,[0.7590664],11147.0,-0.10738356521753481,0.5459708445166045,0.6725254394079556,0.5833945916425294,0.14495325189381014,0.775198980936754,0.775198980936754,0.8164041324814693,-637799550.0966563,-0.021941982443425184,0.9358747186437432,0.6463179730330418,0.7206391481271314,19.334792137145996,43.4,0.0,785.9902467250824,0.0,3274.95936135451,0.28292010038368126,0.06412528135625695
658b7311-8759-4009-be67-490e6db4d241,BaggingClassifier,BASE_LINE,NONE,BASE_LINE_VALUES,0.8491776428035215,0.5858528237307473,0.19190609431515732,0.5858528237307473,0.9319996411590562,0.7304409672830725,3506.0,0.15082235719647852,-0.0588573274212526,0.6306968093067297,0.26955903271692744,0.040344071922444213,1.1517507506478977,0.41414717626925274,0.01734232077007808,1.0420324129826037,0.12262477831264251,-0.05994236048605464,0.5462222216811201,0.06800035884094376,-0.0292342235431508,0.5982124092714532,0.0818601266249622,0.41414717626925274,0.06800035884094376,0.9319996411590562,0.5858528237307473,0.8773752216873575,1452.0,758.0,1452.0,758.0,10389.0,11841.0,2812.0,10389.0,2054.0,0.7304409672830725,0.02328827215661441,-0.02328827215661441,0.009114312984180166,4.153535058679758e-05,4.128418796141232e-05,0.009114312984180166,4.153535058679758e-05,4.128418796141232e-05,0.4046235945294397,-0.02685941694383076,0.5942459226411715,-0.017342320770078024,0.0292342235431508,-0.0501432162042494,-0.08274480306407282,0.1237990268361973,0.9319996411590562,0.5858528237307473,-0.017342320770078024,0.23926840919948134,[0.7590664],11147.0,-0.10738356521753481,0.5459708445166045,0.6502057613168725,0.5610339665815821,0.15082235719647852,0.7589262324449018,0.7589262324449018,0.7766003130928727,-1344469810.4591346,0.01189190277307272,0.9826576792299221,0.6163540885221306,0.7038063051631949,16.956896781921387,53.099999999999994,0.0,950.9774663925172,0.0,3962.406109968821,0.34230786116675094,0.017342320770078024
658b7311-8759-4009-be67-490e6db4d241,BernoulliNB,BASE_LINE,NONE,BASE_LINE_VALUES,0.8060465433699584,0.735596120935539,0.3066948747696717,0.735596120935539,0.8282048981788822,0.5738762794837561,3506.0,0.1939534566300416,-0.08239244999061635,0.5998902506078018,0.42612372051624386,-0.011025512000018944,0.9741710895516604,0.26440387906446094,0.18881199814823685,1.7628960735305974,0.09124913869475341,-0.019776409895388147,0.791396425749026,0.1717951018211178,-0.12228447039069336,0.36212483080718255,0.08311710175700358,0.26440387906446094,0.1717951018211178,0.8282048981788822,0.735596120935539,0.9087508613052466,927.0,1915.0,927.0,1915.0,9232.0,10159.0,4494.0,9232.0,2579.0,0.5738762794837561,0.15554823426946512,-0.15554823426946512,0.02803976302043793,0.0003931141551211592,0.00040078217210336896,0.02803976302043793,0.0003931141551211592,0.00040078217210336896,0.4077182894033663,0.3078568218121598,0.425297044966181,-0.1888119981482369,0.1888119981482369,-0.004375448947684629,-0.19231715782072306,0.10447985389931141,0.8282048981788822,0.735596120935539,-0.1888119981482369,0.23926840919948134,[0.7590664],11147.0,-0.10738356521753481,0.5459708445166045,0.64475,0.5216374927371681,0.1939534566300416,0.7819005095572106,0.7819005095572107,0.9035237531932299,-329970419.1625262,-0.06652752775754349,0.8111880018517631,0.6871835864641619,0.7240797112778353,15.373847007751465,63.39999999999999,0.0,1109.8105887413026,0.0,4624.210786422094,0.3994804318270198,0.1888119981482369
658b7311-8759-4009-be67-490e6db4d241,NN_CONFIG,BASE_LINE,NONE,NN,0.8388043404081076,0.396748431260696,0.11178598239268409,0.396748431260696,0.9778415717233336,0.8492063492063492,3506.0,0.16119565959189242,-0.06769672027733986,0.6041859361562071,0.15079365079365079,0.003945719432912997,1.0262233211868819,0.6032515687393041,0.033507335217023426,1.0558222411339973,0.16250480215136381,-0.0739846767260079,0.5743950381659398,0.022158428276666368,-0.01264749745831459,0.4777590872522489,0.09519662527383106,0.6032515687393041,0.022158428276666368,0.9778415717233336,0.396748431260696,0.8374951978486362,2115.0,247.0,2115.0,247.0,10900.0,13015.0,1638.0,10900.0,1391.0,0.8492063492063492,0.023077416337669035,-0.023077416337669035,0.020732908550965344,0.00021492674849134597,0.00021201212779153446,0.020732908550965344,0.00021492674849134597,0.00021201212779153446,0.43634075050086957,0.08098554001814917,0.5326431831301806,-0.03350733521702348,0.03350733521702348,-0.03896519807946045,-0.05604997915509971,0.163155018695422,0.9778415717233336,0.396748431260696,-0.03350733521702348,0.23926840919948134,[0.7590664],11147.0,-0.10738356521753481,0.5459708445166045,0.5408242612752722,0.5071799824130135,0.16119565959189242,0.6872950014920148,0.6872950014920148,0.7031559943882449,,-0.020859837758708838,0.9664926647829766,0.4577163540638368,0.5551250937535338,,,,,,,,0.03350733521702348
658b7311-8759-4009-be67-490e6db4d241,BaggingClassifier,BASE_LINE,HYPERPARAMETER,HYPERPARAMETER,0.8667167133010305,0.5904164289788933,0.17655087695352487,0.5904164289788933,0.953619808020095,0.8001546192500967,3506.0,0.1332832866989695,-0.04603043790492478,0.6711436370101096,0.19984538074990335,0.036847556821090865,1.1872360863735516,0.40958357102110665,0.0748248008556423,1.1857237669760576,0.11901210011602852,-0.04835804418553985,0.6182873199631298,0.04638019197990491,-0.022494653899789697,0.5504922693943524,0.07361982347453343,0.40958357102110665,0.04638019197990491,0.953619808020095,0.5904164289788933,0.8809878998839715,1436.0,517.0,1436.0,517.0,10630.0,12066.0,2587.0,10630.0,2070.0,0.8001546192500967,0.04865972737771597,-0.04865972737771597,0.006927029612082055,2.399186962333083e-05,2.3881308871248813e-05,0.006927029612082055,2.399186962333083e-05,2.3881308871248813e-05,0.38371818688858994,0.08623568785710156,0.530497611199424,-0.07482480085564225,0.07482480085564225,-0.04260280050331536,-0.08895953119001652,0.1169559752562226,0.953619808020095,0.5904164289788933,-0.07482480085564225,0.23926840919948134,[0.7590664],11147.0,-0.10738356521753481,0.5459708445166045,0.6794682422451994,0.608741499299752,0.1332832866989695,0.7720181184994942,0.7720181184994942,0.8095843096763369,-180325816.0236212,-0.052330146955852606,0.9251751991443578,0.6318199160625715,0.7064915488919595,,,,,,,,0.07482480085564225
658b7311-8759-4009-be67-490e6db4d241,RandomForestClassifier,BASE_LINE,HYPERPARAMETER,HYPERPARAMETER,0.8603698901248891,0.5490587564175698,0.1631065310857845,0.5490587564175698,0.958284740288867,0.805439330543933,3506.0,0.13963010987511093,-0.050708426575320154,0.655039470706513,0.19456066945606695,0.06732665481612696,1.3575903455552625,0.4509412435824301,0.022402742525102548,1.0499019917237455,0.12892440675201827,-0.06071100130382087,0.5612115558243735,0.04171525971113304,-0.01231557282681469,0.7183114568141307,0.07840252152507265,0.4509412435824301,0.04171525971113304,0.958284740288867,0.5490587564175698,0.8710755932479818,1581.0,465.0,1581.0,465.0,10682.0,12263.0,2390.0,10682.0,1925.0,0.805439330543933,0.01735915767595862,-0.01735915767595862,0.014914591208980086,0.00011122251546549303,0.0001101297753386458,0.014914591208980086,0.00011122251546549303,0.0001101297753386458,0.3959861652256873,-0.04565721716512594,0.6053594818559186,-0.022402742525102548,0.022402742525102548,-0.06401882805997387,-0.06828377537673462,0.12683804150828898,0.958284740288867,0.5490587564175698,-0.022402742525102548,0.23926840919948134,[0.7590664],11147.0,-0.10738356521753481,0.5459708445166045,0.6529850746268657,0.5858544588980087,0.13963010987511093,0.7536717483532185,0.7536717483532185,0.7667548550687974,-173666775.01679167,-0.010087169698287858,0.9775972574748976,0.5965292841648591,0.685613457544306,,,,,,,,0.022402742525102548
658b7311-8759-4009-be67-490e6db4d241,GradientBoostingClassifier,BASE_LINE,HYPERPARAMETER,HYPERPARAMETER,0.8757251074865215,0.659155733029093,0.20043677062717533,0.659155733029093,0.9438413923028618,0.7868573374191352,3506.0,0.12427489251347845,-0.04538258830504338,0.6532205393945313,0.21314266258086484,0.022640026871723506,1.107181394820536,0.34084426697090703,0.059378142809252465,1.1769701511177721,0.10199726869238648,-0.04297441544116952,0.605365662125208,0.05615860769713824,-0.02890991511184006,0.5250223101695574,0.06644353056408978,0.34084426697090703,0.05615860769713824,0.9438413923028618,0.659155733029093,0.8980027313076135,1195.0,626.0,1195.0,626.0,10521.0,11716.0,2937.0,10521.0,2311.0,0.7868573374191352,0.04414402896054626,-0.04414402896054626,0.003359258490244319,5.6423088021392706e-06,5.629643418357708e-06,0.003359258490244319,5.6423088021392706e-06,5.629643418357708e-06,0.36453677609835133,0.06409222441041451,0.5425356439723376,-0.059378142809252465,0.059378142809252465,-0.03280722115644651,-0.09822114766515365,0.10122314876588313,0.9438413923028618,0.659155733029093,-0.059378142809252465,0.23926840919948134,[0.7590664],11147.0,-0.10738356521753481,0.5459708445166045,0.7173676858606239,0.642626370993966,0.12427489251347845,0.8014985626659775,0.8014985626659774,0.8368799384281406,-237092775.6886876,-0.030468227697412406,0.9406218571907475,0.6870308435525828,0.7548681577053691,,,,,,,,0.059378142809252465
658b7311-8759-4009-be67-490e6db4d241,XGBClassifier,BASE_LINE,SMOTE,SMOTE,0.8685593393844264,0.6836851112378779,0.21934074933460726,0.6836851112378779,0.926706737238719,0.7457996266334785,3506.0,0.13144066061557358,-0.04607278028064932,0.6664650287659816,0.25420037336652146,0.03674798580753924,1.1463936042482161,0.3163148887621221,0.05833652602844691,1.187522851040083,0.09694903400646909,-0.04089813103764904,0.6051044507663857,0.07329326276128106,-0.034898432952051,0.5581110226478427,0.06821335109686033,0.3163148887621221,0.07329326276128106,0.926706737238719,0.6836851112378779,0.9030509659935309,1109.0,817.0,1109.0,817.0,10330.0,11439.0,3214.0,10330.0,2397.0,0.7457996266334785,0.046617479490248984,-0.046617479490248984,0.001269762238391317,8.061480710222638e-07,8.05462283144803e-07,0.001269762238391317,8.061480710222638e-07,8.05462283144803e-07,0.36935985460485643,0.03798010382903616,0.557001214575417,-0.05833652602844697,0.05833652602844697,-0.03882305842259414,-0.10385215857606003,0.09899544138291787,0.926706737238719,0.6836851112378779,-0.05833652602844697,0.23926840919948134,[0.7590664],11147.0,-0.10738356521753481,0.5459708445166045,0.7133928571428572,0.6293275082329832,0.13144066061557358,0.8051959242382984,0.8051959242382984,0.8427321287221093,-265944935.5887009,-0.02343809307639591,0.941663473971553,0.6982231284590736,0.7640656163467271,,,,,,,,0.05833652602844697
658b7311-8759-4009-be67-490e6db4d241,GradientBoostingClassifier,BASE_LINE,SMOTE,SMOTE,0.8511567597079096,0.7022247575584712,0.24561523237562274,0.7022247575584712,0.8979994617385844,0.684078910808558,3506.0,0.1488432402920904,-0.04994716391592491,0.6800315698807962,0.3159210891914421,0.056787296108216145,1.1827823609709776,0.2977752424415288,0.0367239755439554,1.1247052446130912,0.09444544961100054,-0.043670542089732325,0.569938076463136,0.10200053826141563,-0.04154790707999609,0.6180048582556419,0.073465968670371,0.2977752424415288,0.10200053826141563,0.8979994617385844,0.7022247575584712,0.9055545503889995,1044.0,1137.0,1044.0,1137.0,10010.0,11054.0,3599.0,10010.0,2462.0,0.684078910808558,0.03913594131197577,-0.03913594131197577,0.0008635915844597249,3.728952123748291e-07,3.7267935406878105e-07,0.0008635915844597249,3.728952123748291e-07,3.7267935406878105e-07,0.3833170193726623,-0.03243492636373113,0.597800600191821,-0.036723975543955456,0.04154790707999609,-0.05022891909897426,-0.10491739373788891,0.10056436889429625,0.8979994617385844,0.7022247575584712,-0.036723975543955456,0.23926840919948134,[0.7590664],11147.0,-0.10738356521753481,0.5459708445166045,0.6930330752990852,0.5949052730634723,0.1488432402920904,0.8001121096485277,0.8001121096485277,0.8314252502147337,-189055237.59463862,0.004823931536040688,0.9632760244560447,0.6975986399376639,0.7682257509834312,,,,,,,,0.036723975543955456
658b7311-8759-4009-be67-490e6db4d241,AdaBoostClassifier,BASE_LINE,SMOTE,SMOTE,0.8432402920903569,0.6956645750142613,0.2503924111103528,0.6956645750142613,0.8896564097963577,0.6647587898609976,3506.0,0.1567597079096431,-0.05371387265243588,0.6735989611358044,0.33524121013900243,0.05279875032543613,1.159785691774346,0.30433542498573873,0.04351044809475918,1.1448230973081035,0.09714129643117261,-0.04419678245546708,0.5765127904241012,0.11034359020364223,-0.04756488235037119,0.5972091814032088,0.07660421217328522,0.30433542498573873,0.11034359020364223,0.8896564097963577,0.6956645750142613,0.9028587035688274,1067.0,1230.0,1067.0,1230.0,9917.0,10984.0,3669.0,9917.0,2439.0,0.6647587898609976,0.045537665222565214,-0.045537665222565214,0.0007054040474219675,2.487974350596467e-07,2.489153076007737e-07,0.0007054040474219675,2.487974350596467e-07,2.489153076007737e-07,0.391418477267707,-0.017834519184912523,0.5891393429635582,-0.043510448094759235,0.04756488235037119,-0.0484977663904516,-0.10940756078062386,0.1040252970534592,0.8896564097963577,0.6956645750142613,-0.043510448094759235,0.23926840919948134,[0.7590664],11147.0,-0.10738356521753481,0.5459708445166045,0.6798606271777003,0.5764012753716634,0.1567597079096431,0.7926604924053096,0.7926604924053096,0.8287564005436162,-146738612.96097407,0.004054434255612013,0.9564895519052409,0.6876718122224572,0.758753394554618,,,,,,,,0.043510448094759235
658b7311-8759-4009-be67-490e6db4d241,RandomForestClassifier,BASE_LINE,SMOTE,SMOTE,0.8493141336245138,0.6437535653166001,0.21947724015559952,0.6437535653166001,0.9139678837355342,0.7018034825870647,3506.0,0.1506858663754862,-0.059247184813331244,0.6280642894224758,0.29819651741293535,0.024202925788283536,1.0817440589051923,0.3562464346833999,0.038962852992353525,1.1104524216266363,0.10920695986709801,-0.05086777598249076,0.5668107425434246,0.08603211626446577,-0.04353366891846415,0.5325014978744448,0.07821227782912006,0.3562464346833999,0.08603211626446577,0.9139678837355342,0.6437535653166001,0.890793040132902,1249.0,959.0,1249.0,959.0,10188.0,11437.0,3216.0,10188.0,2257.0,0.7018034825870647,0.04124826095540881,-0.04124826095540881,0.0018048850365384953,1.6288049975602829e-06,1.6268367473855641e-06,0.0018048850365384953,1.6288049975602829e-06,1.6268367473855641e-06,0.39550544327258014,0.02692511615829618,0.5632038459722674,-0.03896285299235347,0.04353366891846415,-0.03753535088538709,-0.10236319962243653,0.11255082166028393,0.9139678837355342,0.6437535653166001,-0.03896285299235347,0.23926840919948134,[0.7590664],11147.0,-0.10738356521753481,0.5459708445166045,0.6715263314489736,0.5748945915162499,0.1506858663754862,0.7788607245260671,0.7788607245260671,0.8109873749392371,-573804992.8950394,0.004570815926110625,0.9610371470076466,0.6573467307412262,0.7347400296149599,,,,,,,,0.03896285299235347
658b7311-8759-4009-be67-490e6db4d241,BaggingClassifier,BASE_LINE,SMOTE,SMOTE,0.8416024022384495,0.5981175128351398,0.2053504401828977,0.5981175128351398,0.9181842648246165,0.6969092721834497,3506.0,0.1583975977615505,-0.06387345502834652,0.6190708805833278,0.30309072781655033,0.02350789372352713,1.0780940198273106,0.40188248716486025,0.030813498714940213,1.0772030517253448,0.12100652696667812,-0.05784095596689397,0.5559775907721954,0.08181573517538351,-0.04112972455333053,0.5353237414870696,0.08424125561368782,0.40188248716486025,0.08181573517538351,0.9181842648246165,0.5981175128351398,0.8789934730333219,1409.0,912.0,1409.0,912.0,10235.0,11644.0,3009.0,10235.0,2097.0,0.6969092721834497,0.03597161163413537,-0.03597161163413537,0.004652936746847974,1.0824910185084103e-05,1.0791307880649144e-05,0.004652936746847974,1.0824910185084103e-05,1.0791307880649144e-05,0.4104662120411078,0.018163835541751272,0.5681057231320361,-0.030813498714940213,0.04112972455333053,-0.040674424845210604,-0.09462774638499623,0.12381851500887775,0.9181842648246165,0.5981175128351398,-0.030813498714940213,0.23926840919948134,[0.7590664],11147.0,-0.10738356521753481,0.5459708445166045,0.6437452033768227,0.5452885576596604,0.1583975977615505,0.7581508888298781,0.7581508888298781,0.785422798162941,-1297023778.796563,0.010316225838390314,0.9691865012850598,0.6200931470392549,0.7047025903488023,,,,,,,,0.030813498714940213
658b7311-8759-4009-be67-490e6db4d241,BernoulliNB,BASE_LINE,SMOTE,SMOTE,0.7861871289155804,0.7766685681688534,0.3462089674469392,0.7766685681688534,0.7891809455458868,0.5367632564557461,3506.0,0.2138128710844196,-0.07650164666461345,0.6598840529543418,0.46323674354425387,0.04265460347481581,1.0927732649538575,0.2233314318311466,0.13598087575626963,1.6439925154510573,0.08173277661795407,-0.022235100499075205,0.7406014907652398,0.21081905445411322,-0.11559036178722107,0.49664523742494304,0.08258129206760927,0.2233314318311466,0.21081905445411322,0.7891809455458868,0.7766685681688534,0.9182672233820459,783.0,2350.0,783.0,2350.0,8797.0,9580.0,5073.0,8797.0,2723.0,0.5367632564557461,0.12578561877174538,-0.12578561877174538,0.022687019659272105,0.00025735043051009946,0.000261383610326247,0.022687019659272105,0.00025735043051009946,0.000261383610326247,0.4064019981929451,0.10728084619581335,0.5199786481652368,-0.13598087575626971,0.13598087575626971,-0.032444851986945536,-0.17864735874335927,0.09925033673260049,0.7891809455458868,0.7766685681688534,-0.13598087575626971,0.23926840919948134,[0.7590664],11147.0,-0.10738356521753481,0.5459708445166045,0.6348059214360648,0.5074236649404514,0.2138128710844196,0.7829247568573701,0.7829247568573701,0.8814054318503927,-359847485.5779586,-0.020390513969048563,0.8640191242437304,0.6986081713809249,0.7462283942365185,,,,,,,,0.13598087575626971
658b7311-8759-4009-be67-490e6db4d241,BaggingClassifier,BASE_LINE,SMOTE,HYPERPARAMETER,0.8568211287790896,0.6925270964061608,0.23531017539070498,0.6925270964061608,0.908495559343321,0.7041763341067285,3506.0,0.14317887122091044,-0.049364946873632576,0.6716693602520583,0.29582366589327147,0.04474177147444475,1.1532819948661532,0.3074729035938391,0.057554315725619754,1.1903765552292003,0.09620705042391789,-0.04100553460826411,0.6014601978332549,0.09150444065667893,-0.04217284877768843,0.5712886440159167,0.07215165761972718,0.3074729035938391,0.09150444065667893,0.908495559343321,0.6925270964061608,0.9037929495760821,1078.0,1020.0,1078.0,1020.0,10127.0,11205.0,3448.0,10127.0,2428.0,0.7041763341067285,0.049863582251654145,-0.049863582251654145,0.0005002526642369037,1.2512636403806018e-07,1.2516839358447004e-07,0.0005002526642369037,1.2512636403806018e-07,1.2516839358447004e-07,0.37987276190779246,0.020771016744332016,0.5667471909231366,-0.057554315725619865,0.057554315725619865,-0.042873653041354404,-0.1087975155339137,0.10084996970248485,0.908495559343321,0.6925270964061608,-0.057554315725619865,0.23926840919948134,[0.7590664],11147.0,-0.10738356521753481,0.5459708445166045,0.6983031348863963,0.6044859911471506,0.14317887122091044,0.800511327874741,0.8005113278747409,0.8404276903156039,-172001100.1626802,-0.01538146694793132,0.9424456842743801,0.6954031218673923,0.7619824095301087,,,,,,,,0.057554315725619865
658b7311-8759-4009-be67-490e6db4d241,RandomForestClassifier,BASE_LINE,SMOTE,HYPERPARAMETER,0.8379853954821538,0.7547062179121506,0.2839009076639596,0.7547062179121506,0.8641787027899883,0.6360576923076923,3506.0,0.16201460451784622,-0.05326745874787486,0.6862080652124248,0.3639423076923077,0.05362913718281248,1.149355962316198,0.2452937820878494,0.052392126813849915,1.2177547770700636,0.08195940150576575,-0.03531034526010629,0.5980689605939463,0.13582129721001165,-0.05957037546095724,0.5906401002933336,0.07332027939450633,0.2452937820878494,0.13582129721001165,0.8641787027899883,0.7547062179121506,0.9180405984942343,860.0,1514.0,860.0,1514.0,9633.0,10493.0,4160.0,9633.0,2646.0,0.6360576923076923,0.055981251137403605,-0.055981251137403605,0.005751156021722479,1.6537897793097367e-05,1.6602185602628615e-05,0.005751156021722479,1.6537897793097367e-05,1.6602185602628615e-05,0.3829367555994236,-0.015651138981191748,0.5879463151329417,-0.05239212681384997,0.05957037546095724,-0.044469741221459386,-0.12443205335094334,0.09345183580466468,0.8641787027899883,0.7547062179121506,-0.05239212681384997,0.23926840919948134,[0.7590664],11147.0,-0.10738356521753481,0.5459708445166045,0.6903208974693451,0.585596342854138,0.16201460451784622,0.8094424603510695,0.8094424603510695,0.8547560620052606,-178119333.5217315,0.007178248647107324,0.94760787318615,0.7210791660989235,0.7835129270733837,,,,,,,,0.05239212681384997
658b7311-8759-4009-be67-490e6db4d241,GradientBoostingClassifier,BASE_LINE,SMOTE,HYPERPARAMETER,0.8654882959120999,0.6842555618938961,0.22268477444891832,0.6842555618938961,0.9224903561496367,0.7352129941771376,3506.0,0.13451170408790014,-0.04362082293776126,0.6903020484849648,0.2647870058228624,0.05639346385277477,1.2171002261275214,0.3157444381061038,0.05546509586067078,1.1784723649065132,0.09719051799824407,-0.041284587609793616,0.6024693741444066,0.07750964385036332,-0.03203739849494438,0.612729271042978,0.0694011021531137,0.3157444381061038,0.07750964385036332,0.9224903561496367,0.6842555618938961,0.9028094820017559,1107.0,864.0,1107.0,864.0,10283.0,11390.0,3263.0,10283.0,2399.0,0.7352129941771376,0.04375124717780761,-0.04375124717780761,0.0024234821483559905,2.9366328617000834e-06,2.9318716755646462e-06,0.0024234821483559905,2.9366328617000834e-06,2.9318716755646462e-06,0.3725616785261568,0.004543111008190603,0.5759855409530757,-0.05546509586067083,0.05546509586067083,-0.048839025731284194,-0.10062048644901461,0.09984262213145137,0.9224903561496367,0.6842555618938961,-0.05546509586067083,0.23926840919948134,[0.7590664],11147.0,-0.10738356521753481,0.5459708445166045,0.7088196188506426,0.6221876992046458,0.13451170408790014,0.8033729590217664,0.8033729590217664,0.8385215279278945,-220130022.17067763,-0.023427697365726398,0.9445349041393293,0.6963210216965386,0.7631722467484534,,,,,,,,0.05546509586067083
658b7311-8759-4009-be67-490e6db4d241,XGBClassifier,BASE_LINE,ROS,ROS,0.8396915307445574,0.8362806617227609,0.32123114720535045,0.8362806617227609,0.8407643312101911,0.6229020607605693,3506.0,0.16030846925544262,-0.05951455310078957,0.6477503482824724,0.37709793923943064,0.022810872728760367,1.0608007801242778,0.16371933827723903,0.08252518238270837,1.5278965574461025,0.05771164287150613,-0.017447398712613117,0.7127997334160238,0.1592356687898089,-0.08622241193842332,0.5023948372236448,0.06560092648113669,0.16371933827723903,0.1592356687898089,0.8407643312101911,0.8362806617227609,0.9422883571284939,574.0,1775.0,574.0,1775.0,9372.0,9946.0,4707.0,9372.0,2932.0,0.6229020607605693,0.08437379716056584,-0.08437379716056584,0.016377330493775745,0.00013410847705117845,0.00013561332054478874,0.016377330493775745,0.00013410847705117845,0.00013561332054478874,0.3622179633346107,0.06603873978939379,0.5418519418613141,-0.08252518238270834,0.08622241193842332,-0.020129135720686742,-0.15766673032399683,0.07643156472432278,0.8407643312101911,0.8362806617227609,-0.08252518238270834,0.23926840919948134,[0.7590664],11147.0,-0.10738356521753481,0.5459708445166045,0.7139900158285645,0.6185946511937143,0.16030846925544262,0.838522496466476,0.838522496466476,0.9092718234979097,-293245643.705181,0.0036972295557149565,0.9174748176172915,0.7703119868637109,0.8138244278365208,,,,,,,,0.08252518238270834
658b7311-8759-4009-be67-490e6db4d241,GradientBoostingClassifier,BASE_LINE,ROS,ROS,0.823380877635979,0.8585282373074729,0.34818808435132736,0.8585282373074729,0.8123261864178702,0.5899647197177578,3506.0,0.176619122364021,-0.0544176786957018,0.7050943280030422,0.41003528028224223,0.05645917615728935,1.1394891504954399,0.1414717626925271,0.04399733409958015,1.3199077231112981,0.05193173489686944,-0.021073023311560267,0.6208295873849327,0.18767381358212973,-0.07938796451441116,0.6042476042476043,0.06699001603230684,0.1414717626925271,0.18767381358212973,0.8123261864178702,0.8585282373074729,0.9480682651031306,496.0,2092.0,496.0,2092.0,9055.0,9551.0,5102.0,9055.0,3010.0,0.5899647197177578,0.06169264930699561,-0.06169264930699561,0.012030859703643378,7.237079260437501e-05,7.296402713221618e-05,0.012030859703643378,7.237079260437501e-05,7.296402713221618e-05,0.36603282921701663,-0.04679991947561091,0.6067000622040547,-0.043997334099580065,0.07938796451441116,-0.038766099734424866,-0.14524211212921168,0.07509411093368024,0.8123261864178702,0.8585282373074729,-0.043997334099580065,0.23926840919948134,[0.7590664],11147.0,-0.10738356521753481,0.5459708445166045,0.6993494423791822,0.6007843273398893,0.176619122364021,0.8354272118626717,0.8354272118626715,0.8869669298656364,-208680964.4713527,0.03539063041483101,0.9560026659004199,0.7708066581306019,0.8240158715916727,,,,,,,,0.043997334099580065
658b7311-8759-4009-be67-490e6db4d241,AdaBoostClassifier,BASE_LINE,ROS,ROS,0.8200368525216679,0.8382772390188249,0.341841261175186,0.8382772390188249,0.8142998116085045,0.5867438610501098,3506.0,0.1799631474783321,-0.05008690500711155,0.7324996169257719,0.4132561389498902,0.07072823547419954,1.1740145228215768,0.16172276098117513,0.039244209249237744,1.2480544869773602,0.05879303193695562,-0.02550447917665543,0.5961201584639337,0.18570018839149546,-0.07044926134666227,0.6426997245179064,0.0696909483856981,0.16172276098117513,0.18570018839149546,0.8142998116085045,0.8382772390188249,0.9412069680630444,567.0,2070.0,567.0,2070.0,9077.0,9644.0,5009.0,9077.0,2939.0,0.5867438610501098,0.054846735297949964,-0.054846735297949964,0.008848524030954059,3.914818876318574e-05,3.938325175326745e-05,0.008848524030954059,3.914818876318574e-05,3.938325175326745e-05,0.37333884980188736,-0.07863124278767142,0.626331048726689,-0.03924420924923766,0.07044926134666227,-0.04811635732542746,-0.1350686156510922,0.07997363255797585,0.8142998116085045,0.8382772390188249,-0.03924420924923766,0.23926840919948134,[0.7590664],11147.0,-0.10738356521753481,0.5459708445166045,0.6903112155020552,0.5869655824142633,0.1799631474783321,0.8262885253136647,0.8262885253136647,0.8716077533412767,-146983732.05834332,0.031205052097424524,0.9607557907507623,0.7571327365234752,0.814687850962874,,,,,,,,0.03924420924923766
658b7311-8759-4009-be67-490e6db4d241,RandomForestClassifier,BASE_LINE,ROS,ROS,0.846584317204668,0.6782658300057045,0.23872244591551217,0.6782658300057045,0.8995245357495291,0.6798170383076043,3506.0,0.15341568279533202,-0.061341951025660646,0.6221118570362155,0.32018296169239563,0.009305575473824157,1.0291332601907335,0.3217341699942955,0.06637613141133092,1.210191082802548,0.10112057373375168,-0.04299516908212561,0.6026785714285714,0.10047546425047098,-0.057495521792369386,0.47653833232547205,0.07679152017107753,0.3217341699942955,0.10047546425047098,0.8995245357495291,0.6782658300057045,0.8988794262662483,1128.0,1120.0,1128.0,1120.0,10027.0,11155.0,3498.0,10027.0,2378.0,0.6798170383076043,0.06193582660185015,-0.06193582660185015,0.004618927505906665,1.0667245652410583e-05,1.0700501211101264e-05,0.004618927505906665,1.0667245652410583e-05,1.0700501211101264e-05,0.3918967215251425,0.08813963197258357,0.5297799562965889,-0.06637613141133092,0.06637613141133092,-0.026150372277974884,-0.1204835611820701,0.10656520998317515,0.8995245357495291,0.6782658300057045,-0.06637613141133092,0.23926840919948134,[0.7590664],11147.0,-0.10738356521753481,0.5459708445166045,0.6790405482581382,0.5782432376840968,0.15341568279533202,0.7888951828776167,0.7888951828776167,0.8377560581313597,-633282433.4214178,-0.008880609618961532,0.933623868588669,0.6786529680365296,0.7466197815372629,,,,,,,,0.06637613141133092
658b7311-8759-4009-be67-490e6db4d241,BaggingClassifier,BASE_LINE,ROS,ROS,0.8418071384699379,0.6602966343411295,0.2349007029277281,0.6602966343411295,0.8988965640979636,0.6725740848343986,3506.0,0.15819286153006207,-0.050994246987540626,0.6920675268698366,0.3274259151656014,0.06387346605308791,1.198520504997506,0.3397033656588705,0.06762726880896514,1.2026913070781378,0.10623494781910624,-0.04432585242630675,0.6092665703491382,0.10110343590203642,-0.043108814836594136,0.601296868131718,0.07978230165900893,0.3397033656588705,0.10110343590203642,0.8988965640979636,0.6602966343411295,0.8937650521808937,1191.0,1127.0,1191.0,1127.0,10020.0,11211.0,3442.0,10020.0,2315.0,0.6725740848343986,0.05536804182277961,-0.05536804182277961,0.0002526385067983376,3.1913107558646836e-08,3.190769910644743e-08,0.0002526385067983376,3.1913107558646836e-08,3.190769910644743e-08,0.3994553833884554,0.008069540394332497,0.5740011598815196,-0.06762726880896508,0.06762726880896508,-0.054099659239697305,-0.10666978302551539,0.11146848820682573,0.8988965640979636,0.6602966343411295,-0.06762726880896508,0.23926840919948134,[0.7590664],11147.0,-0.10738356521753481,0.5459708445166045,0.6663788140472078,0.5627548253269955,0.15819286153006207,0.7795965992195466,0.7795965992195466,0.8227613363300311,-1398499941.9423714,-0.024518453972371,0.932372731191035,0.6633237822349569,0.7339178004992475,,,,,,,,0.06762726880896508
658b7311-8759-4009-be67-490e6db4d241,BernoulliNB,BASE_LINE,ROS,ROS,0.7546577492663619,0.8576725613234455,0.41650174025796766,0.8576725613234455,0.722257109536198,0.4927085040144191,3506.0,0.24534225073363813,-0.10185025305663942,0.6084798743765033,0.5072914959855809,0.01824339078596604,1.0360637092627705,0.14232743867655448,0.14799738199000687,2.1466204934759756,0.058362573099415206,-0.00706401897732227,0.8817291191612403,0.2777428904638019,-0.1672310920450265,0.45165124702593556,0.07718231632010085,0.14232743867655448,0.2777428904638019,0.722257109536198,0.8576725613234455,0.9416374269005848,499.0,3096.0,499.0,3096.0,8051.0,8550.0,6103.0,8051.0,3007.0,0.4927085040144191,0.1576142370175167,-0.1576142370175167,0.035258235267368564,0.0006215715770845563,0.0006369635140577804,0.035258235267368564,0.0006215715770845563,0.0006369635140577804,0.3928926477298878,0.14910318650306764,0.49875360606003427,-0.1479973819900069,0.1672310920450265,-0.012653704881644127,-0.22516865317041257,0.08564265016560228,0.722257109536198,0.8576725613234455,-0.1479973819900069,0.23926840919948134,[0.7590664],11147.0,-0.10738356521753481,0.5459708445166045,0.6258715787282756,0.501886533745192,0.24534225073363813,0.7899648354298218,0.7899648354298218,0.9144745402367612,-357250340.50218385,0.019233710055019643,0.8520026180099932,0.7236628361711088,0.7619196026471304,,,,,,,,0.1479973819900069
658b7311-8759-4009-be67-490e6db4d241,BaggingClassifier,BASE_LINE,ROS,HYPERPARAMETER,0.8525216679178326,0.7344552196235026,0.25967378693782844,0.7344552196235026,0.8896564097963577,0.6767411300919842,3506.0,0.14747833208216743,-0.05439528861748433,0.649924668733107,0.3232588699080158,0.013344976410443077,1.0414178895856445,0.2655447803764974,0.10710494388838337,1.4184565249592653,0.08582227138643068,-0.028213258162022636,0.688514579410717,0.11034359020364223,-0.06533418587543204,0.45996579044328456,0.07061953521466664,0.2655447803764974,0.11034359020364223,0.8896564097963577,0.7344552196235026,0.9141777286135693,931.0,1230.0,931.0,1230.0,9917.0,10848.0,3805.0,9917.0,2575.0,0.6767411300919842,0.08621956488190774,-0.08621956488190774,0.010712192502287629,5.7375534103033636e-05,5.779359462927048e-05,0.010712192502287629,5.7375534103033636e-05,5.779359462927048e-05,0.3758178686935113,0.13545760800694007,0.5053238491713691,-0.10710494388838343,0.10710494388838343,-0.020779117286232857,-0.13840188697728545,0.0938410915353622,0.8896564097963577,0.7344552196235026,-0.10710494388838343,0.23926840919948134,[0.7590664],11147.0,-0.10738356521753481,0.5459708445166045,0.7044180002735604,0.6072885078458569,0.14747833208216743,0.8120558147099302,0.8120558147099302,0.8820709137140434,-172491692.47699,-0.04177075801295134,0.8928950561116166,0.7191230887383928,0.7690104197108221,,,,,,,,0.10710494388838343
658b7311-8759-4009-be67-490e6db4d241,RandomForestClassifier,BASE_LINE,ROS,HYPERPARAMETER,0.7976523578789326,0.8776383342840844,0.38306148911485705,0.8776383342840844,0.7724948416614336,0.54819169784429,3506.0,0.20234764212106737,-0.05869099576816261,0.7216788977658203,0.45180830215570994,0.06363423769204785,1.1427417608952688,0.12236166571591557,0.05449331928547482,1.4638471337579617,0.04745575221238938,-0.016625345147934227,0.6701088180112571,0.22750515833856644,-0.09406007233618971,0.6126352184283661,0.0694322343800731,0.12236166571591557,0.22750515833856644,0.7724948416614336,0.8776383342840844,0.9525442477876106,429.0,2536.0,429.0,2536.0,8611.0,9040.0,5613.0,8611.0,3077.0,0.54819169784429,0.07427669581083228,-0.07427669581083228,0.015261207207850283,0.0001164522227204707,0.0001176681401993793,0.015261207207850283,0.0001164522227204707,0.0001176681401993793,0.37264523176896575,-0.057640190105021305,0.6133708850184172,-0.05449331928547485,0.09406007233618971,-0.04012979141999107,-0.15691758155951654,0.07541386990505627,0.7724948416614336,0.8776383342840844,-0.05449331928547485,0.23926840919948134,[0.7590664],11147.0,-0.10738356521753481,0.5459708445166045,0.6748546989801514,0.5705655533273541,0.20234764212106737,0.825066587972759,0.825066587972759,0.8863498079512929,-188275683.00867292,0.03956675305071489,0.9455066807145251,0.7630029136445354,0.8154709061483284,,,,,,,,0.05449331928547485
658b7311-8759-4009-be67-490e6db4d241,GradientBoostingClassifier,BASE_LINE,ROS,HYPERPARAMETER,0.8392138128710844,0.8436965202509983,0.32525762642462297,0.8436965202509983,0.8378038934242397,0.6206462442299623,3506.0,0.16078618712891557,-0.0474338120034522,0.7171137802232214,0.37935375577003777,0.05848064875997594,1.1563329796690849,0.15630347974900172,0.07318056287214852,1.4886869386776111,0.055426317386467076,-0.01717740801580745,0.705756031729223,0.1621961065757603,-0.0713312055205053,0.5896036930225922,0.06503120568528128,0.15630347974900172,0.1621961065757603,0.8378038934242397,0.8436965202509983,0.9445736826135329,548.0,1808.0,548.0,1808.0,9339.0,9887.0,4766.0,9339.0,2958.0,0.6206462442299623,0.07225588419632689,-0.07225588419632689,0.011960523526588307,7.15270615150362e-05,7.210989956568519e-05,0.011960523526588307,7.15270615150362e-05,7.210989956568519e-05,0.3606416661598637,-0.00769998550947415,0.5833733419532411,-0.07318056287214847,0.07318056287214847,-0.03782902838789175,-0.14424250952497178,0.07501641841287005,0.8378038934242397,0.8436965202509983,-0.07318056287214847,0.23926840919948134,[0.7590664],11147.0,-0.10738356521753481,0.5459708445166045,0.715183752417795,0.6206429037388003,0.16078618712891557,0.840750206837619,0.8407502068376189,0.9014993564209158,-243563941.507458,-0.0018493573516432243,0.9268194371278514,0.7741428945302278,0.819121310172406,,,,,,,,0.07318056287214847
658b7311-8759-4009-be67-490e6db4d241,XGBClassifier,BASE_LINE,RUS,RUS,0.8282945471917014,0.8639475185396464,0.34586774039445844,0.8639475185396464,0.81708082892258,0.5976716653512234,3506.0,0.17170545280829863,-0.053614673729679985,0.7013033034739715,0.40232833464877665,0.053207879388136925,1.1338778900733768,0.13605248146035367,0.05344771163577733,1.4071720657312679,0.04976525821596244,-0.018013955367296566,0.6594115646307318,0.18291917107741992,-0.08028980527324447,0.5903420104921173,0.06546913302391202,0.13605248146035367,0.18291917107741992,0.81708082892258,0.8639475185396464,0.9502347417840376,477.0,2039.0,477.0,2039.0,9108.0,9585.0,5068.0,9108.0,3029.0,0.5976716653512234,0.0668687584545109,-0.0668687584545109,0.013116613909847502,8.60227802300025e-05,8.679262981219613e-05,0.013116613909847502,8.60227802300025e-05,8.679262981219613e-05,0.36185392915902415,-0.028478618946365053,0.5956713328838381,-0.05344771163577733,0.08028980527324447,-0.03561091737771672,-0.14857238310991513,0.07303176962947501,0.81708082892258,0.8639475185396464,-0.05344771163577733,0.23926840919948134,[0.7590664],11147.0,-0.10738356521753481,0.5459708445166045,0.7065547002565897,0.6108516964168083,0.17170545280829863,0.8405141737311133,0.8405141737311133,0.8967183129919318,-284615754.4901378,0.026842093637467146,0.9465522883642227,0.777364301296035,0.8266143421548667,,,,,,,,0.05344771163577733
658b7311-8759-4009-be67-490e6db4d241,GradientBoostingClassifier,BASE_LINE,RUS,RUS,0.8217429877840715,0.8528237307472903,0.3470961577833891,0.8528237307472903,0.8119673454741186,0.5878883208808494,3506.0,0.1782570122159285,-0.0513880423330747,0.7233087522874344,0.4121116791191506,0.06500301019139049,1.1601251251584601,0.14717626925270963,0.044727663106811616,1.3124085353105965,0.05393540294763249,-0.021879312248164702,0.6208224223075176,0.18803265452588142,-0.07520974070675976,0.6244744246787147,0.0678858425903818,0.14717626925270963,0.18803265452588142,0.8119673454741186,0.8528237307472903,0.9460645970523676,516.0,2096.0,516.0,2096.0,9051.0,9567.0,5086.0,9051.0,2990.0,0.5878883208808494,0.059968701906785646,-0.059968701906785646,0.01076227875894457,5.791332204261474e-05,5.833730124668381e-05,0.01076227875894457,5.791332204261474e-05,5.833730124668381e-05,0.36847209552524274,-0.061767067383817986,0.6158559204139272,-0.04472766310681153,0.07520974070675976,-0.04344116121977756,-0.1412168111158,0.07659678965215348,0.8119673454741186,0.8528237307472903,-0.04472766310681153,0.23926840919948134,[0.7590664],11147.0,-0.10738356521753481,0.5459708445166045,0.6959962756052142,0.5957911840270759,0.1782570122159285,0.8323955381107044,0.8323955381107044,0.8823132180042037,-209574826.60214862,0.030482077599948143,0.9552723368931885,0.7664701358625994,0.8205270832330357,,,,,,,,0.04472766310681153
658b7311-8759-4009-be67-490e6db4d241,AdaBoostClassifier,BASE_LINE,RUS,RUS,0.8149184467344571,0.8411294922989161,0.3483245751723197,0.8411294922989161,0.8066744415537813,0.577782131661442,3506.0,0.18508155326554288,-0.0599222625485325,0.6907843361525253,0.422217868338558,0.05040762635944396,1.1206720159346317,0.15887050770108385,0.07735700716760052,1.509120756451507,0.058330715258142214,-0.01857654889912954,0.6983704689058863,0.1933255584462187,-0.09074578540736043,0.5639342587942906,0.0704014310365533,0.15887050770108385,0.1933255584462187,0.8066744415537813,0.8411294922989161,0.9416692847418577,557.0,2155.0,557.0,2155.0,8992.0,9549.0,5104.0,8992.0,2949.0,0.577782131661442,0.08405139628748048,-0.08405139628748048,0.01592170001279874,0.00012675026564877773,0.00012813216114459768,0.01592170001279874,0.00012675026564877773,0.00012813216114459768,0.37523707449172267,0.005543737452039621,0.5757305141254234,-0.07735700716760052,0.09074578540736043,-0.03449208762928675,-0.1574919226948983,0.08032329442378583,0.8066744415537813,0.8411294922989161,-0.07735700716760052,0.23926840919948134,[0.7590664],11147.0,-0.10738356521753481,0.5459708445166045,0.6850174216027874,0.580088502723001,0.18508155326554288,0.8239019669263488,0.8239019669263488,0.8931520776505097,-146860380.6536038,0.01338877823975991,0.9226429928323995,0.7550889770836,0.8037428028473622,,,,,,,,0.07735700716760052
658b7311-8759-4009-be67-490e6db4d241,RandomForestClassifier,BASE_LINE,RUS,RUS,0.8149866921449532,0.8260125499144324,0.34102231624923224,0.8260125499144324,0.811518794294429,0.5795477286371823,3506.0,0.18501330785504677,-0.05489645882723393,0.7155468554603733,0.4204522713628177,0.0641922048413548,1.1548889162101736,0.1739874500855676,0.05375700397490543,1.3177636234961077,0.0631731565865783,-0.025398926707277544,0.6239547795839187,0.188481205705571,-0.07771989859236088,0.6135950486606757,0.07194372074152251,0.1739874500855676,0.188481205705571,0.811518794294429,0.8260125499144324,0.9368268434134217,610.0,2101.0,610.0,2101.0,9046.0,9656.0,4997.0,9046.0,2896.0,0.5795477286371823,0.06573845128363312,-0.06573845128363312,0.011009476296312904,6.060428415953784e-05,6.105829791029013e-05,0.011009476296312904,6.060428415953784e-05,6.105829791029013e-05,0.37932498135905185,-0.04874477633533347,0.6078703073279335,-0.05375700397490535,0.07771989859236088,-0.044795565774316114,-0.14180416624974365,0.08351068087273764,0.811518794294429,0.8260125499144324,-0.05375700397490535,0.23926840919948134,[0.7590664],11147.0,-0.10738356521753481,0.5459708445166045,0.6811713512877808,0.5737638669650583,0.18501330785504677,0.8187656721044306,0.8187656721044307,0.8725900593527791,-534149174.99817985,0.023962894617455446,0.9462429960250947,0.7466322913309701,0.8031041057086962,,,,,,,,0.05375700397490535
658b7311-8759-4009-be67-490e6db4d241,BaggingClassifier,BASE_LINE,RUS,RUS,0.8159421278918992,0.7866514546491729,0.32123114720535045,0.7866514546491729,0.8251547501569929,0.5859358402379435,3506.0,0.18405787210810076,-0.05982366369487446,0.6896306693808584,0.4140641597620565,0.05603873054144304,1.1370763901891032,0.21334854535082715,0.038507893938668325,1.1834585036600438,0.07520611301025538,-0.03492491554936245,0.5695373841692013,0.1748452498430071,-0.07393618214644596,0.6043735941567467,0.07574466604078603,0.21334854535082715,0.1748452498430071,0.8251547501569929,0.7866514546491729,0.9247938869897446,748.0,1949.0,748.0,1949.0,9198.0,9946.0,4707.0,9198.0,2758.0,0.5859358402379435,0.05622203804255711,-0.05622203804255711,0.008501778336455068,3.614011744110836e-05,3.634852303604132e-05,0.008501778336455068,3.614011744110836e-05,3.634852303604132e-05,0.3892163050047776,-0.049204433833574646,0.6081141876398459,-0.03850789393866827,0.07393618214644596,-0.04548182304540274,-0.13348649597001094,0.09164635082466725,0.8251547501569929,0.7866514546491729,-0.03850789393866827,0.23926840919948134,[0.7590664],11147.0,-0.10738356521753481,0.5459708445166045,0.6716181663216851,0.5589880285809886,0.18405787210810076,0.8059031024030829,0.8059031024030829,0.8512126172850039,-1319100629.5976672,0.03542828820777763,0.9614921060613318,0.7245977011494253,0.7894316314440262,,,,,,,,0.03850789393866827
658b7311-8759-4009-be67-490e6db4d241,BernoulliNB,BASE_LINE,RUS,RUS,0.7543165222138811,0.8545350827153452,0.4153415682795332,0.8545350827153452,0.7227953709518256,0.4922773578705225,3506.0,0.24568347778611888,-0.10224948652837373,0.6075474810660887,0.5077226421294775,0.017988292807131212,1.0355271947665121,0.14546491728465488,0.15154725986941875,2.149023404995688,0.05953075755807167,-0.0071734167402383794,0.8822435080955168,0.2772046290481744,-0.16790438775787334,0.44866863245725763,0.0776061956919394,0.14546491728465488,0.2772046290481744,0.7227953709518256,0.8545350827153452,0.9404692424419283,510.0,3090.0,510.0,3090.0,8057.0,8567.0,6086.0,8057.0,2996.0,0.4922773578705225,0.15972582381364608,-0.15972582381364608,0.03554495613201359,0.0006317219532133852,0.000647498483889021,0.03554495613201359,0.0006317219532133852,0.000647498483889021,0.3939700386880693,0.15520226550650196,0.4957166384785638,-0.15154725986941886,0.16790438775787334,-0.012580854773684768,-0.22600946248960568,0.08639142398242496,0.7227953709518256,0.8545350827153452,-0.15154725986941886,0.23926840919948134,[0.7590664],11147.0,-0.10738356521753481,0.5459708445166045,0.6246872393661385,0.49983776476104025,0.24568347778611888,0.7886652268335853,0.7886652268335854,0.9146354299027559,-358806351.4526746,0.016357127888454587,0.8484527401305811,0.7217537942664419,0.7595621147149108,,,,,,,,0.15154725986941886
658b7311-8759-4009-be67-490e6db4d241,BaggingClassifier,BASE_LINE,RUS,HYPERPARAMETER,0.8155326554289224,0.8571021106674273,0.3553538524534225,0.8571021106674273,0.802458060464699,0.5771077395813328,3506.0,0.1844673445710776,-0.059203642299410775,0.6933554937312569,0.4228922604186672,0.05174190108595528,1.1237511257754174,0.14289788933257272,0.049426911227112375,1.35694728650892,0.053038323099724755,-0.02088022943398482,0.6316198436058515,0.19754193953530097,-0.08722662859747378,0.5880572378180033,0.0686356380789835,0.14289788933257272,0.19754193953530097,0.802458060464699,0.8571021106674273,0.9469616769002752,501.0,2202.0,501.0,2202.0,8945.0,9446.0,5207.0,8945.0,3005.0,0.5771077395813328,0.06832676991229303,-0.06832676991229303,0.013906714962143268,9.669836051914972e-05,9.76168088577505e-05,0.013906714962143268,9.669836051914972e-05,9.76168088577505e-05,0.3705013848259774,-0.033541493138940504,0.5987130942884739,-0.04942691122711229,0.08722662859747378,-0.03631106525997008,-0.1514278119125417,0.07683150948220255,0.802458060464699,0.8571021106674273,-0.04942691122711229,0.23926840919948134,[0.7590664],11147.0,-0.10738356521753481,0.5459708445166045,0.6897739010673706,0.587924581914826,0.1844673445710776,0.8297800855660632,0.8297800855660631,0.8864762785503384,-191659677.8837063,0.037799717370361405,0.9505730887728877,0.7643879173290938,0.8177797293907447,,,,,,,,0.04942691122711229
658b7311-8759-4009-be67-490e6db4d241,RandomForestClassifier,BASE_LINE,RUS,HYPERPARAMETER,0.7937623694806524,0.8830576155162578,0.38954480311199075,0.8830576155162578,0.7656768637301516,0.54239663629993,3506.0,0.20623763051934763,-0.059944952661298956,0.7211179096842095,0.4576033637000701,0.0631179660090217,1.1397689435980223,0.11694238448374215,0.04645371390259087,1.4118895966029723,0.045835662381218556,-0.017367302153339738,0.6449351559761654,0.23432313626984838,-0.09562286938275716,0.6173445038250901,0.06940128080427745,0.11694238448374215,0.23432313626984838,0.7656768637301516,0.8830576155162578,0.9541643376187814,410.0,2612.0,410.0,2612.0,8535.0,8945.0,5708.0,8535.0,3096.0,0.54239663629993,0.07103829164267397,-0.07103829164267397,0.01514201930980316,0.00011464037438922588,0.0001158278431581529,0.01514201930980316,0.00011464037438922588,0.0001158278431581529,0.37256215804688875,-0.0678798826925262,0.6196979558958413,-0.04645371390259079,0.09562286938275716,-0.040242634081180714,-0.15680930659165404,0.07483018960885271,0.7656768637301516,0.8830576155162578,-0.04645371390259079,0.23926840919948134,[0.7590664],11147.0,-0.10738356521753481,0.5459708445166045,0.6720208378554374,0.5675704580307587,0.20623763051934763,0.8243672396232048,0.8243672396232047,0.8829288800122241,-187600104.53660172,0.04916915548016629,0.9535462860974092,0.763219524220387,0.8176180721808278,,,,,,,,0.04645371390259079
658b7311-8759-4009-be67-490e6db4d241,GradientBoostingClassifier,BASE_LINE,RUS,HYPERPARAMETER,0.8315703268955162,0.8602395892755277,0.3408175800177438,0.8602395892755277,0.8225531533147932,0.6039247096515818,3506.0,0.16842967310448376,-0.051980235524120566,0.7046277360689265,0.3960752903484181,0.05403396658238807,1.1381443044230293,0.13976041072447234,0.059869019682965374,1.445458999599127,0.0507298892224868,-0.0172575617611753,0.6787438502919675,0.17744684668520677,-0.07836001365012003,0.5880249873899042,0.06515413750841482,0.13976041072447234,0.17744684668520677,0.8225531533147932,0.8602395892755277,0.9492701107775132,490.0,1978.0,490.0,1978.0,9169.0,9659.0,4994.0,9169.0,3016.0,0.6039247096515818,0.06911451666654267,-0.06911451666654267,0.013044577937505634,8.508050678382937e-05,8.583767198354059e-05,0.013044577937505634,8.508050678382937e-05,8.583767198354059e-05,0.360982374939317,-0.020812371834540544,0.5911092406671412,-0.05986901968296532,0.07836001365012003,-0.03564576417178171,-0.148159235535972,0.07316601554711596,0.8225531533147932,0.8602395892755277,-0.05986901968296532,0.23926840919948134,[0.7590664],11147.0,-0.10738356521753481,0.5459708445166045,0.7096470588235294,0.6145871855380178,0.16842967310448376,0.8413963712951603,0.8413963712951604,0.8995490748222084,-246530476.59492633,0.01849099396715466,0.9401309803170347,0.7777204744713769,0.8252414715995654,,,,,,,,0.05986901968296532
658b7311-8759-4009-be67-490e6db4d241,XGBClassifier,BASE_LINE,PCA,PCA,0.7607315908005187,0.0,0.0,0.0,1.0,0.0,3506.0,0.23926840919948134,-0.10738356521753478,0.5786742572730558,0.0,0.0,,1.0,0.0,1.0,0.23926840919948134,-0.10738356521753481,0.5786742572730558,0.0,0.0,,0.15726204359917456,1.0,0.0,1.0,0.0,0.7607315908005187,3506.0,0.0,3506.0,0.0,11147.0,14653.0,0.0,11147.0,0.0,0.0,0.0,0.0,0.04974382511453008,0.0012372240685124768,0.0011983320727399396,0.04974382511453008,0.0012372240685124768,0.0011983320727399396,0.5608244709339537,1.2256338227329897,,0.0,0.0,-0.053691782608767405,0.0,0.2734746892484015,1.0,0.0,0.0,0.23926840919948134,[0.71761414],11147.0,-0.10738356521753481,0.5459708445166045,0.0,0.0,0.23926840919948134,0.5,0.5,0.5,-119308738.59808218,0.0,1.0,1.0,1.2,,,,,,,,0.0
658b7311-8759-4009-be67-490e6db4d241,GradientBoostingClassifier,BASE_LINE,PCA,PCA,0.7607315908005187,0.0005704506560182544,0.00027298164198457655,0.0005704506560182544,0.9998205795281242,0.5,3506.0,0.23926840919948134,-0.10793311599830724,0.5766506906474163,0.5,-0.6666666666666666,0.0,0.9994295493439818,-0.0028714301677761345,0.9971276699794606,0.23919721482695064,-0.10776538272844477,0.5771449836593993,0.00017942047187584104,-0.0002143163309044149,0.0,0.15726195902633694,0.9994295493439818,0.00017942047187584104,0.9998205795281242,0.0005704506560182544,0.7608027851730493,3504.0,2.0,3504.0,2.0,11145.0,14649.0,4.0,11145.0,2.0,0.5,0.0015428732493402717,0.0013285569184358567,0.04983256317109929,0.0012416421761008009,0.0012025457000494383,0.04983256317109929,0.0012416421761008009,0.0012025457000494383,0.5608243201330287,0.37833596234578715,1.9608579927978709,0.0028714301677761284,0.0028714301677761284,0.27945064196911096,0.0002301640033849898,0.27336455303875073,0.9998205795281242,0.0005704506560182544,0.0028714301677761284,0.23926840919948134,[0.71761414],11147.0,-0.10738356521753481,0.5459708445166045,0.0011396011396011395,0.010098601938440378,0.23926840919948134,0.5001955150920712,0.5001955150920713,0.49953097687992515,-118505404.697849,-0.0026571138368717195,0.997128569832224,0.0007603117278084015,0.0011400329534669267,,,,,,,,0.0028714301677761284
658b7311-8759-4009-be67-490e6db4d241,AdaBoostClassifier,BASE_LINE,PCA,PCA,0.7603221183375418,0.0,0.0004094724629768648,0.0,0.9994617385843725,0.0,3506.0,0.23967788166245818,-0.10566444226052629,0.5856789371099463,1.0,0.0,1.0,1.0,0.0,1.0,0.23936642315832593,-0.10714665013106348,0.5796709420610349,0.0005382614156275231,0.0019895404184068796,10.2831955922865,0.15761525163287815,1.0,0.0005382614156275231,0.9994617385843725,0.0,0.7606335768416741,3506.0,6.0,3506.0,6.0,11141.0,14647.0,6.0,11141.0,0.0,0.0,0.0009947702092034398,0.0009947702092034398,0.05051299383044257,0.0012757812728571643,0.001235093469418932,0.05051299383044257,0.0012757812728571643,0.001235093469418932,0.5614539190937724,1.8134204876351092,11.765147956787224,0.0,0.0019895404184068796,-0.05357332506553174,0.0017191229570084996,0.2736823599802335,0.9994617385843725,0.0,0.0,0.23926840919948134,[0.71761414],11147.0,-0.10738356521753481,0.5459708445166045,0.0,-0.011350846214397288,0.23967788166245818,0.49973086929218624,0.49973086929218624,0.499233751910795,-147538156.55317232,0.0019895404184068796,1.0,1.0,1.2,,,,,,,,0.0
658b7311-8759-4009-be67-490e6db4d241,RandomForestClassifier,BASE_LINE,PCA,PCA,0.6950112604927319,0.31460353679406733,0.21626970586228075,0.31460353679406733,0.8146586525522562,0.3480593247081098,3506.0,0.3049887395072681,-0.0710684710344397,0.7746109062458033,0.6519406752918901,0.172943665641336,1.2729523146305877,0.6853964632059327,0.11818160049806048,1.1751326224650924,0.20924764890282133,-0.08339468724697446,0.6248013397816019,0.18534134744774378,-0.043037612220872185,0.7762523692227414,0.15948126825000783,0.6853964632059327,0.18534134744774378,0.8146586525522562,0.31460353679406733,0.7907523510971787,2403.0,2066.0,2403.0,2066.0,9081.0,11484.0,3169.0,9081.0,1103.0,0.3480593247081098,0.0806096063594663,-0.0806096063594663,0.014066467659798418,9.89327562120774e-05,9.801507986769594e-05,0.014066467659798418,9.89327562120774e-05,9.801507986769594e-05,0.5647676836540984,-0.18690568524130802,0.6976861478080669,-0.11818160049806042,0.11818160049806042,-0.1281691764441552,-0.06838511204565206,0.22332905932696848,0.8146586525522562,0.31460353679406733,-0.11818160049806042,0.23926840919948134,[0.71761414],11147.0,-0.10738356521753481,0.5459708445166045,0.3304868913857678,0.13395186120925562,0.3049887395072681,0.5646310946731619,0.5646310946731617,0.6101457849530799,-597992636.1090344,-0.0751439882771883,0.8818183995019395,0.32234967487396804,0.4088049629328209,,,,,,,,0.11818160049806042
658b7311-8759-4009-be67-490e6db4d241,BaggingClassifier,BASE_LINE,PCA,PCA,0.6934416160513206,0.3000570450656018,0.21087831843308538,0.3000570450656018,0.817170539158518,0.34045307443365697,3506.0,0.3065583839486794,-0.0723553942236449,0.7718008166061625,0.6595469255663431,0.15995822636090684,1.2492372364228084,0.6999429549343982,0.09171016713758928,1.1325810024923846,0.21222866038225374,-0.08809818413098089,0.6099021982569746,0.18282946084148202,-0.03740469417709022,0.8020075972429915,0.16194069145315634,0.6999429549343982,0.18282946084148202,0.817170539158518,0.3000570450656018,0.7877713396177463,2454.0,2038.0,2454.0,2038.0,9109.0,11563.0,3090.0,9109.0,1052.0,0.34045307443365697,0.0645574306573397,-0.0645574306573397,0.01782759049928754,0.00015891149150514368,0.000157051913204596,0.01782759049928754,0.00015891149150514368,0.000157051913204596,0.5691057747961381,-0.23831593715082677,0.7345187020709899,-0.09171016713758917,0.09171016713758917,-0.12402820524594385,-0.05823036772684373,0.2272463355748403,0.817170539158518,0.3000570450656018,-0.09171016713758917,0.23926840919948134,[0.71761414],11147.0,-0.10738356521753481,0.5459708445166045,0.31898120072771374,0.12260276627303025,0.3065583839486794,0.5586137921120599,0.55861379211206,0.5946764632605679,-962722296.7220644,-0.05430547296049906,0.9082898328624107,0.3092298647854203,0.39637183600536424,,,,,,,,0.09171016713758917
658b7311-8759-4009-be67-490e6db4d241,BernoulliNB,BASE_LINE,PCA,PCA,0.7607315908005187,0.0,0.0,0.0,1.0,0.0,3506.0,0.23926840919948134,-0.10738356521753478,0.5786742572730558,0.0,0.0,,1.0,0.0,1.0,0.23926840919948134,-0.10738356521753481,0.5786742572730558,0.0,0.0,,0.15726204359917456,1.0,0.0,1.0,0.0,0.7607315908005187,3506.0,0.0,3506.0,0.0,11147.0,14653.0,0.0,11147.0,0.0,0.0,0.0,0.0,0.04974382511453008,0.0012372240685124768,0.0011983320727399396,0.04974382511453008,0.0012372240685124768,0.0011983320727399396,0.5608244709339537,1.2256338227329897,,0.0,0.0,-0.053691782608767405,0.0,0.2734746892484015,1.0,0.0,0.0,0.23926840919948134,[0.71761414],11147.0,-0.10738356521753481,0.5459708445166045,0.0,0.0,0.23926840919948134,0.5,0.5,0.5,-118141218.44113003,0.0,1.0,1.0,1.2,,,,,,,,0.0
658b7311-8759-4009-be67-490e6db4d241,BaggingClassifier,BASE_LINE,PCA,HYPERPARAMETER,0.6947382788507472,0.31488876212207645,0.21667917832525763,0.31488876212207645,0.8142101013725667,0.34771653543307085,3506.0,0.30526172114925276,-0.07413561171568905,0.7654182917818874,0.6522834645669291,0.16895589803731603,1.2662108443313722,0.6851112378779236,0.11849488370608052,1.175678434180125,0.20926990764941628,-0.08393014736300206,0.622645691373033,0.1857898986274334,-0.04686401481203337,0.7577091489053212,0.1595003139727926,0.6851112378779236,0.1857898986274334,0.8142101013725667,0.31488876212207645,0.7907300923505838,2402.0,2071.0,2402.0,2071.0,9076.0,11478.0,3175.0,9076.0,1104.0,0.34771653543307085,0.08267944925905692,-0.08267944925905692,0.012897165964951158,8.316844496374727e-05,8.246010654535585e-05,0.012897165964951158,8.316844496374727e-05,8.246010654535585e-05,0.5648014057574443,-0.16806073720141446,0.684645564995881,-0.11849488370608047,0.11849488370608047,-0.12644302270015906,-0.07161194611559521,0.22331019632524518,0.8142101013725667,0.31488876212207645,-0.11849488370608047,0.23926840919948134,[0.71761414],11147.0,-0.10738356521753481,0.5459708445166045,0.33048944768747196,0.13369107038817396,0.30526172114925276,0.5645494317473215,0.5645494317473215,0.6112260678437036,-601531085.7067783,-0.07163086889404716,0.8815051162939196,0.32250054772511505,0.4089442531454381,,,,,,,,0.11849488370608047
658b7311-8759-4009-be67-490e6db4d241,RandomForestClassifier,BASE_LINE,PCA,HYPERPARAMETER,0.7604586091585341,0.0005704506560182544,0.0005459632839691531,0.0005704506560182544,0.9994617385843725,0.25,3506.0,0.23954139084146586,-0.1077029519949223,0.5779500091412996,0.75,-0.33333333333333337,0.6,0.9994295493439818,-0.0028714301677761345,0.9971276699794606,0.23926254694434962,-0.10775730714578718,0.5772779784233896,0.0005382614156275231,1.5173360066786335e-05,1.02831955922865,0.15749721991231894,0.9994295493439818,0.0005382614156275231,0.9994617385843725,0.0005704506560182544,0.7607374530556504,3504.0,6.0,3504.0,6.0,11141.0,14645.0,8.0,11141.0,2.0,0.25,0.0014433017639214575,0.0014433017639214575,0.04992123758764527,0.0012460649811410636,0.0012067634704737964,0.04992123758764527,0.0012460649811410636,0.0012067634704737964,0.5612436545963241,0.2701223777055539,1.9608579927978709,0.0028714301677761284,0.0028714301677761284,0.11278801309377309,0.0004603280067699796,0.2735029183945853,0.9994617385843725,0.0005704506560182544,0.0028714301677761284,0.23926840919948134,[0.71761414],11147.0,-0.10738356521753481,0.5459708445166045,0.0011383039271485487,0.0005879034424057433,0.23954139084146586,0.5000160946201954,0.5000160946201954,0.4992944205088409,-118779840.30915163,-0.002856256807709348,0.997128569832224,0.0007600228006840206,0.0011395998929896684,,,,,,,,0.0028714301677761284
658b7311-8759-4009-be67-490e6db4d241,GradientBoostingClassifier,BASE_LINE,PCA,HYPERPARAMETER,0.7584794922541459,0.008556759840273816,0.006346823176141404,0.008556759840273816,0.994348255135911,0.3225806451612903,3506.0,0.2415205077458541,-0.10836985378866382,0.5787634857699486,0.6774193548387096,-0.04656319290465638,0.9318181818181818,0.9914432401597262,-0.004593490094663366,0.9953687869923672,0.23873626373626375,-0.10809620283061466,0.5751948971514504,0.005651744864088992,-0.0021441079540288513,0.6426997245179064,0.1591307655044896,0.9914432401597262,0.005651744864088992,0.994348255135911,0.008556759840273816,0.7612637362637362,3476.0,63.0,3476.0,63.0,11084.0,14560.0,93.0,11084.0,30.0,0.3225806451612903,0.0033687990243461315,0.00122469107031728,0.04869795441446884,0.0011857453820768428,0.0011492109097045887,0.04869795441446884,0.0011857453820768428,0.0011492109097045887,0.5641467282622307,-0.34712425379476897,0.789125777589387,0.004593490094663411,0.004593490094663411,-0.03076650496297917,-0.0013806839857609604,0.2729364034172606,0.994348255135911,0.008556759840273816,0.004593490094663411,0.23926840919948134,[0.71761414],11147.0,-0.10738356521753481,0.5459708445166045,0.01667129758266185,0.015606703165904545,0.2415205077458541,0.5014525074880923,0.5014525074880923,0.5008383830799834,-119532988.26212798,-0.002449382140634515,0.9954065099053366,0.01130901894260673,0.016867709647394834,,,,,,,,0.004593490094663411
658b7311-8759-4009-be67-490e6db4d241,XGBClassifier,BASE_LINE,PCA,SMOTE,0.5443253941172456,0.5002852253280091,0.4558110967037467,0.5002852253280091,0.5581770880057415,0.2626141637969756,3506.0,0.45567460588275444,-0.023153253597151813,0.9495614284135103,0.7373858362030244,0.11493041929429093,1.1592512561437232,0.4997147746719909,0.028297255878549865,1.0569154636196163,0.2197140707298721,-0.09928825142409911,0.5772585287507009,0.44182291199425855,-0.02560660968095796,0.9425850837235225,0.13810488813482535,0.4997147746719909,0.44182291199425855,0.5581770880057415,0.5002852253280091,0.780285929270128,1752.0,4925.0,1752.0,4925.0,6222.0,7974.0,6679.0,6222.0,1754.0,0.2626141637969756,0.02695193277975394,-0.02695193277975394,0.021805819328384258,0.0002377468782910682,0.0002343603600640379,0.021805819328384258,0.0002377468782910682,0.0002343603600640379,0.5255566346928281,-0.4737696071749371,0.9302770016117521,-0.02829725587854992,0.02829725587854992,-0.10710933535919498,-0.03210575947820393,0.1869949776101843,0.5581770880057415,0.5002852253280091,-0.02829725587854992,0.23926840919948134,[0.71761414],11147.0,-0.10738356521753481,0.5459708445166045,0.34442808051055473,0.05008032231262162,0.45567460588275444,0.5292311566668753,0.5292311566668753,0.5434949592263123,-149495583.780538,-0.002690646197591906,0.97170274412145,0.4079781357213467,0.5057874903716866,,,,,,,,0.02829725587854992
658b7311-8759-4009-be67-490e6db4d241,GradientBoostingClassifier,BASE_LINE,PCA,SMOTE,0.5370913806046543,0.5142612664004563,0.46973316044496005,0.5142612664004563,0.5442720014353638,0.26194973122185095,3506.0,0.46290861939534567,-0.016229581336290932,0.9651176803405341,0.738050268778149,0.10887277058605727,1.150639166787492,0.4857387335995436,-0.005323819101894833,0.9890504957646596,0.2191763191763192,-0.10477099781325519,0.5538456671728069,0.45572799856463625,-0.014574986509288845,0.9681839124901325,0.13533118986689163,0.4857387335995436,0.45572799856463625,0.5442720014353638,0.5142612664004563,0.7808236808236808,1703.0,5080.0,1703.0,5080.0,6067.0,7770.0,6883.0,6067.0,1803.0,0.26194973122185095,0.00994940280559184,-0.004625583703697006,0.025707832520848878,0.0003304463264600076,0.0003249231981101989,0.025707832520848878,0.0003304463264600076,0.0003249231981101989,0.5202522270339487,-0.5079926909195325,0.9626934253736291,0.005323819101894833,0.014574986509288845,-0.10682188419965624,-0.01761964140170741,0.18320014387599468,0.5442720014353638,0.5142612664004563,0.005323819101894833,0.23926840919948134,[0.71761414],11147.0,-0.10738356521753481,0.5459708445166045,0.3470978920011551,0.05003666239381885,0.46290861939534567,0.52926663391791,0.5292666339179101,0.5317148010346714,-148578697.34339797,0.009251167407394012,0.9946761808981052,0.4144589391414287,0.5144984981518372,,,,,,,,0.005323819101894833
658b7311-8759-4009-be67-490e6db4d241,AdaBoostClassifier,BASE_LINE,PCA,SMOTE,0.519893537159626,0.5253850541928123,0.49225414590868766,0.5253850541928123,0.5181663227774289,0.25537224455843616,3506.0,0.48010646284037395,-0.012720264738484532,0.9736069258474519,0.7446277554415638,0.11861410023202368,1.1628426434497419,0.47461494580718766,0.04887018501668183,1.103926469402564,0.22365591397849463,-0.09559757941669972,0.5988850398625084,0.4818336772225711,-0.0253562197197002,0.947822658781865,0.13251967132774195,0.47461494580718766,0.4818336772225711,0.5181663227774289,0.5253850541928123,0.7763440860215054,1664.0,5371.0,1664.0,5371.0,5776.0,7440.0,7213.0,5776.0,1842.0,0.25537224455843616,0.03711320236819102,-0.03711320236819102,0.020771714545004157,0.00021573206256956864,0.0002128011833078175,0.020771714545004157,0.00021573206256956864,0.0002128011833078175,0.514819718596213,-0.47618235238027296,0.9325571019393664,-0.04887018501668183,0.04887018501668183,-0.10710583982436171,-0.033527585701493556,0.18001466245128503,0.5181663227774289,0.5253850541928123,-0.04887018501668183,0.23926840919948134,[0.71761414],11147.0,-0.10738356521753481,0.5459708445166045,0.3436887769381472,0.03716570824294652,0.48010646284037395,0.5217756884851207,0.5217756884851206,0.5411404552026711,-148816553.51050794,-0.02351396529698163,0.9511298149833182,0.4155433985674807,0.5115651040204983,,,,,,,,0.04887018501668183
658b7311-8759-4009-be67-490e6db4d241,RandomForestClassifier,BASE_LINE,PCA,SMOTE,0.6063604722582406,0.46691386195094126,0.37780659250665394,0.46691386195094126,0.6502197900780479,0.29570086705202314,3506.0,0.39363952774175937,-0.0099240927592813,0.9748808937515685,0.7042991329479769,0.1529077421191205,1.2237035591124992,0.5330861380490588,0.08259103171942594,1.157109995976405,0.20500164527805198,-0.07808853084730877,0.6398061807162277,0.3497802099219521,-0.0038507271995172343,0.9890107075761789,0.14443246086377154,0.5330861380490588,0.3497802099219521,0.6502197900780479,0.46691386195094126,0.794998354721948,1869.0,3899.0,1869.0,3899.0,7248.0,9117.0,5536.0,7248.0,1637.0,0.29570086705202314,0.04322087945947159,-0.04322087945947159,0.024332548871667248,0.0002960364672960375,0.0002913453988009168,0.024332548871667248,0.0002960364672960375,0.0002913453988009168,0.537461553720397,-0.4678397031699125,0.9246855417541799,-0.08259103171942594,0.08259103171942594,-0.11549813648321461,-0.02876911276333466,0.19424704627605477,0.6502197900780479,0.46691386195094126,-0.08259103171942594,0.23926840919948134,[0.71761414],11147.0,-0.10738356521753481,0.5459708445166045,0.3620880336208803,0.10307245549889868,0.39363952774175937,0.5585668260144947,0.5585668260144946,0.5827085754717268,-592366973.8496925,-0.07874030451990871,0.917408968280574,0.4078734271832565,0.50054155387192,,,,,,,,0.08259103171942594
658b7311-8759-4009-be67-490e6db4d241,BaggingClassifier,BASE_LINE,PCA,SMOTE,0.6087490616256057,0.4560752994865944,0.3702313519415819,0.4560752994865944,0.6567686373015161,0.29474654377880183,3506.0,0.3912509383743943,-0.013724067826410224,0.9651004618359469,0.7052534562211982,0.15683773641672571,1.229186881844895,0.5439247005134056,0.09867024248519385,1.1844001253001983,0.20665366276549632,-0.07669355304620057,0.6487273621308975,0.3432313626984839,-0.009190628177106752,0.9733394646724401,0.14623810528377573,0.5439247005134056,0.3432313626984839,0.6567686373015161,0.4560752994865944,0.7933463372345037,1907.0,3826.0,1907.0,3826.0,7321.0,9228.0,5425.0,7321.0,1599.0,0.29474654377880183,0.05393043533115033,-0.05393043533115033,0.022462575167168153,0.00025228364157033967,0.0002485847692652278,0.022462575167168153,0.00025228364157033967,0.0002485847692652278,0.5408106975343142,-0.44742038780980464,0.9059739545537067,-0.0986702424851939,0.0986702424851939,-0.11676564473146314,-0.03529355155246128,0.19698621806930494,0.6567686373015161,0.4560752994865944,-0.0986702424851939,0.23926840919948134,[0.71761414],11147.0,-0.10738356521753481,0.5459708445166045,0.35807860262008734,0.09970329732033936,0.3912509383743943,0.5564219683940552,0.5564219683940552,0.5864300473773623,-1121982694.9035594,-0.0894796143080871,0.901329757514806,0.40117920090321774,0.49222488368486655,,,,,,,,0.0986702424851939
658b7311-8759-4009-be67-490e6db4d241,BernoulliNB,BASE_LINE,PCA,SMOTE,0.7607315908005187,0.0,0.0,0.0,1.0,0.0,3506.0,0.23926840919948134,-0.10738356521753478,0.5786742572730558,0.0,0.0,,1.0,0.0,1.0,0.23926840919948134,-0.10738356521753481,0.5786742572730558,0.0,0.0,,0.15726204359917456,1.0,0.0,1.0,0.0,0.7607315908005187,3506.0,0.0,3506.0,0.0,11147.0,14653.0,0.0,11147.0,0.0,0.0,0.0,0.0,0.04974382511453008,0.0012372240685124768,0.0011983320727399396,0.04974382511453008,0.0012372240685124768,0.0011983320727399396,0.5608244709339537,1.2256338227329897,,0.0,0.0,-0.053691782608767405,0.0,0.2734746892484015,1.0,0.0,0.0,0.23926840919948134,[0.71761414],11147.0,-0.10738356521753481,0.5459708445166045,0.0,0.0,0.23926840919948134,0.5,0.5,0.5,-148825914.63521624,0.0,1.0,1.0,1.2,,,,,,,,0.0
658b7311-8759-4009-be67-490e6db4d241,BaggingClassifier,BASE_LINE,PCA,HYPERPARAMETER_SMOTE,0.6059509997952638,0.46463205932686824,0.3771241384016925,0.46463205932686824,0.6503992105499238,0.2947882736156352,3506.0,0.3940490002047362,-0.0021599112137762333,0.994523035423905,0.7052117263843648,0.1570530165437316,1.2297877725152755,0.5353679406731318,0.08358276263908171,1.1583360108866165,0.20565355538512106,-0.07629279879781639,0.648509794025253,0.3496007894500763,0.005577302070307599,1.0159948933374647,0.144836742761076,0.5353679406731318,0.3496007894500763,0.6503992105499238,0.46463205932686824,0.7943464446148789,1877.0,3897.0,1877.0,3897.0,7250.0,9127.0,5526.0,7250.0,1629.0,0.2947882736156352,0.04458003235469468,-0.03900273028438708,0.026806999414146132,0.00035930760879501555,0.0003530535947223421,0.026806999414146132,0.00035930760879501555,0.0003530535947223421,0.5382132342502849,-0.489786703229837,0.9452151004980284,-0.08358276263908176,0.08358276263908176,-0.11667290767077397,-0.020826485669824868,0.19487466791108246,0.6503992105499238,0.46463205932686824,-0.08358276263908176,0.23926840919948134,[0.71761414],11147.0,-0.10738356521753481,0.5459708445166045,0.36071744906997344,0.10125848027778254,0.3940490002047362,0.557515634938396,0.5575156349383961,0.5792602668772272,-603256113.4271346,-0.07800546056877411,0.9164172373609184,0.406133133881825,0.4986951170564228,,,,,,,,0.08358276263908176
658b7311-8759-4009-be67-490e6db4d241,RandomForestClassifier,BASE_LINE,PCA,HYPERPARAMETER_SMOTE,0.5534020337132328,0.5048488305761551,0.4489183102436361,0.5048488305761551,0.5686731856104782,0.2690787473396169,3506.0,0.4465979662867672,-0.03286702213759918,0.9271844002739621,0.7309212526603831,0.11229880658862568,1.1568605143991613,0.49515116942384485,0.026313794039238225,1.0533970950878884,0.214984520123839,-0.10007619047619049,0.5657851239669421,0.43132681438952186,-0.03610338667035079,0.9174223518608545,0.13758554311780224,0.49515116942384485,0.43132681438952186,0.5686731856104782,0.5048488305761551,0.7850154798761609,1736.0,4808.0,1736.0,4808.0,6339.0,8075.0,6578.0,6339.0,1770.0,0.2690787473396169,0.03120859035479448,-0.03120859035479448,0.01899626893423871,0.0001804291167109614,0.00017818253057250087,0.01899626893423871,0.0001804291167109614,0.00017818253057250087,0.5245675230469424,-0.44879534526697884,0.9073140071956457,-0.02631379403923817,0.03610338667035079,-0.1061874985324081,-0.04217641911466108,0.18570869799591594,0.5686731856104782,0.5048488305761551,-0.02631379403923817,0.23926840919948134,[0.71761414],11147.0,-0.10738356521753481,0.5459708445166045,0.35105117017056725,0.0630643849487319,0.4465979662867672,0.5367610080933166,0.5367610080933167,0.5535125625133276,-148092016.59622782,0.009789592631112565,0.9736862059607619,0.41413196069255964,0.5122597894588692,,,,,,,,0.02631379403923817
658b7311-8759-4009-be67-490e6db4d241,GradientBoostingClassifier,BASE_LINE,PCA,HYPERPARAMETER_SMOTE,0.5541527332286904,0.49885909868796346,0.4453013034873405,0.49885909868796346,0.5715439131604916,0.26804597701149424,3506.0,0.4458472667713096,-0.027042751472832083,0.9398751252537282,0.7319540229885058,0.10857777777777777,1.1514381353830896,0.5011409013120365,-0.0012531328320801727,0.9975,0.21616633858267717,-0.10417153415826236,0.5508253661513425,0.42845608683950837,-0.022802490084179672,0.9472370846849579,0.13867083473284436,0.5011409013120365,0.42845608683950837,0.5715439131604916,0.49885909868796346,0.7838336614173228,1757.0,4776.0,1757.0,4776.0,6371.0,8128.0,6525.0,6371.0,1749.0,0.26804597701149424,0.01202781145812995,-0.010774678626049722,0.02366187830670943,0.00027994224250076316,0.00027562498067675587,0.02366187830670943,0.00027994224250076316,0.00027562498067675587,0.52663238550785,-0.4854605643710834,0.9412118365429779,0.0012531328320802282,0.022802490084179672,-0.10637465596802007,-0.026403977918057264,0.18732081693579716,0.5715439131604916,0.49885909868796346,0.0012531328320802282,0.23926840919948134,[0.71761414],11147.0,-0.10738356521753481,0.5459708445166045,0.3487189711893131,0.06043577416561797,0.4458472667713096,0.5352015059242275,0.5352015059242275,0.5409681301507389,-148386435.6758747,0.0215493572520995,0.9987468671679198,0.4104911107199436,0.5107715420306052,,,,,,,,0.0012531328320802282
658b7311-8759-4009-be67-490e6db4d241,XGBClassifier,BASE_LINE,PCA,ROS,0.5146386405514229,0.5165430690245294,0.4932778270661298,0.5165430690245294,0.5140396519242846,0.2505534034311013,3506.0,0.48536135944857706,0.005861324931565881,1.0120974346478133,0.7494465965688988,0.10547420731795742,1.1437477455516336,0.4834569309754706,-0.03779751927589675,0.922361852298158,0.22828282828282828,-0.1099763387898981,0.5490545490545491,0.4859603480757154,0.013808702305760368,1.0285473659542215,0.13380921208755603,0.4834569309754706,0.4859603480757154,0.5140396519242846,0.5165430690245294,0.7717171717171717,1695.0,5417.0,1695.0,5417.0,5730.0,7425.0,7228.0,5730.0,1811.0,0.2505534034311013,0.025803110790828532,0.025803110790828532,0.034162712883926874,0.0005835454757948115,0.0005707147400323021,0.034162712883926874,0.0005835454757948115,0.0005707147400323021,0.5173184939426698,-0.517509642727803,1.0288767231390648,0.037797519275896696,0.037797519275896696,-0.10772527305392779,0.014184733372047786,0.18233739744468552,0.5140396519242846,0.5165430690245294,0.037797519275896696,0.23926840919948134,[0.71761414],11147.0,-0.10738356521753481,0.5459708445166045,0.3374324576113285,0.02609779272523298,0.48536135944857706,0.5152913604744069,0.5152913604744069,0.501995240410529,-149474154.38259235,-0.023988816970136384,0.9622024807241034,0.4082046658401894,0.5051538039451241,,,,,,,,0.037797519275896696
658b7311-8759-4009-be67-490e6db4d241,GradientBoostingClassifier,BASE_LINE,PCA,ROS,0.5039923565140244,0.5701654306902453,0.5295843854500785,0.5701654306902453,0.4831793307616399,0.2576030927835051,3506.0,0.4960076434859756,-0.014288470317357138,0.9713131128158735,0.7423969072164949,0.11541677417297036,1.1587926684010907,0.4298345693097547,0.04908369650240252,1.1153719876551318,0.2186275932105034,-0.09615414566854677,0.5886188613149803,0.5168206692383601,-0.037532398370959674,0.9282269791807796,0.12364721281256504,0.4298345693097547,0.5168206692383601,0.4831793307616399,0.5701654306902453,0.7813724067894966,1507.0,5761.0,1507.0,5761.0,5386.0,6893.0,7760.0,5386.0,1999.0,0.2576030927835051,0.043308047436681096,-0.043308047436681096,0.017097562383656395,0.00014616331973151109,0.00014452149813545516,0.017097562383656395,0.00014616331973151109,0.00014452149813545516,0.4972870656121372,-0.45383626095352436,0.9164689278224185,-0.04908369650240252,0.04908369650240252,-0.10578545992075859,-0.04478023144365073,0.16751948086031831,0.4831793307616399,0.5701654306902453,-0.04908369650240252,0.23926840919948134,[0.71761414],11147.0,-0.10738356521753481,0.5459708445166045,0.3548730694123913,0.045597573698496624,0.4960076434859756,0.5266723807259426,0.5266723807259426,0.5494815331740114,-148448196.7015331,-0.011551298131442844,0.9509163034975976,0.4374658058868585,0.5334847808424986,,,,,,,,0.04908369650240252
658b7311-8759-4009-be67-490e6db4d241,AdaBoostClassifier,BASE_LINE,PCA,ROS,0.4880229304579267,0.5889903023388476,0.5545622056916673,0.5889903023388476,0.45626625998026377,0.25412256952990403,3506.0,0.5119770695420733,-0.008242811659762594,0.9839376111363207,0.745877430470096,0.11954664920158997,1.1637947372335649,0.4110096976611523,0.07325838481554203,1.1811314983200698,0.220775241305347,-0.09105262788969734,0.6130086992790323,0.5437337400197363,-0.0407224644843005,0.9260081700608465,0.1192391395901853,0.4110096976611523,0.5437337400197363,0.45626625998026377,0.5889903023388476,0.779224758694653,1441.0,6061.0,1441.0,6061.0,5086.0,6527.0,8126.0,5086.0,2065.0,0.25412256952990403,0.05699042464992127,-0.05699042464992127,0.015274325767603967,0.00011665251382744524,0.00011547929876313947,0.015274325767603967,0.00011665251382744524,0.00011547929876313947,0.4883423790542559,-0.4371375888167476,0.9103485949226435,-0.07325838481554203,0.07325838481554203,-0.10529963854564364,-0.05037343800138594,0.1619037298392308,0.45626625998026377,0.5889903023388476,-0.07325838481554203,0.23926840919948134,[0.71761414],11147.0,-0.10738356521753481,0.5459708445166045,0.35505502063273725,0.038848235969867764,0.5119770695420733,0.5226282811595556,0.5226282811595557,0.5524130888368973,-148817078.15224835,-0.03253592033124153,0.926741615184458,0.44303797468354433,0.5363526285012898,,,,,,,,0.07325838481554203
658b7311-8759-4009-be67-490e6db4d241,RandomForestClassifier,BASE_LINE,PCA,ROS,0.6554971678154644,0.44381061038220193,0.3176141404490548,0.44381061038220193,0.7220776890643222,0.3343360550064461,3506.0,0.3445028321845356,-0.04915541024548975,0.8602129069222267,0.665663944993554,0.17729389052918465,1.2743487238061768,0.5561893896177981,0.1726489791357374,1.3192905801861379,0.19501950195019502,-0.06760957661186301,0.671744929312044,0.27792231093567776,-0.05556460840332561,0.8063745610082769,0.14549199770621885,0.5561893896177981,0.27792231093567776,0.7220776890643222,0.44381061038220193,0.804980498049805,1950.0,3098.0,1950.0,3098.0,8049.0,9999.0,4654.0,8049.0,1556.0,0.3343360550064461,0.11410679376953153,-0.11410679376953153,0.005244381701740819,1.3751769716776964e-05,1.3703691234978503e-05,0.005244381701740819,1.3751769716776964e-05,1.3703691234978503e-05,0.5394293238343997,-0.2234287163393387,0.7239654268775922,-0.17264897913573746,0.17264897913573746,-0.12245173357052382,-0.09133561729633166,0.19637364380102648,0.7220776890643222,0.44381061038220193,-0.17264897913573746,0.23926840919948134,[0.71761414],11147.0,-0.10738356521753481,0.5459708445166045,0.3813725490196078,0.15202297876062337,0.3445028321845356,0.5829441497232621,0.5829441497232621,0.6494620375948893,-907954146.0987163,-0.11708437073241179,0.8273510208642626,0.41022936989190606,0.49309679642419,,,,,,,,0.17264897913573746
658b7311-8759-4009-be67-490e6db4d241,BaggingClassifier,BASE_LINE,PCA,ROS,0.6475807001979117,0.44637763833428407,0.3267590254555381,0.44637763833428407,0.7108639095720821,0.32685881370091896,3506.0,0.3524192998020883,-0.05017436507813866,0.8605141513343821,0.673141186299081,0.1680682794552938,1.2568431162498614,0.5536223616657159,0.15797854508883669,1.2928382787012582,0.19675620881905728,-0.07080710262323031,0.6599038642295366,0.2891360904279178,-0.0557969320292509,0.8129008373349014,0.14576113799303714,0.5536223616657159,0.2891360904279178,0.7108639095720821,0.44637763833428407,0.8032437911809427,1941.0,3223.0,1941.0,3223.0,7924.0,9865.0,4788.0,7924.0,1565.0,0.32685881370091896,0.10688773855904382,-0.10688773855904382,0.006185159319118871,1.9128097901441508e-05,1.9049318521655273e-05,0.006185159319118871,1.9128097901441508e-05,1.9049318521655273e-05,0.5399280285242416,-0.2452789492380636,0.7399899079333606,-0.15797854508883674,0.15797854508883674,-0.11943769103926206,-0.08829630481949996,0.1965179026083272,0.7108639095720821,0.44637763833428407,-0.15797854508883674,0.23926840919948134,[0.71761414],11147.0,-0.10738356521753481,0.5459708445166045,0.37738123945020496,0.1430298394681134,0.3524192998020883,0.5786207739531831,0.5786207739531831,0.6404682399643224,-1397024436.1387696,-0.10218161305958579,0.8420214549111633,0.40898993858617533,0.4936066388937231,,,,,,,,0.15797854508883674
658b7311-8759-4009-be67-490e6db4d241,BernoulliNB,BASE_LINE,PCA,ROS,0.7607315908005187,0.0,0.0,0.0,1.0,0.0,3506.0,0.23926840919948134,-0.10738356521753478,0.5786742572730558,0.0,0.0,,1.0,0.0,1.0,0.23926840919948134,-0.10738356521753481,0.5786742572730558,0.0,0.0,,0.15726204359917456,1.0,0.0,1.0,0.0,0.7607315908005187,3506.0,0.0,3506.0,0.0,11147.0,14653.0,0.0,11147.0,0.0,0.0,0.0,0.0,0.04974382511453008,0.0012372240685124768,0.0011983320727399396,0.04974382511453008,0.0012372240685124768,0.0011983320727399396,0.5608244709339537,1.2256338227329897,,0.0,0.0,-0.053691782608767405,0.0,0.2734746892484015,1.0,0.0,0.0,0.23926840919948134,[0.71761414],11147.0,-0.10738356521753481,0.5459708445166045,0.0,0.0,0.23926840919948134,0.5,0.5,0.5,-148825914.63521624,0.0,1.0,1.0,1.2,,,,,,,,0.0
658b7311-8759-4009-be67-490e6db4d241,BaggingClassifier,BASE_LINE,PCA,HYPERPARAMETER_ROS,0.6545417320685184,0.4423844837421563,0.31788712209103936,0.4423844837421563,0.721270296940881,0.33297552597681407,3506.0,0.3454582679314816,-0.048624611624028535,0.8620669001179313,0.6670244740231859,0.1757026121964994,1.2713141715729024,0.5576155162578437,0.16758456651182085,1.3088510024859885,0.19559779889944973,-0.06849186962840212,0.6685736955221488,0.27872970305911904,-0.053896542481275345,0.8125372588761605,0.1458105643549423,0.5576155162578437,0.27872970305911904,0.721270296940881,0.4423844837421563,0.8044022011005503,1955.0,3107.0,1955.0,3107.0,8040.0,9995.0,4658.0,8040.0,1551.0,0.33297552597681407,0.11074055449654815,-0.11074055449654815,0.006036430697653395,1.8219247783786124e-05,1.8146002309109286e-05,0.006036430697653395,1.8219247783786124e-05,1.8146002309109286e-05,0.5400195632658918,-0.23341669493411676,0.731239584569807,-0.16758456651182096,0.16758456651182096,-0.12209724091245076,-0.08890725016985704,0.19684115002528893,0.721270296940881,0.4423844837421563,-0.16758456651182096,0.23926840919948134,[0.71761414],11147.0,-0.10738356521753481,0.5459708445166045,0.3799608035276825,0.14994172799984737,0.3454582679314816,0.5818273903415186,0.5818273903415186,0.6462592781692179,-906393798.4440112,-0.11368802403054551,0.832415433488179,0.40880337374802317,0.49231570961764604,,,,,,,,0.16758456651182096
658b7311-8759-4009-be67-490e6db4d241,RandomForestClassifier,BASE_LINE,PCA,HYPERPARAMETER_ROS,0.5459632839691531,0.5211066742726754,0.46413703678427626,0.5211066742726754,0.5537812864447833,0.2686369651521835,3506.0,0.45403671603084694,-0.01903872980973753,0.9583217877753623,0.7313630348478165,0.1298848835686961,1.1818573215621473,0.47889332572732457,0.08264889931835956,1.1752925492519626,0.21383087111563934,-0.08595855615842607,0.6218394682226319,0.44621871355521664,-0.03414797155201632,0.9244144045248064,0.13446309669381906,0.47889332572732457,0.44621871355521664,0.5537812864447833,0.5211066742726754,0.7861691288843606,1679.0,4974.0,1679.0,4974.0,6173.0,7852.0,6801.0,6173.0,1827.0,0.2686369651521835,0.05839843543518797,-0.05839843543518797,0.01664150472982275,0.00013846983983635644,0.0001369550825537287,0.01664150472982275,0.00013846983983635644,0.0001369550825537287,0.5185809419826746,-0.43500154364264854,0.8948926702689248,-0.08264889931835961,0.08264889931835961,-0.10792171986356111,-0.049540767119333806,0.18135562630559765,0.5537812864447833,0.5211066742726754,-0.08264889931835961,0.23926840919948134,[0.71761414],11147.0,-0.10738356521753481,0.5459708445166045,0.354516348112933,0.06406494062501011,0.45403671603084694,0.5374439803587294,0.5374439803587294,0.5688298679457391,-147776451.31935996,-0.04850092776634324,0.9173511006816405,0.4219643166464576,0.5145945498390211,,,,,,,,0.08264889931835961
658b7311-8759-4009-be67-490e6db4d241,GradientBoostingClassifier,BASE_LINE,PCA,HYPERPARAMETER_ROS,0.543574694601788,0.5262407301768397,0.46898246092950246,0.5262407301768397,0.5490266439400736,0.26848079161816063,3506.0,0.456425305398212,-0.016887407084925865,0.9631985581465788,0.7315192083818394,0.12899188632361303,1.1805643999535846,0.4737592698231603,0.07779400731127178,1.1666566921728723,0.2134687058218738,-0.08633615765422697,0.6195994127516778,0.45097335605992644,-0.03192988608762287,0.9300047693282366,0.1334670196819244,0.4737592698231603,0.45097335605992644,0.5490266439400736,0.5262407301768397,0.7865312941781262,1661.0,5027.0,1661.0,5027.0,6120.0,7781.0,6872.0,6120.0,1845.0,0.26848079161816063,0.054861946699447356,-0.054861946699447356,0.017313602111729064,0.00014988040904163457,0.0001481760105471813,0.017313602111729064,0.00014988040904163457,0.0001481760105471813,0.5166565971357076,-0.4421170236614974,0.9012904920747387,-0.07779400731127184,0.07779400731127184,-0.10766402198891997,-0.04696662070637436,0.1799713051852934,0.5490266439400736,0.5262407301768397,-0.07779400731127184,0.23926840919948134,[0.71761414],11147.0,-0.10738356521753481,0.5459708445166045,0.3555598381190981,0.06434761256317792,0.456425305398212,0.5376336870584566,0.5376336870584566,0.5671293177416851,-147528596.92091963,-0.04586412122364891,0.9222059926887282,0.42438182863714774,0.517500704303568,,,,,,,,0.07779400731127184
658b7311-8759-4009-be67-490e6db4d241,XGBClassifier,BASE_LINE,PCA,RUS,0.5213949361905412,0.4917284654877353,0.4746468300006825,0.4917284654877353,0.5307257558087378,0.24787922358015815,3506.0,0.4786050638094588,-0.0345943210360673,0.9284696587987936,0.7521207764198419,0.0848283982958905,1.1146220680778032,0.5082715345122647,-0.06505315837364112,0.87346149815438,0.23148869836321123,-0.12669107965381982,0.493776106465511,0.46927424419126224,-0.024174645964771868,0.9489135425400247,0.13864932460639537,0.5082715345122647,0.46927424419126224,0.5307257558087378,0.4917284654877353,0.7685113016367888,1782.0,5231.0,1782.0,5231.0,5916.0,7698.0,6955.0,5916.0,1724.0,0.24787922358015815,0.04461390216920649,0.020439256204434625,0.027100901020099516,0.0003672294180506155,0.0003607697235486158,0.027100901020099516,0.0003672294180506155,0.0003607697235486158,0.5265915392529495,-0.5196807961638856,0.9740209637427331,0.06505315837364112,0.06505315837364112,-0.1057597389748552,-0.012377587779232813,0.189225127233792,0.5307257558087378,0.4917284654877353,0.06505315837364112,0.23926840919948134,[0.71761414],11147.0,-0.10738356521753481,0.5459708445166045,0.3296052002676608,0.01918427690549605,0.4786050638094588,0.5112271106482364,0.5112271106482366,0.5007780087550444,-150648342.75256562,-0.04087851240886925,0.9349468416263589,0.3946660562009958,0.4888258538473334,,,,,,,,0.06505315837364112
658b7311-8759-4009-be67-490e6db4d241,GradientBoostingClassifier,BASE_LINE,PCA,RUS,0.5205077458540913,0.5054192812321734,0.4820855797447622,0.5054192812321734,0.5252534314165246,0.2508493771234428,3506.0,0.4794922541459087,-0.025740414008673107,0.9467328246786811,0.7491506228765572,0.10399786906194886,1.141530060913356,0.4945807187678266,0.005952380952380931,1.0120481927710843,0.22848860192383713,-0.10917339835586651,0.5545836112735288,0.47474656858347536,-0.029395049351796432,0.9387006479215723,0.13613024989790065,0.4945807187678266,0.47474656858347536,0.5252534314165246,0.5054192812321734,0.7715113980761629,1734.0,5292.0,1734.0,5292.0,5855.0,7589.0,7064.0,5855.0,1772.0,0.2508493771234428,0.01767371515208868,-0.01767371515208868,0.022289365681157965,0.0002484079112341912,0.00024479318910921704,0.022289365681157965,0.0002484079112341912,0.00024479318910921704,0.5217858754276521,-0.4850145715738011,0.9408254605838059,-0.005952380952380931,0.029395049351796432,-0.10658563370890772,-0.02877458839385355,0.18546755082398342,0.5252534314165246,0.5054192812321734,-0.005952380952380931,0.23926840919948134,[0.71761414],11147.0,-0.10738356521753481,0.5459708445166045,0.33528855250709555,0.026189036490478962,0.4794922541459087,0.515336356324349,0.5153363563243489,0.5244442642935407,-149091049.53840196,0.0234426683994155,0.9940476190476191,0.4031395745648959,0.5027610824145299,,,,,,,,0.005952380952380931
658b7311-8759-4009-be67-490e6db4d241,AdaBoostClassifier,BASE_LINE,PCA,RUS,0.5010578038626903,0.560467769537935,0.5278782501876749,0.560467769537935,0.4823719386381986,0.2540400775694893,3506.0,0.4989421961373097,-0.01827142895504419,0.9635734835668619,0.7459599224305107,0.11481361309395055,1.1571503999447332,0.439532230462065,0.05592205034880193,1.1286973213506675,0.22275224053194564,-0.09738464803021474,0.5910827756827897,0.5176280613618014,-0.04244555597670974,0.919080300638477,0.12515589294546833,0.439532230462065,0.5176280613618014,0.4823719386381986,0.560467769537935,0.7772477594680544,1541.0,5770.0,1541.0,5770.0,5377.0,6918.0,7735.0,5377.0,1965.0,0.2540400775694893,0.049183803162755835,-0.049183803162755835,0.016012945208038233,0.00012820720711781728,0.00012685665109346653,0.016012945208038233,0.00012820720711781728,0.00012685665109346653,0.5003116887410654,-0.446141698143924,0.9087259802443862,-0.05592205034880193,0.05592205034880193,-0.10609913056208263,-0.04882912267347589,0.17006265843643104,0.4823719386381986,0.560467769537935,-0.05592205034880193,0.23926840919948134,[0.71761414],11147.0,-0.10738356521753481,0.5459708445166045,0.3496130237523352,0.03661095202464415,0.4989421961373097,0.5214198540880668,0.5214198540880668,0.5470652655566871,-148833166.13440055,-0.013476494372092196,0.9440779496511981,0.43061414561989814,0.5259684813220789,,,,,,,,0.05592205034880193
658b7311-8759-4009-be67-490e6db4d241,RandomForestClassifier,BASE_LINE,PCA,RUS,0.5406401419504538,0.5744438106103822,0.4949839623285334,0.5744438106103822,0.5300080739212344,0.27767820212325933,3506.0,0.45935985804954615,-0.013726205572571759,0.9702480099358102,0.7223217978767407,0.13626368092959684,1.1933591122784393,0.4255561893896178,0.10975088996376292,1.263997619264756,0.20162162162162162,-0.07533362450702275,0.647572614212813,0.4699919260787656,-0.04280121481345034,0.9102626518447273,0.12492517426748595,0.4255561893896178,0.4699919260787656,0.5300080739212344,0.5744438106103822,0.7983783783783783,1492.0,5239.0,1492.0,5239.0,5908.0,7400.0,7253.0,5908.0,2014.0,0.27767820212325933,0.07627605238860663,-0.07627605238860663,0.012119094276648921,7.343622304315233e-05,7.284794317205355e-05,0.012119094276648921,7.343622304315233e-05,7.284794317205355e-05,0.49985032613270536,-0.40987173334067295,0.8726997811518071,-0.10975088996376292,0.10975088996376292,-0.10579865271830984,-0.06419899251398803,0.16701161053589966,0.5300080739212344,0.5744438106103822,-0.10975088996376292,0.23926840919948134,[0.71761414],11147.0,-0.10738356521753481,0.5459708445166045,0.37438423645320196,0.08913054002095279,0.45935985804954615,0.5522259422658082,0.5522259422658082,0.5943475571684228,-502614174.5337555,-0.06694967515031258,0.8902491100362371,0.45332282932868156,0.54199092466761,,,,,,,,0.10975088996376292
658b7311-8759-4009-be67-490e6db4d241,BaggingClassifier,BASE_LINE,PCA,RUS,0.5420732955708728,0.5453508271534512,0.479628744966901,0.5453508271534512,0.5410424329415986,0.27205463858850315,3506.0,0.4579267044291272,-0.010950323429743003,0.976169965137428,0.7279453614114969,0.13732735986257116,1.1934433622429619,0.45464917284654877,0.10577997541624762,1.237614131969502,0.20904918032786884,-0.07792462623270416,0.6479956539143364,0.45895756705840135,-0.03356949457950903,0.9277179226082192,0.13004720043744059,0.45464917284654877,0.45895756705840135,0.5410424329415986,0.5453508271534512,0.7909508196721311,1594.0,5116.0,1594.0,5116.0,6031.0,7625.0,7028.0,6031.0,1912.0,0.27205463858850315,0.06967473499787832,-0.06967473499787832,0.015187433477987077,0.00011532906782414132,0.0001141756388452806,0.015187433477987077,0.00011532906782414132,0.0001141756388452806,0.5099945106321059,-0.4288010281324174,0.8893719544729409,-0.10577997541624762,0.10577997541624762,-0.10762599304763763,-0.05392719721675948,0.1748199097584157,0.5410424329415986,0.5453508271534512,-0.10577997541624762,0.23926840919948134,[0.71761414],11147.0,-0.10738356521753481,0.5459708445166045,0.363014999050693,0.07377836365031949,0.4579267044291272,0.5431966300475248,0.5431966300475248,0.5810437112978267,-1181467529.7237854,-0.07221048083673859,0.8942200245837524,0.4358828222956799,0.525699510268237,,,,,,,,0.10577997541624762
658b7311-8759-4009-be67-490e6db4d241,BernoulliNB,BASE_LINE,PCA,RUS,0.7607315908005187,0.0,0.0,0.0,1.0,0.0,3506.0,0.23926840919948134,-0.10738356521753478,0.5786742572730558,0.0,0.0,,1.0,0.0,1.0,0.23926840919948134,-0.10738356521753481,0.5786742572730558,0.0,0.0,,0.15726204359917456,1.0,0.0,1.0,0.0,0.7607315908005187,3506.0,0.0,3506.0,0.0,11147.0,14653.0,0.0,11147.0,0.0,0.0,0.0,0.0,0.04974382511453008,0.0012372240685124768,0.0011983320727399396,0.04974382511453008,0.0012372240685124768,0.0011983320727399396,0.5608244709339537,1.2256338227329897,,0.0,0.0,-0.053691782608767405,0.0,0.2734746892484015,1.0,0.0,0.0,0.23926840919948134,[0.71761414],11147.0,-0.10738356521753481,0.5459708445166045,0.0,0.0,0.23926840919948134,0.5,0.5,0.5,-148825914.63521624,0.0,1.0,1.0,1.2,,,,,,,,0.0
658b7311-8759-4009-be67-490e6db4d241,BaggingClassifier,BASE_LINE,PCA,HYPERPARAMETER_RUS,0.5405036511294615,0.5724472333143183,0.4941650174025797,0.5724472333143183,0.5304566251009241,0.2771716613727386,3506.0,0.4594963488705385,-0.012237246618948205,0.9734707847229171,0.7228283386272615,0.13715640198409595,1.194531233507146,0.4275527666856817,0.11105590409143878,1.265934317974398,0.20223961144090663,-0.07489555905480355,0.6504686625056767,0.469543374899076,-0.04094917928062919,0.9140104093053935,0.12526438656378464,0.4275527666856817,0.469543374899076,0.5304566251009241,0.5724472333143183,0.7977603885590934,1499.0,5234.0,1499.0,5234.0,5913.0,7412.0,7241.0,5913.0,2007.0,0.2771716613727386,0.07600254168603396,-0.07600254168603396,0.012550395536156618,7.875621405698998e-05,7.810321084661927e-05,0.012550395536156618,7.875621405698998e-05,7.810321084661927e-05,0.5005284938218495,-0.41299805412143875,0.8754330305780118,-0.11105590409143873,0.11105590409143873,-0.10602598051944977,-0.06269128140105329,0.16754463318599325,0.5304566251009241,0.5724472333143183,-0.11105590409143873,0.23926840919948134,[0.71761414],11147.0,-0.10738356521753481,0.5459708445166045,0.3734995812784963,0.08781114426397768,0.4594963488705385,0.5514519292076212,0.5514519292076212,0.5933636774450672,-505179660.8710242,-0.0701067248108096,0.8889440959085614,0.4520524804324568,0.5406189346497696,,,,,,,,0.11105590409143873
658b7311-8759-4009-be67-490e6db4d241,RandomForestClassifier,BASE_LINE,PCA,HYPERPARAMETER_RUS,0.5116358424895926,0.5675984027381632,0.5207124820855797,0.5675984027381632,0.4940342693101283,0.2608125819134993,3506.0,0.4883641575104074,-0.032823179589129725,0.9334395237735977,0.7391874180865007,0.1064997480647889,1.1468610469671783,0.43240159726183686,0.032272161294957136,1.0751369357064209,0.21586216716502918,-0.10356278964620777,0.5544760515438852,0.5059657306898717,-0.05483988857912403,0.893493061348515,0.12458244396057101,0.43240159726183686,0.5059657306898717,0.4940342693101283,0.5675984027381632,0.7841378328349708,1516.0,5640.0,1516.0,5640.0,5507.0,7023.0,7630.0,5507.0,1990.0,0.2608125819134993,0.04355602493704058,-0.04355602493704058,0.013723139130975845,9.416227380406023e-05,9.330980647091987e-05,0.013723139130975845,9.416227380406023e-05,9.330980647091987e-05,0.4991641893416855,-0.43083687720211994,0.8913528937982471,-0.032272161294957136,0.05483988857912403,-0.10503126885549832,-0.057481293971000824,0.16841010713730434,0.4940342693101283,0.5675984027381632,-0.032272161294957136,0.23926840919948134,[0.71761414],11147.0,-0.10738356521753481,0.5459708445166045,0.3573994252873563,0.052634724000674156,0.4883641575104074,0.5308163360241457,0.5308163360241458,0.553936585593002,-149541695.99519575,0.022567727284166894,0.9677278387050429,0.43861582543530964,0.536370632807325,,,,,,,,0.032272161294957136
658b7311-8759-4009-be67-490e6db4d241,GradientBoostingClassifier,BASE_LINE,PCA,HYPERPARAMETER_RUS,0.5292431583975977,0.5211066742726754,0.4808571623558316,0.5211066742726754,0.5318022786399929,0.2592960544990065,3506.0,0.4707568416024023,-0.04409667773244097,0.9075858781925886,0.7407039455009935,0.10006087181972922,1.1375359276102233,0.47889332572732457,0.012688967642035032,1.02655946538582,0.2207177599579335,-0.10983159262379696,0.5386352902635781,0.4681977213600072,-0.05382049856000681,0.8871595388537444,0.13375942623956627,0.47889332572732457,0.4681977213600072,0.5318022786399929,0.5211066742726754,0.7792822400420665,1679.0,5219.0,1679.0,5219.0,5928.0,7607.0,7046.0,5928.0,1827.0,0.2592960544990065,0.033254733101020895,-0.033254733101020895,0.015544367390772812,0.00012081367878966057,0.00011957754045032941,0.015544367390772812,0.00012081367878966057,0.00011957754045032941,0.5172222466978122,-0.43207364513323687,0.8922897436988022,-0.012688967642034976,0.05382049856000681,-0.1049462322217631,-0.052616683811140874,0.18129247699111475,0.5318022786399929,0.5211066742726754,-0.012688967642034976,0.23926840919948134,[0.71761414],11147.0,-0.10738356521753481,0.5459708445166045,0.3462850644427597,0.045178946084704984,0.4707568416024023,0.5264544764563341,0.5264544764563341,0.5439615795607272,-150836691.81008348,0.04113153091797178,0.9873110323579649,0.41607834206331135,0.5154958809720717,,,,,,,,0.012688967642034976
658b7311-8759-4009-be67-490e6db4d241,XGBClassifier,BASE_LINE,FAIR_PCA,FAIR_PCA,0.8317068177165086,0.5188248716486024,0.17730157646898245,0.5188248716486024,0.9301157262043599,0.7001539645881447,3506.0,0.16829318228349144,-0.05346919447774412,0.6963046749935297,0.2998460354118553,0.1026232269152415,1.3537642323720422,0.4811751283513976,0.045162667816036894,1.0946547837615166,0.1399419328079635,-0.06256867770983869,0.5820675257109724,0.06988427379564008,-0.01963834266760659,0.7312829710057116,0.09344932996568348,0.4811751283513976,0.06988427379564008,0.9301157262043599,0.5188248716486024,0.8600580671920365,1687.0,779.0,1687.0,779.0,10368.0,12055.0,2598.0,10368.0,1819.0,0.7001539645881447,0.03240050524182177,-0.03240050524182177,0.013404492298418974,8.98402068891868e-05,8.904544257797043e-05,0.013404492298418974,8.98402068891868e-05,8.904544257797043e-05,0.432317776561833,-0.06617739238984144,0.6180330806734249,-0.04516266781603695,0.04516266781603695,-0.0825959523125401,-0.07170266906234254,0.14253841827857675,0.9301157262043599,0.5188248716486024,-0.04516266781603695,0.23926840919948134,[0.72370163],11147.0,-0.10738356521753481,0.5459708445166045,0.596002621231979,0.5014996754453759,0.16829318228349144,0.7244702989264811,0.7244702989264811,0.7479435026443927,-205512868.86778265,-0.025524325148430303,0.954837332183963,0.5547422994815492,0.6448040226835322,,,,,,,,0.04516266781603695
658b7311-8759-4009-be67-490e6db4d241,GradientBoostingClassifier,BASE_LINE,FAIR_PCA,FAIR_PCA,0.8325257626424623,0.4945807187678266,0.16488091175868422,0.4945807187678266,0.9388176190903382,0.7177152317880795,3506.0,0.16747423735753775,-0.05525878804944384,0.6851405543533964,0.28228476821192056,0.10126894466764791,1.3714327400058361,0.5054192812321734,0.03952157463723005,1.078747107516878,0.14480673367655472,-0.06544147468029268,0.5776941540294221,0.06118238090966179,-0.016483346499322815,0.7419084068260394,0.09450780859309088,0.5054192812321734,0.06118238090966179,0.9388176190903382,0.4945807187678266,0.8551932663234453,1772.0,682.0,1772.0,682.0,10465.0,12237.0,2416.0,10465.0,1734.0,0.7177152317880795,0.028002460568276405,-0.028002460568276405,0.015560191728493029,0.00012105978331373143,0.00011981988993556174,0.015560191728493029,0.00012105978331373143,0.00011981988993556174,0.43475926348518645,-0.06776900334992697,0.6189350480469034,-0.039521574637229995,0.039521574637229995,-0.08335520967397024,-0.06651293396434599,0.14700782794573453,0.9388176190903382,0.4945807187678266,-0.039521574637229995,0.23926840919948134,[0.72370163],11147.0,-0.10738356521753481,0.5459708445166045,0.585612968591692,0.49829468271932453,0.16747423735753775,0.7166991689290825,0.7166991689290825,0.7367685091463355,-167604910.62016815,-0.023038228137907235,0.9604784253627701,0.5362610174733261,0.6288418430195121,,,,,,,,0.039521574637229995
658b7311-8759-4009-be67-490e6db4d241,AdaBoostClassifier,BASE_LINE,FAIR_PCA,FAIR_PCA,0.8284310380126937,0.47261836851112377,0.15846584317204668,0.47261836851112377,0.9403426931012828,0.7136089577950043,3506.0,0.1715689619873063,-0.05510363268330343,0.6931445550352635,0.28639104220499567,0.11355721580544492,1.4120616760055955,0.5273816314888762,0.04688073687403216,1.089606773713719,0.14994728732462898,-0.06640707104168717,0.5855323943308351,0.05965730689871714,-0.014661657686635285,0.763691555212987,0.09766554295123941,0.5273816314888762,0.05965730689871714,0.9403426931012828,0.47261836851112377,0.850052712675371,1849.0,665.0,1849.0,665.0,10482.0,12331.0,2322.0,10482.0,1657.0,0.7136089577950043,0.03077119728033375,-0.03077119728033375,0.01665008563596845,0.00013861267584254147,0.00013709559008049242,0.01665008563596845,0.00013861267584254147,0.00013709559008049242,0.44196276528965517,-0.06759144680621842,0.6187762252379763,-0.046880736874032214,0.046880736874032214,-0.08998214342356602,-0.06395330172269337,0.15269934739096064,0.9403426931012828,0.47261836851112377,-0.046880736874032214,0.23926840919948134,[0.72370163],11147.0,-0.10738356521753481,0.5459708445166045,0.5686341798215512,0.4824627672967819,0.1715689619873063,0.7064805308062033,0.7064805308062033,0.7282197825943559,-145895966.6455882,-0.032219079187396873,0.9531192631259677,0.5161993769470405,0.6093030113987215,,,,,,,,0.046880736874032214
658b7311-8759-4009-be67-490e6db4d241,RandomForestClassifier,BASE_LINE,FAIR_PCA,FAIR_PCA,0.7996314747833209,0.5162578436965203,0.20814850201323962,0.5162578436965203,0.8887593074369785,0.5934426229508196,3506.0,0.20036852521667914,-0.047582629139745425,0.7704449740577151,0.4065573770491803,0.15088758797730356,1.385585989034265,0.4837421563034798,0.0738250881982025,1.1547273023825755,0.14616909419977592,-0.060691386335232744,0.6101883511941912,0.11124069256302144,-0.02296969224647205,0.8002300391015125,0.10620751797591695,0.4837421563034798,0.11124069256302144,0.8887593074369785,0.5162578436965203,0.853830905800224,1696.0,1240.0,1696.0,1240.0,9907.0,11603.0,3050.0,9907.0,1810.0,0.5934426229508196,0.0483973902223373,-0.0483973902223373,0.012043661082758285,7.252488613817324e-05,7.194746937253331e-05,0.012043661082758285,7.252488613817324e-05,7.194746937253331e-05,0.4608850572017213,-0.13267216296225648,0.6607705271135056,-0.07382508819820255,0.07382508819820255,-0.1057894871562681,-0.07427077728000381,0.15269668942536785,0.8887593074369785,0.5162578436965203,-0.07382508819820255,0.23926840919948134,[0.72370163],11147.0,-0.10738356521753481,0.5459708445166045,0.5521659548505186,0.42562125227974085,0.20036852521667914,0.7025085755667494,0.7025085755667494,0.7365081572329916,-567030211.9157853,-0.05085539595173044,0.9261749118017976,0.5336084905660378,0.6214041466085146,,,,,,,,0.07382508819820255
658b7311-8759-4009-be67-490e6db4d241,BaggingClassifier,BASE_LINE,FAIR_PCA,FAIR_PCA,0.8031119907186242,0.4860239589275528,0.1901999590527537,0.4860239589275528,0.9028438144792321,0.6114101184068891,3506.0,0.19688800928137584,-0.0649429281781797,0.6852379131178318,0.38858988159311086,0.09738274464389113,1.256959511077158,0.5139760410724472,0.030123078396628533,1.0589171974522293,0.1518624641833811,-0.07131075934337264,0.5625224739302409,0.09715618552076792,-0.029838264970556597,0.7075097807718128,0.10753432146202842,0.5139760410724472,0.09715618552076792,0.9028438144792321,0.4860239589275528,0.8481375358166189,1802.0,1083.0,1802.0,1083.0,10064.0,11866.0,2787.0,10064.0,1704.0,0.6114101184068891,0.029980671683592537,-0.029980671683592537,0.013332513573400998,8.887795909246092e-05,8.809586007052485e-05,0.013332513573400998,8.887795909246092e-05,8.809586007052485e-05,0.46375493843630045,-0.10712958799183747,0.6439919761378358,-0.030123078396628478,0.030123078396628478,-0.08434675199363185,-0.07140627243227057,0.15806092054149065,0.9028438144792321,0.4860239589275528,-0.030123078396628478,0.23926840919948134,[0.72370163],11147.0,-0.10738356521753481,0.5459708445166045,0.5415541077387573,0.42273309909706225,0.19688800928137584,0.6944338867033925,0.6944338867033925,0.7152534810666079,-1067122592.990076,-0.0002848134260719365,0.9698769216033716,0.5122886133032695,0.6078894375469466,,,,,,,,0.030123078396628478
658b7311-8759-4009-be67-490e6db4d241,BernoulliNB,BASE_LINE,FAIR_PCA,FAIR_PCA,0.8065925066539276,0.414717626925271,0.15259673786937827,0.414717626925271,0.9298465954965461,0.6502683363148479,3506.0,0.19340749334607243,-0.06416805145112459,0.6834814193092225,0.34973166368515207,0.11380206882013283,1.335303776683087,0.5852823730747291,0.06723616365755147,1.1160723820415923,0.1652573085286301,-0.07084651404215037,0.5980255387689565,0.07015340450345385,-0.023250428927863366,0.6855463728191001,0.11142561990657875,0.5852823730747291,0.07015340450345385,0.9298465954965461,0.414717626925271,0.8347426914713699,2052.0,782.0,2052.0,782.0,10365.0,12417.0,2236.0,10365.0,1454.0,0.6502683363148479,0.045243296292707444,-0.045243296292707444,0.015589879863366941,0.00012152217707710703,0.00012027521847632497,0.015589879863366941,0.00012152217707710703,0.00012027521847632497,0.4720712232419569,-0.01572779130156965,0.5873893347830316,-0.06723616365755153,0.06723616365755153,-0.09232429143114163,-0.06697840006276723,0.17166427064638456,0.9298465954965461,0.414717626925271,-0.06723616365755153,0.23926840919948134,[0.72370163],11147.0,-0.10738356521753481,0.5459708445166045,0.5064437478230581,0.4088000093629701,0.19340749334607243,0.6722821112109085,0.6722821112109085,0.7026983699607106,-172265008.0065001,-0.04398573472968811,0.9327638363424484,0.4560137995922848,0.5496604556224925,,,,,,,,0.06723616365755153
658b7311-8759-4009-be67-490e6db4d241,BaggingClassifier,BASE_LINE,FAIR_PCA,HYPERPARAMETER,0.8201733433426602,0.35710211066742725,0.11144475534020337,0.35710211066742725,0.9658204001076522,0.7666870789957134,3506.0,0.17982665665733977,-0.07135969206854176,0.6248073956900013,0.23331292100428658,0.0650607483908772,1.28603630801433,0.6428978893325727,0.028438931724214966,1.044411482418637,0.17311827956989248,-0.07922489212113588,0.5721700786530832,0.034179599892347715,-0.012527999867749703,0.6541085953673366,0.10745995797424092,0.6428978893325727,0.034179599892347715,0.9658204001076522,0.35710211066742725,0.8268817204301075,2254.0,381.0,2254.0,381.0,10766.0,13020.0,1633.0,10766.0,1252.0,0.7666870789957134,0.020483465795982363,-0.020483465795982363,0.023344796626054848,0.0002724897647559309,0.0002683421590344923,0.023344796626054848,0.0002724897647559309,0.0002683421590344923,0.46359455987800574,-0.007224045107921517,0.5819235362206333,-0.028438931724215022,0.028438931724215022,-0.07214282025600652,-0.04960568709486897,0.1780921375708717,0.9658204001076522,0.35710211066742725,-0.028438931724215022,0.23926840919948134,[0.72370163],11147.0,-0.10738356521753481,0.5459708445166045,0.487254329636116,0.4378090074773881,0.17982665665733977,0.6614612553875397,0.6614612553875397,0.6750102743876379,-141604786.86535013,-0.015910931856465263,0.9715610682757849,0.41214714838284916,0.5100386520526576,,,,,,,,0.028438931724215022
658b7311-8759-4009-be67-490e6db4d241,RandomForestClassifier,BASE_LINE,FAIR_PCA,HYPERPARAMETER,0.8247457858459019,0.439532230462065,0.14631816010373302,0.439532230462065,0.9459047277294339,0.71875,3506.0,0.17525421415409814,-0.06546041276653003,0.6457103675505523,0.28125,0.0825254291163382,1.3020212301875818,0.560467769537935,0.014037881327522594,1.025103034844511,0.15708689743384763,-0.07488588241980598,0.5558029562684002,0.05409527227056607,-0.015915319661958797,0.7192405234680539,0.10125593571869694,0.560467769537935,0.05409527227056607,0.9459047277294339,0.439532230462065,0.8429131025661524,1965.0,603.0,1965.0,603.0,10544.0,12509.0,2144.0,10544.0,1541.0,0.71875,0.014976600494740696,-0.014976600494740696,0.019619272024261714,0.00019245791738098914,0.00018998484041252102,0.019619272024261714,0.00019245791738098914,0.00018998484041252102,0.45001319029267783,-0.08887705405024837,0.6320120803232806,-0.014037881327522594,0.015915319661958797,-0.07870565576807209,-0.05688475027899463,0.16045283185865275,0.9459047277294339,0.439532230462065,-0.014037881327522594,0.23926840919948134,[0.72370163],11147.0,-0.10738356521753481,0.5459708445166045,0.5454867256637168,0.4652802572444888,0.17525421415409814,0.6927184790957495,0.6927184790957495,0.7030930470124909,-149495927.62497762,0.001877438334436203,0.9859621186724774,0.48681093034275785,0.5856390829497761,,,,,,,,0.014037881327522594
658b7311-8759-4009-be67-490e6db4d241,GradientBoostingClassifier,BASE_LINE,FAIR_PCA,HYPERPARAMETER,0.8325940080529585,0.5196805476326298,0.17682385859550945,0.5196805476326298,0.9310128285637391,0.7032033963720571,3506.0,0.16740599194704153,-0.053530289012779786,0.6944333000929562,0.29679660362794286,0.10262398869603095,1.3576568177471793,0.4803194523673702,0.03910652427246458,1.0820157854649848,0.13961200464267948,-0.06330926081487147,0.5764685324461095,0.06898717143626087,-0.018566761013084514,0.742165158074249,0.09300612563876336,0.4803194523673702,0.06898717143626087,0.9310128285637391,0.5196805476326298,0.8603879953573205,1684.0,769.0,1684.0,769.0,10378.0,12062.0,2591.0,10378.0,1822.0,0.7032033963720571,0.028836642642774576,-0.028836642642774576,0.01403452290168707,9.848391653898942e-05,9.75724423792821e-05,0.01403452290168707,9.848391653898942e-05,9.75724423792821e-05,0.4312913763078584,-0.07806041284519516,0.6254316484286975,-0.03910652427246464,0.03910652427246464,-0.08296662475545116,-0.07004464064036973,0.14207876277926554,0.9310128285637391,0.5196805476326298,-0.03910652427246464,0.23926840919948134,[0.72370163],11147.0,-0.10738356521753481,0.5459708445166045,0.5976709857306872,0.5039909792186003,0.16740599194704153,0.7253466880981845,0.7253466880981845,0.7462632513349919,-187895105.85592383,-0.02053976325938007,0.9608934757275354,0.5559539247844992,0.6468140041439384,,,,,,,,0.03910652427246464
658b7311-8759-4009-be67-490e6db4d241,XGBClassifier,BASE_LINE,FAIR_PCA,SMOTE,0.7914420255237835,0.6634341129492299,0.2867672149047977,0.6634341129492299,0.8317035973804611,0.5535459305092812,3506.0,0.2085579744762165,-0.025290287176568338,0.8808368861552514,0.4464540694907187,0.15891112300896804,1.3710918880058764,0.3365658870507701,0.032595421675207126,1.0976944469363954,0.1129078557075878,-0.05114381965254519,0.577211090872293,0.16829640261953888,-0.014780092551592378,0.9134163065339234,0.09400826304647167,0.3365658870507701,0.16829640261953888,0.8317035973804611,0.6634341129492299,0.8870921442924122,1180.0,1876.0,1180.0,1876.0,9271.0,10451.0,4202.0,9271.0,2326.0,0.5535459305092812,0.02368775711339975,-0.02368775711339975,0.012363777343558006,7.643149510053914e-05,7.58070470947128e-05,0.012363777343558006,7.643149510053914e-05,7.58070470947128e-05,0.43360872465039646,-0.2749430857079238,0.762204477845624,-0.032595421675207126,0.032595421675207126,-0.10502747133075661,-0.070632333313181,0.1230317483306054,0.8317035973804611,0.6634341129492299,-0.032595421675207126,0.23926840919948134,[0.72370163],11147.0,-0.10738356521753481,0.5459708445166045,0.6035288012454593,0.4670937030633079,0.2085579744762165,0.7475688551648456,0.7475688551648455,0.7652770846315327,-213983010.1086115,-0.017815329123614748,0.9674045783247928,0.6320652173913043,0.7146389296897427,,,,,,,,0.032595421675207126
658b7311-8759-4009-be67-490e6db4d241,GradientBoostingClassifier,BASE_LINE,FAIR_PCA,SMOTE,0.7799085511499352,0.7164860239589276,0.32368798198321164,0.7164860239589276,0.7998564636224993,0.5296226017288636,3506.0,0.22009144885006482,-0.024496058221104122,0.8904717482466591,0.4703773982711364,0.1459478279454614,1.3219459985589983,0.2835139760410724,0.010412176939163187,1.036846639456551,0.10030272452068617,-0.049805657916035834,0.539767008059691,0.20014353637750068,-0.020573246000904488,0.8988996673615373,0.09054888449975276,0.2835139760410724,0.20014353637750068,0.7998564636224993,0.7164860239589276,0.8996972754793138,994.0,2231.0,994.0,2231.0,8916.0,9910.0,4743.0,8916.0,2512.0,0.5296226017288636,0.015492711470033838,-0.015492711470033838,0.010763406452414777,5.792545922994202e-05,5.751265131032043e-05,0.010763406452414777,5.792545922994202e-05,5.751265131032043e-05,0.4255558353489064,-0.29530564450327956,0.7779770790236479,-0.010412176939163187,0.020573246000904488,-0.09787674293074862,-0.07426173873921582,0.1135946791090556,0.7998564636224993,0.7164860239589276,-0.010412176939163187,0.23926840919948134,[0.72370163],11147.0,-0.10738356521753481,0.5459708445166045,0.6090435204267184,0.4708249073337381,0.22009144885006482,0.7581712437907133,0.7581712437907134,0.7699173721156396,-176915343.64432773,0.010161069061741301,0.9895878230608369,0.6584103269772622,0.7410808771348014,,,,,,,,0.010412176939163187
658b7311-8759-4009-be67-490e6db4d241,AdaBoostClassifier,BASE_LINE,FAIR_PCA,SMOTE,0.7728792738688324,0.69281232173417,0.31938852112195454,0.69281232173417,0.7980622589037409,0.5190170940170941,3506.0,0.22712072613116763,-0.026125658369561267,0.8868610838795349,0.480982905982906,0.1508236599212593,1.3251645225329436,0.30718767826583,0.04387561259837491,1.1446807390640628,0.10799157725859822,-0.047315316026527776,0.5905856538861605,0.2019377410962591,-0.026007021073848807,0.8738578374942011,0.09458693907108622,0.30718767826583,0.2019377410962591,0.7980622589037409,0.69281232173417,0.8920084227414018,1077.0,2251.0,1077.0,2251.0,8896.0,9973.0,4680.0,8896.0,2429.0,0.5190170940170941,0.03494131683611186,-0.03494131683611186,0.008502944588338692,3.615003333617912e-05,3.594594428068028e-05,0.008502944588338692,3.615003333617912e-05,3.594594428068028e-05,0.4349412352745741,-0.26465630724543954,0.7544670579810514,-0.04387561259837491,0.04387561259837491,-0.0990694879738935,-0.08132151417235697,0.12009389719808077,0.7980622589037409,0.69281232173417,-0.04387561259837491,0.23926840919948134,[0.72370163],11147.0,-0.10738356521753481,0.5459708445166045,0.5934522355240655,0.4491792272248431,0.22712072613116763,0.7454372903189554,0.7454372903189554,0.7714838508614428,-147090027.65703565,-0.017868591524526106,0.9561243874016252,0.6392946440321094,0.7186770117829396,,,,,,,,0.04387561259837491
658b7311-8759-4009-be67-490e6db4d241,RandomForestClassifier,BASE_LINE,FAIR_PCA,SMOTE,0.7784753975295161,0.598687963491158,0.2687504265338156,0.598687963491158,0.8350228761101641,0.5330116810563738,3506.0,0.2215246024704839,-0.041560260664015414,0.8173681738399547,0.4669883189436262,0.14286593768174416,1.3166560213680178,0.401312036508842,0.038436058298612796,1.0966046441647024,0.13131124591693888,-0.05984557273727291,0.5748608210742707,0.16497712388983582,-0.02661017689658146,0.8428315374690518,0.1040991205618719,0.401312036508842,0.16497712388983582,0.8350228761101641,0.598687963491158,0.8686887540830611,1407.0,1839.0,1407.0,1839.0,9308.0,10715.0,3938.0,9308.0,2099.0,0.5330116810563738,0.0325231175975971,-0.0325231175975971,0.011142535549103376,6.207804923151624e-05,6.162027864019284e-05,0.011142535549103376,6.207804923151624e-05,6.162027864019284e-05,0.4562874544886631,-0.23513160883469397,0.7323821400855555,-0.03843605829861274,0.03843605829861274,-0.10135575520950851,-0.07483214192114218,0.1399462306580211,0.8350228761101641,0.598687963491158,-0.03843605829861274,0.23926840919948134,[0.72370163],11147.0,-0.10738356521753481,0.5459708445166045,0.5639441160666309,0.4173988895439718,0.2215246024704839,0.716855419800661,0.7168554198006611,0.7401697929193128,-592586627.89005,-0.011825881402031335,0.9615639417013874,0.5807969009407858,0.66911757200764,,,,,,,,0.03843605829861274
658b7311-8759-4009-be67-490e6db4d241,BaggingClassifier,BASE_LINE,FAIR_PCA,SMOTE,0.776496280625128,0.5453508271534512,0.24520575991264587,0.5453508271534512,0.8491970933883556,0.5321458391316448,3506.0,0.223503719374872,-0.03233524840385371,0.8583041808922799,0.46785416086835513,0.17282790955357324,1.3864505341537143,0.45464917284654877,0.028824050572290594,1.0637604777732166,0.14412296564195298,-0.06534313725490197,0.5761526232114467,0.1508029066116444,-0.005072330285672472,0.9665477129145614,0.11041914671124449,0.45464917284654877,0.1508029066116444,0.8491970933883556,0.5453508271534512,0.855877034358047,1594.0,1681.0,1594.0,1681.0,9466.0,11060.0,3593.0,9466.0,1912.0,0.5321458391316448,0.01694819042898156,-0.01694819042898156,0.01970594897662226,0.00019416221253461992,0.0001916564768615445,0.01970594897662226,0.00019416221253461992,0.0001916564768615445,0.4699343501197683,-0.32044690897514916,0.7976056373991339,-0.02882405057229065,0.02882405057229065,-0.11908552340423764,-0.05113188783688441,0.15217795494778674,0.8491970933883556,0.5453508271534512,-0.02882405057229065,0.23926840919948134,[0.72370163],11147.0,-0.10738356521753481,0.5459708445166045,0.5386674179461896,0.39127179537760515,0.223503719374872,0.6972739602709033,0.6972739602709034,0.7090914921307448,-1140943189.7886448,-0.023751720286618122,0.9711759494277094,0.5419885195946424,0.6356208809233599,,,,,,,,0.02882405057229065
658b7311-8759-4009-be67-490e6db4d241,BernoulliNB,BASE_LINE,FAIR_PCA,SMOTE,0.6872312836961715,0.7373074729035939,0.4263290793694124,0.7373074729035939,0.6714811159953351,0.4137986233392028,3506.0,0.3127687163038285,-0.02301771298965083,0.9271851888147545,0.5862013766607972,0.14281635095508027,1.2507695124822336,0.26269252709640617,0.0752578101304216,1.2940305139979262,0.10956459671663098,-0.04225887458808934,0.6375667879574761,0.32851888400466495,-0.05018957844036753,0.8509327988524794,0.09856449239559541,0.26269252709640617,0.32851888400466495,0.6714811159953351,0.7373074729035939,0.890435403283369,921.0,3662.0,921.0,3662.0,7485.0,8406.0,6247.0,7485.0,2585.0,0.4137986233392028,0.0627236942853946,-0.0627236942853946,0.0028954299493771907,4.191757295875201e-06,4.183642478081378e-06,0.0028954299493771907,4.191757295875201e-06,4.183642478081378e-06,0.44399209991979677,-0.295624604826062,0.778372123296599,-0.07525781013042165,0.07525781013042165,-0.09253761277158484,-0.09763022962094087,0.12037960736327379,0.6714811159953351,0.7373074729035939,-0.07525781013042165,0.23926840919948134,[0.72370163],11147.0,-0.10738356521753481,0.5459708445166045,0.5300933046242182,0.3526576221182243,0.3127687163038285,0.7043942944494646,0.7043942944494646,0.7485765068308889,-198925901.68420607,-0.025068231690054066,0.9247421898695783,0.6167611094542201,0.6937813224379697,,,,,,,,0.07525781013042165
658b7311-8759-4009-be67-490e6db4d241,BaggingClassifier,BASE_LINE,FAIR_PCA,HYPERPARAMETER_SMOTE,0.7950590322800791,0.6417569880205363,0.2727769057530881,0.6417569880205363,0.8432762178164529,0.5629221916437328,3506.0,0.20494096771992087,-0.028752123306998834,0.8625079830863485,0.4370778083562672,0.1600908579753112,1.3816643309773338,0.3582430119794638,0.05775785003911055,1.1635874510424498,0.11786786786786786,-0.04930650593522212,0.6076917136458414,0.15672378218354716,-0.01938411508609847,0.8787583364722045,0.09540799153971492,0.3582430119794638,0.15672378218354716,0.8432762178164529,0.6417569880205363,0.8821321321321322,1256.0,1747.0,1256.0,1747.0,9400.0,10656.0,3997.0,9400.0,2250.0,0.5629221916437328,0.03857098256260448,-0.03857098256260448,0.010242346879133168,5.245283479624447e-05,5.209689509788067e-05,0.010242346879133168,5.245283479624447e-05,5.209689509788067e-05,0.4368248883470696,-0.22867262717842585,0.7276729127054229,-0.05775785003911049,0.05775785003911049,-0.10469868195526663,-0.07734489376451698,0.126962512404205,0.8432762178164529,0.6417569880205363,-0.05775785003911049,0.23926840919948134,[0.72370163],11147.0,-0.10738356521753481,0.5459708445166045,0.5997600959616154,0.4646139531187382,0.20494096771992087,0.7425166029184945,0.7425166029184946,0.7711561978621083,-150186320.5643233,-0.03837373495301208,0.9422421499608895,0.6200482259731313,0.6998139183418293,,,,,,,,0.05775785003911049
658b7311-8759-4009-be67-490e6db4d241,RandomForestClassifier,BASE_LINE,FAIR_PCA,HYPERPARAMETER_SMOTE,0.7625059714734184,0.762407301768397,0.3630655838394868,0.762407301768397,0.7625370054723244,0.5024436090225564,3506.0,0.23749402852658164,-0.011883918433207574,0.9503223650008372,0.4975563909774436,0.15751588895322494,1.3287470663270773,0.23759269823160298,0.046858787095126336,1.2007694609498567,0.08925318761384335,-0.03680134158830475,0.613413021113996,0.2374629945276756,-0.02303121225110083,0.9045192035862848,0.0879581732385902,0.23759269823160298,0.2374629945276756,0.7625370054723244,0.762407301768397,0.9107468123861566,833.0,2647.0,833.0,2647.0,8500.0,9333.0,5320.0,8500.0,2673.0,0.5024436090225564,0.0349449996731136,-0.0349449996731136,0.007657479728586026,2.9318497896852954e-05,2.9169278936032202e-05,0.007657479728586026,2.9318497896852954e-05,2.9169278936032202e-05,0.4194238267876307,-0.2963205522819421,0.7788337621457698,-0.046858787095126364,0.046858787095126364,-0.09715861527076484,-0.08296382828482701,0.10612761888862103,0.7625370054723244,0.762407301768397,-0.046858787095126364,0.23926840919948134,[0.72370163],11147.0,-0.10738356521753481,0.5459708445166045,0.6057104010876955,0.4657273446179628,0.23749402852658164,0.7624721536203607,0.7624721536203607,0.7891167427793824,-164001418.3632673,-0.023827574844025506,0.9531412129048735,0.6750852380351055,0.7478030792830475,,,,,,,,0.046858787095126364
658b7311-8759-4009-be67-490e6db4d241,GradientBoostingClassifier,BASE_LINE,FAIR_PCA,HYPERPARAMETER_SMOTE,0.791169043881799,0.6756988020536223,0.29290930184945063,0.6756988020536223,0.8274872162913789,0.5519571295433364,3506.0,0.20883095611820102,-0.028906978638590153,0.8643062217130049,0.4480428704566636,0.1505910540316756,1.3491223950090365,0.32430119794637763,0.04606659962006926,1.1438792426489834,0.10973844223530548,-0.047792866132511685,0.592778592679147,0.17251278370862116,-0.023765260444526315,0.8652628125951886,0.09275859877434446,0.32430119794637763,0.17251278370862116,0.8274872162913789,0.6756988020536223,0.8902615577646945,1137.0,1923.0,1137.0,1923.0,9224.0,10361.0,4292.0,9224.0,2369.0,0.5519571295433364,0.034915930032297815,-0.034915930032297815,0.00878542244845341,3.859182379889454e-05,3.8366789969451844e-05,0.00878542244845341,3.859182379889454e-05,3.8366789969451844e-05,0.4307170736674934,-0.23695418362193088,0.7337801922734171,-0.046066599620069315,0.046066599620069315,-0.09919196008209362,-0.08111584048903231,0.12041779406284829,0.8274872162913789,0.6756988020536223,-0.046066599620069315,0.23926840919948134,[0.72370163],11147.0,-0.10738356521753481,0.5459708445166045,0.6075916901769685,0.4717184123015353,0.20883095611820102,0.7515930091725006,0.7515930091725006,0.7778355780935319,-195455009.72167754,-0.022301339175542945,0.9539334003799306,0.6398379473328831,0.7187207888766941,,,,,,,,0.046066599620069315
658b7311-8759-4009-be67-490e6db4d241,XGBClassifier,BASE_LINE,FAIR_PCA,ROS,0.7719920835323825,0.7863662293211637,0.36504470074387496,0.7863662293211637,0.76747106844891,0.5154234436343241,3506.0,0.22800791646761753,-0.025515013053753144,0.8898862772277035,0.4845765563656758,0.13486688340216152,1.287272509488909,0.2136337706788363,0.03469661414683206,1.1648089171974523,0.08050300945829751,-0.03611518872191703,0.5822031590413943,0.23252893155108997,-0.039513673145750466,0.8346450234098012,0.08371188477281863,0.2136337706788363,0.23252893155108997,0.76747106844891,0.7863662293211637,0.9194969905417025,749.0,2592.0,749.0,2592.0,8555.0,9304.0,5349.0,8555.0,2757.0,0.5154234436343241,0.037105143646291236,-0.037105143646291236,0.002962641272755228,4.388621655516358e-06,4.3799292428060435e-06,0.002962641272755228,4.388621655516358e-06,4.3799292428060435e-06,0.40917449767261554,-0.24766633158696383,0.7418235395911101,-0.034696614146832006,0.039513673145750466,-0.08549103606203931,-0.09791905037865112,0.09935421339430271,0.76747106844891,0.7863662293211637,-0.034696614146832006,0.23926840919948134,[0.72370163],11147.0,-0.10738356521753481,0.5459708445166045,0.6226990400903445,0.4907903401749446,0.22800791646761753,0.7769186488850368,0.7769186488850368,0.8057463269533987,-227249664.5023688,0.004817058998918405,0.965303385853168,0.695027415390433,0.7665717341367416,,,,,,,,0.034696614146832006
658b7311-8759-4009-be67-490e6db4d241,GradientBoostingClassifier,BASE_LINE,FAIR_PCA,ROS,0.7596396642325803,0.8254420992584142,0.39609636251962055,0.8254420992584142,0.7389432134206513,0.49862164024810474,3506.0,0.24036033576741966,-0.01853478428040989,0.9237419059369733,0.5013783597518953,0.1401302252029113,1.2885495284753792,0.17455790074158586,0.05313043755886532,1.312901027099443,0.06916035710249746,-0.02612806751818717,0.6446197163393435,0.2610567865793487,-0.04331634153167099,0.8384380099226404,0.08061467645375009,0.17455790074158586,0.2610567865793487,0.7389432134206513,0.8254420992584142,0.9308396428975025,612.0,2910.0,612.0,2910.0,8237.0,8849.0,5804.0,8237.0,2894.0,0.49862164024810474,0.04822338954526813,-0.04822338954526813,0.0006885903286249984,2.3707832033794166e-07,2.369688688857603e-07,0.0006885903286249984,2.3707832033794166e-07,2.369688688857603e-07,0.40153375064557173,-0.25114933819843366,0.7444561789426699,-0.05313043755886526,0.05313043755886526,-0.0831291463605492,-0.10512310492553217,0.09230520180393977,0.7389432134206513,0.8254420992584142,-0.05313043755886526,0.23926840919948134,[0.72370163],11147.0,-0.10738356521753481,0.5459708445166045,0.6216970998925886,0.4923226996307262,0.24036033576741966,0.7821926563395327,0.7821926563395327,0.819912637505642,-186983860.81185645,-0.009814096027194325,0.9468695624411348,0.7092268104398971,0.7739770281584155,,,,,,,,0.05313043755886526
658b7311-8759-4009-be67-490e6db4d241,AdaBoostClassifier,BASE_LINE,FAIR_PCA,ROS,0.7478332082167474,0.8285795778665146,0.4094042175663687,0.8285795778665146,0.722436530008074,0.48424737456242706,3506.0,0.25216679178325263,-0.020807696006195142,0.9184619572022567,0.5157526254375729,0.1366613796365863,1.273117562006451,0.17142042213348546,0.053078556263269655,1.318471337579618,0.0694476542639242,-0.026433593152987933,0.6422521227415167,0.2775634699919261,-0.04855475221371647,0.8299125571852844,0.08151391139549295,0.17142042213348546,0.2775634699919261,0.722436530008074,0.8285795778665146,0.9305523457360758,601.0,3094.0,601.0,3094.0,8053.0,8654.0,5999.0,8053.0,2905.0,0.48424737456242706,0.05081665423849305,-0.05081665423849305,0.0002017699703905022,2.0355560475692068e-08,2.0358317277855402e-08,0.0002017699703905022,2.0355560475692068e-08,2.0358317277855402e-08,0.4037670402484407,-0.2529545797110144,0.7458184514304448,-0.05307855626326963,0.05307855626326963,-0.08154748639478707,-0.10805354236540338,0.09303734752850507,0.722436530008074,0.8285795778665146,-0.05307855626326963,0.23926840919948134,[0.72370163],11147.0,-0.10738356521753481,0.5459708445166045,0.6112572330352446,0.47808087958665424,0.25216679178325263,0.7755080539372943,0.7755080539372943,0.8149167785733923,-147124951.35989296,-0.004523804049553187,0.9469214437367303,0.7035175879396985,0.7694456310998654,,,,,,,,0.05307855626326963
658b7311-8759-4009-be67-490e6db4d241,RandomForestClassifier,BASE_LINE,FAIR_PCA,ROS,0.7844127482426807,0.5824301197946378,0.2550330990240906,0.5824301197946378,0.8479411500852247,0.5464276157345465,3506.0,0.2155872517573193,-0.044505512309742534,0.7995731621117528,0.4535723842654536,0.14383582728187833,1.3279143536875497,0.41756988020536223,0.07304886419871337,1.177722541556626,0.1341150604617076,-0.055691129311194826,0.6105441223855087,0.15205884991477528,-0.032897438713204594,0.7910150455605002,0.10435323592839181,0.41756988020536223,0.15205884991477528,0.8479411500852247,0.5824301197946378,0.8658849395382924,1464.0,1695.0,1464.0,1695.0,9452.0,10916.0,3737.0,9452.0,2042.0,0.5464276157345465,0.05297315145595898,-0.05297315145595898,0.0077094996223721155,2.9718192213677896e-05,2.9565921277011505e-05,0.0077094996223721155,2.9718192213677896e-05,2.9565921277011505e-05,0.4568440344984091,-0.1633023216255789,0.6815284274758798,-0.07304886419871337,0.07304886419871337,-0.09976347829653652,-0.08516139383450005,0.14223042286609777,0.8479411500852247,0.5824301197946378,-0.07304886419871337,0.23926840919948134,[0.72370163],11147.0,-0.10738356521753481,0.5459708445166045,0.5638547563164434,0.4212451519011022,0.2155872517573193,0.7151856349399313,0.7151856349399313,0.7530712718987305,-632326746.3522238,-0.04015142548550878,0.9269511358012866,0.5729919326552086,0.6565620229936938,,,,,,,,0.07304886419871337
658b7311-8759-4009-be67-490e6db4d241,BaggingClassifier,BASE_LINE,FAIR_PCA,ROS,0.7859141472735959,0.5590416428978894,0.24233945267180781,0.5590416428978894,0.8572710146227684,0.551957195156294,3506.0,0.21408585272640412,-0.05099214674569774,0.7697816705684505,0.448042804843706,0.13338427739039072,1.3069955590731215,0.4409583571021107,0.0683476206439666,1.1571798307604766,0.1392541884345163,-0.059337148186894215,0.6009705034751652,0.14272898537723155,-0.035573558914555686,0.7604816365146944,0.10638378889005315,0.4409583571021107,0.14272898537723155,0.8572710146227684,0.5590416428978894,0.8607458115654837,1546.0,1591.0,1546.0,1591.0,9556.0,11102.0,3551.0,9556.0,1960.0,0.551957195156294,0.05196058977926114,-0.05196058977926114,0.007811844541772802,3.051245757241276e-05,3.035406159752122e-05,0.007811844541772802,3.051245757241276e-05,3.035406159752122e-05,0.46126736041053923,-0.1399046300566169,0.6657082151097473,-0.0683476206439666,0.0683476206439666,-0.09636071278864247,-0.08514777976684015,0.14699450950401516,0.8572710146227684,0.5590416428978894,-0.0683476206439666,0.23926840919948134,[0.72370163],11147.0,-0.10738356521753481,0.5459708445166045,0.555476831514808,0.4145039028707802,0.21408585272640412,0.7081563287603289,0.708156328760329,0.7449525492586321,-1184675461.9308739,-0.032774061729410914,0.9316523793560334,0.5572535361432939,0.6434464940867937,,,,,,,,0.0683476206439666
658b7311-8759-4009-be67-490e6db4d241,BernoulliNB,BASE_LINE,FAIR_PCA,ROS,0.7522691598989968,0.6956645750142613,0.341363543301713,0.6956645750142613,0.7700726652911097,0.48760495801679327,3506.0,0.2477308401010032,-0.03650059054300103,0.8557483761563444,0.5123950419832067,0.13894037846536167,1.2793202293202293,0.30433542498573873,0.0784904139329215,1.2640056915425557,0.11055849134804684,-0.04351349263750694,0.6303874982603336,0.2299273347088903,-0.048910411050457014,0.7944000198545653,0.09768843653753696,0.30433542498573873,0.2299273347088903,0.7700726652911097,0.6956645750142613,0.8894415086519531,1067.0,2563.0,1067.0,2563.0,8584.0,9651.0,5002.0,8584.0,2439.0,0.48760495801679327,0.06370041249168928,-0.06370041249168928,0.0013424069362755833,9.010281912803989e-07,9.002179103107918e-07,0.0013424069362755833,9.010281912803989e-07,9.002179103107918e-07,0.4420145620622401,-0.20452980584497205,0.7104430594564547,-0.07849041393292155,0.07849041393292155,-0.0912269355514343,-0.10318529428663709,0.12280507373772657,0.7700726652911097,0.6956645750142613,-0.07849041393292155,0.23926840919948134,[0.72370163],11147.0,-0.10738356521753481,0.5459708445166045,0.573342736248237,0.41905200256435127,0.2477308401010032,0.7328686201526856,0.7328686201526855,0.7795526535586268,-194036172.79717457,-0.029580002882464485,0.9215095860670783,0.6286082474226804,0.7031017555040985,,,,,,,,0.07849041393292155
658b7311-8759-4009-be67-490e6db4d241,BaggingClassifier,BASE_LINE,FAIR_PCA,HYPERPARAMETER_ROS,0.8114379307991537,0.634626354820308,0.2529857367092063,0.634626354820308,0.8670494303400018,0.6002158079309414,3506.0,0.18856206920084628,-0.04256196351009811,0.7814489417792255,0.3997841920690585,0.126322087942369,1.3266103751231546,0.36537364517969195,0.04642777325479308,1.1285320487678228,0.11702905170838662,-0.05207125062061885,0.5845590334266498,0.1329505696599982,-0.029816420055285356,0.7836338787278982,0.09165517758242532,0.36537364517969195,0.1329505696599982,0.8670494303400018,0.634626354820308,0.8829709482916134,1281.0,1482.0,1281.0,1482.0,9665.0,10946.0,3707.0,9665.0,2225.0,0.6002158079309414,0.03812209665503922,-0.03812209665503922,0.007411542282305137,2.7465479501198417e-05,2.7330139984382976e-05,0.007411542282305137,2.7465479501198417e-05,2.7330139984382976e-05,0.42814758572815825,-0.1549288473083139,0.6758325593222134,-0.04642777325479308,0.04642777325479308,-0.08919666928149392,-0.08606329768872886,0.12468802426375032,0.8670494303400018,0.634626354820308,-0.04642777325479308,0.23926840919948134,[0.72370163],11147.0,-0.10738356521753481,0.5459708445166045,0.6169416331623457,0.49234448844992,0.18856206920084628,0.750837892580155,0.7508378925801549,0.7794614072933613,-150135602.8122063,-0.016611353199507725,0.9535722267452069,0.625659050966608,0.7066609312925226,,,,,,,,0.04642777325479308
658b7311-8759-4009-be67-490e6db4d241,RandomForestClassifier,BASE_LINE,FAIR_PCA,HYPERPARAMETER_ROS,0.7371186787688528,0.8491158014831717,0.42994608612570806,0.8491158014831717,0.7018928859782901,0.47253968253968254,3506.0,0.26288132123114716,-0.024550814526292708,0.9078590347236171,0.5274603174603174,0.13000538034625841,1.2534448323922007,0.1508841985168283,0.05464696773781588,1.3743200021869277,0.06333053992577517,-0.02309346660859765,0.6567200789747727,0.29810711402170986,-0.058615280341111325,0.8094748184802331,0.07989039106388582,0.1508841985168283,0.29810711402170986,0.7018928859782901,0.8491158014831717,0.9366694600742248,529.0,3323.0,529.0,3323.0,7824.0,8353.0,6300.0,7824.0,2977.0,0.47253968253968254,0.05663112403946359,-0.05663112403946359,0.00275732021791144,3.8014073920515956e-06,3.808465392221963e-06,0.00275732021791144,3.8014073920515956e-06,3.808465392221963e-06,0.3997258837350562,-0.243568039847733,0.7388689488673771,-0.054646967737815855,0.058615280341111325,-0.07654942347742806,-0.11669997550217903,0.08951452889923628,0.7018928859782901,0.8491158014831717,-0.054646967737815855,0.23926840919948134,[0.72370163],11147.0,-0.10738356521753481,0.5459708445166045,0.6071792779930655,0.4748450195262863,0.26288132123114716,0.775504343730731,0.775504343730731,0.8194220264136887,-169514063.35907698,0.003968312603295443,0.945353032262184,0.7080508978475444,0.7727056507799113,,,,,,,,0.054646967737815855
658b7311-8759-4009-be67-490e6db4d241,GradientBoostingClassifier,BASE_LINE,FAIR_PCA,HYPERPARAMETER_ROS,0.772265065174367,0.8006274957216201,0.3715962601515048,0.8006274957216201,0.7633443975957657,0.5155188246097338,3506.0,0.227734934825633,-0.026844278618682882,0.8841097051291332,0.4844811753902663,0.1316976264189887,1.2802261747913923,0.1993725042783799,0.04336478138020211,1.2218275355218031,0.07591225021720244,-0.03220891304808856,0.6036342254867435,0.23665560240423433,-0.045101071109332036,0.8151588952163871,0.08198010839767571,0.1993725042783799,0.23665560240423433,0.7633443975957657,0.8006274957216201,0.9240877497827976,699.0,2638.0,699.0,2638.0,8509.0,9208.0,5445.0,8509.0,2807.0,0.5155188246097338,0.044232926244767046,-0.044232926244767046,0.0007309766582307234,2.6716343743907794e-07,2.670325113226535e-07,0.0007309766582307234,2.6716343743907794e-07,2.670325113226535e-07,0.4049200128363025,-0.2295324351116328,0.7284921335471967,-0.043364781380202055,0.045101071109332036,-0.0819532697335386,-0.10503478225517665,0.09613454993404151,0.7633443975957657,0.8006274957216201,-0.043364781380202055,0.23926840919948134,[0.72370163],11147.0,-0.10738356521753481,0.5459708445166045,0.6271924924589432,0.4979214316284508,0.227734934825633,0.7819859466586929,0.7819859466586929,0.8165754733616913,-205014648.37814036,0.001736289729129925,0.9566352186197978,0.7033765582910481,0.7714546005962206,,,,,,,,0.043364781380202055
658b7311-8759-4009-be67-490e6db4d241,XGBClassifier,BASE_LINE,FAIR_PCA,RUS,0.7633249163993722,0.8166001140901312,0.38817989490206783,0.8166001140901312,0.7465685834753746,0.5033403656821378,3506.0,0.23667508360062783,-0.02136722293572102,0.9108880785724376,0.49665963431786214,0.13614976872224632,1.282897686657221,0.1833998859098688,0.036422664942611316,1.202193298255331,0.071723368655884,-0.03112150540130581,0.5952039323541458,0.2534314165246255,-0.04144724334881372,0.8406978274583485,0.0812503192069571,0.1833998859098688,0.2534314165246255,0.7465685834753746,0.8166001140901312,0.928276631344116,643.0,2825.0,643.0,2825.0,8322.0,8965.0,5688.0,8322.0,2863.0,0.5033403656821378,0.03893495414571249,-0.03893495414571249,0.0020172307475670214,2.0346099444649017e-06,2.0318627903027142e-06,0.0020172307475670214,2.0346099444649017e-06,2.0318627903027142e-06,0.4031136792691538,-0.258245502897797,0.7497512523502662,-0.03642266494261126,0.04144724334881372,-0.08363563706177607,-0.10080684540824875,0.09381239793793134,0.7465685834753746,0.8166001140901312,-0.03642266494261126,0.23926840919948134,[0.72370163],11147.0,-0.10738356521753481,0.5459708445166045,0.6227974766151838,0.49302452480825953,0.23667508360062783,0.781584348782753,0.781584348782753,0.812015299563616,-224844430.40839884,0.005024578406202407,0.9635773350573886,0.7066518573367888,0.7755851157732297,,,,,,,,0.03642266494261126
658b7311-8759-4009-be67-490e6db4d241,GradientBoostingClassifier,BASE_LINE,FAIR_PCA,RUS,0.7584794922541459,0.8217341699942955,0.3954821538251553,0.8217341699942955,0.7385843724768996,0.49715271786022436,3506.0,0.2415205077458541,-0.018243525741989175,0.9252838729912778,0.5028472821397757,0.14207195003176454,1.291737693962315,0.1782658300057045,0.06304974218986958,1.3652536788930376,0.07055768796568074,-0.024769211741183433,0.6684252163285499,0.2614156275231004,-0.044403096546259846,0.8347149194376957,0.08120618832442293,0.1782658300057045,0.2614156275231004,0.7385843724768996,0.8217341699942955,0.9294423120343193,625.0,2914.0,625.0,2914.0,8233.0,8858.0,5795.0,8233.0,2881.0,0.49715271786022436,0.05372641936806466,-0.05372641936806466,7.050507125052801e-05,2.485482536021016e-09,2.485364975300357e-09,7.050507125052801e-05,2.485482536021016e-09,2.485364975300357e-09,0.4030041893688524,-0.24423361624308648,0.7393211662821808,-0.06304974218986947,0.06304974218986947,-0.08342058088647399,-0.10715223858027251,0.09329001293760195,0.7385843724768996,0.8217341699942955,-0.06304974218986947,0.23926840919948134,[0.72370163],11147.0,-0.10738356521753481,0.5459708445166045,0.6195032792172884,0.48890602918757975,0.2415205077458541,0.7801592712355976,0.7801592712355976,0.822074435415885,-186638190.50663027,-0.01864664564360974,0.9369502578101305,0.7064304542389506,0.7695410441012842,,,,,,,,0.06304974218986947
658b7311-8759-4009-be67-490e6db4d241,AdaBoostClassifier,BASE_LINE,FAIR_PCA,RUS,0.7504947792260971,0.8285795778665146,0.406742646557019,0.8285795778665146,0.7259352292096528,0.4874161073825503,3506.0,0.2495052207739029,-0.018792776488212537,0.9254951779872194,0.5125838926174496,0.13948331872325065,1.2807181403071815,0.17142042213348546,0.056576552847085876,1.3400986001655333,0.06913608650638445,-0.02538225343006628,0.6541608219086072,0.2740647707903472,-0.046349950819420505,0.8354118184753302,0.08123926452361087,0.17142042213348546,0.2740647707903472,0.7259352292096528,0.8285795778665146,0.9308639134936155,601.0,3055.0,601.0,3055.0,8092.0,8693.0,5960.0,8092.0,2905.0,0.4874161073825503,0.051463251833253176,-0.051463251833253176,7.420607693346768e-05,2.7532709269278625e-09,2.7531338262928316e-09,7.420607693346768e-05,2.7532709269278625e-09,2.7531338262928316e-09,0.4030862550958811,-0.25361052530266215,0.7463049989605055,-0.05657655284708585,0.05657655284708585,-0.08243278607665844,-0.10713772440896568,0.09272439150585156,0.7259352292096528,0.8285795778665146,-0.05657655284708585,0.23926840919948134,[0.72370163],11147.0,-0.10738356521753481,0.5459708445166045,0.6137756180012677,0.48160405426030456,0.2495052207739029,0.7772574035380837,0.7772574035380837,0.8172575970356246,-147159719.66773152,-0.010226602027665371,0.9434234471529142,0.7051826677994902,0.7699980043293022,,,,,,,,0.05657655284708585
658b7311-8759-4009-be67-490e6db4d241,RandomForestClassifier,BASE_LINE,FAIR_PCA,RUS,0.7457858459018631,0.7567027952082145,0.37705589299119635,0.7567027952082145,0.7423522023862923,0.4801809954751131,3506.0,0.25421415409813686,-0.017707589028876702,0.9310417148639143,0.5198190045248868,0.15206465823476734,1.302645155510757,0.24329720479178552,0.06857709560525516,1.289165243291908,0.0934487291849255,-0.035128183143273595,0.6459339004185237,0.2576477976137077,-0.035953719480586954,0.8635542455498831,0.09085276013019393,0.24329720479178552,0.2576477976137077,0.7423522023862923,0.7567027952082145,0.9065512708150745,853.0,2872.0,853.0,2872.0,8275.0,9128.0,5525.0,8275.0,2653.0,0.4801809954751131,0.05226540754292111,-0.05226540754292111,0.004025490827301789,8.102288200345422e-06,8.080511920432792e-06,0.004025490827301789,8.102288200345422e-06,8.080511920432792e-06,0.42626930485361936,-0.26980604885526005,0.7584601921467856,-0.06857709560525527,0.06857709560525527,-0.09359642068902041,-0.09438644359898046,0.10972425224905863,0.7423522023862923,0.7567027952082145,-0.06857709560525527,0.23926840919948134,[0.72370163],11147.0,-0.10738356521753481,0.5459708445166045,0.5875318347912745,0.4393184155292921,0.25421415409813686,0.7495274987972534,0.7495274987972533,0.788701858986518,-503001793.00031257,-0.0326233761246682,0.9314229043947446,0.6614722932119927,0.732210148988352,,,,,,,,0.06857709560525527
658b7311-8759-4009-be67-490e6db4d241,BaggingClassifier,BASE_LINE,FAIR_PCA,RUS,0.7526103869514775,0.7278950370792926,0.3564457790213608,0.7278950370792926,0.7603839598098143,0.488608079647712,3506.0,0.24738961304852247,-0.015767978182687714,0.936847406856418,0.511391920352288,0.1573751599967682,1.3192507095227004,0.27210496292070735,0.05092747793049501,1.1903518847238175,0.10116648992576882,-0.04200409179557417,0.6107981517817583,0.2396160401901857,-0.024286763516393722,0.9002885714320342,0.09360701612713644,0.27210496292070735,0.2396160401901857,0.7603839598098143,0.7278950370792926,0.8988335100742312,954.0,2671.0,954.0,2671.0,8476.0,9430.0,5223.0,8476.0,2552.0,0.488608079647712,0.03760712072344437,-0.03760712072344437,0.008412464601284841,3.538478033393526e-05,3.518711520598675e-05,0.008412464601284841,3.538478033393526e-05,3.518711520598675e-05,0.4326823687813878,-0.2988159915093077,0.7807710420249165,-0.05092747793049501,0.05092747793049501,-0.0996896258961712,-0.08071420674090624,0.11538848493510658,0.7603839598098143,0.7278950370792926,-0.05092747793049501,0.23926840919948134,[0.72370163],11147.0,-0.10738356521753481,0.5459708445166045,0.584717607973422,0.43494780236546937,0.24738961304852247,0.7441394984445535,0.7441394984445535,0.7721244423976411,-1131382188.5813928,-0.02664071441410129,0.949072522069505,0.6484975541579316,0.7250383815445887,,,,,,,,0.05092747793049501
658b7311-8759-4009-be67-490e6db4d241,BernoulliNB,BASE_LINE,FAIR_PCA,RUS,0.7545895038558657,0.6913861950941244,0.3369958370299597,0.6913861950941244,0.7744684668520678,0.4908869987849332,3506.0,0.24541049614413435,-0.036533556839070114,0.8542846287093905,0.5091130012150669,0.13836909274617376,1.2800463201235204,0.30861380490587564,0.07029316922880446,1.2325137784231543,0.11137416366443643,-0.045366772538004474,0.6181669154884225,0.22553153314793217,-0.046292150354419,0.8013800702954308,0.09786670884751303,0.30861380490587564,0.22553153314793217,0.7744684668520678,0.6913861950941244,0.8886258363355636,1082.0,2514.0,1082.0,2514.0,8633.0,9715.0,4938.0,8633.0,2424.0,0.4908869987849332,0.05829265979161179,-0.05829265979161179,0.0024589863816598663,3.023307012594341e-06,3.0183337111489973e-06,0.0024589863816598663,3.023307012594341e-06,3.0183337111489973e-06,0.44241769595601177,-0.21271423346659124,0.7162788851474277,-0.07029316922880458,0.07029316922880458,-0.09186793264208909,-0.09972375819075563,0.12342837174453189,0.7744684668520678,0.6913861950941244,-0.07029316922880458,0.23926840919948134,[0.72370163],11147.0,-0.10738356521753481,0.5459708445166045,0.5741354808147797,0.4204733326969738,0.24541049614413435,0.7329273309730961,0.7329273309730961,0.775651614529485,-192812150.82118803,-0.024001018874385466,0.9297068307711953,0.6273291925465838,0.703609825793274,,,,,,,,0.07029316922880458
658b7311-8759-4009-be67-490e6db4d241,BaggingClassifier,BASE_LINE,FAIR_PCA,HYPERPARAMETER_RUS,0.7627107077049069,0.7837992013690815,0.37309765918242,0.7837992013690815,0.7560778684847941,0.5026522773001646,3506.0,0.2372892922950931,-0.02263539396561509,0.9059124878774101,0.49734772269983535,0.14338915142798436,1.297728242320819,0.21620079863091843,0.07385302428044632,1.3523749678672417,0.08251687350315698,-0.029163053970372804,0.6662159876664506,0.2439221315152059,-0.044567169572040405,0.8225679068061941,0.08532372191393862,0.21620079863091843,0.2439221315152059,0.7560778684847941,0.7837992013690815,0.917483126496843,758.0,2719.0,758.0,2719.0,8428.0,9186.0,5467.0,8428.0,2748.0,0.5026522773001646,0.05921009692624339,-0.05921009692624339,0.0001840437443770469,1.693604992216189e-08,1.693395877560347e-08,0.0001840437443770469,1.693604992216189e-08,1.693395877560347e-08,0.41309495739826846,-0.2250024160398827,0.7251991754748649,-0.07385302428044638,0.07385302428044638,-0.08627610269917858,-0.10679140953080746,0.1012763726111633,0.7560778684847941,0.7837992013690815,-0.07385302428044638,0.23926840919948134,[0.72370163],11147.0,-0.10738356521753481,0.5459708445166045,0.6125041792042795,0.47625777762027505,0.2372892922950931,0.7699385349269379,0.7699385349269379,0.8155266702072116,-159676327.66113406,-0.029285854708405917,0.9261469757195535,0.6876446668751955,0.7522150622113984,,,,,,,,0.07385302428044638
658b7311-8759-4009-be67-490e6db4d241,RandomForestClassifier,BASE_LINE,FAIR_PCA,HYPERPARAMETER_RUS,0.7371186787688528,0.838562464346834,0.4248959257489934,0.838562464346834,0.7052121647079932,0.47221329906842274,3506.0,0.26288132123114716,-0.026199466868609966,0.9017598433944697,0.5277867009315772,0.1318135269748173,1.2567723800240291,0.16143753565316601,0.07453745829542008,1.481626653601176,0.06716506467307463,-0.021015518719690776,0.7030600796286607,0.2947878352920068,-0.06254789645274,0.7949061947656466,0.08124838072552565,0.16143753565316601,0.2947878352920068,0.7052121647079932,0.838562464346834,0.9328349353269254,566.0,3286.0,566.0,3286.0,7861.0,8427.0,6226.0,7861.0,2940.0,0.47221329906842274,0.06854267737408001,-0.06854267737408001,0.004443006663021415,9.870154103826346e-06,9.899746157752685e-06,0.004443006663021415,9.870154103826346e-06,9.899746157752685e-06,0.40310887046932037,-0.2227763144320437,0.7236499735325475,-0.07453745829542002,0.07453745829542002,-0.07641452284725403,-0.12233188651673244,0.09193717916091955,0.7052121647079932,0.838562464346834,-0.07453745829542002,0.23926840919948134,[0.72370163],11147.0,-0.10738356521753481,0.5459708445166045,0.6041923551171393,0.46931327853326615,0.26288132123114716,0.7718873145274135,0.7718873145274137,0.8247945376962112,-169189667.70961148,-0.011989561842680074,0.92546254170458,0.7023411371237458,0.7637163825837524,,,,,,,,0.07453745829542002
658b7311-8759-4009-be67-490e6db4d241,GradientBoostingClassifier,BASE_LINE,FAIR_PCA,HYPERPARAMETER_RUS,0.7643485975568143,0.8185966913861951,0.3881116494915717,0.8185966913861951,0.7472862653628779,0.5046597503077194,3506.0,0.23565140244318572,-0.019070420958973378,0.9200140816844666,0.49534024969228063,0.14160796856506652,1.2952453150783407,0.1814033086138049,0.06310162348546525,1.3590381143771926,0.07093464198081642,-0.025053758519661636,0.6664857956776593,0.2527137346371221,-0.043880589789096175,0.8311366334384143,0.08087986587337483,0.1814033086138049,0.2527137346371221,0.7472862653628779,0.8185966913861951,0.9290653580191836,636.0,2817.0,636.0,2817.0,8330.0,8966.0,5687.0,8330.0,2870.0,0.5046597503077194,0.0534911066372807,-0.0534911066372807,1.9004791731341837e-05,1.805910543758395e-10,1.805886796787645e-10,1.9004791731341837e-05,1.805910543758395e-10,1.805886796787645e-10,0.4021936495604445,-0.23724363021452,0.7341582635218292,-0.06310162348546522,0.06310162348546522,-0.08333086354236408,-0.10732160808317082,0.09322681178896612,0.7472862653628779,0.8185966913861951,-0.06310162348546522,0.23926840919948134,[0.72370163],11147.0,-0.10738356521753481,0.5459708445166045,0.6243881213967148,0.4954166395230784,0.23565140244318572,0.7829414783745365,0.7829414783745365,0.8248218844850189,-207630597.2982794,-0.019221033696369072,0.9368983765145347,0.7084233261339092,0.7711046817764232,,,,,,,,0.06310162348546522
658b7311-8759-4009-be67-490e6db4d241,XGBClassifier,PREPROCESSING,DEMV,DEMV,0.8697195113628609,0.6531660011409013,0.20357605950999796,0.6531660011409013,0.937830806495021,0.7676835400603419,3506.0,0.13028048863713915,-0.04416583569598043,0.6769083374670218,0.23231645993965805,0.029332251959989175,1.1275720164609053,0.3468339988590987,0.08777916127899366,1.2589566384496744,0.10419880034275922,-0.039538875338271676,0.6424691716176987,0.06216919350497892,-0.032798900433237806,0.514159779614325,0.06936661843392332,0.3468339988590987,0.06216919350497892,0.937830806495021,0.6531660011409013,0.8958011996572408,1216.0,693.0,1216.0,693.0,10454.0,11670.0,2983.0,10454.0,2290.0,0.7676835400603419,0.06028903085611573,-0.06028903085611573,0.0010019351635014871,5.019370359303759e-07,5.015999915564742e-07,0.0010019351635014871,5.019370359303759e-07,5.015999915564742e-07,0.3724691086088169,0.10320321019732726,0.5217027287407474,-0.08777916127899366,0.08777916127899366,-0.03443556364913045,-0.10464184950897096,0.10433512895705169,0.937830806495021,0.6531660011409013,-0.08777916127899366,0.23926840919948134,[0.7590664],11147.0,-0.10738356521753481,0.5459708445166045,0.7058098320234243,0.6261927523440705,0.13028048863713915,0.7954984038179612,0.7954984038179611,0.843458231631733,-268034819.30860552,-0.05498026084575585,0.9122208387210063,0.6784682616102511,0.7418319896312852,,,,,,,,0.08777916127899366
658b7311-8759-4009-be67-490e6db4d241,GradientBoostingClassifier,PREPROCESSING,DEMV,DEMV,0.8521804408653518,0.6138049058756417,0.2022793967105712,0.6138049058756417,0.9271552884184086,0.7260458839406208,3506.0,0.14781955913464817,-0.0597404791161702,0.6182705303821858,0.2739541160593792,-0.020964749536178107,0.9239057239057239,0.38619509412435826,0.1005140239132864,1.2664790401422013,0.11583540080417487,-0.04453321421187552,0.6382601038271242,0.07284471158159146,-0.05015757859151071,0.3808590960106112,0.07895887733125931,0.38619509412435826,0.07284471158159146,0.9271552884184086,0.6138049058756417,0.8841645991958251,1354.0,812.0,1354.0,812.0,10335.0,11689.0,2964.0,10335.0,2152.0,0.7260458839406208,0.07533580125239858,-0.07533580125239858,0.003066835037617189,4.702738573978212e-06,4.712453976387594e-06,0.003066835037617189,4.702738573978212e-06,4.712453976387594e-06,0.3973886695195506,0.20388098133684407,0.4716349399586715,-0.10051402391328645,0.10051402391328645,-0.011784232337848706,-0.11576443027414607,0.1174630478452598,0.9271552884184086,0.6138049058756417,-0.10051402391328645,0.23926840919948134,[0.7590664],11147.0,-0.10738356521753481,0.5459708445166045,0.6652241112828439,0.5745429327019506,0.14781955913464817,0.7704800971470251,0.7704800971470251,0.8285248326146222,-204486845.3724892,-0.05035644532177569,0.8994859760867135,0.638480937546358,0.7068501529738314,48.85490560531616,319.1,0.0,843501.6716837167,0.0,3514590.298682153,303.62155080281934,0.10051402391328645
658b7311-8759-4009-be67-490e6db4d241,AdaBoostClassifier,PREPROCESSING,DEMV,DEMV,0.8507472872449328,0.6431831146605819,0.21777110489319593,0.6431831146605819,0.9160312191621064,0.7066750235036039,3506.0,0.14925271275506724,-0.058119955012819746,0.6314459156554154,0.2933249764963961,-0.12215836766037719,0.5919533820331233,0.35681688533941813,0.2517140781891033,1.7530190605244778,0.10914325597626941,-0.019068667205402373,0.8303835797127704,0.08396878083789361,-0.0818726169854253,0.15855147388987997,0.07770006538240481,0.35681688533941813,0.08396878083789361,0.9160312191621064,0.6431831146605819,0.8908567440237306,1251.0,936.0,1251.0,936.0,10211.0,11462.0,3191.0,10211.0,2255.0,0.7066750235036039,0.1667933475872643,-0.1667933475872643,0.0218166087192862,0.00023798220800521735,0.00024156469412208738,0.0218166087192862,0.00023798220800521735,0.00024156469412208738,0.39420823274610794,0.6341422422988181,0.30644467147582943,-0.2517140781891033,0.2517140781891033,0.051544850227487435,-0.16796177829877112,0.112230518227315,0.9160312191621064,0.6431831146605819,-0.2517140781891033,0.23926840919948134,[0.7590664],11147.0,-0.10738356521753481,0.5459708445166045,0.6734358668060325,0.5780556455183979,0.14925271275506724,0.7796071669113442,0.7796071669113441,0.9096404560835105,-146272690.79779336,-0.169841461203678,0.7482859218108967,0.6579619228244219,0.6855455016830435,,,,,,,,0.2517140781891033
658b7311-8759-4009-be67-490e6db4d241,RandomForestClassifier,PREPROCESSING,DEMV,DEMV,0.8506107964239404,0.6280661722760981,0.21067358220159693,0.6280661722760981,0.9206064411949404,0.7133138969873664,3506.0,0.14938920357605956,-0.05718054683996865,0.6374029525955608,0.28668610301263364,0.022938151342820623,1.0805542283803153,0.3719338277239019,0.060210238973229246,1.1642658827372203,0.11274425038907142,-0.04895977878239276,0.594219679612938,0.07939355880505966,-0.04218518820280111,0.5109662406105094,0.07872357425238084,0.3719338277239019,0.07939355880505966,0.9206064411949404,0.6280661722760981,0.8872557496109286,1304.0,885.0,1304.0,885.0,10262.0,11566.0,3087.0,10262.0,2202.0,0.7133138969873664,0.051197713588015205,-0.051197713588015205,0.0013712821240802748,9.40207331911055e-07,9.393436619910915e-07,0.0013712821240802748,9.40207331911055e-07,9.393436619910915e-07,0.39679610444756347,0.0669698350306549,0.5410220142845205,-0.0602102389732293,0.0602102389732293,-0.03594896506260669,-0.10360354244791287,0.11520457794426485,0.9206064411949404,0.6280661722760981,-0.0602102389732293,0.23926840919948134,[0.7590664],11147.0,-0.10738356521753481,0.5459708445166045,0.6679811921735174,0.5740349445551765,0.14938920357605956,0.7743363067355192,0.7743363067355192,0.8139805551885657,-630780370.0853274,-0.01802505077042814,0.9397897610267707,0.6474090407938257,0.7223163531638231,49.20613622665405,329.1,0.0,843990.7262253045,0.0,3516628.0259387693,303.797587796377,0.0602102389732293
658b7311-8759-4009-be67-490e6db4d241,BaggingClassifier,PREPROCESSING,DEMV,DEMV,0.8508837780659251,0.6006845407872219,0.1972974817443527,0.6006845407872219,0.9295774647887324,0.7284676582497406,3506.0,0.14911622193407492,-0.04861789835099506,0.6887062582066144,0.2715323417502594,0.07214573955101033,1.2722285437864522,0.3993154592127781,0.05462102709001804,1.1384831759105143,0.1190273762965482,-0.05176703896419822,0.5931826183385407,0.07042253521126761,-0.026204392835340116,0.6491543845919743,0.08027429710101791,0.3993154592127781,0.07042253521126761,0.9295774647887324,0.6006845407872219,0.8809726237034518,1400.0,785.0,1400.0,785.0,10362.0,11762.0,2891.0,10362.0,2106.0,0.7284676582497406,0.04041270996267908,-0.04041270996267908,0.007349186947353752,2.7005274393577375e-05,2.6873311960699293e-05,0.007349186947353752,2.7005274393577375e-05,2.6873311960699293e-05,0.4006851559541928,-0.009080574100315042,0.5837839575516094,-0.05462102709001804,0.05462102709001804,-0.06195638925760422,-0.08740403957515708,0.12039824520669201,0.9295774647887324,0.6006845407872219,-0.05462102709001804,0.23926840919948134,[0.7590664],11147.0,-0.10738356521753481,0.5459708445166045,0.6584336407691105,0.5684742968571885,0.14911622193407492,0.7651310027879771,0.7651310027879772,0.7960520200871016,-1375143501.0250816,-0.02841663425467792,0.945378972909982,0.6282347676933403,0.7073302787762918,,,,,,,,0.05462102709001804
658b7311-8759-4009-be67-490e6db4d241,BernoulliNB,PREPROCESSING,DEMV,DEMV,0.7806592506653928,0.793496862521392,0.35978980413567185,0.793496862521392,0.7766215125145779,0.5276934749620638,3506.0,0.21934074933460723,-0.06978001016817093,0.6959203732268016,0.47230652503793624,0.060875196595429726,1.1303809382275722,0.2065031374786081,0.09849663968839295,1.4982587541764665,0.0771772732118111,-0.025745384046691397,0.6850168544525237,0.22337848748542208,-0.10426761083932887,0.5661946748316464,0.08156281087183957,0.2065031374786081,0.22337848748542208,0.7766215125145779,0.793496862521392,0.9228227267881889,724.0,2490.0,724.0,2490.0,8657.0,9381.0,5272.0,8657.0,2782.0,0.5276934749620638,0.10138212526386091,-0.10138212526386091,0.017730693695677514,0.00015718874946496917,0.00015910167509024684,0.017730693695677514,0.00015718874946496917,0.00015910167509024684,0.4038881302337061,0.010196644272646549,0.5730734017252728,-0.09849663968839295,0.10426761083932887,-0.04331029032106056,-0.16376200719512854,0.09644238364575052,0.7766215125145779,0.793496862521392,-0.09849663968839295,0.23926840919948134,[0.7590664],11147.0,-0.10738356521753481,0.5459708445166045,0.633857370699476,0.506801307091084,0.21934074933460723,0.7850591875179849,0.7850591875179849,0.8646501564064779,-391832333.1760905,0.005770971150935916,0.9015033603116069,0.7047498416719443,0.7600430918998665,45.35098457336426,339.0,0.0,844436.8789052486,0.0,3518486.995438536,303.9581821059402,0.09849663968839295
658b7311-8759-4009-be67-490e6db4d241,BaggingClassifier,PREPROCESSING,DEMV,HYPERPARAMETER,0.8654200505016038,0.6426126640045636,0.20282535999454038,0.6426126640045636,0.9354983403606352,0.7580753701211306,3506.0,0.13457994949839625,-0.04370066963210817,0.6899109425084857,0.24192462987886945,0.04523567210192031,1.1899340623693881,0.3573873359954364,0.0866816723337005,1.2479282240942402,0.10726821333789915,-0.04109427332095632,0.6391731323727142,0.06450165963936486,-0.030978156265534976,0.5545637068259285,0.07176100070469892,0.3573873359954364,0.06450165963936486,0.9354983403606352,0.6426126640045636,0.8927317866621008,1253.0,719.0,1253.0,719.0,10428.0,11681.0,2972.0,10428.0,2253.0,0.7580753701211306,0.05882991429961774,-0.05882991429961774,0.0021278768590040804,2.2639299635425356e-06,2.2607059588235282e-06,0.0021278768590040804,2.2639299635425356e-06,2.2607059588235282e-06,0.3788429772470355,0.08142108272939153,0.5332094578580632,-0.0866816723337005,0.0866816723337005,-0.043164972711438286,-0.10156533274806595,0.10771973574013703,0.9354983403606352,0.6426126640045636,-0.0866816723337005,0.23926840919948134,[0.7590664],11147.0,-0.10738356521753481,0.5459708445166045,0.695585057116394,0.6133830606203706,0.13457994949839625,0.7890555021825993,0.7890555021825993,0.8354755697536433,-171168082.3924252,-0.05570351606816552,0.9133183276662995,0.6680504077094144,0.7337305230042913,52.903446197509766,220.49999999999997,0.0,683706.3077553749,0.0,2848776.282314062,246.10261772213147,0.0866816723337005
658b7311-8759-4009-be67-490e6db4d241,RandomForestClassifier,PREPROCESSING,DEMV,HYPERPARAMETER,0.8452876544052412,0.6023958927552767,0.20371255033099023,0.6023958927552767,0.9216829640261954,0.7075376884422111,3506.0,0.15471234559475877,-0.054615776506664715,0.6642081566178356,0.29246231155778896,0.05449952575443762,1.189493875353345,0.39760410724472334,0.04950473317050591,1.1259116400639482,0.11947206033596161,-0.05338507772196588,0.5829157872000993,0.07831703597380461,-0.033659944336794284,0.5983189251266442,0.08248546677563338,0.39760410724472334,0.07831703597380461,0.9216829640261954,0.6023958927552767,0.8805279396640384,1394.0,873.0,1394.0,873.0,10274.0,11668.0,2985.0,10274.0,2112.0,0.7075376884422111,0.04158233875365007,-0.04158233875365007,0.005561841552001409,1.546704072478472e-05,1.5409714650697287e-05,0.005561841552001409,1.546704072478472e-05,1.5409714650697287e-05,0.4061661403308587,0.00525356349091699,0.5754927099127256,-0.049504733170505855,0.049504733170505855,-0.05394230173820169,-0.09216187493989932,0.12184127550385651,0.9216829640261954,0.6023958927552767,-0.049504733170505855,0.23926840919948134,[0.7590664],11147.0,-0.10738356521753481,0.5459708445166045,0.6507471884147281,0.5551511164452446,0.15471234559475877,0.7620394283907361,0.7620394283907361,0.7937268100457175,-171284797.48349565,-0.015844788833711626,0.950495266829494,0.6256387469451233,0.706079050395108,,,,,,,,0.049504733170505855
658b7311-8759-4009-be67-490e6db4d241,GradientBoostingClassifier,PREPROCESSING,DEMV,HYPERPARAMETER,0.8727905548351873,0.6631488876212208,0.20528219477240156,0.6631488876212208,0.9387279088544003,0.772938829787234,3506.0,0.1272094451648127,-0.04496914069655111,0.6637650638306828,0.22706117021276595,-0.0025867790719593386,0.9886173534824068,0.33685111237877924,0.11273605989496033,1.3450177403496772,0.10141691713181623,-0.03449601121050751,0.6777616133998325,0.061272091145599714,-0.03962478701207611,0.41490741709383827,0.06754003868708479,0.33685111237877924,0.061272091145599714,0.9387279088544003,0.6631488876212208,0.8985830828681838,1181.0,683.0,1181.0,683.0,10464.0,11645.0,3008.0,10464.0,2325.0,0.772938829787234,0.07618042345351825,-0.07618042345351825,0.002935605841867546,4.3088908294034325e-06,4.317410266531664e-06,0.002935605841867546,4.3088908294034325e-06,4.317410266531664e-06,0.3675324167664256,0.18601987935814357,0.4801669518501798,-0.11273605989496038,0.11273605989496038,-0.01595461606927407,-0.11543082936000079,0.10146795817149426,0.9387279088544003,0.6631488876212208,-0.11273605989496038,0.23926840919948134,[0.7590664],11147.0,-0.10738356521753481,0.5459708445166045,0.7138470985569543,0.6357463783241118,0.1272094451648127,0.8009383982378105,0.8009383982378105,0.8619542245757497,-237857391.60571572,-0.07311127288288422,0.8872639401050395,0.687564690226231,0.7433327610656639,125.11054635047913,230.09999999999997,0.0,684907.8190094949,0.0,2853782.5792062283,246.5351061480936,0.11273605989496038
658b7311-8759-4009-be67-490e6db4d241,XGBClassifier,PREPROCESSING,FOS,FOS,0.8754521258445369,0.6645750142612664,0.20330307786801338,0.6645750142612664,0.9417780568762896,0.7821416582745888,3506.0,0.12454787415546309,-0.04954883054783765,0.6239093613447767,0.21785834172541121,0.003301116554128597,1.0151717983043285,0.3354249857387336,0.051338537426368513,1.1551823972206139,0.10073667980126777,-0.04399132773430542,0.5919970986460348,0.058221943123710415,-0.033348919975580926,0.47607387001326396,0.06631122069614401,0.3354249857387336,0.058221943123710415,0.9417780568762896,0.6645750142612664,0.8992633201987322,1176.0,649.0,1176.0,649.0,10498.0,11674.0,2979.0,10498.0,2330.0,0.7821416582745888,0.04234372870097472,-0.04234372870097472,0.0023242802583458284,2.7011393596680756e-06,2.6969387238902748e-06,0.0023242802583458284,2.7011393596680756e-06,2.6969387238902748e-06,0.3641736418142972,0.07520559463443588,0.5365424617655712,-0.051338537426368513,0.051338537426368513,-0.023646222144216994,-0.1010251580469491,0.10031944460323718,0.9417780568762896,0.6645750142612664,-0.051338537426368513,0.23926840919948134,[0.7590664],11147.0,-0.10738356521753481,0.5459708445166045,0.7185813415574402,0.6427845684097576,0.12454787415546309,0.8031765355687781,0.803176535568778,0.8371860248898912,-274797244.9766623,-0.017989617450787587,0.9486614625736315,0.6905238201081723,0.7594035523858934,,,,,,,,0.051338537426368513
658b7311-8759-4009-be67-490e6db4d241,GradientBoostingClassifier,PREPROCESSING,FOS,FOS,0.8694465297208762,0.612093553907587,0.18419436292909303,0.612093553907587,0.95039023952633,0.7951092997406447,3506.0,0.13055347027912378,-0.04613387481568498,0.6638856031462252,0.20489070025935532,0.042372705050189835,1.2105820926385442,0.387906446092413,0.05316036907555516,1.1387472592716044,0.11376944955663376,-0.049287147780601046,0.5946202620400115,0.04960976047367004,-0.021745491386608945,0.590869101572914,0.07140914642900599,0.387906446092413,0.04960976047367004,0.95039023952633,0.612093553907587,0.8862305504433662,1360.0,553.0,1360.0,553.0,10594.0,11954.0,2699.0,10594.0,2146.0,0.7951092997406447,0.037452930231082024,-0.037452930231082024,0.007634840528623222,2.914539494875386e-05,2.899749141832211e-05,0.007634840528623222,2.914539494875386e-05,2.899749141832211e-05,0.37791307579655403,0.03511880601164741,0.5584269009915234,-0.0531603690755551,0.0531603690755551,-0.045829926415395454,-0.08691134534141608,0.11201638205246664,0.95039023952633,0.612093553907587,-0.0531603690755551,0.23926840919948134,[0.7590664],11147.0,-0.10738356521753481,0.5459708445166045,0.6917002417405318,0.6190659282735557,0.13055347027912378,0.7812418967169585,0.7812418967169585,0.8105016949682969,-196711320.48574266,-0.03141487768894621,0.9468396309244448,0.649466596050541,0.7254094886364567,37.015732526779175,119.29999999999997,0.0,118318.9162359476,0.0,492995.4843164484,42.58933211733762,0.0531603690755551
658b7311-8759-4009-be67-490e6db4d241,AdaBoostClassifier,PREPROCESSING,FOS,FOS,0.8640551422916809,0.6118083285795779,0.1894492595372961,0.6118083285795779,0.9433928411231721,0.7726945244956772,3506.0,0.1359448577083191,-0.04914445898445208,0.656537274374287,0.22730547550432276,0.017323117949586242,1.0766780645463487,0.38819167142042216,0.08432905512188116,1.2215459620979792,0.11459122674075944,-0.045305554839663184,0.6282334306572495,0.056607158876827844,-0.03207819535022123,0.4811893951329905,0.07391252642656375,0.38819167142042216,0.056607158876827844,0.9433928411231721,0.6118083285795779,0.8854087732592405,1361.0,631.0,1361.0,631.0,10516.0,11877.0,2776.0,10516.0,2145.0,0.7726945244956772,0.058203625236051194,-0.058203625236051194,0.002866640056105919,4.108812605635474e-06,4.100937167983193e-06,0.002866640056105919,4.108812605635474e-06,4.100937167983193e-06,0.38448023727251246,0.1231091753983582,0.5113278869237987,-0.08432905512188116,0.08432905512188116,-0.031314336394624685,-0.09965415017539268,0.11393076401651174,0.9433928411231721,0.6118083285795779,-0.08432905512188116,0.23926840919948134,[0.7590664],11147.0,-0.10738356521753481,0.5459708445166045,0.6829035339063992,0.6044664760751977,0.1359448577083191,0.7776005848513751,0.777600584851375,0.8228597578753986,-145752864.919624,-0.05225085977165993,0.915670944878119,0.6454039416278019,0.7158315918854039,,,,,,,,0.08432905512188116
658b7311-8759-4009-be67-490e6db4d241,RandomForestClassifier,PREPROCESSING,FOS,FOS,0.8542960485907323,0.6200798630918426,0.2031665870470211,0.6200798630918426,0.9279626805418498,0.730265367819953,3506.0,0.14570395140926773,-0.055067028468328116,0.6417353430974849,0.269734632180047,0.020584198884830318,1.0767970589541962,0.37992013690815746,0.06892829206774903,1.1844250698074223,0.11408016443987667,-0.048003334450637494,0.6059541875313554,0.07203731945815017,-0.039321319810740385,0.4987068900630748,0.07770996496540214,0.37992013690815746,0.07203731945815017,0.9279626805418498,0.6200798630918426,0.8859198355601233,1332.0,803.0,1332.0,803.0,10344.0,11676.0,2977.0,10344.0,2174.0,0.730265367819953,0.05412480593924468,-0.05412480593924468,0.0017802516752205158,1.5846480135627266e-06,1.5827591993078086e-06,0.0017802516752205158,1.5846480135627266e-06,1.5827591993078086e-06,0.3942333445192127,0.08766868258682825,0.5298839980537636,-0.06892829206774898,0.06892829206774898,-0.03429376666773385,-0.10251411700057261,0.11558541549453942,0.9279626805418498,0.6200798630918426,-0.06892829206774898,0.23926840919948134,[0.7590664],11147.0,-0.10738356521753481,0.5459708445166045,0.670677155637822,0.5811159146072848,0.14570395140926773,0.7740212718168462,0.7740212718168462,0.8159150229467802,-629287371.1709836,-0.029606972257008646,0.9310717079322511,0.6443868099296036,0.7180886807380408,36.38818955421448,129.7,0.0,118651.74090998172,0.0,494382.25379159045,42.70913359144017,0.06892829206774898
658b7311-8759-4009-be67-490e6db4d241,BaggingClassifier,PREPROCESSING,FOS,FOS,0.8486999249300484,0.5838562464346834,0.19142837644168428,0.5838562464346834,0.9319996411590562,0.7297682709447415,3506.0,0.15130007506995158,-0.05556939881627365,0.6513270787700345,0.27023172905525844,0.03481248447719182,1.1302301093251572,0.4161437535653166,0.06761928707118114,1.164889812323308,0.12314314652261985,-0.05230745696306496,0.602239551863752,0.06800035884094376,-0.03449920236539104,0.5313732802418789,0.08218067080251565,0.4161437535653166,0.06800035884094376,0.9319996411590562,0.5838562464346834,0.8768568534773802,1459.0,758.0,1459.0,758.0,10389.0,11848.0,2805.0,10389.0,2047.0,0.7297682709447415,0.051059244718286094,-0.051059244718286094,0.0046477643401611445,1.0800856680836779e-05,1.0767366097486682e-05,0.0046477643401611445,1.0800856680836779e-05,1.0767366097486682e-05,0.4054150239014722,0.0725692862728875,0.5379007334328789,-0.06761928707118114,0.06761928707118114,-0.04355997072012836,-0.09482554416141017,0.12433838989070332,0.9319996411590562,0.5838562464346834,-0.06761928707118114,0.23926840919948134,[0.7590664],11147.0,-0.10738356521753481,0.5459708445166045,0.6487086040247187,0.5594024865831723,0.15130007506995158,0.7579279437968698,0.7579279437968698,0.7966271721580215,-1335118926.2137837,-0.0331200847057901,0.9323807129288189,0.6145762966298881,0.6933534069243501,,,,,,,,0.06761928707118114
658b7311-8759-4009-be67-490e6db4d241,BernoulliNB,PREPROCESSING,FOS,FOS,0.8060465433699584,0.735596120935539,0.3066948747696717,0.735596120935539,0.8282048981788822,0.5738762794837561,3506.0,0.1939534566300416,-0.08239244999061635,0.5998902506078018,0.42612372051624386,-0.011025512000018944,0.9741710895516604,0.26440387906446094,0.18881199814823685,1.7628960735305974,0.09124913869475341,-0.019776409895388147,0.791396425749026,0.1717951018211178,-0.12228447039069336,0.36212483080718255,0.08311710175700358,0.26440387906446094,0.1717951018211178,0.8282048981788822,0.735596120935539,0.9087508613052466,927.0,1915.0,927.0,1915.0,9232.0,10159.0,4494.0,9232.0,2579.0,0.5738762794837561,0.15554823426946512,-0.15554823426946512,0.02803976302043793,0.0003931141551211592,0.00040078217210336896,0.02803976302043793,0.0003931141551211592,0.00040078217210336896,0.4077182894033663,0.3078568218121598,0.425297044966181,-0.1888119981482369,0.1888119981482369,-0.004375448947684629,-0.19231715782072306,0.10447985389931141,0.8282048981788822,0.735596120935539,-0.1888119981482369,0.23926840919948134,[0.7590664],11147.0,-0.10738356521753481,0.5459708445166045,0.64475,0.5216374927371681,0.1939534566300416,0.7819005095572106,0.7819005095572107,0.9035237531932299,-329970419.1625262,-0.06652752775754349,0.8111880018517631,0.6871835864641619,0.7240797112778353,32.6011426448822,140.2,0.0,118948.1659813404,0.0,495617.35825558496,42.81583289374636,0.1888119981482369
658b7311-8759-4009-be67-490e6db4d241,BaggingClassifier,PREPROCESSING,FOS,HYPERPARAMETER,0.8596191906094315,0.5670279520821448,0.17245615232375622,0.5670279520821448,0.9516461828294609,0.7867036011080333,3506.0,0.14038080939056852,-0.04773988474772872,0.6759380397937373,0.21329639889196675,0.039926818768833416,1.1900614754098362,0.4329720479178551,0.0876135402199767,1.2060887401489797,0.1251855517070757,-0.04938981026815552,0.6287211093990756,0.04835381717053916,-0.02419401118695823,0.5373391139412004,0.07803788927864543,0.4329720479178551,0.04835381717053916,0.9516461828294609,0.5670279520821448,0.8748144482929243,1518.0,539.0,1518.0,539.0,10608.0,12126.0,2527.0,10608.0,1988.0,0.7867036011080333,0.05590377570346746,-0.05590377570346746,0.006691308126755834,2.2386802223594336e-05,2.228711947749946e-05,0.006691308126755834,2.2386802223594336e-05,2.228711947749946e-05,0.39506427142591727,0.11268646127597703,0.5165928074009026,-0.0876135402199767,0.0876135402199767,-0.04465831451849447,-0.08966423733692935,0.12379364869767918,0.9516461828294609,0.5670279520821448,-0.0876135402199767,0.23926840919948134,[0.7590664],11147.0,-0.10738356521753481,0.5459708445166045,0.6590419360185645,0.5857578868452856,0.14038080939056852,0.7593370674558029,0.7593370674558029,0.8017868765581808,-175612900.72203434,-0.06341952903301847,0.9123864597800233,0.6095822154082023,0.6854068473477771,25.43029761314392,140.6,0.0,119168.48753552436,0.0,496535.36473135144,42.895138453180635,0.0876135402199767
658b7311-8759-4009-be67-490e6db4d241,RandomForestClassifier,PREPROCESSING,FOS,HYPERPARAMETER,0.8603698901248891,0.5490587564175698,0.1631065310857845,0.5490587564175698,0.958284740288867,0.805439330543933,3506.0,0.13963010987511093,-0.050708426575320154,0.655039470706513,0.19456066945606695,0.06732665481612696,1.3575903455552625,0.4509412435824301,0.022402742525102548,1.0499019917237455,0.12892440675201827,-0.06071100130382087,0.5612115558243735,0.04171525971113304,-0.01231557282681469,0.7183114568141307,0.07840252152507265,0.4509412435824301,0.04171525971113304,0.958284740288867,0.5490587564175698,0.8710755932479818,1581.0,465.0,1581.0,465.0,10682.0,12263.0,2390.0,10682.0,1925.0,0.805439330543933,0.01735915767595862,-0.01735915767595862,0.014914591208980086,0.00011122251546549303,0.0001101297753386458,0.014914591208980086,0.00011122251546549303,0.0001101297753386458,0.3959861652256873,-0.04565721716512594,0.6053594818559186,-0.022402742525102548,0.022402742525102548,-0.06401882805997387,-0.06828377537673462,0.12683804150828898,0.958284740288867,0.5490587564175698,-0.022402742525102548,0.23926840919948134,[0.7590664],11147.0,-0.10738356521753481,0.5459708445166045,0.6529850746268657,0.5858544588980087,0.13963010987511093,0.7536717483532185,0.7536717483532185,0.7667548550687974,-173666775.01679167,-0.010087169698287858,0.9775972574748976,0.5965292841648591,0.685613457544306,,,,,,,,0.022402742525102548
658b7311-8759-4009-be67-490e6db4d241,GradientBoostingClassifier,PREPROCESSING,FOS,HYPERPARAMETER,0.8757251074865215,0.659155733029093,0.20043677062717533,0.659155733029093,0.9438413923028618,0.7868573374191352,3506.0,0.12427489251347845,-0.04538258830504338,0.6532205393945313,0.21314266258086484,0.022640026871723506,1.107181394820536,0.34084426697090703,0.059378142809252465,1.1769701511177721,0.10199726869238648,-0.04297441544116952,0.605365662125208,0.05615860769713824,-0.02890991511184006,0.5250223101695574,0.06644353056408978,0.34084426697090703,0.05615860769713824,0.9438413923028618,0.659155733029093,0.8980027313076135,1195.0,626.0,1195.0,626.0,10521.0,11716.0,2937.0,10521.0,2311.0,0.7868573374191352,0.04414402896054626,-0.04414402896054626,0.003359258490244319,5.6423088021392706e-06,5.629643418357708e-06,0.003359258490244319,5.6423088021392706e-06,5.629643418357708e-06,0.36453677609835133,0.06409222441041451,0.5425356439723376,-0.059378142809252465,0.059378142809252465,-0.03280722115644651,-0.09822114766515365,0.10122314876588313,0.9438413923028618,0.659155733029093,-0.059378142809252465,0.23926840919948134,[0.7590664],11147.0,-0.10738356521753481,0.5459708445166045,0.7173676858606239,0.642626370993966,0.12427489251347845,0.8014985626659775,0.8014985626659774,0.8368799384281406,-237092775.6886876,-0.030468227697412406,0.9406218571907475,0.6870308435525828,0.7548681577053691,54.37627458572388,150.6,0.0,119712.71905760764,0.0,498802.99607336515,43.09103660522682,0.059378142809252465
658b7311-8759-4009-be67-490e6db4d241,XGBClassifier,PREPROCESSING,FAIR_SMOTE,FAIR_SMOTE,0.3396574080393094,0.9811751283513976,0.890602606974681,0.9811751283513976,0.13788463263658382,0.2636015325670498,3506.0,0.6603425919606907,-0.583551145914452,0.2168458474675742,0.7363984674329502,-0.2166122413786823,0.7092957875025057,0.018824871648602397,0.21019108280254778,inf,0.041172800998128506,0.041172800998128506,inf,0.8621153673634162,-0.846831955922865,0.153168044077135,0.04329200807653961,0.018824871648602397,0.8621153673634162,0.13788463263658382,0.9811751283513976,0.9588271990018715,66.0,9610.0,66.0,9610.0,1537.0,1603.0,13050.0,1537.0,3440.0,0.2636015325670498,0.5285115193627064,-0.5285115193627064,0.13776190005298253,0.009489170553103972,0.01055715124620212,0.13776190005298253,0.009489170553103972,0.01055715124620212,0.2942516204765561,9.298725022425005,0.2470643494598403,-0.21019108280254772,0.846831955922865,0.12889252118840533,-0.7529356505401597,0.0489924894310104,0.13788463263658382,0.9811751283513976,-0.21019108280254772,0.23926840919948134,[0.7590664],11147.0,-0.10738356521753481,0.5459708445166045,0.41555931384392364,0.1627338674568255,0.6603425919606907,0.5595298804939907,0.5595298804939908,0.8552478677627033,,0.6366408731203173,0.7898089171974523,0.5838424983027835,0.6394256521773891,,,,,,,,0.21019108280254772
658b7311-8759-4009-be67-490e6db4d241,GradientBoostingClassifier,PREPROCESSING,FAIR_SMOTE,FAIR_SMOTE,0.3245069269091654,0.9960068454078722,0.9128506107964239,0.9960068454078722,0.11330402798959362,0.2610645933014354,3506.0,0.6754930730908346,-0.47927683872797944,0.356787062984439,0.7389354066985646,-0.09724202770117996,0.8694964471785708,0.003993154592127781,0.044585987261146494,inf,0.01096319498825372,0.01096319498825372,inf,0.8866959720104064,-0.6958677685950414,0.30413223140495865,0.03959118166518657,0.003993154592127781,0.8866959720104064,0.11330402798959362,0.9960068454078722,0.9890368050117463,14.0,9884.0,14.0,9884.0,1263.0,1277.0,13376.0,1263.0,3492.0,0.2610645933014354,0.37022687792809394,-0.37022687792809394,0.10368811739748361,0.005375612844717171,0.005807105171048759,0.10368811739748361,0.005375612844717171,0.005807105171048759,0.2813936092564526,9.071441325369655,0.4001878816345702,-0.04458598726114649,0.6958677685950414,0.05410261134471681,-0.5998121183654298,0.04377985639083092,0.11330402798959362,0.9960068454078722,-0.04458598726114649,0.23926840919948134,[0.7590664],11147.0,-0.10738356521753481,0.5459708445166045,0.4136950598270347,0.16534449578846397,0.6754930730908346,0.5546554366987329,0.554655436698733,0.7600037873535485,-640524407.2067876,0.6512817813338949,0.9554140127388535,0.5845819034067129,0.6714540993567474,156.03889846801758,129.79999999999998,0.0,126022.86753077507,0.0,525095.2813782294,45.3623979190637,0.04458598726114649
658b7311-8759-4009-be67-490e6db4d241,AdaBoostClassifier,PREPROCESSING,FAIR_SMOTE,FAIR_SMOTE,0.32805568825496484,0.9940102681118084,0.9083464137036784,0.9940102681118084,0.11859693190993092,0.26183320811419986,3506.0,0.6719443117450352,-0.4773230137450327,0.35609721842494724,0.7381667918858001,-0.09546771047413438,0.8717088371525958,0.005989731888191671,0.06687898089171974,inf,0.01563663440059568,0.016216216216216217,inf,0.8814030680900691,-0.6967847827139414,0.2996127108696142,0.040253645986007586,0.005989731888191671,0.8814030680900691,0.11859693190993092,0.9940102681118084,0.9843633655994043,21.0,9825.0,21.0,9825.0,1322.0,1343.0,13310.0,1322.0,3485.0,0.26183320811419986,0.38183188180283056,-0.38183188180283056,0.10494379525217702,0.005506600080965426,0.005954816297660339,0.10494379525217702,0.005506600080965426,0.005954816297660339,0.2837380693033897,4.5107220247917255,0.3932403573244848,-0.06687898089171973,0.6967847827139414,0.05584196334517527,-0.6044341505924407,0.04463838313618251,0.11859693190993092,0.9940102681118084,-0.06687898089171973,0.23926840919948134,[0.7590664],11147.0,-0.10738356521753481,0.5459708445166045,0.4144862036156042,0.16650377419396445,0.6719443117450352,0.5563036000108696,0.5563036000108696,0.7687180504567092,-195876895.75147635,0.6299058018222217,0.9331210191082803,0.5850260198086286,0.6681032790617942,,,,,,,,0.06687898089171973
658b7311-8759-4009-be67-490e6db4d241,RandomForestClassifier,PREPROCESSING,FAIR_SMOTE,FAIR_SMOTE,0.3410905616597284,0.975470621791215,0.8864396369344162,0.975470621791215,0.14156275231003856,0.263299715143583,3506.0,0.6589094383402716,-0.5934149317293885,0.2036081649186817,0.7367002848564169,-0.23545193229000327,0.6840120017145306,0.02452937820878494,0.27388535031847133,inf,0.051682692307692304,0.051682692307692304,inf,0.8584372476899614,-0.8694214876033057,0.1305785123966942,0.04424318604089592,0.02452937820878494,0.8584372476899614,0.14156275231003856,0.975470621791215,0.9483173076923077,86.0,9569.0,86.0,9569.0,1578.0,1664.0,12989.0,1578.0,3420.0,0.263299715143583,0.5716534189608886,-0.5716534189608886,0.14423989917448873,0.010402574256933337,0.011641626534509899,0.14423989917448873,0.010402574256933337,0.011641626534509899,0.2974665898580744,9.336061060306875,0.21841240018788163,-0.2738853503184714,0.8694214876033057,0.14356731229884773,-0.7815875998121183,0.05055323338929357,0.14156275231003856,0.975470621791215,-0.2738853503184714,0.23926840919948134,[0.7590664],11147.0,-0.10738356521753481,0.5459708445166045,0.4146711124583207,0.1573729779846157,0.6589094383402716,0.5585166870506268,0.5585166870506268,0.8777946607498264,-1745624544.8931456,0.5955361372848345,0.7261146496815286,0.5819543114816863,0.623196768609348,155.55314588546753,140.59999999999997,0.0,126414.3581348896,0.0,526726.4922287066,45.50331641197993,0.2738853503184714
658b7311-8759-4009-be67-490e6db4d241,BaggingClassifier,PREPROCESSING,FAIR_SMOTE,FAIR_SMOTE,0.33672285538797514,0.980034227039361,0.892991196342046,0.980034227039361,0.13438593343500493,0.2625907527703477,3506.0,0.6632771446120249,-0.5567592608288844,0.2518398087316579,0.7374092472296523,-0.1713063777830368,0.7700472018340605,0.019965772960638905,0.21593394313810005,345.6305732484077,0.044642857142857144,-0.08118556701030928,0.35051546391752575,0.8656140665649951,-0.8161306396781596,0.18264314987372995,0.04313363747938521,0.019965772960638905,0.8656140665649951,0.13438593343500493,0.980034227039361,0.9553571428571429,70.0,9649.0,70.0,9649.0,1498.0,1568.0,13085.0,1498.0,3436.0,0.2625907527703477,0.5160322914081298,-0.5160322914081298,0.13218604976098858,0.008736575875707276,0.009671509534842039,0.13218604976098858,0.008736575875707276,0.009671509534842039,0.29371291248218967,5.769895255634131,0.2713659406406391,-0.2159339431381,0.8161306396781596,0.04506040538636379,-0.7277031950229069,0.04898299856308397,0.13438593343500493,0.980034227039361,-0.2159339431381,0.23926840919948134,[0.7590664],11147.0,-0.10738356521753481,0.5459708445166045,0.41420047013441025,0.15791653869290528,0.6632771446120249,0.557210080237183,0.557210080237183,0.8447484747376843,-5017930166.945875,0.6001966965400596,0.7840660568619,0.5822988603143668,0.6369338660489746,,,,,,,,0.2159339431381
658b7311-8759-4009-be67-490e6db4d241,BernoulliNB,PREPROCESSING,FAIR_SMOTE,FAIR_SMOTE,0.3327646215791988,0.9903023388476897,0.9018630997065448,0.9903023388476897,0.1259531712568404,0.26273174423004164,3506.0,0.6672353784208012,-0.5075343925853062,0.31504733483422687,0.7372682557699584,-0.1209173150818803,0.8374912980925419,0.009697661152310326,0.10828025477707007,inf,0.02364394993045897,0.024531024531024532,inf,0.8740468287431596,-0.7393313566637028,0.2565258383205092,0.04127811160401332,0.009697661152310326,0.8740468287431596,0.1259531712568404,0.9903023388476897,0.9763560500695411,34.0,9743.0,34.0,9743.0,1404.0,1438.0,13215.0,1404.0,3472.0,0.26273174423004164,0.4238058057203864,-0.4238058057203864,0.11434499444416621,0.006537388877218201,0.007125640908624448,0.11434499444416621,0.006537388877218201,0.007125640908624448,0.2873259877004282,4.499358518191245,0.3504451945114219,-0.10828025477707004,0.7393313566637028,0.07272416980645242,-0.6468578356797785,0.04603586869160484,0.1259531712568404,0.9903023388476897,-0.10828025477707004,0.23926840919948134,[0.7590664],11147.0,-0.10738356521753481,0.5459708445166045,0.41528616709526944,0.16671914552943504,0.6672353784208012,0.558127755052265,0.5581277550522651,0.7946655379771007,-1360246555.3516362,0.6310511018866327,0.89171974522293,0.5851767581005352,0.6609095119954822,157.76111841201782,150.79999999999995,0.0,126806.62061967849,0.0,528360.9192486603,45.644512746203716,0.10828025477707004
658b7311-8759-4009-be67-490e6db4d241,BaggingClassifier,PREPROCESSING,FAIR_SMOTE,HYPERPARAMETER,0.5045383197979936,0.986594409583571,0.7283150208148502,0.986594409583571,0.35292006817977933,0.3241191904047976,3506.0,0.4954616802020064,-0.33238914961057764,0.3887163421845999,0.6758808095952024,-0.0833161485527526,0.8777098366785282,0.013405590416428978,0.10770556965662564,29.649681528662423,0.01180607887465461,0.019676968175809016,5.17479674796748,0.6470799318202207,-0.49981107100305944,0.313881006972558,0.05779545782883252,0.013405590416428978,0.6470799318202207,0.35292006817977933,0.986594409583571,0.9881939211253454,47.0,7213.0,47.0,7213.0,3934.0,3981.0,10672.0,3934.0,3459.0,0.3241191904047976,0.3037583203298425,-0.3037583203298425,0.08599084376322788,0.003697212605555933,0.003936907111963354,0.08599084376322788,0.003697212605555933,0.003936907111963354,0.33998664041056825,0.6524271759694498,0.4091507657852442,-0.10770556965662559,0.49981107100305944,0.05149655836428084,-0.47073568021357665,0.06014989665183707,0.35292006817977933,0.986594409583571,-0.10770556965662559,0.23926840919948134,[0.7590664],11147.0,-0.10738356521753481,0.5459708445166045,0.4879390605162928,0.3256298864659132,0.4954616802020064,0.6697572388816752,0.6697572388816752,0.8732015727931258,-463178194.7244091,0.3921055013464338,0.8922944303433743,0.6529495044832467,0.7170634289957951,36.55066633224487,140.59999999999997,0.0,125918.53849201203,0.0,524660.5770500501,45.324844295157106,0.10770556965662559
658b7311-8759-4009-be67-490e6db4d241,RandomForestClassifier,PREPROCESSING,FAIR_SMOTE,HYPERPARAMETER,0.3259400805295844,0.9928693667997718,0.9099160581450897,0.9928693667997718,0.11617475553960707,0.26108152703817594,3506.0,0.6740599194704155,-0.48914062454291607,0.34354938043554634,0.738918472961824,-0.10236050121220908,0.8626272056170482,0.00713063320022818,0.07961783439490445,inf,0.01893939393939394,0.01893939393939394,inf,0.8838252444603929,-0.7134986225895317,0.2865013774104683,0.040180319268230166,0.00713063320022818,0.8838252444603929,0.11617475553960707,0.9928693667997718,0.9810606060606061,25.0,9852.0,25.0,9852.0,1295.0,1320.0,13333.0,1295.0,3481.0,0.26108152703817594,0.39655822849221806,-0.39655822849221806,0.10813055478387584,0.005846108438934388,0.006338807785911062,0.10813055478387584,0.005846108438934388,0.006338807785911062,0.28347952048862424,9.104546735028983,0.3799906059182715,-0.07961783439490444,0.7134986225895317,0.06064994757580148,-0.6200093940817285,0.04470415975658145,0.11617475553960707,0.9928693667997718,-0.07961783439490444,0.23926840919948134,[0.7590664],11147.0,-0.10738356521753481,0.5459708445166045,0.413444978917988,0.1624936195213269,0.6740599194704155,0.5545220611696895,0.5545220611696894,0.7744223474069949,-403472215.99381304,0.6338807881946272,0.9203821656050956,0.5837910360152613,0.6648363637124631,,,,,,,,0.07961783439490444
658b7311-8759-4009-be67-490e6db4d241,GradientBoostingClassifier,PREPROCESSING,FAIR_SMOTE,HYPERPARAMETER,0.33569917423053297,0.9874500855675984,0.8975636388452877,0.9874500855675984,0.1307078137615502,0.26322992700729925,3506.0,0.664300825769467,-0.55630830890177,0.2534070659359443,0.7367700729927007,-0.17506565737732604,0.7650533333697351,0.012549914432401598,0.14012738853503184,inf,0.029313790806129246,0.029313790806129246,inf,0.8692921862384498,-0.8027548209366391,0.1972451790633609,0.04199145411891605,0.012549914432401598,0.8692921862384498,0.1307078137615502,0.9874500855675984,0.9706862091938707,44.0,9690.0,44.0,9690.0,1457.0,1501.0,13152.0,1457.0,3462.0,0.26322992700729925,0.47144110473583545,-0.47144110473583545,0.12700249846305245,0.00806481730792882,0.008887120950285633,0.12700249846305245,0.00806481730792882,0.008887120950285633,0.2897980473326763,9.23300089071518,0.2949741662752466,-0.14012738853503182,0.8027548209366391,0.10218972409172762,-0.7050258337247535,0.04703891551302851,0.1307078137615502,0.9874500855675984,-0.14012738853503182,0.23926840919948134,[0.7590664],11147.0,-0.10738356521753481,0.5459708445166045,0.4156561411934206,0.16624993014350792,0.664300825769467,0.5590789496645743,0.5590789496645743,0.8226517473289918,-943281371.2789584,0.6626274324016073,0.8598726114649682,0.5850443599493029,0.6548063545792452,98.43252873420715,150.89999999999998,0.0,126933.0372535944,0.0,528887.65522331,45.6900168817915,0.14012738853503182
658b7311-8759-4009-be67-490e6db4d241,XGBClassifier,PREPROCESSING,BAL_GAN_FAIR,BAL_GAN_FAIR,0.8699924930048454,0.6528807758128922,0.2031665870470211,0.6528807758128922,0.9382793576747107,0.7688948605979173,3506.0,0.13000750699515462,-0.04934195672631703,0.6403034539927857,0.23110513940208263,0.012878349720454985,1.0559839088166276,0.34711922418710783,0.06297990198426001,1.184432887278677,0.10423090099349092,-0.043811225376659296,0.606342072166054,0.061720642325289315,-0.03423747666431687,0.49123545823024684,0.0692628389678152,0.34711922418710783,0.061720642325289315,0.9382793576747107,0.6528807758128922,0.895769099006509,1217.0,688.0,1217.0,688.0,10459.0,11676.0,2977.0,10459.0,2289.0,0.7688948605979173,0.04860868932428847,-0.04860868932428847,0.001981165342137872,1.9625080564441352e-06,1.9599055126344715e-06,0.001981165342137872,1.9625080564441352e-06,1.9599055126344715e-06,0.37219037861775844,0.08325392781726437,0.532232883759422,-0.06297990198426007,0.06297990198426007,-0.02834478754855714,-0.10196456621980021,0.10429797202747715,0.9382793576747107,0.6528807758128922,-0.06297990198426007,0.23926840919948134,[0.7590664],11147.0,-0.10738356521753481,0.5459708445166045,0.7061545580749653,0.626835572605888,0.13000750699515462,0.7955800667438014,0.7955800667438014,0.8342521710407476,-264681047.49916005,-0.028742425319943143,0.93702009801574,0.6784735087069285,0.7471967485809866,,,,,,,,0.06297990198426007
658b7311-8759-4009-be67-490e6db4d241,GradientBoostingClassifier,PREPROCESSING,BAL_GAN_FAIR,BAL_GAN_FAIR,0.8521804408653518,0.6138049058756417,0.2022793967105712,0.6138049058756417,0.9271552884184086,0.7260458839406208,3506.0,0.14781955913464817,-0.0597404791161702,0.6182705303821858,0.2739541160593792,-0.020964749536178107,0.9239057239057239,0.38619509412435826,0.1005140239132864,1.2664790401422013,0.11583540080417487,-0.04453321421187552,0.6382601038271242,0.07284471158159146,-0.05015757859151071,0.3808590960106112,0.07895887733125931,0.38619509412435826,0.07284471158159146,0.9271552884184086,0.6138049058756417,0.8841645991958251,1354.0,812.0,1354.0,812.0,10335.0,11689.0,2964.0,10335.0,2152.0,0.7260458839406208,0.07533580125239858,-0.07533580125239858,0.003066835037617189,4.702738573978212e-06,4.712453976387594e-06,0.003066835037617189,4.702738573978212e-06,4.712453976387594e-06,0.3973886695195506,0.20388098133684407,0.4716349399586715,-0.10051402391328645,0.10051402391328645,-0.011784232337848706,-0.11576443027414607,0.1174630478452598,0.9271552884184086,0.6138049058756417,-0.10051402391328645,0.23926840919948134,[0.7590664],11147.0,-0.10738356521753481,0.5459708445166045,0.6652241112828439,0.5745429327019506,0.14781955913464817,0.7704800971470251,0.7704800971470251,0.8285248326146222,-204486845.3724892,-0.05035644532177569,0.8994859760867135,0.638480937546358,0.7068501529738314,1670.5420670509338,228.7,0.0,295673.28551585675,0.0,1231972.0229827366,106.42869420767529,0.10051402391328645
658b7311-8759-4009-be67-490e6db4d241,AdaBoostClassifier,PREPROCESSING,BAL_GAN_FAIR,BAL_GAN_FAIR,0.8507472872449328,0.6431831146605819,0.21777110489319593,0.6431831146605819,0.9160312191621064,0.7066750235036039,3506.0,0.14925271275506724,-0.058119955012819746,0.6314459156554154,0.2933249764963961,-0.12215836766037719,0.5919533820331233,0.35681688533941813,0.2517140781891033,1.7530190605244778,0.10914325597626941,-0.019068667205402373,0.8303835797127704,0.08396878083789361,-0.0818726169854253,0.15855147388987997,0.07770006538240481,0.35681688533941813,0.08396878083789361,0.9160312191621064,0.6431831146605819,0.8908567440237306,1251.0,936.0,1251.0,936.0,10211.0,11462.0,3191.0,10211.0,2255.0,0.7066750235036039,0.1667933475872643,-0.1667933475872643,0.0218166087192862,0.00023798220800521735,0.00024156469412208738,0.0218166087192862,0.00023798220800521735,0.00024156469412208738,0.39420823274610794,0.6341422422988181,0.30644467147582943,-0.2517140781891033,0.2517140781891033,0.051544850227487435,-0.16796177829877112,0.112230518227315,0.9160312191621064,0.6431831146605819,-0.2517140781891033,0.23926840919948134,[0.7590664],11147.0,-0.10738356521753481,0.5459708445166045,0.6734358668060325,0.5780556455183979,0.14925271275506724,0.7796071669113442,0.7796071669113441,0.9096404560835105,-146272690.79779336,-0.169841461203678,0.7482859218108967,0.6579619228244219,0.6855455016830435,,,,,,,,0.2517140781891033
658b7311-8759-4009-be67-490e6db4d241,RandomForestClassifier,PREPROCESSING,BAL_GAN_FAIR,BAL_GAN_FAIR,0.8510202688869174,0.6269252709640616,0.20971814645465092,0.6269252709640616,0.9215035435543195,0.715261958997722,3506.0,0.1489797311130826,-0.05560236511234273,0.6459766036263445,0.2847380410022779,0.0226771436448856,1.0801656920077973,0.3730747290359384,0.07644708906023023,1.208741752164461,0.11295336787564766,-0.04642386058258459,0.6146700434278715,0.07849645644568046,-0.043087973606619125,0.49611908559276985,0.07863177296294313,0.3730747290359384,0.07849645644568046,0.9215035435543195,0.6269252709640616,0.8870466321243523,1308.0,875.0,1308.0,875.0,10272.0,11580.0,3073.0,10272.0,2198.0,0.715261958997722,0.059767531333424675,-0.059767531333424675,0.0001820978977015597,1.657982217366385e-08,1.657779673674227e-08,0.0001820978977015597,1.657982217366385e-08,1.657779673674227e-08,0.3965646806334198,0.09603717692758096,0.525490479459479,-0.07644708906023023,0.07644708906023023,-0.034550502113735095,-0.10688209497323617,0.11529859134548409,0.9215035435543195,0.6269252709640616,-0.07644708906023023,0.23926840919948134,[0.7590664],11147.0,-0.10738356521753481,0.5459708445166045,0.668186654506764,0.5747376676391722,0.1489797311130826,0.7742144072591906,0.7742144072591906,0.8204872911038431,-634159661.9574572,-0.03335911545361111,0.9235529109397698,0.6468986829519535,0.7186576775214119,1665.7220213413239,239.79999999999995,0.0,296097.93450784683,0.0,1233741.393782695,106.58154818511616,0.07644708906023023
658b7311-8759-4009-be67-490e6db4d241,BaggingClassifier,PREPROCESSING,BAL_GAN_FAIR,BAL_GAN_FAIR,0.8530676312018016,0.6015402167712492,0.19552310107145293,0.6015402167712492,0.9321790616309321,0.7361256544502618,3506.0,0.14693236879819838,-0.05595471818579911,0.6391468122765458,0.2638743455497382,0.03208706385173721,1.1228986223076787,0.3984597832287507,0.045066886962629504,1.114260129614546,0.1185103495079742,-0.0536647798039839,0.5776722491676947,0.06782093836906791,-0.032968641328926566,0.5495411992949595,0.07929520098958429,0.3984597832287507,0.06782093836906791,0.9321790616309321,0.6015402167712492,0.8814896504920258,1397.0,756.0,1397.0,756.0,10391.0,11788.0,2865.0,10391.0,2109.0,0.7361256544502618,0.03901776414577804,-0.03901776414577804,0.005697638023079051,1.6231539521018083e-05,1.6169921521752014e-05,0.005697638023079051,1.6231539521018083e-05,1.6169921521752014e-05,0.39823410449027163,0.03255839885448997,0.5599238993195754,-0.045066886962629504,0.045066886962629504,-0.042875921827860555,-0.09192263489140774,0.11952677214841215,0.9321790616309321,0.6015402167712492,-0.045066886962629504,0.23926840919948134,[0.7590664],11147.0,-0.10738356521753481,0.5459708445166045,0.6620624705697693,0.574136913012864,0.14693236879819838,0.7668596392010907,0.7668596392010907,0.7967807877363553,-1386785709.496931,-0.012098245633702938,0.9549331130373705,0.6303519390271239,0.710896348645128,,,,,,,,0.045066886962629504
658b7311-8759-4009-be67-490e6db4d241,BernoulliNB,PREPROCESSING,BAL_GAN_FAIR,BAL_GAN_FAIR,0.7806592506653928,0.793496862521392,0.35978980413567185,0.793496862521392,0.7766215125145779,0.5276934749620638,3506.0,0.21934074933460723,-0.06978001016817093,0.6959203732268016,0.47230652503793624,0.060875196595429726,1.1303809382275722,0.2065031374786081,0.09849663968839295,1.4982587541764665,0.0771772732118111,-0.025745384046691397,0.6850168544525237,0.22337848748542208,-0.10426761083932887,0.5661946748316464,0.08156281087183957,0.2065031374786081,0.22337848748542208,0.7766215125145779,0.793496862521392,0.9228227267881889,724.0,2490.0,724.0,2490.0,8657.0,9381.0,5272.0,8657.0,2782.0,0.5276934749620638,0.10138212526386091,-0.10138212526386091,0.017730693695677514,0.00015718874946496917,0.00015910167509024684,0.017730693695677514,0.00015718874946496917,0.00015910167509024684,0.4038881302337061,0.010196644272646549,0.5730734017252728,-0.09849663968839295,0.10426761083932887,-0.04331029032106056,-0.16376200719512854,0.09644238364575052,0.7766215125145779,0.793496862521392,-0.09849663968839295,0.23926840919948134,[0.7590664],11147.0,-0.10738356521753481,0.5459708445166045,0.633857370699476,0.506801307091084,0.21934074933460723,0.7850591875179849,0.7850591875179849,0.8646501564064779,-391832333.1760905,0.005770971150935916,0.9015033603116069,0.7047498416719443,0.7600430918998665,1655.9581634998322,250.39999999999998,0.0,296399.8654584408,0.0,1234999.43941017,106.69022934904524,0.09849663968839295
658b7311-8759-4009-be67-490e6db4d241,BaggingClassifier,PREPROCESSING,BAL_GAN_FAIR,HYPERPARAMETER,0.8690370572578994,0.6283513976041073,0.19238381218863032,0.6283513976041073,0.9447384946622409,0.7814827953174884,3506.0,0.13096294274210063,-0.048261607324083355,0.6502150635840163,0.21851720468251154,0.02400749100393179,1.1108896990557278,0.37164860239589276,0.060523522181249345,1.1652618330218545,0.11010647287476762,-0.04675745114475799,0.6023416772616048,0.05526150533775904,-0.028496455810098013,0.524277413918006,0.07087223181832175,0.37164860239589276,0.05526150533775904,0.9447384946622409,0.6283513976041073,0.8898935271252324,1303.0,616.0,1303.0,616.0,10531.0,11834.0,2819.0,10531.0,2203.0,0.7814827953174884,0.04450998899567368,-0.04450998899567368,0.004636171982999439,1.0747045327974476e-05,1.0713804234713023e-05,0.004636171982999439,1.0747045327974476e-05,1.0713804234713023e-05,0.3764896594020127,0.06877006575289868,0.5399574101004206,-0.060523522181249345,0.060523522181249345,-0.03538247107434486,-0.09484429632072133,0.10916473620926442,0.9447384946622409,0.6283513976041073,-0.060523522181249345,0.23926840919948134,[0.7590664],11147.0,-0.10738356521753481,0.5459708445166045,0.696600790513834,0.6202894359078477,0.13096294274210063,0.786544946133174,0.7865449461331742,0.8215540530301644,-177328848.57420546,-0.03202706637115133,0.9394764778187507,0.6607183024668216,0.7332397470551865,40.708741664886475,141.79999999999998,0.0,135558.9485364914,0.0,564828.9522353808,48.794945595889835,0.060523522181249345
658b7311-8759-4009-be67-490e6db4d241,RandomForestClassifier,PREPROCESSING,BAL_GAN_FAIR,HYPERPARAMETER,0.8426260833958916,0.6041072447233314,0.20719306626629358,0.6041072447233314,0.9176460034089889,0.6976284584980237,3506.0,0.15737391660410838,-0.05278384055924046,0.6801815098384484,0.30237154150197626,0.06505942093778982,1.2193771937719375,0.39589275527666856,0.058380425586258666,1.149438908156646,0.11948007230782474,-0.05189143393457238,0.5938985535144412,0.08235399659101103,-0.03387520531268339,0.6144836390512666,0.08343939409583694,0.39589275527666856,0.08235399659101103,0.9176460034089889,0.6041072447233314,0.8805199276921752,1388.0,918.0,1388.0,918.0,10229.0,11617.0,3036.0,10229.0,2118.0,0.6976284584980237,0.04612781544947103,-0.04612781544947103,0.005059650592704246,1.2800032060126214e-05,1.2756847422319558e-05,0.005059650592704246,1.2800032060126214e-05,1.2756847422319558e-05,0.40850800260420095,0.003439078294543263,0.5765560752783613,-0.058380425586258666,0.058380425586258666,-0.0584754274361811,-0.09348630244772685,0.12232945135040191,0.9176460034089889,0.6041072447233314,-0.058380425586258666,0.23926840919948134,[0.7590664],11147.0,-0.10738356521753481,0.5459708445166045,0.647508407214919,0.5492274559753868,0.15737391660410838,0.7608766240661601,0.7608766240661602,0.7959742005609006,-171841065.0289391,-0.024505220273575275,0.9416195744137413,0.6250553342186809,0.7039416724434118,,,,,,,,0.058380425586258666
658b7311-8759-4009-be67-490e6db4d241,GradientBoostingClassifier,PREPROCESSING,BAL_GAN_FAIR,HYPERPARAMETER,0.8727905548351873,0.6631488876212208,0.20528219477240156,0.6631488876212208,0.9387279088544003,0.772938829787234,3506.0,0.1272094451648127,-0.04496914069655111,0.6637650638306828,0.22706117021276595,-0.0025867790719593386,0.9886173534824068,0.33685111237877924,0.11273605989496033,1.3450177403496772,0.10141691713181623,-0.03449601121050751,0.6777616133998325,0.061272091145599714,-0.03962478701207611,0.41490741709383827,0.06754003868708479,0.33685111237877924,0.061272091145599714,0.9387279088544003,0.6631488876212208,0.8985830828681838,1181.0,683.0,1181.0,683.0,10464.0,11645.0,3008.0,10464.0,2325.0,0.772938829787234,0.07618042345351825,-0.07618042345351825,0.002935605841867546,4.3088908294034325e-06,4.317410266531664e-06,0.002935605841867546,4.3088908294034325e-06,4.317410266531664e-06,0.3675324167664256,0.18601987935814357,0.4801669518501798,-0.11273605989496038,0.11273605989496038,-0.01595461606927407,-0.11543082936000079,0.10146795817149429,0.9387279088544003,0.6631488876212208,-0.11273605989496038,0.23926840919948134,[0.7590664],11147.0,-0.10738356521753481,0.5459708445166045,0.7138470985569543,0.6357463783241118,0.1272094451648127,0.8009383982378105,0.8009383982378105,0.8619542245757497,-237854702.88700655,-0.07311127288288422,0.8872639401050395,0.687564690226231,0.7433327610656639,114.91577911376953,151.29999999999998,0.0,136651.09372792245,0.0,569379.5571996769,49.18806730252764,0.11273605989496038
658b7311-8759-4009-be67-490e6db4d241,XGBClassifier,PREPROCESSING,UNAWARENESS,UNAWARENESS,0.8757251074865215,0.6694238448374216,0.2053504401828977,0.6694238448374216,0.9406118238090966,0.7799933532735128,3506.0,0.12427489251347845,-0.04538258830504338,0.6532205393945313,0.2200066467264872,0.032877959927140266,1.1514261744966443,0.33057615516257843,0.042672365627444364,1.130594622322917,0.09953624184129166,-0.04445873098424238,0.5831620994296202,0.059388176190903384,-0.02750263024587929,0.5693715680292861,0.06596086588860373,0.33057615516257843,0.059388176190903384,0.9406118238090966,0.6694238448374216,0.9004637581587084,1159.0,662.0,1159.0,662.0,10485.0,11644.0,3009.0,10485.0,2347.0,0.7799933532735128,0.03508749793666188,-0.03508749793666188,0.0044524772502933406,9.912276832189873e-06,9.882825754782545e-06,0.0044524772502933406,9.912276832189873e-06,9.882825754782545e-06,0.36321031342351423,0.022301723654374328,0.5657557487416807,-0.042672365627444475,0.042672365627444475,-0.038668345455691325,-0.09517729716576864,0.0993360630252685,0.9406118238090966,0.6694238448374216,-0.042672365627444475,0.23926840919948134,[0.7590664],11147.0,-0.10738356521753481,0.5459708445166045,0.7204911742133538,0.644284959437851,0.12427489251347845,0.805017834323259,0.805017834323259,0.8332638959240523,-276591056.95546293,-0.015169735381565075,0.9573276343725554,0.6940193686700673,0.7640706635718804,,,,,,,,0.042672365627444475
658b7311-8759-4009-be67-490e6db4d241,GradientBoostingClassifier,PREPROCESSING,UNAWARENESS,UNAWARENESS,0.8697195113628609,0.6138049058756417,0.18474032621306216,0.6138049058756417,0.9502108190544541,0.7949759881787957,3506.0,0.13028048863713915,-0.046913589599842376,0.6578067582129145,0.20502401182120428,0.04943158749492488,1.2464574898785425,0.38619509412435826,0.03405208882077809,1.0888751165297823,0.1133433785367487,-0.05206247197137251,0.5717084787375479,0.04978918094554589,-0.01932731830639324,0.6348936549893488,0.07120748124833108,0.38619509412435826,0.04978918094554589,0.9502108190544541,0.6138049058756417,0.8866566214632513,1354.0,555.0,1354.0,555.0,10592.0,11946.0,2707.0,10592.0,2152.0,0.7949759881787957,0.02668970356358564,-0.02668970356358564,0.009440639943061406,4.456284126726323e-05,4.428383605954911e-05,0.009440639943061406,4.456284126726323e-05,4.428383605954911e-05,0.37737907002993976,-0.00745243869710821,0.5827641294064317,-0.03405208882077804,0.03405208882077804,-0.05074702973314872,-0.08205461108846684,0.11160692172744967,0.9502108190544541,0.6138049058756417,-0.03405208882077804,0.23926840919948134,[0.7590664],11147.0,-0.10738356521753481,0.5459708445166045,0.6927410268791244,0.6200415393046278,0.13028048863713915,0.7820078624650479,0.7820078624650479,0.8028794204986335,-197009926.51393983,-0.014724770514384852,0.9659479111792219,0.6508884688090737,0.7302867208154182,,,,,,,,0.03405208882077804
658b7311-8759-4009-be67-490e6db4d241,AdaBoostClassifier,PREPROCESSING,UNAWARENESS,UNAWARENESS,0.8632361973657272,0.6081003993154592,0.1884938237903501,0.6081003993154592,0.9434825513591101,0.7719044170890659,3506.0,0.1367638026342728,-0.04515666228966264,0.6849347974842702,0.2280955829109341,0.07456215972723815,1.3371447836042085,0.39189960068454077,0.034782417828009504,1.0894645267582646,0.11554957530905727,-0.05281764860440377,0.5735858006708128,0.05651744864088992,-0.017492345423608335,0.7053455460413123,0.0744625094388238,0.39189960068454077,0.05651744864088992,0.9434825513591101,0.6081003993154592,0.8844504246909427,1374.0,630.0,1374.0,630.0,10517.0,11891.0,2762.0,10517.0,2132.0,0.7719044170890659,0.02613738162580892,-0.02613738162580892,0.010425201748730578,5.4342415750867546e-05,5.396715478638788e-05,0.010425201748730578,5.4342415750867546e-05,5.396715478638788e-05,0.38590804458788835,-0.042351637470210646,0.603521561855153,-0.034782417828009504,0.034782417828009504,-0.06368990416582095,-0.07930201912750252,0.11490037031815728,0.9434825513591101,0.6081003993154592,-0.034782417828009504,0.23926840919948134,[0.7590664],11147.0,-0.10738356521753481,0.5459708445166045,0.6802807913209955,0.6016927291554695,0.1367638026342728,0.7757914753372847,0.7757914753372847,0.7960686331902245,-145663455.3365599,-0.01729007240440117,0.9652175821719905,0.6421686746987952,0.7228075533425218,,,,,,,,0.034782417828009504
658b7311-8759-4009-be67-490e6db4d241,RandomForestClassifier,PREPROCESSING,UNAWARENESS,UNAWARENESS,0.8529993857913055,0.616657159155733,0.20282535999454038,0.616657159155733,0.9273347088902844,0.7274562584118439,3506.0,0.14700061420869448,-0.05328681097628396,0.6556429201924766,0.27254374158815614,0.041101837729144886,1.1528087501327386,0.38334284084426695,0.05467490382005974,1.144472096849032,0.11505864223953428,-0.05045125149077802,0.5902924030426057,0.07266529110971562,-0.03414832579388555,0.5634627721800823,0.0784499832931321,0.38334284084426695,0.07266529110971562,0.9273347088902844,0.616657159155733,0.8849413577604657,1344.0,810.0,1344.0,810.0,10337.0,11681.0,2972.0,10337.0,2162.0,0.7274562584118439,0.044411614806972616,-0.044411614806972616,0.0043387098484634345,9.4122015745768e-06,9.384946997742038e-06,0.0043387098484634345,9.4122015745768e-06,9.384946997742038e-06,0.39610600422899955,0.033891847630822536,0.5592130016306381,-0.054674903820059684,0.054674903820059684,-0.04577654460996145,-0.09552027415956947,0.11665470187526772,0.9273347088902844,0.616657159155733,-0.054674903820059684,0.23926840919948134,[0.7590664],11147.0,-0.10738356521753481,0.5459708445166045,0.6674899660389009,0.577182227037963,0.14700061420869448,0.7719959340230087,0.7719959340230087,0.8062815200773876,-649961707.930754,-0.02052657802617419,0.9453250961799403,0.641067457375834,0.7181098838548232,,,,,,,,0.054674903820059684
658b7311-8759-4009-be67-490e6db4d241,BaggingClassifier,PREPROCESSING,UNAWARENESS,UNAWARENESS,0.8489046611615368,0.5838562464346834,0.19122364021019586,0.5838562464346834,0.93226877186687,0.7305496074232691,3506.0,0.15109533883846316,-0.05532985873323304,0.6523075008655239,0.2694503925767309,0.04807479034823198,1.1812923777829192,0.4161437535653166,0.04313331098446754,1.1046212223878575,0.12311197367310775,-0.05591892018769325,0.5763164489426372,0.06773122813312998,-0.0295708713995742,0.5923849750357069,0.08209223052704608,0.4161437535653166,0.06773122813312998,0.93226877186687,0.5838562464346834,0.8768880263268922,1459.0,755.0,1459.0,755.0,10392.0,11851.0,2802.0,10392.0,2047.0,0.7305496074232691,0.0363520911920209,-0.0363520911920209,0.007585517341757913,2.8770036671055018e-05,2.8624972287244767e-05,0.007585517341757913,2.8770036671055018e-05,2.8624972287244767e-05,0.4051968176751789,0.00818581912992622,0.5737410578221737,-0.0431333109844676,0.0431333109844676,-0.051996855267962584,-0.08689229314755594,0.12427148494069404,0.93226877186687,0.5838562464346834,-0.0431333109844676,0.23926840919948134,[0.7590664],11147.0,-0.10738356521753481,0.5459708445166045,0.6490171211160431,0.5599229945593897,0.15109533883846316,0.7580625091507767,0.7580625091507767,0.7856196666126779,-1336628671.1207523,-0.013562439584893345,0.9568666890155325,0.6147147147147147,0.6978984881427068,,,,,,,,0.0431333109844676
658b7311-8759-4009-be67-490e6db4d241,BernoulliNB,PREPROCESSING,UNAWARENESS,UNAWARENESS,0.8072067153483928,0.7378779235596121,0.3066266293591756,0.7378779235596121,0.8290122903023235,0.5757845537502783,3506.0,0.19279328465160717,-0.06729628666740972,0.6677892415362084,0.4242154462497218,0.044524765624796125,1.10587799142515,0.26212207644038793,0.11436233896844017,1.4540355547105237,0.09045275590551181,-0.030227638433870982,0.6840760624877887,0.17098770969767652,-0.09038829632096203,0.5132697165220902,0.08262258717564645,0.26212207644038793,0.17098770969767652,0.8290122903023235,0.7378779235596121,0.9095472440944882,919.0,1906.0,919.0,1906.0,9241.0,10160.0,4493.0,9241.0,2587.0,0.5757845537502783,0.10237531764470115,-0.10237531764470115,0.015495908620876596,0.00012006159199327881,0.00012133485995301264,0.015495908620876596,0.00012006159199327881,0.00012133485995301264,0.406503596972146,0.08615990416746877,0.5310161417040581,-0.11436233896844028,0.11436233896844028,-0.03737620202933361,-0.1543183072530802,0.10375690308185039,0.8290122903023235,0.7378779235596121,-0.11436233896844028,0.23926840919948134,[0.7590664],11147.0,-0.10738356521753481,0.5459708445166045,0.6468308538567321,0.5245282134206103,0.19279328465160717,0.7834451069309678,0.7834451069309678,0.8636505486102124,-327568845.4418676,-0.02397404264747814,0.8856376610315596,0.6893611351675438,0.7443491071935456,,,,,,,,0.11436233896844028
658b7311-8759-4009-be67-490e6db4d241,BaggingClassifier,PREPROCESSING,UNAWARENESS,HYPERPARAMETER,0.8634409335972156,0.5795778665145465,0.17464000545963285,0.5795778665145465,0.9527227056607159,0.7940601797577178,3506.0,0.13655906640278437,-0.04931352845280135,0.6568874275872867,0.20593982024228213,0.05673686890866081,1.2825909145215098,0.4204221334854535,0.03143806969653434,1.075281559243314,0.12187861749627915,-0.056344815687364866,0.5689389119431756,0.04727729433928411,-0.01698501202651146,0.6605907232732228,0.07565390683667418,0.4204221334854535,0.04727729433928411,0.9527227056607159,0.5795778665145465,0.8781213825037208,1474.0,527.0,1474.0,527.0,10620.0,12094.0,2559.0,10620.0,2032.0,0.7940601797577178,0.024211540861522874,-0.024211540861522874,0.01171725460355034,6.864702772221081e-05,6.811508371548907e-05,0.01171725460355034,6.864702772221081e-05,6.811508371548907e-05,0.38898305062476485,-0.018637317590447955,0.589269018471931,-0.03143806969653429,0.03143806969653429,-0.05654084229801284,-0.0762823589136289,0.12011485260112675,0.9527227056607159,0.5795778665145465,-0.03143806969653429,0.23926840919948134,[0.7590664],11147.0,-0.10738356521753481,0.5459708445166045,0.6700741962077493,0.5981660557047896,0.13655906640278437,0.7661502860876311,0.7661502860876312,0.7846999650453094,-174929849.7714192,-0.014453057670022883,0.9685619303034657,0.6215492850042058,0.7058451091672631,26.48160219192505,109.19999999999997,0.0,130274.92949664593,0.0,542812.2062360247,46.89294337205658,0.03143806969653429
658b7311-8759-4009-be67-490e6db4d241,RandomForestClassifier,PREPROCESSING,UNAWARENESS,HYPERPARAMETER,0.8598921722514161,0.5487735310895607,0.1634477581382652,0.5487735310895607,0.9577464788732394,0.8033402922755741,3506.0,0.14010782774858388,-0.05291600577806532,0.6419664741412803,0.1966597077244259,0.05884385076001841,1.3078313253012048,0.45122646891043927,0.015093466149450063,1.0335503787945992,0.1290585739924947,-0.06206333741750841,0.5525475401925735,0.04225352112676056,-0.013616644172307967,0.6938059676723423,0.0786546550036459,0.45122646891043927,0.04225352112676056,0.9577464788732394,0.5487735310895607,0.8709414260075053,1582.0,471.0,1582.0,471.0,10676.0,12258.0,2395.0,10676.0,1924.0,0.8033402922755741,0.014355055160879015,-0.014355055160879015,0.01496640169469536,0.00011199658984349007,0.0001108924922700516,0.01496640169469536,0.00011199658984349007,0.0001108924922700516,0.396622377088449,-0.04827776697363162,0.6069537407462777,-0.015093466149450063,0.015093466149450063,-0.06045359408876341,-0.06813345806769651,0.12706538937086223,0.9577464788732394,0.5487735310895607,-0.015093466149450063,0.23926840919948134,[0.7590664],11147.0,-0.10738356521753481,0.5459708445166045,0.6520928656159973,0.5844118262513853,0.14010782774858388,0.7532600049814001,0.7532600049814,0.7640730939033921,-175023984.84567064,-0.001476821977142096,0.9849065338505498,0.5959885386819485,0.6863270383660288,62.049010038375854,108.99999999999997,0.0,130635.86576664448,0.0,544316.1073610187,47.02286371924355,0.015093466149450063
658b7311-8759-4009-be67-490e6db4d241,GradientBoostingClassifier,PREPROCESSING,UNAWARENESS,HYPERPARAMETER,0.87592984371801,0.6585852823730747,0.19995905275370232,0.6585852823730747,0.9442899434825514,0.7880546075085324,3506.0,0.12407015628199003,-0.04184574353736825,0.6784809251153374,0.21194539249146757,0.05020167098818781,1.2419466814773672,0.34141471762692527,0.04825758664176366,1.14315819382947,0.10210696920583469,-0.04445373290056223,0.5928930446076763,0.05571005651744864,-0.022451023109558745,0.6218177840101043,0.06637848685859331,0.34141471762692527,0.05571005651744864,0.9442899434825514,0.6585852823730747,0.8978930307941653,1197.0,621.0,1197.0,621.0,10526.0,11723.0,2930.0,10526.0,2309.0,0.7880546075085324,0.03535430487566123,-0.03535430487566123,0.005984966392026321,1.7909911356842278e-05,1.783851877897129e-05,0.005984966392026321,1.7909911356842278e-05,1.783851877897129e-05,0.3643583040321527,0.009842626820204314,0.5728349192443218,-0.04825758664176372,0.04825758664176372,-0.047327701944375036,-0.09106761143545677,0.10125853347465108,0.9442899434825514,0.6585852823730747,-0.04825758664176372,0.23926840919948134,[0.7590664],11147.0,-0.10738356521753481,0.5459708445166045,0.7175264139216905,0.6430714092283004,0.12407015628199003,0.801437612927813,0.801437612927813,0.829771882634085,-236456382.5351784,-0.025806563532204917,0.9517424133582363,0.6867935752528257,0.7570428425297158,125.50635194778442,108.59999999999998,0.0,131239.41603531837,0.0,546830.9001471599,47.24011387382409,0.04825758664176372
658b7311-8759-4009-be67-490e6db4d241,XGBClassifier,PREPROCESSING,UNAWARENESS,UNAWARENESS_SMOTE,0.8681498669214496,0.6868225898459783,0.22125162082849928,0.6868225898459783,0.9251816632277743,0.742751388032079,3506.0,0.13185013307855042,-0.04545275888518563,0.6717125996089592,0.25724861196792104,0.04061002491853555,1.1600608172554796,0.3131774101540217,0.05828464473285122,1.1892620406788008,0.09622294277451582,-0.04051813367081981,0.6057828785068966,0.07481833677222571,-0.034745754706398436,0.5682458283354058,0.06819804634026341,0.3131774101540217,0.07481833677222571,0.9251816632277743,0.6868225898459783,0.9037770572254842,1098.0,834.0,1098.0,834.0,10313.0,11411.0,3242.0,10313.0,2408.0,0.742751388032079,0.046515199719624825,-0.046515199719624825,0.001253832454378718,7.860479118266802e-07,7.853875990055482e-07,0.001253832454378718,7.860479118266802e-07,7.853875990055482e-07,0.3693184163841912,0.0318593896191357,0.5604344128064185,-0.05828464473285122,0.05828464473285122,-0.0405640792946777,-0.10388966289468232,0.09853199447027024,0.9251816632277743,0.6868225898459783,-0.05828464473285122,0.23926840919948134,[0.7590664],11147.0,-0.10738356521753481,0.5459708445166045,0.7136929460580913,0.6290295368508457,0.13185013307855042,0.8060021265368763,0.8060021265368763,0.8434934764271813,-263565170.62488338,-0.023538890026452784,0.9417153552671488,0.7,0.7654945952283778,,,,,,,,0.05828464473285122
658b7311-8759-4009-be67-490e6db4d241,GradientBoostingClassifier,PREPROCESSING,UNAWARENESS,UNAWARENESS_SMOTE,0.8511567597079096,0.7022247575584712,0.24561523237562274,0.7022247575584712,0.8979994617385844,0.684078910808558,3506.0,0.1488432402920904,-0.04994716391592491,0.6800315698807962,0.3159210891914421,0.056787296108216145,1.1827823609709776,0.2977752424415288,0.0367239755439554,1.1247052446130912,0.09444544961100054,-0.043670542089732325,0.569938076463136,0.10200053826141563,-0.04154790707999609,0.6180048582556419,0.073465968670371,0.2977752424415288,0.10200053826141563,0.8979994617385844,0.7022247575584712,0.9055545503889995,1044.0,1137.0,1044.0,1137.0,10010.0,11054.0,3599.0,10010.0,2462.0,0.684078910808558,0.03913594131197577,-0.03913594131197577,0.0008635915844597249,3.728952123748291e-07,3.7267935406878105e-07,0.0008635915844597249,3.728952123748291e-07,3.7267935406878105e-07,0.3833170193726623,-0.03243492636373113,0.597800600191821,-0.036723975543955456,0.04154790707999609,-0.05022891909897426,-0.10491739373788891,0.10056436889429625,0.8979994617385844,0.7022247575584712,-0.036723975543955456,0.23926840919948134,[0.7590664],11147.0,-0.10738356521753481,0.5459708445166045,0.6930330752990852,0.5949052730634723,0.1488432402920904,0.8001121096485277,0.8001121096485277,0.8314252502147337,-189055237.59463862,0.004823931536040688,0.9632760244560447,0.6975986399376639,0.7682257509834312,,,,,,,,0.036723975543955456
658b7311-8759-4009-be67-490e6db4d241,AdaBoostClassifier,PREPROCESSING,UNAWARENESS,UNAWARENESS_SMOTE,0.8432402920903569,0.6956645750142613,0.2503924111103528,0.6956645750142613,0.8896564097963577,0.6647587898609976,3506.0,0.1567597079096431,-0.05371387265243588,0.6735989611358044,0.33524121013900243,0.05279875032543613,1.159785691774346,0.30433542498573873,0.04351044809475918,1.1448230973081035,0.09714129643117261,-0.04419678245546708,0.5765127904241012,0.11034359020364223,-0.04756488235037119,0.5972091814032088,0.07660421217328522,0.30433542498573873,0.11034359020364223,0.8896564097963577,0.6956645750142613,0.9028587035688274,1067.0,1230.0,1067.0,1230.0,9917.0,10984.0,3669.0,9917.0,2439.0,0.6647587898609976,0.045537665222565214,-0.045537665222565214,0.0007054040474219675,2.487974350596467e-07,2.489153076007737e-07,0.0007054040474219675,2.487974350596467e-07,2.489153076007737e-07,0.391418477267707,-0.017834519184912523,0.5891393429635582,-0.043510448094759235,0.04756488235037119,-0.0484977663904516,-0.10940756078062386,0.1040252970534592,0.8896564097963577,0.6956645750142613,-0.043510448094759235,0.23926840919948134,[0.7590664],11147.0,-0.10738356521753481,0.5459708445166045,0.6798606271777003,0.5764012753716634,0.1567597079096431,0.7926604924053096,0.7926604924053096,0.8287564005436162,-146738612.96097404,0.004054434255612013,0.9564895519052409,0.6876718122224572,0.758753394554618,,,,,,,,0.043510448094759235
658b7311-8759-4009-be67-490e6db4d241,RandomForestClassifier,PREPROCESSING,UNAWARENESS,UNAWARENESS_SMOTE,0.8482222070565755,0.6366229321163719,0.21715689619873063,0.6366229321163719,0.9147752758589756,0.7014456316781899,3506.0,0.15177779294342453,-0.05942563036133619,0.6295437557763195,0.2985543683218102,0.034497391477996076,1.1167821531181343,0.36337706788362806,0.01713878645658734,1.0473653734800232,0.1110626798012379,-0.055156055303636944,0.5399841725195371,0.08522472414102449,-0.0386205113127141,0.5779782065922154,0.07910397884249515,0.36337706788362806,0.08522472414102449,0.9147752758589756,0.6366229321163719,0.8889373201987621,1274.0,950.0,1274.0,950.0,10197.0,11471.0,3182.0,10197.0,2232.0,0.7014456316781899,0.02787964888465075,-0.02787964888465075,0.004767876744450219,1.1366324325134612e-05,1.1330174973586787e-05,0.004767876744450219,1.1366324325134612e-05,1.1330174973586787e-05,0.3977536394365114,-0.023084839958473546,0.5921234962686064,-0.017138786456587396,0.0386205113127141,-0.04482672339081654,-0.09415290420691944,0.11426972437092302,0.9147752758589756,0.6366229321163719,-0.017138786456587396,0.23926840919948134,[0.7590664],11147.0,-0.10738356521753481,0.5459708445166045,0.6674641148325359,0.5705577110899012,0.15177779294342453,0.7756991039876738,0.7756991039876737,0.7973253226469884,-587618090.9491906,0.02148172485612676,0.9828612135434127,0.6516788321167883,0.7341364021155998,,,,,,,,0.017138786456587396
658b7311-8759-4009-be67-490e6db4d241,BaggingClassifier,PREPROCESSING,UNAWARENESS,UNAWARENESS_SMOTE,0.8425578379853955,0.6032515687393041,0.20685183921381287,0.6032515687393041,0.9178254238808649,0.697789508413065,3506.0,0.15744216201460448,-0.06165649974594567,0.6294692884749407,0.302210491586935,0.030022168382141667,1.1002189292370044,0.396748431260696,0.036452596459301156,1.0926406750780966,0.11968680089485459,-0.056185839305523774,0.5633966627214076,0.08217457611913519,-0.040242112509579285,0.5464500073195726,0.08352295037833976,0.396748431260696,0.08217457611913519,0.9178254238808649,0.6032515687393041,0.8803131991051454,1391.0,916.0,1391.0,916.0,10231.0,11622.0,3031.0,10231.0,2115.0,0.697789508413065,0.038347354484440196,-0.038347354484440196,0.004406243468738975,9.70749075290244e-06,9.678945982922487e-06,0.004406243468738975,9.70749075290244e-06,9.678945982922487e-06,0.408712491559384,0.017919987675727223,0.5682515384338258,-0.0364525964593011,0.040242112509579285,-0.043104003843832776,-0.09528527209908219,0.12251813606985457,0.9178254238808649,0.6032515687393041,-0.0364525964593011,0.23926840919948134,[0.7590664],11147.0,-0.10738356521753481,0.5459708445166045,0.6470858191831115,0.5488497246598254,0.15744216201460448,0.7605384963100845,0.7605384963100845,0.7897031356271506,-1280359867.3037,0.0037895160502781286,0.963547403540699,0.6244003247472139,0.7073961899926842,,,,,,,,0.0364525964593011
658b7311-8759-4009-be67-490e6db4d241,BernoulliNB,PREPROCESSING,UNAWARENESS,UNAWARENESS_SMOTE,0.7857776564526036,0.778094694808899,0.3473008940148775,0.778094694808899,0.7881941329505696,0.5360581646688937,3506.0,0.21422234354739644,-0.07258432058451525,0.6770706817049844,0.46394183533110633,0.05197938786656331,1.1131244582521604,0.22190530519110097,0.10956331912584005,1.516582148670135,0.08134671685487244,-0.026354529697455352,0.6935945299133367,0.21180586704943033,-0.10623914396271487,0.5362845222357085,0.08248977298447316,0.22190530519110097,0.21180586704943033,0.7881941329505696,0.778094694808899,0.9186532831451275,778.0,2361.0,778.0,2361.0,8786.0,9564.0,5089.0,8786.0,2728.0,0.5360581646688937,0.10790123154427753,-0.10790123154427753,0.018876286814077672,0.0001781571019436613,0.00018046871093676173,0.018876286814077672,0.0001781571019436613,0.00018046871093676173,0.4061767422796957,0.04901101657990914,0.5512147549064292,-0.10956331912584016,0.10956331912584016,-0.039166958782009334,-0.1667356871143712,0.0990056794518447,0.7881941329505696,0.778094694808899,-0.10956331912584016,0.23926840919948134,[0.7590664],11147.0,-0.10738356521753481,0.5459708445166045,0.6347876672484002,0.5074426201566172,0.21422234354739644,0.7831444138797344,0.7831444138797343,0.8676466606143791,-359423485.9833846,-0.0033241751631251787,0.8904366808741598,0.6991734478118793,0.7530942744609199,,,,,,,,0.10956331912584016
658b7311-8759-4009-be67-490e6db4d241,BaggingClassifier,PREPROCESSING,UNAWARENESS,HYPERPARAMETER_SMOTE,0.853681839896267,0.6853964632059327,0.2350371937487204,0.6853964632059327,0.9066116443886247,0.6977351916376306,3506.0,0.146318160103733,-0.04644328544431886,0.6965802259235006,0.30226480836236935,0.05385256102672864,1.1809055648136695,0.31460353679406733,0.08820019794709705,1.2875740876885942,0.0984030689624409,-0.0369108227474875,0.6466137470764042,0.09338835561137526,-0.04376504789940475,0.5645890970178623,0.07377310751094089,0.31460353679406733,0.09338835561137526,0.9066116443886247,0.6853964632059327,0.9015969310375591,1103.0,1041.0,1103.0,1041.0,10106.0,11209.0,3444.0,10106.0,2403.0,0.6977351916376306,0.06598262292325092,-0.06598262292325092,0.002332192633318305,2.7195612394520855e-06,2.723829792080127e-06,0.002332192633318305,2.7195612394520855e-06,2.723829792080127e-06,0.3841174495149651,0.056180657918814436,0.5469991036716371,-0.0882001979470971,0.0882001979470971,-0.04538169188710807,-0.11397363656425039,0.10314584859535882,0.9066116443886247,0.6853964632059327,-0.0882001979470971,0.23926840919948134,[0.7590664],11147.0,-0.10738356521753481,0.5459708445166045,0.6915107913669065,0.5956588585470447,0.146318160103733,0.7960040537972787,0.7960040537972788,0.8485264891243637,-168877560.07413277,-0.044435150047692294,0.9117998020529029,0.6884400515685433,0.7496531768448281,30.344587564468384,109.39999999999998,0.0,134320.95755405427,0.0,559670.6564752262,48.34932615660981,0.0882001979470971
658b7311-8759-4009-be67-490e6db4d241,RandomForestClassifier,PREPROCESSING,UNAWARENESS,HYPERPARAMETER_SMOTE,0.8372346959666962,0.7404449515116942,0.2778270661298028,0.7404449515116942,0.8676774019915673,0.6376811594202898,3506.0,0.1627653040333038,-0.05689352628955224,0.6673508294816282,0.36231884057971014,0.047378787878787854,1.1323597883597882,0.25955504848830574,0.03322996982903115,1.129511677282378,0.085995085995086,-0.040891581104798194,0.5592296972000507,0.13232259800843277,-0.05802369641944127,0.5907202305470703,0.07476261976875757,0.25955504848830574,0.13232259800843277,0.8676774019915673,0.7404449515116942,0.914004914004914,910.0,1475.0,910.0,1475.0,9672.0,10582.0,4071.0,9672.0,2596.0,0.6376811594202898,0.045626833124236266,-0.045626833124236266,0.003932915526578765,7.733912269602164e-06,7.754424275942769e-06,0.003932915526578765,7.733912269602164e-06,7.754424275942769e-06,0.38668493575198293,-0.030692277973233928,0.5968520676129881,-0.03322996982903126,0.05802369641944127,-0.04413518449179305,-0.11897434989639061,0.096532312258098,0.8676774019915673,0.7404449515116942,-0.03322996982903126,0.23926840919948134,[0.7590664],11147.0,-0.10738356521753481,0.5459708445166045,0.6852316220139897,0.5792172592096234,0.1627653040333038,0.8040611767516306,0.8040611767516308,0.8407479418849545,-183809902.29699582,0.024793726590410126,0.9667700301709689,0.7117691411337309,0.7803818249277928,66.58421230316162,108.99999999999997,0.0,134681.74093313218,0.0,561173.9205547174,48.47919147014364,0.03322996982903126
658b7311-8759-4009-be67-490e6db4d241,GradientBoostingClassifier,PREPROCESSING,UNAWARENESS,HYPERPARAMETER_SMOTE,0.8651470688596192,0.6868225898459783,0.22425441889032963,0.6868225898459783,0.9212344128465058,0.7328058429701765,3506.0,0.13485293114038077,-0.04676781031335753,0.6698308588700733,0.2671941570298235,0.04648905016552074,1.1767410903370241,0.3131774101540217,0.04429265839758628,1.1432443420517684,0.09659540775930324,-0.04305548726732613,0.5841895596432091,0.07876558715349422,-0.034195735164055316,0.5945176613075424,0.06938150204475757,0.3131774101540217,0.07876558715349422,0.9212344128465058,0.6868225898459783,0.9034045922406968,1098.0,878.0,1098.0,878.0,10269.0,11367.0,3286.0,10269.0,2408.0,0.7328058429701765,0.03924419678082083,-0.03924419678082083,0.0023524233967197805,2.766947918717315e-06,2.7625929931789657e-06,0.0023524233967197805,2.766947918717315e-06,2.7625929931789657e-06,0.3725090657816466,0.0010099225742878915,0.5780336730106023,-0.04429265839758634,0.04429265839758634,-0.04477226871642344,-0.10080830807667501,0.09946002786114023,0.9212344128465058,0.6868225898459783,-0.04429265839758634,0.23926840919948134,[0.7590664],11147.0,-0.10738356521753481,0.5459708445166045,0.7090694935217904,0.62197444506668,0.13485293114038077,0.804028501346242,0.804028501346242,0.8355819540704624,-220461311.86273596,-0.010096923233530966,0.9557073416024137,0.6977687626774848,0.7667487661139141,140.2468364238739,108.29999999999997,0.0,135342.51335303782,0.0,563927.1389709909,48.717038949993935,0.04429265839758634
658b7311-8759-4009-be67-490e6db4d241,XGBClassifier,PREPROCESSING,UNAWARENESS,UNAWARENESS_ROS,0.8381218863031461,0.8419851682829436,0.3255306080666075,0.8419851682829436,0.8369067910648605,0.6188679245283019,3506.0,0.1618781136968539,-0.04761225755145704,0.7179300314217371,0.38113207547169814,0.06049595871437785,1.1610746731104393,0.15801483171705646,0.06080687387257955,1.3985534731032319,0.056055853485783666,-0.019826716463076585,0.6664877592083709,0.1630932089351395,-0.0691121754111272,0.6035926115939526,0.06544129395180456,0.15801483171705646,0.1630932089351395,0.8369067910648605,0.8419851682829436,0.9439441465142163,554.0,1818.0,554.0,1818.0,9329.0,9883.0,4770.0,9329.0,2952.0,0.6188679245283019,0.06495952464185331,-0.06495952464185331,0.010634880006945494,5.65503363810645e-05,5.6959369949815283e-05,0.010634880006945494,5.65503363810645e-05,5.6959369949815283e-05,0.3617769864206527,-0.027035301988675764,0.5947754853500467,-0.06080687387257944,0.0691121754111272,-0.04016133758872722,-0.14016549005617995,0.07559645297188006,0.8369067910648605,0.8419851682829436,-0.06080687387257944,0.23926840919948134,[0.7590664],11147.0,-0.10738356521753481,0.5459708445166045,0.7133881101981634,0.6181331488074804,0.1618781136968539,0.839445979673902,0.839445979673902,0.8939759914760337,-293618564.6079836,0.008305301538547652,0.9391931261274206,0.772370486656201,0.8209788260568924,,,,,,,,0.06080687387257944
658b7311-8759-4009-be67-490e6db4d241,GradientBoostingClassifier,PREPROCESSING,UNAWARENESS,UNAWARENESS_ROS,0.822425441889033,0.8553907586993725,0.3476421210673582,0.8553907586993725,0.8120570557100565,0.5887318413820181,3506.0,0.177574558110967,-0.052238227731923326,0.7178820335857663,0.41126815861798194,0.06309093210234273,1.1556986829213765,0.1446092413006275,0.0300572290599109,1.2117939848989747,0.0530390208180772,-0.024277363180248798,0.5756016798578582,0.1879429442899435,-0.0737863378357475,0.6309892257860688,0.06749317789381883,0.1446092413006275,0.1879429442899435,0.8120570557100565,0.8553907586993725,0.9469609791819228,507.0,2095.0,507.0,2095.0,9052.0,9559.0,5094.0,9052.0,2999.0,0.5887318413820181,0.05192178344782922,-0.05192178344782922,0.0097369965633126,4.740455103698069e-05,4.7718123945748263e-05,0.0097369965633126,4.740455103698069e-05,4.7718123945748263e-05,0.36740489352707,-0.07595345330847403,0.6246642074776279,-0.030057229059910928,0.0737863378357475,-0.043684147641295766,-0.138008729205168,0.07593055921283243,0.8120570557100565,0.8553907586993725,-0.030057229059910928,0.23926840919948134,[0.7590664],11147.0,-0.10738356521753481,0.5459708445166045,0.6974418604651162,0.5979523411445303,0.177574558110967,0.8337239072047145,0.8337239072047145,0.8770123393698757,-209092409.7558197,0.043729108775836606,0.9699427709400891,0.7683832949013579,0.8255692478665305,,,,,,,,0.030057229059910928
658b7311-8759-4009-be67-490e6db4d241,AdaBoostClassifier,PREPROCESSING,UNAWARENESS,UNAWARENESS_ROS,0.8200368525216679,0.8382772390188249,0.341841261175186,0.8382772390188249,0.8142998116085045,0.5867438610501098,3506.0,0.1799631474783321,-0.05008690500711155,0.7324996169257719,0.4132561389498902,0.07072823547419954,1.1740145228215768,0.16172276098117513,0.039244209249237744,1.2480544869773602,0.05879303193695562,-0.02550447917665543,0.5961201584639337,0.18570018839149546,-0.07044926134666227,0.6426997245179064,0.0696909483856981,0.16172276098117513,0.18570018839149546,0.8142998116085045,0.8382772390188249,0.9412069680630444,567.0,2070.0,567.0,2070.0,9077.0,9644.0,5009.0,9077.0,2939.0,0.5867438610501098,0.054846735297949964,-0.054846735297949964,0.008848524030954059,3.914818876318574e-05,3.938325175326745e-05,0.008848524030954059,3.914818876318574e-05,3.938325175326745e-05,0.37333884980188736,-0.07863124278767142,0.626331048726689,-0.03924420924923766,0.07044926134666227,-0.04811635732542746,-0.1350686156510922,0.07997363255797585,0.8142998116085045,0.8382772390188249,-0.03924420924923766,0.23926840919948134,[0.7590664],11147.0,-0.10738356521753481,0.5459708445166045,0.6903112155020552,0.5869655824142633,0.1799631474783321,0.8262885253136647,0.8262885253136647,0.8716077533412767,-146983732.05834332,0.031205052097424524,0.9607557907507623,0.7571327365234752,0.814687850962874,,,,,,,,0.03924420924923766
658b7311-8759-4009-be67-490e6db4d241,RandomForestClassifier,PREPROCESSING,UNAWARENESS,UNAWARENESS_ROS,0.8467890534361564,0.679406731317741,0.2390636729679929,0.679406731317741,0.8994348255135911,0.6799885812161005,3506.0,0.1532109465638436,-0.05230959845026151,0.6747142944433588,0.3200114187838995,0.05395648549153331,1.1712204808526148,0.32059326868225896,0.046641284740513655,1.14740493157596,0.10080717488789237,-0.04524629832671176,0.5816733328962036,0.10056517448640889,-0.043123988196660926,0.5991702611043429,0.076636829782525,0.32059326868225896,0.10056517448640889,0.8994348255135911,0.679406731317741,0.8991928251121076,1124.0,1121.0,1124.0,1121.0,10026.0,11150.0,3503.0,10026.0,2382.0,0.6799885812161005,0.044882636468587346,-0.044882636468587346,0.000665530535631631,2.214654469290628e-07,2.2136662456254008e-07,0.000665530535631631,2.214654469290628e-07,2.2136662456254008e-07,0.391501800206653,-0.011374915344596559,0.585303186174129,-0.046641284740513766,0.046641284740513766,-0.04960139190912259,-0.10549537279217702,0.10628229840887972,0.8994348255135911,0.679406731317741,-0.046641284740513766,0.23926840919948134,[0.7590664],11147.0,-0.10738356521753481,0.5459708445166045,0.6796975317448994,0.5790114566455316,0.1532109465638436,0.789420778415666,0.789420778415666,0.8248520642340458,-661575249.9665253,-0.00351729654385273,0.9533587152594862,0.6795521004207975,0.7514958239951647,,,,,,,,0.046641284740513766
658b7311-8759-4009-be67-490e6db4d241,BaggingClassifier,PREPROCESSING,UNAWARENESS,UNAWARENESS_ROS,0.8417388930594417,0.6514546491728466,0.23073773288746333,0.6514546491728466,0.9015878711761012,0.6755397811298433,3506.0,0.15826110694055828,-0.05656960148961154,0.6602025472153982,0.32446021887015675,0.0453047345586427,1.141370948020542,0.34854535082715343,0.054417492776527354,1.15834151043088,0.10841022001419447,-0.047926612667212404,0.5875340472277554,0.09841212882389881,-0.04581717104804819,0.5672410524085165,0.08046108687735286,0.34854535082715343,0.09841212882389881,0.9015878711761012,0.6514546491728466,0.8915897799858056,1222.0,1097.0,1222.0,1097.0,10050.0,11272.0,3381.0,10050.0,2284.0,0.6755397811298433,0.050117331912287746,-0.050117331912287746,0.00042225893956784725,8.915130602248143e-08,8.91260584589653e-08,0.00042225893956784725,8.915130602248143e-08,8.91260584589653e-08,0.40115106101655235,0.017475149832691494,0.568604296322185,-0.0544174927765273,0.0544174927765273,-0.0466156736129275,-0.10619554091653655,0.11324547248668888,0.9015878711761012,0.6514546491728466,-0.0544174927765273,0.23926840919948134,[0.7590664],11147.0,-0.10738356521753481,0.5459708445166045,0.663278640917671,0.5600417500899294,0.15826110694055828,0.7765212601744739,0.7765212601744739,0.8154384339075859,-1388892269.323303,-0.008600321728479167,0.9455825072234728,0.6573134757896251,0.7316649446131669,,,,,,,,0.0544174927765273
658b7311-8759-4009-be67-490e6db4d241,BernoulliNB,PREPROCESSING,UNAWARENESS,UNAWARENESS_ROS,0.753770558929912,0.8585282373074729,0.4177984030573944,0.8585282373074729,0.7208217457611914,0.49166938908853314,3506.0,0.24622944107008804,-0.0798071272907076,0.690460061260817,0.5083306109114668,0.05587896627540345,1.1110208481471742,0.1414717626925271,0.0964672828568236,1.7262348275447663,0.05814089790177002,-0.015428797240721215,0.7470623358012897,0.27917825423880865,-0.13143264858380005,0.5627345894531116,0.07716588583893397,0.1414717626925271,0.27917825423880865,0.7208217457611914,0.8585282373074729,0.94185910209823,496.0,3112.0,496.0,3112.0,8035.0,8531.0,6122.0,8035.0,3010.0,0.49166938908853314,0.11394996572031177,-0.11394996572031177,0.023841773015919242,0.0002842150702713075,0.0002889030460662021,0.023841773015919242,0.0002842150702713075,0.0002889030460662021,0.3928508262405311,-0.0008057837801971335,0.5794963420308797,-0.09646728285682349,0.13143264858380005,-0.035653881758062306,-0.18711808414738962,0.08555248081767843,0.7208217457611914,0.8585282373074729,-0.09646728285682349,0.23926840919948134,[0.7590664],11147.0,-0.10738356521753481,0.5459708445166045,0.625259659326963,0.5011633705976872,0.24622944107008804,0.7896749915343322,0.7896749915343322,0.8796584297498566,-354684488.44487375,0.03496536572697645,0.9035327171431766,0.7235576923076923,0.7750162885223915,,,,,,,,0.09646728285682349
658b7311-8759-4009-be67-490e6db4d241,BaggingClassifier,PREPROCESSING,UNAWARENESS,HYPERPARAMETER_ROS,0.8579130553470279,0.7361665715915573,0.25510134443458676,0.7361665715915573,0.896205257019826,0.6904761904761905,3506.0,0.1420869446529721,-0.04918650132562763,0.6704057021925304,0.30952380952380953,0.04159110840751712,1.1359893534975152,0.26383342840844265,0.05301669779544399,1.2046303498948696,0.0847457627118644,-0.0362046577046901,0.6008731991612338,0.10379474298017403,-0.04829792685850044,0.5674508124342359,0.06872467666960527,0.26383342840844265,0.10379474298017403,0.896205257019826,0.7361665715915573,0.9152542372881356,925.0,1157.0,925.0,1157.0,9990.0,10915.0,3738.0,9990.0,2581.0,0.6904761904761905,0.050657312326972244,-0.050657312326972244,0.003185305648879225,5.07308603839095e-06,5.083973027278336e-06,0.003185305648879225,5.07308603839095e-06,5.083973027278336e-06,0.3707416261214952,0.012530842178571477,0.5715092418104741,-0.053016697795444045,0.053016697795444045,-0.03889788305610361,-0.11656563503287407,0.09204672975117914,0.896205257019826,0.7361665715915573,-0.053016697795444045,0.23926840919948134,[0.7590664],11147.0,-0.10738356521753481,0.5459708445166045,0.7125897294312534,0.6189077946276669,0.1420869446529721,0.8161859143056917,0.8161859143056917,0.8575316990835504,-179716144.2537867,-0.004718770936943548,0.946983302204556,0.7241863075196409,0.7858123997819451,30.815187215805054,109.09999999999998,0.0,138508.81615059375,0.0,577120.0672941406,49.85676136902159,0.053016697795444045
658b7311-8759-4009-be67-490e6db4d241,RandomForestClassifier,PREPROCESSING,UNAWARENESS,HYPERPARAMETER_ROS,0.7977206032894287,0.8770678836280662,0.3827202620623763,0.8770678836280662,0.7727639723692473,0.5483238231098431,3506.0,0.20227939671057127,-0.054764293608408954,0.7395108191600024,0.45167617689015693,0.07087248978293453,1.1593216085759226,0.12293211637193383,0.04687075970180227,1.39475320572072,0.0476506357103372,-0.01807913650352702,0.6442846414068575,0.22723602763075268,-0.08781549666481281,0.6364267014746969,0.06948506487683313,0.12293211637193383,0.22723602763075268,0.7727639723692473,0.8770678836280662,0.9523493642896628,431.0,2533.0,431.0,2533.0,8614.0,9045.0,5608.0,8614.0,3075.0,0.5483238231098431,0.06734312818330751,-0.06734312818330751,0.013279711593405876,8.81753700020192e-05,8.897446325625407e-05,0.013279711593405876,8.81753700020192e-05,8.897446325625407e-05,0.37278697637345953,-0.08131569988108944,0.628078255834013,-0.04687075970180221,0.08781549666481281,-0.04447581314323075,-0.15047328949928584,0.07552662373260555,0.7727639723692473,0.8770678836280662,-0.04687075970180221,0.23926840919948134,[0.7590664],11147.0,-0.10738356521753481,0.5459708445166045,0.6747860434496379,0.5703975689077853,0.20227939671057127,0.8249159279986568,0.8249159279986568,0.8804683470783223,-189122227.45701063,0.04094473696301054,0.9531292402981979,0.7627433957584026,0.8171515799021108,67.34082198143005,109.09999999999998,0.0,138888.81609261036,0.0,578703.4003858765,49.99354375555767,0.04687075970180221
658b7311-8759-4009-be67-490e6db4d241,GradientBoostingClassifier,PREPROCESSING,UNAWARENESS,HYPERPARAMETER_ROS,0.83805364089265,0.8436965202509983,0.3264177984030574,0.8436965202509983,0.8362788194132951,0.6184403094292286,3506.0,0.16194635910735,-0.042196596438079825,0.7489452856102082,0.3815596905707715,0.07432161448316538,1.1984199356472924,0.15630347974900172,0.059188576536883614,1.3919708222110632,0.05552178318135765,-0.0195359612945512,0.6680102511127202,0.16372118058670496,-0.06262293668871233,0.6399277602100657,0.06529831351774819,0.15630347974900172,0.16372118058670496,0.8362788194132951,0.8436965202509983,0.9444782168186423,548.0,1825.0,548.0,1825.0,9322.0,9870.0,4783.0,9322.0,2958.0,0.6184403094292286,0.06090575661279796,-0.06090575661279796,0.008825038673620299,3.8940653795446956e-05,3.917384309389543e-05,0.008825038673620299,3.8940653795446956e-05,3.917384309389543e-05,0.3613815532584589,-0.05380278024019214,0.6109296769621799,-0.059188576536883586,0.06262293668871233,-0.046928787888858264,-0.1346088877134202,0.07526000257221102,0.8362788194132951,0.8436965202509983,-0.059188576536883586,0.23926840919948134,[0.7590664],11147.0,-0.10738356521753481,0.5459708445166045,0.7137169743032935,0.6186846661173359,0.16194635910735,0.8399876698321467,0.8399876698321467,0.8911477544086946,-243116647.75667796,0.0034343601518287137,0.9408114234631164,0.7732827919743808,0.8220781261644506,142.32295155525208,108.19999999999997,0.0,139540.49749772548,0.0,581418.7395738561,50.22811889096368,0.059188576536883586
658b7311-8759-4009-be67-490e6db4d241,XGBClassifier,PREPROCESSING,UNAWARENESS,UNAWARENESS_RUS,0.8274756022657477,0.856531660011409,0.3431379239746127,0.856531660011409,0.818336772225711,0.597255369928401,3506.0,0.17252439773425232,-0.0479782246925734,0.7327049439280298,0.40274463007159905,0.06817141017977835,1.172035449982247,0.143468339988591,0.04530234822725601,1.3249552708795531,0.05225974025974026,-0.020676146598188505,0.629502038260775,0.18166322777428906,-0.07089212272355319,0.6330752694086531,0.0663651283178336,0.143468339988591,0.18166322777428906,0.818336772225711,0.856531660011409,0.9477402597402598,503.0,2025.0,503.0,2025.0,9122.0,9625.0,5028.0,9122.0,3003.0,0.597255369928401,0.05809723547540459,-0.05809723547540459,0.010024193279098004,5.0242225448356806e-05,5.058449706601679e-05,0.010024193279098004,5.0242225448356806e-05,5.058449706601679e-05,0.36432163898904935,-0.06523932664179788,0.6179934860817905,-0.045302348227255984,0.07089212272355319,-0.04442377838898348,-0.13878390596677206,0.07473287862241859,0.818336772225711,0.856531660011409,-0.045302348227255984,0.23926840919948134,[0.7590664],11147.0,-0.10738356521753481,0.5459708445166045,0.7037731427232248,0.6064654534023938,0.17252439773425232,0.83743421611856,0.83743421611856,0.8860868289675607,-282179139.6167927,0.02558977449629718,0.9546976517727441,0.7726746429949826,0.8251134556015082,,,,,,,,0.045302348227255984
658b7311-8759-4009-be67-490e6db4d241,GradientBoostingClassifier,PREPROCESSING,UNAWARENESS,UNAWARENESS_RUS,0.8203098341636524,0.8516828294352539,0.34798334811983894,0.8516828294352539,0.8104422714631739,0.585605020592273,3506.0,0.17969016583634756,-0.04921796744895168,0.7365787075509953,0.414394979407727,0.0710629879497624,1.1743654145221007,0.14831717056474614,0.03997653369091517,1.2762015055008684,0.054427464936152394,-0.02295377409071194,0.6067054638483209,0.18955772853682606,-0.07176645069720702,0.6433841757687242,0.06828203767056881,0.14831717056474614,0.18955772853682606,0.8104422714631739,0.8516828294352539,0.9455725350638476,520.0,2113.0,520.0,2113.0,9034.0,9554.0,5099.0,9034.0,2986.0,0.585605020592273,0.05587149219406108,-0.05587149219406108,0.009511551520206045,4.5234806160766954e-05,4.55270145865842e-05,0.009511551520206045,4.5234806160766954e-05,4.55270145865842e-05,0.3695457689395694,-0.07937974791970148,0.6268107255623402,-0.03997653369091514,0.07176645069720702,-0.047008381020237175,-0.13730886111535745,0.07710367302813105,0.8104422714631739,0.8516828294352539,-0.03997653369091514,0.23926840919948134,[0.7590664],11147.0,-0.10738356521753481,0.5459708445166045,0.6940151074956421,0.5930480525503722,0.17969016583634756,0.8310625504492138,0.831062550449214,0.8774952552494139,-209846580.7840907,0.03178991700629186,0.9600234663090849,0.7648075814817187,0.8204167729509578,,,,,,,,0.03997653369091514
658b7311-8759-4009-be67-490e6db4d241,AdaBoostClassifier,PREPROCESSING,UNAWARENESS,UNAWARENESS_RUS,0.8137582747560227,0.8416999429549344,0.3497577287927387,0.8416999429549344,0.8049699470709608,0.5758048780487804,3506.0,0.1862417252439773,-0.04424358214848445,0.7703660908298304,0.4241951219512195,0.08627324189431956,1.2075318327921138,0.1583000570450656,0.046501604329294594,1.3016933354046918,0.058249370277078084,-0.02348560916497143,0.622750469043152,0.19503005292903922,-0.06645689643975111,0.6771599387945042,0.0705626567501927,0.1583000570450656,0.19503005292903922,0.8049699470709608,0.8416999429549344,0.9417506297229219,555.0,2174.0,555.0,2174.0,8973.0,9528.0,5125.0,8973.0,2951.0,0.5758048780487804,0.05647925038452281,-0.05647925038452281,0.007888051805274514,3.1110680641347265e-05,3.127700285431961e-05,0.007888051805274514,3.1110680641347265e-05,3.127700285431961e-05,0.3756664923843826,-0.10266874485503064,0.641596469402809,-0.04650160432929451,0.06645689643975111,-0.054879425529645524,-0.13224071501833434,0.08041335985623767,0.8049699470709608,0.8416999429549344,-0.04650160432929451,0.23926840919948134,[0.7590664],11147.0,-0.10738356521753481,0.5459708445166045,0.683814158266713,0.5785218779726684,0.1862417252439773,0.8233349450129476,0.8233349450129477,0.8698362855226613,-147653286.10489663,0.01995529211045652,0.9534983956707054,0.7545867161030493,0.810980254257941,,,,,,,,0.04650160432929451
658b7311-8759-4009-be67-490e6db4d241,RandomForestClassifier,PREPROCESSING,UNAWARENESS,UNAWARENESS_RUS,0.8133488022930458,0.8297204791785511,0.34443458677403943,0.8297204791785511,0.8081995155647259,0.5763820091143254,3506.0,0.18665119770695415,-0.048569517779972426,0.7492643690534317,0.42361799088567464,0.07908833501979373,1.1901796624459064,0.17027952082144895,0.036841706176268696,1.2206355086578793,0.06214865708931917,-0.027691319864323174,0.5858251370386786,0.19180048443527406,-0.06786418130571192,0.6654471526968285,0.07188160416137489,0.17027952082144895,0.19180048443527406,0.8081995155647259,0.8297204791785511,0.9378513429106808,597.0,2138.0,597.0,2138.0,9009.0,9606.0,5047.0,9009.0,2909.0,0.5763820091143254,0.05235294374099031,-0.05235294374099031,0.00751723484111728,2.8254409828253772e-05,2.8398293217369965e-05,0.00751723484111728,2.8254409828253772e-05,2.8398293217369965e-05,0.37916119042268787,-0.09971105393447899,0.6396911509896394,-0.036841706176268696,0.06786418130571192,-0.05338982744205845,-0.1309586298862314,0.0830287023890216,0.8081995155647259,0.8297204791785511,-0.036841706176268696,0.23926840919948134,[0.7590664],11147.0,-0.10738356521753481,0.5459708445166045,0.6802291593592892,0.5727475335788096,0.18665119770695415,0.8189599973716385,0.8189599973716385,0.8618349640401574,-543628574.1249712,0.031022475129443228,0.9631582938237313,0.7475746867973018,0.8078482098989026,,,,,,,,0.036841706176268696
658b7311-8759-4009-be67-490e6db4d241,BaggingClassifier,PREPROCESSING,UNAWARENESS,UNAWARENESS_RUS,0.8128710844195728,0.7832287507130633,0.32266430082576947,0.7832287507130633,0.8221943123710416,0.5807952622673435,3506.0,0.1871289155804272,-0.05682215557121395,0.7091783096142691,0.41920473773265654,0.06616320049572055,1.160253644260173,0.21677124928693667,0.034748495442427724,1.1626351868801017,0.0765743073047859,-0.03613730860846371,0.5629081250568664,0.17780568762895846,-0.06957493337300844,0.6321397857014648,0.07675167363134736,0.21677124928693667,0.17780568762895846,0.8221943123710416,0.7832287507130633,0.9234256926952141,760.0,1982.0,760.0,1982.0,9165.0,9925.0,4728.0,9165.0,2746.0,0.5807952622673435,0.05216171440771804,-0.05216171440771804,0.006890903765467794,2.374227735246911e-05,2.385302115172869e-05,0.006890903765467794,2.374227735246911e-05,2.385302115172869e-05,0.39179503220777917,-0.07391444772538058,0.623346435605218,-0.03474849544242764,0.06957493337300844,-0.05115025455209213,-0.12856866718202598,0.09297894464813271,0.8221943123710416,0.7832287507130633,-0.03474849544242764,0.23926840919948134,[0.7590664],11147.0,-0.10738356521753481,0.5459708445166045,0.6669905270828274,0.552509723918615,0.1871289155804272,0.8027115315420524,0.8027115315420524,0.8445823412021309,-1338516403.0213237,0.03482643793058071,0.9652515045575724,0.7204512659058113,0.7869807581315164,,,,,,,,0.03474849544242764
658b7311-8759-4009-be67-490e6db4d241,BernoulliNB,PREPROCESSING,UNAWARENESS,UNAWARENESS_RUS,0.7536340681089196,0.8582430119794637,0.4177984030573944,0.8582430119794637,0.7207320355252534,0.4915060437765436,3506.0,0.24636593189108036,-0.08106592224094611,0.6859667150802323,0.5084939562234564,0.0534890137903018,1.106196470358436,0.1417569880205362,0.08915800648117109,1.6664926386133445,0.05825811745399133,-0.017052390694208462,0.7223295726069522,0.27926796447474656,-0.13153980674925225,0.5625340425573692,0.07721502097585467,0.1417569880205362,0.27926796447474656,0.7207320355252534,0.8582430119794637,0.9417418825460087,497.0,3113.0,497.0,3113.0,8034.0,8531.0,6122.0,8034.0,3009.0,0.4915060437765436,0.11034890661521163,-0.11034890661521163,0.023513125771228553,0.00027643354176680614,0.0002809283836243737,0.023513125771228553,0.00027643354176680614,0.0002809283836243737,0.39297587960549096,-0.0047977539726477,0.5818162380353402,-0.089158006481171,0.13153980674925225,-0.035270702242255134,-0.18601898258584476,0.08563275728771838,0.7207320355252534,0.8582430119794637,-0.089158006481171,0.23926840919948134,[0.7590664],11147.0,-0.10738356521753481,0.5459708445166045,0.6250519318653927,0.5008390347446172,0.24636593189108036,0.7894875237523585,0.7894875237523586,0.8766066087847824,-356290630.4634393,0.042381800268081166,0.9108419935188291,0.7233173076923076,0.7766138821022147,,,,,,,,0.089158006481171
658b7311-8759-4009-be67-490e6db4d241,BaggingClassifier,PREPROCESSING,UNAWARENESS,HYPERPARAMETER_RUS,0.8125981027775883,0.8596691386195094,0.3595168224936873,0.8596691386195094,0.7977931281959272,0.5721336370539104,3506.0,0.18740189722241174,-0.051096483760105005,0.7377326382739529,0.4278663629460896,0.07098876494342488,1.1685894696861796,0.14033086138049058,0.04874846351547657,1.3585370865009245,0.052424080980287696,-0.020235527359238704,0.6381850407656858,0.20220687180407285,-0.07832016143982787,0.6356511732021567,0.0689036692868282,0.14033086138049058,0.20220687180407285,0.7977931281959272,0.8596691386195094,0.9475759190197123,492.0,2254.0,492.0,2254.0,8893.0,9385.0,5268.0,8893.0,3014.0,0.5721336370539104,0.06353431247765222,-0.06353431247765222,0.011411128948837836,6.510693194350245e-05,6.561273083957193e-05,0.011411128948837836,6.510693194350245e-05,6.561273083957193e-05,0.3712241082872399,-0.07219547277161997,0.622337801240634,-0.04874846351547657,0.07832016143982787,-0.04561214615133179,-0.1436587923099345,0.07680637934864551,0.7977931281959272,0.8596691386195094,-0.04874846351547657,0.23926840919948134,[0.7590664],11147.0,-0.10738356521753481,0.5459708445166045,0.6870298609528152,0.5845420624914928,0.18740189722241174,0.8287311334077183,0.8287311334077183,0.8813839961976031,-191352581.87374303,0.029571697924351298,0.9512515364845233,0.763714683897124,0.8174329699313417,22.842533349990845,109.19999999999997,0.0,142658.28371782304,0.0,594409.5154909294,51.35037758824417,0.04874846351547657
658b7311-8759-4009-be67-490e6db4d241,RandomForestClassifier,PREPROCESSING,UNAWARENESS,HYPERPARAMETER_RUS,0.7932164061966833,0.8802053622361665,0.388725858186037,0.8802053622361665,0.7658562842020274,0.5417837078651685,3506.0,0.20678359380331668,-0.05398911684680496,0.748452492786687,0.45821629213483145,0.0743514323709063,1.164855072463768,0.11979463776383342,0.050316874990022825,1.436444198283024,0.04689070001116445,-0.016890497376755638,0.6612720906509332,0.23414371579797255,-0.08882732952405242,0.6426997245179064,0.06979970707045864,0.11979463776383342,0.23414371579797255,0.7658562842020274,0.8802053622361665,0.9531092999888355,420.0,2610.0,420.0,2610.0,8537.0,8957.0,5696.0,8537.0,3086.0,0.5417837078651685,0.06957210225703761,-0.06957210225703761,0.013511219177042472,9.127652182504013e-05,9.211839014802134e-05,0.013511219177042472,9.127652182504013e-05,9.211839014802134e-05,0.37363004983662285,-0.08634548334224224,0.6312559945710098,-0.0503168749900228,0.08882732952405242,-0.045620964873830994,-0.1514547400133125,0.07553084435455423,0.7658562842020274,0.8802053622361665,-0.0503168749900228,0.23926840919948134,[0.7590664],11147.0,-0.10738356521753481,0.5459708445166045,0.6707237557052814,0.5654479564601043,0.20678359380331668,0.823030823219097,0.823030823219097,0.8802908078127898,-189326524.50382707,0.0385104545340296,0.9496831250099772,0.761317380041939,0.815215601472113,57.27620530128479,109.09999999999998,0.0,143014.10503041744,0.0,595892.104293406,51.47845678756924,0.0503168749900228
658b7311-8759-4009-be67-490e6db4d241,GradientBoostingClassifier,PREPROCESSING,UNAWARENESS,HYPERPARAMETER_RUS,0.8317068177165086,0.8625213918996006,0.3417730157646898,0.8625213918996006,0.8220148918991657,0.6038338658146964,3506.0,0.16829318228349144,-0.04247817886229599,0.7565232439032517,0.3961661341853035,0.07748826262293196,1.1993878402494453,0.1374786081003993,0.037889309260412174,1.28257634382999,0.04997407983411094,-0.020593221512700093,0.6149356267146289,0.17798510810083432,-0.06320802617611254,0.664281559319589,0.06490491898881547,0.1374786081003993,0.17798510810083432,0.8220148918991657,0.8625213918996006,0.950025920165889,482.0,1984.0,482.0,1984.0,9163.0,9645.0,5008.0,9163.0,3024.0,0.6038338658146964,0.05054866771826233,-0.05054866771826233,0.007945275658189355,3.156370264230814e-05,3.173368329747375e-05,0.007945275658189355,3.156370264230814e-05,3.173368329747375e-05,0.36029132376124595,-0.09026672602356611,0.6336681104794711,-0.03788930926041212,0.06320802617611254,-0.04904074206781597,-0.13224101505288333,0.07266668573237374,0.8220148918991657,0.8625213918996006,-0.03788930926041212,0.23926840919948134,[0.7590664],11147.0,-0.10738356521753481,0.5459708445166045,0.7103594080338267,0.6157411141386696,0.16829318228349144,0.8422681418993831,0.8422681418993831,0.8848436743339334,-245504213.0525201,0.025318716915700368,0.9621106907395879,0.7790802524797115,0.8318288611661018,102.95473122596741,108.99999999999997,0.0,143478.86147806645,0.0,597828.5894919435,51.64574759222067,0.03788930926041212
658b7311-8759-4009-be67-490e6db4d241,XGBClassifier,PREPROCESSING,UNAWARENESS,UNAWARENESS_FOS,0.8757251074865215,0.6694238448374216,0.2053504401828977,0.6694238448374216,0.9406118238090966,0.7799933532735128,3506.0,0.12427489251347845,-0.04538258830504338,0.6532205393945313,0.2200066467264872,0.032877959927140266,1.1514261744966443,0.33057615516257843,0.042672365627444364,1.130594622322917,0.09953624184129166,-0.04445873098424238,0.5831620994296202,0.059388176190903384,-0.02750263024587929,0.5693715680292861,0.06596086588860373,0.33057615516257843,0.059388176190903384,0.9406118238090966,0.6694238448374216,0.9004637581587084,1159.0,662.0,1159.0,662.0,10485.0,11644.0,3009.0,10485.0,2347.0,0.7799933532735128,0.03508749793666188,-0.03508749793666188,0.0044524772502933406,9.912276832189873e-06,9.882825754782545e-06,0.0044524772502933406,9.912276832189873e-06,9.882825754782545e-06,0.36321031342351423,0.022301723654374328,0.5657557487416807,-0.042672365627444475,0.042672365627444475,-0.038668345455691325,-0.09517729716576864,0.0993360630252685,0.9406118238090966,0.6694238448374216,-0.042672365627444475,0.23926840919948134,[0.7590664],11147.0,-0.10738356521753481,0.5459708445166045,0.7204911742133538,0.644284959437851,0.12427489251347845,0.805017834323259,0.805017834323259,0.8332638959240523,-276591056.95546293,-0.015169735381565075,0.9573276343725554,0.6940193686700673,0.7640706635718804,,,,,,,,0.042672365627444475
658b7311-8759-4009-be67-490e6db4d241,GradientBoostingClassifier,PREPROCESSING,UNAWARENESS,UNAWARENESS_FOS,0.8697195113628609,0.6138049058756417,0.18474032621306216,0.6138049058756417,0.9502108190544541,0.7949759881787957,3506.0,0.13028048863713915,-0.046913589599842376,0.6578067582129145,0.20502401182120428,0.04943158749492488,1.2464574898785425,0.38619509412435826,0.03405208882077809,1.0888751165297823,0.1133433785367487,-0.05206247197137251,0.5717084787375479,0.04978918094554589,-0.01932731830639324,0.6348936549893488,0.07120748124833108,0.38619509412435826,0.04978918094554589,0.9502108190544541,0.6138049058756417,0.8866566214632513,1354.0,555.0,1354.0,555.0,10592.0,11946.0,2707.0,10592.0,2152.0,0.7949759881787957,0.02668970356358564,-0.02668970356358564,0.009440639943061406,4.456284126726323e-05,4.428383605954911e-05,0.009440639943061406,4.456284126726323e-05,4.428383605954911e-05,0.37737907002993976,-0.00745243869710821,0.5827641294064317,-0.03405208882077804,0.03405208882077804,-0.05074702973314872,-0.08205461108846684,0.11160692172744967,0.9502108190544541,0.6138049058756417,-0.03405208882077804,0.23926840919948134,[0.7590664],11147.0,-0.10738356521753481,0.5459708445166045,0.6927410268791244,0.6200415393046278,0.13028048863713915,0.7820078624650479,0.7820078624650479,0.8028794204986335,-197005201.80520847,-0.014724770514384852,0.9659479111792219,0.6508884688090737,0.7302867208154182,,,,,,,,0.03405208882077804
658b7311-8759-4009-be67-490e6db4d241,AdaBoostClassifier,PREPROCESSING,UNAWARENESS,UNAWARENESS_FOS,0.8632361973657272,0.6081003993154592,0.1884938237903501,0.6081003993154592,0.9434825513591101,0.7719044170890659,3506.0,0.1367638026342728,-0.04515666228966264,0.6849347974842702,0.2280955829109341,0.07456215972723815,1.3371447836042085,0.39189960068454077,0.034782417828009504,1.0894645267582646,0.11554957530905727,-0.05281764860440377,0.5735858006708128,0.05651744864088992,-0.017492345423608335,0.7053455460413123,0.0744625094388238,0.39189960068454077,0.05651744864088992,0.9434825513591101,0.6081003993154592,0.8844504246909427,1374.0,630.0,1374.0,630.0,10517.0,11891.0,2762.0,10517.0,2132.0,0.7719044170890659,0.02613738162580892,-0.02613738162580892,0.010425201748730578,5.4342415750867546e-05,5.396715478638788e-05,0.010425201748730578,5.4342415750867546e-05,5.396715478638788e-05,0.38590804458788835,-0.042351637470210646,0.603521561855153,-0.034782417828009504,0.034782417828009504,-0.06368990416582095,-0.07930201912750252,0.11490037031815728,0.9434825513591101,0.6081003993154592,-0.034782417828009504,0.23926840919948134,[0.7590664],11147.0,-0.10738356521753481,0.5459708445166045,0.6802807913209955,0.6016927291554695,0.1367638026342728,0.7757914753372847,0.7757914753372847,0.7960686331902245,-145663455.33655992,-0.01729007240440117,0.9652175821719905,0.6421686746987952,0.7228075533425218,,,,,,,,0.034782417828009504
658b7311-8759-4009-be67-490e6db4d241,RandomForestClassifier,PREPROCESSING,UNAWARENESS,UNAWARENESS_FOS,0.855114993516686,0.6240730176839704,0.2042585136149594,0.6240730176839704,0.927783260069974,0.73103909121283,3506.0,0.14488500648331404,-0.054658418916938345,0.6423500321234401,0.26896090878717005,0.03778017756601021,1.1422496740952264,0.37592698231602967,0.034836294558051206,1.0934432371674785,0.1130360205831904,-0.05271007103972862,0.5660056503804529,0.07221673993002602,-0.03295441261384448,0.5752340075795626,0.07713617012337722,0.37592698231602967,0.07221673993002602,0.927783260069974,0.6240730176839704,0.8869639794168096,1318.0,805.0,1318.0,805.0,10342.0,11660.0,2993.0,10342.0,2188.0,0.73103909121283,0.033895353585947814,-0.033895353585947814,0.005526112228965347,1.526895818356018e-05,1.5212727318702802e-05,0.005526112228965347,1.526895818356018e-05,1.5212727318702802e-05,0.39277517773753784,0.0040789362638558035,0.5761728731588754,-0.03483629455805115,0.03483629455805115,-0.04524512430286939,-0.09225109771390175,0.11456013096408875,0.927783260069974,0.6240730176839704,-0.03483629455805115,0.23926840919948134,[0.7590664],11147.0,-0.10738356521753481,0.5459708445166045,0.6733343591321742,0.583993899110411,0.14488500648331404,0.7759281388769722,0.7759281388769722,0.8022284975014936,-653013750.2307862,-0.0018818819442067286,0.9651637054419488,0.6477684849381986,0.7275167291542186,,,,,,,,0.03483629455805115
658b7311-8759-4009-be67-490e6db4d241,BaggingClassifier,PREPROCESSING,UNAWARENESS,UNAWARENESS_FOS,0.8507472872449328,0.5926982316029663,0.1936122295775609,0.5926982316029663,0.9319099309231184,0.7324638702855129,3506.0,0.14925271275506724,-0.05372354876664043,0.6579391333231293,0.26753612971448715,0.04876072671047543,1.1852334801762114,0.40730176839703364,0.04934709384927288,1.122485166070668,0.12085308056872038,-0.053843203667940376,0.5839502994958604,0.06809006907688167,-0.029999504061383027,0.5889054744481257,0.08079311035920761,0.40730176839703364,0.06809006907688167,0.9319099309231184,0.5926982316029663,0.8791469194312796,1428.0,759.0,1428.0,759.0,10388.0,11816.0,2837.0,10388.0,2078.0,0.7324638702855129,0.039673298955327924,-0.039673298955327924,0.0067375205568105815,2.2697091626722587e-05,2.2595335093223385e-05,0.0067375205568105815,2.2697091626722587e-05,2.2595335093223385e-05,0.4019778858574377,0.017413005282505667,0.5684744857357569,-0.04934709384927283,0.04934709384927283,-0.05130196518920793,-0.08913737666892342,0.12197422426401834,0.9319099309231184,0.5926982316029663,-0.04934709384927283,0.23926840919948134,[0.7590664],11147.0,-0.10738356521753481,0.5459708445166045,0.6552104682326975,0.5664415350011457,0.14925271275506724,0.7623040812630424,0.7623040812630424,0.7925471989738576,-1331594939.4369214,-0.019347589787889856,0.9506529061507271,0.6223886184949458,0.7033445194955419,,,,,,,,0.04934709384927283
658b7311-8759-4009-be67-490e6db4d241,BernoulliNB,PREPROCESSING,UNAWARENESS,UNAWARENESS_FOS,0.8072067153483928,0.7378779235596121,0.3066266293591756,0.7378779235596121,0.8290122903023235,0.5757845537502783,3506.0,0.19279328465160717,-0.06729628666740972,0.6677892415362084,0.4242154462497218,0.044524765624796125,1.10587799142515,0.26212207644038793,0.11436233896844017,1.4540355547105237,0.09045275590551181,-0.030227638433870982,0.6840760624877887,0.17098770969767652,-0.09038829632096203,0.5132697165220902,0.08262258717564645,0.26212207644038793,0.17098770969767652,0.8290122903023235,0.7378779235596121,0.9095472440944882,919.0,1906.0,919.0,1906.0,9241.0,10160.0,4493.0,9241.0,2587.0,0.5757845537502783,0.10237531764470115,-0.10237531764470115,0.015495908620876596,0.00012006159199327881,0.00012133485995301264,0.015495908620876596,0.00012006159199327881,0.00012133485995301264,0.406503596972146,0.08615990416746877,0.5310161417040581,-0.11436233896844028,0.11436233896844028,-0.03737620202933361,-0.1543183072530802,0.10375690308185039,0.8290122903023235,0.7378779235596121,-0.11436233896844028,0.23926840919948134,[0.7590664],11147.0,-0.10738356521753481,0.5459708445166045,0.6468308538567321,0.5245282134206103,0.19279328465160717,0.7834451069309678,0.7834451069309678,0.8636505486102124,-327568845.4418676,-0.02397404264747814,0.8856376610315596,0.6893611351675438,0.7443491071935456,,,,,,,,0.11436233896844028
658b7311-8759-4009-be67-490e6db4d241,BaggingClassifier,PREPROCESSING,UNAWARENESS,HYPERPARAMETER_FOS,0.867399167405992,0.591842555618939,0.17655087695352487,0.591842555618939,0.9540683591997847,0.8020873598763046,3506.0,0.132600832594008,-0.04907882642686301,0.6487638730456958,0.1979126401236954,0.0441224027811464,1.227466916744816,0.40815744438106105,0.034415257889947815,1.0849601726099871,0.11859771258080556,-0.05445553686476054,0.5717680596744894,0.045931640800215306,-0.0186682513086285,0.6187918573038924,0.07323140268398999,0.40815744438106105,0.045931640800215306,0.9540683591997847,0.591842555618939,0.8814022874191945,1431.0,512.0,1431.0,512.0,10635.0,12066.0,2587.0,10635.0,2075.0,0.8020873598763046,0.026541754599288158,-0.026541754599288158,0.0104395517309821,5.449212017192568e-05,5.4115314138463166e-05,0.0104395517309821,5.449212017192568e-05,5.4115314138463166e-05,0.38270459282321134,0.002777361071297335,0.5767718968628711,-0.034415257889947815,0.034415257889947815,-0.049288969822953485,-0.07961716791688563,0.11645128093515085,0.9540683591997847,0.591842555618939,-0.034415257889947815,0.23926840919948134,[0.7590664],11147.0,-0.10738356521753481,0.5459708445166045,0.6811094698834729,0.6108391430026506,0.132600832594008,0.7729554574093619,0.7729554574093618,0.7934710514761015,-186397537.85509452,-0.015747006581319313,0.9655847421100522,0.6333460511255247,0.7153974405852513,27.51458764076233,111.09999999999998,0.0,166976.63610565662,0.0,695735.9837735692,60.103858598216675,0.034415257889947815
658b7311-8759-4009-be67-490e6db4d241,RandomForestClassifier,PREPROCESSING,UNAWARENESS,HYPERPARAMETER_FOS,0.8598921722514161,0.5487735310895607,0.1634477581382652,0.5487735310895607,0.9577464788732394,0.8033402922755741,3506.0,0.14010782774858388,-0.05291600577806532,0.6419664741412803,0.1966597077244259,0.05884385076001841,1.3078313253012048,0.45122646891043927,0.015093466149450063,1.0335503787945992,0.1290585739924947,-0.06206333741750841,0.5525475401925735,0.04225352112676056,-0.013616644172307967,0.6938059676723423,0.0786546550036459,0.45122646891043927,0.04225352112676056,0.9577464788732394,0.5487735310895607,0.8709414260075053,1582.0,471.0,1582.0,471.0,10676.0,12258.0,2395.0,10676.0,1924.0,0.8033402922755741,0.014355055160879015,-0.014355055160879015,0.01496640169469536,0.00011199658984349007,0.0001108924922700516,0.01496640169469536,0.00011199658984349007,0.0001108924922700516,0.396622377088449,-0.04827776697363162,0.6069537407462777,-0.015093466149450063,0.015093466149450063,-0.06045359408876341,-0.06813345806769651,0.12706538937086223,0.9577464788732394,0.5487735310895607,-0.015093466149450063,0.23926840919948134,[0.7590664],11147.0,-0.10738356521753481,0.5459708445166045,0.6520928656159973,0.5844118262513853,0.14010782774858388,0.7532600049814001,0.7532600049814,0.7640730939033921,-175023984.84567064,-0.001476821977142096,0.9849065338505498,0.5959885386819485,0.6863270383660288,63.309489011764526,111.09999999999998,0.0,167348.99154293537,0.0,697287.4647622308,60.237889316959375,0.015093466149450063
658b7311-8759-4009-be67-490e6db4d241,GradientBoostingClassifier,PREPROCESSING,UNAWARENESS,HYPERPARAMETER_FOS,0.87592984371801,0.6585852823730747,0.19995905275370232,0.6585852823730747,0.9442899434825514,0.7880546075085324,3506.0,0.12407015628199003,-0.04184574353736825,0.6784809251153374,0.21194539249146757,0.05020167098818781,1.2419466814773672,0.34141471762692527,0.04825758664176366,1.14315819382947,0.10210696920583469,-0.04445373290056223,0.5928930446076763,0.05571005651744864,-0.022451023109558745,0.6218177840101043,0.06637848685859331,0.34141471762692527,0.05571005651744864,0.9442899434825514,0.6585852823730747,0.8978930307941653,1197.0,621.0,1197.0,621.0,10526.0,11723.0,2930.0,10526.0,2309.0,0.7880546075085324,0.03535430487566123,-0.03535430487566123,0.005984966392026321,1.7909911356842278e-05,1.783851877897129e-05,0.005984966392026321,1.7909911356842278e-05,1.783851877897129e-05,0.3643583040321527,0.009842626820204314,0.5728349192443218,-0.04825758664176372,0.04825758664176372,-0.047327701944375036,-0.09106761143545677,0.10125853347465108,0.9442899434825514,0.6585852823730747,-0.04825758664176372,0.23926840919948134,[0.7590664],11147.0,-0.10738356521753481,0.5459708445166045,0.7175264139216905,0.6430714092283004,0.12407015628199003,0.801437612927813,0.801437612927813,0.829771882634085,-236456382.5351784,-0.025806563532204917,0.9517424133582363,0.6867935752528257,0.7570428425297158,123.66050815582275,110.39999999999998,0.0,167890.18976130485,0.0,699542.4573387703,60.43269562009932,0.04825758664176372
658b7311-8759-4009-be67-490e6db4d241,XGBClassifier,PREPROCESSING,UNAWARENESS,UNAWARENESS_FAIR_SMOTE,0.6593871562137447,0.9597832287507131,0.560636047225824,0.9597832287507131,0.5649053557010855,0.40961655508216677,3506.0,0.34061284378625534,-0.10230698064882171,0.7121984219124342,0.5903834449178332,0.05510232472803356,1.0941924425470906,0.04021677124928694,0.04327698226457864,2.1908631671425436,0.02190121155638397,-0.0038380104660137825,0.8308628491184271,0.4350946442989145,-0.18144221311427017,0.6094975247273133,0.06796506149729724,0.04021677124928694,0.4350946442989145,0.5649053557010855,0.9597832287507131,0.9780987884436161,141.0,4850.0,141.0,4850.0,6297.0,6438.0,8215.0,6297.0,3365.0,0.40961655508216677,0.11235959768942441,-0.11235959768942441,0.028607395697302227,0.000409191544291013,0.00041734083053906383,0.028607395697302227,0.000409191544291013,0.00041734083053906383,0.3686870258018235,-0.09562965363778575,0.6373053028399988,-0.043276982264578656,0.18144221311427017,-0.029470167597023644,-0.21465131709916396,0.0685864884507398,0.5649053557010855,0.9597832287507131,-0.043276982264578656,0.23926840919948134,[0.7590664],11147.0,-0.10738356521753481,0.5459708445166045,0.5741830901800188,0.45103194428420007,0.34061284378625534,0.7623442922258992,0.7623442922258993,0.8480009902012302,-498275338.44470936,0.1381652308496915,0.9567230177354213,0.7185181230982758,0.7835473269536023,,,,,,,,0.043276982264578656
658b7311-8759-4009-be67-490e6db4d241,GradientBoostingClassifier,PREPROCESSING,UNAWARENESS,UNAWARENESS_FAIR_SMOTE,0.6176209649901044,0.9763262977752425,0.610318706067017,0.9763262977752425,0.5047994976226787,0.38275746393827575,3506.0,0.38237903500989556,-0.08577661467718012,0.7827570632523754,0.6172425360617243,0.07098637227385007,1.1164310551806929,0.023673702224757558,0.008977459572498125,1.3925486432248495,0.014535901926444834,-0.007607948582855342,0.5275776585468046,0.49520050237732127,-0.16504978869472497,0.6838578349550136,0.06508763079829155,0.023673702224757558,0.49520050237732127,0.5047994976226787,0.9763262977752425,0.9854640980735552,83.0,5520.0,83.0,5520.0,5627.0,5710.0,8943.0,5627.0,3423.0,0.38275746393827575,0.08701362413361152,-0.08701362413361152,0.02146514958747206,0.00023037632340627595,0.0002337868850960196,0.02146514958747206,0.00023037632340627595,0.0002337868850960196,0.3607980897906516,-0.12246689846254766,0.7008147199888273,-0.00897745957249807,0.16504978869472497,-0.03929716042835273,-0.1908966442485852,0.06532609319100585,0.5047994976226787,0.9763262977752425,-0.00897745957249807,0.23926840919948134,[0.7590664],11147.0,-0.10738356521753481,0.5459708445166045,0.5499236886496908,0.42090484899274694,0.38237903500989556,0.7405628976989607,0.7405628976989607,0.8050019593266362,-315597009.5381977,0.15607232912222685,0.991022540427502,0.7035609680900262,0.7788686410831978,,,,,,,,0.00897745957249807
658b7311-8759-4009-be67-490e6db4d241,AdaBoostClassifier,PREPROCESSING,UNAWARENESS,UNAWARENESS_FAIR_SMOTE,0.5783798539548215,0.9840273816314888,0.6532450692690916,0.9840273816314888,0.4507939355880506,0.3604262432093606,3506.0,0.4216201460451785,-0.08772440146482863,0.7980403669217806,0.6395737567906393,0.07338225785916463,1.1161761019101701,0.015972618368511125,0.01393810960522325,1.9466052310611195,0.011021452469986223,-0.0035720913608588978,0.6970562518216262,0.5492060644119494,-0.1762510937217714,0.6950166499885833,0.06258183280420677,0.015972618368511125,0.5492060644119494,0.4507939355880506,0.9840273816314888,0.9889785475300138,56.0,6122.0,56.0,6122.0,5025.0,5081.0,9572.0,5025.0,3450.0,0.3604262432093606,0.09509460166349731,-0.09509460166349731,0.02209959682493069,0.0002441960899122433,0.0002479211721596625,0.02209959682493069,0.0002441960899122433,0.0002479211721596625,0.3537847730024761,-0.06606895017403869,0.7124129179736466,-0.013938109605223237,0.1762510937217714,-0.038477174610011766,-0.1960570509694191,0.06321284330574223,0.4507939355880506,0.9840273816314888,-0.013938109605223237,0.23926840919948134,[0.7590664],11147.0,-0.10738356521753481,0.5459708445166045,0.5276036091145435,0.38978026034178836,0.4216201460451785,0.7174106586097697,0.7174106586097697,0.785632539419413,-150210563.13402268,0.16231298411654815,0.9860618903947769,0.6869089099054255,0.7641892112879524,,,,,,,,0.013938109605223237
658b7311-8759-4009-be67-490e6db4d241,RandomForestClassifier,PREPROCESSING,UNAWARENESS,UNAWARENESS_FAIR_SMOTE,0.6608885552446598,0.9614945807187678,0.5599535931208626,0.9614945807187678,0.5663407194760922,0.4108470444850701,3506.0,0.33911144475534016,-0.09010888853851517,0.7441569439908492,0.58915295551493,0.06472133324689155,1.1110863832857885,0.038505419281232175,0.03466269176125026,1.9791443548841667,0.020936724565756824,-0.005044467445719968,0.7702312040431799,0.4336592805239078,-0.16524899070587412,0.6412043784859894,0.067730532715971,0.038505419281232175,0.4336592805239078,0.5663407194760922,0.9614945807187678,0.9790632754342432,135.0,4834.0,135.0,4834.0,6313.0,6448.0,8205.0,6313.0,3371.0,0.4108470444850701,0.09995584123356219,-0.09995584123356219,0.02474321783148276,0.0003061134143281032,0.00031135967739128416,0.02474321783148276,0.0003061134143281032,0.00031135967739128416,0.36805035719578105,-0.1310022418157224,0.6602645050982663,-0.03466269176125025,0.16524899070587412,-0.034882900346305735,-0.2001140806363853,0.06813636676721681,0.5663407194760922,0.9614945807187678,-0.03466269176125025,0.23926840919948134,[0.7590664],11147.0,-0.10738356521753481,0.5459708445166045,0.5756980616514388,0.45366114090109666,0.33911144475534016,0.7639176500974301,0.7639176500974301,0.8402756814460847,-997737029.5671738,0.13058629894462387,0.9653373082387497,0.7201837312396516,0.7867869195850429,,,,,,,,0.03466269176125025
658b7311-8759-4009-be67-490e6db4d241,BaggingClassifier,PREPROCESSING,UNAWARENESS,UNAWARENESS_FAIR_SMOTE,0.6503105166177574,0.9549343981745579,0.5673923428649423,0.9549343981745579,0.5544989683322867,0.40269425066153475,3506.0,0.3496894833822426,-0.09039500898528463,0.7508567137914381,0.5973057493384653,0.06909809051154803,1.1170411496889445,0.0450656018254421,0.05544115064731894,2.382563694267516,0.02492506704527528,-0.0022106620044764387,0.9128861003861003,0.44550103166771327,-0.17018015560664512,0.6403711023276241,0.06860433094062696,0.0450656018254421,0.44550103166771327,0.5544989683322867,0.9549343981745579,0.9750749329547247,158.0,4966.0,158.0,4966.0,6181.0,6339.0,8314.0,6181.0,3348.0,0.40269425066153475,0.11281065312698202,-0.11281065312698202,0.026039028345834544,0.0003390154985975874,0.00034514031363391237,0.026039028345834544,0.0003390154985975874,0.00034514031363391237,0.3704168758051581,-0.12435334121380226,0.6558912697834588,-0.055441150647318915,0.17018015560664512,-0.0356543762580122,-0.20552006563555797,0.06998309465184896,0.5544989683322867,0.9549343981745579,-0.055441150647318915,0.23926840919948134,[0.7590664],11147.0,-0.10738356521753481,0.5459708445166045,0.566497461928934,0.43868921456102994,0.3496894833822426,0.7547166832534224,0.7547166832534223,0.8398567652170704,-2846430006.185359,0.11473900495932618,0.944558849352681,0.7111299915038233,0.7749693950821228,,,,,,,,0.055441150647318915
658b7311-8759-4009-be67-490e6db4d241,BernoulliNB,PREPROCESSING,UNAWARENESS,UNAWARENESS_FAIR_SMOTE,0.6840237494028527,0.941528807758129,0.5272640414932096,0.941528807758129,0.6030322059747018,0.4272586073000259,3506.0,0.3159762505971473,-0.07842828101655908,0.7604302947679547,0.5727413926999742,0.07235608158561613,1.1279734823865852,0.05847119224187108,0.04071683987037659,1.742675159235669,0.029594340984553196,-0.009045937619459255,0.7114604354753054,0.3969677940252983,-0.1451137057360024,0.6549806109736626,0.07023635121567331,0.05847119224187108,0.3969677940252983,0.6030322059747018,0.941528807758129,0.9704056590154468,205.0,4425.0,205.0,4425.0,6722.0,6927.0,7726.0,6722.0,3301.0,0.4272586073000259,0.09291527280318948,-0.09291527280318948,0.021522635850532407,0.00023161192697731137,0.0002350502209530606,0.021522635850532407,0.00023161192697731137,0.0002350502209530606,0.3747968815656644,-0.13720486475833193,0.6643529240940063,-0.04071683987037655,0.1451137057360024,-0.04070100960253766,-0.18604774839822813,0.07194601449698293,0.6030322059747018,0.941528807758129,-0.04071683987037655,0.23926840919948134,[0.7590664],11147.0,-0.10738356521753481,0.5459708445166045,0.5877849002849003,0.465351970007731,0.3159762505971473,0.7722805068664154,0.7722805068664154,0.8440371608424938,-443452479.15077835,0.10439686586562583,0.9592831601296234,0.7237447928085946,0.7882601581689249,,,,,,,,0.04071683987037655
658b7311-8759-4009-be67-490e6db4d241,BaggingClassifier,PREPROCESSING,UNAWARENESS,HYPERPARAMETER_FAIR_SMOTE,0.6608203098341636,0.96406160867085,0.5612502559202893,0.96406160867085,0.565443617116713,0.41099221789883267,3506.0,0.3391796901658364,-0.08963918445208963,0.7454905585858149,0.5890077821011673,0.06347499158733483,1.1089639267485978,0.03593839132915003,0.019992257714349572,1.585461345176182,0.01959869342043864,-0.008032057634957485,0.621314273522509,0.43455638288328696,-0.1623718382437161,0.6477791737586336,0.06737884208605867,0.03593839132915003,0.43455638288328696,0.565443617116713,0.96406160867085,0.9804013065795614,126.0,4844.0,126.0,4844.0,6303.0,6429.0,8224.0,6303.0,3380.0,0.41099221789883267,0.09118204797903282,-0.09118204797903282,0.023511938155374133,0.000276405617911069,0.00028089977174991797,0.023511938155374133,0.000276405617911069,0.00028089977174991797,0.3670935632398331,-0.14310809080314024,0.6683113835981368,-0.019992257714349537,0.1623718382437161,-0.03575352461114613,-0.19558610924047903,0.06753103743780338,0.565443617116713,0.96406160867085,-0.019992257714349537,0.23926840919948134,[0.7590664],11147.0,-0.10738356521753481,0.5459708445166045,0.5763000852514919,0.45524160239451106,0.3391796901658364,0.7647526128937814,0.7647526128937815,0.834484322334753,-340599039.96921515,0.14237958052936653,0.9800077422856504,0.7213744530999894,0.7909545782875216,32.96366596221924,108.99999999999999,0.0,149324.255677557,0.0,622184.3986564875,53.74981888393545,0.019992257714349537
658b7311-8759-4009-be67-490e6db4d241,RandomForestClassifier,PREPROCESSING,UNAWARENESS,HYPERPARAMETER_FAIR_SMOTE,0.6479219272503924,0.9691956645750143,0.5766054732819218,0.9691956645750143,0.5468735982775634,0.4021777725174577,3506.0,0.35207807274960756,-0.07670311986425238,0.7888261435084861,0.5978222274825423,0.07653158449411446,1.129767215610366,0.03080433542498574,0.025631355458710474,1.8990690837824598,0.017408123791102514,-0.004607555552304387,0.7486097437671287,0.4531264017224365,-0.15098933850054136,0.6839316942828506,0.06661608011116235,0.03080433542498574,0.4531264017224365,0.5468735982775634,0.9691956645750143,0.9825918762088974,108.0,5051.0,108.0,5051.0,6096.0,6204.0,8449.0,6096.0,3398.0,0.4021777725174577,0.08831034697962589,-0.08831034697962589,0.020590679287406186,0.00021198803675840904,0.00021499509932037202,0.020590679287406186,0.00021198803675840904,0.00021499509932037202,0.3650098083919454,-0.16217210213517785,0.6926168594748399,-0.025631355458710425,0.15098933850054136,-0.04056957002320942,-0.18552452564912852,0.06664626788836592,0.5468735982775634,0.9691956645750143,-0.025631355458710425,0.23926840919948134,[0.7590664],11147.0,-0.10738356521753481,0.5459708445166045,0.568465077373484,0.4456094579183159,0.35207807274960756,0.7580346314262888,0.7580346314262889,0.8249769327501173,-285248766.69067174,0.12535798304183088,0.9743686445412896,0.7166130647967524,0.7859139038779469,69.66477251052856,109.09999999999998,0.0,149712.75424706936,0.0,623803.1426961223,53.88966038291501,0.025631355458710425
658b7311-8759-4009-be67-490e6db4d241,GradientBoostingClassifier,PREPROCESSING,UNAWARENESS,HYPERPARAMETER_FAIR_SMOTE,0.6567255852043951,0.966343411294923,0.5664369071179963,0.966343411294923,0.5593433210729344,0.4081927710843373,3506.0,0.34327441479560494,-0.0988263923590802,0.7236656088624425,0.5918072289156626,0.05681025740220458,1.096923825771151,0.03365658870507701,0.0259965199623262,1.8298089171974523,0.018573902093499135,-0.005944069783373166,0.6996461538461539,0.44065667892706556,-0.17558169466948642,0.6258213348582673,0.06705983248567642,0.03365658870507701,0.44065667892706556,0.5593433210729344,0.966343411294923,0.9814260979065008,118.0,4912.0,118.0,4912.0,6235.0,6353.0,8300.0,6235.0,3388.0,0.4081927710843373,0.10078910731590632,-0.10078910731590632,0.02649055455245749,0.0003508747402483631,0.00035732755276674205,0.02649055455245749,0.0003508747402483631,0.00035732755276674205,0.3662235177748049,-0.11954756021525059,0.6527444556402495,-0.025996519962326214,0.17558169466948642,-0.03137716359278882,-0.20714996581856399,0.06710797633476276,0.5593433210729344,0.966343411294923,-0.025996519962326214,0.23926840919948134,[0.7590664],11147.0,-0.10738356521753481,0.5459708445166045,0.5739454514653566,0.45256764147324324,0.34327441479560494,0.7628433661839287,0.7628433661839287,0.8397296680834678,-403167590.2786593,0.1495851747071602,0.9740034800376738,0.7201615474545647,0.7886756605857271,151.98111844062805,108.09999999999998,0.0,150425.2396607399,0.0,626771.8319197496,54.14612214640059,0.025996519962326214
658b7311-8759-4009-be67-490e6db4d241,XGBClassifier,PREPROCESSING,UNAWARENESS,UNAWARENESS_BAL_GAN_FAIR,0.8710844195727837,0.6540216771249286,0.20262062376305193,0.6540216771249286,0.9393558805059657,0.7723139104075446,3506.0,0.1289155804272163,-0.045866206493677675,0.6617029622339109,0.22768608959245537,0.040217151394760536,1.1794201745914523,0.3459783228750713,0.04674305189725908,1.1367587732869395,0.10381718589524136,-0.04583457676930032,0.5876148436595308,0.06064411949403427,-0.0270284775038701,0.5844649883589527,0.06873167683769206,0.3459783228750713,0.06064411949403427,0.9393558805059657,0.6540216771249286,0.8961828141047586,1213.0,676.0,1213.0,676.0,10471.0,11684.0,2969.0,10471.0,2293.0,0.7723139104075446,0.03688576470056462,-0.03688576470056462,0.005030339097579309,1.2652155718317511e-05,1.2609715722511367e-05,0.005030339097579309,1.2652155718317511e-05,1.2609715722511367e-05,0.3707605071678807,0.020140459826776702,0.5669689100298126,-0.046743051897259136,0.046743051897259136,-0.04302586408203044,-0.0936320817342117,0.10372432711752053,0.9393558805059657,0.6540216771249286,-0.046743051897259136,0.23926840919948134,[0.7590664],11147.0,-0.10738356521753481,0.5459708445166045,0.7082625482625483,0.6298181909689203,0.1289155804272163,0.7966887788154473,0.7966887788154472,0.8260752536504139,-265629632.16695842,-0.01971457439338898,0.953256948102741,0.6800622821976718,0.7518905892589124,,,,,,,,0.046743051897259136
658b7311-8759-4009-be67-490e6db4d241,GradientBoostingClassifier,PREPROCESSING,UNAWARENESS,UNAWARENESS_BAL_GAN_FAIR,0.8525216679178326,0.6072447233314319,0.19879888077526786,0.6072447233314319,0.9296671750246703,0.7308616546515619,3506.0,0.14747833208216743,-0.05439528861748433,0.649924668733107,0.26913834534843806,0.040269109901296896,1.1516080653224463,0.3927552766685682,0.04783455453921431,1.1231354016848163,0.11729131175468484,-0.052578511499125624,0.5816616173787311,0.07033282497532968,-0.032678458197688214,0.5680518811603025,0.07920101616927251,0.3927552766685682,0.07033282497532968,0.9296671750246703,0.6072447233314319,0.8827086882453151,1377.0,784.0,1377.0,784.0,10363.0,11740.0,2913.0,10363.0,2129.0,0.7308616546515619,0.04025650636845124,-0.04025650636845124,0.0054815787058495515,1.502385255421162e-05,1.4968967173829934e-05,0.0054815787058495515,1.502385255421162e-05,1.4968967173829934e-05,0.3979975280558223,0.024719411534434688,0.5643552913808769,-0.04783455453921426,0.04783455453921426,-0.04642381070021123,-0.09245797153542232,0.11861239966725215,0.9296671750246703,0.6072447233314319,-0.04783455453921426,0.23926840919948134,[0.7590664],11147.0,-0.10738356521753481,0.5459708445166045,0.66334319987537,0.5739627318735658,0.14747833208216743,0.768455949178051,0.7684559491780512,0.7993913009900117,-206158348.0933724,-0.0151560963415261,0.9521654454607856,0.6340555431464523,0.7135152125589365,,,,,,,,0.04783455453921426
658b7311-8759-4009-be67-490e6db4d241,AdaBoostClassifier,PREPROCESSING,UNAWARENESS,UNAWARENESS_BAL_GAN_FAIR,0.8510885142974135,0.6414717626925271,0.2166109329147615,0.6414717626925271,0.9170180317574235,0.7085696282293635,3506.0,0.1489114857025865,-0.05497296763722348,0.6496277624994469,0.2914303717706364,0.03236631401794554,1.1121234004702816,0.3585282373074729,0.060942563414906725,1.1726075088024688,0.10950431222231902,-0.0471718832671042,0.5973019619229729,0.08298196824257648,-0.04186465835142918,0.5337935659480464,0.07767921466642706,0.3585282373074729,0.08298196824257648,0.9170180317574235,0.6414717626925271,0.890495687777681,1257.0,925.0,1257.0,925.0,10222.0,11479.0,3174.0,10222.0,2249.0,0.7085696282293635,0.05140361088316793,-0.05140361088316793,0.001037862978752763,5.38579781332779e-07,5.382051804916422e-07,0.001037862978752763,5.38579781332779e-07,5.382051804916422e-07,0.3941553365525502,0.05213453367191523,0.5491483114518322,-0.06094256341490667,0.06094256341490667,-0.03976909864252487,-0.10450514626759272,0.11245949380200798,0.9170180317574235,0.6414717626925271,-0.06094256341490667,0.23926840919948134,[0.7590664],11147.0,-0.10738356521753481,0.5459708445166045,0.6733532934131736,0.5784218747582676,0.1489114857025865,0.7792448972249753,0.7792448972249753,0.8193008987046221,-146089283.56162348,-0.019077905063477542,0.9390574365850933,0.6570260005842828,0.7301193692223056,,,,,,,,0.06094256341490667
658b7311-8759-4009-be67-490e6db4d241,RandomForestClassifier,PREPROCESSING,UNAWARENESS,UNAWARENESS_BAL_GAN_FAIR,0.8514979867603903,0.6249286936679977,0.2082849928342319,0.6249286936679977,0.9227594868574505,0.7178899082568807,3506.0,0.14850201323960965,-0.05559298903268717,0.6449532918687537,0.28211009174311924,0.032475491031442094,1.1162697618571142,0.3750713063320023,0.053266127101192495,1.1438455818164184,0.11335229721575726,-0.050142109965533574,0.5870275460960496,0.07724051314254957,-0.03829714752638807,0.541220820646658,0.0785639612077681,0.3750713063320023,0.07724051314254957,0.9227594868574505,0.6249286936679977,0.8866477027842428,1315.0,861.0,1315.0,861.0,10286.0,11601.0,3052.0,10286.0,2191.0,0.7178899082568807,0.045781637313790285,-0.045781637313790285,0.0029905304755296885,4.471636262535913e-06,4.462696361713543e-06,0.0029905304755296885,4.471636262535913e-06,4.462696361713543e-06,0.3963936457809789,0.041988767537966876,0.5547210313078236,-0.053266127101192495,0.053266127101192495,-0.041308800498487834,-0.09916025580345578,0.11553577187655756,0.9227594868574505,0.6249286936679977,-0.053266127101192495,0.23926840919948134,[0.7590664],11147.0,-0.10738356521753481,0.5459708445166045,0.6681915218054285,0.5754112479351737,0.14850201323960965,0.7738440902627242,0.7738440902627242,0.8092719397405521,-669336960.1949985,-0.014968979574804427,0.9467338728988074,0.6458364038319823,0.7223654558451529,,,,,,,,0.053266127101192495
658b7311-8759-4009-be67-490e6db4d241,BaggingClassifier,PREPROCESSING,UNAWARENESS,UNAWARENESS_BAL_GAN_FAIR,0.8540913123592438,0.6035367940673132,0.1954548556609568,0.6035367940673132,0.9328967435184354,0.7388268156424581,3506.0,0.14590868764075615,-0.059702974797547936,0.6137809626216475,0.2611731843575419,0.027612347518937264,1.1067568027403785,0.3964632059326868,0.008781906996791378,1.0221946533125559,0.11790652302994317,-0.05926931727895367,0.5343862501648629,0.06710325648156455,-0.03079513129974884,0.5729863814424128,0.07874343109829882,0.3964632059326868,0.06710325648156455,0.9328967435184354,0.6035367940673132,0.8820934769700568,1390.0,748.0,1390.0,748.0,10399.0,11789.0,2864.0,10399.0,2116.0,0.7388268156424581,0.01978851914827011,-0.01978851914827011,0.008360414462810242,3.494826499498333e-05,3.475423372951608e-05,0.008360414462810242,3.494826499498333e-05,3.475423372951608e-05,0.396846144238038,-0.023598793308753807,0.592326818731409,-0.008781906996791378,0.03079513129974884,-0.043440832398945466,-0.08469862804701961,0.11881193417905403,0.9328967435184354,0.6035367940673132,-0.008781906996791378,0.23926840919948134,[0.7590664],11147.0,-0.10738356521753481,0.5459708445166045,0.66436420722135,0.577132973520756,0.14590868764075615,0.7682167687928743,0.7682167687928743,0.7834186410321542,-1368592442.4863682,0.022013224302957463,0.9912180930032086,0.6324914063667614,0.7192592186739691,,,,,,,,0.008781906996791378
658b7311-8759-4009-be67-490e6db4d241,BernoulliNB,PREPROCESSING,UNAWARENESS,UNAWARENESS_BAL_GAN_FAIR,0.7806592506653928,0.793496862521392,0.35978980413567185,0.793496862521392,0.7766215125145779,0.5276934749620638,3506.0,0.21934074933460723,-0.06978001016817093,0.6959203732268016,0.47230652503793624,0.060875196595429726,1.1303809382275722,0.2065031374786081,0.09849663968839295,1.4982587541764665,0.0771772732118111,-0.025745384046691397,0.6850168544525237,0.22337848748542208,-0.10426761083932887,0.5661946748316464,0.08156281087183957,0.2065031374786081,0.22337848748542208,0.7766215125145779,0.793496862521392,0.9228227267881889,724.0,2490.0,724.0,2490.0,8657.0,9381.0,5272.0,8657.0,2782.0,0.5276934749620638,0.10138212526386091,-0.10138212526386091,0.017730693695677514,0.00015718874946496917,0.00015910167509024684,0.017730693695677514,0.00015718874946496917,0.00015910167509024684,0.4038881302337061,0.010196644272646549,0.5730734017252728,-0.09849663968839295,0.10426761083932887,-0.04331029032106056,-0.16376200719512854,0.09644238364575052,0.7766215125145779,0.793496862521392,-0.09849663968839295,0.23926840919948134,[0.7590664],11147.0,-0.10738356521753481,0.5459708445166045,0.633857370699476,0.506801307091084,0.21934074933460723,0.7850591875179849,0.7850591875179849,0.8646501564064779,-391832333.17609006,0.005770971150935916,0.9015033603116069,0.7047498416719443,0.7600430918998665,,,,,,,,0.09849663968839295
658b7311-8759-4009-be67-490e6db4d241,BaggingClassifier,PREPROCESSING,UNAWARENESS,HYPERPARAMETER_BAL_GAN_FAIR,0.8681498669214496,0.6420422133485454,0.19982256193271003,0.6420422133485454,0.9392661702700278,0.7687841530054644,3506.0,0.13185013307855042,-0.04655186044673043,0.6641615782057305,0.2312158469945355,0.047877427372110204,1.210977225411646,0.35795778665145467,0.04058115032804943,1.1145314163104632,0.1070362473347548,-0.048312442685056564,0.5789000353764036,0.06073382972997219,-0.025161268610982203,0.6118926302848167,0.07060756603958109,0.35795778665145467,0.06073382972997219,0.9392661702700278,0.6420422133485454,0.8929637526652452,1255.0,677.0,1255.0,677.0,10470.0,11725.0,2928.0,10470.0,2251.0,0.7687841530054644,0.032871209469515814,-0.032871209469515814,0.006447629612790618,2.0785963811867246e-05,2.06967527838288e-05,0.006447629612790618,2.0785963811867246e-05,2.06967527838288e-05,0.3757860190043826,0.0006954362427791239,0.5781074202322305,-0.04058115032804943,0.04058115032804943,-0.048094935028583384,-0.08980881648521827,0.10692493869963064,0.9392661702700278,0.6420422133485454,-0.04058115032804943,0.23926840919948134,[0.7590664],11147.0,-0.10738356521753481,0.5459708445166045,0.6997202362449487,0.6202254472435135,0.13185013307855042,0.7906541918092866,0.7906541918092866,0.8166439513662005,-176928065.69761482,-0.015419881717067228,0.9594188496719506,0.6696415290792802,0.7446071405176149,42.962976694107056,109.19999999999997,0.0,154842.50952441694,0.0,645177.1230184039,55.73613479408989,0.04058115032804943
658b7311-8759-4009-be67-490e6db4d241,RandomForestClassifier,PREPROCESSING,UNAWARENESS,HYPERPARAMETER_BAL_GAN_FAIR,0.8448099365317683,0.6106674272675413,0.20814850201323962,0.6106674272675413,0.9184533955324302,0.7019672131147541,3506.0,0.15519006346823172,-0.05462515258632028,0.6651368521825378,0.2980327868852459,0.052305273837738586,1.1782609884102342,0.38933257273245864,0.05509194961927111,1.143319888496099,0.11764198914073946,-0.051743021457920174,0.5891342640060993,0.08154660446756976,-0.03620139358751368,0.5859909252957382,0.08214387482066977,0.38933257273245864,0.08154660446756976,0.9184533955324302,0.6106674272675413,0.8823580108592606,1365.0,909.0,1365.0,909.0,10238.0,11603.0,3050.0,10238.0,2141.0,0.7019672131147541,0.04564667160339239,-0.04564667160339239,0.004248318353178729,9.024104414977616e-06,8.99851515643025e-06,0.004248318353178729,9.024104414977616e-06,8.99851515643025e-06,0.4053242524712031,0.016601727400097133,0.5690084143070413,-0.05509194961927111,0.05509194961927111,-0.05202414764782935,-0.09570325773012761,0.12037553470742156,0.9184533955324302,0.6106674272675413,-0.05509194961927111,0.23926840919948134,[0.7590664],11147.0,-0.10738356521753481,0.5459708445166045,0.6531421598535693,0.5560383469617076,0.15519006346823172,0.7645604113999857,0.7645604113999858,0.7994600494201156,-177131944.57252488,-0.018890556031757426,0.944908050380729,0.631191037735849,0.7097371726288835,82.67381739616394,108.89999999999998,0.0,155234.49769890308,0.0,646810.4070787629,55.87723238930424,0.05509194961927111
658b7311-8759-4009-be67-490e6db4d241,GradientBoostingClassifier,PREPROCESSING,UNAWARENESS,HYPERPARAMETER_BAL_GAN_FAIR,0.8729952910666757,0.6625784369652025,0.20480447689892856,0.6625784369652025,0.9391764600340899,0.7740753082305898,3506.0,0.12700470893332427,-0.046927803736600326,0.6493294665887933,0.22592469176941019,0.027405805305148856,1.1225884472214,0.3374215630347975,0.049145554970228156,1.1475753635606474,0.10152763474081702,-0.04449786085323146,0.5905192146130667,0.06082353996591011,-0.029875283245894627,0.5451938935551571,0.06747954436835558,0.3374215630347975,0.06082353996591011,0.9391764600340899,0.6625784369652025,0.898472365259183,1183.0,678.0,1183.0,678.0,10469.0,11652.0,3001.0,10469.0,2323.0,0.7740753082305898,0.03951041910806136,-0.03951041910806136,0.0036852676924977353,6.790598982683792e-06,6.773883514403585e-06,0.0036852676924977353,6.790598982683792e-06,6.773883514403585e-06,0.3673677840212873,0.04029297777724272,0.5556479432545388,-0.0491455549702281,0.0491455549702281,-0.035951833079190185,-0.09728627751485584,0.10150577500499808,0.9391764600340899,0.6625784369652025,-0.0491455549702281,0.23926840919948134,[0.7590664],11147.0,-0.10738356521753481,0.5459708445166045,0.7140003073613033,0.6361673176043798,0.12700470893332427,0.8008774484996463,0.8008774484996461,0.8325204521440621,-237239443.7952475,-0.01927027172433353,0.9508544450297719,0.687328944448554,0.7572887966127765,204.31893277168274,107.89999999999998,0.0,156271.0039717436,0.0,651129.1832155983,56.2503266611253,0.0491455549702281
658b7311-8759-4009-be67-490e6db4d241,XGBClassifier,PREPROCESSING,UNAWARENESS,UNAWARENESS_DEMV,0.8694465297208762,0.6505989731888192,0.20262062376305193,0.6505989731888192,0.9382793576747107,0.7682721455035365,3506.0,0.13055347027912378,-0.04558432403491264,0.6676961151261667,0.23172785449646346,0.040237652514261424,1.1762916213548902,0.34940102681118085,0.05697563973628339,1.1654833867499697,0.10484423142759329,-0.044698014989494814,0.6009309162175404,0.061720642325289315,-0.028314375489296585,0.5731344877768728,0.06961411543635412,0.34940102681118085,0.061720642325289315,0.9382793576747107,0.6505989731888192,0.8951557685724068,1225.0,688.0,1225.0,688.0,10459.0,11684.0,2969.0,10459.0,2281.0,0.7682721455035365,0.042645007612789984,-0.042645007612789984,0.004226228971666106,8.930505660474976e-06,8.905312795126713e-06,0.004226228971666106,8.930505660474976e-06,8.905312795126713e-06,0.37313299354614604,0.03703076597872501,0.5574563098993947,-0.05697563973628339,0.05697563973628339,-0.042467833751878147,-0.09583028485730131,0.10490281481470379,0.9382793576747107,0.6505989731888192,-0.05697563973628339,0.23926840919948134,[0.7590664],11147.0,-0.10738356521753481,0.5459708445166045,0.7045559845559846,0.6250426566957769,0.13055347027912378,0.794439165431765,0.794439165431765,0.8283180296895011,-265911397.79326877,-0.028661264246986805,0.9430243602637166,0.6765032994735672,0.746863774342546,,,,,,,,0.05697563973628339
658b7311-8759-4009-be67-490e6db4d241,GradientBoostingClassifier,PREPROCESSING,UNAWARENESS,UNAWARENESS_DEMV,0.8525216679178326,0.6072447233314319,0.19879888077526786,0.6072447233314319,0.9296671750246703,0.7308616546515619,3506.0,0.14747833208216743,-0.05439528861748433,0.649924668733107,0.26913834534843806,0.040269109901296896,1.1516080653224463,0.3927552766685682,0.04783455453921431,1.1231354016848163,0.11729131175468484,-0.052578511499125624,0.5816616173787311,0.07033282497532968,-0.032678458197688214,0.5680518811603025,0.07920101616927251,0.3927552766685682,0.07033282497532968,0.9296671750246703,0.6072447233314319,0.8827086882453151,1377.0,784.0,1377.0,784.0,10363.0,11740.0,2913.0,10363.0,2129.0,0.7308616546515619,0.04025650636845124,-0.04025650636845124,0.0054815787058495515,1.502385255421162e-05,1.4968967173829934e-05,0.0054815787058495515,1.502385255421162e-05,1.4968967173829934e-05,0.3979975280558223,0.024719411534434688,0.5643552913808769,-0.04783455453921426,0.04783455453921426,-0.04642381070021123,-0.09245797153542232,0.11861239966725215,0.9296671750246703,0.6072447233314319,-0.04783455453921426,0.23926840919948134,[0.7590664],11147.0,-0.10738356521753481,0.5459708445166045,0.66334319987537,0.5739627318735658,0.14747833208216743,0.768455949178051,0.7684559491780512,0.7993913009900117,-206158348.0933724,-0.0151560963415261,0.9521654454607856,0.6340555431464523,0.7135152125589365,,,,,,,,0.04783455453921426
658b7311-8759-4009-be67-490e6db4d241,AdaBoostClassifier,PREPROCESSING,UNAWARENESS,UNAWARENESS_DEMV,0.8510885142974135,0.6414717626925271,0.2166109329147615,0.6414717626925271,0.9170180317574235,0.7085696282293635,3506.0,0.1489114857025865,-0.05497296763722348,0.6496277624994469,0.2914303717706364,0.03236631401794554,1.1121234004702816,0.3585282373074729,0.060942563414906725,1.1726075088024688,0.10950431222231902,-0.0471718832671042,0.5973019619229729,0.08298196824257648,-0.04186465835142918,0.5337935659480464,0.07767921466642706,0.3585282373074729,0.08298196824257648,0.9170180317574235,0.6414717626925271,0.890495687777681,1257.0,925.0,1257.0,925.0,10222.0,11479.0,3174.0,10222.0,2249.0,0.7085696282293635,0.05140361088316793,-0.05140361088316793,0.001037862978752763,5.38579781332779e-07,5.382051804916422e-07,0.001037862978752763,5.38579781332779e-07,5.382051804916422e-07,0.3941553365525502,0.05213453367191523,0.5491483114518322,-0.06094256341490667,0.06094256341490667,-0.03976909864252487,-0.10450514626759272,0.11245949380200798,0.9170180317574235,0.6414717626925271,-0.06094256341490667,0.23926840919948134,[0.7590664],11147.0,-0.10738356521753481,0.5459708445166045,0.6733532934131736,0.5784218747582676,0.1489114857025865,0.7792448972249753,0.7792448972249753,0.8193008987046221,-146089283.56162348,-0.019077905063477542,0.9390574365850933,0.6570260005842828,0.7301193692223056,,,,,,,,0.06094256341490667
658b7311-8759-4009-be67-490e6db4d241,RandomForestClassifier,PREPROCESSING,UNAWARENESS,UNAWARENESS_DEMV,0.850815532655429,0.6286366229321164,0.2107418276120931,0.6286366229321164,0.9206961514308782,0.7137305699481865,3506.0,0.14918446734457103,-0.05529235441461089,0.6483080514532317,0.2862694300518135,0.03957345200684459,1.1399488283910395,0.37136337706788364,0.04334682247018823,1.1179565706094126,0.1125810635538262,-0.05131142763024708,0.5752918577475968,0.07930384856912173,-0.036813051215108646,0.5684178468098067,0.07860611105497592,0.37136337706788364,0.07930384856912173,0.9206961514308782,0.6286366229321164,0.8874189364461738,1302.0,884.0,1302.0,884.0,10263.0,11565.0,3088.0,10263.0,2204.0,0.7137305699481865,0.04007993684264846,-0.04007993684264846,0.003933732854216649,7.737127084171732e-06,7.716803914675494e-06,0.003933732854216649,7.737127084171732e-06,7.716803914675494e-06,0.3964999648296981,0.014018011066437852,0.5704947410662367,-0.043346822470188284,0.043346822470188284,-0.04544243981854578,-0.09653922899221845,0.11503088476255632,0.9206961514308782,0.6286366229321164,-0.043346822470188284,0.23926840919948134,[0.7590664],11147.0,-0.10738356521753481,0.5459708445166045,0.6684865028814073,0.5746573989383228,0.14918446734457103,0.7746663871814973,0.7746663871814974,0.8057149670538544,-654993179.923658,-0.006533771255079583,0.9566531775298118,0.647949434073203,0.7260456619929891,,,,,,,,0.043346822470188284
658b7311-8759-4009-be67-490e6db4d241,BaggingClassifier,PREPROCESSING,UNAWARENESS,UNAWARENESS_DEMV,0.8508837780659251,0.5958357102110667,0.1949771377874838,0.5958357102110667,0.9311025387996771,0.7311865593279664,3506.0,0.14911622193407492,-0.0596089139664433,0.6221953246377856,0.2688134406720336,0.03476727516849354,1.1308945018680294,0.40416428978893326,0.010817250131698708,1.0268287975294346,0.12012546625974907,-0.05993951227725915,0.5375296372080938,0.06889746120032296,-0.030305805197672876,0.5895300811252783,0.08055499261197734,0.40416428978893326,0.06889746120032296,0.9311025387996771,0.5958357102110667,0.8798745337402509,1417.0,768.0,1417.0,768.0,10379.0,11796.0,2857.0,10379.0,2089.0,0.7311865593279664,0.020561527664685764,-0.020561527664685764,0.008773321292989298,3.8485583255009714e-05,3.826147468370102e-05,0.008773321292989298,3.8485583255009714e-05,3.826147468370102e-05,0.4013850834597054,-0.030479780939821843,0.5964213401378257,-0.010817250131698652,0.030305805197672876,-0.04735339372287634,-0.08359015040581924,0.1213285155374816,0.9311025387996771,0.5958357102110667,-0.010817250131698652,0.23926840919948134,[0.7590664],11147.0,-0.10738356521753481,0.5459708445166045,0.6566085179946566,0.5674429155606382,0.14911622193407492,0.763469124505372,0.763469124505372,0.7791672160300226,-1376621014.2987616,0.019488555065974168,0.9891827498683013,0.6247476635514019,0.7122121548780304,,,,,,,,0.010817250131698652
658b7311-8759-4009-be67-490e6db4d241,BernoulliNB,PREPROCESSING,UNAWARENESS,UNAWARENESS_DEMV,0.7806592506653928,0.793496862521392,0.35978980413567185,0.793496862521392,0.7766215125145779,0.5276934749620638,3506.0,0.21934074933460723,-0.06978001016817093,0.6959203732268016,0.47230652503793624,0.060875196595429726,1.1303809382275722,0.2065031374786081,0.09849663968839295,1.4982587541764665,0.0771772732118111,-0.025745384046691397,0.6850168544525237,0.22337848748542208,-0.10426761083932887,0.5661946748316464,0.08156281087183957,0.2065031374786081,0.22337848748542208,0.7766215125145779,0.793496862521392,0.9228227267881889,724.0,2490.0,724.0,2490.0,8657.0,9381.0,5272.0,8657.0,2782.0,0.5276934749620638,0.10138212526386091,-0.10138212526386091,0.017730693695677514,0.00015718874946496917,0.00015910167509024684,0.017730693695677514,0.00015718874946496917,0.00015910167509024684,0.4038881302337061,0.010196644272646549,0.5730734017252728,-0.09849663968839295,0.10426761083932887,-0.04331029032106056,-0.16376200719512854,0.09644238364575052,0.7766215125145779,0.793496862521392,-0.09849663968839295,0.23926840919948134,[0.7590664],11147.0,-0.10738356521753481,0.5459708445166045,0.633857370699476,0.506801307091084,0.21934074933460723,0.7850591875179849,0.7850591875179849,0.8646501564064779,-391832333.17609006,0.005770971150935916,0.9015033603116069,0.7047498416719443,0.7600430918998665,,,,,,,,0.09849663968839295
658b7311-8759-4009-be67-490e6db4d241,BaggingClassifier,PREPROCESSING,UNAWARENESS,HYPERPARAMETER_DEMV,0.8682863577424418,0.6431831146605819,0.2002320343956869,0.6431831146605819,0.939086749798152,0.7685753237900477,3506.0,0.13171364225755822,-0.049139920961898675,0.6461021448379418,0.23142467620995227,0.04012385389199544,1.1761357994041708,0.35681688533941813,0.02784229682486472,1.0785787899778676,0.10674972267258298,-0.05038639674420732,0.5609567286346921,0.06091325020184803,-0.026033707294666655,0.6004168479048861,0.07049090377257217,0.35681688533941813,0.06091325020184803,0.939086749798152,0.6431831146605819,0.893250277327417,1251.0,679.0,1251.0,679.0,10468.0,11719.0,2934.0,10468.0,2255.0,0.7685753237900477,0.026938002059765688,-0.026938002059765688,0.0068737791212001645,2.362441970352365e-05,2.3516382019071724e-05,0.0068737791212001645,2.362441970352365e-05,2.3516382019071724e-05,0.3754754420000652,-0.009543884507951628,0.5840697280907858,-0.02784229682486472,0.02784229682486472,-0.04525512531810139,-0.08863924430898217,0.10666723185496567,0.939086749798152,0.6431831146605819,-0.02784229682486472,0.23926840919948134,[0.7590664],11147.0,-0.10738356521753481,0.5459708445166045,0.7003105590062112,0.6207745992371033,0.13171364225755822,0.791134932229367,0.7911349322293669,0.8124465266633142,-172744580.54260975,-0.0018085895301980653,0.9721577031751352,0.6705322628605412,0.7478788675640927,43.92228102684021,108.89999999999998,0.0,158778.23944556713,0.0,661575.9976898631,57.152815355985396,0.02784229682486472
658b7311-8759-4009-be67-490e6db4d241,RandomForestClassifier,PREPROCESSING,UNAWARENESS,HYPERPARAMETER_DEMV,0.8428990650378761,0.6061038220193953,0.20787552037125503,0.6061038220193953,0.9173768727011752,0.6976362442547603,3506.0,0.15710093496212385,-0.055761758466487454,0.6624648317862307,0.30236375574523966,0.04907560060518473,1.1646311764572,0.39389617798060467,0.060573408042399024,1.1559276761865627,0.11897992590678039,-0.05162708430703411,0.5943526754811022,0.0826231272988248,-0.038145413925720205,0.5705995141678879,0.08319945931232794,0.39389617798060467,0.0826231272988248,0.9173768727011752,0.6061038220193953,0.8810200740932196,1381.0,921.0,1381.0,921.0,10226.0,11607.0,3046.0,10226.0,2125.0,0.6976362442547603,0.04935941098405959,-0.04935941098405959,0.0035659669124165753,6.358060010224902e-06,6.3429136601142816e-06,0.0035659669124165753,6.358060010224902e-06,6.3429136601142816e-06,0.40792023561556234,0.03155527706715544,0.560547322644483,-0.06057340804239897,0.06057340804239897,-0.05035134245610945,-0.09758207407582982,0.12185443368918093,0.9173768727011752,0.6061038220193953,-0.06057340804239897,0.23926840919948134,[0.7590664],11147.0,-0.10738356521753481,0.5459708445166045,0.6486568986568987,0.5503775172854066,0.15710093496212385,0.7617403473602853,0.7617403473602853,0.799339402228782,-175849401.95406044,-0.02242799411667882,0.939426591957601,0.626658802713064,0.7048858035740553,83.64989113807678,108.79999999999998,0.0,159179.06399004458,0.0,663246.0999585191,57.2970936353054,0.06057340804239897
658b7311-8759-4009-be67-490e6db4d241,GradientBoostingClassifier,PREPROCESSING,UNAWARENESS,HYPERPARAMETER_DEMV,0.8729952910666757,0.6625784369652025,0.20480447689892856,0.6625784369652025,0.9391764600340899,0.7740753082305898,3506.0,0.12700470893332427,-0.046927803736600326,0.6493294665887933,0.22592469176941019,0.027405805305148856,1.1225884472214,0.3374215630347975,0.049145554970228156,1.1475753635606474,0.10152763474081702,-0.04449786085323146,0.5905192146130667,0.06082353996591011,-0.029875283245894627,0.5451938935551571,0.06747954436835558,0.3374215630347975,0.06082353996591011,0.9391764600340899,0.6625784369652025,0.898472365259183,1183.0,678.0,1183.0,678.0,10469.0,11652.0,3001.0,10469.0,2323.0,0.7740753082305898,0.03951041910806136,-0.03951041910806136,0.0036852676924977353,6.790598982683792e-06,6.773883514403585e-06,0.0036852676924977353,6.790598982683792e-06,6.773883514403585e-06,0.3673677840212873,0.04029297777724272,0.5556479432545388,-0.0491455549702281,0.0491455549702281,-0.035951833079190185,-0.09728627751485584,0.10150577500499808,0.9391764600340899,0.6625784369652025,-0.0491455549702281,0.23926840919948134,[0.7590664],11147.0,-0.10738356521753481,0.5459708445166045,0.7140003073613033,0.6361673176043798,0.12700470893332427,0.8008774484996463,0.8008774484996461,0.8325204521440621,-237247082.16097042,-0.01927027172433353,0.9508544450297719,0.687328944448554,0.7572887966127765,208.5074977874756,108.29999999999998,0.0,160348.42983241082,0.0,668118.4576350452,57.71801120124973,0.0491455549702281
658b7311-8759-4009-be67-490e6db4d241,XGBClassifier,PREPROCESSING,REWEIGHTER,REWEIGHTER,0.874087217634614,0.6543069024529378,0.19975431652221387,0.6543069024529378,0.9432134206512963,0.7837376153057738,3506.0,0.12591278236538594,-0.044551155065505776,0.6634748696981941,0.21626238469422618,0.08747011602522739,1.4225032541587552,0.3456930975470622,-0.04389157607394284,0.8744606533799054,0.10336005457956678,-0.05991174180150558,0.4682027649769585,0.05678657934870369,-0.007941984628264488,0.8632571945554166,0.06739671904946938,0.3456930975470622,0.05678657934870369,0.9432134206512963,0.6543069024529378,0.8966399454204332,1212.0,633.0,1212.0,633.0,10514.0,11726.0,2927.0,10514.0,2294.0,0.7837376153057738,0.025916780351103636,0.017974795722839148,0.015953872916152113,0.00012726303051236595,0.00012592726965475446,0.015953872916152113,0.00012726303051236595,0.00012592726965475446,0.3671422586667718,-0.18217669017130778,0.6943144993596739,0.043891576073942784,0.043891576073942784,-0.07369092891336652,-0.06390008309456832,0.10266671023622116,0.9432134206512963,0.6543069024529378,0.043891576073942784,0.23926840919948134,[0.7590664],11147.0,-0.10738356521753481,0.5459708445166045,0.7131975750038863,0.6376044384396912,0.12591278236538594,0.798760161552117,0.798760161552117,0.7844026108166757,-275255607.7534947,-0.03594959144567835,0.9561084239260572,0.6824841948679806,0.7544555736859828,,,,,,,,0.043891576073942784
658b7311-8759-4009-be67-490e6db4d241,GradientBoostingClassifier,PREPROCESSING,REWEIGHTER,REWEIGHTER,0.8692417934893878,0.6100969766115231,0.18344366341363544,0.6100969766115231,0.9507490804700817,0.7957589285714286,3506.0,0.1307582065106122,-0.04197700865254639,0.6932788469285351,0.20424107142857142,0.09999513050253214,1.515113508089803,0.3899030233884769,-0.0015025621378286225,0.9961476479165069,0.11424989552862516,-0.05747240518607974,0.5333886974932579,0.04925091952991836,-0.0061800446108594,0.8770316070180385,0.07159088169216184,0.3899030233884769,0.04925091952991836,0.9507490804700817,0.6100969766115231,0.8857501044713748,1367.0,549.0,1367.0,549.0,10598.0,11965.0,2688.0,10598.0,2139.0,0.7957589285714286,0.0038413033743440114,-0.002338741236515389,0.015762928011225745,0.00012423494974354263,0.0001229462775843862,0.015762928011225745,0.00012423494974354263,0.0001229462775843862,0.3783936619240915,-0.13513863458435926,0.6622765406138503,0.0015025621378286225,0.0061800446108594,-0.0787337678443059,-0.06515010203424926,0.1124543651600289,0.9507490804700817,0.6100969766115231,0.0015025621378286225,0.23926840919948134,[0.7590664],11147.0,-0.10738356521753481,0.5459708445166045,0.6906683887633194,0.6182407735239996,0.1307582065106122,0.7804230285408025,0.7804230285408024,0.7822482360595768,-196517282.39967477,0.004677482473030778,0.9984974378621714,0.6478873239436619,0.7337723771542581,33.849098443984985,109.89999999999998,0.0,169813.5023875952,0.0,707556.2599483132,61.12499912331261,0.0015025621378286225
658b7311-8759-4009-be67-490e6db4d241,AdaBoostClassifier,PREPROCESSING,REWEIGHTER,REWEIGHTER,0.8626219886712618,0.6089560752994866,0.18951750494779226,0.6089560752994866,0.942406028527855,0.768815268275117,3506.0,0.13737801132873817,-0.03598336848488104,0.747673176425168,0.23118473172488296,0.146330805775694,1.6815862106451984,0.3910439247005134,-0.030739667640438728,0.9219403189273824,0.11544291007073089,-0.06217496781425981,0.5024024055597027,0.05759397147214497,0.00557228364382633,1.098299718268785,0.07469924763320987,0.3910439247005134,0.05759397147214497,0.942406028527855,0.6089560752994866,0.8845570899292691,1371.0,642.0,1371.0,642.0,10505.0,11876.0,2777.0,10505.0,2135.0,0.768815268275117,0.0181559756421325,0.0181559756421325,0.02138258032113139,0.00022860737059481767,0.00022541260238190524,0.02138258032113139,0.00022860737059481767,0.00022541260238190524,0.3865210152972536,-0.2556306456937423,0.7472587886514612,0.030739667640438673,0.030739667640438673,-0.1042528867949769,-0.04972487581945062,0.11494960732598383,0.942406028527855,0.6089560752994866,0.030739667640438673,0.23926840919948134,[0.7590664],11147.0,-0.10738356521753481,0.5459708445166045,0.6796116504854369,0.6002039303455133,0.13737801132873817,0.7756810519136709,0.7756810519136708,0.7615978056290624,-146305348.77040163,-0.0251673839966124,0.9692603323595613,0.6423467468973298,0.723711592372551,,,,,,,,0.030739667640438673
658b7311-8759-4009-be67-490e6db4d241,RandomForestClassifier,PREPROCESSING,REWEIGHTER,REWEIGHTER,0.8548420118747014,0.6240730176839704,0.20453149525694397,0.6240730176839704,0.9274244191262223,0.7300633967300634,3506.0,0.14515798812529856,-0.05168050100969135,0.6614819065662269,0.2699366032699366,0.03758397769045507,1.140888572107389,0.37592698231602967,0.06981626039621347,1.1888589010039945,0.11307481125600549,-0.047093629137398035,0.6096816161324129,0.0725755808737777,-0.03601553468677344,0.5408511342937572,0.07724925591620019,0.37592698231602967,0.0725755808737777,0.9274244191262223,0.6240730176839704,0.8869251887439945,1318.0,809.0,1318.0,809.0,10338.0,11656.0,2997.0,10338.0,2188.0,0.7300633967300634,0.05291589754149345,-0.05291589754149345,0.0025991339629706355,3.3777486787337207e-06,3.3718766747971657e-06,0.0025991339629706355,3.3777486787337207e-06,3.3718766747971657e-06,0.39306298710562965,0.06441485319250662,0.5423801809524722,-0.06981626039621347,0.06981626039621347,-0.042338803413926554,-0.10026419542210285,0.11464701734218935,0.9274244191262223,0.6240730176839704,-0.06981626039621347,0.23926840919948134,[0.7590664],11147.0,-0.10738356521753481,0.5459708445166045,0.672920190681224,0.5833246295418095,0.14515798812529856,0.7757487184050964,0.7757487184050964,0.8167981581061653,-634661154.9138678,-0.03380072570944003,0.9301837396037866,0.6475767665556789,0.7205487674770492,33.28886675834656,121.19999999999997,0.0,170190.19616439345,0.0,709125.8173516394,61.26059144343329,0.06981626039621347
658b7311-8759-4009-be67-490e6db4d241,BaggingClassifier,PREPROCESSING,REWEIGHTER,REWEIGHTER,0.8493823790350099,0.5881346263548203,0.19279328465160717,0.5881346263548203,0.9315510899793666,0.7299115044247788,3506.0,0.1506176209649901,-0.060815990461301594,0.6185981649787975,0.27008849557522124,0.031211591366871683,1.1167932289194746,0.41186537364517967,0.012852593266606038,1.0312932705621711,0.12208319242475482,-0.06058118321395578,0.5398879929356539,0.06844891002063336,-0.031086259075971893,0.5771181199752629,0.0816410591007379,0.41186537364517967,0.06844891002063336,0.9315510899793666,0.5881346263548203,0.8779168075752452,1444.0,763.0,1444.0,763.0,10384.0,11828.0,2825.0,10384.0,2062.0,0.7299115044247788,0.021969426171288966,-0.021969426171288966,0.008722212878292704,3.803849874712755e-05,3.7818270069042755e-05,0.008722212878292704,3.803849874712755e-05,3.7818270069042755e-05,0.4040818211717471,-0.02178326391196994,0.5912364964649598,-0.012852593266606038,0.031086259075971893,-0.04589638729041373,-0.08378281009058193,0.12329421729550492,0.9315510899793666,0.5881346263548203,-0.012852593266606038,0.23926840919948134,[0.7590664],11147.0,-0.10738356521753481,0.5459708445166045,0.6513978834307377,0.5620317533110848,0.1506176209649901,0.7598428581670934,0.7598428581670935,0.7765361697413767,-1338247029.156217,0.018233665809365855,0.987147406733394,0.6181518399160608,0.7061364039383777,,,,,,,,0.012852593266606038
658b7311-8759-4009-be67-490e6db4d241,BernoulliNB,PREPROCESSING,REWEIGHTER,REWEIGHTER,0.8073432061693852,0.739874500855676,0.3074455742851293,0.739874500855676,0.8285637391226339,0.5758046614872364,3506.0,0.19265679383061485,-0.06823569484026093,0.663151816247762,0.4241953385127636,0.04255183413078151,1.1011679053541634,0.26012549914432403,0.09906533850549937,1.394284988166526,0.08986992510839574,-0.03259447628161784,0.658652111858718,0.1714362608773661,-0.08894972008988296,0.5215684219718802,0.08238749487397411,0.26012549914432403,0.1714362608773661,0.8285637391226339,0.739874500855676,0.9101300748916042,912.0,1911.0,912.0,1911.0,9236.0,10148.0,4505.0,9236.0,2594.0,0.5758046614872364,0.09400752929769121,-0.09400752929769121,0.014349732146166607,0.00010295740633336364,0.00010396703029909017,0.014349732146166607,0.00010295740633336364,0.00010396703029909017,0.40592485726787936,0.065880814476458,0.5419098452823206,-0.09906533850549948,0.09906533850549948,-0.037573155206199645,-0.1508800613390632,0.10330325797933666,0.8285637391226339,0.739874500855676,-0.09906533850549948,0.23926840919948134,[0.7590664],11147.0,-0.10738356521753481,0.5459708445166045,0.6476095368867807,0.5255700584046928,0.19265679383061485,0.7842191199891551,0.784219119989155,0.8579416218873452,-324474706.4755286,-0.01011561841561641,0.9009346614945006,0.6906742994075751,0.7489366411265697,28.900184631347656,131.79999999999998,0.0,170497.11901447776,0.0,710404.6625603241,61.37106946007244,0.09906533850549948
658b7311-8759-4009-be67-490e6db4d241,BaggingClassifier,PREPROCESSING,REWEIGHTER,HYPERPARAMETER,0.8654882959120999,0.5832857957786651,0.17436702381764826,0.5832857957786651,0.9542477796716605,0.8003913894324853,3506.0,0.13451170408790014,-0.04966588152625773,0.6495687322620554,0.19960861056751467,0.02975907716181339,1.1509901984413915,0.41671420422133487,0.05649873090369234,1.137248058633627,0.12076376260538932,-0.05217059927155261,0.5956183001668468,0.04575222032833946,-0.02240266909440428,0.5465038872256384,0.07450715387042092,0.41671420422133487,0.04575222032833946,0.9542477796716605,0.5832857957786651,0.8792362373946107,1461.0,510.0,1461.0,510.0,10637.0,12098.0,2555.0,10637.0,2045.0,0.8003913894324853,0.039450699999048336,-0.039450699999048336,0.00832031266096057,3.4613801388070394e-05,3.4422539343587224e-05,0.00832031266096057,3.4613801388070394e-05,3.4422539343587224e-05,0.38602371396177443,0.06252645109752719,0.5432389821859855,-0.056498730903692396,0.056498730903692396,-0.04096483821668299,-0.0853053354093724,0.1187023307744323,0.9542477796716605,0.5832857957786651,-0.056498730903692396,0.23926840919948134,[0.7590664],11147.0,-0.10738356521753481,0.5459708445166045,0.6748061376010559,0.6044192818095636,0.13451170408790014,0.7687667877251629,0.7687667877251628,0.7990951756369404,-175490894.41269773,-0.034096061809288064,0.9435012690963077,0.6257171269027767,0.7048516930029114,18.932692050933838,141.99999999999997,0.0,170690.71064946655,0.0,711211.2943727773,61.44075348609271,0.056498730903692396
658b7311-8759-4009-be67-490e6db4d241,RandomForestClassifier,PREPROCESSING,REWEIGHTER,HYPERPARAMETER,0.8592097181464546,0.5365088419851682,0.15826110694055825,0.5365088419851682,0.9607069166591908,0.8111254851228978,3506.0,0.14079028185354536,-0.0520658203792167,0.64904610633514,0.1888745148771022,0.07874554628077596,1.4346587937186894,0.4634911580148317,0.0016222882045879294,1.003501246753918,0.1317496351548565,-0.06501400285782483,0.5414292915396697,0.039293083340809186,-0.008106057654045033,0.8004070447821946,0.07946745822920549,0.4634911580148317,0.039293083340809186,0.9607069166591908,0.5365088419851682,0.8682503648451435,1625.0,438.0,1625.0,438.0,10709.0,12334.0,2319.0,10709.0,1881.0,0.8111254851228978,0.004864172929316454,-0.004864172929316454,0.018010035621903675,0.00016218069155111967,0.00016026386143060627,0.018010035621903675,0.00016218069155111967,0.00016026386143060627,0.3986664225369513,-0.09861094779357393,0.6383098915369741,-0.001622288204587874,0.008106057654045033,-0.07187977456930042,-0.06041645695501838,0.1295682157193809,0.9607069166591908,0.5365088419851682,-0.001622288204587874,0.23926840919948134,[0.7590664],11147.0,-0.10738356521753481,0.5459708445166045,0.6458369098712446,0.5812025280799421,0.14079028185354536,0.7486078793221795,0.7486078793221795,0.7522492375034516,-174009538.73888242,0.006483769449457104,0.998377711795412,0.5861182519280206,0.679670172894394,,,,,,,,0.001622288204587874
658b7311-8759-4009-be67-490e6db4d241,GradientBoostingClassifier,PREPROCESSING,REWEIGHTER,HYPERPARAMETER,0.8747696717395755,0.6571591557330291,0.20043677062717533,0.6571591557330291,0.9432134206512963,0.7844739530132788,3506.0,0.12523032826042446,-0.03770762953354079,0.7115147512046031,0.21552604698672115,0.1144790968755178,1.5635728472123704,0.3428408442669709,-0.037260747409926076,0.8923653341787475,0.10259474223284397,-0.057998250079231435,0.4801152334526811,0.05678657934870369,-0.0013607611004641737,0.9761304086662939,0.06696062820544979,0.3428408442669709,0.05678657934870369,0.9432134206512963,0.6571591557330291,0.8974052577671561,1202.0,633.0,1202.0,633.0,10514.0,11716.0,2937.0,10514.0,2304.0,0.7844739530132788,0.019310754255195097,0.017949993154730923,0.017463158262326427,0.00015248094824752987,0.0001507323181375167,0.017463158262326427,0.00015248094824752987,0.0001507323181375167,0.3659525330024368,-0.21045924793014303,0.7142644234933825,0.03726074740992602,0.03726074740992602,-0.08623867347737463,-0.05975259301108521,0.10191216186783139,0.9432134206512963,0.6571591557330291,0.03726074740992602,0.23926840919948134,[0.7590664],11147.0,-0.10738356521753481,0.5459708445166045,0.7151947850380258,0.6398293354943646,0.12523032826042446,0.8001862881921628,0.8001862881921626,0.7858229497966038,-236294121.69595096,-0.0358999863094619,0.962739252590074,0.6849498327759197,0.7578389498154647,57.04120707511902,151.89999999999998,0.0,171255.72799811367,0.0,713565.5333254737,61.64413357339508,0.03726074740992602
658b7311-8759-4009-be67-490e6db4d241,XGBClassifier,PREPROCESSING,REWEIGHTER,REWEIGHTER_SMOTE,0.8687640756159148,0.6848260125499145,0.21968197638708797,0.6848260125499145,0.926617027002781,0.7458838148493321,3506.0,0.13123592438408516,-0.03978818160911235,0.7096111966943339,0.2541161851506679,0.07103804864476335,1.2868995224271933,0.31517398745008557,0.04909566910907842,1.1579771933429217,0.09664159524225993,-0.04171937477280989,0.5962641151018397,0.07338297299721898,-0.02579187817858277,0.6675555149688751,0.06806639142425805,0.31517398745008557,0.07338297299721898,0.926617027002781,0.6848260125499145,0.9033584047577401,1105.0,818.0,1105.0,818.0,10329.0,11434.0,3219.0,10329.0,2401.0,0.7458838148493321,0.03744377364383063,-0.03744377364383063,0.0044838173608875214,1.005230906289817e-05,1.0022232871051256e-05,0.0044838173608875214,1.005230906289817e-05,1.0022232871051256e-05,0.368961763396312,-0.02536554372927169,0.5934881407750053,-0.04909566910907848,0.04909566910907848,-0.05637871170878663,-0.0949090287746634,0.09871638606551333,0.926617027002781,0.6848260125499145,-0.04909566910907848,0.23926840919948134,[0.7590664],11147.0,-0.10738356521753481,0.5459708445166045,0.7140520446096654,0.6300592322650996,0.13123592438408516,0.8057215197763478,0.8057215197763478,0.8358907739828165,-263889602.42675605,-0.02330379093049565,0.9509043308909215,0.6991337264322633,0.7668097048387467,,,,,,,,0.04909566910907848
658b7311-8759-4009-be67-490e6db4d241,GradientBoostingClassifier,PREPROCESSING,REWEIGHTER,REWEIGHTER_SMOTE,0.8529311403808094,0.6953793496862521,0.2405650719989081,0.6953793496862521,0.9024849735354804,0.6916312056737589,3506.0,0.14706885961919058,-0.04897025142445144,0.682390767043071,0.30836879432624115,0.058080808080808066,1.1916666666666667,0.30462065031374785,0.039699168302922916,1.1318623779635066,0.09597411933860532,-0.04379862984433992,0.5750940415829541,0.09751502646451961,-0.039480610571285865,0.6201721053080003,0.07334326286673991,0.30462065031374785,0.09751502646451961,0.9024849735354804,0.6953793496862521,0.9040258806613947,1068.0,1087.0,1068.0,1087.0,10060.0,11128.0,3525.0,10060.0,2438.0,0.6916312056737589,0.03958988943710442,-0.03958988943710442,0.0014001699039942206,9.802378800255924e-07,9.793185025513317e-07,0.0014001699039942206,9.802378800255924e-07,9.793185025513317e-07,0.38299676987342834,-0.02848631895148701,0.5954245451419963,-0.03969916830292297,0.03969916830292297,-0.05093971896257405,-0.10340514460240097,0.10141014568985168,0.9024849735354804,0.6953793496862521,-0.03969916830292297,0.23926840919948134,[0.7590664],11147.0,-0.10738356521753481,0.5459708445166045,0.6935002133409188,0.5967596842900798,0.14706885961919058,0.7989321616108662,0.7989321616108662,0.8305617975567872,-188385174.58157045,-0.00021855773163705072,0.960300831697077,0.6944385102898242,0.7650397332760676,36.70648264884949,109.29999999999997,0.0,168575.66143758295,0.0,702398.5893232623,60.67943368875961,0.03969916830292297
658b7311-8759-4009-be67-490e6db4d241,AdaBoostClassifier,PREPROCESSING,REWEIGHTER,REWEIGHTER_SMOTE,0.8433085375008531,0.695094124358243,0.25005118405787213,0.695094124358243,0.8899255405041715,0.6651200873362445,3506.0,0.1566914624991469,-0.05363402595808908,0.6739259509227633,0.33487991266375544,0.05320350290410175,1.1612080661243485,0.304905875641757,0.042883881678719094,1.1424405310285861,0.09727909727909728,-0.04435755909600727,0.5756260163072936,0.11007445949582847,-0.04724340785401457,0.5988394157473486,0.07662620177561824,0.304905875641757,0.11007445949582847,0.8899255405041715,0.695094124358243,0.9027209027209028,1069.0,1227.0,1069.0,1227.0,9920.0,10989.0,3664.0,9920.0,2437.0,0.6651200873362445,0.04506364476636686,-0.04506364476636686,0.0005664541412831532,1.6043514708841727e-07,1.6049617332725314e-07,0.0005664541412831532,1.6043514708841727e-07,1.6049617332725314e-07,0.3914746525015847,-0.0193346694812484,0.5900239365716116,-0.04288388167871915,0.04724340785401457,-0.048780531000054486,-0.1090083273088896,0.10412088226382439,0.8899255405041715,0.695094124358243,-0.04288388167871915,0.23926840919948134,[0.7590664],11147.0,-0.10738356521753481,0.5459708445166045,0.6797768479776848,0.5763663294280591,0.1566914624991469,0.7925098324312072,0.7925098324312072,0.82822321399374,-146738359.60535583,0.004359526175295475,0.9571161183212809,0.6873501621774081,0.7586235816891403,,,,,,,,0.04288388167871915
658b7311-8759-4009-be67-490e6db4d241,RandomForestClassifier,PREPROCESSING,REWEIGHTER,REWEIGHTER_SMOTE,0.8497236060874906,0.6394751853964632,0.21702040537773834,0.6394751853964632,0.9158517986902306,0.7050314465408805,3506.0,0.15027639391250935,-0.06041675698956739,0.6201508712161938,0.2949685534591195,0.022642174353552702,1.077287421998346,0.3605248146035368,0.027267611704420325,1.0761489208753365,0.11017170748714372,-0.05322926953721596,0.5517192051047761,0.08414820130976944,-0.04194146979674782,0.538989639407243,0.07833764761293067,0.3605248146035368,0.08414820130976944,0.9158517986902306,0.6394751853964632,0.8898282925128562,1264.0,938.0,1264.0,938.0,10209.0,11473.0,3180.0,10209.0,2242.0,0.7050314465408805,0.03460454075058404,-0.03460454075058404,0.003043496181787712,4.631434504278192e-06,4.622011756526067e-06,0.003043496181787712,4.631434504278192e-06,4.622011756526067e-06,0.3958223025877412,0.010694578427092427,0.5724243829906827,-0.02726761170442027,0.04194146979674782,-0.037935721945384304,-0.0989391678451774,0.11326100993369853,0.9158517986902306,0.6394751853964632,-0.02726761170442027,0.23926840919948134,[0.7590664],11147.0,-0.10738356521753481,0.5459708445166045,0.6706551002093928,0.5747535687956268,0.15027639391250935,0.7776634920433468,0.777663492043347,0.8045741800440024,-584728345.844045,0.014673858092327498,0.9727323882955798,0.6546941159293328,0.7347729857851184,35.22932982444763,119.59999999999997,0.0,168939.0062932491,0.0,703912.5262218714,60.81022101527833,0.02726761170442027
658b7311-8759-4009-be67-490e6db4d241,BaggingClassifier,PREPROCESSING,REWEIGHTER,REWEIGHTER_SMOTE,0.8446052003002799,0.6072447233314319,0.20671534839282057,0.6072447233314319,0.9192607876558715,0.7028722350610762,3506.0,0.15539479969972014,-0.061459302038629815,0.6259881930360546,0.29712776493892373,0.03455183233985393,1.117536022990455,0.3927552766685682,0.016352585284868215,1.041791394899359,0.11846180316586373,-0.058699692072116824,0.5407418807616288,0.08073921234412847,-0.03655321480400388,0.5783503083424423,0.08244805148688661,0.3927552766685682,0.08073921234412847,0.9192607876558715,0.6072447233314319,0.8815381968341363,1377.0,900.0,1377.0,900.0,10247.0,11624.0,3029.0,10247.0,2129.0,0.7028722350610762,0.026452900044436074,-0.026452900044436074,0.006466801063342963,2.090975799642684e-05,2.081975095961581e-05,0.006466801063342963,2.090975799642684e-05,2.081975095961581e-05,0.40607401169463336,-0.0231315763558535,0.5921050116333686,-0.01635258528486827,0.03655321480400388,-0.046625762205985376,-0.08963007090266445,0.12110717939473621,0.9192607876558715,0.6072447233314319,-0.01635258528486827,0.23926840919948134,[0.7590664],11147.0,-0.10738356521753481,0.5459708445166045,0.6515684774292272,0.5547029052306284,0.15539479969972014,0.7632527554936516,0.7632527554936517,0.7834430043433658,-1290373527.6990485,0.020200629519135663,0.9836474147151317,0.6286262641175168,0.714597914079293,,,,,,,,0.01635258528486827
658b7311-8759-4009-be67-490e6db4d241,BernoulliNB,PREPROCESSING,REWEIGHTER,REWEIGHTER_SMOTE,0.7857776564526036,0.7775242441528808,0.34702791237289293,0.7775242441528808,0.7883735534224455,0.536086529006883,3506.0,0.21422234354739644,-0.0720347698037429,0.6794017565664264,0.463913470993117,0.053288839451242076,1.1160080072323388,0.22247575584711923,0.11243474929361619,1.5293388196832196,0.08152173913043478,-0.02589365745437513,0.6992822141655608,0.2116264465775545,-0.10602482763181044,0.5367866613014723,0.0825544353971894,0.22247575584711923,0.2116264465775545,0.7883735534224455,0.7775242441528808,0.9184782608695652,780.0,2359.0,780.0,2359.0,8788.0,9568.0,5085.0,8788.0,2726.0,0.536086529006883,0.10922978846271336,-0.10922978846271336,0.01895415759501276,0.00017963004506829,0.00018197061671603593,0.01895415759501276,0.00017963004506829,0.00018197061671603593,0.40633590881729714,0.050659711623764925,0.5503053076561766,-0.1124347492936163,0.1124347492936163,-0.03959124845280863,-0.16696585111775622,0.09913094342721326,0.7883735534224455,0.7775242441528808,-0.1124347492936163,0.23926840919948134,[0.7590664],11147.0,-0.10738356521753481,0.5459708445166045,0.6346176230939355,0.507185580873878,0.21422234354739644,0.782948898787663,0.7829488987876632,0.868470241379354,-358843022.638433,-0.006409921661805748,0.8875652507063837,0.6988399666730757,0.7521505348086156,29.062098741531372,130.09999999999997,1.0,169244.58134622572,29.102385997772217,709551.1135089397,61.29733230591118,0.1124347492936163
658b7311-8759-4009-be67-490e6db4d241,BaggingClassifier,PREPROCESSING,REWEIGHTER,HYPERPARAMETER_SMOTE,0.8572988466525626,0.6879634911580148,0.23264860438135535,0.6879634911580148,0.9105588947698933,0.7075388677031388,3506.0,0.14270115334743738,-0.051553773917066614,0.6567466961523966,0.29246113229686127,0.04255225587054029,1.1474352463179278,0.3120365088419852,0.03505180147821779,1.1134739861242102,0.09729633582355034,-0.0453295163906324,0.5667950984290779,0.08944110523010676,-0.039708210972287654,0.5859698047001247,0.07228249016920825,0.3120365088419852,0.08944110523010676,0.9105588947698933,0.6879634911580148,0.9027036641764496,1094.0,997.0,1094.0,997.0,10150.0,11244.0,3409.0,10150.0,2412.0,0.7075388677031388,0.037380006225252754,-0.037380006225252754,0.0015778473047580192,1.244801058566073e-06,1.2434856823892944e-06,0.0015778473047580192,1.244801058566073e-06,1.2434856823892944e-06,0.3802170174234926,-0.00965621069846967,0.5842737134296138,-0.03505180147821785,0.039708210972287654,-0.043940886130586373,-0.1029357405505244,0.10159478611540941,0.9105588947698933,0.6879634911580148,-0.03505180147821785,0.23926840919948134,[0.7590664],11147.0,-0.10738356521753481,0.5459708445166045,0.6976138828633406,0.6043540486960096,0.14270115334743738,0.799261192963954,0.799261192963954,0.8291375813325496,-178733832.4685461,0.004656409494069862,0.964948198521782,0.6927550800603145,0.7646529922372942,23.103431463241577,140.19999999999996,1.0,169478.49581799505,29.102385997772217,710525.7571413118,61.38153068637443,0.03505180147821785
658b7311-8759-4009-be67-490e6db4d241,RandomForestClassifier,PREPROCESSING,REWEIGHTER,HYPERPARAMETER_SMOTE,0.8366204872722309,0.7529948659440958,0.28444687094792875,0.7529948659440958,0.8629227594868575,0.6333973128598849,3506.0,0.16337951272776907,-0.05321574029249476,0.6889995653648137,0.3666026871401152,0.05682839497272485,1.1572654119837733,0.24700513405590416,0.04351643439809716,1.17900059097774,0.08259418216499761,-0.03717152321286691,0.5812934479334154,0.13707724051314255,-0.05777997801338798,0.6055576043738576,0.0738459869138344,0.24700513405590416,0.13707724051314255,0.8629227594868575,0.7529948659440958,0.9174058178350024,866.0,1528.0,866.0,1528.0,9619.0,10485.0,4168.0,9619.0,2640.0,0.6333973128598849,0.05064820620574257,-0.05064820620574257,0.004666499204274288,1.088810741174628e-05,1.0922403179247207e-05,0.004666499204274288,1.088810741174628e-05,1.0922403179247207e-05,0.38430713476029665,-0.033711918635007,0.598675913740825,-0.04351643439809716,0.05777997801338798,-0.046999959092795876,-0.12122397144031133,0.09412497292558583,0.8629227594868575,0.7529948659440958,-0.04351643439809716,0.23926840919948134,[0.7590664],11147.0,-0.10738356521753481,0.5459708445166045,0.6880375293197811,0.5824511621908999,0.16337951272776907,0.8079588127154766,0.8079588127154766,0.848880477267637,-179236866.89580724,0.014263543615290822,0.9564835656019028,0.7190521585183168,0.783917019665105,,,,,,,,0.04351643439809716
658b7311-8759-4009-be67-490e6db4d241,GradientBoostingClassifier,PREPROCESSING,REWEIGHTER,HYPERPARAMETER_SMOTE,0.8652835596806114,0.685966913861951,0.22370845560636046,0.685966913861951,0.9216829640261954,0.7336790726052471,3506.0,0.13471644031938856,-0.04550901536311902,0.6779915771707894,0.2663209273947529,0.04975502114892333,1.1899852853589323,0.31403308613804903,0.050348801941158594,1.1626653601175894,0.0967912087912088,-0.04207232040807918,0.5938402914450818,0.07831703597380461,-0.033659944336794284,0.5983189251266442,0.06937944847099523,0.31403308613804903,0.07831703597380461,0.9216829640261954,0.685966913861951,0.9032087912087912,1101.0,873.0,1101.0,873.0,10274.0,11375.0,3278.0,10274.0,2405.0,0.7336790726052471,0.04200437313897647,-0.04200437313897647,0.0021889455907987904,2.3957413997387323e-06,2.392232039705427e-06,0.0021889455907987904,2.3957413997387323e-06,2.392232039705427e-06,0.37250355292532505,0.005817233734250138,0.5752550574986386,-0.05034880194115865,0.05034880194115865,-0.045913670778501225,-0.101268636083445,0.09958071889310535,0.9216829640261954,0.685966913861951,-0.05034880194115865,0.23926840919948134,[0.7590664],11147.0,-0.10738356521753481,0.5459708445166045,0.7090212264150944,0.6220971247924577,0.13471644031938856,0.8038249389440733,0.8038249389440733,0.8375891016178951,-220346220.1537332,-0.01668885760436431,0.9496511980588414,0.6973035662510872,0.7650700684253485,72.7463104724884,149.99999999999997,1.0,170191.86895618436,29.102385997772217,713498.1452171006,61.638311989588416,0.05034880194115865
658b7311-8759-4009-be67-490e6db4d241,XGBClassifier,PREPROCESSING,REWEIGHTER,REWEIGHTER_ROS,0.8429673104483724,0.8382772390188249,0.31891080324848153,0.8382772390188249,0.8444424508836458,0.6289321634924032,3506.0,0.15703268955162764,-0.03424943132201674,0.7885954273647424,0.37106783650759684,0.09518123701153725,1.263477255162056,0.16172276098117513,0.004264243411075452,1.0264300290643744,0.056813627254509017,-0.030229915936163858,0.5108623504931001,0.15555754911635417,-0.04102534128252089,0.7471278171410272,0.06463889745733038,0.16172276098117513,0.15555754911635417,0.8444424508836458,0.8382772390188249,0.943186372745491,567.0,1734.0,567.0,1734.0,9413.0,9980.0,4673.0,9413.0,2939.0,0.6289321634924032,0.02264479234679817,-0.02264479234679817,0.00027958331150162004,3.9083414035105955e-08,3.909074911337087e-08,0.00027958331150162004,3.9083414035105955e-08,3.909074911337087e-08,0.3595522144482784,-0.15574248846732774,0.6765451342366311,-0.004264243411075452,0.04102534128252089,-0.06270557647385061,-0.10824012635054928,0.07531920883609508,0.8444424508836458,0.8382772390188249,-0.004264243411075452,0.23926840919948134,[0.7590664],11147.0,-0.10738356521753481,0.5459708445166045,0.7186697640298325,0.6249772713049576,0.15703268955162764,0.8413598449512354,0.8413598449512354,0.8604122639290903,-290192208.27785206,0.036761097871445436,0.9957357565889247,0.7738792706207623,0.8359654755787045,,,,,,,,0.004264243411075452
658b7311-8759-4009-be67-490e6db4d241,GradientBoostingClassifier,PREPROCESSING,REWEIGHTER,REWEIGHTER_ROS,0.8213335153210947,0.8539646320593268,0.3480515935303351,0.8539646320593268,0.8110702431147394,0.5870588235294117,3506.0,0.17866648467890534,-0.04692116547220404,0.747033716584639,0.41294117647058826,0.07643165326741536,1.1886301922049352,0.14603536794067312,0.0005068403492808349,1.0034717476285502,0.053595729090338114,-0.03014680539449907,0.48627514670017785,0.18892975688526062,-0.061802630600121145,0.6894226447171079,0.0678512620587526,0.14603536794067312,0.18892975688526062,0.8110702431147394,0.8539646320593268,0.9464042709096618,512.0,2106.0,512.0,2106.0,9041.0,9553.0,5100.0,9041.0,2994.0,0.5870588235294117,0.03115473547470099,-0.03115473547470099,0.004995177468154527,1.2475898969179337e-05,1.2517981346701642e-05,0.004995177468154527,1.2475898969179337e-05,1.2517981346701642e-05,0.3683782351300158,-0.13636685950389316,0.6636026067705646,-0.0005068403492808349,0.061802630600121145,-0.05328922933095724,-0.12310038750962174,0.07643374032615431,0.8110702431147394,0.8539646320593268,-0.0005068403492808349,0.23926840919948134,[0.7590664],11147.0,-0.10738356521753481,0.5459708445166045,0.6957936323495236,0.595627032983108,0.17866648467890534,0.8325174375870331,0.8325174375870331,0.8584542981331331,-208202057.43351457,0.06129579025084031,0.9994931596507193,0.7668075297733384,0.831318879062699,36.60679650306702,109.69999999999999,0.0,173654.55156686305,0.0,723560.631528596,62.50759900149816,0.0005068403492808349
658b7311-8759-4009-be67-490e6db4d241,AdaBoostClassifier,PREPROCESSING,REWEIGHTER,REWEIGHTER_ROS,0.8179894902067836,0.8391329150028523,0.34429809595304717,0.8391329150028523,0.8113393738225532,0.5831516352824578,3506.0,0.18201050979321642,-0.027202969921986564,0.8537183360657108,0.4168483647175421,0.11763815894250679,1.2913347006389524,0.16086708499714775,-0.01578388646776177,0.9027371320364951,0.05870108243130724,-0.035117838142623856,0.45499555824603627,0.18866062617744683,-0.03318189493422319,0.8290152161644556,0.07001088759857008,0.16086708499714775,0.18866062617744683,0.8113393738225532,0.8391329150028523,0.9412989175686928,564.0,2103.0,564.0,2103.0,9044.0,9608.0,5045.0,9044.0,2942.0,0.5831516352824578,0.024482890700992466,-0.008699004233230723,0.0039242407259039115,7.69983263742143e-06,7.679655994283554e-06,0.0039242407259039115,7.69983263742143e-06,7.679655994283554e-06,0.3741948358771673,-0.23779950327907562,0.7345019906132492,0.015783886467761743,0.03318189493422319,-0.07637799854256533,-0.09507813574733132,0.08017825912563104,0.8113393738225532,0.8391329150028523,0.015783886467761743,0.23926840919948134,[0.7590664],11147.0,-0.10738356521753481,0.5459708445166045,0.6881066541924921,0.5840723854873103,0.18201050979321642,0.8252361444127028,0.8252361444127028,0.8324148771263639,-146923397.71052492,0.017398008466461418,0.9842161135322384,0.7561524127738868,0.8194468008699747,,,,,,,,0.015783886467761743
658b7311-8759-4009-be67-490e6db4d241,RandomForestClassifier,PREPROCESSING,REWEIGHTER,REWEIGHTER_ROS,0.8474032621306217,0.6822589845978323,0.2398143724834505,0.6822589845978323,0.8993451152776532,0.6807057484348321,3506.0,0.15259673786937833,-0.0559873844473191,0.6516711362055518,0.3192942515651679,0.03560818202039717,1.112618776863327,0.3177410154021677,0.05327211340453042,1.170214800788049,0.10000897746655894,-0.04410590180927018,0.5886539668098395,0.10065488472234682,-0.0491542475371334,0.547625800772654,0.07621497602169451,0.3177410154021677,0.10065488472234682,0.8993451152776532,0.6822589845978323,0.8999910225334411,1114.0,1122.0,1114.0,1122.0,10025.0,11139.0,3514.0,10025.0,2392.0,0.6807057484348321,0.05121318047083191,-0.05121318047083191,0.0015798618764061615,1.2479817742607988e-06,1.2493074380682274e-06,0.0015798618764061615,1.2479817742607988e-06,1.2493074380682274e-06,0.39042278627583843,0.0271964974770198,0.5631275994283875,-0.05327211340453042,0.05327211340453042,-0.03985704191483368,-0.11186919423771646,0.105546694612967,0.8993451152776532,0.6822589845978323,-0.05327211340453042,0.23926840919948134,[0.7590664],11147.0,-0.10738356521753481,0.5459708445166045,0.6814814814814815,0.581150258349425,0.15259673786937833,0.7908020499377427,0.7908020499377427,0.8313015380379081,-644004998.3417225,-0.004117865867397021,0.9467278865954697,0.6818700114025086,0.7519965342130502,35.459688663482666,119.99999999999999,0.0,174020.26909401416,0.0,725084.4545583924,62.639240379905566,0.05327211340453042
658b7311-8759-4009-be67-490e6db4d241,BaggingClassifier,PREPROCESSING,REWEIGHTER,REWEIGHTER_ROS,0.8431038012693647,0.6563034797490017,0.23169316863440934,0.6563034797490017,0.9018570018839149,0.6777614138438881,3506.0,0.15689619873063532,-0.05991862462962605,0.6381770227283333,0.32223858615611195,0.030607343066994475,1.0957793422439888,0.3436965202509983,0.04575132097760326,1.1347216019930901,0.10703499733522828,-0.0489530259608979,0.5743254403068048,0.09814299811608504,-0.04878630831559173,0.5401274452514121,0.07962113675976872,0.3436965202509983,0.09814299811608504,0.9018570018839149,0.6563034797490017,0.8929650026647717,1205.0,1094.0,1205.0,1094.0,10053.0,11258.0,3395.0,10053.0,2301.0,0.6777614138438881,0.04726881464659749,-0.04726881464659749,0.0001702218509028546,1.4487739262396833e-08,1.4489394444309304e-08,0.0001702218509028546,1.4487739262396833e-08,1.4489394444309304e-08,0.39905171785062826,0.025683665650278575,0.5639523794651073,-0.04575132097760326,0.04878630831559173,-0.03978018451394616,-0.10786294541816491,0.11189551227929248,0.9018570018839149,0.6563034797490017,-0.04575132097760326,0.23926840919948134,[0.7590664],11147.0,-0.10738356521753481,0.5459708445166045,0.6668598753803796,0.5644084793118386,0.15689619873063532,0.7790802408164583,0.7790802408164583,0.8159064403144382,-1383899903.7855055,0.0030349873379884665,0.9542486790223966,0.6615395673111479,0.7368842665250208,,,,,,,,0.04575132097760326
658b7311-8759-4009-be67-490e6db4d241,BernoulliNB,PREPROCESSING,REWEIGHTER,REWEIGHTER_ROS,0.7548624854978503,0.861095265259555,0.41793489387838667,0.861095265259555,0.7214497174127568,0.49297844546048336,3506.0,0.2451375145021497,-0.0757818262772959,0.7041485061418785,0.5070215545395167,0.060617888667789166,1.120887898491,0.13890473474044496,0.08179684880992291,1.621656050955414,0.057099308242466874,-0.017498664973492152,0.7098554693442872,0.2785502825872432,-0.1241013178978343,0.584607783851295,0.07673747819640851,0.13890473474044496,0.2785502825872432,0.7214497174127568,0.861095265259555,0.9429006917575331,487.0,3105.0,487.0,3105.0,8042.0,8529.0,6124.0,8042.0,3019.0,0.49297844546048336,0.10294908335387859,-0.10294908335387859,0.02142218831175297,0.00022945507603210272,0.00023284501107755643,0.02142218831175297,0.00022945507603210272,0.00023284501107755643,0.3917587987433301,-0.030072584097019295,0.5967215330600714,-0.08179684880992288,0.1241013178978343,-0.039058276820640656,-0.1790345158244972,0.08484587337819245,0.7214497174127568,0.861095265259555,-0.08179684880992288,0.23926840919948134,[0.7590664],11147.0,-0.10738356521753481,0.5459708445166045,0.6269989615784008,0.503903963506829,0.2451375145021497,0.7912724913361558,0.791272491336156,0.8727332690023532,-350904825.19905084,0.042304469087911384,0.9182031511900771,0.7256339382285784,0.7801743604155577,30.996723651885986,130.6,0.0,174349.3312346697,0.0,726455.5468111237,62.75768751618319,0.08179684880992288
658b7311-8759-4009-be67-490e6db4d241,BaggingClassifier,PREPROCESSING,REWEIGHTER,HYPERPARAMETER_ROS,0.8525899133283287,0.7390188248716486,0.2617893946632089,0.7390188248716486,0.888310756257289,0.6754431699687174,3506.0,0.14741008667167133,-0.05211723880004793,0.6637216389841318,0.3245568300312826,0.030994122670417457,1.0962708690903418,0.2609811751283514,0.08063550596235808,1.3177636234961074,0.08458907275584727,-0.03175059939660312,0.6467843812805053,0.11168924374271104,-0.05838596777107473,0.5182512367465346,0.07025154660476195,0.2609811751283514,0.11168924374271104,0.888310756257289,0.7390188248716486,0.9154109272441527,915.0,1245.0,915.0,1245.0,9902.0,10817.0,3836.0,9902.0,2591.0,0.6754431699687174,0.06951073686671644,-0.06951073686671644,0.007376399095339576,2.7205631806863257e-05,2.734155445144371e-05,0.007376399095339576,2.7205631806863257e-05,2.734155445144371e-05,0.3748374223707178,0.06759334492509783,0.540868600916919,-0.08063550596235813,0.08063550596235813,-0.03137236103351029,-0.128787017325045,0.09292185161638944,0.888310756257289,0.7390188248716486,-0.08063550596235813,0.23926840919948134,[0.7590664],11147.0,-0.10738356521753481,0.5459708445166045,0.705802233723781,0.608818736006758,0.14741008667167133,0.8136647905644687,0.8136647905644687,0.8702232297191075,-175396961.18944016,-0.02224953819128335,0.919364494037642,0.722028702800613,0.7776693070915521,22.692673683166504,140.9,0.0,174583.6012242794,0.0,727431.6717678308,62.84201386660983,0.08063550596235813
658b7311-8759-4009-be67-490e6db4d241,RandomForestClassifier,PREPROCESSING,REWEIGHTER,HYPERPARAMETER_ROS,0.7986077936258786,0.8736451796919567,0.38019518187401896,0.8736451796919567,0.7750067282676953,0.5498115239633818,3506.0,0.20139220637412136,-0.05207763423958267,0.7507755860846261,0.4501884760366182,0.0755735206356265,1.170668503250357,0.12635482030804335,0.043111361205561666,1.3519474807369638,0.04877780224620128,-0.019346624033419885,0.6290495130983405,0.22499327173230466,-0.08316217547016752,0.6513614458725951,0.06972801436368431,0.12635482030804335,0.22499327173230466,0.7750067282676953,0.8736451796919567,0.9512221977537987,443.0,2508.0,443.0,2508.0,8639.0,9082.0,5571.0,8639.0,3063.0,0.5498115239633818,0.06313676833786461,-0.06313676833786461,0.011887381842607512,7.065492353597738e-05,7.122708065710361e-05,0.011887381842607512,7.065492353597738e-05,7.122708065710361e-05,0.37343811900684243,-0.09476533249240726,0.6365864818472498,-0.043111361205561693,0.08316217547016752,-0.047460072334523165,-0.14587030946613505,0.0761281402252382,0.7750067282676953,0.8736451796919567,-0.043111361205561693,0.23926840919948134,[0.7590664],11147.0,-0.10738356521753481,0.5459708445166045,0.6748925856560538,0.5700846248970187,0.20139220637412136,0.824325953979826,0.824325953979826,0.8763712307711394,-187125922.4169478,0.040050814264605855,0.9568886387944383,0.7615140779414508,0.8171268911977047,,,,,,,,0.043111361205561693
658b7311-8759-4009-be67-490e6db4d241,GradientBoostingClassifier,PREPROCESSING,REWEIGHTER,HYPERPARAMETER_ROS,0.8403739848495189,0.8439817455790074,0.3242339452671808,0.8439817455790074,0.8392392571992464,0.6228162492106925,3506.0,0.15962601515048114,-0.03728360570719724,0.7740977852554726,0.3771837507893075,0.08939032980374417,1.242956869581459,0.1560182544209926,-0.006960075347604677,0.9555668789808918,0.05524136538073116,-0.03178501094435581,0.47459376908979845,0.16076074280075356,-0.043949903114848754,0.7382638826625599,0.06473552438751991,0.1560182544209926,0.16076074280075356,0.8392392571992464,0.8439817455790074,0.9447586346192688,547.0,1792.0,547.0,1792.0,9355.0,9902.0,4751.0,9355.0,2959.0,0.6228162492106925,0.025454989231226716,-0.01849491388362204,0.0005161392194238127,1.331998469137113e-07,1.3324601019889285e-07,0.0005161392194238127,1.331998469137113e-07,1.3324601019889285e-07,0.3598208565036771,-0.16016291089544765,0.6795553879712742,0.006960075347604677,0.043949903114848754,-0.06058767037404994,-0.10897266070187983,0.07471291067434963,0.8392392571992464,0.8439817455790074,0.006960075347604677,0.23926840919948134,[0.7590664],11147.0,-0.10738356521753481,0.5459708445166045,0.716725202858181,0.6227191030328659,0.15962601515048114,0.8416105013891269,0.8416105013891269,0.8571760151358708,-241815415.9870478,0.03698982776724408,0.9930399246523954,0.7751653677385553,0.8363293708443107,75.38186359405518,160.20000000000002,0.0,176039.67747385503,0.0,733498.6561410626,63.366133905519575,0.006960075347604677
658b7311-8759-4009-be67-490e6db4d241,XGBClassifier,PREPROCESSING,REWEIGHTER,REWEIGHTER_RUS,0.825769467003344,0.856531660011409,0.34484405923701633,0.856531660011409,0.816094016327263,0.5943004155946963,3506.0,0.17423053299665603,-0.034586970189617317,0.8070524656326203,0.4056995844053038,0.09889123224321161,1.2501008985279436,0.143468339988591,0.010322382389093748,1.0724154826065653,0.052395833333333336,-0.02695248085468108,0.526287935395858,0.18390598367273706,-0.04856242745421718,0.7468242608923158,0.06671220088401175,0.143468339988591,0.18390598367273706,0.816094016327263,0.856531660011409,0.9476041666666667,503.0,2050.0,503.0,2050.0,9097.0,9600.0,5053.0,9097.0,3003.0,0.5943004155946963,0.029442404921655424,-0.029442404921655424,0.002236979892245665,2.5020395191557137e-06,2.50580587663439e-06,0.002236979892245665,2.5020395191557137e-06,2.50580587663439e-06,0.36527305097423146,-0.16590165358266096,0.6835064971581709,-0.010322382389093665,0.04856242745421718,-0.06292185654894634,-0.11440163584836793,0.07505998870741254,0.816094016327263,0.856531660011409,-0.010322382389093665,0.23926840919948134,[0.7590664],11147.0,-0.10738356521753481,0.5459708445166045,0.7017174903610235,0.6037374728758972,0.17423053299665603,0.836312838169336,0.836312838169336,0.8609358993918963,-282958926.2463352,0.038240045065123435,0.9896776176109064,0.771434076167234,0.8326385108638517,,,,,,,,0.010322382389093665
658b7311-8759-4009-be67-490e6db4d241,GradientBoostingClassifier,PREPROCESSING,REWEIGHTER,REWEIGHTER_RUS,0.8207193066266294,0.8533941814033086,0.3483928205828158,0.8533941814033086,0.8104422714631739,0.5860920666013713,3506.0,0.1792806933733706,-0.03664877010587775,0.8014752608970532,0.4139079333986288,0.09702224994801412,1.2401956241956242,0.1466058185966914,0.0208682534361381,1.1441806601042268,0.05383326351068286,-0.025738147079431332,0.557437574893934,0.18955772853682606,-0.05333902481936617,0.7309406596679324,0.06802894332428161,0.1466058185966914,0.18955772853682606,0.8104422714631739,0.8533941814033086,0.9461667364893172,514.0,2113.0,514.0,2113.0,9034.0,9548.0,5105.0,9034.0,2992.0,0.5860920666013713,0.03710363912775212,-0.03710363912775212,0.0037236355731112415,6.932730940669742e-06,6.950135018673692e-06,0.0037236355731112415,6.932730940669742e-06,6.950135018673692e-06,0.36886025354944824,-0.15236226062794178,0.6743125193573464,-0.020868253436138073,0.05333902481936617,-0.06138019851372273,-0.11910321473517677,0.0766678534576984,0.8104422714631739,0.8533941814033086,-0.020868253436138073,0.23926840919948134,[0.7590664],11147.0,-0.10738356521753481,0.5459708445166045,0.6949250958076878,0.5944180312294389,0.1792806933733706,0.8319182264332412,0.8319182264332412,0.8627854200906198,-208466952.28191242,0.03247077138322807,0.9791317465638619,0.7660500544069639,0.8259665210771211,32.78815150260925,123.89999999999999,0.0,274805.71459097863,0.0,1145023.8107957442,98.91733476596568,0.020868253436138073
658b7311-8759-4009-be67-490e6db4d241,AdaBoostClassifier,PREPROCESSING,REWEIGHTER,REWEIGHTER_RUS,0.81628335494438,0.8351397604107245,0.34409335972155874,0.8351397604107245,0.810352561227236,0.5807219357397858,3506.0,0.18371664505562002,-0.02480273103447861,0.8675918996266794,0.4192780642602142,0.12294893861158923,1.303111739745403,0.16486023958927554,-0.006177865044777547,0.9626519976838448,0.06013942357715118,-0.033787878139449216,0.48537478030785874,0.18964743877276397,-0.03172814534307736,0.8371358347956007,0.07075330710830394,0.16486023958927554,0.18964743877276397,0.810352561227236,0.8351397604107245,0.9398605764228488,578.0,2114.0,578.0,2114.0,9033.0,9611.0,5042.0,9033.0,2928.0,0.5807219357397858,0.018953005193927466,-0.012775140149149891,0.004001372183823656,8.00548967673885e-06,7.984101829602618e-06,0.004001372183823656,8.00548967673885e-06,7.984101829602618e-06,0.3761736490194494,-0.23846854879912582,0.7349936251451188,0.006177865044777575,0.03172814534307736,-0.0783684083755192,-0.09483859566429076,0.08133886888650944,0.810352561227236,0.8351397604107245,0.006177865044777575,0.23926840919948134,[0.7590664],11147.0,-0.10738356521753481,0.5459708445166045,0.685072531586336,0.5796826842160984,0.18371664505562002,0.8227461608189802,0.8227461608189802,0.8332568583306177,-147662782.8265202,0.02555028029829981,0.9938221349552223,0.7526992287917739,0.8189292563774435,,,,,,,,0.006177865044777575
658b7311-8759-4009-be67-490e6db4d241,RandomForestClassifier,PREPROCESSING,REWEIGHTER,REWEIGHTER_RUS,0.8130758206510612,0.8268682258984598,0.34334266020610116,0.8268682258984598,0.8087377769803534,0.5762273901808785,3506.0,0.1869241793489388,-0.05878081861126305,0.6992765636080643,0.42377260981912146,0.05757741483746409,1.1376417570445205,0.1731317741015402,0.03370887409606821,1.1981560333603125,0.06308459779671587,-0.029389569238153973,0.568628237885659,0.19126222301964654,-0.07906743466303923,0.6126733331887233,0.07222954297796037,0.1731317741015402,0.19126222301964654,0.8087377769803534,0.8268682258984598,0.9369154022032842,607.0,2132.0,607.0,2132.0,9015.0,9622.0,5031.0,9015.0,2899.0,0.5762273901808785,0.05638815437955369,-0.05638815437955369,0.010274195782677293,5.277954949039193e-05,5.314819136714227e-05,0.010274195782677293,5.277954949039193e-05,5.314819136714227e-05,0.38007773672752887,-0.06226863750211953,0.6161589344957735,-0.03370887409606815,0.07906743466303923,-0.043483492037809005,-0.13957299683058505,0.08368408115492312,0.8087377769803534,0.8268682258984598,-0.03370887409606815,0.23926840919948134,[0.7590664],11147.0,-0.10738356521753481,0.5459708445166045,0.6791612978798173,0.5711012512447949,0.1869241793489388,0.8178030014394065,0.8178030014394067,0.8639174033366342,-531008963.0251213,0.04535856056697102,0.9662911259039317,0.7457714322464466,0.8071738111617459,34.50367712974548,154.79999999999998,0.0,275873.6154066086,0.0,1149473.397527536,99.3017296197399,0.03370887409606815
658b7311-8759-4009-be67-490e6db4d241,BaggingClassifier,PREPROCESSING,REWEIGHTER,REWEIGHTER_RUS,0.8156009008394185,0.7857957786651455,0.3211629017948543,0.7857957786651455,0.8249753296851171,0.5854228644283893,3506.0,0.1843990991605815,-0.05692559248197426,0.7045436716766491,0.4145771355716107,0.0654323865673026,1.1603623594401196,0.21420422133485453,-0.004407914691186565,0.9794597610302664,0.07550015079923596,-0.04283264651904708,0.481693712414042,0.17502467031488292,-0.0623042961273098,0.6635279563309866,0.07590476081602371,0.21420422133485453,0.17502467031488292,0.8249753296851171,0.7857957786651455,0.924499849200764,751.0,1951.0,751.0,1951.0,9196.0,9947.0,4706.0,9196.0,2755.0,0.5854228644283893,0.03335610540924821,-0.028948190718061588,0.003106273380682766,4.82446715776917e-06,4.834562712162579e-06,0.003106273380682766,4.82446715776917e-06,4.834562712162579e-06,0.38962741386104677,-0.12223794996810566,0.6542366809500334,0.004407914691186621,0.0623042961273098,-0.05413251654317487,-0.1169201258524919,0.09189507221975815,0.8249753296851171,0.7857957786651455,0.004407914691186621,0.23926840919948134,[0.7590664],11147.0,-0.10738356521753481,0.5459708445166045,0.6709693132001948,0.5580735264965107,0.1843990991605815,0.8053855541751314,0.8053855541751314,0.8287000087989648,-1367452012.8682654,0.05789638143612323,0.9955920853088133,0.7238570677877036,0.7963043331241227,,,,,,,,0.004407914691186621
658b7311-8759-4009-be67-490e6db4d241,BernoulliNB,PREPROCESSING,REWEIGHTER,REWEIGHTER_RUS,0.7540435405718965,0.8576725613234455,0.4171159489524329,0.8576725613234455,0.7214497174127568,0.4919829842931937,3506.0,0.2459564594281035,-0.07673998660945813,0.7015243502183685,0.5080170157068062,0.06065800361920182,1.1207079069514942,0.14232743867655448,0.09552743323276344,1.7141067140022972,0.05842407212270226,-0.015583446126081785,0.7457745065239211,0.2785502825872432,-0.12739192966173443,0.5743567892576779,0.0772446033819351,0.14232743867655448,0.2785502825872432,0.7214497174127568,0.8576725613234455,0.9415759278772977,499.0,3105.0,499.0,3105.0,8042.0,8541.0,6112.0,8042.0,3007.0,0.4919829842931937,0.1114596814472489,-0.1114596814472489,0.022794601476243837,0.00025979692823038884,0.00026388833041140976,0.022794601476243837,0.00025979692823038884,0.00026388833041140976,0.39305115031490523,-0.012558751882951191,0.5863522821212777,-0.09552743323276336,0.12739192966173443,-0.03812072487264177,-0.18357186330005898,0.08571420787597483,0.7214497174127568,0.8576725613234455,-0.09552743323276336,0.23926840919948134,[0.7590664],11147.0,-0.10738356521753481,0.5459708445166045,0.6252859222291537,0.5010824534770341,0.2459564594281035,0.7895611393681011,0.7895611393681011,0.8775653724451965,-352339026.2028342,0.03186449642897099,0.9044725667672365,0.7232711966325917,0.7750273322547417,29.96084761619568,212.2,0.0,277596.0574667931,0.0,1156650.2394449713,99.92172901871835,0.09552743323276336
658b7311-8759-4009-be67-490e6db4d241,BaggingClassifier,PREPROCESSING,REWEIGHTER,HYPERPARAMETER_RUS,0.8149866921449532,0.8616657159155733,0.35808366887326826,0.8616657159155733,0.800305014802189,0.5757575757575758,3506.0,0.18501330785504677,-0.05654511116955108,0.7073673668233645,0.42424242424242425,0.05747847393577554,1.1372103991646396,0.1383342840844267,0.054439442555433176,1.4079124428097247,0.05156283223474378,-0.018936833921010872,0.6548695338903089,0.19969498519781106,-0.08584969045164659,0.5982200043657142,0.06826306035398381,0.1383342840844267,0.19969498519781106,0.800305014802189,0.8616657159155733,0.9484371677652562,485.0,2226.0,485.0,2226.0,8921.0,9406.0,5247.0,8921.0,3021.0,0.5757575757575758,0.07014456650353984,-0.07014456650353984,0.013840203814513218,9.577562081363312e-05,9.66808768604077e-05,0.013840203814513218,9.577562081363312e-05,9.66808768604077e-05,0.3694944122824696,-0.03875781847835502,0.6018515814028759,-0.05443944255543309,0.08584969045164659,-0.038207653928393204,-0.15132437500178142,0.07596264462322386,0.800305014802189,0.8616657159155733,-0.05443944255543309,0.23926840919948134,[0.7590664],11147.0,-0.10738356521753481,0.5459708445166045,0.6902776191020221,0.5890683979031799,0.18501330785504677,0.8309853653588812,0.8309853653588811,0.8892744735827655,-186362234.75816327,0.03141024789621341,0.9455605574445669,0.7665080875356803,0.8181500420089297,14.532701969146729,222.6,0.0,277747.52261934284,0.0,1157281.3442472618,99.97624946136067,0.05443944255543309
658b7311-8759-4009-be67-490e6db4d241,RandomForestClassifier,PREPROCESSING,REWEIGHTER,HYPERPARAMETER_RUS,0.7943083327646215,0.8841985168282943,0.38954480311199075,0.8841985168282943,0.7660357046739033,0.5430974071478627,3506.0,0.20569166723537846,-0.05326112051802767,0.7504518244041233,0.45690259285213736,0.07461555111050233,1.1659519446330733,0.11580148317170565,0.044208850150854836,1.3952791307605845,0.045388485187255447,-0.01724942702363931,0.6437534301252308,0.2339642953260967,-0.08729676848758797,0.6482498084947449,0.06919496664845362,0.11580148317170565,0.2339642953260967,0.7660357046739033,0.8841985168282943,0.9546115148127445,406.0,2608.0,406.0,2608.0,8539.0,8945.0,5708.0,8539.0,3100.0,0.5430974071478627,0.06575280931922141,-0.06575280931922141,0.012953341751576803,8.389453126657139e-05,8.463583333158248e-05,0.012953341751576803,8.389453126657139e-05,8.463583333158248e-05,0.37200797477595454,-0.09399480171535035,0.6361082713968631,-0.04420885015085485,0.08729676848758797,-0.04593248906707082,-0.14966514644161277,0.07450119658337187,0.7660357046739033,0.8841985168282943,-0.04420885015085485,0.23926840919948134,[0.7590664],11147.0,-0.10738356521753481,0.5459708445166045,0.6728890818319948,0.5688825655667025,0.20569166723537846,0.8251171107510988,0.8251171107510988,0.8793708788003428,-186844906.14297435,0.04308791833673313,0.9557911498491451,0.7642055959571059,0.8189224711722757,,,,,,,,0.04420885015085485
658b7311-8759-4009-be67-490e6db4d241,GradientBoostingClassifier,PREPROCESSING,REWEIGHTER,HYPERPARAMETER_RUS,0.832866989694943,0.8625213918996006,0.3406128437862554,0.8625213918996006,0.8235399659101104,0.605890603085554,3506.0,0.167133010305057,-0.028481117100634168,0.8337074542804931,0.394109396914446,0.10773953733942493,1.2814845138797732,0.1374786081003993,0.009905336589882352,1.0725179687956525,0.049886151935417095,-0.025404810452420573,0.5304188820273913,0.17646003408988967,-0.04098454442724403,0.776203763256266,0.06466098318166431,0.1374786081003993,0.17646003408988967,0.8235399659101104,0.8625213918996006,0.9501138480645829,482.0,1967.0,482.0,1967.0,9180.0,9662.0,4991.0,9180.0,3024.0,0.605890603085554,0.02544494050856319,-0.02544494050856319,0.0006615627495107583,2.1883263577011718e-07,2.1892986306191887e-07,0.0006615627495107583,2.1883263577011718e-07,2.1892986306191887e-07,0.35961363484068376,-0.17969037421628875,0.6929975168275565,-0.009905336589882352,0.04098454442724403,-0.06657217389592272,-0.10945114079886298,0.07243854831711974,0.8235399659101104,0.8625213918996006,-0.009905336589882352,0.23926840919948134,[0.7590664],11147.0,-0.10738356521753481,0.5459708445166045,0.7117806284571025,0.6176189510566414,0.167133010305057,0.8430306789048555,0.8430306789048555,0.8644815443764833,-245601002.60622594,0.031079207837361678,0.9900946634101176,0.7799342317364111,0.8393197307336151,42.45219159126282,232.7,0.0,278176.6054323912,0.0,1159069.1893016302,100.13069940911305,0.009905336589882352
658b7311-8759-4009-be67-490e6db4d241,XGBClassifier,PREPROCESSING,REWEIGHTER,REWEIGHTER_FOS,0.874087217634614,0.6543069024529378,0.19975431652221387,0.6543069024529378,0.9432134206512963,0.7837376153057738,3506.0,0.12591278236538594,-0.044551155065505776,0.6634748696981941,0.21626238469422618,0.08747011602522739,1.4225032541587552,0.3456930975470622,-0.04389157607394284,0.8744606533799054,0.10336005457956678,-0.05991174180150558,0.4682027649769585,0.05678657934870369,-0.007941984628264488,0.8632571945554166,0.06739671904946938,0.3456930975470622,0.05678657934870369,0.9432134206512963,0.6543069024529378,0.8966399454204332,1212.0,633.0,1212.0,633.0,10514.0,11726.0,2927.0,10514.0,2294.0,0.7837376153057738,0.025916780351103636,0.017974795722839148,0.015953872916152113,0.00012726303051236595,0.00012592726965475446,0.015953872916152113,0.00012726303051236595,0.00012592726965475446,0.3671422586667718,-0.18217669017130778,0.6943144993596739,0.043891576073942784,0.043891576073942784,-0.07369092891336652,-0.06390008309456832,0.10266671023622116,0.9432134206512963,0.6543069024529378,0.043891576073942784,0.23926840919948134,[0.7590664],11147.0,-0.10738356521753481,0.5459708445166045,0.7131975750038863,0.6376044384396912,0.12591278236538594,0.798760161552117,0.798760161552117,0.7844026108166757,-275255607.7534947,-0.03594959144567835,0.9561084239260572,0.6824841948679806,0.7544555736859828,,,,,,,,0.043891576073942784
658b7311-8759-4009-be67-490e6db4d241,GradientBoostingClassifier,PREPROCESSING,REWEIGHTER,REWEIGHTER_FOS,0.8692417934893878,0.6100969766115231,0.18344366341363544,0.6100969766115231,0.9507490804700817,0.7957589285714286,3506.0,0.1307582065106122,-0.04197700865254639,0.6932788469285351,0.20424107142857142,0.09999513050253214,1.515113508089803,0.3899030233884769,-0.0015025621378286225,0.9961476479165069,0.11424989552862516,-0.05747240518607974,0.5333886974932579,0.04925091952991836,-0.0061800446108594,0.8770316070180385,0.07159088169216184,0.3899030233884769,0.04925091952991836,0.9507490804700817,0.6100969766115231,0.8857501044713748,1367.0,549.0,1367.0,549.0,10598.0,11965.0,2688.0,10598.0,2139.0,0.7957589285714286,0.0038413033743440114,-0.002338741236515389,0.015762928011225745,0.00012423494974354263,0.0001229462775843862,0.015762928011225745,0.00012423494974354263,0.0001229462775843862,0.3783936619240915,-0.13513863458435926,0.6622765406138503,0.0015025621378286225,0.0061800446108594,-0.0787337678443059,-0.06515010203424926,0.1124543651600289,0.9507490804700817,0.6100969766115231,0.0015025621378286225,0.23926840919948134,[0.7590664],11147.0,-0.10738356521753481,0.5459708445166045,0.6906683887633194,0.6182407735239996,0.1307582065106122,0.7804230285408025,0.7804230285408024,0.7822482360595768,-196514811.35244715,0.004677482473030778,0.9984974378621714,0.6478873239436619,0.7337723771542581,34.484742641448975,109.29999999999998,0.0,176916.1737644434,0.0,737150.7240185142,63.68163199159942,0.0015025621378286225
658b7311-8759-4009-be67-490e6db4d241,AdaBoostClassifier,PREPROCESSING,REWEIGHTER,REWEIGHTER_FOS,0.8626219886712618,0.6089560752994866,0.18951750494779226,0.6089560752994866,0.942406028527855,0.768815268275117,3506.0,0.13737801132873817,-0.03598336848488104,0.747673176425168,0.23118473172488296,0.146330805775694,1.6815862106451984,0.3910439247005134,-0.030739667640438728,0.9219403189273824,0.11544291007073089,-0.06217496781425981,0.5024024055597027,0.05759397147214497,0.00557228364382633,1.098299718268785,0.07469924763320987,0.3910439247005134,0.05759397147214497,0.942406028527855,0.6089560752994866,0.8845570899292691,1371.0,642.0,1371.0,642.0,10505.0,11876.0,2777.0,10505.0,2135.0,0.768815268275117,0.0181559756421325,0.0181559756421325,0.02138258032113139,0.00022860737059481767,0.00022541260238190524,0.02138258032113139,0.00022860737059481767,0.00022541260238190524,0.3865210152972536,-0.2556306456937423,0.7472587886514612,0.030739667640438673,0.030739667640438673,-0.1042528867949769,-0.04972487581945062,0.11494960732598383,0.942406028527855,0.6089560752994866,0.030739667640438673,0.23926840919948134,[0.7590664],11147.0,-0.10738356521753481,0.5459708445166045,0.6796116504854369,0.6002039303455133,0.13737801132873817,0.7756810519136709,0.7756810519136708,0.7615978056290624,-146305348.77040163,-0.0251673839966124,0.9692603323595613,0.6423467468973298,0.723711592372551,,,,,,,,0.030739667640438673
658b7311-8759-4009-be67-490e6db4d241,RandomForestClassifier,PREPROCESSING,REWEIGHTER,REWEIGHTER_FOS,0.8557292022111513,0.6212207644038791,0.2022793967105712,0.6212207644038791,0.9294877545527944,0.7348178137651822,3506.0,0.14427079778884866,-0.05503890022936142,0.6385384444297207,0.2651821862348178,0.02178881270940114,1.082736540567866,0.3787792355961209,0.05968743514838054,1.1598341384174755,0.11361108734707845,-0.04918062656309989,0.5952913037269741,0.07051224544720552,-0.037499630998052855,0.5105642566799591,0.07704557185803239,0.3787792355961209,0.07051224544720552,0.9294877545527944,0.6212207644038791,0.8863889126529215,1328.0,786.0,1328.0,786.0,10361.0,11689.0,2964.0,10361.0,2178.0,0.7348178137651822,0.04859353307321667,-0.04859353307321667,0.002765029067477021,3.822692871996422e-06,3.815624662174809e-06,0.002765029067477021,3.822692871996422e-06,3.815624662174809e-06,0.392544448076985,0.06969695051712743,0.5395067847587511,-0.059687435148380485,0.059687435148380485,-0.035484719636250515,-0.09982745763174629,0.11490875308308014,0.9294877545527944,0.6212207644038791,-0.059687435148380485,0.23926840919948134,[0.7590664],11147.0,-0.10738356521753481,0.5459708445166045,0.6732612055641422,0.5848964320900217,0.14427079778884866,0.7753542594783367,0.7753542594783367,0.8130314623297565,-636582754.9224184,-0.022187804150327686,0.9403125648516195,0.6461949265687584,0.7214109377766066,33.922104835510254,119.59999999999998,0.0,177266.05417571068,0.0,738608.5590654612,63.80757274148845,0.059687435148380485
658b7311-8759-4009-be67-490e6db4d241,BaggingClassifier,PREPROCESSING,REWEIGHTER,REWEIGHTER_FOS,0.8510885142974135,0.596406160867085,0.19504538319797993,0.596406160867085,0.9311922490356149,0.731630510846746,3506.0,0.1489114857025865,-0.05662161997954063,0.6396701378944273,0.26836948915325404,0.05129085809147632,1.1946345172151622,0.403593839132915,0.007945819963922574,1.0197224395994098,0.11996608732513778,-0.06003619506963988,0.536143363754322,0.06880775096438503,-0.026249912915540477,0.6408149745926338,0.08043473533767523,0.403593839132915,0.06880775096438503,0.9311922490356149,0.596406160867085,0.8800339126748622,1415.0,767.0,1415.0,767.0,10380.0,11795.0,2858.0,10380.0,2091.0,0.731630510846746,0.017097866439731498,-0.017097866439731498,0.010161600928910565,5.162906671921802e-05,5.1281444379290824e-05,0.010161600928910565,5.162906671921802e-05,5.1281444379290824e-05,0.4010853658204827,-0.05901377371077965,0.6137152141291635,-0.007945819963922518,0.026249912915540477,-0.05566352658055807,-0.07982314163475923,0.12115269572382018,0.9311922490356149,0.596406160867085,-0.007945819963922518,0.23926840919948134,[0.7590664],11147.0,-0.10738356521753481,0.5459708445166045,0.6571338780641106,0.5680784956711987,0.1489114857025865,0.76379920495135,0.76379920495135,0.7768585417443813,-1341619473.5178905,0.018304092951617904,0.9920541800360774,0.625299043062201,0.713185524840571,,,,,,,,0.007945819963922518
658b7311-8759-4009-be67-490e6db4d241,BernoulliNB,PREPROCESSING,REWEIGHTER,REWEIGHTER_FOS,0.8073432061693852,0.739874500855676,0.3074455742851293,0.739874500855676,0.8285637391226339,0.5758046614872364,3506.0,0.19265679383061485,-0.06823569484026093,0.663151816247762,0.4241953385127636,0.04255183413078151,1.1011679053541634,0.26012549914432403,0.09906533850549937,1.394284988166526,0.08986992510839574,-0.03259447628161784,0.658652111858718,0.1714362608773661,-0.08894972008988296,0.5215684219718802,0.08238749487397411,0.26012549914432403,0.1714362608773661,0.8285637391226339,0.739874500855676,0.9101300748916042,912.0,1911.0,912.0,1911.0,9236.0,10148.0,4505.0,9236.0,2594.0,0.5758046614872364,0.09400752929769121,-0.09400752929769121,0.014349732146166607,0.00010295740633336364,0.00010396703029909017,0.014349732146166607,0.00010295740633336364,0.00010396703029909017,0.40592485726787936,0.065880814476458,0.5419098452823206,-0.09906533850549948,0.09906533850549948,-0.037573155206199645,-0.1508800613390632,0.10330325797933666,0.8285637391226339,0.739874500855676,-0.09906533850549948,0.23926840919948134,[0.7590664],11147.0,-0.10738356521753481,0.5459708445166045,0.6476095368867807,0.5255700584046928,0.19265679383061485,0.7842191199891551,0.784219119989155,0.8579416218873452,-324474706.4755286,-0.01011561841561641,0.9009346614945006,0.6906742994075751,0.7489366411265697,30.752636671066284,130.09999999999997,0.0,177589.52092323304,0.0,739956.3371801376,63.92400579528411,0.09906533850549948
658b7311-8759-4009-be67-490e6db4d241,BaggingClassifier,PREPROCESSING,REWEIGHTER,HYPERPARAMETER_FOS,0.8628949703132465,0.5707358813462635,0.17095475329284104,0.5707358813462635,0.954786041087288,0.7988023952095809,3506.0,0.13710502968675353,-0.04940275122680371,0.6575981979167184,0.20119760479041915,0.03224942232343192,1.1624493927125508,0.4292641186537364,0.06720024583752376,1.158773637833735,0.12388870595982877,-0.05193472057282508,0.6068568561818785,0.04521395891271194,-0.022417842454471065,0.541220820646658,0.07628586180843333,0.4292641186537364,0.04521395891271194,0.954786041087288,0.5707358813462635,0.8761112940401712,1505.0,504.0,1505.0,504.0,10643.0,12148.0,2505.0,10643.0,2001.0,0.7988023952095809,0.04480904414599739,-0.04480904414599739,0.008197951056120513,3.360320075927371e-05,3.342022581780395e-05,0.008197951056120513,3.360320075927371e-05,3.342022581780395e-05,0.3906043056814232,0.08206230122478675,0.5326841042689906,-0.06720024583752371,0.06720024583752371,-0.042092071448128474,-0.08570940693820893,0.1219378162264601,0.954786041087288,0.5707358813462635,-0.06720024583752371,0.23926840919948134,[0.7590664],11147.0,-0.10738356521753481,0.5459708445166045,0.6657794044252204,0.59555179409624,0.13710502968675353,0.7627609612167757,0.7627609612167758,0.7969395508007817,-172883886.46395472,-0.0447824033830527,0.9327997541624764,0.6146049297396913,0.6934549248072359,19.74537467956543,140.19999999999996,0.0,177789.4225462675,0.0,740789.260609448,63.995961124871755,0.06720024583752371
658b7311-8759-4009-be67-490e6db4d241,RandomForestClassifier,PREPROCESSING,REWEIGHTER,HYPERPARAMETER_FOS,0.8592097181464546,0.5365088419851682,0.15826110694055825,0.5365088419851682,0.9607069166591908,0.8111254851228978,3506.0,0.14079028185354536,-0.0520658203792167,0.64904610633514,0.1888745148771022,0.07874554628077596,1.4346587937186894,0.4634911580148317,0.0016222882045879294,1.003501246753918,0.1317496351548565,-0.06501400285782483,0.5414292915396697,0.039293083340809186,-0.008106057654045033,0.8004070447821946,0.07946745822920549,0.4634911580148317,0.039293083340809186,0.9607069166591908,0.5365088419851682,0.8682503648451435,1625.0,438.0,1625.0,438.0,10709.0,12334.0,2319.0,10709.0,1881.0,0.8111254851228978,0.004864172929316454,-0.004864172929316454,0.018010035621903675,0.00016218069155111967,0.00016026386143060627,0.018010035621903675,0.00016218069155111967,0.00016026386143060627,0.3986664225369513,-0.09861094779357393,0.6383098915369741,-0.001622288204587874,0.008106057654045033,-0.07187977456930042,-0.06041645695501838,0.1295682157193809,0.9607069166591908,0.5365088419851682,-0.001622288204587874,0.23926840919948134,[0.7590664],11147.0,-0.10738356521753481,0.5459708445166045,0.6458369098712446,0.5812025280799421,0.14079028185354536,0.7486078793221795,0.7486078793221795,0.7522492375034516,-174009538.73888242,0.006483769449457104,0.998377711795412,0.5861182519280206,0.679670172894394,,,,,,,,0.001622288204587874
658b7311-8759-4009-be67-490e6db4d241,GradientBoostingClassifier,PREPROCESSING,REWEIGHTER,HYPERPARAMETER_FOS,0.8747696717395755,0.6571591557330291,0.20043677062717533,0.6571591557330291,0.9432134206512963,0.7844739530132788,3506.0,0.12523032826042446,-0.03770762953354079,0.7115147512046031,0.21552604698672115,0.1144790968755178,1.5635728472123704,0.3428408442669709,-0.037260747409926076,0.8923653341787475,0.10259474223284397,-0.057998250079231435,0.4801152334526811,0.05678657934870369,-0.0013607611004641737,0.9761304086662939,0.06696062820544979,0.3428408442669709,0.05678657934870369,0.9432134206512963,0.6571591557330291,0.8974052577671561,1202.0,633.0,1202.0,633.0,10514.0,11716.0,2937.0,10514.0,2304.0,0.7844739530132788,0.019310754255195097,0.017949993154730923,0.017463158262326427,0.00015248094824752987,0.0001507323181375167,0.017463158262326427,0.00015248094824752987,0.0001507323181375167,0.3659525330024368,-0.21045924793014303,0.7142644234933825,0.03726074740992602,0.03726074740992602,-0.08623867347737463,-0.05975259301108521,0.10191216186783139,0.9432134206512963,0.6571591557330291,0.03726074740992602,0.23926840919948134,[0.7590664],11147.0,-0.10738356521753481,0.5459708445166045,0.7151947850380258,0.6398293354943646,0.12523032826042446,0.8001862881921628,0.8001862881921626,0.7858229497966038,-236294121.69595096,-0.0358999863094619,0.962739252590074,0.6849498327759197,0.7578389498154647,58.63745927810669,150.09999999999997,0.0,178370.3974792242,0.0,743209.9894967675,64.20508520374852,0.03726074740992602
658b7311-8759-4009-be67-490e6db4d241,XGBClassifier,PREPROCESSING,REWEIGHTER,REWEIGHTER_FAIR_SMOTE,0.3377465365454173,0.9814603536794068,0.8926499692895653,0.9814603536794068,0.13528303579438414,0.26307339449541284,3506.0,0.6622534634545827,-0.5703994314945365,0.2344960908660977,0.7369266055045871,-0.19297107826354698,0.7410233836077301,0.018539646320593267,0.2070063694267516,inf,0.04132231404958678,0.04132231404958678,inf,0.8647169642056158,-0.8308539944903581,0.16914600550964187,0.04304578646586314,0.018539646320593267,0.8647169642056158,0.13528303579438414,0.9814603536794068,0.9586776859504132,65.0,9639.0,65.0,9639.0,1508.0,1573.0,13080.0,1508.0,3441.0,0.26307339449541284,0.5189301819585548,-0.5189301819585548,0.1345879655361498,0.009056960233579924,0.010047652444804206,0.1345879655361498,0.009056960233579924,0.010047652444804206,0.29341365498511873,9.279838719796258,0.26115547205260686,-0.20700636942675155,0.8308539944903581,0.11714669615656685,-0.7388445279473932,0.048731073042163724,0.13528303579438414,0.9814603536794068,-0.20700636942675155,0.23926840919948134,[0.7590664],11147.0,-0.10738356521753481,0.5459708445166045,0.41492825274327744,0.16089739820991825,0.6622534634545827,0.5583716947368954,0.5583716947368954,0.8481276198872193,,0.6238476250636065,0.7929936305732485,0.5832697686244597,0.6396603146755258,,,,,,,,0.20700636942675155
658b7311-8759-4009-be67-490e6db4d241,GradientBoostingClassifier,PREPROCESSING,REWEIGHTER,REWEIGHTER_FAIR_SMOTE,0.3193202757114584,0.9974329720479178,0.9187197160990923,0.9974329720479178,0.10603749887862204,0.2597682365176051,3506.0,0.6806797242885416,-0.4325883125441894,0.41819845078356654,0.7402317634823949,-0.06309329657515861,0.9152793620730474,0.002567027952082145,0.028662420382165606,inf,0.007556675062972292,0.007685738684884714,inf,0.893962501121378,-0.6380772223658869,0.36055233686442684,0.038826669650536126,0.002567027952082145,0.893962501121378,0.10603749887862204,0.9974329720479178,0.9924433249370277,9.0,9965.0,9.0,9965.0,1182.0,1191.0,13462.0,1182.0,3497.0,0.2597682365176051,0.33336982137402627,-0.33336982137402627,0.0925435838073053,0.004282157451949871,0.004583835585556973,0.0925435838073053,0.004282157451949871,0.004583835585556973,0.2786634875635347,5.271249194536492,0.4506962469050768,-0.0286624203821656,0.6380772223658869,0.03538951763002166,-0.5484265513173843,0.0428894117322396,0.10603749887862204,0.9974329720479178,-0.0286624203821656,0.23926840919948134,[0.7590664],11147.0,-0.10738356521753481,0.5459708445166045,0.4121876473361622,0.16154395388509227,0.6806797242885416,0.5517352354632699,0.55173523546327,0.7356671123554167,-558108824.4898382,0.6094148019837213,0.9713375796178343,0.5833194328607172,0.6729231580682935,38.8498957157135,109.29999999999998,0.0,181844.13829841613,0.0,757683.909576734,65.45547107732341,0.0286624203821656
658b7311-8759-4009-be67-490e6db4d241,AdaBoostClassifier,PREPROCESSING,REWEIGHTER,REWEIGHTER_FAIR_SMOTE,0.3244386814986692,0.995436394751854,0.9126458745649355,0.995436394751854,0.11339373822553153,0.2609736035294997,3506.0,0.6755613185013307,-0.449131392479844,0.3937355508280268,0.7390263964705003,-0.07403673578493142,0.9004916905326477,0.004563605248146035,0.050955414012738856,inf,0.0125,0.013050570962479609,inf,0.8866062617744684,-0.6608801257322474,0.335273406624991,0.03966229751522893,0.004563605248146035,0.8866062617744684,0.11339373822553153,0.995436394751854,0.9875,16.0,9883.0,16.0,9883.0,1264.0,1280.0,13373.0,1264.0,3490.0,0.2609736035294997,0.35591776987249313,-0.35591776987249313,0.09774811819528545,0.0047773473053597465,0.005135616389285077,0.09774811819528545,0.0047773473053597465,0.005135616389285077,0.2816462231780463,4.339352984762344,0.4259794949871236,-0.05095541401273884,0.6608801257322474,0.04354365337370554,-0.5715454884629965,0.04391402281739956,0.11339373822553153,0.995436394751854,-0.05095541401273884,0.23926840919948134,[0.7590664],11147.0,-0.10738356521753481,0.5459708445166045,0.4135316073227087,0.16444274174765397,0.6755613185013307,0.5544150664886928,0.5544150664886928,0.7517412405370583,-196131923.07936314,0.6099247117195086,0.9490445859872613,0.5843204554016158,0.6701708193905044,,,,,,,,0.05095541401273884
658b7311-8759-4009-be67-490e6db4d241,RandomForestClassifier,PREPROCESSING,REWEIGHTER,REWEIGHTER_FAIR_SMOTE,0.3389067085238518,0.9797490017113519,0.8906708523851771,0.9797490017113519,0.1373463712209563,0.26319822235844,3506.0,0.6610932914761483,-0.5783844009637709,0.2237798716598514,0.7368017776415601,-0.20622992090480396,0.7232293689014397,0.020250998288648032,0.22611464968152867,inf,0.04431960049937578,0.04431960049937578,inf,0.8626536287790437,-0.8435261707988981,0.15647382920110192,0.043409765199836525,0.020250998288648032,0.8626536287790437,0.1373463712209563,0.9797490017113519,0.9556803995006242,71.0,9616.0,71.0,9616.0,1531.0,1602.0,13051.0,1531.0,3435.0,0.26319822235844,0.5348204102402134,-0.5348204102402134,0.13765597544276925,0.009474583787550147,0.01053991750686726,0.13765597544276925,0.009474583787550147,0.01053991750686726,0.29465154063685645,9.298101192086621,0.24753405354626584,-0.2261146496815286,0.8435261707988981,0.12527476070208987,-0.7524659464537342,0.04927214764441533,0.1373463712209563,0.9797490017113519,-0.2261146496815286,0.23926840919948134,[0.7590664],11147.0,-0.10738356521753481,0.5459708445166045,0.4149302409856858,0.16009270393586586,0.6610932914761483,0.558547686466154,0.5585476864661542,0.8572703892807048,-1478545433.3202941,0.6174115211173694,0.7738853503184714,0.5829691543977258,0.635203711813904,34.455549240112305,119.69999999999999,0.0,182202.96351299286,0.0,759179.0146374702,65.58463154229257,0.2261146496815286
658b7311-8759-4009-be67-490e6db4d241,BaggingClassifier,PREPROCESSING,REWEIGHTER,REWEIGHTER_FAIR_SMOTE,0.3320139220637412,0.9817455790074159,0.8985190745922337,0.9817455790074159,0.1276576657396609,0.2614309585295458,3506.0,0.6679860779362587,-0.4941243859230391,0.332065428030206,0.7385690414704542,-0.09861361547090408,0.8674466877142178,0.01825442099258414,0.1863316731318743,119.95414012738856,0.04303967720242098,-0.023091093303859257,0.6443971631205674,0.8723423342603391,-0.7366372291673309,0.25763513794929466,0.042383777484000115,0.01825442099258414,0.8723423342603391,0.1276576657396609,0.9817455790074159,0.956960322797579,64.0,9724.0,64.0,9724.0,1423.0,1487.0,13166.0,1423.0,3442.0,0.2614309585295458,0.46148445114960257,-0.46148445114960257,0.11654566807359933,0.006791446373360795,0.007416464447126258,0.11654566807359933,0.006791446373360795,0.007416464447126258,0.2911486818929466,4.127055416815732,0.33980643451956355,-0.18633167313187426,0.7366372291673309,0.03776126108352236,-0.6561345663953204,0.04808322800771548,0.1276576657396609,0.9817455790074159,-0.18633167313187426,0.23926840919948134,[0.7590664],11147.0,-0.10738356521753481,0.5459708445166045,0.41290786948176583,0.15457268452627435,0.6679860779362587,0.5547016223735384,0.5547016223735384,0.8106877961263849,-4574341651.742942,0.5503055560354566,0.8136683268681258,0.5813207228508698,0.6424748332854591,,,,,,,,0.18633167313187426
658b7311-8759-4009-be67-490e6db4d241,BernoulliNB,PREPROCESSING,REWEIGHTER,REWEIGHTER_FAIR_SMOTE,0.33255988534771036,0.9920136908157444,0.9028867808639869,0.9920136908157444,0.1251457791333991,0.26288737717309146,3506.0,0.6674401146522897,-0.4874405537797677,0.33974632321676285,0.7371126228269086,-0.10447821193117868,0.8594527363184079,0.007986309184255563,0.08917197452229299,inf,0.019676739283204497,0.020942408376963352,inf,0.8748542208666009,-0.7119965189832314,0.28138097391828737,0.04101904743308719,0.007986309184255563,0.8748542208666009,0.1251457791333991,0.9920136908157444,0.9803232607167955,28.0,9752.0,28.0,9752.0,1395.0,1423.0,13230.0,1395.0,3478.0,0.26288737717309146,0.40058424675276216,-0.40058424675276216,0.1088242921532113,0.005921363281323743,0.006424142777715901,0.1088242921532113,0.005921363281323743,0.006424142777715901,0.28642293006352404,3.9640468875653205,0.37457779312491885,-0.08917197452229297,0.7119965189832314,0.06271031015407098,-0.6211275478371334,0.0455910150422785,0.1251457791333991,0.9920136908157444,-0.08917197452229297,0.23926840919948134,[0.7590664],11147.0,-0.10738356521753481,0.5459708445166045,0.41563097514340347,0.16880293072447602,0.6674401146522897,0.5585797349745718,0.5585797349745718,0.7823379773607181,-1301672493.2009828,0.6228245444609384,0.910828025477707,0.585817753073943,0.6649034682276691,29.122124671936035,130.89999999999998,0.0,182529.4812746048,0.0,760539.5053108534,65.70216281990983,0.08917197452229297
658b7311-8759-4009-be67-490e6db4d241,BaggingClassifier,PREPROCESSING,REWEIGHTER,HYPERPARAMETER_FAIR_SMOTE,0.4919129188562069,0.9854535082715346,0.7403944584726677,0.9854535082715346,0.3366825154750157,0.31846253110885797,3506.0,0.5080870811437931,-0.3515571943109249,0.37128340688990097,0.6815374688911421,-0.09102950539658772,0.8675213014930038,0.014546491728465488,0.14143240266270773,76.24203821656052,0.013406940063091483,0.028195707707387375,12.001025290498973,0.6633174845249843,-0.5310529012999496,0.29172707232655004,0.05701653305279507,0.014546491728465488,0.6633174845249843,0.3366825154750157,0.9854535082715346,0.9865930599369085,51.0,7394.0,51.0,7394.0,3753.0,3804.0,10849.0,3753.0,3455.0,0.31846253110885797,0.3362426519813287,-0.3362426519813287,0.09222893018263367,0.004253087781316558,0.004551559556797857,0.09222893018263367,0.004253087781316558,0.004551559556797857,0.33768782344880327,0.7556729002413345,0.3847387085937489,-0.14143240266270773,0.5310529012999496,0.05961260655198757,-0.5002559669745972,0.05979013440859555,0.3366825154750157,0.9854535082715346,-0.14143240266270773,0.23926840919948134,[0.7590664],11147.0,-0.10738356521753481,0.5459708445166045,0.48136537791710204,0.3134794971304135,0.5080870811437931,0.6610680118732751,0.6610680118732751,0.8833472733255696,-408238660.9679062,0.3896204986372419,0.8585675973372923,0.6467917817194739,0.7047355585266093,24.700377225875854,140.99999999999997,0.0,182779.42801399232,0.0,761580.9500583013,65.79213207448103,0.14143240266270773
658b7311-8759-4009-be67-490e6db4d241,RandomForestClassifier,PREPROCESSING,REWEIGHTER,HYPERPARAMETER_FAIR_SMOTE,0.3192520303009623,0.9960068454078722,0.918105507404627,0.9960068454078722,0.10639633982237373,0.25957035605441164,3506.0,0.6807479696990377,-0.44310962407321197,0.4053252323303786,0.7404296439455883,-0.06805723108510031,0.9086638703268543,0.003993154592127781,0.044585987261146494,inf,0.011666666666666667,0.011666666666666667,inf,0.8936036601776263,-0.6534435261707989,0.34655647382920113,0.03901519102386157,0.003993154592127781,0.8936036601776263,0.10639633982237373,0.9960068454078722,0.9883333333333333,14.0,9961.0,14.0,9961.0,1186.0,1200.0,13453.0,1186.0,3492.0,0.25957035605441164,0.3490147567159727,-0.3490147567159727,0.09577186028285783,0.004586124611019622,0.004922102292727852,0.09577186028285783,0.004586124611019622,0.004922102292727852,0.27933918817044473,9.009274418953103,0.4363550962893377,-0.04458598726114649,0.6534435261707989,0.039861948875883464,-0.5636449037106623,0.04323515911249911,0.10639633982237373,0.9960068454078722,-0.04458598726114649,0.23926840919948134,[0.7590664],11147.0,-0.10738356521753481,0.5459708445166045,0.4118167344772687,0.15933024641804394,0.6807479696990377,0.5512015926151229,0.551201592615123,0.7435790823631468,-376745836.7371551,0.6088575389096524,0.9554140127388535,0.5827041007884527,0.6698012718296009,,,,,,,,0.04458598726114649
658b7311-8759-4009-be67-490e6db4d241,GradientBoostingClassifier,PREPROCESSING,REWEIGHTER,HYPERPARAMETER_FAIR_SMOTE,0.3309219954958029,0.9894466628636623,0.9032962533269637,0.9894466628636623,0.12380012559433032,0.2620882441825325,3506.0,0.6690780045041971,-0.5234290228519813,0.297532674432253,0.7379117558174675,-0.13417429546506665,0.8199315391765436,0.010553337136337706,0.1178343949044586,inf,0.02611150317572336,0.02611150317572336,inf,0.8761998744056697,-0.7603305785123967,0.2396694214876033,0.041196453695597025,0.010553337136337706,0.8761998744056697,0.12380012559433032,0.9894466628636623,0.9738884968242767,37.0,9767.0,37.0,9767.0,1380.0,1417.0,13236.0,1380.0,3469.0,0.2620882441825325,0.43908248670842764,-0.43908248670842764,0.11820940644908212,0.0069867318865221495,0.007640604621215896,0.11820940644908212,0.0069867318865221495,0.007640604621215896,0.287041647485507,9.175431038893704,0.33442930953499295,-0.11783439490445857,0.7603305785123967,0.08014289932039498,-0.665570690465007,0.046061267314488626,0.12380012559433032,0.9894466628636623,-0.11783439490445857,0.23926840919948134,[0.7590664],11147.0,-0.10738356521753481,0.5459708445166045,0.4144068808983395,0.163473569942681,0.6690780045041971,0.5566233942289963,0.5566233942289963,0.8010269783271495,-906166598.4114935,0.6424961836079381,0.8821656050955414,0.5841542477056496,0.658280574397806,80.18876075744629,150.69999999999996,0.0,183557.56211602688,0.0,764823.1754834453,66.07222432648652,0.11783439490445857
658b7311-8759-4009-be67-490e6db4d241,XGBClassifier,PREPROCESSING,REWEIGHTER,REWEIGHTER_BAL_GAN_FAIR,0.8699924930048454,0.6528807758128922,0.2031665870470211,0.6528807758128922,0.9382793576747107,0.7688948605979173,3506.0,0.13000750699515462,-0.04934195672631703,0.6403034539927857,0.23110513940208263,0.012878349720454985,1.0559839088166276,0.34711922418710783,0.06297990198426001,1.184432887278677,0.10423090099349092,-0.043811225376659296,0.606342072166054,0.061720642325289315,-0.03423747666431687,0.49123545823024684,0.0692628389678152,0.34711922418710783,0.061720642325289315,0.9382793576747107,0.6528807758128922,0.895769099006509,1217.0,688.0,1217.0,688.0,10459.0,11676.0,2977.0,10459.0,2289.0,0.7688948605979173,0.04860868932428847,-0.04860868932428847,0.001981165342137872,1.9625080564441352e-06,1.9599055126344715e-06,0.001981165342137872,1.9625080564441352e-06,1.9599055126344715e-06,0.37219037861775844,0.08325392781726437,0.532232883759422,-0.06297990198426007,0.06297990198426007,-0.02834478754855714,-0.10196456621980021,0.10429797202747715,0.9382793576747107,0.6528807758128922,-0.06297990198426007,0.23926840919948134,[0.7590664],11147.0,-0.10738356521753481,0.5459708445166045,0.7061545580749653,0.626835572605888,0.13000750699515462,0.7955800667438014,0.7955800667438014,0.8342521710407476,-264681047.49916005,-0.028742425319943143,0.93702009801574,0.6784735087069285,0.7471967485809866,,,,,,,,0.06297990198426007
658b7311-8759-4009-be67-490e6db4d241,GradientBoostingClassifier,PREPROCESSING,REWEIGHTER,REWEIGHTER_BAL_GAN_FAIR,0.8521804408653518,0.6138049058756417,0.2022793967105712,0.6138049058756417,0.9271552884184086,0.7260458839406208,3506.0,0.14781955913464817,-0.0597404791161702,0.6182705303821858,0.2739541160593792,-0.020964749536178107,0.9239057239057239,0.38619509412435826,0.1005140239132864,1.2664790401422013,0.11583540080417487,-0.04453321421187552,0.6382601038271242,0.07284471158159146,-0.05015757859151071,0.3808590960106112,0.07895887733125931,0.38619509412435826,0.07284471158159146,0.9271552884184086,0.6138049058756417,0.8841645991958251,1354.0,812.0,1354.0,812.0,10335.0,11689.0,2964.0,10335.0,2152.0,0.7260458839406208,0.07533580125239858,-0.07533580125239858,0.003066835037617189,4.702738573978212e-06,4.712453976387594e-06,0.003066835037617189,4.702738573978212e-06,4.712453976387594e-06,0.3973886695195506,0.20388098133684407,0.4716349399586715,-0.10051402391328645,0.10051402391328645,-0.011784232337848706,-0.11576443027414607,0.1174630478452598,0.9271552884184086,0.6138049058756417,-0.10051402391328645,0.23926840919948134,[0.7590664],11147.0,-0.10738356521753481,0.5459708445166045,0.6652241112828439,0.5745429327019506,0.14781955913464817,0.7704800971470251,0.7704800971470251,0.8285248326146222,-204486845.3724892,-0.05035644532177569,0.8994859760867135,0.638480937546358,0.7068501529738314,45.272528648376465,109.99999999999997,0.0,187214.9478728771,0.0,780062.2828036546,67.38871387553793,0.10051402391328645
658b7311-8759-4009-be67-490e6db4d241,AdaBoostClassifier,PREPROCESSING,REWEIGHTER,REWEIGHTER_BAL_GAN_FAIR,0.8507472872449328,0.6431831146605819,0.21777110489319593,0.6431831146605819,0.9160312191621064,0.7066750235036039,3506.0,0.14925271275506724,-0.058119955012819746,0.6314459156554154,0.2933249764963961,-0.12215836766037719,0.5919533820331233,0.35681688533941813,0.2517140781891033,1.7530190605244778,0.10914325597626941,-0.019068667205402373,0.8303835797127704,0.08396878083789361,-0.0818726169854253,0.15855147388987997,0.07770006538240481,0.35681688533941813,0.08396878083789361,0.9160312191621064,0.6431831146605819,0.8908567440237306,1251.0,936.0,1251.0,936.0,10211.0,11462.0,3191.0,10211.0,2255.0,0.7066750235036039,0.1667933475872643,-0.1667933475872643,0.0218166087192862,0.00023798220800521735,0.00024156469412208738,0.0218166087192862,0.00023798220800521735,0.00024156469412208738,0.39420823274610794,0.6341422422988181,0.30644467147582943,-0.2517140781891033,0.2517140781891033,0.051544850227487435,-0.16796177829877112,0.112230518227315,0.9160312191621064,0.6431831146605819,-0.2517140781891033,0.23926840919948134,[0.7590664],11147.0,-0.10738356521753481,0.5459708445166045,0.6734358668060325,0.5780556455183979,0.14925271275506724,0.7796071669113442,0.7796071669113441,0.9096404560835105,-146272690.79779342,-0.169841461203678,0.7482859218108967,0.6579619228244219,0.6855455016830435,,,,,,,,0.2517140781891033
658b7311-8759-4009-be67-490e6db4d241,RandomForestClassifier,PREPROCESSING,REWEIGHTER,REWEIGHTER_BAL_GAN_FAIR,0.8495871152664983,0.623502567027952,0.2095134102231625,0.623502567027952,0.9206961514308782,0.7120521172638437,3506.0,0.15041288473350167,-0.06002689959748864,0.6227913243557712,0.28794788273615635,0.014427600340086999,1.0503175987046955,0.3764974329720479,0.051699711061092224,1.1390273611684973,0.11396011396011396,-0.05108435632051647,0.581986223301452,0.07930384856912173,-0.04339427474290896,0.4975739802719275,0.07941971438997761,0.3764974329720479,0.07930384856912173,0.9206961514308782,0.623502567027952,0.886039886039886,1320.0,884.0,1320.0,884.0,10263.0,11583.0,3070.0,10263.0,2186.0,0.7120521172638437,0.04754699290200062,-0.04754699290200062,0.0016663341770451255,1.3883347947943277e-06,1.386785645564105e-06,0.0016663341770451255,1.3883347947943277e-06,1.386785645564105e-06,0.3985466456764568,0.06514121336011391,0.5420087728224637,-0.05169971106109228,0.05169971106109228,-0.03275597833030171,-0.10279569942478876,0.11640517090103884,0.9206961514308782,0.623502567027952,-0.05169971106109228,0.23926840919948134,[0.7590664],11147.0,-0.10738356521753481,0.5459708445166045,0.6648418491484185,0.5705093353472529,0.15041288473350167,0.7720993592294151,0.7720993592294152,0.8088103619823355,-629940307.8921143,-0.008305436318183264,0.9483002889389077,0.6435089785104503,0.7207245239342314,39.8764009475708,120.69999999999997,0.0,187642.12692041395,0.0,781842.1955017248,67.54247855584345,0.05169971106109228
658b7311-8759-4009-be67-490e6db4d241,BaggingClassifier,PREPROCESSING,REWEIGHTER,REWEIGHTER_BAL_GAN_FAIR,0.8512932505289019,0.6012549914432401,0.1971609909233604,0.6012549914432401,0.9299363057324841,0.7296642436829353,3506.0,0.14870674947109808,-0.042643310377189936,0.7247088561010687,0.27033575631706475,0.09192754840159428,1.3506569672362263,0.3987450085567598,0.07973356959277172,1.203607643312102,0.11883713022781367,-0.04730491012334928,0.6256478632478631,0.07006369426751592,-0.023801393115191194,0.6780947818101968,0.08006779030366155,0.3987450085567598,0.07006369426751592,0.9299363057324841,0.6012549914432401,0.8811628697721864,1398.0,781.0,1398.0,781.0,10366.0,11764.0,2889.0,10366.0,2108.0,0.7296642436829353,0.05176748135398149,-0.05176748135398149,0.0066002902153324185,2.1781915463306432e-05,2.168623460253612e-05,0.0066002902153324185,2.1781915463306432e-05,2.168623460253612e-05,0.4001694398718162,0.007094012138140426,0.5744002706866103,-0.07973356959277178,0.07973356959277178,-0.06961622926247175,-0.08944254930955299,0.12015670361792267,0.9299363057324841,0.6012549914432401,-0.07973356959277178,0.23926840919948134,[0.7590664],11147.0,-0.10738356521753481,0.5459708445166045,0.6592650508209539,0.5696192120586605,0.14870674947109808,0.7655956485878621,0.7655956485878621,0.8052286070508236,-1378440911.2512157,-0.05593217647758053,0.9202664304072283,0.6289251883344521,0.7031244020458834,,,,,,,,0.07973356959277178
658b7311-8759-4009-be67-490e6db4d241,BernoulliNB,PREPROCESSING,REWEIGHTER,REWEIGHTER_BAL_GAN_FAIR,0.7806592506653928,0.793496862521392,0.35978980413567185,0.793496862521392,0.7766215125145779,0.5276934749620638,3506.0,0.21934074933460723,-0.06978001016817093,0.6959203732268016,0.47230652503793624,0.060875196595429726,1.1303809382275722,0.2065031374786081,0.09849663968839295,1.4982587541764665,0.0771772732118111,-0.025745384046691397,0.6850168544525237,0.22337848748542208,-0.10426761083932887,0.5661946748316464,0.08156281087183957,0.2065031374786081,0.22337848748542208,0.7766215125145779,0.793496862521392,0.9228227267881889,724.0,2490.0,724.0,2490.0,8657.0,9381.0,5272.0,8657.0,2782.0,0.5276934749620638,0.10138212526386091,-0.10138212526386091,0.017730693695677514,0.00015718874946496917,0.00015910167509024684,0.017730693695677514,0.00015718874946496917,0.00015910167509024684,0.4038881302337061,0.010196644272646549,0.5730734017252728,-0.09849663968839295,0.10426761083932887,-0.04331029032106056,-0.16376200719512854,0.09644238364575052,0.7766215125145779,0.793496862521392,-0.09849663968839295,0.23926840919948134,[0.7590664],11147.0,-0.10738356521753481,0.5459708445166045,0.633857370699476,0.506801307091084,0.21934074933460723,0.7850591875179849,0.7850591875179849,0.8646501564064779,-391832333.1760905,0.005770971150935916,0.9015033603116069,0.7047498416719443,0.7600430918998665,29.789134740829468,132.89999999999998,0.0,188006.12625961303,0.0,783358.8594150543,67.67350146613386,0.09849663968839295
658b7311-8759-4009-be67-490e6db4d241,BaggingClassifier,PREPROCESSING,REWEIGHTER,HYPERPARAMETER_BAL_GAN_FAIR,0.8679451306899612,0.6320593268682259,0.19525011942946838,0.6320593268682259,0.9421368978200413,0.7745543516253058,3506.0,0.13205486931003885,-0.045142748187453785,0.6743273166476549,0.22544564837469416,0.039273383801590095,1.1767977071480515,0.3679406731317741,0.0715921970531424,1.1980262504277561,0.10939620081411126,-0.04448468004709619,0.6182181358869665,0.057863102179958735,-0.027655308491531846,0.5565647098917952,0.07118782842047348,0.3679406731317741,0.057863102179958735,0.9421368978200413,0.6320593268682259,0.8906037991858887,1290.0,645.0,1290.0,645.0,10502.0,11792.0,2861.0,10502.0,2216.0,0.7745543516253058,0.04962375277233715,-0.04962375277233715,0.004196379081306645,8.804798697014e-06,8.780134964906691e-06,0.004196379081306645,8.804798697014e-06,8.780134964906691e-06,0.3773269892824352,0.06667543338339454,0.5411069957224659,-0.07159219705314246,0.07159219705314246,-0.04187903192434313,-0.09599965436019957,0.10884858383184115,0.9421368978200413,0.6320593268682259,-0.07159219705314246,0.23926840919948134,[0.7590664],11147.0,-0.10738356521753481,0.5459708445166045,0.6960892099890058,0.6180059053248739,0.13205486931003885,0.7870981123441336,0.7870981123441336,0.8261568744786723,-175404461.96052328,-0.04393688856161056,0.9284078029468577,0.6625308319007399,0.7324504301615667,33.32568073272705,143.89999999999998,0.0,188373.2242310524,0.0,784888.4342960516,67.80563974057557,0.07159219705314246
658b7311-8759-4009-be67-490e6db4d241,RandomForestClassifier,PREPROCESSING,REWEIGHTER,HYPERPARAMETER_BAL_GAN_FAIR,0.8426260833958916,0.6041072447233314,0.20719306626629358,0.6041072447233314,0.9176460034089889,0.6976284584980237,3506.0,0.15737391660410838,-0.05278384055924046,0.6801815098384484,0.30237154150197626,0.06505942093778982,1.2193771937719375,0.39589275527666856,0.058380425586258666,1.149438908156646,0.11948007230782474,-0.05189143393457238,0.5938985535144412,0.08235399659101103,-0.03387520531268339,0.6144836390512666,0.08343939409583694,0.39589275527666856,0.08235399659101103,0.9176460034089889,0.6041072447233314,0.8805199276921752,1388.0,918.0,1388.0,918.0,10229.0,11617.0,3036.0,10229.0,2118.0,0.6976284584980237,0.04612781544947103,-0.04612781544947103,0.005059650592704246,1.2800032060126214e-05,1.2756847422319558e-05,0.005059650592704246,1.2800032060126214e-05,1.2756847422319558e-05,0.40850800260420095,0.003439078294543263,0.5765560752783613,-0.058380425586258666,0.058380425586258666,-0.0584754274361811,-0.09348630244772685,0.12232945135040191,0.9176460034089889,0.6041072447233314,-0.058380425586258666,0.23926840919948134,[0.7590664],11147.0,-0.10738356521753481,0.5459708445166045,0.647508407214919,0.5492274559753868,0.15737391660410838,0.7608766240661601,0.7608766240661602,0.7959742005609006,-171841065.0289391,-0.024505220273575275,0.9416195744137413,0.6250553342186809,0.7039416724434118,,,,,,,,0.058380425586258666
658b7311-8759-4009-be67-490e6db4d241,GradientBoostingClassifier,PREPROCESSING,REWEIGHTER,HYPERPARAMETER_BAL_GAN_FAIR,0.8727905548351873,0.6631488876212208,0.20528219477240156,0.6631488876212208,0.9387279088544003,0.772938829787234,3506.0,0.1272094451648127,-0.04496914069655111,0.6637650638306828,0.22706117021276595,-0.0025867790719593386,0.9886173534824068,0.33685111237877924,0.11273605989496033,1.3450177403496772,0.10141691713181623,-0.03449601121050751,0.6777616133998325,0.061272091145599714,-0.03962478701207611,0.41490741709383827,0.06754003868708479,0.33685111237877924,0.061272091145599714,0.9387279088544003,0.6631488876212208,0.8985830828681838,1181.0,683.0,1181.0,683.0,10464.0,11645.0,3008.0,10464.0,2325.0,0.772938829787234,0.07618042345351825,-0.07618042345351825,0.002935605841867546,4.3088908294034325e-06,4.317410266531664e-06,0.002935605841867546,4.3088908294034325e-06,4.317410266531664e-06,0.3675324167664256,0.18601987935814357,0.4801669518501798,-0.11273605989496038,0.11273605989496038,-0.01595461606927407,-0.11543082936000079,0.10146795817149429,0.9387279088544003,0.6631488876212208,-0.11273605989496038,0.23926840919948134,[0.7590664],11147.0,-0.10738356521753481,0.5459708445166045,0.7138470985569543,0.6357463783241118,0.1272094451648127,0.8009383982378105,0.8009383982378105,0.8619542245757497,-237854702.88700655,-0.07311127288288422,0.8872639401050395,0.687564690226231,0.7433327610656639,121.35175395011902,153.29999999999998,0.0,189514.49649038314,0.0,789643.7353765965,68.21644491725597,0.11273605989496038
658b7311-8759-4009-be67-490e6db4d241,XGBClassifier,PREPROCESSING,REWEIGHTER,REWEIGHTER_DEMV,0.8697195113628609,0.6531660011409013,0.20357605950999796,0.6531660011409013,0.937830806495021,0.7676835400603419,3506.0,0.13028048863713915,-0.04416583569598043,0.6769083374670218,0.23231645993965805,0.029332251959989175,1.1275720164609053,0.3468339988590987,0.08777916127899366,1.2589566384496744,0.10419880034275922,-0.039538875338271676,0.6424691716176987,0.06216919350497892,-0.032798900433237806,0.514159779614325,0.06936661843392332,0.3468339988590987,0.06216919350497892,0.937830806495021,0.6531660011409013,0.8958011996572408,1216.0,693.0,1216.0,693.0,10454.0,11670.0,2983.0,10454.0,2290.0,0.7676835400603419,0.06028903085611573,-0.06028903085611573,0.0010019351635014871,5.019370359303759e-07,5.015999915564742e-07,0.0010019351635014871,5.019370359303759e-07,5.015999915564742e-07,0.3724691086088169,0.10320321019732726,0.5217027287407474,-0.08777916127899366,0.08777916127899366,-0.03443556364913045,-0.10464184950897096,0.10433512895705169,0.937830806495021,0.6531660011409013,-0.08777916127899366,0.23926840919948134,[0.7590664],11147.0,-0.10738356521753481,0.5459708445166045,0.7058098320234243,0.6261927523440705,0.13028048863713915,0.7954984038179612,0.7954984038179611,0.843458231631733,-268034819.30860552,-0.05498026084575585,0.9122208387210063,0.6784682616102511,0.7418319896312852,,,,,,,,0.08777916127899366
658b7311-8759-4009-be67-490e6db4d241,GradientBoostingClassifier,PREPROCESSING,REWEIGHTER,REWEIGHTER_DEMV,0.8521804408653518,0.6138049058756417,0.2022793967105712,0.6138049058756417,0.9271552884184086,0.7260458839406208,3506.0,0.14781955913464817,-0.0597404791161702,0.6182705303821858,0.2739541160593792,-0.020964749536178107,0.9239057239057239,0.38619509412435826,0.1005140239132864,1.2664790401422013,0.11583540080417487,-0.04453321421187552,0.6382601038271242,0.07284471158159146,-0.05015757859151071,0.3808590960106112,0.07895887733125931,0.38619509412435826,0.07284471158159146,0.9271552884184086,0.6138049058756417,0.8841645991958251,1354.0,812.0,1354.0,812.0,10335.0,11689.0,2964.0,10335.0,2152.0,0.7260458839406208,0.07533580125239858,-0.07533580125239858,0.003066835037617189,4.702738573978212e-06,4.712453976387594e-06,0.003066835037617189,4.702738573978212e-06,4.712453976387594e-06,0.3973886695195506,0.20388098133684407,0.4716349399586715,-0.10051402391328645,0.10051402391328645,-0.011784232337848706,-0.11576443027414607,0.1174630478452598,0.9271552884184086,0.6138049058756417,-0.10051402391328645,0.23926840919948134,[0.7590664],11147.0,-0.10738356521753481,0.5459708445166045,0.6652241112828439,0.5745429327019506,0.14781955913464817,0.7704800971470251,0.7704800971470251,0.8285248326146222,-204486845.3724892,-0.05035644532177569,0.8994859760867135,0.638480937546358,0.7068501529738314,45.445732831954956,109.89999999999998,0.0,194804.2027237177,0.0,811684.1780154904,70.1204942674493,0.10051402391328645
658b7311-8759-4009-be67-490e6db4d241,AdaBoostClassifier,PREPROCESSING,REWEIGHTER,REWEIGHTER_DEMV,0.8507472872449328,0.6431831146605819,0.21777110489319593,0.6431831146605819,0.9160312191621064,0.7066750235036039,3506.0,0.14925271275506724,-0.058119955012819746,0.6314459156554154,0.2933249764963961,-0.12215836766037719,0.5919533820331233,0.35681688533941813,0.2517140781891033,1.7530190605244778,0.10914325597626941,-0.019068667205402373,0.8303835797127704,0.08396878083789361,-0.0818726169854253,0.15855147388987997,0.07770006538240481,0.35681688533941813,0.08396878083789361,0.9160312191621064,0.6431831146605819,0.8908567440237306,1251.0,936.0,1251.0,936.0,10211.0,11462.0,3191.0,10211.0,2255.0,0.7066750235036039,0.1667933475872643,-0.1667933475872643,0.0218166087192862,0.00023798220800521735,0.00024156469412208738,0.0218166087192862,0.00023798220800521735,0.00024156469412208738,0.39420823274610794,0.6341422422988181,0.30644467147582943,-0.2517140781891033,0.2517140781891033,0.051544850227487435,-0.16796177829877112,0.112230518227315,0.9160312191621064,0.6431831146605819,-0.2517140781891033,0.23926840919948134,[0.7590664],11147.0,-0.10738356521753481,0.5459708445166045,0.6734358668060325,0.5780556455183979,0.14925271275506724,0.7796071669113442,0.7796071669113441,0.9096404560835105,-146272690.79779345,-0.169841461203678,0.7482859218108967,0.6579619228244219,0.6855455016830435,,,,,,,,0.2517140781891033
658b7311-8759-4009-be67-490e6db4d241,RandomForestClassifier,PREPROCESSING,REWEIGHTER,REWEIGHTER_DEMV,0.8512932505289019,0.6263548203080433,0.20917218317068176,0.6263548203080433,0.922041804969947,0.7164763458401305,3506.0,0.14870674947109808,-0.05583252911572767,0.6439681289993007,0.2835236541598695,0.0226977549632012,1.0805884936319718,0.37364517969195665,0.07232252606037387,1.1969739788265472,0.11304798066965827,-0.04711468545715762,0.6095752345051921,0.07795819503005293,-0.042445024613905875,0.4998775635139272,0.0785579207907851,0.37364517969195665,0.07795819503005293,0.922041804969947,0.6263548203080433,0.8869520193303417,1310.0,869.0,1310.0,869.0,10278.0,11588.0,3065.0,10278.0,2196.0,0.7164763458401305,0.0573837753371399,-0.0573837753371399,0.0006139571684040892,1.8847170231738362e-07,1.883941144944998e-07,0.0006139571684040892,1.8847170231738362e-07,1.883941144944998e-07,0.39637840705766275,0.0888897117152383,0.529264301754475,-0.07232252606037393,0.07232252606037393,-0.03490622021017944,-0.10569377063768892,0.11532409137672917,0.922041804969947,0.6263548203080433,-0.07232252606037393,0.23926840919948134,[0.7590664],11147.0,-0.10738356521753481,0.5459708445166045,0.6683914168315325,0.575254794900922,0.14870674947109808,0.7741983126389952,0.7741983126389952,0.8186247346778641,-626671146.1666491,-0.029877501446467995,0.9276774739396261,0.6466907163365972,0.7193159006624594,40.2506628036499,120.09999999999998,0.0,195215.07234675885,0.0,813396.1347781619,70.26838831000232,0.07232252606037393
658b7311-8759-4009-be67-490e6db4d241,BaggingClassifier,PREPROCESSING,REWEIGHTER,REWEIGHTER_DEMV,0.8521804408653518,0.607529948659441,0.19927659864874087,0.607529948659441,0.9291289136090428,0.7294520547945206,3506.0,0.14781955913464817,-0.055893623650763447,0.6415710483347868,0.2705479452054795,0.03091418514775668,1.1153985456774302,0.39247005134055907,0.05164583433105058,1.133161149583775,0.11727605897894827,-0.05213908380786582,0.5849509927895657,0.07087108639095721,-0.03529577424874156,0.5393284401548865,0.07932818985503928,0.39247005134055907,0.07087108639095721,0.9291289136090428,0.607529948659441,0.8827239410210518,1376.0,790.0,1376.0,790.0,10357.0,11733.0,2920.0,10357.0,2130.0,0.7294520547945206,0.04347080428989604,-0.04347080428989604,0.004466770338699002,9.976018629340597e-06,9.946283543494994e-06,0.004466770338699002,9.976018629340597e-06,9.946283543494994e-06,0.3983169337475857,0.04462796663424795,0.553213214153914,-0.05164583433105052,0.05164583433105052,-0.04152663447781125,-0.0952151015189399,0.11866748714646362,0.9291289136090428,0.607529948659441,-0.05164583433105052,0.23926840919948134,[0.7590664],11147.0,-0.10738356521753481,0.5459708445166045,0.6629318394024276,0.5731750809503682,0.14781955913464817,0.7683294311342419,0.7683294311342419,0.8017293294652458,-1379287641.197205,-0.01635006008230902,0.9483541656689495,0.6340229200773925,0.7127721804305295,,,,,,,,0.05164583433105052
658b7311-8759-4009-be67-490e6db4d241,BernoulliNB,PREPROCESSING,REWEIGHTER,REWEIGHTER_DEMV,0.7806592506653928,0.793496862521392,0.35978980413567185,0.793496862521392,0.7766215125145779,0.5276934749620638,3506.0,0.21934074933460723,-0.06978001016817093,0.6959203732268016,0.47230652503793624,0.060875196595429726,1.1303809382275722,0.2065031374786081,0.09849663968839295,1.4982587541764665,0.0771772732118111,-0.025745384046691397,0.6850168544525237,0.22337848748542208,-0.10426761083932887,0.5661946748316464,0.08156281087183957,0.2065031374786081,0.22337848748542208,0.7766215125145779,0.793496862521392,0.9228227267881889,724.0,2490.0,724.0,2490.0,8657.0,9381.0,5272.0,8657.0,2782.0,0.5276934749620638,0.10138212526386091,-0.10138212526386091,0.017730693695677514,0.00015718874946496917,0.00015910167509024684,0.017730693695677514,0.00015718874946496917,0.00015910167509024684,0.4038881302337061,0.010196644272646549,0.5730734017252728,-0.09849663968839295,0.10426761083932887,-0.04331029032106056,-0.16376200719512854,0.09644238364575052,0.7766215125145779,0.793496862521392,-0.09849663968839295,0.23926840919948134,[0.7590664],11147.0,-0.10738356521753481,0.5459708445166045,0.633857370699476,0.506801307091084,0.21934074933460723,0.7850591875179849,0.7850591875179849,0.8646501564064779,-391832333.1760905,0.005770971150935916,0.9015033603116069,0.7047498416719443,0.7600430918998665,30.126436471939087,130.7,0.0,195534.9081822157,0.0,814728.7840925654,70.38351440355218,0.09849663968839295
658b7311-8759-4009-be67-490e6db4d241,BaggingClassifier,PREPROCESSING,REWEIGHTER,HYPERPARAMETER_DEMV,0.8663754862485498,0.6351968054763263,0.19832116290179486,0.6351968054763263,0.939086749798152,0.7663454920853406,3506.0,0.13362451375145024,-0.04038461278816263,0.7104883282433035,0.23365450791465933,0.057413995780557864,1.2508332766478472,0.3648031945236737,0.09602629184426037,1.2695830462329631,0.10887886268834596,-0.04011423357476006,0.6521669051771685,0.06091325020184803,-0.02734995200022671,0.5815905703834169,0.07172776284009937,0.3648031945236737,0.06091325020184803,0.939086749798152,0.6351968054763263,0.891121137311654,1279.0,679.0,1279.0,679.0,10468.0,11747.0,2906.0,10468.0,2227.0,0.7663454920853406,0.061688121922243544,-0.061688121922243544,0.0028626806689669142,4.097470306238429e-06,4.089627417242479e-06,0.0028626806689669142,4.097470306238429e-06,4.089627417242479e-06,0.37875523188491894,0.0837019514039894,0.5319701046127057,-0.09602629184426037,0.09602629184426037,-0.04876411467765895,-0.099592755605808,0.10879089946195138,0.939086749798152,0.6351968054763263,-0.09602629184426037,0.23926840919948134,[0.7590664],11147.0,-0.10738356521753481,0.5459708445166045,0.6946350592638803,0.6144690988198137,0.13362451375145024,0.7871417776372391,0.7871417776372391,0.8356990755862167,-172210670.55918127,-0.06867633984403365,0.9039737081557397,0.6635876042908224,0.7281293718315679,34.91863393783569,141.7,0.0,195919.5286598921,0.0,816331.369416217,70.52195996901207,0.09602629184426037
658b7311-8759-4009-be67-490e6db4d241,RandomForestClassifier,PREPROCESSING,REWEIGHTER,HYPERPARAMETER_DEMV,0.8452876544052412,0.6023958927552767,0.20371255033099023,0.6023958927552767,0.9216829640261954,0.7075376884422111,3506.0,0.15471234559475877,-0.054615776506664715,0.6642081566178356,0.29246231155778896,0.05449952575443762,1.189493875353345,0.39760410724472334,0.04950473317050591,1.1259116400639482,0.11947206033596161,-0.05338507772196588,0.5829157872000993,0.07831703597380461,-0.033659944336794284,0.5983189251266442,0.08248546677563338,0.39760410724472334,0.07831703597380461,0.9216829640261954,0.6023958927552767,0.8805279396640384,1394.0,873.0,1394.0,873.0,10274.0,11668.0,2985.0,10274.0,2112.0,0.7075376884422111,0.04158233875365007,-0.04158233875365007,0.005561841552001409,1.546704072478472e-05,1.5409714650697287e-05,0.005561841552001409,1.546704072478472e-05,1.5409714650697287e-05,0.4061661403308587,0.00525356349091699,0.5754927099127256,-0.049504733170505855,0.049504733170505855,-0.05394230173820169,-0.09216187493989932,0.12184127550385651,0.9216829640261954,0.6023958927552767,-0.049504733170505855,0.23926840919948134,[0.7590664],11147.0,-0.10738356521753481,0.5459708445166045,0.6507471884147281,0.5551511164452446,0.15471234559475877,0.7620394283907361,0.7620394283907361,0.7937268100457175,-171284797.48349565,-0.015844788833711626,0.950495266829494,0.6256387469451233,0.706079050395108,,,,,,,,0.049504733170505855
658b7311-8759-4009-be67-490e6db4d241,GradientBoostingClassifier,PREPROCESSING,REWEIGHTER,HYPERPARAMETER_DEMV,0.8727905548351873,0.6631488876212208,0.20528219477240156,0.6631488876212208,0.9387279088544003,0.772938829787234,3506.0,0.1272094451648127,-0.04496914069655111,0.6637650638306828,0.22706117021276595,-0.0025867790719593386,0.9886173534824068,0.33685111237877924,0.11273605989496033,1.3450177403496772,0.10141691713181623,-0.03449601121050751,0.6777616133998325,0.061272091145599714,-0.03962478701207611,0.41490741709383827,0.06754003868708479,0.33685111237877924,0.061272091145599714,0.9387279088544003,0.6631488876212208,0.8985830828681838,1181.0,683.0,1181.0,683.0,10464.0,11645.0,3008.0,10464.0,2325.0,0.772938829787234,0.07618042345351825,-0.07618042345351825,0.002935605841867546,4.3088908294034325e-06,4.317410266531664e-06,0.002935605841867546,4.3088908294034325e-06,4.317410266531664e-06,0.3675324167664256,0.18601987935814357,0.4801669518501798,-0.11273605989496038,0.11273605989496038,-0.01595461606927407,-0.11543082936000079,0.10146795817149426,0.9387279088544003,0.6631488876212208,-0.11273605989496038,0.23926840919948134,[0.7590664],11147.0,-0.10738356521753481,0.5459708445166045,0.7138470985569543,0.6357463783241118,0.1272094451648127,0.8009383982378105,0.8009383982378105,0.8619542245757497,-237857391.60571572,-0.07311127288288422,0.8872639401050395,0.687564690226231,0.7433327610656639,122.33323574066162,151.2,0.0,197082.13970739843,0.0,821175.5821141601,70.94044612152882,0.11273605989496038
658b7311-8759-4009-be67-490e6db4d241,XGBClassifier,PREPROCESSING,DIR,DIR,0.8502695693714598,0.6332002281802624,0.21347164403193886,0.6332002281802624,0.9185431057683682,0.7097186700767263,3506.0,0.1497304306285402,-0.07241765139255785,0.5481023088986576,0.29028132992327366,-0.058255134261900876,0.8023706549775466,0.3667997718197376,0.05185735038232525,1.1431908844466974,0.11158351409978308,-0.05109841043436052,0.5740178361972904,0.08145689423163183,-0.0597866401221426,0.3443843412222859,0.07853195886406925,0.3667997718197376,0.08145689423163183,0.9185431057683682,0.6332002281802624,0.8884164859002169,1286.0,908.0,1286.0,908.0,10239.0,11525.0,3128.0,10239.0,2220.0,0.7097186700767263,0.055821995252233955,-0.055821995252233955,0.0035938335384172945,6.457819750926486e-06,6.473463909550512e-06,0.0035938335384172945,6.457819750926486e-06,6.473463909550512e-06,0.39631290381230144,0.16370136997122264,0.49106350148696243,-0.05185735038232531,0.0597866401221426,0.0035783619137701797,-0.11731872175080961,0.11431434095947864,0.9185431057683682,0.6332002281802624,-0.05185735038232531,0.23926840919948134,[0.7590664],11147.0,-0.10738356521753481,0.5459708445166045,0.6692794694000603,0.5744711351413602,0.1497304306285402,0.7758716669743153,0.7758716669743153,0.8191823714844984,-252324113.51870674,0.007929289739817345,0.9481426496176747,0.6507401436318335,0.7267235814901672,,,,,,,,0.05185735038232531
658b7311-8759-4009-be67-490e6db4d241,GradientBoostingClassifier,PREPROCESSING,DIR,DIR,0.8652835596806114,0.6446092413006275,0.20391728656247868,0.6446092413006275,0.9346909482371939,0.7563587684069611,3506.0,0.13471644031938856,-0.04166215989771227,0.7040403343397911,0.24364123159303883,0.04835728260136277,1.2017336485421592,0.3553907586993725,0.1028666411251058,1.2971496094763237,0.1068152593227604,-0.03823583919358002,0.6616214737791682,0.06530905176280613,-0.03194257975460485,0.5469784889514097,0.07171409555815612,0.3553907586993725,0.06530905176280613,0.9346909482371939,0.6446092413006275,0.8931847406772396,1246.0,728.0,1246.0,728.0,10419.0,11665.0,2988.0,10419.0,2260.0,0.7563587684069611,0.06740461043985532,-0.06740461043985532,0.0008557361005945683,3.6614213693039855e-07,3.65932113622978e-07,0.0008557361005945683,3.6614213693039855e-07,3.65932113622978e-07,0.3787191454314295,0.10502603243008357,0.5207524505463198,-0.1028666411251058,0.1028666411251058,-0.04329656089747138,-0.10504108298070522,0.10738991968474401,0.9346909482371939,0.6446092413006275,-0.1028666411251058,0.23926840919948134,[0.7590664],11147.0,-0.10738356521753481,0.5459708445166045,0.6960271019402525,0.6134172135875705,0.13471644031938856,0.7896500947689107,0.7896500947689107,0.8428761517906039,-190592217.65691656,-0.07092406137050095,0.8971333588748942,0.6693321486746632,0.7312231795450026,30.04820990562439,109.09999999999998,0.0,194951.75483882427,0.0,812298.9784951011,70.17360619777124,0.1028666411251058
658b7311-8759-4009-be67-490e6db4d241,AdaBoostClassifier,PREPROCESSING,DIR,DIR,0.8590049819149662,0.6734169994295494,0.22398143724834504,0.6734169994295494,0.9173768727011752,0.7193784277879341,3506.0,0.14099501808503379,-0.0523053604622572,0.6479998202959112,0.2806215722120658,-0.00529332667097282,0.9811634429120768,0.32658300057045064,0.12401425538368216,1.3931017906501624,0.10069474980212823,-0.032996901397585404,0.6891999903117204,0.0826231272988248,-0.054598472745220984,0.4033806233508171,0.07258284512720409,0.32658300057045064,0.0826231272988248,0.9173768727011752,0.6734169994295494,0.8993052501978718,1145.0,921.0,1145.0,921.0,10226.0,11371.0,3282.0,10226.0,2361.0,0.7193784277879341,0.08930636406445157,-0.08930636406445157,0.007562630687535651,2.8596691458027976e-05,2.874320576466695e-05,0.007562630687535651,2.8596691458027976e-05,2.874320576466695e-05,0.3810061551397932,0.20675585289993337,0.4703736349949483,-0.12401425538368216,0.12401425538368216,-0.013851787363306292,-0.1285160111186803,0.10389189645480502,0.9173768727011752,0.6734169994295494,-0.12401425538368216,0.23926840919948134,[0.7590664],11147.0,-0.10738356521753481,0.5459708445166045,0.6956393635827932,0.6045779732518484,0.14099501808503379,0.7953969360653623,0.7953969360653623,0.8664309444133649,-145937913.05337906,-0.06941578263846118,0.8759857446163178,0.6843478260869565,0.7381777949735243,,,,,,,,0.12401425538368216
658b7311-8759-4009-be67-490e6db4d241,RandomForestClassifier,PREPROCESSING,DIR,DIR,0.8468572988466526,0.6289218482601255,0.21483655224186174,0.6289218482601255,0.9154032475105409,0.7004447268106735,3506.0,0.15314270115334738,-0.0637703181521353,0.6073453959993401,0.29955527318932657,-0.004655300948473384,0.9844787546717949,0.3710781517398745,0.06464808518110565,1.1769782915077953,0.1130812690134724,-0.049079958463136036,0.594648370497427,0.08459675248945905,-0.0516909735629293,0.4442624823856495,0.08014104438271134,0.3710781517398745,0.08459675248945905,0.9154032475105409,0.6289218482601255,0.8869187309865276,1301.0,943.0,1301.0,943.0,10204.0,11505.0,3148.0,10204.0,2205.0,0.7004447268106735,0.05816952937201748,-0.05816952937201748,0.0015850206255125557,1.2561451916501067e-06,1.25748389269606e-06,0.0015850206255125557,1.2561451916501067e-06,1.25748389269606e-06,0.40035245567552435,0.11369131576228275,0.5163005495894877,-0.06464808518110565,0.06464808518110565,-0.022212328757331354,-0.1117714954877054,0.11618511525769253,0.9154032475105409,0.6289218482601255,-0.06464808518110565,0.23926840919948134,[0.7590664],11147.0,-0.10738356521753481,0.5459708445166045,0.6627592425608656,0.5654349391553827,0.15314270115334738,0.7721625478853332,0.7721625478853332,0.8170788798945211,-510863333.1560091,-0.01295711161817635,0.9353519148188945,0.6453973364554368,0.7197726895178109,29.678431272506714,119.49999999999999,0.0,195260.90682895185,0.0,813587.1117872993,70.28488660162502,0.06464808518110565
658b7311-8759-4009-be67-490e6db4d241,BaggingClassifier,PREPROCESSING,DIR,DIR,0.8294547191701358,0.5459212778094695,0.1925203030096226,0.5459212778094695,0.9186328160043061,0.6784828075150656,3506.0,0.1705452808298642,-0.0764375142797693,0.579207284026448,0.32151719248493443,0.010279122463693446,1.0320673478568214,0.4540787221905305,-0.023019331768912688,0.9495345418912299,0.1345503718728871,-0.07305222679840516,0.4998230433013042,0.08136718399569391,-0.039277689020509425,0.5524549524549525,0.09263888048315974,0.4540787221905305,0.08136718399569391,0.9186328160043061,0.5459212778094695,0.8654496281271129,1592.0,907.0,1592.0,907.0,10240.0,11832.0,2821.0,10240.0,1914.0,0.6784828075150656,0.031148510394711056,-0.008129178625798369,0.010468041714814502,5.478994867154827e-05,5.441006260617171e-05,0.010468041714814502,5.478994867154827e-05,5.441006260617171e-05,0.43043903280989687,-0.05694657716376428,0.6124323593944034,0.023019331768912688,0.039277689020509425,-0.0416656746310493,-0.07906701706701526,0.13789391898359452,0.9186328160043061,0.5459212778094695,0.023019331768912688,0.23926840919948134,[0.7590664],11147.0,-0.10738356521753481,0.5459708445166045,0.6050260787102892,0.5026788634264147,0.1705452808298642,0.7322770469068878,0.7322770469068878,0.738229857824766,-1130338324.0863516,0.016258357251596738,0.9769806682310873,0.573956068670815,0.6654615958180019,,,,,,,,0.023019331768912688
658b7311-8759-4009-be67-490e6db4d241,BernoulliNB,PREPROCESSING,DIR,DIR,0.8060465433699584,0.735596120935539,0.3066948747696717,0.735596120935539,0.8282048981788822,0.5738762794837561,3506.0,0.1939534566300416,-0.08239244999061635,0.5998902506078018,0.42612372051624386,-0.011025512000018944,0.9741710895516604,0.26440387906446094,0.18881199814823685,1.7628960735305974,0.09124913869475341,-0.019776409895388147,0.791396425749026,0.1717951018211178,-0.12228447039069336,0.36212483080718255,0.08311710175700358,0.26440387906446094,0.1717951018211178,0.8282048981788822,0.735596120935539,0.9087508613052466,927.0,1915.0,927.0,1915.0,9232.0,10159.0,4494.0,9232.0,2579.0,0.5738762794837561,0.15554823426946512,-0.15554823426946512,0.02803976302043793,0.0003931141551211592,0.00040078217210336896,0.02803976302043793,0.0003931141551211592,0.00040078217210336896,0.4077182894033663,0.3078568218121598,0.425297044966181,-0.1888119981482369,0.1888119981482369,-0.004375448947684629,-0.19231715782072306,0.10447985389931141,0.8282048981788822,0.735596120935539,-0.1888119981482369,0.23926840919948134,[0.7590664],11147.0,-0.10738356521753481,0.5459708445166045,0.64475,0.5216374927371681,0.1939534566300416,0.7819005095572106,0.7819005095572107,0.9035237531932299,-330001254.91736364,-0.06652752775754349,0.8111880018517631,0.6871835864641619,0.7240797112778353,24.745659589767456,130.0,0.0,195521.22843713762,0.0,814671.78515474,70.37859032864559,0.1888119981482369
658b7311-8759-4009-be67-490e6db4d241,BaggingClassifier,PREPROCESSING,DIR,HYPERPARAMETER,0.8532041220227939,0.547062179121506,0.1693168634409336,0.547062179121506,0.9494931371669507,0.7730753728335349,3506.0,0.14679587797720606,-0.053596821674015804,0.6532817176418523,0.22692462716646514,0.03445925671910499,1.1537828790052607,0.452937820878494,0.06918171224238939,1.1548583628875926,0.13046335852776864,-0.054949518064272146,0.6051033231958899,0.050506862833049254,-0.025449562452251148,0.5343229082266515,0.08202559471775897,0.452937820878494,0.050506862833049254,0.9494931371669507,0.547062179121506,0.8695366414722313,1588.0,563.0,1588.0,563.0,10584.0,12172.0,2481.0,10584.0,1918.0,0.7730753728335349,0.0473156373473203,-0.0473156373473203,0.00831380844624668,3.455970544044131e-05,3.4368890053023864e-05,0.00831380844624668,3.455970544044131e-05,3.4368890053023864e-05,0.4050323313459284,0.08737290907234829,0.5298451957691962,-0.06918171224238945,0.06918171224238945,-0.04470438739168857,-0.08544173861620165,0.12978919201408742,0.9494931371669507,0.547062179121506,-0.06918171224238945,0.23926840919948134,[0.7590664],11147.0,-0.10738356521753481,0.5459708445166045,0.6407215633873392,0.5648826533133781,0.14679587797720606,0.7482776581442283,0.7482776581442283,0.7836828924520827,-162862468.25087294,-0.043732149790138244,0.9308182877576106,0.5901992460958535,0.6721921347806123,28.685047149658203,108.69999999999997,0.0,194925.94876537324,0.0,812191.4531890551,70.16431720605448,0.06918171224238945
658b7311-8759-4009-be67-490e6db4d241,RandomForestClassifier,PREPROCESSING,DIR,HYPERPARAMETER,0.8550467481061899,0.5310895607529948,0.15983075138196956,0.5310895607529948,0.9569390867497981,0.7950469684030743,3506.0,0.14495325189381014,-0.05473826561128514,0.6420146012972662,0.2049530315969257,0.05853510436432638,1.2933657942787584,0.46891043924700515,0.020155883338920544,1.0431506234861398,0.13353911136382096,-0.0633582505720497,0.5581070102624113,0.043060913250201845,-0.014581067661377834,0.6790789542075992,0.08180149874977959,0.46891043924700515,0.043060913250201845,0.9569390867497981,0.5310895607529948,0.866460888636179,1644.0,480.0,1644.0,480.0,10667.0,12311.0,2342.0,10667.0,1862.0,0.7950469684030743,0.017368475500149215,-0.017368475500149215,0.015172594600800936,0.00011510381346012687,0.0001139537411529883,0.015172594600800936,0.00011510381346012687,0.0001139537411529883,0.40447867372651325,-0.03801201449609315,0.6007146133230182,-0.0201558833389206,0.0201558833389206,-0.060946677468188055,-0.06774843873272009,0.1321012156953339,0.9569390867497981,0.5310895607529948,-0.0201558833389206,0.23926840919948134,[0.7590664],11147.0,-0.10738356521753481,0.5459708445166045,0.6367989056087552,0.5681855196881893,0.14495325189381014,0.7440143237513964,0.7440143237513965,0.7569367183052328,-169274890.79559153,-0.00557481567754271,0.9798441166610794,0.5791601866251944,0.6705639025280571,,,,,,,,0.0201558833389206
658b7311-8759-4009-be67-490e6db4d241,GradientBoostingClassifier,PREPROCESSING,DIR,HYPERPARAMETER,0.8543642940012284,0.6237877923559612,0.2048727223094247,0.6237877923559612,0.9268861577105948,0.7285143237841439,3506.0,0.14563570599877163,-0.0665277481702018,0.5716228698798935,0.2714856762158561,-0.02672064777327937,0.9023668639053254,0.3762122076440388,0.03452301135003116,1.0925251488071364,0.11320916659514205,-0.05390351334748743,0.5578644652463437,0.07311384228940522,-0.047188441323967184,0.4159648084412974,0.07746349755655504,0.3762122076440388,0.07311384228940522,0.9268861577105948,0.6237877923559612,0.886790833404858,1319.0,815.0,1319.0,815.0,10332.0,11651.0,3002.0,10332.0,2187.0,0.7285143237841439,0.040855726336999146,-0.040855726336999146,0.0012491631132375677,7.802042417366861e-07,7.795512747039752e-07,0.0012491631132375677,7.802042417366861e-07,7.795512747039752e-07,0.39360766648162493,0.09236809954834602,0.5274031842697721,-0.03452301135003111,0.047188441323967184,-0.013591432787104056,-0.10396073357847158,0.11485342205990524,0.9268861577105948,0.6237877923559612,-0.03452301135003111,0.23926840919948134,[0.7590664],11147.0,-0.10738356521753481,0.5459708445166045,0.6720958819913952,0.5820932239818556,0.14563570599877163,0.7753369750332779,0.7753369750332779,0.8070139303041942,-219629400.6185817,0.012665429973936021,0.965476988649969,0.6470414201183432,0.726964372147363,52.382750511169434,118.59999999999998,0.0,195445.0019706011,0.0,814354.1748775045,70.35115232969552,0.03452301135003111
658b7311-8759-4009-be67-490e6db4d241,XGBClassifier,PREPROCESSING,DIR,DIR_SMOTE,0.8556609568006551,0.7013690815744438,0.24070156281990035,0.7013690815744438,0.9041894680183009,0.6971930819393252,3506.0,0.14433904319934487,-0.05456919614293587,0.6416231712144054,0.3028069180606748,0.008589247217211493,1.0284294451725644,0.29863091842555617,0.09525006784477119,1.3283350070847837,0.09410390077296422,-0.034375972305532035,0.6556091845805392,0.09581053198169912,-0.05718827601109485,0.4559826791686675,0.07196208139502677,0.29863091842555617,0.09581053198169912,0.9041894680183009,0.7013690815744438,0.9058960992270357,1047.0,1068.0,1047.0,1068.0,10079.0,11126.0,3527.0,10079.0,2459.0,0.6971930819393252,0.07621917192793302,-0.07621917192793302,0.007165075419244078,2.5669152881727847e-05,2.579369158286816e-05,0.007165075419244078,2.5669152881727847e-05,2.579369158286816e-05,0.37937338176268187,0.13149151181580465,0.5072746270250111,-0.09525006784477119,0.09525006784477119,-0.02148260976137179,-0.12774507234508056,0.09946485871245972,0.9041894680183009,0.7013690815744438,-0.09525006784477119,0.23926840919948134,[0.7590664],11147.0,-0.10738356521753481,0.5459708445166045,0.699274847149154,0.6043226040966676,0.14433904319934487,0.8027792747963723,0.8027792747963723,0.8639664463622585,-258713624.18881142,-0.03806179183367634,0.9047499321552288,0.7003203987184051,0.7573627991146471,,,,,,,,0.09525006784477119
658b7311-8759-4009-be67-490e6db4d241,GradientBoostingClassifier,PREPROCESSING,DIR,DIR_SMOTE,0.84283081962738,0.7338847689674843,0.26909165358629633,0.7338847689674843,0.8770969767650489,0.6525488206949024,3506.0,0.15716918037261995,-0.04375148798384132,0.7324493967238142,0.34745117930509767,0.08113561778598838,1.238791554407237,0.26611523103251566,0.05051043213128359,1.1930889812731225,0.08711484593837535,-0.03744575539978315,0.5984559355093912,0.12290302323495111,-0.04348147728305932,0.6654829793854001,0.07367961438350244,0.26611523103251566,0.12290302323495111,0.8770969767650489,0.7338847689674843,0.9128851540616246,933.0,1370.0,933.0,1370.0,9777.0,10710.0,3943.0,9777.0,2573.0,0.6525488206949024,0.04699595470717151,-0.04699595470717151,0.0008450468701976972,3.570521064154618e-07,3.572547894477687e-07,0.0008450468701976972,3.570521064154618e-07,3.572547894477687e-07,0.3838739751103282,-0.06003259534990635,0.6146218750534501,-0.0505104321312837,0.0505104321312837,-0.059290686592885736,-0.10985307458153809,0.09647254649867872,0.8770969767650489,0.7338847689674843,-0.0505104321312837,0.23926840919948134,[0.7590664],11147.0,-0.10738356521753481,0.5459708445166045,0.6908309840247013,0.5877668219568266,0.15716918037261995,0.8054908728662666,0.8054908728662666,0.8433456854445297,-189622521.45891938,-0.0070289548482242725,0.9494895678687162,0.7117073508056151,0.7765298994521032,33.70869421958923,109.09999999999998,0.0,198425.67385220528,0.0,826773.6410508553,71.42405621300443,0.0505104321312837
658b7311-8759-4009-be67-490e6db4d241,AdaBoostClassifier,PREPROCESSING,DIR,DIR_SMOTE,0.830956118201051,0.7604107244723332,0.2936600013649082,0.7604107244723332,0.8531443437696241,0.6195677434348129,3506.0,0.16904388179894902,-0.06643762529255248,0.6282105365666099,0.3804322565651871,0.01042306604827975,1.0274575715979284,0.23958927552766685,0.10762974314767809,1.4680574116176954,0.08115942028985507,-0.026443517399340623,0.6915403324616425,0.14685565623037589,-0.08788764392551947,0.45467586894085926,0.07469605890177111,0.23958927552766685,0.14685565623037589,0.8531443437696241,0.7604107244723332,0.9188405797101449,840.0,1637.0,840.0,1637.0,9510.0,10350.0,4303.0,9510.0,2666.0,0.6195677434348129,0.0977586935365988,-0.0977586935365988,0.016309858861263418,0.00013300574803716645,0.00013449193967897486,0.016309858861263418,0.00013300574803716645,0.00013449193967897486,0.3865127653823897,0.13370722740849184,0.5062992747683548,-0.10762974314767815,0.10762974314767815,-0.018433291723810214,-0.15618350953112253,0.09392048213758748,0.8531443437696241,0.7604107244723332,-0.10762974314767815,0.23926840919948134,[0.7590664],11147.0,-0.10738356521753481,0.5459708445166045,0.6828018952490715,0.5747548655289857,0.16904388179894902,0.8067775341209785,0.8067775341209786,0.8856470518313243,-147235207.74646887,-0.019742099222158624,0.8923702568523217,0.7195196005667635,0.7691827463636096,,,,,,,,0.10762974314767815
658b7311-8759-4009-be67-490e6db4d241,RandomForestClassifier,PREPROCESSING,DIR,DIR_SMOTE,0.8416706476489456,0.6651454649172847,0.2373575377055893,0.6651454649172847,0.8971920696151431,0.6705002875215641,3506.0,0.1583293523510544,-0.06379360833399961,0.6193658166865121,0.3294997124784359,0.017532576857960613,1.053455850938331,0.33485453508271534,0.04147111409095988,1.1252372716919052,0.10505592841163311,-0.04908003574322281,0.5659876120227969,0.10280793038485692,-0.05435853291910651,0.5131729086361786,0.07946625991672156,0.33485453508271534,0.10280793038485692,0.8971920696151431,0.6651454649172847,0.8949440715883669,1174.0,1146.0,1174.0,1146.0,10001.0,11175.0,3478.0,10001.0,2332.0,0.6705002875215641,0.04791482350503322,-0.04791482350503322,0.0017330380436873499,1.5017104304338383e-06,1.503460615734858e-06,0.0017330380436873499,1.5017104304338383e-06,1.503460615734858e-06,0.39866341672323424,0.037504475130169634,0.5573354634864581,-0.04147111409095994,0.05435853291910651,-0.03330630630059171,-0.11229201792586413,0.11054130383495223,0.8971920696151431,0.6651454649172847,-0.04147111409095994,0.23926840919948134,[0.7590664],11147.0,-0.10738356521753481,0.5459708445166045,0.6678121420389461,0.563888807139446,0.1583293523510544,0.7811687672662139,0.7811687672662139,0.8185983308774187,-489940475.68789333,0.012887418828146625,0.9585288859090401,0.6664761360388681,0.7418171980086946,31.497167587280273,119.39999999999998,0.0,198750.56612827777,0.0,828127.3588678241,71.54100239108146,0.04147111409095994
658b7311-8759-4009-be67-490e6db4d241,BaggingClassifier,PREPROCESSING,DIR,DIR_SMOTE,0.8356650515252849,0.6192241871078151,0.22138811164949157,0.6192241871078151,0.9037409168386112,0.6692355117139334,3506.0,0.16433494847471508,-0.0576308986979851,0.6663109684264608,0.3307644882860666,0.06020367040209157,1.1851404409543944,0.3807758128921848,0.03300847660552658,1.0873657191748265,0.11701288456481725,-0.05530519808419153,0.5606309263311451,0.09625908316138872,-0.038638518607734984,0.623223975290091,0.0850208358118961,0.3807758128921848,0.09625908316138872,0.9037409168386112,0.6192241871078151,0.8829871154351827,1335.0,1073.0,1335.0,1073.0,10074.0,11409.0,3244.0,10074.0,2171.0,0.6692355117139334,0.035823497606630755,-0.035823497606630755,0.004942893308714301,1.2216097130666306e-05,1.2175827789060528e-05,0.004942893308714301,1.2216097130666306e-05,1.2175827789060528e-05,0.41236109373192836,-0.03899089946512335,0.6016495981979196,-0.03300847660552653,0.038638518607734984,-0.05775443424314152,-0.0936078914487003,0.1214048672007154,0.9037409168386112,0.6192241871078151,-0.03300847660552653,0.23926840919948134,[0.7590664],11147.0,-0.10738356521753481,0.5459708445166045,0.6432592592592593,0.5373947930605638,0.16433494847471508,0.7614825519732131,0.7614825519732131,0.7887615203513166,-1208281751.1286128,0.005630042002208402,0.9669915233944735,0.6310129341665456,0.7136668006754812,,,,,,,,0.03300847660552653
658b7311-8759-4009-be67-490e6db4d241,BernoulliNB,PREPROCESSING,DIR,DIR_SMOTE,0.7861188835050843,0.7763833428408443,0.346140722036443,0.7763833428408443,0.7891809455458868,0.5366719242902208,3506.0,0.2138811164949157,-0.07658149335896036,0.6596498854408732,0.4633280757097792,0.042555939830826284,1.0925388145644659,0.22361665715915574,0.1356675925482496,1.6415569709837226,0.08182861914205197,-0.02235136220820934,0.7395983519920619,0.21081905445411322,-0.11559036178722107,0.49664523742494304,0.08262528215431698,0.22361665715915574,0.21081905445411322,0.7891809455458868,0.7763833428408443,0.918171380857948,784.0,2350.0,784.0,2350.0,8797.0,9581.0,5072.0,8797.0,2722.0,0.5366719242902208,0.12562897716773536,-0.12562897716773536,0.02266299747561152,0.000256805727289787,0.0002608259831454893,0.02266299747561152,0.000256805727289787,0.0002608259831454893,0.40651022657324865,0.10706629996027683,0.5200902315661305,-0.13566759254824967,0.13566759254824967,-0.03245365101951781,-0.17856751204901242,0.09932437455651003,0.7891809455458868,0.7763833428408443,-0.13566759254824967,0.23926840919948134,[0.7590664],11147.0,-0.10738356521753481,0.5459708445166045,0.6346467708090464,0.5071914137715592,0.2138811164949157,0.7827821441933656,0.7827821441933656,0.8811222643135449,-359845292.36664605,-0.02007723076102852,0.8643324074517503,0.6983964079538165,0.7461451441242004,25.843151330947876,129.89999999999998,0.0,199022.41133716106,0.0,829260.0472381711,71.63885408085311,0.13566759254824967
658b7311-8759-4009-be67-490e6db4d241,BaggingClassifier,PREPROCESSING,DIR,HYPERPARAMETER_SMOTE,0.8368252235037194,0.7495721620079863,0.28260424486453284,0.7495721620079863,0.8642684130259263,0.6346293165901956,3506.0,0.16317477649628065,-0.06781407129030903,0.6080740983664835,0.3653706834098044,-0.0018844970301281072,0.9948443516282712,0.2504278379920137,0.08872898807528373,1.365921098108922,0.08352359208523592,-0.031022884220909805,0.6507721056630658,0.13573158697407375,-0.08315562199558615,0.442922997514135,0.07408792951024952,0.2504278379920137,0.13573158697407375,0.8642684130259263,0.7495721620079863,0.916476407914764,878.0,1513.0,878.0,1513.0,9634.0,10512.0,4141.0,9634.0,2628.0,0.6346293165901956,0.085942305035435,-0.085942305035435,0.014155482349221949,0.00010018884026956707,0.00010115777355431005,0.014155482349221949,0.00010018884026956707,0.00010115777355431005,0.38493617525571566,0.12759592037038825,0.5093805859013099,-0.08872898807528384,0.08872898807528384,-0.014569193595390877,-0.14929340363542862,0.09477360002811988,0.8642684130259263,0.7495721620079863,-0.08872898807528384,0.23926840919948134,[0.7590664],11147.0,-0.10738356521753481,0.5459708445166045,0.687328364064339,0.5816279350535061,0.16317477649628065,0.8069202875169563,0.8069202875169563,0.8762688770060196,-170847960.26970586,-0.005573366079697578,0.9112710119247162,0.7171021215635446,0.7719282764290301,35.75504755973816,108.89999999999998,0.0,198440.0033795357,0.0,826833.347414732,71.42921417943934,0.08872898807528384
658b7311-8759-4009-be67-490e6db4d241,RandomForestClassifier,PREPROCESSING,DIR,HYPERPARAMETER_SMOTE,0.8277485839077322,0.7778094694808899,0.30519347573875655,0.7778094694808899,0.8434556382883287,0.6097942754919499,3506.0,0.1722514160922678,-0.05645165040754441,0.6871679337592539,0.3902057245080501,0.055139586869132784,1.1432004389285486,0.22219053051911009,0.035792107657679234,1.16344550449687,0.07651507710441018,-0.03577028146923476,0.5665603947862397,0.1565443617116713,-0.06589648580257627,0.6060563705895953,0.07388921679108724,0.22219053051911009,0.1565443617116713,0.8434556382883287,0.7778094694808899,0.9234849228955898,779.0,1745.0,779.0,1745.0,9402.0,10181.0,4472.0,9402.0,2727.0,0.6097942754919499,0.05084429673012777,-0.05084429673012777,0.006604983578879532,2.1812904038634135e-05,2.1910391444922976e-05,0.006604983578879532,2.1812904038634135e-05,2.1910391444922976e-05,0.3844196061365425,-0.04666974731111706,0.6065406815413245,-0.03579210765767926,0.06589648580257627,-0.04545493416918372,-0.12736219075626562,0.09103779926831149,0.8434556382883287,0.7778094694808899,-0.03579210765767926,0.23926840919948134,[0.7590664],11147.0,-0.10738356521753481,0.5459708445166045,0.6836299824517423,0.5755933969889834,0.1722514160922678,0.8106325538846093,0.8106325538846093,0.8518485959934196,-182290855.7498848,0.03010437814489704,0.9642078923423207,0.7276851234156104,0.7924846571125955,,,,,,,,0.03579210765767926
658b7311-8759-4009-be67-490e6db4d241,GradientBoostingClassifier,PREPROCESSING,DIR,HYPERPARAMETER_SMOTE,0.8525216679178326,0.7258984597832288,0.25557906230805977,0.7258984597832288,0.8923477168744954,0.6795727636849133,3506.0,0.14747833208216743,-0.054944839398256784,0.6465695076405917,0.3204272363150868,0.01643302895425136,1.0514991371872304,0.27410154021677124,0.09071045448014942,1.34104566631406,0.0881004767143381,-0.03210145703474352,0.6565635639027381,0.10765228312550462,-0.06146131855908577,0.4776347679477337,0.07126251259944567,0.27410154021677124,0.10765228312550462,0.8923477168744954,0.7258984597832288,0.9118995232856619,961.0,1200.0,961.0,1200.0,9947.0,10908.0,3745.0,9947.0,2545.0,0.6795727636849133,0.07608588651961762,-0.07608588651961762,0.008522523463529233,3.631670309320316e-05,3.652664354354066e-05,0.008522523463529233,3.631670309320316e-05,3.652664354354066e-05,0.37752486699407145,0.107416102922268,0.5197042980039692,-0.09071045448014947,0.09071045448014947,-0.02426724299449744,-0.131962432974157,0.09552878202171833,0.8923477168744954,0.7258984597832288,-0.09071045448014947,0.23926840919948134,[0.7590664],11147.0,-0.10738356521753481,0.5459708445166045,0.7019721417735485,0.6047110715197451,0.14747833208216743,0.809123088328862,0.809123088328862,0.8706859358078545,-218680533.58303043,-0.029249135921063645,0.9092895455198506,0.713734838393045,0.7688520991978359,67.54742097854614,119.09999999999998,0.0,199129.4708890915,0.0,829706.1287045479,71.67739056308733,0.09071045448014947
658b7311-8759-4009-be67-490e6db4d241,XGBClassifier,PREPROCESSING,DIR,DIR_ROS,0.8019518187401897,0.8134626354820308,0.3480515935303351,0.8134626354820308,0.7983313896115547,0.5592156862745098,3506.0,0.19804818125981027,-0.09432741180146897,0.5545412875559587,0.4407843137254902,-0.021712179735861148,0.950933399403463,0.1865373645179692,0.07495250866018549,1.416809072549324,0.06846016958023657,-0.02694970858975214,0.6324698278038681,0.20166861038844533,-0.12901075596395706,0.42063119602711874,0.07573384470818247,0.1865373645179692,0.20166861038844533,0.7983313896115547,0.8134626354820308,0.9315398304197634,654.0,2248.0,654.0,2248.0,8899.0,9553.0,5100.0,8899.0,2852.0,0.5592156862745098,0.1019816323120713,-0.1019816323120713,0.024731782605068853,0.0003058305354121932,0.0003110694496793355,0.024731782605068853,0.0003058305354121932,0.0003110694496793355,0.38918850113584413,0.13434558116982465,0.5060817477152938,-0.07495250866018555,0.12901075596395706,-0.0026187644269454954,-0.18519962573690357,0.08855005714027535,0.7983313896115547,0.8134626354820308,-0.07495250866018555,0.23926840919948134,[0.7590664],11147.0,-0.10738356521753481,0.5459708445166045,0.6627933999535208,0.5479427825013043,0.19804818125981027,0.8058970125467928,0.8058970125467928,0.8880837053617366,-272937575.11371475,0.05405824730377157,0.9250474913398145,0.7304392367780767,0.7855245380544387,,,,,,,,0.07495250866018555
658b7311-8759-4009-be67-490e6db4d241,GradientBoostingClassifier,PREPROCESSING,DIR,DIR_ROS,0.8009963829932437,0.88562464346834,0.38353920698833005,0.88562464346834,0.7743787566161299,0.552491103202847,3506.0,0.19900361700675628,-0.07401278507220099,0.6471503158567775,0.447508896797153,0.02832574420279904,1.063634056239185,0.11437535653166,0.10524120811583099,2.002775929270843,0.044392782021476805,-0.005616732432377175,0.8763480546603533,0.2256212433838701,-0.12274150144235481,0.5002514435165554,0.06804474885487098,0.11437535653166,0.2256212433838701,0.7743787566161299,0.88562464346834,0.9556072179785232,401.0,2515.0,401.0,2515.0,8632.0,9033.0,5620.0,8632.0,3105.0,0.552491103202847,0.11399135477909286,-0.11399135477909286,0.025412329333327044,0.00032289324107273706,0.0003285817097690777,0.025412329333327044,0.00032289324107273706,0.0003285817097690777,0.368903100704971,0.07316028772614502,0.5381029993830629,-0.10524120811583093,0.12274150144235481,-0.016971238317588136,-0.18990000448551653,0.073172443871776,0.7743787566161299,0.88562464346834,-0.10524120811583093,0.23926840919948134,[0.7590664],11147.0,-0.10738356521753481,0.5459708445166045,0.6804733727810651,0.5790912014155588,0.19900361700675628,0.830001700042235,0.830001700042235,0.9246147182989994,-209479528.6508208,0.017500293326523822,0.8947587918841692,0.7696120956748048,0.8072477074650697,32.24752116203308,110.39999999999998,0.0,203810.61573767662,0.0,849210.8989069859,73.36238598890905,0.10524120811583093
658b7311-8759-4009-be67-490e6db4d241,AdaBoostClassifier,PREPROCESSING,DIR,DIR_ROS,0.7900771173138607,0.8867655447803765,0.3950044359516823,0.8867655447803765,0.7596662779223109,0.5371458189357291,3506.0,0.20992288268613934,-0.08404050226383564,0.6216666964945085,0.4628541810642709,0.017988918389987896,1.0389919179160179,0.1132344552196235,0.09250235461264628,1.8813955699210954,0.04478285391990976,-0.008708922361895785,0.8123032255137684,0.24033372207768908,-0.13439233940149656,0.4874747399694459,0.06950123211162981,0.1132344552196235,0.24033372207768908,0.7596662779223109,0.8867655447803765,0.9552171460800902,397.0,2679.0,397.0,2679.0,8468.0,8865.0,5788.0,8468.0,3109.0,0.5371458189357291,0.11344734700707139,-0.11344734700707139,0.027072054255284295,0.0003664480608005283,0.00037334047108260814,0.027072054255284295,0.0003664480608005283,0.00037334047108260814,0.37283034241228225,0.07561785280230604,0.5367959663541683,-0.09250235461264622,0.13439233940149656,-0.013348920375941813,-0.1961700889857467,0.07456479672805952,0.7596662779223109,0.8867655447803765,-0.09250235461264622,0.23926840919948134,[0.7590664],11147.0,-0.10738356521753481,0.5459708445166045,0.6690337852377878,0.5641622895111615,0.20992288268613934,0.8232159113513436,0.8232159113513438,0.9166075725081622,-147865717.42839482,0.04188998478885028,0.9074976453873538,0.762664050042929,0.8055166390792365,,,,,,,,0.09250235461264622
658b7311-8759-4009-be67-490e6db4d241,RandomForestClassifier,PREPROCESSING,DIR,DIR_ROS,0.8367569780932232,0.7059326868225898,0.2617893946632089,0.7059326868225898,0.8779043688884902,0.6452033368091762,3506.0,0.16324302190677675,-0.061299308615387016,0.6439181163733269,0.35479666319082376,0.02460124212942605,1.0697398628616606,0.29406731317741014,0.08277261625401078,1.2887543071943195,0.09531293334565961,-0.03754592465689173,0.6304496202623312,0.12209563111150983,-0.0668675808468506,0.49717303427654325,0.07782313470138558,0.29406731317741014,0.12209563111150983,0.8779043688884902,0.7059326868225898,0.9046870666543404,1031.0,1361.0,1031.0,1361.0,9786.0,10817.0,3836.0,9786.0,2475.0,0.6452033368091762,0.07482009855043074,-0.07482009855043074,0.008323373878142025,3.4639276357668505e-05,3.48347911659922e-05,0.008323373878142025,3.4639276357668505e-05,3.48347911659922e-05,0.394520302903122,0.0845920546281862,0.5317392055512135,-0.08277261625401089,0.08277261625401089,-0.03107358339315889,-0.131534771228907,0.10365469189469866,0.8779043688884902,0.7059326868225898,-0.08277261625401089,0.23926840919948134,[0.7590664],11147.0,-0.10738356521753481,0.5459708445166045,0.6742032143830019,0.5666095605634602,0.16324302190677675,0.79191852785554,0.7919185278555401,0.8511699501536036,-511128957.83274734,-0.01590503540716018,0.9172273837459892,0.6897032186150202,0.7518721279571602,31.190011024475098,120.69999999999997,0.0,204132.1947483301,0.0,850550.8114513755,73.47813954482716,0.08277261625401089
658b7311-8759-4009-be67-490e6db4d241,BaggingClassifier,PREPROCESSING,DIR,DIR_ROS,0.8284992834231898,0.6486023958927553,0.2426124343137924,0.6486023958927553,0.8850811877635238,0.639662447257384,3506.0,0.1715007165768102,-0.07755536800062524,0.5756647318305678,0.36033755274261603,-0.012382210334787425,0.9657358886487658,0.35139760410724474,0.03379467777724571,1.097007744123173,0.11101099297170662,-0.0544577262081756,0.5461692906734144,0.11491881223647618,-0.06882488525515451,0.4543128044170757,0.0851741654790743,0.35139760410724474,0.11491881223647618,0.8850811877635238,0.6486023958927553,0.8889890070282934,1232.0,1281.0,1232.0,1281.0,9866.0,11098.0,3555.0,9866.0,2274.0,0.639662447257384,0.05130978151620008,-0.05130978151620008,0.004462393697432729,9.956478755443671e-06,9.986460611203797e-06,0.004462393697432729,9.956478755443671e-06,9.986460611203797e-06,0.4127327597346116,0.07236986440014426,0.5382275239672386,-0.03379467777724565,0.06882488525515451,-0.021037757936694115,-0.12008886573288916,0.11745077126585994,0.8850811877635238,0.6486023958927553,-0.03379467777724565,0.23926840919948134,[0.7590664],11147.0,-0.10738356521753481,0.5459708445166045,0.6441014020676958,0.5311615598179935,0.1715007165768102,0.7668417918281396,0.7668417918281396,0.8061882766243328,-1177596311.561238,0.035030207477908804,0.9662053222227543,0.6463440630995524,0.7265147071879323,,,,,,,,0.03379467777724565
658b7311-8759-4009-be67-490e6db4d241,BernoulliNB,PREPROCESSING,DIR,DIR_ROS,0.7545895038558657,0.8576725613234455,0.4165699856684638,0.8576725613234455,0.7221673993002602,0.4926277850589777,3506.0,0.24541049614413435,-0.10193009975098632,0.6082931668360378,0.5073722149410222,0.01815557589772887,1.0358838867497437,0.14232743867655448,0.14799738199000687,2.1466204934759756,0.05836939992981635,-0.007072678895726499,0.8816012952819765,0.27783260069973986,-0.1673382502104787,0.45149260591352747,0.07718925904095393,0.14232743867655448,0.27783260069973986,0.7221673993002602,0.8576725613234455,0.9416306000701836,499.0,3097.0,499.0,3097.0,8050.0,8549.0,6104.0,8050.0,3007.0,0.4926277850589777,0.1576678161002428,-0.1576678161002428,0.03528009165720528,0.0006223424336704029,0.0006377634617252513,0.03528009165720528,0.0006223424336704029,0.0006377634617252513,0.39291031811586197,0.14928090109390313,0.4986649702672388,-0.1479973819900069,0.1673382502104787,-0.01261412739672763,-0.22524849986475942,0.08565061814862857,0.7221673993002602,0.8576725613234455,-0.1479973819900069,0.23926840919948134,[0.7590664],11147.0,-0.10738356521753481,0.5459708445166045,0.6258064516129033,0.5017971352387406,0.24541049614413435,0.7899199803118528,0.7899199803118528,0.9144649385015696,-357276964.31280637,0.019340868220471846,0.8520026180099932,0.7236192997232582,0.7618874278901013,25.03559637069702,131.2,0.0,204395.56797258853,0.0,851648.1998857856,73.57294171235536,0.1479973819900069
658b7311-8759-4009-be67-490e6db4d241,BaggingClassifier,PREPROCESSING,DIR,HYPERPARAMETER_ROS,0.8423531017539071,0.728465487735311,0.26697604586091583,0.728465487735311,0.878173499596304,0.6528629856850716,3506.0,0.1576468982460929,-0.05530143045971747,0.6662192216493968,0.34713701431492844,0.02532961863771266,1.0733846862861283,0.2715345122646891,0.12850996919049218,1.4942214718747602,0.0886323433572293,-0.026194667587438936,0.7185809025575988,0.12182650040369607,-0.0711529628199542,0.4666671092081826,0.07426704800637589,0.2715345122646891,0.12182650040369607,0.878173499596304,0.728465487735311,0.9113676566427706,952.0,1358.0,952.0,1358.0,9789.0,10741.0,3912.0,9789.0,2554.0,0.6528629856850716,0.09983146600522319,-0.09983146600522319,0.012811892230107721,8.20722912579473e-05,8.27894425895178e-05,0.012811892230107721,8.20722912579473e-05,8.27894425895178e-05,0.385401214337412,0.15124500027017684,0.49741753906571984,-0.12850996919049218,0.12850996919049218,-0.02576214311257574,-0.1447472801493092,0.09768340081070558,0.878173499596304,0.728465487735311,-0.12850996919049218,0.23926840919948134,[0.7590664],11147.0,-0.10738356521753481,0.5459708445166045,0.6885953087085468,0.5850506862513954,0.1576468982460929,0.8033194936658075,0.8033194936658075,0.8835160563890385,-169479706.59103104,-0.05735700637053798,0.8714900308095078,0.707969507969508,0.755203259954616,35.22468662261963,108.59999999999998,0.0,203781.95965707302,0.0,849091.4985711375,73.35207112656215,0.12850996919049218
658b7311-8759-4009-be67-490e6db4d241,RandomForestClassifier,PREPROCESSING,DIR,HYPERPARAMETER_ROS,0.7905548351873336,0.88562464346834,0.3939807547942401,0.88562464346834,0.7606530905176281,0.5378486055776892,3506.0,0.2094451648126664,-0.05710313792633226,0.7377485517457334,0.46215139442231074,0.07004505291097685,1.1537753787646445,0.11437535653166,0.06326524911003623,1.5819673635712843,0.045157657657657654,-0.013385161285123147,0.71844872559045,0.23934690948237194,-0.0963587478258405,0.6221765400375027,0.06956454794918653,0.11437535653166,0.23934690948237194,0.7606530905176281,0.88562464346834,0.9548423423423423,401.0,2668.0,401.0,2668.0,8479.0,8880.0,5773.0,8479.0,3105.0,0.5378486055776892,0.07981199846793834,-0.07981199846793834,0.015996903072374755,0.00012795045395347645,0.00012935215927687858,0.015996903072374755,0.00012795045395347645,0.00012935215927687858,0.37300012855007575,-0.06345702544692577,0.6169666105568802,-0.06326524911003617,0.0963587478258405,-0.04171510709805,-0.15980113860110995,0.07474409045581722,0.7606530905176281,0.88562464346834,-0.06326524911003617,0.23926840919948134,[0.7590664],11147.0,-0.10738356521753481,0.5459708445166045,0.6692531522793405,0.5642828983560965,0.2094451648126664,0.823138866992984,0.823138866992984,0.8888352249843285,-186358111.87350988,0.033093498715804276,0.9367347508899638,0.7623841384813701,0.8128126370157759,,,,,,,,0.06326524911003617
658b7311-8759-4009-be67-490e6db4d241,GradientBoostingClassifier,PREPROCESSING,DIR,HYPERPARAMETER_ROS,0.8079574148638504,0.8399885909868796,0.3547396437589572,0.8399885909868796,0.797882838431865,0.5665640631011928,3506.0,0.19204258513614958,-0.07740898864504242,0.6192183135151172,0.4334359368988072,0.013695894281587795,1.0316804689829069,0.16001140901312036,0.0970918538384177,1.6416505123234562,0.059333685880486514,-0.016504974830430362,0.7351002797401736,0.20211716156813492,-0.11638409973561747,0.4735354247538622,0.07181243081718834,0.16001140901312036,0.20211716156813492,0.797882838431865,0.8399885909868796,0.9406663141195135,561.0,2253.0,561.0,2253.0,8894.0,9455.0,5198.0,8894.0,2945.0,0.5665640631011928,0.10673797678701757,-0.10673797678701757,0.02323606277289239,0.0002699573065928978,0.00027429355227415994,0.02323606277289239,0.0002699573065928978,0.00027429355227415994,0.3789787086821325,0.0974376769019697,0.5251417675598655,-0.09709185383841767,0.11638409973561747,-0.015100434556009078,-0.1809344846059024,0.08181030825231206,0.797882838431865,0.8399885909868796,-0.09709185383841767,0.23926840919948134,[0.7590664],11147.0,-0.10738356521753481,0.5459708445166045,0.6767003676470589,0.568812592830346,0.19204258513614958,0.8189357147093723,0.8189357147093723,0.9063472560160809,-231280502.26492834,0.019292245897199772,0.9029081461615823,0.7495545940442861,0.7945370504523773,67.37999486923218,118.39999999999998,0.0,204442.74288365841,0.0,851844.7620152434,73.58992249631686,0.09709185383841767
658b7311-8759-4009-be67-490e6db4d241,XGBClassifier,PREPROCESSING,DIR,DIR_RUS,0.8044086535180509,0.8747860810039931,0.37494028526581585,0.8747860810039931,0.7822732573786669,0.5582453585729887,3506.0,0.1955913464819491,-0.0766150597241273,0.6293831564368597,0.44175464142701126,0.021682088109377162,1.049293563579278,0.12521391899600684,0.054858483789090556,1.4560111464968153,0.04793099683371547,-0.01775123023449103,0.6527877856998382,0.2177267426213331,-0.11396970523534058,0.5176574651899327,0.06868943776444389,0.12521391899600684,0.2177267426213331,0.7822732573786669,0.8747860810039931,0.9520690031662845,439.0,2427.0,439.0,2427.0,8720.0,9159.0,5494.0,8720.0,3067.0,0.5582453585729887,0.08441409451221556,-0.08441409451221556,0.020777677107542712,0.00021585593299265222,0.0002189464200767624,0.020777677107542712,0.00021585593299265222,0.0002189464200767624,0.37064656416711567,0.02540780995960057,0.5644360829059102,-0.05485848378909053,0.11396970523534058,-0.019716659171934124,-0.17434381319008882,0.07495911044415476,0.7822732573786669,0.8747860810039931,-0.05485848378909053,0.23926840919948134,[0.7590664],11147.0,-0.10738356521753481,0.5459708445166045,0.6815555555555556,0.5790568339045628,0.1955913464819491,0.82852966919133,0.82852966919133,0.8984692509926216,-278799444.90860724,0.05911122144625003,0.9451415162109095,0.7661753684736449,0.8177927603141064,,,,,,,,0.05485848378909053
658b7311-8759-4009-be67-490e6db4d241,GradientBoostingClassifier,PREPROCESSING,DIR,DIR_RUS,0.8067289974749198,0.8756417569880205,0.37302941377192383,0.8756417569880205,0.7850542746927425,0.5616538602268569,3506.0,0.19327100252508023,-0.05576509635084481,0.7230761036090482,0.4383461397731431,0.0636305596935518,1.1471456692913384,0.12435824301197947,0.06629232316459939,1.5598018400566172,0.04745836508109285,-0.01417996644947045,0.7161755921780597,0.21494572530725756,-0.09090413152292123,0.6043295917108671,0.06821887503463928,0.12435824301197947,0.21494572530725756,0.7850542746927425,0.8756417569880205,0.9525416349189072,436.0,2396.0,436.0,2396.0,8751.0,9187.0,5466.0,8751.0,3070.0,0.5616538602268569,0.07859822734376028,-0.07859822734376028,0.015505858109337942,0.0001202158178534606,0.00012149155632288058,0.015505858109337942,0.0001202158178534606,0.00012149155632288058,0.36937480973839915,-0.040182172628634105,0.6027324689439199,-0.06629232316459932,0.09090413152292123,-0.038905263071511126,-0.157270234667522,0.07439704727895015,0.7850542746927425,0.8756417569880205,-0.06629232316459932,0.23926840919948134,[0.7590664],11147.0,-0.10738356521753481,0.5459708445166045,0.6843513152028533,0.5828609809816844,0.19327100252508023,0.8303480158403815,0.8303480158403815,0.895611897963844,-210521899.33161634,0.024611808358321843,0.9337076768354007,0.7682682682682682,0.8164917526292966,27.659311532974243,109.39999999999998,0.0,205876.46383805276,0.0,857818.5993252198,74.10599566392871,0.06629232316459932
658b7311-8759-4009-be67-490e6db4d241,AdaBoostClassifier,PREPROCESSING,DIR,DIR_RUS,0.8102777588207193,0.8571021106674273,0.3606087490616256,0.8571021106674273,0.7955503722974792,0.5686979560938683,3506.0,0.18972224117928072,-0.06645093932566337,0.6667074232620712,0.4313020439061317,0.03771494162744926,1.0881048757264058,0.14289788933257272,0.09490086681672333,1.706115540510445,0.05347422350304195,-0.01280555394405912,0.7703656725136439,0.20444962770252087,-0.10534964262899423,0.5246020962215793,0.06958731686051732,0.14289788933257272,0.20444962770252087,0.7955503722974792,0.8571021106674273,0.946525776496958,501.0,2279.0,501.0,2279.0,8868.0,9369.0,5284.0,8868.0,3005.0,0.5686979560938683,0.10012525472285874,-0.10012525472285874,0.020609425056061878,0.00021237420057071554,0.0002153895569352386,0.020609425056061878,0.00021237420057071554,0.0002153895569352386,0.3730611661926696,0.04834147611797268,0.5516054672350044,-0.09490086681672327,0.10534964262899423,-0.025260247785754246,-0.17296342923887686,0.0777560387979786,0.7955503722974792,0.8571021106674273,-0.09490086681672327,0.23926840919948134,[0.7590664],11147.0,-0.10738356521753481,0.5459708445166045,0.6837315130830489,0.5798810639759241,0.18972224117928072,0.8263262414824531,0.8263262414824533,0.9090623668950663,-146976261.9788239,0.010448775812270897,0.9050991331832767,0.7606632071889635,0.8033987243804811,,,,,,,,0.09490086681672327
658b7311-8759-4009-be67-490e6db4d241,RandomForestClassifier,PREPROCESSING,DIR,DIR_RUS,0.7991537569098478,0.856531660011409,0.3714597693305125,0.856531660011409,0.7811070243114739,0.5517178026823443,3506.0,0.2008462430901522,-0.06957403645029725,0.6701948400819369,0.44828219731765573,0.04221826488768243,1.094981509651943,0.143468339988591,0.0627923311463372,1.4555298204979734,0.054614549402823016,-0.019709540226181654,0.6609063192904656,0.21889297568852606,-0.10483280374173878,0.555722195950088,0.07152578170615574,0.143468339988591,0.21889297568852606,0.7811070243114739,0.856531660011409,0.9453854505971769,503.0,2440.0,503.0,2440.0,8707.0,9210.0,5443.0,8707.0,3003.0,0.5517178026823443,0.08381256744403794,-0.08381256744403794,0.01820568077431171,0.0001657234062280715,0.00016779549539786036,0.01820568077431171,0.0001657234062280715,0.00016779549539786036,0.37822157978136506,-0.002908440237810117,0.5806577867247631,-0.06279233114633709,0.10483280374173878,-0.030963902556932044,-0.16587522553222,0.07973638333795526,0.7811070243114739,0.856531660011409,-0.06279233114633709,0.23926840919948134,[0.7590664],11147.0,-0.10738356521753481,0.5459708445166045,0.6711364398256788,0.5630028990989112,0.2008462430901522,0.8188193421614415,0.8188193421614415,0.88744669350083,-450820644.07718456,0.042040472595401585,0.9372076688536629,0.7525844245348035,0.805475399280408,27.96420454978943,119.79999999999998,0.0,206167.77908272744,0.0,859032.4128446976,74.21085566519471,0.06279233114633709
658b7311-8759-4009-be67-490e6db4d241,BaggingClassifier,PREPROCESSING,DIR,DIR_RUS,0.7944448235856139,0.8051911009697661,0.35160035487613456,0.8051911009697661,0.7910648605005831,0.5479425465838509,3506.0,0.20555517641438614,-0.08387627085258875,0.614790459788111,0.45205745341614906,0.017306786167589017,1.038413220856391,0.19480889903023388,0.044879316124706664,1.2352295189984626,0.07188716977160299,-0.03374725394100126,0.5664946345148557,0.2089351394994169,-0.1107075509016046,0.5122177219009565,0.07796793886423681,0.19480889903023388,0.2089351394994169,0.7910648605005831,0.8051911009697661,0.928112830228397,683.0,2329.0,683.0,2329.0,8818.0,9501.0,5152.0,8818.0,2823.0,0.5479425465838509,0.07779343351315562,-0.07779343351315562,0.017785440862799866,0.00015816095334207563,0.0001600917900397459,0.017785440862799866,0.00015816095334207563,0.0001600917900397459,0.39488717088362546,0.025486001093892208,0.5643567037344221,-0.044879316124706636,0.1107075509016046,-0.025527020054295167,-0.16352276714663697,0.09163199026514535,0.7910648605005831,0.8051911009697661,-0.044879316124706636,0.23926840919948134,[0.7590664],11147.0,-0.10738356521753481,0.5459708445166045,0.6521136521136521,0.5327765539269875,0.20555517641438614,0.7981279807351745,0.7981279807351747,0.8602170967394858,-1237501652.367106,0.06582823477689793,0.9551206838752935,0.7206126356094448,0.7848463264629292,,,,,,,,0.044879316124706636
658b7311-8759-4009-be67-490e6db4d241,BernoulliNB,PREPROCESSING,DIR,DIR_RUS,0.7543165222138811,0.8545350827153452,0.4153415682795332,0.8545350827153452,0.7227953709518256,0.4922773578705225,3506.0,0.24568347778611888,-0.10224948652837373,0.6075474810660887,0.5077226421294775,0.017988292807131212,1.0355271947665121,0.14546491728465488,0.15154725986941875,2.149023404995688,0.05953075755807167,-0.0071734167402383794,0.8822435080955168,0.2772046290481744,-0.16790438775787334,0.44866863245725763,0.0776061956919394,0.14546491728465488,0.2772046290481744,0.7227953709518256,0.8545350827153452,0.9404692424419283,510.0,3090.0,510.0,3090.0,8057.0,8567.0,6086.0,8057.0,2996.0,0.4922773578705225,0.15972582381364608,-0.15972582381364608,0.03554495613201359,0.0006317219532133852,0.000647498483889021,0.03554495613201359,0.0006317219532133852,0.000647498483889021,0.3939700386880693,0.15520226550650196,0.4957166384785638,-0.15154725986941886,0.16790438775787334,-0.012580854773684768,-0.22600946248960568,0.08639142398242496,0.7227953709518256,0.8545350827153452,-0.15154725986941886,0.23926840919948134,[0.7590664],11147.0,-0.10738356521753481,0.5459708445166045,0.6246872393661385,0.49983776476104025,0.24568347778611888,0.7886652268335853,0.7886652268335854,0.9146354299027559,-358871714.4321031,0.016357127888454587,0.8484527401305811,0.7217537942664419,0.7595621147149108,24.93460512161255,130.2,0.0,206427.58647599223,0.0,860114.9436499677,74.30437429864999,0.15154725986941886
658b7311-8759-4009-be67-490e6db4d241,BaggingClassifier,PREPROCESSING,DIR,HYPERPARAMETER_RUS,0.7948542960485907,0.8796349115801483,0.386814986692145,0.8796349115801483,0.7681887503364134,0.544107268877911,3506.0,0.2051457039514093,-0.07405482741337666,0.6570034546874522,0.45589273112208895,0.035013122291620014,1.0773187770963901,0.12036508841985168,0.0811722778283288,1.717733825008381,0.04696716750139121,-0.011806777756974349,0.7596126966377799,0.23181124966358663,-0.1182892125085166,0.5288625987496898,0.06962595610927153,0.12036508841985168,0.23181124966358663,0.7681887503364134,0.8796349115801483,0.9530328324986088,422.0,2584.0,422.0,2584.0,8563.0,8985.0,5668.0,8563.0,3084.0,0.544107268877911,0.09973074516842265,-0.09973074516842265,0.02263525747993978,0.0002561774405915849,0.00026018280702344365,0.02263525747993978,0.0002561774405915849,0.00026018280702344365,0.3731647253138258,0.030375332279261702,0.5616527919069277,-0.0811722778283287,0.1182892125085166,-0.02340995002429718,-0.18109297785640016,0.07540881312727668,0.7681887503364134,0.8796349115801483,-0.0811722778283287,0.23926840919948134,[0.7590664],11147.0,-0.10738356521753481,0.5459708445166045,0.6723348593852191,0.5675025294739292,0.2051457039514093,0.8239118309582808,0.8239118309582809,0.9060811718128298,-188622182.54540724,0.0371169346801878,0.9188277221716712,0.762140121092302,0.8080736971195701,21.650850772857666,108.79999999999998,0.0,205798.72251443862,0.0,857494.6771434942,74.07801238656297,0.0811722778283287
658b7311-8759-4009-be67-490e6db4d241,RandomForestClassifier,PREPROCESSING,DIR,HYPERPARAMETER_RUS,0.7844809936531768,0.8933257273245864,0.4037398484951887,0.8933257273245864,0.7502467031488292,0.5294117647058824,3506.0,0.2155190063468232,-0.05761488435393336,0.7426644751609623,0.47058823529411764,0.07137653336483746,1.1539245451264304,0.10667427267541357,0.05423391280749644,1.5326604605585497,0.04280645530502461,-0.013846831893689841,0.6941767405141364,0.24975329685117073,-0.09760101502103605,0.6325886760079433,0.0694944775278685,0.10667427267541357,0.24975329685117073,0.7502467031488292,0.8933257273245864,0.9571935446949754,374.0,2784.0,374.0,2784.0,8363.0,8737.0,5916.0,8363.0,3132.0,0.5294117647058824,0.07591746391426625,-0.07591746391426625,0.015659462037923788,0.00012260937565858812,0.0001239236640420108,0.015659462037923788,0.00012260937565858812,0.0001239236640420108,0.37281222492796157,-0.07989126087161846,0.62721046907676,-0.054233912807496454,0.09760101502103605,-0.042611682629263625,-0.15912909871571712,0.07392057881707069,0.7502467031488292,0.8933257273245864,-0.054233912807496454,0.23926840919948134,[0.7590664],11147.0,-0.10738356521753481,0.5459708445166045,0.6648270006368074,0.5596121528812419,0.2155190063468232,0.8217862152367078,0.8217862152367078,0.8841741405771819,-188651462.17755592,0.04336710221353961,0.9457660871925035,0.7623220153340634,0.8150164908263348,,,,,,,,0.054233912807496454
658b7311-8759-4009-be67-490e6db4d241,GradientBoostingClassifier,PREPROCESSING,DIR,HYPERPARAMETER_RUS,0.8085033781478196,0.87906446092413,0.37289292295093157,0.87906446092413,0.7863102179958733,0.5640556368960469,3506.0,0.19149662185218042,-0.06083324244786781,0.6963429539987658,0.4359443631039531,0.050962186328753156,1.1181212890197858,0.12093553907586994,0.09103970116373739,1.807218683651805,0.04614212645554467,-0.008844230301153909,0.8146888078844335,0.21368978200412667,-0.10190824190941089,0.5574650006986401,0.06755913858300806,0.12093553907586994,0.21368978200412667,0.7863102179958733,0.87906446092413,0.9538578735444553,424.0,2382.0,424.0,2382.0,8765.0,9189.0,5464.0,8765.0,3082.0,0.5640556368960469,0.09647397153657408,-0.09647397153657408,0.019728904400174153,0.0001946148344156055,0.00019725696043503972,0.019728904400174153,0.0001946148344156055,0.00019725696043503972,0.36758438101477614,0.014859502825362525,0.5704242584951044,-0.09103970116373727,0.10190824190941089,-0.029903208314953533,-0.1708493107981384,0.07337312539007501,0.7863102179958733,0.87906446092413,-0.09103970116373727,0.23926840919948134,[0.7590664],11147.0,-0.10738356521753481,0.5459708445166045,0.6871794871794872,0.5870319716315977,0.19149662185218042,0.8326873394600017,0.8326873394600016,0.9130199941459313,-244000314.68721315,0.010868540745673505,0.9089602988362628,0.7713677887623577,0.812357595383359,37.715930223464966,118.89999999999998,0.0,206180.12684960364,0.0,859083.8618733486,74.21530028961428,0.09103970116373727
658b7311-8759-4009-be67-490e6db4d241,XGBClassifier,PREPROCESSING,DIR,DIR_FOS,0.8502695693714598,0.6332002281802624,0.21347164403193886,0.6332002281802624,0.9185431057683682,0.7097186700767263,3506.0,0.1497304306285402,-0.07241765139255785,0.5481023088986576,0.29028132992327366,-0.058255134261900876,0.8023706549775466,0.3667997718197376,0.05185735038232525,1.1431908844466974,0.11158351409978308,-0.05109841043436052,0.5740178361972904,0.08145689423163183,-0.0597866401221426,0.3443843412222859,0.07853195886406925,0.3667997718197376,0.08145689423163183,0.9185431057683682,0.6332002281802624,0.8884164859002169,1286.0,908.0,1286.0,908.0,10239.0,11525.0,3128.0,10239.0,2220.0,0.7097186700767263,0.055821995252233955,-0.055821995252233955,0.0035938335384172945,6.457819750926486e-06,6.473463909550512e-06,0.0035938335384172945,6.457819750926486e-06,6.473463909550512e-06,0.39631290381230144,0.16370136997122264,0.49106350148696243,-0.05185735038232531,0.0597866401221426,0.0035783619137701797,-0.11731872175080961,0.11431434095947864,0.9185431057683682,0.6332002281802624,-0.05185735038232531,0.23926840919948134,[0.7590664],11147.0,-0.10738356521753481,0.5459708445166045,0.6692794694000603,0.5744711351413602,0.1497304306285402,0.7758716669743153,0.7758716669743153,0.8191823714844984,-252324113.51870674,0.007929289739817345,0.9481426496176747,0.6507401436318335,0.7267235814901672,,,,,,,,0.05185735038232531
658b7311-8759-4009-be67-490e6db4d241,GradientBoostingClassifier,PREPROCESSING,DIR,DIR_FOS,0.8654200505016038,0.6451796919566457,0.20405377738347097,0.6451796919566457,0.9346909482371939,0.7565217391304347,3506.0,0.13457994949839625,-0.04205201728979091,0.7011013254612137,0.24347826086956523,0.04531319547198864,1.1889539623020102,0.35482030804335424,0.10349320754114588,1.2995016486594178,0.10666209380090885,-0.0381055516380923,0.6622666610933904,0.06530905176280613,-0.03260070210738488,0.5383463549831324,0.07162566133210453,0.35482030804335424,0.06530905176280613,0.9346909482371939,0.6451796919566457,0.8933379061990911,1244.0,728.0,1244.0,728.0,10419.0,11663.0,2990.0,10419.0,2262.0,0.7565217391304347,0.06804695482426538,-0.06804695482426538,0.0005965565195127212,1.7793984048656587e-07,1.778686628314417e-07,0.0005965565195127212,1.7793984048656587e-07,1.778686628314417e-07,0.3784855646708459,0.11023336515697801,0.5180432688396122,-0.10349320754114588,0.10349320754114588,-0.04170937355504047,-0.10575032715017134,0.10723833595959546,0.9346909482371939,0.6451796919566457,-0.10349320754114588,0.23926840919948134,[0.7590664],11147.0,-0.10738356521753481,0.5459708445166045,0.6964285714285714,0.6138684945274303,0.13457994949839625,0.7899353200969198,0.7899353200969198,0.8436880131376464,-190586799.55290058,-0.070892505433761,0.8965067924588542,0.6698252887177968,0.7314765015988915,30.401910305023193,109.19999999999997,0.0,210602.60674364565,0.0,877510.861431857,75.80718830702986,0.10349320754114588
658b7311-8759-4009-be67-490e6db4d241,AdaBoostClassifier,PREPROCESSING,DIR,DIR_FOS,0.8590049819149662,0.6734169994295494,0.22398143724834504,0.6734169994295494,0.9173768727011752,0.7193784277879341,3506.0,0.14099501808503379,-0.0523053604622572,0.6479998202959112,0.2806215722120658,-0.00529332667097282,0.9811634429120768,0.32658300057045064,0.12401425538368216,1.3931017906501624,0.10069474980212823,-0.032996901397585404,0.6891999903117204,0.0826231272988248,-0.054598472745220984,0.4033806233508171,0.07258284512720409,0.32658300057045064,0.0826231272988248,0.9173768727011752,0.6734169994295494,0.8993052501978718,1145.0,921.0,1145.0,921.0,10226.0,11371.0,3282.0,10226.0,2361.0,0.7193784277879341,0.08930636406445157,-0.08930636406445157,0.007562630687535651,2.8596691458027976e-05,2.874320576466695e-05,0.007562630687535651,2.8596691458027976e-05,2.874320576466695e-05,0.3810061551397932,0.20675585289993337,0.4703736349949483,-0.12401425538368216,0.12401425538368216,-0.013851787363306292,-0.1285160111186803,0.10389189645480502,0.9173768727011752,0.6734169994295494,-0.12401425538368216,0.23926840919948134,[0.7590664],11147.0,-0.10738356521753481,0.5459708445166045,0.6956393635827932,0.6045779732518484,0.14099501808503379,0.7953969360653623,0.7953969360653623,0.8664309444133649,-145937913.05337906,-0.06941578263846118,0.8759857446163178,0.6843478260869565,0.7381777949735243,,,,,,,,0.12401425538368216
658b7311-8759-4009-be67-490e6db4d241,RandomForestClassifier,PREPROCESSING,DIR,DIR_FOS,0.8493141336245138,0.6377638334284085,0.2166109329147615,0.6377638334284085,0.9158517986902306,0.704473850031506,3506.0,0.1506858663754862,-0.06144538793642085,0.6150364989916284,0.295526149968494,0.0069400753679212945,1.0235299291903066,0.3622361665715916,0.05337188512682983,1.1493103044038921,0.1106368150535761,-0.04946273816617901,0.5831864789940305,0.08414820130976944,-0.047864570971768106,0.4794030579154546,0.07860801681727285,0.3622361665715916,0.08414820130976944,0.9158517986902306,0.6377638334284085,0.8893631849464239,1270.0,938.0,1270.0,938.0,10209.0,11479.0,3174.0,10209.0,2236.0,0.704473850031506,0.050618228049299,-0.050618228049299,0.0001510363846827662,1.1405994749020268e-08,1.1407150842426781e-08,0.0001510363846827662,1.1405994749020268e-08,1.1407150842426781e-08,0.39650477126327965,0.07654617164853206,0.5358824696714704,-0.05337188512682989,0.05337188512682989,-0.02820140676705015,-0.10780245095222714,0.11371791337428357,0.9158517986902306,0.6377638334284085,-0.05337188512682989,0.23926840919948134,[0.7590664],11147.0,-0.10738356521753481,0.5459708445166045,0.6694610778443114,0.5733737572428346,0.1506858663754862,0.7768078160593196,0.7768078160593195,0.8161284512430881,-508528145.26501256,-0.005507314155061727,0.9466281148731701,0.6532281624306164,0.7284915775059527,30.105990409851074,119.39999999999998,0.0,210910.165973258,0.0,878792.3582219084,75.91789539083709,0.05337188512682989
658b7311-8759-4009-be67-490e6db4d241,BaggingClassifier,PREPROCESSING,DIR,DIR_FOS,0.8304101549170818,0.5561893896177981,0.19647853681839897,0.5561893896177981,0.9166591908136719,0.6773185133726989,3506.0,0.1695898450829182,-0.0692746019704169,0.6144021710766662,0.3226814866273012,0.028567330798568102,1.0892473413253596,0.44381061038220193,0.01624283639033891,1.036718933256347,0.13215559707830812,-0.0654520803907912,0.5408156456436418,0.08334080918632816,-0.03966080160211789,0.5583357988651979,0.0915463285077973,0.44381061038220193,0.08334080918632816,0.9166591908136719,0.5561893896177981,0.8678444029216918,1556.0,929.0,1556.0,929.0,10218.0,11774.0,2879.0,10218.0,1950.0,0.6773185133726989,0.02795181899622843,-0.02795181899622843,0.007708221885210604,2.970834231581986e-05,2.9556146835658625e-05,0.007708221885210604,2.970834231581986e-05,2.9556146835658625e-05,0.42789327760037854,-0.013652881551634577,0.5864598198474915,-0.016242836390338966,0.03966080160211789,-0.04700970559467971,-0.08644587924299482,0.13555235262817775,0.9166591908136719,0.5561893896177981,-0.016242836390338966,0.23926840919948134,[0.7590664],11147.0,-0.10738356521753481,0.5459708445166045,0.610806577916993,0.5077199140014924,0.1695898450829182,0.736424290215735,0.736424290215735,0.7570086886802712,-1132944703.3375978,0.023417965211778982,0.9837571636096611,0.5822198999776069,0.6739090583908537,,,,,,,,0.016242836390338966
658b7311-8759-4009-be67-490e6db4d241,BernoulliNB,PREPROCESSING,DIR,DIR_FOS,0.8060465433699584,0.735596120935539,0.3066948747696717,0.735596120935539,0.8282048981788822,0.5738762794837561,3506.0,0.1939534566300416,-0.08239244999061635,0.5998902506078018,0.42612372051624386,-0.011025512000018944,0.9741710895516604,0.26440387906446094,0.18881199814823685,1.7628960735305974,0.09124913869475341,-0.019776409895388147,0.791396425749026,0.1717951018211178,-0.12228447039069336,0.36212483080718255,0.08311710175700358,0.26440387906446094,0.1717951018211178,0.8282048981788822,0.735596120935539,0.9087508613052466,927.0,1915.0,927.0,1915.0,9232.0,10159.0,4494.0,9232.0,2579.0,0.5738762794837561,0.15554823426946512,-0.15554823426946512,0.02803976302043793,0.0003931141551211592,0.00040078217210336896,0.02803976302043793,0.0003931141551211592,0.00040078217210336896,0.4077182894033663,0.3078568218121598,0.425297044966181,-0.1888119981482369,0.1888119981482369,-0.004375448947684629,-0.19231715782072306,0.10447985389931141,0.8282048981788822,0.735596120935539,-0.1888119981482369,0.23926840919948134,[0.7590664],11147.0,-0.10738356521753481,0.5459708445166045,0.64475,0.5216374927371681,0.1939534566300416,0.7819005095572106,0.7819005095572107,0.9035237531932299,-330001254.91736364,-0.06652752775754349,0.8111880018517631,0.6871835864641619,0.7240797112778353,26.068209171295166,131.2,0.0,211218.3239242792,0.0,880076.3496844965,76.02881798663289,0.1888119981482369
658b7311-8759-4009-be67-490e6db4d241,BaggingClassifier,PREPROCESSING,DIR,HYPERPARAMETER_FOS,0.8528628949703132,0.5610382201939532,0.17634614072203644,0.5610382201939532,0.9446487844263031,0.7612229102167183,3506.0,0.1471371050296868,-0.05454560592652247,0.6482342077117572,0.23877708978328174,0.03710967543454852,1.1574995919699689,0.4389617798060468,0.05654861676484202,1.1303272091793326,0.12751677852348994,-0.05564838951836103,0.591777879056644,0.05535121557369696,-0.02662924691721013,0.5538525453655208,0.08152573761116322,0.4389617798060468,0.05535121557369696,0.9446487844263031,0.5610382201939532,0.87248322147651,1539.0,617.0,1539.0,617.0,10530.0,12069.0,2584.0,10530.0,1967.0,0.7612229102167183,0.04158893184102608,-0.04158893184102608,0.008258609055872728,3.4102311768871516e-05,3.3915259165253057e-05,0.008258609055872728,3.4102311768871516e-05,3.3915259165253057e-05,0.40379632888663863,0.05484865543083073,0.5474476629638726,-0.05654861676484202,0.05654861676484202,-0.046379032476454744,-0.08542268642234152,0.12728192854531506,0.9446487844263031,0.5610382201939532,-0.05654861676484202,0.23926840919948134,[0.7590664],11147.0,-0.10738356521753481,0.5459708445166045,0.6459770114942529,0.5660891763189244,0.1471371050296868,0.7528435023101282,0.7528435023101281,0.7841534594146634,-169888211.23355156,-0.02991936984763189,0.943451383235158,0.600519004732102,0.6833105172183491,28.516225576400757,109.59999999999998,0.0,210594.39635469913,0.0,877476.651477913,75.8042329471197,0.05654861676484202
658b7311-8759-4009-be67-490e6db4d241,RandomForestClassifier,PREPROCESSING,DIR,HYPERPARAMETER_FOS,0.8550467481061899,0.5310895607529948,0.15983075138196956,0.5310895607529948,0.9569390867497981,0.7950469684030743,3506.0,0.14495325189381014,-0.05473826561128514,0.6420146012972662,0.2049530315969257,0.05853510436432638,1.2933657942787584,0.46891043924700515,0.020155883338920544,1.0431506234861398,0.13353911136382096,-0.0633582505720497,0.5581070102624113,0.043060913250201845,-0.014581067661377834,0.6790789542075992,0.08180149874977959,0.46891043924700515,0.043060913250201845,0.9569390867497981,0.5310895607529948,0.866460888636179,1644.0,480.0,1644.0,480.0,10667.0,12311.0,2342.0,10667.0,1862.0,0.7950469684030743,0.017368475500149215,-0.017368475500149215,0.015172594600800936,0.00011510381346012687,0.0001139537411529883,0.015172594600800936,0.00011510381346012687,0.0001139537411529883,0.40447867372651325,-0.03801201449609315,0.6007146133230182,-0.0201558833389206,0.0201558833389206,-0.060946677468188055,-0.06774843873272009,0.1321012156953339,0.9569390867497981,0.5310895607529948,-0.0201558833389206,0.23926840919948134,[0.7590664],11147.0,-0.10738356521753481,0.5459708445166045,0.6367989056087552,0.5681855196881893,0.14495325189381014,0.7440143237513964,0.7440143237513965,0.7569367183052328,-169274890.79559153,-0.00557481567754271,0.9798441166610794,0.5791601866251944,0.6705639025280571,,,,,,,,0.0201558833389206
658b7311-8759-4009-be67-490e6db4d241,GradientBoostingClassifier,PREPROCESSING,DIR,HYPERPARAMETER_FOS,0.8543642940012284,0.6237877923559612,0.2048727223094247,0.6237877923559612,0.9268861577105948,0.7285143237841439,3506.0,0.14563570599877163,-0.0665277481702018,0.5716228698798935,0.2714856762158561,-0.02672064777327937,0.9023668639053254,0.3762122076440388,0.03452301135003116,1.0925251488071364,0.11320916659514205,-0.05390351334748743,0.5578644652463437,0.07311384228940522,-0.047188441323967184,0.4159648084412974,0.07746349755655504,0.3762122076440388,0.07311384228940522,0.9268861577105948,0.6237877923559612,0.886790833404858,1319.0,815.0,1319.0,815.0,10332.0,11651.0,3002.0,10332.0,2187.0,0.7285143237841439,0.040855726336999146,-0.040855726336999146,0.0012491631132375677,7.802042417366861e-07,7.795512747039752e-07,0.0012491631132375677,7.802042417366861e-07,7.795512747039752e-07,0.39360766648162493,0.09236809954834602,0.5274031842697721,-0.03452301135003111,0.047188441323967184,-0.013591432787104056,-0.10396073357847158,0.11485342205990524,0.9268861577105948,0.6237877923559612,-0.03452301135003111,0.23926840919948134,[0.7590664],11147.0,-0.10738356521753481,0.5459708445166045,0.6720958819913952,0.5820932239818556,0.14563570599877163,0.7753369750332779,0.7753369750332779,0.8070139303041942,-219629400.6185817,0.012665429973936021,0.965476988649969,0.6470414201183432,0.726964372147363,52.6760835647583,120.59999999999998,0.0,211174.34889891147,0.0,879893.1204121312,76.01298901338133,0.03452301135003111
658b7311-8759-4009-be67-490e6db4d241,XGBClassifier,PREPROCESSING,DIR,DIR_FAIR_SMOTE,0.33999863509179007,0.9791785510553337,0.8893059441752542,0.9791785510553337,0.13896115546783888,0.2634486992556212,3506.0,0.6600013649082099,-0.5858996663465798,0.21369401828926646,0.7365513007443788,-0.2204745192977019,0.7041124218083563,0.020821448944666286,0.23248407643312102,inf,0.04500616522811344,0.04500616522811344,inf,0.8610388445321612,-0.8534435261707989,0.1465564738292011,0.04360730303657314,0.020821448944666286,0.8610388445321612,0.13896115546783888,0.9791785510553337,0.9549938347718866,73.0,9598.0,73.0,9598.0,1549.0,1622.0,13031.0,1549.0,3433.0,0.2634486992556212,0.54296380130196,-0.54296380130196,0.13977613243951495,0.00976868359987441,0.010887903792697834,0.13977613243951495,0.00976868359987441,0.010887903792697834,0.2953211913716086,9.310504451870042,0.23813997181775481,-0.23248407643312097,0.8534435261707989,0.13274034226290765,-0.7618600281822452,0.04952263878835157,0.13896115546783888,0.9791785510553337,-0.23248407643312097,0.23926840919948134,[0.7590664],11147.0,-0.10738356521753481,0.5459708445166045,0.41519017959726673,0.16064475360928507,0.6600013649082099,0.5590698532615863,0.5590698532615863,0.8626245459818261,,0.6209594497376778,0.7675159235668791,0.5831245488131132,0.6338871541684432,,,,,,,,0.23248407643312097
658b7311-8759-4009-be67-490e6db4d241,GradientBoostingClassifier,PREPROCESSING,DIR,DIR_FAIR_SMOTE,0.327168497918515,0.9942954934398175,0.9093700948611206,0.9942954934398175,0.11734098860680003,0.26161350844277675,3506.0,0.672831502081485,-0.49759529809857594,0.3322027953936385,0.7383864915572232,-0.11217055014671462,0.8494616405874996,0.005704506560182544,0.06369426751592357,inf,0.015060240963855422,0.015060240963855422,inf,0.8826590113931999,-0.7206611570247934,0.2793388429752066,0.04011760583590809,0.005704506560182544,0.8826590113931999,0.11734098860680003,0.9942954934398175,0.9849397590361446,20.0,9839.0,20.0,9839.0,1308.0,1328.0,13325.0,1308.0,3486.0,0.26161350844277675,0.39217771227035847,-0.39217771227035847,0.10895877720058458,0.005936007564523315,0.006440757839162363,0.10895877720058458,0.005936007564523315,0.006440757839162363,0.28325820671573876,9.110586768491665,0.37623297322686705,-0.06369426751592355,0.7206611570247934,0.06361539555528499,-0.623767026773133,0.04447696909670228,0.11734098860680003,0.9942954934398175,-0.06369426751592355,0.23926840919948134,[0.7590664],11147.0,-0.10738356521753481,0.5459708445166045,0.41423563662289825,0.16590460939481302,0.672831502081485,0.5558182410233088,0.5558182410233088,0.7737977672259647,-622007293.2257065,0.6569668895088698,0.9363057324840763,0.5848257350165667,0.6684716356580299,35.767698764801025,108.39999999999999,0.0,202607.31318314077,0.0,844197.1382630864,72.92925277772774,0.06369426751592355
658b7311-8759-4009-be67-490e6db4d241,AdaBoostClassifier,PREPROCESSING,DIR,DIR_FAIR_SMOTE,0.326213062171569,0.9937250427837993,0.910052548966082,0.9937250427837993,0.11626446577554499,0.2612673415823022,3506.0,0.673786937828431,-0.49101944088861826,0.34102791709290015,0.7387326584176978,-0.10517867346974952,0.8588450807399118,0.006274957216200799,0.07006369426751592,inf,0.01669195751138088,0.01669195751138088,inf,0.883735534224455,-0.7140495867768595,0.2859504132231405,0.0400920653257612,0.006274957216200799,0.883735534224455,0.11626446577554499,0.9937250427837993,0.9833080424886191,22.0,9851.0,22.0,9851.0,1296.0,1318.0,13335.0,1296.0,3484.0,0.2612673415823022,0.3920566405221877,-0.3920566405221877,0.10792358375432501,0.005823749965188403,0.006313469779588641,0.10792358375432501,0.005823749965188403,0.006313469779588641,0.28316802547519804,9.103031009085138,0.3809300140911226,-0.07006369426751591,0.7140495867768595,0.06093531549056514,-0.6190699859088774,0.04452026109194084,0.11626446577554499,0.9937250427837993,-0.07006369426751591,0.23926840919948134,[0.7590664],11147.0,-0.10738356521753481,0.5459708445166045,0.41375215248500685,0.16401440881725451,0.673786937828431,0.554994754279672,0.5549947542796722,0.7725841331499975,-195860575.69946307,0.6439858925093436,0.929936305732484,0.584245168322643,0.6668796380826105,,,,,,,,0.07006369426751591
658b7311-8759-4009-be67-490e6db4d241,RandomForestClassifier,PREPROCESSING,DIR,DIR_FAIR_SMOTE,0.34163652494369756,0.9746149458071877,0.8854842011874702,0.9746149458071877,0.1425495649053557,0.26335260115606934,3506.0,0.6583634750563024,-0.597172564420793,0.19856523823338915,0.7366473988439306,-0.2440207041947311,0.6725122911128577,0.025385054192812322,0.28343949044585987,inf,0.05303933253873659,0.05303933253873659,inf,0.8574504350946442,-0.8754820936639118,0.12451790633608815,0.04442182228179678,0.025385054192812322,0.8574504350946442,0.1425495649053557,0.9746149458071877,0.9469606674612634,89.0,9558.0,89.0,9558.0,1589.0,1678.0,12975.0,1589.0,3417.0,0.26335260115606934,0.5794607920548859,-0.5794607920548859,0.1457312756788994,0.010618802355499687,0.011899876318708603,0.1457312756788994,0.010618802355499687,0.011899876318708603,0.2980665103019686,9.344436819711886,0.2118365429779239,-0.2834394904458599,0.8754820936639118,0.14853001836673382,-0.7881634570220761,0.05082026257069766,0.1425495649053557,0.9746149458071877,-0.2834394904458599,0.23926840919948134,[0.7590664],11147.0,-0.10738356521753481,0.5459708445166045,0.4146593046538438,0.1569753203975246,0.6583634750563024,0.5585822553562717,0.5585822553562717,0.8822587714728214,-1285530160.94573,0.5920426032180519,0.7165605095541401,0.5817903205210062,0.6207041873161028,30.225879192352295,118.69999999999999,0.0,202918.91790952685,0.0,845495.4912896953,73.041416053082,0.2834394904458599
658b7311-8759-4009-be67-490e6db4d241,BaggingClassifier,PREPROCESSING,DIR,DIR_FAIR_SMOTE,0.3369275916194636,0.9817455790074159,0.8936054050365113,0.9817455790074159,0.13411680272719118,0.2628684893844509,3506.0,0.6630724083805364,-0.5620152285535679,0.24534376301009067,0.7371315106155492,-0.17981016680732242,0.7586529990070902,0.01825442099258414,0.20382165605095542,inf,0.04105195638229634,0.04118404118404118,inf,0.8658831972728088,-0.8204008482911962,0.17915935281940137,0.04291743136567815,0.01825442099258414,0.8658831972728088,0.13411680272719118,0.9817455790074159,0.9589480436177037,64.0,9652.0,64.0,9652.0,1495.0,1559.0,13094.0,1495.0,3442.0,0.2628684893844509,0.5121112521710758,-0.5121112521710758,0.1325241736076296,0.008781328295192575,0.009723971702411132,0.1325241736076296,0.008781328295192575,0.009723971702411132,0.2929758739748997,6.869794959993499,0.2701877176752398,-0.20382165605095537,0.8204008482911962,0.1104971039956818,-0.7295209168335733,0.048578275330951166,0.13411680272719118,0.9817455790074159,-0.20382165605095537,0.23926840919948134,[0.7590664],11147.0,-0.10738356521753481,0.5459708445166045,0.4146987951807229,0.16031279369327542,0.6630724083805364,0.5579311908673035,0.5579311908673035,0.8436540316476577,-5040986282.31793,0.6165791922402408,0.7961783439490446,0.5830933423682872,0.6402072471013974,,,,,,,,0.20382165605095537
658b7311-8759-4009-be67-490e6db4d241,BernoulliNB,PREPROCESSING,DIR,DIR_FAIR_SMOTE,0.3307855046748106,0.988876212207644,0.9031597625059715,0.988876212207644,0.12380012559433032,0.2619767266132689,3506.0,0.6692144953251894,-0.5208409623368131,0.3007811970944102,0.7380232733867311,-0.13076253493009715,0.8244959052567535,0.011123787792355962,0.12420382165605096,inf,0.02748414376321353,0.02754237288135593,inf,0.8761998744056697,-0.7583562114540565,0.24139991796663565,0.04126059683268592,0.011123787792355962,0.8761998744056697,0.12380012559433032,0.988876212207644,0.9725158562367865,39.0,9767.0,39.0,9767.0,1380.0,1419.0,13234.0,1380.0,3467.0,0.2619767266132689,0.4412800165550537,-0.4412800165550537,0.11806889164437057,0.006970131587065059,0.007621531551034397,0.11806889164437057,0.006970131587065059,0.007621531551034397,0.28726502339368054,7.228815173508246,0.33497925457987743,-0.12420382165605093,0.7583562114540565,0.0791524539057266,-0.6648614462955409,0.04618884709624693,0.12380012559433032,0.988876212207644,-0.12420382165605093,0.23926840919948134,[0.7590664],11147.0,-0.10738356521753481,0.5459708445166045,0.41421744324970133,0.16254773291950364,0.6692144953251894,0.5563381689009872,0.5563381689009872,0.8018390852838231,-1350098658.6153362,0.6341523897980056,0.8757961783439491,0.5838666217581677,0.6568492455456814,25.12380862236023,129.0,0.0,203178.17586734297,0.0,846575.7327805958,73.13473691521257,0.12420382165605093
658b7311-8759-4009-be67-490e6db4d241,BaggingClassifier,PREPROCESSING,DIR,HYPERPARAMETER_FAIR_SMOTE,0.35310175390704973,0.9760410724472333,0.8747014263290793,0.9760410724472333,0.15717233336323674,0.2669891550284778,3506.0,0.6468982460929502,-0.5837583197705216,0.20220545648122953,0.7330108449715222,-0.24057937022349973,0.6756221411521647,0.023958927552766685,0.267515923566879,inf,0.0457516339869281,0.050359712230215826,inf,0.8428276666367632,-0.8547247009313019,0.12960596801714216,0.045449672101765135,0.023958927552766685,0.8428276666367632,0.15717233336323674,0.9760410724472333,0.954248366013072,84.0,9395.0,84.0,9395.0,1752.0,1836.0,12817.0,1752.0,3422.0,0.2669891550284778,0.5611203122490904,-0.5611203122490904,0.1427895568612042,0.010194428774309535,0.011393579406789634,0.1427895568612042,0.010194428774309535,0.011393579406789634,0.30149518106187084,3.5183783711320027,0.21947771156033144,-0.26751592356687903,0.8547247009313019,0.14546954122685776,-0.770052171507549,0.05158410612413487,0.15717233336323674,0.9760410724472333,-0.26751592356687903,0.23926840919948134,[0.7590664],11147.0,-0.10738356521753481,0.5459708445166045,0.4192856705262513,0.17167353806283123,0.6468982460929502,0.5666067029052351,0.566606702905235,0.8845412329618481,-314966061.5786929,0.587208777364423,0.732484076433121,0.5865866723805443,0.6283020931428756,35.25830793380737,107.99999999999999,0.0,202588.13383038045,0.0,844117.2242932519,72.92234909866704,0.26751592356687903
658b7311-8759-4009-be67-490e6db4d241,RandomForestClassifier,PREPROCESSING,DIR,HYPERPARAMETER_FAIR_SMOTE,0.32703200709752267,0.9911580148317171,0.9080051866511977,0.9911580148317171,0.11814838073024132,0.2611800075159714,3506.0,0.6729679929024773,-0.49665588992572485,0.3334635270649616,0.7388199924840285,-0.10748530555009161,0.855749467776538,0.008841985168282943,0.09872611464968153,inf,0.022997032640949554,0.022997032640949554,inf,0.8818516192697586,-0.7256198347107439,0.2743801652892562,0.040535881714487354,0.008841985168282943,0.8818516192697586,0.11814838073024132,0.9911580148317171,0.9770029673590505,31.0,9830.0,31.0,9830.0,1317.0,1348.0,13305.0,1317.0,3475.0,0.2611800075159714,0.4121729746802127,-0.4121729746802127,0.1110317042373293,0.0061640196729228856,0.006699840852215399,0.1110317042373293,0.0061640196729228856,0.006699840852215399,0.28473103699627605,9.12552914587158,0.366838891498356,-0.0987261146496815,0.7256198347107439,0.06524116909552055,-0.633161108501644,0.045240195237017736,0.11814838073024132,0.9911580148317171,-0.0987261146496815,0.23926840919948134,[0.7590664],11147.0,-0.10738356521753481,0.5459708445166045,0.4134197846648028,0.16135340860302003,0.6729679929024773,0.5546531977809792,0.5546531977809792,0.7832662562262577,-382776219.80633277,0.6268937200610624,0.9012738853503186,0.5834697561180371,0.6611846495302832,,,,,,,,0.0987261146496815
658b7311-8759-4009-be67-490e6db4d241,GradientBoostingClassifier,PREPROCESSING,DIR,HYPERPARAMETER_FAIR_SMOTE,0.33522145635705997,0.9871648602395893,0.8979048658977684,0.9871648602395893,0.13016955234592267,0.26305388766436116,3506.0,0.6647785436429401,-0.5530203802967911,0.2578196267855752,0.7369461123356388,-0.17008985717406788,0.771731100380623,0.012835139760410725,0.14331210191082802,inf,0.030080213903743314,0.030080213903743314,inf,0.8698304476540774,-0.7994490358126722,0.20055096418732782,0.041979329957470835,0.012835139760410725,0.8698304476540774,0.13016955234592267,0.9871648602395893,0.9699197860962567,45.0,9696.0,45.0,9696.0,1451.0,1496.0,13157.0,1451.0,3461.0,0.26305388766436116,0.4713805688617501,-0.4713805688617501,0.12647739882587608,0.00799826620687986,0.008809729767258318,0.12647739882587608,0.00799826620687986,0.008809729767258318,0.2897562077246002,9.229665330584549,0.29732268670737433,-0.143312101910828,0.7994490358126722,0.10008503553890558,-0.7026773132926256,0.04706167335853006,0.13016955234592267,0.9871648602395893,-0.143312101910828,0.23926840919948134,[0.7590664],11147.0,-0.10738356521753481,0.5459708445166045,0.4154113905059113,0.1653355048336285,0.6647785436429401,0.558667206292756,0.558667206292756,0.82201207179944,-954808373.8058193,0.6561369339018442,0.856687898089172,0.5847518479408659,0.6539451794134991,79.43062686920166,117.59999999999998,0.0,203351.10809795858,0.0,847296.2837414941,73.19698451211241,0.143312101910828
658b7311-8759-4009-be67-490e6db4d241,XGBClassifier,PREPROCESSING,DIR,DIR_BAL_GAN_FAIR,0.8359380331672696,0.7184826012549914,0.2686139357128233,0.7184826012549914,0.8728805956759667,0.639989837398374,3506.0,0.16406196683273044,-0.06995117987836297,0.5985020271326225,0.360010162601626,-0.0060668578222253244,0.9831708618264707,0.28151739874500853,0.07556909790399563,1.275047389406561,0.09209666884389288,-0.03782214058494381,0.61599961257886,0.12711940432403337,-0.07813341693441447,0.4412712284812599,0.07701404655252239,0.28151739874500853,0.12711940432403337,0.8728805956759667,0.7184826012549914,0.9079033311561071,987.0,1417.0,987.0,1417.0,9730.0,10717.0,3936.0,9730.0,2519.0,0.639989837398374,0.07685125741920508,-0.07685125741920508,0.01137802835690562,6.47297646452742e-05,6.52311535150484e-05,0.01137802835690562,6.47297646452742e-05,6.52311535150484e-05,0.3924641297049257,0.11946866347844542,0.5135064577824258,-0.07556909790399569,0.07813341693441447,-0.015877641381359216,-0.14061854222513723,0.10131476815326323,0.8728805956759667,0.7184826012549914,-0.07556909790399569,0.23926840919948134,[0.7590664],11147.0,-0.10738356521753481,0.5459708445166045,0.6769685568395593,0.5692133657364434,0.16406196683273044,0.795681598465479,0.795681598465479,0.8568307298128741,-272676313.43201256,0.0025643190304188435,0.9244309020960043,0.6971080669710807,0.7593509803563546,,,,,,,,0.07556909790399569
658b7311-8759-4009-be67-490e6db4d241,GradientBoostingClassifier,PREPROCESSING,DIR,DIR_BAL_GAN_FAIR,0.8367569780932232,0.5815744438106104,0.2022793967105712,0.5815744438106104,0.9170180317574235,0.6879217273954116,3506.0,0.16324302190677675,-0.06239841017693182,0.637869467536657,0.31207827260458837,0.059695292950754486,1.1950338860376366,0.4184255561893896,-0.022336893188384943,0.9468708173939459,0.12550260929078622,-0.0678643842509013,0.5014850223953912,0.08298196824257648,-0.027385966590268505,0.6868065683573705,0.08727439727259168,0.4184255561893896,0.08298196824257648,0.9170180317574235,0.5815744438106104,0.8744973907092138,1467.0,925.0,1467.0,925.0,10222.0,11689.0,2964.0,10222.0,2039.0,0.6879217273954116,0.024861429889326724,-0.002524536700941781,0.012618868417947548,7.961792007473703e-05,7.89542262976382e-05,0.012618868417947548,7.961792007473703e-05,7.89542262976382e-05,0.417790371532403,-0.12782341455819912,0.6575420275923842,0.022336893188384943,0.027385966590268505,-0.06377983860082789,-0.0728994693738984,0.12856440585011755,0.9170180317574235,0.5815744438106104,0.022336893188384943,0.23926840919948134,[0.7590664],11147.0,-0.10738356521753481,0.5459708445166045,0.6302936630602782,0.5295450315153336,0.16324302190677675,0.7492962377840168,0.7492962377840169,0.7511878636361802,-208707452.08301434,0.005049073401883562,0.9776631068116151,0.6049547544874648,0.6930199678699109,44.59786796569824,108.99999999999999,0.0,220002.50833463666,0.0,916677.118060986,79.1907176991574,0.022336893188384943
658b7311-8759-4009-be67-490e6db4d241,AdaBoostClassifier,PREPROCESSING,DIR,DIR_BAL_GAN_FAIR,0.8358697877567733,0.6212207644038791,0.22213881116494916,0.6212207644038791,0.9033820758948596,0.6691244239631337,3506.0,0.16413021224322666,-0.05134630002644802,0.7007626516839298,0.33087557603686635,0.09106319221463344,1.2831677774929506,0.3787792355961209,0.00022149322350462075,1.0005847860789303,0.11651166871380944,-0.05970290263193115,0.5258829047401399,0.09661792410514039,-0.025246581861163173,0.7493605298634312,0.08479864611684554,0.3787792355961209,0.09661792410514039,0.9033820758948596,0.6212207644038791,0.8834883312861905,1328.0,1077.0,1328.0,1077.0,10070.0,11398.0,3255.0,10070.0,2178.0,0.6691244239631337,0.012734037542333897,-0.012734037542333897,0.01073230733832983,5.759121040218415e-05,5.7181954681977034e-05,0.01073230733832983,5.759121040218415e-05,5.7181954681977034e-05,0.41182191810744007,-0.14367856424638292,0.668154143286582,-0.00022149322350462075,0.025246581861163173,-0.07538304742328229,-0.07745013088257113,0.12094687413417911,0.9033820758948596,0.6212207644038791,-0.00022149322350462075,0.23926840919948134,[0.7590664],11147.0,-0.10738356521753481,0.5459708445166045,0.6442833900310605,0.5384256875271713,0.16413021224322666,0.7623014201493694,0.7623014201493694,0.7720085950521258,-146718634.83499306,0.025025088637658552,0.9997785067764954,0.632541929862775,0.7207956536288542,,,,,,,,0.00022149322350462075
658b7311-8759-4009-be67-490e6db4d241,RandomForestClassifier,PREPROCESSING,DIR,DIR_BAL_GAN_FAIR,0.7771104893195933,0.8528237307472903,0.39172865624786735,0.8528237307472903,0.7532968511707185,0.5209059233449478,3506.0,0.22288951068040674,-0.12009430385908937,0.5003119396906196,0.47909407665505227,-0.064558742507972,0.8663651404602379,0.14717626925270963,0.21263149912999055,2.6594614797626646,0.057892965331538204,0.003066776626048054,1.053537371907049,0.24670314882928143,-0.19662472442934587,0.2945398199251612,0.07515837291163602,0.14717626925270963,0.24670314882928143,0.7532968511707185,0.8528237307472903,0.9421070346684618,516.0,2750.0,516.0,2750.0,8397.0,8913.0,5740.0,8397.0,2990.0,0.5209059233449478,0.20462811177966822,-0.20462811177966822,0.04748628511904674,0.0011274736372036999,0.001165700792706929,0.04748628511904674,0.0011274736372036999,0.001165700792706929,0.3877070360765613,0.3973699831483857,0.38896663007208876,-0.21263149912999058,0.21263149912999058,0.03381275956701003,-0.2626799475959657,0.08385509788367643,0.7532968511707185,0.8528237307472903,-0.21263149912999058,0.23926840919948134,[0.7590664],11147.0,-0.10738356521753481,0.5459708445166045,0.6467661691542289,0.5297562491813252,0.22288951068040674,0.8030602909590044,0.8030602909590044,0.9673890019431765,-245620552.6979667,-0.016006774700644683,0.7873685008700094,0.7356378398326978,0.7521092067528382,35.394031047821045,119.09999999999998,0.0,220360.31800580022,0.0,918167.9916908342,79.31951261551373,0.21263149912999058
658b7311-8759-4009-be67-490e6db4d241,BaggingClassifier,PREPROCESSING,DIR,DIR_BAL_GAN_FAIR,0.8302736640960895,0.5579007415858528,0.19743397256534498,0.5579007415858528,0.9159415089261684,0.6761147597649498,3506.0,0.1697263359039105,-0.06229013520906934,0.6515758582588724,0.3238852402350501,0.06926490654019896,1.218541274817137,0.44209925841414716,-0.009861437032070597,0.9777385381850288,0.13180272108843538,-0.06857271959080324,0.5188755650209625,0.08405849107383152,-0.026697497517354903,0.6980108523249019,0.09148221706804315,0.44209925841414716,0.08405849107383152,0.9159415089261684,0.5579007415858528,0.8681972789115646,1550.0,937.0,1550.0,937.0,10210.0,11760.0,2893.0,10210.0,1956.0,0.6761147597649498,0.018279467274712777,-0.008418030242642125,0.013150763185516853,8.647128618077269e-05,8.57205705307598e-05,0.013150763185516853,8.647128618077269e-05,8.57205705307598e-05,0.4277434209150227,-0.12456711545521149,0.6553770471510363,0.009861437032070652,0.026697497517354903,-0.06891881306550113,-0.07162676032145102,0.13525305704749196,0.9159415089261684,0.5579007415858528,0.009861437032070652,0.23926840919948134,[0.7590664],11147.0,-0.10738356521753481,0.5459708445166045,0.6113455227379277,0.5078563196291507,0.1697263359039105,0.7369211252560106,0.7369211252560106,0.7431245495748575,-1442388078.388483,0.016836060485284306,0.9901385629679293,0.5834016851838043,0.6759604639576645,,,,,,,,0.009861437032070652
658b7311-8759-4009-be67-490e6db4d241,BernoulliNB,PREPROCESSING,DIR,DIR_BAL_GAN_FAIR,0.7624377260629223,0.822875071306332,0.39206988330034803,0.822875071306332,0.7434287252175473,0.5021758050478677,3506.0,0.23756227393707774,-0.06691884320479502,0.729385988925782,0.4978241949521323,0.07514607717216304,1.1530807783018868,0.177124928693668,0.09928284086011205,1.5901505177383197,0.06971261787157611,-0.020938230052285893,0.7150139228079002,0.2565712747824527,-0.10903564735930399,0.6025309917355371,0.08059512539413374,0.177124928693668,0.2565712747824527,0.7434287252175473,0.822875071306332,0.9302873821284239,621.0,2860.0,621.0,2860.0,8287.0,8908.0,5745.0,8287.0,2885.0,0.5021758050478677,0.10415924410970803,-0.10415924410970803,0.01836382930055252,0.00016861511328991559,0.00017074210737112107,0.01836382930055252,0.00016861511328991559,0.00017074210737112107,0.4014850567434204,-0.03200522970421127,0.597845485819485,-0.09928284086011208,0.10903564735930399,-0.04804215361222447,-0.16745734521330133,0.09251972427960217,0.7434287252175473,0.822875071306332,-0.09928284086011208,0.23926840919948134,[0.7590664],11147.0,-0.10738356521753481,0.5459708445166045,0.6237163549886499,0.4948793234261773,0.23756227393707774,0.7831518982619396,0.7831518982619396,0.8647244080079863,-381608712.764439,0.00975280649919194,0.9007171591398879,0.7095861772120765,0.7635976450819875,25.122057676315308,129.29999999999998,0.0,220617.04710636137,0.0,919237.6962765056,79.41192320610924,0.09928284086011208
658b7311-8759-4009-be67-490e6db4d241,BaggingClassifier,PREPROCESSING,DIR,HYPERPARAMETER_BAL_GAN_FAIR,0.7630519347573875,0.8693667997718197,0.41370367842762573,0.8693667997718197,0.7296133488831076,0.5028043549983504,3506.0,0.23694806524261247,-0.15467789866003068,0.4037593096896817,0.49719564500164964,-0.16570903423324485,0.6718188797690466,0.13063320022818026,0.30076185687147805,3.9003983297092386,0.05331160516819928,0.0197240120887267,1.4019288868231468,0.2703866511168924,-0.2597949648060703,0.16915469103144348,0.07486430485130258,0.13063320022818026,0.2703866511168924,0.7296133488831076,0.8693667997718197,0.9466883948318007,458.0,3014.0,458.0,3014.0,8133.0,8591.0,6062.0,8133.0,3048.0,0.5028043549983504,0.28027841083877414,-0.28027841083877414,0.06634986587957567,0.00220115235111884,0.0023081926776947893,0.06634986587957567,0.00220115235111884,0.0023081926776947893,0.3869478126344755,0.6972848178003159,0.288072060198199,-0.30076185687147805,0.30076185687147805,0.09271652316098583,-0.32850779017203835,0.08200945223672337,0.7296133488831076,0.8693667997718197,-0.30076185687147805,0.23926840919948134,[0.7590664],11147.0,-0.10738356521753481,0.5459708445166045,0.637123745819398,0.5188807513413616,0.23694806524261247,0.7994900743274637,0.7994900743274637,1.0235698818413386,-165247377.14623663,-0.04096689206540777,0.699238143128522,0.7353437876960194,0.7229012852762704,51.27416443824768,108.69999999999999,0.0,220055.3287395954,0.0,916897.2030816475,79.20973059955344,0.30076185687147805
658b7311-8759-4009-be67-490e6db4d241,RandomForestClassifier,PREPROCESSING,DIR,HYPERPARAMETER_BAL_GAN_FAIR,0.7426465570190405,0.8933257273245864,0.44557428512932507,0.8933257273245864,0.695254328518884,0.47970592740082707,3506.0,0.2573534429809595,-0.08073202129225177,0.6999739363014359,0.5202940725991729,0.055448303919397035,1.1076552948346388,0.10667427267541357,0.05423391280749644,1.5326604605585497,0.04603643525356967,-0.016745647644014254,0.6593162393162393,0.304745671481116,-0.13235721986257779,0.5943653281584316,0.07380263400534251,0.10667427267541357,0.304745671481116,0.695254328518884,0.8933257273245864,0.9539635647464303,374.0,3397.0,374.0,3397.0,7750.0,8124.0,6529.0,7750.0,3132.0,0.47970592740082707,0.09329556633503712,-0.09329556633503712,0.021869592062226554,0.00023913952848410132,0.00024274842800008976,0.021869592062226554,0.00023913952848410132,0.00024274842800008976,0.38419431022684997,-0.058430547468143246,0.6139289825217962,-0.054233912807496454,0.13235721986257779,-0.03609697578170562,-0.18224623565403553,0.07885741993391342,0.695254328518884,0.8933257273245864,-0.054233912807496454,0.23926840919948134,[0.7590664],11147.0,-0.10738356521753481,0.5459708445166045,0.6242152466367713,0.5052219451940327,0.2573534429809595,0.7942900279217351,0.7942900279217352,0.8683937659109658,-184324176.59845024,0.07812330705508135,0.9457660871925035,0.7349093682172816,0.793909568911988,,,,,,,,0.054233912807496454
658b7311-8759-4009-be67-490e6db4d241,GradientBoostingClassifier,PREPROCESSING,DIR,HYPERPARAMETER_BAL_GAN_FAIR,0.8265201665188016,0.7461494580718768,0.29127141199754314,0.7461494580718768,0.8517986902305553,0.612933458294283,3506.0,0.17347983348119844,-0.06833035574046353,0.6274404112783781,0.38706654170571697,0.018970141666318108,1.0492140395021945,0.25385054192812323,0.067479606659962,1.2723070852826786,0.08570052961001444,-0.03579981327030594,0.6100038041084371,0.1482013097694447,-0.08093942582116216,0.49845503202982383,0.07715457171567178,0.25385054192812323,0.1482013097694447,0.8517986902305553,0.7461494580718768,0.9142994703899856,890.0,1652.0,890.0,1652.0,9495.0,10385.0,4268.0,9495.0,2616.0,0.612933458294283,0.07420951624056207,-0.07420951624056207,0.011729006043206407,6.878479138078622e-05,6.933427186615188e-05,0.011729006043206407,6.878479138078622e-05,6.933427186615188e-05,0.39282202513523035,0.06281550893061305,0.5435395971845647,-0.067479606659962,0.08093942582116216,-0.027384977468311995,-0.1423978596135345,0.09787090024868968,0.8517986902305553,0.7461494580718768,-0.067479606659962,0.23926840919948134,[0.7590664],11147.0,-0.10738356521753481,0.5459708445166045,0.673012606122974,0.5614783641698285,0.17347983348119844,0.798974074151216,0.7989740741512161,0.8582655536827288,-250887210.65190622,0.013459819161200162,0.932520393340038,0.7076964696334371,0.769539977634827,133.51472735404968,118.39999999999999,0.0,221350.87632637023,0.0,922295.3180265427,79.67606775173743,0.067479606659962
658b7311-8759-4009-be67-490e6db4d241,XGBClassifier,PREPROCESSING,DIR,DIR_DEMV,0.8452194089947451,0.6628636622932116,0.2327168497918515,0.6628636622932116,0.9025746837714184,0.681524926686217,3506.0,0.15478059100525488,-0.058542478666418374,0.6414738372527024,0.318475073313783,0.028700914614450568,1.0908230973129365,0.33713633770678836,0.05645483134588064,1.170003605335897,0.10513208218447034,-0.04623324354250635,0.5897017716940026,0.09742531622858168,-0.04990341005031415,0.5272095202136734,0.0783926575001571,0.33713633770678836,0.09742531622858168,0.9025746837714184,0.6628636622932116,0.8948679178155297,1182.0,1086.0,1182.0,1086.0,10061.0,11243.0,3410.0,10061.0,2324.0,0.681524926686217,0.053179120698097423,-0.053179120698097423,0.001374646353094227,9.448262980376291e-07,9.456993436253919e-07,0.001374646353094227,9.448262980376291e-07,9.456993436253919e-07,0.3959612544180481,0.04533352651984113,0.5529657284790915,-0.056454831345880696,0.056454831345880696,-0.03746707907847846,-0.11125884895645732,0.10999522650952571,0.9025746837714184,0.6628636622932116,-0.056454831345880696,0.23926840919948134,[0.7590664],11147.0,-0.10738356521753481,0.5459708445166045,0.6720647773279352,0.5708893208657481,0.15478059100525488,0.7827191730323151,0.782719173032315,0.8243434904077154,-267269271.5643561,-0.00655142129556649,0.9435451686541193,0.6674325100516943,0.7395737966244572,,,,,,,,0.056454831345880696
658b7311-8759-4009-be67-490e6db4d241,GradientBoostingClassifier,PREPROCESSING,DIR,DIR_DEMV,0.8367569780932232,0.5815744438106104,0.2022793967105712,0.5815744438106104,0.9170180317574235,0.6879217273954116,3506.0,0.16324302190677675,-0.06239841017693182,0.637869467536657,0.31207827260458837,0.059695292950754486,1.1950338860376366,0.4184255561893896,-0.022336893188384943,0.9468708173939459,0.12550260929078622,-0.0678643842509013,0.5014850223953912,0.08298196824257648,-0.027385966590268505,0.6868065683573705,0.08727439727259168,0.4184255561893896,0.08298196824257648,0.9170180317574235,0.5815744438106104,0.8744973907092138,1467.0,925.0,1467.0,925.0,10222.0,11689.0,2964.0,10222.0,2039.0,0.6879217273954116,0.024861429889326724,-0.002524536700941781,0.012618868417947548,7.961792007473703e-05,7.89542262976382e-05,0.012618868417947548,7.961792007473703e-05,7.89542262976382e-05,0.417790371532403,-0.12782341455819912,0.6575420275923842,0.022336893188384943,0.027385966590268505,-0.06377983860082789,-0.0728994693738984,0.12856440585011755,0.9170180317574235,0.5815744438106104,0.022336893188384943,0.23926840919948134,[0.7590664],11147.0,-0.10738356521753481,0.5459708445166045,0.6302936630602782,0.5295450315153336,0.16324302190677675,0.7492962377840168,0.7492962377840169,0.7511878636361802,-208707452.08301437,0.005049073401883562,0.9776631068116151,0.6049547544874648,0.6930199678699109,45.65851879119873,109.89999999999999,0.0,228582.9963972807,0.0,952429.1516553363,82.27929615689155,0.022336893188384943
658b7311-8759-4009-be67-490e6db4d241,AdaBoostClassifier,PREPROCESSING,DIR,DIR_DEMV,0.8358697877567733,0.6212207644038791,0.22213881116494916,0.6212207644038791,0.9033820758948596,0.6691244239631337,3506.0,0.16413021224322666,-0.05134630002644802,0.7007626516839298,0.33087557603686635,0.09106319221463344,1.2831677774929506,0.3787792355961209,0.00022149322350462075,1.0005847860789303,0.11651166871380944,-0.05970290263193115,0.5258829047401399,0.09661792410514039,-0.025246581861163173,0.7493605298634312,0.08479864611684554,0.3787792355961209,0.09661792410514039,0.9033820758948596,0.6212207644038791,0.8834883312861905,1328.0,1077.0,1328.0,1077.0,10070.0,11398.0,3255.0,10070.0,2178.0,0.6691244239631337,0.012734037542333897,-0.012734037542333897,0.01073230733832983,5.759121040218415e-05,5.7181954681977034e-05,0.01073230733832983,5.759121040218415e-05,5.7181954681977034e-05,0.41182191810744007,-0.14367856424638292,0.668154143286582,-0.00022149322350462075,0.025246581861163173,-0.07538304742328229,-0.07745013088257113,0.12094687413417911,0.9033820758948596,0.6212207644038791,-0.00022149322350462075,0.23926840919948134,[0.7590664],11147.0,-0.10738356521753481,0.5459708445166045,0.6442833900310605,0.5384256875271713,0.16413021224322666,0.7623014201493694,0.7623014201493694,0.7720085950521258,-146718634.8349929,0.025025088637658552,0.9997785067764954,0.632541929862775,0.7207956536288542,,,,,,,,0.00022149322350462075
658b7311-8759-4009-be67-490e6db4d241,RandomForestClassifier,PREPROCESSING,DIR,DIR_DEMV,0.7545895038558657,0.8827723901882487,0.42858117791578515,0.8827723901882487,0.7142728985377231,0.4928343949044586,3506.0,0.24541049614413435,-0.14589416221277873,0.45277673328755885,0.5071656050955414,-0.09224118484131788,0.8199853252668449,0.11722760981175129,0.24552623597209583,3.578025477707006,0.049086348978860626,0.01433011894018383,1.3111615629083995,0.28572710146227687,-0.24258040404827608,0.25411521232997947,0.07408143439976314,0.11722760981175129,0.28572710146227687,0.7142728985377231,0.8827723901882487,0.9509136510211393,411.0,3185.0,411.0,3185.0,7962.0,8373.0,6280.0,7962.0,3095.0,0.4928343949044586,0.24405332001018598,-0.24405332001018598,0.058627802429049525,0.0017186096088298328,0.0017916627863586256,0.058627802429049525,0.0017186096088298328,0.0017916627863586256,0.38491930167182614,0.4899718954945522,0.35456338178060437,-0.24552623597209589,0.24552623597209589,0.05328565189075091,-0.30524761176249443,0.07998682209374551,0.7142728985377231,0.8827723901882487,-0.24552623597209589,0.23926840919948134,[0.7590664],11147.0,-0.10738356521753481,0.5459708445166045,0.6325362763131004,0.51472097315073,0.24541049614413435,0.7985226443629859,0.7985226443629859,0.9934047468230857,-259195409.41919836,-0.002945831923819753,0.7544737640279041,0.7369924991070366,0.7427288771784749,35.86413311958313,119.99999999999999,0.0,228945.75486867427,0.0,953940.6452861428,82.40987241221956,0.24552623597209589
658b7311-8759-4009-be67-490e6db4d241,BaggingClassifier,PREPROCESSING,DIR,DIR_DEMV,0.8353920698833004,0.5912721049629207,0.2082849928342319,0.5912721049629207,0.9121736790167758,0.6792267365661862,3506.0,0.1646079301166996,-0.06014848859846211,0.6530171942850578,0.3207732634338139,0.06524184611986117,1.207580827527197,0.4087278950370793,-0.008187267531887032,0.9800047758517342,0.12352383415222826,-0.06470515402694245,0.5160727768834258,0.08782632098322418,-0.02922377340800751,0.684356188144067,0.08714012444154948,0.4087278950370793,0.08782632098322418,0.9121736790167758,0.5912721049629207,0.8764761658477718,1433.0,979.0,1433.0,979.0,10168.0,11601.0,3052.0,10168.0,2073.0,0.6792267365661862,0.018705520469947272,-0.01051825293806024,0.010984627620880708,6.0331021984707676e-05,5.98923535819675e-05,0.010984627620880708,6.0331021984707676e-05,5.98923535819675e-05,0.4174688597765095,-0.11378276631788276,0.6483884741554254,0.008187267531887032,0.02922377340800751,-0.0649735000734018,-0.07717822457255952,0.1270564940832022,0.9121736790167758,0.5912721049629207,0.008187267531887032,0.23926840919948134,[0.7590664],11147.0,-0.10738356521753481,0.5459708445166045,0.6322049405306496,0.5289293746480599,0.1646079301166996,0.7517228919898482,0.7517228919898482,0.7596297035071274,-1382920957.4921725,0.02103650587612048,0.9918127324681129,0.6110537951363302,0.7007235270638732,,,,,,,,0.008187267531887032
658b7311-8759-4009-be67-490e6db4d241,BernoulliNB,PREPROCESSING,DIR,DIR_DEMV,0.7624377260629223,0.822875071306332,0.39206988330034803,0.822875071306332,0.7434287252175473,0.5021758050478677,3506.0,0.23756227393707774,-0.06691884320479502,0.729385988925782,0.4978241949521323,0.07514607717216304,1.1530807783018868,0.177124928693668,0.09928284086011205,1.5901505177383197,0.06971261787157611,-0.020938230052285893,0.7150139228079002,0.2565712747824527,-0.10903564735930399,0.6025309917355371,0.08059512539413374,0.177124928693668,0.2565712747824527,0.7434287252175473,0.822875071306332,0.9302873821284239,621.0,2860.0,621.0,2860.0,8287.0,8908.0,5745.0,8287.0,2885.0,0.5021758050478677,0.10415924410970803,-0.10415924410970803,0.01836382930055252,0.00016861511328991559,0.00017074210737112107,0.01836382930055252,0.00016861511328991559,0.00017074210737112107,0.4014850567434204,-0.03200522970421127,0.597845485819485,-0.09928284086011208,0.10903564735930399,-0.04804215361222447,-0.16745734521330133,0.09251972427960217,0.7434287252175473,0.822875071306332,-0.09928284086011208,0.23926840919948134,[0.7590664],11147.0,-0.10738356521753481,0.5459708445166045,0.6237163549886499,0.4948793234261773,0.23756227393707774,0.7831518982619396,0.7831518982619396,0.8647244080079863,-381608712.764439,0.00975280649919194,0.9007171591398879,0.7095861772120765,0.7635976450819875,25.081273794174194,130.29999999999998,0.0,229204.57479634284,0.0,955019.0616514286,82.50303560377618,0.09928284086011208
658b7311-8759-4009-be67-490e6db4d241,BaggingClassifier,PREPROCESSING,DIR,HYPERPARAMETER_DEMV,0.7846857298846652,0.8394181403308614,0.3777383470961578,0.8394181403308614,0.76747106844891,0.5317073170731708,3506.0,0.21531427011533477,-0.12661874264821593,0.45822578307951617,0.4682926829268293,-0.13291248002145944,0.7200806793305558,0.16058185966913863,0.2958510926999026,3.206440859574975,0.06174599692915113,0.01375285094711183,1.233316473661166,0.23252893155108997,-0.21654858604357885,0.1913439756067716,0.0756647859511749,0.16058185966913863,0.23252893155108997,0.76747106844891,0.8394181403308614,0.9382540030708488,563.0,2592.0,563.0,2592.0,8555.0,9118.0,5535.0,8555.0,2943.0,0.5317073170731708,0.25619983937174073,-0.25619983937174073,0.057292051837204636,0.0016411896018584716,0.0017092360577381576,0.057292051837204636,0.0016411896018584716,0.0017092360577381576,0.3890110177133159,0.6433373578218813,0.30402054381969645,-0.2958510926999026,0.2958510926999026,0.07333266548428566,-0.2924736408397427,0.08571313141186396,0.76747106844891,0.8394181403308614,-0.2958510926999026,0.23926840919948134,[0.7590664],11147.0,-0.10738356521753481,0.5459708445166045,0.6510341776352173,0.5340547291610672,0.21531427011533477,0.8034446043898857,0.8034446043898857,1.0092869829786664,-161081920.64635944,-0.07930250665632377,0.7041489073000974,0.733320874602878,0.7233319756993472,50.62381029129028,109.79999999999998,0.0,228632.72752964497,0.0,952636.364706854,82.29719706217544,0.2958510926999026
658b7311-8759-4009-be67-490e6db4d241,RandomForestClassifier,PREPROCESSING,DIR,HYPERPARAMETER_DEMV,0.7453081280283901,0.8890473474044495,0.4408653518050911,0.8890473474044495,0.7000986812595317,0.4825077399380805,3506.0,0.2546918719716099,-0.08091530489735888,0.6963190654676288,0.5174922600619195,0.0534498946358154,1.104312064823486,0.11095265259555048,0.04253867151956324,1.397027600849257,0.04747955571829611,-0.02016167711925804,0.6062577734516829,0.29990131874046827,-0.12920316833927867,0.5974210460961107,0.07412568375311461,0.11095265259555048,0.29990131874046827,0.7000986812595317,0.8890473474044495,0.9525204442817039,389.0,3343.0,389.0,3343.0,7804.0,8193.0,6460.0,7804.0,3117.0,0.4825077399380805,0.08587091992942096,-0.08587091992942096,0.020661863136323337,0.0002134562941320786,0.00021649493268536142,0.020661863136323337,0.0002134562941320786,0.00021649493268536142,0.38503424199183794,-0.06658304394383374,0.6189534639370524,-0.042538671519563254,0.12920316833927867,-0.036805785877536745,-0.17783591530564746,0.07956101751942422,0.7000986812595317,0.8890473474044495,-0.042538671519563254,0.23926840919948134,[0.7590664],11147.0,-0.10738356521753481,0.5459708445166045,0.625526791089705,0.5062559896830741,0.2546918719716099,0.7945730143319907,0.7945730143319906,0.8628037300237716,-182211574.7850137,0.08666449681971543,0.9574613284804367,0.7343621156791141,0.7962035649680342,,,,,,,,0.042538671519563254
658b7311-8759-4009-be67-490e6db4d241,GradientBoostingClassifier,PREPROCESSING,DIR,HYPERPARAMETER_DEMV,0.8265884119292978,0.746434683399886,0.2913396574080393,0.746434683399886,0.8517986902305553,0.6130241274303115,3506.0,0.17341158807070223,-0.06825050904611674,0.6277136867188302,0.38697587256968846,0.019068775748021682,1.0494825867352382,0.2535653166001141,0.06779288986798204,1.2739176005805046,0.08561248073959939,-0.03569440418121394,0.610705080474254,0.1482013097694447,-0.08093942582116216,0.49845503202982383,0.07711052535339595,0.2535653166001141,0.1482013097694447,0.8517986902305553,0.746434683399886,0.9143875192604006,889.0,1652.0,889.0,1652.0,9495.0,10384.0,4269.0,9495.0,2617.0,0.6130241274303115,0.07436615784457215,-0.07436615784457215,0.011754990332911747,6.908989886342431e-05,6.964305777365169e-05,0.011754990332911747,6.908989886342431e-05,6.964305777365169e-05,0.3927098810913623,0.06307139429536668,0.54340051335724,-0.06779288986798215,0.08093942582116216,-0.02738158996461781,-0.14247770630788134,0.09779639328811843,0.8517986902305553,0.746434683399886,-0.06779288986798215,0.23926840919948134,[0.7590664],11147.0,-0.10738356521753481,0.5459708445166045,0.6731832797427653,0.5617074404810488,0.17341158807070223,0.7991166868152206,0.7991166868152206,0.858543924483153,-250879235.5959789,0.013146535953180119,0.9322071101320177,0.707919118144316,0.7696443055947644,128.1308650970459,119.69999999999999,0.0,229901.53247618675,0.0,957923.0519841114,82.75390810196073,0.06779288986798215
658b7311-8759-4009-be67-490e6db4d241,NEURONAL_NETWORK,IN_PROCESSING,RULER,DIR,0.8041356718760664,0.27124928693668,0.08639868968811848,0.27124928693668,0.971741275679555,0.7511848341232228,3506.0,0.19586432812393362,-0.08188040352846626,0.6058915550382353,0.24881516587677724,0.09194429984383132,1.3848039215686274,0.7287507130633201,-0.020385358300209155,0.9720968852082901,0.19085680137446775,-0.09277750342805048,0.5466951654977671,0.02825872432044496,-0.0041393162423439475,0.8569329660238751,0.12018397097208312,0.7287507130633201,0.02825872432044496,0.971741275679555,0.27124928693668,0.8091431986255322,2555.0,315.0,2555.0,315.0,10832.0,13387.0,1266.0,10832.0,951.0,0.7511848341232228,0.012262337271276524,0.008123021028932576,0.03371037488590624,0.000568194687474169,0.0005558602624816354,0.03371037488590624,0.000568194687474169,0.0005558602624816354,0.49027333391095856,-0.203484834673189,0.7079912044792311,0.0203853583002091,0.0203853583002091,-0.0923609016359409,-0.02634700885807001,0.2010802491125522,0.971741275679555,0.27124928693668,0.0203853583002091,0.23926840919948134,[0.7590664],11147.0,-0.10738356521753481,0.5459708445166045,0.3985750209555742,0.368991089224751,0.19586432812393362,0.6214952813081176,0.6214952813081175,0.6164468620686693,,-0.016246042057865208,0.9796146416997908,0.3228105906313646,0.4157201432063414,,,,,,,,0.0203853583002091
658b7311-8759-4009-be67-490e6db4d241,NEURONAL_NETWORK,IN_PROCESSING,RULER,SMOTE,0.7922609704497372,0.3014831717056475,0.11274141813963011,0.3014831717056475,0.9466224096169373,0.6398305084745762,3506.0,0.2077390295502628,-0.08643136507168803,0.6076598709105397,0.3601694915254237,0.06138968849086479,1.1735078791125395,0.6985168282943526,-0.0186593075044299,0.9733510024366263,0.18837012537497116,-0.09309545553055347,0.54002097743897,0.05337759038306271,-0.01703242139668123,0.6966668769583412,0.12564956361803611,0.6985168282943526,0.05337759038306271,0.9466224096169373,0.3014831717056475,0.8116298746250289,2449.0,595.0,2449.0,595.0,10552.0,13001.0,1652.0,10552.0,1057.0,0.6398305084745762,0.017845864450555537,0.0008134430538743083,0.02801919357703134,0.00039253760435357715,0.00038540663320671675,0.02801919357703134,0.00039253760435357715,0.00038540663320671675,0.5012974438754623,-0.16134841135857392,0.6792168469313352,0.018659307504429845,0.018659307504429845,-0.07724257201070914,-0.03793355554892147,0.1997241115734931,0.9466224096169373,0.3014831717056475,0.018659307504429845,0.23926840919948134,[0.7590664],11147.0,-0.10738356521753481,0.5459708445166045,0.40984877859635516,0.33467871278741995,0.2077390295502628,0.6240527906612924,0.6240527906612924,0.6235451592534781,,-0.001626886107748672,0.9813406924955701,0.3474116680361545,0.442747368697809,,,,,,,,0.018659307504429845
658b7311-8759-4009-be67-490e6db4d241,NEURONAL_NETWORK,IN_PROCESSING,RULER,ROS,0.7917150071657681,0.30661722760981175,0.11574421620146046,0.30661722760981175,0.9442899434825514,0.6338443396226415,3506.0,0.20828499283423185,-0.08597103706491804,0.6105962863649064,0.36615566037735847,0.06428180895102709,1.1788352890047804,0.6933827723901882,-0.020016202927701454,0.9712069762301834,0.18762059118623137,-0.09302906279559962,0.5386278341299803,0.05571005651744864,-0.017186044287318493,0.7062634335361608,0.12563414087038197,0.6933827723901882,0.05571005651744864,0.9442899434825514,0.30661722760981175,0.8123794088137686,2431.0,621.0,2431.0,621.0,10526.0,12957.0,1696.0,10526.0,1075.0,0.6338443396226415,0.018601123607509946,0.0014150793201914529,0.027836374872174205,0.00038743188301210575,0.00038043805219259273,0.027836374872174205,0.00038743188301210575,0.00038043805219259273,0.501266677269459,-0.17040950832482182,0.6854612206554769,0.0200162029277014,0.0200162029277014,-0.07865543587331336,-0.038149505415548596,0.19887792939488683,0.9442899434825514,0.30661722760981175,0.0200162029277014,0.23926840919948134,[0.7590664],11147.0,-0.10738356521753481,0.5459708445166045,0.4133025759323337,0.33460534722925445,0.20828499283423185,0.6254535855461816,0.6254535855461816,0.6245685191115355,,-0.0028301586403829612,0.9799837970722987,0.35205501883084983,0.4476706398059953,,,,,,,,0.0200162029277014
658b7311-8759-4009-be67-490e6db4d241,NEURONAL_NETWORK,IN_PROCESSING,RULER,RUS,0.7855729202211151,0.311751283513976,0.12434313792397461,0.311751283513976,0.9346012380012559,0.5998902305159166,3506.0,0.21442707977888487,-0.0860130794060936,0.6209613629549908,0.40010976948408344,0.07240508533611983,1.1845931845931847,0.6882487164860239,-0.02836909151860545,0.9589323627540188,0.18806016678357104,-0.09457736876362963,0.5324746850233275,0.06539876199874406,-0.017571046158896368,0.7425855529751634,0.1284339011797148,0.6882487164860239,0.06539876199874406,0.9346012380012559,0.311751283513976,0.8119398332164289,2413.0,729.0,2413.0,729.0,10418.0,12831.0,1822.0,10418.0,1093.0,0.5998902305159166,0.02297006883875088,0.005399022679854513,0.028155154981601423,0.00039635637601899773,0.0003891222730220187,0.028155154981601423,0.00039635637601899773,0.0003891222730220187,0.5068212725995521,-0.21540925678428935,0.7172103742130143,0.028369091518605394,0.028369091518605394,-0.0834912270498747,-0.03666962250703169,0.20000814157134056,0.9346012380012559,0.311751283513976,0.028369091518605394,0.23926840919948134,[0.7590664],11147.0,-0.10738356521753481,0.5459708445166045,0.4102852852852853,0.3185206031581662,0.21442707977888487,0.6231762607576159,0.623176260757616,0.6198117179922387,,-0.010798045359709081,0.9716309084813947,0.35429497568881685,0.4494913251327652,,,,,,,,0.028369091518605394
658b7311-8759-4009-be67-490e6db4d241,NEURONAL_NETWORK,IN_PROCESSING,RULER,FOS,0.8064560158329352,0.2606959498003423,0.0790281853545349,0.2606959498003423,0.9781107024311474,0.7892918825561313,3506.0,0.19354398416706475,-0.08356202216685249,0.5937380568254423,0.21070811744386875,0.06734028683181226,1.330348576910777,0.7393040501996577,-0.01448685407786987,0.9804390701283584,0.1920711374583179,-0.09247519000772657,0.5507677317898765,0.021889297568852606,-0.005086677081377625,0.7760902333801133,0.11902147784181703,0.7393040501996577,0.021889297568852606,0.9781107024311474,0.2606959498003423,0.8079288625416821,2592.0,244.0,2592.0,244.0,10903.0,13495.0,1158.0,10903.0,914.0,0.7892918825561313,0.00978676557962372,0.004700088498246095,0.03347394589159284,0.0005602525267766425,0.0005481724114185075,0.03347394589159284,0.0005602525267766425,0.0005481724114185075,0.48789646000317943,-0.1450318265076962,0.6674458937023521,0.014486854077869815,0.014486854077869815,-0.07990773841976942,-0.027615479922513078,0.20212870780622547,0.9781107024311474,0.2606959498003423,0.014486854077869815,0.23926840919948134,[0.7590664],11147.0,-0.10738356521753481,0.5459708445166045,0.39193825042881647,0.377651011887966,0.19354398416706475,0.6194033261157448,0.6194033261157448,0.6164920756668928,,-0.009400176996492246,0.9855131459221304,0.3131209318259678,0.4052954092188981,,,,,,,,0.014486854077869815
658b7311-8759-4009-be67-490e6db4d241,NEURONAL_NETWORK,IN_PROCESSING,RULER,FAIR_SMOTE,0.24472804203917287,0.9948659440958357,0.9920835323824473,0.9948659440958357,0.00879160312191621,0.2399394648139231,3506.0,0.7552719579608271,0.1011316328075178,1.1365576894103884,0.7600605351860769,0.1084784631290221,1.145719261223623,0.00513405590416429,0.015348881758536468,5.082802547770701,0.15517241379310345,0.02328042328042329,1.1571428571428573,0.9912083968780838,-0.008584048016304524,0.9913520094906452,0.030683464134108298,0.00513405590416429,0.9912083968780838,0.00879160312191621,0.9948659440958357,0.8448275862068966,18.0,11049.0,18.0,11049.0,98.0,116.0,14537.0,98.0,3488.0,0.2399394648139231,0.01196646488742048,-0.01196646488742048,0.019584250235105034,0.0001917714286356058,0.00018931146712729394,0.019584250235105034,0.0001917714286356058,0.00018931146712729394,0.24772349155503318,0.39456349896755083,0.9899630242510828,-0.015348881758536437,0.015348881758536437,-0.04259901992429942,-0.009972060782799108,0.03514683609325273,0.00879160312191621,0.9948659440958357,-0.015348881758536437,0.23926840919948134,[0.7590664],11147.0,-0.10738356521753481,0.5459708445166045,0.3866319348223688,0.01760793831254057,0.7552719579608271,0.501828773608876,0.501828773608876,0.5078338900077639,,-0.006764833742231944,0.9846511182414636,0.5568549191778088,0.6511564226770465,,,,,,,,0.015348881758536437
658b7311-8759-4009-be67-490e6db4d241,NEURONAL_NETWORK,IN_PROCESSING,RULER,BAL_GAN_FAIR,0.782228895106804,0.30233884768967484,0.12318296594554017,0.30233884768967484,0.9331658742262492,0.5872576177285319,3506.0,0.21777110489319595,-0.08882646586754461,0.6149315823727487,0.41274238227146814,0.063545617128144,1.1565771791105417,0.6976611523103251,-0.031711444215634654,0.954730353337967,0.19037982565379827,-0.09621628257103106,0.5303216796677979,0.06683412577375078,-0.01928557680613168,0.7243905011411625,0.13073978119810256,0.6976611523103251,0.06683412577375078,0.9331658742262492,0.30233884768967484,0.8096201743462017,2446.0,745.0,2446.0,745.0,10402.0,12848.0,1805.0,10402.0,1060.0,0.5872576177285319,0.02549851051088314,0.006212933704751459,0.028295085204151884,0.00040030592335510743,0.00039296465629914403,0.028295085204151884,0.00040030592335510743,0.00039296465629914403,0.511350723472848,-0.2145590923366527,0.716584524403448,0.0317114442156346,0.0317114442156346,-0.07988094984958752,-0.03641133026467999,0.20313463068406842,0.9331658742262492,0.30233884768967484,0.0317114442156346,0.23926840919948134,[0.7590664],11147.0,-0.10738356521753481,0.5459708445166045,0.3991715307851629,0.3057230675908608,0.21777110489319595,0.617752360957962,0.617752360957962,0.6139143064933765,,-0.012425867409502973,0.9682885557843655,0.3440720603749087,0.43824500829591584,,,,,,,,0.0317114442156346
658b7311-8759-4009-be67-490e6db4d241,NEURONAL_NETWORK,IN_PROCESSING,RULER,DEMV,0.7825018767487887,0.3100399315459213,0.12659523647034737,0.3100399315459213,0.9311025387996771,0.5859838274932615,3506.0,0.21749812325121132,-0.0874079775286124,0.6202922266498988,0.41401617250673856,0.06871394943487086,1.169024045261669,0.6899600684540788,-0.03024879076672582,0.956330103967712,0.18901390842319113,-0.09544535035749958,0.5307162353069299,0.06889746120032296,-0.01911772520041234,0.7345139708776072,0.1300585292085623,0.6899600684540788,0.06889746120032296,0.9311025387996771,0.3100399315459213,0.8109860915768089,2419.0,768.0,2419.0,768.0,10379.0,12798.0,1855.0,10379.0,1087.0,0.5859838274932615,0.024683257983569025,0.005565532783156683,0.027910246927998723,0.0003894909417909311,0.0003824419076419253,0.027910246927998723,0.0003894909417909311,0.0003824419076419253,0.5100167236641605,-0.2176658658909456,0.7188626398278946,0.03024879076672571,0.03024879076672571,-0.08207964989618521,-0.03710636029738823,0.20142730845245096,0.9311025387996771,0.3100399315459213,0.03024879076672571,0.23926840919948134,[0.7590664],11147.0,-0.10738356521753481,0.5459708445166045,0.4055213579556053,0.3093966821694263,0.21749812325121132,0.6205712351727991,0.6205712351727992,0.617117425619161,,-0.011131065566313478,0.9697512092332743,0.35141032894205126,0.4462595860284456,,,,,,,,0.03024879076672571
658b7311-8759-4009-be67-490e6db4d241,NEURONAL_NETWORK,IN_PROCESSING,DISTRACTION,DIR,0.23926840919948134,1.0,1.0,1.0,0.0,0.23926840919948134,3506.0,0.7607315908005187,0.1073835652175349,1.1441139917257188,0.7607315908005187,0.10738356521753478,1.1441139917257186,0.0,0.0,,0.0,0.0,,1.0,0.0,1.0,0.029356245117480875,0.0,1.0,0.0,1.0,0.0,0.0,11147.0,0.0,11147.0,0.0,0.0,14653.0,0.0,3506.0,0.23926840919948134,0.0,0.0,0.02149203172681381,0.00023095371387318569,0.00022771006527452878,0.02149203172681381,0.00023095371387318569,0.00022771006527452878,0.2423066037791,1.2256338227320074,1.0,0.0,0.0,-0.053691782608767405,0.0,0.03322499000751864,0.0,1.0,0.0,0.23926840919948134,[0.7590664],11147.0,-0.10738356521753481,0.5459708445166045,0.3861446114874167,0.0,0.7607315908005187,0.5,0.5,0.5,,0.0,1.0,0.5571491001549401,0.653637013330019,,,,,,,,0.0
658b7311-8759-4009-be67-490e6db4d241,NEURONAL_NETWORK,IN_PROCESSING,DISTRACTION,SMOTE,0.23926840919948134,1.0,1.0,1.0,0.0,0.23926840919948134,3506.0,0.7607315908005187,0.1073835652175349,1.1441139917257188,0.7607315908005187,0.10738356521753478,1.1441139917257186,0.0,0.0,,0.0,0.0,,1.0,0.0,1.0,0.029356245117480875,0.0,1.0,0.0,1.0,0.0,0.0,11147.0,0.0,11147.0,0.0,0.0,14653.0,0.0,3506.0,0.23926840919948134,0.0,0.0,0.02149203172681381,0.00023095371387318569,0.00022771006527452878,0.02149203172681381,0.00023095371387318569,0.00022771006527452878,0.2423066037791,1.2256338227320074,1.0,0.0,0.0,-0.053691782608767405,0.0,0.03322499000751864,0.0,1.0,0.0,0.23926840919948134,[0.7590664],11147.0,-0.10738356521753481,0.5459708445166045,0.3861446114874167,0.0,0.7607315908005187,0.5,0.5,0.5,,0.0,1.0,0.5571491001549401,0.653637013330019,,,,,,,,0.0
658b7311-8759-4009-be67-490e6db4d241,NEURONAL_NETWORK,IN_PROCESSING,DISTRACTION,ROS,0.23926840919948134,1.0,1.0,1.0,0.0,0.23926840919948134,3506.0,0.7607315908005187,0.1073835652175349,1.1441139917257188,0.7607315908005187,0.10738356521753478,1.1441139917257186,0.0,0.0,,0.0,0.0,,1.0,0.0,1.0,0.029356245117480875,0.0,1.0,0.0,1.0,0.0,0.0,11147.0,0.0,11147.0,0.0,0.0,14653.0,0.0,3506.0,0.23926840919948134,0.0,0.0,0.02149203172681381,0.00023095371387318569,0.00022771006527452878,0.02149203172681381,0.00023095371387318569,0.00022771006527452878,0.2423066037791,1.2256338227320074,1.0,0.0,0.0,-0.053691782608767405,0.0,0.03322499000751864,0.0,1.0,0.0,0.23926840919948134,[0.7590664],11147.0,-0.10738356521753481,0.5459708445166045,0.3861446114874167,0.0,0.7607315908005187,0.5,0.5,0.5,,0.0,1.0,0.5571491001549401,0.653637013330019,,,,,,,,0.0
658b7311-8759-4009-be67-490e6db4d241,NEURONAL_NETWORK,IN_PROCESSING,DISTRACTION,RUS,0.23926840919948134,1.0,1.0,1.0,0.0,0.23926840919948134,3506.0,0.7607315908005187,0.1073835652175349,1.1441139917257188,0.7607315908005187,0.10738356521753478,1.1441139917257186,0.0,0.0,,0.0,0.0,,1.0,0.0,1.0,0.029356245117480875,0.0,1.0,0.0,1.0,0.0,0.0,11147.0,0.0,11147.0,0.0,0.0,14653.0,0.0,3506.0,0.23926840919948134,0.0,0.0,0.02149203172681381,0.00023095371387318569,0.00022771006527452878,0.02149203172681381,0.00023095371387318569,0.00022771006527452878,0.2423066037791,1.2256338227320074,1.0,0.0,0.0,-0.053691782608767405,0.0,0.03322499000751864,0.0,1.0,0.0,0.23926840919948134,[0.7590664],11147.0,-0.10738356521753481,0.5459708445166045,0.3861446114874167,0.0,0.7607315908005187,0.5,0.5,0.5,,0.0,1.0,0.5571491001549401,0.653637013330019,,,,,,,,0.0
658b7311-8759-4009-be67-490e6db4d241,NEURONAL_NETWORK,IN_PROCESSING,DISTRACTION,FOS,0.23926840919948134,1.0,1.0,1.0,0.0,0.23926840919948134,3506.0,0.7607315908005187,0.1073835652175349,1.1441139917257188,0.7607315908005187,0.10738356521753478,1.1441139917257186,0.0,0.0,,0.0,0.0,,1.0,0.0,1.0,0.029356245117480875,0.0,1.0,0.0,1.0,0.0,0.0,11147.0,0.0,11147.0,0.0,0.0,14653.0,0.0,3506.0,0.23926840919948134,0.0,0.0,0.02149203172681381,0.00023095371387318569,0.00022771006527452878,0.02149203172681381,0.00023095371387318569,0.00022771006527452878,0.2423066037791,1.2256338227320074,1.0,0.0,0.0,-0.053691782608767405,0.0,0.03322499000751864,0.0,1.0,0.0,0.23926840919948134,[0.7590664],11147.0,-0.10738356521753481,0.5459708445166045,0.3861446114874167,0.0,0.7607315908005187,0.5,0.5,0.5,,0.0,1.0,0.5571491001549401,0.653637013330019,,,,,,,,0.0
658b7311-8759-4009-be67-490e6db4d241,NEURONAL_NETWORK,IN_PROCESSING,DISTRACTION,FAIR_SMOTE,0.23926840919948134,1.0,1.0,1.0,0.0,0.23926840919948134,3506.0,0.7607315908005187,0.1073835652175349,1.1441139917257188,0.7607315908005187,0.10738356521753478,1.1441139917257186,0.0,0.0,,0.0,0.0,,1.0,0.0,1.0,0.029356245117480875,0.0,1.0,0.0,1.0,0.0,0.0,11147.0,0.0,11147.0,0.0,0.0,14653.0,0.0,3506.0,0.23926840919948134,0.0,0.0,0.02149203172681381,0.00023095371387318569,0.00022771006527452878,0.02149203172681381,0.00023095371387318569,0.00022771006527452878,0.2423066037791,1.2256338227320074,1.0,0.0,0.0,-0.053691782608767405,0.0,0.03322499000751864,0.0,1.0,0.0,0.23926840919948134,[0.7590664],11147.0,-0.10738356521753481,0.5459708445166045,0.3861446114874167,0.0,0.7607315908005187,0.5,0.5,0.5,,0.0,1.0,0.5571491001549401,0.653637013330019,,,,,,,,0.0
658b7311-8759-4009-be67-490e6db4d241,NEURONAL_NETWORK,IN_PROCESSING,DISTRACTION,BAL_GAN_FAIR,0.23926840919948134,1.0,1.0,1.0,0.0,0.23926840919948134,3506.0,0.7607315908005187,0.1073835652175349,1.1441139917257188,0.7607315908005187,0.10738356521753478,1.1441139917257186,0.0,0.0,,0.0,0.0,,1.0,0.0,1.0,0.029356245117480875,0.0,1.0,0.0,1.0,0.0,0.0,11147.0,0.0,11147.0,0.0,0.0,14653.0,0.0,3506.0,0.23926840919948134,0.0,0.0,0.02149203172681381,0.00023095371387318569,0.00022771006527452878,0.02149203172681381,0.00023095371387318569,0.00022771006527452878,0.2423066037791,1.2256338227320074,1.0,0.0,0.0,-0.053691782608767405,0.0,0.03322499000751864,0.0,1.0,0.0,0.23926840919948134,[0.7590664],11147.0,-0.10738356521753481,0.5459708445166045,0.3861446114874167,0.0,0.7607315908005187,0.5,0.5,0.5,,0.0,1.0,0.5571491001549401,0.653637013330019,,,,,,,,0.0
658b7311-8759-4009-be67-490e6db4d241,NEURONAL_NETWORK,IN_PROCESSING,DISTRACTION,DEMV,0.23926840919948134,1.0,1.0,1.0,0.0,0.23926840919948134,3506.0,0.7607315908005187,0.1073835652175349,1.1441139917257188,0.7607315908005187,0.10738356521753478,1.1441139917257186,0.0,0.0,,0.0,0.0,,1.0,0.0,1.0,0.029356245117480875,0.0,1.0,0.0,1.0,0.0,0.0,11147.0,0.0,11147.0,0.0,0.0,14653.0,0.0,3506.0,0.23926840919948134,0.0,0.0,0.02149203172681381,0.00023095371387318569,0.00022771006527452878,0.02149203172681381,0.00023095371387318569,0.00022771006527452878,0.2423066037791,1.2256338227320074,1.0,0.0,0.0,-0.053691782608767405,0.0,0.03322499000751864,0.0,1.0,0.0,0.23926840919948134,[0.7590664],11147.0,-0.10738356521753481,0.5459708445166045,0.3861446114874167,0.0,0.7607315908005187,0.5,0.5,0.5,,0.0,1.0,0.5571491001549401,0.653637013330019,,,,,,,,0.0
658b7311-8759-4009-be67-490e6db4d241,NEURONAL_NETWORK,IN_PROCESSING,FAIR_FOR_FREE,DIR,0.8572306012420665,0.5955504848830576,0.1884938237903501,0.5955504848830576,0.9395353009778415,0.7559739319333816,3506.0,0.14276939875793349,-0.051084069830641066,0.6598740613721699,0.2440260680666184,0.036044819134506995,1.1495564544744872,0.4044495151169424,0.06996990884855453,1.1757230126235925,0.11924985282987133,-0.04973908500966484,0.608935738393721,0.06046469902215843,-0.03010477293686583,0.5394463261527345,0.0777951418358583,0.4044495151169424,0.06046469902215843,0.9395353009778415,0.5955504848830576,0.8807501471701287,1418.0,674.0,1418.0,674.0,10473.0,11891.0,2762.0,10473.0,2088.0,0.7559739319333816,0.050037340892710155,-0.050037340892710155,0.0051206995926438405,1.3110782159051397e-05,1.306601880698559e-05,0.0051206995926438405,1.3110782159051397e-05,1.306601880698559e-05,0.39444934233905954,0.07441190611747572,0.5368923702129295,-0.06996990884855447,0.06996990884855447,-0.04289195207208596,-0.09359033942758509,0.11928580075091844,0.9395353009778415,0.5955504848830576,-0.06996990884855447,0.23926840919948134,[0.7590664],11147.0,-0.10738356521753481,0.5459708445166045,0.6662412252712189,0.5836968427562883,0.14276939875793349,0.7675428929304495,0.7675428929304495,0.8059486983137873,,-0.0398651359116887,0.9300300911514455,0.6289156626506024,0.7050014072022148,,,,,,,,0.06996990884855447
658b7311-8759-4009-be67-490e6db4d241,NEURONAL_NETWORK,IN_PROCESSING,FAIR_FOR_FREE,SMOTE,0.8523851770968403,0.6232173416999429,0.20657885757182828,0.6232173416999429,0.924463981340271,0.7218368021143046,3506.0,0.14761482290315975,-0.048509923417681566,0.6863509133283202,0.27816319788569543,0.06734922221544642,1.2475466071550387,0.376782658300057,0.05138642785307218,1.1380685839284566,0.11362463444004817,-0.04988616680473407,0.5896988755479322,0.07553601865972907,-0.02902179650221578,0.6384093391739951,0.07830921238542862,0.376782658300057,0.07553601865972907,0.924463981340271,0.6232173416999429,0.8863753655599518,1321.0,842.0,1321.0,842.0,10305.0,11626.0,3027.0,10305.0,2185.0,0.7218368021143046,0.04020411217764401,-0.04020411217764401,0.005925276111530922,1.75544484989395e-05,1.748516562223317e-05,0.005925276111530922,1.75544484989395e-05,1.748516562223317e-05,0.39575045770138695,-0.01189866401324835,0.5854795750380856,-0.051386427853072236,0.051386427853072236,-0.058617694510090274,-0.09111902985628798,0.11558797598892917,0.924463981340271,0.6232173416999429,-0.051386427853072236,0.23926840919948134,[0.7590664],11147.0,-0.10738356521753481,0.5459708445166045,0.6689116791673044,0.5771537444052435,0.14761482290315975,0.773840661520107,0.773840661520107,0.8049522382834836,,-0.022364631350856402,0.9486135721469279,0.6452565522332964,0.7222454843678892,1006.5517768859863,290.5,0.0,3823549.0986135243,0.0,15931454.577556351,1376.300659338896,0.051386427853072236
658b7311-8759-4009-be67-490e6db4d241,NEURONAL_NETWORK,IN_PROCESSING,FAIR_FOR_FREE,ROS,0.7947178052275985,0.872219053051911,0.38340271616733773,0.872219053051911,0.7703417959989235,0.5443218227127091,3506.0,0.2052821947724015,-0.05772799737889811,0.7298260690682661,0.4556781772872909,0.0674740711566234,1.150211895367529,0.127780946948089,0.04504294174927764,1.3639925824397323,0.04958494742667405,-0.01969430581960622,0.628749870549904,0.22965820400107653,-0.09070876713202242,0.6288933735747334,0.07047417552278114,0.127780946948089,0.22965820400107653,0.7703417959989235,0.872219053051911,0.9504150525733259,448.0,2560.0,448.0,2560.0,8587.0,9035.0,5618.0,8587.0,3058.0,0.5443218227127091,0.06787585444065,-0.06787585444065,0.013686984822146394,9.366677676083288e-05,9.4542127079339e-05,0.013686984822146394,9.366677676083288e-05,9.4542127079339e-05,0.37543088717573875,-0.07729892746590628,0.6255592651304748,-0.04504294174927759,0.09070876713202242,-0.04358418848811478,-0.15182130722352677,0.07703757998892904,0.7703417959989235,0.872219053051911,-0.04504294174927759,0.23926840919948134,[0.7590664],11147.0,-0.10738356521753481,0.5459708445166045,0.6703200350723367,0.5638249255225877,0.2052821947724015,0.8212804245254173,0.8212804245254173,0.8770255350754599,,0.045665825382744774,0.9549570582507224,0.7580565195835399,0.8140023141239165,,,,,,,,0.04504294174927759
658b7311-8759-4009-be67-490e6db4d241,NEURONAL_NETWORK,IN_PROCESSING,FAIR_FOR_FREE,RUS,0.7963556950795059,0.8616657159155733,0.3767146659387156,0.8616657159155733,0.7758141203911366,0.5472826086956522,3506.0,0.20364430492049412,-0.05196482124916679,0.7539480448678393,0.45271739130434785,0.07809974750061366,1.1754690312587084,0.1383342840844267,0.04744344938780071,1.353830585153878,0.05310412788787912,-0.020892292991878017,0.6317977429024862,0.22418587960886338,-0.08219775198109766,0.6540056736636881,0.07140018476404934,0.1383342840844267,0.22418587960886338,0.7758141203911366,0.8616657159155733,0.9468958721121209,485.0,2499.0,485.0,2499.0,8648.0,9133.0,5520.0,8648.0,3021.0,0.5472826086956522,0.06482060068444916,-0.06482060068444916,0.011513429482636848,6.62795292258257e-05,6.679912185240955e-05,0.011513429482636848,6.62795292258257e-05,6.679912185240955e-05,0.3778893614910305,-0.09473196697947783,0.6365604044075802,-0.04744344938780065,0.08219775198109766,-0.04949602024624584,-0.14454588195830748,0.07907119546577801,0.7758141203911366,0.8616657159155733,-0.04744344938780065,0.23926840919948134,[0.7590664],11147.0,-0.10738356521753481,0.5459708445166045,0.6693995125193885,0.5612742796990058,0.20364430492049412,0.818739918153355,0.818739918153355,0.8718111314523922,,0.034754302593296954,0.9525565506121993,0.7534605312383091,0.8098858980941162,279.6147458553314,281.7,0.0,3777497.3140359162,0.0,15739572.141816318,1359.7241489180208,0.04744344938780065
658b7311-8759-4009-be67-490e6db4d241,NEURONAL_NETWORK,IN_PROCESSING,FAIR_FOR_FREE,FOS,0.8540913123592438,0.5416428978893326,0.16583634750563025,0.5416428978893326,0.9523638647169642,0.7814814814814814,3506.0,0.14590868764075615,-0.05915342401677548,0.6171382519968495,0.21851851851851853,0.01461010385495512,1.0672427761274643,0.45835710211066744,0.03874335520329486,1.085171342843607,0.13147345168943794,-0.06031202733214126,0.5721252110548298,0.04763613528303579,-0.025311112921680666,0.5109662406105093,0.08183565145160297,0.45835710211066744,0.04763613528303579,0.9523638647169642,0.5416428978893326,0.8685265483105621,1607.0,531.0,1607.0,531.0,10616.0,12223.0,2430.0,10616.0,1899.0,0.7814814814814814,0.03202723406248777,-0.03202723406248777,0.010311809265763446,5.316670516674242e-05,5.280350555971899e-05,0.010311809265763446,5.316670516674242e-05,5.280350555971899e-05,0.4045631012625916,0.05413095851379879,0.5477700465710651,-0.03874335520329486,0.03874335520329486,-0.03746106559354818,-0.0802704556429673,0.13048624093563446,0.9523638647169642,0.5416428978893326,-0.03874335520329486,0.23926840919948134,[0.7590664],11147.0,-0.10738356521753481,0.5459708445166045,0.6398247978436657,0.5666642413860828,0.14590868764075615,0.7470033813031485,0.7470033813031485,0.7709278334416143,,-0.013432242281614194,0.9612566447967051,0.5866543095458758,0.6742379665388294,,,,,,,,0.03874335520329486
658b7311-8759-4009-be67-490e6db4d241,NEURONAL_NETWORK,IN_PROCESSING,FAIR_FOR_FREE,FAIR_SMOTE,0.6326349552992562,0.9671990872789503,0.590937009486112,0.9671990872789503,0.5274064770790348,0.3916156600069292,3506.0,0.3673650447007438,-0.09239057627485803,0.7573706065702827,0.6083843399930708,0.06867931691128293,1.1142012075302645,0.03280091272104963,0.04442635250546749,2.5414012738853504,0.019185852519185854,-0.0009363952314288236,0.9516840417000801,0.4725935229209653,-0.1755589051092305,0.6497079960488905,0.06669216544376229,0.03280091272104963,0.4725935229209653,0.5274064770790348,0.9671990872789503,0.9808141474808142,115.0,5268.0,115.0,5268.0,5879.0,5994.0,8659.0,5879.0,3391.0,0.3916156600069292,0.10999262880734897,-0.10999262880734897,0.02589014338057986,0.00033514976213349154,0.00034116894092165557,0.02589014338057986,0.00033514976213349154,0.00034116894092165557,0.3652181962711121,-0.11084279232777683,0.6671506042102566,-0.04442635250546745,0.1755589051092305,-0.034807856071355905,-0.2066887377081471,0.06738675312668434,0.5274064770790348,0.9671990872789503,-0.04442635250546745,0.23926840919948134,[0.7590664],11147.0,-0.10738356521753481,0.5459708445166045,0.5575010275380189,0.4291920958221517,0.3673650447007438,0.7473027821789926,0.7473027821789926,0.8295005797059056,,0.131132552603763,0.9555736474945327,0.7073056265317829,0.7743686493845561,1019.006094455719,313.8,0.0,3838618.9819353106,0.0,15994245.758063793,1381.7251196549555,0.04442635250546745
658b7311-8759-4009-be67-490e6db4d241,NEURONAL_NETWORK,IN_PROCESSING,FAIR_FOR_FREE,BAL_GAN_FAIR,0.8476079983621101,0.6420422133485454,0.2203644304920494,0.6420422133485454,0.9122633892527138,0.6971198513471663,3506.0,0.1523920016378899,-0.05025233655655448,0.6853198684828559,0.3028801486528337,0.06477201923166342,1.2180856060368852,0.35795778665145467,0.05107514007949815,1.144531779373899,0.10985644257703081,-0.04847494553376906,0.587962962962963,0.08773661074728627,-0.0350397164175756,0.6250107412742942,0.07897498079250975,0.35795778665145467,0.08773661074728627,0.9122633892527138,0.6420422133485454,0.8901435574229691,1255.0,978.0,1255.0,978.0,10169.0,11424.0,3229.0,10169.0,2251.0,0.6971198513471663,0.043057428248536846,-0.043057428248536846,0.0037991153850214137,7.216638854353203e-06,7.198328480649756e-06,0.0037991153850214137,7.216638854353203e-06,7.198328480649756e-06,0.39742919065541665,-0.014479476071776354,0.5870552369445942,-0.051075140079498094,0.051075140079498094,-0.0566234823827163,-0.09680659727967675,0.11339461799205168,0.9122633892527138,0.6420422133485454,-0.051075140079498094,0.23926840919948134,[0.7590664],11147.0,-0.10738356521753481,0.5459708445166045,0.6684484038604306,0.5705465780144505,0.1523920016378899,0.7771528013006296,0.7771528013006296,0.8106150022807808,,-0.01603542366192255,0.9489248599205019,0.6549792682039718,0.7303968811564633,,,,,,,,0.051075140079498094
658b7311-8759-4009-be67-490e6db4d241,NEURONAL_NETWORK,IN_PROCESSING,FAIR_FOR_FREE,DEMV,0.8469937896676448,0.6719908727895038,0.23531017539070498,0.6719908727895038,0.9020364223557908,0.6832946635730859,3506.0,0.15300621033235517,-0.049322304463358946,0.6920675268698367,0.3167053364269142,0.06316741709327905,1.2030936012691698,0.3280091272104963,0.0594839008348898,1.1843423412281244,0.10263275323516287,-0.043767594162852586,0.6011624865897724,0.09796357764420921,-0.040674523751326935,0.6110915413448945,0.07710445826278343,0.3280091272104963,0.09796357764420921,0.9020364223557908,0.6719908727895038,0.8973672467648371,1150.0,1092.0,1150.0,1092.0,10055.0,11205.0,3448.0,10055.0,2356.0,0.6832946635730859,0.05007921229310834,-0.05007921229310834,0.0008607567525879204,3.704510935628512e-07,3.7023735322729774e-07,0.0008607567525879204,3.704510935628512e-07,3.7023735322729774e-07,0.3926944314929445,-0.0042591553821462735,0.581133821957304,-0.05948390083488975,0.05948390083488975,-0.05346750562806579,-0.10495066006850687,0.10768883191561483,0.9020364223557908,0.6719908727895038,-0.05948390083488975,0.23926840919948134,[0.7590664],11147.0,-0.10738356521753481,0.5459708445166045,0.6775956284153005,0.5773350723671459,0.15300621033235517,0.7870136475726474,0.7870136475726472,0.8264266711070113,,-0.018809377083562867,0.9405160991651103,0.6747816124874696,0.7449403793956507,1504.2616572380066,433.6,0.0,4064697.070864773,0.0,16936237.795269888,1463.1027650913707,0.05948390083488975
658b7311-8759-4009-be67-490e6db4d241,NEURONAL_NETWORK,IN_PROCESSING,ROB_FAIRNESS_FGSM,DIR,0.7607315908005187,0.0,0.0,0.0,1.0,0.0,3506.0,0.23926840919948134,-0.10738356521753478,0.5786742572730558,0.0,0.0,,1.0,0.0,1.0,0.23926840919948134,-0.10738356521753481,0.5786742572730558,0.0,0.0,,0.15726204359917456,1.0,0.0,1.0,0.0,0.7607315908005187,3506.0,0.0,3506.0,0.0,11147.0,14653.0,0.0,11147.0,0.0,0.0,0.0,0.0,0.04974382511453008,0.0012372240685124768,0.0011983320727399396,0.04974382511453008,0.0012372240685124768,0.0011983320727399396,0.5608244709339537,1.2256338227329897,,0.0,0.0,-0.053691782608767405,0.0,0.2734746892484015,1.0,0.0,0.0,0.23926840919948134,[0.7590664],11147.0,-0.10738356521753481,0.5459708445166045,0.0,0.0,0.23926840919948134,0.5,0.5,0.5,-1774374997.0878372,0.0,1.0,1.0,1.2,,,,,,,,0.0
658b7311-8759-4009-be67-490e6db4d241,NEURONAL_NETWORK,IN_PROCESSING,ROB_FAIRNESS_FGSM,SMOTE,0.7607315908005187,0.0,0.0,0.0,1.0,0.0,3506.0,0.23926840919948134,-0.10738356521753478,0.5786742572730558,0.0,0.0,,1.0,0.0,1.0,0.23926840919948134,-0.10738356521753481,0.5786742572730558,0.0,0.0,,0.15726204359917456,1.0,0.0,1.0,0.0,0.7607315908005187,3506.0,0.0,3506.0,0.0,11147.0,14653.0,0.0,11147.0,0.0,0.0,0.0,0.0,0.04974382511453008,0.0012372240685124768,0.0011983320727399396,0.04974382511453008,0.0012372240685124768,0.0011983320727399396,0.5608244709339537,1.2256338227329897,,0.0,0.0,-0.053691782608767405,0.0,0.2734746892484015,1.0,0.0,0.0,0.23926840919948134,[0.7590664],11147.0,-0.10738356521753481,0.5459708445166045,0.0,0.0,0.23926840919948134,0.5,0.5,0.5,-1774374997.0878372,0.0,1.0,1.0,1.2,,,,,,,,0.0
658b7311-8759-4009-be67-490e6db4d241,NEURONAL_NETWORK,IN_PROCESSING,ROB_FAIRNESS_FGSM,ROS,0.7607315908005187,0.0,0.0,0.0,1.0,0.0,3506.0,0.23926840919948134,-0.10738356521753478,0.5786742572730558,0.0,0.0,,1.0,0.0,1.0,0.23926840919948134,-0.10738356521753481,0.5786742572730558,0.0,0.0,,0.15726204359917456,1.0,0.0,1.0,0.0,0.7607315908005187,3506.0,0.0,3506.0,0.0,11147.0,14653.0,0.0,11147.0,0.0,0.0,0.0,0.0,0.04974382511453008,0.0012372240685124768,0.0011983320727399396,0.04974382511453008,0.0012372240685124768,0.0011983320727399396,0.5608244709339537,1.2256338227329897,,0.0,0.0,-0.053691782608767405,0.0,0.2734746892484015,1.0,0.0,0.0,0.23926840919948134,[0.7590664],11147.0,-0.10738356521753481,0.5459708445166045,0.0,0.0,0.23926840919948134,0.5,0.5,0.5,-1774374997.0878372,0.0,1.0,1.0,1.2,,,,,,,,0.0
658b7311-8759-4009-be67-490e6db4d241,NEURONAL_NETWORK,IN_PROCESSING,ROB_FAIRNESS_FGSM,RUS,0.7607315908005187,0.0,0.0,0.0,1.0,0.0,3506.0,0.23926840919948134,-0.10738356521753478,0.5786742572730558,0.0,0.0,,1.0,0.0,1.0,0.23926840919948134,-0.10738356521753481,0.5786742572730558,0.0,0.0,,0.15726204359917456,1.0,0.0,1.0,0.0,0.7607315908005187,3506.0,0.0,3506.0,0.0,11147.0,14653.0,0.0,11147.0,0.0,0.0,0.0,0.0,0.04974382511453008,0.0012372240685124768,0.0011983320727399396,0.04974382511453008,0.0012372240685124768,0.0011983320727399396,0.5608244709339537,1.2256338227329897,,0.0,0.0,-0.053691782608767405,0.0,0.2734746892484015,1.0,0.0,0.0,0.23926840919948134,[0.7590664],11147.0,-0.10738356521753481,0.5459708445166045,0.0,0.0,0.23926840919948134,0.5,0.5,0.5,-1774374997.0878372,0.0,1.0,1.0,1.2,,,,,,,,0.0
658b7311-8759-4009-be67-490e6db4d241,NEURONAL_NETWORK,IN_PROCESSING,ROB_FAIRNESS_FGSM,FOS,0.7607315908005187,0.0,0.0,0.0,1.0,0.0,3506.0,0.23926840919948134,-0.10738356521753478,0.5786742572730558,0.0,0.0,,1.0,0.0,1.0,0.23926840919948134,-0.10738356521753481,0.5786742572730558,0.0,0.0,,0.15726204359917456,1.0,0.0,1.0,0.0,0.7607315908005187,3506.0,0.0,3506.0,0.0,11147.0,14653.0,0.0,11147.0,0.0,0.0,0.0,0.0,0.04974382511453008,0.0012372240685124768,0.0011983320727399396,0.04974382511453008,0.0012372240685124768,0.0011983320727399396,0.5608244709339537,1.2256338227329897,,0.0,0.0,-0.053691782608767405,0.0,0.2734746892484015,1.0,0.0,0.0,0.23926840919948134,[0.7590664],11147.0,-0.10738356521753481,0.5459708445166045,0.0,0.0,0.23926840919948134,0.5,0.5,0.5,-1774374997.0878372,0.0,1.0,1.0,1.2,,,,,,,,0.0
658b7311-8759-4009-be67-490e6db4d241,NEURONAL_NETWORK,IN_PROCESSING,ROB_FAIRNESS_FGSM,FAIR_SMOTE,0.7607315908005187,0.0,0.0,0.0,1.0,0.0,3506.0,0.23926840919948134,-0.10738356521753478,0.5786742572730558,0.0,0.0,,1.0,0.0,1.0,0.23926840919948134,-0.10738356521753481,0.5786742572730558,0.0,0.0,,0.15726204359917456,1.0,0.0,1.0,0.0,0.7607315908005187,3506.0,0.0,3506.0,0.0,11147.0,14653.0,0.0,11147.0,0.0,0.0,0.0,0.0,0.04974382511453008,0.0012372240685124768,0.0011983320727399396,0.04974382511453008,0.0012372240685124768,0.0011983320727399396,0.5608244709339537,1.2256338227329897,,0.0,0.0,-0.053691782608767405,0.0,0.2734746892484015,1.0,0.0,0.0,0.23926840919948134,[0.7590664],11147.0,-0.10738356521753481,0.5459708445166045,0.0,0.0,0.23926840919948134,0.5,0.5,0.5,-1774374997.0878372,0.0,1.0,1.0,1.2,,,,,,,,0.0
658b7311-8759-4009-be67-490e6db4d241,NEURONAL_NETWORK,IN_PROCESSING,ROB_FAIRNESS_FGSM,BAL_GAN_FAIR,0.23926840919948134,1.0,1.0,1.0,0.0,0.23926840919948134,3506.0,0.7607315908005187,0.1073835652175349,1.1441139917257188,0.7607315908005187,0.10738356521753478,1.1441139917257186,0.0,0.0,,0.0,0.0,,1.0,0.0,1.0,0.029356245117480875,0.0,1.0,0.0,1.0,0.0,0.0,11147.0,0.0,11147.0,0.0,0.0,14653.0,0.0,3506.0,0.23926840919948134,0.0,0.0,0.02149203172681381,0.00023095371387318569,0.00022771006527452878,0.02149203172681381,0.00023095371387318569,0.00022771006527452878,0.2423066037791,1.2256338227320074,1.0,0.0,0.0,-0.053691782608767405,0.0,0.03322499000751864,0.0,1.0,0.0,0.23926840919948134,[0.7590664],11147.0,-0.10738356521753481,0.5459708445166045,0.3861446114874167,0.0,0.7607315908005187,0.5,0.5,0.5,,0.0,1.0,0.5571491001549401,0.653637013330019,,,,,,,,0.0
658b7311-8759-4009-be67-490e6db4d241,NEURONAL_NETWORK,IN_PROCESSING,ROB_FAIRNESS_FGSM,DEMV,0.23926840919948134,1.0,1.0,1.0,0.0,0.23926840919948134,3506.0,0.7607315908005187,0.1073835652175349,1.1441139917257188,0.7607315908005187,0.10738356521753478,1.1441139917257186,0.0,0.0,,0.0,0.0,,1.0,0.0,1.0,0.029356245117480875,0.0,1.0,0.0,1.0,0.0,0.0,11147.0,0.0,11147.0,0.0,0.0,14653.0,0.0,3506.0,0.23926840919948134,0.0,0.0,0.02149203172681381,0.00023095371387318569,0.00022771006527452878,0.02149203172681381,0.00023095371387318569,0.00022771006527452878,0.2423066037791,1.2256338227320074,1.0,0.0,0.0,-0.053691782608767405,0.0,0.03322499000751864,0.0,1.0,0.0,0.23926840919948134,[0.7590664],11147.0,-0.10738356521753481,0.5459708445166045,0.3861446114874167,0.0,0.7607315908005187,0.5,0.5,0.5,,0.0,1.0,0.5571491001549401,0.653637013330019,,,,,,,,0.0
658b7311-8759-4009-be67-490e6db4d241,NEURONAL_NETWORK,IN_PROCESSING,ROB_FAIRNESS_PGD,DIR,0.7607315908005187,0.0,0.0,0.0,1.0,0.0,3506.0,0.23926840919948134,-0.10738356521753478,0.5786742572730558,0.0,0.0,,1.0,0.0,1.0,0.23926840919948134,-0.10738356521753481,0.5786742572730558,0.0,0.0,,0.15726204359917456,1.0,0.0,1.0,0.0,0.7607315908005187,3506.0,0.0,3506.0,0.0,11147.0,14653.0,0.0,11147.0,0.0,0.0,0.0,0.0,0.04974382511453008,0.0012372240685124768,0.0011983320727399396,0.04974382511453008,0.0012372240685124768,0.0011983320727399396,0.5608244709339537,1.2256338227329897,,0.0,0.0,-0.053691782608767405,0.0,0.2734746892484015,1.0,0.0,0.0,0.23926840919948134,[0.7590664],11147.0,-0.10738356521753481,0.5459708445166045,0.0,0.0,0.23926840919948134,0.5,0.5,0.5,-1774374997.0878372,0.0,1.0,1.0,1.2,,,,,,,,0.0
658b7311-8759-4009-be67-490e6db4d241,NEURONAL_NETWORK,IN_PROCESSING,ROB_FAIRNESS_PGD,SMOTE,0.7607315908005187,0.0,0.0,0.0,1.0,0.0,3506.0,0.23926840919948134,-0.10738356521753478,0.5786742572730558,0.0,0.0,,1.0,0.0,1.0,0.23926840919948134,-0.10738356521753481,0.5786742572730558,0.0,0.0,,0.15726204359917456,1.0,0.0,1.0,0.0,0.7607315908005187,3506.0,0.0,3506.0,0.0,11147.0,14653.0,0.0,11147.0,0.0,0.0,0.0,0.0,0.04974382511453008,0.0012372240685124768,0.0011983320727399396,0.04974382511453008,0.0012372240685124768,0.0011983320727399396,0.5608244709339537,1.2256338227329897,,0.0,0.0,-0.053691782608767405,0.0,0.2734746892484015,1.0,0.0,0.0,0.23926840919948134,[0.7590664],11147.0,-0.10738356521753481,0.5459708445166045,0.0,0.0,0.23926840919948134,0.5,0.5,0.5,-1774374997.0878372,0.0,1.0,1.0,1.2,,,,,,,,0.0
658b7311-8759-4009-be67-490e6db4d241,NEURONAL_NETWORK,IN_PROCESSING,ROB_FAIRNESS_PGD,ROS,0.7607315908005187,0.0,0.0,0.0,1.0,0.0,3506.0,0.23926840919948134,-0.10738356521753478,0.5786742572730558,0.0,0.0,,1.0,0.0,1.0,0.23926840919948134,-0.10738356521753481,0.5786742572730558,0.0,0.0,,0.15726204359917456,1.0,0.0,1.0,0.0,0.7607315908005187,3506.0,0.0,3506.0,0.0,11147.0,14653.0,0.0,11147.0,0.0,0.0,0.0,0.0,0.04974382511453008,0.0012372240685124768,0.0011983320727399396,0.04974382511453008,0.0012372240685124768,0.0011983320727399396,0.5608244709339537,1.2256338227329897,,0.0,0.0,-0.053691782608767405,0.0,0.2734746892484015,1.0,0.0,0.0,0.23926840919948134,[0.7590664],11147.0,-0.10738356521753481,0.5459708445166045,0.0,0.0,0.23926840919948134,0.5,0.5,0.5,-1774374997.0878372,0.0,1.0,1.0,1.2,,,,,,,,0.0
658b7311-8759-4009-be67-490e6db4d241,NEURONAL_NETWORK,IN_PROCESSING,ROB_FAIRNESS_PGD,RUS,0.7607315908005187,0.0,0.0,0.0,1.0,0.0,3506.0,0.23926840919948134,-0.10738356521753478,0.5786742572730558,0.0,0.0,,1.0,0.0,1.0,0.23926840919948134,-0.10738356521753481,0.5786742572730558,0.0,0.0,,0.15726204359917456,1.0,0.0,1.0,0.0,0.7607315908005187,3506.0,0.0,3506.0,0.0,11147.0,14653.0,0.0,11147.0,0.0,0.0,0.0,0.0,0.04974382511453008,0.0012372240685124768,0.0011983320727399396,0.04974382511453008,0.0012372240685124768,0.0011983320727399396,0.5608244709339537,1.2256338227329897,,0.0,0.0,-0.053691782608767405,0.0,0.2734746892484015,1.0,0.0,0.0,0.23926840919948134,[0.7590664],11147.0,-0.10738356521753481,0.5459708445166045,0.0,0.0,0.23926840919948134,0.5,0.5,0.5,-1774374997.0878372,0.0,1.0,1.0,1.2,,,,,,,,0.0
658b7311-8759-4009-be67-490e6db4d241,NEURONAL_NETWORK,IN_PROCESSING,ROB_FAIRNESS_PGD,FOS,0.7607315908005187,0.0,0.0,0.0,1.0,0.0,3506.0,0.23926840919948134,-0.10738356521753478,0.5786742572730558,0.0,0.0,,1.0,0.0,1.0,0.23926840919948134,-0.10738356521753481,0.5786742572730558,0.0,0.0,,0.15726204359917456,1.0,0.0,1.0,0.0,0.7607315908005187,3506.0,0.0,3506.0,0.0,11147.0,14653.0,0.0,11147.0,0.0,0.0,0.0,0.0,0.04974382511453008,0.0012372240685124768,0.0011983320727399396,0.04974382511453008,0.0012372240685124768,0.0011983320727399396,0.5608244709339537,1.2256338227329897,,0.0,0.0,-0.053691782608767405,0.0,0.2734746892484015,1.0,0.0,0.0,0.23926840919948134,[0.7590664],11147.0,-0.10738356521753481,0.5459708445166045,0.0,0.0,0.23926840919948134,0.5,0.5,0.5,-1774374997.0878372,0.0,1.0,1.0,1.2,,,,,,,,0.0
658b7311-8759-4009-be67-490e6db4d241,NEURONAL_NETWORK,IN_PROCESSING,ROB_FAIRNESS_PGD,FAIR_SMOTE,0.7607315908005187,0.0,0.0,0.0,1.0,0.0,3506.0,0.23926840919948134,-0.10738356521753478,0.5786742572730558,0.0,0.0,,1.0,0.0,1.0,0.23926840919948134,-0.10738356521753481,0.5786742572730558,0.0,0.0,,0.15726204359917456,1.0,0.0,1.0,0.0,0.7607315908005187,3506.0,0.0,3506.0,0.0,11147.0,14653.0,0.0,11147.0,0.0,0.0,0.0,0.0,0.04974382511453008,0.0012372240685124768,0.0011983320727399396,0.04974382511453008,0.0012372240685124768,0.0011983320727399396,0.5608244709339537,1.2256338227329897,,0.0,0.0,-0.053691782608767405,0.0,0.2734746892484015,1.0,0.0,0.0,0.23926840919948134,[0.7590664],11147.0,-0.10738356521753481,0.5459708445166045,0.0,0.0,0.23926840919948134,0.5,0.5,0.5,-1774374997.0878372,0.0,1.0,1.0,1.2,,,,,,,,0.0
658b7311-8759-4009-be67-490e6db4d241,NEURONAL_NETWORK,IN_PROCESSING,ROB_FAIRNESS_PGD,BAL_GAN_FAIR,0.23926840919948134,1.0,1.0,1.0,0.0,0.23926840919948134,3506.0,0.7607315908005187,0.1073835652175349,1.1441139917257188,0.7607315908005187,0.10738356521753478,1.1441139917257186,0.0,0.0,,0.0,0.0,,1.0,0.0,1.0,0.029356245117480875,0.0,1.0,0.0,1.0,0.0,0.0,11147.0,0.0,11147.0,0.0,0.0,14653.0,0.0,3506.0,0.23926840919948134,0.0,0.0,0.02149203172681381,0.00023095371387318569,0.00022771006527452878,0.02149203172681381,0.00023095371387318569,0.00022771006527452878,0.2423066037791,1.2256338227320074,1.0,0.0,0.0,-0.053691782608767405,0.0,0.03322499000751864,0.0,1.0,0.0,0.23926840919948134,[0.7590664],11147.0,-0.10738356521753481,0.5459708445166045,0.3861446114874167,0.0,0.7607315908005187,0.5,0.5,0.5,,0.0,1.0,0.5571491001549401,0.653637013330019,,,,,,,,0.0
658b7311-8759-4009-be67-490e6db4d241,NEURONAL_NETWORK,IN_PROCESSING,ROB_FAIRNESS_PGD,DEMV,0.23926840919948134,1.0,1.0,1.0,0.0,0.23926840919948134,3506.0,0.7607315908005187,0.1073835652175349,1.1441139917257188,0.7607315908005187,0.10738356521753478,1.1441139917257186,0.0,0.0,,0.0,0.0,,1.0,0.0,1.0,0.029356245117480875,0.0,1.0,0.0,1.0,0.0,0.0,11147.0,0.0,11147.0,0.0,0.0,14653.0,0.0,3506.0,0.23926840919948134,0.0,0.0,0.02149203172681381,0.00023095371387318569,0.00022771006527452878,0.02149203172681381,0.00023095371387318569,0.00022771006527452878,0.2423066037791,1.2256338227320074,1.0,0.0,0.0,-0.053691782608767405,0.0,0.03322499000751864,0.0,1.0,0.0,0.23926840919948134,[0.7590664],11147.0,-0.10738356521753481,0.5459708445166045,0.3861446114874167,0.0,0.7607315908005187,0.5,0.5,0.5,,0.0,1.0,0.5571491001549401,0.653637013330019,,,,,,,,0.0
658b7311-8759-4009-be67-490e6db4d241,GERRY_FAIR_CLASSIFIER,IN_PROCESSING,GERRY_FAIR_CLASSIFIER,DIR,0.5863645669828704,0.5693097547062179,0.44680270251825566,0.5693097547062179,0.5917287162465237,0.3048724606690087,3506.0,0.4136354330171296,-0.01958040468359934,0.9529860068524927,0.6951275393309913,0.12052497599802403,1.1775563154994315,0.4306902452937821,0.0026698912887314075,1.0062025422078826,0.18628176659264742,-0.09067402002184612,0.5470258563100788,0.40827128375347627,-0.021068062851954006,0.9488268707614693,0.12706776666730688,0.4306902452937821,0.40827128375347627,0.5917287162465237,0.5693097547062179,0.8137182334073526,1510.0,4551.0,1510.0,4551.0,6596.0,8106.0,6547.0,6596.0,1996.0,0.3048724606690087,0.011868977070342707,-0.011868977070342707,0.021034920946960883,0.00022123394962244688,0.00021819120979503428,0.021034920946960883,0.00022123394962244688,0.00021819120979503428,0.5041185707099212,-0.4647165265976061,0.9218804096881862,-0.0026698912887314075,0.021068062851954006,-0.10559949800993507,-0.03530476534372934,0.16798248881661226,0.5917287162465237,0.5693097547062179,-0.0026698912887314075,0.23926840919948134,[0.7590664],11147.0,-0.10738356521753481,0.5459708445166045,0.397095394409629,0.13819429815763595,0.4136354330171296,0.5805192354763709,0.5805192354763709,0.5874094049711327,-2699677477.5768094,0.0183981715632226,0.9973301087112685,0.4678581892762965,0.5684534874984823,,,,,,,,0.0026698912887314075
658b7311-8759-4009-be67-490e6db4d241,GERRY_FAIR_CLASSIFIER,IN_PROCESSING,GERRY_FAIR_CLASSIFIER,SMOTE,0.709274551286426,0.9155733029092984,0.489592574899338,0.9155733029092984,0.644388624742083,0.4474491218288263,3506.0,0.290725448713574,-0.0697679337775744,0.768106793357128,0.5525508781711737,0.07863137630024752,1.144373830361183,0.08442669709070165,0.05418402694634676,1.6809268268218065,0.03957748362080492,-0.011980610780091636,0.7135973674932424,0.3556113752579169,-0.12861990910153637,0.6584288583564208,0.07294240586238222,0.08442669709070165,0.3556113752579169,0.644388624742083,0.9155733029092984,0.9604225163791951,296.0,3964.0,296.0,3964.0,7183.0,7479.0,7174.0,7183.0,3210.0,0.4474491218288263,0.09140196802394154,-0.09140196802394154,0.01935174058018739,0.00018724493174143567,0.00018973718588144992,0.01935174058018739,0.00018724493174143567,0.00018973718588144992,0.38194870300180944,-0.12807000016001768,0.6582793571605995,-0.05418402694634672,0.12861990910153637,-0.04530599354016955,-0.17604452152665379,0.07654097636537388,0.644388624742083,0.9155733029092984,-0.05418402694634672,0.23926840919948134,[0.7590664],11147.0,-0.10738356521753481,0.5459708445166045,0.601123595505618,0.4779043719880479,0.290725448713574,0.7799809638256908,0.7799809638256907,0.8512727589405695,-2699677477.5768094,0.0744358821551896,0.9458159730536533,0.7257517522043861,0.7867714620703369,,,,,,,,0.05418402694634672
658b7311-8759-4009-be67-490e6db4d241,GERRY_FAIR_CLASSIFIER,IN_PROCESSING,GERRY_FAIR_CLASSIFIER,ROS,0.4662526445096567,0.3619509412435824,0.46768579813007577,0.3619509412435824,0.49905804252265185,0.18517437618561214,3506.0,0.5337473554903434,0.04652050683636222,1.0882761860028183,0.8148256238143878,0.08509019778309068,1.106334646106742,0.6380490587564176,-0.07467314783774726,0.8841804237618613,0.2867948717948718,-0.11250049085054581,0.6256543433700011,0.5009419574773482,0.08739229571166601,1.1795563416075006,0.15956590123456788,0.6380490587564176,0.5009419574773482,0.49905804252265185,0.3619509412435824,0.7132051282051282,2237.0,5584.0,2237.0,5584.0,5563.0,7800.0,6853.0,5563.0,1269.0,0.18517437618561214,0.08103272177470663,0.08103272177470663,0.05938675407633951,0.0017633932798618139,0.001697947532784194,0.05938675407633951,0.0017633932798618139,0.001697947532784194,0.5649175182884097,-0.3448806895921793,1.2198360769149545,0.07467314783774726,0.08739229571166601,-0.09879534431681822,0.09963187261013107,0.22433265212047157,0.49905804252265185,0.3619509412435824,0.07467314783774726,0.23926840919948134,[0.7590664],11147.0,-0.10738356521753481,0.5459708445166045,0.24500434404865334,-0.11884584954852201,0.5337473554903434,0.4305044918831171,0.4305044918831171,0.395619541169591,-2699677477.5768094,0.012719147873918757,0.9253268521622529,0.2922111565252432,0.37854579806815963,,,,,,,,0.07467314783774726
658b7311-8759-4009-be67-490e6db4d241,GERRY_FAIR_CLASSIFIER,IN_PROCESSING,GERRY_FAIR_CLASSIFIER,RUS,0.4621579198798881,0.4070165430690245,0.49334607247662593,0.4070165430690245,0.47950121108818516,0.19739936367409047,3506.0,0.5378420801201119,0.042279255956323425,1.0795172550828944,0.8026006363259095,0.08577416973765484,1.1088233771297182,0.5929834569309754,-0.08813833947927141,0.8533172160490957,0.2800377155172414,-0.11871263580397717,0.5971321447090263,0.5204987889118149,0.07653614034590539,1.1506507618029929,0.15046842226113494,0.5929834569309754,0.5204987889118149,0.47950121108818516,0.4070165430690245,0.7199622844827587,2079.0,5802.0,2079.0,5802.0,5345.0,7424.0,7229.0,5345.0,1427.0,0.19739936367409047,0.0823372399125884,0.0823372399125884,0.05544899792872314,0.0015372956856497717,0.0014837828546930567,0.05544899792872314,0.0015372956856497717,0.0014837828546930567,0.5485771090031646,-0.35602794854331277,1.1872726200781123,0.08813833947927141,0.08813833947927141,-0.10224340277081596,0.08994289442429299,0.21130532400492064,0.47950121108818516,0.4070165430690245,0.08813833947927141,0.23926840919948134,[0.7590664],11147.0,-0.10738356521753481,0.5459708445166045,0.26585933861201677,-0.09684000082562709,0.5378420801201119,0.4432588770786048,0.44325887707860484,0.40676216457319925,-2699677477.5768094,-0.01160219913336602,0.9118616605207285,0.3216318250971995,0.4101191319823878,,,,,,,,0.08813833947927141
658b7311-8759-4009-be67-490e6db4d241,GERRY_FAIR_CLASSIFIER,IN_PROCESSING,GERRY_FAIR_CLASSIFIER,FOS,0.5863645669828704,0.5693097547062179,0.44680270251825566,0.5693097547062179,0.5917287162465237,0.3048724606690087,3506.0,0.4136354330171296,-0.01958040468359934,0.9529860068524927,0.6951275393309913,0.12052497599802403,1.1775563154994315,0.4306902452937821,0.0026698912887314075,1.0062025422078826,0.18628176659264742,-0.09067402002184612,0.5470258563100788,0.40827128375347627,-0.021068062851954006,0.9488268707614693,0.12706776666730688,0.4306902452937821,0.40827128375347627,0.5917287162465237,0.5693097547062179,0.8137182334073526,1510.0,4551.0,1510.0,4551.0,6596.0,8106.0,6547.0,6596.0,1996.0,0.3048724606690087,0.011868977070342707,-0.011868977070342707,0.021034920946960883,0.00022123394962244688,0.00021819120979503428,0.021034920946960883,0.00022123394962244688,0.00021819120979503428,0.5041185707099212,-0.4647165265976061,0.9218804096881862,-0.0026698912887314075,0.021068062851954006,-0.10559949800993507,-0.03530476534372934,0.16798248881661226,0.5917287162465237,0.5693097547062179,-0.0026698912887314075,0.23926840919948134,[0.7590664],11147.0,-0.10738356521753481,0.5459708445166045,0.397095394409629,0.13819429815763595,0.4136354330171296,0.5805192354763709,0.5805192354763709,0.5874094049711327,-2699677477.5768094,0.0183981715632226,0.9973301087112685,0.4678581892762965,0.5684534874984823,,,,,,,,0.0026698912887314075
658b7311-8759-4009-be67-490e6db4d241,GERRY_FAIR_CLASSIFIER,IN_PROCESSING,GERRY_FAIR_CLASSIFIER,FAIR_SMOTE,0.46120248413294207,0.995436394751854,0.7758820719306626,0.995436394751854,0.29317305104512426,0.3069751077491424,3506.0,0.5387975158670579,-0.21767701550833574,0.6183948849067193,0.6930248922508576,0.016387258168362173,1.0236977897380743,0.004563605248146035,0.019473444758392796,7.9065817409766455,0.0048721071863581,0.0024137240819017795,1.5916305916305917,0.7068269489548757,-0.3546561551295994,0.5361385788830524,0.05311817149288549,0.004563605248146035,0.7068269489548757,0.29317305104512426,0.995436394751854,0.9951278928136419,16.0,7879.0,16.0,7879.0,3268.0,3284.0,11369.0,3268.0,3490.0,0.3069751077491424,0.18706479994399608,-0.18706479994399608,0.051099161866500695,0.0013055621717294192,0.0013534310889260503,0.051099161866500695,0.0013055621717294192,0.0013534310889260503,0.32593917068338224,0.5097974598525994,0.5992038429241797,-0.019473444758392744,0.3546561551295994,-0.006986767043230197,-0.33019919743758497,0.055523440565904865,0.29317305104512426,0.995436394751854,-0.019473444758392744,0.23926840919948134,[0.7590664],11147.0,-0.10738356521753481,0.5459708445166045,0.4692436974789916,0.2952791553192155,0.5387975158670579,0.6443047228984892,0.6443047228984891,0.7648314569904668,-2699677477.5768094,0.3351827103712066,0.9805265552416071,0.6378215378992096,0.7219289577561672,,,,,,,,0.019473444758392744
658b7311-8759-4009-be67-490e6db4d241,GERRY_FAIR_CLASSIFIER,IN_PROCESSING,GERRY_FAIR_CLASSIFIER,BAL_GAN_FAIR,0.6776769262267113,0.6366229321163719,0.38770217702859483,0.6366229321163719,0.6905893962501122,0.39288857595493754,3506.0,0.3223230737732887,-0.06936750016764426,0.7913142992794675,0.6071114240450625,0.10313736243717508,1.173080698050851,0.36337706788362806,0.04862075571093338,1.135425350985427,0.1419973250111458,-0.06888660212456195,0.5515157605136504,0.3094106037498879,-0.08527965624369008,0.7362181796267432,0.11384125529857918,0.36337706788362806,0.3094106037498879,0.6905893962501122,0.6366229321163719,0.8580026749888542,1274.0,3449.0,1274.0,3449.0,7698.0,8972.0,5681.0,7698.0,2232.0,0.39288857595493754,0.06695020597731173,-0.06695020597731173,0.0020261716485264897,2.0526857746462765e-06,2.0554837810673916e-06,0.0020261716485264897,2.0526857746462765e-06,2.0554837810673916e-06,0.4771608854434302,-0.21505948082640203,0.7180388541669469,-0.04862075571093338,0.08527965624369008,-0.08601198228086851,-0.11398668806713091,0.1457303095935576,0.6905893962501122,0.6366229321163719,-0.04862075571093338,0.23926840919948134,[0.7590664],11147.0,-0.10738356521753481,0.5459708445166045,0.4859039947752259,0.2865217450527934,0.3223230737732887,0.663606164183242,0.663606164183242,0.708034733563124,-2699677477.5768094,0.036658900532756694,0.9513792442890667,0.5511451324155813,0.6410374495785582,,,,,,,,0.04862075571093338
658b7311-8759-4009-be67-490e6db4d241,GERRY_FAIR_CLASSIFIER,IN_PROCESSING,GERRY_FAIR_CLASSIFIER,DEMV,0.6776769262267113,0.6366229321163719,0.38770217702859483,0.6366229321163719,0.6905893962501122,0.39288857595493754,3506.0,0.3223230737732887,-0.06936750016764426,0.7913142992794675,0.6071114240450625,0.10313736243717508,1.173080698050851,0.36337706788362806,0.04862075571093338,1.135425350985427,0.1419973250111458,-0.06888660212456195,0.5515157605136504,0.3094106037498879,-0.08527965624369008,0.7362181796267432,0.11384125529857918,0.36337706788362806,0.3094106037498879,0.6905893962501122,0.6366229321163719,0.8580026749888542,1274.0,3449.0,1274.0,3449.0,7698.0,8972.0,5681.0,7698.0,2232.0,0.39288857595493754,0.06695020597731173,-0.06695020597731173,0.0020261716485264897,2.0526857746462765e-06,2.0554837810673916e-06,0.0020261716485264897,2.0526857746462765e-06,2.0554837810673916e-06,0.4771608854434302,-0.21505948082640203,0.7180388541669469,-0.04862075571093338,0.08527965624369008,-0.08601198228086851,-0.11398668806713091,0.1457303095935576,0.6905893962501122,0.6366229321163719,-0.04862075571093338,0.23926840919948134,[0.7590664],11147.0,-0.10738356521753481,0.5459708445166045,0.4859039947752259,0.2865217450527934,0.3223230737732887,0.663606164183242,0.663606164183242,0.708034733563124,-2699677477.5768094,0.036658900532756694,0.9513792442890667,0.5511451324155813,0.6410374495785582,,,,,,,,0.04862075571093338
658b7311-8759-4009-be67-490e6db4d241,PREJUDICE_REMOVER,IN_PROCESSING,PREJUDICE_REMOVER,DIR,0.8514297413498942,0.5992584141471763,0.1960690643554221,0.5992584141471763,0.9307436978559254,0.7312913331012878,3506.0,0.14857025865010576,-0.04797912479622024,0.6915346206633151,0.26870866689871215,0.06790078435305308,1.2583974696280191,0.4007415858528237,0.07054459396899893,1.1788549197371283,0.11926994906621392,-0.04940375208459301,0.6114408632711359,0.06925630214407463,-0.02810194844836158,0.6193797054860519,0.08012522359539358,0.4007415858528237,0.06925630214407463,0.9307436978559254,0.5992584141471763,0.8807300509337861,1405.0,772.0,1405.0,772.0,10375.0,11780.0,2873.0,10375.0,2101.0,0.7312913331012878,0.049323271208680255,-0.049323271208680255,0.0058639294377329084,1.7192834225355293e-05,1.7125675962234828e-05,0.0058639294377329084,1.7192834225355293e-05,1.7125675962234828e-05,0.4003129365768575,0.026864838964459237,0.5631296981604869,-0.07054459396899893,0.07054459396899893,-0.05865226821882307,-0.09146230688463776,0.12049539270312132,0.9307436978559254,0.5992584141471763,-0.07054459396899893,0.23926840919948134,[0.7590664],11147.0,-0.10738356521753481,0.5459708445166045,0.6587239379213042,0.5695372034640498,0.14857025865010576,0.7650010560015509,0.7650010560015508,0.802733410561642,-232833201.989654,-0.04244264552063735,0.929455406031001,0.6275856918826078,0.7037768761901987,,,,,,,,0.07054459396899893
658b7311-8759-4009-be67-490e6db4d241,PREJUDICE_REMOVER,IN_PROCESSING,PREJUDICE_REMOVER,SMOTE,0.5722377670101686,0.9786081003993155,0.6567938306148912,0.9786081003993155,0.44442450883645823,0.3565045719035744,3506.0,0.4277622329898314,-0.12128904143312103,0.7276758775710993,0.6434954280964256,0.05595910597328213,1.087730091139997,0.02139189960068454,0.03596970132337213,2.9795739073138594,0.014913501690196859,-0.0003192630196663347,0.9786974502395049,0.5555754911635418,-0.22071417522455983,0.6268650936239869,0.06306297646737936,0.02139189960068454,0.5555754911635418,0.44442450883645823,0.9786081003993155,0.9850864983098031,75.0,6193.0,75.0,6193.0,4954.0,5029.0,9624.0,4954.0,3431.0,0.3565045719035744,0.12834193827396595,-0.12834193827396595,0.03182005631144154,0.0005062579918316552,0.0005175203783763364,0.03182005631144154,0.0005062579918316552,0.0005175203783763364,0.35514215876851163,0.020239002783808635,0.659359459098891,-0.03596970132337207,0.22071417522455983,-0.028139184496474207,-0.23538032904488954,0.06441940615887794,0.44442450883645823,0.9786081003993155,-0.03596970132337207,0.23926840919948134,[0.7590664],11147.0,-0.10738356521753481,0.5459708445166045,0.5226199543031226,0.38013703019306794,0.4277622329898314,0.7115163046178868,0.7115163046178868,0.802833686266076,-354145895.86530864,0.1847444739011877,0.9640302986766279,0.681362327474928,0.7551714846368655,,,,,,,,0.03596970132337207
658b7311-8759-4009-be67-490e6db4d241,PREJUDICE_REMOVER,IN_PROCESSING,PREJUDICE_REMOVER,ROS,0.7219681976387088,0.944095835710211,0.49054801064628406,0.944095835710211,0.6521037050327443,0.46048970506399556,3506.0,0.2780318023612912,-0.08843904625617638,0.6959619502299333,0.5395102949360044,0.050208014585698235,1.0938998235373965,0.055904164289788935,0.03654039557492457,1.694267515923567,0.026255860683188213,-0.008439372982941448,0.697337962962963,0.34789629496725577,-0.15033605745330797,0.5962773847038072,0.06862434575015837,0.055904164289788935,0.34789629496725577,0.6521037050327443,0.944095835710211,0.9737441393168118,196.0,3878.0,196.0,3878.0,7269.0,7465.0,7188.0,7269.0,3310.0,0.46048970506399556,0.09343822651411623,-0.09343822651411623,0.024759189065913165,0.000306508721600817,0.0003117652601269928,0.024759189065913165,0.000306508721600817,0.0003117652601269928,0.37047090506585906,-0.07406167915148187,0.6236487876770579,-0.0365403955749245,0.15033605745330797,-0.029323693784319843,-0.19529755101299912,0.0690457008638743,0.6521037050327443,0.944095835710211,-0.0365403955749245,0.23926840919948134,[0.7590664],11147.0,-0.10738356521753481,0.5459708445166045,0.619038713297176,0.5088123608904221,0.2780318023612912,0.7980997703714777,0.7980997703714776,0.8726727974963119,-299596150.5049946,0.1137956618783834,0.9634596044250756,0.7477691178131707,0.8080702315117836,,,,,,,,0.0365403955749245
658b7311-8759-4009-be67-490e6db4d241,PREJUDICE_REMOVER,IN_PROCESSING,PREJUDICE_REMOVER,RUS,0.7244932778270662,0.9449515116942384,0.48843240292090356,0.9449515116942384,0.6551538530546336,0.46290345116668996,3506.0,0.2755067221729338,-0.07998921075761878,0.7214168866717415,0.53709654883331,0.058498295012225476,1.1101003801659919,0.055048488305761555,0.02348825886371981,1.4436362265857612,0.025747065101387405,-0.010945872912003714,0.6065962599555588,0.34484614694536647,-0.13747896688901245,0.6256335806804014,0.06838713317659179,0.055048488305761555,0.34484614694536647,0.6551538530546336,0.9449515116942384,0.9742529348986126,193.0,3844.0,193.0,3844.0,7303.0,7496.0,7157.0,7303.0,3313.0,0.46290345116668996,0.0804836128763661,-0.0804836128763661,0.02131226293740555,0.00022710627575655513,0.00023044381574153459,0.02131226293740555,0.00022710627575655513,0.00023044381574153459,0.3698300506356718,-0.1074002151184007,0.6448030701898114,-0.023488258863719746,0.13747896688901245,-0.0347220839621146,-0.18293038943434337,0.0686594112513798,0.6551538530546336,0.9449515116942384,-0.023488258863719746,0.23926840919948134,[0.7590664],11147.0,-0.10738356521753481,0.5459708445166045,0.6214011066304042,0.5121912655561563,0.2755067221729338,0.8000526823744359,0.800052682374436,0.8644438127433585,-297176435.75370145,0.11399070802529265,0.9765117411362803,0.7497595473833096,0.8126612380817473,,,,,,,,0.023488258863719746
658b7311-8759-4009-be67-490e6db4d241,PREJUDICE_REMOVER,IN_PROCESSING,PREJUDICE_REMOVER,FOS,0.8514297413498942,0.5992584141471763,0.1960690643554221,0.5992584141471763,0.9307436978559254,0.7312913331012878,3506.0,0.14857025865010576,-0.04797912479622024,0.6915346206633151,0.26870866689871215,0.06790078435305308,1.2583974696280191,0.4007415858528237,0.07054459396899893,1.1788549197371283,0.11926994906621392,-0.04940375208459301,0.6114408632711359,0.06925630214407463,-0.02810194844836158,0.6193797054860519,0.08012522359539358,0.4007415858528237,0.06925630214407463,0.9307436978559254,0.5992584141471763,0.8807300509337861,1405.0,772.0,1405.0,772.0,10375.0,11780.0,2873.0,10375.0,2101.0,0.7312913331012878,0.049323271208680255,-0.049323271208680255,0.0058639294377329084,1.7192834225355293e-05,1.7125675962234828e-05,0.0058639294377329084,1.7192834225355293e-05,1.7125675962234828e-05,0.4003129365768575,0.026864838964459237,0.5631296981604869,-0.07054459396899893,0.07054459396899893,-0.05865226821882307,-0.09146230688463776,0.12049539270312132,0.9307436978559254,0.5992584141471763,-0.07054459396899893,0.23926840919948134,[0.7590664],11147.0,-0.10738356521753481,0.5459708445166045,0.6587239379213042,0.5695372034640498,0.14857025865010576,0.7650010560015509,0.7650010560015508,0.802733410561642,-232833201.989654,-0.04244264552063735,0.929455406031001,0.6275856918826078,0.7037768761901987,,,,,,,,0.07054459396899893
658b7311-8759-4009-be67-490e6db4d241,PREJUDICE_REMOVER,IN_PROCESSING,PREJUDICE_REMOVER,BAL_GAN_FAIR,0.7472189995222821,0.9127210496292071,0.450283218453559,0.9127210496292071,0.6951646182829461,0.48499545316762654,3506.0,0.2527810004777179,-0.06219307403247476,0.7624562186085044,0.5150045468323734,0.07741328883939402,1.15259276138392,0.08727895037079293,0.05105119486614626,1.6172553561088594,0.03798882681564246,-0.011621589803465716,0.7102966572098186,0.30483538171705393,-0.11206258509184902,0.6531449273376003,0.07100091215833469,0.08727895037079293,0.30483538171705393,0.6951646182829461,0.9127210496292071,0.9620111731843576,306.0,3398.0,306.0,3398.0,7749.0,8055.0,6598.0,7749.0,3200.0,0.48499545316762654,0.0815568899789976,-0.0815568899789976,0.017310962384554984,0.00014983470933973878,0.00015161400855320852,0.017310962384554984,0.00014983470933973878,0.00015161400855320852,0.37683129423744705,-0.11292035054927463,0.6483402247766812,-0.05105119486614618,0.11206258509184902,-0.044517439321429896,-0.16687272789461705,0.07400359109309404,0.6951646182829461,0.9127210496292071,-0.05105119486614618,0.23926840919948134,[0.7590664],11147.0,-0.10738356521753481,0.5459708445166045,0.6334125098970704,0.5212762431006559,0.2527810004777179,0.8039428339560766,0.8039428339560766,0.8695099112144358,-327231955.5722152,0.06101139022570276,0.9489488051338539,0.747838279971956,0.8046837685092516,1856.805826663971,307.09999999999997,11.0,1965175.0703345535,2307.1690685749054,8534304.820013542,737.2691108400587,0.05105119486614618
658b7311-8759-4009-be67-490e6db4d241,PREJUDICE_REMOVER,IN_PROCESSING,PREJUDICE_REMOVER,DEMV,0.7472189995222821,0.9127210496292071,0.450283218453559,0.9127210496292071,0.6951646182829461,0.48499545316762654,3506.0,0.2527810004777179,-0.06219307403247476,0.7624562186085044,0.5150045468323734,0.07741328883939402,1.15259276138392,0.08727895037079293,0.05105119486614626,1.6172553561088594,0.03798882681564246,-0.011621589803465716,0.7102966572098186,0.30483538171705393,-0.11206258509184902,0.6531449273376003,0.07100091215833469,0.08727895037079293,0.30483538171705393,0.6951646182829461,0.9127210496292071,0.9620111731843576,306.0,3398.0,306.0,3398.0,7749.0,8055.0,6598.0,7749.0,3200.0,0.48499545316762654,0.0815568899789976,-0.0815568899789976,0.017310962384554984,0.00014983470933973878,0.00015161400855320852,0.017310962384554984,0.00014983470933973878,0.00015161400855320852,0.37683129423744705,-0.11292035054927463,0.6483402247766812,-0.05105119486614618,0.11206258509184902,-0.044517439321429896,-0.16687272789461705,0.07400359109309404,0.6951646182829461,0.9127210496292071,-0.05105119486614618,0.23926840919948134,[0.7590664],11147.0,-0.10738356521753481,0.5459708445166045,0.6334125098970704,0.5212762431006559,0.2527810004777179,0.8039428339560766,0.8039428339560766,0.8695099112144358,-327229534.00990814,0.06101139022570276,0.9489488051338539,0.747838279971956,0.8046837685092516,233.8849470615387,326.9,11.0,1967514.6240522144,2307.1690685749054,8544052.960503796,738.1112418657445,0.05105119486614618
658b7311-8759-4009-be67-490e6db4d241,ADVERSARIAL_DEBIASING,IN_PROCESSING,ADVERSARIAL_DEBIASING,DIR,0.8249505220773903,0.3419851682829435,0.09943356309288201,0.3419851682829435,0.9768547591280166,0.8229238160603981,3506.0,0.17504947792260972,-0.07841009142202726,0.5794398351308483,0.17707618393960192,0.25003390235038214,3.064148493126148,0.6580148317170564,-0.3414627332662868,0.5041178141101058,0.17482570475901787,-0.13247068299861467,0.3133582841659614,0.023145240871983493,0.05198599799971425,4.541119221411193,0.10508111704525064,0.6580148317170564,0.023145240871983493,0.9768547591280166,0.3419851682829435,0.8251742952409821,2307.0,258.0,2307.0,258.0,10889.0,13196.0,1457.0,10889.0,1199.0,0.8229238160603981,0.19672436563300047,0.19672436563300047,0.06972873104159033,0.002431047966335222,0.002326349050757175,0.06972873104159033,0.002431047966335222,0.002326349050757175,0.4584345472262112,-0.01723569362411581,1.6955960362124824,0.3414627332662867,0.3414627332662867,-0.1912522926744984,0.06281692086843801,0.17900788757781744,0.9768547591280166,0.3419851682829435,0.3414627332662867,0.23926840919948134,[0.7590664],11147.0,-0.10738356521753481,0.5459708445166045,0.4831754986903083,0.45457623646921136,0.17504947792260972,0.6594199637054801,0.6594199637054801,0.5296959896597834,-495391036.7229102,-0.2894767352665725,0.6585372667337133,0.4005010438413361,0.4606694451522118,,,,,,,,0.3414627332662867
658b7311-8759-4009-be67-490e6db4d241,ADVERSARIAL_DEBIASING,IN_PROCESSING,ADVERSARIAL_DEBIASING,SMOTE,0.6442366750836006,0.9495151169423844,0.5708728588002456,0.9495151169423844,0.5482192518166322,0.3979677226539151,3506.0,0.3557633249163994,0.019003400741595344,1.0538336554824113,0.6020322773460849,0.1360819572348999,1.2328584560816231,0.05048488305761552,-0.016973165397570357,0.6736244340419001,0.02814885496183206,-0.021134946846421795,0.33246670894102726,0.4517807481833677,-0.02565496369611242,0.9437339315600185,0.06931139063338154,0.05048488305761552,0.4517807481833677,0.5482192518166322,0.9495151169423844,0.9718511450381679,177.0,5036.0,177.0,5036.0,6111.0,6288.0,8365.0,6111.0,3329.0,0.3979677226539151,0.02131406454684137,-0.004340899149271049,0.009309818792077124,4.333636297065618e-05,4.3068753233013575e-05,0.009309818792077124,4.333636297065618e-05,4.3068753233013575e-05,0.37232080423576,-0.3868601516727814,0.8758014273559505,0.016973165397570322,0.02565496369611242,-0.07860845204066086,-0.07220455185414598,0.07141465286771835,0.5482192518166322,0.9495151169423844,0.016973165397570322,0.23926840919948134,[0.7590664],11147.0,-0.10738356521753481,0.5459708445166045,0.5608626063516132,0.4290356170131954,0.3557633249163994,0.7488671843795084,0.7488671843795083,0.7521179413030983,-410676132.0178117,0.008681798298542064,0.9830268346024297,0.7051845575385267,0.7785325956338304,,,,,,,,0.016973165397570322
658b7311-8759-4009-be67-490e6db4d241,ADVERSARIAL_DEBIASING,IN_PROCESSING,ADVERSARIAL_DEBIASING,ROS,0.7895993994403876,0.6417569880205363,0.27823653859277964,0.6417569880205363,0.8360993989414193,0.5518763796909493,3506.0,0.2104006005596124,0.00992330516859019,1.047489290764778,0.4481236203090508,0.19396686597058693,1.467485050010423,0.3582430119794638,-0.2500658493367176,0.34303687976724073,0.11875945537065052,-0.10420819325571896,0.21565108862259263,0.16390060105858079,0.08392403165033022,1.5586155944086173,0.09675351413634874,0.3582430119794638,0.16390060105858079,0.8360993989414193,0.6417569880205363,0.8812405446293494,1256.0,1827.0,1256.0,1827.0,9320.0,10576.0,4077.0,9320.0,2250.0,0.5518763796909493,0.16699494049352392,0.16699494049352392,0.05611230106737948,0.0015742951655381182,0.0015188811768453857,0.05611230106737948,0.0015742951655381182,0.0015188811768453857,0.4398943376229086,-0.35091404711040197,1.2151632544891213,0.2500658493367176,0.2500658493367176,-0.1490875296131529,0.05805147212701539,0.12813821317215812,0.8360993989414193,0.6417569880205363,0.2500658493367176,0.23926840919948134,[0.7590664],11147.0,-0.10738356521753481,0.5459708445166045,0.5934326783594883,0.4549370160668097,0.2104006005596124,0.7389281934809776,0.7389281934809777,0.6155309237816347,-352319826.189827,-0.1661418176863874,0.7499341506632824,0.6166495375128469,0.6554821396050945,,,,,,,,0.2500658493367176
658b7311-8759-4009-be67-490e6db4d241,ADVERSARIAL_DEBIASING,IN_PROCESSING,ADVERSARIAL_DEBIASING,RUS,0.7183511908824132,0.939532230462065,0.4919811642667031,0.939532230462065,0.6487844263030412,0.45692883895131087,3506.0,0.28164880911758683,-0.09047271793347,0.6930985050382507,0.5430711610486891,0.05000111883354885,1.0928836273548044,0.06046776953793497,0.04551985058186869,1.807218683651805,0.028479312197743148,-0.0078393351800554,0.7386888273314867,0.3512155736969588,-0.1543009095750396,0.5899954190904699,0.06938971671435594,0.06046776953793497,0.3512155736969588,0.6487844263030412,0.939532230462065,0.9715206878022569,212.0,3915.0,212.0,3915.0,7232.0,7444.0,7209.0,7232.0,3294.0,0.45692883895131087,0.09991038007845415,-0.09991038007845415,0.025820925539387692,0.0003333600978553018,0.00033933058662732115,0.025820925539387692,0.0003333600978553018,0.00033933058662732115,0.37253111739653627,-0.06440440986626694,0.6176522340894581,-0.04551985058186869,0.1543009095750396,-0.028920227006802156,-0.19917253471737267,0.07035989835605176,0.6487844263030412,0.939532230462065,-0.04551985058186869,0.23926840919948134,[0.7590664],11147.0,-0.10738356521753481,0.5459708445166045,0.6148390107326178,0.5020597505997179,0.28164880911758683,0.7941583283825531,0.7941583283825531,0.8735029888137236,-414443234.887159,0.10878105899317092,0.9544801494181314,0.7432729734303605,0.8024625580524173,,,,,,,,0.04551985058186869
658b7311-8759-4009-be67-490e6db4d241,ADVERSARIAL_DEBIASING,IN_PROCESSING,ADVERSARIAL_DEBIASING,FOS,0.8234491230464751,0.333998859098688,0.0971132191360131,0.333998859098688,0.9773930205436441,0.8229093464511595,3506.0,0.1765508769535249,-0.08731087884769939,0.5386154233381489,0.1770906535488405,0.21365576349210022,2.6385186827807963,0.666001140901312,-0.3467366665070319,0.5025692406784513,0.1764928193499622,-0.1344641561947993,0.3103348537100901,0.02260697945635597,0.04341523405350706,3.794144580602261,0.10622588919710704,0.666001140901312,0.02260697945635597,0.9773930205436441,0.333998859098688,0.8235071806500378,2335.0,252.0,2335.0,252.0,10895.0,13230.0,1423.0,10895.0,1171.0,0.8229093464511595,0.19507595028026947,0.19507595028026947,0.06764627305390869,0.0022880091290419864,0.002192188162133584,0.06764627305390869,0.0022880091290419864,0.002192188162133584,0.46092491622195264,-0.04733185307989718,1.6452162835255515,0.3467366665070319,0.3467366665070319,-0.17405995984344977,0.05728844676464495,0.18112412884467957,0.9773930205436441,0.333998859098688,0.3467366665070319,0.23926840919948134,[0.7590664],11147.0,-0.10738356521753481,0.5459708445166045,0.4751470886589572,0.4486522678042654,0.1765508769535249,0.655695939821166,0.655695939821166,0.5277854312656377,-471438373.0595099,-0.30332143245352483,0.6532633334929681,0.39226195461016666,0.4525289647225396,,,,,,,,0.3467366665070319
658b7311-8759-4009-be67-490e6db4d241,ADVERSARIAL_DEBIASING,IN_PROCESSING,ADVERSARIAL_DEBIASING,FAIR_SMOTE,0.31454309697672833,0.9968625213918996,0.9232239131918378,0.9968625213918996,0.09993720283484346,0.2583530455351863,3506.0,0.6854569030232717,-0.4107000421098489,0.44882047499102573,0.7416469544648138,-0.04692218033010087,0.9370281411857926,0.0031374786081003994,0.03503184713375796,inf,0.009777777777777778,0.009777777777777778,inf,0.9000627971651566,-0.6137741046831956,0.3862258953168044,0.03837876015352573,0.0031374786081003994,0.9000627971651566,0.09993720283484346,0.9968625213918996,0.9902222222222222,11.0,10033.0,11.0,10033.0,1114.0,1125.0,13528.0,1114.0,3495.0,0.2583530455351863,0.3244029759084768,-0.3244029759084768,0.08810871840380446,0.003881573129380456,0.004140221968145043,0.08810871840380446,0.003881573129380456,0.004140221968145043,0.2770514759156707,8.944763663638582,0.4715829027712541,-0.035031847133757954,0.6137741046831956,0.028349979053939323,-0.5284170972287459,0.04252994097832304,0.09993720283484346,0.9968625213918996,-0.035031847133757954,0.23926840919948134,[0.7590664],11147.0,-0.10738356521753481,0.5459708445166045,0.4103557590700951,0.15511936490492076,0.6854569030232717,0.5483998621133714,0.5483998621133716,0.7263024093707476,-4907821301.186882,0.5787422575494376,0.9649681528662422,0.5813856774515511,0.6701872563891773,,,,,,,,0.035031847133757954
658b7311-8759-4009-be67-490e6db4d241,ADVERSARIAL_DEBIASING,IN_PROCESSING,ADVERSARIAL_DEBIASING,BAL_GAN_FAIR,0.6569985668463796,0.9469480889903024,0.5568825496485361,0.9469480889903024,0.5658024580604647,0.4068627450980392,3506.0,0.3430014331536204,-0.14411972038580245,0.6040027691724902,0.5931372549019608,0.016443596953861328,1.027790313163685,0.05305191100969766,0.06415920374183867,2.3562660817480072,0.02864623440628369,-0.005047762367692096,0.8303149551099002,0.4341975419395353,-0.2336785420349306,0.505176275409582,0.06973149918676015,0.05305191100969766,0.4341975419395353,0.5658024580604647,0.9469480889903024,0.9713537655937163,186.0,4840.0,186.0,4840.0,6307.0,6493.0,8160.0,6307.0,3320.0,0.4068627450980392,0.14891887288838465,-0.14891887288838465,0.04088935941917358,0.0008359698568551796,0.0008601588735182861,0.04088935941917358,0.0008359698568551796,0.0008601588735182861,0.37344745061858475,0.029412524910642945,0.5623513255392389,-0.0641592037418387,0.2336785420349306,-0.01074567966077674,-0.2602688699603759,0.07170234400478105,0.5658024580604647,0.9469480889903024,-0.0641592037418387,0.23926840919948134,[0.7590664],11147.0,-0.10738356521753481,0.5459708445166045,0.5691753814503686,0.44037566095417885,0.3430014331536204,0.7563752735253836,0.7563752735253835,0.8690138267394272,-571969961.2734704,0.16951933829309193,0.9358407962581613,0.7109968947424777,0.7728951591095264,,,,,,,,0.0641592037418387
658b7311-8759-4009-be67-490e6db4d241,ADVERSARIAL_DEBIASING,IN_PROCESSING,ADVERSARIAL_DEBIASING,DEMV,0.6571350576673719,0.9452367370222475,0.5559271139015901,0.9452367370222475,0.566520139947968,0.40682543579671004,3506.0,0.3428649423326281,-0.1274735035739365,0.6472650996995182,0.59317456420329,0.0324827834865693,1.0550384116074838,0.05476326297775243,0.04828751815845347,1.957352533924121,0.02950668510834486,-0.008916197837181068,0.7160107918691645,0.43347986005203193,-0.2104451167167919,0.5500861788771817,0.06996815476113956,0.05476326297775243,0.43347986005203193,0.566520139947968,0.9452367370222475,0.9704933148916551,192.0,4832.0,192.0,4832.0,6315.0,6507.0,8146.0,6315.0,3314.0,0.40682543579671004,0.12936631743762267,-0.12936631743762267,0.03503062493035711,0.0006135723415056785,0.0006286635320694121,0.03503062493035711,0.0006135723415056785,0.0006286635320694121,0.3740806190145102,-0.029552968507425503,0.5965292703887518,-0.048287518158453446,0.2104451167167919,-0.020699490661875184,-0.23826808657016862,0.07210507648110584,0.566520139947968,0.9452367370222475,-0.048287518158453446,0.23926840919948134,[0.7590664],11147.0,-0.10738356521753481,0.5459708445166045,0.5688293855132166,0.4394262912873798,0.3428649423326281,0.7558784384851077,0.7558784384851078,0.8536636485024267,-578525826.2008765,0.16215759855833842,0.9517124818415466,0.710244320617231,0.7758614172979867,,,,,,,,0.048287518158453446
658b7311-8759-4009-be67-490e6db4d241,XGBClassifier,POSTPROCESSING,ThresholdOptimizer,XGBClassifier,0.8634409335972156,0.6694238448374216,0.21763461407220364,0.6694238448374216,0.924463981340271,0.7359673878958921,3506.0,0.13655906640278437,0.03311908866305946,1.2513839190400948,0.2640326121041079,0.32275478527490276,2.4847808671668377,0.33057615516257843,-0.006299586545982783,0.980976083013456,0.10109909281228192,-0.04675010502010805,0.566732233891222,0.07553601865972907,0.07364529053146907,2.1589508452608253,0.07108806104076154,0.33057615516257843,0.07553601865972907,0.924463981340271,0.6694238448374216,0.8989009071877181,1159.0,842.0,1159.0,842.0,10305.0,11464.0,3189.0,10305.0,2347.0,0.7359673878958921,0.039972438538725896,0.039972438538725896,0.038214465259620155,0.0007301726775393578,0.000712299897887587,0.038214465259620155,0.0007301726775393578,0.000712299897887587,0.3770624909501382,-0.5405502790828196,0.9940859985481875,0.006299586545982727,0.07364529053146907,-0.18475244514750544,-0.001288198336038382,0.10329282208618643,0.924463981340271,0.6694238448374216,0.006299586545982727,0.23926840919948134,[0.7590664],11147.0,-0.10738356521753481,0.5459708445166045,0.7011202389843166,0.6140362787949447,0.13655906640278437,0.7969439130888462,0.7969439130888463,0.7650881215040907,-1485746640.633926,0.06734570398548628,0.9937004134540174,0.6849055227256146,0.7640488911789844,,,,,,,,0.006299586545982727
658b7311-8759-4009-be67-490e6db4d241,XGBClassifier,POSTPROCESSING,FairnessAwareMetaEstimator,XGBClassifier,0.8754521258445369,0.6645750142612664,0.20330307786801338,0.6645750142612664,0.9417780568762896,0.7821416582745888,3506.0,0.12454787415546309,-0.04954883054783765,0.6239093613447767,0.21785834172541121,0.003301116554128597,1.0151717983043285,0.3354249857387336,0.051338537426368513,1.1551823972206139,0.10073667980126777,-0.04399132773430542,0.5919970986460348,0.058221943123710415,-0.033348919975580926,0.47607387001326396,0.06631122069614401,0.3354249857387336,0.058221943123710415,0.9417780568762896,0.6645750142612664,0.8992633201987322,1176.0,649.0,1176.0,649.0,10498.0,11674.0,2979.0,10498.0,2330.0,0.7821416582745888,0.04234372870097472,-0.04234372870097472,0.0023242802583458284,2.7011393596680756e-06,2.6969387238902748e-06,0.0023242802583458284,2.7011393596680756e-06,2.6969387238902748e-06,0.3641736418142972,0.07520559463443588,0.5365424617655712,-0.051338537426368513,0.051338537426368513,-0.023646222144216994,-0.1010251580469491,0.10031944460323718,0.9417780568762896,0.6645750142612664,-0.051338537426368513,0.23926840919948134,[0.7590664],11147.0,-0.10738356521753481,0.5459708445166045,0.7185813415574402,0.6427845684097576,0.12454787415546309,0.8031765355687781,0.803176535568778,0.8371860248898912,-274797244.9766623,-0.017989617450787587,0.9486614625736315,0.6905238201081723,0.7594035523858934,,,,,,,,0.051338537426368513
658b7311-8759-4009-be67-490e6db4d241,XGBClassifier,POSTPROCESSING,RejectOptionClassification,XGBClassifier,1.0,1.0,0.23926840919948134,1.0,1.0,1.0,3506.0,0.0,0.0,,0.0,0.0,,0.0,0.0,,0.0,0.0,,0.0,0.0,,0.0,0.0,0.0,1.0,1.0,1.0,0.0,0.0,0.0,0.0,11147.0,11147.0,3506.0,11147.0,3506.0,1.0,0.0,0.0,0.0,0.0,0.0,0.0,0.0,0.0,0.0,0.0,0.5786742572730558,0.0,0.0,0.0,-0.10738356521753481,0.0,1.0,1.0,0.0,0.23926840919948134,[0.7590664],11147.0,-0.10738356521753481,0.5459708445166045,1.0,1.0,0.0,1.0,1.0,1.0,-2699677477.5768094,0.0,1.0,1.0,1.0,,,,,,,,0.0
658b7311-8759-4009-be67-490e6db4d241,XGBClassifier,POSTPROCESSING,EqOddsPostprocessing,XGBClassifier,1.0,1.0,0.23926840919948134,1.0,1.0,1.0,3506.0,0.0,0.0,,0.0,0.0,,0.0,0.0,,0.0,0.0,,0.0,0.0,,0.0,0.0,0.0,1.0,1.0,1.0,0.0,0.0,0.0,0.0,11147.0,11147.0,3506.0,11147.0,3506.0,1.0,0.0,0.0,0.0,0.0,0.0,0.0,0.0,0.0,0.0,0.0,0.5786742572730558,0.0,0.0,0.0,-0.10738356521753481,0.0,1.0,1.0,0.0,0.23926840919948134,[0.7590664],11147.0,-0.10738356521753481,0.5459708445166045,1.0,1.0,0.0,1.0,1.0,1.0,-2699677477.5768094,0.0,1.0,1.0,1.0,,,,,,,,0.0
658b7311-8759-4009-be67-490e6db4d241,XGBClassifier,POSTPROCESSING,CalibratedEqOddsPostprocessing,XGBClassifier,1.0,1.0,0.23926840919948134,1.0,1.0,1.0,3506.0,0.0,0.0,,0.0,0.0,,0.0,0.0,,0.0,0.0,,0.0,0.0,,0.0,0.0,0.0,1.0,1.0,1.0,0.0,0.0,0.0,0.0,11147.0,11147.0,3506.0,11147.0,3506.0,1.0,0.0,0.0,0.0,0.0,0.0,0.0,0.0,0.0,0.0,0.0,0.5786742572730558,0.0,0.0,0.0,-0.10738356521753481,0.0,1.0,1.0,0.0,0.23926840919948134,[0.7590664],11147.0,-0.10738356521753481,0.5459708445166045,1.0,1.0,0.0,1.0,1.0,1.0,-2699677477.5768094,0.0,1.0,1.0,1.0,,,,,,,,0.0
658b7311-8759-4009-be67-490e6db4d241,GradientBoostingClassifier,POSTPROCESSING,ThresholdOptimizer,GradientBoostingClassifier,0.8592097181464546,0.6146605818596691,0.19565959189244522,0.6146605818596691,0.9361263120122006,0.7516567840948727,3506.0,0.14079028185354536,0.024321738148147753,1.1771992138262959,0.2483432159051273,0.33604073773814347,2.668033199195171,0.38533941814033085,0.02799594527720578,1.0731285248157454,0.11462752418123197,-0.04689780685028823,0.6140333522967686,0.06387368798779941,0.06519969204573499,2.2242324470237405,0.07592159619214196,0.38533941814033085,0.06387368798779941,0.9361263120122006,0.6146605818596691,0.885372475818768,1351.0,712.0,1351.0,712.0,10435.0,11786.0,2867.0,10435.0,2155.0,0.7516567840948727,0.04659781866147036,0.018601873384264632,0.036214078642945256,0.0006557297459787119,0.0006404832788705509,0.036214078642945256,0.0006557297459787119,0.0006404832788705509,0.38967062037608624,-0.4993285069669766,0.9538020232498762,-0.027995945277205725,0.06519969204573499,-0.19146927229421584,-0.00910016038346817,0.11502080053524405,0.9361263120122006,0.6146605818596691,-0.027995945277205725,0.23926840919948134,[0.7590664],11147.0,-0.10738356521753481,0.5459708445166045,0.6762906009728542,0.5923405839323608,0.14079028185354536,0.7753934469359347,0.7753934469359349,0.7609696762130441,-1378021666.8786206,0.03720374676852921,0.9720040547227943,0.6440044826298095,0.725624330761672,,,,,,,,0.027995945277205725
658b7311-8759-4009-be67-490e6db4d241,GradientBoostingClassifier,POSTPROCESSING,FairnessAwareMetaEstimator,GradientBoostingClassifier,0.8694465297208762,0.612093553907587,0.18419436292909303,0.612093553907587,0.95039023952633,0.7951092997406447,3506.0,0.13055347027912378,-0.04613387481568498,0.6638856031462252,0.20489070025935532,0.042372705050189835,1.2105820926385442,0.387906446092413,0.05316036907555516,1.1387472592716044,0.11376944955663376,-0.049287147780601046,0.5946202620400115,0.04960976047367004,-0.021745491386608945,0.590869101572914,0.07140914642900599,0.387906446092413,0.04960976047367004,0.95039023952633,0.612093553907587,0.8862305504433662,1360.0,553.0,1360.0,553.0,10594.0,11954.0,2699.0,10594.0,2146.0,0.7951092997406447,0.037452930231082024,-0.037452930231082024,0.007634840528623222,2.914539494875386e-05,2.899749141832211e-05,0.007634840528623222,2.914539494875386e-05,2.899749141832211e-05,0.37791307579655403,0.03511880601164741,0.5584269009915234,-0.0531603690755551,0.0531603690755551,-0.045829926415395454,-0.08691134534141608,0.11201638205246664,0.95039023952633,0.612093553907587,-0.0531603690755551,0.23926840919948134,[0.7590664],11147.0,-0.10738356521753481,0.5459708445166045,0.6917002417405318,0.6190659282735557,0.13055347027912378,0.7812418967169585,0.7812418967169585,0.8105016949682969,-196713834.51439598,-0.03141487768894621,0.9468396309244448,0.649466596050541,0.7254094886364567,,,,,,,,0.0531603690755551
658b7311-8759-4009-be67-490e6db4d241,GradientBoostingClassifier,POSTPROCESSING,RejectOptionClassification,GradientBoostingClassifier,1.0,1.0,0.23926840919948134,1.0,1.0,1.0,3506.0,0.0,0.0,,0.0,0.0,,0.0,0.0,,0.0,0.0,,0.0,0.0,,0.0,0.0,0.0,1.0,1.0,1.0,0.0,0.0,0.0,0.0,11147.0,11147.0,3506.0,11147.0,3506.0,1.0,0.0,0.0,0.0,0.0,0.0,0.0,0.0,0.0,0.0,0.0,0.5786742572730558,0.0,0.0,0.0,-0.10738356521753481,0.0,1.0,1.0,0.0,0.23926840919948134,[0.7590664],11147.0,-0.10738356521753481,0.5459708445166045,1.0,1.0,0.0,1.0,1.0,1.0,-2699677477.5768094,0.0,1.0,1.0,1.0,,,,,,,,0.0
658b7311-8759-4009-be67-490e6db4d241,GradientBoostingClassifier,POSTPROCESSING,EqOddsPostprocessing,GradientBoostingClassifier,1.0,1.0,0.23926840919948134,1.0,1.0,1.0,3506.0,0.0,0.0,,0.0,0.0,,0.0,0.0,,0.0,0.0,,0.0,0.0,,0.0,0.0,0.0,1.0,1.0,1.0,0.0,0.0,0.0,0.0,11147.0,11147.0,3506.0,11147.0,3506.0,1.0,0.0,0.0,0.0,0.0,0.0,0.0,0.0,0.0,0.0,0.0,0.5786742572730558,0.0,0.0,0.0,-0.10738356521753481,0.0,1.0,1.0,0.0,0.23926840919948134,[0.7590664],11147.0,-0.10738356521753481,0.5459708445166045,1.0,1.0,0.0,1.0,1.0,1.0,-2699677477.5768094,0.0,1.0,1.0,1.0,,,,,,,,0.0
658b7311-8759-4009-be67-490e6db4d241,GradientBoostingClassifier,POSTPROCESSING,CalibratedEqOddsPostprocessing,GradientBoostingClassifier,1.0,1.0,0.23926840919948134,1.0,1.0,1.0,3506.0,0.0,0.0,,0.0,0.0,,0.0,0.0,,0.0,0.0,,0.0,0.0,,0.0,0.0,0.0,1.0,1.0,1.0,0.0,0.0,0.0,0.0,11147.0,11147.0,3506.0,11147.0,3506.0,1.0,0.0,0.0,0.0,0.0,0.0,0.0,0.0,0.0,0.0,0.0,0.5786742572730558,0.0,0.0,0.0,-0.10738356521753481,0.0,1.0,1.0,0.0,0.23926840919948134,[0.7590664],11147.0,-0.10738356521753481,0.5459708445166045,1.0,1.0,0.0,1.0,1.0,1.0,-2699677477.5768094,0.0,1.0,1.0,1.0,,,,,,,,0.0
658b7311-8759-4009-be67-490e6db4d241,AdaBoostClassifier,POSTPROCESSING,ThresholdOptimizer,AdaBoostClassifier,0.851770968402375,0.6126640045636053,0.20214290588957892,0.6126640045636053,0.9269758679465327,0.725185685347738,3506.0,0.14822903159762502,0.03265452266828528,1.2275822158584335,0.27481431465226197,0.3472082844529877,2.5367740590136587,0.38733599543639474,0.050288938907779024,1.1313603052321037,0.11615772816696604,-0.04301790769962717,0.6487105557000168,0.0730241320534673,0.07006449563633058,2.1371163013534553,0.0791966373849608,0.38733599543639474,0.0730241320534673,0.9269758679465327,0.6126640045636053,0.883842271833034,1358.0,814.0,1358.0,814.0,10333.0,11691.0,2962.0,10333.0,2148.0,0.725185685347738,0.06017671727205477,0.009887778364275804,0.03661324752581145,0.0006702649471931692,0.000654516191670335,0.03661324752581145,0.0006702649471931692,0.000654516191670335,0.3979865258647855,-0.5097776827147187,0.9638637913517234,-0.05028893890777897,0.07006449563633058,-0.19511309607630742,-0.007343233073288408,0.11781261139779185,0.9269758679465327,0.6126640045636053,-0.05028893890777897,0.23926840919948134,[0.7590664],11147.0,-0.10738356521753481,0.5459708445166045,0.6641929499072357,0.5732850679793968,0.14822903159762502,0.7698199362550691,0.7698199362550691,0.762208127344978,-1475939644.1195245,0.019775556728551552,0.949711061092221,0.6373887240356083,0.7158615578304327,,,,,,,,0.05028893890777897
658b7311-8759-4009-be67-490e6db4d241,AdaBoostClassifier,POSTPROCESSING,FairnessAwareMetaEstimator,AdaBoostClassifier,0.8640551422916809,0.6118083285795779,0.1894492595372961,0.6118083285795779,0.9433928411231721,0.7726945244956772,3506.0,0.1359448577083191,-0.04914445898445208,0.656537274374287,0.22730547550432276,0.017323117949586242,1.0766780645463487,0.38819167142042216,0.08432905512188116,1.2215459620979792,0.11459122674075944,-0.045305554839663184,0.6282334306572495,0.056607158876827844,-0.03207819535022123,0.4811893951329905,0.07391252642656375,0.38819167142042216,0.056607158876827844,0.9433928411231721,0.6118083285795779,0.8854087732592405,1361.0,631.0,1361.0,631.0,10516.0,11877.0,2776.0,10516.0,2145.0,0.7726945244956772,0.058203625236051194,-0.058203625236051194,0.002866640056105919,4.108812605635474e-06,4.100937167983193e-06,0.002866640056105919,4.108812605635474e-06,4.100937167983193e-06,0.38448023727251246,0.1231091753983582,0.5113278869237987,-0.08432905512188116,0.08432905512188116,-0.031314336394624685,-0.09965415017539268,0.11393076401651174,0.9433928411231721,0.6118083285795779,-0.08432905512188116,0.23926840919948134,[0.7590664],11147.0,-0.10738356521753481,0.5459708445166045,0.6829035339063992,0.6044664760751977,0.1359448577083191,0.7776005848513751,0.777600584851375,0.8228597578753986,-145752864.919624,-0.05225085977165993,0.915670944878119,0.6454039416278019,0.7158315918854039,,,,,,,,0.08432905512188116
658b7311-8759-4009-be67-490e6db4d241,AdaBoostClassifier,POSTPROCESSING,RejectOptionClassification,AdaBoostClassifier,1.0,1.0,0.23926840919948134,1.0,1.0,1.0,3506.0,0.0,0.0,,0.0,0.0,,0.0,0.0,,0.0,0.0,,0.0,0.0,,0.0,0.0,0.0,1.0,1.0,1.0,0.0,0.0,0.0,0.0,11147.0,11147.0,3506.0,11147.0,3506.0,1.0,0.0,0.0,0.0,0.0,0.0,0.0,0.0,0.0,0.0,0.0,0.5786742572730558,0.0,0.0,0.0,-0.10738356521753481,0.0,1.0,1.0,0.0,0.23926840919948134,[0.7590664],11147.0,-0.10738356521753481,0.5459708445166045,1.0,1.0,0.0,1.0,1.0,1.0,-2699677477.5768094,0.0,1.0,1.0,1.0,,,,,,,,0.0
658b7311-8759-4009-be67-490e6db4d241,AdaBoostClassifier,POSTPROCESSING,EqOddsPostprocessing,AdaBoostClassifier,1.0,1.0,0.23926840919948134,1.0,1.0,1.0,3506.0,0.0,0.0,,0.0,0.0,,0.0,0.0,,0.0,0.0,,0.0,0.0,,0.0,0.0,0.0,1.0,1.0,1.0,0.0,0.0,0.0,0.0,11147.0,11147.0,3506.0,11147.0,3506.0,1.0,0.0,0.0,0.0,0.0,0.0,0.0,0.0,0.0,0.0,0.0,0.5786742572730558,0.0,0.0,0.0,-0.10738356521753481,0.0,1.0,1.0,0.0,0.23926840919948134,[0.7590664],11147.0,-0.10738356521753481,0.5459708445166045,1.0,1.0,0.0,1.0,1.0,1.0,-2699677477.5768094,0.0,1.0,1.0,1.0,,,,,,,,0.0
658b7311-8759-4009-be67-490e6db4d241,AdaBoostClassifier,POSTPROCESSING,CalibratedEqOddsPostprocessing,AdaBoostClassifier,1.0,1.0,0.23926840919948134,1.0,1.0,1.0,3506.0,0.0,0.0,,0.0,0.0,,0.0,0.0,,0.0,0.0,,0.0,0.0,,0.0,0.0,0.0,1.0,1.0,1.0,0.0,0.0,0.0,0.0,11147.0,11147.0,3506.0,11147.0,3506.0,1.0,0.0,0.0,0.0,0.0,0.0,0.0,0.0,0.0,0.0,0.0,0.5786742572730558,0.0,0.0,0.0,-0.10738356521753481,0.0,1.0,1.0,0.0,0.23926840919948134,[0.7590664],11147.0,-0.10738356521753481,0.5459708445166045,1.0,1.0,0.0,1.0,1.0,1.0,-2699677477.5768094,0.0,1.0,1.0,1.0,,,,,,,,0.0
658b7311-8759-4009-be67-490e6db4d241,RandomForestClassifier,POSTPROCESSING,ThresholdOptimizer,RandomForestClassifier,0.8388725858186037,0.6192241871078151,0.2181805773561728,0.6192241871078151,0.9079572979276935,0.6790741319987488,3506.0,0.1611274141813963,0.036797774763764,1.2362149313897388,0.32092586800125117,0.32913949153251487,2.2095098993833173,0.3807758128921848,0.019016490270261643,1.0501658156551035,0.11653282122905027,-0.04792808921711238,0.6117824773413897,0.09204270207230646,0.07762059278834403,1.9775376139012504,0.08384008665725816,0.3807758128921848,0.09204270207230646,0.9079572979276935,0.6192241871078151,0.8834671787709497,1335.0,1026.0,1335.0,1026.0,10121.0,11456.0,3197.0,10121.0,2171.0,0.6790741319987488,0.04831854152930284,0.029302051259041194,0.04053501894004623,0.0008215438802349531,0.0008002717467571601,0.04053501894004623,0.0008215438802349531,0.0008002717467571601,0.40948769616988046,-0.5217776560407563,1.0239956172451605,-0.019016490270261643,0.07762059278834403,-0.18853379037481363,0.005217188259228039,0.12047244827365079,0.9079572979276935,0.6192241871078151,-0.019016490270261643,0.23926840919948134,[0.7590664],11147.0,-0.10738356521753481,0.5459708445166045,0.6477696553781889,0.544574479392297,0.1611274141813963,0.7635907425177543,0.7635907425177544,0.7412159674395699,-1485857932.911401,0.05860410251808239,0.9809835097297384,0.633175355450237,0.7180352667381776,,,,,,,,0.019016490270261643
658b7311-8759-4009-be67-490e6db4d241,RandomForestClassifier,POSTPROCESSING,FairnessAwareMetaEstimator,RandomForestClassifier,0.8548420118747014,0.6195094124358242,0.20234764212106734,0.6195094124358242,0.9288597829012291,0.7325463743676223,3506.0,0.14515798812529856,-0.0577255595981877,0.624048409564377,0.26745362563237773,0.013701657458563554,1.0514522821576764,0.3804905875641757,0.050811742732627785,1.1351592356687898,0.11413415468856947,-0.05102210062106402,0.5829368458399858,0.07114021709877097,-0.03890786050899833,0.4978033827524586,0.07751563074445572,0.3804905875641757,0.07114021709877097,0.9288597829012291,0.6195094124358242,0.8858658453114305,1334.0,793.0,1334.0,793.0,10354.0,11688.0,2965.0,10354.0,2172.0,0.7325463743676223,0.04485980162081306,-0.04485980162081306,0.0029367011755514648,4.312106897242678e-06,4.303640542360051e-06,0.0029367011755514648,4.312106897242678e-06,4.303640542360051e-06,0.39374009382956093,0.06569694518378122,0.541673478673445,-0.050811742732627785,0.050811742732627785,-0.03236187903981379,-0.09935775354532074,0.11552006308873666,0.9288597829012291,0.6195094124358242,-0.050811742732627785,0.23926840919948134,[0.7590664],11147.0,-0.10738356521753481,0.5459708445166045,0.6713027352804821,0.5823385710151813,0.14515798812529856,0.7741845976685267,0.7741845976685267,0.8089143651378258,-628621769.7770531,-0.011903882223629453,0.9491882572673723,0.6443669806422903,0.7216129812817519,,,,,,,,0.050811742732627785
658b7311-8759-4009-be67-490e6db4d241,RandomForestClassifier,POSTPROCESSING,RejectOptionClassification,RandomForestClassifier,1.0,1.0,0.23926840919948134,1.0,1.0,1.0,3506.0,0.0,0.0,,0.0,0.0,,0.0,0.0,,0.0,0.0,,0.0,0.0,,0.0,0.0,0.0,1.0,1.0,1.0,0.0,0.0,0.0,0.0,11147.0,11147.0,3506.0,11147.0,3506.0,1.0,0.0,0.0,0.0,0.0,0.0,0.0,0.0,0.0,0.0,0.0,0.5786742572730558,0.0,0.0,0.0,-0.10738356521753481,0.0,1.0,1.0,0.0,0.23926840919948134,[0.7590664],11147.0,-0.10738356521753481,0.5459708445166045,1.0,1.0,0.0,1.0,1.0,1.0,-2699677477.5768094,0.0,1.0,1.0,1.0,,,,,,,,0.0
658b7311-8759-4009-be67-490e6db4d241,RandomForestClassifier,POSTPROCESSING,EqOddsPostprocessing,RandomForestClassifier,1.0,1.0,0.23926840919948134,1.0,1.0,1.0,3506.0,0.0,0.0,,0.0,0.0,,0.0,0.0,,0.0,0.0,,0.0,0.0,,0.0,0.0,0.0,1.0,1.0,1.0,0.0,0.0,0.0,0.0,11147.0,11147.0,3506.0,11147.0,3506.0,1.0,0.0,0.0,0.0,0.0,0.0,0.0,0.0,0.0,0.0,0.0,0.5786742572730558,0.0,0.0,0.0,-0.10738356521753481,0.0,1.0,1.0,0.0,0.23926840919948134,[0.7590664],11147.0,-0.10738356521753481,0.5459708445166045,1.0,1.0,0.0,1.0,1.0,1.0,-2699677477.5768094,0.0,1.0,1.0,1.0,,,,,,,,0.0
658b7311-8759-4009-be67-490e6db4d241,RandomForestClassifier,POSTPROCESSING,CalibratedEqOddsPostprocessing,RandomForestClassifier,1.0,1.0,0.23926840919948134,1.0,1.0,1.0,3506.0,0.0,0.0,,0.0,0.0,,0.0,0.0,,0.0,0.0,,0.0,0.0,,0.0,0.0,0.0,1.0,1.0,1.0,0.0,0.0,0.0,0.0,11147.0,11147.0,3506.0,11147.0,3506.0,1.0,0.0,0.0,0.0,0.0,0.0,0.0,0.0,0.0,0.0,0.0,0.5786742572730558,0.0,0.0,0.0,-0.10738356521753481,0.0,1.0,1.0,0.0,0.23926840919948134,[0.7590664],11147.0,-0.10738356521753481,0.5459708445166045,1.0,1.0,0.0,1.0,1.0,1.0,-2699677477.5768094,0.0,1.0,1.0,1.0,,,,,,,,0.0
658b7311-8759-4009-be67-490e6db4d241,BaggingClassifier,POSTPROCESSING,ThresholdOptimizer,BaggingClassifier,0.8372346959666962,0.5975470621791215,0.20944516481266634,0.5975470621791215,0.9126222301964654,0.682632779406973,3506.0,0.1627653040333038,0.037629208003301495,1.2392224370727654,0.317367220593027,0.33962351807289626,2.2922750111606804,0.4024529378208785,-0.029279009625975738,0.9277195678839021,0.12180593922651933,-0.0578487351833446,0.5549271325569126,0.08737776980353458,0.09109028562521919,2.2556197126359607,0.08599048754658788,0.4024529378208785,0.08737776980353458,0.9126222301964654,0.5975470621791215,0.8781940607734806,1411.0,974.0,1411.0,974.0,10173.0,11584.0,3069.0,10173.0,2095.0,0.682632779406973,0.060184647625597464,0.060184647625597464,0.04840499860729142,0.0011715219450859423,0.0011356306310757616,0.04840499860729142,0.0011715219450859423,0.0011356306310757616,0.4147058898703704,-0.42703048616175243,1.125818700057473,0.029279009625975738,0.09109028562521919,-0.19873612662812046,0.02587902997030106,0.12525805890333888,0.9126222301964654,0.5975470621791215,0.029279009625975738,0.23926840919948134,[0.7590664],11147.0,-0.10738356521753481,0.5459708445166045,0.6372623574144487,0.5348987120942603,0.1627653040333038,0.7550846461877934,0.7550846461877934,0.7096401428294822,-1573274242.0670116,0.06181127599924345,0.9707209903740244,0.6167660263487156,0.7021020881789821,,,,,,,,0.029279009625975738
658b7311-8759-4009-be67-490e6db4d241,BaggingClassifier,POSTPROCESSING,FairnessAwareMetaEstimator,BaggingClassifier,0.8502013239609636,0.58499714774672,0.19047294069473827,0.58499714774672,0.9336144254059389,0.7348620566105338,3506.0,0.1497986760390364,-0.053263220759870444,0.6619013802348619,0.26513794338946617,0.0507765484304904,1.1947708868259925,0.4150028522532801,0.054880433567996434,1.1338260839946865,0.12266059686393525,-0.053748183155475096,0.5903394779662529,0.06638557459406118,-0.02927974362335116,0.5884961332935045,0.08146512914406981,0.4150028522532801,0.06638557459406118,0.9336144254059389,0.58499714774672,0.8773394031360647,1455.0,740.0,1455.0,740.0,10407.0,11862.0,2791.0,10407.0,2051.0,0.7348620566105338,0.0420800885956738,-0.0420800885956738,0.006898923031160536,2.3797569494938643e-05,2.3688345288635748e-05,0.006898923031160536,2.3797569494938643e-05,2.3688345288635748e-05,0.40364620435244974,0.02607694441575381,0.5635445821468557,-0.054880433567996434,0.054880433567996434,-0.05226236579298275,-0.08876173341360258,0.12362767826552734,0.9336144254059389,0.58499714774672,-0.054880433567996434,0.23926840919948134,[0.7590664],11147.0,-0.10738356521753481,0.5459708445166045,0.6514213117357471,0.5634667355980632,0.1497986760390364,0.7593057865763294,0.7593057865763294,0.7912574413466691,-1336174480.957086,-0.025600689944645275,0.9451195664320036,0.6164249755804343,0.697255731666393,,,,,,,,0.054880433567996434
658b7311-8759-4009-be67-490e6db4d241,BaggingClassifier,POSTPROCESSING,RejectOptionClassification,BaggingClassifier,1.0,1.0,0.23926840919948134,1.0,1.0,1.0,3506.0,0.0,0.0,,0.0,0.0,,0.0,0.0,,0.0,0.0,,0.0,0.0,,0.0,0.0,0.0,1.0,1.0,1.0,0.0,0.0,0.0,0.0,11147.0,11147.0,3506.0,11147.0,3506.0,1.0,0.0,0.0,0.0,0.0,0.0,0.0,0.0,0.0,0.0,0.0,0.5786742572730558,0.0,0.0,0.0,-0.10738356521753481,0.0,1.0,1.0,0.0,0.23926840919948134,[0.7590664],11147.0,-0.10738356521753481,0.5459708445166045,1.0,1.0,0.0,1.0,1.0,1.0,-2699677477.5768094,0.0,1.0,1.0,1.0,,,,,,,,0.0
658b7311-8759-4009-be67-490e6db4d241,BaggingClassifier,POSTPROCESSING,EqOddsPostprocessing,BaggingClassifier,1.0,1.0,0.23926840919948134,1.0,1.0,1.0,3506.0,0.0,0.0,,0.0,0.0,,0.0,0.0,,0.0,0.0,,0.0,0.0,,0.0,0.0,0.0,1.0,1.0,1.0,0.0,0.0,0.0,0.0,11147.0,11147.0,3506.0,11147.0,3506.0,1.0,0.0,0.0,0.0,0.0,0.0,0.0,0.0,0.0,0.0,0.0,0.5786742572730558,0.0,0.0,0.0,-0.10738356521753481,0.0,1.0,1.0,0.0,0.23926840919948134,[0.7590664],11147.0,-0.10738356521753481,0.5459708445166045,1.0,1.0,0.0,1.0,1.0,1.0,-2699677477.5768094,0.0,1.0,1.0,1.0,,,,,,,,0.0
658b7311-8759-4009-be67-490e6db4d241,BaggingClassifier,POSTPROCESSING,CalibratedEqOddsPostprocessing,BaggingClassifier,1.0,1.0,0.23926840919948134,1.0,1.0,1.0,3506.0,0.0,0.0,,0.0,0.0,,0.0,0.0,,0.0,0.0,,0.0,0.0,,0.0,0.0,0.0,1.0,1.0,1.0,0.0,0.0,0.0,0.0,11147.0,11147.0,3506.0,11147.0,3506.0,1.0,0.0,0.0,0.0,0.0,0.0,0.0,0.0,0.0,0.0,0.0,0.5786742572730558,0.0,0.0,0.0,-0.10738356521753481,0.0,1.0,1.0,0.0,0.23926840919948134,[0.7590664],11147.0,-0.10738356521753481,0.5459708445166045,1.0,1.0,0.0,1.0,1.0,1.0,-2699677477.5768094,0.0,1.0,1.0,1.0,,,,,,,,0.0
658b7311-8759-4009-be67-490e6db4d241,BernoulliNB,POSTPROCESSING,ThresholdOptimizer,BernoulliNB,0.7833208216747424,0.3608100399315459,0.15007165768102096,0.3608100399315459,0.9162106396339822,0.5752614824920418,3506.0,0.21667917832525763,-0.10843184842734643,0.5334934834407123,0.42473851750795816,-0.00809436189418139,0.9809927933215938,0.6391899600684541,-0.22284213719010904,0.6619239059359182,0.1799421872490766,-0.12288051428181106,0.3792314703890828,0.08378936036601776,-0.01650418772929782,0.8091485998887147,0.12580312115748393,0.6391899600684541,0.08378936036601776,0.9162106396339822,0.3608100399315459,0.8200578127509234,2241.0,934.0,2241.0,934.0,10213.0,12454.0,2199.0,10213.0,1265.0,0.5752614824920418,0.11967316245970343,0.10316897473040561,0.03825136628655962,0.0007315835113942749,0.000713659687839743,0.03825136628655962,0.0007315835113942749,0.000713659687839743,0.5016036705557166,-0.4890086639597615,0.9436952450826692,0.22284213719010904,0.22284213719010904,-0.05739307619381486,-0.008519443513920616,0.1904461313054472,0.9162106396339822,0.3608100399315459,0.22284213719010904,0.23926840919948134,[0.7590664],11147.0,-0.10738356521753481,0.5459708445166045,0.44347063978965817,0.3309253991665975,0.21667917832525763,0.6385103397827641,0.6385103397827641,0.5726358826726133,-1215015040.6287282,-0.20633794946081122,0.7771578628098909,0.3978925847291028,0.47519316837767756,,,,,,,,0.22284213719010904
658b7311-8759-4009-be67-490e6db4d241,BernoulliNB,POSTPROCESSING,FairnessAwareMetaEstimator,BernoulliNB,0.8060465433699584,0.735596120935539,0.3066948747696717,0.735596120935539,0.8282048981788822,0.5738762794837561,3506.0,0.1939534566300416,-0.08239244999061635,0.5998902506078018,0.42612372051624386,-0.011025512000018944,0.9741710895516604,0.26440387906446094,0.18881199814823685,1.7628960735305974,0.09124913869475341,-0.019776409895388147,0.791396425749026,0.1717951018211178,-0.12228447039069336,0.36212483080718255,0.08311710175700358,0.26440387906446094,0.1717951018211178,0.8282048981788822,0.735596120935539,0.9087508613052466,927.0,1915.0,927.0,1915.0,9232.0,10159.0,4494.0,9232.0,2579.0,0.5738762794837561,0.15554823426946512,-0.15554823426946512,0.02803976302043793,0.0003931141551211592,0.00040078217210336896,0.02803976302043793,0.0003931141551211592,0.00040078217210336896,0.4077182894033663,0.3078568218121598,0.425297044966181,-0.1888119981482369,0.1888119981482369,-0.004375448947684629,-0.19231715782072306,0.10447985389931141,0.8282048981788822,0.735596120935539,-0.1888119981482369,0.23926840919948134,[0.7590664],11147.0,-0.10738356521753481,0.5459708445166045,0.64475,0.5216374927371681,0.1939534566300416,0.7819005095572106,0.7819005095572107,0.9035237531932299,-329970419.1625262,-0.06652752775754349,0.8111880018517631,0.6871835864641619,0.7240797112778353,,,,,,,,0.1888119981482369
658b7311-8759-4009-be67-490e6db4d241,BernoulliNB,POSTPROCESSING,RejectOptionClassification,BernoulliNB,1.0,1.0,0.23926840919948134,1.0,1.0,1.0,3506.0,0.0,0.0,,0.0,0.0,,0.0,0.0,,0.0,0.0,,0.0,0.0,,0.0,0.0,0.0,1.0,1.0,1.0,0.0,0.0,0.0,0.0,11147.0,11147.0,3506.0,11147.0,3506.0,1.0,0.0,0.0,0.0,0.0,0.0,0.0,0.0,0.0,0.0,0.0,0.5786742572730558,0.0,0.0,0.0,-0.10738356521753481,0.0,1.0,1.0,0.0,0.23926840919948134,[0.7590664],11147.0,-0.10738356521753481,0.5459708445166045,1.0,1.0,0.0,1.0,1.0,1.0,-2699677477.5768094,0.0,1.0,1.0,1.0,,,,,,,,0.0
658b7311-8759-4009-be67-490e6db4d241,BernoulliNB,POSTPROCESSING,EqOddsPostprocessing,BernoulliNB,1.0,1.0,0.23926840919948134,1.0,1.0,1.0,3506.0,0.0,0.0,,0.0,0.0,,0.0,0.0,,0.0,0.0,,0.0,0.0,,0.0,0.0,0.0,1.0,1.0,1.0,0.0,0.0,0.0,0.0,11147.0,11147.0,3506.0,11147.0,3506.0,1.0,0.0,0.0,0.0,0.0,0.0,0.0,0.0,0.0,0.0,0.0,0.5786742572730558,0.0,0.0,0.0,-0.10738356521753481,0.0,1.0,1.0,0.0,0.23926840919948134,[0.7590664],11147.0,-0.10738356521753481,0.5459708445166045,1.0,1.0,0.0,1.0,1.0,1.0,-2699677477.5768094,0.0,1.0,1.0,1.0,,,,,,,,0.0
658b7311-8759-4009-be67-490e6db4d241,BernoulliNB,POSTPROCESSING,CalibratedEqOddsPostprocessing,BernoulliNB,1.0,1.0,0.23926840919948134,1.0,1.0,1.0,3506.0,0.0,0.0,,0.0,0.0,,0.0,0.0,,0.0,0.0,,0.0,0.0,,0.0,0.0,0.0,1.0,1.0,1.0,0.0,0.0,0.0,0.0,11147.0,11147.0,3506.0,11147.0,3506.0,1.0,0.0,0.0,0.0,0.0,0.0,0.0,0.0,0.0,0.0,0.0,0.5786742572730558,0.0,0.0,0.0,-0.10738356521753481,0.0,1.0,1.0,0.0,0.23926840919948134,[0.7590664],11147.0,-0.10738356521753481,0.5459708445166045,1.0,1.0,0.0,1.0,1.0,1.0,-2699677477.5768094,0.0,1.0,1.0,1.0,,,,,,,,0.0
658b7311-8759-4009-be67-490e6db4d241,BaggingClassifier,POSTPROCESSING,ThresholdOptimizer,BaggingClassifier,0.8549102572851975,0.5961209355390759,0.19108714938920357,0.5961209355390759,0.9363057324840764,0.7464285714285714,3506.0,0.14508974271480246,0.03742657216978529,1.2679990793907323,0.25357142857142856,0.3780019513243048,2.9240056494601125,0.40387906446092414,0.025122519674983634,1.0625515466478532,0.11946342698051127,-0.04779645425608156,0.6216921830448834,0.06369426751592357,0.08384143425448029,2.6753924292565525,0.0787940306584955,0.40387906446092414,0.06369426751592357,0.9363057324840764,0.5961209355390759,0.8805365730194887,1416.0,710.0,1416.0,710.0,10437.0,11853.0,2800.0,10437.0,2090.0,0.7464285714285714,0.05448197696473199,0.0293594572897483,0.04304836834979695,0.0009265810087899,0.0009011767186849182,0.04304836834979695,0.0009265810087899,0.0009011767186849182,0.39697362798678576,-0.4996174575944461,1.0468358404966336,-0.02512251967498369,0.08384143425448029,-0.21289920279019314,0.008889236095536407,0.11995275537807043,0.9363057324840764,0.5961209355390759,-0.02512251967498369,0.23926840919948134,[0.7590664],11147.0,-0.10738356521753481,0.5459708445166045,0.6628607675229939,0.5777654912030789,0.14508974271480246,0.7662133340115762,0.7662133340115762,0.7437177263568276,-1280002501.8179762,0.058718914579496656,0.9748774803250164,0.6277218801621864,0.712268582034539,,,,,,,,0.02512251967498369
658b7311-8759-4009-be67-490e6db4d241,BaggingClassifier,POSTPROCESSING,FairnessAwareMetaEstimator,BaggingClassifier,0.8669214495325189,0.587564175698802,0.17498123251211356,0.587564175698802,0.954786041087288,0.8034321372854915,3506.0,0.13307855046748107,-0.04963775328729103,0.6461791564200156,0.19656786271450857,0.009032351451110948,1.046119733924612,0.41243582430119796,0.07518996535925804,1.1853331038044415,0.1196128712052279,-0.048915605605226856,0.6160408255002849,0.04521395891271194,-0.02636657657115125,0.46741798146756824,0.07363626256313971,0.41243582430119796,0.04521395891271194,0.954786041087288,0.587564175698802,0.8803871287947721,1446.0,504.0,1446.0,504.0,10643.0,12089.0,2564.0,10643.0,2060.0,0.8034321372854915,0.050778270965204646,-0.050778270965204646,0.005767591551189273,1.663255615067494e-05,1.6568646160731798e-05,0.005767591551189273,1.663255615067494e-05,1.6568646160731798e-05,0.38376102606476264,0.12318346546395387,0.5112029103733322,-0.07518996535925804,0.07518996535925804,-0.028973978528168888,-0.09206901424699053,0.11740518886618699,0.954786041087288,0.587564175698802,-0.07518996535925804,0.23926840919948134,[0.7590664],11147.0,-0.10738356521753481,0.5459708445166045,0.6787479406919276,0.6089905805520607,0.13307855046748107,0.771175108393045,0.771175108393045,0.8103340470086482,-178534183.51024717,-0.048823388788106784,0.924810034640742,0.6298731080874485,0.7047968224632273,,,,,,,,0.07518996535925804
658b7311-8759-4009-be67-490e6db4d241,BaggingClassifier,POSTPROCESSING,RejectOptionClassification,BaggingClassifier,1.0,1.0,0.23926840919948134,1.0,1.0,1.0,3506.0,0.0,0.0,,0.0,0.0,,0.0,0.0,,0.0,0.0,,0.0,0.0,,0.0,0.0,0.0,1.0,1.0,1.0,0.0,0.0,0.0,0.0,11147.0,11147.0,3506.0,11147.0,3506.0,1.0,0.0,0.0,0.0,0.0,0.0,0.0,0.0,0.0,0.0,0.0,0.5786742572730558,0.0,0.0,0.0,-0.10738356521753481,0.0,1.0,1.0,0.0,0.23926840919948134,[0.7590664],11147.0,-0.10738356521753481,0.5459708445166045,1.0,1.0,0.0,1.0,1.0,1.0,-2699677477.5768094,0.0,1.0,1.0,1.0,,,,,,,,0.0
658b7311-8759-4009-be67-490e6db4d241,BaggingClassifier,POSTPROCESSING,EqOddsPostprocessing,BaggingClassifier,1.0,1.0,0.23926840919948134,1.0,1.0,1.0,3506.0,0.0,0.0,,0.0,0.0,,0.0,0.0,,0.0,0.0,,0.0,0.0,,0.0,0.0,0.0,1.0,1.0,1.0,0.0,0.0,0.0,0.0,11147.0,11147.0,3506.0,11147.0,3506.0,1.0,0.0,0.0,0.0,0.0,0.0,0.0,0.0,0.0,0.0,0.0,0.5786742572730558,0.0,0.0,0.0,-0.10738356521753481,0.0,1.0,1.0,0.0,0.23926840919948134,[0.7590664],11147.0,-0.10738356521753481,0.5459708445166045,1.0,1.0,0.0,1.0,1.0,1.0,-2699677477.5768094,0.0,1.0,1.0,1.0,,,,,,,,0.0
658b7311-8759-4009-be67-490e6db4d241,BaggingClassifier,POSTPROCESSING,CalibratedEqOddsPostprocessing,BaggingClassifier,1.0,1.0,0.23926840919948134,1.0,1.0,1.0,3506.0,0.0,0.0,,0.0,0.0,,0.0,0.0,,0.0,0.0,,0.0,0.0,,0.0,0.0,0.0,1.0,1.0,1.0,0.0,0.0,0.0,0.0,11147.0,11147.0,3506.0,11147.0,3506.0,1.0,0.0,0.0,0.0,0.0,0.0,0.0,0.0,0.0,0.0,0.0,0.5786742572730558,0.0,0.0,0.0,-0.10738356521753481,0.0,1.0,1.0,0.0,0.23926840919948134,[0.7590664],11147.0,-0.10738356521753481,0.5459708445166045,1.0,1.0,0.0,1.0,1.0,1.0,-2699677477.5768094,0.0,1.0,1.0,1.0,,,,,,,,0.0
658b7311-8759-4009-be67-490e6db4d241,RandomForestClassifier,POSTPROCESSING,ThresholdOptimizer,RandomForestClassifier,0.8525216679178326,0.5527666856816885,0.1727291339657408,0.5527666856816885,0.9468018300888131,0.7657052548399842,3506.0,0.14747833208216743,0.0022084418020734686,1.0150073386484906,0.2342947451600158,0.317270196385857,2.686131289392159,0.4472333143183115,-0.029492521111696424,0.9344428082252542,0.12935159214651049,-0.06363924999182,0.5408312888821399,0.053198169911186866,0.058865965503926775,2.349722825755884,0.08208586301169878,0.4472333143183115,0.053198169911186866,0.9468018300888131,0.5527666856816885,0.8706484078534895,1568.0,593.0,1568.0,593.0,10554.0,12122.0,2531.0,10554.0,1938.0,0.7657052548399842,0.0441792433078116,0.0441792433078116,0.04059301769704636,0.0008238965428763596,0.0008025344271720033,0.04059301769704636,0.0008238965428763596,0.0008025344271720033,0.40518110274715124,-0.5444080253025578,1.0008262709426026,0.029492521111696424,0.058865965503926775,-0.19045472318883855,0.00014270393235782386,0.12895819990424853,0.9468018300888131,0.5527666856816885,0.029492521111696424,0.23926840919948134,[0.7590664],11147.0,-0.10738356521753481,0.5459708445166045,0.6420407487162498,0.5638282138886818,0.14747833208216743,0.7497842578852508,0.7497842578852508,0.7166593567277714,-1504618369.011616,0.02937344439223035,0.9705074788883036,0.5940685109970113,0.6822827808193048,,,,,,,,0.029492521111696424
658b7311-8759-4009-be67-490e6db4d241,RandomForestClassifier,POSTPROCESSING,FairnessAwareMetaEstimator,RandomForestClassifier,0.8603698901248891,0.5490587564175698,0.1631065310857845,0.5490587564175698,0.958284740288867,0.805439330543933,3506.0,0.13963010987511093,-0.050708426575320154,0.655039470706513,0.19456066945606695,0.06732665481612696,1.3575903455552625,0.4509412435824301,0.022402742525102548,1.0499019917237455,0.12892440675201827,-0.06071100130382087,0.5612115558243735,0.04171525971113304,-0.01231557282681469,0.7183114568141307,0.07840252152507265,0.4509412435824301,0.04171525971113304,0.958284740288867,0.5490587564175698,0.8710755932479818,1581.0,465.0,1581.0,465.0,10682.0,12263.0,2390.0,10682.0,1925.0,0.805439330543933,0.01735915767595862,-0.01735915767595862,0.014914591208980086,0.00011122251546549303,0.0001101297753386458,0.014914591208980086,0.00011122251546549303,0.0001101297753386458,0.3959861652256873,-0.04565721716512594,0.6053594818559186,-0.022402742525102548,0.022402742525102548,-0.06401882805997387,-0.06828377537673462,0.12683804150828898,0.958284740288867,0.5490587564175698,-0.022402742525102548,0.23926840919948134,[0.7590664],11147.0,-0.10738356521753481,0.5459708445166045,0.6529850746268657,0.5858544588980087,0.13963010987511093,0.7536717483532185,0.7536717483532185,0.7667548550687974,-173666775.01679167,-0.010087169698287858,0.9775972574748976,0.5965292841648591,0.685613457544306,,,,,,,,0.022402742525102548
658b7311-8759-4009-be67-490e6db4d241,RandomForestClassifier,POSTPROCESSING,RejectOptionClassification,RandomForestClassifier,1.0,1.0,0.23926840919948134,1.0,1.0,1.0,3506.0,0.0,0.0,,0.0,0.0,,0.0,0.0,,0.0,0.0,,0.0,0.0,,0.0,0.0,0.0,1.0,1.0,1.0,0.0,0.0,0.0,0.0,11147.0,11147.0,3506.0,11147.0,3506.0,1.0,0.0,0.0,0.0,0.0,0.0,0.0,0.0,0.0,0.0,0.0,0.5786742572730558,0.0,0.0,0.0,-0.10738356521753481,0.0,1.0,1.0,0.0,0.23926840919948134,[0.7590664],11147.0,-0.10738356521753481,0.5459708445166045,1.0,1.0,0.0,1.0,1.0,1.0,-2699677477.5768094,0.0,1.0,1.0,1.0,,,,,,,,0.0
658b7311-8759-4009-be67-490e6db4d241,RandomForestClassifier,POSTPROCESSING,EqOddsPostprocessing,RandomForestClassifier,1.0,1.0,0.23926840919948134,1.0,1.0,1.0,3506.0,0.0,0.0,,0.0,0.0,,0.0,0.0,,0.0,0.0,,0.0,0.0,,0.0,0.0,0.0,1.0,1.0,1.0,0.0,0.0,0.0,0.0,11147.0,11147.0,3506.0,11147.0,3506.0,1.0,0.0,0.0,0.0,0.0,0.0,0.0,0.0,0.0,0.0,0.0,0.5786742572730558,0.0,0.0,0.0,-0.10738356521753481,0.0,1.0,1.0,0.0,0.23926840919948134,[0.7590664],11147.0,-0.10738356521753481,0.5459708445166045,1.0,1.0,0.0,1.0,1.0,1.0,-2699677477.5768094,0.0,1.0,1.0,1.0,,,,,,,,0.0
658b7311-8759-4009-be67-490e6db4d241,RandomForestClassifier,POSTPROCESSING,CalibratedEqOddsPostprocessing,RandomForestClassifier,1.0,1.0,0.23926840919948134,1.0,1.0,1.0,3506.0,0.0,0.0,,0.0,0.0,,0.0,0.0,,0.0,0.0,,0.0,0.0,,0.0,0.0,0.0,1.0,1.0,1.0,0.0,0.0,0.0,0.0,11147.0,11147.0,3506.0,11147.0,3506.0,1.0,0.0,0.0,0.0,0.0,0.0,0.0,0.0,0.0,0.0,0.0,0.5786742572730558,0.0,0.0,0.0,-0.10738356521753481,0.0,1.0,1.0,0.0,0.23926840919948134,[0.7590664],11147.0,-0.10738356521753481,0.5459708445166045,1.0,1.0,0.0,1.0,1.0,1.0,-2699677477.5768094,0.0,1.0,1.0,1.0,,,,,,,,0.0
658b7311-8759-4009-be67-490e6db4d241,GradientBoostingClassifier,POSTPROCESSING,ThresholdOptimizer,GradientBoostingClassifier,0.863645669828704,0.6634341129492299,0.21456357059987716,0.6634341129492299,0.926617027002781,0.739821882951654,3506.0,0.13635433017129595,0.03390817952687253,1.2579988094742112,0.26017811704834604,0.32913178253497244,2.5431987577639754,0.3365658870507701,0.011607442172309745,1.0345947296115898,0.1025284559909636,-0.0441320032337284,0.5950239703257865,0.07338297299721898,0.07226835238564189,2.1728839381961915,0.07135403074887901,0.3365658870507701,0.07338297299721898,0.926617027002781,0.6634341129492299,0.8974715440090364,1180.0,818.0,1180.0,818.0,10329.0,11509.0,3144.0,10329.0,2326.0,0.739821882951654,0.041937897278975844,0.030330455106666043,0.037051713697286666,0.0006864147439528502,0.0006701018545557984,0.037051713697286666,0.0006864147439528502,0.0006701018545557984,0.37776720542916115,-0.5237742784877684,0.9775197115431522,-0.011607442172309801,0.07226835238564189,-0.18663189288435042,-0.00483925724047124,0.10436497982735697,0.926617027002781,0.6634341129492299,-0.011607442172309801,0.23926840919948134,[0.7590664],11147.0,-0.10738356521753481,0.5459708445166045,0.6995488721804511,0.613217508769995,0.13635433017129595,0.7950255699760055,0.7950255699760055,0.7709120826171966,-1415132571.7563992,0.06066091021333214,0.9883925578276901,0.6810130288391159,0.7597735112607271,,,,,,,,0.011607442172309801
658b7311-8759-4009-be67-490e6db4d241,GradientBoostingClassifier,POSTPROCESSING,FairnessAwareMetaEstimator,GradientBoostingClassifier,0.8757251074865215,0.659155733029093,0.20043677062717533,0.659155733029093,0.9438413923028618,0.7868573374191352,3506.0,0.12427489251347845,-0.04538258830504338,0.6532205393945313,0.21314266258086484,0.022640026871723506,1.107181394820536,0.34084426697090703,0.059378142809252465,1.1769701511177721,0.10199726869238648,-0.04297441544116952,0.605365662125208,0.05615860769713824,-0.02890991511184006,0.5250223101695574,0.06644353056408978,0.34084426697090703,0.05615860769713824,0.9438413923028618,0.659155733029093,0.8980027313076135,1195.0,626.0,1195.0,626.0,10521.0,11716.0,2937.0,10521.0,2311.0,0.7868573374191352,0.04414402896054626,-0.04414402896054626,0.003359258490244319,5.6423088021392706e-06,5.629643418357708e-06,0.003359258490244319,5.6423088021392706e-06,5.629643418357708e-06,0.36453677609835133,0.06409222441041451,0.5425356439723376,-0.059378142809252465,0.059378142809252465,-0.03280722115644651,-0.09822114766515365,0.10122314876588313,0.9438413923028618,0.659155733029093,-0.059378142809252465,0.23926840919948134,[0.7590664],11147.0,-0.10738356521753481,0.5459708445166045,0.7173676858606239,0.642626370993966,0.12427489251347845,0.8014985626659775,0.8014985626659774,0.8368799384281406,-237092775.6886876,-0.030468227697412406,0.9406218571907475,0.6870308435525828,0.7548681577053691,,,,,,,,0.059378142809252465
658b7311-8759-4009-be67-490e6db4d241,GradientBoostingClassifier,POSTPROCESSING,RejectOptionClassification,GradientBoostingClassifier,1.0,1.0,0.23926840919948134,1.0,1.0,1.0,3506.0,0.0,0.0,,0.0,0.0,,0.0,0.0,,0.0,0.0,,0.0,0.0,,0.0,0.0,0.0,1.0,1.0,1.0,0.0,0.0,0.0,0.0,11147.0,11147.0,3506.0,11147.0,3506.0,1.0,0.0,0.0,0.0,0.0,0.0,0.0,0.0,0.0,0.0,0.0,0.5786742572730558,0.0,0.0,0.0,-0.10738356521753481,0.0,1.0,1.0,0.0,0.23926840919948134,[0.7590664],11147.0,-0.10738356521753481,0.5459708445166045,1.0,1.0,0.0,1.0,1.0,1.0,-2699677477.5768094,0.0,1.0,1.0,1.0,,,,,,,,0.0
658b7311-8759-4009-be67-490e6db4d241,GradientBoostingClassifier,POSTPROCESSING,EqOddsPostprocessing,GradientBoostingClassifier,1.0,1.0,0.23926840919948134,1.0,1.0,1.0,3506.0,0.0,0.0,,0.0,0.0,,0.0,0.0,,0.0,0.0,,0.0,0.0,,0.0,0.0,0.0,1.0,1.0,1.0,0.0,0.0,0.0,0.0,11147.0,11147.0,3506.0,11147.0,3506.0,1.0,0.0,0.0,0.0,0.0,0.0,0.0,0.0,0.0,0.0,0.0,0.5786742572730558,0.0,0.0,0.0,-0.10738356521753481,0.0,1.0,1.0,0.0,0.23926840919948134,[0.7590664],11147.0,-0.10738356521753481,0.5459708445166045,1.0,1.0,0.0,1.0,1.0,1.0,-2699677477.5768094,0.0,1.0,1.0,1.0,,,,,,,,0.0
658b7311-8759-4009-be67-490e6db4d241,GradientBoostingClassifier,POSTPROCESSING,CalibratedEqOddsPostprocessing,GradientBoostingClassifier,1.0,1.0,0.23926840919948134,1.0,1.0,1.0,3506.0,0.0,0.0,,0.0,0.0,,0.0,0.0,,0.0,0.0,,0.0,0.0,,0.0,0.0,0.0,1.0,1.0,1.0,0.0,0.0,0.0,0.0,11147.0,11147.0,3506.0,11147.0,3506.0,1.0,0.0,0.0,0.0,0.0,0.0,0.0,0.0,0.0,0.0,0.0,0.5786742572730558,0.0,0.0,0.0,-0.10738356521753481,0.0,1.0,1.0,0.0,0.23926840919948134,[0.7590664],11147.0,-0.10738356521753481,0.5459708445166045,1.0,1.0,0.0,1.0,1.0,1.0,-2699677477.5768094,0.0,1.0,1.0,1.0,,,,,,,,0.0
658b7311-8759-4009-be67-490e6db4d241,XGBClassifier_NONE_BASE_LINE_VALUES,POSTPROCESSING,ThresholdOptimizer,NONE_BASE_LINE_VALUES,0.8633044427762233,0.6674272675413577,0.21681566914624992,0.6674272675413577,0.9249125325199605,0.7365439093484419,3506.0,0.1366955572237767,0.03240984449359341,1.245554078909718,0.26345609065155806,0.3222083299504749,2.4806369293676966,0.33257273245864233,0.005499417333141743,1.0165605095541401,0.10160334611362844,-0.04496619378061956,0.5843172331544424,0.07508746748003947,0.07089046959482995,2.115598418649162,0.07125974505053635,0.33257273245864233,0.07508746748003947,0.9249125325199605,0.6674272675413577,0.8983966538863716,1166.0,837.0,1166.0,837.0,10310.0,11476.0,3177.0,10310.0,2340.0,0.7365439093484419,0.0381949434639859,0.032695526130844046,0.036808912737303044,0.000677448028451195,0.0006614491400220665,0.036808912737303044,0.000677448028451195,0.0006614491400220665,0.37751753615040545,-0.5219560984018445,0.975751720452812,-0.005499417333141854,0.07089046959482995,-0.18358726186554725,-0.00527599503082779,0.10371453135029024,0.9249125325199605,0.6674272675413577,-0.005499417333141854,0.23926840919948134,[0.7590664],11147.0,-0.10738356521753481,0.5459708445166045,0.7002843034565315,0.6132703859451638,0.1366955572237767,0.7961699000306591,0.7961699000306591,0.7701387062596151,-1485746640.633926,0.0653910522616882,0.9945005826668583,0.683461117196057,0.7630070033821494,,,,,,,,0.005499417333141854
658b7311-8759-4009-be67-490e6db4d241,XGBClassifier_NONE_BASE_LINE_VALUES,POSTPROCESSING,FairnessAwareMetaEstimator,NONE_BASE_LINE_VALUES,0.8754521258445369,0.6645750142612664,0.20330307786801338,0.6645750142612664,0.9417780568762896,0.7821416582745888,3506.0,0.12454787415546309,-0.04954883054783765,0.6239093613447767,0.21785834172541121,0.003301116554128597,1.0151717983043285,0.3354249857387336,0.051338537426368513,1.1551823972206139,0.10073667980126777,-0.04399132773430542,0.5919970986460348,0.058221943123710415,-0.033348919975580926,0.47607387001326396,0.06631122069614401,0.3354249857387336,0.058221943123710415,0.9417780568762896,0.6645750142612664,0.8992633201987322,1176.0,649.0,1176.0,649.0,10498.0,11674.0,2979.0,10498.0,2330.0,0.7821416582745888,0.04234372870097472,-0.04234372870097472,0.0023242802583458284,2.7011393596680756e-06,2.6969387238902748e-06,0.0023242802583458284,2.7011393596680756e-06,2.6969387238902748e-06,0.3641736418142972,0.07520559463443588,0.5365424617655712,-0.051338537426368513,0.051338537426368513,-0.023646222144216994,-0.1010251580469491,0.10031944460323718,0.9417780568762896,0.6645750142612664,-0.051338537426368513,0.23926840919948134,[0.7590664],11147.0,-0.10738356521753481,0.5459708445166045,0.7185813415574402,0.6427845684097576,0.12454787415546309,0.8031765355687781,0.803176535568778,0.8371860248898912,-274797244.9766623,-0.017989617450787587,0.9486614625736315,0.6905238201081723,0.7594035523858934,,,,,,,,0.051338537426368513
658b7311-8759-4009-be67-490e6db4d241,XGBClassifier_NONE_BASE_LINE_VALUES,POSTPROCESSING,RejectOptionClassification,NONE_BASE_LINE_VALUES,1.0,1.0,0.23926840919948134,1.0,1.0,1.0,3506.0,0.0,0.0,,0.0,0.0,,0.0,0.0,,0.0,0.0,,0.0,0.0,,0.0,0.0,0.0,1.0,1.0,1.0,0.0,0.0,0.0,0.0,11147.0,11147.0,3506.0,11147.0,3506.0,1.0,0.0,0.0,0.0,0.0,0.0,0.0,0.0,0.0,0.0,0.0,0.5786742572730558,0.0,0.0,0.0,-0.10738356521753481,0.0,1.0,1.0,0.0,0.23926840919948134,[0.7590664],11147.0,-0.10738356521753481,0.5459708445166045,1.0,1.0,0.0,1.0,1.0,1.0,-2699677477.5768094,0.0,1.0,1.0,1.0,,,,,,,,0.0
658b7311-8759-4009-be67-490e6db4d241,XGBClassifier_NONE_BASE_LINE_VALUES,POSTPROCESSING,EqOddsPostprocessing,NONE_BASE_LINE_VALUES,1.0,1.0,0.23926840919948134,1.0,1.0,1.0,3506.0,0.0,0.0,,0.0,0.0,,0.0,0.0,,0.0,0.0,,0.0,0.0,,0.0,0.0,0.0,1.0,1.0,1.0,0.0,0.0,0.0,0.0,11147.0,11147.0,3506.0,11147.0,3506.0,1.0,0.0,0.0,0.0,0.0,0.0,0.0,0.0,0.0,0.0,0.0,0.5786742572730558,0.0,0.0,0.0,-0.10738356521753481,0.0,1.0,1.0,0.0,0.23926840919948134,[0.7590664],11147.0,-0.10738356521753481,0.5459708445166045,1.0,1.0,0.0,1.0,1.0,1.0,-2699677477.5768094,0.0,1.0,1.0,1.0,,,,,,,,0.0
658b7311-8759-4009-be67-490e6db4d241,XGBClassifier_NONE_BASE_LINE_VALUES,POSTPROCESSING,CalibratedEqOddsPostprocessing,NONE_BASE_LINE_VALUES,1.0,1.0,0.23926840919948134,1.0,1.0,1.0,3506.0,0.0,0.0,,0.0,0.0,,0.0,0.0,,0.0,0.0,,0.0,0.0,,0.0,0.0,0.0,1.0,1.0,1.0,0.0,0.0,0.0,0.0,11147.0,11147.0,3506.0,11147.0,3506.0,1.0,0.0,0.0,0.0,0.0,0.0,0.0,0.0,0.0,0.0,0.0,0.5786742572730558,0.0,0.0,0.0,-0.10738356521753481,0.0,1.0,1.0,0.0,0.23926840919948134,[0.7590664],11147.0,-0.10738356521753481,0.5459708445166045,1.0,1.0,0.0,1.0,1.0,1.0,-2699677477.5768094,0.0,1.0,1.0,1.0,,,,,,,,0.0
,,,,,,,,,,,,,,,,,,,,,,,,,,,,,,,,,,,,,,,,,,,,,,,,,,,,,,,,,,,,,,,,,,,,,,,,,,,,,,5.939226388931274,116.39999999999998,0.0,957389.3126562834,0.0,3989122.1360678473,344.61582897697235,
,,,,,,,,,,,,,,,,,,,,,,,,,,,,,,,,,,,,,,,,,,,,,,,,,,,,,,,,,,,,,,,,,,,,,,,,,,,,,,5.928907871246338,129.99999999999997,6.0,957611.6990695237,35.77309513092041,3995414.7103926535,345.15943748114313,
,,,,,,,,,,,,,,,,,,,,,,,,,,,,,,,,,,,,,,,,,,,,,,,,,,,,,,,,,,,,,,,,,,,,,,,,,,,,,,5.9245383739471436,149.19999999999996,1.0,957920.4800971745,5.9715564250946045,3992231.067201991,344.8844060832831,
,,,,,,,,,,,,,,,,,,,,,,,,,,,,,,,,,,,,,,,,,,,,,,,,,,,,,,,,,,,,,,,,,,,,,,,,,,,,,,5.895774841308594,159.2,0.0,958106.0030575751,0.0,3992108.3460732293,344.8738043413262,
,,,,,,,,,,,,,,,,,,,,,,,,,,,,,,,,,,,,,,,,,,,,,,,,,,,,,,,,,,,,,,,,,,,,,,,,,,,,,,5.993380546569824,176.69999999999996,10.0,958377.9527147769,91.1637442111969,4006916.031276583,346.1530238130604,
