id,algorithm,stage,intervention,process,accuracy,recall,selection_rate,sensitivity,specificity,precision,num_positives,error_rate,error_rate_difference,error_rate_ratio,false_discovery_rate,false_discovery_rate_difference,false_discovery_rate_ratio,false_negative_rate,false_negative_rate_difference,false_negative_rate_ratio,false_omission_rate,false_omission_rate_difference,false_omission_rate_ratio,false_positive_rate,false_positive_rate_difference,false_positive_rate_ratio,generalized_entropy_index,generalized_false_negative_rate,generalized_false_positive_rate,generalized_true_negative_rate,generalized_true_positive_rate,negative_predictive_value,num_false_negatives,num_false_positives,num_generalized_false_negatives,num_generalized_false_positives,num_generalized_true_negatives,num_pred_negatives,num_pred_positives,num_true_negatives,num_true_positives,positive_predictive_value,average_abs_odds_difference,average_odds_difference,between_all_groups_coefficient_of_variation,between_all_groups_generalized_entropy_index,between_all_groups_theil_index,between_group_coefficient_of_variation,between_group_generalized_entropy_index,between_group_theil_index,coefficient_of_variation,differential_fairness_bias_amplification,disparate_impact,equal_opportunity_difference,equalized_odds_difference,average_predictive_value_difference,statistical_parity_difference,theil_index,true_negative_rate,true_positive_rate,true_positive_rate_difference,base_rate,consistency,num_negatives,mean_difference,smoothed_empirical_differential_fairness,f1_score,matthews_corrcoef,zero_one_loss,roc_auc_score,balanced_accuracy,fair_utility,log_likelihood,disparate_mistreatment,h_mean_fairness,h_mean_performance,h_mean_mixed,Total_real_time,Total_CPU_usage (%),Total_GPU_usage (%),Total_CPU_time (s),Total_GPU_time (s),Energy_consumption (Ws),CO2_emissions (gCO2e)
ab0f8ebb-05c7-40cf-820c-1eb725a7a660,XGBClassifier,BASE_LINE,NONE,BASE_LINE_VALUES,0.8754521258445369,0.6645750142612664,0.20330307786801338,0.6645750142612664,0.9417780568762896,0.7821416582745888,3506.0,0.12454787415546309,-0.0919493042183066,0.4083156471451203,0.21785834172541121,-0.004136361112653392,0.9810625317742755,0.3354249857387336,0.09253609445128486,1.288214418259417,0.10073667980126777,-0.0828875251904902,0.37568523350212274,0.058221943123710415,-0.0630694661141985,0.23979970915021245,0.06631122069614401,0.3354249857387336,0.058221943123710415,0.9417780568762896,0.6645750142612664,0.8992633201987322,1176.0,649.0,1176.0,649.0,10498.0,11674.0,2979.0,10498.0,2330.0,0.7821416582745888,0.07780278028274168,-0.07780278028274168,0.00582322185351315,1.6954956377616564e-05,1.693217596208867e-05,0.00582322185351315,1.6954956377616564e-05,1.693217596208867e-05,0.3641736418142972,0.15151734703457231,0.3124399821332605,-0.09253609445128486,0.09253609445128486,-0.039375582038918416,-0.1817062372607971,0.10031944460323718,0.9417780568762896,0.6645750142612664,-0.09253609445128486,0.23926840919948134,[0.7590664],11147.0,-0.19359515032530977,1.0108897248677533,0.7185813415574402,0.6427845684097576,0.12454787415546309,0.8031765355687781,0.803176535568778,0.8656659030938892,-274797244.9766623,-0.029466628337086354,0.9074639055487151,0.6905238201081723,0.7503143563401223,16.110243320465088,12.9,0.0,209.03149230480196,0.0,870.9645512700081,0.0752416598458257
ab0f8ebb-05c7-40cf-820c-1eb725a7a660,GradientBoostingClassifier,BASE_LINE,NONE,BASE_LINE_VALUES,0.8694465297208762,0.612093553907587,0.18419436292909303,0.612093553907587,0.95039023952633,0.7951092997406447,3506.0,0.13055347027912378,-0.09731487223656321,0.40373971296716205,0.20489070025935532,-0.04582557529497691,0.7822596412336869,0.387906446092413,0.1283289311673353,1.3487250404749056,0.11376944955663376,-0.08916093666530713,0.39755018482570004,0.04960976047367004,-0.061315507275467314,0.16763277297792473,0.07140914642900599,0.387906446092413,0.04960976047367004,0.95039023952633,0.612093553907587,0.8862305504433662,1360.0,553.0,1360.0,553.0,10594.0,11954.0,2699.0,10594.0,2146.0,0.7951092997406447,0.09482221922140127,-0.09482221922140127,0.008381758559167144,3.5126938272085836e-05,3.5059190476561015e-05,0.008381758559167144,3.5126938272085836e-05,3.5059190476561015e-05,0.37791307579655403,0.28282026432259966,0.27391930851802515,-0.12832893116733524,0.12832893116733524,-0.02166768068516512,-0.17682182821525907,0.11201638205246664,0.95039023952633,0.612093553907587,-0.12832893116733524,0.23926840919948134,[0.7590664],11147.0,-0.19359515032530977,1.0108897248677533,0.6917002417405318,0.6190659282735557,0.13055347027912378,0.7812418967169585,0.7812418967169585,0.8553209871123972,-196713124.3666083,-0.06701342389186798,0.8716710688326648,0.649466596050541,0.7097783044338937,19.560808658599854,22.8,1.0,403.14740002155304,19.607667446136475,4620.930950343609,0.39919709043246177
ab0f8ebb-05c7-40cf-820c-1eb725a7a660,AdaBoostClassifier,BASE_LINE,NONE,BASE_LINE_VALUES,0.8640551422916809,0.6118083285795779,0.1894492595372961,0.6118083285795779,0.9433928411231721,0.7726945244956772,3506.0,0.1359448577083191,-0.09594037104680508,0.4293980131266375,0.22730547550432276,-0.022492203266613553,0.9021748677074414,0.38819167142042216,0.16715653175517337,1.4614330354695466,0.11459122674075944,-0.08463893140142857,0.42551226710474904,0.056607158876827844,-0.0679382319681709,0.18401846923335163,0.07391252642656375,0.38819167142042216,0.056607158876827844,0.9433928411231721,0.6118083285795779,0.8854087732592405,1361.0,631.0,1361.0,631.0,10516.0,11877.0,2776.0,10516.0,2145.0,0.7726945244956772,0.11754738186167216,-0.11754738186167216,0.003644633885915266,6.641678081180907e-06,6.636079982955698e-06,0.003644633885915266,6.641678081180907e-06,6.636079982955698e-06,0.38448023727251246,0.33215089851863144,0.2607265938674952,-0.16715653175517342,0.16715653175517342,-0.03107336406740748,-0.1862610584678548,0.11393076401651174,0.9433928411231721,0.6118083285795779,-0.16715653175517342,0.23926840919948134,[0.7590664],11147.0,-0.19359515032530977,1.0108897248677533,0.6829035339063992,0.6044664760751977,0.1359448577083191,0.7776005848513751,0.777600584851375,0.8690054977347591,-145752864.919624,-0.09921829978700246,0.8328434682448266,0.6454039416278019,0.6977490096824251,17.5272274017334,33.4,1.0,589.4328551530838,19.607667446136475,5397.120346724987,0.46625122995318635
ab0f8ebb-05c7-40cf-820c-1eb725a7a660,RandomForestClassifier,BASE_LINE,NONE,BASE_LINE_VALUES,0.8550467481061899,0.6220764403879064,0.2033713232785095,0.6220764403879064,0.9283215214856015,0.7318791946308725,3506.0,0.14495325189381014,-0.11347743954743239,0.38001327080033587,0.2681208053691275,-0.02819359220480444,0.8962892895567222,0.37792355961209356,0.08792499106327206,1.241365916153301,0.11350980896084982,-0.09652041082949772,0.36040691619007537,0.07167847851439849,-0.08182626284394989,0.2115347019844715,0.07728107164703332,0.37792355961209356,0.07167847851439849,0.9283215214856015,0.6220764403879064,0.8864901910391502,1325.0,799.0,1325.0,799.0,10348.0,11673.0,2980.0,10348.0,2181.0,0.7318791946308725,0.08487562695361095,-0.08487562695361095,0.003973561544086004,7.894595672319573e-06,7.88734352680472e-06,0.003973561544086004,7.894595672319573e-06,7.88734352680472e-06,0.39314392185822566,0.18652090608726923,0.3016810689306368,-0.087924991063272,0.087924991063272,-0.034163409312346585,-0.18548200038469326,0.11496377300630646,0.9283215214856015,0.6220764403879064,-0.087924991063272,0.23926840919948134,[0.7590664],11147.0,-0.19359515032530977,1.0108897248677533,0.6725254394079556,0.5833945916425294,0.14495325189381014,0.775198980936754,0.775198980936754,0.8409944804575614,-637799550.0966563,-0.006098728219322169,0.912075008936728,0.6463179730330418,0.7158446980895012,19.07331681251526,43.2,1.0,776.810477900505,19.607667446136475,6177.860441505909,0.533698499252316
ab0f8ebb-05c7-40cf-820c-1eb725a7a660,BaggingClassifier,BASE_LINE,NONE,BASE_LINE_VALUES,0.8491776428035215,0.5858528237307473,0.19190609431515732,0.5858528237307473,0.9319996411590562,0.7304409672830725,3506.0,0.15082235719647852,-0.11557670811226417,0.390436169999456,0.26955903271692744,0.002342834830144469,1.0087019579405365,0.41414717626925274,0.068982851412003,1.1709851095249815,0.12262477831264251,-0.10647528827938851,0.3479613726957614,0.06800035884094376,-0.07163441741404954,0.2546059238667103,0.0818601266249622,0.41414717626925274,0.06800035884094376,0.9319996411590562,0.5858528237307473,0.8773752216873575,1452.0,758.0,1452.0,758.0,10389.0,11841.0,2812.0,10389.0,2054.0,0.7304409672830725,0.07030863441302626,-0.07030863441302626,0.012574311939699245,7.90566603784315e-05,7.882893693695589e-05,0.012574311939699245,7.90566603784315e-05,7.882893693695589e-05,0.4046235945294397,0.11936280890673734,0.3226415402211029,-0.068982851412003,0.07163441741404954,-0.054409061554766464,-0.1682264539590564,0.1237990268361973,0.9319996411590562,0.5858528237307473,-0.068982851412003,0.23926840919948134,[0.7590664],11147.0,-0.19359515032530977,1.0108897248677533,0.6502057613168725,0.5610339665815821,0.15082235719647852,0.7589262324449018,0.7589262324449018,0.8122852994683258,-1344469810.4591346,0.0026515660020465376,0.9310171485879969,0.6163540885221306,0.6946081122650034,16.999511241912842,53.300000000000004,1.0,948.978853726387,19.607667446136475,6895.2286741137505,0.5956711437914934
ab0f8ebb-05c7-40cf-820c-1eb725a7a660,BernoulliNB,BASE_LINE,NONE,BASE_LINE_VALUES,0.8060465433699584,0.735596120935539,0.3066948747696717,0.735596120935539,0.8282048981788822,0.5738762794837561,3506.0,0.1939534566300416,-0.15018775519139493,0.38536024189011314,0.42612372051624386,-0.02036856548202537,0.9524225040152,0.26440387906446094,0.30497577153751443,2.4048806147653465,0.09124913869475341,-0.04976312837373728,0.5603354085673383,0.1717951018211178,-0.21534099083871555,0.15972357607058815,0.08311710175700358,0.26440387906446094,0.1717951018211178,0.8282048981788822,0.735596120935539,0.9087508613052466,927.0,1915.0,927.0,1915.0,9232.0,10159.0,4494.0,9232.0,2579.0,0.5738762794837561,0.26015838118811496,-0.26015838118811496,0.05910737099882473,0.0017468406531963533,0.0017723889425361077,0.05910737099882473,0.0017468406531963533,0.0017723889425361077,0.4077182894033663,0.528270703314796,0.21436506927449422,-0.3049757715375144,0.3049757715375144,-0.014697281445856011,-0.3272133981195487,0.10447985389931141,0.8282048981788822,0.735596120935539,-0.3049757715375144,0.23926840919948134,[0.7590664],11147.0,-0.19359515032530977,1.0108897248677533,0.64475,0.5216374927371681,0.1939534566300416,0.7819005095572106,0.7819005095572107,0.9853184803737768,-329970419.1625262,-0.08963478069879888,0.6950242284624857,0.6871835864641619,0.689777403801872,15.346511840820312,63.7,1.0,1109.0728192567826,19.607667446136475,7562.286863823732,0.6532975596247724
ab0f8ebb-05c7-40cf-820c-1eb725a7a660,NN_CONFIG,BASE_LINE,NONE,NN,0.8356650515252849,0.4004563605248146,0.11669965194840647,0.4004563605248146,0.9725486678029963,0.8210526315789474,3506.0,0.16433494847471508,-0.1313222876913711,0.3698601316100596,0.17894736842105263,0.01151661552523342,1.0650058962264153,0.5995436394751854,0.006197372601977946,1.010353422248764,0.1624043884725334,-0.14312406941277164,0.33071536407146657,0.02745133219700368,-0.026357757641419746,0.3025490224102447,0.09697015438652089,0.5995436394751854,0.02745133219700368,0.9725486678029963,0.4004563605248146,0.8375956115274665,2102.0,306.0,2102.0,306.0,10841.0,12943.0,1710.0,10841.0,1404.0,0.8210526315789474,0.016277565121698874,-0.016277565121698874,0.05331504059201368,0.0014212467766640331,0.0014046194251360839,0.05331504059201368,0.0014212467766640331,0.0014046194251360839,0.44038654472297606,0.0006748777040357368,0.36312686794561344,-0.006197372601978002,0.026357757641419746,-0.07732034246900248,-0.09452359036756251,0.16375085495034516,0.9725486678029963,0.4004563605248146,-0.006197372601978002,0.23926840919948134,[0.7590664],11147.0,-0.19359515032530977,1.0108897248677533,0.5383435582822086,0.4956602733505791,0.16433494847471508,0.6865025141639055,0.6865025141639054,0.6976771035444184,,0.0201603850394418,0.993802627398022,0.45927379784102057,0.5596036794269467,,,,,,,
ab0f8ebb-05c7-40cf-820c-1eb725a7a660,BaggingClassifier,BASE_LINE,HYPERPARAMETER,HYPERPARAMETER,0.8667167133010305,0.5904164289788933,0.17655087695352487,0.5904164289788933,0.953619808020095,0.8001546192500967,3506.0,0.1332832866989695,-0.09775028413320952,0.41144293981389757,0.19984538074990335,-0.028352448169386868,0.8605748373101951,0.40958357102110665,0.1244290423799499,1.3188225117036432,0.11901210011602852,-0.0938637733230352,0.39353934000886687,0.04638019197990491,-0.05524847125694342,0.18817105359103112,0.07361982347453343,0.40958357102110665,0.04638019197990491,0.953619808020095,0.5904164289788933,0.8809878998839715,1436.0,517.0,1436.0,517.0,10630.0,12066.0,2587.0,10630.0,2070.0,0.8001546192500967,0.08983875681844669,-0.08983875681844669,0.01301186294959503,8.465428870952194e-05,8.440207323806684e-05,0.01301186294959503,8.465428870952194e-05,8.440207323806684e-05,0.38371818688858994,0.2626300625581952,0.27949807115721326,-0.12442904237994995,0.12442904237994995,-0.03275566257682422,-0.16776683162352068,0.1169559752562226,0.953619808020095,0.5904164289788933,-0.12442904237994995,0.23926840919948134,[0.7590664],11147.0,-0.19359515032530977,1.0108897248677533,0.6794682422451994,0.608741499299752,0.1332832866989695,0.7720181184994942,0.7720181184994942,0.841375266506805,-180325816.0236212,-0.06918057112300648,0.8755709576200501,0.6318199160625715,0.6964482120738513,,,,,,,
ab0f8ebb-05c7-40cf-820c-1eb725a7a660,RandomForestClassifier,BASE_LINE,HYPERPARAMETER,HYPERPARAMETER,0.8603698901248891,0.5490587564175698,0.1631065310857845,0.5490587564175698,0.958284740288867,0.805439330543933,3506.0,0.13963010987511093,-0.10638419873432259,0.3932299010677419,0.19456066945606695,-0.056003978991714276,0.7218336646298069,0.4509412435824301,0.11246499781546643,1.2594402831225946,0.12892440675201827,-0.10399829856022876,0.3815989022528454,0.04171525971113304,-0.05284025069691482,0.153806481747279,0.07840252152507265,0.4509412435824301,0.04171525971113304,0.958284740288867,0.5490587564175698,0.8710755932479818,1581.0,465.0,1581.0,465.0,10682.0,12263.0,2390.0,10682.0,1925.0,0.805439330543933,0.08265262425619069,-0.08265262425619069,0.018693381151189563,0.0001747212494318246,0.00017397788907534323,0.018693381151189563,0.0001747212494318246,0.00017397788907534323,0.3959861652256873,0.28833051436175006,0.2723655324749722,-0.11246499781546654,0.11246499781546654,-0.02399715978425724,-0.15702136568098637,0.12683804150828898,0.958284740288867,0.5490587564175698,-0.11246499781546654,0.23926840919948134,[0.7590664],11147.0,-0.19359515032530977,1.0108897248677533,0.6529850746268657,0.5858544588980087,0.13963010987511093,0.7536717483532185,0.7536717483532185,0.8159646961823633,-173666775.01679167,-0.059624747118551605,0.8875350021845334,0.5965292841648591,0.6697260647076079,,,,,,,
ab0f8ebb-05c7-40cf-820c-1eb725a7a660,GradientBoostingClassifier,BASE_LINE,HYPERPARAMETER,HYPERPARAMETER,0.8757251074865215,0.659155733029093,0.20043677062717533,0.659155733029093,0.9438413923028618,0.7868573374191352,3506.0,0.12427489251347845,-0.09123237024666986,0.4109825220679191,0.21314266258086484,-0.00985046499900552,0.9540672456273479,0.34084426697090703,0.10352826984946578,1.3187637581019933,0.10199726869238648,-0.08231660435733087,0.3847646722149594,0.05615860769713824,-0.06230822563046409,0.22696717871654984,0.06644353056408978,0.34084426697090703,0.05615860769713824,0.9438413923028618,0.659155733029093,0.8980027313076135,1195.0,626.0,1195.0,626.0,10521.0,11716.0,2937.0,10521.0,2311.0,0.7868573374191352,0.08291824773996496,-0.08291824773996496,0.0057042972063608985,1.6269503309248374e-05,1.6248087572042765e-05,0.0057042972063608985,1.6269503309248374e-05,1.6248087572042765e-05,0.36453677609835133,0.1785687878234299,0.30408760283231095,-0.10352826984946584,0.10352826984946584,-0.03623306967916266,-0.18198366507692443,0.10122314876588313,0.9438413923028618,0.659155733029093,-0.10352826984946584,0.23926840919948134,[0.7590664],11147.0,-0.19359515032530977,1.0108897248677533,0.7173676858606239,0.642626370993966,0.12427489251347845,0.8014985626659775,0.8014985626659774,0.8679574190483407,-237092775.6886876,-0.04122004421900169,0.8964717301505342,0.6870308435525828,0.7450525532010239,,,,,,,
ab0f8ebb-05c7-40cf-820c-1eb725a7a660,XGBClassifier,BASE_LINE,SMOTE,SMOTE,0.8685593393844264,0.6836851112378779,0.21934074933460726,0.6836851112378779,0.926706737238719,0.7457996266334785,3506.0,0.13144066061557358,-0.09130401977677438,0.4366692417321449,0.25420037336652146,0.020656241646618556,1.0821528239202658,0.3163148887621221,0.12821101600667273,1.4325296462548571,0.09694903400646909,-0.0748125322020936,0.40763471085540465,0.07329326276128106,-0.07658119775839489,0.25891280912090425,0.06821335109686033,0.3163148887621221,0.07329326276128106,0.926706737238719,0.6836851112378779,0.9030509659935309,1109.0,817.0,1109.0,817.0,10330.0,11439.0,3214.0,10330.0,2397.0,0.7457996266334785,0.10239610688253387,-0.10239610688253387,0.0023618227924728946,2.7891034515222306e-06,2.790636659988489e-06,0.0023618227924728946,2.7891034515222306e-06,2.790636659988489e-06,0.36935985460485643,0.17295543609156594,0.30582964568153187,-0.12821101600667284,0.12821101600667284,-0.04773438692435611,-0.19849735686345676,0.09899544138291787,0.926706737238719,0.6836851112378779,-0.12821101600667284,0.23926840919948134,[0.7590664],11147.0,-0.19359515032530977,1.0108897248677533,0.7133928571428572,0.6293275082329832,0.13144066061557358,0.8051959242382984,0.8051959242382984,0.8876448521579839,-265944935.5887009,-0.05162981824827784,0.871788983993327,0.6982231284590736,0.7478535814968753,,,,,,,
ab0f8ebb-05c7-40cf-820c-1eb725a7a660,GradientBoostingClassifier,BASE_LINE,SMOTE,SMOTE,0.8511567597079096,0.7022247575584712,0.24561523237562274,0.7022247575584712,0.8979994617385844,0.684078910808558,3506.0,0.1488432402920904,-0.1162711236601538,0.3810739967439817,0.3159210891914421,-0.051576420402840384,0.8397806706040671,0.2977752424415288,0.16756240815029588,1.6165464011691633,0.09444544961100054,-0.06968410134025885,0.4325723176578923,0.10200053826141563,-0.12532583962124724,0.17094019766178825,0.073465968670371,0.2977752424415288,0.10200053826141563,0.8979994617385844,0.7022247575584712,0.9055545503889995,1044.0,1137.0,1044.0,1137.0,10010.0,11054.0,3599.0,10010.0,2462.0,0.684078910808558,0.14644412388577155,-0.14644412388577155,0.022577961273818548,0.00025488216764102503,0.00025625088738352665,0.022577961273818548,0.00025488216764102503,0.00025625088738352665,0.3833170193726623,0.33451032967294525,0.26019141898872433,-0.16756240815029588,0.16756240815029588,-0.009053840468709232,-0.24171436896023707,0.10056436889429625,0.8979994617385844,0.7022247575584712,-0.16756240815029588,0.23926840919948134,[0.7590664],11147.0,-0.19359515032530977,1.0108897248677533,0.6930330752990852,0.5949052730634723,0.1488432402920904,0.8001121096485277,0.8001121096485277,0.9172838265564028,-189055237.59463862,-0.04223656852904864,0.832437591849704,0.6975986399376639,0.7374143062630781,,,,,,,
ab0f8ebb-05c7-40cf-820c-1eb725a7a660,AdaBoostClassifier,BASE_LINE,SMOTE,SMOTE,0.8432402920903569,0.6956645750142613,0.2503924111103528,0.6956645750142613,0.8896564097963577,0.6647587898609976,3506.0,0.1567597079096431,-0.11563607486577931,0.40870124743002756,0.33524121013900243,-0.019358565176501974,0.9426295345315688,0.30433542498573873,0.20766597489772415,1.76315957524449,0.09714129643117261,-0.06637010449330963,0.46623943259847017,0.11034359020364223,-0.13190511790585477,0.18622470975021838,0.07660421217328522,0.30433542498573873,0.11034359020364223,0.8896564097963577,0.6956645750142613,0.9028587035688274,1067.0,1230.0,1067.0,1230.0,9917.0,10984.0,3669.0,9917.0,2439.0,0.6647587898609976,0.16978554640178944,-0.16978554640178944,0.026257694381465413,0.00034473325711522013,0.00034689472523927184,0.026257694381465413,0.00034473325711522013,0.00034689472523927184,0.391418477267707,0.36439047564656724,0.25252879421007035,-0.2076659748977241,0.2076659748977241,-0.023505769658403855,-0.24982244285542637,0.1040252970534592,0.8896564097963577,0.6956645750142613,-0.2076659748977241,0.23926840919948134,[0.7590664],11147.0,-0.19359515032530977,1.0108897248677533,0.6798606271777003,0.5764012753716634,0.1567597079096431,0.7926604924053096,0.7926604924053096,0.9272427872194565,-146738612.96097407,-0.07576085699186938,0.7923340251022759,0.6876718122224572,0.7193454429114006,,,,,,,
ab0f8ebb-05c7-40cf-820c-1eb725a7a660,RandomForestClassifier,BASE_LINE,SMOTE,SMOTE,0.8493141336245138,0.6437535653166001,0.21947724015559952,0.6437535653166001,0.9139678837355342,0.7018034825870647,3506.0,0.1506858663754862,-0.11506519731236142,0.3921460873395818,0.29819651741293535,-0.010122452420595618,0.9662060230790881,0.3562464346833999,0.10487994995432337,1.3084949471347624,0.10920695986709801,-0.09112284730489595,0.3715509686866909,0.08603211626446577,-0.09528590605948101,0.22791061286253073,0.07821227782912006,0.3562464346833999,0.08603211626446577,0.9139678837355342,0.6437535653166001,0.890793040132902,1249.0,959.0,1249.0,959.0,10188.0,11437.0,3216.0,10188.0,2257.0,0.7018034825870647,0.10008292800690219,-0.10008292800690219,0.0031976940843167385,5.112623728437133e-06,5.116432258652348e-06,0.0031976940843167385,5.112623728437133e-06,5.116432258652348e-06,0.39550544327258014,0.1871485736666143,0.30151536647728866,-0.10487994995432337,0.10487994995432337,-0.040500197442150165,-0.20023321817603607,0.11255082166028393,0.9139678837355342,0.6437535653166001,-0.10487994995432337,0.23926840919948134,[0.7590664],11147.0,-0.19359515032530977,1.0108897248677533,0.6715263314489736,0.5748945915162499,0.1506858663754862,0.7788607245260671,0.7788607245260671,0.8568113863462132,-573804992.8950394,-0.009594043894842363,0.8951200500456766,0.6573467307412262,0.7212053494154829,,,,,,,
ab0f8ebb-05c7-40cf-820c-1eb725a7a660,BaggingClassifier,BASE_LINE,SMOTE,SMOTE,0.8416024022384495,0.5981175128351398,0.2053504401828977,0.5981175128351398,0.9181842648246165,0.6969092721834497,3506.0,0.1583975977615505,-0.12299855497729018,0.38399489132772774,0.30309072781655033,-0.01187753399770336,0.9610165571813414,0.40188248716486025,0.08785175954243951,1.2262755754475703,0.12100652696667812,-0.10391327340031728,0.3557377049180328,0.08181573517538351,-0.09022910874234227,0.23021160879014285,0.08424125561368782,0.40188248716486025,0.08181573517538351,0.9181842648246165,0.5981175128351398,0.8789934730333219,1409.0,912.0,1409.0,912.0,10235.0,11644.0,3009.0,10235.0,2097.0,0.6969092721834497,0.08904043414239089,-0.08904043414239089,0.0038560126242209057,7.434416679075498e-06,7.427788467317108e-06,0.0038560126242209057,7.434416679075498e-06,7.427788467317108e-06,0.4104662120411078,0.17166627342778518,0.30620409308722807,-0.08785175954243951,0.09022910874234227,-0.04601786970130699,-0.185705847721311,0.12381851500887775,0.9181842648246165,0.5981175128351398,-0.08785175954243951,0.23926840919948134,[0.7590664],11147.0,-0.19359515032530977,1.0108897248677533,0.6437452033768227,0.5452885576596604,0.1583975977615505,0.7581508888298781,0.7581508888298781,0.82565697311673,-1297023778.796563,0.002377349199902762,0.9121482404575605,0.6200931470392549,0.6941817292830594,,,,,,,
ab0f8ebb-05c7-40cf-820c-1eb725a7a660,BernoulliNB,BASE_LINE,SMOTE,SMOTE,0.7861871289155804,0.7766685681688534,0.3462089674469392,0.7766685681688534,0.7891809455458868,0.5367632564557461,3506.0,0.2138128710844196,-0.18038291430682785,0.3424904329122892,0.46323674354425387,-0.06731440263622995,0.8563979967581663,0.2233314318311466,0.3775258668626127,3.291458232883317,0.08173277661795407,-0.030540914996072505,0.6821366654404667,0.21081905445411322,-0.28407270207829116,0.11850275589631498,0.08258129206760927,0.2233314318311466,0.21081905445411322,0.7891809455458868,0.7766685681688534,0.9182672233820459,783.0,2350.0,783.0,2350.0,8797.0,9580.0,5073.0,8797.0,2723.0,0.5367632564557461,0.3307992844704519,-0.3307992844704519,0.08536856499440748,0.0036438959446021867,0.0037231195184994747,0.08536856499440748,0.0036438959446021867,0.0037231195184994747,0.4064019981929451,0.7204267977984748,0.1768754059496292,-0.37752586686261275,0.37752586686261275,0.018386743820078752,-0.3937234217843649,0.09925033673260049,0.7891809455458868,0.7766685681688534,-0.37752586686261275,0.23926840919948134,[0.7590664],11147.0,-0.19359515032530977,1.0108897248677533,0.6348059214360648,0.5074236649404514,0.2138128710844196,0.7829247568573701,0.7829247568573701,1.0419157062199906,-359847485.5779586,-0.09345316478432153,0.6224741331373873,0.6986081713809249,0.6712419162999467,,,,,,,
ab0f8ebb-05c7-40cf-820c-1eb725a7a660,BaggingClassifier,BASE_LINE,SMOTE,HYPERPARAMETER,0.8568211287790896,0.6925270964061608,0.23531017539070498,0.6925270964061608,0.908495559343321,0.7041763341067285,3506.0,0.14317887122091044,-0.10743997440503317,0.400552670024411,0.29582366589327147,-0.034545082884444966,0.884811845338161,0.3074729035938391,0.16913874766652104,1.6014273356401385,0.09620705042391789,-0.0700974848026707,0.43661145167601406,0.09150444065667893,-0.10993541372424433,0.1834402493771589,0.07215165761972718,0.3074729035938391,0.09150444065667893,0.908495559343321,0.6925270964061608,0.9037929495760821,1078.0,1020.0,1078.0,1020.0,10127.0,11205.0,3448.0,10127.0,2428.0,0.7041763341067285,0.13953708069538268,-0.13953708069538268,0.0170552469245577,0.00014544072382881748,0.00014602721213393224,0.0170552469245577,0.00014544072382881748,0.00014602721213393224,0.37987276190779246,0.31614431800947096,0.26500761038366777,-0.16913874766652104,0.16913874766652104,-0.017776200959112892,-0.22957188340419746,0.10084996970248485,0.908495559343321,0.6925270964061608,-0.16913874766652104,0.23926840919948134,[0.7590664],11147.0,-0.19359515032530977,1.0108897248677533,0.6983031348863963,0.6044859911471506,0.14317887122091044,0.800511327874741,0.8005113278747409,0.9122123416299665,-172001100.1626802,-0.05920333394227671,0.830861252333479,0.6954031218673923,0.7353662047629507,,,,,,,
ab0f8ebb-05c7-40cf-820c-1eb725a7a660,RandomForestClassifier,BASE_LINE,SMOTE,HYPERPARAMETER,0.8379853954821538,0.7547062179121506,0.2839009076639596,0.7547062179121506,0.8641787027899883,0.6360576923076923,3506.0,0.16201460451784622,-0.12660574325922058,0.3808972795721891,0.3639423076923077,-0.023796963083759726,0.9351363793972558,0.2452937820878494,0.1600555566588553,1.7260100441401676,0.08195940150576575,-0.060239843770626716,0.4382842132934976,0.13582129721001165,-0.15727295909738417,0.20376156582535102,0.07332027939450633,0.2452937820878494,0.13582129721001165,0.8641787027899883,0.7547062179121506,0.9180405984942343,860.0,1514.0,860.0,1514.0,9633.0,10493.0,4160.0,9633.0,2646.0,0.6360576923076923,0.15866425787811972,-0.15866425787811972,0.034652213390935736,0.0006003879464454731,0.0006054009972862448,0.034652213390935736,0.0006003879464454731,0.0006054009972862448,0.3829367555994236,0.2666264079579561,0.27852357358083313,-0.1600555566588553,0.1600555566588553,-0.018221440343433468,-0.2702572439554952,0.09345183580466468,0.8641787027899883,0.7547062179121506,-0.1600555566588553,0.23926840919948134,[0.7590664],11147.0,-0.19359515032530977,1.0108897248677533,0.6903208974693451,0.585596342854138,0.16201460451784622,0.8094424603510695,0.8094424603510695,0.9378720476177113,-178119333.5217315,-0.0027825975614711174,0.8399444433411448,0.7210791660989235,0.7567777981122287,,,,,,,
ab0f8ebb-05c7-40cf-820c-1eb725a7a660,GradientBoostingClassifier,BASE_LINE,SMOTE,HYPERPARAMETER,0.8654882959120999,0.6842555618938961,0.22268477444891832,0.6842555618938961,0.9224903561496367,0.7352129941771376,3506.0,0.13451170408790014,-0.09715039165346051,0.4186501455819964,0.2647870058228624,-0.0020143431239584286,0.9924000679745473,0.3157444381061038,0.13323792548754815,1.4515454637232468,0.09719051799824407,-0.07492314803088759,0.4089300850423685,0.07750964385036332,-0.0857772866229421,0.2283461625713018,0.0694011021531137,0.3157444381061038,0.07750964385036332,0.9224903561496367,0.6842555618938961,0.9028094820017559,1107.0,864.0,1107.0,864.0,10283.0,11390.0,3263.0,10283.0,2399.0,0.7352129941771376,0.10950760605524515,-0.10950760605524515,0.005946062477505777,1.7677829493201073e-05,1.7702388429829064e-05,0.005946062477505777,1.7677829493201073e-05,1.7702388429829064e-05,0.3725616785261568,0.21197707086957607,0.29411797972353027,-0.1332379254875482,0.1332379254875482,-0.03645440245346458,-0.20597892559628703,0.09984262213145137,0.9224903561496367,0.6842555618938961,-0.1332379254875482,0.23926840919948134,[0.7590664],11147.0,-0.19359515032530977,1.0108897248677533,0.7088196188506426,0.6221876992046458,0.13451170408790014,0.8033729590217664,0.8033729590217664,0.8913484085337586,-220130022.17067763,-0.04746063886460605,0.8667620745124518,0.6963210216965386,0.745164334622758,,,,,,,
ab0f8ebb-05c7-40cf-820c-1eb725a7a660,XGBClassifier,BASE_LINE,ROS,ROS,0.8396915307445574,0.8362806617227609,0.32123114720535045,0.8362806617227609,0.8407643312101911,0.6229020607605693,3506.0,0.16030846925544262,-0.1267927422660703,0.3749599297709061,0.37709793923943064,-0.01735636033484972,0.9542494393493104,0.16371933827723903,0.1347646165150733,1.943670908079544,0.05771164287150613,-0.03982545513855616,0.4685231814251784,0.1592356687898089,-0.17811656748935328,0.22257627050716558,0.06560092648113669,0.16371933827723903,0.1592356687898089,0.8407643312101911,0.8362806617227609,0.9422883571284939,574.0,1775.0,574.0,1775.0,9372.0,9946.0,4707.0,9372.0,2932.0,0.6229020607605693,0.1564405920022133,-0.1564405920022133,0.04421701799040553,0.0009775723399819234,0.0009880961217273,0.04421701799040553,0.0009775723399819234,0.0009880961217273,0.3622179633346107,0.19868776429266544,0.29814778662388164,-0.13476461651507332,0.17811656748935328,-0.01123454740185325,-0.2949134557232642,0.07643156472432278,0.8407643312101911,0.8362806617227609,-0.13476461651507332,0.23926840919948134,[0.7590664],11147.0,-0.19359515032530977,1.0108897248677533,0.7139900158285645,0.6185946511937143,0.16030846925544262,0.838522496466476,0.838522496466476,0.9697014522208655,-293245643.705181,0.04335195097427999,0.8652353834849268,0.7703119868637109,0.7995510841579684,,,,,,,
ab0f8ebb-05c7-40cf-820c-1eb725a7a660,GradientBoostingClassifier,BASE_LINE,ROS,ROS,0.823380877635979,0.8585282373074729,0.34818808435132736,0.8585282373074729,0.8123261864178702,0.5899647197177578,3506.0,0.176619122364021,-0.13573034225163183,0.3890565824494278,0.41003528028224223,-5.791174998748261e-05,0.9998587665668894,0.1414717626925271,0.1676257099733884,2.4517758857929137,0.05193173489686944,-0.028405024601162968,0.5602204524469068,0.18767381358212973,-0.20685077951363112,0.23052873123265388,0.06699001603230684,0.1414717626925271,0.18767381358212973,0.8123261864178702,0.8585282373074729,0.9480682651031306,496.0,2092.0,496.0,2092.0,9055.0,9551.0,5102.0,9055.0,3010.0,0.5899647197177578,0.18723824474350978,-0.18723824474350978,0.054552570047261606,0.001487991449380692,0.001507977462914482,0.054552570047261606,0.001487991449380692,0.001507977462914482,0.36603282921701663,0.21031660958437381,0.2947141875099633,-0.16762570997338844,0.20685077951363112,-0.014173556425587742,-0.32171058887307447,0.07509411093368024,0.8123261864178702,0.8585282373074729,-0.16762570997338844,0.23926840919948134,[0.7590664],11147.0,-0.19359515032530977,1.0108897248677533,0.6993494423791822,0.6007843273398893,0.176619122364021,0.8354272118626717,0.8354272118626715,0.9918511366228023,-208680964.4713527,0.03922506954024271,0.8323742900266117,0.7708066581306019,0.7902916362771728,,,,,,,
ab0f8ebb-05c7-40cf-820c-1eb725a7a660,AdaBoostClassifier,BASE_LINE,ROS,ROS,0.8200368525216679,0.8382772390188249,0.341841261175186,0.8382772390188249,0.8142998116085045,0.5867438610501098,3506.0,0.1799631474783321,-0.14535452438164576,0.3645389989314311,0.4132561389498902,-0.02872569260946145,0.9310614634927451,0.16172276098117513,0.19587570004369068,2.491475124754272,0.05879303193695562,-0.03183839938605158,0.564165869586826,0.18570018839149546,-0.21827873770596617,0.19552765548410506,0.0696909483856981,0.16172276098117513,0.18570018839149546,0.8142998116085045,0.8382772390188249,0.9412069680630444,567.0,2070.0,567.0,2070.0,9077.0,9644.0,5009.0,9077.0,2939.0,0.5867438610501098,0.20707721887482838,-0.20707721887482838,0.05903413079542419,0.0017425142993856254,0.0017679657011885638,0.05903413079542419,0.0017425142993856254,0.0017679657011885638,0.37333884980188736,0.3036226785937599,0.2684383020668603,-0.1958757000436906,0.21827873770596617,-0.0015563533882950661,-0.3314419319621075,0.07997363255797585,0.8142998116085045,0.8382772390188249,-0.1958757000436906,0.23926840919948134,[0.7590664],11147.0,-0.19359515032530977,1.0108897248677533,0.6903112155020552,0.5869655824142633,0.1799631474783321,0.8262885253136647,0.8262885253136647,0.9973940551238016,-146983732.05834332,0.0224030376622755,0.8041242999563094,0.7571327365234752,0.7721742228442495,,,,,,,
ab0f8ebb-05c7-40cf-820c-1eb725a7a660,RandomForestClassifier,BASE_LINE,ROS,ROS,0.846584317204668,0.6782658300057045,0.23872244591551217,0.6782658300057045,0.8995245357495291,0.6798170383076043,3506.0,0.15341568279533202,-0.1158066968371767,0.3977061963639144,0.32018296169239563,-0.004129797747644215,0.9871235024073453,0.3217341699942955,0.12179643126663225,1.4021862089317334,0.10112057373375168,-0.08215523595707927,0.3867207804140437,0.10047546425047098,-0.1107746686983517,0.23037168639729808,0.07679152017107753,0.3217341699942955,0.10047546425047098,0.8995245357495291,0.6782658300057045,0.8988794262662483,1128.0,1120.0,1128.0,1120.0,10027.0,11155.0,3498.0,10027.0,2378.0,0.6798170383076043,0.116285549982492,-0.116285549982492,0.012048211539976527,7.257970065601178e-05,7.278534794797228e-05,0.012048211539976527,7.257970065601178e-05,7.278534794797228e-05,0.3918967215251425,0.19789611979327315,0.2983130492491142,-0.12179643126663231,0.12179643126663231,-0.03901271910471753,-0.2190969936609175,0.10656520998317515,0.8995245357495291,0.6782658300057045,-0.12179643126663231,0.23926840919948134,[0.7590664],11147.0,-0.19359515032530977,1.0108897248677533,0.6790405482581382,0.5782432376840968,0.15341568279533202,0.7888951828776167,0.7888951828776167,0.880632293097079,-633282433.4214178,-0.011021762568280552,0.8782035687333677,0.6786529680365296,0.7342678611269786,,,,,,,
ab0f8ebb-05c7-40cf-820c-1eb725a7a660,BaggingClassifier,BASE_LINE,ROS,ROS,0.8418071384699379,0.6602966343411295,0.2349007029277281,0.6602966343411295,0.8988965640979636,0.6725740848343986,3506.0,0.15819286153006207,-0.11228344086194009,0.42674799148828085,0.3274259151656014,0.04531433080657121,1.1412176764289441,0.3397033656588705,0.09617532867299522,1.2961240369328606,0.10623494781910624,-0.08984812211530965,0.3657395038616758,0.10110343590203642,-0.09788495998778235,0.2983357471351983,0.07978230165900893,0.3397033656588705,0.10110343590203642,0.8988965640979636,0.6602966343411295,0.8937650521808937,1191.0,1127.0,1191.0,1127.0,10020.0,11211.0,3442.0,10020.0,2315.0,0.6725740848343986,0.09703014433038876,-0.09703014433038876,0.0037051788367857947,6.864175106282667e-06,6.870103123106994e-06,0.0037051788367857947,6.864175106282667e-06,6.870103123106994e-06,0.3994553833884554,0.08451746129272286,0.3341576796209264,-0.09617532867299516,0.09788495998778235,-0.06758122646094038,-0.2014077273537769,0.11146848820682573,0.8988965640979636,0.6602966343411295,-0.09617532867299516,0.23926840919948134,[0.7590664],11147.0,-0.19359515032530977,1.0108897248677533,0.6663788140472078,0.5627548253269955,0.15819286153006207,0.7795965992195466,0.7795965992195466,0.8552409697612994,-1398499941.9423714,0.00170963131478713,0.9038246713270048,0.6633237822349569,0.7278853744985619,,,,,,,
ab0f8ebb-05c7-40cf-820c-1eb725a7a660,BernoulliNB,BASE_LINE,ROS,ROS,0.7546577492663619,0.8576725613234455,0.41650174025796766,0.8576725613234455,0.722257109536198,0.4927085040144191,3506.0,0.24534225073363813,-0.2064095330054918,0.34391014908864886,0.5072914959855809,-0.018805040655054173,0.9630709187279557,0.14232743867655448,0.32109787703062315,4.471138364104766,0.058362573099415206,-0.0118990210266069,0.8150440490791285,0.2777428904638019,-0.3415177656649957,0.1705122464630043,0.07718231632010085,0.14232743867655448,0.2777428904638019,0.722257109536198,0.8576725613234455,0.9416374269005848,499.0,3096.0,499.0,3096.0,8051.0,8550.0,6103.0,8051.0,3007.0,0.4927085040144191,0.33130782134780945,-0.33130782134780945,0.09692262149655957,0.004696997278882675,0.004814432546239129,0.09692262149655957,0.004696997278882675,0.004814432546239129,0.3928926477298878,0.47433445406312713,0.22631427543488106,-0.3210978770306232,0.3415177656649957,0.0034530098142236364,-0.43523795331174575,0.08564265016560228,0.722257109536198,0.8576725613234455,-0.3210978770306232,0.23926840919948134,[0.7590664],11147.0,-0.19359515032530977,1.0108897248677533,0.6258715787282756,0.501886533745192,0.24534225073363813,0.7899648354298218,0.7899648354298218,1.051686363997457,-357250340.50218385,0.02041988863437255,0.6789021229693768,0.7236628361711088,0.7081008967376139,,,,,,,
ab0f8ebb-05c7-40cf-820c-1eb725a7a660,BaggingClassifier,BASE_LINE,ROS,HYPERPARAMETER,0.8525216679178326,0.7344552196235026,0.25967378693782844,0.7344552196235026,0.8896564097963577,0.6767411300919842,3506.0,0.14747833208216743,-0.1108499280329559,0.3997581205067526,0.3232588699080158,-0.022269302224205756,0.9316802324424367,0.2655447803764974,0.17089878659093616,1.71497486706547,0.08582227138643068,-0.060718571014486244,0.4518176469991581,0.11034359020364223,-0.12889472405319408,0.1989606782235444,0.07061953521466664,0.2655447803764974,0.11034359020364223,0.8896564097963577,0.7344552196235026,0.9141777286135693,931.0,1230.0,931.0,1230.0,9917.0,10848.0,3805.0,9917.0,2575.0,0.6767411300919842,0.14989675532206512,-0.14989675532206512,0.025967377629835947,0.0003371523504852522,0.0003392422608565161,0.025967377629835947,0.0003371523504852522,0.0003392422608565161,0.3758178686935113,0.28666958754518435,0.2729700589595904,-0.17089878659093616,0.17089878659093616,-0.019224634395140244,-0.24971118763754413,0.0938410915353622,0.8896564097963577,0.7344552196235026,-0.17089878659093616,0.23926840919948134,[0.7590664],11147.0,-0.19359515032530977,1.0108897248677533,0.7044180002735604,0.6072885078458569,0.14747833208216743,0.8120558147099302,0.8120558147099302,0.9337803464753648,-172491692.47699,-0.04200406253774208,0.8291012134090637,0.7191230887383928,0.7523906443126301,,,,,,,
ab0f8ebb-05c7-40cf-820c-1eb725a7a660,RandomForestClassifier,BASE_LINE,ROS,HYPERPARAMETER,0.7976523578789326,0.8776383342840844,0.38306148911485705,0.8776383342840844,0.7724948416614336,0.54819169784429,3506.0,0.20234764212106737,-0.17169782146992574,0.33952983412437876,0.45180830215570994,-0.04119406686402455,0.9097766311358545,0.12236166571591557,0.21200401159788695,3.369644839067702,0.04745575221238938,-0.017086139611087695,0.6922560590048242,0.22750515833856644,-0.27277180859463795,0.18457359601938317,0.0694322343800731,0.12236166571591557,0.22750515833856644,0.7724948416614336,0.8776383342840844,0.9525442477876106,429.0,2536.0,429.0,2536.0,8611.0,9040.0,5613.0,8611.0,3077.0,0.54819169784429,0.24238791009626245,-0.24238791009626245,0.07594666598444336,0.0028839480370763033,0.0029391526030619003,0.07594666598444336,0.0028839480370763033,0.0029391526030619003,0.37264523176896575,0.3382042750068448,0.2593280165434916,-0.21200401159788695,0.27277180859463795,0.012053963626468454,-0.37756317316091326,0.07541386990505627,0.7724948416614336,0.8776383342840844,-0.21200401159788695,0.23926840919948134,[0.7590664],11147.0,-0.19359515032530977,1.0108897248677533,0.6748546989801514,0.5705655533273541,0.20234764212106737,0.825066587972759,0.825066587972759,1.0250527539217302,-188275683.00867292,0.060767796996751,0.787995988402113,0.7630029136445354,0.7711558980477243,,,,,,,
ab0f8ebb-05c7-40cf-820c-1eb725a7a660,GradientBoostingClassifier,BASE_LINE,ROS,HYPERPARAMETER,0.8392138128710844,0.8436965202509983,0.32525762642462297,0.8436965202509983,0.8378038934242397,0.6206462442299623,3506.0,0.16078618712891557,-0.1287360738798149,0.3688950577573625,0.37935375577003777,-0.027323267622175185,0.9286235342667896,0.15630347974900172,0.15442169440362233,2.166829231692677,0.055426317386467076,-0.03419880398516336,0.5138884290680351,0.1621961065757603,-0.1863748283326754,0.20796544095009842,0.06503120568528128,0.15630347974900172,0.1621961065757603,0.8378038934242397,0.8436965202509983,0.9445736826135329,548.0,1808.0,548.0,1808.0,9339.0,9887.0,4766.0,9339.0,2958.0,0.6206462442299623,0.17039826136814884,-0.17039826136814884,0.048551161221265286,0.0011786076279666471,0.001192604946179498,0.048551161221265286,0.0011786076279666471,0.001192604946179498,0.3606416661598637,0.2393429909402136,0.2862635991854799,-0.1544216944036223,0.1863748283326754,-0.003437768181494088,-0.30525866608377794,0.07501641841287005,0.8378038934242397,0.8436965202509983,-0.1544216944036223,0.23926840919948134,[0.7590664],11147.0,-0.19359515032530977,1.0108897248677533,0.715183752417795,0.6206429037388003,0.16078618712891557,0.840750206837619,0.8407502068376189,0.9840125803276608,-243563941.507458,0.03195313392905308,0.8455783055963776,0.7741428945302278,0.7965747393289343,,,,,,,
ab0f8ebb-05c7-40cf-820c-1eb725a7a660,XGBClassifier,BASE_LINE,RUS,RUS,0.8282945471917014,0.8639475185396464,0.34586774039445844,0.8639475185396464,0.81708082892258,0.5976716653512234,3506.0,0.17170545280829863,-0.1264985823002014,0.40930925790179346,0.40232833464877665,0.019258599869296344,1.0481850830158526,0.13605248146035367,0.1414026194542638,2.2391554994778975,0.04976525821596244,-0.03006254334085679,0.5228238312908382,0.18291917107741992,-0.19112446258278534,0.2589140758238192,0.06546913302391202,0.13605248146035367,0.18291917107741992,0.81708082892258,0.8639475185396464,0.9502347417840376,477.0,2039.0,477.0,2039.0,9108.0,9585.0,5068.0,9108.0,3029.0,0.5976716653512234,0.16626354101852459,-0.16626354101852459,0.04847495348605424,0.001174910557737561,0.001188840914144175,0.04847495348605424,0.001174910557737561,0.001188840914144175,0.36185392915902415,0.14143812185505333,0.31574198033733814,-0.1414026194542638,0.19112446258278534,-0.024660571605076568,-0.3071992403395126,0.07303176962947501,0.81708082892258,0.8639475185396464,-0.1414026194542638,0.23926840919948134,[0.7590664],11147.0,-0.19359515032530977,1.0108897248677533,0.7065547002565897,0.6108516964168083,0.17170545280829863,0.8405141737311133,0.8405141737311133,0.9802610365319074,-284615754.4901378,0.04972184312852154,0.8585973805457361,0.777364301296035,0.8026784727843747,,,,,,,
ab0f8ebb-05c7-40cf-820c-1eb725a7a660,GradientBoostingClassifier,BASE_LINE,RUS,RUS,0.8217429877840715,0.8528237307472903,0.3470961577833891,0.8528237307472903,0.8119673454741186,0.5878883208808494,3506.0,0.1782570122159285,-0.14186847185046625,0.37188201821912703,0.4121116791191506,-0.013217279948227745,0.9680606450159366,0.14717626925270963,0.14999429042379953,2.2105806218945347,0.05393540294763249,-0.03413494158691326,0.5062059812399932,0.18803265452588142,-0.21007536719641579,0.22322568919840585,0.0678858425903818,0.14717626925270963,0.18803265452588142,0.8119673454741186,0.8528237307472903,0.9460645970523676,516.0,2096.0,516.0,2096.0,9051.0,9567.0,5086.0,9051.0,2990.0,0.5878883208808494,0.18003482881010766,-0.18003482881010766,0.054166809354924864,0.0014670216178463878,0.0014865784211265981,0.054166809354924864,0.0014670216178463878,0.0014865784211265981,0.36847209552524274,0.21018755442924797,0.29475165313667007,-0.14999429042379953,0.21007536719641579,-0.010458830819342759,-0.3206793787555425,0.07659678965215348,0.8119673454741186,0.8528237307472903,-0.14999429042379953,0.23926840919948134,[0.7590664],11147.0,-0.19359515032530977,1.0108897248677533,0.6959962756052142,0.5957911840270759,0.1782570122159285,0.8323955381107044,0.8323955381107044,0.9822557263167626,-209574826.60214862,0.06008107677261626,0.8500057095762004,0.7664701358625994,0.79242918769635,,,,,,,
ab0f8ebb-05c7-40cf-820c-1eb725a7a660,AdaBoostClassifier,BASE_LINE,RUS,RUS,0.8149184467344571,0.8411294922989161,0.3483245751723197,0.8411294922989161,0.8066744415537813,0.577782131661442,3506.0,0.18508155326554288,-0.1512213675526476,0.35875817313041075,0.422217868338558,-0.03234516663690257,0.9240782376437251,0.15887050770108385,0.2014276422925686,2.578382741985683,0.058330715258142214,-0.030736901204398898,0.5743996272385613,0.1933255584462187,-0.22894521910931692,0.19141036796323635,0.0704014310365533,0.15887050770108385,0.1933255584462187,0.8066744415537813,0.8411294922989161,0.9416692847418577,557.0,2155.0,557.0,2155.0,8992.0,9549.0,5104.0,8992.0,2949.0,0.577782131661442,0.21518643070094282,-0.21518643070094282,0.062322107850138295,0.0019420225634421346,0.001972075570627501,0.062322107850138295,0.0019420225634421346,0.001972075570627501,0.37523707449172267,0.31737956861492966,0.26477157419110137,-0.2014276422925687,0.22894521910931692,0.0008041327162518902,-0.3399751821067853,0.08032329442378583,0.8066744415537813,0.8411294922989161,-0.2014276422925687,0.23926840919948134,[0.7590664],11147.0,-0.19359515032530977,1.0108897248677533,0.6850174216027874,0.580088502723001,0.18508155326554288,0.8239019669263488,0.8239019669263488,1.001194490436716,-146860380.6536038,0.027517576816748324,0.7985723577074313,0.7550889770836,0.7690475482494228,,,,,,,
ab0f8ebb-05c7-40cf-820c-1eb725a7a660,RandomForestClassifier,BASE_LINE,RUS,RUS,0.8149866921449532,0.8260125499144324,0.34102231624923224,0.8260125499144324,0.811518794294429,0.5795477286371823,3506.0,0.18501330785504677,-0.13918123846818575,0.3993490524263048,0.4204522713628177,0.017354218633978957,1.041511368059512,0.1739874500855676,0.131314046550423,1.8548400129282483,0.0631731565865783,-0.0471642536091286,0.43734600309813176,0.188481205705571,-0.1972667111865758,0.25803181478186327,0.07194372074152251,0.1739874500855676,0.188481205705571,0.811518794294429,0.8260125499144324,0.9368268434134217,610.0,2101.0,610.0,2101.0,9046.0,9656.0,4997.0,9046.0,2896.0,0.5795477286371823,0.1642903788684994,-0.1642903788684994,0.04661219007065457,0.0010863481315914142,0.001098708467590264,0.04661219007065457,0.0010863481315914142,0.001098708467590264,0.37932498135905185,0.13845755437609353,0.3166823683546123,-0.131314046550423,0.1972667111865758,-0.03225923612155375,-0.30235541876831656,0.08351068087273764,0.811518794294429,0.8260125499144324,-0.131314046550423,0.23926840919948134,[0.7590664],11147.0,-0.19359515032530977,1.0108897248677533,0.6811713512877808,0.5737638669650583,0.18501330785504677,0.8187656721044306,0.8187656721044307,0.9532809945789893,-534149174.99817985,0.06595266463615279,0.868685953449577,0.7466322913309701,0.7833187049360203,,,,,,,
ab0f8ebb-05c7-40cf-820c-1eb725a7a660,BaggingClassifier,BASE_LINE,RUS,RUS,0.8159421278918992,0.7866514546491729,0.32123114720535045,0.7866514546491729,0.8251547501569929,0.5859358402379435,3506.0,0.18405787210810076,-0.1261119463956234,0.44291020412532245,0.4140641597620565,0.05777595271738739,1.1424690364487757,0.21334854535082715,0.11953742503078205,1.6136392598633906,0.07520611301025538,-0.06030150213136011,0.4017923774698349,0.1748452498430071,-0.16654939174691086,0.30657309176793224,0.07574466604078603,0.21334854535082715,0.1748452498430071,0.8251547501569929,0.7866514546491729,0.9247938869897446,748.0,1949.0,748.0,1949.0,9198.0,9946.0,4707.0,9198.0,2758.0,0.5859358402379435,0.14304340838884644,-0.14304340838884644,0.033664055358925186,0.0005666343116043899,0.0005712257118558527,0.033664055358925186,0.0005666343116043899,0.0005712257118558527,0.3892163050047776,0.058617913004402,0.3430079904682941,-0.11953742503078202,0.16654939174691086,-0.05903872742437378,-0.2707325330979051,0.09164635082466725,0.8251547501569929,0.7866514546491729,-0.11953742503078202,0.23926840919948134,[0.7590664],11147.0,-0.19359515032530977,1.0108897248677533,0.6716181663216851,0.5589880285809886,0.18405787210810076,0.8059031024030829,0.8059031024030829,0.9211822290019653,-1319100629.5976672,0.04701196671612881,0.880462574969218,0.7245977011494253,0.7700365629206362,,,,,,,
ab0f8ebb-05c7-40cf-820c-1eb725a7a660,BernoulliNB,BASE_LINE,RUS,RUS,0.7543165222138811,0.8545350827153452,0.4153415682795332,0.8545350827153452,0.7227953709518256,0.4922773578705225,3506.0,0.24568347778611888,-0.2072291785629954,0.3425926091595558,0.5077226421294775,-0.020256558718709183,0.9602648623841544,0.14546491728465488,0.32173586011041827,4.367426210766992,0.05953075755807167,-0.013420977821495018,0.7974523099801936,0.2772046290481744,-0.3417609237671837,0.1690278185215713,0.0776061956919394,0.14546491728465488,0.2772046290481744,0.7227953709518256,0.8545350827153452,0.9404692424419283,510.0,3090.0,510.0,3090.0,8057.0,8567.0,6086.0,8057.0,2996.0,0.4922773578705225,0.33174839193880096,-0.33174839193880096,0.09693164785946815,0.004697872178375968,0.004815341437914729,0.09693164785946815,0.004697872178375968,0.004815341437914729,0.3939700386880693,0.4801541337127524,0.22499962320541111,-0.3217358601104182,0.3417609237671837,0.0034177904486070824,-0.4350222944928542,0.08639142398242496,0.7227953709518256,0.8545350827153452,-0.3217358601104182,0.23926840919948134,[0.7590664],11147.0,-0.19359515032530977,1.0108897248677533,0.6246872393661385,0.49983776476104025,0.24568347778611888,0.7886652268335853,0.7886652268335854,1.0503036476136771,-358806351.4526746,0.02002506365676543,0.6782641398895818,0.7217537942664419,0.7066505397805226,,,,,,,
ab0f8ebb-05c7-40cf-820c-1eb725a7a660,BaggingClassifier,BASE_LINE,RUS,HYPERPARAMETER,0.8155326554289224,0.8571021106674273,0.3553538524534225,0.8571021106674273,0.802458060464699,0.5771077395813328,3506.0,0.1844673445710776,-0.13652302001223593,0.4071417828549826,0.4228922604186672,0.021902040495321518,1.0521609803847243,0.14289788933257272,0.14853090121936688,2.2392916321458163,0.053038323099724755,-0.03299341373252922,0.5128127470819206,0.19754193953530097,-0.20653217252092665,0.2585856191538117,0.0686356380789835,0.14289788933257272,0.19754193953530097,0.802458060464699,0.8571021106674273,0.9469616769002752,501.0,2202.0,501.0,2202.0,8945.0,9446.0,5207.0,8945.0,3005.0,0.5771077395813328,0.1775315368701468,-0.1775315368701468,0.05203116970722312,0.0013536213105509267,0.0013709146747981414,0.05203116970722312,0.0013536213105509267,0.0013709146747981414,0.3705013848259774,0.14650642602619124,0.3141498225234034,-0.14853090121936696,0.20653217252092665,-0.027447727113925312,-0.31657874872430414,0.07683150948220255,0.802458060464699,0.8571021106674273,-0.14853090121936696,0.23926840919948134,[0.7590664],11147.0,-0.19359515032530977,1.0108897248677533,0.6897739010673706,0.587924581914826,0.1844673445710776,0.8297800855660632,0.8297800855660631,0.9770922194208481,-191659677.8837063,0.05800127130155977,0.8514690987806331,0.7643879173290938,0.7913660304072901,,,,,,,
ab0f8ebb-05c7-40cf-820c-1eb725a7a660,RandomForestClassifier,BASE_LINE,RUS,HYPERPARAMETER,0.7937623694806524,0.8830576155162578,0.38954480311199075,0.8830576155162578,0.7656768637301516,0.54239663629993,3506.0,0.20623763051934763,-0.17632803135166197,0.3356309159288774,0.4576033637000701,-0.040596538761531076,0.9122095485939375,0.11694238448374215,0.19230845613059538,3.2078203374373,0.045835662381218556,-0.018966115844744835,0.6540521660257008,0.23432313626984838,-0.27797038906174054,0.19046800709190437,0.06940128080427745,0.11694238448374215,0.23432313626984838,0.7656768637301516,0.8830576155162578,0.9541643376187814,410.0,2612.0,410.0,2612.0,8535.0,8945.0,5708.0,8535.0,3096.0,0.54239663629993,0.235139422596168,-0.235139422596168,0.07600592920734839,0.002888450637336227,0.0029437881443237636,0.07600592920734839,0.002888450637336227,0.0029437881443237636,0.37256215804688875,0.30946933938680976,0.266896000446376,-0.19230845613059544,0.27797038906174054,0.010815211458393148,-0.3787503202295326,0.07483018960885271,0.7656768637301516,0.8830576155162578,-0.19230845613059544,0.23926840919948134,[0.7590664],11147.0,-0.19359515032530977,1.0108897248677533,0.6720208378554374,0.5675704580307587,0.20623763051934763,0.8243672396232048,0.8243672396232047,1.018208476355402,-187600104.53660172,0.08566193293114516,0.8076915438694046,0.763219524220387,0.7774892107611269,,,,,,,
ab0f8ebb-05c7-40cf-820c-1eb725a7a660,GradientBoostingClassifier,BASE_LINE,RUS,HYPERPARAMETER,0.8315703268955162,0.8602395892755277,0.3408175800177438,0.8602395892755277,0.8225531533147932,0.6039247096515818,3506.0,0.16842967310448376,-0.12860844162648033,0.3921690351090231,0.3960752903484181,0.004199917436936262,1.0106191234082114,0.13976041072447234,0.1326620030186281,2.113158223629395,0.0507298892224868,-0.032810208144544294,0.49622853217158625,0.17744684668520677,-0.19002172725499517,0.24592432312516854,0.06515413750841482,0.13976041072447234,0.17744684668520677,0.8225531533147932,0.8602395892755277,0.9492701107775132,490.0,1978.0,490.0,1978.0,9169.0,9659.0,4994.0,9169.0,3016.0,0.6039247096515818,0.16134186513681162,-0.16134186513681162,0.04793204212538982,0.001148740331155072,0.0011621999193211514,0.04793204212538982,0.001148740331155072,0.0011621999193211514,0.360982374939317,0.1563948453302817,0.3110488605758275,-0.13266200301862807,0.19002172725499517,-0.018505062790740334,-0.30541424792057603,0.07316601554711596,0.8225531533147932,0.8602395892755277,-0.13266200301862807,0.23926840919948134,[0.7590664],11147.0,-0.19359515032530977,1.0108897248677533,0.7096470588235294,0.6145871855380178,0.16842967310448376,0.8413963712951603,0.8413963712951604,0.977148831159267,-246530476.59492633,0.057359724236367066,0.867337996981372,0.7777204744713769,0.8054618691927532,,,,,,,
ab0f8ebb-05c7-40cf-820c-1eb725a7a660,XGBClassifier,BASE_LINE,PCA,PCA,0.7607315908005187,0.0,0.0,0.0,1.0,0.0,3506.0,0.23926840919948134,-0.19359515032530972,0.363658884683587,0.0,0.0,,1.0,0.0,1.0,0.23926840919948134,-0.19359515032530977,0.36365888468358687,0.0,0.0,,0.15726204359917456,1.0,0.0,1.0,0.0,0.7607315908005187,3506.0,0.0,3506.0,0.0,11147.0,14653.0,0.0,11147.0,0.0,0.0,0.0,0.0,0.12016468695508215,0.007219775995506444,0.007042237108833318,0.12016468695508215,0.007219775995506444,0.007042237108833318,0.5608244709339537,-0.32785860666513433,,0.0,0.0,-0.09679757516265489,0.0,0.2734746892484015,1.0,0.0,0.0,0.23926840919948134,[0.71761414],11147.0,-0.19359515032530977,1.0108897248677533,0.0,0.0,0.23926840919948134,0.5,0.5,0.5,-119308738.59808218,0.0,1.0,1.0,1.2,,,,,,,
ab0f8ebb-05c7-40cf-820c-1eb725a7a660,GradientBoostingClassifier,BASE_LINE,PCA,PCA,0.7607315908005187,0.0005704506560182544,0.00027298164198457655,0.0005704506560182544,0.9998205795281242,0.5,3506.0,0.23926840919948134,-0.19328906269714063,0.36445041728491673,0.5,0.6666666666666667,3.0,0.9994295493439818,0.0006752194463200967,1.0006756756756756,0.23919721482695064,-0.19346093169313092,0.3638664702130935,0.00017942047187584104,8.105270072932577e-05,1.5490509947404527,0.15726195902633694,0.9994295493439818,0.00017942047187584104,0.9998205795281242,0.0005704506560182544,0.7608027851730493,3504.0,2.0,3504.0,2.0,11145.0,14649.0,4.0,11145.0,2.0,0.5,0.0003781360735246899,-0.00029708337279536415,0.12005658190748081,0.0072067914296538235,0.00702971138275927,0.12005658190748081,0.0072067914296538235,0.00702971138275927,0.5608243201330287,-0.8466229826831679,0.6600230492847943,-0.0006752194463200541,0.0006752194463200541,-0.4300637991798988,-0.00010475871529844053,0.27336455303875073,0.9998205795281242,0.0005704506560182544,-0.0006752194463200541,0.23926840919948134,[0.71761414],11147.0,-0.19359515032530977,1.0108897248677533,0.0011396011396011395,0.010098601938440378,0.23926840919948134,0.5001955150920712,0.5001955150920713,0.5003441148627519,-118505404.697849,-0.0005941667455907709,0.99932478055368,0.0007603117278084015,0.0011400339083058402,,,,,,,
ab0f8ebb-05c7-40cf-820c-1eb725a7a660,AdaBoostClassifier,BASE_LINE,PCA,PCA,0.7603221183375418,0.0,0.0004094724629768648,0.0,0.9994617385843725,0.0,3506.0,0.23967788166245818,-0.19359924458417288,0.36450362600421204,1.0,0.0,1.0,1.0,0.0,1.0,0.23936642315832593,-0.19367517422152758,0.3636573951641099,0.0005382614156275231,-0.00013314112939461094,0.7745254973702264,0.15761525163287815,1.0,0.0005382614156275231,0.9994617385843725,0.0,0.7606335768416741,3506.0,6.0,3506.0,6.0,11141.0,14647.0,6.0,11141.0,0.0,0.0,6.657056469730547e-05,-6.657056469730547e-05,0.12009750179352818,0.007211704968523253,0.007034451330750258,0.12009750179352818,0.007211704968523253,0.007034451330750258,0.5614539190937724,-0.9156452715672547,0.9900345739271915,0.0,0.00013314112939461094,-0.09683758711076379,-4.094258863109501e-06,0.2736823599802335,0.9994617385843725,0.0,0.0,0.23926840919948134,[0.71761414],11147.0,-0.19359515032530977,1.0108897248677533,0.0,-0.011350846214397288,0.23967788166245818,0.49973086929218624,0.49973086929218624,0.4997641366583516,-147538156.55317232,0.00013314112939461094,1.0,1.0,1.2,,,,,,,
ab0f8ebb-05c7-40cf-820c-1eb725a7a660,RandomForestClassifier,BASE_LINE,PCA,PCA,0.6950112604927319,0.31460353679406733,0.21626970586228075,0.31460353679406733,0.8146586525522562,0.3480593247081098,3506.0,0.3049887395072681,-0.12201559862493061,0.647285074758811,0.6519406752918901,0.28373708296912625,1.4857160000862544,0.6853964632059327,0.1547990229177424,1.2340554904963517,0.20924764890282133,-0.16074601940931815,0.39902815408175285,0.18534134744774378,-0.05776107122165966,0.7223041189102041,0.15948126825000783,0.6853964632059327,0.18534134744774378,0.8146586525522562,0.31460353679406733,0.7907523510971787,2403.0,2066.0,2403.0,2066.0,9081.0,11484.0,3169.0,9081.0,1103.0,0.3480593247081098,0.10628004706970103,-0.10628004706970103,0.048238611032476085,0.0011634817971712618,0.0011511002374574376,0.048238611032476085,0.0011634817971712618,0.0011511002374574376,0.5647676836540984,-0.535525547240755,0.6214396123241159,-0.1547990229177424,0.1547990229177424,-0.22224155118922218,-0.09378468108815041,0.22332905932696848,0.8146586525522562,0.31460353679406733,-0.1547990229177424,0.23926840919948134,[0.71761414],11147.0,-0.19359515032530977,1.0108897248677533,0.3304868913857678,0.13395186120925562,0.3049887395072681,0.5646310946731619,0.5646310946731617,0.6246401139920421,-597992636.1090344,-0.09703795169608273,0.8452009770822575,0.32234967487396804,0.4060862595785533,,,,,,,
ab0f8ebb-05c7-40cf-820c-1eb725a7a660,BaggingClassifier,BASE_LINE,PCA,PCA,0.6934416160513206,0.3000570450656018,0.21087831843308538,0.3000570450656018,0.817170539158518,0.34045307443365697,3506.0,0.3065583839486794,-0.1360092949702949,0.61382721031473,0.6595469255663431,0.25706830648239654,1.4292349869907626,0.6999429549343982,0.1267017019501927,1.1862483579039558,0.21222866038225374,-0.16839703430301267,0.3836584972780554,0.18282946084148202,-0.06604549443193941,0.6835981758967768,0.16194069145315634,0.6999429549343982,0.18282946084148202,0.817170539158518,0.3000570450656018,0.7877713396177463,2454.0,2038.0,2454.0,2038.0,9109.0,11563.0,3090.0,9109.0,1052.0,0.34045307443365697,0.09637359819106601,-0.09637359819106601,0.048284558832932555,0.0011656993108454627,0.0011532829366825519,0.048284558832932555,0.0011656993108454627,0.0011532829366825519,0.5691057747961381,-0.5192279216970401,0.6113809440007815,-0.12670170195019262,0.12670170195019262,-0.2127326703927046,-0.09424091939340129,0.2272463355748403,0.817170539158518,0.3000570450656018,-0.12670170195019262,0.23926840919948134,[0.71761414],11147.0,-0.19359515032530977,1.0108897248677533,0.31898120072771374,0.12260276627303025,0.3065583839486794,0.5586137921120599,0.55861379211206,0.6124494132570553,-962722296.7220644,-0.06065620751825329,0.8732982980498075,0.3092298647854203,0.3940749665811134,,,,,,,
ab0f8ebb-05c7-40cf-820c-1eb725a7a660,BernoulliNB,BASE_LINE,PCA,PCA,0.7607315908005187,0.0,0.0,0.0,1.0,0.0,3506.0,0.23926840919948134,-0.19359515032530972,0.363658884683587,0.0,0.0,,1.0,0.0,1.0,0.23926840919948134,-0.19359515032530977,0.36365888468358687,0.0,0.0,,0.15726204359917456,1.0,0.0,1.0,0.0,0.7607315908005187,3506.0,0.0,3506.0,0.0,11147.0,14653.0,0.0,11147.0,0.0,0.0,0.0,0.0,0.12016468695508215,0.007219775995506444,0.007042237108833318,0.12016468695508215,0.007219775995506444,0.007042237108833318,0.5608244709339537,-0.32785860666513433,,0.0,0.0,-0.09679757516265489,0.0,0.2734746892484015,1.0,0.0,0.0,0.23926840919948134,[0.71761414],11147.0,-0.19359515032530977,1.0108897248677533,0.0,0.0,0.23926840919948134,0.5,0.5,0.5,-118141218.44113003,0.0,1.0,1.0,1.2,,,,,,,
ab0f8ebb-05c7-40cf-820c-1eb725a7a660,BaggingClassifier,BASE_LINE,PCA,HYPERPARAMETER,0.6947382788507472,0.31488876212207645,0.21667917832525763,0.31488876212207645,0.8142101013725667,0.34771653543307085,3506.0,0.30526172114925276,-0.12487514599375094,0.6403004670428523,0.6522834645669291,0.2792915276880551,1.476426926893628,0.6851112378779236,0.15296078762362475,1.231276086238477,0.20926990764941628,-0.16157874100118602,0.39690466860608875,0.1857898986274334,-0.061133282169870934,0.7085736429143521,0.1595003139727926,0.6851112378779236,0.1857898986274334,0.8142101013725667,0.31488876212207645,0.7907300923505838,2402.0,2071.0,2402.0,2071.0,9076.0,11478.0,3175.0,9076.0,1104.0,0.34771653543307085,0.10704703489674784,-0.10704703489674784,0.04703345761803893,0.0011060730677539324,0.0010945819523438369,0.04703345761803893,0.0011060730677539324,0.0010945819523438369,0.5648014057574443,-0.5226114557179942,0.6134620173426739,-0.15296078762362475,0.15296078762362475,-0.22043513434462056,-0.09623747637236632,0.22331019632524518,0.8142101013725667,0.31488876212207645,-0.15296078762362475,0.23926840919948134,[0.71761414],11147.0,-0.19359515032530977,1.0108897248677533,0.33048944768747196,0.13369107038817396,0.30526172114925276,0.5645494317473215,0.5645494317473215,0.6249827744685162,-601531085.7067783,-0.09182750545375382,0.8470392123763753,0.32250054772511505,0.40638717401735097,,,,,,,
ab0f8ebb-05c7-40cf-820c-1eb725a7a660,RandomForestClassifier,BASE_LINE,PCA,HYPERPARAMETER,0.7604586091585341,0.0005704506560182544,0.0005459632839691531,0.0005704506560182544,0.9994617385843725,0.25,3506.0,0.23954139084146586,-0.1930877337842699,0.3655409462964387,0.75,0.4,1.6666666666666667,0.9994295493439818,0.0006752194463200967,1.0006756756756756,0.23926254694434962,-0.1934783988015927,0.36393976393976396,0.0005382614156275231,0.0002431581021879773,1.5490509947404527,0.15749721991231894,0.9994295493439818,0.0005382614156275231,0.9994617385843725,0.0005704506560182544,0.7607374530556504,3504.0,6.0,3504.0,6.0,11141.0,14645.0,8.0,11141.0,2.0,0.25,0.0004591887742540157,-0.00021603067206603838,0.12013840700637807,0.007216618419015075,0.007039191144262496,0.12013840700637807,0.007216618419015075,0.007039191144262496,0.5612436545963241,-0.7798437304081924,1.1880414887126296,-0.0006752194463200541,0.0006752194463200541,-0.29673919940079635,9.657019757222142e-05,0.2735029183945853,0.9994617385843725,0.0005704506560182544,-0.0006752194463200541,0.23926840919948134,[0.71761414],11147.0,-0.19359515032530977,1.0108897248677533,0.0011383039271485487,0.0005879034424057433,0.23954139084146586,0.5000160946201954,0.5000160946201954,0.50012411343316,-118779840.30915163,-0.00043206134413211936,0.99932478055368,0.0007600228006840206,0.0011396008471032963,,,,,,,
ab0f8ebb-05c7-40cf-820c-1eb725a7a660,GradientBoostingClassifier,BASE_LINE,PCA,HYPERPARAMETER,0.7584794922541459,0.008556759840273816,0.006346823176141404,0.008556759840273816,0.994348255135911,0.3225806451612903,3506.0,0.2415205077458541,-0.19361766874905684,0.36827693601179035,0.6774193548387096,0.14082503556187764,1.2171052631578947,0.9914432401597262,0.0014249116256901395,1.001437530052893,0.23873626373626375,-0.19362175293816247,0.36281560732679635,0.005651744864088992,-0.0036557772481389445,0.4840784358563915,0.1591307655044896,0.9914432401597262,0.005651744864088992,0.994348255135911,0.008556759840273816,0.7612637362637362,3476.0,63.0,3476.0,63.0,11084.0,14560.0,93.0,11084.0,30.0,0.3225806451612903,0.002540344436914529,-0.002540344436914529,0.11687037459025336,0.00682934222843307,0.0066654481489306265,0.11687037459025336,0.00682934222843307,0.0066654481489306265,0.5641467282622307,-0.3535361832545594,0.5083961325572064,-0.0014249116256901135,0.0036557772481389445,-0.16722339425002009,-0.0037365125504074293,0.2729364034172606,0.994348255135911,0.008556759840273816,-0.0014249116256901135,0.23926840919948134,[0.71761414],11147.0,-0.19359515032530977,1.0108897248677533,0.01667129758266185,0.015606703165904545,0.2415205077458541,0.5014525074880923,0.5014525074880923,0.5027263695758666,-119532988.26212798,0.002230865622448805,0.9985750883743099,0.01130901894260673,0.016868011977938722,,,,,,,
ab0f8ebb-05c7-40cf-820c-1eb725a7a660,XGBClassifier,BASE_LINE,PCA,SMOTE,0.5443253941172456,0.5002852253280091,0.4558110967037467,0.5002852253280091,0.5581770880057415,0.2626141637969756,3506.0,0.45567460588275444,-0.019146404680890905,0.9585664823353737,0.7373858362030244,0.20521673250717032,1.3060249519843767,0.4997147746719909,0.0046892997577153706,1.0093976359149885,0.2197140707298721,-0.18265572755258289,0.3535371374644377,0.44182291199425855,-0.010570845292910802,0.9762969526599875,0.13810488813482535,0.4997147746719909,0.44182291199425855,0.5581770880057415,0.5002852253280091,0.780285929270128,1752.0,4925.0,1752.0,4925.0,6222.0,7974.0,6679.0,6222.0,1754.0,0.2626141637969756,0.007630072525313086,-0.007630072525313086,0.06715528735563356,0.002254916309908858,0.002222166389429766,0.06715528735563356,0.002254916309908858,0.002222166389429766,0.5255566346928281,-0.9654207234329727,0.9555317042032028,-0.0046892997577153706,0.010570845292910802,-0.1939362300298766,-0.020576178365301123,0.1869949776101843,0.5581770880057415,0.5002852253280091,-0.0046892997577153706,0.23926840919948134,[0.71761414],11147.0,-0.19359515032530977,1.0108897248677533,0.34442808051055473,0.05008032231262162,0.45567460588275444,0.5292311566668753,0.5292311566668753,0.5332692287748989,-149495583.780538,0.0058815455351954316,0.9953107002422847,0.4079781357213467,0.5078776150236387,,,,,,,
ab0f8ebb-05c7-40cf-820c-1eb725a7a660,GradientBoostingClassifier,BASE_LINE,PCA,SMOTE,0.5370913806046543,0.5142612664004563,0.46973316044496005,0.5142612664004563,0.5442720014353638,0.26194973122185095,3506.0,0.46290861939534567,-0.0021798586193925162,0.9952983820295955,0.738050268778149,0.2062791281827051,1.3082424509110087,0.4857387335995436,-0.013581344083886115,0.9721605943415428,0.2191763191763192,-0.18210924182909655,0.35096014157796035,0.45572799856463625,0.006811566345298281,1.0150347182870807,0.13533118986689163,0.4857387335995436,0.45572799856463625,0.5442720014353638,0.5142612664004563,0.7808236808236808,1703.0,5080.0,1703.0,5080.0,6067.0,7770.0,6883.0,6067.0,1803.0,0.26194973122185095,0.010196455214592198,0.010196455214592198,0.07280234763273974,0.0026500909104191423,0.0026086109212074835,0.07280234763273974,0.0026500909104191423,0.0026086109212074835,0.5202522270339487,-1.0026252123505035,0.9917616294421101,0.013581344083886115,0.013581344083886115,-0.19419418500590085,-0.0038805636173462332,0.18320014387599468,0.5442720014353638,0.5142612664004563,0.013581344083886115,0.23926840919948134,[0.71761414],11147.0,-0.19359515032530977,1.0108897248677533,0.3470978920011551,0.05003666239381885,0.46290861939534567,0.52926663391791,0.5292666339179101,0.5238699903885882,-148578697.34339797,-0.006769777738587834,0.9864186559161139,0.4144589391414287,0.5137569702715769,,,,,,,
ab0f8ebb-05c7-40cf-820c-1eb725a7a660,AdaBoostClassifier,BASE_LINE,PCA,SMOTE,0.519893537159626,0.5253850541928123,0.49225414590868766,0.5253850541928123,0.5181663227774289,0.25537224455843616,3506.0,0.48010646284037395,0.014789089685826595,1.0311255030655442,0.7446277554415638,0.20192418473525287,1.298946139249007,0.47461494580718766,-0.037403930174365496,0.9221430490678352,0.22365591397849463,-0.1864137209950387,0.3457834696772851,0.4818336772225711,0.022932175464614957,1.048499081048174,0.13251967132774195,0.47461494580718766,0.4818336772225711,0.5181663227774289,0.5253850541928123,0.7763440860215054,1664.0,5371.0,1664.0,5371.0,5776.0,7440.0,7213.0,5776.0,1842.0,0.25537224455843616,0.030168052819490226,0.030168052819490226,0.07879127827032098,0.003104032765735578,0.0030517790306742606,0.07879127827032098,0.003104032765735578,0.0030517790306742606,0.514819718596213,-0.9795977757272902,1.0317905660793294,0.037403930174365496,0.037403930174365496,-0.19416895286514574,0.015483860348005363,0.18001466245128503,0.5181663227774289,0.5253850541928123,0.037403930174365496,0.23926840919948134,[0.71761414],11147.0,-0.19359515032530977,1.0108897248677533,0.3436887769381472,0.03716570824294652,0.48010646284037395,0.5217756884851207,0.5217756884851206,0.5060347319549755,-148816553.51050794,-0.01447175470975054,0.9625960698256345,0.4155433985674807,0.5126599341599727,,,,,,,
ab0f8ebb-05c7-40cf-820c-1eb725a7a660,RandomForestClassifier,BASE_LINE,PCA,SMOTE,0.6063604722582406,0.46691386195094126,0.37780659250665394,0.46691386195094126,0.6502197900780479,0.29570086705202314,3506.0,0.39363952774175937,-0.05127750067722381,0.8751905633516373,0.7042991329479769,0.24631491210345524,1.3894935278118372,0.5330861380490588,0.12620149342654008,1.2457651699733148,0.20500164527805198,-0.15609734576700737,0.40311494873049647,0.3497802099219521,-0.04123820305115988,0.8873144060231718,0.14443246086377154,0.5330861380490588,0.3497802099219521,0.6502197900780479,0.46691386195094126,0.794998354721948,1869.0,3899.0,1869.0,3899.0,7248.0,9117.0,5536.0,7248.0,1637.0,0.29570086705202314,0.08371984823884998,-0.08371984823884998,0.049610680423358866,0.0012306098060343214,0.0012171608065539017,0.049610680423358866,0.0012306098060343214,0.0012171608065539017,0.537461553720397,-0.8079649645648826,0.8162734038093578,-0.12620149342654008,0.12620149342654008,-0.20120612893523132,-0.07397373223780995,0.19424704627605477,0.6502197900780479,0.46691386195094126,-0.12620149342654008,0.23926840919948134,[0.71761414],11147.0,-0.19359515032530977,1.0108897248677533,0.3620880336208803,0.10307245549889868,0.39363952774175937,0.5585668260144947,0.5585668260144946,0.6053299559196842,-592366973.8496925,-0.0849632903753802,0.87379850657346,0.4078734271832565,0.4960390802053425,,,,,,,
ab0f8ebb-05c7-40cf-820c-1eb725a7a660,BaggingClassifier,BASE_LINE,PCA,SMOTE,0.6087490616256057,0.4560752994865944,0.3702313519415819,0.4560752994865944,0.6567686373015161,0.29474654377880183,3506.0,0.3912509383743943,-0.056559136388786735,0.86212825441131,0.7052534562211982,0.2371956092707671,1.3734902009127496,0.5439247005134056,0.09378971879095999,1.177171649909964,0.20665366276549632,-0.1626888761501602,0.38618151064773737,0.3432313626984839,-0.03798768930666757,0.8939288510456034,0.14623810528377573,0.5439247005134056,0.3432313626984839,0.6567686373015161,0.4560752994865944,0.7933463372345037,1907.0,3826.0,1907.0,3826.0,7321.0,9228.0,5425.0,7321.0,1599.0,0.29474654377880183,0.06588870404881378,-0.06588870404881378,0.05329724859793527,0.0014202983540550565,0.0014036873328936294,0.05329724859793527,0.0014202983540550565,0.0014036873328936294,0.5408106975343142,-0.826974773512319,0.8319400477241582,-0.09378971879095999,0.09378971879095999,-0.19994224271046362,-0.06593971011644573,0.19698621806930494,0.6567686373015161,0.4560752994865944,-0.09378971879095999,0.23926840919948134,[0.71761414],11147.0,-0.19359515032530977,1.0108897248677533,0.35807860262008734,0.09970329732033936,0.3912509383743943,0.5564219683940552,0.5564219683940552,0.5930838907958295,-1121982694.9035594,-0.055802029484292415,0.9062102812090401,0.40117920090321774,0.4927079264594513,,,,,,,
ab0f8ebb-05c7-40cf-820c-1eb725a7a660,BernoulliNB,BASE_LINE,PCA,SMOTE,0.7607315908005187,0.0,0.0,0.0,1.0,0.0,3506.0,0.23926840919948134,-0.19359515032530972,0.363658884683587,0.0,0.0,,1.0,0.0,1.0,0.23926840919948134,-0.19359515032530977,0.36365888468358687,0.0,0.0,,0.15726204359917456,1.0,0.0,1.0,0.0,0.7607315908005187,3506.0,0.0,3506.0,0.0,11147.0,14653.0,0.0,11147.0,0.0,0.0,0.0,0.0,0.12016468695508215,0.007219775995506444,0.007042237108833318,0.12016468695508215,0.007219775995506444,0.007042237108833318,0.5608244709339537,-0.32785860666513433,,0.0,0.0,-0.09679757516265489,0.0,0.2734746892484015,1.0,0.0,0.0,0.23926840919948134,[0.71761414],11147.0,-0.19359515032530977,1.0108897248677533,0.0,0.0,0.23926840919948134,0.5,0.5,0.5,-148825914.63521624,0.0,1.0,1.0,1.2,,,,,,,
ab0f8ebb-05c7-40cf-820c-1eb725a7a660,BaggingClassifier,BASE_LINE,PCA,HYPERPARAMETER_SMOTE,0.6059509997952638,0.46463205932686824,0.3771241384016925,0.46463205932686824,0.6503992105499238,0.2947882736156352,3506.0,0.3940490002047362,-0.047608543398057646,0.8838885825341961,0.7052117263843648,0.24971163661539075,1.395165881372714,0.5353679406731318,0.13220399571037056,1.2567791706846672,0.20565355538512106,-0.1546598121192063,0.40854031194805834,0.3496007894500763,-0.03717996420448072,0.8979095753866427,0.144836742761076,0.5353679406731318,0.3496007894500763,0.6503992105499238,0.46463205932686824,0.7943464446148789,1877.0,3897.0,1877.0,3897.0,7250.0,9127.0,5526.0,7250.0,1629.0,0.2947882736156352,0.08469197995742564,-0.08469197995742564,0.05082878807773531,0.0012917828487256635,0.0012773371811340653,0.05082878807773531,0.0012917828487256635,0.0012773371811340653,0.5382132342502849,-0.8157592785458869,0.8226619256710577,-0.13220399571037056,0.13220399571037056,-0.20218572436729856,-0.07111009061012641,0.19487466791108246,0.6503992105499238,0.46463205932686824,-0.13220399571037056,0.23926840919948134,[0.71761414],11147.0,-0.19359515032530977,1.0108897248677533,0.36071744906997344,0.10125848027778254,0.3940490002047362,0.557515634938396,0.5575156349383961,0.6047327379185502,-603256113.4271346,-0.09502403150588984,0.8677960042896294,0.406133133881825,0.49367778872028184,,,,,,,
ab0f8ebb-05c7-40cf-820c-1eb725a7a660,RandomForestClassifier,BASE_LINE,PCA,HYPERPARAMETER_SMOTE,0.5534020337132328,0.5048488305761551,0.4489183102436361,0.5048488305761551,0.5686731856104782,0.2690787473396169,3506.0,0.4465979662867672,-0.0036492379915805673,0.9918511511270577,0.7309212526603831,0.2248172197200735,1.3418516982986304,0.49515116942384485,0.04925626563927393,1.1010367443376243,0.214984520123839,-0.16704893865959447,0.386638869270658,0.43132681438952186,0.0021854859830139906,1.0050769828700057,0.13758554311780224,0.49515116942384485,0.43132681438952186,0.5686731856104782,0.5048488305761551,0.7850154798761609,1736.0,4808.0,1736.0,4808.0,6339.0,8075.0,6578.0,6339.0,1770.0,0.2690787473396169,0.025720875811143934,-0.023535389828129943,0.06800295036824652,0.0023122006293930996,0.0022782250120542704,0.06800295036824652,0.0023122006293930996,0.0022782250120542704,0.5245675230469424,-0.9674123982107997,0.9574353299503375,-0.04925626563927388,0.04925626563927388,-0.195933079189834,-0.01938493703781874,0.18570869799591594,0.5686731856104782,0.5048488305761551,-0.04925626563927388,0.23926840919948134,[0.71761414],11147.0,-0.19359515032530977,1.0108897248677533,0.35105117017056725,0.0630643849487319,0.4465979662867672,0.5367610080933166,0.5367610080933167,0.549393887663333,-148092016.59622782,-0.04707077965625994,0.9507437343607261,0.41413196069255964,0.5101011355651969,,,,,,,
ab0f8ebb-05c7-40cf-820c-1eb725a7a660,GradientBoostingClassifier,BASE_LINE,PCA,HYPERPARAMETER_SMOTE,0.5541527332286904,0.49885909868796346,0.4453013034873405,0.49885909868796346,0.5715439131604916,0.26804597701149424,3506.0,0.4458472667713096,-0.013844652789301581,0.9692677748388874,0.7319540229885058,0.2179404446591685,1.3295247573119435,0.5011409013120365,0.03563892640108035,1.0719090599455041,0.21616633858267717,-0.17266548485527278,0.3737935685494059,0.42845608683950837,-0.005884743397141845,0.986338844492036,0.13867083473284436,0.5011409013120365,0.42845608683950837,0.5715439131604916,0.49885909868796346,0.7838336614173228,1757.0,4776.0,1757.0,4776.0,6371.0,8128.0,6525.0,6371.0,1749.0,0.26804597701149424,0.020761834899111098,-0.020761834899111098,0.06662319563308514,0.002219325098182167,0.002187329662559233,0.06662319563308514,0.002219325098182167,0.002187329662559233,0.52663238550785,-0.957824761835664,0.9482969422974413,-0.03563892640108035,0.03563892640108035,-0.1953029647572207,-0.023429939460115956,0.18732081693579716,0.5715439131604916,0.49885909868796346,-0.03563892640108035,0.23926840919948134,[0.71761414],11147.0,-0.19359515032530977,1.0108897248677533,0.3487189711893131,0.06043577416561797,0.4458472667713096,0.5352015059242275,0.5352015059242275,0.5463132712279819,-148386435.6758747,-0.029754183003938506,0.9643610735989198,0.4104911107199436,0.5076856249383629,,,,,,,
ab0f8ebb-05c7-40cf-820c-1eb725a7a660,XGBClassifier,BASE_LINE,PCA,ROS,0.5146386405514229,0.5165430690245294,0.4932778270661298,0.5165430690245294,0.5140396519242846,0.2505534034311013,3506.0,0.48536135944857706,0.010859436740274675,1.0225431718770392,0.7494465965688988,0.204775980859769,1.3009748230494917,0.4834569309754706,0.0021746038050601824,1.0045011715377976,0.22828282828282828,-0.1828301525780568,0.3680797102368491,0.4859603480757154,0.012378512939164033,1.0257293791500144,0.13380921208755603,0.4834569309754706,0.4859603480757154,0.5140396519242846,0.5165430690245294,0.7717171717171717,1695.0,5417.0,1695.0,5417.0,5730.0,7425.0,7228.0,5730.0,1811.0,0.2505534034311013,0.007276558372112107,0.005101954567051925,0.07434342439272575,0.0027634723752184643,0.00271937323948855,0.07434342439272575,0.0027634723752184643,0.00271937323948855,0.5173184939426698,-1.0031103006059556,1.007809724941333,-0.0021746038050601824,0.012378512939164033,-0.1938030667189129,0.003842294830421644,0.18233739744468552,0.5140396519242846,0.5165430690245294,-0.0021746038050601824,0.23926840919948134,[0.71761414],11147.0,-0.19359515032530977,1.0108897248677533,0.3374324576113285,0.02609779272523298,0.48536135944857706,0.5152913604744069,0.5152913604744069,0.5126623673644721,-149474154.38259235,0.01020390913410385,0.9978253961949399,0.4082046658401894,0.508329626508217,,,,,,,
ab0f8ebb-05c7-40cf-820c-1eb725a7a660,GradientBoostingClassifier,BASE_LINE,PCA,ROS,0.5039923565140244,0.5701654306902453,0.5295843854500785,0.5701654306902453,0.4831793307616399,0.2576030927835051,3506.0,0.4960076434859756,0.031566944725332835,1.065030845079526,0.7423969072164949,0.21006041113804175,1.3128093350917494,0.4298345693097547,0.0003698812408150509,1.0008606349059657,0.2186275932105034,-0.17531718187555945,0.3673156845747682,0.5168206692383601,0.01804099436979112,1.0353923243153678,0.12364721281256504,0.4298345693097547,0.5168206692383601,0.4831793307616399,0.5701654306902453,0.7813724067894966,1507.0,5761.0,1507.0,5761.0,5386.0,6893.0,7760.0,5386.0,1999.0,0.2576030927835051,0.009205437805303085,0.008835556564488034,0.07241741988285143,0.002622141351244603,0.0025812993961262195,0.07241741988285143,0.002622141351244603,0.0025812993961262195,0.4972870656121372,-1.0017526151094107,1.0081332223031456,-0.0003698812408150509,0.01804099436979112,-0.19268879650680057,0.004295504219676949,0.16751948086031831,0.4831793307616399,0.5701654306902453,-0.0003698812408150509,0.23926840919948134,[0.71761414],11147.0,-0.19359515032530977,1.0108897248677533,0.3548730694123913,0.045597573698496624,0.4960076434859756,0.5266723807259426,0.5266723807259426,0.522018937115085,-148448196.7015331,0.017671113128976068,0.9996301187591848,0.4374658058868585,0.5383912524864484,,,,,,,
ab0f8ebb-05c7-40cf-820c-1eb725a7a660,AdaBoostClassifier,BASE_LINE,PCA,ROS,0.4880229304579267,0.5889903023388476,0.5545622056916673,0.5889903023388476,0.45626625998026377,0.25412256952990403,3506.0,0.5119770695420733,0.04150816035925198,1.0833416063637198,0.745877430470096,0.20367781723042422,1.3011550151975684,0.4110096976611523,-0.027392312428009657,0.9340357484457198,0.220775241305347,-0.18199564128197843,0.3511781406329469,0.5437337400197363,0.024178111773868527,1.045256294323345,0.1192391395901853,0.4110096976611523,0.5437337400197363,0.45626625998026377,0.5889903023388476,0.779224758694653,1441.0,6061.0,1441.0,6061.0,5086.0,6527.0,8126.0,5086.0,2065.0,0.25412256952990403,0.025785212100939148,0.025785212100939148,0.07479849315984322,0.002797407289491556,0.00275251474238635,0.07479849315984322,0.002797407289491556,0.00275251474238635,0.4883423790542559,-0.97759057015087,1.0268532770128784,0.02739231242800977,0.02739231242800977,-0.19283672925620132,0.014758821414945777,0.1619037298392308,0.45626625998026377,0.5889903023388476,0.02739231242800977,0.23926840919948134,[0.71761414],11147.0,-0.19359515032530977,1.0108897248677533,0.35505502063273725,0.038848235969867764,0.5119770695420733,0.5226282811595556,0.5226282811595557,0.5091522000799072,-148817078.15224835,-0.0032142006541411305,0.9726076875719901,0.44303797468354433,0.5412769211792278,,,,,,,
ab0f8ebb-05c7-40cf-820c-1eb725a7a660,RandomForestClassifier,BASE_LINE,PCA,ROS,0.6554971678154644,0.44381061038220193,0.3176141404490548,0.44381061038220193,0.7220776890643222,0.3343360550064461,3506.0,0.3445028321845356,-0.1162889420418387,0.6967891966472036,0.665663944993554,0.2434925949510095,1.4002002022278826,0.5561893896177981,0.17283383643801875,1.3264884078631451,0.19501950195019502,-0.1539644827665656,0.393568465837813,0.27792231093567776,-0.1066259924567313,0.6665353310702226,0.14549199770621885,0.5561893896177981,0.27792231093567776,0.7220776890643222,0.44381061038220193,0.804980498049805,1950.0,3098.0,1950.0,3098.0,8049.0,9999.0,4654.0,8049.0,1556.0,0.3343360550064461,0.13972991444737504,-0.13972991444737504,0.02208464275180313,0.00024386572273738533,0.00024264435429408686,0.02208464275180313,0.00024386572273738533,0.00024264435429408686,0.5394293238343997,-0.5143174966111097,0.6084819235260379,-0.1728338364380188,0.1728338364380188,-0.1987285388587876,-0.1431598554074882,0.19637364380102648,0.7220776890643222,0.44381061038220193,-0.1728338364380188,0.23926840919948134,[0.71761414],11147.0,-0.19359515032530977,1.0108897248677533,0.3813725490196078,0.15202297876062337,0.3445028321845356,0.5829441497232621,0.5829441497232621,0.6643988858916914,-907954146.0987163,-0.06620784398128746,0.8271661635619811,0.41022936989190606,0.493074904805805,,,,,,,
ab0f8ebb-05c7-40cf-820c-1eb725a7a660,BaggingClassifier,BASE_LINE,PCA,ROS,0.6475807001979117,0.44637763833428407,0.3267590254555381,0.44637763833428407,0.7108639095720821,0.32685881370091896,3506.0,0.3524192998020883,-0.11014431594042029,0.7171287101039483,0.673141186299081,0.2420610193613425,1.3940149057857505,0.5536223616657159,0.16499309886007063,1.3124741424702873,0.19675620881905728,-0.15550571399452867,0.39239423387431926,0.2891360904279178,-0.1009957498137746,0.6927951462781728,0.14576113799303714,0.5536223616657159,0.2891360904279178,0.7108639095720821,0.44637763833428407,0.8032437911809427,1941.0,3223.0,1941.0,3223.0,7924.0,9865.0,4788.0,7924.0,1565.0,0.32685881370091896,0.13299442433692266,-0.13299442433692266,0.025093194838641517,0.00031483421360501264,0.00031304829963153124,0.025093194838641517,0.00031483421360501264,0.00031304829963153124,0.5399280285242416,-0.5573613370010707,0.6352608052288682,-0.16499309886007069,0.16499309886007069,-0.1987833666779356,-0.13580316156998282,0.1965179026083272,0.7108639095720821,0.44637763833428407,-0.16499309886007069,0.23926840919948134,[0.71761414],11147.0,-0.19359515032530977,1.0108897248677533,0.37738123945020496,0.1430298394681134,0.3524192998020883,0.5786207739531831,0.5786207739531831,0.6555741106944712,-1397024436.1387696,-0.06399734904629603,0.8350069011399294,0.40898993858617533,0.4927977008939759,,,,,,,
ab0f8ebb-05c7-40cf-820c-1eb725a7a660,BernoulliNB,BASE_LINE,PCA,ROS,0.7607315908005187,0.0,0.0,0.0,1.0,0.0,3506.0,0.23926840919948134,-0.19359515032530972,0.363658884683587,0.0,0.0,,1.0,0.0,1.0,0.23926840919948134,-0.19359515032530977,0.36365888468358687,0.0,0.0,,0.15726204359917456,1.0,0.0,1.0,0.0,0.7607315908005187,3506.0,0.0,3506.0,0.0,11147.0,14653.0,0.0,11147.0,0.0,0.0,0.0,0.0,0.12016468695508215,0.007219775995506444,0.007042237108833318,0.12016468695508215,0.007219775995506444,0.007042237108833318,0.5608244709339537,-0.32785860666513433,,0.0,0.0,-0.09679757516265489,0.0,0.2734746892484015,1.0,0.0,0.0,0.23926840919948134,[0.71761414],11147.0,-0.19359515032530977,1.0108897248677533,0.0,0.0,0.23926840919948134,0.5,0.5,0.5,-148825914.63521624,0.0,1.0,1.0,1.2,,,,,,,
ab0f8ebb-05c7-40cf-820c-1eb725a7a660,BaggingClassifier,BASE_LINE,PCA,HYPERPARAMETER_ROS,0.6545417320685184,0.4423844837421563,0.31788712209103936,0.4423844837421563,0.721270296940881,0.33297552597681407,3506.0,0.3454582679314816,-0.11527820321862225,0.6999067950437149,0.6670244740231859,0.24430527875721808,1.400940120764844,0.5576155162578437,0.17332163283949642,1.3265767662026644,0.19559779889944973,-0.15411069712238776,0.3943410389172318,0.27872970305911904,-0.10532050722449288,0.6709219944932128,0.1458105643549423,0.5576155162578437,0.27872970305911904,0.721270296940881,0.4423844837421563,0.8044022011005503,1955.0,3107.0,1955.0,3107.0,8040.0,9995.0,4658.0,8040.0,1551.0,0.33297552597681407,0.13932107003199462,-0.13932107003199462,0.02270317299602555,0.0002577170320437319,0.00025639100974708494,0.02270317299602555,0.0002577170320437319,0.00025639100974708494,0.5400195632658918,-0.5203463572975622,0.6121630305339575,-0.17332163283949636,0.17332163283949636,-0.19920798793980288,-0.14173417598194116,0.19684115002528893,0.721270296940881,0.4423844837421563,-0.17332163283949636,0.23926840919948134,[0.71761414],11147.0,-0.19359515032530977,1.0108897248677533,0.3799608035276825,0.14994172799984737,0.3454582679314816,0.5818273903415186,0.5818273903415186,0.6628882049378221,-906393798.4440112,-0.06800112561500354,0.8266783671605036,0.40880337374802317,0.49164306521694406,,,,,,,
ab0f8ebb-05c7-40cf-820c-1eb725a7a660,RandomForestClassifier,BASE_LINE,PCA,HYPERPARAMETER_ROS,0.5459632839691531,0.5211066742726754,0.46413703678427626,0.5211066742726754,0.5537812864447833,0.2686369651521835,3506.0,0.45403671603084694,-0.0038256462369834487,0.9915979039559506,0.7313630348478165,0.21856810668801918,1.331026086333769,0.47889332572732457,0.03368649958295267,1.0711186113789777,0.21383087111563934,-0.17055270069207445,0.3743159298203085,0.44621871355521664,-0.002752416035512184,0.9938465788037757,0.13446309669381906,0.47889332572732457,0.44621871355521664,0.5537812864447833,0.5211066742726754,0.7861691288843606,1679.0,4974.0,1679.0,4974.0,6173.0,7852.0,6801.0,6173.0,1827.0,0.2686369651521835,0.018219457809232426,-0.018219457809232426,0.06635205412982129,0.0022012975436233673,0.002169682185316318,0.06635205412982129,0.0022012975436233673,0.002169682185316318,0.5185809419826746,-0.9642728552933106,0.9544373403909119,-0.03368649958295267,0.03368649958295267,-0.19456040369004682,-0.02147566197063533,0.18135562630559765,0.5537812864447833,0.5211066742726754,-0.03368649958295267,0.23926840919948134,[0.71761414],11147.0,-0.19359515032530977,1.0108897248677533,0.354516348112933,0.06406494062501011,0.45403671603084694,0.5374439803587294,0.5374439803587294,0.5472359182837013,-147776451.31935996,-0.030934083547440483,0.9663135004170474,0.4219643166464576,0.5195166730326997,,,,,,,
ab0f8ebb-05c7-40cf-820c-1eb725a7a660,GradientBoostingClassifier,BASE_LINE,PCA,HYPERPARAMETER_ROS,0.543574694601788,0.5262407301768397,0.46898246092950246,0.5262407301768397,0.5490266439400736,0.26848079161816063,3506.0,0.456425305398212,-0.00466576308880251,0.9898125432983671,0.7315192083818394,0.2237883930619622,1.3390535517819233,0.4737592698231603,0.06804945982444294,1.146911443148688,0.2134687058218738,-0.1650279094633363,0.3914896545371586,0.45097335605992644,-0.012081646029453996,0.9734884774203041,0.1334670196819244,0.4737592698231603,0.45097335605992644,0.5490266439400736,0.5262407301768397,0.7865312941781262,1661.0,5027.0,1661.0,5027.0,6120.0,7781.0,6872.0,6120.0,1845.0,0.26848079161816063,0.040065552926948494,-0.040065552926948494,0.06129237719359207,0.0018783777510207825,0.001853324890802938,0.06129237719359207,0.0018783777510207825,0.001853324890802938,0.5166565971357076,-0.937566874923899,0.9292819712508809,-0.06804945982444299,0.06804945982444299,-0.19440815126264926,-0.03397167424605896,0.1799713051852934,0.5490266439400736,0.5262407301768397,-0.06804945982444299,0.23926840919948134,[0.71761414],11147.0,-0.19359515032530977,1.0108897248677533,0.3555598381190981,0.06434761256317792,0.456425305398212,0.5376336870584566,0.5376336870584566,0.5591742780026077,-147528596.92091963,-0.05596781379498894,0.9319505401755571,0.42438182863714774,0.5185148299000506,,,,,,,
ab0f8ebb-05c7-40cf-820c-1eb725a7a660,XGBClassifier,BASE_LINE,PCA,RUS,0.5213949361905412,0.4917284654877353,0.4746468300006825,0.4917284654877353,0.5307257558087378,0.24787922358015815,3506.0,0.4786050638094588,-0.005601739909615433,0.9883414835912749,0.7521207764198419,0.20691508198611464,1.3025241198693538,0.5082715345122647,0.03807790840846803,1.075797556925996,0.23148869836321123,-0.1814180447406546,0.38161806255067193,0.46927424419126224,-0.004190569786645393,0.9911012790800201,0.13864932460639537,0.5082715345122647,0.46927424419126224,0.5307257558087378,0.4917284654877353,0.7685113016367888,1782.0,5231.0,1782.0,5231.0,5916.0,7698.0,6955.0,5916.0,1724.0,0.24787922358015815,0.02113423909755674,-0.02113423909755674,0.06898421244524938,0.0023794107833456503,0.0023439794891062125,0.06898421244524938,0.0023794107833456503,0.0023439794891062125,0.5265915392529495,-0.9831468206185346,0.9726283056891919,-0.038077908408468086,0.038077908408468086,-0.19416656336338461,-0.013112323568776618,0.189225127233792,0.5307257558087378,0.4917284654877353,-0.038077908408468086,0.23926840919948134,[0.71761414],11147.0,-0.19359515032530977,1.0108897248677533,0.3296052002676608,0.01918427690549605,0.4786050638094588,0.5112271106482364,0.5112271106482366,0.5220315066378295,-150648342.75256562,-0.03388733862182264,0.9619220915915319,0.3946660562009958,0.491226640036619,,,,,,,
ab0f8ebb-05c7-40cf-820c-1eb725a7a660,GradientBoostingClassifier,BASE_LINE,PCA,RUS,0.5205077458540913,0.5054192812321734,0.4820855797447622,0.5054192812321734,0.5252534314165246,0.2508493771234428,3506.0,0.4794922541459087,0.0019395506910190319,1.0040505074062123,0.7491506228765572,0.19810411109858872,1.2904697641539746,0.4945807187678266,-0.026223090519124637,0.9474117846190608,0.22848860192383713,-0.18968865826422185,0.3493820292711254,0.47474656858347536,0.011640160306780944,1.0247568119052226,0.13613024989790065,0.4945807187678266,0.47474656858347536,0.5252534314165246,0.5054192812321734,0.7715113980761629,1734.0,5292.0,1734.0,5292.0,5855.0,7589.0,7064.0,5855.0,1772.0,0.2508493771234428,0.01893162541295279,0.01893162541295279,0.07629590091381858,0.0029105322481256107,0.0028629637638879703,0.07629590091381858,0.0029105322481256107,0.0028629637638879703,0.5217858754276521,-0.9959502981953742,1.0150504368229962,0.026223090519124637,0.026223090519124637,-0.1938963846814053,0.007219139273150432,0.18546755082398342,0.5252534314165246,0.5054192812321734,0.026223090519124637,0.23926840919948134,[0.71761414],11147.0,-0.19359515032530977,1.0108897248677533,0.33528855250709555,0.026189036490478962,0.4794922541459087,0.515336356324349,0.5153363563243489,0.5055802014647404,-149091049.53840196,-0.014582930212343692,0.9737769094808755,0.4031395745648959,0.5010028233673035,,,,,,,
ab0f8ebb-05c7-40cf-820c-1eb725a7a660,AdaBoostClassifier,BASE_LINE,PCA,RUS,0.5010578038626903,0.560467769537935,0.5278782501876749,0.560467769537935,0.4823719386381986,0.2540400775694893,3506.0,0.4989421961373097,0.03235383621193155,1.0662872368180483,0.7459599224305107,0.2050724018703043,1.303435617883677,0.439532230462065,-0.02198807443301426,0.9503592404949784,0.22275224053194564,-0.18160120321585127,0.3569213489780145,0.5176280613618014,0.024990968075768394,1.0492118656236207,0.12515589294546833,0.439532230462065,0.5176280613618014,0.4823719386381986,0.560467769537935,0.7772477594680544,1541.0,5770.0,1541.0,5770.0,5377.0,6918.0,7735.0,5377.0,1965.0,0.2540400775694893,0.023489521254391355,0.023489521254391355,0.07648254074480683,0.002924789519390518,0.0028768804348605925,0.07648254074480683,0.002924789519390518,0.0028768804348605925,0.5003116887410654,-0.9786871421246114,1.0289357359675526,0.021988074433014315,0.024990968075768394,-0.19333680254307778,0.015127659826914774,0.17006265843643104,0.4823719386381986,0.560467769537935,0.021988074433014315,0.23926840919948134,[0.71761414],11147.0,-0.19359515032530977,1.0108897248677533,0.3496130237523352,0.03661095202464415,0.4989421961373097,0.5214198540880668,0.5214198540880668,0.5091719513430035,-148833166.13440055,0.003002893642754134,0.9780119255669858,0.43061414561989814,0.5293795334360435,,,,,,,
ab0f8ebb-05c7-40cf-820c-1eb725a7a660,RandomForestClassifier,BASE_LINE,PCA,RUS,0.5406401419504538,0.5744438106103822,0.4949839623285334,0.5744438106103822,0.5300080739212344,0.27767820212325933,3506.0,0.45935985804954615,-0.018877165382489847,0.9594644723943712,0.7223217978767407,0.23060062199958864,1.35260202956438,0.4255561893896178,0.1403364181594312,1.3475555774149124,0.20162162162162162,-0.15126738346960575,0.41415508341871754,0.4699919260787656,-0.058053448331620794,0.882188718095147,0.12492517426748595,0.4255561893896178,0.4699919260787656,0.5300080739212344,0.5744438106103822,0.7983783783783783,1492.0,5239.0,1492.0,5239.0,5908.0,7400.0,7253.0,5908.0,2014.0,0.27767820212325933,0.09919493324552603,-0.09919493324552603,0.040013483115451054,0.0008005394155152432,0.0007934113721279816,0.040013483115451054,0.0008005394155152432,0.0007934113721279816,0.49985032613270536,-0.8290335963976377,0.8336929072764633,-0.14033641815943126,0.14033641815943126,-0.1909340027345972,-0.08718481935712113,0.16701161053589966,0.5300080739212344,0.5744438106103822,-0.14033641815943126,0.23926840919948134,[0.71761414],11147.0,-0.19359515032530977,1.0108897248677533,0.37438423645320196,0.08913054002095279,0.45935985804954615,0.5522259422658082,0.5522259422658082,0.6070039577453128,-502614174.5337555,-0.08228296982781041,0.8596635818405686,0.45332282932868156,0.5381057166749554,,,,,,,
ab0f8ebb-05c7-40cf-820c-1eb725a7a660,BaggingClassifier,BASE_LINE,PCA,RUS,0.5420732955708728,0.5453508271534512,0.479628744966901,0.5453508271534512,0.5410424329415986,0.27205463858850315,3506.0,0.4579267044291272,-0.02498458803985104,0.9464207160449362,0.7279453614114969,0.2283413261353593,1.346018459198975,0.45464917284654877,0.13636205663899587,1.3145672988821695,0.20904918032786884,-0.15757633162354273,0.41068415540790326,0.45895756705840135,-0.05532405517903127,0.8849001382731088,0.13004720043744059,0.45464917284654877,0.45895756705840135,0.5410424329415986,0.5453508271534512,0.7909508196721311,1594.0,5116.0,1594.0,5116.0,6031.0,7625.0,7028.0,6031.0,1912.0,0.27205463858850315,0.0958430559090136,-0.0958430559090136,0.04289774457440475,0.000920108244785436,0.0009113516515401418,0.04289774457440475,0.000920108244785436,0.0009113516515401418,0.5099945106321059,-0.8369843538453994,0.8403455199852203,-0.13636205663899592,0.13636205663899592,-0.19295882887945098,-0.08090953208637253,0.1748199097584157,0.5410424329415986,0.5453508271534512,-0.13636205663899592,0.23926840919948134,[0.71761414],11147.0,-0.19359515032530977,1.0108897248677533,0.363014999050693,0.07377836365031949,0.4579267044291272,0.5431966300475248,0.5431966300475248,0.5952582550307575,-1181467529.7237854,-0.08103800145996459,0.8636379433610041,0.4358828222956799,0.5220767333777072,,,,,,,
ab0f8ebb-05c7-40cf-820c-1eb725a7a660,BernoulliNB,BASE_LINE,PCA,RUS,0.7607315908005187,0.0,0.0,0.0,1.0,0.0,3506.0,0.23926840919948134,-0.19359515032530972,0.363658884683587,0.0,0.0,,1.0,0.0,1.0,0.23926840919948134,-0.19359515032530977,0.36365888468358687,0.0,0.0,,0.15726204359917456,1.0,0.0,1.0,0.0,0.7607315908005187,3506.0,0.0,3506.0,0.0,11147.0,14653.0,0.0,11147.0,0.0,0.0,0.0,0.0,0.12016468695508215,0.007219775995506444,0.007042237108833318,0.12016468695508215,0.007219775995506444,0.007042237108833318,0.5608244709339537,-0.32785860666513433,,0.0,0.0,-0.09679757516265489,0.0,0.2734746892484015,1.0,0.0,0.0,0.23926840919948134,[0.71761414],11147.0,-0.19359515032530977,1.0108897248677533,0.0,0.0,0.23926840919948134,0.5,0.5,0.5,-148825914.63521624,0.0,1.0,1.0,1.2,,,,,,,
ab0f8ebb-05c7-40cf-820c-1eb725a7a660,BaggingClassifier,BASE_LINE,PCA,HYPERPARAMETER_RUS,0.5405036511294615,0.5724472333143183,0.4941650174025797,0.5724472333143183,0.5304566251009241,0.2771716613727386,3506.0,0.4594963488705385,-0.017552150413378098,0.9622847635346172,0.7228283386272615,0.23148593276781182,1.3539023674837627,0.4275527666856817,0.14232484013186641,1.3510126365283832,0.20223961144090663,-0.1508597210783869,0.4165333851714344,0.469543374899076,-0.05618643430973985,0.8857036318275743,0.12526438656378464,0.4275527666856817,0.469543374899076,0.5304566251009241,0.5724472333143183,0.7977603885590934,1499.0,5234.0,1499.0,5234.0,5913.0,7412.0,7241.0,5913.0,2007.0,0.2771716613727386,0.0992556372208031,-0.0992556372208031,0.04061854334422327,0.0008249330317032723,0.0008174814679719941,0.04061854334422327,0.0008249330317032723,0.0008174814679719941,0.5005284938218495,-0.8320487336824426,0.8362106988581659,-0.14232484013186636,0.14232484013186636,-0.1911728269230994,-0.08564619269854945,0.16754463318599325,0.5304566251009241,0.5724472333143183,-0.14232484013186636,0.23926840919948134,[0.71761414],11147.0,-0.19359515032530977,1.0108897248677533,0.3734995812784963,0.08781114426397768,0.4594963488705385,0.5514519292076212,0.5514519292076212,0.6061866418377648,-505179660.8710242,-0.08613840582212656,0.8576751598681336,0.4520524804324568,0.5366526933436345,,,,,,,
ab0f8ebb-05c7-40cf-820c-1eb725a7a660,RandomForestClassifier,BASE_LINE,PCA,HYPERPARAMETER_RUS,0.5116358424895926,0.5675984027381632,0.5207124820855797,0.5675984027381632,0.4940342693101283,0.2608125819134993,3506.0,0.4883641575104074,0.012767967153682891,1.026375753916456,0.7391874180865007,0.20969328399612364,1.3127122680860264,0.43240159726183686,0.021265688922429193,1.0495585921229231,0.21586216716502918,-0.17488459736104556,0.3666453173462686,0.5059657306898717,-0.005489505987671173,0.9891964225565123,0.12458244396057101,0.43240159726183686,0.5059657306898717,0.4940342693101283,0.5675984027381632,0.7841378328349708,1516.0,5640.0,1516.0,5640.0,5507.0,7023.0,7630.0,5507.0,1990.0,0.2608125819134993,0.013377597455050183,-0.013377597455050183,0.06419167079050685,0.0020602852994384053,0.0020315937472674315,0.06419167079050685,0.0020602852994384053,0.0020315937472674315,0.4991641893416855,-0.9707013600132864,0.9632247539825431,-0.021265688922429193,0.021265688922429193,-0.1922889406785846,-0.019388592626089385,0.16841010713730434,0.4940342693101283,0.5675984027381632,-0.021265688922429193,0.23926840919948134,[0.71761414],11147.0,-0.19359515032530977,1.0108897248677533,0.3573994252873563,0.052634724000674156,0.4883641575104074,0.5308163360241457,0.5308163360241458,0.5379173832900415,-149541695.99519575,-0.01577618293475802,0.9787343110775708,0.43861582543530964,0.5374873471177302,,,,,,,
ab0f8ebb-05c7-40cf-820c-1eb725a7a660,GradientBoostingClassifier,BASE_LINE,PCA,HYPERPARAMETER_RUS,0.5292431583975977,0.5211066742726754,0.4808571623558316,0.5211066742726754,0.5318022786399929,0.2592960544990065,3506.0,0.4707568416024023,0.005597917208738146,1.0119389533284282,0.7407039455009935,0.21215007929844965,1.3165104352639627,0.47889332572732457,0.01845558446200901,1.0387698164372132,0.2207177599579335,-0.17602937871130991,0.37216188259632793,0.4681977213600072,0.006235791724873707,1.0133886697763215,0.13375942623956627,0.47889332572732457,0.4681977213600072,0.5318022786399929,0.5211066742726754,0.7792822400420665,1679.0,5219.0,1679.0,5219.0,5928.0,7607.0,7046.0,5928.0,1827.0,0.2592960544990065,0.01234568809344136,-0.006109896368567652,0.07067207960484118,0.0024972714178365042,0.0024592424813779977,0.07067207960484118,0.0024972714178365042,0.0024592424813779977,0.5172222466978122,-0.9947010928453353,0.9839349345297219,-0.01845558446200901,0.01845558446200901,-0.19408972900487978,-0.007766871730546299,0.18129247699111475,0.5318022786399929,0.5211066742726754,-0.01845558446200901,0.23926840919948134,[0.71761414],11147.0,-0.19359515032530977,1.0108897248677533,0.3462850644427597,0.045178946084704984,0.4707568416024023,0.5264544764563341,0.5264544764563341,0.5296710587502509,-150836691.81008348,-0.012219792737135304,0.981544415537991,0.41607834206331135,0.5149693275311158,,,,,,,
ab0f8ebb-05c7-40cf-820c-1eb725a7a660,XGBClassifier,BASE_LINE,FAIR_PCA,FAIR_PCA,0.8317068177165086,0.5188248716486024,0.17730157646898245,0.5188248716486024,0.9301157262043599,0.7001539645881447,3506.0,0.16829318228349144,-0.085244662882903,0.5670620564277811,0.2998460354118553,0.24672192721985248,1.952206156832491,0.4811751283513976,0.1528329427652223,1.3340894291295855,0.1399419328079635,-0.1050919568904006,0.41311377284895845,0.06988427379564008,-0.03334159051392409,0.5981211136275414,0.09344932996568348,0.4811751283513976,0.06988427379564008,0.9301157262043599,0.5188248716486024,0.8600580671920365,1687.0,779.0,1687.0,779.0,10368.0,12055.0,2598.0,10368.0,1819.0,0.7001539645881447,0.09308726663957317,-0.09308726663957317,0.02922724994711615,0.0004271160697356005,0.00042430638119294385,0.02922724994711615,0.0004271160697356005,0.00042430638119294385,0.432317776561833,-0.07429057925627625,0.39163193380798994,-0.15283294276522225,0.15283294276522225,-0.17590694205512658,-0.13553310759762427,0.14253841827857675,0.9301157262043599,0.5188248716486024,-0.15283294276522225,0.23926840919948134,[0.72372893],11147.0,-0.19359515032530977,1.0108897248677533,0.596002621231979,0.5014996754453759,0.16829318228349144,0.7244702989264811,0.7244702989264811,0.7919092588151018,-205512868.86778265,-0.11949135225129821,0.8471670572347777,0.5547422994815492,0.6268698543903561,,,,,,,
ab0f8ebb-05c7-40cf-820c-1eb725a7a660,GradientBoostingClassifier,BASE_LINE,FAIR_PCA,FAIR_PCA,0.8325257626424623,0.4945807187678266,0.16488091175868422,0.4945807187678266,0.9388176190903382,0.7177152317880795,3506.0,0.16747423735753775,-0.08737908776236059,0.5559901886981511,0.28228476821192056,0.25133513351335135,2.0424989110820735,0.5054192812321734,0.14807041148667432,1.306917116041658,0.14480673367655472,-0.10933141451866407,0.4096562670216851,0.06118238090966179,-0.0273007168623578,0.6202565584689698,0.09450780859309088,0.5054192812321734,0.06118238090966179,0.9388176190903382,0.4945807187678266,0.8551932663234453,1772.0,682.0,1772.0,682.0,10465.0,12237.0,2416.0,10465.0,1734.0,0.7177152317880795,0.08768556417451606,-0.08768556417451606,0.034002835939534445,0.0005780964259654477,0.0005736944316403174,0.034002835939534445,0.0005780964259654477,0.0005736944316403174,0.43475926348518645,-0.06549659962674603,0.388171971559572,-0.14807041148667432,0.14807041148667432,-0.1803332740160077,-0.12694049069943145,0.14700782794573453,0.9388176190903382,0.4945807187678266,-0.14807041148667432,0.23926840919948134,[0.72372893],11147.0,-0.19359515032530977,1.0108897248677533,0.585612968591692,0.49829468271932453,0.16747423735753775,0.7166991689290825,0.7166991689290825,0.7795433399000358,-167604910.62016815,-0.12076969462431653,0.8519295885133258,0.5362610174733261,0.6118287256283998,,,,,,,
ab0f8ebb-05c7-40cf-820c-1eb725a7a660,AdaBoostClassifier,BASE_LINE,FAIR_PCA,FAIR_PCA,0.8284310380126937,0.47261836851112377,0.15846584317204668,0.47261836851112377,0.9403426931012828,0.7136089577950043,3506.0,0.1715689619873063,-0.09446004579888101,0.5352890318858486,0.28639104220499567,0.23979271118135562,1.9666024370141009,0.5273816314888762,0.14600875799340673,1.2892829037969704,0.14994728732462898,-0.11416531108110316,0.4055003700559277,0.05965730689871714,-0.030059310592261294,0.5792938637355826,0.09766554295123941,0.5273816314888762,0.05965730689871714,0.9403426931012828,0.47261836851112377,0.850052712675371,1849.0,665.0,1849.0,665.0,10482.0,12331.0,2322.0,10482.0,1657.0,0.7136089577950043,0.08803403429283399,-0.08803403429283399,0.03526891676623621,0.0006219482449318488,0.0006170425536209423,0.03526891676623621,0.0006219482449318488,0.0006170425536209423,0.44196276528965517,-0.0351161206075159,0.37652775697282215,-0.14600875799340668,0.14600875799340668,-0.17697901113122938,-0.12493779233217173,0.15269934739096064,0.9403426931012828,0.47261836851112377,-0.14600875799340668,0.23926840919948134,[0.72372893],11147.0,-0.19359515032530977,1.0108897248677533,0.5686341798215512,0.4824627672967819,0.1715689619873063,0.7064805308062033,0.7064805308062033,0.7686748620824161,-145895966.6455882,-0.11594944740114543,0.8539912420065933,0.5161993769470405,0.5945958216542379,,,,,,,
ab0f8ebb-05c7-40cf-820c-1eb725a7a660,RandomForestClassifier,BASE_LINE,FAIR_PCA,FAIR_PCA,0.7996314747833209,0.5162578436965203,0.20814850201323962,0.5162578436965203,0.8887593074369785,0.5934426229508196,3506.0,0.20036852521667914,-0.08944248978398861,0.6117645650749385,0.4065573770491803,0.2738327027952114,1.772677649373002,0.4837421563034798,0.14109107518767128,1.3054910560715514,0.14616909419977592,-0.11260248903576142,0.40184043287801297,0.11124069256302144,-0.045703629601378026,0.6461755578060174,0.10620751797591695,0.4837421563034798,0.11124069256302144,0.8887593074369785,0.5162578436965203,0.853830905800224,1696.0,1240.0,1696.0,1240.0,9907.0,11603.0,3050.0,9907.0,1810.0,0.5934426229508196,0.09339735239452468,-0.09339735239452468,0.028345301841280427,0.00040172806823664774,0.00039916274330430504,0.028345301841280427,0.00040172806823664774,0.00039916274330430504,0.4608850572017213,-0.2477608350484113,0.4659457978547575,-0.14109107518767133,0.14109107518767133,-0.19321759591548643,-0.13543342492775307,0.15269668942536785,0.8887593074369785,0.5162578436965203,-0.14109107518767133,0.23926840919948134,[0.72372893],11147.0,-0.19359515032530977,1.0108897248677533,0.5521659548505186,0.42562125227974085,0.20036852521667914,0.7025085755667494,0.7025085755667494,0.7681210165591326,-567030211.9157853,-0.09538744558629325,0.8589089248123287,0.5336084905660378,0.6107076479312916,,,,,,,
ab0f8ebb-05c7-40cf-820c-1eb725a7a660,BaggingClassifier,BASE_LINE,FAIR_PCA,FAIR_PCA,0.8031119907186242,0.4860239589275528,0.1901999590527537,0.4860239589275528,0.9028438144792321,0.6114101184068891,3506.0,0.19688800928137584,-0.08665289993013026,0.6165215301273872,0.38858988159311086,0.29929535391892886,1.9067840317381601,0.5139760410724472,0.13576627477459585,1.2754381547139404,0.1518624641833811,-0.11659745606793456,0.40151963303212224,0.09715618552076792,-0.030805360024213857,0.7180060691837504,0.10753432146202842,0.5139760410724472,0.09715618552076792,0.9028438144792321,0.4860239589275528,0.8481375358166189,1802.0,1083.0,1802.0,1083.0,10064.0,11866.0,2787.0,10064.0,1704.0,0.6114101184068891,0.08328581739940483,-0.08328581739940483,0.03682215688351799,0.0006779356187772055,0.0006723619650133972,0.03682215688351799,0.0006779356187772055,0.0006723619650133972,0.46375493843630045,-0.28027705441054596,0.4813281380823544,-0.1357662747745958,0.1357662747745958,-0.2079464049934317,-0.11943943245884978,0.15806092054149065,0.9028438144792321,0.4860239589275528,-0.1357662747745958,0.23926840919948134,[0.72372893],11147.0,-0.19359515032530977,1.0108897248677533,0.5415541077387573,0.42273309909706225,0.19688800928137584,0.6944338867033925,0.6944338867033925,0.7522703805873302,-1067122592.990076,-0.104960914750382,0.8642337252254042,0.5122886133032695,0.5927513982810286,,,,,,,
ab0f8ebb-05c7-40cf-820c-1eb725a7a660,BernoulliNB,BASE_LINE,FAIR_PCA,FAIR_PCA,0.8065925066539276,0.414717626925271,0.15259673786937827,0.414717626925271,0.9298465954965461,0.6502683363148479,3506.0,0.19340749334607243,-0.10681988218895455,0.5340509081578577,0.34973166368515207,0.27278785927695604,1.8999087030239794,0.5852823730747291,0.13839764467569604,1.2454693554068335,0.1652573085286301,-0.1276414209927187,0.3975630657098152,0.07015340450345385,-0.03265556261545622,0.6063900691154797,0.11142561990657875,0.5852823730747291,0.07015340450345385,0.9298465954965461,0.414717626925271,0.8347426914713699,2052.0,782.0,2052.0,782.0,10365.0,12417.0,2236.0,10365.0,1454.0,0.6502683363148479,0.08552660364557615,-0.08552660364557615,0.041802987133964985,0.0008737448666612211,0.0008656323714085673,0.041802987133964985,0.0008737448666612211,0.0008656323714085673,0.4720712232419569,-0.11527909940731651,0.40797541234108636,-0.1383976446756961,0.1383976446756961,-0.20021464013483734,-0.11273763203775944,0.17166427064638456,0.9298465954965461,0.414717626925271,-0.1383976446756961,0.23926840919948134,[0.72372893],11147.0,-0.19359515032530977,1.0108897248677533,0.5064437478230581,0.4088000093629701,0.19340749334607243,0.6722821112109085,0.6722821112109085,0.7297801168744551,-172265008.0065001,-0.10574208206023983,0.861602355324304,0.4560137995922848,0.5408854990117525,,,,,,,
ab0f8ebb-05c7-40cf-820c-1eb725a7a660,BaggingClassifier,BASE_LINE,FAIR_PCA,HYPERPARAMETER,0.8201733433426602,0.35710211066742725,0.11144475534020337,0.35710211066742725,0.9658204001076522,0.7666870789957134,3506.0,0.17982665665733977,-0.11239772499581802,0.4833313264592616,0.23331292100428658,0.24624061278761938,2.248216051730696,0.6428978893325727,0.1332999860984232,1.214234703648144,0.17311827956989248,-0.13307217355856707,0.3976733196822754,0.034179599892347715,-0.016356745579792147,0.5970887470635927,0.10745995797424092,0.6428978893325727,0.034179599892347715,0.9658204001076522,0.35710211066742725,0.8268817204301075,2254.0,381.0,2254.0,381.0,10766.0,13020.0,1633.0,10766.0,1252.0,0.7666870789957134,0.07482836583910765,-0.07482836583910765,0.05360947449544337,0.0014369878778387965,0.0014200887541392572,0.05360947449544337,0.0014369878778387965,0.0014200887541392572,0.46359455987800574,0.06781694714620201,0.3394810088502134,-0.13329998609842317,0.13329998609842317,-0.18965639317309324,-0.09457307658820896,0.1780921375708717,0.9658204001076522,0.35710211066742725,-0.13329998609842317,0.23926840919948134,[0.72372893],11147.0,-0.19359515032530977,1.0108897248677533,0.487254329636116,0.4378090074773881,0.17982665665733977,0.6614612553875397,0.6614612553875397,0.710957320194074,-141604786.86535013,-0.11694324051863104,0.8667000139015767,0.41214714838284916,0.4994641132075625,,,,,,,
ab0f8ebb-05c7-40cf-820c-1eb725a7a660,RandomForestClassifier,BASE_LINE,FAIR_PCA,HYPERPARAMETER,0.8247457858459019,0.439532230462065,0.14631816010373302,0.439532230462065,0.9459047277294339,0.71875,3506.0,0.17525421415409814,-0.09816994566667825,0.5284743014253678,0.28125,0.2561476881819125,2.0692676750849603,0.560467769537935,0.137307860348731,1.2546686802460496,0.15708689743384763,-0.12054775245897338,0.4005825283176534,0.05409527227056607,-0.02391706198847087,0.6232228420699961,0.10125593571869694,0.560467769537935,0.05409527227056607,0.9459047277294339,0.439532230462065,0.8429131025661524,1965.0,603.0,1965.0,603.0,10544.0,12509.0,2144.0,10544.0,1541.0,0.71875,0.08061246116860094,-0.08061246116860094,0.04175323091184096,0.0008716661457887557,0.0008635821602422443,0.04175323091184096,0.0008716661457887557,0.0008635821602422443,0.45001319029267783,-0.057385591078099374,0.38498280367753734,-0.137307860348731,0.137307860348731,-0.18834772032044292,-0.11338905786758634,0.16045283185865275,0.9459047277294339,0.439532230462065,-0.137307860348731,0.23926840919948134,[0.72372893],11147.0,-0.19359515032530977,1.0108897248677533,0.5454867256637168,0.4652802572444888,0.17525421415409814,0.6927184790957495,0.6927184790957495,0.748560220592628,-149495927.62497762,-0.11339079836026011,0.862692139651269,0.48681093034275785,0.5695265426015769,,,,,,,
ab0f8ebb-05c7-40cf-820c-1eb725a7a660,GradientBoostingClassifier,BASE_LINE,FAIR_PCA,HYPERPARAMETER,0.8325940080529585,0.5196805476326298,0.17682385859550945,0.5196805476326298,0.9310128285637391,0.7032033963720571,3506.0,0.16740599194704153,-0.08299114938212626,0.5749595842270483,0.29679660362794286,0.2549748683375363,2.002715374755448,0.4803194523673702,0.15384577193470234,1.3370496867386008,0.13961200464267948,-0.10441021050474145,0.4148549075485016,0.06898717143626087,-0.030736460164910002,0.6207490325007279,0.09300612563876336,0.4803194523673702,0.06898717143626087,0.9310128285637391,0.5196805476326298,0.8603879953573205,1684.0,769.0,1684.0,769.0,10378.0,12062.0,2591.0,10378.0,1822.0,0.7032033963720571,0.09229111604980617,-0.09229111604980617,0.03006671748963584,0.0004520037503007868,0.0004489476531569956,0.03006671748963584,0.0004520037503007868,0.0004489476531569956,0.4312913763078584,-0.0858711770415499,0.39619725422561064,-0.15384577193470234,0.15384577193470234,-0.17969253942113883,-0.13389586361204875,0.14207876277926554,0.9310128285637391,0.5196805476326298,-0.15384577193470234,0.23926840919948134,[0.72372893],11147.0,-0.19359515032530977,1.0108897248677533,0.5976709857306872,0.5039909792186003,0.16740599194704153,0.7253466880981845,0.7253466880981845,0.7922897434657965,-187895105.85592383,-0.12310931176979234,0.8461542280652976,0.5559539247844992,0.6277151208762755,,,,,,,
ab0f8ebb-05c7-40cf-820c-1eb725a7a660,XGBClassifier,BASE_LINE,FAIR_PCA,SMOTE,0.7914420255237835,0.6634341129492299,0.2867672149047977,0.6634341129492299,0.8317035973804611,0.5535459305092812,3506.0,0.2085579744762165,-0.07666869457814851,0.6727547521206253,0.4464540694907187,0.25141485467997765,1.6267179264634755,0.3365658870507701,0.21303297652619457,1.7018950795000982,0.1129078557075878,-0.07535448228849516,0.47268626465303326,0.16829640261953888,-0.0910494255385616,0.553712873662651,0.09400826304647167,0.3365658870507701,0.16829640261953888,0.8317035973804611,0.6634341129492299,0.8870921442924122,1180.0,1876.0,1180.0,1876.0,9271.0,10451.0,4202.0,9271.0,2326.0,0.5535459305092812,0.15204120103237806,-0.15204120103237806,0.002835647872734628,4.02044942907221e-06,4.023104253214879e-06,0.002835647872734628,4.02044942907221e-06,4.023104253214879e-06,0.43360872465039646,-0.1791200696566333,0.4350979230553752,-0.21303297652619452,0.21303297652619452,-0.1633846684842364,-0.19988574928864344,0.1230317483306054,0.8317035973804611,0.6634341129492299,-0.21303297652619452,0.23926840919948134,[0.72372893],11147.0,-0.19359515032530977,1.0108897248677533,0.6035288012454593,0.4670937030633079,0.2085579744762165,0.7475688551648456,0.7475688551648455,0.8612301217585084,-213983010.1086115,-0.12198355098763297,0.7869670234738054,0.6320652173913043,0.6764478449463422,,,,,,,
ab0f8ebb-05c7-40cf-820c-1eb725a7a660,GradientBoostingClassifier,BASE_LINE,FAIR_PCA,SMOTE,0.7799085511499352,0.7164860239589276,0.32368798198321164,0.7164860239589276,0.7998564636224993,0.5296226017288636,3506.0,0.22009144885006482,-0.07260081861781498,0.7030077436709888,0.4703773982711364,0.24902711903817898,1.5859994949211518,0.2835139760410724,0.23448732970568376,1.948840806814529,0.10030272452068617,-0.060297895875300836,0.5174520846482072,0.20014353637750068,-0.10996505315416533,0.5479955885519927,0.09054888449975276,0.2835139760410724,0.20014353637750068,0.7998564636224993,0.7164860239589276,0.8996972754793138,994.0,2231.0,994.0,2231.0,8916.0,9910.0,4743.0,8916.0,2512.0,0.5296226017288636,0.17222619142992454,-0.17222619142992454,0.012540375232944906,7.8630505491529e-05,7.886252028924119e-05,0.012540375232944906,7.8630505491529e-05,7.886252028924119e-05,0.4255558353489064,-0.1940244577557093,0.4416606015714392,-0.23448732970568376,0.23448732970568376,-0.15466250745673987,-0.2223952534003655,0.1135946791090556,0.7998564636224993,0.7164860239589276,-0.23448732970568376,0.23926840919948134,[0.72372893],11147.0,-0.19359515032530977,1.0108897248677533,0.6090435204267184,0.4708249073337381,0.22009144885006482,0.7581712437907133,0.7581712437907134,0.8887481895604769,-176915343.64432773,-0.12452227655151843,0.7655126702943162,0.6584103269772622,0.690618301812079,,,,,,,
ab0f8ebb-05c7-40cf-820c-1eb725a7a660,AdaBoostClassifier,BASE_LINE,FAIR_PCA,SMOTE,0.7728792738688324,0.69281232173417,0.31938852112195454,0.69281232173417,0.7980622589037409,0.5190170940170941,3506.0,0.22712072613116763,-0.07828270991139863,0.6910577771798229,0.480982905982906,0.2554632309249332,1.586286592545839,0.30718767826583,0.26303769313262104,1.9874748378438827,0.10799157725859822,-0.06361957080174979,0.5254737969983555,0.2019377410962591,-0.11668051077852387,0.5289667580371152,0.09458693907108622,0.30718767826583,0.2019377410962591,0.7980622589037409,0.69281232173417,0.8920084227414018,1077.0,2251.0,1077.0,2251.0,8896.0,9973.0,4680.0,8896.0,2429.0,0.5190170940170941,0.18985910195557246,-0.18985910195557246,0.014578644579835869,0.00010626843889258886,0.00010663376753573994,0.014578644579835869,0.00010626843889258886,0.00010663376753573994,0.4349412352745741,-0.15852599090785036,0.42624703286712107,-0.26303769313262104,0.26303769313262104,-0.1595414008633415,-0.22694357810483945,0.12009389719808077,0.7980622589037409,0.69281232173417,-0.26303769313262104,0.23926840919948134,[0.72372893],11147.0,-0.19359515032530977,1.0108897248677533,0.5934522355240655,0.4491792272248431,0.22712072613116763,0.7454372903189554,0.7454372903189554,0.8869653448231076,-147090027.65703565,-0.14635718235409717,0.736962306867379,0.6392946440321094,0.6688412296579206,,,,,,,
ab0f8ebb-05c7-40cf-820c-1eb725a7a660,RandomForestClassifier,BASE_LINE,FAIR_PCA,SMOTE,0.7784753975295161,0.598687963491158,0.2687504265338156,0.598687963491158,0.8350228761101641,0.5330116810563738,3506.0,0.2215246024704839,-0.08363430313792353,0.6649121089091261,0.4669883189436262,0.25741885276604537,1.6193772701668512,0.401312036508842,0.14945063947253445,1.3952435661764706,0.13131124591693888,-0.10063465255294923,0.40841200677801986,0.16497712388983582,-0.07241689161238567,0.6255328062730531,0.1040991205618719,0.401312036508842,0.16497712388983582,0.8350228761101641,0.598687963491158,0.8686887540830611,1407.0,1839.0,1407.0,1839.0,9308.0,10715.0,3938.0,9308.0,2099.0,0.5330116810563738,0.11093376554246007,-0.11093376554246007,0.013623159931575712,9.279524326064498e-05,9.250597218621963e-05,0.013623159931575712,9.279524326064498e-05,9.250597218621963e-05,0.4562874544886631,-0.3055624977296294,0.49376089791038863,-0.14945063947253445,0.14945063947253445,-0.1790267526594973,-0.16389334940288158,0.1399462306580211,0.8350228761101641,0.598687963491158,-0.14945063947253445,0.23926840919948134,[0.72372893],11147.0,-0.19359515032530977,1.0108897248677533,0.5639441160666309,0.4173988895439718,0.2215246024704839,0.716855419800661,0.7168554198006611,0.7963788908686694,-592586627.89005,-0.07703374786014879,0.8505493605274654,0.5807969009407858,0.6494553404587491,,,,,,,
ab0f8ebb-05c7-40cf-820c-1eb725a7a660,BaggingClassifier,BASE_LINE,FAIR_PCA,SMOTE,0.776496280625128,0.5453508271534512,0.24520575991264587,0.5453508271534512,0.8491970933883556,0.5321458391316448,3506.0,0.223503719374872,-0.08875555252524692,0.649584728554013,0.46785416086835513,0.27240859654619437,1.6580734075826757,0.45464917284654877,0.16029635182905033,1.372975486345363,0.14412296564195298,-0.10941141651407156,0.41091449427537585,0.1508029066116444,-0.06452068416986406,0.6336436592064886,0.11041914671124449,0.45464917284654877,0.1508029066116444,0.8491970933883556,0.5453508271534512,0.855877034358047,1594.0,1681.0,1594.0,1681.0,9466.0,11060.0,3593.0,9466.0,1912.0,0.5321458391316448,0.1124085179994572,-0.1124085179994572,0.01979962445454818,0.00019601256427057115,0.00019513030233724057,0.01979962445454818,0.00019601256427057115,0.00019513030233724057,0.4699343501197683,-0.2948830084570646,0.4884903414727503,-0.16029635182905033,0.16029635182905033,-0.19091000653013293,-0.15141442439148867,0.15217795494778674,0.8491970933883556,0.5453508271534512,-0.16029635182905033,0.23926840919948134,[0.72372893],11147.0,-0.19359515032530977,1.0108897248677533,0.5386674179461896,0.39127179537760515,0.223503719374872,0.6972739602709033,0.6972739602709034,0.775653492784568,-1140943189.7886448,-0.09577566765918627,0.8397036481709497,0.5419885195946424,0.6146267143010518,,,,,,,
ab0f8ebb-05c7-40cf-820c-1eb725a7a660,BernoulliNB,BASE_LINE,FAIR_PCA,SMOTE,0.6872312836961715,0.7373074729035939,0.4263290793694124,0.7373074729035939,0.6714811159953351,0.4137986233392028,3506.0,0.3127687163038285,-0.13954038434896854,0.6119493910249764,0.5862013766607972,0.19836812039017948,1.3592991200204476,0.26269252709640617,0.28959466973825315,2.329890560875513,0.10956459671663098,-0.06953548063258025,0.5080769021295136,0.32851888400466495,-0.23729921733675746,0.43716215047647233,0.09856449239559541,0.26269252709640617,0.32851888400466495,0.6714811159953351,0.7373074729035939,0.890435403283369,921.0,3662.0,921.0,3662.0,7485.0,8406.0,6247.0,7485.0,2585.0,0.4137986233392028,0.2634469435375053,-0.2634469435375053,0.047457325223641746,0.0011260988586912516,0.0011391557535454387,0.047457325223641746,0.0011260988586912516,0.0011391557535454387,0.44399209991979677,-0.12222683810793133,0.41109496709754634,-0.2895946697382531,0.2895946697382531,-0.1339518005113799,-0.3129011642568193,0.12037960736327379,0.6714811159953351,0.7373074729035939,-0.2895946697382531,0.23926840919948134,[0.72372893],11147.0,-0.19359515032530977,1.0108897248677533,0.5300933046242182,0.3526576221182243,0.3127687163038285,0.7043942944494646,0.7043942944494646,0.8899648183674334,-198925901.68420607,-0.05229545240149569,0.7104053302617469,0.6167611094542201,0.6451066697776524,,,,,,,
ab0f8ebb-05c7-40cf-820c-1eb725a7a660,BaggingClassifier,BASE_LINE,FAIR_PCA,HYPERPARAMETER_SMOTE,0.7950590322800791,0.6417569880205363,0.2727769057530881,0.6417569880205363,0.8432762178164529,0.5629221916437328,3506.0,0.20494096771992087,-0.08255022276946034,0.6451616031419577,0.4370778083562672,0.2477118764298002,1.6272215985630896,0.3582430119794638,0.230891537911586,1.7161264243917465,0.11786786786786786,-0.07773623730264724,0.47749852644430085,0.15672378218354716,-0.0934550804987337,0.5167444921386091,0.09540799153971492,0.3582430119794638,0.15672378218354716,0.8432762178164529,0.6417569880205363,0.8821321321321322,1256.0,1747.0,1256.0,1747.0,9400.0,10656.0,3997.0,9400.0,2250.0,0.5629221916437328,0.16217330920515982,-0.16217330920515982,0.00402210806625328,8.08867664830985e-06,8.096262250133276e-06,0.00402210806625328,8.08867664830985e-06,8.096262250133276e-06,0.4368248883470696,-0.1097818989555297,0.40592312949682857,-0.23089153791158595,0.23089153791158595,-0.16272405686622368,-0.20239862155495272,0.126962512404205,0.8432762178164529,0.6417569880205363,-0.23089153791158595,0.23926840919948134,[0.72372893],11147.0,-0.19359515032530977,1.0108897248677533,0.5997600959616154,0.4646139531187382,0.20494096771992087,0.7425166029184945,0.7425166029184946,0.8629329775535606,-150186320.5643233,-0.13743645741285232,0.7691084620884141,0.6200482259731313,0.6628717571597398,,,,,,,
ab0f8ebb-05c7-40cf-820c-1eb725a7a660,RandomForestClassifier,BASE_LINE,FAIR_PCA,HYPERPARAMETER_SMOTE,0.7625059714734184,0.762407301768397,0.3630655838394868,0.762407301768397,0.7625370054723244,0.5024436090225564,3506.0,0.23749402852658164,-0.08073310295189384,0.694868986669395,0.4975563909774436,0.2359414701935325,1.5174652264204502,0.23759269823160298,0.2736115800135044,2.4021410034602075,0.08925318761384335,-0.04387021402895647,0.5936312700501161,0.2374629945276756,-0.1465405822871931,0.5031702180112883,0.0879581732385902,0.23759269823160298,0.2374629945276756,0.7625370054723244,0.762407301768397,0.9107468123861566,833.0,2647.0,833.0,2647.0,8500.0,9333.0,5320.0,8500.0,2673.0,0.5024436090225564,0.21007608115034876,-0.21007608115034876,0.027613749497383735,0.0003812595806521303,0.00038377719498341686,0.027613749497383735,0.0003812595806521303,0.00038377719498341686,0.4194238267876307,-0.15282908230154568,0.4238486674320883,-0.2736115800135044,0.2736115800135044,-0.13990584211124452,-0.25931544158921416,0.10612761888862103,0.7625370054723244,0.762407301768397,-0.2736115800135044,0.23926840919948134,[0.72372893],11147.0,-0.19359515032530977,1.0108897248677533,0.6057104010876955,0.4657273446179628,0.23749402852658164,0.7624721536203607,0.7624721536203607,0.9226493156391926,-164001418.3632673,-0.12707099772631128,0.7263884199864956,0.6750852380351055,0.6913616786736047,,,,,,,
ab0f8ebb-05c7-40cf-820c-1eb725a7a660,GradientBoostingClassifier,BASE_LINE,FAIR_PCA,HYPERPARAMETER_SMOTE,0.791169043881799,0.6756988020536223,0.29290930184945063,0.6756988020536223,0.8274872162913789,0.5519571295433364,3506.0,0.20883095611820102,-0.07860997906246148,0.6657874427283297,0.4480428704566636,0.24215358746874932,1.5985017088174984,0.32430119794637763,0.20796758946657662,1.7121387283236993,0.10973844223530548,-0.07361221955075656,0.471183430880461,0.17251278370862116,-0.09648252208728293,0.5413525581619266,0.09275859877434446,0.32430119794637763,0.17251278370862116,0.8274872162913789,0.6756988020536223,0.8902615577646945,1137.0,1923.0,1137.0,1923.0,9224.0,10361.0,4292.0,9224.0,2369.0,0.5519571295433364,0.1522250557769298,-0.1522250557769298,0.00517857244762879,1.340880629767002e-05,1.3425016756015847e-05,0.00517857244762879,1.340880629767002e-05,1.3425016756015847e-05,0.4307170736674934,-0.1740342540577069,0.4328941635002484,-0.20796758946657667,0.20796758946657667,-0.15788290350975293,-0.20515065285046477,0.12041779406284829,0.8274872162913789,0.6756988020536223,-0.20796758946657667,0.23926840919948134,[0.72372893],11147.0,-0.19359515032530977,1.0108897248677533,0.6075916901769685,0.4717184123015353,0.20883095611820102,0.7515930091725006,0.7515930091725006,0.866004296915335,-195455009.72167754,-0.11148506737929369,0.7920324105334233,0.6398379473328831,0.6836257398179547,,,,,,,
ab0f8ebb-05c7-40cf-820c-1eb725a7a660,XGBClassifier,BASE_LINE,FAIR_PCA,ROS,0.7719920835323825,0.7863662293211637,0.36504470074387496,0.7863662293211637,0.76747106844891,0.5154234436343241,3506.0,0.22800791646761753,-0.05053963585160337,0.7936880944858657,0.4845765563656758,0.25010387442178666,1.5795425127475704,0.2136337706788363,0.14530995551495415,1.7604383184369155,0.08050300945829751,-0.05414335373796624,0.4718631519658805,0.23252893155108997,-0.09176019797248744,0.6582828031524849,0.08371188477281863,0.2136337706788363,0.23252893155108997,0.76747106844891,0.7863662293211637,0.9194969905417025,749.0,2592.0,749.0,2592.0,8555.0,9304.0,5349.0,8555.0,2757.0,0.5154234436343241,0.11853507674372081,-0.11853507674372081,0.003651472521095217,6.66662578615673e-06,6.6722994174759185e-06,0.003651472521095217,6.66662578615673e-06,6.6722994174759185e-06,0.40917449767261554,-0.38134465992753785,0.5327161123764816,-0.14530995551495418,0.14530995551495418,-0.15212361407987646,-0.20230090245820972,0.09935421339430271,0.76747106844891,0.7863662293211637,-0.14530995551495418,0.23926840919948134,[0.72372893],11147.0,-0.19359515032530977,1.0108897248677533,0.6226990400903445,0.4907903401749446,0.22800791646761753,0.7769186488850368,0.7769186488850368,0.8690107605542525,-227249664.5023688,-0.053549757542466714,0.8546900444850458,0.695027415390433,0.7411801179721793,,,,,,,
ab0f8ebb-05c7-40cf-820c-1eb725a7a660,GradientBoostingClassifier,BASE_LINE,FAIR_PCA,ROS,0.7596396642325803,0.8254420992584142,0.39609636251962055,0.8254420992584142,0.7389432134206513,0.49862164024810474,3506.0,0.24036033576741966,-0.05658084013857645,0.7818332437270573,0.5013783597518953,0.23261580150732492,1.5143156712226176,0.17455790074158586,0.137166362155936,1.894904768074631,0.06916035710249746,-0.0452404467226383,0.4861123705976967,0.2610567865793487,-0.11386864709370534,0.627548906126142,0.08061467645375009,0.17455790074158586,0.2610567865793487,0.7389432134206513,0.8254420992584142,0.9308396428975025,612.0,2910.0,612.0,2910.0,8237.0,8849.0,5804.0,8237.0,2894.0,0.49862164024810474,0.12551750462482064,-0.12551750462482064,0.011259696979384125,6.3390388033776e-05,6.355810183017998e-05,0.011259696979384125,6.3390388033776e-05,6.355810183017998e-05,0.40153375064557173,-0.37567994519549675,0.5297193068621138,-0.13716636215593592,0.13716636215593592,-0.13892812411498162,-0.22118069986425443,0.09230520180393977,0.7389432134206513,0.8254420992584142,-0.13716636215593592,0.23926840919948134,[0.72372893],11147.0,-0.19359515032530977,1.0108897248677533,0.6216970998925886,0.4923226996307262,0.24036033576741966,0.7821926563395327,0.7821926563395327,0.8803715266991308,-186983860.81185645,-0.02329771506223066,0.8628336378440641,0.7092268104398971,0.7539688305886623,,,,,,,
ab0f8ebb-05c7-40cf-820c-1eb725a7a660,AdaBoostClassifier,BASE_LINE,FAIR_PCA,ROS,0.7478332082167474,0.8285795778665146,0.4094042175663687,0.8285795778665146,0.722436530008074,0.48424737456242706,3506.0,0.25216679178325263,-0.0523116352653723,0.8060525205850477,0.5157526254375729,0.23723330121420755,1.511031001147669,0.17142042213348546,0.13435253405886324,1.8922695199155897,0.0694476542639242,-0.04560329758171485,0.48466228741739276,0.2775634699919261,-0.11280888556351143,0.6494644996297126,0.08151391139549295,0.17142042213348546,0.2775634699919261,0.722436530008074,0.8285795778665146,0.9305523457360758,601.0,3094.0,601.0,3094.0,8053.0,8654.0,5999.0,8053.0,2905.0,0.48424737456242706,0.12358070981118735,-0.12358070981118735,0.009579628236493044,4.5884638574707404e-05,4.5987737459233415e-05,0.009579628236493044,4.5884638574707404e-05,4.5987737459233415e-05,0.4037670402484407,-0.41215624700935805,0.5494101575072957,-0.13435253405886327,0.13435253405886327,-0.14141829939796122,-0.21733462411110716,0.09303734752850507,0.722436530008074,0.8285795778665146,-0.13435253405886327,0.23926840919948134,[0.72372893],11147.0,-0.19359515032530977,1.0108897248677533,0.6112572330352446,0.47808087958665424,0.25216679178325263,0.7755080539372943,0.7755080539372943,0.8713458897071575,-147124951.35989296,-0.021543648495351814,0.8656474659411367,0.7035175879396985,0.7503635852294074,,,,,,,
ab0f8ebb-05c7-40cf-820c-1eb725a7a660,RandomForestClassifier,BASE_LINE,FAIR_PCA,ROS,0.7844127482426807,0.5824301197946378,0.2550330990240906,0.5824301197946378,0.8479411500852247,0.5464276157345465,3506.0,0.2155872517573193,-0.07806535907736467,0.6771264503070423,0.4535723842654536,0.2695779733694425,1.678886047172492,0.41756988020536223,0.12150350518330227,1.304736140857698,0.1341150604617076,-0.10568072205703449,0.39311883404673337,0.15205884991477528,-0.053793236012028886,0.6893475014957513,0.10435323592839181,0.41756988020536223,0.15205884991477528,0.8479411500852247,0.5824301197946378,0.8658849395382924,1464.0,1695.0,1464.0,1695.0,9452.0,10916.0,3737.0,9452.0,2042.0,0.5464276157345465,0.08764837059766553,-0.08764837059766553,0.02297728671526345,0.00026397785239771105,0.00026260361628536734,0.02297728671526345,0.00026397785239771105,0.00026260361628536734,0.4568440344984091,-0.36660719408071807,0.5248456813710162,-0.12150350518330216,0.12150350518330216,-0.18762934771323855,-0.14416658352814485,0.14223042286609777,0.8479411500852247,0.5824301197946378,-0.12150350518330216,0.23926840919948134,[0.72372893],11147.0,-0.19359515032530977,1.0108897248677533,0.5638547563164434,0.4212451519011022,0.2155872517573193,0.7151856349399313,0.7151856349399313,0.7778704905172732,-632326746.3522238,-0.06771026917127339,0.8784964948166978,0.5729919326552086,0.6481218821382948,,,,,,,
ab0f8ebb-05c7-40cf-820c-1eb725a7a660,BaggingClassifier,BASE_LINE,FAIR_PCA,ROS,0.7859141472735959,0.5590416428978894,0.24233945267180781,0.5590416428978894,0.8572710146227684,0.551957195156294,3506.0,0.21408585272640412,-0.08682485880238078,0.643020766342914,0.448042804843706,0.2609802835676794,1.6606209324655927,0.4409583571021107,0.12210549310878971,1.289341176470588,0.1392541884345163,-0.11045865258018821,0.38973803622497616,0.14272898537723155,-0.05687907875520605,0.6553677285440378,0.10638378889005315,0.4409583571021107,0.14272898537723155,0.8572710146227684,0.5590416428978894,0.8607458115654837,1546.0,1591.0,1546.0,1591.0,9556.0,11102.0,3551.0,9556.0,1960.0,0.551957195156294,0.0894922859319979,-0.0894922859319979,0.023327806708826927,0.00027209328292219533,0.0002706557238094103,0.023327806708826927,0.00027209328292219533,0.0002706557238094103,0.46126736041053923,-0.32704456780758284,0.5044628465028305,-0.12210549310878976,0.12210549310878976,-0.1857194680739338,-0.14403966150338843,0.14699450950401516,0.8572710146227684,0.5590416428978894,-0.12210549310878976,0.23926840919948134,[0.72372893],11147.0,-0.19359515032530977,1.0108897248677533,0.555476831514808,0.4145039028707802,0.21408585272640412,0.7081563287603289,0.708156328760329,0.7715308574183023,-1184675461.9308739,-0.06522641435358366,0.8778945068912102,0.5572535361432939,0.6345017107553145,,,,,,,
ab0f8ebb-05c7-40cf-820c-1eb725a7a660,BernoulliNB,BASE_LINE,FAIR_PCA,ROS,0.7522691598989968,0.6956645750142613,0.341363543301713,0.6956645750142613,0.7700726652911097,0.48760495801679327,3506.0,0.2477308401010032,-0.07440761923192041,0.7271440373476546,0.5123950419832067,0.23114802395896028,1.5020509181450359,0.30433542498573873,0.06841189379195295,1.2329149763353617,0.11055849134804684,-0.09653802653496407,0.34986632474901785,0.2299273347088903,-0.08559762711720223,0.675160601629172,0.09768843653753696,0.30433542498573873,0.2299273347088903,0.7700726652911097,0.6956645750142613,0.8894415086519531,1067.0,2563.0,1067.0,2563.0,8584.0,9651.0,5002.0,8584.0,2439.0,0.48760495801679327,0.07700476045457762,-0.07700476045457762,0.010359954905299685,5.36643328199215e-05,5.3536674196357776e-05,0.010359954905299685,5.36643328199215e-05,5.3536674196357776e-05,0.4420145620622401,-0.4569576083664647,0.5745622366097963,-0.068411893791953,0.08559762711720223,-0.16384302524696215,-0.16941477081592232,0.12280507373772657,0.7700726652911097,0.6956645750142613,-0.068411893791953,0.23926840919948134,[0.72372893],11147.0,-0.19359515032530977,1.0108897248677533,0.573342736248237,0.41905200256435127,0.2477308401010032,0.7328686201526856,0.7328686201526855,0.7893029926922198,-194036172.79717457,0.01718573332524928,0.931588106208047,0.6286082474226804,0.7050416794089138,,,,,,,
ab0f8ebb-05c7-40cf-820c-1eb725a7a660,BaggingClassifier,BASE_LINE,FAIR_PCA,HYPERPARAMETER_ROS,0.8114379307991537,0.634626354820308,0.2529857367092063,0.634626354820308,0.8670494303400018,0.6002158079309414,3506.0,0.18856206920084628,-0.07136729780084816,0.6641701249932055,0.3997841920690585,0.2582578640048883,1.7322540559390238,0.36537364517969195,0.17893439448703186,1.5300036764705884,0.11702905170838662,-0.08288447299285887,0.4442596085828814,0.1329505696599982,-0.06336609671865855,0.5984640419343377,0.09165517758242532,0.36537364517969195,0.1329505696599982,0.8670494303400018,0.634626354820308,0.8829709482916134,1281.0,1482.0,1281.0,1482.0,9665.0,10946.0,3707.0,9665.0,2225.0,0.6002158079309414,0.12115024560284518,-0.12115024560284518,0.009203473734142075,4.2351964387521536e-05,4.2262352489822707e-05,0.009203473734142075,4.2351964387521536e-05,4.2262352489822707e-05,0.42814758572815825,-0.19404046516942874,0.4416122546847782,-0.1789343944870318,0.1789343944870318,-0.1705711684988736,-0.17383661216623225,0.12468802426375032,0.8670494303400018,0.634626354820308,-0.1789343944870318,0.23926840919948134,[0.72372893],11147.0,-0.19359515032530977,1.0108897248677533,0.6169416331623457,0.49234448844992,0.18856206920084628,0.750837892580155,0.7508378925801549,0.8418020876741634,-150135602.8122063,-0.11556829776837331,0.8210656055129681,0.625659050966608,0.679569627054324,,,,,,,
ab0f8ebb-05c7-40cf-820c-1eb725a7a660,RandomForestClassifier,BASE_LINE,FAIR_PCA,HYPERPARAMETER_ROS,0.7371186787688528,0.8491158014831717,0.42994608612570806,0.8491158014831717,0.7018928859782901,0.47253968253968254,3506.0,0.26288132123114716,-0.0574181996323857,0.7964966903455015,0.5274603174603174,0.2269858681311283,1.4746592994874337,0.1508841985168283,0.12819860388449777,1.9786707853244392,0.06333053992577517,-0.04106453419664353,0.4916676346740235,0.29810711402170986,-0.12779965176708055,0.6330161758922409,0.07989039106388582,0.1508841985168283,0.29810711402170986,0.7018928859782901,0.8491158014831717,0.9366694600742248,529.0,3323.0,529.0,3323.0,7824.0,8353.0,6300.0,7824.0,2977.0,0.47253968253968254,0.12799912782578915,-0.12799912782578915,0.01390613719364326,9.669032582421422e-05,9.700716500766309e-05,0.01390613719364326,9.669032582421422e-05,9.700716500766309e-05,0.3997258837350562,-0.4108564230692866,0.5487035323569717,-0.12819860388449777,0.12819860388449777,-0.13402520116388592,-0.22866120325421718,0.08951452889923628,0.7018928859782901,0.8491158014831717,-0.12819860388449777,0.23926840919948134,[0.72372893],11147.0,-0.19359515032530977,1.0108897248677533,0.6071792779930655,0.4748450195262863,0.26288132123114716,0.775504343730731,0.775504343730731,0.8747682233533755,-169514063.35907698,-0.0003989521174172228,0.8718013961155022,0.7080508978475444,0.7553429308907168,,,,,,,
ab0f8ebb-05c7-40cf-820c-1eb725a7a660,GradientBoostingClassifier,BASE_LINE,FAIR_PCA,HYPERPARAMETER_ROS,0.772265065174367,0.8006274957216201,0.3715962601515048,0.8006274957216201,0.7633443975957657,0.5155188246097338,3506.0,0.227734934825633,-0.05533227918701056,0.7753481775793433,0.4844811753902663,0.23861422348491018,1.5491955175823815,0.1993725042783799,0.1360803014656234,1.7633898729946524,0.07591225021720244,-0.05191575035570755,0.46589705315870567,0.23665560240423433,-0.10043236434002542,0.6361877882142608,0.08198010839767571,0.1993725042783799,0.23665560240423433,0.7633443975957657,0.8006274957216201,0.9240877497827976,699.0,2638.0,699.0,2638.0,8509.0,9208.0,5445.0,8509.0,2807.0,0.5155188246097338,0.11825633290282438,-0.11825633290282438,0.006848667253093238,2.345212157179584e-05,2.3489684390964722e-05,0.006848667253093238,2.345212157179584e-05,2.3489684390964722e-05,0.4049200128363025,-0.3666030429422126,0.5249207476073073,-0.13608030146562333,0.13608030146562333,-0.1452649869203089,-0.21001860130424707,0.09613454993404151,0.7633443975957657,0.8006274957216201,-0.13608030146562333,0.23926840919948134,[0.72372893],11147.0,-0.19359515032530977,1.0108897248677533,0.6271924924589432,0.4979214316284508,0.227734934825633,0.7819859466586929,0.7819859466586929,0.8744607370920936,-205014648.37814036,-0.03564793712559797,0.8639196985343768,0.7033765582910481,0.7498233912812001,,,,,,,
ab0f8ebb-05c7-40cf-820c-1eb725a7a660,XGBClassifier,BASE_LINE,FAIR_PCA,RUS,0.7633249163993722,0.8166001140901312,0.38817989490206783,0.8166001140901312,0.7465685834753746,0.5033403656821378,3506.0,0.23667508360062783,-0.04736136296373539,0.812480589745861,0.49665963431786214,0.2461481478094263,1.5548278705421563,0.1833998859098688,0.13975553084164116,1.8642085226574971,0.071723368655884,-0.04641976059481662,0.488994994537645,0.2534314165246255,-0.09906287414294618,0.6610848942200417,0.0812503192069571,0.1833998859098688,0.2534314165246255,0.7465685834753746,0.8166001140901312,0.928276631344116,643.0,2825.0,643.0,2825.0,8322.0,8965.0,5688.0,8322.0,2863.0,0.5033403656821378,0.11940920249229373,-0.11940920249229373,0.006440567426561205,2.074045438804061e-05,2.0771680865318364e-05,0.006440567426561205,2.074045438804061e-05,2.0771680865318364e-05,0.4031136792691538,-0.40133655541912205,0.543487498570831,-0.13975553084164127,0.13975553084164127,-0.14628395420212142,-0.20926615590369568,0.09381239793793134,0.7465685834753746,0.8166001140901312,-0.13975553084164127,0.23926840919948134,[0.72372893],11147.0,-0.19359515032530977,1.0108897248677533,0.6227974766151838,0.49302452480825953,0.23667508360062783,0.781584348782753,0.781584348782753,0.8749127125513602,-224844430.40839884,-0.040692656698694984,0.8602444691583586,0.7066518573367888,0.7513697017285468,,,,,,,
ab0f8ebb-05c7-40cf-820c-1eb725a7a660,GradientBoostingClassifier,BASE_LINE,FAIR_PCA,RUS,0.7584794922541459,0.8217341699942955,0.3954821538251553,0.8217341699942955,0.7385843724768996,0.49715271786022436,3506.0,0.2415205077458541,-0.056490411329298884,0.78312671738878,0.5028472821397757,0.23510533927938743,1.5184548377750653,0.1782658300057045,0.1480083508757993,1.9530450767263423,0.07055768796568074,-0.04458725883696803,0.5000411280846063,0.2614156275231004,-0.11483543938699448,0.6252912974915701,0.08120618832442293,0.1782658300057045,0.2614156275231004,0.7385843724768996,0.8217341699942955,0.9294423120343193,625.0,2914.0,625.0,2914.0,8233.0,8858.0,5795.0,8233.0,2881.0,0.49715271786022436,0.1314218951313969,-0.1314218951313969,0.011888186827943336,7.066449302804271e-05,7.086202059181505e-05,0.011888186827943336,7.066449302804271e-05,7.086202059181505e-05,0.4030041893688524,-0.3693489854793295,0.5263748695803373,-0.14800835087579933,0.14800835087579933,-0.13984629905817766,-0.22270499661680526,0.09329001293760195,0.7385843724768996,0.8217341699942955,-0.14800835087579933,0.23926840919948134,[0.72372893],11147.0,-0.19359515032530977,1.0108897248677533,0.6195032792172884,0.48890602918757975,0.2415205077458541,0.7801592712355976,0.7801592712355976,0.8826892811657094,-186638190.50663027,-0.03317291148880483,0.8519916491242008,0.7064304542389506,0.7490907074491061,,,,,,,
ab0f8ebb-05c7-40cf-820c-1eb725a7a660,AdaBoostClassifier,BASE_LINE,FAIR_PCA,RUS,0.7504947792260971,0.8285795778665146,0.406742646557019,0.8285795778665146,0.7259352292096528,0.4874161073825503,3506.0,0.2495052207739029,-0.049530233929240164,0.8138840765978069,0.5125838926174496,0.24092250265883702,1.523476234235433,0.17142042213348546,0.13870422409341857,1.9253196210916796,0.06913608650638445,-0.04421047737260661,0.49506457036826995,0.2740647707903472,-0.10930937360136828,0.65511798007654,0.08123926452361087,0.17142042213348546,0.2740647707903472,0.7259352292096528,0.8285795778665146,0.9308639134936155,601.0,3055.0,601.0,3055.0,8092.0,8693.0,5960.0,8092.0,2905.0,0.4874161073825503,0.1240067988473934,-0.1240067988473934,0.008971715912816374,4.024584321014127e-05,4.033047863405215e-05,0.008971715912816374,4.024584321014127e-05,4.033047863405215e-05,0.4030862550958811,-0.41262255439845974,0.5496654976358897,-0.13870422409341854,0.13870422409341854,-0.14256649001572186,-0.21577757328765146,0.09272439150585156,0.7259352292096528,0.8285795778665146,-0.13870422409341854,0.23926840919948134,[0.72372893],11147.0,-0.19359515032530977,1.0108897248677533,0.6137756180012677,0.48160405426030456,0.2495052207739029,0.7772574035380837,0.7772574035380837,0.8736426060312781,-147159719.66773152,-0.02939485049205029,0.8612957759065815,0.7051826677994902,0.7505280121746328,,,,,,,
ab0f8ebb-05c7-40cf-820c-1eb725a7a660,RandomForestClassifier,BASE_LINE,FAIR_PCA,RUS,0.7457858459018631,0.7567027952082145,0.37705589299119635,0.7567027952082145,0.7423522023862923,0.4801809954751131,3506.0,0.25421415409813686,-0.05967820963574633,0.7823868730286044,0.5198190045248868,0.23996265172735765,1.5150300601202404,0.24329720479178552,0.10149516423720062,1.4460366119741666,0.0934487291849255,-0.07493012517194277,0.3938886610720594,0.2576477976137077,-0.09433589143893764,0.6798440237438058,0.09085276013019393,0.24329720479178552,0.2576477976137077,0.7423522023862923,0.7567027952082145,0.9065512708150745,853.0,2872.0,853.0,2872.0,8275.0,9128.0,5525.0,8275.0,2653.0,0.4801809954751131,0.09791552783806913,-0.09791552783806913,0.0024769059309857275,3.0675314954761366e-06,3.065772164846696e-06,0.0024769059309857275,3.0675314954761366e-06,3.065772164846696e-06,0.42626930485361936,-0.45523730990941935,0.5735914594974998,-0.10149516423720062,0.10149516423720062,-0.15744638844965017,-0.18762676535668765,0.10972425224905863,0.7423522023862923,0.7567027952082145,-0.10149516423720062,0.23926840919948134,[0.72372893],11147.0,-0.19359515032530977,1.0108897248677533,0.5875318347912745,0.4393184155292921,0.25421415409813686,0.7495274987972534,0.7495274987972533,0.8229178794711342,-503001793.00031257,-0.007159272798262978,0.8985048357627994,0.6614722932119927,0.7252476073024854,,,,,,,
ab0f8ebb-05c7-40cf-820c-1eb725a7a660,BaggingClassifier,BASE_LINE,FAIR_PCA,RUS,0.7526103869514775,0.7278950370792926,0.3564457790213608,0.7278950370792926,0.7603839598098143,0.488608079647712,3506.0,0.24738961304852247,-0.051243576818072345,0.8063247422745526,0.511391920352288,0.2625714826339248,1.580496647570796,0.27210496292070735,0.13267193271636812,1.52748223450454,0.10116648992576882,-0.07512501118184803,0.426428102547179,0.2396160401901857,-0.07821038742515793,0.7106514667296451,0.09360701612713644,0.27210496292070735,0.2396160401901857,0.7603839598098143,0.7278950370792926,0.8988335100742312,954.0,2671.0,954.0,2671.0,8476.0,9430.0,5223.0,8476.0,2552.0,0.488608079647712,0.10544116007076303,-0.10544116007076303,0.0070945687424140425,2.5166452820419185e-05,2.5125313015956194e-05,0.0070945687424140425,2.5166452820419185e-05,2.5125313015956194e-05,0.4326823687813878,-0.4572679899243268,0.5747483321958745,-0.13267193271636812,0.13267193271636812,-0.1688482469078864,-0.1768096498840489,0.11538848493510658,0.7603839598098143,0.7278950370792926,-0.13267193271636812,0.23926840919948134,[0.72372893],11147.0,-0.19359515032530977,1.0108897248677533,0.584717607973422,0.43494780236546937,0.24738961304852247,0.7441394984445535,0.7441394984445535,0.822602430415023,-1131382188.5813928,-0.054461545291210195,0.867328067283632,0.6484975541579316,0.7080451415454044,,,,,,,
ab0f8ebb-05c7-40cf-820c-1eb725a7a660,BernoulliNB,BASE_LINE,FAIR_PCA,RUS,0.7545895038558657,0.6913861950941244,0.3369958370299597,0.6913861950941244,0.7744684668520678,0.4908869987849332,3506.0,0.24541049614413435,-0.07917979127301211,0.7088767190959042,0.5091130012150669,0.22612151671784697,1.492425351630037,0.30861380490587564,0.07205112801366326,1.2422422714829404,0.11137416366443643,-0.09710480134002111,0.35101808139609036,0.22553153314793217,-0.09002936329035752,0.6548619655184597,0.09786670884751303,0.30861380490587564,0.22553153314793217,0.7744684668520678,0.6913861950941244,0.8886258363355636,1082.0,2514.0,1082.0,2514.0,8633.0,9715.0,4938.0,8633.0,2424.0,0.4908869987849332,0.08104024565201041,-0.08104024565201041,0.008620561332966863,3.7157038847721715e-05,3.708335265782178e-05,0.008620561332966863,3.7157038847721715e-05,3.708335265782178e-05,0.44241769595601177,-0.4328736877376834,0.5608823729629099,-0.07205112801366331,0.09002936329035752,-0.16161315902893408,-0.1735542963063602,0.12342837174453189,0.7744684668520678,0.6913861950941244,-0.07205112801366331,0.23926840919948134,[0.72372893],11147.0,-0.19359515032530977,1.0108897248677533,0.5741354808147797,0.4204733326969738,0.24541049614413435,0.7329273309730961,0.7329273309730961,0.7923239419202283,-192812150.82118803,0.01797823527669426,0.9279488719863368,0.6273291925465838,0.7032737218173948,,,,,,,
ab0f8ebb-05c7-40cf-820c-1eb725a7a660,BaggingClassifier,BASE_LINE,FAIR_PCA,HYPERPARAMETER_RUS,0.7627107077049069,0.7837992013690815,0.37309765918242,0.7837992013690815,0.7560778684847941,0.5026522773001646,3506.0,0.2372892922950931,-0.05410143217175023,0.7882060540312986,0.49734772269983535,0.24292453478936582,1.5465482563356747,0.21620079863091843,0.11833717281645945,1.5981479622565748,0.08251687350315698,-0.06119594943263914,0.42991691475635313,0.2439221315152059,-0.09357488726045318,0.6665563985784798,0.08532372191393862,0.21620079863091843,0.2439221315152059,0.7560778684847941,0.7837992013690815,0.917483126496843,758.0,2719.0,758.0,2719.0,8428.0,9186.0,5467.0,8428.0,2748.0,0.5026522773001646,0.10595603003845634,-0.10595603003845634,0.0015345517044456987,1.1774244668085996e-06,1.1778446324992913e-06,0.0015345517044456987,1.1774244668085996e-06,1.1778446324992913e-06,0.41309495739826846,-0.41492550323094046,0.5509194028400083,-0.1183371728164595,0.1183371728164595,-0.15206024211100247,-0.19727996241303253,0.1012763726111633,0.7560778684847941,0.7837992013690815,-0.1183371728164595,0.23926840919948134,[0.72372893],11147.0,-0.19359515032530977,1.0108897248677533,0.6125041792042795,0.47625777762027505,0.2372892922950931,0.7699385349269379,0.7699385349269379,0.8515181654614216,-159676327.66113406,-0.024762285556006264,0.8816628271835405,0.6876446668751955,0.7420784362508068,,,,,,,
ab0f8ebb-05c7-40cf-820c-1eb725a7a660,RandomForestClassifier,BASE_LINE,FAIR_PCA,HYPERPARAMETER_RUS,0.7371186787688528,0.838562464346834,0.4248959257489934,0.838562464346834,0.7052121647079932,0.47221329906842274,3506.0,0.26288132123114716,-0.05282688520984913,0.8117413783297617,0.5277867009315772,0.23155253837072015,1.486210102262163,0.16143753565316601,0.11135535409302139,1.7724462735914035,0.06716506467307463,-0.047848433482710555,0.4513678446572579,0.2947878352920068,-0.11594050400939118,0.6592707270457198,0.08124838072552565,0.16143753565316601,0.2947878352920068,0.7052121647079932,0.838562464346834,0.9328349353269254,566.0,3286.0,566.0,3286.0,7861.0,8427.0,6226.0,7861.0,2940.0,0.47221329906842274,0.11364792905120631,-0.11364792905120631,0.008622199442961333,3.717116161710137e-05,3.724625773894975e-05,0.008622199442961333,3.717116161710137e-05,3.724625773894975e-05,0.40310887046932037,-0.44368540796607814,0.5670198014310278,-0.11135535409302144,0.11594050400939118,-0.13970048592671536,-0.21524488096485472,0.09193717916091955,0.7052121647079932,0.838562464346834,-0.11135535409302144,0.23926840919948134,[0.72372893],11147.0,-0.19359515032530977,1.0108897248677533,0.6041923551171393,0.46931327853326615,0.26288132123114716,0.7718873145274135,0.7718873145274137,0.8596107092843515,-169189667.70961148,0.004585149916369796,0.8886446459069786,0.7023411371237458,0.7551105404517314,,,,,,,
ab0f8ebb-05c7-40cf-820c-1eb725a7a660,GradientBoostingClassifier,BASE_LINE,FAIR_PCA,HYPERPARAMETER_RUS,0.7643485975568143,0.8185966913861951,0.3881116494915717,0.8185966913861951,0.7472862653628779,0.5046597503077194,3506.0,0.23565140244318572,-0.050412003598268695,0.8004020874206003,0.49534024969228063,0.24156397289097947,1.5443403782072298,0.1814033086138049,0.137767108869206,1.8608991064780342,0.07093464198081642,-0.04631438970174236,0.48575393881799567,0.2527137346371221,-0.10277377803010679,0.649274774621691,0.08087986587337483,0.1814033086138049,0.2527137346371221,0.7472862653628779,0.8185966913861951,0.9290653580191836,636.0,2817.0,636.0,2817.0,8330.0,8966.0,5687.0,8330.0,2870.0,0.5046597503077194,0.12027044344965643,-0.12027044344965643,0.007782592453549886,3.0284372649025817e-05,3.033954815746056e-05,0.007782592453549886,3.0284372649025817e-05,3.033954815746056e-05,0.4021936495604445,-0.39008221252494835,0.5374030729924482,-0.13776710886920607,0.13776710886920607,-0.14393918129636085,-0.21253040822768896,0.09322681178896612,0.7472862653628779,0.8185966913861951,-0.13776710886920607,0.23926840919948134,[0.72372893],11147.0,-0.19359515032530977,1.0108897248677533,0.6243881213967148,0.4954166395230784,0.23565140244318572,0.7829414783745365,0.7829414783745365,0.8771061971737716,-207630597.2982794,-0.034993330839099224,0.8622328911307939,0.7084233261339092,0.7532105230720236,,,,,,,
ab0f8ebb-05c7-40cf-820c-1eb725a7a660,XGBClassifier,PREPROCESSING,DEMV,DEMV,0.8677403944584726,0.6471762692527097,0.2026888691735481,0.6471762692527097,0.9371131246075177,0.763973063973064,3506.0,0.13225960554152738,-0.09345482169168429,0.42882853484605254,0.23602693602693603,0.006355346780878707,1.0270206766917294,0.35282373074729034,0.13068971680502045,1.3929979098238279,0.10588033895403579,-0.08213838342559562,0.403683675252351,0.06288687539248228,-0.06848808052688779,0.23694365544549686,0.07052602204622821,0.35282373074729034,0.06288687539248228,0.9371131246075177,0.6471762692527097,0.8941196610459642,1237.0,701.0,1237.0,701.0,10446.0,11683.0,2970.0,10446.0,2269.0,0.763973063973064,0.09958889866595415,-0.09958889866595415,0.0031296179707047942,4.897254321279198e-06,4.893707894799419e-06,0.0031296179707047942,4.897254321279198e-06,4.893707894799419e-06,0.37556896050187166,0.20921215576252017,0.29490391563788676,-0.1306897168050205,0.1306897168050205,-0.04424686510323715,-0.1872096731795463,0.10610379410539038,0.9371131246075177,0.6471762692527097,-0.1306897168050205,0.23926840919948134,[0.7590391],11147.0,-0.19359515032530977,1.0108897248677533,0.7007411982705374,0.6200940246488377,0.13225960554152738,0.7921446969301137,0.7921446969301137,0.8710335148814597,-257641467.6408411,-0.06220163627813266,0.8693102831949795,0.672894424673784,0.7277011070316354,,,,,,,
ab0f8ebb-05c7-40cf-820c-1eb725a7a660,GradientBoostingClassifier,PREPROCESSING,DEMV,DEMV,0.8570941104210742,0.5864232743867656,0.18426260833958916,0.5864232743867656,0.9422266080559792,0.7614814814814815,3506.0,0.1429058895789258,-0.10243781363902915,0.4221700153015135,0.23851851851851852,0.00819660054709484,1.0345166327153152,0.41357672561323444,0.12623004130754262,1.3203885024446798,0.12130845812766669,-0.09617518497547439,0.39163220609344296,0.05777339194402081,-0.06308394825023052,0.23554442674944273,0.0783191785054475,0.41357672561323444,0.05777339194402081,0.9422266080559792,0.5864232743867656,0.8786915418723333,1450.0,644.0,1450.0,644.0,10503.0,11953.0,2700.0,10503.0,2056.0,0.7614814814814815,0.09465699477888656,-0.09465699477888656,0.011082810670413772,6.141434617811867e-05,6.125817792061387e-05,0.011082810670413772,6.141434617811867e-05,6.125817792061387e-05,0.39577563973910146,0.22228000798327985,0.2910382010015363,-0.12623004130754262,0.12623004130754262,-0.0521858927612846,-0.1714149624940821,0.12105064095906116,0.9422266080559792,0.5864232743867656,-0.12623004130754262,0.23926840919948134,[0.7590391],11147.0,-0.19359515032530977,1.0108897248677533,0.6625845955526909,0.5817451276452693,0.1429058895789258,0.7643249412213724,0.7643249412213724,0.8366736431919365,-194317976.64309955,-0.0631460930573121,0.8737699586924573,0.6221818732032077,0.6882375371748258,40.844456911087036,347.1,1.0,1022813.578994751,19.607667446136475,4264664.395928383,368.41961864825754
ab0f8ebb-05c7-40cf-820c-1eb725a7a660,AdaBoostClassifier,PREPROCESSING,DEMV,DEMV,0.8529311403808094,0.6081003993154592,0.19879888077526786,0.6081003993154592,0.9299363057324841,0.7318915207689667,3506.0,0.14706885961919058,-0.10656060697972547,0.4171493991266253,0.2681084792310333,-0.02131637392410196,0.9212181072762028,0.39189960068454077,0.16929514040592603,1.4630214274075282,0.11703577512776832,-0.08771986533629333,0.42006072409246514,0.07006369426751592,-0.08368463484526159,0.18668620309641037,0.07897864567419857,0.39189960068454077,0.07006369426751592,0.9299363057324841,0.6081003993154592,0.8829642248722317,1374.0,781.0,1374.0,781.0,10366.0,11740.0,2913.0,10366.0,2132.0,0.7318915207689667,0.12648988762559382,-0.12648988762559382,0.0012067169003869504,7.280828388397446e-07,7.282870786240698e-07,0.0012067169003869504,7.280828388397446e-07,7.282870786240698e-07,0.39743841201926766,0.33870081438532296,0.2590385492340555,-0.16929514040592608,0.16929514040592608,-0.03320174570609566,-0.19604731893725072,0.11831660428436737,0.9299363057324841,0.6081003993154592,-0.16929514040592608,0.23926840919948134,[0.7590391],11147.0,-0.19359515032530977,1.0108897248677533,0.6642779249104221,0.5751651584237233,0.14706885961919058,0.7690183525239717,0.7690183525239717,0.8662913975167481,-146401125.0682285,-0.08561050556066443,0.830704859594074,0.6349489985853622,0.6890759897007617,,,,,,,
ab0f8ebb-05c7-40cf-820c-1eb725a7a660,RandomForestClassifier,PREPROCESSING,DEMV,DEMV,0.8521121954548556,0.6286366229321164,0.20944516481266634,0.6286366229321164,0.9224006459136987,0.7181492342782665,3506.0,0.14788780454514439,-0.1142209862016792,0.3866213338888316,0.28185076572173345,-0.008080327008846644,0.9714437575535153,0.37136337706788364,0.07828325455773127,1.2179276315789473,0.112396408839779,-0.0971439716642573,0.35276915871436093,0.07759935408630125,-0.08404341373045579,0.23990642909197935,0.0780873740669321,0.37136337706788364,0.07759935408630125,0.9224006459136987,0.6286366229321164,0.887603591160221,1302.0,865.0,1302.0,865.0,10282.0,11584.0,3069.0,10282.0,2204.0,0.7181492342782665,0.0811633341440935,-0.0811633341440935,0.003670837712035975,6.737524754052756e-06,6.731805199291572e-06,0.003670837712035975,6.737524754052756e-06,6.731805199291572e-06,0.39518950913943074,0.14126078760796146,0.315674038683245,-0.07828325455773122,0.08404341373045579,-0.04453182232770533,-0.18605287793811118,0.11462876195890527,0.9224006459136987,0.6286366229321164,-0.07828325455773122,0.23926840919948134,[0.7590391],11147.0,-0.19359515032530977,1.0108897248677533,0.6704182509505704,0.5777476806749292,0.14788780454514439,0.7755186344229076,0.7755186344229076,0.8384623124835451,-609739119.0359668,0.005760159172724516,0.9217167454422689,0.6488555236623244,0.7198936375856239,51.793691635131836,357.29999999999995,1.0,1023338.3113866805,19.607667446136475,4266850.780894756,368.6084980161859
ab0f8ebb-05c7-40cf-820c-1eb725a7a660,BaggingClassifier,PREPROCESSING,DEMV,DEMV,0.8524534225073364,0.5975470621791215,0.1942264382720262,0.5975470621791215,0.9326276128106217,0.736120871398454,3506.0,0.14754657749266364,-0.11523786641319034,0.3811605805853167,0.26387912860154605,-0.032293851400363005,0.8795303163875012,0.4024529378208785,0.09370407514795248,1.2415591562995956,0.11950537816549504,-0.10067852566001528,0.363946546765839,0.06737238718937831,-0.07812703918771488,0.20296300684099308,0.07978432049686561,0.4024529378208785,0.06737238718937831,0.9326276128106217,0.5975470621791215,0.880494621834505,1411.0,751.0,1411.0,751.0,10396.0,11807.0,2846.0,10396.0,2095.0,0.736120871398454,0.08591555716783365,-0.08591555716783365,0.007033327079724994,2.4733844905196454e-05,2.4693758699187313e-05,0.007033327079724994,2.4733844905196454e-05,2.4693758699187313e-05,0.3994604373323236,0.20893368274551505,0.29497194814625244,-0.09370407514795243,0.09370407514795243,-0.034192337129826084,-0.1793708385827581,0.1204898794494979,0.9326276128106217,0.5975470621791215,-0.09370407514795243,0.23926840919948134,[0.7590391],11147.0,-0.19359515032530977,1.0108897248677533,0.6596347607052897,0.5717638662231326,0.14754657749266364,0.7650873374948716,0.7650873374948716,0.8308202423777978,-1376167087.238576,-0.0155770359602376,0.9062959248520477,0.627057767135588,0.6988297357281766,,,,,,,
ab0f8ebb-05c7-40cf-820c-1eb725a7a660,BernoulliNB,PREPROCESSING,DEMV,DEMV,0.8034532177711049,0.7070735881346264,0.2956391182692964,0.7070735881346264,0.8337669328070333,0.5722530009233611,3506.0,0.1965467822288951,-0.08889413065431773,0.6073170344598742,0.427746999076639,0.18376456876456881,1.4717127898279732,0.29292641186537366,0.001410017079080117,1.0048171517742046,0.0995058618350935,-0.09770100644595495,0.2896111365221453,0.1662330671929667,-0.07937550733893216,0.5978386785984096,0.0866411954608859,0.29292641186537366,0.1662330671929667,0.8337669328070333,0.7070735881346264,0.9004941381649065,1027.0,1853.0,1027.0,1853.0,9294.0,10321.0,4332.0,9294.0,2479.0,0.5722530009233611,0.04039276220900611,-0.04039276220900611,0.010784710049550015,5.815498542643254e-05,5.8011037311065e-05,0.010784710049550015,5.815498542643254e-05,5.8011037311065e-05,0.4162720155400454,-0.35582687004425617,0.5192489024093662,-0.0014100170790800615,0.07937550733893216,-0.14073278760526187,-0.16946772462315687,0.11111492201060134,0.8337669328070333,0.7070735881346264,-0.0014100170790800615,0.23926840919948134,[0.7590391],11147.0,-0.19359515032530977,1.0108897248677533,0.632559326358765,0.5056488989191787,0.1965467822288951,0.7704202604708298,0.7704202604708299,0.8015396628530287,-285783918.85517174,0.07796549025985204,0.9985899829209199,0.6677441077441078,0.7506434240550172,28.99664807319641,368.29999999999995,1.0,1023653.5515476225,19.607667446136475,4268164.281565349,368.72196987967317
ab0f8ebb-05c7-40cf-820c-1eb725a7a660,BaggingClassifier,PREPROCESSING,DEMV,HYPERPARAMETER,0.8690370572578994,0.62093553907587,0.1888350508428308,0.62093553907587,0.9470709607966269,0.7867726779906036,3506.0,0.13096294274210063,-0.09854331700810282,0.3992374862924928,0.21322732200939645,-0.011584590528077643,0.9460662935142222,0.37906446092413004,0.08657455217063192,1.2367810004888382,0.11181221605249873,-0.09333816237889528,0.3671448510173333,0.05292903920337311,-0.05849898500143573,0.2290425595336078,0.07121144634149588,0.37906446092413004,0.05292903920337311,0.9470709607966269,0.62093553907587,0.8881877839475013,1329.0,590.0,1329.0,590.0,10557.0,11886.0,2767.0,10557.0,2177.0,0.7867726779906036,0.07253676858603383,-0.07253676858603383,0.011869214498698728,7.043912640806005e-05,7.024745992257593e-05,0.011869214498698728,7.043912640806005e-05,7.024745992257593e-05,0.37738957680756335,0.16099936280491778,0.30946337705705773,-0.08657455217063192,0.08657455217063192,-0.040876785925408846,-0.16972618515842858,0.11053306903978678,0.9470709607966269,0.62093553907587,-0.08657455217063192,0.23926840919948134,[0.7590391],11147.0,-0.19359515032530977,1.0108897248677533,0.6940857643870556,0.6191784310986508,0.13096294274210063,0.7840032499362484,0.7840032499362484,0.8408723122475725,-169942560.73728287,-0.028075567169196194,0.913425447829368,0.6554761008656379,0.7235894607917718,32.309922218322754,242.99999999999997,1.0,799056.426805663,19.607667446136475,3332342.9284738502,287.87740298760207
ab0f8ebb-05c7-40cf-820c-1eb725a7a660,RandomForestClassifier,PREPROCESSING,DEMV,HYPERPARAMETER,0.8448099365317683,0.5573302909298345,0.1826247184876817,0.5573302909298345,0.9352292096528214,0.7301943198804185,3506.0,0.15519006346823172,-0.1080702187119662,0.4355302310194727,0.26980568011958145,0.0352106227106227,1.1326777087646653,0.44266970907016545,0.14836581999443937,1.3535475131323649,0.12958169825498872,-0.1006112969965889,0.40135064152311223,0.06477079034717861,-0.06857777524818634,0.25193905067437317,0.0853904639881584,0.44266970907016545,0.06477079034717861,0.9352292096528214,0.5573302909298345,0.8704183017450112,1552.0,722.0,1552.0,722.0,10425.0,11977.0,2676.0,10425.0,1954.0,0.7301943198804185,0.10847179762131283,-0.10847179762131283,0.010803832699550863,5.836140049994224e-05,5.8216688251776297e-05,0.010803832699550863,5.836140049994224e-05,5.8216688251776297e-05,0.4132564917533865,0.2456008685849711,0.2843176212303729,-0.14836581999443932,0.14836581999443932,-0.06791095985360585,-0.1720107607149679,0.13071985379528128,0.9352292096528214,0.5573302909298345,-0.14836581999443932,0.23926840919948134,[0.7590391],11147.0,-0.19359515032530977,1.0108897248677533,0.6321578777094792,0.5439094161268597,0.15519006346823172,0.746279750291328,0.746279750291328,0.8272300563338127,-163148448.27688366,-0.07978804474625303,0.8516341800055607,0.5923904805214492,0.6592878334721705,,,,,,,
ab0f8ebb-05c7-40cf-820c-1eb725a7a660,GradientBoostingClassifier,PREPROCESSING,DEMV,HYPERPARAMETER,0.8765440524124752,0.6640045636052482,0.2019381696580905,0.6640045636052482,0.9433928411231721,0.786752281176073,3506.0,0.12345594758752476,-0.08846939307542179,0.42230851040757433,0.213247718823927,-0.01761292524746841,0.9182595839053755,0.3359954363947519,0.13320193033324068,1.4224241088298275,0.10073541987343937,-0.07690210048064466,0.4112131471765632,0.056607158876827844,-0.06530413734709278,0.20579851635690039,0.06585628864310245,0.3359954363947519,0.056607158876827844,0.9433928411231721,0.6640045636052482,0.8992645801265606,1178.0,631.0,1178.0,631.0,10516.0,11694.0,2959.0,10516.0,2328.0,0.786752281176073,0.09925303384016668,-0.09925303384016668,0.0020347493696719807,2.0701024986902614e-06,2.069126708883437e-06,0.0020347493696719807,2.0701024986902614e-06,2.069126708883437e-06,0.3629222744420696,0.23816154580863014,0.28647808947680425,-0.13320193033324057,0.13320193033324057,-0.02964458761658814,-0.1894468096448707,0.1000575960977931,0.9433928411231721,0.6640045636052482,-0.13320193033324057,0.23926840919948134,[0.7590391],11147.0,-0.19359515032530977,1.0108897248677533,0.720185614849188,0.6455113176042356,0.12345594758752476,0.80369870236421,0.8036987023642101,0.8834682368672632,-231795822.42711553,-0.0678977929861479,0.8667980696667594,0.690954960302738,0.7410671929004983,89.03127765655518,252.89999999999998,1.0,799938.4416796922,19.607667446136475,3336017.9904489717,288.1948875082306
ab0f8ebb-05c7-40cf-820c-1eb725a7a660,XGBClassifier,PREPROCESSING,FOS,FOS,0.8754521258445369,0.6645750142612664,0.20330307786801338,0.6645750142612664,0.9417780568762896,0.7821416582745888,3506.0,0.12454787415546309,-0.0919493042183066,0.4083156471451203,0.21785834172541121,-0.004136361112653392,0.9810625317742755,0.3354249857387336,0.09253609445128486,1.288214418259417,0.10073667980126777,-0.0828875251904902,0.37568523350212274,0.058221943123710415,-0.0630694661141985,0.23979970915021245,0.06631122069614401,0.3354249857387336,0.058221943123710415,0.9417780568762896,0.6645750142612664,0.8992633201987322,1176.0,649.0,1176.0,649.0,10498.0,11674.0,2979.0,10498.0,2330.0,0.7821416582745888,0.07780278028274168,-0.07780278028274168,0.00582322185351315,1.6954956377616564e-05,1.693217596208867e-05,0.00582322185351315,1.6954956377616564e-05,1.693217596208867e-05,0.3641736418142972,0.15151734703457231,0.3124399821332605,-0.09253609445128486,0.09253609445128486,-0.039375582038918416,-0.1817062372607971,0.10031944460323718,0.9417780568762896,0.6645750142612664,-0.09253609445128486,0.23926840919948134,[0.7590391],11147.0,-0.19359515032530977,1.0108897248677533,0.7185813415574402,0.6427845684097576,0.12454787415546309,0.8031765355687781,0.803176535568778,0.8656659030938892,-274797244.9766623,-0.029466628337086354,0.9074639055487151,0.6905238201081723,0.7503143563401223,,,,,,,
ab0f8ebb-05c7-40cf-820c-1eb725a7a660,GradientBoostingClassifier,PREPROCESSING,FOS,FOS,0.8694465297208762,0.612093553907587,0.18419436292909303,0.612093553907587,0.95039023952633,0.7951092997406447,3506.0,0.13055347027912378,-0.09731487223656321,0.40373971296716205,0.20489070025935532,-0.04582557529497691,0.7822596412336869,0.387906446092413,0.1283289311673353,1.3487250404749056,0.11376944955663376,-0.08916093666530713,0.39755018482570004,0.04960976047367004,-0.061315507275467314,0.16763277297792473,0.07140914642900599,0.387906446092413,0.04960976047367004,0.95039023952633,0.612093553907587,0.8862305504433662,1360.0,553.0,1360.0,553.0,10594.0,11954.0,2699.0,10594.0,2146.0,0.7951092997406447,0.09482221922140127,-0.09482221922140127,0.008381758559167144,3.5126938272085836e-05,3.5059190476561015e-05,0.008381758559167144,3.5126938272085836e-05,3.5059190476561015e-05,0.37791307579655403,0.28282026432259966,0.27391930851802515,-0.12832893116733524,0.12832893116733524,-0.02166768068516512,-0.17682182821525907,0.11201638205246664,0.95039023952633,0.612093553907587,-0.12832893116733524,0.23926840919948134,[0.7590391],11147.0,-0.19359515032530977,1.0108897248677533,0.6917002417405318,0.6190659282735557,0.13055347027912378,0.7812418967169585,0.7812418967169585,0.8553209871123972,-196711245.96144623,-0.06701342389186798,0.8716710688326648,0.649466596050541,0.7097783044338937,37.10237956047058,140.8,1.0,179005.51754882335,19.607667446136475,748797.4732370178,64.68778171575347
ab0f8ebb-05c7-40cf-820c-1eb725a7a660,AdaBoostClassifier,PREPROCESSING,FOS,FOS,0.8640551422916809,0.6118083285795779,0.1894492595372961,0.6118083285795779,0.9433928411231721,0.7726945244956772,3506.0,0.1359448577083191,-0.09594037104680508,0.4293980131266375,0.22730547550432276,-0.022492203266613553,0.9021748677074414,0.38819167142042216,0.16715653175517337,1.4614330354695466,0.11459122674075944,-0.08463893140142857,0.42551226710474904,0.056607158876827844,-0.0679382319681709,0.18401846923335163,0.07391252642656375,0.38819167142042216,0.056607158876827844,0.9433928411231721,0.6118083285795779,0.8854087732592405,1361.0,631.0,1361.0,631.0,10516.0,11877.0,2776.0,10516.0,2145.0,0.7726945244956772,0.11754738186167216,-0.11754738186167216,0.003644633885915266,6.641678081180907e-06,6.636079982955698e-06,0.003644633885915266,6.641678081180907e-06,6.636079982955698e-06,0.38448023727251246,0.33215089851863144,0.2607265938674952,-0.16715653175517342,0.16715653175517342,-0.03107336406740748,-0.1862610584678548,0.11393076401651174,0.9433928411231721,0.6118083285795779,-0.16715653175517342,0.23926840919948134,[0.7590391],11147.0,-0.19359515032530977,1.0108897248677533,0.6829035339063992,0.6044664760751977,0.1359448577083191,0.7776005848513751,0.777600584851375,0.8690054977347591,-145752864.919624,-0.09921829978700246,0.8328434682448266,0.6454039416278019,0.6977490096824251,,,,,,,
ab0f8ebb-05c7-40cf-820c-1eb725a7a660,RandomForestClassifier,PREPROCESSING,FOS,FOS,0.8551832389271822,0.623502567027952,0.20391728656247868,0.623502567027952,0.9280523907777878,0.7315930388219545,3506.0,0.14481676107281782,-0.11204766586302217,0.38575671461577493,0.2684069611780455,-0.027077716098334675,0.9004214118024467,0.3764974329720479,0.10049226476546058,1.278445358498872,0.11315902271753107,-0.0943831890051853,0.3699546896716535,0.07194760922221226,-0.08264543187181238,0.20814688048139038,0.07714118080878836,0.3764974329720479,0.07194760922221226,0.9280523907777878,0.623502567027952,0.8868409772824689,1320.0,802.0,1320.0,802.0,10345.0,11665.0,2988.0,10345.0,2186.0,0.7315930388219545,0.09156884831863649,-0.09156884831863649,0.0026701390240618985,3.564821203909114e-06,3.5626176121272666e-06,0.0026701390240618985,3.564821203909114e-06,3.5626176121272666e-06,0.39278793466395673,0.20724500033505344,0.2954872420644233,-0.10049226476546058,0.10049226476546058,-0.03365273645342533,-0.18814021884064291,0.11464749186181313,0.9280523907777878,0.623502567027952,-0.10049226476546058,0.23926840919948134,[0.7590391],11147.0,-0.19359515032530977,1.0108897248677533,0.673236834000616,0.5840379676511703,0.14481676107281782,0.7757774789028699,0.77577747890287,0.8468145291975411,-629926125.7090988,-0.017846832893648204,0.8995077352345394,0.6474159632755813,0.7141287413757385,37.06702256202698,151.5,1.0,179355.08762364386,19.607667446136475,750254.0152154366,64.8136107588891
ab0f8ebb-05c7-40cf-820c-1eb725a7a660,BaggingClassifier,PREPROCESSING,FOS,FOS,0.8506107964239404,0.5966913861950941,0.19565959189244522,0.5966913861950941,0.9304745671481116,0.7296825950470875,3506.0,0.14938920357605956,-0.1109710637837068,0.40538564832241625,0.27031740495291245,0.007955800874208718,1.0295484161211255,0.4033086138049059,0.0992187810303054,1.2557754825167664,0.11997284914305108,-0.09988755005908452,0.36929140497940977,0.0695254328518884,-0.07414401292630227,0.24812643179225816,0.08062208337443307,0.4033086138049059,0.0695254328518884,0.9304745671481116,0.5966913861950941,0.8800271508569489,1414.0,775.0,1414.0,775.0,10372.0,11786.0,2867.0,10372.0,2092.0,0.7296825950470875,0.08668139697830386,-0.08668139697830386,0.008526920031166117,3.635418260895098e-05,3.628286459016515e-05,0.008526920031166117,3.635418260895098e-05,3.628286459016515e-05,0.40155219679247944,0.16556578392964716,0.3080639625440515,-0.09921878103030546,0.09921878103030546,-0.05392167546664665,-0.17632429220708795,0.12125289306775104,0.9304745671481116,0.5966913861950941,-0.09921878103030546,0.23926840919948134,[0.7590391],11147.0,-0.19359515032530977,1.0108897248677533,0.6565196924525342,0.5669375798640843,0.14938920357605956,0.7635829766716028,0.7635829766716029,0.829771415798349,-1335593583.9111357,-0.025074768104003137,0.9007812189696945,0.6251774374299589,0.6961785643483493,,,,,,,
ab0f8ebb-05c7-40cf-820c-1eb725a7a660,BernoulliNB,PREPROCESSING,FOS,FOS,0.8060465433699584,0.735596120935539,0.3066948747696717,0.735596120935539,0.8282048981788822,0.5738762794837561,3506.0,0.1939534566300416,-0.15018775519139493,0.38536024189011314,0.42612372051624386,-0.02036856548202537,0.9524225040152,0.26440387906446094,0.30497577153751443,2.4048806147653465,0.09124913869475341,-0.04976312837373728,0.5603354085673383,0.1717951018211178,-0.21534099083871555,0.15972357607058815,0.08311710175700358,0.26440387906446094,0.1717951018211178,0.8282048981788822,0.735596120935539,0.9087508613052466,927.0,1915.0,927.0,1915.0,9232.0,10159.0,4494.0,9232.0,2579.0,0.5738762794837561,0.26015838118811496,-0.26015838118811496,0.05910737099882473,0.0017468406531963533,0.0017723889425361077,0.05910737099882473,0.0017468406531963533,0.0017723889425361077,0.4077182894033663,0.528270703314796,0.21436506927449422,-0.3049757715375144,0.3049757715375144,-0.014697281445856011,-0.3272133981195487,0.10447985389931141,0.8282048981788822,0.735596120935539,-0.3049757715375144,0.23926840919948134,[0.7590391],11147.0,-0.19359515032530977,1.0108897248677533,0.64475,0.5216374927371681,0.1939534566300416,0.7819005095572106,0.7819005095572107,0.9853184803737768,-329970419.1625262,-0.08963478069879888,0.6950242284624857,0.6871835864641619,0.689777403801872,34.18231678009033,162.3,1.0,179677.18606534004,19.607667446136475,751596.0920558373,64.92955128593482
ab0f8ebb-05c7-40cf-820c-1eb725a7a660,BaggingClassifier,PREPROCESSING,FOS,HYPERPARAMETER,0.8672626765849997,0.5887050770108385,0.17518596874360198,0.5887050770108385,0.954875751323226,0.8040514218932606,3506.0,0.13273732341500033,-0.0972346790744435,0.4120019655473403,0.19594857810673938,-0.015573772718259632,0.9213225658161059,0.4112949229891614,0.11152415895460138,1.2830630324109078,0.11931160019857687,-0.09570253317187982,0.3851091741878706,0.04512424867677402,-0.051676548614640216,0.20980374646597555,0.07342427437366116,0.4112949229891614,0.04512424867677402,0.954875751323226,0.5887050770108385,0.8806883998014231,1442.0,503.0,1442.0,503.0,10644.0,12086.0,2567.0,10644.0,2064.0,0.8040514218932606,0.08160035378462083,-0.08160035378462083,0.015457073950143847,0.00011946056755010775,0.00011903886319863923,0.015457073950143847,0.00011946056755010775,0.00011903886319863923,0.38320823157563083,0.22206408066808692,0.2910825512261358,-0.11152415895460144,0.11152415895460144,-0.04006438022681014,-0.16295781125266107,0.11707417689881258,0.954875751323226,0.5887050770108385,-0.11152415895460144,0.23926840919948134,[0.7590391],11147.0,-0.19359515032530977,1.0108897248677533,0.6797299522476535,0.6100913369898936,0.13273732341500033,0.7717904141670323,0.7717904141670322,0.8347687850106411,-174703417.38187033,-0.059847610339961166,0.8884758410453986,0.6309514711501718,0.6984315024062934,26.243123292922974,163.20000000000002,1.0,179929.7560582876,19.607667446136475,752648.4670264522,65.02046479034072
ab0f8ebb-05c7-40cf-820c-1eb725a7a660,RandomForestClassifier,PREPROCESSING,FOS,HYPERPARAMETER,0.8603698901248891,0.5490587564175698,0.1631065310857845,0.5490587564175698,0.958284740288867,0.805439330543933,3506.0,0.13963010987511093,-0.10638419873432259,0.3932299010677419,0.19456066945606695,-0.056003978991714276,0.7218336646298069,0.4509412435824301,0.11246499781546643,1.2594402831225946,0.12892440675201827,-0.10399829856022876,0.3815989022528454,0.04171525971113304,-0.05284025069691482,0.153806481747279,0.07840252152507265,0.4509412435824301,0.04171525971113304,0.958284740288867,0.5490587564175698,0.8710755932479818,1581.0,465.0,1581.0,465.0,10682.0,12263.0,2390.0,10682.0,1925.0,0.805439330543933,0.08265262425619069,-0.08265262425619069,0.018693381151189563,0.0001747212494318246,0.00017397788907534323,0.018693381151189563,0.0001747212494318246,0.00017397788907534323,0.3959861652256873,0.28833051436175006,0.2723655324749722,-0.11246499781546654,0.11246499781546654,-0.02399715978425724,-0.15702136568098637,0.12683804150828898,0.958284740288867,0.5490587564175698,-0.11246499781546654,0.23926840919948134,[0.7590391],11147.0,-0.19359515032530977,1.0108897248677533,0.6529850746268657,0.5858544588980087,0.13963010987511093,0.7536717483532185,0.7536717483532185,0.8159646961823633,-173666775.01679167,-0.059624747118551605,0.8875350021845334,0.5965292841648591,0.6697260647076079,,,,,,,
ab0f8ebb-05c7-40cf-820c-1eb725a7a660,GradientBoostingClassifier,PREPROCESSING,FOS,HYPERPARAMETER,0.8757251074865215,0.659155733029093,0.20043677062717533,0.659155733029093,0.9438413923028618,0.7868573374191352,3506.0,0.12427489251347845,-0.09123237024666986,0.4109825220679191,0.21314266258086484,-0.00985046499900552,0.9540672456273479,0.34084426697090703,0.10352826984946578,1.3187637581019933,0.10199726869238648,-0.08231660435733087,0.3847646722149594,0.05615860769713824,-0.06230822563046409,0.22696717871654984,0.06644353056408978,0.34084426697090703,0.05615860769713824,0.9438413923028618,0.659155733029093,0.8980027313076135,1195.0,626.0,1195.0,626.0,10521.0,11716.0,2937.0,10521.0,2311.0,0.7868573374191352,0.08291824773996496,-0.08291824773996496,0.0057042972063608985,1.6269503309248374e-05,1.6248087572042765e-05,0.0057042972063608985,1.6269503309248374e-05,1.6248087572042765e-05,0.36453677609835133,0.1785687878234299,0.30408760283231095,-0.10352826984946584,0.10352826984946584,-0.03623306967916266,-0.18198366507692443,0.10122314876588313,0.9438413923028618,0.659155733029093,-0.10352826984946584,0.23926840919948134,[0.7590391],11147.0,-0.19359515032530977,1.0108897248677533,0.7173676858606239,0.642626370993966,0.12427489251347845,0.8014985626659775,0.8014985626659774,0.8679574190483407,-237092775.6886876,-0.04122004421900169,0.8964717301505342,0.6870308435525828,0.7450525532010239,55.02736496925354,174.3,1.0,180541.20634419916,19.607667446136475,755196.1765510837,65.24055858538529
ab0f8ebb-05c7-40cf-820c-1eb725a7a660,XGBClassifier,PREPROCESSING,FAIR_SMOTE,FAIR_SMOTE,0.4864532860165154,0.9734740444951512,0.7401214768306832,0.9734740444951512,0.3332735265093747,0.31470723835869063,3506.0,0.5135467139834846,-0.5430328748933195,0.21952050930597003,0.6852927616413094,-0.10244096075065223,0.852765693258289,0.02652595550484883,0.17095588235294118,inf,0.024422268907563025,0.024422268907563025,inf,0.6667264734906253,-0.8495312142693803,0.15046878573061973,0.05830986227208398,0.02652595550484883,0.6667264734906253,0.3332735265093747,0.9734740444951512,0.975577731092437,93.0,7432.0,93.0,7432.0,3715.0,3808.0,10845.0,3715.0,3413.0,0.31470723835869063,0.5102435483111607,-0.5102435483111607,0.18274594228076627,0.016698039710042578,0.017566224145802535,0.18274594228076627,0.016698039710042578,0.017566224145802535,0.34149630238725565,8.610279263707474,0.22554403091315842,-0.17095588235294112,0.8495312142693803,0.0634316148291076,-0.7744559690868416,0.06245214080363051,0.3332735265093747,0.9734740444951512,-0.17095588235294112,0.23926840919948134,[0.7590391],11147.0,-0.19359515032530977,1.0108897248677533,0.47564629642533623,0.29840276352315576,0.5135467139834846,0.653373785502263,0.653373785502263,0.9867535441904328,,0.6785753319164392,0.8290441176470589,0.6390488227308899,0.6919042973820085,,,,,,,
ab0f8ebb-05c7-40cf-820c-1eb725a7a660,GradientBoostingClassifier,PREPROCESSING,FAIR_SMOTE,FAIR_SMOTE,0.4402511431106258,0.9903023388476897,0.7943765781751178,0.9903023388476897,0.2672467928590652,0.29828178694158075,3506.0,0.5597488568893743,-0.4053472942547187,0.4174105023820577,0.7017182130584192,0.0363745744805728,1.0522797249989455,0.009697661152310326,0.0625,inf,0.011284434118818453,0.011284434118818453,inf,0.7327532071409347,-0.681225703178596,0.31877429682140407,0.05201947397830733,0.009697661152310326,0.7327532071409347,0.2672467928590652,0.9903023388476897,0.9887155658811816,34.0,8168.0,34.0,8168.0,2979.0,3013.0,11640.0,2979.0,3472.0,0.29828178694158075,0.371862851589298,-0.371862851589298,0.12727717867416602,0.00809974010562779,0.008374883804120853,0.12727717867416602,0.00809974010562779,0.008374883804120853,0.3225506905226133,8.376146046817729,0.3872279845434208,-0.0625,0.681225703178596,-0.0125450701808772,-0.6127720154565792,0.05537209936378334,0.2672467928590652,0.9903023388476897,-0.0625,0.23926840919948134,[0.7590391],11147.0,-0.19359515032530977,1.0108897248677533,0.45847088340155817,0.2718748223385895,0.5597488568893743,0.6287745658533774,0.6287745658533774,0.8625924689184371,-550707637.6894088,0.618725703178596,0.9375,0.6267713692571532,0.7046185345702342,112.04822182655334,151.1,1.0,181686.57103004455,19.607667446136475,759968.5294087728,65.65283684614677
ab0f8ebb-05c7-40cf-820c-1eb725a7a660,AdaBoostClassifier,PREPROCESSING,FAIR_SMOTE,FAIR_SMOTE,0.4638640551422917,0.9854535082715346,0.768443322186583,0.9854535082715346,0.29981160850453037,0.30683836589698044,3506.0,0.5361359448577083,-0.47510322963494755,0.3169514111450311,0.6931616341030196,-0.01877261499261751,0.9730164450179949,0.014546491728465488,0.09375,inf,0.015030946065428824,0.015039811265113535,inf,0.7001883914954696,-0.7634824804300432,0.236292037443427,0.054762336272302564,0.014546491728465488,0.7001883914954696,0.29981160850453037,0.9854535082715346,0.9849690539345711,51.0,7805.0,51.0,7805.0,3342.0,3393.0,11260.0,3342.0,3455.0,0.30683836589698044,0.4286162402150216,-0.4286162402150216,0.15311046511959334,0.011721407264569106,0.012214719389974494,0.15311046511959334,0.011721407264569106,0.012214719389974494,0.3309451201401905,6.884878241846666,0.31041560711175137,-0.09375,0.7634824804300432,0.016906213128865522,-0.6894427362750835,0.05815772217819646,0.29981160850453037,0.9854535082715346,-0.09375,0.23926840919948134,[0.7590391],11147.0,-0.19359515032530977,1.0108897248677533,0.4679669511038873,0.2885177250956512,0.5361359448577083,0.6426325583880325,0.6426325583880325,0.9180753094040712,-185765608.56483024,0.6697324804300432,0.90625,0.6345853613738635,0.7050342331607797,,,,,,,
ab0f8ebb-05c7-40cf-820c-1eb725a7a660,RandomForestClassifier,PREPROCESSING,FAIR_SMOTE,FAIR_SMOTE,0.49355080870811435,0.9646320593268682,0.7287927386883232,0.9646320593268682,0.345384408360994,0.3166963198801386,3506.0,0.5064491912918856,-0.5586744059857062,0.19490023435807644,0.6833036801198614,-0.13224951970222065,0.8097689709197483,0.03536794067313177,0.22794117647058823,inf,0.03120281831907398,0.03134479271991911,inf,0.654615591639006,-0.8736290835319479,0.12404330789736308,0.06012917456525296,0.03536794067313177,0.654615591639006,0.345384408360994,0.9646320593268682,0.968797181680926,124.0,7297.0,124.0,7297.0,3850.0,3974.0,10679.0,3850.0,3382.0,0.3166963198801386,0.550785130001268,-0.550785130001268,0.19309149817543136,0.018642163333816304,0.019678875795358007,0.19309149817543136,0.018642163333816304,0.019678875795358007,0.34678285587742935,5.037485736299831,0.1958063851706176,-0.2279411764705882,0.8736290835319479,0.08179715621106994,-0.8027068148019657,0.0650174675261483,0.345384408360994,0.9646320593268682,-0.2279411764705882,0.23926840919948134,[0.7590391],11147.0,-0.19359515032530977,1.0108897248677533,0.4768417342262954,0.2975024149512075,0.5064491912918856,0.6550082338439311,0.6550082338439311,1.0157770290735617,-2176121229.2955027,0.6456879070613597,0.7720588235294119,0.638203519365948,0.6773485029353803,109.53533720970154,161.9,1.0,182022.31233348846,19.607667446136475,761367.4515064558,65.7736881718077
ab0f8ebb-05c7-40cf-820c-1eb725a7a660,BaggingClassifier,PREPROCESSING,FAIR_SMOTE,FAIR_SMOTE,0.48242680679724287,0.9669138619509412,0.741008667167133,0.9669138619509412,0.3300439580156096,0.31221219377417575,3506.0,0.5175731932027572,-0.5206267090397393,0.2479493116897772,0.6877878062258242,-0.06651858291982982,0.9042819916107587,0.03308613804905876,0.20018022401398103,99.82230392156863,0.030566534914361003,-0.10109362496665777,0.22494887525562374,0.6699560419843904,-0.8262469102244623,0.16884517822089284,0.05893648037377218,0.03308613804905876,0.6699560419843904,0.3300439580156096,0.9669138619509412,0.969433465085639,116.0,7468.0,116.0,7468.0,3679.0,3795.0,10858.0,3679.0,3390.0,0.31221219377417575,0.5132135671192216,-0.5132135671192216,0.17737953866601364,0.015731750368683912,0.01652069468906209,0.17737953866601364,0.015731750368683912,0.01652069468906209,0.34332631816909165,4.062066857483007,0.23867087354942407,-0.20018022401398095,0.8262469102244623,-0.017287521023414007,-0.757732049641134,0.06385238802306924,0.3300439580156096,0.9669138619509412,-0.20018022401398095,0.23926840919948134,[0.7590391],11147.0,-0.19359515032530977,1.0108897248677533,0.47201336675020883,0.2892004164209544,0.5175731932027572,0.6484789099832754,0.6484789099832754,0.9812870845773769,-3998139369.9168653,0.6260666862104812,0.799819775986019,0.6343562874251496,0.6813406203665259,,,,,,,
ab0f8ebb-05c7-40cf-820c-1eb725a7a660,BernoulliNB,PREPROCESSING,FAIR_SMOTE,FAIR_SMOTE,0.46277212857435335,0.9794637763833428,0.7666689415136833,0.9794637763833428,0.30026015968422,0.3056791881787431,3506.0,0.5372278714256467,-0.4694005119327592,0.32435195384722887,0.6943208118212569,-0.008452827636388216,0.9878456236558971,0.02053622361665716,0.1323529411764706,inf,0.02105878911962562,0.021120563215019067,inf,0.6997398403157801,-0.7616154664081622,0.23725854975622546,0.055525468818487064,0.02053622361665716,0.6997398403157801,0.30026015968422,0.9794637763833428,0.9789412108803743,72.0,7800.0,72.0,7800.0,3347.0,3419.0,11234.0,3347.0,3434.0,0.3056791881787431,0.4469842037923164,-0.4469842037923164,0.1541660169850121,0.011883580396511516,0.012387777917407953,0.1541660169850121,0.011883580396511516,0.012387777917407953,0.3332430608984591,5.455087068132123,0.30700640293691234,-0.13235294117647056,0.7616154664081622,0.014786695425703641,-0.6922818123495882,0.059570012728817866,0.30026015968422,0.9794637763833428,-0.13235294117647056,0.23926840919948134,[0.7590391],11147.0,-0.19359515032530977,1.0108897248677533,0.46594301221166895,0.28216154647637015,0.5372278714256467,0.6398619680337814,0.6398619680337814,0.9258701603523457,-1218596328.739069,0.6292625252316917,0.8676470588235294,0.6314821625597646,0.6944935762960526,107.0976722240448,173.9,1.0,182366.13353481292,19.607667446136475,762800.0398453077,65.8974478866363
ab0f8ebb-05c7-40cf-820c-1eb725a7a660,BaggingClassifier,PREPROCESSING,FAIR_SMOTE,HYPERPARAMETER,0.4906845014672763,0.9743297204791785,0.736299733842899,0.9743297204791785,0.338566430429712,0.31661877838539254,3506.0,0.5093154985327237,-0.5219725504174556,0.2374062498702959,0.6833812216146075,-0.0826614434001921,0.8805973808267934,0.02567027952082145,0.16544117647058823,inf,0.023291925465838508,0.02397442727757059,inf,0.661433569570288,-0.8216301807984971,0.1648074962891628,0.058514799584734566,0.02567027952082145,0.661433569570288,0.338566430429712,0.9743297204791785,0.9767080745341615,90.0,7373.0,90.0,7373.0,3774.0,3864.0,10789.0,3774.0,3416.0,0.31661877838539254,0.4935356786345427,-0.4935356786345427,0.17618483176190983,0.015520547471486235,0.016292577832979677,0.17618483176190983,0.015520547471486235,0.016292577832979677,0.34209589177519967,3.1978362719169944,0.23922921451845494,-0.1654411764705882,0.8216301807984971,0.05331793533888135,-0.7521753883571644,0.062469121027439074,0.338566430429712,0.9743297204791785,-0.1654411764705882,0.23926840919948134,[0.7590391],11147.0,-0.19359515032530977,1.0108897248677533,0.47792934592514863,0.3029535331313149,0.5093154985327237,0.6564480754544453,0.6564480754544453,0.9804286218621945,-485207124.51386476,0.6561890043279089,0.8345588235294118,0.6412915943117286,0.6949360514641314,24.497823476791382,163.10000000000002,1.0,181739.07901835442,19.607667446136475,760187.3126933972,65.67173729101292
ab0f8ebb-05c7-40cf-820c-1eb725a7a660,RandomForestClassifier,PREPROCESSING,FAIR_SMOTE,HYPERPARAMETER,0.43410905616597284,0.9894466628636623,0.8001091926567938,0.9894466628636623,0.2594420023324661,0.29588877516206075,3506.0,0.5658909438340272,-0.3867373628193501,0.4440757471712399,0.7041112248379393,0.04936100788543463,1.0709477944433348,0.010553337136337706,0.06801470588235294,inf,0.012632297712529874,0.012636612021857924,inf,0.7405579976675338,-0.660954594891445,0.3389478184268937,0.051585684335489164,0.010553337136337706,0.7405579976675338,0.2594420023324661,0.9894466628636623,0.9873677022874702,37.0,8255.0,37.0,8255.0,2892.0,2929.0,11724.0,2892.0,3469.0,0.29588877516206075,0.364484650386899,-0.364484650386899,0.12154898008144813,0.007387077279420136,0.0076251731250310895,0.12154898008144813,0.007387077279420136,0.0076251731250310895,0.3212030022757856,7.248921910756359,0.40455650077887695,-0.06801470588235292,0.660954594891445,-0.01836219793178835,-0.595382340275024,0.055140886430577574,0.2594420023324661,0.9894466628636623,-0.06801470588235292,0.23926840919948134,[0.7590391],11147.0,-0.19359515032530977,1.0108897248677533,0.455548260013132,0.26551709282185765,0.5658909438340272,0.6244443325980642,0.6244443325980642,0.8520447068511501,-450889125.3877697,0.5929398890090921,0.9319852941176471,0.6238647603632768,0.7011309440204702,,,,,,,
ab0f8ebb-05c7-40cf-820c-1eb725a7a660,GradientBoostingClassifier,PREPROCESSING,FAIR_SMOTE,HYPERPARAMETER,0.47109806865488296,0.9817455790074159,0.7594349280010919,0.9817455790074159,0.3104871265811429,0.30930984902947517,3506.0,0.5289019313451171,-0.4972732653753207,0.2852889708157481,0.6906901509705248,-0.04059586886918087,0.9416531769544811,0.01825442099258414,0.11764705882352941,inf,0.018156028368794326,0.018156028368794326,inf,0.6895128734188571,-0.7914475188657673,0.2085524811342328,0.05589338049405378,0.01825442099258414,0.6895128734188571,0.3104871265811429,0.9817455790074159,0.9818439716312056,64.0,7686.0,64.0,7686.0,3461.0,3525.0,11128.0,3461.0,3442.0,0.30930984902947517,0.45454728884464835,-0.45454728884464835,0.16254659982962077,0.013210698558085435,0.013807418737790319,0.16254659982962077,0.013210698558085435,0.013807418737790319,0.3343452721186701,8.533066123053725,0.2830994508846858,-0.11764705882352944,0.7914475188657673,0.0293759486189876,-0.7169005491153142,0.059521688752100455,0.3104871265811429,0.9817455790074159,-0.11764705882352944,0.23926840919948134,[0.7590391],11147.0,-0.19359515032530977,1.0108897248677533,0.4704113707803745,0.29169276431566965,0.5289019313451171,0.6461163527942794,0.6461163527942794,0.9398067892351114,-813955448.5460404,0.6738004600422378,0.8823529411764706,0.6360528504111613,0.7013071688271703,57.97244119644165,174.00000000000003,1.0,182371.34172649385,19.607667446136475,762821.7406439781,65.89932259452144
ab0f8ebb-05c7-40cf-820c-1eb725a7a660,XGBClassifier,PREPROCESSING,BAL_GAN_FAIR,BAL_GAN_FAIR,0.866989694943015,0.6454649172846548,0.20262062376305193,0.6454649172846548,0.9366645734278282,0.7622094981475244,3506.0,0.13301030505698497,-0.09489073676438908,0.42438865225040995,0.23779050185247558,0.0036116978490288165,1.0152186224209485,0.3545350827153451,0.12648821344878264,1.37767952443074,0.1063847997261212,-0.08328691025241619,0.3994442852464385,0.06333542657217188,-0.06922619685402095,0.2350109992020589,0.07093777333434718,0.3545350827153451,0.06333542657217188,0.9366645734278282,0.6454649172846548,0.8936152002738789,1243.0,706.0,1243.0,706.0,10441.0,11684.0,2969.0,10441.0,2263.0,0.7622094981475244,0.09785720515140182,-0.09785720515140182,0.0033302124881642854,5.54515760816268e-06,5.540885521615172e-06,0.0033302124881642854,5.54515760816268e-06,5.540885521615172e-06,0.3766637050057974,0.2058476366293911,0.2958988351032875,-0.1264882134487827,0.1264882134487827,-0.043449304050722504,-0.18680087396551032,0.10667054636047865,0.9366645734278282,0.6454649172846548,-0.1264882134487827,0.23926840919948134,[0.7590391],11147.0,-0.19359515032530977,1.0108897248677533,0.698996138996139,0.6178793552860616,0.13301030505698497,0.7910647453562416,0.7910647453562415,0.8684761304306088,-258398130.62636507,-0.05726201659476168,0.8735117865512172,0.6711648253874101,0.7273259429173725,,,,,,,
ab0f8ebb-05c7-40cf-820c-1eb725a7a660,GradientBoostingClassifier,PREPROCESSING,BAL_GAN_FAIR,BAL_GAN_FAIR,0.8570941104210742,0.5864232743867656,0.18426260833958916,0.5864232743867656,0.9422266080559792,0.7614814814814815,3506.0,0.1429058895789258,-0.10243781363902915,0.4221700153015135,0.23851851851851852,0.00819660054709484,1.0345166327153152,0.41357672561323444,0.12623004130754262,1.3203885024446798,0.12130845812766669,-0.09617518497547439,0.39163220609344296,0.05777339194402081,-0.06308394825023052,0.23554442674944273,0.0783191785054475,0.41357672561323444,0.05777339194402081,0.9422266080559792,0.5864232743867656,0.8786915418723333,1450.0,644.0,1450.0,644.0,10503.0,11953.0,2700.0,10503.0,2056.0,0.7614814814814815,0.09465699477888656,-0.09465699477888656,0.011082810670413772,6.141434617811867e-05,6.125817792061387e-05,0.011082810670413772,6.141434617811867e-05,6.125817792061387e-05,0.39577563973910146,0.22228000798327985,0.2910382010015363,-0.12623004130754262,0.12623004130754262,-0.0521858927612846,-0.1714149624940821,0.12105064095906116,0.9422266080559792,0.5864232743867656,-0.12623004130754262,0.23926840919948134,[0.7590391],11147.0,-0.19359515032530977,1.0108897248677533,0.6625845955526909,0.5817451276452693,0.1429058895789258,0.7643249412213724,0.7643249412213724,0.8366736431919365,-194317976.64309955,-0.0631460930573121,0.8737699586924573,0.6221818732032077,0.6882375371748258,2315.6432843208313,251.4,1.0,423226.36396505835,19.607667446136475,1766384.3333046637,152.59597990493063
ab0f8ebb-05c7-40cf-820c-1eb725a7a660,AdaBoostClassifier,PREPROCESSING,BAL_GAN_FAIR,BAL_GAN_FAIR,0.8529311403808094,0.6081003993154592,0.19879888077526786,0.6081003993154592,0.9299363057324841,0.7318915207689667,3506.0,0.14706885961919058,-0.10656060697972547,0.4171493991266253,0.2681084792310333,-0.02131637392410196,0.9212181072762028,0.39189960068454077,0.16929514040592603,1.4630214274075282,0.11703577512776832,-0.08771986533629333,0.42006072409246514,0.07006369426751592,-0.08368463484526159,0.18668620309641037,0.07897864567419857,0.39189960068454077,0.07006369426751592,0.9299363057324841,0.6081003993154592,0.8829642248722317,1374.0,781.0,1374.0,781.0,10366.0,11740.0,2913.0,10366.0,2132.0,0.7318915207689667,0.12648988762559382,-0.12648988762559382,0.0012067169003869504,7.280828388397446e-07,7.282870786240698e-07,0.0012067169003869504,7.280828388397446e-07,7.282870786240698e-07,0.39743841201926766,0.33870081438532296,0.2590385492340555,-0.16929514040592608,0.16929514040592608,-0.03320174570609566,-0.19604731893725072,0.11831660428436737,0.9299363057324841,0.6081003993154592,-0.16929514040592608,0.23926840919948134,[0.7590391],11147.0,-0.19359515032530977,1.0108897248677533,0.6642779249104221,0.5751651584237233,0.14706885961919058,0.7690183525239717,0.7690183525239717,0.8662913975167481,-146401125.06822848,-0.08561050556066443,0.830704859594074,0.6349489985853622,0.6890759897007617,,,,,,,
ab0f8ebb-05c7-40cf-820c-1eb725a7a660,RandomForestClassifier,PREPROCESSING,BAL_GAN_FAIR,BAL_GAN_FAIR,0.8534771036647786,0.6317741015402167,0.20958165563365863,0.6317741015402167,0.92320803803714,0.7212634321068055,3506.0,0.14652289633522142,-0.11308501736884868,0.38697342477555063,0.2787365678931944,-0.016933055830588628,0.9397382424852582,0.3682258984597832,0.09287618659887997,1.2624992983834757,0.11146606803660854,-0.09424397778435045,0.36385314995563445,0.07679196196285996,-0.0857251981942768,0.22365976929407608,0.07734486829790116,0.3682258984597832,0.07679196196285996,0.92320803803714,0.6317741015402167,0.8885339319633915,1291.0,856.0,1291.0,856.0,10291.0,11582.0,3071.0,10291.0,2215.0,0.7212634321068055,0.08930069239657834,-0.08930069239657834,0.0016339737203816226,1.3349350594488804e-06,1.3344295327286513e-06,0.0016339737203816226,1.3349350594488804e-06,1.3344295327286513e-06,0.3933061614007621,0.1781630636541851,0.30422550017747657,-0.09287618659887986,0.09287618659887986,-0.03865546097688094,-0.19023744027604328,0.11359869489951994,0.92320803803714,0.6317741015402167,-0.09287618659887986,0.23926840919948134,[0.7590391],11147.0,-0.19359515032530977,1.0108897248677533,0.6735593735745781,0.5817444849934638,0.14652289633522142,0.7774910697886783,0.7774910697886783,0.8469215606529638,-611665383.5846704,-0.007150988404603167,0.9071238134011201,0.6519979395098977,0.7194452149819324,2312.7470095157623,262.4,1.0,423621.1917605639,19.607667446136475,1768029.4491192698,152.738099632248
ab0f8ebb-05c7-40cf-820c-1eb725a7a660,BaggingClassifier,PREPROCESSING,BAL_GAN_FAIR,BAL_GAN_FAIR,0.8530676312018016,0.6012549914432401,0.19538661025046067,0.6012549914432401,0.93226877186687,0.7362906042612644,3506.0,0.14693236879819838,-0.11676216316574106,0.37262890696376655,0.2637093957387356,-0.030044499547073084,0.8877976155677935,0.3987450085567598,0.06980701632442304,1.179955076025188,0.11857506361323156,-0.1032975753926988,0.3473103591375167,0.06773122813312998,-0.07683603609150846,0.21495126925508545,0.07931130053428749,0.3987450085567598,0.06773122813312998,0.93226877186687,0.6012549914432401,0.8814249363867684,1398.0,755.0,1398.0,755.0,10392.0,11790.0,2863.0,10392.0,2108.0,0.7362906042612644,0.07332152620796578,-0.07332152620796578,0.008883418261413444,3.945756000360692e-05,3.937694823815873e-05,0.008883418261413444,3.945756000360692e-05,3.937694823815873e-05,0.39827452977635286,0.16096486016451927,0.3094857674554306,-0.0698070163244231,0.07683603609150846,-0.03662653792281285,-0.1756073582354513,0.11958124427310503,0.93226877186687,0.6012549914432401,-0.0698070163244231,0.23926840919948134,[0.7590391],11147.0,-0.19359515032530977,1.0108897248677533,0.6619563510755221,0.5740783220969747,0.14693236879819838,0.7667618816550552,0.766761881655055,0.8229820330560953,-1393074159.6276352,0.00702901976708542,0.9301929836755769,0.6301472236753606,0.7060639002010689,,,,,,,
ab0f8ebb-05c7-40cf-820c-1eb725a7a660,BernoulliNB,PREPROCESSING,BAL_GAN_FAIR,BAL_GAN_FAIR,0.8034532177711049,0.7070735881346264,0.2956391182692964,0.7070735881346264,0.8337669328070333,0.5722530009233611,3506.0,0.1965467822288951,-0.08889413065431773,0.6073170344598742,0.427746999076639,0.18376456876456881,1.4717127898279732,0.29292641186537366,0.001410017079080117,1.0048171517742046,0.0995058618350935,-0.09770100644595495,0.2896111365221453,0.1662330671929667,-0.07937550733893216,0.5978386785984096,0.0866411954608859,0.29292641186537366,0.1662330671929667,0.8337669328070333,0.7070735881346264,0.9004941381649065,1027.0,1853.0,1027.0,1853.0,9294.0,10321.0,4332.0,9294.0,2479.0,0.5722530009233611,0.04039276220900611,-0.04039276220900611,0.010784710049550015,5.815498542643254e-05,5.8011037311065e-05,0.010784710049550015,5.815498542643254e-05,5.8011037311065e-05,0.4162720155400454,-0.35582687004425617,0.5192489024093662,-0.0014100170790800615,0.07937550733893216,-0.14073278760526187,-0.16946772462315687,0.11111492201060134,0.8337669328070333,0.7070735881346264,-0.0014100170790800615,0.23926840919948134,[0.7590391],11147.0,-0.19359515032530977,1.0108897248677533,0.632559326358765,0.5056488989191787,0.1965467822288951,0.7704202604708298,0.7704202604708299,0.8015396628530287,-285783918.85517174,0.07796549025985204,0.9985899829209199,0.6677441077441078,0.7506434240550172,2305.536000728607,273.20000000000005,1.0,423931.1193969011,19.607667446136475,1769320.8142706752,152.84965923282778
ab0f8ebb-05c7-40cf-820c-1eb725a7a660,BaggingClassifier,PREPROCESSING,BAL_GAN_FAIR,HYPERPARAMETER,0.866034259196069,0.6374786081003994,0.19975431652221387,0.6374786081003994,0.937920516730959,0.763580457806628,3506.0,0.13396574080393098,-0.0984713123637092,0.41038333507191094,0.23641954219337205,-0.01592938375591249,0.9331959833947446,0.3625213918996007,0.1235626762521349,1.3598747758690497,0.10839160839160839,-0.08570612270111899,0.39474791225227474,0.062079483269040996,-0.07092246345387399,0.21111860847858388,0.07176130919600375,0.3625213918996007,0.062079483269040996,0.937920516730959,0.6374786081003994,0.8916083916083916,1271.0,692.0,1271.0,692.0,10455.0,11726.0,2927.0,10455.0,2235.0,0.763580457806628,0.09724256985300445,-0.09724256985300445,0.0035047165923875797,6.141519196478404e-06,6.136540654072486e-06,0.0035047165923875797,6.141519196478404e-06,6.136540654072486e-06,0.3788437915447573,0.22877294112760893,0.2891800282496808,-0.1235626762521349,0.1235626762521349,-0.034888369472603264,-0.18646612652529942,0.10847823271071838,0.937920516730959,0.6374786081003994,-0.1235626762521349,0.23926840919948134,[0.7590391],11147.0,-0.19359515032530977,1.0108897248677533,0.6948546556816415,0.6139992594072626,0.13396574080393098,0.7876995624156792,0.7876995624156792,0.8642974921370669,-173184053.9745425,-0.05264021279826092,0.8764373237478651,0.6649312011900336,0.7230984110211581,32.499513149261475,164.10000000000002,1.0,199339.88570365906,19.607667446136475,833524.0072154999,72.00721284556124
ab0f8ebb-05c7-40cf-820c-1eb725a7a660,RandomForestClassifier,PREPROCESSING,BAL_GAN_FAIR,HYPERPARAMETER,0.8439227461953184,0.5467769537934969,0.1784617484474169,0.5467769537934969,0.9373822553153315,0.7330783938814531,3506.0,0.15607725380468163,-0.11032373221274305,0.4286639059450712,0.2669216061185469,0.04511788559849517,1.172977385125078,0.4532230462065031,0.1141158100647417,1.2620240538075698,0.13199867087556072,-0.10708563276442763,0.379567426913696,0.06261774468466852,-0.06240072225686907,0.28355509734232015,0.08637486997647062,0.4532230462065031,0.06261774468466852,0.9373822553153315,0.5467769537934969,0.8680013291244393,1589.0,698.0,1589.0,698.0,10449.0,12038.0,2615.0,10449.0,1917.0,0.7330783938814531,0.08825826616080536,-0.08825826616080536,0.01661779798157159,0.0001380756048781624,0.00013755223112379134,0.01661779798157159,0.0001380756048781624,0.00013755223112379134,0.41563173597902897,0.16242134716708212,0.30900283341847795,-0.11411581006474164,0.11411581006474164,-0.07610175918146139,-0.1605418642982131,0.1330459015342021,0.9373822553153315,0.5467769537934969,-0.11411581006474164,0.23926840919948134,[0.7590391],11147.0,-0.19359515032530977,1.0108897248677533,0.6263682404835811,0.5394611045310742,0.15607725380468163,0.7420796045544142,0.7420796045544142,0.8075742638056829,-161956147.76291826,-0.05171508780787262,0.8858841899352583,0.5838726871240386,0.6587297059455584,,,,,,,
ab0f8ebb-05c7-40cf-820c-1eb725a7a660,GradientBoostingClassifier,PREPROCESSING,BAL_GAN_FAIR,HYPERPARAMETER,0.8765440524124752,0.6637193382772391,0.2018016788370982,0.6637193382772391,0.9434825513591101,0.786946229286439,3506.0,0.12345594758752476,-0.08846939307542179,0.42230851040757433,0.21305377071356105,-0.0173926185403947,0.9191993998384181,0.336280661722761,0.13286432061008063,1.4209027996225227,0.10080369357045144,-0.07700538271094184,0.4108882325867733,0.05651744864088992,-0.06515651408166614,0.2061686575733696,0.06586945762923456,0.336280661722761,0.05651744864088992,0.9434825513591101,0.6637193382772391,0.8991963064295485,1179.0,630.0,1179.0,630.0,10517.0,11696.0,2957.0,10517.0,2327.0,0.786946229286439,0.09901041734587336,-0.09901041734587336,0.0021358116777432474,2.2808457613922124e-06,2.2797173548477157e-06,0.0021358116777432474,2.2808457613922124e-06,2.2797173548477157e-06,0.3629585585965278,0.23738770169959333,0.28669990758712316,-0.13286432061008058,0.13286432061008058,-0.029806382085273544,-0.18924138647313693,0.10010989256212922,0.9434825513591101,0.6637193382772391,-0.13286432061008058,0.23926840919948134,[0.7590391],11147.0,-0.19359515032530977,1.0108897248677533,0.7200990252204859,0.6454665322436351,0.12345594758752476,0.8036009448181746,0.8036009448181746,0.88316580974416,-231792333.93141642,-0.06770780652841449,0.8671356793899194,0.6907606679035251,0.7410003840785152,87.79943442344666,174.10000000000002,1.0,200218.34880743027,19.607667446136475,837184.27014788,72.32341889333074
ab0f8ebb-05c7-40cf-820c-1eb725a7a660,XGBClassifier,PREPROCESSING,UNAWARENESS,UNAWARENESS,0.8728588002456835,0.659155733029093,0.20330307786801338,0.659155733029093,0.9400735623934691,0.7757636790869419,3506.0,0.12714119975431648,-0.08942450428969706,0.4309562262977186,0.22423632091305806,0.01767245100578435,1.0796653045339561,0.34084426697090703,0.11005580490129879,1.3399221002269521,0.10236422819941751,-0.08159618039257627,0.39062372891383607,0.05992643760653091,-0.06211131584147861,0.26314876793314174,0.06770643765584665,0.34084426697090703,0.05992643760653091,0.9400735623934691,0.659155733029093,0.8976357718005825,1195.0,668.0,1195.0,668.0,10479.0,11674.0,2979.0,10479.0,2311.0,0.7757636790869419,0.08608356037138873,-0.08608356037138873,0.0056732993033782,1.6093162492855783e-05,1.607209329474609e-05,0.0056732993033782,1.6093162492855783e-05,1.607209329474609e-05,0.36798488462393847,0.15436890286035676,0.3115493414456197,-0.11005580490129885,0.11005580490129885,-0.04963431569918028,-0.18201232488896618,0.10218406253196986,0.9400735623934691,0.659155733029093,-0.11005580490129885,0.23926840919948134,[0.7590391],11147.0,-0.19359515032530977,1.0108897248677533,0.7127216653816499,0.6352327750464954,0.12714119975431648,0.7996146477112811,0.7996146477112811,0.8684483235113819,-273594495.139702,-0.04794448905982018,0.8899441950987012,0.6848929391716678,0.7418708770030359,,,,,,,
ab0f8ebb-05c7-40cf-820c-1eb725a7a660,GradientBoostingClassifier,PREPROCESSING,UNAWARENESS,UNAWARENESS,0.8701289838258377,0.6115231032515688,0.183238927182147,0.6115231032515688,0.951466762357585,0.7985102420856611,3506.0,0.1298710161741623,-0.09598166874972536,0.4078089182843308,0.20148975791433893,-0.028038687579687527,0.8632458189980313,0.3884768967484313,0.1167744866346268,1.3153017588074427,0.11380347593582887,-0.09055830349420746,0.38994907673455503,0.048533237642414996,-0.0572862327008522,0.1932288143127384,0.0711112723499143,0.3884768967484313,0.048533237642414996,0.951466762357585,0.6115231032515688,0.8861965240641712,1362.0,541.0,1362.0,541.0,10606.0,11968.0,2685.0,10606.0,2144.0,0.7985102420856611,0.08703035966773953,-0.08703035966773953,0.01079373101710745,5.825231463483372e-05,5.810800638034562e-05,0.01079373101710745,5.825231463483372e-05,5.810800638034562e-05,0.3771240441815247,0.23928534516534983,0.2861225239226921,-0.11677448663462686,0.11677448663462686,-0.03125980795726002,-0.17201690210326254,0.11188137155698814,0.951466762357585,0.6115231032515688,-0.11677448663462686,0.23926840919948134,[0.7590391],11147.0,-0.19359515032530977,1.0108897248677533,0.692618316911646,0.6208727488434101,0.1298710161741623,0.7814949328045768,0.7814949328045768,0.8495087178850751,-196693472.84649435,-0.059488253933774604,0.8832255133653732,0.6495493448458685,0.7123739221735974,,,,,,,
ab0f8ebb-05c7-40cf-820c-1eb725a7a660,AdaBoostClassifier,PREPROCESSING,UNAWARENESS,UNAWARENESS,0.8626219886712618,0.5907016543069025,0.1807820924042858,0.5907016543069025,0.9481474836278819,0.7818044545111362,3506.0,0.13737801132873817,-0.09595470095282599,0.4341520481667391,0.21819554548886372,0.03025206172180106,1.1412789766356208,0.40929834569309753,0.11388742701672161,1.290805654158215,0.11954348550483172,-0.09555734007456154,0.3868678601939986,0.05185251637211806,-0.05258821426890768,0.274475430839958,0.07555849847351125,0.40929834569309753,0.05185251637211806,0.9481474836278819,0.5907016543069025,0.8804565144951683,1435.0,578.0,1435.0,578.0,10569.0,12004.0,2649.0,10569.0,2071.0,0.7818044545111362,0.08323782064281465,-0.08323782064281465,0.015285968955387499,0.00011683042345253518,0.00011642249501007504,0.015285968955387499,0.00011683042345253518,0.00011642249501007504,0.38873769684328596,0.1675792311125046,0.307415881655543,-0.11388742701672161,0.11388742701672161,-0.0629047008981813,-0.16311579533317994,0.11834686588567865,0.9481474836278819,0.5907016543069025,-0.11388742701672161,0.23926840919948134,[0.7590391],11147.0,-0.19359515032530977,1.0108897248677533,0.672948822095857,0.5973765581581707,0.13737801132873817,0.7694245689673922,0.7694245689673922,0.8334697932372749,-146343688.8415493,-0.06129921274781393,0.8861125729832784,0.6291486291486291,0.6964719732608718,,,,,,,
ab0f8ebb-05c7-40cf-820c-1eb725a7a660,RandomForestClassifier,PREPROCESSING,UNAWARENESS,UNAWARENESS,0.8529311403808094,0.6158014831717057,0.20248413294205964,0.6158014831717057,0.9275141293621603,0.7276710481968318,3506.0,0.14706885961919058,-0.11237627191493837,0.39183135999786556,0.2723289518031682,-0.01397067564890031,0.9490446320171129,0.38419851682829437,0.09790433729197284,1.2653180668424735,0.11526613041245935,-0.09649971723755364,0.3677635177144359,0.07248587063783977,-0.08089707684329403,0.22380056864522122,0.07852888890397085,0.38419851682829437,0.07248587063783977,0.9275141293621603,0.6158014831717057,0.8847338695875406,1347.0,808.0,1347.0,808.0,10339.0,11686.0,2967.0,10339.0,2159.0,0.7276710481968318,0.08940070706763341,-0.08940070706763341,0.004331686866589415,9.381755555091615e-06,9.372364113720297e-06,0.004331686866589415,9.381755555091615e-06,9.372364113720297e-06,0.3963051574329329,0.18734158871280493,0.3014318858092886,-0.09790433729197279,0.09790433729197279,-0.041264520794326666,-0.1847589250247619,0.11684062938891672,0.9275141293621603,0.6158014831717057,-0.09790433729197279,0.23926840919948134,[0.7590391],11147.0,-0.19359515032530977,1.0108897248677533,0.6670786343272053,0.5768267963823872,0.14706885961919058,0.7716578062669329,0.771657806266933,0.8406445597614556,-634332579.9444417,-0.017007260448678813,0.9020956627080271,0.6404152762328513,0.7089678674253084,,,,,,,
ab0f8ebb-05c7-40cf-820c-1eb725a7a660,BaggingClassifier,PREPROCESSING,UNAWARENESS,UNAWARENESS,0.8503378147819559,0.583000570450656,0.18938101412679997,0.583000570450656,0.9344218175293801,0.7365765765765766,3506.0,0.14966218521804409,-0.11138191012717436,0.40449518012181784,0.2634234234234234,0.017353448015237194,1.0664890536314144,0.416999429549344,0.08083766930134645,1.1998674261023274,0.12308469439299545,-0.10472436277290864,0.3575798480650204,0.0655781824706199,-0.06727229001594791,0.2685353249309292,0.08151720213678021,0.416999429549344,0.0655781824706199,0.9344218175293801,0.583000570450656,0.8769153056070046,1462.0,731.0,1462.0,731.0,10416.0,11878.0,2775.0,10416.0,2044.0,0.7365765765765766,0.07405497965864721,-0.07405497965864721,0.013583700659742688,9.225846180674696e-05,9.197168505448477e-05,0.013583700659742688,9.225846180674696e-05,9.197168505448477e-05,0.40377519026502906,0.1217880594768117,0.3218545577576458,-0.0808376693013465,0.0808376693013465,-0.06103890539407292,-0.16626265105099625,0.12396468356970926,0.9344218175293801,0.583000570450656,-0.0808376693013465,0.23926840919948134,[0.7590391],11147.0,-0.19359515032530977,1.0108897248677533,0.6508517751950327,0.5634132006669665,0.14966218521804409,0.7587111939900181,0.7587111939900181,0.814897536027737,-1340675191.7872157,-0.01356537928539854,0.9191623306986536,0.6150605581885202,0.6912984862778468,,,,,,,
ab0f8ebb-05c7-40cf-820c-1eb725a7a660,BernoulliNB,PREPROCESSING,UNAWARENESS,UNAWARENESS,0.8103460042312155,0.7050770108385624,0.2877908960622398,0.7050770108385624,0.8434556382883287,0.5861987194688167,3506.0,0.1896539957687845,-0.12810645624515682,0.449340195142231,0.4138012805311833,0.07052176064694277,1.1745726257760951,0.29492298916143755,0.1622351253127855,1.6014273356401385,0.09908010732081257,-0.07654841550371269,0.414917179623062,0.1565443617116713,-0.15261511255792937,0.2948057486579716,0.08518267478942482,0.29492298916143755,0.1565443617116713,0.8434556382883287,0.7050770108385624,0.9009198926791874,1034.0,1745.0,1034.0,1745.0,9402.0,10436.0,4217.0,9402.0,2472.0,0.5861987194688167,0.15742511893535743,-0.15742511893535743,0.026822013367664186,0.0003597102005475782,0.0003620154449984705,0.026822013367664186,0.0003597102005475782,0.0003620154449984705,0.41275337621738434,0.12535240695419225,0.3208268555906247,-0.1622351253127855,0.1622351253127855,-0.0735350880753277,-0.253155232237225,0.11006940498882754,0.8434556382883287,0.7050770108385624,-0.1622351253127855,0.23926840919948134,[0.7590391],11147.0,-0.19359515032530977,1.0108897248677533,0.6401657387025768,0.5169143669511994,0.1896539957687845,0.7742663245634456,0.7742663245634456,0.8961552927954881,-313918714.30679244,-0.009620012754856133,0.8377648746872144,0.6710553104852393,0.7187294137087148,,,,,,,
ab0f8ebb-05c7-40cf-820c-1eb725a7a660,BaggingClassifier,PREPROCESSING,UNAWARENESS,HYPERPARAMETER,0.8672626765849997,0.5832857957786651,0.1725926431447485,0.5832857957786651,0.9565802458060465,0.8086200079082642,3506.0,0.13273732341500033,-0.0990712048434581,0.40312051339362115,0.19137999209173587,-0.01414985237894395,0.9267811883976343,0.41671420422133487,0.09205450411089489,1.2287461754836164,0.12050478389970307,-0.09934027528193345,0.37145607703327,0.04341975419395353,-0.048871706571534224,0.21920532944440368,0.07363823371981211,0.41671420422133487,0.04341975419395353,0.9565802458060465,0.5832857957786651,0.8794952161002969,1461.0,484.0,1461.0,484.0,10663.0,12124.0,2529.0,10663.0,2045.0,0.8086200079082642,0.07046310534121455,-0.07046310534121455,0.01840378037013117,0.00016934956595601272,0.00016864000411862903,0.01840378037013117,0.00016934956595601272,0.00016864000411862903,0.38376616244742606,0.18416670964618032,0.30233507954932465,-0.09205450411089489,0.09205450411089489,-0.04259521145149475,-0.15721824522070477,0.11806422301264632,0.9565802458060465,0.5832857957786651,-0.09205450411089489,0.23926840919948134,[0.7590391],11147.0,-0.19359515032530977,1.0108897248677533,0.6777133388566694,0.6094998294828957,0.13273732341500033,0.7699330207923558,0.7699330207923558,0.8241848923421271,-176982775.77166212,-0.04318279753936066,0.907945495889105,0.6269640530390128,0.699078550627315,27.409528255462646,129.4,1.0,181783.0053596258,19.607667446136475,760370.3391153612,65.6875487402437
ab0f8ebb-05c7-40cf-820c-1eb725a7a660,RandomForestClassifier,PREPROCESSING,UNAWARENESS,HYPERPARAMETER,0.8599604176619122,0.5479178551055334,0.1629700402647922,0.5479178551055334,0.9581053198169911,0.8044388609715243,3506.0,0.14003958233808778,-0.10853090639036933,0.3849494152406078,0.19556113902847572,-0.0628333159050507,0.6908482860634125,0.45208214489446663,0.10241117885371565,1.2347847614277907,0.1292295148797391,-0.1057585962926277,0.3746163500962263,0.04189468018300888,-0.05351179645935067,0.14908706756891682,0.07865345478598157,0.45208214489446663,0.04189468018300888,0.9581053198169911,0.5479178551055334,0.8707704851202609,1585.0,467.0,1585.0,467.0,10680.0,12265.0,2388.0,10680.0,1921.0,0.8044388609715243,0.07796148765653316,-0.07796148765653316,0.0192705601600147,0.00018567724444037287,0.00018486337794157006,0.0192705601600147,0.00018567724444037287,0.00018486337794157006,0.3966193509802102,0.2756390568685343,0.27584932784994265,-0.10241117885371565,0.10241117885371565,-0.021462640193788497,-0.1558976796247453,0.127197678022796,0.9581053198169911,0.5479178551055334,-0.10241117885371565,0.23926840919948134,[0.7590391],11147.0,-0.19359515032530977,1.0108897248677533,0.6518493383101459,0.5845267975437283,0.14003958233808778,0.7530115874612623,0.7530115874612622,0.8117174910423498,-173134518.94612324,-0.048899382394364976,0.8975888211462844,0.5953819928715327,0.6706482615020809,62.8328161239624,129.20000000000002,1.0,182152.91154215334,19.607667446136475,761911.6148758926,65.82069784066739
ab0f8ebb-05c7-40cf-820c-1eb725a7a660,GradientBoostingClassifier,PREPROCESSING,UNAWARENESS,HYPERPARAMETER,0.8758615983075139,0.6563034797490017,0.19893537159626015,0.6563034797490017,0.9449179151341168,0.7893653516295026,3506.0,0.12413840169248613,-0.08949650893409067,0.4194949960144525,0.21063464837049742,0.004642494817167303,1.022106700273052,0.3436965202509983,0.10015217261786546,1.3051962297264583,0.10265803373658204,-0.08314473031599767,0.3826589313883177,0.055082084865883195,-0.058655250287431585,0.24890233374846593,0.06651296336614886,0.3436965202509983,0.055082084865883195,0.9449179151341168,0.6563034797490017,0.897341966263418,1205.0,614.0,1205.0,614.0,10533.0,11738.0,2915.0,10533.0,2301.0,0.7893653516295026,0.07940371145264857,-0.07940371145264857,0.007578068395181693,2.8713560301025822e-05,2.866344891123947e-05,0.007578068395181693,2.8713560301025822e-05,2.866344891123947e-05,0.36472719494479394,0.15521886397537843,0.31127724595090733,-0.10015217261786558,0.10015217261786558,-0.043893612566582474,-0.17819357204700742,0.10169981354735914,0.9449179151341168,0.6563034797490017,-0.10015217261786558,0.23926840919948134,[0.7590391],11147.0,-0.19359515032530977,1.0108897248677533,0.7167107927114157,0.6425442642651374,0.12413840169248613,0.8006106974415592,0.8006106974415592,0.8641821582471124,-237007433.47675163,-0.04149692233043388,0.8998478273821343,0.6851782922653168,0.7443711964561142,129.57639813423157,129.5,1.0,182899.55231075286,19.607667446136475,765022.6180783907,66.08945395066097
ab0f8ebb-05c7-40cf-820c-1eb725a7a660,XGBClassifier,PREPROCESSING,UNAWARENESS,UNAWARENESS_SMOTE,0.866989694943015,0.6811180832857958,0.21968197638708797,0.6811180832857958,0.925450793935588,0.7418452935694315,3506.0,0.13301030505698497,-0.09856378830241841,0.4065448095780177,0.2581547064305685,-0.00276745898452041,0.9892953149001537,0.31888191671420424,0.1034140783254558,1.341485507246377,0.09777855518628652,-0.07974883487814849,0.38201320932217364,0.07454920606441195,-0.08090571886386326,0.2388120283558198,0.06898938393625847,0.31888191671420424,0.07454920606441195,0.925450793935588,0.6811180832857958,0.9022214448137135,1118.0,831.0,1118.0,831.0,10316.0,11434.0,3219.0,10316.0,2388.0,0.7418452935694315,0.09215989859465953,-0.09215989859465953,0.0020186688414731125,2.037511945767199e-06,2.0384689095859086e-06,0.0020186688414731125,2.037511945767199e-06,2.0384689095859086e-06,0.3714549338378977,0.16406588168505176,0.3085637379421193,-0.1034140783254558,0.1034140783254558,-0.03849068794681401,-0.19778656428011482,0.09997086376943638,0.925450793935588,0.6811180832857958,-0.1034140783254558,0.23926840919948134,[0.7590391],11147.0,-0.19359515032530977,1.0108897248677533,0.710185873605948,0.6250366696096342,0.13301030505698497,0.8032844386106919,0.8032844386106919,0.8773150510157214,-265000341.8256907,-0.022508359461592534,0.8965859216745442,0.6953483293295479,0.7515786244148288,,,,,,,
ab0f8ebb-05c7-40cf-820c-1eb725a7a660,GradientBoostingClassifier,PREPROCESSING,UNAWARENESS,UNAWARENESS_SMOTE,0.851770968402375,0.7007986309184255,0.244318569576196,0.7007986309184255,0.8992554050417153,0.6863128491620112,3506.0,0.14822903159762502,-0.11197975547749173,0.39732730827592083,0.3136871508379888,-0.037094859136785174,0.8833372205698127,0.29920136908157446,0.18328111967271715,1.676906080387267,0.09473494084710557,-0.06724845586420095,0.4491831588878603,0.10074459495828474,-0.12213021621052664,0.17844082958281285,0.07335894391987738,0.29920136908157446,0.10074459495828474,0.8992554050417153,0.7007986309184255,0.9052650591528945,1049.0,1123.0,1049.0,1123.0,10024.0,11073.0,3580.0,10024.0,2457.0,0.6863128491620112,0.15270566794162194,-0.15270566794162194,0.022409259889955353,0.00025108746440778094,0.0002524254892046789,0.022409259889955353,0.00025108746440778094,0.0002524254892046789,0.38303771072801013,0.3421195546611766,0.2582155219652227,-0.1832811196727172,0.1832811196727172,-0.015076798363707913,-0.24129328696961172,0.1006737302480236,0.8992554050417153,0.7007986309184255,-0.1832811196727172,0.23926840919948134,[0.7590391],11147.0,-0.19359515032530977,1.0108897248677533,0.6934801016088061,0.595800899184633,0.14822903159762502,0.8000270179800705,0.8000270179800704,0.9221956781320609,-189149758.4847141,-0.061150903462190515,0.8167188803272828,0.6971201588877854,0.7328947169854664,,,,,,,
ab0f8ebb-05c7-40cf-820c-1eb725a7a660,AdaBoostClassifier,PREPROCESSING,UNAWARENESS,UNAWARENESS_SMOTE,0.8432402920903569,0.6956645750142613,0.2503924111103528,0.6956645750142613,0.8896564097963577,0.6647587898609976,3506.0,0.1567597079096431,-0.11563607486577931,0.40870124743002756,0.33524121013900243,-0.019358565176501974,0.9426295345315688,0.30433542498573873,0.20766597489772415,1.76315957524449,0.09714129643117261,-0.06637010449330963,0.46623943259847017,0.11034359020364223,-0.13190511790585477,0.18622470975021838,0.07660421217328522,0.30433542498573873,0.11034359020364223,0.8896564097963577,0.6956645750142613,0.9028587035688274,1067.0,1230.0,1067.0,1230.0,9917.0,10984.0,3669.0,9917.0,2439.0,0.6647587898609976,0.16978554640178944,-0.16978554640178944,0.026257694381465413,0.00034473325711522013,0.00034689472523927184,0.026257694381465413,0.00034473325711522013,0.00034689472523927184,0.391418477267707,0.36439047564656724,0.25252879421007035,-0.2076659748977241,0.2076659748977241,-0.023505769658403855,-0.24982244285542637,0.1040252970534592,0.8896564097963577,0.6956645750142613,-0.2076659748977241,0.23926840919948134,[0.7590391],11147.0,-0.19359515032530977,1.0108897248677533,0.6798606271777003,0.5764012753716634,0.1567597079096431,0.7926604924053096,0.7926604924053096,0.9272427872194565,-146738612.96097413,-0.07576085699186938,0.7923340251022759,0.6876718122224572,0.7193454429114006,,,,,,,
ab0f8ebb-05c7-40cf-820c-1eb725a7a660,RandomForestClassifier,PREPROCESSING,UNAWARENESS,UNAWARENESS_SMOTE,0.8479492254145908,0.6423274386765545,0.22015969426056098,0.6423274386765545,0.9126222301964654,0.6980781153130812,3506.0,0.15205077458540917,-0.11558899088885355,0.3943087108213788,0.3019218846869188,-0.0115527747106694,0.9619246579958219,0.35767256132344555,0.11624697144218932,1.3422699099520525,0.10974008926227356,-0.09008449144716274,0.3796169416044299,0.08737776980353458,-0.09787655427246306,0.22181246638302257,0.07882658220362242,0.35767256132344555,0.08737776980353458,0.9126222301964654,0.6423274386765545,0.8902599107377265,1254.0,974.0,1254.0,974.0,10173.0,11427.0,3226.0,10173.0,2252.0,0.6980781153130812,0.10706176285732619,-0.10706176285732619,0.0047213308421507226,1.1145482460521826e-05,1.1157760990205382e-05,0.0047213308421507226,1.1145482460521826e-05,1.1157760990205382e-05,0.3970556187831181,0.2098080789725858,0.29475388312077355,-0.11624697144218932,0.11624697144218932,-0.039265858368246614,-0.20340294743188864,0.1132372005104192,0.9126222301964654,0.6423274386765545,-0.11624697144218932,0.23926840919948134,[0.7590391],11147.0,-0.19359515032530977,1.0108897248677533,0.6690433749257279,0.571400028650946,0.15205077458540917,0.77747483443651,0.7774748344365099,0.8607126607884903,-585849621.9297408,-0.01837041716972626,0.8837530285578107,0.6554132712456344,0.7171804566172697,,,,,,,
ab0f8ebb-05c7-40cf-820c-1eb725a7a660,BaggingClassifier,PREPROCESSING,UNAWARENESS,UNAWARENESS_SMOTE,0.8420118747014264,0.6069594980034227,0.20917218317068176,0.6069594980034227,0.9159415089261684,0.6942903752039151,3506.0,0.15798812529857365,-0.1153422700141995,0.41359146691475374,0.3057096247960848,0.027454260830271526,1.0909293375619142,0.3930405019965773,0.10266935099495572,1.272253014903365,0.11891612012426649,-0.09941468872081971,0.36871227654720307,0.08405849107383152,-0.0860174065147737,0.26982216575053003,0.08349107923765323,0.3930405019965773,0.08405849107383152,0.9159415089261684,0.6069594980034227,0.8810838798757336,1378.0,937.0,1378.0,937.0,10210.0,11588.0,3065.0,10210.0,2128.0,0.6942903752039151,0.09434337875486468,-0.09434337875486468,0.0038718868207295804,7.495753776269709e-06,7.489043480663207e-06,0.0038718868207295804,7.495753776269709e-06,7.489043480663207e-06,0.40863450475370583,0.13974878580790473,0.31615178978227376,-0.10266935099495567,0.10266935099495567,-0.06343447477554559,-0.18564203159464363,0.12195707875050855,0.9159415089261684,0.6069594980034227,-0.10266935099495567,0.23926840919948134,[0.7590391],11147.0,-0.19359515032530977,1.0108897248677533,0.6476944148531426,0.5485105079599768,0.15798812529857365,0.7614505034647956,0.7614505034647956,0.8332883167162571,-1297247978.6675534,-0.01665194448018202,0.8973306490050443,0.6266656850474859,0.6967167133652846,,,,,,,
ab0f8ebb-05c7-40cf-820c-1eb725a7a660,BernoulliNB,PREPROCESSING,UNAWARENESS,UNAWARENESS_SMOTE,0.7906913260083259,0.7672561323445521,0.33720057326144814,0.7672561323445521,0.7980622589037409,0.5444242056263914,3506.0,0.20930867399167408,-0.16289088265369467,0.3829160959080267,0.45557579437360857,-0.0025556440536591007,0.9943935005881666,0.2327438676554478,0.3098127755491123,2.677633347671793,0.08401976935749589,-0.04230405229388696,0.5902616653509815,0.2019377410962591,-0.24650374567451683,0.17458409629304164,0.08283924290964585,0.2327438676554478,0.2019377410962591,0.7980622589037409,0.7672561323445521,0.9159802306425041,816.0,2251.0,816.0,2251.0,8896.0,9712.0,4941.0,8896.0,2690.0,0.5444242056263914,0.2781582606118146,-0.2781582606118146,0.06878557495657295,0.0023657276610531573,0.002406421246949072,0.06878557495657295,0.0023657276610531573,0.002406421246949072,0.40703622175341064,0.48256720527938524,0.2244197344233336,-0.30981277554911235,0.30981277554911235,-0.0198742041201139,-0.35353586879922405,0.10053890704784904,0.7980622589037409,0.7672561323445521,-0.30981277554911235,0.23926840919948134,[0.7590391],11147.0,-0.19359515032530977,1.0108897248677533,0.6369125133183379,0.5101716331148856,0.20930867399167408,0.7826591956241465,0.7826591956241465,1.000362316130801,-348815226.7508254,-0.06330902987459547,0.6901872244508876,0.6960346723591435,0.6940745449221726,,,,,,,
ab0f8ebb-05c7-40cf-820c-1eb725a7a660,BaggingClassifier,PREPROCESSING,UNAWARENESS,HYPERPARAMETER_SMOTE,0.8538183307172592,0.6825442099258414,0.23353579471780522,0.6825442099258414,0.9076881672198798,0.6992986557568673,3506.0,0.1461816692827408,-0.10155230482542665,0.43663063260378704,0.30070134424313266,0.01049233252623083,1.0350404312668464,0.3174557900741586,0.1877842375978075,1.6513078592092574,0.0991007034102039,-0.06944665211452693,0.452965305884751,0.09231183278012021,-0.10373803848143225,0.22006495818732294,0.07391947773799172,0.3174557900741586,0.09231183278012021,0.9076881672198798,0.6825442099258414,0.9008992965897961,1113.0,1029.0,1113.0,1029.0,10118.0,11231.0,3422.0,10118.0,2393.0,0.6992986557568673,0.14576113803961988,-0.14576113803961988,0.014945255022290957,0.00011168032384065652,0.0001120740668792766,0.014945255022290957,0.00011168032384065652,0.0001120740668792766,0.38449831661007755,0.29095087345370807,0.27177419676432707,-0.1877842375978075,0.1877842375978075,-0.03996949232037888,-0.2250648564026438,0.10366227375802652,0.9076881672198798,0.6825442099258414,-0.1877842375978075,0.23926840919948134,[0.7590391],11147.0,-0.19359515032530977,1.0108897248677533,0.6908198614318707,0.5951943079126055,0.1461816692827408,0.7951161885728606,0.7951161885728606,0.9110132290929657,-172523467.37790492,-0.08404619911637524,0.8122157624021925,0.6866571018651364,0.7239623548803302,31.311391830444336,129.8,1.0,194395.82269396784,19.607667446136475,812923.7446751199,70.22757905387842
ab0f8ebb-05c7-40cf-820c-1eb725a7a660,RandomForestClassifier,PREPROCESSING,UNAWARENESS,HYPERPARAMETER_SMOTE,0.8368934689142156,0.7447233314318311,0.2802156554971678,0.7447233314318311,0.8658831972728088,0.635898684851437,3506.0,0.16310653108578443,-0.1300856544021053,0.370832622325436,0.3641013151485631,-0.04190903641275057,0.8864349746272286,0.25527666856816883,0.17434935655558645,1.7639390445527323,0.08485825353181,-0.06119293229650779,0.44663846874474544,0.13411680272719118,-0.16124150322276476,0.18305913026850526,0.07448973294932562,0.25527666856816883,0.13411680272719118,0.8658831972728088,0.7447233314318311,0.91514174646819,895.0,1495.0,895.0,1495.0,9652.0,10547.0,4106.0,9652.0,2611.0,0.635898684851437,0.16779542988917562,-0.16779542988917562,0.036424319795129154,0.0006633655362689188,0.0006691988436390975,0.036424319795129154,0.0006633655362689188,0.0006691988436390975,0.3859785821760726,0.3202235305856156,0.2639727845469685,-0.17434935655558648,0.17434935655558648,-0.009641947941878611,-0.27389344716375646,0.09574445768163986,0.8658831972728088,0.7447233314318311,-0.17434935655558648,0.23926840919948134,[0.7590391],11147.0,-0.19359515032530977,1.0108897248677533,0.686022070415134,0.5800593805327046,0.16310653108578443,0.8053032643523199,0.8053032643523199,0.940429471785474,-181445587.20434332,-0.01310785333282169,0.8256506434444135,0.7141684901531729,0.7478265152388243,67.64701223373413,129.9,1.0,194776.76959125997,19.607667446136475,814511.023413837,70.36470230047314
ab0f8ebb-05c7-40cf-820c-1eb725a7a660,GradientBoostingClassifier,PREPROCESSING,UNAWARENESS,HYPERPARAMETER_SMOTE,0.8659660137855729,0.6891043924700513,0.2245274005323142,0.6891043924700513,0.9215932537902575,0.7343465045592705,3506.0,0.13403398621442708,-0.09612532292422338,0.42194185053104477,0.26565349544072947,0.004013864306066484,1.0151393641834354,0.31089560752994866,0.13027391071215794,1.4481664617066339,0.09592537182082196,-0.07415223786720239,0.40772945434059144,0.07840674620974253,-0.08537202311929547,0.2370579358705706,0.06892542778377196,0.31089560752994866,0.07840674620974253,0.9215932537902575,0.6891043924700513,0.904074628179178,1090.0,874.0,1090.0,874.0,10273.0,11363.0,3290.0,10273.0,2416.0,0.7343465045592705,0.10782296691572668,-0.10782296691572668,0.005943771990967887,1.766421274030718e-05,1.7688743246857974e-05,0.005943771990967887,1.766421274030718e-05,1.7688743246857974e-05,0.37128271649451167,0.19721370976151653,0.29849940633971284,-0.13027391071215788,0.13027391071215788,-0.039083051086634464,-0.205997349761171,0.0987754631714566,0.9215932537902575,0.6891043924700513,-0.13027391071215788,0.23926840919948134,[0.7590391],11147.0,-0.19359515032530977,1.0108897248677533,0.711006474396704,0.6244055437663977,0.13403398621442708,0.8053488231301544,0.8053488231301544,0.8921839226421365,-220543505.02928638,-0.04490188759286247,0.8697260892878422,0.6998841251448435,0.7486144680277835,141.5166220664978,129.2,1.0,195445.8469694853,19.607667446136475,817298.8458231093,70.60553918082971
ab0f8ebb-05c7-40cf-820c-1eb725a7a660,XGBClassifier,PREPROCESSING,UNAWARENESS,UNAWARENESS_ROS,0.8362110148092541,0.833998859098688,0.3236197365727155,0.833998859098688,0.8369067910648605,0.6166174609869254,3506.0,0.16378898519074592,-0.11550230122415006,0.4297513160657582,0.3833825390130747,0.03687719399621514,1.097538376302693,0.16600114090131204,0.11900866862612702,1.8066445685825818,0.05872263141963475,-0.04275234983480227,0.44470860946833485,0.1630932089351395,-0.16188641400774312,0.2855905091280444,0.06662334870436933,0.16600114090131204,0.1630932089351395,0.8369067910648605,0.833998859098688,0.9412773685803653,582.0,1818.0,582.0,1818.0,9329.0,9911.0,4742.0,9329.0,2924.0,0.6166174609869254,0.14044754131693507,-0.14044754131693507,0.036888060514829395,0.0006803645042728577,0.0006864265000151134,0.036888060514829395,0.0006803645042728577,0.0006864265000151134,0.36502972126765054,0.08937802759297919,0.3326126006986919,-0.11900866862612702,0.16188641400774312,-0.03981477191550871,-0.27830657776944445,0.07763615666947442,0.8369067910648605,0.833998859098688,-0.11900866862612702,0.23926840919948134,[0.7590391],11147.0,-0.19359515032530977,1.0108897248677533,0.7090203685741998,0.6117963659206592,0.16378898519074592,0.8354528250817742,0.8354528250817743,0.9527901202507969,-289258196.0050764,0.042877745381616095,0.880991331373873,0.7664482306684142,0.8011699061152595,,,,,,,
ab0f8ebb-05c7-40cf-820c-1eb725a7a660,GradientBoostingClassifier,PREPROCESSING,UNAWARENESS,UNAWARENESS_ROS,0.8214017607315908,0.8576725613234455,0.3497577287927387,0.8576725613234455,0.8099937202834844,0.5867317073170731,3506.0,0.17859823926840923,-0.1295263493966985,0.4167120547057094,0.4132682926829268,0.029106687779738794,1.071135323519406,0.14232743867655448,0.13397520554474318,2.102318218954248,0.05237195633921075,-0.034390091803217726,0.4906445291812308,0.19000627971651565,-0.19375551899350707,0.2716426827624768,0.06746357733428476,0.14232743867655448,0.19000627971651565,0.8099937202834844,0.8576725613234455,0.9476280436607892,499.0,2118.0,499.0,2118.0,9029.0,9528.0,5125.0,9029.0,3007.0,0.5867317073170731,0.16386536226912513,-0.16386536226912513,0.04767093515950789,0.0011362590294910029,0.00114949609951586,0.04767093515950789,0.0011362590294910029,0.00114949609951586,0.3673243181012789,0.11512880326555308,0.324166633878976,-0.13397520554474318,0.19375551899350707,-0.03174838979147826,-0.30570769765786665,0.07564243530961072,0.8099937202834844,0.8576725613234455,-0.13397520554474318,0.23926840919948134,[0.7590391],11147.0,-0.19359515032530977,1.0108897248677533,0.6967906383964778,0.5973056068511281,0.17859823926840923,0.833833140803465,0.8338331408034649,0.9704695104932273,-208248668.13886026,0.05978031344876389,0.8660247944552568,0.7689062200345202,0.7987648347632985,,,,,,,
ab0f8ebb-05c7-40cf-820c-1eb725a7a660,AdaBoostClassifier,PREPROCESSING,UNAWARENESS,UNAWARENESS_ROS,0.8177847539752952,0.84312606959498,0.3464137036784276,0.84312606959498,0.8098142998116085,0.582348305752561,3506.0,0.18221524602470485,-0.13588832633215076,0.4035127388774484,0.4176516942474389,0.018148654810761555,1.0437122460186712,0.15687393040501996,0.14721893990546928,2.0983942065491186,0.05742925759632453,-0.038009723871241616,0.4877782803245777,0.19018570018839148,-0.20044785246126434,0.25434719792827865,0.06964399274095888,0.15687393040501996,0.19018570018839148,0.8098142998116085,0.84312606959498,0.9425707424036754,550.0,2120.0,550.0,2120.0,9027.0,9577.0,5076.0,9027.0,2956.0,0.582348305752561,0.17383339618336682,-0.17383339618336682,0.04971529714272894,0.0012358053849949161,0.0012508529194339526,0.04971529714272894,0.0012358053849949161,0.0012508529194339526,0.37321305641941005,0.15495010564872014,0.3115019863245609,-0.1472189399054693,0.20044785246126434,-0.028079189341001586,-0.3101635464236314,0.07937420214873614,0.8098142998116085,0.84312606959498,-0.1472189399054693,0.23926840919948134,[0.7590391],11147.0,-0.19359515032530977,1.0108897248677533,0.6888837100908879,0.5854407204932776,0.18221524602470485,0.8264701847032941,0.8264701847032943,0.9701383037545622,-146918665.79608697,0.053228912555795066,0.8527810600945307,0.7582403488521227,0.7873354499302005,,,,,,,
ab0f8ebb-05c7-40cf-820c-1eb725a7a660,RandomForestClassifier,PREPROCESSING,UNAWARENESS,UNAWARENESS_ROS,0.848017470825087,0.6799771819737592,0.23810823722104688,0.6799771819737592,0.9008701892885979,0.6832903410719404,3506.0,0.15198252917491295,-0.1096706143677737,0.4190679534903999,0.31670965892805963,0.02571244526031763,1.0821051330605471,0.3200228180262407,0.11294286451920404,1.373366924894958,0.10050161232533142,-0.08222799299644354,0.38255587401777663,0.09912981071140217,-0.10178693354846563,0.2680417326355561,0.07616722322305595,0.3200228180262407,0.09912981071140217,0.9008701892885979,0.6799771819737592,0.8994983876746686,1122.0,1105.0,1122.0,1105.0,10042.0,11164.0,3489.0,10042.0,2384.0,0.6832903410719404,0.10736489903383481,-0.10736489903383481,0.008290558314218007,3.436667858072466e-05,3.4433414654511974e-05,0.008290558314218007,3.436667858072466e-05,3.4433414654511974e-05,0.3903004566306731,0.1383698203518544,0.31662674870942753,-0.11294286451920399,0.11294286451920399,-0.053970219128380556,-0.21113257394022616,0.1058243648373725,0.9008701892885979,0.6799771819737592,-0.11294286451920399,0.23926840919948134,[0.7590391],11147.0,-0.19359515032530977,1.0108897248677533,0.6816297355253753,0.5818172402858124,0.15198252917491295,0.7904236856311785,0.7904236856311786,0.8752874448329218,-659493655.0827473,-0.011155930970738415,0.887057135480796,0.6808024559148996,0.7380014194704027,,,,,,,
ab0f8ebb-05c7-40cf-820c-1eb725a7a660,BaggingClassifier,PREPROCESSING,UNAWARENESS,UNAWARENESS_ROS,0.8426260833958916,0.6563034797490017,0.23217088650788234,0.6563034797490017,0.9012290302323495,0.6763668430335097,3506.0,0.15737391660410838,-0.11717265439491942,0.40428565890917195,0.3236331569664903,0.019389093911437394,1.0604203853977947,0.3436965202509983,0.08927294753147713,1.270651454030947,0.10710159096969159,-0.0920278260809746,0.35825426909961106,0.09877096976765048,-0.1011964404867591,0.26918476774274397,0.0797903795196261,0.3436965202509983,0.09877096976765048,0.9012290302323495,0.6563034797490017,0.8928984090303084,1205.0,1101.0,1205.0,1101.0,10046.0,11251.0,3402.0,10046.0,2301.0,0.6763668430335097,0.09523469400911809,-0.09523469400911809,0.00438168226136141,9.599569719764621e-06,9.609380831130168e-06,0.00438168226136141,9.599569719764621e-06,9.609380831130168e-06,0.39947560506150087,0.11387207022186052,0.32447934376402643,-0.08927294753147708,0.1011964404867591,-0.05570845999620605,-0.20280884122614534,0.11203107733434858,0.9012290302323495,0.6563034797490017,-0.08927294753147708,0.23926840919948134,[0.7590391],11147.0,-0.19359515032530977,1.0108897248677533,0.6661841343370006,0.5633683385036002,0.15737391660410838,0.7787662549906756,0.7787662549906755,0.8529318209893394,-1377129334.613184,0.011923492955281972,0.9107270524685228,0.6612068965517242,0.7276615787745139,,,,,,,
ab0f8ebb-05c7-40cf-820c-1eb725a7a660,BernoulliNB,PREPROCESSING,UNAWARENESS,UNAWARENESS_ROS,0.7607998362110148,0.8434112949229892,0.40353511226370026,0.8434112949229892,0.734816542567507,0.5000845594452901,3506.0,0.23920016378898523,-0.1671689027169,0.4338934132689605,0.49991544055470993,0.062257725405828246,1.1266708117787505,0.15658870507701084,0.22153528021607022,2.8126726519337018,0.06281464530892449,-0.03288270814980237,0.5800641995123306,0.26518345743249305,-0.26967381301003535,0.2730718625825788,0.0782788489422204,0.15658870507701084,0.26518345743249305,0.734816542567507,0.8434112949229892,0.9371853546910756,549.0,2956.0,549.0,2956.0,8191.0,8740.0,5913.0,8191.0,2957.0,0.5000845594452901,0.2456045466130528,-0.2456045466130528,0.06848723469885118,0.0023452506583477623,0.002385403910055051,0.06848723469885118,0.0023452506583477623,0.002385403910055051,0.3956737265531296,0.1604820047389266,0.30980937185282736,-0.22153528021607027,0.26967381301003535,-0.04757021677781531,-0.3624635046956135,0.08811289593059632,0.734816542567507,0.8434112949229892,-0.22153528021607027,0.23926840919948134,[0.7590391],11147.0,-0.19359515032530977,1.0108897248677533,0.6278798173903811,0.502833607519153,0.23920016378898523,0.789113918745248,0.789113918745248,0.982923884984724,-339262178.2591435,0.04813853279396513,0.7784647197839297,0.7198588034812244,0.738388407591481,,,,,,,
ab0f8ebb-05c7-40cf-820c-1eb725a7a660,BaggingClassifier,PREPROCESSING,UNAWARENESS,HYPERPARAMETER_ROS,0.8590732273254623,0.7261836851112379,0.24916399372142223,0.7261836851112379,0.9008701892885979,0.6973431936455765,3506.0,0.14092677267453768,-0.10496875495593327,0.40409574446007807,0.30265680635442344,-0.008387022228597163,0.9723880107562143,0.2738163148887621,0.13282211939468563,1.5245588235294119,0.08725686238865661,-0.06708133794954621,0.4133513391852352,0.09912981071140217,-0.11044181587486515,0.22473278680172376,0.06904125715055827,0.2738163148887621,0.09912981071140217,0.9008701892885979,0.7261836851112379,0.9127431376113434,960.0,1105.0,960.0,1105.0,10042.0,11002.0,3651.0,10042.0,2546.0,0.6973431936455765,0.12163196763477536,-0.12163196763477536,0.01698145895759571,0.0001441849741642538,0.00014476383737947572,0.01698145895759571,0.0001441849741642538,0.00014476383737947572,0.3715945563394552,0.20766754194325476,0.295421081549568,-0.13282211939468558,0.13282211939468558,-0.029347157860474496,-0.2299144642478454,0.09367077942847694,0.9008701892885979,0.7261836851112379,-0.13282211939468558,0.23926840919948134,[0.7590391],11147.0,-0.19359515032530977,1.0108897248677533,0.711471286852033,0.6185119220621647,0.14092677267453768,0.8135269371999179,0.8135269371999179,0.9124778192954363,-174052643.95668572,-0.022380303519820482,0.8671778806053144,0.7187522055190909,0.7622404183375842,31.44453454017639,129.4,1.0,192841.1399800539,19.607667446136475,806445.9000338117,69.66796525292095
ab0f8ebb-05c7-40cf-820c-1eb725a7a660,RandomForestClassifier,PREPROCESSING,UNAWARENESS,HYPERPARAMETER_ROS,0.796901658363475,0.8759269823160296,0.3829932437043609,0.8759269823160296,0.772046290481744,0.5472202423378475,3506.0,0.20309834163652496,-0.1697667726327705,0.34721591692233267,0.4527797576621525,-0.03040696057464537,0.9333827086567024,0.12407301768397033,0.19257159312070538,3.0444339025932954,0.048114146665191905,-0.021341222589012027,0.6328391812643093,0.22795370951825603,-0.2667365387532845,0.19801450798280093,0.06973496194410128,0.12407301768397033,0.22795370951825603,0.772046290481744,0.8759269823160296,0.9518858533348081,435.0,2541.0,435.0,2541.0,8606.0,9041.0,5612.0,8606.0,3071.0,0.5472202423378475,0.22965406593699494,-0.22965406593699494,0.07262321801510731,0.002637065897434903,0.002685159681608236,0.07262321801510731,0.002637065897434903,0.002685159681608236,0.3734567229120431,0.2935585663702902,0.271176406796913,-0.19257159312070538,0.2667365387532845,0.004532868992816699,-0.3695021832426497,0.07589965102829582,0.772046290481744,0.8759269823160296,-0.19257159312070538,0.23926840919948134,[0.7590391],11147.0,-0.19359515032530977,1.0108897248677533,0.673612634349638,0.5686892035957157,0.20309834163652496,0.8239866363988868,0.8239866363988868,1.0132185177256394,-187574632.6910879,0.07416494563257914,0.8074284068792946,0.7615623062616244,0.7762608470498854,68.0643036365509,129.3,1.0,193218.5099605322,19.607667446136475,808018.2749524713,69.80380097506071
ab0f8ebb-05c7-40cf-820c-1eb725a7a660,GradientBoostingClassifier,PREPROCESSING,UNAWARENESS,HYPERPARAMETER_ROS,0.8390773220500921,0.8434112949229892,0.32525762642462297,0.8434112949229892,0.8377141831883018,0.6204364246747797,3506.0,0.1609226779499079,-0.11884060532196838,0.4081677066932563,0.37956357532522034,0.01675989534919964,1.044429431691705,0.15658870507701084,0.12144640942129725,1.881677119377163,0.05552746030140589,-0.03924374854445029,0.4579938160588789,0.1622858168116982,-0.16846008848213778,0.26234735657530617,0.06508907154689073,0.15658870507701084,0.1622858168116982,0.8377141831883018,0.8434112949229892,0.9444725396985941,549.0,1809.0,549.0,1809.0,9338.0,9887.0,4766.0,9338.0,2957.0,0.6204364246747797,0.14495324895171746,-0.14495324895171746,0.0401667098633206,0.0008066822906220882,0.0008145363996034141,0.0401667098633206,0.0008066822906220882,0.0008145363996034141,0.3608020829953473,0.12464855853726675,0.3210792448971384,-0.12144640942129714,0.16846008848213778,-0.02800182194682491,-0.2859751455091244,0.07510353550965379,0.8377141831883018,0.8434112949229892,-0.12144640942129714,0.23926840919948134,[0.7590391],11147.0,-0.19359515032530977,1.0108897248677533,0.7149419729206963,0.6203014496582838,0.1609226779499079,0.8405627390556456,0.8405627390556455,0.9624050390295159,-242643386.25736448,0.04701367906084053,0.8785535905787029,0.7738811829364041,0.8058860739095106,141.32443356513977,129.1,1.0,193952.3035699606,19.607667446136475,811075.7483250896,70.06793270252857
ab0f8ebb-05c7-40cf-820c-1eb725a7a660,XGBClassifier,PREPROCESSING,UNAWARENESS,UNAWARENESS_RUS,0.8271343752132669,0.8579577866514546,0.34416160513205485,0.8579577866514546,0.8174396698663318,0.5964703549474519,3506.0,0.17286562478673306,-0.12181683906838736,0.4300774891062858,0.40352964505254807,0.040851183037482974,1.1027737315644406,0.14204221334854536,0.10385098502601581,1.8246826210376912,0.0518210197710718,-0.03860995045020801,0.43699860456117595,0.18256033013366826,-0.1773634964156882,0.29656889653403284,0.06629443975398684,0.14204221334854536,0.18256033013366826,0.8174396698663318,0.8579577866514546,0.9481789802289282,498.0,2035.0,498.0,2035.0,9112.0,9610.0,5043.0,9112.0,3008.0,0.5964703549474519,0.14060724072085196,-0.14060724072085196,0.04104277105587359,0.0008422545279724275,0.0008506417861361515,0.04104277105587359,0.0008422545279724275,0.0008506417861361515,0.36412755939090036,0.056472277207387345,0.3437588048171677,-0.10385098502601575,0.1773634964156882,-0.039730566743845466,-0.2896331569125545,0.07450141915281594,0.8174396698663318,0.8579577866514546,-0.10385098502601575,0.23926840919948134,[0.7590391],11147.0,-0.19359515032530977,1.0108897248677533,0.7037080360276056,0.6065103261051954,0.17286562478673306,0.8376987282588931,0.8376987282588932,0.9554852349947431,-283387048.8390532,0.07351251138967238,0.8961490149739842,0.7732150890045627,0.8102659096797407,,,,,,,
ab0f8ebb-05c7-40cf-820c-1eb725a7a660,GradientBoostingClassifier,PREPROCESSING,UNAWARENESS,UNAWARENESS_RUS,0.8192861530062103,0.8582430119794637,0.3521463181601037,0.8582430119794637,0.8070332824975329,0.583139534883721,3506.0,0.18071384699378967,-0.1320982333022337,0.41300392540823966,0.41686046511627906,0.027532439934655317,1.0666709548773037,0.1417569880205362,0.12594704492195258,2.0305390802729932,0.05235436637522385,-0.03596143740415867,0.47279738037604957,0.19296671750246702,-0.1963692913630904,0.2727142811954214,0.06781299917479516,0.1417569880205362,0.19296671750246702,0.8070332824975329,0.8582430119794637,0.9476456336247762,497.0,2151.0,497.0,2151.0,8996.0,9493.0,5160.0,8996.0,3009.0,0.583139534883721,0.1611581681425215,-0.1611581681425215,0.04779520329110299,0.001142190728818931,0.001155533387826696,0.04779520329110299,0.001142190728818931,0.001155533387826696,0.36827435201163594,0.10702392632153646,0.32680752925751955,-0.12594704492195263,0.1963692913630904,-0.03174693866940696,-0.30624172688151663,0.07591192621292152,0.8070332824975329,0.8582430119794637,-0.12594704492195263,0.23926840919948134,[0.7590391],11147.0,-0.19359515032530977,1.0108897248677533,0.6944380336948996,0.5942379911017818,0.18071384699378967,0.8326381472384984,0.8326381472384983,0.9668245857730379,-209192519.7557446,0.07042224644113781,0.8740529550780474,0.7676999617298125,0.8001536537398745,,,,,,,
ab0f8ebb-05c7-40cf-820c-1eb725a7a660,AdaBoostClassifier,PREPROCESSING,UNAWARENESS,UNAWARENESS_RUS,0.8190814167747219,0.8405590416428979,0.34388862349007027,0.8405590416428979,0.8123261864178702,0.5848382615598333,3506.0,0.1809185832252781,-0.12750896600912864,0.43001501695827515,0.4151617384401667,0.041723869624684495,1.101970680237904,0.15944095835710212,0.13112538229336299,1.942702384351799,0.058144372789681716,-0.04096468861684325,0.4610956012056058,0.18767381358212973,-0.1861543217765888,0.28595165588074045,0.0696505366251638,0.15944095835710212,0.18767381358212973,0.8123261864178702,0.8405590416428979,0.9418556272103182,559.0,2092.0,559.0,2092.0,9055.0,9614.0,5039.0,9055.0,2947.0,0.5848382615598333,0.1586398520349759,-0.1586398520349759,0.043886653498094445,0.0009630191776309026,0.0009733051498700417,0.043886653498094445,0.0009630191776309026,0.0009733051498700417,0.37323058991771774,0.09217877853366718,0.3316936964547541,-0.131125382293363,0.1861543217765888,-0.04134427912076384,-0.29626232601697633,0.07967349902354996,0.8123261864178702,0.8405590416428979,-0.131125382293363,0.23926840919948134,[0.7590391],11147.0,-0.19359515032530977,1.0108897248677533,0.6897600936220012,0.5864048598774684,0.1809185832252781,0.826442614030384,0.826442614030384,0.9575493480355628,-146933066.15637156,0.05502893948322582,0.868874617706637,0.757729639390628,0.7914778090064044,,,,,,,
ab0f8ebb-05c7-40cf-820c-1eb725a7a660,RandomForestClassifier,PREPROCESSING,UNAWARENESS,UNAWARENESS_RUS,0.813485293114038,0.8260125499144324,0.3425237152801474,0.8260125499144324,0.8095451691037947,0.5770073719864515,3506.0,0.18651470688596195,-0.135013053165706,0.41759544279073385,0.42299262801354853,0.035611647508599575,1.0852334576810176,0.1739874500855676,0.10955559637764625,1.697857368753953,0.06331741747975919,-0.050737091811493606,0.40566679764041796,0.19045483089620527,-0.1888491468469014,0.28612493262225996,0.07223835644689024,0.1739874500855676,0.19045483089620527,0.8095451691037947,0.8260125499144324,0.9366825825202408,610.0,2123.0,610.0,2123.0,9024.0,9634.0,5019.0,9024.0,2896.0,0.5770073719864515,0.14920237161227387,-0.14920237161227387,0.04214472343219,0.0008880888565878925,0.0008971808237295755,0.04214472343219,0.0008880888565878925,0.0008971808237295755,0.38010092461579265,0.0762753807518941,0.3370134012435765,-0.10955559637764634,0.1888491468469014,-0.04317436966004659,-0.2920654809024549,0.08378993260599031,0.8095451691037947,0.8260125499144324,-0.10955559637764634,0.23926840919948134,[0.7590391],11147.0,-0.19359515032530977,1.0108897248677533,0.6794134897360704,0.5713839477696676,0.18651470688596195,0.8177788595091136,0.8177788595091136,0.9397934048022537,-522529617.9858898,0.07929355046925515,0.8904444036223537,0.7455750788440497,0.7883269103023972,,,,,,,
ab0f8ebb-05c7-40cf-820c-1eb725a7a660,BaggingClassifier,PREPROCESSING,UNAWARENESS,UNAWARENESS_RUS,0.8141677472189995,0.7835139760410724,0.32150412884733504,0.7835139760410724,0.8238090966179241,0.583103375079601,3506.0,0.18583225278100046,-0.13061897339717699,0.4312583519700737,0.4168966249203991,0.04986748535223995,1.1217835665423155,0.21648602395892755,0.10276864797235569,1.5124591503267972,0.07634278817139409,-0.06460071606527303,0.37726649799704826,0.1761909033820759,-0.16876374072831035,0.30377248496128245,0.07644480770750112,0.21648602395892755,0.1761909033820759,0.8238090966179241,0.7835139760410724,0.9236572118286059,759.0,1964.0,759.0,1964.0,9183.0,9942.0,4711.0,9183.0,2747.0,0.583103375079601,0.13576619435033305,-0.13576619435033305,0.03303353036823117,0.0005456070642944255,0.0005499423257349131,0.03303353036823117,0.0005456070642944255,0.0005499423257349131,0.39101101699952423,0.049529458194091935,0.3461417637521003,-0.10276864797235574,0.16876374072831035,-0.05723410070875649,-0.269306853672358,0.0926623817544428,0.8238090966179241,0.7835139760410724,-0.10276864797235574,0.23926840919948134,[0.7590391],11147.0,-0.19359515032530977,1.0108897248677533,0.668613849336741,0.5547678764524571,0.18583225278100046,0.8036615363294983,0.8036615363294983,0.9127716046626962,-1326326968.8302832,0.06599509275595467,0.8972313520276443,0.7215181561494516,0.7719081504083285,,,,,,,
ab0f8ebb-05c7-40cf-820c-1eb725a7a660,BernoulliNB,PREPROCESSING,UNAWARENESS,UNAWARENESS_RUS,0.7613457994949839,0.8425556189389618,0.40257967651675425,0.8425556189389618,0.735803355162824,0.5007628411595185,3506.0,0.23865420050501607,-0.16940808631165594,0.4267093749286471,0.4992371588404814,0.05689899822416322,1.1157202599018454,0.15744438106103822,0.22922583111570083,2.880794769431318,0.06305688827964359,-0.03196439290633059,0.5910151500433768,0.2641966448371759,-0.2733181463324987,0.2641267395642505,0.07832140344953367,0.15744438106103822,0.2641966448371759,0.735803355162824,0.8425556189389618,0.9369431117203564,552.0,2945.0,552.0,2945.0,8202.0,8754.0,5899.0,8202.0,2954.0,0.5007628411595185,0.2512719887240997,-0.2512719887240997,0.07019614794757938,0.002463749593339226,0.0025070653029547856,0.07019614794757938,0.002463749593339226,0.0025070653029547856,0.3957812614299309,0.18400655205076455,0.3026019295724306,-0.22922583111570083,0.2733181463324987,-0.04443169556524693,-0.366535119800521,0.08823655408259654,0.735803355162824,0.8425556189389618,-0.22922583111570083,0.23926840919948134,[0.7590391],11147.0,-0.19359515032530977,1.0108897248677533,0.6281765018607124,0.5031412981120205,0.23865420050501607,0.7891794870508929,0.7891794870508929,0.9874781862224357,-340296379.0684363,0.04409231521679785,0.7707741688842992,0.7197417311323627,0.7359847490435214,,,,,,,
ab0f8ebb-05c7-40cf-820c-1eb725a7a660,BaggingClassifier,PREPROCESSING,UNAWARENESS,HYPERPARAMETER_RUS,0.8118474032621307,0.8590986879634912,0.35999454036716033,0.8590986879634912,0.7969857360724859,0.5709952606635071,3506.0,0.18815259673786933,-0.1353355178293275,0.4205687767870128,0.4290047393364929,0.03640566352187585,1.0859181279349346,0.14090131203650885,0.11825649402232197,1.964946929184897,0.0526764768607379,-0.037909330625662256,0.45423095909170536,0.20301426392751412,-0.20161412014339541,0.28533016752937695,0.069097953129137,0.14090131203650885,0.20301426392751412,0.7969857360724859,0.8590986879634912,0.9473235231392622,494.0,2263.0,494.0,2263.0,8884.0,9378.0,5275.0,8884.0,3012.0,0.5709952606635071,0.1599353070828587,-0.1599353070828587,0.048052398745863,0.001154516512615708,0.001168079518473995,0.048052398745863,0.001154516512615708,0.001168079518473995,0.371747099865317,0.07971323292858323,0.335865387607229,-0.11825649402232197,0.20161412014339541,-0.037157497073769086,-0.307646579898459,0.07705864210965832,0.7969857360724859,0.8590986879634912,-0.11825649402232197,0.23926840919948134,[0.7590391],11147.0,-0.19359515032530977,1.0108897248677533,0.6860266484455073,0.5831473919501552,0.18815259673786933,0.8280422120179886,0.8280422120179886,0.960475397474655,-185290083.97830793,0.08335762612107345,0.881743505977678,0.762869625783575,0.7987652990802317,22.86750316619873,129.6,1.0,197998.57759478095,19.607667446136475,827935.2234285078,71.52440402396276
ab0f8ebb-05c7-40cf-820c-1eb725a7a660,RandomForestClassifier,PREPROCESSING,UNAWARENESS,HYPERPARAMETER_RUS,0.7928069337337064,0.8784940102681118,0.3883163857230601,0.8784940102681118,0.7658562842020274,0.5413005272407733,3506.0,0.20719306626629364,-0.17133815336224723,0.352678206777323,0.45869947275922673,-0.0212967244499479,0.9538385620168884,0.1215059897318882,0.17602747547364656,2.8687934851359898,0.04752872922012719,-0.023741618788307682,0.5953713357046486,0.23414371579797255,-0.26789136250974,0.21031501756267243,0.07005081818051274,0.1215059897318882,0.23414371579797255,0.7658562842020274,0.8784940102681118,0.9524712707798728,426.0,2610.0,426.0,2610.0,8537.0,8963.0,5690.0,8537.0,3080.0,0.5413005272407733,0.2219594189916933,-0.2219594189916933,0.07142817205644528,0.0025509918816625753,0.002596690312633411,0.07142817205644528,0.0025509918816625753,0.002596690312633411,0.3743015313367359,0.25500498981444175,0.2818448154645166,-0.1760274754736466,0.26789136250974,-0.0012224471691798904,-0.36741279521068637,0.07596369204305817,0.7658562842020274,0.8784940102681118,-0.1760274754736466,0.23926840919948134,[0.7590391],11147.0,-0.19359515032530977,1.0108897248677533,0.6698564593301436,0.5640585106668043,0.20719306626629364,0.8221751472350696,0.8221751472350696,1.0046646652247755,-187857023.35021958,0.09186388703609344,0.8239725245263533,0.7601184600197433,0.7802743458574309,57.14735746383667,129.4,1.0,198350.5084100485,19.607667446136475,829401.6018254558,71.65108282436576
ab0f8ebb-05c7-40cf-820c-1eb725a7a660,GradientBoostingClassifier,PREPROCESSING,UNAWARENESS,HYPERPARAMETER_RUS,0.8288405104756705,0.8596691386195094,0.343274414795605,0.8596691386195094,0.8191441643491523,0.5992047713717694,3506.0,0.17115948952432947,-0.11710643602453152,0.443558681730191,0.40079522862823064,0.04928418289228348,1.1252408370238407,0.14033086138049058,0.11675586845136435,1.9553339291517713,0.05112750701444456,-0.035289023636256675,0.4688124591326999,0.18085583565084776,-0.17380605590941703,0.30209708196183105,0.06577715416540729,0.14033086138049058,0.18085583565084776,0.8191441643491523,0.8596691386195094,0.9488724929855554,492.0,2016.0,492.0,2016.0,9131.0,9623.0,5030.0,9131.0,3014.0,0.5992047713717694,0.14528096218039072,-0.14528096218039072,0.04089740649287587,0.0008362989289217626,0.0008445960789539248,0.04089740649287587,0.0008362989289217626,0.0008445960789539248,0.36270416089537016,0.05816948250361409,0.34317503542239475,-0.11675586845136443,0.17380605590941703,-0.042286603264270105,-0.2892161691807923,0.07381652317052428,0.8191441643491523,0.8596691386195094,-0.11675586845136443,0.23926840919948134,[0.7590391],11147.0,-0.19359515032530977,1.0108897248677533,0.7061855670103093,0.6099525703695526,0.17115948952432947,0.8394066514843308,0.8394066514843308,0.9613564574725944,-245143228.9088631,0.05705018745805268,0.8832441315486357,0.7754051968098791,0.8083014891737329,103.1126012802124,130.9,1.0,198984.00646731854,19.607667446136475,832041.1770640811,71.87911279636923
ab0f8ebb-05c7-40cf-820c-1eb725a7a660,XGBClassifier,PREPROCESSING,UNAWARENESS,UNAWARENESS_FOS,0.8728588002456835,0.659155733029093,0.20330307786801338,0.659155733029093,0.9400735623934691,0.7757636790869419,3506.0,0.12714119975431648,-0.08942450428969706,0.4309562262977186,0.22423632091305806,0.01767245100578435,1.0796653045339561,0.34084426697090703,0.11005580490129879,1.3399221002269521,0.10236422819941751,-0.08159618039257627,0.39062372891383607,0.05992643760653091,-0.06211131584147861,0.26314876793314174,0.06770643765584665,0.34084426697090703,0.05992643760653091,0.9400735623934691,0.659155733029093,0.8976357718005825,1195.0,668.0,1195.0,668.0,10479.0,11674.0,2979.0,10479.0,2311.0,0.7757636790869419,0.08608356037138873,-0.08608356037138873,0.0056732993033782,1.6093162492855783e-05,1.607209329474609e-05,0.0056732993033782,1.6093162492855783e-05,1.607209329474609e-05,0.36798488462393847,0.15436890286035676,0.3115493414456197,-0.11005580490129885,0.11005580490129885,-0.04963431569918028,-0.18201232488896618,0.10218406253196986,0.9400735623934691,0.659155733029093,-0.11005580490129885,0.23926840919948134,[0.7590391],11147.0,-0.19359515032530977,1.0108897248677533,0.7127216653816499,0.6352327750464954,0.12714119975431648,0.7996146477112811,0.7996146477112811,0.8684483235113819,-273594495.139702,-0.04794448905982018,0.8899441950987012,0.6848929391716678,0.7418708770030359,,,,,,,
ab0f8ebb-05c7-40cf-820c-1eb725a7a660,GradientBoostingClassifier,PREPROCESSING,UNAWARENESS,UNAWARENESS_FOS,0.8701289838258377,0.6115231032515688,0.183238927182147,0.6115231032515688,0.951466762357585,0.7985102420856611,3506.0,0.1298710161741623,-0.09598166874972536,0.4078089182843308,0.20148975791433893,-0.028038687579687527,0.8632458189980313,0.3884768967484313,0.1167744866346268,1.3153017588074427,0.11380347593582887,-0.09055830349420746,0.38994907673455503,0.048533237642414996,-0.0572862327008522,0.1932288143127384,0.0711112723499143,0.3884768967484313,0.048533237642414996,0.951466762357585,0.6115231032515688,0.8861965240641712,1362.0,541.0,1362.0,541.0,10606.0,11968.0,2685.0,10606.0,2144.0,0.7985102420856611,0.08703035966773953,-0.08703035966773953,0.01079373101710745,5.825231463483372e-05,5.810800638034562e-05,0.01079373101710745,5.825231463483372e-05,5.810800638034562e-05,0.3771240441815247,0.23928534516534983,0.2861225239226921,-0.11677448663462686,0.11677448663462686,-0.03125980795726002,-0.17201690210326254,0.11188137155698814,0.951466762357585,0.6115231032515688,-0.11677448663462686,0.23926840919948134,[0.7590391],11147.0,-0.19359515032530977,1.0108897248677533,0.692618316911646,0.6208727488434101,0.1298710161741623,0.7814949328045768,0.7814949328045768,0.8495087178850751,-196700984.8674514,-0.059488253933774604,0.8832255133653732,0.6495493448458685,0.7123739221735974,,,,,,,
ab0f8ebb-05c7-40cf-820c-1eb725a7a660,AdaBoostClassifier,PREPROCESSING,UNAWARENESS,UNAWARENESS_FOS,0.8626219886712618,0.5907016543069025,0.1807820924042858,0.5907016543069025,0.9481474836278819,0.7818044545111362,3506.0,0.13737801132873817,-0.09595470095282599,0.4341520481667391,0.21819554548886372,0.03025206172180106,1.1412789766356208,0.40929834569309753,0.11388742701672161,1.290805654158215,0.11954348550483172,-0.09555734007456154,0.3868678601939986,0.05185251637211806,-0.05258821426890768,0.274475430839958,0.07555849847351125,0.40929834569309753,0.05185251637211806,0.9481474836278819,0.5907016543069025,0.8804565144951683,1435.0,578.0,1435.0,578.0,10569.0,12004.0,2649.0,10569.0,2071.0,0.7818044545111362,0.08323782064281465,-0.08323782064281465,0.015285968955387499,0.00011683042345253518,0.00011642249501007504,0.015285968955387499,0.00011683042345253518,0.00011642249501007504,0.38873769684328596,0.1675792311125046,0.307415881655543,-0.11388742701672161,0.11388742701672161,-0.0629047008981813,-0.16311579533317994,0.11834686588567865,0.9481474836278819,0.5907016543069025,-0.11388742701672161,0.23926840919948134,[0.7590391],11147.0,-0.19359515032530977,1.0108897248677533,0.672948822095857,0.5973765581581707,0.13737801132873817,0.7694245689673922,0.7694245689673922,0.8334697932372749,-146343688.84154928,-0.06129921274781393,0.8861125729832784,0.6291486291486291,0.6964719732608718,,,,,,,
ab0f8ebb-05c7-40cf-820c-1eb725a7a660,RandomForestClassifier,PREPROCESSING,UNAWARENESS,UNAWARENESS_FOS,0.8554562205691667,0.6232173416999429,0.2035078140995018,0.6232173416999429,0.9285009419574773,0.7327297116029511,3506.0,0.1445437794308333,-0.11133073189138543,0.3879638590093005,0.26727028839704897,-0.02355659938711796,0.912864105262772,0.376782658300057,0.10015465504230053,1.2772505497526114,0.1131865307171622,-0.09436414186910608,0.37005320993362173,0.07149905804252266,-0.08153101631309663,0.21213822467201635,0.07704425037888224,0.376782658300057,0.07149905804252266,0.9285009419574773,0.6232173416999429,0.8868134692828378,1321.0,797.0,1321.0,797.0,10350.0,11671.0,2982.0,10350.0,2185.0,0.7327297116029511,0.0908428356776986,-0.0908428356776986,0.0031229500264526007,4.876408433860149e-06,4.8728846020805285e-06,0.0031229500264526007,4.876408433860149e-06,4.8728846020805285e-06,0.3925410816179174,0.20197888541028042,0.29704855322612994,-0.10015465504230059,0.10015465504230059,-0.03540377124099406,-0.1872178616972725,0.1146148775877352,0.9285009419574773,0.6232173416999429,-0.10015465504230059,0.23926840919948134,[0.7590391],11147.0,-0.19359515032530977,1.0108897248677533,0.6735511713933415,0.584648014116157,0.1445437794308333,0.7758591418287102,0.7758591418287102,0.8463403863588961,-634608813.17786,-0.018623638729203904,0.8998453449576994,0.6474074074074074,0.7141927115435616,,,,,,,
ab0f8ebb-05c7-40cf-820c-1eb725a7a660,BaggingClassifier,PREPROCESSING,UNAWARENESS,UNAWARENESS_FOS,0.8507472872449328,0.591842555618939,0.19320275711458404,0.591842555618939,0.9321790616309321,0.7329565524549629,3506.0,0.14925271275506724,-0.10648041381760565,0.4243790622275356,0.2670434475450371,0.03769509403464777,1.143985805897236,0.40815744438106105,0.10000695078841804,1.2547038591876993,0.12104550837421756,-0.10008418708573802,0.37187060916698045,0.06782093836906791,-0.0671998793357878,0.2865015946385163,0.08084184924325924,0.40815744438106105,0.06782093836906791,0.9321790616309321,0.591842555618939,0.8789544916257824,1431.0,756.0,1431.0,756.0,10391.0,11822.0,2831.0,10391.0,2075.0,0.7329565524549629,0.08360341506210292,-0.08360341506210292,0.011591239383529907,6.717841522314738e-05,6.699984950185273e-05,0.011591239383529907,6.717841522314738e-05,6.699984950185273e-05,0.40209911525209613,0.1271882195157017,0.32012607478646976,-0.10000695078841804,0.10000695078841804,-0.0688896405601929,-0.17017797409052726,0.12213814522912628,0.9321790616309321,0.591842555618939,-0.10000695078841804,0.23926840919948134,[0.7590391],11147.0,-0.19359515032530977,1.0108897248677533,0.6548840145179107,0.5662637326654862,0.14925271275506724,0.7620108086249355,0.7620108086249355,0.8257175145402148,-1339609607.775596,-0.03280707145263023,0.8999930492115819,0.6217694209304068,0.6932014638691253,,,,,,,
ab0f8ebb-05c7-40cf-820c-1eb725a7a660,BernoulliNB,PREPROCESSING,UNAWARENESS,UNAWARENESS_FOS,0.8103460042312155,0.7050770108385624,0.2877908960622398,0.7050770108385624,0.8434556382883287,0.5861987194688167,3506.0,0.1896539957687845,-0.12810645624515682,0.449340195142231,0.4138012805311833,0.07052176064694277,1.1745726257760951,0.29492298916143755,0.1622351253127855,1.6014273356401385,0.09908010732081257,-0.07654841550371269,0.414917179623062,0.1565443617116713,-0.15261511255792937,0.2948057486579716,0.08518267478942482,0.29492298916143755,0.1565443617116713,0.8434556382883287,0.7050770108385624,0.9009198926791874,1034.0,1745.0,1034.0,1745.0,9402.0,10436.0,4217.0,9402.0,2472.0,0.5861987194688167,0.15742511893535743,-0.15742511893535743,0.026822013367664186,0.0003597102005475782,0.0003620154449984705,0.026822013367664186,0.0003597102005475782,0.0003620154449984705,0.41275337621738434,0.12535240695419225,0.3208268555906247,-0.1622351253127855,0.1622351253127855,-0.0735350880753277,-0.253155232237225,0.11006940498882754,0.8434556382883287,0.7050770108385624,-0.1622351253127855,0.23926840919948134,[0.7590391],11147.0,-0.19359515032530977,1.0108897248677533,0.6401657387025768,0.5169143669511994,0.1896539957687845,0.7742663245634456,0.7742663245634456,0.8961552927954881,-313918714.30679244,-0.009620012754856133,0.8377648746872144,0.6710553104852393,0.7187294137087148,,,,,,,
ab0f8ebb-05c7-40cf-820c-1eb725a7a660,BaggingClassifier,PREPROCESSING,UNAWARENESS,HYPERPARAMETER_FOS,0.8632361973657272,0.5755847119224187,0.17293387019722922,0.5755847119224187,0.953709518256033,0.7963693764798737,3506.0,0.1367638026342728,-0.09656073482086946,0.4291953162015877,0.20363062352012629,0.007903068390106877,1.0390037593984962,0.4244152880775813,0.12645594193112764,1.3123957464553795,0.12278240778942157,-0.09642740711920936,0.3948154807572557,0.04629048174396699,-0.050585257212525714,0.2351238117016759,0.07591992383855208,0.4244152880775813,0.04629048174396699,0.953709518256033,0.5755847119224187,0.8772175922105784,1488.0,516.0,1488.0,516.0,10631.0,12119.0,2534.0,10631.0,2018.0,0.7963693764798737,0.08852059957182667,-0.08852059957182667,0.016279741670147497,0.00013251499442336838,0.00013202273985368063,0.016279741670147497,0.00013251499442336838,0.00013202273985368063,0.3896663286417036,0.22830634029705466,0.28926383299727076,-0.12645594193112764,0.12645594193112764,-0.05216523775465813,-0.16140485468806845,0.12092331208848801,0.953709518256033,0.5755847119224187,-0.12645594193112764,0.23926840919948134,[0.7590391],11147.0,-0.19359515032530977,1.0108897248677533,0.6682119205298013,0.5970977273874434,0.1367638026342728,0.7646471150892259,0.7646471150892258,0.8323341361777917,-177185593.69031364,-0.07587068471860192,0.8735440580688723,0.6184492798038614,0.6851416018827199,27.800819396972656,131.3,1.0,202836.48778569698,19.607667446136475,848093.1825573245,73.26582771536887
ab0f8ebb-05c7-40cf-820c-1eb725a7a660,RandomForestClassifier,PREPROCESSING,UNAWARENESS,HYPERPARAMETER_FOS,0.8599604176619122,0.5479178551055334,0.1629700402647922,0.5479178551055334,0.9581053198169911,0.8044388609715243,3506.0,0.14003958233808778,-0.10853090639036933,0.3849494152406078,0.19556113902847572,-0.0628333159050507,0.6908482860634125,0.45208214489446663,0.10241117885371565,1.2347847614277907,0.1292295148797391,-0.1057585962926277,0.3746163500962263,0.04189468018300888,-0.05351179645935067,0.14908706756891682,0.07865345478598157,0.45208214489446663,0.04189468018300888,0.9581053198169911,0.5479178551055334,0.8707704851202609,1585.0,467.0,1585.0,467.0,10680.0,12265.0,2388.0,10680.0,1921.0,0.8044388609715243,0.07796148765653316,-0.07796148765653316,0.0192705601600147,0.00018567724444037287,0.00018486337794157006,0.0192705601600147,0.00018567724444037287,0.00018486337794157006,0.3966193509802102,0.2756390568685343,0.27584932784994265,-0.10241117885371565,0.10241117885371565,-0.021462640193788497,-0.1558976796247453,0.127197678022796,0.9581053198169911,0.5479178551055334,-0.10241117885371565,0.23926840919948134,[0.7590391],11147.0,-0.19359515032530977,1.0108897248677533,0.6518493383101459,0.5845267975437283,0.14003958233808778,0.7530115874612623,0.7530115874612622,0.8117174910423498,-173134518.94612324,-0.048899382394364976,0.8975888211462844,0.5953819928715327,0.6706482615020809,64.74249219894409,133.4,1.0,203423.26672904493,19.607667446136475,850538.0948212743,73.4770409692823
ab0f8ebb-05c7-40cf-820c-1eb725a7a660,GradientBoostingClassifier,PREPROCESSING,UNAWARENESS,HYPERPARAMETER_FOS,0.8758615983075139,0.6563034797490017,0.19893537159626015,0.6563034797490017,0.9449179151341168,0.7893653516295026,3506.0,0.12413840169248613,-0.08949650893409067,0.4194949960144525,0.21063464837049742,0.004642494817167303,1.022106700273052,0.3436965202509983,0.10015217261786546,1.3051962297264583,0.10265803373658204,-0.08314473031599767,0.3826589313883177,0.055082084865883195,-0.058655250287431585,0.24890233374846593,0.06651296336614886,0.3436965202509983,0.055082084865883195,0.9449179151341168,0.6563034797490017,0.897341966263418,1205.0,614.0,1205.0,614.0,10533.0,11738.0,2915.0,10533.0,2301.0,0.7893653516295026,0.07940371145264857,-0.07940371145264857,0.007578068395181693,2.8713560301025822e-05,2.866344891123947e-05,0.007578068395181693,2.8713560301025822e-05,2.866344891123947e-05,0.36472719494479394,0.15521886397537843,0.31127724595090733,-0.10015217261786558,0.10015217261786558,-0.043893612566582474,-0.17819357204700742,0.10169981354735914,0.9449179151341168,0.6563034797490017,-0.10015217261786558,0.23926840919948134,[0.7590391],11147.0,-0.19359515032530977,1.0108897248677533,0.7167107927114157,0.6425442642651374,0.12413840169248613,0.8006106974415592,0.8006106974415592,0.8641821582471124,-237007433.47675163,-0.04149692233043388,0.8998478273821343,0.6851782922653168,0.7443711964561142,126.88283133506775,130.70000000000002,1.0,203968.94003551008,19.607667446136475,852811.7335982124,73.67345809695668
ab0f8ebb-05c7-40cf-820c-1eb725a7a660,XGBClassifier,PREPROCESSING,UNAWARENESS,UNAWARENESS_FAIR_SMOTE,0.651538934006688,0.9671990872789503,0.5720330307786802,0.9671990872789503,0.5522562124338387,0.4045573848723455,3506.0,0.34846106599331195,-0.2183577292672162,0.4822379804808532,0.5954426151276545,0.07940709068813734,1.1364228301938175,0.03280091272104963,0.10478065297692338,7.333883553421368,0.01833838303300909,0.0011151304355001591,1.0629479751957844,0.4477437875661613,-0.3853242354461791,0.35662155018180497,0.06691829095240012,0.03280091272104963,0.4477437875661613,0.5522562124338387,0.9671990872789503,0.981661616966991,115.0,4991.0,115.0,4991.0,6156.0,6271.0,8382.0,6156.0,3391.0,0.4045573848723455,0.24505244421155126,-0.24505244421155126,0.08330719667939318,0.0034700445092895487,0.0035434991326273595,0.08330719667939318,0.0034700445092895487,0.0035434991326273595,0.36583682415087776,-0.09110842635627725,0.4011273510430974,-0.1047806529769234,0.3853242354461791,-0.03914598012631859,-0.4287327817614638,0.06703791895616314,0.5522562124338387,0.9671990872789503,-0.1047806529769234,0.23926840919948134,[0.7590391],11147.0,-0.19359515032530977,1.0108897248677533,0.5704912516823688,0.4479101554499817,0.34846106599331195,0.7597276498563945,0.7597276498563945,0.9459007673888017,-710089094.8922291,0.2805435824692557,0.8952193470230767,0.7176719576719577,0.7684754508941873,,,,,,,
ab0f8ebb-05c7-40cf-820c-1eb725a7a660,GradientBoostingClassifier,PREPROCESSING,UNAWARENESS,UNAWARENESS_FAIR_SMOTE,0.5934620896744693,0.9860239589275528,0.6391182692963898,0.9860239589275528,0.4699919260787656,0.36914041644420714,3506.0,0.40653791032553066,-0.12486750059199647,0.7215506216757496,0.6308595835557929,0.15545458902582154,1.2606771313330578,0.013976041072447234,0.044380784048933544,7.2598039215686265,0.009266263237518911,0.001294674317930131,1.1510453370918485,0.5300080739212344,-0.28400255317695194,0.5572305419515138,0.06293645734713947,0.013976041072447234,0.5300080739212344,0.4699919260787656,0.9860239589275528,0.9907337367624811,49.0,5908.0,49.0,5908.0,5239.0,5288.0,9365.0,5239.0,3457.0,0.36914041644420714,0.1641916686129428,-0.1641916686129428,0.044505906879357814,0.0009903878735770346,0.0010011226367919001,0.044505906879357814,0.0009903878735770346,0.0010011226367919001,0.3547857306801937,-0.18087494840395635,0.5649963983515319,-0.04438078404893364,0.28400255317695194,-0.07707995735394571,-0.32553782267982107,0.06292455391725384,0.4699919260787656,0.9860239589275528,-0.04438078404893364,0.23926840919948134,[0.7590391],11147.0,-0.19359515032530977,1.0108897248677533,0.5371765985548909,0.40510286405485624,0.40653791032553066,0.7280079425031591,0.7280079425031591,0.8475407813462281,-409044773.47896236,0.2396217691280184,0.9556192159510662,0.695468490670422,0.7648766127308756,,,,,,,
ab0f8ebb-05c7-40cf-820c-1eb725a7a660,AdaBoostClassifier,PREPROCESSING,UNAWARENESS,UNAWARENESS_FAIR_SMOTE,0.6058827543847676,0.9863091842555619,0.6268340954070839,0.9863091842555619,0.4862294787835292,0.3764833968426783,3506.0,0.3941172456152324,-0.15116887330508133,0.6601754443550516,0.6235166031573217,0.13774526536228726,1.2317177200743956,0.013690815744438107,0.03819085872026056,5.918318414322251,0.008778346744696415,-0.000848581020673575,0.9081687756323249,0.5137705212164708,-0.31146983148262436,0.5102375491032272,0.06334212925170683,0.013690815744438107,0.5137705212164708,0.4862294787835292,0.9863091842555619,0.9912216532553035,48.0,5727.0,48.0,5727.0,5420.0,5468.0,9185.0,5420.0,3458.0,0.3764833968426783,0.17483034510144244,-0.17483034510144244,0.05329518019894624,0.0014201881162190758,0.0014387982642905873,0.05329518019894624,0.0014201881162190758,0.0014387982642905873,0.3559273219400467,-0.14818499256033868,0.5295120751403055,-0.03819085872026051,0.31146983148262436,-0.0692969231914804,-0.35020809279562515,0.06293245949527371,0.4862294787835292,0.9863091842555619,-0.03819085872026051,0.23926840919948134,[0.7590391],11147.0,-0.19359515032530977,1.0108897248677533,0.5449531163816879,0.4168391209639785,0.3941172456152324,0.7362693315195454,0.7362693315195455,0.8649915528367159,-152760924.8031055,0.2732789727623638,0.9618091412797395,0.7020250723240117,0.7714842124841053,,,,,,,
ab0f8ebb-05c7-40cf-820c-1eb725a7a660,RandomForestClassifier,PREPROCESSING,UNAWARENESS,UNAWARENESS_FAIR_SMOTE,0.6641643349484747,0.9626354820308043,0.5572237767010169,0.9626354820308043,0.5702879698573607,0.41334966319657074,3506.0,0.3358356650515253,-0.20792653947057727,0.48737078037844006,0.5866503368034293,0.08307992618880589,1.145074769541831,0.03736451796919567,0.11025812249275133,6.443075980392157,0.020191122071516646,-0.0003339998955351857,0.983606171794148,0.42971203014263926,-0.3680698337376517,0.3588827323890841,0.06757029104423316,0.03736451796919567,0.42971203014263926,0.5702879698573607,0.9626354820308043,0.9798088779284834,131.0,4790.0,131.0,4790.0,6357.0,6488.0,8165.0,6357.0,3375.0,0.41334966319657074,0.23916397811520151,-0.23916397811520151,0.08042514383572304,0.003234101880498369,0.0032999837973864076,0.08042514383572304,0.003234101880498369,0.0032999837973864076,0.367614719629759,-0.09633904141312666,0.40062067576968374,-0.11025812249275135,0.3680698337376517,-0.04170696304217051,-0.41807569749877543,0.06776422313109122,0.5702879698573607,0.9626354820308043,-0.11025812249275135,0.23926840919948134,[0.7590391],11147.0,-0.19359515032530977,1.0108897248677533,0.5783566104018507,0.4577372683927745,0.3358356650515253,0.7664617259440826,0.7664617259440825,0.9497717613939126,-1749704629.6288915,0.2578117112449003,0.8897418775072485,0.7225820264411497,0.770856817942703,,,,,,,
ab0f8ebb-05c7-40cf-820c-1eb725a7a660,BaggingClassifier,PREPROCESSING,UNAWARENESS,UNAWARENESS_FAIR_SMOTE,0.6237630519347573,0.9671990872789503,0.5998089128506108,0.9671990872789503,0.5157441464071051,0.3858231880760041,3506.0,0.37623694806524266,-0.180272473762903,0.5872218239521111,0.6141768119239959,0.1233635589273201,1.2088549162800941,0.03280091272104963,0.10260480795964572,7.078308823529412,0.01961118690313779,0.0009799395896064739,1.0513880320789635,0.48425585359289497,-0.3468165058001798,0.4409007590931894,0.06651488917827564,0.03280091272104963,0.48425585359289497,0.5157441464071051,0.9671990872789503,0.9803888130968622,115.0,5398.0,115.0,5398.0,5749.0,5864.0,8789.0,5749.0,3391.0,0.3858231880760041,0.2247106568799128,-0.2247106568799128,0.06817619058127909,0.002323996481087444,0.002363591629634491,0.06817619058127909,0.002323996481087444,0.002363591629634491,0.3647324750506202,-0.11564203074498802,0.46620970236942527,-0.10260480795964577,0.3468165058001798,-0.06119180966885684,-0.3900353510008123,0.06747995653786229,0.5157441464071051,0.9671990872789503,-0.10260480795964577,0.23926840919948134,[0.7590391],11147.0,-0.19359515032530977,1.0108897248677533,0.5516063440422936,0.4205467965174216,0.37623694806524266,0.7414716168430276,0.7414716168430278,0.9080881909216354,-3068909900.683024,0.2442116978405341,0.8973951920403542,0.7025431190759828,0.7573583782016765,,,,,,,
ab0f8ebb-05c7-40cf-820c-1eb725a7a660,BernoulliNB,PREPROCESSING,UNAWARENESS,UNAWARENESS_FAIR_SMOTE,0.6353647717191019,0.9652025099828865,0.5872517573193202,0.9652025099828865,0.5316228581681169,0.39325973271353865,3506.0,0.3646352282808981,-0.1618932412810251,0.6135835751134934,0.6067402672864614,0.13252704546186433,1.228202532601373,0.03479749001711352,0.08936231481113714,5.2692125237191645,0.02017195767195767,-0.0034120105451757414,0.8448635850507997,0.468377141831883,-0.31767679396700543,0.46429111219006847,0.06701565645269064,0.03479749001711352,0.468377141831883,0.5316228581681169,0.9652025099828865,0.9798280423280423,122.0,5221.0,122.0,5221.0,5926.0,6048.0,8605.0,5926.0,3384.0,0.39325973271353865,0.20351955438907132,-0.20351955438907132,0.06079729826844126,0.0018481557383709054,0.0018760099538288695,0.06079729826844126,0.0018481557383709054,0.0018760099538288695,0.3661028720255842,-0.19209084443984437,0.4832090099144424,-0.08936231481113721,0.31767679396700543,-0.06796952800352003,-0.36715728003510706,0.06782628934766693,0.5316228581681169,0.9652025099828865,-0.08936231481113721,0.23926840919948134,[0.7590391],11147.0,-0.19359515032530977,1.0108897248677533,0.5588308149616051,0.43053393732396084,0.3646352282808981,0.7484126840755018,0.7484126840755017,0.9007293000376766,-516209036.8249509,0.22831447915586828,0.9106376851888628,0.7078387282330177,0.7645973204442036,,,,,,,
ab0f8ebb-05c7-40cf-820c-1eb725a7a660,BaggingClassifier,PREPROCESSING,UNAWARENESS,HYPERPARAMETER_FAIR_SMOTE,0.6397324779908551,0.9751853964632059,0.5876612297822972,0.9751853964632059,0.5342244550103167,0.39705028451980023,3506.0,0.3602675220091449,-0.1911319522813294,0.549646493850188,0.6029497154801997,0.10617012361198408,1.1820059261919726,0.02481460353679407,0.07942020494896136,7.357909379968204,0.014399205561072492,0.0014100977968910106,1.1035088004420537,0.4657755449896833,-0.35365973704897014,0.4149716584200919,0.06569541302990203,0.02481460353679407,0.4657755449896833,0.5342244550103167,0.9751853964632059,0.9856007944389275,87.0,5192.0,87.0,5192.0,5955.0,6042.0,8611.0,5955.0,3419.0,0.39705028451980023,0.21653997099896577,-0.21653997099896577,0.07139180847346412,0.0025483951585558917,0.00259402200974881,0.07139180847346412,0.0025483951585558917,0.00259402200974881,0.3624787249754171,-0.12528219347477054,0.4487592612872255,-0.0794202049489614,0.35365973704897014,-0.052380012907546535,-0.3974640494827113,0.06537654426351139,0.5342244550103167,0.9751853964632059,-0.0794202049489614,0.23926840919948134,[0.7590391],11147.0,-0.19359515032530977,1.0108897248677533,0.564331105059008,0.44150450654387285,0.3602675220091449,0.7547049257367613,0.7547049257367613,0.9181287084685762,-451841814.9726632,0.2742395321000088,0.9205797950510386,0.7149354383396936,0.7724538156580582,27.081875324249268,130.1,1.0,211363.26751487257,19.607667446136475,883621.4314288894,76.33507365955127
ab0f8ebb-05c7-40cf-820c-1eb725a7a660,RandomForestClassifier,PREPROCESSING,UNAWARENESS,HYPERPARAMETER_FAIR_SMOTE,0.5853408858254282,0.9857387335995437,0.6471029823244386,0.9857387335995437,0.45940611823809097,0.3644800674963088,3506.0,0.4146591141745718,-0.12147971027353155,0.7332597069862195,0.6355199325036912,0.1576376649450566,1.2626818025104387,0.01426126640045636,0.044043174325773524,6.929812834224599,0.009669309611293754,0.0008184572186782837,1.0886910004240467,0.540593881761909,-0.2822308376865824,0.5666745932708728,0.06264639316577651,0.01426126640045636,0.540593881761909,0.45940611823809097,0.9857387335995437,0.9903306903887062,50.0,6026.0,50.0,6026.0,5121.0,5171.0,9482.0,5121.0,3456.0,0.3644800674963088,0.16313700600617798,-0.16313700600617798,0.0430483245088292,0.0009265791215087323,0.0009362780137265595,0.0430483245088292,0.0009265791215087323,0.0009362780137265595,0.35396721081415583,-0.1717029286350401,0.5736598592124368,-0.04404317432577354,0.2822308376865824,-0.07840960386318915,-0.32194460918962253,0.06290190658157548,0.45940611823809097,0.9857387335995437,-0.04404317432577354,0.23926840919948134,[0.7590391],11147.0,-0.19359515032530977,1.0108897248677533,0.5321835540498923,0.3974194034632983,0.4146591141745718,0.7225724259188173,0.7225724259188173,0.8404507281058341,-382614013.4479569,0.23818766336080888,0.9559568256742265,0.6912,0.7615003949947513,62.196613788604736,131.4,1.0,211816.3053578377,19.607667446136475,885509.089107911,76.49814630904453
ab0f8ebb-05c7-40cf-820c-1eb725a7a660,GradientBoostingClassifier,PREPROCESSING,UNAWARENESS,HYPERPARAMETER_FAIR_SMOTE,0.630724083805364,0.9763262977752425,0.5972155872517573,0.9763262977752425,0.5220238629227595,0.39115529653753855,3506.0,0.36927591619463596,-0.1808150466185683,0.5794516737032057,0.6088447034624614,0.11732951952043336,1.200070567968369,0.023673702224757558,0.07859479882432378,7.8469939446366785,0.014063029481531684,0.0022942973372231997,1.1792251096372006,0.4779761370772405,-0.34400886185196744,0.4387485476432496,0.06538694361042294,0.023673702224757558,0.4779761370772405,0.5220238629227595,0.9763262977752425,0.9859369705184683,83.0,5328.0,83.0,5328.0,5819.0,5902.0,8751.0,5819.0,3423.0,0.39115529653753855,0.21130183033814565,-0.21130183033814565,0.0673749525920611,0.0022696921183912398,0.0023078740545205874,0.0673749525920611,0.0022696921183912398,0.0023078740545205874,0.36162672359885945,-0.12729058060759146,0.46732987938766574,-0.07859479882432385,0.34400886185196744,-0.05751761109160505,-0.38735666125054713,0.06522781622451138,0.5220238629227595,0.9763262977752425,-0.07859479882432385,0.23926840919948134,[0.7590391],11147.0,-0.19359515032530977,1.0108897248677533,0.5585379782981154,0.4335020090903096,0.36927591619463596,0.7491750803490009,0.7491750803490009,0.907477146070472,-566226333.8852143,0.26541406302764364,0.9214052011756761,0.7105713840884322,0.7692435646514557,123.89937853813171,129.4,1.0,212302.52106802465,19.607667446136475,887534.9879003564,76.67316145472523
ab0f8ebb-05c7-40cf-820c-1eb725a7a660,XGBClassifier,PREPROCESSING,UNAWARENESS,UNAWARENESS_BAL_GAN_FAIR,0.8679451306899612,0.643468339988591,0.2007097522691599,0.643468339988591,0.9385484883825245,0.7670860251615097,3506.0,0.13205486931003885,-0.09559538795943645,0.41757403180658764,0.2329139748384903,0.014839945779172303,1.0642810642810643,0.356531660011409,0.09366311514477499,1.273869839149875,0.10672814207650273,-0.08810548437210408,0.37360740528342196,0.06145151161747556,-0.06349201365898358,0.2647950418359748,0.0706254941761383,0.356531660011409,0.06145151161747556,0.9385484883825245,0.643468339988591,0.8932718579234973,1250.0,685.0,1250.0,685.0,10462.0,11712.0,2941.0,10462.0,2256.0,0.7670860251615097,0.07857756440187928,-0.07857756440187928,0.007906132195792184,3.125346314867088e-05,3.1196577648095085e-05,0.007906132195792184,3.125346314867088e-05,3.1196577648095085e-05,0.37583372434133233,0.13378988216111498,0.3180300486096029,-0.09366311514477499,0.09366311514477499,-0.05147271507563822,-0.17749710936968635,0.10672743109905893,0.9385484883825245,0.643468339988591,-0.09366311514477499,0.23926840919948134,[0.7590391],11147.0,-0.19359515032530977,1.0108897248677533,0.699860400186133,0.61995112767298,0.13205486931003885,0.7910084141855578,0.7910084141855578,0.8531639287936518,-256338454.1953667,-0.030171101485791413,0.9063368848552251,0.6704807192213389,0.7341646391191392,,,,,,,
ab0f8ebb-05c7-40cf-820c-1eb725a7a660,GradientBoostingClassifier,PREPROCESSING,UNAWARENESS,UNAWARENESS_BAL_GAN_FAIR,0.8572988466525626,0.5884198516828294,0.18501330785504674,0.5884198516828294,0.9418677671122275,0.7609738104020657,3506.0,0.14270115334743738,-0.1027418541377666,0.42011901919692995,0.23902618959793434,0.019022413462123716,1.0804425304425305,0.41158014831717055,0.10683485919688607,1.2704656862745098,0.12083403115056104,-0.09838301792957915,0.378673402152427,0.05813223288777249,-0.06066404745927633,0.2595707072267786,0.07812629494953034,0.41158014831717055,0.05813223288777249,0.9418677671122275,0.5884198516828294,0.879165968849439,1443.0,648.0,1443.0,648.0,10499.0,11942.0,2711.0,10499.0,2063.0,0.7609738104020657,0.0837494533280812,-0.0837494533280812,0.013260713179513198,8.792325701465751e-05,8.765636278247273e-05,0.013260713179513198,8.792325701465751e-05,8.765636278247273e-05,0.39528798349944905,0.16865881656333337,0.3070921047375353,-0.10683485919688607,0.10683485919688607,-0.05870271569585145,-0.167035212631574,0.12060552577381066,0.9418677671122275,0.5884198516828294,-0.10683485919688607,0.23926840919948134,[0.7590391],11147.0,-0.19359515032530977,1.0108897248677533,0.6636641466945472,0.582630413929168,0.14270115334743738,0.7651438093975285,0.7651438093975285,0.8292241851519372,-195439130.48005244,-0.046170811737609736,0.8931651408031138,0.6237810870058205,0.6935026277147381,,,,,,,
ab0f8ebb-05c7-40cf-820c-1eb725a7a660,AdaBoostClassifier,PREPROCESSING,UNAWARENESS,UNAWARENESS_BAL_GAN_FAIR,0.8538865761277554,0.6006845407872219,0.19429468368252234,0.6006845407872219,0.9335247151700009,0.7397260273972602,3506.0,0.14611342387224457,-0.10206176849589799,0.434126777861012,0.2602739726027397,0.061908971681158,1.2466176470588235,0.3993154592127781,0.07565933192993607,1.1952116212338595,0.11858377096391665,-0.10085952336253118,0.3574158938383684,0.0664752848299991,-0.059341041880649516,0.338854905099474,0.07899063052176006,0.3993154592127781,0.0664752848299991,0.9335247151700009,0.6006845407872219,0.8814162290360833,1400.0,741.0,1400.0,741.0,10406.0,11806.0,2847.0,10406.0,2106.0,0.7397260273972602,0.06750018690529282,-0.06750018690529282,0.01545689738698136,0.00011945783841583561,0.00011903614843628608,0.01545689738698136,0.00011945783841583561,0.00011903614843628608,0.3974685661074598,0.04536955268112064,0.3474522658291134,-0.07565933192993612,0.07565933192993612,-0.08138424752184462,-0.16233264299115524,0.11942246617710517,0.9335247151700009,0.6006845407872219,-0.07565933192993612,0.23926840919948134,[0.7590391],11147.0,-0.19359515032530977,1.0108897248677533,0.6629938611679521,0.5760381434009791,0.14611342387224457,0.7671046279786115,0.7671046279786113,0.8188843337430828,-146439019.17159078,-0.016318290049286553,0.9243406680700639,0.6303030303030303,0.7050646208223046,,,,,,,
ab0f8ebb-05c7-40cf-820c-1eb725a7a660,RandomForestClassifier,PREPROCESSING,UNAWARENESS,UNAWARENESS_BAL_GAN_FAIR,0.850406060192452,0.6269252709640616,0.21033235514911622,0.6269252709640616,0.9206961514308782,0.7131732641142116,3506.0,0.14959393980754798,-0.11342181193849121,0.39558031689482726,0.28682673588578844,-0.0004982985256278827,0.9982631296155143,0.3730747290359384,0.0914885113397148,1.2549284765646616,0.11304122374902774,-0.09582118184766539,0.3624240647144523,0.07930384856912173,-0.08534305884723142,0.24330643896446902,0.07887706068840003,0.3730747290359384,0.07930384856912173,0.9206961514308782,0.6269252709640616,0.8869587762509723,1308.0,884.0,1308.0,884.0,10263.0,11571.0,3082.0,10263.0,2198.0,0.7131732641142116,0.08841578509347311,-0.08841578509347311,0.0025716968648939104,3.3068123824525837e-06,3.3048434337827173e-06,0.0025716968648939104,3.3068123824525837e-06,3.3048434337827173e-06,0.39718273046143393,0.15441195737942115,0.31154674162635615,-0.0914885113397148,0.0914885113397148,-0.04766144166101875,-0.188306391438888,0.1154887716421955,0.9206961514308782,0.6269252709640616,-0.0914885113397148,0.23926840919948134,[0.7590391],11147.0,-0.19359515032530977,1.0108897248677533,0.6672738312082575,0.5732758163131945,0.14959393980754798,0.7738107111974699,0.7738107111974699,0.8422277927417331,-613588105.7655878,-0.006145452492483383,0.9085114886602852,0.6464705882352941,0.7152354258658832,,,,,,,
ab0f8ebb-05c7-40cf-820c-1eb725a7a660,BaggingClassifier,PREPROCESSING,UNAWARENESS,UNAWARENESS_BAL_GAN_FAIR,0.8501330785504675,0.5989731888191672,0.19722923633385656,0.5989731888191672,0.9291289136090428,0.726643598615917,3506.0,0.1498669214495325,-0.11413874591012785,0.39341985252128575,0.27335640138408307,0.0005948684030102624,1.002176816534951,0.40102681118083283,0.0801612086428089,1.2062880104257168,0.11952733146306214,-0.10246170259224535,0.3551411176557556,0.07087108639095721,-0.07560576344453655,0.24793914600104167,0.0806916275866431,0.40102681118083283,0.07087108639095721,0.9291289136090428,0.5989731888191672,0.8804726685369378,1406.0,790.0,1406.0,790.0,10357.0,11763.0,2890.0,10357.0,2100.0,0.726643598615917,0.07788348604367276,-0.07788348604367276,0.009158995924821044,4.194360317544425e-05,4.1855280041004205e-05,0.009158995924821044,4.194360317544425e-05,4.1855280041004205e-05,0.40172534793473785,0.1394131605353519,0.31623897305218474,-0.08016120864280896,0.08016120864280896,-0.05152828549762781,-0.1750136071439971,0.12096880567388593,0.9291289136090428,0.5989731888191672,-0.08016120864280896,0.23926840919948134,[0.7590391],11147.0,-0.19359515032530977,1.0108897248677533,0.6566604127579737,0.5662326174831236,0.1498669214495325,0.764051051214105,0.764051051214105,0.8235580105979923,-1377006449.229214,-0.004555445198272348,0.919838791357191,0.6264916467780429,0.7010118919774576,,,,,,,
ab0f8ebb-05c7-40cf-820c-1eb725a7a660,BernoulliNB,PREPROCESSING,UNAWARENESS,UNAWARENESS_BAL_GAN_FAIR,0.8034532177711049,0.7070735881346264,0.2956391182692964,0.7070735881346264,0.8337669328070333,0.5722530009233611,3506.0,0.1965467822288951,-0.08889413065431773,0.6073170344598742,0.427746999076639,0.18376456876456881,1.4717127898279732,0.29292641186537366,0.001410017079080117,1.0048171517742046,0.0995058618350935,-0.09770100644595495,0.2896111365221453,0.1662330671929667,-0.07937550733893216,0.5978386785984096,0.0866411954608859,0.29292641186537366,0.1662330671929667,0.8337669328070333,0.7070735881346264,0.9004941381649065,1027.0,1853.0,1027.0,1853.0,9294.0,10321.0,4332.0,9294.0,2479.0,0.5722530009233611,0.04039276220900611,-0.04039276220900611,0.010784710049550015,5.815498542643254e-05,5.8011037311065e-05,0.010784710049550015,5.815498542643254e-05,5.8011037311065e-05,0.4162720155400454,-0.35582687004425617,0.5192489024093662,-0.0014100170790800615,0.07937550733893216,-0.14073278760526187,-0.16946772462315687,0.11111492201060134,0.8337669328070333,0.7070735881346264,-0.0014100170790800615,0.23926840919948134,[0.7590391],11147.0,-0.19359515032530977,1.0108897248677533,0.632559326358765,0.5056488989191787,0.1965467822288951,0.7704202604708298,0.7704202604708299,0.8015396628530287,-285783918.8551716,0.07796549025985204,0.9985899829209199,0.6677441077441078,0.7506434240550172,,,,,,,
ab0f8ebb-05c7-40cf-820c-1eb725a7a660,BaggingClassifier,PREPROCESSING,UNAWARENESS,HYPERPARAMETER_BAL_GAN_FAIR,0.8668532041220228,0.6451796919566457,0.20262062376305193,0.6451796919566457,0.9365748631918902,0.7618726844055237,3506.0,0.13314679587797718,-0.09876921147415219,0.4060425923950924,0.23812731559447625,-0.006697366199892446,0.9719799622238646,0.35482030804335424,0.10221630853556818,1.3015584719943754,0.10647038685381718,-0.08707913491518615,0.3787372077714358,0.06342513680810981,-0.06975011935103016,0.23172795368475066,0.0710113098842357,0.35482030804335424,0.06342513680810981,0.9365748631918902,0.6451796919566457,0.8935296131461828,1244.0,707.0,1244.0,707.0,10440.0,11684.0,2969.0,10440.0,2262.0,0.7618726844055237,0.08598321394329916,-0.08598321394329916,0.004830500065099888,1.1666865439465009e-05,1.1653848563822113e-05,0.004830500065099888,1.1666865439465009e-05,1.1653848563822113e-05,0.3768588857496548,0.17642523494753481,0.30474441607086494,-0.10221630853556818,0.10221630853556818,-0.040190884357646894,-0.18373999768381927,0.10676875366857726,0.9365748631918902,0.6451796919566457,-0.10221630853556818,0.23926840919948134,[0.7590391],11147.0,-0.19359515032530977,1.0108897248677533,0.6986872586872587,0.617481394096633,0.13314679587797718,0.7908772775742681,0.790877277574268,0.8588794477348303,-174623482.12707093,-0.032466189184538016,0.8977836914644319,0.6708682434937346,0.7325890386245184,35.349987268447876,130.10000000000002,1.0,216741.55168061255,19.607667446136475,906030.9487861395,78.27100696458038
ab0f8ebb-05c7-40cf-820c-1eb725a7a660,RandomForestClassifier,PREPROCESSING,UNAWARENESS,HYPERPARAMETER_BAL_GAN_FAIR,0.8427625742168839,0.5422133485453509,0.17743806728997474,0.5422133485453509,0.9372925450793935,0.7311538461538462,3506.0,0.15723742578311606,-0.11237591680064918,0.42355536039456243,0.26884615384615385,0.03660287940257784,1.1386603196191771,0.4577866514546492,0.11524158954601427,1.2619689855988445,0.13316186841450262,-0.10808260250474397,0.3793752632843481,0.06270745492060645,-0.06405354244862604,0.2707584931983313,0.08715121820107438,0.4577866514546492,0.06270745492060645,0.9372925450793935,0.5422133485453509,0.8668381315854974,1605.0,699.0,1605.0,699.0,10448.0,12053.0,2600.0,10448.0,1901.0,0.7311538461538462,0.08964756599732016,-0.08964756599732016,0.016332970386061685,0.000133382960815984,0.00013288589003626614,0.016332970386061685,0.000133382960815984,0.00013288589003626614,0.41749543279196333,0.1788798361608095,0.30395027735475444,-0.11524158954601427,0.11524158954601427,-0.07234274095366088,-0.16114380390739352,0.13431401795236228,0.9372925450793935,0.5422133485453509,-0.11524158954601427,0.23926840919948134,[0.7590391],11147.0,-0.19359515032530977,1.0108897248677533,0.6226662299377661,0.5354817248668083,0.15723742578311606,0.7397529468123721,0.7397529468123722,0.8060699979334465,-160200610.03813857,-0.05118804709738822,0.8847584104539856,0.5796615337703919,0.654944418586169,73.45624208450317,130.0,1.0,217134.31705944537,19.607667446136475,907667.4711979429,78.41238431737784
ab0f8ebb-05c7-40cf-820c-1eb725a7a660,GradientBoostingClassifier,PREPROCESSING,UNAWARENESS,HYPERPARAMETER_BAL_GAN_FAIR,0.8751791442025524,0.6583000570450656,0.20057326144816762,0.6583000570450656,0.9433928411231721,0.7853011228308948,3506.0,0.12482085579744762,-0.08929927428008311,0.4230804682210424,0.21469887716910513,-0.0026058949239845808,0.9878818766103231,0.3416999429549344,0.1177463558009294,1.3640550165786565,0.1022707870923681,-0.08040201838784548,0.39715271599175983,0.056607158876827844,-0.06229374349443206,0.23137009393208952,0.06672578976683854,0.3416999429549344,0.056607158876827844,0.9433928411231721,0.6583000570450656,0.8977292129076319,1198.0,631.0,1198.0,631.0,10516.0,11714.0,2939.0,10516.0,2308.0,0.7853011228308948,0.09002004964768073,-0.09002004964768073,0.004850843308564945,1.1765340402124652e-05,1.1752158659982346e-05,0.004850843308564945,1.1765340402124652e-05,1.1752158659982346e-05,0.3653102510656895,0.19416753498985062,0.29937590719615814,-0.1177463558009294,0.1177463558009294,-0.038898061731930465,-0.18371952638950373,0.10156448732135695,0.9433928411231721,0.6583000570450656,-0.1177463558009294,0.23926840919948134,[0.7590391],11147.0,-0.19359515032530977,1.0108897248677533,0.7162141194724593,0.6410729305214334,0.12482085579744762,0.8008464490841188,0.8008464490841188,0.8729386861908401,-230064175.53021863,-0.05545261230649734,0.8822536441990706,0.6860370067622799,0.7409684254229995,170.7397198677063,130.0,1.0,218146.55274078844,19.607667446136475,911885.1198702055,78.7767422998983
ab0f8ebb-05c7-40cf-820c-1eb725a7a660,XGBClassifier,PREPROCESSING,UNAWARENESS,UNAWARENESS_DEMV,0.8674674128164881,0.6414717626925271,0.2002320343956869,0.6414717626925271,0.9385484883825245,0.7665303340149966,3506.0,0.1325325871835119,-0.09325349277881356,0.4307736641413612,0.2334696659850034,0.028464086635831803,1.1240150809116327,0.3585282373074729,0.10217907216904315,1.2981816864676905,0.10726171175014933,-0.0871376903531832,0.38110777363931275,0.06145151161747556,-0.06161051750107063,0.28043164559956474,0.07093431920396481,0.3585282373074729,0.06145151161747556,0.9385484883825245,0.6414717626925271,0.8927382882498507,1257.0,685.0,1257.0,685.0,10462.0,11719.0,2934.0,10462.0,2249.0,0.7665303340149966,0.08189479483505686,-0.08189479483505686,0.008263346842690297,3.4141450521299856e-05,3.407652546229163e-05,0.008263346842690297,3.4141450521299856e-05,3.407652546229163e-05,0.3766545345644064,0.13102417514333742,0.31891101827334145,-0.1021790721690431,0.1021790721690431,-0.057800888494507485,-0.17677812826861813,0.10725794033921533,0.9385484883825245,0.6414717626925271,-0.1021790721690431,0.23926840919948134,[0.7590391],11147.0,-0.19359515032530977,1.0108897248677533,0.6984472049689441,0.6183762219005191,0.1325325871835119,0.7900101255375257,0.7900101255375258,0.8547078426860392,-256482763.55652434,-0.04056855466797252,0.8978209278309569,0.6687481415402914,0.730910380586569,,,,,,,
ab0f8ebb-05c7-40cf-820c-1eb725a7a660,GradientBoostingClassifier,PREPROCESSING,UNAWARENESS,UNAWARENESS_DEMV,0.8572988466525626,0.5884198516828294,0.18501330785504674,0.5884198516828294,0.9418677671122275,0.7609738104020657,3506.0,0.14270115334743738,-0.1027418541377666,0.42011901919692995,0.23902618959793434,0.019022413462123716,1.0804425304425305,0.41158014831717055,0.10683485919688607,1.2704656862745098,0.12083403115056104,-0.09838301792957915,0.378673402152427,0.05813223288777249,-0.06066404745927633,0.2595707072267786,0.07812629494953034,0.41158014831717055,0.05813223288777249,0.9418677671122275,0.5884198516828294,0.879165968849439,1443.0,648.0,1443.0,648.0,10499.0,11942.0,2711.0,10499.0,2063.0,0.7609738104020657,0.0837494533280812,-0.0837494533280812,0.013260713179513198,8.792325701465751e-05,8.765636278247273e-05,0.013260713179513198,8.792325701465751e-05,8.765636278247273e-05,0.39528798349944905,0.16865881656333337,0.3070921047375353,-0.10683485919688607,0.10683485919688607,-0.05870271569585145,-0.167035212631574,0.12060552577381066,0.9418677671122275,0.5884198516828294,-0.10683485919688607,0.23926840919948134,[0.7590391],11147.0,-0.19359515032530977,1.0108897248677533,0.6636641466945472,0.582630413929168,0.14270115334743738,0.7651438093975285,0.7651438093975285,0.8292241851519372,-195439130.48005244,-0.046170811737609736,0.8931651408031138,0.6237810870058205,0.6935026277147381,,,,,,,
ab0f8ebb-05c7-40cf-820c-1eb725a7a660,AdaBoostClassifier,PREPROCESSING,UNAWARENESS,UNAWARENESS_DEMV,0.8538865761277554,0.6006845407872219,0.19429468368252234,0.6006845407872219,0.9335247151700009,0.7397260273972602,3506.0,0.14611342387224457,-0.10206176849589799,0.434126777861012,0.2602739726027397,0.061908971681158,1.2466176470588235,0.3993154592127781,0.07565933192993607,1.1952116212338595,0.11858377096391665,-0.10085952336253118,0.3574158938383684,0.0664752848299991,-0.059341041880649516,0.338854905099474,0.07899063052176006,0.3993154592127781,0.0664752848299991,0.9335247151700009,0.6006845407872219,0.8814162290360833,1400.0,741.0,1400.0,741.0,10406.0,11806.0,2847.0,10406.0,2106.0,0.7397260273972602,0.06750018690529282,-0.06750018690529282,0.01545689738698136,0.00011945783841583561,0.00011903614843628608,0.01545689738698136,0.00011945783841583561,0.00011903614843628608,0.3974685661074598,0.04536955268112064,0.3474522658291134,-0.07565933192993612,0.07565933192993612,-0.08138424752184462,-0.16233264299115524,0.11942246617710517,0.9335247151700009,0.6006845407872219,-0.07565933192993612,0.23926840919948134,[0.7590391],11147.0,-0.19359515032530977,1.0108897248677533,0.6629938611679521,0.5760381434009791,0.14611342387224457,0.7671046279786115,0.7671046279786113,0.8188843337430828,-146439019.17159075,-0.016318290049286553,0.9243406680700639,0.6303030303030303,0.7050646208223046,,,,,,,
ab0f8ebb-05c7-40cf-820c-1eb725a7a660,RandomForestClassifier,PREPROCESSING,UNAWARENESS,UNAWARENESS_DEMV,0.8518392138128711,0.6269252709640616,0.2088992015286972,0.6269252709640616,0.9225800663855745,0.7180659915060438,3506.0,0.1481607861871289,-0.11187704389162478,0.39754706895527714,0.2819340084939562,0.003596235514287782,1.0127780104410764,0.3730747290359384,0.08713682130515948,1.2423467274233637,0.11283643892339544,-0.09603651197406589,0.3601172873540173,0.07741993361442541,-0.08224297027327217,0.25018320238069225,0.07830303282854209,0.3730747290359384,0.07741993361442541,0.9225800663855745,0.6269252709640616,0.8871635610766045,1308.0,863.0,1308.0,863.0,10284.0,11592.0,3061.0,10284.0,2198.0,0.7180659915060438,0.08468989578921579,-0.08468989578921579,0.0039239918450144715,7.69885599987004e-06,7.691871522884313e-06,0.0039239918450144715,7.69885599987004e-06,7.691871522884313e-06,0.3957348426119239,0.1409829516347063,0.3157610269873845,-0.08713682130515943,0.08713682130515943,-0.04981637374417678,-0.18553727287934518,0.11504401913456926,0.9225800663855745,0.6269252709640616,-0.08713682130515943,0.23926840919948134,[0.7590391],11147.0,-0.19359515032530977,1.0108897248677533,0.6694076442820162,0.5766947801618266,0.1481607861871289,0.774752668674818,0.7747526686748181,0.8403663914473052,-617221874.013325,-0.004893851031887317,0.9128631786948407,0.6474703586420207,0.716948853121153,,,,,,,
ab0f8ebb-05c7-40cf-820c-1eb725a7a660,BaggingClassifier,PREPROCESSING,UNAWARENESS,UNAWARENESS_DEMV,0.8477444891831024,0.587564175698802,0.19415819286153005,0.587564175698802,0.9295774647887324,0.7240773286467487,3506.0,0.1522555108168976,-0.11253016173659403,0.40778721369325427,0.2759226713532513,0.03128185930929017,1.1152689118790813,0.41243582430119796,0.06883266473368549,1.1713297083539298,0.12245934959349593,-0.10608605907563728,0.348863381942475,0.07042253521126761,-0.06884685941208199,0.29338087021599485,0.08237452868599908,0.41243582430119796,0.07042253521126761,0.9295774647887324,0.587564175698802,0.8775406504065041,1446.0,785.0,1446.0,785.0,10362.0,11808.0,2845.0,10362.0,2060.0,0.7240773286467487,0.06883976207288377,-0.06883976207288377,0.013744387078251182,9.445408807839903e-05,9.415706397739818e-05,0.013744387078251182,9.445408807839903e-05,9.415706397739818e-05,0.4058929136755139,0.07809645652604269,0.33625351894073197,-0.06883266473368554,0.06884685941208199,-0.06868395919246373,-0.16580027135745068,0.12393530358732252,0.9295774647887324,0.587564175698802,-0.06883266473368554,0.23926840919948134,[0.7590391],11147.0,-0.19359515032530977,1.0108897248677533,0.6487167375216502,0.5577828507890811,0.1522555108168976,0.7585708202437672,0.7585708202437672,0.8107906550247803,-1377086496.2431946,1.4194678396500793e-05,0.9311673352663145,0.6166280026940059,0.6948678900902597,,,,,,,
ab0f8ebb-05c7-40cf-820c-1eb725a7a660,BernoulliNB,PREPROCESSING,UNAWARENESS,UNAWARENESS_DEMV,0.8034532177711049,0.7070735881346264,0.2956391182692964,0.7070735881346264,0.8337669328070333,0.5722530009233611,3506.0,0.1965467822288951,-0.08889413065431773,0.6073170344598742,0.427746999076639,0.18376456876456881,1.4717127898279732,0.29292641186537366,0.001410017079080117,1.0048171517742046,0.0995058618350935,-0.09770100644595495,0.2896111365221453,0.1662330671929667,-0.07937550733893216,0.5978386785984096,0.0866411954608859,0.29292641186537366,0.1662330671929667,0.8337669328070333,0.7070735881346264,0.9004941381649065,1027.0,1853.0,1027.0,1853.0,9294.0,10321.0,4332.0,9294.0,2479.0,0.5722530009233611,0.04039276220900611,-0.04039276220900611,0.010784710049550015,5.815498542643254e-05,5.8011037311065e-05,0.010784710049550015,5.815498542643254e-05,5.8011037311065e-05,0.4162720155400454,-0.35582687004425617,0.5192489024093662,-0.0014100170790800615,0.07937550733893216,-0.14073278760526187,-0.16946772462315687,0.11111492201060134,0.8337669328070333,0.7070735881346264,-0.0014100170790800615,0.23926840919948134,[0.7590391],11147.0,-0.19359515032530977,1.0108897248677533,0.632559326358765,0.5056488989191787,0.1965467822288951,0.7704202604708298,0.7704202604708299,0.8015396628530287,-285783918.8551716,0.07796549025985204,0.9985899829209199,0.6677441077441078,0.7506434240550172,,,,,,,
ab0f8ebb-05c7-40cf-820c-1eb725a7a660,BaggingClassifier,PREPROCESSING,UNAWARENESS,HYPERPARAMETER_DEMV,0.8677403944584726,0.6274957216200798,0.1932710025250802,0.6274957216200798,0.9433031308872343,0.7768361581920904,3506.0,0.13225960554152738,-0.0971278732297135,0.41081808488193733,0.2231638418079096,0.006524070135858512,1.0293523081802989,0.3725042783799201,0.08998788576875721,1.2509831616262324,0.11048134675577362,-0.09173216100050438,0.3700540017168753,0.056696869112765766,-0.05980727213878059,0.25389601939576484,0.0714981038489765,0.3725042783799201,0.056696869112765766,0.9433031308872343,0.6274957216200798,0.8895186532442264,1306.0,632.0,1306.0,632.0,10515.0,11821.0,2832.0,10515.0,2200.0,0.7768361581920904,0.07489757895376888,-0.07489757895376888,0.010782077240035584,5.812659480504668e-05,5.798275168533573e-05,0.010782077240035584,5.812659480504668e-05,5.798275168533573e-05,0.3781483937529723,0.14240200832903516,0.3152873100758718,-0.08998788576875716,0.08998788576875716,-0.04912811556818146,-0.17181112381723967,0.10976419042076094,0.9433031308872343,0.6274957216200798,-0.08998788576875716,0.23926840919948134,[0.7590391],11147.0,-0.19359515032530977,1.0108897248677533,0.694225307668034,0.6167289207833351,0.13225960554152738,0.7853994262536571,0.785399426253657,0.8442239417917351,-173455125.04915375,-0.03018061362997662,0.910012114231243,0.6591760299625468,0.725868961942406,35.14183521270752,130.9,1.0,231187.74771175385,19.607667446136475,966223.4322492281,83.47096873041943
ab0f8ebb-05c7-40cf-820c-1eb725a7a660,RandomForestClassifier,PREPROCESSING,UNAWARENESS,HYPERPARAMETER_DEMV,0.8444004640687913,0.5519110096976612,0.1804408653518051,0.5519110096976612,0.9363954427200144,0.7318456883509834,3506.0,0.15559953593120868,-0.11174736450885858,0.42129130805412396,0.26815431164901665,0.030118321086062994,1.114012258368694,0.44808899030233884,0.11584109504706669,1.2693259996306212,0.13081855275210258,-0.10615879067003645,0.3798793405287196,0.06360455727998565,-0.06590607433447496,0.263287545310671,0.08587598529086035,0.44808899030233884,0.06360455727998565,0.9363954427200144,0.5519110096976612,0.8691814472478974,1571.0,709.0,1571.0,709.0,10438.0,12009.0,2644.0,10438.0,1935.0,0.7318456883509834,0.09087358469077088,-0.09087358469077088,0.014627777193344524,0.0001069859328090651,0.00010662821267348632,0.014627777193344524,0.0001069859328090651,0.00010662821267348632,0.41442969317089323,0.1849886842898718,0.30210296501701567,-0.1158410950470668,0.1158410950470668,-0.06813855587804975,-0.1644387631728601,0.13189875171549675,0.9363954427200144,0.5519110096976612,-0.1158410950470668,0.23926840919948134,[0.7590391],11147.0,-0.19359515032530977,1.0108897248677533,0.6292682926829268,0.5417429541683461,0.15559953593120868,0.7441532262088377,0.7441532262088377,0.8117770974336369,-159070459.34490526,-0.04993502071259173,0.8841589049529333,0.5880565263637746,0.6619518041730075,73.15445590019226,130.8,1.0,231579.56010086538,19.607667446136475,967855.9838705262,83.61200305103712
ab0f8ebb-05c7-40cf-820c-1eb725a7a660,GradientBoostingClassifier,PREPROCESSING,UNAWARENESS,HYPERPARAMETER_DEMV,0.8751108987920563,0.6580148317170564,0.20050501603767146,0.6580148317170564,0.9433928411231721,0.7852280462899932,3506.0,0.12488910120794372,-0.08909589823778086,0.4243943827186235,0.21477195371000682,-0.002054115097593373,0.9904478035625576,0.3419851682829435,0.11958459109504704,1.3697385791477341,0.10234741784037558,-0.08019305290674178,0.39871952084642354,0.056607158876827844,-0.06229374349443206,0.23137009393208952,0.06676933456778794,0.3419851682829435,0.056607158876827844,0.9433928411231721,0.6580148317170564,0.8976525821596244,1199.0,631.0,1199.0,631.0,10516.0,11715.0,2938.0,10516.0,2307.0,0.7852280462899932,0.09093916729473955,-0.09093916729473955,0.004751283602878142,1.1287347937489349e-05,1.127495997275772e-05,0.004751283602878142,1.1287347937489349e-05,1.127495997275772e-05,0.365429431129426,0.1967582100139429,0.29860032194435465,-0.11958459109504704,0.11958459109504704,-0.03906946890457422,-0.18392290243180592,0.10163989131808483,0.9433928411231721,0.6580148317170564,-0.11958459109504704,0.23926840919948134,[0.7590391],11147.0,-0.19359515032530977,1.0108897248677533,0.7160148975791434,0.6408507233229571,0.12488910120794372,0.8007038364201143,0.8007038364201142,0.8735191765538627,-230056088.1717991,-0.05729084760061498,0.8804154089049528,0.6857907253269917,0.7403442394542062,168.89276671409607,130.5,1.0,232524.5774629593,19.607667446136475,971793.5562125841,83.95216555058713
ab0f8ebb-05c7-40cf-820c-1eb725a7a660,XGBClassifier,PREPROCESSING,REWEIGHTER,REWEIGHTER,0.8712891558042721,0.6223616657159156,0.1872654064014195,0.6223616657159156,0.9495828474028887,0.7951895043731778,3506.0,0.12871084419572787,-0.0862772934575915,0.452771511984944,0.20481049562682216,0.15114767547331143,1.8669229239843594,0.37763833428408444,-0.0749257755093935,0.8075193867659813,0.11117642119405492,-0.1136322000778707,0.2564137471053475,0.05041715259711133,-0.015230413484900875,0.729919316893407,0.07010502354113697,0.37763833428408444,0.05041715259711133,0.9495828474028887,0.6223616657159156,0.8888235788059451,1324.0,562.0,1324.0,562.0,10585.0,11909.0,2744.0,10585.0,2182.0,0.7951895043731778,0.045078094497147184,0.029847681012246313,0.04035567038508389,0.0008142900661147686,0.0008069802177193479,0.04035567038508389,0.0008142900661147686,0.0008069802177193479,0.37444632069533534,-0.31784107536019945,0.4997618615990295,0.0749257755093935,0.0749257755093935,-0.13238993777559105,-0.11257413324122086,0.10949043412252903,0.9495828474028887,0.6223616657159156,0.0749257755093935,0.23926840919948134,[0.7590391],11147.0,-0.19359515032530977,1.0108897248677533,0.69824,0.625473844237931,0.12871084419572787,0.7859722565594021,0.7859722565594021,0.7625128073611416,-273429905.72455233,-0.059695362024492625,0.9250742244906066,0.6581209470668073,0.7281642781529932,,,,,,,
ab0f8ebb-05c7-40cf-820c-1eb725a7a660,GradientBoostingClassifier,PREPROCESSING,REWEIGHTER,REWEIGHTER,0.8618712891558042,0.5733029092983457,0.1732068518392138,0.5733029092983457,0.952632995424778,0.7919621749408984,3506.0,0.13812871084419576,-0.09371756448750157,0.44734451371876727,0.20803782505910165,0.17650570388845732,2.041698841698842,0.4266970907016543,-0.11123619772014143,0.7494436367702975,0.12348328518365663,-0.1281170359990805,0.24464533832633376,0.047367004575222034,-0.005695631681404349,0.8851719969945444,0.07667868125789172,0.4266970907016543,0.047367004575222034,0.952632995424778,0.5733029092983457,0.8765167148163434,1496.0,528.0,1496.0,528.0,10619.0,12115.0,2538.0,10619.0,2010.0,0.7919621749408984,0.058465914700772864,0.05277028301936851,0.0519701496651264,0.0013504482281078186,0.0013350259206004731,0.0519701496651264,0.0013504482281078186,0.0013350259206004731,0.39160868544477334,-0.42117121219567144,0.5541797161165821,0.11123619772014137,0.11123619772014137,-0.15231136994376893,-0.0908033712963042,0.12183129913447704,0.952632995424778,0.5733029092983457,0.11123619772014137,0.23926840919948134,[0.7590391],11147.0,-0.19359515032530977,1.0108897248677533,0.6651224354731966,0.5929393305160184,0.13812871084419576,0.7629679523615618,0.7629679523615618,0.722705917580734,-190882516.6276471,-0.10554056603873707,0.8887638022798586,0.6158088235294118,0.6860405228292097,34.33855080604553,129.60000000000002,1.0,216769.11639578344,19.607667446136475,906145.801766018,78.28092898589767
ab0f8ebb-05c7-40cf-820c-1eb725a7a660,AdaBoostClassifier,PREPROCESSING,REWEIGHTER,REWEIGHTER,0.8595509451989354,0.5778665145464917,0.17771104893195933,0.5778665145464917,0.9481474836278819,0.7780337941628265,3506.0,0.14044905480106462,-0.09231235635627011,0.4615020362584509,0.22196620583717358,0.17668980046115565,1.9593740624508902,0.42213348545350826,-0.09060352702863728,0.7922851028956474,0.12283177027139182,-0.12491298781411786,0.2566130314994178,0.05185251637211806,-0.009690101868492618,0.8258866046228939,0.07758810578249443,0.42213348545350826,0.05185251637211806,0.9481474836278819,0.5778665145464917,0.8771682297286082,1480.0,578.0,1480.0,578.0,10569.0,12049.0,2604.0,10569.0,2026.0,0.7780337941628265,0.05014681444856495,0.04045671258007233,0.04861782935465112,0.001181846665578988,0.0011691758526134997,0.04861782935465112,0.001181846665578988,0.0011691758526134997,0.3939241190445044,-0.39300853067742114,0.5387877456545633,0.09060352702863728,0.09060352702863728,-0.15080139413763677,-0.09697016070718044,0.1218040799289918,0.9481474836278819,0.5778665145464917,0.09060352702863728,0.23926840919948134,[0.7590391],11147.0,-0.19359515032530977,1.0108897248677533,0.6631751227495908,0.5870651038846331,0.14044905480106462,0.7630069990871868,0.7630069990871868,0.732138244228533,-146354240.86212674,-0.08091342516014466,0.9093964729713626,0.6175887821978358,0.6915579612879803,,,,,,,
ab0f8ebb-05c7-40cf-820c-1eb725a7a660,RandomForestClassifier,PREPROCESSING,REWEIGHTER,REWEIGHTER,0.8539548215382515,0.6229321163719338,0.2048727223094247,0.6229321163719338,0.926617027002781,0.7275149900066622,3506.0,0.14604517846174847,-0.11542691254947157,0.37532161168334904,0.2724850099933378,-0.03244293815903343,0.8827824495086241,0.37706788362806615,0.08458613019819677,1.2324156935501474,0.11346665522272767,-0.09718864288169687,0.3570944226443595,0.07338297299721898,-0.08425480565547329,0.20840214492347287,0.07768307934154392,0.37706788362806615,0.07338297299721898,0.926617027002781,0.6229321163719338,0.8865333447772723,1322.0,818.0,1322.0,818.0,10329.0,11651.0,3002.0,10329.0,2184.0,0.7275149900066622,0.084420467926835,-0.084420467926835,0.003311433709998166,5.482796607856109e-06,5.478596300412638e-06,0.003311433709998166,5.482796607856109e-06,5.478596300412638e-06,0.39416514138503905,0.1862640971845111,0.3017610179263685,-0.08458613019819672,0.08458613019819672,-0.03237285236133172,-0.1868233923892574,0.11514735683150462,0.926617027002781,0.6229321163719338,-0.08458613019819672,0.23926840919948134,[0.7590391],11147.0,-0.19359515032530977,1.0108897248677533,0.6711739397664414,0.5809042402764687,0.14604517846174847,0.7747745716873574,0.7747745716873574,0.8401814035670173,-623103126.5729753,-0.0003313245427234851,0.9154138698018034,0.6461538461538462,0.7163939322715633,33.96908497810364,140.00000000000003,1.0,217122.88237955573,19.607667446136475,907619.8266984028,78.4082683620009
ab0f8ebb-05c7-40cf-820c-1eb725a7a660,BaggingClassifier,PREPROCESSING,REWEIGHTER,REWEIGHTER,0.8474032621306217,0.5827153451226469,0.19217907595714187,0.5827153451226469,0.9306539876199874,0.7254971590909091,3506.0,0.15259673786937833,-0.1173289464602959,0.3888097256621503,0.2745028409090909,0.001682535200957902,1.0061346652432517,0.4172846548773531,0.06744498947452038,1.1657859409323894,0.12359550561797752,-0.10767560612761852,0.34635098852819135,0.06934601238001256,-0.07309616793228382,0.2542869855823936,0.08280446975175383,0.4172846548773531,0.06934601238001256,0.9306539876199874,0.5827153451226469,0.8764044943820225,1463.0,773.0,1463.0,773.0,10374.0,11837.0,2816.0,10374.0,2043.0,0.7254971590909091,0.0702705787034021,-0.0702705787034021,0.012518799665436783,7.836017253167005e-05,7.813543856500304e-05,0.012518799665436783,7.836017253167005e-05,7.813543856500304e-05,0.40695078265498846,0.1180708315652037,0.32305960900556846,-0.06744498947452038,0.07309616793228382,-0.05467907066428818,-0.16833121267435486,0.12498020056546275,0.9306539876199874,0.5827153451226469,-0.06744498947452038,0.23926840919948134,[0.7590391],11147.0,-0.19359515032530977,1.0108897248677533,0.646314457450174,0.5558757507034169,0.15259673786937833,0.756684666371317,0.7566846663713171,0.8098573357732204,-1323006085.4611416,0.005651178457763445,0.9325550105254796,0.6128693565321734,0.6919360117383754,,,,,,,
ab0f8ebb-05c7-40cf-820c-1eb725a7a660,BernoulliNB,PREPROCESSING,REWEIGHTER,REWEIGHTER,0.820514570395141,0.667997718197376,0.25987852316931687,0.667997718197376,0.8684847941150086,0.6150210084033614,3506.0,0.17948542960485903,-0.09290673411999928,0.5589761270637188,0.3849789915966387,0.17179808472884395,1.4873133918525243,0.3320022818026241,0.04654297573181876,1.1433059190412134,0.10733056708160442,-0.09660879298551975,0.33247541894516647,0.13151520588499147,-0.07455089680880563,0.5362646694372366,0.08595090073519336,0.3320022818026241,0.13151520588499147,0.8684847941150086,0.667997718197376,0.8926694329183956,1164.0,1466.0,1164.0,1466.0,9681.0,10845.0,3808.0,9681.0,2342.0,0.6150210084033614,0.06054693627031219,-0.06054693627031219,0.010431142309652655,5.440436494211286e-05,5.4274066470006625e-05,0.010431142309652655,5.440436494211286e-05,5.4274066470006625e-05,0.41461042132390585,-0.23671282489676004,0.46088368964302395,-0.04654297573181876,0.07455089680880563,-0.1342034388571819,-0.17104871432751634,0.11549425402778876,0.8684847941150086,0.667997718197376,-0.04654297573181876,0.23926840919948134,[0.7590391],11147.0,-0.19359515032530977,1.0108897248677533,0.6404156412359858,0.5218879606172951,0.17948542960485903,0.7682412561561923,0.7682412561561922,0.8147559105329057,-291301992.22362566,0.028007921076986866,0.9534570242681812,0.6539159570012565,0.7304047060550647,35.28054165840149,150.60000000000002,1.0,217497.35290009977,19.607667446136475,909180.1205340028,78.54306041279857
ab0f8ebb-05c7-40cf-820c-1eb725a7a660,BaggingClassifier,PREPROCESSING,REWEIGHTER,HYPERPARAMETER,0.8652153142701153,0.5681688533941814,0.16740599194704156,0.5681688533941814,0.9586435812326186,0.8120668569099062,3506.0,0.13478468572988467,-0.10368299056031016,0.3885780762597337,0.18793314309009376,-0.006813237460597893,0.9639309263078398,0.4318311466058186,0.056754428645192034,1.1341633021923854,0.1240983606557377,-0.10714260622635954,0.3476528787702339,0.04135641876738136,-0.04434747377197394,0.24520153936846364,0.07523482374567474,0.4318311466058186,0.04135641876738136,0.9586435812326186,0.5681688533941814,0.8759016393442624,1514.0,461.0,1514.0,461.0,10686.0,12200.0,2453.0,10686.0,1992.0,0.8120668569099062,0.05055095120858296,-0.05055095120858296,0.02419087285126232,0.0002925991646529702,0.00029099753570573854,0.02419087285126232,0.0002925991646529702,0.00029099753570573854,0.387904173078029,0.11145402817568106,0.3251561106585745,-0.05675442864519198,0.05675442864519198,-0.05016468438288081,-0.1460452007849613,0.12156660141948974,0.9586435812326186,0.5681688533941814,-0.05675442864519198,0.23926840919948134,[0.7590391],11147.0,-0.19359515032530977,1.0108897248677533,0.6685685517704313,0.6020218920090838,0.13478468572988467,0.7634062173134001,0.7634062173134,0.8019971277571385,-178110597.39986947,-0.012406954873218093,0.943245571354808,0.614293423791535,0.6950973217750154,19.41660761833191,160.60000000000002,1.0,217691.98772866727,19.607667446136475,909991.0989863673,78.61311994021118
ab0f8ebb-05c7-40cf-820c-1eb725a7a660,RandomForestClassifier,PREPROCESSING,REWEIGHTER,HYPERPARAMETER,0.8547737664642053,0.522532800912721,0.1560090083941855,0.522532800912721,0.9592715528841841,0.8013998250218722,3506.0,0.14522623353579467,-0.10837870858385601,0.4031815006943314,0.19860017497812774,0.1579191223616833,1.9682791862453384,0.47746719908727897,-0.14086889820073878,0.7178812194248896,0.13536023287782,-0.14142271267718132,0.23847837473896416,0.04072844711581591,-0.004931589292563522,0.8844062772739609,0.08227743504300075,0.47746719908727897,0.04072844711581591,0.9592715528841841,0.522532800912721,0.86463976712218,1674.0,454.0,1674.0,454.0,10693.0,12367.0,2286.0,10693.0,1832.0,0.8013998250218722,0.07290024374665115,0.06796865445408763,0.05981291812123449,0.0017887925870887506,0.0017654742954721992,0.05981291812123449,0.0017887925870887506,0.0017654742954721992,0.4056536331477896,-0.4569701399381936,0.574354143339251,0.14086889820073878,0.14086889820073878,-0.1496709175194323,-0.07746964441278216,0.13378382267777605,0.9592715528841841,0.522532800912721,0.14086889820073878,0.23926840919948134,[0.7590391],11147.0,-0.19359515032530977,1.0108897248677533,0.6325966850828729,0.5664810458401228,0.14522623353579467,0.7409021768984526,0.7409021768984525,0.6905440528525603,-167268962.0603964,-0.13593730890817526,0.8591311017992612,0.5723211496407373,0.6439829825601288,,,,,,,
ab0f8ebb-05c7-40cf-820c-1eb725a7a660,GradientBoostingClassifier,PREPROCESSING,REWEIGHTER,HYPERPARAMETER,0.8717668736777452,0.6240730176839704,0.18760663345390022,0.6240730176839704,0.9496725576388266,0.7959257911967988,3506.0,0.1282331263222548,-0.08617048761286161,0.4516628317654767,0.20407420880320115,0.15344269667315158,1.8881815352403588,0.37592698231602967,-0.08377934225682165,0.7845881842320263,0.11071908602150538,-0.11451485515656637,0.24968912610958066,0.05032744236117341,-0.013953892524726473,0.7499373863426002,0.06980865693138161,0.37592698231602967,0.05032744236117341,0.9496725576388266,0.6240730176839704,0.8892809139784946,1318.0,561.0,1318.0,561.0,10586.0,11904.0,2749.0,10586.0,2188.0,0.7959257911967988,0.048866617390774095,0.034912724866047615,0.04130467628399335,0.0008530381414627412,0.0008452082069265145,0.04130467628399335,0.0008530381414627412,0.0008452082069265145,0.3736540028726619,-0.3335609606179195,0.5076868336134867,0.08377934225682171,0.08377934225682171,-0.13397877591485896,-0.11063899014520248,0.1090106106793941,0.9496725576388266,0.6240730176839704,0.08377934225682171,0.23926840919948134,[0.7590391],11147.0,-0.19359515032530977,1.0108897248677533,0.6996003197442047,0.6270042386426401,0.1282331263222548,0.7868727876613986,0.7868727876613986,0.7594009145211962,-232386842.90861267,-0.06982544973209517,0.9162206577431783,0.6596819175397604,0.727589461523903,71.03930401802063,170.40000000000003,1.0,218388.63229238987,19.607667446136475,912893.7846685449,78.86387973108818
ab0f8ebb-05c7-40cf-820c-1eb725a7a660,XGBClassifier,PREPROCESSING,REWEIGHTER,REWEIGHTER_SMOTE,0.8668532041220228,0.6548773531089561,0.20726131167678974,0.6548773531089561,0.9335247151700009,0.7560092196246295,3506.0,0.13314679587797718,-0.08897440737274076,0.45415574657781715,0.24399078037537042,0.0946812253450525,1.4149892875175698,0.34512264689104394,0.026661238431902157,1.0781887012230635,0.10416666666666667,-0.09477976903267132,0.32368535107082946,0.0664752848299991,-0.047675765701589275,0.44028485812380286,0.0705020784363689,0.34512264689104394,0.0664752848299991,0.9335247151700009,0.6548773531089561,0.8958333333333334,1210.0,741.0,1210.0,741.0,10406.0,11616.0,3037.0,10406.0,2296.0,0.7560092196246295,0.03716850206674571,-0.03716850206674571,0.018123022612444552,0.00016422197430558831,0.0001635441919280555,0.018123022612444552,0.00016422197430558831,0.0001635441919280555,0.37550520219131156,-0.08960912482699523,0.3977363096520468,-0.026661238431902157,0.047675765701589275,-0.09473049718886192,-0.156442571167828,0.10495326229274046,0.9335247151700009,0.6548773531089561,-0.026661238431902157,0.23926840919948134,[0.7590391],11147.0,-0.19359515032530977,1.0108897248677533,0.7018187375821489,0.6193105088343818,0.13314679587797718,0.7942010341394785,0.7942010341394785,0.8237202969183034,-260049932.24405426,0.021014527269687118,0.9733387615680978,0.6775359645887127,0.753908193569679,,,,,,,
ab0f8ebb-05c7-40cf-820c-1eb725a7a660,GradientBoostingClassifier,PREPROCESSING,REWEIGHTER,REWEIGHTER_SMOTE,0.8572988466525626,0.6836851112378779,0.23060124206647103,0.6836851112378779,0.9119045483089621,0.7093814738088192,3506.0,0.14270115334743738,-0.09723227683072277,0.4454285605015133,0.29061852619118084,0.07566772464399624,1.2718468635369966,0.3163148887621221,0.039001370298288096,1.1257040901235358,0.09836792620188044,-0.0896037499405412,0.3267531084445735,0.08809545169103795,-0.07196399572192974,0.38136534642087294,0.07256543926069199,0.3163148887621221,0.08809545169103795,0.9119045483089621,0.6836851112378779,0.9016320737981196,1109.0,982.0,1109.0,982.0,10165.0,11274.0,3379.0,10165.0,2397.0,0.7093814738088192,0.05548268301010892,-0.05548268301010892,0.006796407665311692,2.309557857655376e-05,2.3059399271201337e-05,0.006796407665311692,2.309557857655376e-05,2.3059399271201337e-05,0.3809604684496595,-0.05254623723179708,0.3832843140318622,-0.039001370298288096,0.07196399572192974,-0.0826357372922687,-0.17932642840753882,0.10242249074381933,0.9119045483089621,0.6836851112378779,-0.039001370298288096,0.23926840919948134,[0.7590391],11147.0,-0.19359515032530977,1.0108897248677533,0.6962962962962963,0.6032523110587505,0.14270115334743738,0.79779482977342,0.79779482977342,0.8420586274208425,-184657711.34028995,0.032962625423641645,0.960998629701712,0.6899330790818161,0.761534180848049,53.44813418388367,128.9,1.0,218482.9772418022,19.607667446136475,913286.8886244297,78.8978395450549
ab0f8ebb-05c7-40cf-820c-1eb725a7a660,AdaBoostClassifier,PREPROCESSING,REWEIGHTER,REWEIGHTER_SMOTE,0.8450829181737528,0.6631488876212208,0.2329898314338361,0.6631488876212208,0.9023055530636046,0.6810193321616872,3506.0,0.1549170818262472,-0.09327325384455087,0.4991128519412316,0.3189806678383128,0.12791765114008552,1.4303927620900978,0.33685111237877924,0.05821037057631967,1.177568607257527,0.1050805231782187,-0.09223174532918732,0.3443092296525437,0.09769444693639544,-0.06781582584870212,0.45441282149749623,0.07842047739779745,0.33685111237877924,0.09769444693639544,0.9023055530636046,0.6631488876212208,0.8949194768217813,1181.0,1089.0,1181.0,1089.0,10058.0,11239.0,3414.0,10058.0,2325.0,0.6810193321616872,0.06301309821251086,-0.06301309821251086,0.009871521962804976,4.872347293107049e-05,4.861297495426908e-05,0.009871521962804976,4.872347293107049e-05,4.861297495426908e-05,0.3960315073268728,-0.11026383941941686,0.4060784238981279,-0.058210370576319614,0.06781582584870212,-0.11007469823463639,-0.17282044218329945,0.10997768960437918,0.9023055530636046,0.6631488876212208,-0.058210370576319614,0.23926840919948134,[0.7590391],11147.0,-0.19359515032530977,1.0108897248677533,0.6719653179190751,0.5706725480539884,0.1549170818262472,0.7827272203424127,0.7827272203424127,0.8320492875514547,-146899647.03168768,0.009605455272382449,0.9417896294236804,0.6675279931093885,0.7392918593817108,,,,,,,
ab0f8ebb-05c7-40cf-820c-1eb725a7a660,RandomForestClassifier,PREPROCESSING,REWEIGHTER,REWEIGHTER_SMOTE,0.8471302804886371,0.6377638334284085,0.2187947860506381,0.6377638334284085,0.9129810711402171,0.6974422956955708,3506.0,0.15286971951136286,-0.11773979280376345,0.38797937921118997,0.3025577043044292,-0.013567684242984934,0.9554204660587637,0.3622361665715916,0.10214183580251818,1.2948773076482054,0.1109460994146938,-0.09326758832317517,0.36794391655844355,0.0870189288597829,-0.09690976197917395,0.22495073477340696,0.07944502940651382,0.3622361665715916,0.0870189288597829,0.9129810711402171,0.6377638334284085,0.8890539005853062,1270.0,970.0,1270.0,970.0,10177.0,11447.0,3206.0,10177.0,2236.0,0.6974422956955708,0.09952579889084603,-0.09952579889084603,0.00299989727352741,4.499691825858594e-06,4.502835765078595e-06,0.00299989727352741,4.499691825858594e-06,4.502835765078595e-06,0.3986101589435819,0.18899005046108197,0.30095912667711244,-0.10214183580251812,0.10214183580251812,-0.039849952040095116,-0.1998182775737054,0.11437422915988622,0.9129810711402171,0.6377638334284085,-0.10214183580251812,0.23926840919948134,[0.7590391],11147.0,-0.19359515032530977,1.0108897248677533,0.66626936829559,0.5683395038624127,0.15286971951136286,0.7753724522843128,0.7753724522843128,0.8525420150358635,-582356122.4579386,-0.00523207382334423,0.8978581641974819,0.6517050422617313,0.7172512668135548,36.04647994041443,140.1,1.0,218887.2228251457,19.607667446136475,914971.2452216941,79.04334923998523
ab0f8ebb-05c7-40cf-820c-1eb725a7a660,BaggingClassifier,PREPROCESSING,REWEIGHTER,REWEIGHTER_SMOTE,0.84371800996383,0.6001140901312036,0.20419026820446326,0.6001140901312036,0.9203373104871266,0.7032085561497327,3506.0,0.15628199003617005,-0.1198144958154167,0.39021749542138146,0.2967914438502674,0.004563639112613371,1.0154097682897036,0.39988590986879635,0.07280826746633834,1.1873658455562939,0.12022982591544465,-0.10488428412224349,0.34727530220014763,0.07966268951287342,-0.08367575651944242,0.25614229046889375,0.08326485422003682,0.39988590986879635,0.07966268951287342,0.9203373104871266,0.6001140901312036,0.8797701740845554,1402.0,888.0,1402.0,888.0,10259.0,11661.0,2992.0,10259.0,2104.0,0.7032085561497327,0.07824201199289041,-0.07824201199289041,0.007111660851650367,2.5287860034448213e-05,2.524642292654955e-05,0.007111660851650367,2.5287860034448213e-05,2.524642292654955e-05,0.4080805171042519,0.12003775011517659,0.3224442180143748,-0.0728082674663384,0.08367575651944242,-0.05472396161742843,-0.1790623487108683,0.12277438369131241,0.9203373104871266,0.6001140901312036,-0.0728082674663384,0.23926840919948134,[0.7590391],11147.0,-0.19359515032530977,1.0108897248677533,0.6475838719606033,0.5508285547074797,0.15628199003617005,0.7602257003091651,0.7602257003091651,0.8197072886700584,-1293991743.9696732,0.010867489053104085,0.9271917325336617,0.6229459659511473,0.699451202023999,,,,,,,
ab0f8ebb-05c7-40cf-820c-1eb725a7a660,BernoulliNB,PREPROCESSING,REWEIGHTER,REWEIGHTER_SMOTE,0.8066607520644237,0.7276098117512835,0.30225892308742236,0.7276098117512835,0.8315241769085853,0.575976518401445,3506.0,0.19333924793557633,-0.13395896951013775,0.4378342555384908,0.42402348159855496,0.054788404369076116,1.1313295332928504,0.27239018824871647,0.22589565873614809,1.9517822776336708,0.0934076682316119,-0.06222068240615899,0.4813468009956022,0.16847582309141473,-0.17902239302815795,0.250032349800407,0.08379646831322816,0.27239018824871647,0.16847582309141473,0.8315241769085853,0.7276098117512835,0.9065923317683882,955.0,1878.0,955.0,1878.0,9269.0,10224.0,4429.0,9269.0,2551.0,0.575976518401445,0.20245902588215303,-0.20245902588215303,0.04088827877802909,0.0008359256707149123,0.0008442171846388241,0.04088827877802909,0.0008359256707149123,0.0008442171846388241,0.40938116300882277,0.25250536843995053,0.28250212558397153,-0.22589565873614814,0.22589565873614814,-0.05850454338761753,-0.2856431554269234,0.10605948522948945,0.8315241769085853,0.7276098117512835,-0.22589565873614814,0.23926840919948134,[0.7590391],11147.0,-0.19359515032530977,1.0108897248677533,0.6429741650913674,0.519442630132015,0.19333924793557633,0.7795669943299344,0.7795669943299344,0.9373973686118507,-334389960.48909956,-0.046873265707990136,0.7741043412638519,0.6826787984210878,0.7106561304317319,29.284700393676758,150.9,1.0,219204.0038393974,19.607667446136475,916291.1661144096,79.15737573932816
ab0f8ebb-05c7-40cf-820c-1eb725a7a660,BaggingClassifier,PREPROCESSING,REWEIGHTER,HYPERPARAMETER_SMOTE,0.8594144543779431,0.6805476326297776,0.2269842353101754,0.6805476326297776,0.9156723782183547,0.7173782321106434,3506.0,0.14058554562205694,-0.10353693414209153,0.40946948400269306,0.2826217678893566,-0.0024873070209965875,0.9912092853328837,0.3194523673702225,0.12449730905191247,1.4148043075497916,0.09887878520349608,-0.07833633046918623,0.3968366905943986,0.08432762178164528,-0.0928573632479576,0.23103205545028754,0.07197476227949189,0.3194523673702225,0.08432762178164528,0.9156723782183547,0.6805476326297776,0.901121214796504,1120.0,940.0,1120.0,940.0,10207.0,11327.0,3326.0,10207.0,2386.0,0.7173782321106434,0.10867733614993504,-0.10867733614993504,0.007111355744777545,2.5285690264390296e-05,2.5327755091948217e-05,0.007111355744777545,2.5285690264390296e-05,2.5327755091948217e-05,0.3794068061579599,0.1991150382353437,0.2979349980341254,-0.12449730905191247,0.12449730905191247,-0.03792451172409479,-0.20847061633970249,0.10239802174827509,0.9156723782183547,0.6805476326297776,-0.12449730905191247,0.23926840919948134,[0.7590391],11147.0,-0.19359515032530977,1.0108897248677533,0.6984777517564403,0.6072575622785963,0.14058554562205694,0.7981100054240662,0.7981100054240662,0.884846474768164,-177337946.83270735,-0.03163994580395488,0.8755026909480875,0.6893961282866224,0.7419699130561358,23.51023554801941,161.1,1.0,219444.2863669872,19.607667446136475,917292.3433127004,79.24386632506939
ab0f8ebb-05c7-40cf-820c-1eb725a7a660,RandomForestClassifier,PREPROCESSING,REWEIGHTER,HYPERPARAMETER_SMOTE,0.8435815191428376,0.7239018824871648,0.26356377533610864,0.7239018824871648,0.8812236476181933,0.6571724495080269,3506.0,0.15641848085716237,-0.11022511488573927,0.43008405813725037,0.34282755049197305,0.05072107289563571,1.1513764867168106,0.27609811751283514,0.06702173610835283,1.2522469915539276,0.08970438328236494,-0.07989236827341933,0.34370500522534175,0.11877635238180677,-0.10965697862402964,0.32224783467228396,0.07426183683930916,0.27609811751283514,0.11877635238180677,0.8812236476181933,0.7239018824871648,0.910295616717635,968.0,1324.0,968.0,1324.0,9823.0,10791.0,3862.0,9823.0,2538.0,0.6571724495080269,0.08833935736619128,-0.08833935736619128,0.010224324499846496,5.226840573908065e-05,5.239383861834935e-05,0.010224324499846496,5.226840573908065e-05,5.239383861834935e-05,0.38538769269220097,0.01642134782098026,0.35775630277650267,-0.06702173610835294,0.10965697862402964,-0.06530672058452755,-0.21577435636997327,0.09828527963166928,0.8812236476181933,0.7239018824871648,-0.06702173610835294,0.23926840919948134,[0.7590391],11147.0,-0.19359515032530977,1.0108897248677533,0.6889250814332247,0.5859943808541735,0.15641848085716237,0.8025627650526791,0.802562765052679,0.8734606439634662,-177431313.13602325,0.04263524251567681,0.9329782638916471,0.7059805285118219,0.7682899776494634,,,,,,,
ab0f8ebb-05c7-40cf-820c-1eb725a7a660,GradientBoostingClassifier,PREPROCESSING,REWEIGHTER,HYPERPARAMETER_SMOTE,0.8663072408380537,0.6597261836851113,0.2101276189176278,0.6597261836851113,0.9312819592715529,0.7512179278986684,3506.0,0.13369275916194634,-0.09040827531601414,0.4488322050865913,0.2487820721013316,0.09776090299699047,1.42169745445312,0.3402738163148888,0.0019387734837351678,1.005702727963082,0.10307585968550198,-0.09759946910594666,0.3030409311411495,0.06871804072844712,-0.046850756558264,0.4620897882615588,0.07046898959060371,0.3402738163148888,0.06871804072844712,0.9312819592715529,0.6597261836851113,0.896924140314498,1193.0,766.0,1193.0,766.0,10381.0,11574.0,3079.0,10381.0,2313.0,0.7512179278986684,0.024394765020999583,-0.024394765020999583,0.019842002542156775,0.00019685253244147794,0.000195964633200585,0.019842002542156775,0.00019685253244147794,0.000195964633200585,0.37541707364104715,-0.1331702001930808,0.41546441059105715,-0.0019387734837351678,0.046850756558264,-0.09768018605146857,-0.15279817944184054,0.10421893659044092,0.9312819592715529,0.6597261836851113,-0.0019387734837351678,0.23926840919948134,[0.7590391],11147.0,-0.19359515032530977,1.0108897248677533,0.70250569476082,0.6189161818103925,0.13369275916194634,0.795504071478332,0.7955040714783321,0.8149102063752945,-215759901.5215176,0.04491198307452883,0.9980612265162647,0.6804442156358019,0.7611896946746898,75.34250450134277,171.29999999999998,1.0,220213.25791873928,19.607667446136475,920496.3914450008,79.52066048316534
ab0f8ebb-05c7-40cf-820c-1eb725a7a660,XGBClassifier,PREPROCESSING,REWEIGHTER,REWEIGHTER_ROS,0.8439909916058145,0.8203080433542499,0.3092882003685252,0.8203080433542499,0.8514398492868036,0.6345984112974404,3506.0,0.15600900839418552,-0.08267313409165689,0.5500806967488142,0.36540158870255957,0.12942002428176297,1.3784694327104983,0.17969195664575013,0.026648826309727147,1.151795814479638,0.06224681355597273,-0.05945158519190871,0.3111619215745192,0.14856015071319637,-0.09883632492403968,0.4724056225094998,0.06598857871655034,0.17969195664575013,0.14856015071319637,0.8514398492868036,0.8203080433542499,0.9377531864440273,630.0,1656.0,630.0,1656.0,9491.0,10121.0,4532.0,9491.0,2876.0,0.6345984112974404,0.06274257561688339,-0.06274257561688339,0.009088683703696513,4.1302085732919284e-05,4.139008578478012e-05,0.009088683703696513,4.1302085732919284e-05,4.139008578478012e-05,0.36328660508350796,-0.18586139399009283,0.4380589518696978,-0.02664882630972709,0.09883632492403968,-0.09443580473683581,-0.21419096442189312,0.07874185279109844,0.8514398492868036,0.8203080433542499,-0.02664882630972709,0.23926840919948134,[0.7590391],11147.0,-0.19359515032530977,1.0108897248677533,0.7156008957452102,0.620061270869719,0.15600900839418552,0.8358739463205267,0.8358739463205267,0.8883188306037251,-285926454.1163487,0.07218749861431253,0.9733511736902729,0.7643853820598007,0.8233028397054301,,,,,,,
ab0f8ebb-05c7-40cf-820c-1eb725a7a660,GradientBoostingClassifier,PREPROCESSING,REWEIGHTER,REWEIGHTER_ROS,0.825291749129871,0.8317170564746149,0.33344707568416027,0.8317170564746149,0.8232708352022966,0.596807204257061,3506.0,0.17470825087012898,-0.08388039734030261,0.5865014944277538,0.40319279574293904,0.14695093668374898,1.3922344662535049,0.16828294352538506,-0.0033636851094252795,0.9800735294117646,0.060407494624756836,-0.06354031075991967,0.2630594758064516,0.17672916479770343,-0.10454971325708236,0.5198510117942536,0.06925947877671641,0.16828294352538506,0.17672916479770343,0.8232708352022966,0.8317170564746149,0.9395925053752432,590.0,1970.0,590.0,1970.0,9177.0,9767.0,4886.0,9177.0,2916.0,0.596807204257061,0.05395669918325383,-0.050593014073828525,0.007671350556384366,2.9424809679469364e-05,2.9477646578697493e-05,0.007671350556384366,2.9424809679469364e-05,2.9477646578697493e-05,0.37218135035682914,-0.27155509018882373,0.4772887023911124,0.0033636851094253073,0.10454971325708236,-0.10524562372183438,-0.21137164941312558,0.0803321693014415,0.8232708352022966,0.8317170564746149,0.0033636851094253073,0.23926840919948134,[0.7590391],11147.0,-0.19359515032530977,1.0108897248677533,0.6949475691134414,0.5927354510303652,0.17470825087012898,0.8274939458384558,0.8274939458384558,0.8693593586862687,-202522075.63723853,0.10118602814765708,0.9966363148905748,0.7572059205401194,0.8231210363436016,37.55614876747131,131.8,1.0,235617.05412080287,19.607667446136475,984678.8756202658,85.06531397719519
ab0f8ebb-05c7-40cf-820c-1eb725a7a660,AdaBoostClassifier,PREPROCESSING,REWEIGHTER,REWEIGHTER_ROS,0.8187401897222412,0.8171705647461495,0.33303760322118336,0.8171705647461495,0.8192338745850901,0.5870901639344263,3506.0,0.18125981027775884,-0.07629371477788482,0.6311839090975737,0.41290983606557374,0.1713087415372362,1.4530941408821594,0.18282943525385054,-0.005350865869642923,0.970865322231834,0.06558886728742454,-0.06830988001777515,0.2656687898089172,0.18076612541490983,-0.09237779862215134,0.5743080218595557,0.07208169869051971,0.18282943525385054,0.18076612541490983,0.8192338745850901,0.8171705647461495,0.9344111327125755,641.0,2015.0,641.0,2015.0,9132.0,9773.0,4880.0,9132.0,2865.0,0.5870901639344263,0.04886433224589709,-0.04351346637625425,0.0017261601056832118,1.4898143552261383e-06,1.4904125023735246e-06,0.0017261601056832118,1.4898143552261383e-06,1.4904125023735246e-06,0.37968855313406463,-0.32836909749671905,0.5052028278476203,0.00535086586964284,0.09237779862215134,-0.11980931077750565,-0.19759361188665286,0.08466262044482283,0.8192338745850901,0.8171705647461495,0.00535086586964284,0.23926840919948134,[0.7590391],11147.0,-0.19359515032530977,1.0108897248677533,0.6832816599093727,0.5760952528038654,0.18125981027775884,0.8182022196656198,0.8182022196656198,0.8538050344400164,-146996159.51157916,0.08702693275250842,0.9946491341303572,0.7442525003247175,0.8124269505395849,,,,,,,
ab0f8ebb-05c7-40cf-820c-1eb725a7a660,RandomForestClassifier,PREPROCESSING,REWEIGHTER,REWEIGHTER_ROS,0.8474032621306217,0.6791215059897319,0.23831297345253533,0.6791215059897319,0.9003319278729703,0.68184421534937,3506.0,0.15259673786937833,-0.11702285883212693,0.3900778621040751,0.31815578465063,-0.008074513018787088,0.9747065461751038,0.32087849401026813,0.10540250029789094,1.3461221794704579,0.1007974195860586,-0.08432512863198913,0.37270331139617846,0.09966807212702969,-0.10944605930951201,0.23251800645690024,0.07644391722586369,0.32087849401026813,0.09966807212702969,0.9003319278729703,0.6791215059897319,0.8992025804139414,1125.0,1111.0,1125.0,1111.0,10036.0,11161.0,3492.0,10036.0,2381.0,0.68184421534937,0.10742427980370145,-0.10742427980370145,0.01060452698813764,5.622799632106979e-05,5.636800601037358e-05,0.01060452698813764,5.622799632106979e-05,5.636800601037358e-05,0.39100873961041765,0.1759832519739719,0.3049280313615804,-0.10540250029789089,0.10944605930951201,-0.03812530780660099,-0.21603202312036335,0.10616615513511524,0.9003319278729703,0.6791215059897319,-0.10540250029789089,0.23926840919948134,[0.7590391],11147.0,-0.19359515032530977,1.0108897248677533,0.680480137182052,0.5802495678929636,0.15259673786937833,0.789726716931351,0.7897267169313511,0.8745625407394432,-648128228.3695292,0.004043559011621067,0.8945974997021091,0.6798001427551749,0.7389413178116194,36.084227085113525,142.10000000000002,1.0,235989.20446982383,19.607667446136475,986229.5020745198,85.1992708736599
ab0f8ebb-05c7-40cf-820c-1eb725a7a660,BaggingClassifier,PREPROCESSING,REWEIGHTER,REWEIGHTER_ROS,0.8435132737323415,0.6511694238448374,0.22882686139357128,0.6511694238448374,0.904010047546425,0.6808827915299731,3506.0,0.15648672626765847,-0.11400087800963532,0.414603086338708,0.31911720847002684,0.04017980868557414,1.1283234203485526,0.34883057615516255,0.06578921237637525,1.1942847926807811,0.10823008849557522,-0.09588133373754726,0.3419271171991273,0.09598995245357496,-0.0913519300163773,0.30703474363836525,0.07984760998810934,0.34883057615516255,0.09598995245357496,0.904010047546425,0.6511694238448374,0.8917699115044248,1223.0,1070.0,1223.0,1070.0,10077.0,11300.0,3353.0,10077.0,2283.0,0.6808827915299731,0.07857057119637628,-0.07857057119637628,0.0012182628392187343,7.420821727106458e-07,7.418725567925012e-07,0.0012182628392187343,7.420821727106458e-07,7.418725567925012e-07,0.3996188433698024,0.04442663126386903,0.34783122127456023,-0.06578921237637525,0.0913519300163773,-0.0680305712115607,-0.19104204569894762,0.11279540642924082,0.904010047546425,0.6511694238448374,-0.06578921237637525,0.23926840919948134,[0.7590391],11147.0,-0.19359515032530977,1.0108897248677533,0.6656947076833357,0.5638484060112386,0.15648672626765847,0.7775897356956312,0.7775897356956312,0.8386854053856762,-1383686937.027854,0.02556271764000205,0.9342107876236246,0.6583519573210296,0.7302270971122113,,,,,,,
ab0f8ebb-05c7-40cf-820c-1eb725a7a660,BernoulliNB,PREPROCESSING,REWEIGHTER,REWEIGHTER_ROS,0.7752678632361973,0.8305761551625784,0.3829249982938647,0.8305761551625784,0.7578720732035525,0.51898057387275,3506.0,0.22473213676380266,-0.12458008779762131,0.5325966339893483,0.48101942612725007,0.12167566555365239,1.264072894568182,0.16942384483742157,0.13453995710370575,1.9056985294117645,0.06569343065693431,-0.04830938684507001,0.4445518453427065,0.24212792679644748,-0.1937284114055497,0.39103653881151107,0.07802089519002618,0.16942384483742157,0.24212792679644748,0.7578720732035525,0.8305761551625784,0.9343065693430657,594.0,2699.0,594.0,2699.0,8448.0,9042.0,5611.0,8448.0,2912.0,0.51898057387275,0.16413418425462775,-0.16413418425462775,0.03998018382690729,0.0007992075494166495,0.0008069511837723209,0.03998018382690729,0.0007992075494166495,0.0008069511837723209,0.3950212530738724,-0.08341341181774442,0.3954211212520833,-0.1345399571037058,0.1937284114055497,-0.08499252619936123,-0.2904288635891543,0.08904230941279323,0.7578720732035525,0.8305761551625784,-0.1345399571037058,0.23926840919948134,[0.7590391],11147.0,-0.19359515032530977,1.0108897248677533,0.6388066249862894,0.5164649226873897,0.22473213676380266,0.7942241141830655,0.7942241141830655,0.9245834412798573,-313499857.936256,0.05918845430184394,0.8654600428962942,0.7221774443548887,0.7643589962758753,29.639225482940674,153.40000000000003,1.0,236324.65737025737,19.607667446136475,987627.2224929929,85.3200183875891
ab0f8ebb-05c7-40cf-820c-1eb725a7a660,BaggingClassifier,PREPROCESSING,REWEIGHTER,HYPERPARAMETER_ROS,0.8580495461680202,0.7304620650313748,0.25223503719374873,0.7304620650313748,0.8981788822104602,0.6929112554112554,3506.0,0.1419504538319798,-0.10283637720590733,0.4172206237038919,0.3070887445887446,0.008296943231441034,1.0271151885830785,0.2695379349686252,0.13353457520753065,1.536674914199058,0.08624623528338049,-0.0658792921481747,0.41629338164507357,0.10182111778953978,-0.10960232459550787,0.24317416227322095,0.06908787077522031,0.2695379349686252,0.10182111778953978,0.8981788822104602,0.7304620650313748,0.9137537647166195,945.0,1135.0,945.0,1135.0,10012.0,10957.0,3696.0,10012.0,2561.0,0.6929112554112554,0.12156844990151926,-0.12156844990151926,0.016801609081626378,0.000141147033865895,0.00014170759090991546,0.016801609081626378,0.000141147033865895,0.00014170759090991546,0.3717199773356829,0.18358915651312824,0.30263065578560433,-0.13353457520753065,0.13353457520753065,-0.03708811768980787,-0.22963908356114962,0.09312251971871578,0.8981788822104602,0.7304620650313748,-0.13353457520753065,0.23926840919948134,[0.7590391],11147.0,-0.19359515032530977,1.0108897248677533,0.7111913357400722,0.6175552387533233,0.1419504538319798,0.8143204736209174,0.8143204736209175,0.9133161513220833,-176802618.95021397,-0.023932250612022782,0.8664654247924694,0.7206979034754468,0.7635138131263903,22.980542182922363,163.70000000000005,1.0,236561.84144694803,19.607667446136475,988615.489479204,85.40539367445346
ab0f8ebb-05c7-40cf-820c-1eb725a7a660,RandomForestClassifier,PREPROCESSING,REWEIGHTER,HYPERPARAMETER_ROS,0.8119156486726268,0.8590986879634912,0.3599262949566642,0.8590986879634912,0.7970754463084238,0.571103526734926,3506.0,0.18808435132737322,-0.10737883208007226,0.5208797849992742,0.42889647326507396,0.1058228439274293,1.2575277435877072,0.14090131203650885,0.07473959367676847,1.5780122101059744,0.05267086043288197,-0.04387682286510193,0.38618272346940963,0.20292455369157622,-0.1596972821723015,0.3986718235490993,0.0690857572263667,0.14090131203650885,0.20292455369157622,0.7970754463084238,0.8590986879634912,0.9473291395671181,494.0,2262.0,494.0,2262.0,8885.0,9379.0,5274.0,8885.0,3012.0,0.571103526734926,0.11721843792453501,-0.11721843792453501,0.031117060892904433,0.00048413573930636126,0.00048775190413117317,0.031117060892904433,0.00048413573930636126,0.00048775190413117317,0.37171429142922846,-0.1079576571532801,0.40524028242976856,-0.07473959367676852,0.1596972821723015,-0.07484983339626566,-0.2674463890224398,0.07704674945026152,0.7970754463084238,0.8590986879634912,-0.07473959367676852,0.23926840919948134,[0.7590391],11147.0,-0.19359515032530977,1.0108897248677533,0.6861047835990889,0.583251323178117,0.18808435132737322,0.8280870671359575,0.8280870671359575,0.925154139611144,-180338854.49546614,0.08495768849553303,0.9252604063232315,0.7629179331306992,0.8103091277043228,,,,,,,
ab0f8ebb-05c7-40cf-820c-1eb725a7a660,GradientBoostingClassifier,PREPROCESSING,REWEIGHTER,HYPERPARAMETER_ROS,0.8430355558588685,0.8231602966343411,0.31160854432539414,0.8231602966343411,0.8492868036242935,0.6320630749014454,3506.0,0.15696444414113153,-0.08105022001210227,0.5598968532973633,0.3679369250985545,0.1353241102440545,1.3947218556844225,0.17683970336565888,0.012618163403106009,1.0721525096525097,0.06146525230494696,-0.061027988267476393,0.2911092559741208,0.15071319637570646,-0.09560589712579223,0.4920514924469674,0.06597512193367308,0.17683970336565888,0.15071319637570646,0.8492868036242935,0.8231602966343411,0.9385347476950531,620.0,1680.0,620.0,1680.0,9467.0,10087.0,4566.0,9467.0,2886.0,0.6320630749014454,0.05411203026444915,-0.05411203026444915,0.007102452949574305,2.522241895045837e-05,2.526432559241999e-05,0.007102452949574305,2.522241895045837e-05,2.526432559241999e-05,0.3632495614138387,-0.2148671526935808,0.4509595504793391,-0.012618163403106064,0.09560589712579223,-0.09817604925576542,-0.2097248800089706,0.07837629438555115,0.8492868036242935,0.8231602966343411,-0.012618163403106064,0.23926840919948134,[0.7590391],11147.0,-0.19359515032530977,1.0108897248677533,0.7150644202180376,0.6194326849778805,0.15696444414113153,0.8362235501293174,0.8362235501293174,0.8814733041817601,-235534865.71410996,0.08298773372268622,0.9873818365968938,0.7653142402545744,0.8273385691781264,72.83024287223816,173.80000000000004,1.0,237297.90033986568,19.607667446136475,991682.4015330275,85.67034079910322
ab0f8ebb-05c7-40cf-820c-1eb725a7a660,XGBClassifier,PREPROCESSING,REWEIGHTER,REWEIGHTER_RUS,0.8326622534634546,0.8399885909868796,0.330034805159353,0.8399885909868796,0.8303579438413923,0.6089743589743589,3506.0,0.16733774653654543,-0.0752362470920317,0.6093332790997223,0.391025641025641,0.15703814107845715,1.4355712710197492,0.16001140901312036,0.008602841879493173,1.0542162077596995,0.05714576754609351,-0.057617418149539884,0.28419552218050337,0.1696420561586077,-0.09627416837262177,0.5358283156184057,0.06686125468611974,0.16001140901312036,0.1696420561586077,0.8303579438413923,0.8399885909868796,0.9428542324539065,561.0,1891.0,561.0,1891.0,9256.0,9817.0,4836.0,9256.0,2945.0,0.6089743589743589,0.052438505126057446,-0.052438505126057446,0.0067972214625916065,2.310110980575799e-05,2.3137830456322733e-05,0.0067972214625916065,2.310110980575799e-05,2.3137830456322733e-05,0.3656808846142214,-0.27117806099196007,0.4771067307763062,-0.008602841879493117,0.09627416837262177,-0.10732777961399854,-0.20929694640147234,0.07713636806532448,0.8303579438413923,0.8399885909868796,-0.008602841879493117,0.23926840919948134,[0.7590391],11147.0,-0.19359515032530977,1.0108897248677533,0.7060656916806521,0.6082075172859212,0.16733774653654543,0.835173267414136,0.8351732674141359,0.8789685050785782,-281452650.2455374,0.0876713264931286,0.991397158120507,0.7672267812947765,0.8297679439163133,,,,,,,
ab0f8ebb-05c7-40cf-820c-1eb725a7a660,GradientBoostingClassifier,PREPROCESSING,REWEIGHTER,REWEIGHTER_RUS,0.8206510612161332,0.8305761551625784,0.3375418003139289,0.8305761551625784,0.8175293801022697,0.5887585928022645,3506.0,0.17934893878386682,-0.07923345530882486,0.6152534060415367,0.41124140719773555,0.1608257549876711,1.424395333422072,0.16942384483742157,-0.0112416590538984,0.934323877479986,0.061192953538683426,-0.06549950529893324,0.2528922304857379,0.18247061989773034,-0.09856933374950065,0.5542665775573316,0.07034101082956469,0.16942384483742157,0.18247061989773034,0.8175293801022697,0.8305761551625784,0.9388070464613166,594.0,2034.0,594.0,2034.0,9113.0,9707.0,4946.0,9113.0,2912.0,0.5887585928022645,0.054905496401699526,-0.043663837347801125,0.0045020009116133585,1.0134006104083757e-05,1.0144649202730673e-05,0.0045020009116133585,1.0134006104083757e-05,1.0144649202730673e-05,0.37507602117321415,-0.31279836355126134,0.4973965757195553,0.0112416590538984,0.09856933374950065,-0.11316263014330219,-0.2040664889256982,0.08147493571910512,0.8175293801022697,0.8305761551625784,0.0112416590538984,0.23926840919948134,[0.7590391],11147.0,-0.19359515032530977,1.0108897248677533,0.6890676762896356,0.5847377284067319,0.17934893878386682,0.8240527676324241,0.8240527676324241,0.8600340736443316,-202103988.80321983,0.08732767469560225,0.9887583409461015,0.7532333160889809,0.8181990931195485,32.25625824928284,129.60000000000002,1.0,228947.4915504694,19.607667446136475,956889.0315772096,82.66458022792006
ab0f8ebb-05c7-40cf-820c-1eb725a7a660,AdaBoostClassifier,PREPROCESSING,REWEIGHTER,REWEIGHTER_RUS,0.8195591346481949,0.8080433542498574,0.3278509520234764,0.8080433542498574,0.8231811249663586,0.5897169025811824,3506.0,0.18044086535180515,-0.07016377369677651,0.6560349946063362,0.41028309741881763,0.1852397257037739,1.498429891808739,0.19195664575014262,-0.009626841958930765,0.9502361153885638,0.06833181033607473,-0.07101939986079311,0.26452160772435196,0.17681887503364133,-0.08099048493280592,0.6117271444197967,0.0728237373844742,0.19195664575014262,0.17681887503364133,0.8231811249663586,0.8080433542498574,0.9316681896639253,673.0,1971.0,673.0,1971.0,9176.0,9849.0,4804.0,9176.0,2833.0,0.5897169025811824,0.045308663445868314,-0.035681821486937604,0.0029792988825285685,4.438110915717989e-06,4.435050864266141e-06,0.0029792988825285685,4.438110915717989e-06,4.435050864266141e-06,0.3816378843471235,-0.3607589781176481,0.5218383182930277,0.00962684195893071,0.08099048493280592,-0.12812956278228355,-0.18672665507907854,0.08642230846421682,0.8231811249663586,0.8080433542498574,0.00962684195893071,0.23926840919948134,[0.7590391],11147.0,-0.19359515032530977,1.0108897248677533,0.6818291215403128,0.5736819966876395,0.18044086535180515,0.8156122396081081,0.815612239608108,0.8447147699443658,-146943432.79880953,0.07136364297387515,0.9903731580410693,0.7395901318365748,0.8077716435590909,,,,,,,
ab0f8ebb-05c7-40cf-820c-1eb725a7a660,RandomForestClassifier,PREPROCESSING,REWEIGHTER,REWEIGHTER_RUS,0.8140312563980072,0.8257273245864233,0.341841261175186,0.8257273245864233,0.810352561227236,0.5779596725893392,3506.0,0.18596874360199278,-0.13908876252947655,0.40213324857086813,0.42204032741066083,0.0206677925929471,1.04930761143785,0.17427267541357672,0.12662474679270763,1.8189137554585153,0.06335545416839486,-0.0481594454754277,0.4295524198598356,0.18964743877276397,-0.19655171901604385,0.2631757915801433,0.07216103133100464,0.17427267541357672,0.18964743877276397,0.810352561227236,0.8257273245864233,0.9366445458316052,611.0,2114.0,611.0,2114.0,9033.0,9644.0,5009.0,9033.0,2895.0,0.5779596725893392,0.16158823290437574,-0.16158823290437574,0.04592565132159957,0.00105458272465657,0.001066396105482607,0.04592565132159957,0.00105458272465657,0.001066396105482607,0.3798974370300612,0.1261851286249911,0.32059574697340737,-0.12662474679270763,0.19655171901604385,-0.03441361903418737,-0.3008331691451973,0.08374913094181312,0.810352561227236,0.8257273245864233,-0.12662474679270763,0.23926840919948134,[0.7590391],11147.0,-0.19359515032530977,1.0108897248677533,0.6799765120375807,0.5721270772236021,0.18596874360199278,0.8180399429068296,0.8180399429068297,0.9502255717263408,-536180501.2084671,0.06992697222333621,0.8733752532072924,0.7457976428157403,0.7839702579106443,32.132301330566406,140.10000000000002,1.0,229285.20883944034,19.607667446136475,958296.1869479219,82.78614281688992
ab0f8ebb-05c7-40cf-820c-1eb725a7a660,BaggingClassifier,PREPROCESSING,REWEIGHTER,REWEIGHTER_RUS,0.8147819559134648,0.7917855105533371,0.32484815396164607,0.7917855105533371,0.8220148918991657,0.5831932773109244,3506.0,0.1852180440865352,-0.1269397804708532,0.44279274000711166,0.41680672268907565,0.059566640076839206,1.146123280285937,0.20821448944666288,0.0886250347539421,1.4557419321895426,0.07378954816536945,-0.06411291369132091,0.36465883446170183,0.17798510810083432,-0.16419022140519118,0.32264034117005774,0.0754758845369398,0.20821448944666288,0.17798510810083432,0.8220148918991657,0.7917855105533371,0.9262104518346306,730.0,1984.0,730.0,1984.0,9163.0,9893.0,4760.0,9163.0,2776.0,0.5831932773109244,0.12640762807956665,-0.12640762807956665,0.030993645310129467,0.00048030302480505516,0.00048387585758944947,0.030993645310129467,0.00048030302480505516,0.00048387585758944947,0.3885251202610709,0.010765193255656724,0.359833817336,-0.08862503475394212,0.16419022140519118,-0.06183977688408,-0.26485100490659325,0.09079134281911795,0.8220148918991657,0.7917855105533371,-0.08862503475394212,0.23926840919948134,[0.7590391],11147.0,-0.19359515032530977,1.0108897248677533,0.6716670699249939,0.5591710060083117,0.1852180440865352,0.8069002012262514,0.8069002012262514,0.9088985417601868,-1351584404.2971315,0.07556518665124909,0.911374965246058,0.7267967011388924,0.7794142417599131,,,,,,,
ab0f8ebb-05c7-40cf-820c-1eb725a7a660,BernoulliNB,PREPROCESSING,REWEIGHTER,REWEIGHTER_RUS,0.774175936668259,0.8337136337706789,0.38551832389271823,0.8337136337706789,0.7554498968332287,0.5174367144627368,3506.0,0.225824063331741,-0.12775391131233693,0.5245366664614249,0.48256328553726324,0.1168462991005455,1.2521785696180041,0.16628636622932116,0.13825366405846606,1.9545625942684768,0.064749000444247,-0.046910468246845805,0.4515083712676491,0.24455010316677134,-0.19959573572998168,0.3817734276017851,0.07779768553065608,0.16628636622932116,0.24455010316677134,0.7554498968332287,0.8337136337706789,0.935250999555753,583.0,2726.0,583.0,2726.0,8421.0,9004.0,5649.0,8421.0,2923.0,0.5174367144627368,0.16892469989422387,-0.16892469989422387,0.04212800088216501,0.000887384229163848,0.0008964652133442461,0.04212800088216501,0.000887384229163848,0.0008964652133442461,0.39445579100998396,-0.06889764505929907,0.3897212369399834,-0.13825366405846606,0.19959573572998168,-0.08187838367369568,-0.2958623419929415,0.08850066398569298,0.7554498968332287,0.8337136337706789,-0.13825366405846606,0.23926840919948134,[0.7590391],11147.0,-0.19359515032530977,1.0108897248677533,0.6385581649371928,0.5164369195285572,0.225824063331741,0.7945817653019537,0.7945817653019538,0.928806251547009,-313045562.5190187,0.06134207167151562,0.8617463359415338,0.7232015834725056,0.764153077165716,29.06156587600708,150.50000000000003,1.0,229587.93661215305,19.607667446136475,959557.5526675582,82.89511079989182
ab0f8ebb-05c7-40cf-820c-1eb725a7a660,BaggingClassifier,PREPROCESSING,REWEIGHTER,HYPERPARAMETER_RUS,0.8163516003548761,0.8479749001711352,0.35016720125571554,0.8479749001711352,0.8064053108459676,0.5794192165269928,3506.0,0.18364839964512392,-0.12304697585506919,0.452974722865318,0.4205807834730072,0.06007721984501907,1.1459352144095238,0.1520250998288648,0.12902401000913533,1.9774146231382579,0.055975635370720436,-0.03869872583840722,0.4689070003864625,0.19359468915403247,-0.18347958265252104,0.3091213491449819,0.0694232215501393,0.1520250998288648,0.19359468915403247,0.8064053108459676,0.8479749001711352,0.9440243646292795,533.0,2158.0,533.0,2158.0,8989.0,9522.0,5131.0,8989.0,2973.0,0.5794192165269928,0.1562517963308282,-0.1562517963308282,0.04271121507780764,0.0009121239467113714,0.0009215933045126932,0.04271121507780764,0.0009121239467113714,0.0009215933045126932,0.3726210448971966,0.0534216826149545,0.34481295686892116,-0.12902401000913533,0.18347958265252104,-0.04938797284171312,-0.2940804620463039,0.07861380828505501,0.8064053108459676,0.8479749001711352,-0.12902401000913533,0.23926840919948134,[0.7590391],11147.0,-0.19359515032530977,1.0108897248677533,0.6884334838485585,0.5852615834757903,0.18364839964512392,0.8271901055085513,0.8271901055085513,0.9564400454013496,-179532237.23906058,0.05445557264338571,0.8709759899908647,0.7599207617100134,0.7936527626470388,14.718724727630615,161.00000000000003,1.0,229742.81135179996,19.607667446136475,960202.8640827537,82.95085853603788
ab0f8ebb-05c7-40cf-820c-1eb725a7a660,RandomForestClassifier,PREPROCESSING,REWEIGHTER,HYPERPARAMETER_RUS,0.8063195250119429,0.8573873359954364,0.3647034736913943,0.8573873359954364,0.7902574683771418,0.5625,3506.0,0.19368047498805707,-0.09743592443101079,0.5695843193011247,0.4375,0.1329843109349056,1.3217528541269548,0.1426126640045636,0.055307175199586917,1.412644465846792,0.053711462025996345,-0.04790293266190885,0.3527674287191963,0.20974253162285816,-0.1453283025971095,0.4551998219187495,0.07024551782886401,0.1426126640045636,0.20974253162285816,0.7902574683771418,0.8573873359954364,0.9462885379740037,500.0,2338.0,500.0,2338.0,8809.0,9309.0,5344.0,8809.0,3006.0,0.5625,0.10031773889834822,-0.10031773889834822,0.024241463245101572,0.00029382427013180525,0.00029552139396140964,0.024241463245101572,0.00029382427013180525,0.00029552139396140964,0.37482133831697473,-0.19070071167021585,0.44021665409754346,-0.055307175199586944,0.1453283025971095,-0.09044362179840722,-0.25137354029226994,0.07837122932296585,0.7902574683771418,0.8573873359954364,-0.055307175199586944,0.23926840919948134,[0.7590391],11147.0,-0.19359515032530977,1.0108897248677533,0.679322033898305,0.5740333205861692,0.19368047498805707,0.8238224021862892,0.8238224021862891,0.9064664028274233,-180251203.40140176,0.09002112739752258,0.9446928248004132,0.7580380784264279,0.8114830195488456,,,,,,,
ab0f8ebb-05c7-40cf-820c-1eb725a7a660,GradientBoostingClassifier,PREPROCESSING,REWEIGHTER,HYPERPARAMETER_RUS,0.8326622534634546,0.8405590416428979,0.3303077868013376,0.8405590416428979,0.8301785233695165,0.6088842975206612,3506.0,0.16733774653654543,-0.07982756151456827,0.5887824661873879,0.39111570247933886,0.1466635249660354,1.4039697654588759,0.15944095835710212,0.007102216308535553,1.044854508967766,0.05696525017833486,-0.05800577062733301,0.2799368942594184,0.16982147663048353,-0.10183760414563128,0.5145334760854987,0.06680695469835612,0.15944095835710212,0.16982147663048353,0.8301785233695165,0.8405590416428979,0.9430347498216651,559.0,1893.0,559.0,1893.0,9254.0,9813.0,4840.0,9254.0,2947.0,0.6088842975206612,0.05446991022708343,-0.05446991022708343,0.008695445955318617,3.7805390180933456e-05,3.788242248913935e-05,0.008695445955318617,3.7805390180933456e-05,3.788242248913935e-05,0.3655323643628731,-0.2528920024478172,0.46845785153632047,-0.0071022163085355805,0.10183760414563128,-0.1023346477966842,-0.21368693191113822,0.07701852359800669,0.8301785233695165,0.8405590416428979,-0.0071022163085355805,0.23926840919948134,[0.7590391],11147.0,-0.19359515032530977,1.0108897248677533,0.7062065660196502,0.6084347441577966,0.16733774653654543,0.8353687825062072,0.8353687825062072,0.8808712450958284,-238908904.83156425,0.09473538783709573,0.9928977836914645,0.7675478577939836,0.8303685184115491,43.064151763916016,171.20000000000002,1.0,230182.38446195124,19.607667446136475,962034.418708384,83.10908450508539
ab0f8ebb-05c7-40cf-820c-1eb725a7a660,XGBClassifier,PREPROCESSING,REWEIGHTER,REWEIGHTER_FOS,0.8712891558042721,0.6223616657159156,0.1872654064014195,0.6223616657159156,0.9495828474028887,0.7951895043731778,3506.0,0.12871084419572787,-0.0862772934575915,0.452771511984944,0.20481049562682216,0.15114767547331143,1.8669229239843594,0.37763833428408444,-0.0749257755093935,0.8075193867659813,0.11117642119405492,-0.1136322000778707,0.2564137471053475,0.05041715259711133,-0.015230413484900875,0.729919316893407,0.07010502354113697,0.37763833428408444,0.05041715259711133,0.9495828474028887,0.6223616657159156,0.8888235788059451,1324.0,562.0,1324.0,562.0,10585.0,11909.0,2744.0,10585.0,2182.0,0.7951895043731778,0.045078094497147184,0.029847681012246313,0.04035567038508389,0.0008142900661147686,0.0008069802177193479,0.04035567038508389,0.0008142900661147686,0.0008069802177193479,0.37444632069533534,-0.31784107536019945,0.4997618615990295,0.0749257755093935,0.0749257755093935,-0.13238993777559105,-0.11257413324122086,0.10949043412252903,0.9495828474028887,0.6223616657159156,0.0749257755093935,0.23926840919948134,[0.7590391],11147.0,-0.19359515032530977,1.0108897248677533,0.69824,0.625473844237931,0.12871084419572787,0.7859722565594021,0.7859722565594021,0.7625128073611416,-273429905.72455233,-0.059695362024492625,0.9250742244906066,0.6581209470668073,0.7281642781529932,,,,,,,
ab0f8ebb-05c7-40cf-820c-1eb725a7a660,GradientBoostingClassifier,PREPROCESSING,REWEIGHTER,REWEIGHTER_FOS,0.8618712891558042,0.5733029092983457,0.1732068518392138,0.5733029092983457,0.952632995424778,0.7919621749408984,3506.0,0.13812871084419576,-0.09371756448750157,0.44734451371876727,0.20803782505910165,0.17650570388845732,2.041698841698842,0.4266970907016543,-0.11123619772014143,0.7494436367702975,0.12348328518365663,-0.1281170359990805,0.24464533832633376,0.047367004575222034,-0.005695631681404349,0.8851719969945444,0.07667868125789172,0.4266970907016543,0.047367004575222034,0.952632995424778,0.5733029092983457,0.8765167148163434,1496.0,528.0,1496.0,528.0,10619.0,12115.0,2538.0,10619.0,2010.0,0.7919621749408984,0.058465914700772864,0.05277028301936851,0.0519701496651264,0.0013504482281078186,0.0013350259206004731,0.0519701496651264,0.0013504482281078186,0.0013350259206004731,0.39160868544477334,-0.42117121219567144,0.5541797161165821,0.11123619772014137,0.11123619772014137,-0.15231136994376893,-0.0908033712963042,0.12183129913447704,0.952632995424778,0.5733029092983457,0.11123619772014137,0.23926840919948134,[0.7590391],11147.0,-0.19359515032530977,1.0108897248677533,0.6651224354731966,0.5929393305160184,0.13812871084419576,0.7629679523615618,0.7629679523615618,0.722705917580734,-190885863.53535518,-0.10554056603873707,0.8887638022798586,0.6158088235294118,0.6860405228292097,34.625895738601685,129.70000000000002,1.0,233550.6934131384,19.607667446136475,976069.0393383304,84.32151978728353
ab0f8ebb-05c7-40cf-820c-1eb725a7a660,AdaBoostClassifier,PREPROCESSING,REWEIGHTER,REWEIGHTER_FOS,0.8595509451989354,0.5778665145464917,0.17771104893195933,0.5778665145464917,0.9481474836278819,0.7780337941628265,3506.0,0.14044905480106462,-0.09231235635627011,0.4615020362584509,0.22196620583717358,0.17668980046115565,1.9593740624508902,0.42213348545350826,-0.09060352702863728,0.7922851028956474,0.12283177027139182,-0.12491298781411786,0.2566130314994178,0.05185251637211806,-0.009690101868492618,0.8258866046228939,0.07758810578249443,0.42213348545350826,0.05185251637211806,0.9481474836278819,0.5778665145464917,0.8771682297286082,1480.0,578.0,1480.0,578.0,10569.0,12049.0,2604.0,10569.0,2026.0,0.7780337941628265,0.05014681444856495,0.04045671258007233,0.04861782935465112,0.001181846665578988,0.0011691758526134997,0.04861782935465112,0.001181846665578988,0.0011691758526134997,0.3939241190445044,-0.39300853067742114,0.5387877456545633,0.09060352702863728,0.09060352702863728,-0.15080139413763677,-0.09697016070718044,0.1218040799289918,0.9481474836278819,0.5778665145464917,0.09060352702863728,0.23926840919948134,[0.7590391],11147.0,-0.19359515032530977,1.0108897248677533,0.6631751227495908,0.5870651038846331,0.14044905480106462,0.7630069990871868,0.7630069990871868,0.732138244228533,-146354240.86212674,-0.08091342516014466,0.9093964729713626,0.6175887821978358,0.6915579612879803,,,,,,,
ab0f8ebb-05c7-40cf-820c-1eb725a7a660,RandomForestClassifier,PREPROCESSING,REWEIGHTER,REWEIGHTER_FOS,0.8547737664642053,0.6226468910439247,0.20391728656247868,0.6226468910439247,0.927783260069974,0.7305890227576974,3506.0,0.14522623353579467,-0.11297002300639258,0.383131719579227,0.26941097724230256,-0.020259555980554955,0.9255518873271368,0.3773531089560753,0.08424852047503678,1.2312735103309165,0.11341620231461637,-0.09690008488182891,0.35798080924912434,0.07221673993002602,-0.08083050627859673,0.2222360091886161,0.07736119777840858,0.3773531089560753,0.07221673993002602,0.927783260069974,0.6226468910439247,0.8865837976853836,1323.0,805.0,1323.0,805.0,10342.0,11665.0,2988.0,10342.0,2183.0,0.7305890227576974,0.08253951337681673,-0.08253951337681673,0.004617891218604911,1.0662459653434175e-05,1.065108443197467e-05,0.004617891218604911,1.0662459653434175e-05,1.065108443197467e-05,0.3933476777061448,0.16931906111643658,0.30692219879768357,-0.08424852047503673,0.08424852047503673,-0.03832026445063692,-0.18416107967444462,0.11494171776088352,0.927783260069974,0.6226468910439247,-0.08424852047503673,0.23926840919948134,[0.7590391],11147.0,-0.19359515032530977,1.0108897248677533,0.6723129042192794,0.5828469171402352,0.14522623353579467,0.7752150755569494,0.7752150755569494,0.8392009506557921,-634706838.4124827,-0.0034180141964400557,0.9157514795249633,0.6465274692729157,0.7167690272563534,34.2375283241272,140.00000000000003,1.0,233903.8227673769,19.607667446136475,977540.4116476575,84.44863000622819
ab0f8ebb-05c7-40cf-820c-1eb725a7a660,BaggingClassifier,PREPROCESSING,REWEIGHTER,REWEIGHTER_FOS,0.8474032621306217,0.5887050770108385,0.19504538319797993,0.5887050770108385,0.9287700726652911,0.722183344996501,3506.0,0.15259673786937833,-0.11396198255043588,0.4028343045688677,0.27781665500349895,0.01707282343368588,1.0619867060561299,0.4112949229891614,0.08106232871271402,1.203307889624944,0.12225519287833828,-0.1044881408289152,0.3560840906411136,0.07122992733470888,-0.07318586265358237,0.2677089606863116,0.08245181981597076,0.4112949229891614,0.07122992733470888,0.9287700726652911,0.5887050770108385,0.8777448071216617,1442.0,794.0,1442.0,794.0,10353.0,11795.0,2858.0,10353.0,2064.0,0.722183344996501,0.07712409568314814,-0.07712409568314814,0.011106137118103996,6.167314084306366e-05,6.151598832169789e-05,0.011106137118103996,6.167314084306366e-05,6.151598832169789e-05,0.4060832914956506,0.12067207727320861,0.32222443415042845,-0.0810623287127139,0.0810623287127139,-0.06078048213130054,-0.17111466113991852,0.12382530891555434,0.9287700726652911,0.5887050770108385,-0.0810623287127139,0.23926840919948134,[0.7590391],11147.0,-0.19359515032530977,1.0108897248677533,0.6486486486486487,0.557178526427814,0.15259673786937833,0.7587375748380648,0.7587375748380648,0.8172545241582754,-1337224611.2899878,-0.007876466059131643,0.918937671287286,0.6172248803827751,0.6930770348221849,,,,,,,
ab0f8ebb-05c7-40cf-820c-1eb725a7a660,BernoulliNB,PREPROCESSING,REWEIGHTER,REWEIGHTER_FOS,0.820514570395141,0.667997718197376,0.25987852316931687,0.667997718197376,0.8684847941150086,0.6150210084033614,3506.0,0.17948542960485903,-0.09290673411999928,0.5589761270637188,0.3849789915966387,0.17179808472884395,1.4873133918525243,0.3320022818026241,0.04654297573181876,1.1433059190412134,0.10733056708160442,-0.09660879298551975,0.33247541894516647,0.13151520588499147,-0.07455089680880563,0.5362646694372366,0.08595090073519336,0.3320022818026241,0.13151520588499147,0.8684847941150086,0.667997718197376,0.8926694329183956,1164.0,1466.0,1164.0,1466.0,9681.0,10845.0,3808.0,9681.0,2342.0,0.6150210084033614,0.06054693627031219,-0.06054693627031219,0.010431142309652655,5.440436494211286e-05,5.4274066470006625e-05,0.010431142309652655,5.440436494211286e-05,5.4274066470006625e-05,0.41461042132390585,-0.23671282489676004,0.46088368964302395,-0.04654297573181876,0.07455089680880563,-0.1342034388571819,-0.17104871432751634,0.11549425402778876,0.8684847941150086,0.667997718197376,-0.04654297573181876,0.23926840919948134,[0.7590391],11147.0,-0.19359515032530977,1.0108897248677533,0.6404156412359858,0.5218879606172951,0.17948542960485903,0.7682412561561923,0.7682412561561922,0.8147559105329057,-291301992.22362566,0.028007921076986866,0.9534570242681812,0.6539159570012565,0.7304047060550647,44.57202124595642,150.90000000000003,1.0,234390.16871826648,19.607667446136475,979566.8531096975,84.62369203253219
ab0f8ebb-05c7-40cf-820c-1eb725a7a660,BaggingClassifier,PREPROCESSING,REWEIGHTER,HYPERPARAMETER_FOS,0.8620760253872927,0.5590416428978894,0.16617757455811097,0.5590416428978894,0.9573876379294878,0.8049281314168378,3506.0,0.13792397461270733,-0.09922509466511387,0.42048259048617376,0.19507186858316222,0.031586770717205476,1.1656920077972708,0.4409583571021107,0.08294028279779159,1.1937453609203932,0.12653462105090849,-0.10513841373477212,0.3662674320387513,0.04261236207051224,-0.041522309477373134,0.2950573323315148,0.07715769576531817,0.4409583571021107,0.04261236207051224,0.9573876379294878,0.5590416428978894,0.8734653789490915,1546.0,475.0,1546.0,475.0,10672.0,12218.0,2435.0,10672.0,1960.0,0.8049281314168378,0.062231296137582416,-0.062231296137582416,0.024541044516264404,0.0003011314329746356,0.00029945985938914705,0.024541044516264404,0.0003011314329746356,0.00029945985938914705,0.3928299778920091,0.11640008468654628,0.3235468937248919,-0.0829402827977917,0.0829402827977917,-0.06836259222598881,-0.14542074275203382,0.12438224325864465,0.9573876379294878,0.5590416428978894,-0.0829402827977917,0.23926840919948134,[0.7590391],11147.0,-0.19359515032530977,1.0108897248677533,0.659821578858778,0.5918971808314656,0.13792397461270733,0.7582146404136886,0.7582146404136886,0.8053993202371234,-168703473.74906966,-0.04141797332041845,0.9170597172022084,0.6052651895313828,0.6826282966174004,19.185670614242554,160.90000000000003,1.0,234582.33790533541,19.607667446136475,980367.5580558181,84.6928640431554
ab0f8ebb-05c7-40cf-820c-1eb725a7a660,RandomForestClassifier,PREPROCESSING,REWEIGHTER,HYPERPARAMETER_FOS,0.8547737664642053,0.522532800912721,0.1560090083941855,0.522532800912721,0.9592715528841841,0.8013998250218722,3506.0,0.14522623353579467,-0.10837870858385601,0.4031815006943314,0.19860017497812774,0.1579191223616833,1.9682791862453384,0.47746719908727897,-0.14086889820073878,0.7178812194248896,0.13536023287782,-0.14142271267718132,0.23847837473896416,0.04072844711581591,-0.004931589292563522,0.8844062772739609,0.08227743504300075,0.47746719908727897,0.04072844711581591,0.9592715528841841,0.522532800912721,0.86463976712218,1674.0,454.0,1674.0,454.0,10693.0,12367.0,2286.0,10693.0,1832.0,0.8013998250218722,0.07290024374665115,0.06796865445408763,0.05981291812123449,0.0017887925870887506,0.0017654742954721992,0.05981291812123449,0.0017887925870887506,0.0017654742954721992,0.4056536331477896,-0.4569701399381936,0.574354143339251,0.14086889820073878,0.14086889820073878,-0.1496709175194323,-0.07746964441278216,0.13378382267777605,0.9592715528841841,0.522532800912721,0.14086889820073878,0.23926840919948134,[0.7590391],11147.0,-0.19359515032530977,1.0108897248677533,0.6325966850828729,0.5664810458401228,0.14522623353579467,0.7409021768984526,0.7409021768984525,0.6905440528525603,-167268962.0603964,-0.13593730890817526,0.8591311017992612,0.5723211496407373,0.6439829825601288,,,,,,,
ab0f8ebb-05c7-40cf-820c-1eb725a7a660,GradientBoostingClassifier,PREPROCESSING,REWEIGHTER,HYPERPARAMETER_FOS,0.8717668736777452,0.6240730176839704,0.18760663345390022,0.6240730176839704,0.9496725576388266,0.7959257911967988,3506.0,0.1282331263222548,-0.08617048761286161,0.4516628317654767,0.20407420880320115,0.15344269667315158,1.8881815352403588,0.37592698231602967,-0.08377934225682165,0.7845881842320263,0.11071908602150538,-0.11451485515656637,0.24968912610958066,0.05032744236117341,-0.013953892524726473,0.7499373863426002,0.06980865693138161,0.37592698231602967,0.05032744236117341,0.9496725576388266,0.6240730176839704,0.8892809139784946,1318.0,561.0,1318.0,561.0,10586.0,11904.0,2749.0,10586.0,2188.0,0.7959257911967988,0.048866617390774095,0.034912724866047615,0.04130467628399335,0.0008530381414627412,0.0008452082069265145,0.04130467628399335,0.0008530381414627412,0.0008452082069265145,0.3736540028726619,-0.3335609606179195,0.5076868336134867,0.08377934225682171,0.08377934225682171,-0.13397877591485896,-0.11063899014520248,0.1090106106793941,0.9496725576388266,0.6240730176839704,0.08377934225682171,0.23926840919948134,[0.7590391],11147.0,-0.19359515032530977,1.0108897248677533,0.6996003197442047,0.6270042386426401,0.1282331263222548,0.7868727876613986,0.7868727876613986,0.7594009145211962,-232386842.90861267,-0.06982544973209517,0.9162206577431783,0.6596819175397604,0.727589461523903,59.02614188194275,171.70000000000005,1.0,235220.3264902353,19.607667446136475,983025.8438262343,84.9225103972108
ab0f8ebb-05c7-40cf-820c-1eb725a7a660,XGBClassifier,PREPROCESSING,REWEIGHTER,REWEIGHTER_FAIR_SMOTE,0.4806524261243431,0.9749001711351968,0.7466047908278168,0.9749001711351968,0.3251996052749619,0.31243144424131625,3506.0,0.5193475738756569,-0.525745911297631,0.24436637254299737,0.6875685557586837,-0.07450582419052354,0.8929157507648454,0.025099828864803195,0.16176470588235295,inf,0.02370051171559386,0.02370051171559386,inf,0.6748003947250382,-0.8289503773153442,0.17104962268465584,0.05764747137574968,0.025099828864803195,0.6748003947250382,0.3251996052749619,0.9749001711351968,0.9762994882844062,88.0,7522.0,88.0,7522.0,3625.0,3713.0,10940.0,3625.0,3418.0,0.31243144424131625,0.49535754159884854,-0.49535754159884854,0.17590752837846513,0.015471729270110255,0.01623987090646695,0.17590752837846513,0.015471729270110255,0.01623987090646695,0.33955109004610684,8.585018681003982,0.24486475493186902,-0.16176470588235292,0.8289503773153442,0.04910316795305867,-0.755135245068131,0.061775518725583164,0.3251996052749619,0.9749001711351968,-0.16176470588235292,0.23926840919948134,[0.7590391],11147.0,-0.19359515032530977,1.0108897248677533,0.4732105773224422,0.29436047338877874,0.5193475738756569,0.6500498882050794,0.6500498882050794,0.9720570027429538,,0.6671856714329912,0.8382352941176471,0.6371516450740983,0.6925283508910788,,,,,,,
ab0f8ebb-05c7-40cf-820c-1eb725a7a660,GradientBoostingClassifier,PREPROCESSING,REWEIGHTER,REWEIGHTER_FAIR_SMOTE,0.4358834368388726,0.995436394751854,0.8012011192247321,0.995436394751854,0.25989055351215573,0.2972742759795571,3506.0,0.5641165631611273,-0.3139727947360865,0.5310157825175608,0.702725724020443,0.07881893879989543,1.1146369346153742,0.004563605248146035,0.029411764705882353,inf,0.0054926192928252664,0.0060218291305984195,inf,0.7401094464878443,-0.5661416706686648,0.41162263315287884,0.05089866223302315,0.004563605248146035,0.7401094464878443,0.25989055351215573,0.995436394751854,0.9945073807071747,16.0,8250.0,16.0,8250.0,2897.0,2913.0,11740.0,2897.0,3490.0,0.2972742759795571,0.2977767176872736,-0.2977767176872736,0.09688433691624634,0.004693287369850367,0.00481057853758072,0.09688433691624634,0.004693287369850367,0.00481057853758072,0.3190569298198149,2.010153838940143,0.4720418010707706,-0.02941176470588236,0.5661416706686648,-0.03639855483464851,-0.5140759784150672,0.053788899908615136,0.25989055351215573,0.995436394751854,-0.02941176470588236,0.23926840919948134,[0.7590391],11147.0,-0.19359515032530977,1.0108897248677533,0.4578250032795487,0.27294636828732527,0.5641165631611273,0.6276634741320049,0.6276634741320049,0.8145670432712241,-550478355.6222644,0.5367299059627825,0.9705882352941176,0.627190223739779,0.7110473599400721,35.291186571121216,129.6,1.0,237442.64959948065,19.607667446136475,992285.5234480897,85.72244383120997
ab0f8ebb-05c7-40cf-820c-1eb725a7a660,AdaBoostClassifier,PREPROCESSING,REWEIGHTER,REWEIGHTER_FAIR_SMOTE,0.43984167064764895,0.9920136908157444,0.7956049955640483,0.9920136908157444,0.2661702700278102,0.2983359066735289,3506.0,0.5601583293523511,-0.40351486274456716,0.41987290258696014,0.7016640933264711,0.03610295823157961,1.0518940040499403,0.007986309184255563,0.051470588235294115,inf,0.009348914858096828,0.009355162044771133,inf,0.7338297299721899,-0.6777289931215593,0.3220708506489305,0.051740077656187405,0.007986309184255563,0.7338297299721899,0.2661702700278102,0.9920136908157444,0.9906510851419031,28.0,8180.0,28.0,8180.0,2967.0,2995.0,11658.0,2967.0,3478.0,0.2983359066735289,0.36459979067842674,-0.36459979067842674,0.12588032322694095,0.007922927887859565,0.00818869139354329,0.12588032322694095,0.007922927887859565,0.00818869139354329,0.3216833152533324,6.7600492118259385,0.3913759030688137,-0.05147058823529416,0.6777289931215593,-0.01337389809340421,-0.6084990714388011,0.05491973870624341,0.2661702700278102,0.9920136908157444,-0.05147058823529416,0.23926840919948134,[0.7590391],11147.0,-0.19359515032530977,1.0108897248677533,0.45871801635452386,0.27315161756645734,0.5601583293523511,0.6290919804217773,0.6290919804217773,0.8584587848010343,-186455507.0761161,0.6262584048862652,0.9485294117647058,0.6273448773448773,0.7071631220578345,,,,,,,
ab0f8ebb-05c7-40cf-820c-1eb725a7a660,RandomForestClassifier,PREPROCESSING,REWEIGHTER,REWEIGHTER_FAIR_SMOTE,0.5018085033781479,0.9657729606389047,0.7210810073022589,0.9657729606389047,0.3558805059657307,0.32046185879235284,3506.0,0.49819149662185214,-0.53706367525074,0.20834944099300465,0.6795381412076472,-0.11519952325393368,0.8331587095445453,0.034227039361095266,0.21623654525956232,321.24632352941177,0.029361389772449228,0.018587492357359528,2.6078180889115994,0.6441194940342693,-0.8428103891400588,0.135363081018513,0.0605820030061063,0.034227039361095266,0.6441194940342693,0.3558805059657307,0.9657729606389047,0.9706386102275508,120.0,7180.0,120.0,7180.0,3967.0,4087.0,10566.0,3967.0,3386.0,0.32046185879235284,0.5295234671998106,-0.5295234671998106,0.18630143179675554,0.017354111744760578,0.018277818519374878,0.18630143179675554,0.017354111744760578,0.018277818519374878,0.3480862048576654,2.788406680295922,0.20767639394519982,-0.21623654525956226,0.8428103891400588,0.06689350780564662,-0.7782447252159053,0.06515025114917247,0.3558805059657307,0.9657729606389047,-0.21623654525956226,0.23926840919948134,[0.7590391],11147.0,-0.19359515032530977,1.0108897248677533,0.48123934053439454,0.30599587413964796,0.49819149662185214,0.6608267333023177,0.6608267333023177,1.0107499963388855,-2144284348.3366258,0.6265738438804964,0.7837634547404376,0.6423828495541642,0.6834797656883812,33.006455183029175,139.9,1.0,237783.09890282157,19.607667446136475,993704.0622120104,85.8449898188709
ab0f8ebb-05c7-40cf-820c-1eb725a7a660,BaggingClassifier,PREPROCESSING,REWEIGHTER,REWEIGHTER_FAIR_SMOTE,0.47689892854705523,0.9694808899030234,0.7477649628062513,0.9694808899030234,0.32197003678119673,0.31021264944784155,3506.0,0.5231010714529447,-0.4759931878217021,0.3029076900372906,0.6897873505521585,-0.019465606051879414,0.9718794288345005,0.030519110096976613,0.17275688128053382,47.51871657754011,0.028950216450216452,-0.04726682714281362,0.36404632571487133,0.6780299632188033,-0.7691650478069152,0.2149579578357627,0.05812461791846612,0.030519110096976613,0.6780299632188033,0.32197003678119673,0.9694808899030234,0.9710497835497836,107.0,7558.0,107.0,7558.0,3589.0,3696.0,10957.0,3589.0,3399.0,0.31021264944784155,0.47096096454372455,-0.47096096454372455,0.16050998740236355,0.012881728027953454,0.013454945975441852,0.16050998740236355,0.012881728027953454,0.013454945975441852,0.3409534217997119,2.8458366930571453,0.28271951015985086,-0.1727568812805339,0.7691650478069152,-0.013900610545467075,-0.7063768833799661,0.0629008364383254,0.32197003678119673,0.9694808899030234,-0.1727568812805339,0.23926840919948134,[0.7590391],11147.0,-0.19359515032530977,1.0108897248677533,0.47002696535988386,0.28631136327190404,0.5231010714529447,0.6457254633421101,0.6457254633421101,0.9498369503881539,-3579786465.338368,0.5964081665263814,0.8272431187194661,0.6331082654249127,0.6868364852094792,,,,,,,
ab0f8ebb-05c7-40cf-820c-1eb725a7a660,BernoulliNB,PREPROCESSING,REWEIGHTER,REWEIGHTER_FAIR_SMOTE,0.45219408994745103,0.9831717056474615,0.7790213608134853,0.9831717056474615,0.28518884004664935,0.3019710906701708,3506.0,0.547805910052549,-0.43604069960690106,0.3718123333274951,0.6980289093298292,0.018596817072726535,1.0267477155884732,0.016828294352538506,0.10845588235294118,inf,0.018221124150710314,0.01831160769708256,inf,0.7148111599533506,-0.7209401087044659,0.2773530191825907,0.0540890049541587,0.016828294352538506,0.7148111599533506,0.28518884004664935,0.9831717056474615,0.9817788758492897,59.0,7968.0,59.0,7968.0,3179.0,3238.0,11415.0,3179.0,3447.0,0.3019710906701708,0.4146979955287035,-0.4146979955287035,0.14107742077284527,0.009951419325959216,0.010332039171074272,0.14107742077284527,0.009951419325959216,0.010332039171074272,0.32890425644603233,4.946693747241691,0.34528983596843404,-0.10845588235294112,0.7209401087044659,-0.0001426046878220434,-0.6536342229238723,0.05796198473684568,0.28518884004664935,0.9831717056474615,-0.10845588235294112,0.23926840919948134,[0.7590391],11147.0,-0.19359515032530977,1.0108897248677533,0.46203337577910325,0.2759479948393322,0.547805910052549,0.6341802728470554,0.6341802728470554,0.8971735608005755,-1176388870.3745844,0.6124842263515247,0.8915441176470588,0.6286417726713172,0.6971699228536096,28.77683401107788,150.4,1.0,238085.74786496165,19.607667446136475,994965.0995542607,85.9539294337153
ab0f8ebb-05c7-40cf-820c-1eb725a7a660,BaggingClassifier,PREPROCESSING,REWEIGHTER,HYPERPARAMETER_FAIR_SMOTE,0.4926636183716645,0.9783228750713063,0.7362314884324029,0.9783228750713063,0.33991208396878086,0.317945865776789,3506.0,0.5073363816283355,-0.4994043062244934,0.2600516929840713,0.6820541342232109,-0.062198201842791345,0.9097648062445092,0.02167712492869367,0.13970588235294118,inf,0.01966364812419146,0.02075368651010377,inf,0.6600879160312192,-0.7900644917536558,0.1855277937697057,0.058093680746142094,0.02167712492869367,0.6600879160312192,0.33991208396878086,0.9783228750713063,0.9803363518758086,76.0,7358.0,76.0,7358.0,3789.0,3865.0,10788.0,3789.0,3430.0,0.317945865776789,0.46488518705329845,-0.46488518705329845,0.16727794237770352,0.01399095500305915,0.014644892700281428,0.16727794237770352,0.01399095500305915,0.014644892700281428,0.34086267248304586,2.562376641777541,0.2606720634173136,-0.13970588235294112,0.7900644917536558,0.041475944176447614,-0.7239126149797401,0.06158795006507134,0.33991208396878086,0.9783228750713063,-0.13970588235294112,0.23926840919948134,[0.7590391],11147.0,-0.19359515032530977,1.0108897248677533,0.47992164544564153,0.308097110205631,0.5073363816283355,0.6591174795200436,0.6591174795200436,0.9655314322768177,-478106245.73556703,0.6503586094007145,0.8602941176470589,0.6439500610156764,0.702868442115944,18.370028734207153,160.6,1.0,238273.6003025055,19.607667446136475,995747.8180440267,86.02154761435898
ab0f8ebb-05c7-40cf-820c-1eb725a7a660,RandomForestClassifier,PREPROCESSING,REWEIGHTER,HYPERPARAMETER_FAIR_SMOTE,0.4022384494642735,0.9957216200798631,0.8349825974203234,0.9957216200798631,0.215573696958823,0.2853289742541888,3506.0,0.5977615505357265,-0.2810476840782963,0.5939031979539489,0.7146710257458112,0.09668232375607466,1.1391835174286027,0.004278379920136908,0.027573529411764705,inf,0.00620347394540943,0.006297229219143577,inf,0.784426303041177,-0.5359615743357915,0.4611748731744358,0.047693868913652154,0.004278379920136908,0.784426303041177,0.215573696958823,0.9957216200798631,0.9937965260545906,15.0,8744.0,15.0,8744.0,2403.0,2418.0,12235.0,2403.0,3491.0,0.2853289742541888,0.2817675518737781,-0.2817675518737781,0.08497007201915772,0.0036099565694704253,0.003688041493650542,0.08497007201915772,0.0036099565694704253,0.003688041493650542,0.308849053466745,3.8507347682747763,0.5174716793619444,-0.02757352941176472,0.5359615743357915,-0.0451925472684656,-0.4807441156726725,0.051101225316591684,0.215573696958823,0.9957216200798631,-0.02757352941176472,0.23926840919948134,[0.7590391],11147.0,-0.19359515032530977,1.0108897248677533,0.4435550473286322,0.24285368245370587,0.5977615505357265,0.6056476585193431,0.6056476585193431,0.7762995165584243,-464913802.6732723,0.5083880449240268,0.9724264705882353,0.6137212675251615,0.6997633339006584,,,,,,,
ab0f8ebb-05c7-40cf-820c-1eb725a7a660,GradientBoostingClassifier,PREPROCESSING,REWEIGHTER,HYPERPARAMETER_FAIR_SMOTE,0.46120248413294207,0.9834569309754706,0.7701494574489866,0.9834569309754706,0.29694088095451693,0.3055383252104564,3506.0,0.5387975158670579,-0.4677837392414993,0.32767309045538273,0.6944616747895437,-0.009519089634524414,0.9863185921639017,0.01654306902452938,0.10661764705882353,inf,0.0172209026128266,0.0172209026128266,inf,0.7030591190454831,-0.7569174479762177,0.2430825520237823,0.05482232059776533,0.01654306902452938,0.7030591190454831,0.29694088095451693,0.9834569309754706,0.9827790973871734,58.0,7837.0,58.0,7837.0,3310.0,3368.0,11285.0,3310.0,3448.0,0.3055383252104564,0.4317675475175206,-0.4317675475175206,0.15156040796021183,0.011485278630532923,0.01196290730187872,0.15156040796021183,0.011485278630532923,0.01196290730187872,0.33112632211216714,8.487511394295344,0.3150294895261338,-0.10661764705882348,0.7569174479762177,0.013369996123675535,-0.6849705104738661,0.05848205024595979,0.29694088095451693,0.9834569309754706,-0.10661764705882348,0.23926840919948134,[0.7590391],11147.0,-0.19359515032530977,1.0108897248677533,0.46622946386316005,0.2843300449084988,0.5387975158670579,0.6401989059649937,0.6401989059649937,0.9166160175168988,-794051548.2845281,0.6502998009173943,0.8933823529411765,0.6325734990597623,0.7007660192078414,58.26845741271973,170.5,1.0,238850.92384476663,19.607667446136475,998153.3328034481,86.2293573616312
ab0f8ebb-05c7-40cf-820c-1eb725a7a660,XGBClassifier,PREPROCESSING,REWEIGHTER,REWEIGHTER_BAL_GAN_FAIR,0.866989694943015,0.6454649172846548,0.20262062376305193,0.6454649172846548,0.9366645734278282,0.7622094981475244,3506.0,0.13301030505698497,-0.09489073676438908,0.42438865225040995,0.23779050185247558,0.0036116978490288165,1.0152186224209485,0.3545350827153451,0.12648821344878264,1.37767952443074,0.1063847997261212,-0.08328691025241619,0.3994442852464385,0.06333542657217188,-0.06922619685402095,0.2350109992020589,0.07093777333434718,0.3545350827153451,0.06333542657217188,0.9366645734278282,0.6454649172846548,0.8936152002738789,1243.0,706.0,1243.0,706.0,10441.0,11684.0,2969.0,10441.0,2263.0,0.7622094981475244,0.09785720515140182,-0.09785720515140182,0.0033302124881642854,5.54515760816268e-06,5.540885521615172e-06,0.0033302124881642854,5.54515760816268e-06,5.540885521615172e-06,0.3766637050057974,0.2058476366293911,0.2958988351032875,-0.1264882134487827,0.1264882134487827,-0.043449304050722504,-0.18680087396551032,0.10667054636047865,0.9366645734278282,0.6454649172846548,-0.1264882134487827,0.23926840919948134,[0.7590391],11147.0,-0.19359515032530977,1.0108897248677533,0.698996138996139,0.6178793552860616,0.13301030505698497,0.7910647453562416,0.7910647453562415,0.8684761304306088,-258398130.62636507,-0.05726201659476168,0.8735117865512172,0.6711648253874101,0.7273259429173725,,,,,,,
ab0f8ebb-05c7-40cf-820c-1eb725a7a660,GradientBoostingClassifier,PREPROCESSING,REWEIGHTER,REWEIGHTER_BAL_GAN_FAIR,0.8570941104210742,0.5864232743867656,0.18426260833958916,0.5864232743867656,0.9422266080559792,0.7614814814814815,3506.0,0.1429058895789258,-0.10243781363902915,0.4221700153015135,0.23851851851851852,0.00819660054709484,1.0345166327153152,0.41357672561323444,0.12623004130754262,1.3203885024446798,0.12130845812766669,-0.09617518497547439,0.39163220609344296,0.05777339194402081,-0.06308394825023052,0.23554442674944273,0.0783191785054475,0.41357672561323444,0.05777339194402081,0.9422266080559792,0.5864232743867656,0.8786915418723333,1450.0,644.0,1450.0,644.0,10503.0,11953.0,2700.0,10503.0,2056.0,0.7614814814814815,0.09465699477888656,-0.09465699477888656,0.011082810670413772,6.141434617811867e-05,6.125817792061387e-05,0.011082810670413772,6.141434617811867e-05,6.125817792061387e-05,0.39577563973910146,0.22228000798327985,0.2910382010015363,-0.12623004130754262,0.12623004130754262,-0.0521858927612846,-0.1714149624940821,0.12105064095906116,0.9422266080559792,0.5864232743867656,-0.12623004130754262,0.23926840919948134,[0.7590391],11147.0,-0.19359515032530977,1.0108897248677533,0.6625845955526909,0.5817451276452693,0.1429058895789258,0.7643249412213724,0.7643249412213724,0.8366736431919365,-194317976.64309955,-0.0631460930573121,0.8737699586924573,0.6221818732032077,0.6882375371748258,40.79969882965088,129.8,1.0,243893.37230827808,19.607667446136475,1019163.5347347459,88.04440536180721
ab0f8ebb-05c7-40cf-820c-1eb725a7a660,AdaBoostClassifier,PREPROCESSING,REWEIGHTER,REWEIGHTER_BAL_GAN_FAIR,0.8529311403808094,0.6081003993154592,0.19879888077526786,0.6081003993154592,0.9299363057324841,0.7318915207689667,3506.0,0.14706885961919058,-0.10656060697972547,0.4171493991266253,0.2681084792310333,-0.02131637392410196,0.9212181072762028,0.39189960068454077,0.16929514040592603,1.4630214274075282,0.11703577512776832,-0.08771986533629333,0.42006072409246514,0.07006369426751592,-0.08368463484526159,0.18668620309641037,0.07897864567419857,0.39189960068454077,0.07006369426751592,0.9299363057324841,0.6081003993154592,0.8829642248722317,1374.0,781.0,1374.0,781.0,10366.0,11740.0,2913.0,10366.0,2132.0,0.7318915207689667,0.12648988762559382,-0.12648988762559382,0.0012067169003869504,7.280828388397446e-07,7.282870786240698e-07,0.0012067169003869504,7.280828388397446e-07,7.282870786240698e-07,0.39743841201926766,0.33870081438532296,0.2590385492340555,-0.16929514040592608,0.16929514040592608,-0.03320174570609566,-0.19604731893725072,0.11831660428436737,0.9299363057324841,0.6081003993154592,-0.16929514040592608,0.23926840919948134,[0.7590391],11147.0,-0.19359515032530977,1.0108897248677533,0.6642779249104221,0.5751651584237233,0.14706885961919058,0.7690183525239717,0.7690183525239717,0.8662913975167481,-146401125.06822848,-0.08561050556066443,0.830704859594074,0.6349489985853622,0.6890759897007617,,,,,,,
ab0f8ebb-05c7-40cf-820c-1eb725a7a660,RandomForestClassifier,PREPROCESSING,REWEIGHTER,REWEIGHTER_BAL_GAN_FAIR,0.8507472872449328,0.6226468910439247,0.20794376578175117,0.6226468910439247,0.9224903561496367,0.71644240236298,3506.0,0.14925271275506724,-0.11658130554718604,0.38111472693162324,0.28355759763702004,-0.02635743437142707,0.9081651497163962,0.3773531089560753,0.09512774556142511,1.2623541735129806,0.11399276236429433,-0.0964108202254938,0.36372449370735555,0.07750964385036332,-0.0884113812440202,0.21197539928027248,0.07900800992165379,0.3773531089560753,0.07750964385036332,0.9224903561496367,0.6226468910439247,0.8860072376357057,1323.0,864.0,1323.0,864.0,10283.0,11606.0,3047.0,10283.0,2183.0,0.71644240236298,0.09176956340272266,-0.09176956340272266,0.0013463110051498137,9.062766612937508e-07,9.059937969512231e-07,0.0013463110051498137,9.062766612937508e-07,9.059937969512231e-07,0.3975122889211195,0.19761411270788054,0.29835634063213695,-0.09512774556142511,0.09512774556142511,-0.03502669292703334,-0.19083323849692907,0.1162105861452897,0.9224903561496367,0.6226468910439247,-0.09512774556142511,0.23926840919948134,[0.7590391],11147.0,-0.19359515032530977,1.0108897248677533,0.6662597283686861,0.5730774278591293,0.14925271275506724,0.7725686235967807,0.7725686235967807,0.8434669088828997,-620495847.0697641,-0.00671636431740491,0.9048722544385749,0.6437154441577589,0.7122352795505427,37.152010440826416,140.20000000000002,1.0,244280.2407416582,19.607667446136475,1020775.4865404963,88.18366008724843
ab0f8ebb-05c7-40cf-820c-1eb725a7a660,BaggingClassifier,PREPROCESSING,REWEIGHTER,REWEIGHTER_BAL_GAN_FAIR,0.8545690302327168,0.600969766115231,0.1937487203985532,0.600969766115231,0.9343321072934422,0.7421627333568158,3506.0,0.1454309697672832,-0.11389033302033147,0.37984547970584626,0.25783726664318424,-0.0297694805194805,0.8862759689922481,0.399030233884769,0.08470032172220676,1.2194946219957798,0.11841882512273574,-0.10081538206660826,0.35859189992268137,0.06566789270655782,-0.07532219714460889,0.20894176208127038,0.07867935656438454,0.399030233884769,0.06566789270655782,0.9343321072934422,0.600969766115231,0.8815811748772643,1399.0,732.0,1399.0,732.0,10415.0,11814.0,2839.0,10415.0,2107.0,0.7421627333568158,0.08001125943340782,-0.08001125943340782,0.008301070928596601,3.445388928079582e-05,3.4388073602607e-05,0.008301070928596601,3.445388928079582e-05,3.4388073602607e-05,0.3966846519954725,0.18756491187087132,0.30134980943400713,-0.08470032172220676,0.08470032172220676,-0.035522950773563836,-0.17681533171267527,0.11914421020245274,0.9343321072934422,0.600969766115231,-0.08470032172220676,0.23926840919948134,[0.7590391],11147.0,-0.19359515032530977,1.0108897248677533,0.6641449960598896,0.5778332654018377,0.1454309697672832,0.7676509367043365,0.7676509367043366,0.8290716549552859,-1376375106.2332306,-0.009378124577597874,0.9152996782777931,0.6309800104813955,0.7038600603260539,,,,,,,
ab0f8ebb-05c7-40cf-820c-1eb725a7a660,BernoulliNB,PREPROCESSING,REWEIGHTER,REWEIGHTER_BAL_GAN_FAIR,0.8034532177711049,0.7070735881346264,0.2956391182692964,0.7070735881346264,0.8337669328070333,0.5722530009233611,3506.0,0.1965467822288951,-0.08889413065431773,0.6073170344598742,0.427746999076639,0.18376456876456881,1.4717127898279732,0.29292641186537366,0.001410017079080117,1.0048171517742046,0.0995058618350935,-0.09770100644595495,0.2896111365221453,0.1662330671929667,-0.07937550733893216,0.5978386785984096,0.0866411954608859,0.29292641186537366,0.1662330671929667,0.8337669328070333,0.7070735881346264,0.9004941381649065,1027.0,1853.0,1027.0,1853.0,9294.0,10321.0,4332.0,9294.0,2479.0,0.5722530009233611,0.04039276220900611,-0.04039276220900611,0.010784710049550015,5.815498542643254e-05,5.8011037311065e-05,0.010784710049550015,5.815498542643254e-05,5.8011037311065e-05,0.4162720155400454,-0.35582687004425617,0.5192489024093662,-0.0014100170790800615,0.07937550733893216,-0.14073278760526187,-0.16946772462315687,0.11111492201060134,0.8337669328070333,0.7070735881346264,-0.0014100170790800615,0.23926840919948134,[0.7590391],11147.0,-0.19359515032530977,1.0108897248677533,0.632559326358765,0.5056488989191787,0.1965467822288951,0.7704202604708298,0.7704202604708299,0.8015396628530287,-285783918.85517174,0.07796549025985204,0.9985899829209199,0.6677441077441078,0.7506434240550172,30.90151596069336,151.3,1.0,244623.76791307924,19.607667446136475,1022206.8497547506,88.30731396492429
ab0f8ebb-05c7-40cf-820c-1eb725a7a660,BaggingClassifier,PREPROCESSING,REWEIGHTER,HYPERPARAMETER_BAL_GAN_FAIR,0.8695830205418685,0.6260695949800342,0.19074592233672286,0.6260695949800342,0.9461738584372477,0.7853309481216458,3506.0,0.13041697945813147,-0.09833379957750588,0.3982540083679464,0.2146690518783542,-0.027641340409153142,0.8733495645659707,0.3739304050199658,0.1035307522739008,1.2893000832408434,0.11055827289593523,-0.09004154947074515,0.37964770208976245,0.05382614156275231,-0.06260931227678015,0.2012891123109063,0.07072860368037845,0.3739304050199658,0.05382614156275231,0.9461738584372477,0.6260695949800342,0.8894417271040648,1311.0,600.0,1311.0,600.0,10547.0,11858.0,2795.0,10547.0,2195.0,0.7853309481216458,0.0830700322753405,-0.0830700322753405,0.008595337335896068,3.693991195892445e-05,3.6866868742823226e-05,0.008595337335896068,3.693991195892445e-05,3.6866868742823226e-05,0.37610797300875837,0.2101405119084081,0.2946095485093656,-0.10353075227390085,0.10353075227390085,-0.031200104530796018,-0.17627516110073063,0.1093990030032387,0.9461738584372477,0.6260695949800342,-0.10353075227390085,0.23926840919948134,[0.7590391],11147.0,-0.19359515032530977,1.0108897248677533,0.6967148071734646,0.6213970115335112,0.13041697945813147,0.786121726708641,0.7861217267086409,0.851424883918674,-169292134.32893097,-0.04092143999712064,0.8964692477260991,0.6595057462630513,0.7232294339258504,26.130228519439697,161.4,1.0,244888.1566610336,19.607667446136475,1023308.4695378938,88.40248167396804
ab0f8ebb-05c7-40cf-820c-1eb725a7a660,RandomForestClassifier,PREPROCESSING,REWEIGHTER,HYPERPARAMETER_BAL_GAN_FAIR,0.8439227461953184,0.5467769537934969,0.1784617484474169,0.5467769537934969,0.9373822553153315,0.7330783938814531,3506.0,0.15607725380468163,-0.11032373221274305,0.4286639059450712,0.2669216061185469,0.04511788559849517,1.172977385125078,0.4532230462065031,0.1141158100647417,1.2620240538075698,0.13199867087556072,-0.10708563276442763,0.379567426913696,0.06261774468466852,-0.06240072225686907,0.28355509734232015,0.08637486997647062,0.4532230462065031,0.06261774468466852,0.9373822553153315,0.5467769537934969,0.8680013291244393,1589.0,698.0,1589.0,698.0,10449.0,12038.0,2615.0,10449.0,1917.0,0.7330783938814531,0.08825826616080536,-0.08825826616080536,0.01661779798157159,0.0001380756048781624,0.00013755223112379134,0.01661779798157159,0.0001380756048781624,0.00013755223112379134,0.41563173597902897,0.16242134716708212,0.30900283341847795,-0.11411581006474164,0.11411581006474164,-0.07610175918146139,-0.1605418642982131,0.1330459015342021,0.9373822553153315,0.5467769537934969,-0.11411581006474164,0.23926840919948134,[0.7590391],11147.0,-0.19359515032530977,1.0108897248677533,0.6263682404835811,0.5394611045310742,0.15607725380468163,0.7420796045544142,0.7420796045544142,0.8075742638056829,-161956147.76291826,-0.05171508780787262,0.8858841899352583,0.5838726871240386,0.6587297059455584,,,,,,,
ab0f8ebb-05c7-40cf-820c-1eb725a7a660,GradientBoostingClassifier,PREPROCESSING,REWEIGHTER,HYPERPARAMETER_BAL_GAN_FAIR,0.8765440524124752,0.6637193382772391,0.2018016788370982,0.6637193382772391,0.9434825513591101,0.786946229286439,3506.0,0.12345594758752476,-0.08846939307542179,0.42230851040757433,0.21305377071356105,-0.0173926185403947,0.9191993998384181,0.336280661722761,0.13286432061008063,1.4209027996225227,0.10080369357045144,-0.07700538271094184,0.4108882325867733,0.05651744864088992,-0.06515651408166614,0.2061686575733696,0.06586945762923456,0.336280661722761,0.05651744864088992,0.9434825513591101,0.6637193382772391,0.8991963064295485,1179.0,630.0,1179.0,630.0,10517.0,11696.0,2957.0,10517.0,2327.0,0.786946229286439,0.09901041734587336,-0.09901041734587336,0.0021358116777432474,2.2808457613922124e-06,2.2797173548477157e-06,0.0021358116777432474,2.2808457613922124e-06,2.2797173548477157e-06,0.3629585585965278,0.23738770169959333,0.28669990758712316,-0.13286432061008058,0.13286432061008058,-0.029806382085273544,-0.18924138647313693,0.10010989256212922,0.9434825513591101,0.6637193382772391,-0.13286432061008058,0.23926840919948134,[0.7590391],11147.0,-0.19359515032530977,1.0108897248677533,0.7200990252204859,0.6454665322436351,0.12345594758752476,0.8036009448181746,0.8036009448181746,0.88316580974416,-231792333.93141642,-0.06770780652841449,0.8671356793899194,0.6907606679035251,0.7410003840785152,93.72237539291382,171.5,1.0,245835.38391454218,19.607667446136475,1027255.2497608463,88.74343963211754
ab0f8ebb-05c7-40cf-820c-1eb725a7a660,XGBClassifier,PREPROCESSING,REWEIGHTER,REWEIGHTER_DEMV,0.8677403944584726,0.6471762692527097,0.2026888691735481,0.6471762692527097,0.9371131246075177,0.763973063973064,3506.0,0.13225960554152738,-0.09345482169168429,0.42882853484605254,0.23602693602693603,0.006355346780878707,1.0270206766917294,0.35282373074729034,0.13068971680502045,1.3929979098238279,0.10588033895403579,-0.08213838342559562,0.403683675252351,0.06288687539248228,-0.06848808052688779,0.23694365544549686,0.07052602204622821,0.35282373074729034,0.06288687539248228,0.9371131246075177,0.6471762692527097,0.8941196610459642,1237.0,701.0,1237.0,701.0,10446.0,11683.0,2970.0,10446.0,2269.0,0.763973063973064,0.09958889866595415,-0.09958889866595415,0.0031296179707047942,4.897254321279198e-06,4.893707894799419e-06,0.0031296179707047942,4.897254321279198e-06,4.893707894799419e-06,0.37556896050187166,0.20921215576252017,0.29490391563788676,-0.1306897168050205,0.1306897168050205,-0.04424686510323715,-0.1872096731795463,0.10610379410539038,0.9371131246075177,0.6471762692527097,-0.1306897168050205,0.23926840919948134,[0.7590391],11147.0,-0.19359515032530977,1.0108897248677533,0.7007411982705374,0.6200940246488377,0.13225960554152738,0.7921446969301137,0.7921446969301137,0.8710335148814597,-257641467.6408411,-0.06220163627813266,0.8693102831949795,0.672894424673784,0.7277011070316354,,,,,,,
ab0f8ebb-05c7-40cf-820c-1eb725a7a660,GradientBoostingClassifier,PREPROCESSING,REWEIGHTER,REWEIGHTER_DEMV,0.8570941104210742,0.5864232743867656,0.18426260833958916,0.5864232743867656,0.9422266080559792,0.7614814814814815,3506.0,0.1429058895789258,-0.10243781363902915,0.4221700153015135,0.23851851851851852,0.00819660054709484,1.0345166327153152,0.41357672561323444,0.12623004130754262,1.3203885024446798,0.12130845812766669,-0.09617518497547439,0.39163220609344296,0.05777339194402081,-0.06308394825023052,0.23554442674944273,0.0783191785054475,0.41357672561323444,0.05777339194402081,0.9422266080559792,0.5864232743867656,0.8786915418723333,1450.0,644.0,1450.0,644.0,10503.0,11953.0,2700.0,10503.0,2056.0,0.7614814814814815,0.09465699477888656,-0.09465699477888656,0.011082810670413772,6.141434617811867e-05,6.125817792061387e-05,0.011082810670413772,6.141434617811867e-05,6.125817792061387e-05,0.39577563973910146,0.22228000798327985,0.2910382010015363,-0.12623004130754262,0.12623004130754262,-0.0521858927612846,-0.1714149624940821,0.12105064095906116,0.9422266080559792,0.5864232743867656,-0.12623004130754262,0.23926840919948134,[0.7590391],11147.0,-0.19359515032530977,1.0108897248677533,0.6625845955526909,0.5817451276452693,0.1429058895789258,0.7643249412213724,0.7643249412213724,0.8366736431919365,-194317976.64309955,-0.0631460930573121,0.8737699586924573,0.6221818732032077,0.6882375371748258,42.38309574127197,135.9,1.0,271005.82689802645,19.607667446136475,1132132.0955253642,97.80363380788562
ab0f8ebb-05c7-40cf-820c-1eb725a7a660,AdaBoostClassifier,PREPROCESSING,REWEIGHTER,REWEIGHTER_DEMV,0.8529311403808094,0.6081003993154592,0.19879888077526786,0.6081003993154592,0.9299363057324841,0.7318915207689667,3506.0,0.14706885961919058,-0.10656060697972547,0.4171493991266253,0.2681084792310333,-0.02131637392410196,0.9212181072762028,0.39189960068454077,0.16929514040592603,1.4630214274075282,0.11703577512776832,-0.08771986533629333,0.42006072409246514,0.07006369426751592,-0.08368463484526159,0.18668620309641037,0.07897864567419857,0.39189960068454077,0.07006369426751592,0.9299363057324841,0.6081003993154592,0.8829642248722317,1374.0,781.0,1374.0,781.0,10366.0,11740.0,2913.0,10366.0,2132.0,0.7318915207689667,0.12648988762559382,-0.12648988762559382,0.0012067169003869504,7.280828388397446e-07,7.282870786240698e-07,0.0012067169003869504,7.280828388397446e-07,7.282870786240698e-07,0.39743841201926766,0.33870081438532296,0.2590385492340555,-0.16929514040592608,0.16929514040592608,-0.03320174570609566,-0.19604731893725072,0.11831660428436737,0.9299363057324841,0.6081003993154592,-0.16929514040592608,0.23926840919948134,[0.7590391],11147.0,-0.19359515032530977,1.0108897248677533,0.6642779249104221,0.5751651584237233,0.14706885961919058,0.7690183525239717,0.7690183525239717,0.8662913975167481,-146401125.06822842,-0.08561050556066443,0.830704859594074,0.6349489985853622,0.6890759897007617,,,,,,,
ab0f8ebb-05c7-40cf-820c-1eb725a7a660,RandomForestClassifier,PREPROCESSING,REWEIGHTER,REWEIGHTER_DEMV,0.8519074592233672,0.6286366229321164,0.2096499010441548,0.6286366229321164,0.922131515205885,0.7174479166666666,3506.0,0.1480925407766328,-0.11422303333111072,0.38728625205967254,0.2825520833333333,-0.010611172079285691,0.9626357269621969,0.37136337706788364,0.08481078960956429,1.2367667849420636,0.11242552456609965,-0.09628203800467605,0.3574240234579537,0.07786848479411501,-0.08523888198990084,0.23420664907216396,0.07816960158578709,0.37136337706788364,0.07786848479411501,0.922131515205885,0.6286366229321164,0.8875744754339003,1302.0,868.0,1302.0,868.0,10279.0,11581.0,3072.0,10279.0,2204.0,0.7174479166666666,0.08502483579973254,-0.08502483579973254,0.0027754152373915984,3.851464869972731e-06,3.848990499529038e-06,0.0027754152373915984,3.851464869972731e-06,3.848990499529038e-06,0.3953975255000645,0.15618285250117214,0.31099391135792,-0.08481078960956423,0.08523888198990084,-0.04283543296269515,-0.18789145083655737,0.11469244514903261,0.922131515205885,0.6286366229321164,-0.08481078960956423,0.23926840919948134,[0.7590391],11147.0,-0.19359515032530977,1.0108897248677533,0.6701124961994527,0.577258223353318,0.1480925407766328,0.7753840690690007,0.7753840690690007,0.841310972223321,-617922710.3020424,0.00042809238033655883,0.9151892103904359,0.6487122884473879,0.7184422314497172,37.826247453689575,146.20000000000002,1.0,271395.7609021902,19.607667446136475,1133756.820542713,97.94399199688436
ab0f8ebb-05c7-40cf-820c-1eb725a7a660,BaggingClassifier,PREPROCESSING,REWEIGHTER,REWEIGHTER_DEMV,0.8510202688869174,0.5984027381631489,0.1960690643554221,0.5984027381631489,0.9304745671481116,0.7302471284371737,3506.0,0.1489797311130826,-0.11525219631921113,0.3858262816837221,0.2697528715628263,-0.009655727399495884,0.9643801365723954,0.4015972618368511,0.07513429916193354,1.1926820728291316,0.11952461799660441,-0.10322035086481414,0.3514544708000379,0.0695254328518884,-0.07564920985263263,0.23742894711051582,0.08034886477642496,0.4015972618368511,0.0695254328518884,0.9304745671481116,0.5984027381631489,0.8804753820033956,1408.0,775.0,1408.0,775.0,10372.0,11780.0,2873.0,10372.0,2098.0,0.7302471284371737,0.07539175450728305,-0.07539175450728305,0.009427586661510733,4.4439695130147555e-05,4.43433990770487e-05,0.009427586661510733,4.4439695130147555e-05,4.43433990770487e-05,0.4008712131755658,0.14427222257288808,0.3147023978437381,-0.07513429916193348,0.07564920985263263,-0.0467823117326591,-0.17449186069693645,0.12079203201006565,0.9304745671481116,0.5984027381631489,-0.07513429916193348,0.23926840919948134,[0.7590391],11147.0,-0.19359515032530977,1.0108897248677533,0.6577833516225113,0.5683284927000725,0.1489797311130826,0.7644386526556303,0.7644386526556303,0.8220710238925217,-1374146057.2375648,0.0005149106906990886,0.9248657008380666,0.6266895676200434,0.7021467997780023,,,,,,,
ab0f8ebb-05c7-40cf-820c-1eb725a7a660,BernoulliNB,PREPROCESSING,REWEIGHTER,REWEIGHTER_DEMV,0.8034532177711049,0.7070735881346264,0.2956391182692964,0.7070735881346264,0.8337669328070333,0.5722530009233611,3506.0,0.1965467822288951,-0.08889413065431773,0.6073170344598742,0.427746999076639,0.18376456876456881,1.4717127898279732,0.29292641186537366,0.001410017079080117,1.0048171517742046,0.0995058618350935,-0.09770100644595495,0.2896111365221453,0.1662330671929667,-0.07937550733893216,0.5978386785984096,0.0866411954608859,0.29292641186537366,0.1662330671929667,0.8337669328070333,0.7070735881346264,0.9004941381649065,1027.0,1853.0,1027.0,1853.0,9294.0,10321.0,4332.0,9294.0,2479.0,0.5722530009233611,0.04039276220900611,-0.04039276220900611,0.010784710049550015,5.815498542643254e-05,5.8011037311065e-05,0.010784710049550015,5.815498542643254e-05,5.8011037311065e-05,0.4162720155400454,-0.35582687004425617,0.5192489024093662,-0.0014100170790800615,0.07937550733893216,-0.14073278760526187,-0.16946772462315687,0.11111492201060134,0.8337669328070333,0.7070735881346264,-0.0014100170790800615,0.23926840919948134,[0.7590391],11147.0,-0.19359515032530977,1.0108897248677533,0.632559326358765,0.5056488989191787,0.1965467822288951,0.7704202604708298,0.7704202604708299,0.8015396628530287,-285783918.85517174,0.07796549025985204,0.9985899829209199,0.6677441077441078,0.7506434240550172,29.55228328704834,156.60000000000002,1.0,271703.5938642263,19.607667446136475,1135039.45788453,98.05479761169134
ab0f8ebb-05c7-40cf-820c-1eb725a7a660,BaggingClassifier,PREPROCESSING,REWEIGHTER,HYPERPARAMETER_DEMV,0.8682863577424418,0.6383342840844267,0.19791169043881798,0.6383342840844267,0.9406118238090966,0.7717241379310344,3506.0,0.13171364225755822,-0.09538791765827115,0.4173796949053151,0.22827586206896552,-0.019597550306211714,0.9150549867273418,0.3616657159155733,0.13763057552528102,1.4044263538748833,0.10788734791117162,-0.08302274091511841,0.4073098773559603,0.059388176190903384,-0.06912786011215317,0.20090081160456383,0.07073106466317058,0.3616657159155733,0.059388176190903384,0.9406118238090966,0.6383342840844267,0.8921126520888284,1268.0,662.0,1268.0,662.0,10485.0,11753.0,2900.0,10485.0,2238.0,0.7717241379310344,0.10337921781871709,-0.10337921781871709,0.0029174651868087223,4.255801558120427e-06,4.2529279194689e-06,0.0029174651868087223,4.255801558120427e-06,4.2529279194689e-06,0.37611451623985637,0.25870339123841113,0.28063972174314084,-0.13763057552528102,0.13763057552528102,-0.03171259530445336,-0.18767205287309185,0.10756883105096576,0.9406118238090966,0.6383342840844267,-0.13763057552528102,0.23926840919948134,[0.7590391],11147.0,-0.19359515032530977,1.0108897248677533,0.6987199500468311,0.6199400986051231,0.13171364225755822,0.7894730539467616,0.7894730539467616,0.8710881607527318,-167034543.54919857,-0.06850271541312784,0.862369424474719,0.6671635117007005,0.7216114960388473,26.87716507911682,166.8,1.0,271978.21909248823,19.607667446136475,1136183.7296689546,98.1536499797347
ab0f8ebb-05c7-40cf-820c-1eb725a7a660,RandomForestClassifier,PREPROCESSING,REWEIGHTER,HYPERPARAMETER_DEMV,0.8448099365317683,0.5573302909298345,0.1826247184876817,0.5573302909298345,0.9352292096528214,0.7301943198804185,3506.0,0.15519006346823172,-0.1080702187119662,0.4355302310194727,0.26980568011958145,0.0352106227106227,1.1326777087646653,0.44266970907016545,0.14836581999443937,1.3535475131323649,0.12958169825498872,-0.1006112969965889,0.40135064152311223,0.06477079034717861,-0.06857777524818634,0.25193905067437317,0.0853904639881584,0.44266970907016545,0.06477079034717861,0.9352292096528214,0.5573302909298345,0.8704183017450112,1552.0,722.0,1552.0,722.0,10425.0,11977.0,2676.0,10425.0,1954.0,0.7301943198804185,0.10847179762131283,-0.10847179762131283,0.010803832699550863,5.836140049994224e-05,5.8216688251776297e-05,0.010803832699550863,5.836140049994224e-05,5.8216688251776297e-05,0.4132564917533865,0.2456008685849711,0.2843176212303729,-0.14836581999443932,0.14836581999443932,-0.06791095985360585,-0.1720107607149679,0.13071985379528128,0.9352292096528214,0.5573302909298345,-0.14836581999443932,0.23926840919948134,[0.7590391],11147.0,-0.19359515032530977,1.0108897248677533,0.6321578777094792,0.5439094161268597,0.15519006346823172,0.746279750291328,0.746279750291328,0.8272300563338127,-163148448.27688366,-0.07978804474625303,0.8516341800055607,0.5923904805214492,0.6592878334721705,,,,,,,
ab0f8ebb-05c7-40cf-820c-1eb725a7a660,GradientBoostingClassifier,PREPROCESSING,REWEIGHTER,HYPERPARAMETER_DEMV,0.8765440524124752,0.6640045636052482,0.2019381696580905,0.6640045636052482,0.9433928411231721,0.786752281176073,3506.0,0.12345594758752476,-0.08846939307542179,0.42230851040757433,0.213247718823927,-0.01761292524746841,0.9182595839053755,0.3359954363947519,0.13320193033324068,1.4224241088298275,0.10073541987343937,-0.07690210048064466,0.4112131471765632,0.056607158876827844,-0.06530413734709278,0.20579851635690039,0.06585628864310245,0.3359954363947519,0.056607158876827844,0.9433928411231721,0.6640045636052482,0.8992645801265606,1178.0,631.0,1178.0,631.0,10516.0,11694.0,2959.0,10516.0,2328.0,0.786752281176073,0.09925303384016668,-0.09925303384016668,0.0020347493696719807,2.0701024986902614e-06,2.069126708883437e-06,0.0020347493696719807,2.0701024986902614e-06,2.069126708883437e-06,0.3629222744420696,0.23816154580863014,0.28647808947680425,-0.13320193033324057,0.13320193033324057,-0.02964458761658814,-0.1894468096448707,0.1000575960977931,0.9433928411231721,0.6640045636052482,-0.13320193033324057,0.23926840919948134,[0.7590391],11147.0,-0.19359515032530977,1.0108897248677533,0.720185614849188,0.6455113176042356,0.12345594758752476,0.80369870236421,0.8036987023642101,0.8834682368672632,-231795822.42711553,-0.0678977929861479,0.8667980696667594,0.690954960302738,0.7410671929004983,95.03852915763855,176.5,1.0,272900.54752669326,19.607667446136475,1140026.7648114758,98.48564551565804
ab0f8ebb-05c7-40cf-820c-1eb725a7a660,XGBClassifier,PREPROCESSING,DIR,DIR,0.8624854978502696,0.6602966343411295,0.21422234354739644,0.6602966343411295,0.9260787655871535,0.7374960178400765,3506.0,0.13751450214973038,-0.10473057771329453,0.3934224243803476,0.26250398215992354,-0.0393654402451212,0.8527539986483442,0.3397033656588705,0.13316469396671565,1.417390289449113,0.1034392912975508,-0.0810360046767423,0.4011910892511202,0.07392123441284651,-0.08852723833227638,0.18521261893635846,0.07200532945801963,0.3397033656588705,0.07392123441284651,0.9260787655871535,0.6602966343411295,0.8965607087024492,1191.0,824.0,1191.0,824.0,10323.0,11514.0,3139.0,10323.0,2315.0,0.7374960178400765,0.11084596614949599,-0.11084596614949599,0.005166061195833664,1.3344094139549175e-05,1.3360187174809312e-05,0.005166061195833664,1.3344094139549175e-05,1.3360187174809312e-05,0.3794873633153537,0.2695753976046882,0.2776268402004328,-0.1331646939667156,0.1331646939667156,-0.020835282215810588,-0.2042618435628809,0.10532491547531166,0.9260787655871535,0.6602966343411295,-0.1331646939667156,0.23926840919948134,[0.7590391],11147.0,-0.19359515032530977,1.0108897248677533,0.6967644845748683,0.6097501673665957,0.13751450214973038,0.7931876999641415,0.7931876999641415,0.8811093569045632,-266710098.33617425,-0.04463745563443927,0.8668353060332845,0.6780405652778795,0.7311192647282169,,,,,,,
ab0f8ebb-05c7-40cf-820c-1eb725a7a660,GradientBoostingClassifier,PREPROCESSING,DIR,DIR,0.8655565413225961,0.6243582430119795,0.19395345663004163,0.6243582430119795,0.9414192159325379,0.7702322308233638,3506.0,0.13444345867740393,-0.09980246872111564,0.4057022413034972,0.22976776917663616,-0.0579309923290853,0.7549372979961215,0.37564175698802055,0.15807706438416014,1.4502156391402714,0.11150622301244602,-0.08374197517874096,0.41871796267756634,0.058580784067462095,-0.07457263689180008,0.15099992889906935,0.07262815144202983,0.37564175698802055,0.058580784067462095,0.9414192159325379,0.6243582430119795,0.8884937769875539,1317.0,653.0,1317.0,653.0,10494.0,11811.0,2842.0,10494.0,2189.0,0.7702322308233638,0.11632485063798013,-0.11632485063798013,0.0005773472645474092,1.6666493194018807e-07,1.6664260602773148e-07,0.0005773472645474092,1.6666493194018807e-07,1.6664260602773148e-07,0.38112504888036375,0.35173831987372184,0.2556704302950633,-0.1580770643841602,0.1580770643841602,-0.012905491424827845,-0.19242784787873107,0.1110853608139135,0.9414192159325379,0.6243582430119795,-0.1580770643841602,0.23926840919948134,[0.7590391],11147.0,-0.19359515032530977,1.0108897248677533,0.6896660365469439,0.6104853207407426,0.13444345867740393,0.7828887294722586,0.7828887294722586,0.8739581439942772,-195511941.85349095,-0.08350442749236006,0.8419229356158398,0.6553892215568862,0.7076508287925564,30.597689867019653,129.2,1.0,246479.10041513445,19.607667446136475,1029937.4018466474,88.97514777064093
ab0f8ebb-05c7-40cf-820c-1eb725a7a660,AdaBoostClassifier,PREPROCESSING,DIR,DIR,0.8622807616187811,0.6289218482601255,0.19941308946973316,0.6289218482601255,0.935677760832511,0.7546201232032854,3506.0,0.1377192383812189,-0.0998352227920205,0.4169191787023927,0.24537987679671458,-0.03969322741049275,0.8411657407020623,0.3710781517398745,0.17218220002383133,1.50000360438293,0.11090273633961299,-0.08141704949000436,0.4295219091126852,0.06432223916748901,-0.07950493510011342,0.16759438892091455,0.07383342500992017,0.3710781517398745,0.06432223916748901,0.935677760832511,0.6289218482601255,0.889097263660387,1301.0,717.0,1301.0,717.0,10430.0,11731.0,2922.0,10430.0,2205.0,0.7546201232032854,0.12584356756197235,-0.12584356756197235,0.0022626749024351176,2.559848857054884e-06,2.5611968258159426e-06,0.0022626749024351176,2.559848857054884e-06,2.5611968258159426e-06,0.38427444622280094,0.35565637743789624,0.2546786505351523,-0.17218220002383128,0.17218220002383128,-0.020861911039755807,-0.19819607372272913,0.111321169812021,0.935677760832511,0.6289218482601255,-0.17218220002383128,0.23926840919948134,[0.7590391],11147.0,-0.19359515032530977,1.0108897248677533,0.6860609831985065,0.602861994978422,0.1377192383812189,0.7822998045463182,0.7822998045463183,0.8807472028534606,-145714048.45449057,-0.09267726492371792,0.8278177999761687,0.65625,0.704951098677496,,,,,,,
ab0f8ebb-05c7-40cf-820c-1eb725a7a660,RandomForestClassifier,PREPROCESSING,DIR,DIR,0.8496553606769944,0.643468339988591,0.21899952228212652,0.643468339988591,0.9145061451511618,0.7030227485197881,3506.0,0.15034463932300557,-0.11975512906190178,0.3714631069829243,0.2969772514802119,-0.05070972792266781,0.8327708503558446,0.356531660011409,0.1175974103348294,1.3476282728660327,0.10922754281719678,-0.08987982095079877,0.37900399157447107,0.08549385484883826,-0.10305504879332075,0.1816003510832887,0.07810085455069561,0.356531660011409,0.08549385484883826,0.9145061451511618,0.643468339988591,0.8907724571828032,1250.0,953.0,1250.0,953.0,10194.0,11444.0,3209.0,10194.0,2256.0,0.7030227485197881,0.11032622956407508,-0.11032622956407508,0.007130834214640485,2.542439829834369e-05,2.5466810611350965e-05,0.007130834214640485,2.542439829834369e-05,2.5466810611350965e-05,0.39522361910871573,0.26558765472805934,0.2787441814967421,-0.1175974103348294,0.1175974103348294,-0.019585046514065424,-0.20839077829187186,0.11250404373297199,0.9145061451511618,0.643468339988591,-0.1175974103348294,0.23926840919948134,[0.7590391],11147.0,-0.19359515032530977,1.0108897248677533,0.6719285182427401,0.5756062666270729,0.15034463932300557,0.7789872425698764,0.7789872425698764,0.8649299679211263,-559750860.7041525,-0.014542361541508647,0.8824025896651706,0.657390544182997,0.7184594287455953,30.263068914413452,139.5,1.0,246791.29283990862,19.607667446136475,1031238.2036165398,89.08752259020663
ab0f8ebb-05c7-40cf-820c-1eb725a7a660,BaggingClassifier,PREPROCESSING,DIR,DIR,0.8330034805159353,0.5812892184826013,0.20589640346686686,0.5812892184826013,0.9121736790167758,0.6755054690089493,3506.0,0.1669965194840647,-0.13563412716834877,0.36175260410292714,0.3244945309910507,-0.04531857112191623,0.862792680527317,0.41871078151739877,0.08751539103149703,1.2160171568627451,0.12616019250601582,-0.10974705333544768,0.3502059883763702,0.08782632098322418,-0.10313026137858726,0.19608240439752567,0.08876723656180414,0.41871078151739877,0.08782632098322418,0.9121736790167758,0.5812892184826013,0.8738398074939842,1468.0,979.0,1468.0,979.0,10168.0,11636.0,3017.0,10168.0,2038.0,0.6755054690089493,0.09532282620504218,-0.09532282620504218,0.0009106015602342635,4.145976007505376e-07,4.1451003614534534e-07,0.0009106015602342635,4.145976007505376e-07,4.1451003614534534e-07,0.42134839874337754,0.2242565936959855,0.29050045270687636,-0.08751539103149708,0.10313026137858726,-0.0322142411067657,-0.19173103008712084,0.1297606899747405,0.9121736790167758,0.5812892184826013,-0.08751539103149708,0.23926840919948134,[0.7590391],11147.0,-0.19359515032530977,1.0108897248677533,0.6248658592672084,0.5206548874933702,0.1669965194840647,0.7467314487496886,0.7467314487496886,0.8179120008606944,-1224415683.0273015,0.015614870347090234,0.9124846089685029,0.6022903583302549,0.6792607030744315,,,,,,,
ab0f8ebb-05c7-40cf-820c-1eb725a7a660,BernoulliNB,PREPROCESSING,DIR,DIR,0.8060465433699584,0.735596120935539,0.3066948747696717,0.735596120935539,0.8282048981788822,0.5738762794837561,3506.0,0.1939534566300416,-0.15018775519139493,0.38536024189011314,0.42612372051624386,-0.02036856548202537,0.9524225040152,0.26440387906446094,0.30497577153751443,2.4048806147653465,0.09124913869475341,-0.04976312837373728,0.5603354085673383,0.1717951018211178,-0.21534099083871555,0.15972357607058815,0.08311710175700358,0.26440387906446094,0.1717951018211178,0.8282048981788822,0.735596120935539,0.9087508613052466,927.0,1915.0,927.0,1915.0,9232.0,10159.0,4494.0,9232.0,2579.0,0.5738762794837561,0.26015838118811496,-0.26015838118811496,0.05910737099882473,0.0017468406531963533,0.0017723889425361077,0.05910737099882473,0.0017468406531963533,0.0017723889425361077,0.4077182894033663,0.528270703314796,0.21436506927449422,-0.3049757715375144,0.3049757715375144,-0.014697281445856011,-0.3272133981195487,0.10447985389931141,0.8282048981788822,0.735596120935539,-0.3049757715375144,0.23926840919948134,[0.7590391],11147.0,-0.19359515032530977,1.0108897248677533,0.64475,0.5216374927371681,0.1939534566300416,0.7819005095572106,0.7819005095572107,0.9853184803737768,-329977952.5485144,-0.08963478069879888,0.6950242284624857,0.6871835864641619,0.689777403801872,25.13435935974121,149.9,1.0,247053.34023923875,19.607667446136475,1032330.0677804152,89.18184752214142
ab0f8ebb-05c7-40cf-820c-1eb725a7a660,BaggingClassifier,PREPROCESSING,DIR,HYPERPARAMETER,0.8620760253872927,0.5636052481460354,0.16836142769398757,0.5636052481460354,0.955952274154481,0.8009728415079044,3506.0,0.13792397461270733,-0.10565293485666505,0.390617906537624,0.19902715849209565,-0.027229763700351933,0.8656079404466501,0.43639475185396465,0.0839903483337967,1.1983886856177877,0.1255539143279173,-0.10502583646175828,0.36398229498357865,0.04404772584551898,-0.051033967124268415,0.20344678963181062,0.07697755115117645,0.43639475185396465,0.04404772584551898,0.955952274154481,0.5636052481460354,0.8744460856720827,1530.0,491.0,1530.0,491.0,10656.0,12186.0,2467.0,10656.0,1976.0,0.8009728415079044,0.06751215772903256,-0.06751215772903256,0.02016841140894753,0.00020338240938028244,0.00020245028886571516,0.02016841140894753,0.00020338240938028244,0.00020245028886571516,0.3923711282731604,0.19044534575293937,0.3004306596884568,-0.0839903483337967,0.0839903483337967,-0.03889803638070319,-0.15391100317864886,0.12354425304292893,0.955952274154481,0.5636052481460354,-0.0839903483337967,0.23926840919948134,[0.7590391],11147.0,-0.19359515032530977,1.0108897248677533,0.6616440649589821,0.5923841526581438,0.13792397461270733,0.7597787611502582,0.7597787611502582,0.8110730647122034,-172310374.38717613,-0.03295638120952829,0.9160096516662033,0.608702348864074,0.6853430739014413,29.59739065170288,129.4,1.0,246474.52295801643,19.607667446136475,1029918.3291086556,88.97350009799774
ab0f8ebb-05c7-40cf-820c-1eb725a7a660,RandomForestClassifier,PREPROCESSING,DIR,HYPERPARAMETER,0.8579130553470279,0.551625784369652,0.16679178325257626,0.551625784369652,0.9542477796716605,0.7913256955810147,3506.0,0.1420869446529721,-0.1091635529410232,0.3891860049231025,0.20867430441898527,-0.06729926819212534,0.6892993100166548,0.44837421563034796,0.11985517535846213,1.2788774779354004,0.12875747399459414,-0.10334916788788816,0.38461375287494715,0.04575222032833946,-0.05910699840953063,0.14263210444076976,0.0795269937629036,0.44837421563034796,0.04575222032833946,0.9542477796716605,0.551625784369652,0.8712425260054059,1572.0,510.0,1572.0,510.0,10637.0,12209.0,2444.0,10637.0,1934.0,0.7913256955810147,0.08948108688399635,-0.08948108688399635,0.01563969066632538,0.00012229996206917265,0.00012186321845209992,0.01563969066632538,0.00012229996206917265,0.00012186321845209992,0.3988157312917925,0.3176258870693718,0.2644990327375057,-0.11985517535846207,0.11985517535846207,-0.018024949847881437,-0.1628738789459673,0.12725774753163255,0.9542477796716605,0.551625784369652,-0.11985517535846207,0.23926840919948134,[0.7590391],11147.0,-0.19359515032530977,1.0108897248677533,0.6500840336134454,0.5789436480992227,0.1420869446529721,0.7529367820206563,0.7529367820206563,0.8203103836308032,-172298730.65309864,-0.0607481769489315,0.880144824641538,0.5968214781669495,0.6685590625654839,,,,,,,
ab0f8ebb-05c7-40cf-820c-1eb725a7a660,GradientBoostingClassifier,PREPROCESSING,DIR,HYPERPARAMETER,0.8655565413225961,0.6617227609811751,0.2118337541800314,0.6617227609811751,0.9296671750246703,0.7474226804123711,3506.0,0.13444345867740393,-0.10500595839999038,0.38115132507124294,0.25257731958762886,-0.06042927559742933,0.7674879212555893,0.3382772390188249,0.12832520753068277,1.4030745118832262,0.10269287384189107,-0.08104806008975553,0.39768313350052303,0.07033282497532968,-0.08751419772578478,0.16386294020526648,0.07066981269150385,0.3382772390188249,0.07033282497532968,0.9296671750246703,0.6617227609811751,0.8973071261581089,1186.0,784.0,1186.0,784.0,10363.0,11549.0,3104.0,10363.0,2320.0,0.7474226804123711,0.10791970262823378,-0.10791970262823378,0.004919474218677428,1.2100613294115944e-05,1.211450645361514e-05,0.004919474218677428,1.2100613294115944e-05,1.211450645361514e-05,0.3759516263869698,0.28666839631596686,0.27291275644913776,-0.12832520753068277,0.12832520753068277,-0.010309392246163125,-0.20372781433923093,0.10408317183913726,0.9296671750246703,0.6617227609811751,-0.12832520753068277,0.23926840919948134,[0.7590391],11147.0,-0.19359515032530977,1.0108897248677533,0.7019667170953101,0.617484185262082,0.13444345867740393,0.7956949680029227,0.7956949680029227,0.8815661323325801,-231119364.80356318,-0.04081100980489799,0.8716747924693172,0.6812509176332403,0.7347551709457957,53.96246314048767,140.20000000000002,1.0,247057.82380220894,19.607667446136475,1032348.749292791,89.18346139723833
ab0f8ebb-05c7-40cf-820c-1eb725a7a660,XGBClassifier,PREPROCESSING,DIR,DIR_SMOTE,0.8643963693441616,0.7150598973188819,0.23851770968402375,0.7150598973188819,0.9113662868933345,0.717310443490701,3506.0,0.13560363065583836,-0.09848768939916175,0.4160315810047268,0.282689556509299,-0.014246752639446802,0.9499155492744132,0.2849401026811181,0.1588205505024427,1.6101510643167773,0.08953217422477146,-0.06467546715562034,0.4401503660225549,0.08863371310666547,-0.10182477614634884,0.20808147690543394,0.06790344545326671,0.2849401026811181,0.08863371310666547,0.9113662868933345,0.7150598973188819,0.9104678257752286,999.0,988.0,999.0,988.0,10159.0,11158.0,3495.0,10159.0,2507.0,0.717310443490701,0.13032266332439577,-0.13032266332439577,0.01552105154086373,0.00012045152046707417,0.00012089282088670744,0.01552105154086373,0.00012045152046707417,0.00012089282088670744,0.3685198650093824,0.26117421556201426,0.28000324657770986,-0.1588205505024427,0.1588205505024427,-0.02521435725808674,-0.2264410496075444,0.09429413324037388,0.9113662868933345,0.7150598973188819,-0.1588205505024427,0.23926840919948134,[0.7590391],11147.0,-0.19359515032530977,1.0108897248677533,0.7161834023710898,0.6271018623378547,0.13560363065583836,0.8132130921061083,0.8132130921061083,0.9191931881196436,-266493645.32423475,-0.05699577435609386,0.8411794494975573,0.7156212088774709,0.7530911360224415,,,,,,,
ab0f8ebb-05c7-40cf-820c-1eb725a7a660,GradientBoostingClassifier,PREPROCESSING,DIR,DIR_SMOTE,0.8491776428035215,0.7193382772390188,0.2557837985395482,0.7193382772390188,0.8900152507401095,0.6728922091782283,3506.0,0.15082235719647852,-0.11159756894606587,0.40724826445232004,0.3271077908217716,-0.015792109637985108,0.9519983849769901,0.28066172276098117,0.18346730150534218,1.727483463264824,0.09023383768913343,-0.06306378185572817,0.45673971051993206,0.10998474925989056,-0.12830423099148755,0.19969349840116335,0.07284868083522099,0.28066172276098117,0.10998474925989056,0.8900152507401095,0.7193382772390188,0.9097661623108666,984.0,1226.0,984.0,1226.0,9921.0,10905.0,3748.0,9921.0,2522.0,0.6728922091782283,0.15588576624841488,-0.15588576624841488,0.025337770039888467,0.0003210012952971348,0.0003229415303143257,0.025337770039888467,0.0003210012952971348,0.0003229415303143257,0.3817032376997109,0.3045348088493445,0.2681281154471097,-0.18346730150534218,0.18346730150534218,-0.023635836108871502,-0.24814185403749908,0.09772470197456223,0.8900152507401095,0.7193382772390188,-0.18346730150534218,0.23926840919948134,[0.7590391],11147.0,-0.19359515032530977,1.0108897248677533,0.6953405017921147,0.5958564712021289,0.15082235719647852,0.8046767639895641,0.8046767639895641,0.9301144179263723,-190075468.94922706,-0.055163070513854634,0.8165326984946577,0.7071358474695079,0.7401921648026157,34.856274366378784,129.5,1.0,248512.53548731803,19.607667446136475,1038410.0479807457,89.70709025611441
ab0f8ebb-05c7-40cf-820c-1eb725a7a660,AdaBoostClassifier,PREPROCESSING,DIR,DIR_SMOTE,0.8482222070565755,0.6836851112378779,0.2396778816624582,0.6836851112378779,0.8999730869292186,0.6825170842824602,3506.0,0.15177779294342453,-0.10997465486651126,0.41714031585174,0.31748291571753984,-0.006504650883493501,0.9795615284422209,0.3163148887621221,0.18478298645589225,1.6424028238055783,0.09954223139754062,-0.07118282052569058,0.4451583202921231,0.10002691307078138,-0.11568104084495735,0.2044432784936638,0.0758267020312944,0.3163148887621221,0.10002691307078138,0.8999730869292186,0.6836851112378779,0.9004577686024594,1109.0,1115.0,1109.0,1115.0,10032.0,11141.0,3512.0,10032.0,2397.0,0.6825170842824602,0.15023201365042482,-0.15023201365042482,0.018638740346147868,0.0001737013208455602,0.00017446810438297673,0.018638740346147868,0.0001737013208455602,0.00017446810438297673,0.389427020200947,0.30949933559800513,0.266781529775534,-0.1847829864558923,0.1847829864558923,-0.032339084821098485,-0.23308454861798708,0.10503560845889369,0.8999730869292186,0.6836851112378779,-0.1847829864558923,0.23926840919948134,[0.7590391],11147.0,-0.19359515032530977,1.0108897248677533,0.6831005984611,0.5833164254600931,0.15177779294342453,0.7918290990835483,0.7918290990835483,0.9107871791058714,-146895363.62592453,-0.0691019456109349,0.8152170135441077,0.6833927298645759,0.7223272597793562,,,,,,,
ab0f8ebb-05c7-40cf-820c-1eb725a7a660,RandomForestClassifier,PREPROCESSING,DIR,DIR_SMOTE,0.8482222070565755,0.6882487164860239,0.2418617347983348,0.6882487164860239,0.8985377231542119,0.6808690744920993,3506.0,0.15177779294342453,-0.115178144545386,0.39515943080157595,0.3191309255079007,-0.0265473533955497,0.9176371662812697,0.311751283513976,0.16189875680184296,1.5648340608328137,0.09838869385183185,-0.0739556073969234,0.42351212043246284,0.10146227684578811,-0.11954821001811382,0.1942093784450717,0.07549346779864229,0.311751283513976,0.10146227684578811,0.8985377231542119,0.6882487164860239,0.9016113061481682,1093.0,1131.0,1093.0,1131.0,10016.0,11109.0,3544.0,10016.0,2413.0,0.6808690744920993,0.1407234834099784,-0.1407234834099784,0.018848686535588074,0.00017763649205842957,0.00017842965831863262,0.018848686535588074,0.00017763649205842957,0.00017842965831863262,0.38857037406020106,0.2955741859640717,0.2705290112206437,-0.16189875680184296,0.16189875680184296,-0.023704127000686907,-0.2336165307122055,0.10413516382675639,0.8985377231542119,0.6882487164860239,-0.16189875680184296,0.23926840919948134,[0.7590391],11147.0,-0.19359515032530977,1.0108897248677533,0.6845390070921986,0.5846294456458655,0.15177779294342453,0.7933932198201179,0.7933932198201179,0.9050422774270634,-536312158.5953307,-0.04235054678372914,0.8381012431981569,0.6863888493813113,0.7304649000515617,31.888513803482056,139.9,1.0,248844.663682127,19.607667446136475,1039793.9154591163,89.82664102994032
ab0f8ebb-05c7-40cf-820c-1eb725a7a660,BaggingClassifier,PREPROCESSING,DIR,DIR_SMOTE,0.8348461065993312,0.6280661722760981,0.22643827202620623,0.6280661722760981,0.8998833766932807,0.6636528028933092,3506.0,0.16515389340066877,-0.12612698653022258,0.39209290056522433,0.33634719710669075,-0.01658432830242529,0.9509870865382685,0.3719338277239019,0.14723507566429678,1.4217701103652292,0.11504190560211734,-0.09174128903354414,0.3947204315407756,0.10011662330671929,-0.11582866411038399,0.20423593236943088,0.08465292279097475,0.3719338277239019,0.10011662330671929,0.8998833766932807,0.6280661722760981,0.8849580943978826,1304.0,1116.0,1304.0,1116.0,10031.0,11335.0,3318.0,10031.0,2202.0,0.6636528028933092,0.13153186988734042,-0.13153186988734042,0.011260932097342058,6.340429585047429e-05,6.357206506622061e-05,0.011260932097342058,6.340429585047429e-05,6.357206506622061e-05,0.41146791561669727,0.28088097791668654,0.2745188523449453,-0.14723507566429683,0.14723507566429683,-0.03757848036555937,-0.2171376401260096,0.11986818409365892,0.8998833766932807,0.6280661722760981,-0.14723507566429683,0.23926840919948134,[0.7590391],11147.0,-0.19359515032530977,1.0108897248677533,0.645369284876905,0.5381810808497182,0.16515389340066877,0.7639747744846894,0.7639747744846894,0.8644618051194198,-1250118005.8788233,-0.031406411553912786,0.8527649243357031,0.6366001734605378,0.6953546049407863,,,,,,,
ab0f8ebb-05c7-40cf-820c-1eb725a7a660,BernoulliNB,PREPROCESSING,DIR,DIR_SMOTE,0.7861871289155804,0.7766685681688534,0.3462089674469392,0.7766685681688534,0.7891809455458868,0.5367632564557461,3506.0,0.2138128710844196,-0.18038291430682785,0.3424904329122892,0.46323674354425387,-0.06731440263622995,0.8563979967581663,0.2233314318311466,0.3775258668626127,3.291458232883317,0.08173277661795407,-0.030540914996072505,0.6821366654404667,0.21081905445411322,-0.28407270207829116,0.11850275589631498,0.08258129206760927,0.2233314318311466,0.21081905445411322,0.7891809455458868,0.7766685681688534,0.9182672233820459,783.0,2350.0,783.0,2350.0,8797.0,9580.0,5073.0,8797.0,2723.0,0.5367632564557461,0.3307992844704519,-0.3307992844704519,0.08536856499440748,0.0036438959446021867,0.0037231195184994747,0.08536856499440748,0.0036438959446021867,0.0037231195184994747,0.4064019981929451,0.7204267977984748,0.1768754059496292,-0.37752586686261275,0.37752586686261275,0.018386743820078752,-0.3937234217843649,0.09925033673260049,0.7891809455458868,0.7766685681688534,-0.37752586686261275,0.23926840919948134,[0.7590391],11147.0,-0.19359515032530977,1.0108897248677533,0.6348059214360648,0.5074236649404514,0.2138128710844196,0.7829247568573701,0.7829247568573701,1.0419157062199906,-359846745.7376682,-0.09345316478432153,0.6224741331373873,0.6986081713809249,0.6712419162999467,25.75861668586731,150.9,1.0,249128.5240723133,19.607667446136475,1040976.6670848926,89.92881762872267
ab0f8ebb-05c7-40cf-820c-1eb725a7a660,BaggingClassifier,PREPROCESSING,DIR,HYPERPARAMETER_SMOTE,0.8400327577970381,0.7441528807758129,0.2768033849723606,0.7441528807758129,0.870189288597829,0.6432445759368837,3506.0,0.15996724220296188,-0.12383048331138313,0.3855180501938705,0.3567554240631164,-0.05337253761117111,0.8526982852554913,0.2558471192241871,0.24330117766215198,2.115569796029867,0.08464659809380014,-0.04996756276473757,0.5278606762910865,0.129810711402171,-0.16431566573501633,0.15419884522112412,0.07364676572085072,0.2558471192241871,0.129810711402171,0.870189288597829,0.7441528807758129,0.9153534019061998,897.0,1447.0,897.0,1447.0,9700.0,10597.0,4056.0,9700.0,2609.0,0.6432445759368837,0.20380842169858415,-0.20380842169858415,0.04242569678660755,0.000899969873914581,0.0009092477242833438,0.04242569678660755,0.000899969873914581,0.0009092477242833438,0.3837883940945862,0.45284354662266435,0.23115344677595215,-0.24330117766215198,0.24330117766215198,0.0017024874232167697,-0.2868170379323893,0.09509784901120352,0.870189288597829,0.7441528807758129,-0.24330117766215198,0.23926840919948134,[0.7590391],11147.0,-0.19359515032530977,1.0108897248677533,0.690029092832584,0.5858073860202254,0.15996724220296188,0.807171084686821,0.807171084686821,0.9716793494975761,-168073537.5442272,-0.07898551192713565,0.756698822337848,0.7160697131878688,0.729119141533832,37.08916473388672,129.5,1.0,248536.7975627184,19.607667446136475,1038511.1399615804,89.71582348001431
ab0f8ebb-05c7-40cf-820c-1eb725a7a660,RandomForestClassifier,PREPROCESSING,DIR,HYPERPARAMETER_SMOTE,0.8310926090220433,0.7709640616086708,0.2985736709206306,0.7709640616086708,0.8500044855117969,0.6178285714285714,3506.0,0.1689073909779567,-0.13636743817543784,0.36474957986791245,0.38217142857142855,-0.04613746178268141,0.8809217009019935,0.22903593839132916,0.19453022599992056,1.9782657545191251,0.07812804047480054,-0.05201750775073057,0.48229774119731306,0.1499955144882031,-0.18247893119270484,0.1764741639577731,0.07369494849851789,0.22903593839132916,0.1499955144882031,0.8500044855117969,0.7709640616086708,0.9218719595251994,803.0,1672.0,803.0,1672.0,9475.0,10278.0,4375.0,9475.0,2703.0,0.6178285714285714,0.18850457859631276,-0.18850457859631276,0.0456530267021121,0.00104209942353188,0.001053700238926148,0.0456530267021121,0.00104209942353188,0.001053700238926148,0.3839139187331397,0.3506474507316433,0.2560698614029545,-0.19453022599992065,0.19453022599992065,-0.002940022984024581,-0.29601328645490493,0.09171568374619689,0.8500044855117969,0.7709640616086708,-0.19453022599992065,0.23926840919948134,[0.7590391],11147.0,-0.19359515032530977,1.0108897248677533,0.6859535591929958,0.5789102301622491,0.1689073909779567,0.8104842735602339,0.8104842735602338,0.9632642700066443,-183040904.7421502,-0.012051294807215729,0.8054697740000792,0.7259786476868327,0.750673076653367,,,,,,,
ab0f8ebb-05c7-40cf-820c-1eb725a7a660,GradientBoostingClassifier,PREPROCESSING,DIR,HYPERPARAMETER_SMOTE,0.8577765645260357,0.724187107815174,0.24950522077390294,0.724187107815174,0.8997936664573428,0.6944748358862144,3506.0,0.14222343547396432,-0.1066141874592349,0.4010411257339232,0.30552516411378555,-0.03687002749103352,0.8809919492272434,0.275812892184826,0.1848549767645073,1.7480060671809707,0.08793307265617896,-0.060213596911205376,0.4649051258095752,0.10020633354265722,-0.12124447661796686,0.1795104049849076,0.06962651816357023,0.275812892184826,0.10020633354265722,0.8997936664573428,0.724187107815174,0.912066927343821,967.0,1117.0,967.0,1117.0,10030.0,10997.0,3656.0,10030.0,2539.0,0.6944748358862144,0.15304972669123712,-0.15304972669123712,0.02422599500961777,0.0002934494171030125,0.00029514326607520494,0.02422599500961777,0.0002934494171030125,0.00029514326607520494,0.3731662314936072,0.33351591361914945,0.2604547780371751,-0.18485497676450735,0.18485497676450735,-0.011671784710085929,-0.24542631595746583,0.09442178254294269,0.8997936664573428,0.724187107815174,-0.18485497676450735,0.23926840919948134,[0.7590391],11147.0,-0.19359515032530977,1.0108897248677533,0.7090198268640044,0.615199479070728,0.14222343547396432,0.8119903871362585,0.8119903871362584,0.9362652939633745,-223105895.34054112,-0.06361050014654043,0.8151450232354926,0.7165232115140397,0.7466341788096061,76.31995010375977,139.5,1.0,249300.46581614017,19.607667446136475,1041693.0910175046,89.99070869623442
ab0f8ebb-05c7-40cf-820c-1eb725a7a660,XGBClassifier,PREPROCESSING,DIR,DIR_ROS,0.8208557974476216,0.8348545350827153,0.3393844263973248,0.8348545350827153,0.8164528572710146,0.588578322943897,3506.0,0.1791442025523784,-0.1523863513118089,0.33825445300099405,0.41142167705610294,-0.05405554641700666,0.8706327665760114,0.16514546491728466,0.17006593319299362,2.225633319021039,0.05981404958677686,-0.037930084031175315,0.5058937471948598,0.18354714272898537,-0.22113286627263107,0.1818929349367544,0.06986996564229812,0.16514546491728466,0.18354714272898537,0.8164528572710146,0.8348545350827153,0.9401859504132232,579.0,2046.0,579.0,2046.0,9101.0,9680.0,4973.0,9101.0,2927.0,0.588578322943897,0.19559939973281232,-0.19559939973281232,0.05849853718993181,0.0017110394266809175,0.0017357898949372267,0.05849853718993181,0.0017110394266809175,0.0017357898949372267,0.3738180456914784,0.3087920903065764,0.2670517723372753,-0.17006593319299357,0.22113286627263107,0.008062731192915645,-0.32988692826808336,0.08053710141185345,0.8164528572710146,0.8348545350827153,-0.17006593319299357,0.23926840919948134,[0.7590391],11147.0,-0.19359515032530977,1.0108897248677533,0.6904116051421159,0.5868458741867756,0.1791442025523784,0.825653696176865,0.825653696176865,0.9871510635362376,-285619755.038446,0.051066933079637444,0.8299340668070064,0.7557936866567685,0.778990158436747,,,,,,,
ab0f8ebb-05c7-40cf-820c-1eb725a7a660,GradientBoostingClassifier,PREPROCESSING,DIR,DIR_ROS,0.8130758206510612,0.8670849971477467,0.3625878659660138,0.8670849971477467,0.7960886337131067,0.5721814417466592,3506.0,0.1869241793489388,-0.15491284325556076,0.3515771960721669,0.42781855825334086,-0.03660399397982794,0.9152956465237166,0.13291500285225327,0.20168829685824363,2.984720050811022,0.049892933618843685,-0.021142421934501138,0.6452849476105291,0.20391136628689333,-0.24222547288225088,0.18971093663981844,0.06804174559187622,0.13291500285225327,0.20391136628689333,0.7960886337131067,0.8670849971477467,0.9501070663811563,466.0,2273.0,466.0,2273.0,8874.0,9340.0,5313.0,8874.0,3040.0,0.5721814417466592,0.22195688487024726,-0.22195688487024726,0.06733770747111657,0.0022671834237328343,0.002305300518334925,0.06733770747111657,0.0022671834237328343,0.002305300518334925,0.36889495955319374,0.3167768001102298,0.2649388296424878,-0.20168829685824363,0.24222547288225088,0.007730786022663402,-0.35378971284873684,0.07514853670377533,0.7960886337131067,0.8670849971477467,-0.20168829685824363,0.23926840919948134,[0.7590391],11147.0,-0.19359515032530977,1.0108897248677533,0.6894205692255357,0.588530344410568,0.1869241793489388,0.8315868154304267,0.8315868154304267,1.0161632344825335,-210094983.3000163,0.04053717602400725,0.7983117031417564,0.7681131956288295,0.7779222678486349,33.975708961486816,129.7,1.0,261914.44632792476,19.607667446136475,1094251.3431499403,94.53115769989762
ab0f8ebb-05c7-40cf-820c-1eb725a7a660,AdaBoostClassifier,PREPROCESSING,DIR,DIR_ROS,0.813485293114038,0.8531089560752995,0.3554903432744148,0.8531089560752995,0.8010226966896923,0.5741985025916683,3506.0,0.18651470688596195,-0.15337831085585218,0.355506588479682,0.42580149740833173,-0.03186766763403298,0.9258255354155546,0.1468910439247005,0.1894971104579577,2.6129035665990537,0.05453197797543414,-0.028614808667860647,0.5762870429152703,0.19897730331030772,-0.23372989405220362,0.19589319334198715,0.06942773533439545,0.1468910439247005,0.19897730331030772,0.8010226966896923,0.8531089560752995,0.9454680220245658,515.0,2218.0,515.0,2218.0,8929.0,9444.0,5209.0,8929.0,2991.0,0.5741985025916683,0.21161350225508066,-0.21161350225508066,0.06337663119299891,0.002008298690686701,0.0020399396470931626,0.06337663119299891,0.002008298690686701,0.0020399396470931626,0.37263315830557925,0.29614855999533574,0.27046111423889235,-0.1894971104579577,0.23372989405220362,0.0016264294830861392,-0.34341379554674983,0.07804251887469035,0.8010226966896923,0.8531089560752995,-0.1894971104579577,0.23926840919948134,[0.7590391],11147.0,-0.19359515032530977,1.0108897248677533,0.6864027538726334,0.5830354385745832,0.18651470688596195,0.8270658263824959,0.8270658263824959,1.0020841224987884,-146963496.21142104,0.04423278359424593,0.8105028895420423,0.7607299548547085,0.776627504619839,,,,,,,
ab0f8ebb-05c7-40cf-820c-1eb725a7a660,RandomForestClassifier,PREPROCESSING,DIR,DIR_ROS,0.8398962669760459,0.7047917855105533,0.2581041424964171,0.7047917855105533,0.8823898806853862,0.653358011634056,3506.0,0.1601037330239541,-0.12311764359860955,0.3887438153615182,0.34664198836594395,-0.016022790571833256,0.9540439129045512,0.2952082144894467,0.14449075545140405,1.5296802198602213,0.0952074326188943,-0.07457740347951988,0.406611228997731,0.11761011931461379,-0.1340788223842646,0.2122723826270525,0.07694841433590577,0.2952082144894467,0.11761011931461379,0.8823898806853862,0.7047917855105533,0.9047925673811057,1035.0,1311.0,1035.0,1311.0,9836.0,10871.0,3782.0,9836.0,2471.0,0.653358011634056,0.1392847889178343,-0.1392847889178343,0.022926508424082864,0.0002628123942597713,0.0002642460233724946,0.022926508424082864,0.0002628123942597713,0.0002642460233724946,0.3922968629390395,0.24566017093329418,0.2844066662324862,-0.144490755451404,0.144490755451404,-0.029277306453843285,-0.24306359436823827,0.10307781796176607,0.8823898806853862,0.7047917855105533,-0.144490755451404,0.23926840919948134,[0.7590391],11147.0,-0.19359515032530977,1.0108897248677533,0.6781009879253568,0.572482128082922,0.1601037330239541,0.7935908330979697,0.7935908330979697,0.9041259647731485,-558073037.58238,-0.010411933067139445,0.8555092445485959,0.6911888111888111,0.7384688460860732,31.959672212600708,139.89999999999998,1.0,262240.75373692514,19.607667446136475,1095610.9573541086,94.64861326031327
ab0f8ebb-05c7-40cf-820c-1eb725a7a660,BaggingClassifier,PREPROCESSING,DIR,DIR_ROS,0.8244728042039173,0.6394751853964632,0.24227120726131168,0.6394751853964632,0.8826590113931999,0.6315492957746479,3506.0,0.17552719579608267,-0.13592348264677623,0.3853455517654372,0.3684507042253521,-0.003955835136687624,0.9892786101255885,0.3605248146035368,0.11722256424514438,1.3424193641953823,0.1138431054669909,-0.09637481400250403,0.3680511456581368,0.11734098860680003,-0.12949666104057625,0.22984163135306104,0.08723440830071938,0.3605248146035368,0.11734098860680003,0.8826590113931999,0.6394751853964632,0.886156894533009,1264.0,1308.0,1264.0,1308.0,9839.0,11103.0,3550.0,9839.0,2242.0,0.6315492957746479,0.12335961264286034,-0.12335961264286034,0.01379949471638786,9.521302721380822e-05,9.552259751898958e-05,0.01379949471638786,9.521302721380822e-05,9.552259751898958e-05,0.41769464516730254,0.20238975285995098,0.2969783010873272,-0.11722256424514443,0.12949666104057625,-0.0462094894329082,-0.22290755798515005,0.1203787867463789,0.8826590113931999,0.6394751853964632,-0.11722256424514443,0.23926840919948134,[0.7590391],11147.0,-0.19359515032530977,1.0108897248677533,0.6354875283446711,0.5199154795246291,0.17552719579608267,0.7610670983948316,0.7610670983948316,0.8549520408480435,-1281077269.2180321,0.012274096795431871,0.8827774357548556,0.6374751208416263,0.7025488499834884,,,,,,,
ab0f8ebb-05c7-40cf-820c-1eb725a7a660,BernoulliNB,PREPROCESSING,DIR,DIR_ROS,0.7546577492663619,0.8576725613234455,0.41650174025796766,0.8576725613234455,0.722257109536198,0.4927085040144191,3506.0,0.24534225073363813,-0.2064095330054918,0.34391014908864886,0.5072914959855809,-0.018805040655054173,0.9630709187279557,0.14232743867655448,0.32109787703062315,4.471138364104766,0.058362573099415206,-0.0118990210266069,0.8150440490791285,0.2777428904638019,-0.3415177656649957,0.1705122464630043,0.07718231632010085,0.14232743867655448,0.2777428904638019,0.722257109536198,0.8576725613234455,0.9416374269005848,499.0,3096.0,499.0,3096.0,8051.0,8550.0,6103.0,8051.0,3007.0,0.4927085040144191,0.33130782134780945,-0.33130782134780945,0.09692262149655957,0.004696997278882675,0.004814432546239129,0.09692262149655957,0.004696997278882675,0.004814432546239129,0.3928926477298878,0.47433445406312713,0.22631427543488106,-0.3210978770306232,0.3415177656649957,0.0034530098142236364,-0.43523795331174575,0.08564265016560228,0.722257109536198,0.8576725613234455,-0.3210978770306232,0.23926840919948134,[0.7590391],11147.0,-0.19359515032530977,1.0108897248677533,0.6258715787282756,0.501886533745192,0.24534225073363813,0.7899648354298218,0.7899648354298218,1.051686363997457,-357251711.43941236,0.02041988863437255,0.6789021229693768,0.7236628361711088,0.7081008967376139,26.861775159835815,150.59999999999997,1.0,262528.67622475623,19.607667446136475,1096810.634386738,94.75225202618765
ab0f8ebb-05c7-40cf-820c-1eb725a7a660,BaggingClassifier,PREPROCESSING,DIR,HYPERPARAMETER_ROS,0.8482222070565755,0.7187678265830005,0.2564662526445097,0.7187678265830005,0.8889387279088544,0.6705694518360831,3506.0,0.15177779294342453,-0.11548423217355519,0.3938789841284458,0.329430548163917,-0.02100309061769745,0.9367411484594944,0.2812321734169994,0.15668194185169,1.6098448249207697,0.09050022946305644,-0.06763296592809856,0.427563819260338,0.1110612720911456,-0.12857051325027674,0.20389702307369764,0.07320154560455053,0.2812321734169994,0.1110612720911456,0.8889387279088544,0.7187678265830005,0.9094997705369435,986.0,1238.0,986.0,1238.0,9909.0,10895.0,3758.0,9909.0,2520.0,0.6705694518360831,0.1426262275509834,-0.1426262275509834,0.023524170150828836,0.00027669329064257316,0.0002782429813005685,0.023524170150828836,0.00027669329064257316,0.0002782429813005685,0.38262656887506,0.26758595241649297,0.27823126417498606,-0.15668194185169004,0.15668194185169004,-0.023314937655200554,-0.24427156784546228,0.09809311017975622,0.8889387279088544,0.7187678265830005,-0.15668194185169004,0.23926840919948134,[0.7590391],11147.0,-0.19359515032530977,1.0108897248677533,0.6938325991189427,0.5937270993436982,0.15177779294342453,0.8038532772459275,0.8038532772459275,0.9185038376840088,-169732415.97446188,-0.028111428601413246,0.84331805814831,0.706080134491454,0.7465784474698715,36.112603187561035,129.2,1.0,261918.81180965903,19.607667446136475,1094269.5326571665,94.53272907121632
ab0f8ebb-05c7-40cf-820c-1eb725a7a660,RandomForestClassifier,PREPROCESSING,DIR,HYPERPARAMETER_ROS,0.7962192042585137,0.8804905875641758,0.3858595509451989,0.8804905875641758,0.769713824347358,0.5459851432614079,3506.0,0.20378079574148633,-0.1766095534266524,0.32859406006954794,0.45401485673859215,-0.053752590549612234,0.8831597003168021,0.1195094124358243,0.22190764388132028,3.608295401493931,0.04656072896988554,-0.01442331923339285,0.7300206475241505,0.23028617565264198,-0.2818637206018546,0.17308581924774222,0.06932981664126651,0.1195094124358243,0.23028617565264198,0.769713824347358,0.8804905875641758,0.9534392710301145,419.0,2567.0,419.0,2567.0,8580.0,8999.0,5654.0,8580.0,3087.0,0.5459851432614079,0.2518856822415874,-0.2518856822415874,0.07938635399792711,0.003151096600542098,0.003214386008141837,0.07938635399792711,0.003151096600542098,0.003214386008141837,0.3723702905476389,0.37275267243170074,0.2505168178696021,-0.22190764388132023,0.2818637206018546,0.019664635658109747,-0.3863656626039921,0.07501655415652818,0.769713824347358,0.8804905875641758,-0.22190764388132023,0.23926840919948134,[0.7590391],11147.0,-0.19359515032530977,1.0108897248677533,0.6740174672489083,0.5698490656206092,0.20378079574148633,0.8251022059557669,0.8251022059557669,1.032933638021974,-187257102.37190774,0.059956076720534324,0.7780923561186797,0.7635419243136286,0.7683312234167942,,,,,,,
ab0f8ebb-05c7-40cf-820c-1eb725a7a660,GradientBoostingClassifier,PREPROCESSING,DIR,HYPERPARAMETER_ROS,0.8182624718487682,0.8419851682829436,0.34539002252098544,0.8419851682829436,0.8108011124069257,0.5832839359810315,3506.0,0.1817375281512318,-0.1569015668310887,0.33058998480829116,0.4167160640189686,-0.061839221431086,0.8541312296585992,0.15801483171705646,0.17633033125471662,2.3495877032983734,0.05775646371976647,-0.03488652419880042,0.5252908619357027,0.18919888759307438,-0.23080943122609138,0.17493240784931763,0.06966695194090838,0.15801483171705646,0.18919888759307438,0.8108011124069257,0.8419851682829436,0.9422435362802335,554.0,2109.0,554.0,2109.0,9038.0,9592.0,5061.0,9038.0,2952.0,0.5832839359810315,0.203569881240404,-0.203569881240404,0.06203937588230349,0.00192444207993287,0.0019540787642695952,0.06203937588230349,0.00192444207993287,0.0019540787642695952,0.37327456902636263,0.3286730116865597,0.2617943772666533,-0.17633033125471664,0.23080943122609138,0.013476348616142733,-0.33892554782436934,0.07952605381206351,0.8108011124069257,0.8419851682829436,-0.17633033125471664,0.23926840919948134,[0.7590391],11147.0,-0.19359515032530977,1.0108897248677533,0.6891560639663826,0.5857107853008852,0.1817375281512318,0.8263931403449346,0.8263931403449346,0.9946218937828375,-241145183.7446529,0.05447909997137476,0.8236696687452834,0.7579433853264009,0.7786547974555692,69.07041025161743,139.6,1.0,262637.7940787554,19.607667446136475,1097265.2921117346,94.79152940187485
ab0f8ebb-05c7-40cf-820c-1eb725a7a660,XGBClassifier,PREPROCESSING,DIR,DIR_RUS,0.796901658363475,0.872219053051911,0.38121886303146113,0.872219053051911,0.7732125235489369,0.5474400286430362,3506.0,0.20309834163652496,-0.16731807160741774,0.3545924147504678,0.45255997135696385,-0.020076302457939843,0.9558863948694457,0.127780946948089,0.16207252651229298,2.579140866873065,0.049409948163670454,-0.028364790264465922,0.5467231871553438,0.22678747645106306,-0.2572914516710866,0.21491338125227907,0.07014619553970818,0.127780946948089,0.22678747645106306,0.7732125235489369,0.872219053051911,0.9505900518363295,448.0,2528.0,448.0,2528.0,8619.0,9067.0,5586.0,8619.0,3058.0,0.5474400286430362,0.20968198909168972,-0.20968198909168972,0.06758176344543464,0.0022836473751973426,0.002322190727260199,0.06758176344543464,0.0022836473751973426,0.002322190727260199,0.37455625889766725,0.23552217234689787,0.28739011002068526,-0.16207252651229287,0.2572914516710866,-0.004144243903263012,-0.3570368779086994,0.07670183439230611,0.7732125235489369,0.872219053051911,-0.16207252651229287,0.23926840919948134,[0.7590391],11147.0,-0.19359515032530977,1.0108897248677533,0.6726792784865816,0.566960615950036,0.20309834163652496,0.8227157883004239,0.8227157883004239,0.9952244712483943,-286351447.392308,0.0952189251587936,0.8379274734877071,0.7595628415300546,0.7840033555174878,,,,,,,
ab0f8ebb-05c7-40cf-820c-1eb725a7a660,GradientBoostingClassifier,PREPROCESSING,DIR,DIR_RUS,0.803521463181601,0.8802053622361665,0.3784208012011192,0.8802053622361665,0.7794025298286534,0.5565374211000902,3506.0,0.196478536818399,-0.16684376425157188,0.3391412169433262,0.4434625788999098,-0.04235938743970402,0.9055460991426573,0.11979463776383342,0.19545989395082813,3.1847253052164257,0.0461133069828722,-0.01831637329804918,0.6650522830100138,0.22059747017134654,-0.2629100140831177,0.1878921863205474,0.06824362052354749,0.11979463776383342,0.22059747017134654,0.7794025298286534,0.8802053622361665,0.9538866930171278,420.0,2459.0,420.0,2459.0,8688.0,9108.0,5545.0,8688.0,3086.0,0.5565374211000902,0.2291849540169729,-0.2291849540169729,0.0727266019824114,0.0026445793179540435,0.00269288427291639,0.0727266019824114,0.0026445793179540435,0.00269288427291639,0.3694417965621851,0.3157306804564215,0.2652239860622946,-0.19545989395082808,0.2629100140831177,0.012021507070827421,-0.36904834718111956,0.07393898032161005,0.7794025298286534,0.8802053622361665,-0.19545989395082808,0.23926840919948134,[0.7590391],11147.0,-0.19359515032530977,1.0108897248677533,0.6819136007071042,0.5802411343328835,0.196478536818399,0.8298039460324099,0.82980394603241,1.0199825252469508,-213091998.668096,0.06745012013228957,0.8045401060491718,0.768474133100915,0.7801313923142812,28.03238534927368,129.8,1.0,264228.50926768774,19.607667446136475,1103893.2720656192,95.36411322566877
ab0f8ebb-05c7-40cf-820c-1eb725a7a660,AdaBoostClassifier,PREPROCESSING,DIR,DIR_RUS,0.7930116699651948,0.876497432972048,0.38715621374462567,0.876497432972048,0.7667533865614067,0.5416887008637405,3506.0,0.2069883300348052,-0.18480396187225612,0.3130006213103149,0.45831129913625945,-0.07490254872563717,0.8393362490352457,0.12350256702795208,0.24546709298168962,3.8738084166472913,0.04821826280623608,-0.012603883420970761,0.7677996022721553,0.23324661343859335,-0.29576646991891553,0.15320284563367115,0.07024552476314215,0.12350256702795208,0.23324661343859335,0.7667533865614067,0.876497432972048,0.9517817371937639,433.0,2600.0,433.0,2600.0,8547.0,8980.0,5673.0,8547.0,3073.0,0.5416887008637405,0.2706167814503026,-0.2706167814503026,0.0847581111595041,0.003591968703663427,0.0036694525784959856,0.0847581111595041,0.003591968703663427,0.0036694525784959856,0.3748213568171967,0.4438329531560863,0.23331652224963959,-0.24546709298168967,0.29576646991891553,0.031149332652333207,-0.3996424249777197,0.07636688632224624,0.7667533865614067,0.876497432972048,-0.24546709298168967,0.23926840919948134,[0.7590391],11147.0,-0.19359515032530977,1.0108897248677533,0.6695718487852708,0.5634050618303164,0.2069883300348052,0.8216254097667274,0.8216254097667273,1.043971033715585,-147881028.5423139,0.050299376937225915,0.7545329070183103,0.7591872027669695,0.7576294039922745,,,,,,,
ab0f8ebb-05c7-40cf-820c-1eb725a7a660,RandomForestClassifier,PREPROCESSING,DIR,DIR_RUS,0.7944448235856139,0.8482601254991443,0.3722104688459701,0.8482601254991443,0.7775186148739571,0.5452878621195453,3506.0,0.20555517641438614,-0.16795481241693466,0.35874193972891155,0.4547121378804547,-0.015612543665115719,0.9658147801386928,0.1517398745008557,0.1576476049569051,2.2386000156030583,0.05783237308403087,-0.03901207007111794,0.4848751065940979,0.22248138512604287,-0.2505818341621909,0.2188488980144128,0.07318782149491414,0.1517398745008557,0.22248138512604287,0.7775186148739571,0.8482601254991443,0.9421676269159691,532.0,2480.0,532.0,2480.0,8667.0,9199.0,5454.0,8667.0,2974.0,0.5452878621195453,0.204114719559548,-0.204114719559548,0.0639993158159101,0.002047956212452301,0.0020805611872488266,0.0639993158159101,0.002047956212452301,0.0020805611872488266,0.3825906990372718,0.227699135222166,0.2896444150707546,-0.1576476049569051,0.2505818341621909,-0.011699763203001083,-0.3471520001122997,0.08227871953045159,0.7775186148739571,0.8482601254991443,-0.1576476049569051,0.23926840919948134,[0.7590391],11147.0,-0.19359515032530977,1.0108897248677533,0.6638392857142857,0.5523036138905832,0.20555517641438614,0.8128893701865506,0.8128893701865507,0.9788120560151162,-495069282.0305743,0.09293422920528577,0.8423523950430948,0.7448034059604308,0.7747085610181463,28.45517063140869,140.10000000000002,1.0,264522.0802271842,19.607667446136475,1105116.4843968546,95.46978517983939
ab0f8ebb-05c7-40cf-820c-1eb725a7a660,BaggingClassifier,PREPROCESSING,DIR,DIR_RUS,0.785504674810619,0.7883628066172276,0.35248754521258446,0.7883628066172276,0.7846057235130528,0.5351403678606002,3506.0,0.21449532518938097,-0.173757839461269,0.36306237763745663,0.4648596321393998,-0.008428525664621878,0.9819112730005679,0.2116371933827724,0.1411456885252413,1.743903077245133,0.07820404721753794,-0.06481814785215181,0.3954150693221001,0.21539427648694717,-0.23891959619348702,0.22710537506462225,0.08137003772801138,0.2116371933827724,0.21539427648694717,0.7846057235130528,0.7883628066172276,0.9217959527824621,742.0,2401.0,742.0,2401.0,8746.0,9488.0,5165.0,8746.0,2764.0,0.5351403678606002,0.19003264235936418,-0.19003264235936418,0.05578825526745303,0.0015561647128932501,0.0015775686387614445,0.05578825526745303,0.0015561647128932501,0.0015775686387614445,0.4034105544678061,0.20717484697979005,0.29564450338457743,-0.14114568852524134,0.23891959619348702,-0.02819481109376494,-0.32512054250099726,0.09679584708903416,0.7846057235130528,0.7883628066172276,-0.14114568852524134,0.23926840919948134,[0.7590391],11147.0,-0.19359515032530977,1.0108897248677533,0.6375273901510783,0.5116738531545205,0.21449532518938097,0.7864842650651401,0.7864842650651402,0.9359419481295316,-1273471902.58045,0.09777390766824573,0.8588543114747587,0.7049671618950456,0.7497463220988073,,,,,,,
ab0f8ebb-05c7-40cf-820c-1eb725a7a660,BernoulliNB,PREPROCESSING,DIR,DIR_RUS,0.7543165222138811,0.8545350827153452,0.4153415682795332,0.8545350827153452,0.7227953709518256,0.4922773578705225,3506.0,0.24568347778611888,-0.2072291785629954,0.3425926091595558,0.5077226421294775,-0.020256558718709183,0.9602648623841544,0.14546491728465488,0.32173586011041827,4.367426210766992,0.05953075755807167,-0.013420977821495018,0.7974523099801936,0.2772046290481744,-0.3417609237671837,0.1690278185215713,0.0776061956919394,0.14546491728465488,0.2772046290481744,0.7227953709518256,0.8545350827153452,0.9404692424419283,510.0,3090.0,510.0,3090.0,8057.0,8567.0,6086.0,8057.0,2996.0,0.4922773578705225,0.33174839193880096,-0.33174839193880096,0.09693164785946815,0.004697872178375968,0.004815341437914729,0.09693164785946815,0.004697872178375968,0.004815341437914729,0.3939700386880693,0.4801541337127524,0.22499962320541111,-0.3217358601104182,0.3417609237671837,0.0034177904486070824,-0.4350222944928542,0.08639142398242496,0.7227953709518256,0.8545350827153452,-0.3217358601104182,0.23926840919948134,[0.7590391],11147.0,-0.19359515032530977,1.0108897248677533,0.6246872393661385,0.49983776476104025,0.24568347778611888,0.7886652268335853,0.7886652268335854,1.0503036476136771,-358808882.1694872,0.02002506365676543,0.6782641398895818,0.7217537942664419,0.7066505397805226,25.26498818397522,150.40000000000003,1.0,264782.7924130678,19.607667446136475,1106202.7851713696,95.56362949674887
ab0f8ebb-05c7-40cf-820c-1eb725a7a660,BaggingClassifier,PREPROCESSING,DIR,HYPERPARAMETER_RUS,0.7936941240701563,0.865373645179692,0.38115061762096497,0.865373645179692,0.7711491881223648,0.5432408236347359,3506.0,0.20630587592984373,-0.17306377902766867,0.3453966773063783,0.4567591763652641,-0.028885986367588934,0.9372512232192517,0.13462635482030805,0.1670249632601184,2.536422177566679,0.05205116894574327,-0.030962624802942713,0.5342144268774704,0.22885081187763523,-0.2640734798601424,0.20566884876882569,0.07139199015927362,0.13462635482030805,0.22885081187763523,0.7711491881223648,0.865373645179692,0.9479488310542568,472.0,2551.0,472.0,2551.0,8596.0,9068.0,5585.0,8596.0,3034.0,0.5432408236347359,0.2155492215601304,-0.2155492215601304,0.06944191251756467,0.0024110896070485524,0.0024529893512817984,0.06944191251756467,0.0024110896070485524,0.0024529893512817984,0.37786767567304197,0.25978661644497336,0.2804963040603204,-0.1670249632601184,0.2640734798601424,-0.001038319217676862,-0.36152548074536894,0.07867973183333744,0.7711491881223648,0.865373645179692,-0.1670249632601184,0.23926840919948134,[0.7590391],11147.0,-0.19359515032530977,1.0108897248677533,0.6674733252667473,0.5591542101167588,0.20630587592984373,0.8182614166510283,0.8182614166510284,0.9946370280428471,-182532753.96066388,0.097048516600024,0.8329750367398816,0.7536483884990375,0.7783567860084528,22.76550316810608,129.5,1.0,264165.3098329067,19.607667446136475,1103629.941087365,95.34136435504736
ab0f8ebb-05c7-40cf-820c-1eb725a7a660,RandomForestClassifier,PREPROCESSING,DIR,HYPERPARAMETER_RUS,0.7802497782024159,0.894466628636623,0.4085170272299188,0.894466628636623,0.7443258275769266,0.5238890745071835,3506.0,0.21975022179758408,-0.19299187381527605,0.3216718832254413,0.4761109254928166,-0.04998905381146285,0.8962609604288765,0.10553337136337707,0.20581284505699649,3.796411225040475,0.04269066574362525,-0.013139789896354837,0.7323822608265345,0.2556741724230735,-0.30858913545428773,0.18088448136075821,0.06989218415367328,0.10553337136337707,0.2556741724230735,0.7443258275769266,0.894466628636623,0.9573093342563748,370.0,2850.0,370.0,2850.0,8297.0,8667.0,5986.0,8297.0,3136.0,0.5238890745071835,0.25720099025564214,-0.25720099025564214,0.08482045251249198,0.0035972545822119542,0.0036749149049044344,0.08482045251249198,0.0035972545822119542,0.0036749149049044344,0.3738774776679475,0.3434646881168322,0.25797728701275,-0.20581284505699649,0.30858913545428773,0.018424631957554033,-0.4036310895624975,0.0742426991612766,0.7443258275769266,0.894466628636623,-0.20581284505699649,0.23926840919948134,[0.7590391],11147.0,-0.19359515032530977,1.0108897248677533,0.6607669616519174,0.5544239474085917,0.21975022179758408,0.8193962281067746,0.8193962281067748,1.0301457493875752,-189314886.3036666,0.10277629039729125,0.7941871549430035,0.760058167716917,0.7711038399874567,,,,,,,
ab0f8ebb-05c7-40cf-820c-1eb725a7a660,GradientBoostingClassifier,PREPROCESSING,DIR,HYPERPARAMETER_RUS,0.7996314747833209,0.8776383342840844,0.38108237221046887,0.8776383342840844,0.7750964385036333,0.5510386819484241,3506.0,0.20036852521667914,-0.17239223701781536,0.33237437565415645,0.4489613180515759,-0.041817164249299266,0.907926892409651,0.12236166571591557,0.14890450609683442,2.500187575030012,0.04730400264637777,-0.028660621925732016,0.5273921935511945,0.22490356149636673,-0.26209364696036164,0.2002601961668964,0.0691309026090615,0.12236166571591557,0.22490356149636673,0.7750964385036333,0.8776383342840844,0.9526959973536222,429.0,2507.0,429.0,2507.0,8640.0,9069.0,5584.0,8640.0,3077.0,0.5510386819484241,0.205499076528598,-0.205499076528598,0.06902384829161733,0.0023821458164921022,0.0024232744984355476,0.06902384829161733,0.0023821458164921022,0.0024232744984355476,0.37183572342920873,0.25465215065549374,0.28194110615929835,-0.14890450609683437,0.26209364696036164,0.006578271161783625,-0.36050450627499486,0.07510638749767475,0.7750964385036333,0.8776383342840844,-0.14890450609683437,0.23926840919948134,[0.7590391],11147.0,-0.19359515032530977,1.0108897248677533,0.677007700770077,0.5734153306631372,0.20036852521667914,0.826367386393859,0.8263673863938589,0.996185121171148,-246422710.45823798,0.11318914086352722,0.8510954939031656,0.7643770960129177,0.7912506932126364,38.44402885437012,139.7,1.0,264557.75768208504,19.607667446136475,1105265.1404589415,95.48262741186966
ab0f8ebb-05c7-40cf-820c-1eb725a7a660,XGBClassifier,PREPROCESSING,DIR,DIR_FOS,0.8624854978502696,0.6602966343411295,0.21422234354739644,0.6602966343411295,0.9260787655871535,0.7374960178400765,3506.0,0.13751450214973038,-0.10473057771329453,0.3934224243803476,0.26250398215992354,-0.0393654402451212,0.8527539986483442,0.3397033656588705,0.13316469396671565,1.417390289449113,0.1034392912975508,-0.0810360046767423,0.4011910892511202,0.07392123441284651,-0.08852723833227638,0.18521261893635846,0.07200532945801963,0.3397033656588705,0.07392123441284651,0.9260787655871535,0.6602966343411295,0.8965607087024492,1191.0,824.0,1191.0,824.0,10323.0,11514.0,3139.0,10323.0,2315.0,0.7374960178400765,0.11084596614949599,-0.11084596614949599,0.005166061195833664,1.3344094139549175e-05,1.3360187174809312e-05,0.005166061195833664,1.3344094139549175e-05,1.3360187174809312e-05,0.3794873633153537,0.2695753976046882,0.2776268402004328,-0.1331646939667156,0.1331646939667156,-0.020835282215810588,-0.2042618435628809,0.10532491547531166,0.9260787655871535,0.6602966343411295,-0.1331646939667156,0.23926840919948134,[0.7590391],11147.0,-0.19359515032530977,1.0108897248677533,0.6967644845748683,0.6097501673665957,0.13751450214973038,0.7931876999641415,0.7931876999641415,0.8811093569045632,-266710098.33617425,-0.04463745563443927,0.8668353060332845,0.6780405652778795,0.7311192647282169,,,,,,,
ab0f8ebb-05c7-40cf-820c-1eb725a7a660,GradientBoostingClassifier,PREPROCESSING,DIR,DIR_FOS,0.8655565413225961,0.6243582430119795,0.19395345663004163,0.6243582430119795,0.9414192159325379,0.7702322308233638,3506.0,0.13444345867740393,-0.09980246872111564,0.4057022413034972,0.22976776917663616,-0.0579309923290853,0.7549372979961215,0.37564175698802055,0.15807706438416014,1.4502156391402714,0.11150622301244602,-0.08374197517874096,0.41871796267756634,0.058580784067462095,-0.07457263689180008,0.15099992889906935,0.07262815144202983,0.37564175698802055,0.058580784067462095,0.9414192159325379,0.6243582430119795,0.8884937769875539,1317.0,653.0,1317.0,653.0,10494.0,11811.0,2842.0,10494.0,2189.0,0.7702322308233638,0.11632485063798013,-0.11632485063798013,0.0005773472645474092,1.6666493194018807e-07,1.6664260602773148e-07,0.0005773472645474092,1.6666493194018807e-07,1.6664260602773148e-07,0.38112504888036375,0.35173831987372184,0.2556704302950633,-0.1580770643841602,0.1580770643841602,-0.012905491424827845,-0.19242784787873107,0.1110853608139135,0.9414192159325379,0.6243582430119795,-0.1580770643841602,0.23926840919948134,[0.7590391],11147.0,-0.19359515032530977,1.0108897248677533,0.6896660365469439,0.6104853207407426,0.13444345867740393,0.7828887294722586,0.7828887294722586,0.8739581439942772,-195512956.03256536,-0.08350442749236006,0.8419229356158398,0.6553892215568862,0.7076508287925564,32.19051504135132,129.70000000000002,1.0,264105.74368588923,19.607667446136475,1103381.7488081257,95.31992329981308
ab0f8ebb-05c7-40cf-820c-1eb725a7a660,AdaBoostClassifier,PREPROCESSING,DIR,DIR_FOS,0.8622807616187811,0.6289218482601255,0.19941308946973316,0.6289218482601255,0.935677760832511,0.7546201232032854,3506.0,0.1377192383812189,-0.0998352227920205,0.4169191787023927,0.24537987679671458,-0.03969322741049275,0.8411657407020623,0.3710781517398745,0.17218220002383133,1.50000360438293,0.11090273633961299,-0.08141704949000436,0.4295219091126852,0.06432223916748901,-0.07950493510011342,0.16759438892091455,0.07383342500992017,0.3710781517398745,0.06432223916748901,0.935677760832511,0.6289218482601255,0.889097263660387,1301.0,717.0,1301.0,717.0,10430.0,11731.0,2922.0,10430.0,2205.0,0.7546201232032854,0.12584356756197235,-0.12584356756197235,0.0022626749024351176,2.559848857054884e-06,2.5611968258159426e-06,0.0022626749024351176,2.559848857054884e-06,2.5611968258159426e-06,0.38427444622280094,0.35565637743789624,0.2546786505351523,-0.17218220002383128,0.17218220002383128,-0.020861911039755807,-0.19819607372272913,0.111321169812021,0.935677760832511,0.6289218482601255,-0.17218220002383128,0.23926840919948134,[0.7590391],11147.0,-0.19359515032530977,1.0108897248677533,0.6860609831985065,0.602861994978422,0.1377192383812189,0.7822998045463182,0.7822998045463183,0.8807472028534606,-145714048.45449057,-0.09267726492371792,0.8278177999761687,0.65625,0.704951098677496,,,,,,,
ab0f8ebb-05c7-40cf-820c-1eb725a7a660,RandomForestClassifier,PREPROCESSING,DIR,DIR_FOS,0.8481539616460793,0.6386195094124358,0.2181805773561728,0.6386195094124358,0.9140575939714721,0.7003440725680325,3506.0,0.15184603835392074,-0.12170869632280412,0.36836041183431734,0.29965592743196745,-0.05166336811802802,0.8312048649586016,0.36138049058756416,0.11185804504110891,1.3251457599722911,0.11059706703910614,-0.09204739157505794,0.37346348580510125,0.08594240602852786,-0.10341686588887132,0.18256026892507085,0.07899730477232358,0.36138049058756416,0.08594240602852786,0.9140575939714721,0.6386195094124358,0.8894029329608939,1267.0,958.0,1267.0,958.0,10189.0,11456.0,3197.0,10189.0,2239.0,0.7003440725680325,0.10763745546499015,-0.10763745546499015,0.006394629831032288,2.044564533796401e-05,2.0476206897285462e-05,0.006394629831032288,2.044564533796401e-05,2.0476206897285462e-05,0.39748535764811155,0.25843747448512877,0.28074551846363927,-0.11185804504110897,0.11185804504110897,-0.02019201172851493,-0.20685215163330015,0.11390050066097981,0.9140575939714721,0.6386195094124358,-0.11185804504110897,0.23926840919948134,[0.7590391],11147.0,-0.19359515032530977,1.0108897248677533,0.668059078024765,0.5709112599564494,0.15184603835392074,0.776338551691954,0.776338551691954,0.8599016579754516,-558027005.4427962,-0.00844117915223759,0.8881419549588909,0.6530076558512578,0.7162131185606697,30.526711463928223,140.9,1.0,264448.16785161494,19.607667446136475,1104808.516165316,95.44318014650369
ab0f8ebb-05c7-40cf-820c-1eb725a7a660,BaggingClassifier,PREPROCESSING,DIR,DIR_FOS,0.8420118747014264,0.5984027381631489,0.2050774585409131,0.5984027381631489,0.9186328160043061,0.6981697171381032,3506.0,0.15798812529857365,-0.1297283885381474,0.3562509730849119,0.30183028286189684,-0.0461423246798518,0.8501812799671645,0.4015972618368511,0.06425507407554515,1.1640720081135902,0.12087912087912088,-0.107731369041439,0.33763782413487675,0.08136718399569391,-0.09438288242578277,0.2028059282390867,0.08405942838649814,0.4015972618368511,0.08136718399569391,0.9186328160043061,0.5984027381631489,0.8791208791208791,1408.0,907.0,1408.0,907.0,10240.0,11648.0,3005.0,10240.0,2098.0,0.6981697171381032,0.07931897825066399,-0.07931897825066399,0.003758672230223638,7.063808467127169e-06,7.0576690178454625e-06,0.003758672230223638,7.063808467127169e-06,7.0576690178454625e-06,0.41002299541976456,0.1758676207280585,0.30491848244608577,-0.0642550740755452,0.09438288242578277,-0.0307945221807936,-0.18590717663418166,0.12363657683399902,0.9186328160043061,0.5984027381631489,-0.0642550740755452,0.23926840919948134,[0.7590391],11147.0,-0.19359515032530977,1.0108897248677533,0.6444478574719705,0.5463330150672056,0.15798812529857365,0.7585177770837275,0.7585177770837275,0.8186826321469737,-1229949305.114678,0.030127808350237623,0.9357449259244547,0.6205723582045405,0.6990565079188978,,,,,,,
ab0f8ebb-05c7-40cf-820c-1eb725a7a660,BernoulliNB,PREPROCESSING,DIR,DIR_FOS,0.8060465433699584,0.735596120935539,0.3066948747696717,0.735596120935539,0.8282048981788822,0.5738762794837561,3506.0,0.1939534566300416,-0.15018775519139493,0.38536024189011314,0.42612372051624386,-0.02036856548202537,0.9524225040152,0.26440387906446094,0.30497577153751443,2.4048806147653465,0.09124913869475341,-0.04976312837373728,0.5603354085673383,0.1717951018211178,-0.21534099083871555,0.15972357607058815,0.08311710175700358,0.26440387906446094,0.1717951018211178,0.8282048981788822,0.735596120935539,0.9087508613052466,927.0,1915.0,927.0,1915.0,9232.0,10159.0,4494.0,9232.0,2579.0,0.5738762794837561,0.26015838118811496,-0.26015838118811496,0.05910737099882473,0.0017468406531963533,0.0017723889425361077,0.05910737099882473,0.0017468406531963533,0.0017723889425361077,0.4077182894033663,0.528270703314796,0.21436506927449422,-0.3049757715375144,0.3049757715375144,-0.014697281445856011,-0.3272133981195487,0.10447985389931141,0.8282048981788822,0.735596120935539,-0.3049757715375144,0.23926840919948134,[0.7590391],11147.0,-0.19359515032530977,1.0108897248677533,0.64475,0.5216374927371681,0.1939534566300416,0.7819005095572106,0.7819005095572107,0.9853184803737768,-329977952.5485144,-0.08963478069879888,0.6950242284624857,0.6871835864641619,0.689777403801872,25.17597222328186,151.20000000000002,1.0,264707.9631681919,19.607667446136475,1105890.9966510534,95.53669443291045
ab0f8ebb-05c7-40cf-820c-1eb725a7a660,BaggingClassifier,PREPROCESSING,DIR,HYPERPARAMETER_FOS,0.8597556814304238,0.549343981745579,0.16385723060124208,0.549343981745579,0.9573876379294878,0.8021657642648896,3506.0,0.1402443185695762,-0.10700251537895544,0.3925501517612187,0.19783423573511036,-0.02374404274049116,0.8818464698951692,0.450656018254421,0.0845166223140168,1.1931622185911404,0.12895853738165197,-0.10766391046981627,0.3644007878051202,0.04261236207051224,-0.04904829410902489,0.20703306850946385,0.07870105408328909,0.450656018254421,0.04261236207051224,0.9573876379294878,0.549343981745579,0.871041462618348,1580.0,475.0,1580.0,475.0,10672.0,12252.0,2401.0,10672.0,1926.0,0.8021657642648896,0.06678245821152082,-0.06678245821152082,0.022321806763089407,0.000249131528584352,0.0002478707043866543,0.022321806763089407,0.000249131528584352,0.0002478707043866543,0.3967393453724727,0.1915198289823974,0.3000968108978345,-0.08451662231401674,0.08451662231401674,-0.04195993386466251,-0.14988682716495633,0.12701036655273562,0.9573876379294878,0.549343981745579,-0.08451662231401674,0.23926840919948134,[0.7590391],11147.0,-0.19359515032530977,1.0108897248677533,0.6521076688674454,0.5840679656131667,0.1402443185695762,0.7533658098375334,0.7533658098375333,0.8036774305509969,-172903380.55938524,-0.035468328204991906,0.9154833776859833,0.5963309853703848,0.6747393558798344,28.7210373878479,129.0,1.0,264048.1368795156,19.607667446136475,1103141.7204482355,95.29918751650034
ab0f8ebb-05c7-40cf-820c-1eb725a7a660,RandomForestClassifier,PREPROCESSING,DIR,HYPERPARAMETER_FOS,0.8579130553470279,0.551625784369652,0.16679178325257626,0.551625784369652,0.9542477796716605,0.7913256955810147,3506.0,0.1420869446529721,-0.1091635529410232,0.3891860049231025,0.20867430441898527,-0.06729926819212534,0.6892993100166548,0.44837421563034796,0.11985517535846213,1.2788774779354004,0.12875747399459414,-0.10334916788788816,0.38461375287494715,0.04575222032833946,-0.05910699840953063,0.14263210444076976,0.0795269937629036,0.44837421563034796,0.04575222032833946,0.9542477796716605,0.551625784369652,0.8712425260054059,1572.0,510.0,1572.0,510.0,10637.0,12209.0,2444.0,10637.0,1934.0,0.7913256955810147,0.08948108688399635,-0.08948108688399635,0.01563969066632538,0.00012229996206917265,0.00012186321845209992,0.01563969066632538,0.00012229996206917265,0.00012186321845209992,0.3988157312917925,0.3176258870693718,0.2644990327375057,-0.11985517535846207,0.11985517535846207,-0.018024949847881437,-0.1628738789459673,0.12725774753163255,0.9542477796716605,0.551625784369652,-0.11985517535846207,0.23926840919948134,[0.7590391],11147.0,-0.19359515032530977,1.0108897248677533,0.6500840336134454,0.5789436480992227,0.1420869446529721,0.7529367820206563,0.7529367820206563,0.8203103836308032,-172298730.65309864,-0.0607481769489315,0.880144824641538,0.5968214781669495,0.6685590625654839,,,,,,,
ab0f8ebb-05c7-40cf-820c-1eb725a7a660,GradientBoostingClassifier,PREPROCESSING,DIR,HYPERPARAMETER_FOS,0.8655565413225961,0.6617227609811751,0.2118337541800314,0.6617227609811751,0.9296671750246703,0.7474226804123711,3506.0,0.13444345867740393,-0.10500595839999038,0.38115132507124294,0.25257731958762886,-0.06042927559742933,0.7674879212555893,0.3382772390188249,0.12832520753068277,1.4030745118832262,0.10269287384189107,-0.08104806008975553,0.39768313350052303,0.07033282497532968,-0.08751419772578478,0.16386294020526648,0.07066981269150385,0.3382772390188249,0.07033282497532968,0.9296671750246703,0.6617227609811751,0.8973071261581089,1186.0,784.0,1186.0,784.0,10363.0,11549.0,3104.0,10363.0,2320.0,0.7474226804123711,0.10791970262823378,-0.10791970262823378,0.004919474218677428,1.2100613294115944e-05,1.211450645361514e-05,0.004919474218677428,1.2100613294115944e-05,1.211450645361514e-05,0.3759516263869698,0.28666839631596686,0.27291275644913776,-0.12832520753068277,0.12832520753068277,-0.010309392246163125,-0.20372781433923093,0.10408317183913726,0.9296671750246703,0.6617227609811751,-0.12832520753068277,0.23926840919948134,[0.7590391],11147.0,-0.19359515032530977,1.0108897248677533,0.7019667170953101,0.617484185262082,0.13444345867740393,0.7956949680029227,0.7956949680029227,0.8815661323325801,-231119364.80356318,-0.04081100980489799,0.8716747924693172,0.6812509176332403,0.7347551709457957,55.55952286720276,140.2,1.0,264671.10341546533,19.607667446136475,1105737.414348026,95.52342662839891
ab0f8ebb-05c7-40cf-820c-1eb725a7a660,XGBClassifier,PREPROCESSING,DIR,DIR_FAIR_SMOTE,0.4837234695966696,0.9734740444951512,0.7428512932505289,0.9734740444951512,0.3296851170718579,0.31355075792374826,3506.0,0.5162765304033303,-0.5348978332012309,0.2312126802410417,0.6864492420762517,-0.08828351329761941,0.8731136277730112,0.02652595550484883,0.17095588235294118,inf,0.024681528662420384,0.024681528662420384,inf,0.6703148829281421,-0.840384175623142,0.15961582437685798,0.05809564842370941,0.02652595550484883,0.6703148829281421,0.3296851170718579,0.9734740444951512,0.9753184713375797,93.0,7472.0,93.0,7472.0,3675.0,3768.0,10885.0,3675.0,3413.0,0.31355075792374826,0.5056700289880416,-0.5056700289880416,0.17985942223604412,0.0161747058835418,0.01699959763656618,0.17985942223604412,0.0161747058835418,0.01699959763656618,0.34086844507437003,8.599720897178155,0.2336790726052471,-0.17095588235294112,0.840384175623142,0.056482520980019865,-0.7663209273947529,0.06230126878359681,0.3296851170718579,0.9734740444951512,-0.17095588235294112,0.23926840919948134,[0.7590391],11147.0,-0.19359515032530977,1.0108897248677533,0.4743242304217914,0.29592795296384605,0.5162765304033303,0.6515795807835045,0.6515795807835045,0.9810638462863153,,0.6694282932702009,0.8290441176470589,0.6378545063776107,0.6909704455982926,,,,,,,
ab0f8ebb-05c7-40cf-820c-1eb725a7a660,GradientBoostingClassifier,PREPROCESSING,DIR,DIR_FAIR_SMOTE,0.4421620146045179,0.9894466628636623,0.7920562342182488,0.9894466628636623,0.27002781017314076,0.2988971221781837,3506.0,0.5578379853954821,-0.41104182343918083,0.40922598272750743,0.7011028778218164,0.03310872268530929,1.047585846481277,0.010553337136337706,0.06801470588235294,inf,0.012143091565474237,0.012143091565474237,inf,0.7299721898268593,-0.6883146581294306,0.3116853418705694,0.05231188495475748,0.010553337136337706,0.7299721898268593,0.27002781017314076,0.9894466628636623,0.9878569084345258,37.0,8137.0,37.0,8137.0,3010.0,3047.0,11606.0,3010.0,3469.0,0.2988971221781837,0.37816468200589176,-0.37816468200589176,0.129570085113711,0.008394203478187156,0.008685241522501304,0.129570085113711,0.008394203478187156,0.008685241522501304,0.32345597831778433,8.387365435250057,0.38031319910514544,-0.06801470588235292,0.6883146581294306,-0.010482815559917525,-0.6196868008948546,0.055719072589172795,0.27002781017314076,0.9894466628636623,-0.06801470588235292,0.23926840919948134,[0.7590391],11147.0,-0.19359515032530977,1.0108897248677533,0.45910534674430914,0.27277344259368813,0.5578379853954821,0.6297372365184015,0.6297372365184015,0.8678816183136518,-556550218.3145974,0.6202999522470777,0.9319852941176471,0.6271921894774904,0.7039289873885509,33.857067823410034,130.0,1.0,269365.49019801617,19.607667446136475,1125297.3592753212,97.21318853739581
ab0f8ebb-05c7-40cf-820c-1eb725a7a660,AdaBoostClassifier,PREPROCESSING,DIR,DIR_FAIR_SMOTE,0.4505562000955436,0.9900171135196806,0.7839350303692076,0.9900171135196806,0.28088274872162916,0.3021676677983808,3506.0,0.5494437999044564,-0.4360570766423535,0.3732725571021621,0.6978323322016192,0.013540683642684237,1.0194614844914636,0.009982886480319452,0.06433823529411764,inf,0.011054958938723942,0.011054958938723942,inf,0.7191172512783709,-0.7159844500343013,0.2840155499656986,0.05297204621288785,0.009982886480319452,0.7191172512783709,0.28088274872162916,0.9900171135196806,0.988945041061276,35.0,8016.0,35.0,8016.0,3131.0,3166.0,11487.0,3131.0,3471.0,0.3021676677983808,0.3901613426642095,-0.3901613426642095,0.13764950574782434,0.009473693216310164,0.00982585767589153,0.13764950574782434,0.009473693216310164,0.00982585767589153,0.3254905412232062,8.425670729851115,0.3561114500711816,-0.06433823529411764,0.7159844500343013,-0.001242862351980175,-0.6438885499288184,0.05615838494314654,0.28088274872162916,0.9900171135196806,-0.06433823529411764,0.23926840919948134,[0.7590391],11147.0,-0.19359515032530977,1.0108897248677533,0.46301607416794505,0.28082448740588045,0.5494437999044564,0.635449931120655,0.6354499311206548,0.883377929442569,-187801179.42459923,0.6516462147401837,0.9356617647058824,0.630947511929107,0.707781194796579,,,,,,,
ab0f8ebb-05c7-40cf-820c-1eb725a7a660,RandomForestClassifier,PREPROCESSING,DIR,DIR_FAIR_SMOTE,0.49307309083464135,0.9634911580148318,0.7287244932778271,0.9634911580148318,0.34511527765318023,0.3163513766622963,3506.0,0.5069269091653587,-0.5624542633684655,0.1914875670817393,0.6836486233377037,-0.1368823123482792,0.8032556753712539,0.03650884198516828,0.23529411764705882,inf,0.03220125786163522,0.03220936084549572,inf,0.6548847223468198,-0.8793401425703841,0.12053002720038662,0.0602574104908749,0.03650884198516828,0.6548847223468198,0.34511527765318023,0.9634911580148318,0.9677987421383648,128.0,7300.0,128.0,7300.0,3847.0,3975.0,10678.0,3847.0,3378.0,0.3163513766622963,0.5573171301087214,-0.5573171301087214,0.1948144279275954,0.018976330664378132,0.02004321906992277,0.1948144279275954,0.018976330664378132,0.02004321906992277,0.3471524463139354,7.5543305182396905,0.19180330831296177,-0.23529411764705888,0.8793401425703841,0.08454583659688748,-0.8081136805231427,0.06527507735291183,0.34511527765318023,0.9634911580148318,-0.23529411764705888,0.23926840919948134,[0.7590391],11147.0,-0.19359515032530977,1.0108897248677533,0.4763113367174281,0.29612591132441307,0.5069269091653587,0.654303217834006,0.654303217834006,1.0189576094181558,-1865445389.0174434,0.6440460249233253,0.7647058823529411,0.6374787695791659,0.674907786885246,29.028228998184204,140.4,1.0,269667.8712820768,19.607667446136475,1126557.2804589071,97.32203172853336
ab0f8ebb-05c7-40cf-820c-1eb725a7a660,BaggingClassifier,PREPROCESSING,DIR,DIR_FAIR_SMOTE,0.48003821742987784,0.962065031374786,0.7410769125776292,0.962065031374786,0.328429173768727,0.3106179206188415,3506.0,0.5199617825701222,-0.5180998619816982,0.2532612499994354,0.6893820793811585,-0.05620379119329,0.9191701068440745,0.03793496862521392,0.23578191404853635,175.59650735294116,0.03505535055350553,-0.11390339104700664,0.2311521104327051,0.671570826231273,-0.8285278297705592,0.16864945654484265,0.05944546127724425,0.03793496862521392,0.671570826231273,0.328429173768727,0.962065031374786,0.9649446494464945,133.0,7486.0,133.0,7486.0,3661.0,3794.0,10859.0,3661.0,3373.0,0.3106179206188415,0.5321548719095478,-0.5321548719095478,0.17913604980366146,0.016044862169629942,0.01685915032858518,0.17913604980366146,0.016044862169629942,0.01685915032858518,0.3448056301084547,4.592122319163009,0.2345328581761809,-0.23578191404853643,0.8285278297705592,-0.02884979992685832,-0.7633443385340448,0.06491949693803636,0.328429173768727,0.962065031374786,-0.23578191404853643,0.23926840919948134,[0.7590391],11147.0,-0.19359515032530977,1.0108897248677533,0.46961364427427776,0.2829299025526171,0.5199617825701222,0.6452471025717565,0.6452471025717565,0.9886184917908366,-4073510509.074862,0.5927459157220228,0.7642180859514636,0.6311456238012817,0.6700365342088506,,,,,,,
ab0f8ebb-05c7-40cf-820c-1eb725a7a660,BernoulliNB,PREPROCESSING,DIR,DIR_FAIR_SMOTE,0.46011055756500374,0.9811751283513976,0.7701494574489866,0.9811751283513976,0.29622319906701355,0.30482941958351795,3506.0,0.5398894424349963,-0.46422363493649477,0.3326913760901059,0.695170580416482,-0.004124128104445179,0.9940722889270968,0.018824871648602397,0.1213235294117647,inf,0.019596199524940617,0.019602019602019603,inf,0.7037768009329864,-0.7547117410153875,0.24517682952336708,0.05505528016133969,0.018824871648602397,0.7037768009329864,0.29622319906701355,0.9811751283513976,0.9804038004750594,66.0,7845.0,66.0,7845.0,3302.0,3368.0,11285.0,3302.0,3440.0,0.30482941958351795,0.4380176352135761,-0.4380176352135761,0.15146599792348825,0.011470974263479074,0.011947659194285826,0.15146599792348825,0.011470974263479074,0.011947659194285826,0.3318291131330694,7.3886021935110415,0.3152652469619202,-0.12132352941176472,0.7547117410153875,0.011863073853232419,-0.6846644228456971,0.058976449090867016,0.29622319906701355,0.9811751283513976,-0.12132352941176472,0.23926840919948134,[0.7590391],11147.0,-0.19359515032530977,1.0108897248677533,0.46514772496788587,0.28128849633146563,0.5398894424349963,0.6386991637092057,0.6386991637092057,0.9184606610100008,-1225158200.7190533,0.6333882116036228,0.8786764705882353,0.6311058111269091,0.6965217542324311,25.216515064239502,150.8,1.0,269930.61058337684,19.607667446136475,1127652.0275476573,97.41660571314483
ab0f8ebb-05c7-40cf-820c-1eb725a7a660,BaggingClassifier,PREPROCESSING,DIR,HYPERPARAMETER_FAIR_SMOTE,0.4873404763529653,0.9706217912150599,0.7378693782843104,0.9706217912150599,0.3353368619359469,0.3147428782833888,3506.0,0.5126595236470347,-0.5453706758150793,0.21604475125710745,0.6852571217166111,-0.10520778341938819,0.8487822572585643,0.029378208784940102,0.18933823529411764,inf,0.026815933350689925,0.026822916666666665,inf,0.6646631380640531,-0.8544144622593848,0.14545938766498273,0.058788855933962984,0.029378208784940102,0.6646631380640531,0.3353368619359469,0.9706217912150599,0.9731840666493101,103.0,7409.0,103.0,7409.0,3738.0,3841.0,10812.0,3738.0,3403.0,0.3147428782833888,0.5218763487767513,-0.5218763487767513,0.18503879427754044,0.017119677693842966,0.018023385803074464,0.18503879427754044,0.017119677693842966,0.018023385803074464,0.34289606569327385,7.520034130665258,0.2190584974051536,-0.18933823529411764,0.8544144622593848,0.0660153500430274,-0.7808612908546457,0.06320584041039842,0.3353368619359469,0.9706217912150599,-0.18933823529411764,0.23926840919948134,[0.7590391],11147.0,-0.19359515032530977,1.0108897248677533,0.4753457186757927,0.2968058966353139,0.5126595236470347,0.6529793265755034,0.6529793265755034,0.993753793355429,-416011485.73047733,0.6650762269652671,0.8106617647058824,0.6381622128457571,0.686882456426481,27.768392324447632,129.1,1.0,269273.48096411227,19.607667446136475,1124913.9874673884,97.18006947287716
ab0f8ebb-05c7-40cf-820c-1eb725a7a660,RandomForestClassifier,PREPROCESSING,DIR,HYPERPARAMETER_FAIR_SMOTE,0.4325394117245615,0.9914432401597262,0.8026342728451512,0.9914432401597262,0.25675069525432853,0.2955530992262563,3506.0,0.5674605882754384,-0.34563528609427596,0.49427334754826113,0.7044469007737437,0.06840124656264424,1.098849772609917,0.008556759840273816,0.05514705882352941,inf,0.01037344398340249,0.010822510822510822,inf,0.7432493047456715,-0.6093147073484384,0.3796967496876583,0.05115956381763344,0.008556759840273816,0.7432493047456715,0.25675069525432853,0.9914432401597262,0.9896265560165975,30.0,8285.0,30.0,8285.0,2862.0,2892.0,11761.0,2862.0,3476.0,0.2955530992262563,0.3322308830859839,-0.3322308830859839,0.1080785442680529,0.0058404858655507355,0.006005357324016426,0.1080785442680529,0.0058404858655507355,0.006005357324016426,0.31987361197083275,2.807996359628679,0.4416855576276675,-0.05514705882352944,0.6093147073484384,-0.028789367870066706,-0.5514329989577187,0.05453172778545644,0.25675069525432853,0.9914432401597262,-0.05514705882352944,0.23926840919948134,[0.7590391],11147.0,-0.19359515032530977,1.0108897248677533,0.4553612366542215,0.2660448476004511,0.5674605882754384,0.6240969677070274,0.6240969677070274,0.8314412544196179,-441613711.54278404,0.554167648524909,0.9448529411764706,0.6240854616454957,0.7037206791912505,,,,,,,
ab0f8ebb-05c7-40cf-820c-1eb725a7a660,GradientBoostingClassifier,PREPROCESSING,DIR,HYPERPARAMETER_FAIR_SMOTE,0.4760799836211015,0.9817455790074159,0.7544530130348734,0.9817455790074159,0.3170359738046111,0.311352329262777,3506.0,0.5239200163788985,-0.5121197164633825,0.2639507588592424,0.688647670737223,-0.0596803372490925,0.9142238317896125,0.01825442099258414,0.11764705882352941,inf,0.017787659811006114,0.017787659811006114,inf,0.6829640261953889,-0.8081408643951521,0.19185913560484794,0.056299895187297666,0.01825442099258414,0.6829640261953889,0.3170359738046111,0.9817455790074159,0.9822123401889938,64.0,7613.0,64.0,7613.0,3534.0,3598.0,11055.0,3534.0,3442.0,0.311352329262777,0.46289396160934076,-0.46289396160934076,0.1677077474995321,0.014062944285683408,0.014722264840646843,0.1677077474995321,0.014062944285683408,0.014722264840646843,0.3355589223587943,8.55356094484249,0.268252999796624,-0.11764705882352944,0.8081408643951521,0.0387339985300493,-0.731747000203376,0.059818945617053546,0.3170359738046111,0.9817455790074159,-0.11764705882352944,0.23926840919948134,[0.7590391],11147.0,-0.19359515032530977,1.0108897248677533,0.47276972735389056,0.2961616244376532,0.5239200163788985,0.6493907764060135,0.6493907764060135,0.9499898455291588,-825828169.2124621,0.6904938055716227,0.8823529411764706,0.6382051638622352,0.703049999659573,55.09582185745239,139.0,1.0,269819.2906670332,19.607667446136475,1127188.194562892,97.37653569696094
ab0f8ebb-05c7-40cf-820c-1eb725a7a660,XGBClassifier,PREPROCESSING,DIR,DIR_BAL_GAN_FAIR,0.8498600969084829,0.6816885339418141,0.23708455606360473,0.6816885339418141,0.9027541042432942,0.6879677605066206,3506.0,0.15013990309151715,-0.06986079854090643,0.5975356600033935,0.3120322394933794,0.2135917312661499,1.807699824115693,0.31831146605818594,-0.0721541486277158,0.7810239874638379,0.09983003846497898,-0.1049232408699949,0.24360663651507777,0.09724589575670584,-0.020792904036910614,0.8027295070783859,0.07539651719736591,0.31831146605818594,0.09724589575670584,0.9027541042432942,0.6816885339418141,0.900169961535021,1116.0,1084.0,1116.0,1084.0,10063.0,11179.0,3474.0,10063.0,2390.0,0.6879677605066206,0.046473526332313234,0.02568062229540262,0.03487014429424753,0.0006079634815508217,0.0006032203211562055,0.03487014429424753,0.0006079634815508217,0.0006032203211562055,0.3883207880023059,-0.4449462828943489,0.567619822384923,0.07215414862771585,0.07215414862771585,-0.15925748606807236,-0.11990822509867582,0.10496601602764297,0.9027541042432942,0.6816885339418141,0.07215414862771585,0.23926840919948134,[0.7590391],11147.0,-0.19359515032530977,1.0108897248677533,0.6848137535816619,0.5862872690807783,0.15013990309151715,0.7922213190925542,0.7922213190925541,0.7718765826225725,-234677722.5047916,-0.05136124459080518,0.927845851372284,0.6832475700400229,0.7490707991135338,,,,,,,
ab0f8ebb-05c7-40cf-820c-1eb725a7a660,GradientBoostingClassifier,PREPROCESSING,DIR,DIR_BAL_GAN_FAIR,0.8515662321708866,0.5507701083856247,0.1727291339657408,0.5507701083856247,0.9461738584372477,0.7629395495851442,3506.0,0.14843376782911344,-0.10586005004354115,0.4245374387359483,0.2370604504148558,0.08213482270900815,1.3671807791569373,0.4492298916143754,0.02963270048059735,1.0666454508910626,0.12992905461145027,-0.11563301727239307,0.33122498666376765,0.05382614156275231,-0.04116025607657263,0.4117730492348039,0.08263411395909946,0.4492298916143754,0.05382614156275231,0.9461738584372477,0.5507701083856247,0.8700709453885498,1575.0,600.0,1575.0,600.0,10547.0,12122.0,2531.0,10547.0,1931.0,0.7629395495851442,0.03539647827858496,-0.03539647827858496,0.03021931895912453,0.0004566036191766516,0.0004535012526524042,0.03021931895912453,0.0004566036191766516,0.0004535012526524042,0.40653195190316704,-0.05722155805241558,0.3849874888702245,-0.029632700480597296,0.04116025607657263,-0.09888391999070062,-0.13385492102341764,0.12966766477687897,0.9461738584372477,0.5507701083856247,-0.029632700480597296,0.23926840919948134,[0.7590391],11147.0,-0.19359515032530977,1.0108897248677533,0.6397217160841477,0.560866068159536,0.14843376782911344,0.7484719834114362,0.7484719834114362,0.7749652557143887,-185909694.7897872,0.011527555595975278,0.9703672995194028,0.5919227527013565,0.6803713293489004,39.245224475860596,129.9,1.0,272931.57592597004,19.607667446136475,1140156.0498084624,98.49681430289772
ab0f8ebb-05c7-40cf-820c-1eb725a7a660,AdaBoostClassifier,PREPROCESSING,DIR,DIR_BAL_GAN_FAIR,0.8414659114174572,0.5496292070735881,0.18228349143520098,0.5496292070735881,0.9332555844621871,0.7214526394608761,3506.0,0.1585340885825428,-0.10177784417718683,0.47179685985656145,0.27854736053912393,0.1805733909017928,1.7581158152435592,0.45037079292641186,-0.10444428446598086,0.7761476334383247,0.1317810048405942,-0.13476880855013196,0.25282300209036823,0.06674441553781287,-0.015756901581766576,0.7839326896459782,0.08731066358787315,0.45037079292641186,0.06674441553781287,0.9332555844621871,0.5496292070735881,0.8682189951594058,1579.0,744.0,1579.0,744.0,10403.0,11982.0,2671.0,10403.0,1927.0,0.7214526394608761,0.060100593023873716,0.04434369144210715,0.0510668703114127,0.0013039126217013219,0.0012892666762504264,0.0510668703114127,0.0013039126217013219,0.0012892666762504264,0.41787716756930654,-0.44919968710311475,0.5699620449706203,0.10444428446598086,0.10444428446598086,-0.15767109972596238,-0.09160833183349769,0.13331499163785923,0.9332555844621871,0.5496292070735881,0.10444428446598086,0.23926840919948134,[0.7590391],11147.0,-0.19359515032530977,1.0108897248677533,0.6239274728832767,0.533613590867188,0.1585340885825428,0.7414423957678876,0.7414423957678876,0.7085641029478598,-146495885.9109628,-0.0886873828842143,0.895555715534019,0.5844264159526878,0.6609700002530734,,,,,,,
ab0f8ebb-05c7-40cf-820c-1eb725a7a660,RandomForestClassifier,PREPROCESSING,DIR,DIR_BAL_GAN_FAIR,0.8356650515252849,0.6888191671420422,0.2546918719716099,0.6888191671420422,0.8818516192697586,0.6471061093247589,3506.0,0.16433494847471508,-0.11448746814207045,0.43533435165592826,0.3528938906752412,0.05797119346183638,1.168440589618718,0.3111808328579578,0.0842435556261667,1.2825927653054425,0.09989927662301987,-0.08671946390496499,0.35515288788221966,0.11814838073024132,-0.10937621422920839,0.3208849906611754,0.0795749602159618,0.3111808328579578,0.11814838073024132,0.8818516192697586,0.6888191671420422,0.9001007233769801,1091.0,1317.0,1091.0,1317.0,9830.0,10921.0,3732.0,9830.0,2415.0,0.6471061093247589,0.09680988492768755,-0.09680988492768755,0.00823226660941172,3.3885106764217555e-05,3.3950440957498636e-05,0.00823226660941172,3.3885106764217555e-05,3.3950440957498636e-05,0.39893598538101777,0.03533260599113941,0.35104065018743313,-0.0842435556261667,0.10937621422920839,-0.07234532868340071,-0.2112983914241821,0.10740074696570748,0.8818516192697586,0.6888191671420422,-0.0842435556261667,0.23926840919948134,[0.7590391],11147.0,-0.19359515032530977,1.0108897248677533,0.6673114119922631,0.5588156704565577,0.16433494847471508,0.7853353932059003,0.7853353932059004,0.8613636222518039,-186009104.4125704,0.025132658603041688,0.9157564443738333,0.6778947368421053,0.7421510170843948,33.716601848602295,141.20000000000002,1.0,273313.1032359123,19.607667446136475,1141745.7469332216,98.63414647117553
ab0f8ebb-05c7-40cf-820c-1eb725a7a660,BaggingClassifier,PREPROCESSING,DIR,DIR_BAL_GAN_FAIR,0.8438545007848223,0.5852823730747291,0.19695625469187197,0.5852823730747291,0.9251816632277743,0.7110187110187111,3506.0,0.15614549921517773,-0.11318123245213185,0.41696694224658415,0.288981288981289,0.04652467651437081,1.1649145594025248,0.414717626925271,0.07048347698296065,1.1745585776116467,0.12356590464859353,-0.10692780099322707,0.34949274245257517,0.07481833677222571,-0.0704359109442481,0.3124886732905813,0.08414789646229391,0.414717626925271,0.07481833677222571,0.9251816632277743,0.5852823730747291,0.8764340953514065,1454.0,834.0,1454.0,834.0,10313.0,11767.0,2886.0,10313.0,2052.0,0.7110187110187111,0.07045969396360438,-0.07045969396360438,0.013589825326359212,9.234167620047712e-05,9.205451323161066e-05,0.013589825326359212,9.234167620047712e-05,9.205451323161066e-05,0.4102387023728841,0.0585866503039274,0.34289002316502726,-0.07048347698296065,0.07048347698296065,-0.07672623875379891,-0.16603230721179468,0.12562272597368404,0.9251816632277743,0.5852823730747291,-0.07048347698296065,0.23926840919948134,[0.7590391],11147.0,-0.19359515032530977,1.0108897248677533,0.6420525657071339,0.5476070951667108,0.15614549921517773,0.7552320181512517,0.7552320181512517,0.8084454350217043,-1057034257.9935657,-4.7566038712545944e-05,0.9295165230170394,0.612354521038496,0.6909401659615362,,,,,,,
ab0f8ebb-05c7-40cf-820c-1eb725a7a660,BernoulliNB,PREPROCESSING,DIR,DIR_BAL_GAN_FAIR,0.8057735617279738,0.6962350256702795,0.28813212311472053,0.6962350256702795,0.8402260697945636,0.5781620085267646,3506.0,0.19422643827202624,-0.08907498827287275,0.6025508314277318,0.4218379914732354,0.18422225324284852,1.4813222421725956,0.3037649743297205,-0.020122532470111643,0.9344302077266549,0.10209951107276388,-0.10301335306334414,0.27358020557091767,0.15977393020543645,-0.07175702608087542,0.6181601770056167,0.08719032100098344,0.3037649743297205,0.15977393020543645,0.8402260697945636,0.6962350256702795,0.8979004889272362,1065.0,1781.0,1065.0,1781.0,9366.0,10431.0,4222.0,9366.0,2441.0,0.5781620085267646,0.04593977927549353,-0.025817246805381888,0.01539706773895779,0.00011853484747902737,0.00011811800887007266,0.01539706773895779,0.00011853484747902737,0.00011811800887007266,0.4175890827140562,-0.38274315693361705,0.5334161023684687,0.020122532470111643,0.07175702608087542,-0.14361780315309636,-0.1593938006904759,0.11294002288096522,0.8402260697945636,0.6962350256702795,0.020122532470111643,0.23926840919948134,[0.7590391],11147.0,-0.19359515032530977,1.0108897248677533,0.6317287784679089,0.5053602763315517,0.19422643827202624,0.7682305477324216,0.7682305477324216,0.7880641453866633,-293861131.12131953,0.051634493610763776,0.9798774675298885,0.662415196743555,0.7426128277099948,25.499930381774902,151.70000000000002,1.0,273581.3524479389,19.607667446136475,1142863.4519833324,98.7307037685601
ab0f8ebb-05c7-40cf-820c-1eb725a7a660,BaggingClassifier,PREPROCESSING,DIR,HYPERPARAMETER_BAL_GAN_FAIR,0.855592711390159,0.5832857957786651,0.18426260833958916,0.5832857957786651,0.941239795460662,0.7574074074074074,3506.0,0.14440728860984098,-0.09551483968302754,0.4587121774424004,0.24259259259259258,0.13073371474455486,1.5967926689576175,0.41671420422133487,0.002844858402510253,1.0068341205095177,0.12222872918932486,-0.11246351708200743,0.31390869789873493,0.05876020453933794,-0.03272236948540346,0.5429663280533545,0.07915981424559417,0.41671420422133487,0.05876020453933794,0.941239795460662,0.5832857957786651,0.8777712708106752,1461.0,655.0,1461.0,655.0,10492.0,11953.0,2700.0,10492.0,2045.0,0.7574074074074074,0.017783613943956802,-0.017783613943956802,0.03249487336494415,0.0005279583975018784,0.0005241103545631057,0.03249487336494415,0.0005279583975018784,0.0005241103545631057,0.39789399152436106,-0.1783758213331783,0.434649325138767,-0.002844858402510142,0.03272236948540346,-0.12159861591328114,-0.12856269455040775,0.12215190751299479,0.941239795460662,0.5832857957786651,-0.002844858402510142,0.23926840919948134,[0.7590391],11147.0,-0.19359515032530977,1.0108897248677533,0.6590396390589752,0.5772066109591557,0.14440728860984098,0.7622627956196636,0.7622627956196636,0.7758185829008049,-143926791.59505814,0.02987751108289321,0.9971551415974897,0.6188530791345135,0.7084431137925269,41.30215001106262,129.1,1.0,272920.75784769055,19.607667446136475,1140110.9744822977,98.49292029555404
ab0f8ebb-05c7-40cf-820c-1eb725a7a660,RandomForestClassifier,PREPROCESSING,DIR,HYPERPARAMETER_BAL_GAN_FAIR,0.8373711867876885,0.5638904734740445,0.19320275711458404,0.5638904734740445,0.9233874585090158,0.6983398092546803,3506.0,0.16262881321231148,-0.10518575067567804,0.46855813773824523,0.3016601907453197,0.13508775519948701,1.4866086785591428,0.4361095265259555,0.023404297573181854,1.0541167286586766,0.12933513787853154,-0.11670022896131035,0.32503357035569985,0.07661254149098412,-0.047800028505164724,0.498765645365347,0.0881914297759693,0.4361095265259555,0.07661254149098412,0.9233874585090158,0.5638904734740445,0.8706648621214684,1529.0,854.0,1529.0,854.0,10293.0,11822.0,2831.0,10293.0,1977.0,0.6983398092546803,0.035602163039173344,-0.035602163039173344,0.028257332802980574,0.00039923842856920096,0.000396696677552696,0.028257332802980574,0.00039923842856920096,0.000396696677552696,0.41997959420897896,-0.16493867371281312,0.4288589817441379,-0.023404297573181965,0.047800028505164724,-0.1258939920803987,-0.13650833499192594,0.13185747899574163,0.9233874585090158,0.5638904734740445,-0.023404297573181965,0.23926840919948134,[0.7590391],11147.0,-0.19359515032530977,1.0108897248677533,0.6239545526274263,0.5265580875429325,0.16262881321231148,0.7436389659915302,0.7436389659915301,0.7701141217010428,-151450277.93149334,0.02439573093198287,0.976595702426818,0.5924039253876695,0.6818119762729928,,,,,,,
ab0f8ebb-05c7-40cf-820c-1eb725a7a660,GradientBoostingClassifier,PREPROCESSING,DIR,HYPERPARAMETER_BAL_GAN_FAIR,0.8582542823995086,0.6788362806617227,0.2273254623626561,0.6788362806617227,0.9146855656230376,0.7145001501050735,3506.0,0.14174571760049137,-0.09120300020604988,0.4708269308664472,0.28549984989492644,0.09476878493286361,1.3507072650363192,0.32116371933827725,0.06154799022917745,1.1975137021222357,0.09945239357004063,-0.08661176953465702,0.348581902373143,0.08531443437696241,-0.06663507603053902,0.4021377416809652,0.07252348576719314,0.32116371933827725,0.08531443437696241,0.9146855656230376,0.6788362806617227,0.9005476064299593,1126.0,951.0,1126.0,951.0,10196.0,11322.0,3331.0,10196.0,2380.0,0.7145001501050735,0.06409153312985824,-0.06409153312985824,0.007565980891380416,2.8622033424366795e-05,2.857216080376194e-05,0.007565980891380416,2.8622033424366795e-05,2.857216080376194e-05,0.38085032694535825,-0.04544112436243686,0.38056447115168346,-0.06154799022917745,0.06663507603053902,-0.09069027723376029,-0.17776323619578846,0.10307478549505138,0.9146855656230376,0.6788362806617227,-0.06154799022917745,0.23926840919948134,[0.7590391],11147.0,-0.19359515032530977,1.0108897248677533,0.6962117887962557,0.6041889439670115,0.14174571760049137,0.7967609231423801,0.7967609231423802,0.8478265522445365,-214556512.28786296,0.0050870858013615655,0.9384520097708225,0.6874142537367319,0.7547096957737682,99.89271068572998,140.6,1.0,274070.0630940437,19.607667446136475,1144899.7463421025,98.90661697566496
ab0f8ebb-05c7-40cf-820c-1eb725a7a660,XGBClassifier,PREPROCESSING,DIR,DIR_DEMV,0.8522486862758479,0.6768397033656589,0.2323756227393708,0.6768397033656589,0.907419036512066,0.6969162995594713,3506.0,0.14775131372415207,-0.07238764559894739,0.579244108924566,0.3030837004405286,0.20497692814765983,1.792835288118307,0.32316029663434115,-0.06266259880049252,0.8117579942727597,0.10072901849217639,-0.10425007246348106,0.2523810726275105,0.09258096348793397,-0.023276573487455668,0.7711531076864663,0.07488061618835577,0.32316029663434115,0.09258096348793397,0.907419036512066,0.6768397033656589,0.8992709815078236,1133.0,1032.0,1133.0,1032.0,10115.0,11248.0,3405.0,10115.0,2373.0,0.6969162995594713,0.042969586143974094,0.019693012656518426,0.03345700152368259,0.0005596854754778497,0.0005554896703925958,0.03345700152368259,0.0005596854754778497,0.0005554896703925958,0.38698996418087067,-0.4130995405154092,0.5498128215430557,0.06266259880049252,0.06266259880049252,-0.15461350030557047,-0.12322810503161016,0.10522999535676077,0.907419036512066,0.6768397033656589,0.06266259880049252,0.23926840919948134,[0.7590391],11147.0,-0.19359515032530977,1.0108897248677533,0.6867312979308349,0.5901928748871039,0.14775131372415207,0.7921293699388624,0.7921293699388625,0.7765299562310565,-238568807.81038103,-0.03938602531303685,0.9373374011995074,0.6817496229260935,0.749910007303683,,,,,,,
ab0f8ebb-05c7-40cf-820c-1eb725a7a660,GradientBoostingClassifier,PREPROCESSING,DIR,DIR_DEMV,0.8515662321708866,0.5507701083856247,0.1727291339657408,0.5507701083856247,0.9461738584372477,0.7629395495851442,3506.0,0.14843376782911344,-0.10586005004354115,0.4245374387359483,0.2370604504148558,0.08213482270900815,1.3671807791569373,0.4492298916143754,0.02963270048059735,1.0666454508910626,0.12992905461145027,-0.11563301727239307,0.33122498666376765,0.05382614156275231,-0.04116025607657263,0.4117730492348039,0.08263411395909946,0.4492298916143754,0.05382614156275231,0.9461738584372477,0.5507701083856247,0.8700709453885498,1575.0,600.0,1575.0,600.0,10547.0,12122.0,2531.0,10547.0,1931.0,0.7629395495851442,0.03539647827858496,-0.03539647827858496,0.03021931895912453,0.0004566036191766516,0.0004535012526524042,0.03021931895912453,0.0004566036191766516,0.0004535012526524042,0.40653195190316704,-0.05722155805241558,0.3849874888702245,-0.029632700480597296,0.04116025607657263,-0.09888391999070062,-0.13385492102341764,0.12966766477687897,0.9461738584372477,0.5507701083856247,-0.029632700480597296,0.23926840919948134,[0.7590391],11147.0,-0.19359515032530977,1.0108897248677533,0.6397217160841477,0.560866068159536,0.14843376782911344,0.7484719834114362,0.7484719834114362,0.7749652557143887,-185909694.7897872,0.011527555595975278,0.9703672995194028,0.5919227527013565,0.6803713293489004,39.33315658569336,129.8,1.0,282672.42867603304,19.607667446136475,1180742.9362670581,102.0030703275153
ab0f8ebb-05c7-40cf-820c-1eb725a7a660,AdaBoostClassifier,PREPROCESSING,DIR,DIR_DEMV,0.8414659114174572,0.5496292070735881,0.18228349143520098,0.5496292070735881,0.9332555844621871,0.7214526394608761,3506.0,0.1585340885825428,-0.10177784417718683,0.47179685985656145,0.27854736053912393,0.1805733909017928,1.7581158152435592,0.45037079292641186,-0.10444428446598086,0.7761476334383247,0.1317810048405942,-0.13476880855013196,0.25282300209036823,0.06674441553781287,-0.015756901581766576,0.7839326896459782,0.08731066358787315,0.45037079292641186,0.06674441553781287,0.9332555844621871,0.5496292070735881,0.8682189951594058,1579.0,744.0,1579.0,744.0,10403.0,11982.0,2671.0,10403.0,1927.0,0.7214526394608761,0.060100593023873716,0.04434369144210715,0.0510668703114127,0.0013039126217013219,0.0012892666762504264,0.0510668703114127,0.0013039126217013219,0.0012892666762504264,0.41787716756930654,-0.44919968710311475,0.5699620449706203,0.10444428446598086,0.10444428446598086,-0.15767109972596238,-0.09160833183349769,0.13331499163785923,0.9332555844621871,0.5496292070735881,0.10444428446598086,0.23926840919948134,[0.7590391],11147.0,-0.19359515032530977,1.0108897248677533,0.6239274728832767,0.533613590867188,0.1585340885825428,0.7414423957678876,0.7414423957678876,0.7085641029478598,-146495885.9109627,-0.0886873828842143,0.895555715534019,0.5844264159526878,0.6609700002530734,,,,,,,
ab0f8ebb-05c7-40cf-820c-1eb725a7a660,RandomForestClassifier,PREPROCESSING,DIR,DIR_DEMV,0.8382583771241384,0.7022247575584712,0.25851361495939396,0.7022247575584712,0.8810442271463174,0.6499472016895459,3506.0,0.16174162287586158,-0.11242095364814342,0.43639011085565166,0.35005279831045405,0.053480482940380325,1.1562829302561566,0.2977752424415288,0.10011121261468797,1.3547002533070642,0.0960883571099862,-0.08084080267539663,0.37106629114739276,0.11895577285368261,-0.11296261900754359,0.3081294926246832,0.07766740576198457,0.2977752424415288,0.11895577285368261,0.8810442271463174,0.7022247575584712,0.9039116428900138,1044.0,1326.0,1044.0,1326.0,9821.0,10865.0,3788.0,9821.0,2462.0,0.6499472016895459,0.10653691581111581,-0.10653691581111581,0.01171687329685482,6.864255992727476e-05,6.883163592448884e-05,0.01171687329685482,6.864255992727476e-05,6.883163592448884e-05,0.3941253753870323,0.06542309686004133,0.3406307073660386,-0.10011121261468803,0.11296261900754359,-0.06716064280788847,-0.21888676600174234,0.10401941687298231,0.8810442271463174,0.7022247575584712,-0.10011121261468803,0.23926840919948134,[0.7590391],11147.0,-0.19359515032530977,1.0108897248677533,0.6750754044420071,0.5683737203176157,0.16174162287586158,0.7916344923523944,0.7916344923523944,0.875972789617317,-185780867.68518057,0.012851406392855619,0.899888787385312,0.6883824968544667,0.7468985184064706,34.36748743057251,140.70000000000002,1.0,283047.5452265263,19.607667446136475,1182305.9218941133,102.1380949191859
ab0f8ebb-05c7-40cf-820c-1eb725a7a660,BaggingClassifier,PREPROCESSING,DIR,DIR_DEMV,0.839009076639596,0.5881346263548203,0.2031665870470211,0.5881346263548203,0.9179151341168027,0.6926436009405442,3506.0,0.160990923360404,-0.10425111075571825,0.46803521262176473,0.30735639905945583,0.11331572327044026,1.39182476926155,0.41186537364517967,0.07603541923183854,1.1900564656242243,0.1236724905789654,-0.10543117744610282,0.35620253164556964,0.08208486588319727,-0.06282583540151063,0.4113662392671742,0.08593673115435636,0.41186537364517967,0.08208486588319727,0.9179151341168027,0.5881346263548203,0.8763275094210347,1444.0,915.0,1444.0,915.0,10232.0,11676.0,2977.0,10232.0,2062.0,0.6926436009405442,0.06943062731667458,-0.06943062731667458,0.01657068586827021,0.00013729381507244503,0.0001367748541366053,0.01657068586827021,0.00013729381507244503,0.0001367748541366053,0.41457624426480677,-0.03823901213219827,0.37779719341061624,-0.07603541923183854,0.07603541923183854,-0.10937345035827153,-0.15976859248905703,0.12657840391463485,0.9179151341168027,0.5881346263548203,-0.07603541923183854,0.23926840919948134,[0.7590391],11147.0,-0.19359515032530977,1.0108897248677533,0.6361252506555607,0.53658894333908,0.160990923360404,0.7530248802358114,0.7530248802358115,0.8053078700556477,-1026904661.8020177,-0.013209583830327914,0.9239645807681613,0.6111893293812524,0.6889264928600597,,,,,,,
ab0f8ebb-05c7-40cf-820c-1eb725a7a660,BernoulliNB,PREPROCESSING,DIR,DIR_DEMV,0.8057735617279738,0.6962350256702795,0.28813212311472053,0.6962350256702795,0.8402260697945636,0.5781620085267646,3506.0,0.19422643827202624,-0.08907498827287275,0.6025508314277318,0.4218379914732354,0.18422225324284852,1.4813222421725956,0.3037649743297205,-0.020122532470111643,0.9344302077266549,0.10209951107276388,-0.10301335306334414,0.27358020557091767,0.15977393020543645,-0.07175702608087542,0.6181601770056167,0.08719032100098344,0.3037649743297205,0.15977393020543645,0.8402260697945636,0.6962350256702795,0.8979004889272362,1065.0,1781.0,1065.0,1781.0,9366.0,10431.0,4222.0,9366.0,2441.0,0.5781620085267646,0.04593977927549353,-0.025817246805381888,0.01539706773895779,0.00011853484747902737,0.00011811800887007266,0.01539706773895779,0.00011853484747902737,0.00011811800887007266,0.4175890827140562,-0.38274315693361705,0.5334161023684687,0.020122532470111643,0.07175702608087542,-0.14361780315309636,-0.1593938006904759,0.11294002288096522,0.8402260697945636,0.6962350256702795,0.020122532470111643,0.23926840919948134,[0.7590391],11147.0,-0.19359515032530977,1.0108897248677533,0.6317287784679089,0.5053602763315517,0.19422643827202624,0.7682305477324216,0.7682305477324216,0.7880641453866633,-293861131.12131953,0.051634493610763776,0.9798774675298885,0.662415196743555,0.7426128277099948,25.453499794006348,151.50000000000003,1.0,283322.9492974758,19.607667446136475,1183453.438856403,102.23722763453927
ab0f8ebb-05c7-40cf-820c-1eb725a7a660,BaggingClassifier,PREPROCESSING,DIR,HYPERPARAMETER_DEMV,0.852726404149321,0.5407872219053051,0.16679178325257626,0.5407872219053051,0.9508387907060195,0.7757774140752864,3506.0,0.147273595850679,-0.10350177782746595,0.43132431776060476,0.22422258592471359,0.11285527575289009,1.5524691358024691,0.4592127780946948,-0.0017662449855026519,0.9961560487530795,0.13186993201736424,-0.12068564470901624,0.31508014714736116,0.04916120929398044,-0.029344554726979326,0.516350331580151,0.08254143846388098,0.4592127780946948,0.04916120929398044,0.9508387907060195,0.5407872219053051,0.8681300679826358,1610.0,548.0,1610.0,548.0,10599.0,12209.0,2444.0,10599.0,1896.0,0.7757774140752864,0.015555399856240961,-0.013789154870738365,0.03807836743081173,0.0007249810330979518,0.000718825410083178,0.03807836743081173,0.0007249810330979518,0.000718825410083178,0.4063039218710077,-0.15637016014958727,0.4251440715075017,0.0017662449855025963,0.029344554726979326,-0.11677046023095318,-0.11879726048961653,0.1311337820929272,0.9508387907060195,0.5407872219053051,0.0017662449855025963,0.23926840919948134,[0.7590391],11147.0,-0.19359515032530977,1.0108897248677533,0.6373109243697479,0.5626381322792958,0.147273595850679,0.7458130063056624,0.7458130063056623,0.756097137354222,-139631860.89472404,0.027578309741476674,0.9982337550144975,0.5850948927634624,0.6787302192013263,42.70150399208069,129.20000000000002,1.0,282682.1473273754,19.607667446136475,1180783.4306476514,102.006568592061
ab0f8ebb-05c7-40cf-820c-1eb725a7a660,RandomForestClassifier,PREPROCESSING,DIR,HYPERPARAMETER_DEMV,0.8407152119019996,0.5792926411865373,0.19722923633385656,0.5792926411865373,0.9229389073293263,0.7027681660899654,3506.0,0.1592847880980004,-0.10688681078792084,0.4522894790362119,0.2972318339100346,0.0909871356529382,1.3210078512532437,0.42070735881346266,0.08950381300393218,1.2200085428362217,0.12539318201139166,-0.10514976903013992,0.3643892799871044,0.07706109267067372,-0.06509531102193175,0.365531457751704,0.08582292326487559,0.42070735881346266,0.07706109267067372,0.9229389073293263,0.5792926411865373,0.8746068179886084,1475.0,859.0,1475.0,859.0,10288.0,11763.0,2890.0,10288.0,2031.0,0.7027681660899654,0.07729956201293196,-0.07729956201293196,0.015193920606161981,0.00011542761169317684,0.00011502696917221144,0.015193920606161981,0.00011542761169317684,0.00011502696917221144,0.41430163713139145,0.0275825365569089,0.3536991381566964,-0.08950381300393218,0.08950381300393218,-0.09806845234153909,-0.16277010201723296,0.1277832468591301,0.9229389073293263,0.5792926411865373,-0.08950381300393218,0.23926840919948134,[0.7590391],11147.0,-0.19359515032530977,1.0108897248677533,0.6350844277673546,0.5384941339774317,0.1592847880980004,0.7511157742579319,0.7511157742579317,0.8091766946290742,-150121247.03519025,-0.024408501982000425,0.9104961869960677,0.6059069212410501,0.6819515863901915,,,,,,,
ab0f8ebb-05c7-40cf-820c-1eb725a7a660,GradientBoostingClassifier,PREPROCESSING,DIR,HYPERPARAMETER_DEMV,0.8582542823995086,0.6788362806617227,0.2273254623626561,0.6788362806617227,0.9146855656230376,0.7145001501050735,3506.0,0.14174571760049137,-0.09120300020604988,0.4708269308664472,0.28549984989492644,0.09476878493286361,1.3507072650363192,0.32116371933827725,0.06154799022917745,1.1975137021222357,0.09945239357004063,-0.08661176953465702,0.348581902373143,0.08531443437696241,-0.06663507603053902,0.4021377416809652,0.07252348576719314,0.32116371933827725,0.08531443437696241,0.9146855656230376,0.6788362806617227,0.9005476064299593,1126.0,951.0,1126.0,951.0,10196.0,11322.0,3331.0,10196.0,2380.0,0.7145001501050735,0.06409153312985824,-0.06409153312985824,0.007565980891380416,2.8622033424366795e-05,2.857216080376194e-05,0.007565980891380416,2.8622033424366795e-05,2.857216080376194e-05,0.38085032694535825,-0.04544112436243686,0.38056447115168346,-0.06154799022917745,0.06663507603053902,-0.09069027723376029,-0.17776323619578846,0.10307478549505139,0.9146855656230376,0.6788362806617227,-0.06154799022917745,0.23926840919948134,[0.7590391],11147.0,-0.19359515032530977,1.0108897248677533,0.6962117887962557,0.6041889439670115,0.14174571760049137,0.7967609231423801,0.7967609231423802,0.8478265522445365,-214550381.21598414,0.0050870858013615655,0.9384520097708225,0.6874142537367319,0.7547096957737682,104.22098636627197,139.10000000000002,1.0,283714.3991572619,19.607667446136475,1185084.479938845,102.37813146138355
ab0f8ebb-05c7-40cf-820c-1eb725a7a660,NEURONAL_NETWORK,IN_PROCESSING,RULER,DIR,0.8057735617279738,0.28836280661722763,0.09295024909574831,0.28836280661722763,0.9685117071857899,0.7422907488986784,3506.0,0.19422643827202624,-0.13682465826725287,0.43022888242516083,0.2577092511013216,0.2356855039299572,2.1491025951976717,0.7116371933827724,-0.02857022282241728,0.9601013672795851,0.18772101422014897,-0.16333593244579148,0.3317165385362667,0.0314882928142101,-0.001391669132680743,0.9565568354618463,0.11856744780978898,0.7116371933827724,0.0314882928142101,0.9685117071857899,0.28836280661722763,0.812278985779851,2495.0,351.0,2495.0,351.0,10796.0,13291.0,1362.0,10796.0,1011.0,0.7422907488986784,0.014980945977549011,0.013589276844868268,0.08117151021763272,0.0032944070355056263,0.003237415059303661,0.08117151021763272,0.0032944070355056263,0.003237415059303661,0.4869649839768543,-0.44798383964540345,0.5689423638447375,0.02857022282241728,0.02857022282241728,-0.19951071818787436,-0.04684254098729126,0.1970958457039682,0.9685117071857899,0.28836280661722763,0.02857022282241728,0.23926840919948134,[0.7590391],11147.0,-0.19359515032530977,1.0108897248677533,0.41536565324568614,0.3774318891739484,0.19422643827202624,0.6284372569015088,0.6284372569015088,0.6198972490378446,,-0.027178553689736536,0.9714297771775827,0.34040404040404043,0.4344815314522449,,,,,,,
ab0f8ebb-05c7-40cf-820c-1eb725a7a660,NEURONAL_NETWORK,IN_PROCESSING,RULER,SMOTE,0.7941718419436293,0.3029092983456931,0.11151300075069952,0.3029092983456931,0.9486857450435094,0.6499388004895961,3506.0,0.20582815805637067,-0.1362264578026463,0.45843168919290955,0.35006119951040393,0.23506208088359598,1.7969177864102401,0.6970907016543069,-0.03311057711403265,0.9528492647058824,0.18772563176895307,-0.16485616824521543,0.32749779444199384,0.051314254956490536,-0.008051763812767648,0.8521879456160215,0.12454263046612012,0.6970907016543069,0.051314254956490536,0.9486857450435094,0.3029092983456931,0.8122743682310469,2444.0,572.0,2444.0,572.0,10575.0,13019.0,1634.0,10575.0,1062.0,0.6499388004895961,0.020581170463400147,0.0125294066506325,0.07741041258997026,0.0029961859886747134,0.002946560152306698,0.07741041258997026,0.0029961859886747134,0.002946560152306698,0.4990844226503571,-0.5111623530058538,0.6062082203263219,0.03311057711403265,0.03311057711403265,-0.19995912456440568,-0.05059916971772507,0.19872752254524179,0.9486857450435094,0.3029092983456931,0.03311057711403265,0.23926840919948134,[0.7590391],11147.0,-0.19359515032530977,1.0108897248677533,0.4132295719844358,0.34101399126623966,0.20582815805637067,0.6257975216946012,0.6257975216946012,0.6179566500643315,,-0.025058813301265,0.9668894228859674,0.3495720868992759,0.4440809538159859,,,,,,,
ab0f8ebb-05c7-40cf-820c-1eb725a7a660,NEURONAL_NETWORK,IN_PROCESSING,RULER,ROS,0.7897358902613799,0.3097547062179121,0.11922473213676381,0.3097547062179121,0.9407015340450345,0.6216370921579851,3506.0,0.2102641097386201,-0.13310790678258266,0.47786519724608184,0.3783629078420149,0.2463983700257839,1.7710819579630415,0.6902452937820879,-0.027183788775469675,0.960856401384083,0.1875096854176352,-0.1640394955983821,0.3296470588235294,0.05929846595496546,-0.008772359793512416,0.8601789053146985,0.126467631972806,0.6902452937820879,0.05929846595496546,0.9407015340450345,0.3097547062179121,0.8124903145823648,2420.0,661.0,2420.0,661.0,10486.0,12906.0,1747.0,10486.0,1086.0,0.6216370921579851,0.017978074284491045,0.00920571449097863,0.07608838874412205,0.002894721450838319,0.00284752980941612,0.07608838874412205,0.002894721450838319,0.00284752980941612,0.5029266983821917,-0.5348952969435379,0.6208186726731411,0.027183788775469675,0.027183788775469675,-0.20521893281208298,-0.0517985995629337,0.19895021320504677,0.9407015340450345,0.3097547062179121,0.027183788775469675,0.23926840919948134,[0.7590391],11147.0,-0.19359515032530977,1.0108897248677533,0.413478012564249,0.32974219943357425,0.2102641097386201,0.6252281201314732,0.6252281201314733,0.6194724485658116,,-0.01841142898195726,0.9728162112245303,0.3541785568691398,0.4494508177701024,,,,,,,
ab0f8ebb-05c7-40cf-820c-1eb725a7a660,NEURONAL_NETWORK,IN_PROCESSING,RULER,RUS,0.7861871289155804,0.3111808328579578,0.12345594758752473,0.3111808328579578,0.935588050596573,0.6030956329463792,3506.0,0.2138128710844196,-0.13202106905610955,0.48851686099073516,0.3969043670536208,0.25050707912432685,1.7450004457254926,0.6888191671420422,-0.0254957401596696,0.9631976694186446,0.1880255372158206,-0.16426295415665615,0.3303803062765942,0.06441194940342693,-0.009284602059596053,0.8635707280874108,0.12816802417968476,0.6888191671420422,0.06441194940342693,0.935588050596573,0.3111808328579578,0.8119744627841794,2415.0,718.0,2415.0,718.0,10429.0,12844.0,1809.0,10429.0,1091.0,0.6030956329463792,0.0173901711096328,0.008105569050036746,0.07575616681607492,0.002869498405332485,0.002822906040458062,0.07575616681607492,0.002869498405332485,0.002822906040458062,0.5062964036603159,-0.5536203445049515,0.6325822660541354,0.025495740159669544,0.025495740159669544,-0.2073850166404915,-0.05173887769512946,0.1999122221961476,0.935588050596573,0.3111808328579578,0.025495740159669544,0.23926840919948134,[0.7590391],11147.0,-0.19359515032530977,1.0108897248677533,0.4105362182502352,0.32004122246797395,0.2138128710844196,0.6233844417272654,0.6233844417272654,0.6183315560901264,,-0.016211138100073547,0.9745042598403303,0.35401963170276624,0.4494000287676204,,,,,,,
ab0f8ebb-05c7-40cf-820c-1eb725a7a660,NEURONAL_NETWORK,IN_PROCESSING,RULER,FOS,0.8042721626970586,0.28636622932116373,0.09349621237971746,0.28636622932116373,0.967166053646721,0.7328467153284671,3506.0,0.1957278373029414,-0.13755387501547878,0.4313271646918465,0.2671532846715328,0.2350241005573924,2.0957483284759126,0.7136337706788363,-0.028757645867259818,0.9599529162864017,0.1883610630128736,-0.16389895786984965,0.3316898629030531,0.03283394635327891,-0.002100821187749853,0.9375834968165899,0.11955397765374477,0.7136337706788363,0.03283394635327891,0.967166053646721,0.28636622932116373,0.8116389369871264,2502.0,366.0,2502.0,366.0,10781.0,13283.0,1370.0,10781.0,1004.0,0.7328467153284671,0.015429233527504835,0.013328412339754982,0.08117301158266554,0.003294528904699777,0.0032375338554212377,0.08117301158266554,0.003294528904699777,0.0032375338554212377,0.48898666168668603,-0.4530752956766524,0.571854401120692,0.028757645867259818,0.028757645867259818,-0.19946152921362104,-0.04674597078971903,0.19809294282768794,0.967166053646721,0.28636622932116373,0.028757645867259818,0.23926840919948134,[0.7590391],11147.0,-0.19359515032530977,1.0108897248677533,0.4118129614438064,0.3715436589081159,0.1957278373029414,0.6267661414839424,0.6267661414839424,0.6184123439096472,,-0.026656824679509965,0.9712423541327402,0.33781965006729475,0.4316591568200336,,,,,,,
ab0f8ebb-05c7-40cf-820c-1eb725a7a660,NEURONAL_NETWORK,IN_PROCESSING,RULER,FAIR_SMOTE,0.23926840919948134,1.0,1.0,1.0,0.0,0.23926840919948134,3506.0,0.7607315908005187,0.19359515032530972,1.2782465874767073,0.7607315908005187,0.19359515032530972,1.2782465874767073,0.0,0.0,,0.0,0.0,,1.0,0.0,1.0,0.029356245117480875,0.0,1.0,0.0,1.0,0.0,0.0,11147.0,0.0,11147.0,0.0,0.0,14653.0,0.0,3506.0,0.23926840919948134,0.0,0.0,0.05191766532899701,0.0013477219866068692,0.00133234550867148,0.05191766532899701,0.0013477219866068692,0.00133234550867148,0.2423066037791,-0.3278586066655269,1.0,0.0,0.0,-0.09679757516265489,0.0,0.03322499000751864,0.0,1.0,0.0,0.23926840919948134,[0.7590391],11147.0,-0.19359515032530977,1.0108897248677533,0.3861446114874167,0.0,0.7607315908005187,0.5,0.5,0.5,,0.0,1.0,0.5571491001549401,0.653637013330019,,,,,,,
ab0f8ebb-05c7-40cf-820c-1eb725a7a660,NEURONAL_NETWORK,IN_PROCESSING,RULER,BAL_GAN_FAIR,0.7801132873814236,0.3120365088419852,0.12993926158465843,0.3120365088419852,0.9273347088902844,0.5745798319327731,3506.0,0.2198867126185764,-0.13106150846868203,0.5033029013425114,0.4254201680672269,0.2522455894810504,1.6958666937614306,0.6879634911580148,-0.028834601024744888,0.9583578311870822,0.1891913091222841,-0.1656305063125998,0.3291601092448726,0.07266529110971562,-0.009695469373455542,0.8732102132513748,0.1310571499380778,0.6879634911580148,0.07266529110971562,0.9273347088902844,0.3120365088419852,0.8108086908777159,2412.0,810.0,2412.0,810.0,10337.0,12749.0,1904.0,10337.0,1094.0,0.5745798319327731,0.019265035199100188,0.009569565825644645,0.07603580843403412,0.0028907220821085674,0.002843625618300414,0.07603580843403412,0.0028907220821085674,0.002843625618300414,0.5119709951512444,-0.5932077132934501,0.6581755389998823,0.028834601024744833,0.028834601024744833,-0.20893804789682507,-0.050171236110226794,0.2018195973205558,0.9273347088902844,0.3120365088419852,0.028834601024744833,0.23926840919948134,[0.7590391],11147.0,-0.19359515032530977,1.0108897248677533,0.4044362292051756,0.303728365493227,0.2198867126185764,0.6196856088661348,0.6196856088661348,0.6137554866408855,,-0.019139131651289346,0.9711653989752552,0.352278216068266,0.4472924304333303,,,,,,,
ab0f8ebb-05c7-40cf-820c-1eb725a7a660,NEURONAL_NETWORK,IN_PROCESSING,RULER,DEMV,0.7840032757797039,0.3111808328579578,0.12563980072340136,0.3111808328579578,0.9327173230465596,0.5926127104834329,3506.0,0.21599672422029614,-0.13316522640666617,0.4891660187961774,0.4073872895165671,0.24472646750121602,1.7038414106646544,0.6888191671420422,-0.029847430194224867,0.956958087519331,0.1884951607867624,-0.16536813183511856,0.3282221557778826,0.06728267695344038,-0.010621853469004947,0.8513379433904142,0.1292459534085574,0.6888191671420422,0.06728267695344038,0.9327173230465596,0.3111808328579578,0.8115048392132376,2415.0,750.0,2415.0,750.0,10397.0,12812.0,1841.0,10397.0,1091.0,0.5926127104834329,0.020234641831614934,0.009612788362609988,0.07561223821963746,0.002858605284291602,0.0028122710041221517,0.07561223821963746,0.002858605284291602,0.0028122710041221517,0.5084209936825139,-0.5632007251806077,0.6386860972605014,0.029847430194224922,0.029847430194224922,-0.20504729966816726,-0.05165868453300966,0.20067165378639412,0.9327173230465596,0.3111808328579578,0.029847430194224922,0.23926840919948134,[0.7590391],11147.0,-0.19359515032530977,1.0108897248677533,0.408079296801945,0.31394828418016574,0.21599672422029614,0.6219490779522586,0.6219490779522587,0.6159704130935832,,-0.01922557672521992,0.9701525698057751,0.353103001860992,0.448106612774501,,,,,,,
ab0f8ebb-05c7-40cf-820c-1eb725a7a660,NEURONAL_NETWORK,IN_PROCESSING,FairODTrainer,FairODTrainer,0.23926840919948134,1.0,1.0,1.0,0.0,0.23926840919948134,3506.0,0.7607315908005187,0.19359515032530972,1.2782465874767073,0.7607315908005187,0.19359515032530972,1.2782465874767073,0.0,0.0,,0.0,0.0,,1.0,0.0,1.0,0.029356245117480875,0.0,1.0,0.0,1.0,0.0,0.0,11147.0,0.0,11147.0,0.0,0.0,14653.0,0.0,3506.0,0.23926840919948134,0.0,0.0,0.05191766532899701,0.0013477219866068692,0.00133234550867148,0.05191766532899701,0.0013477219866068692,0.00133234550867148,0.2423066037791,-0.3278586066655269,1.0,0.0,0.0,-0.09679757516265489,0.0,0.03322499000751864,0.0,1.0,0.0,0.23926840919948134,[0.7590391],11147.0,-0.19359515032530977,1.0108897248677533,0.3861446114874167,0.0,0.7607315908005187,0.5,0.5,0.5,-659802587.1075733,0.0,1.0,0.5571491001549401,0.653637013330019,,,,,,,
ab0f8ebb-05c7-40cf-820c-1eb725a7a660,NEURONAL_NETWORK,IN_PROCESSING,FairODTrainer,BAL_GAN_FAIR,0.23926840919948134,1.0,1.0,1.0,0.0,0.23926840919948134,3506.0,0.7607315908005187,0.19359515032530972,1.2782465874767073,0.7607315908005187,0.19359515032530972,1.2782465874767073,0.0,0.0,,0.0,0.0,,1.0,0.0,1.0,0.029356245117480875,0.0,1.0,0.0,1.0,0.0,0.0,11147.0,0.0,11147.0,0.0,0.0,14653.0,0.0,3506.0,0.23926840919948134,0.0,0.0,0.05191766532899701,0.0013477219866068692,0.00133234550867148,0.05191766532899701,0.0013477219866068692,0.00133234550867148,0.2423066037791,-0.3278586066655269,1.0,0.0,0.0,-0.09679757516265489,0.0,0.03322499000751864,0.0,1.0,0.0,0.23926840919948134,[0.7590391],11147.0,-0.19359515032530977,1.0108897248677533,0.3861446114874167,0.0,0.7607315908005187,0.5,0.5,0.5,-1153376273.533796,0.0,1.0,0.5571491001549401,0.653637013330019,5037.380496501923,685.0000000000001,1.0,2746019.5714964867,19.607667446136475,11444689.364685616,988.6939978936739
ab0f8ebb-05c7-40cf-820c-1eb725a7a660,NEURONAL_NETWORK,IN_PROCESSING,FairODTrainer,DEMV,0.23926840919948134,1.0,1.0,1.0,0.0,0.23926840919948134,3506.0,0.7607315908005187,0.19359515032530972,1.2782465874767073,0.7607315908005187,0.19359515032530972,1.2782465874767073,0.0,0.0,,0.0,0.0,,1.0,0.0,1.0,0.029356245117480875,0.0,1.0,0.0,1.0,0.0,0.0,11147.0,0.0,11147.0,0.0,0.0,14653.0,0.0,3506.0,0.23926840919948134,0.0,0.0,0.05191766532899701,0.0013477219866068692,0.00133234550867148,0.05191766532899701,0.0013477219866068692,0.00133234550867148,0.2423066037791,-0.3278586066655269,1.0,0.0,0.0,-0.09679757516265489,0.0,0.03322499000751864,0.0,1.0,0.0,0.23926840919948134,[0.7590391],11147.0,-0.19359515032530977,1.0108897248677533,0.3861446114874167,0.0,0.7607315908005187,0.5,0.5,0.5,-839462870.2464734,0.0,1.0,0.5571491001549401,0.653637013330019,2760.6015660762787,793.0000000000002,1.0,2999143.3739099265,19.607667446136475,12499371.874741614,1079.806848067956
ab0f8ebb-05c7-40cf-820c-1eb725a7a660,NEURONAL_NETWORK,IN_PROCESSING,DISTRACTION,DIR,0.23926840919948134,1.0,1.0,1.0,0.0,0.23926840919948134,3506.0,0.7607315908005187,0.19359515032530972,1.2782465874767073,0.7607315908005187,0.19359515032530972,1.2782465874767073,0.0,0.0,,0.0,0.0,,1.0,0.0,1.0,0.029356245117480875,0.0,1.0,0.0,1.0,0.0,0.0,11147.0,0.0,11147.0,0.0,0.0,14653.0,0.0,3506.0,0.23926840919948134,0.0,0.0,0.05191766532899701,0.0013477219866068692,0.00133234550867148,0.05191766532899701,0.0013477219866068692,0.00133234550867148,0.2423066037791,-0.3278586066655269,1.0,0.0,0.0,-0.09679757516265489,0.0,0.03322499000751864,0.0,1.0,0.0,0.23926840919948134,[0.7590391],11147.0,-0.19359515032530977,1.0108897248677533,0.3861446114874167,0.0,0.7607315908005187,0.5,0.5,0.5,,0.0,1.0,0.5571491001549401,0.653637013330019,,,,,,,
ab0f8ebb-05c7-40cf-820c-1eb725a7a660,NEURONAL_NETWORK,IN_PROCESSING,DISTRACTION,SMOTE,0.23926840919948134,1.0,1.0,1.0,0.0,0.23926840919948134,3506.0,0.7607315908005187,0.19359515032530972,1.2782465874767073,0.7607315908005187,0.19359515032530972,1.2782465874767073,0.0,0.0,,0.0,0.0,,1.0,0.0,1.0,0.029356245117480875,0.0,1.0,0.0,1.0,0.0,0.0,11147.0,0.0,11147.0,0.0,0.0,14653.0,0.0,3506.0,0.23926840919948134,0.0,0.0,0.05191766532899701,0.0013477219866068692,0.00133234550867148,0.05191766532899701,0.0013477219866068692,0.00133234550867148,0.2423066037791,-0.3278586066655269,1.0,0.0,0.0,-0.09679757516265489,0.0,0.03322499000751864,0.0,1.0,0.0,0.23926840919948134,[0.7590391],11147.0,-0.19359515032530977,1.0108897248677533,0.3861446114874167,0.0,0.7607315908005187,0.5,0.5,0.5,,0.0,1.0,0.5571491001549401,0.653637013330019,,,,,,,
ab0f8ebb-05c7-40cf-820c-1eb725a7a660,NEURONAL_NETWORK,IN_PROCESSING,DISTRACTION,ROS,0.23926840919948134,1.0,1.0,1.0,0.0,0.23926840919948134,3506.0,0.7607315908005187,0.19359515032530972,1.2782465874767073,0.7607315908005187,0.19359515032530972,1.2782465874767073,0.0,0.0,,0.0,0.0,,1.0,0.0,1.0,0.029356245117480875,0.0,1.0,0.0,1.0,0.0,0.0,11147.0,0.0,11147.0,0.0,0.0,14653.0,0.0,3506.0,0.23926840919948134,0.0,0.0,0.05191766532899701,0.0013477219866068692,0.00133234550867148,0.05191766532899701,0.0013477219866068692,0.00133234550867148,0.2423066037791,-0.3278586066655269,1.0,0.0,0.0,-0.09679757516265489,0.0,0.03322499000751864,0.0,1.0,0.0,0.23926840919948134,[0.7590391],11147.0,-0.19359515032530977,1.0108897248677533,0.3861446114874167,0.0,0.7607315908005187,0.5,0.5,0.5,,0.0,1.0,0.5571491001549401,0.653637013330019,,,,,,,
ab0f8ebb-05c7-40cf-820c-1eb725a7a660,NEURONAL_NETWORK,IN_PROCESSING,DISTRACTION,RUS,0.7607315908005187,0.0,0.0,0.0,1.0,0.0,3506.0,0.23926840919948134,-0.19359515032530972,0.363658884683587,0.0,0.0,,1.0,0.0,1.0,0.23926840919948134,-0.19359515032530977,0.36365888468358687,0.0,0.0,,0.15726204359917456,1.0,0.0,1.0,0.0,0.7607315908005187,3506.0,0.0,3506.0,0.0,11147.0,14653.0,0.0,11147.0,0.0,0.0,0.0,0.0,0.12016468695508215,0.007219775995506444,0.007042237108833318,0.12016468695508215,0.007219775995506444,0.007042237108833318,0.5608244709339537,-0.32785860666513433,,0.0,0.0,-0.09679757516265489,0.0,0.2734746892484015,1.0,0.0,0.0,0.23926840919948134,[0.7590391],11147.0,-0.19359515032530977,1.0108897248677533,0.0,0.0,0.23926840919948134,0.5,0.5,0.5,-1774374997.0878372,0.0,1.0,1.0,1.2,,,,,,,
ab0f8ebb-05c7-40cf-820c-1eb725a7a660,NEURONAL_NETWORK,IN_PROCESSING,DISTRACTION,FOS,0.23926840919948134,1.0,1.0,1.0,0.0,0.23926840919948134,3506.0,0.7607315908005187,0.19359515032530972,1.2782465874767073,0.7607315908005187,0.19359515032530972,1.2782465874767073,0.0,0.0,,0.0,0.0,,1.0,0.0,1.0,0.029356245117480875,0.0,1.0,0.0,1.0,0.0,0.0,11147.0,0.0,11147.0,0.0,0.0,14653.0,0.0,3506.0,0.23926840919948134,0.0,0.0,0.05191766532899701,0.0013477219866068692,0.00133234550867148,0.05191766532899701,0.0013477219866068692,0.00133234550867148,0.2423066037791,-0.3278586066655269,1.0,0.0,0.0,-0.09679757516265489,0.0,0.03322499000751864,0.0,1.0,0.0,0.23926840919948134,[0.7590391],11147.0,-0.19359515032530977,1.0108897248677533,0.3861446114874167,0.0,0.7607315908005187,0.5,0.5,0.5,,0.0,1.0,0.5571491001549401,0.653637013330019,,,,,,,
ab0f8ebb-05c7-40cf-820c-1eb725a7a660,NEURONAL_NETWORK,IN_PROCESSING,DISTRACTION,FAIR_SMOTE,0.23926840919948134,1.0,1.0,1.0,0.0,0.23926840919948134,3506.0,0.7607315908005187,0.19359515032530972,1.2782465874767073,0.7607315908005187,0.19359515032530972,1.2782465874767073,0.0,0.0,,0.0,0.0,,1.0,0.0,1.0,0.029356245117480875,0.0,1.0,0.0,1.0,0.0,0.0,11147.0,0.0,11147.0,0.0,0.0,14653.0,0.0,3506.0,0.23926840919948134,0.0,0.0,0.05191766532899701,0.0013477219866068692,0.00133234550867148,0.05191766532899701,0.0013477219866068692,0.00133234550867148,0.2423066037791,-0.3278586066655269,1.0,0.0,0.0,-0.09679757516265489,0.0,0.03322499000751864,0.0,1.0,0.0,0.23926840919948134,[0.7590391],11147.0,-0.19359515032530977,1.0108897248677533,0.3861446114874167,0.0,0.7607315908005187,0.5,0.5,0.5,,0.0,1.0,0.5571491001549401,0.653637013330019,,,,,,,
ab0f8ebb-05c7-40cf-820c-1eb725a7a660,NEURONAL_NETWORK,IN_PROCESSING,DISTRACTION,BAL_GAN_FAIR,0.23926840919948134,1.0,1.0,1.0,0.0,0.23926840919948134,3506.0,0.7607315908005187,0.19359515032530972,1.2782465874767073,0.7607315908005187,0.19359515032530972,1.2782465874767073,0.0,0.0,,0.0,0.0,,1.0,0.0,1.0,0.029356245117480875,0.0,1.0,0.0,1.0,0.0,0.0,11147.0,0.0,11147.0,0.0,0.0,14653.0,0.0,3506.0,0.23926840919948134,0.0,0.0,0.05191766532899701,0.0013477219866068692,0.00133234550867148,0.05191766532899701,0.0013477219866068692,0.00133234550867148,0.2423066037791,-0.3278586066655269,1.0,0.0,0.0,-0.09679757516265489,0.0,0.03322499000751864,0.0,1.0,0.0,0.23926840919948134,[0.7590391],11147.0,-0.19359515032530977,1.0108897248677533,0.3861446114874167,0.0,0.7607315908005187,0.5,0.5,0.5,,0.0,1.0,0.5571491001549401,0.653637013330019,,,,,,,
ab0f8ebb-05c7-40cf-820c-1eb725a7a660,NEURONAL_NETWORK,IN_PROCESSING,DISTRACTION,DEMV,0.23926840919948134,1.0,1.0,1.0,0.0,0.23926840919948134,3506.0,0.7607315908005187,0.19359515032530972,1.2782465874767073,0.7607315908005187,0.19359515032530972,1.2782465874767073,0.0,0.0,,0.0,0.0,,1.0,0.0,1.0,0.029356245117480875,0.0,1.0,0.0,1.0,0.0,0.0,11147.0,0.0,11147.0,0.0,0.0,14653.0,0.0,3506.0,0.23926840919948134,0.0,0.0,0.05191766532899701,0.0013477219866068692,0.00133234550867148,0.05191766532899701,0.0013477219866068692,0.00133234550867148,0.2423066037791,-0.3278586066655269,1.0,0.0,0.0,-0.09679757516265489,0.0,0.03322499000751864,0.0,1.0,0.0,0.23926840919948134,[0.7590391],11147.0,-0.19359515032530977,1.0108897248677533,0.3861446114874167,0.0,0.7607315908005187,0.5,0.5,0.5,,0.0,1.0,0.5571491001549401,0.653637013330019,,,,,,,
ab0f8ebb-05c7-40cf-820c-1eb725a7a660,NEURONAL_NETWORK,IN_PROCESSING,FAIR_FOR_FREE,DIR,0.8552514843376783,0.5804335424985738,0.183238927182147,0.5804335424985738,0.9416883466403516,0.7579143389199255,3506.0,0.14474851566232172,-0.10551711408560405,0.41430181143817496,0.24208566108007448,-0.005371071535090144,0.9778749544484356,0.4195664575014261,0.12784361719029275,1.3198249950317966,0.12291109625668449,-0.09759612542941108,0.3910133659860734,0.05831165335964834,-0.06585118400070324,0.2174106659284846,0.07945928477932834,0.4195664575014261,0.05831165335964834,0.9416883466403516,0.5804335424985738,0.8770889037433155,1471.0,650.0,1471.0,650.0,10497.0,11968.0,2685.0,10497.0,2035.0,0.7579143389199255,0.09684740059549796,-0.09684740059549796,0.010487512690955596,5.499396122147733e-05,5.486154682742961e-05,0.010487512690955596,5.499396122147733e-05,5.486154682742961e-05,0.3986459200326233,0.24604575208409396,0.28419220733685135,-0.1278436171902927,0.1278436171902927,-0.04611252694716044,-0.17262907735960076,0.12280575598166052,0.9416883466403516,0.5804335424985738,-0.1278436171902927,0.23926840919948134,[0.7590391],11147.0,-0.19359515032530977,1.0108897248677533,0.6574059118074624,0.5758029981414433,0.14474851566232172,0.7610609445694627,0.7610609445694627,0.8347677187457696,,-0.06199243318958951,0.8721563828097073,0.6165265469968946,0.683283559700313,,,,,,,
ab0f8ebb-05c7-40cf-820c-1eb725a7a660,NEURONAL_NETWORK,IN_PROCESSING,FAIR_FOR_FREE,SMOTE,0.8521804408653518,0.6620079863091842,0.22534634545826793,0.6620079863091842,0.9119942585449,0.7029073288915808,3506.0,0.14781955913464817,-0.10493564577073922,0.4266815672144126,0.29709267110841914,-0.018963337547408365,0.9366162847391516,0.3379920136908157,0.21352077292767213,1.700385968340825,0.10439608845035679,-0.07089600195713949,0.4662779387545578,0.08800574145510003,-0.10643590176210124,0.17975335775145185,0.07591185343399826,0.3379920136908157,0.08800574145510003,0.9119942585449,0.6620079863091842,0.8956039115496433,1185.0,981.0,1185.0,981.0,10166.0,11351.0,3302.0,10166.0,2321.0,0.7029073288915808,0.15997833734488665,-0.15997833734488665,0.016349305433795515,0.00013364989408376778,0.00013416613743262332,0.016349305433795515,0.00013364989408376778,0.00013416613743262332,0.3896456170265444,0.39320713153362075,0.2453183015040828,-0.21352077292767208,0.21352077292767208,-0.02596633220486559,-0.22773775987890355,0.10814091504503776,0.9119942585449,0.6620079863091842,-0.21352077292767208,0.23926840919948134,[0.7590391],11147.0,-0.19359515032530977,1.0108897248677533,0.6818448883666275,0.5861286510516827,0.14781955913464817,0.7870011224270421,0.7870011224270421,0.9129042534814799,,-0.10708487116557089,0.786479227072328,0.67178002894356,0.7061059119892951,965.5883450508118,311.00000000000006,1.0,3831341.012533045,19.607667446136475,15966862.035671273,1379.3594703038239
ab0f8ebb-05c7-40cf-820c-1eb725a7a660,NEURONAL_NETWORK,IN_PROCESSING,FAIR_FOR_FREE,ROS,0.775540844878182,0.8904734740444952,0.4113150890602607,0.8904734740444952,0.739391764600341,0.5180023228803716,3506.0,0.22445915512181802,-0.1428405867724689,0.47560484433757255,0.4819976771196283,0.07925103638495712,1.1688203513416642,0.10952652595550486,0.1162283532589268,2.270363034512698,0.04451657778808254,-0.0295836822021901,0.4908550044612006,0.2606082353996591,-0.2316647887150875,0.3409083247559837,0.07092524877310206,0.10952652595550486,0.2606082353996591,0.739391764600341,0.8904734740444952,0.9554834222119175,384.0,2905.0,384.0,2905.0,8242.0,8626.0,6027.0,8242.0,3122.0,0.5180023228803716,0.1739465709870072,-0.1739465709870072,0.053636145350799413,0.0014384180440460408,0.0014573947085532264,0.053636145350799413,0.0014384180440460408,0.0014573947085532264,0.3766304522289775,-0.0245665350507297,0.37282453395128856,-0.11622835325892689,0.2316647887150875,-0.05441735929357361,-0.3267290431182277,0.0757416164864896,0.739391764600341,0.8904734740444952,-0.11622835325892689,0.23926840919948134,[0.7590391],11147.0,-0.19359515032530977,1.0108897248677533,0.6549879366411413,0.54610641071817,0.22445915512181802,0.8149326193224181,0.814932619322418,0.9566873540390128,,0.1154364354561607,0.8837716467410731,0.7547899667573285,0.7933868006816418,,,,,,,
ab0f8ebb-05c7-40cf-820c-1eb725a7a660,NEURONAL_NETWORK,IN_PROCESSING,FAIR_FOR_FREE,RUS,0.7906230805978298,0.8707929264118653,0.386814986692145,0.8707929264118653,0.7654077330223379,0.5386379675370501,3506.0,0.20937691940217018,-0.1430978984085699,0.44405381528099086,0.4613620324629499,0.0579107757673431,1.127929444129784,0.12920707358813463,0.12557095762005005,2.1444343891402715,0.05041736227045075,-0.034610943795932166,0.4762565489587865,0.23459226697766214,-0.2227209725837974,0.30824765324042025,0.07123250704766823,0.12920707358813463,0.23459226697766214,0.7654077330223379,0.8707929264118653,0.9495826377295492,453.0,2615.0,453.0,2615.0,8532.0,8985.0,5668.0,8532.0,3053.0,0.5386379675370501,0.17414596510192376,-0.17414596510192376,0.052833247019918816,0.00139567599533388,0.0014137973060673122,0.052833247019918816,0.00139567599533388,0.0014137973060673122,0.37744537895612984,0.04047270038505402,0.34932726767875166,-0.1255709576200501,0.2227209725837974,-0.046260859781637576,-0.3219947847497714,0.07796457436395325,0.7654077330223379,0.8707929264118653,-0.1255709576200501,0.23926840919948134,[0.7590391],11147.0,-0.19359515032530977,1.0108897248677533,0.6655766296054065,0.5573206177955167,0.20937691940217018,0.8181003297171016,0.8181003297171017,0.9605692011858883,,0.09715001496374734,0.8744290423799498,0.7544791795378722,0.7906307901871699,278.8734312057495,302.4,1.0,3786619.1916062357,19.607667446136475,15780521.115142902,1363.2616852248452
ab0f8ebb-05c7-40cf-820c-1eb725a7a660,NEURONAL_NETWORK,IN_PROCESSING,FAIR_FOR_FREE,FOS,0.8581860369890125,0.5633200228180263,0.1721149252712755,0.5633200228180263,0.9509285009419575,0.7831086439333862,3506.0,0.14181396301098748,-0.10385530454684999,0.4121306714720166,0.2168913560666138,-0.012798811067629118,0.9414228688481538,0.43667997718197377,0.12064210390435715,1.2886445167727834,0.12620558898689307,-0.10072722224194579,0.3873376546996351,0.04907149905804252,-0.056290476135499055,0.20889691837786187,0.0788921850208692,0.43667997718197377,0.04907149905804252,0.9509285009419575,0.5633200228180263,0.873794411013107,1531.0,547.0,1531.0,547.0,10600.0,12131.0,2522.0,10600.0,1975.0,0.7831086439333862,0.0884662900199281,-0.0884662900199281,0.015833373613876323,0.00012534785999829747,0.00012489478172527434,0.015833373613876323,0.00012534785999829747,0.00012489478172527434,0.39722080766462675,0.24791874405499947,0.28363637838711925,-0.12064210390435715,0.12064210390435715,-0.04396420558715832,-0.1623149290548495,0.12499071245593187,0.9509285009419575,0.5633200228180263,-0.12064210390435715,0.23926840919948134,[0.7590391],11147.0,-0.19359515032530977,1.0108897248677533,0.6552753815527538,0.5812154731763922,0.14181396301098748,0.7571242618799918,0.7571242618799918,0.8241042364125911,,-0.06435162776885808,0.8793578960956429,0.6058282208588958,0.6759102305767132,,,,,,,
ab0f8ebb-05c7-40cf-820c-1eb725a7a660,NEURONAL_NETWORK,IN_PROCESSING,FAIR_FOR_FREE,FAIR_SMOTE,0.5940080529584385,0.9706217912150599,0.6312018016788371,0.9706217912150599,0.47555396070691663,0.36793166828846363,3506.0,0.4059919470415615,-0.18495724591071272,0.6048400820305686,0.6320683317115364,0.1259026387095714,1.207308333315051,0.029378208784940102,0.0936010545339,7.301052807486632,0.019059955588452998,-5.053760957106704e-05,0.9973525184076976,0.5244460392930833,-0.3613987339844961,0.4575415413226287,0.06513108504176635,0.029378208784940102,0.5244460392930833,0.47555396070691663,0.9706217912150599,0.980940044411547,103.0,5846.0,103.0,5846.0,5301.0,5404.0,9249.0,5301.0,3403.0,0.36793166828846363,0.227499894259198,-0.227499894259198,0.06781802031615575,0.0022996419398012566,0.0023386010169839993,0.06781802031615575,0.0022996419398012566,0.0023386010169839993,0.3609185089234586,-0.03191537116992116,0.4844254758174227,-0.09360105453389989,0.3613987339844961,-0.06297658815957122,-0.39351214967139814,0.06665267282770133,0.47555396070691663,0.9706217912150599,-0.09360105453389989,0.23926840919948134,[0.7590391],11147.0,-0.19359515032530977,1.0108897248677533,0.5335946687573501,0.3945352946673276,0.4059919470415615,0.7230878759609882,0.7230878759609882,0.8875902912822212,,0.2677976794505961,0.9063989454661001,0.688622451560682,0.7485747037183442,585.621039390564,334.5,1.0,3811350.9219825985,19.607667446136475,15883569.991711082,1372.1639631728185
ab0f8ebb-05c7-40cf-820c-1eb725a7a660,NEURONAL_NETWORK,IN_PROCESSING,FAIR_FOR_FREE,BAL_GAN_FAIR,0.8469937896676448,0.6286366229321164,0.21456357059987716,0.6286366229321164,0.9156723782183547,0.7010178117048346,3506.0,0.15300621033235517,-0.10845649950225511,0.4273685037126052,0.2989821882951654,0.03713946247132088,1.1263766903666528,0.37136337706788364,0.11527261985145171,1.3261103151862463,0.11312885567816491,-0.09220417717372259,0.38143062037418585,0.08432762178164528,-0.08495507938472324,0.27793512201742127,0.08010711566774173,0.37136337706788364,0.08432762178164528,0.9156723782183547,0.6286366229321164,0.8868711443218351,1302.0,940.0,1302.0,940.0,10207.0,11509.0,3144.0,10207.0,2204.0,0.7010178117048346,0.1001138496180875,-0.1001138496180875,0.0014039213451983892,9.854975717518274e-07,9.851768386893952e-07,0.0014039213451983892,9.854975717518274e-07,9.851768386893952e-07,0.4002676995905159,0.14212282840640933,0.31540924479096366,-0.11527261985145176,0.11527261985145176,-0.06467181982252171,-0.19069537059643657,0.1161995548785519,0.9156723782183547,0.6286366229321164,-0.11527261985145176,0.23926840919948134,[0.7590391],11147.0,-0.19359515032530977,1.0108897248677533,0.6628571428571428,0.5656794590952281,0.15300621033235517,0.7721545005752355,0.7721545005752355,0.8494578601277539,,-0.030317540466728465,0.8847273801485483,0.6452935148587322,0.7092774597273158,,,,,,,
ab0f8ebb-05c7-40cf-820c-1eb725a7a660,NEURONAL_NETWORK,IN_PROCESSING,FAIR_FOR_FREE,DEMV,0.8459701085102027,0.5276668568168853,0.16726950112604927,0.5276668568168853,0.9460841482013098,0.7547939616483068,3506.0,0.1540298914897973,-0.11917980213533153,0.38574136919555974,0.2452060383516932,-0.010048396357968975,0.9592481703260147,0.47233314318311465,0.06973750844024307,1.1511064374542794,0.13571545648254385,-0.11636073980099078,0.3514612461274699,0.05391585179869023,-0.05899394322638091,0.23443492065995358,0.08641921961434963,0.47233314318311465,0.05391585179869023,0.9460841482013098,0.5276668568168853,0.8642845435174562,1656.0,601.0,1656.0,601.0,10546.0,12202.0,2451.0,10546.0,1850.0,0.7547939616483068,0.06436572583331199,-0.06436572583331199,0.02243002741156949,0.0002515530648418793,0.0002502739599671707,0.02243002741156949,0.0002515530648418793,0.0002502739599671707,0.41573842645189685,0.15143370388755484,0.3123963605967708,-0.06973750844024307,0.06973750844024307,-0.053156171721510916,-0.1495128291512568,0.13599335874363758,0.9460841482013098,0.5276668568168853,-0.06973750844024307,0.23926840919948134,[0.7590391],11147.0,-0.19359515032530977,1.0108897248677533,0.6211180124223602,0.541561689937021,0.1540298914897973,0.7368755025090977,0.7368755025090976,0.7843050290768823,,-0.01074356521386216,0.9302624915597568,0.5705914102860667,0.6550074547254626,1088.3488657474518,461.40000000000003,1.0,4094779.080693984,19.607667446136475,17064520.65300852,1474.1849786349028
ab0f8ebb-05c7-40cf-820c-1eb725a7a660,NEURONAL_NETWORK,IN_PROCESSING,ROB_FAIRNESS_FGSM,DIR,0.7607315908005187,0.0,0.0,0.0,1.0,0.0,3506.0,0.23926840919948134,-0.19359515032530972,0.363658884683587,0.0,0.0,,1.0,0.0,1.0,0.23926840919948134,-0.19359515032530977,0.36365888468358687,0.0,0.0,,0.15726204359917456,1.0,0.0,1.0,0.0,0.7607315908005187,3506.0,0.0,3506.0,0.0,11147.0,14653.0,0.0,11147.0,0.0,0.0,0.0,0.0,0.12016468695508215,0.007219775995506444,0.007042237108833318,0.12016468695508215,0.007219775995506444,0.007042237108833318,0.5608244709339537,-0.32785860666513433,,0.0,0.0,-0.09679757516265489,0.0,0.2734746892484015,1.0,0.0,0.0,0.23926840919948134,[0.7590391],11147.0,-0.19359515032530977,1.0108897248677533,0.0,0.0,0.23926840919948134,0.5,0.5,0.5,-1774374997.0878372,0.0,1.0,1.0,1.2,,,,,,,
ab0f8ebb-05c7-40cf-820c-1eb725a7a660,NEURONAL_NETWORK,IN_PROCESSING,ROB_FAIRNESS_FGSM,SMOTE,0.7607315908005187,0.0,0.0,0.0,1.0,0.0,3506.0,0.23926840919948134,-0.19359515032530972,0.363658884683587,0.0,0.0,,1.0,0.0,1.0,0.23926840919948134,-0.19359515032530977,0.36365888468358687,0.0,0.0,,0.15726204359917456,1.0,0.0,1.0,0.0,0.7607315908005187,3506.0,0.0,3506.0,0.0,11147.0,14653.0,0.0,11147.0,0.0,0.0,0.0,0.0,0.12016468695508215,0.007219775995506444,0.007042237108833318,0.12016468695508215,0.007219775995506444,0.007042237108833318,0.5608244709339537,-0.32785860666513433,,0.0,0.0,-0.09679757516265489,0.0,0.2734746892484015,1.0,0.0,0.0,0.23926840919948134,[0.7590391],11147.0,-0.19359515032530977,1.0108897248677533,0.0,0.0,0.23926840919948134,0.5,0.5,0.5,-1774374997.0878372,0.0,1.0,1.0,1.2,,,,,,,
ab0f8ebb-05c7-40cf-820c-1eb725a7a660,NEURONAL_NETWORK,IN_PROCESSING,ROB_FAIRNESS_FGSM,ROS,0.7607315908005187,0.0,0.0,0.0,1.0,0.0,3506.0,0.23926840919948134,-0.19359515032530972,0.363658884683587,0.0,0.0,,1.0,0.0,1.0,0.23926840919948134,-0.19359515032530977,0.36365888468358687,0.0,0.0,,0.15726204359917456,1.0,0.0,1.0,0.0,0.7607315908005187,3506.0,0.0,3506.0,0.0,11147.0,14653.0,0.0,11147.0,0.0,0.0,0.0,0.0,0.12016468695508215,0.007219775995506444,0.007042237108833318,0.12016468695508215,0.007219775995506444,0.007042237108833318,0.5608244709339537,-0.32785860666513433,,0.0,0.0,-0.09679757516265489,0.0,0.2734746892484015,1.0,0.0,0.0,0.23926840919948134,[0.7590391],11147.0,-0.19359515032530977,1.0108897248677533,0.0,0.0,0.23926840919948134,0.5,0.5,0.5,-1774374997.0878372,0.0,1.0,1.0,1.2,,,,,,,
ab0f8ebb-05c7-40cf-820c-1eb725a7a660,NEURONAL_NETWORK,IN_PROCESSING,ROB_FAIRNESS_FGSM,RUS,0.7607315908005187,0.0,0.0,0.0,1.0,0.0,3506.0,0.23926840919948134,-0.19359515032530972,0.363658884683587,0.0,0.0,,1.0,0.0,1.0,0.23926840919948134,-0.19359515032530977,0.36365888468358687,0.0,0.0,,0.15726204359917456,1.0,0.0,1.0,0.0,0.7607315908005187,3506.0,0.0,3506.0,0.0,11147.0,14653.0,0.0,11147.0,0.0,0.0,0.0,0.0,0.12016468695508215,0.007219775995506444,0.007042237108833318,0.12016468695508215,0.007219775995506444,0.007042237108833318,0.5608244709339537,-0.32785860666513433,,0.0,0.0,-0.09679757516265489,0.0,0.2734746892484015,1.0,0.0,0.0,0.23926840919948134,[0.7590391],11147.0,-0.19359515032530977,1.0108897248677533,0.0,0.0,0.23926840919948134,0.5,0.5,0.5,-1774374997.0878372,0.0,1.0,1.0,1.2,,,,,,,
ab0f8ebb-05c7-40cf-820c-1eb725a7a660,NEURONAL_NETWORK,IN_PROCESSING,ROB_FAIRNESS_FGSM,FOS,0.7607315908005187,0.0,0.0,0.0,1.0,0.0,3506.0,0.23926840919948134,-0.19359515032530972,0.363658884683587,0.0,0.0,,1.0,0.0,1.0,0.23926840919948134,-0.19359515032530977,0.36365888468358687,0.0,0.0,,0.15726204359917456,1.0,0.0,1.0,0.0,0.7607315908005187,3506.0,0.0,3506.0,0.0,11147.0,14653.0,0.0,11147.0,0.0,0.0,0.0,0.0,0.12016468695508215,0.007219775995506444,0.007042237108833318,0.12016468695508215,0.007219775995506444,0.007042237108833318,0.5608244709339537,-0.32785860666513433,,0.0,0.0,-0.09679757516265489,0.0,0.2734746892484015,1.0,0.0,0.0,0.23926840919948134,[0.7590391],11147.0,-0.19359515032530977,1.0108897248677533,0.0,0.0,0.23926840919948134,0.5,0.5,0.5,-1774374997.0878372,0.0,1.0,1.0,1.2,,,,,,,
ab0f8ebb-05c7-40cf-820c-1eb725a7a660,NEURONAL_NETWORK,IN_PROCESSING,ROB_FAIRNESS_FGSM,FAIR_SMOTE,0.7607315908005187,0.0,0.0,0.0,1.0,0.0,3506.0,0.23926840919948134,-0.19359515032530972,0.363658884683587,0.0,0.0,,1.0,0.0,1.0,0.23926840919948134,-0.19359515032530977,0.36365888468358687,0.0,0.0,,0.15726204359917456,1.0,0.0,1.0,0.0,0.7607315908005187,3506.0,0.0,3506.0,0.0,11147.0,14653.0,0.0,11147.0,0.0,0.0,0.0,0.0,0.12016468695508215,0.007219775995506444,0.007042237108833318,0.12016468695508215,0.007219775995506444,0.007042237108833318,0.5608244709339537,-0.32785860666513433,,0.0,0.0,-0.09679757516265489,0.0,0.2734746892484015,1.0,0.0,0.0,0.23926840919948134,[0.7590391],11147.0,-0.19359515032530977,1.0108897248677533,0.0,0.0,0.23926840919948134,0.5,0.5,0.5,-1774374997.0878372,0.0,1.0,1.0,1.2,,,,,,,
ab0f8ebb-05c7-40cf-820c-1eb725a7a660,NEURONAL_NETWORK,IN_PROCESSING,ROB_FAIRNESS_FGSM,BAL_GAN_FAIR,0.23926840919948134,1.0,1.0,1.0,0.0,0.23926840919948134,3506.0,0.7607315908005187,0.19359515032530972,1.2782465874767073,0.7607315908005187,0.19359515032530972,1.2782465874767073,0.0,0.0,,0.0,0.0,,1.0,0.0,1.0,0.029356245117480875,0.0,1.0,0.0,1.0,0.0,0.0,11147.0,0.0,11147.0,0.0,0.0,14653.0,0.0,3506.0,0.23926840919948134,0.0,0.0,0.05191766532899701,0.0013477219866068692,0.00133234550867148,0.05191766532899701,0.0013477219866068692,0.00133234550867148,0.2423066037791,-0.3278586066655269,1.0,0.0,0.0,-0.09679757516265489,0.0,0.03322499000751864,0.0,1.0,0.0,0.23926840919948134,[0.7590391],11147.0,-0.19359515032530977,1.0108897248677533,0.3861446114874167,0.0,0.7607315908005187,0.5,0.5,0.5,,0.0,1.0,0.5571491001549401,0.653637013330019,,,,,,,
ab0f8ebb-05c7-40cf-820c-1eb725a7a660,NEURONAL_NETWORK,IN_PROCESSING,ROB_FAIRNESS_FGSM,DEMV,0.23926840919948134,1.0,1.0,1.0,0.0,0.23926840919948134,3506.0,0.7607315908005187,0.19359515032530972,1.2782465874767073,0.7607315908005187,0.19359515032530972,1.2782465874767073,0.0,0.0,,0.0,0.0,,1.0,0.0,1.0,0.029356245117480875,0.0,1.0,0.0,1.0,0.0,0.0,11147.0,0.0,11147.0,0.0,0.0,14653.0,0.0,3506.0,0.23926840919948134,0.0,0.0,0.05191766532899701,0.0013477219866068692,0.00133234550867148,0.05191766532899701,0.0013477219866068692,0.00133234550867148,0.2423066037791,-0.3278586066655269,1.0,0.0,0.0,-0.09679757516265489,0.0,0.03322499000751864,0.0,1.0,0.0,0.23926840919948134,[0.7590391],11147.0,-0.19359515032530977,1.0108897248677533,0.3861446114874167,0.0,0.7607315908005187,0.5,0.5,0.5,,0.0,1.0,0.5571491001549401,0.653637013330019,,,,,,,
ab0f8ebb-05c7-40cf-820c-1eb725a7a660,NEURONAL_NETWORK,IN_PROCESSING,ROB_FAIRNESS_PGD,DIR,0.7607315908005187,0.0,0.0,0.0,1.0,0.0,3506.0,0.23926840919948134,-0.19359515032530972,0.363658884683587,0.0,0.0,,1.0,0.0,1.0,0.23926840919948134,-0.19359515032530977,0.36365888468358687,0.0,0.0,,0.15726204359917456,1.0,0.0,1.0,0.0,0.7607315908005187,3506.0,0.0,3506.0,0.0,11147.0,14653.0,0.0,11147.0,0.0,0.0,0.0,0.0,0.12016468695508215,0.007219775995506444,0.007042237108833318,0.12016468695508215,0.007219775995506444,0.007042237108833318,0.5608244709339537,-0.32785860666513433,,0.0,0.0,-0.09679757516265489,0.0,0.2734746892484015,1.0,0.0,0.0,0.23926840919948134,[0.7590391],11147.0,-0.19359515032530977,1.0108897248677533,0.0,0.0,0.23926840919948134,0.5,0.5,0.5,-1774374997.0878372,0.0,1.0,1.0,1.2,,,,,,,
ab0f8ebb-05c7-40cf-820c-1eb725a7a660,NEURONAL_NETWORK,IN_PROCESSING,ROB_FAIRNESS_PGD,SMOTE,0.7607315908005187,0.0,0.0,0.0,1.0,0.0,3506.0,0.23926840919948134,-0.19359515032530972,0.363658884683587,0.0,0.0,,1.0,0.0,1.0,0.23926840919948134,-0.19359515032530977,0.36365888468358687,0.0,0.0,,0.15726204359917456,1.0,0.0,1.0,0.0,0.7607315908005187,3506.0,0.0,3506.0,0.0,11147.0,14653.0,0.0,11147.0,0.0,0.0,0.0,0.0,0.12016468695508215,0.007219775995506444,0.007042237108833318,0.12016468695508215,0.007219775995506444,0.007042237108833318,0.5608244709339537,-0.32785860666513433,,0.0,0.0,-0.09679757516265489,0.0,0.2734746892484015,1.0,0.0,0.0,0.23926840919948134,[0.7590391],11147.0,-0.19359515032530977,1.0108897248677533,0.0,0.0,0.23926840919948134,0.5,0.5,0.5,-1774374997.0878372,0.0,1.0,1.0,1.2,,,,,,,
ab0f8ebb-05c7-40cf-820c-1eb725a7a660,NEURONAL_NETWORK,IN_PROCESSING,ROB_FAIRNESS_PGD,ROS,0.7607315908005187,0.0,0.0,0.0,1.0,0.0,3506.0,0.23926840919948134,-0.19359515032530972,0.363658884683587,0.0,0.0,,1.0,0.0,1.0,0.23926840919948134,-0.19359515032530977,0.36365888468358687,0.0,0.0,,0.15726204359917456,1.0,0.0,1.0,0.0,0.7607315908005187,3506.0,0.0,3506.0,0.0,11147.0,14653.0,0.0,11147.0,0.0,0.0,0.0,0.0,0.12016468695508215,0.007219775995506444,0.007042237108833318,0.12016468695508215,0.007219775995506444,0.007042237108833318,0.5608244709339537,-0.32785860666513433,,0.0,0.0,-0.09679757516265489,0.0,0.2734746892484015,1.0,0.0,0.0,0.23926840919948134,[0.7590391],11147.0,-0.19359515032530977,1.0108897248677533,0.0,0.0,0.23926840919948134,0.5,0.5,0.5,-1774374997.0878372,0.0,1.0,1.0,1.2,,,,,,,
ab0f8ebb-05c7-40cf-820c-1eb725a7a660,NEURONAL_NETWORK,IN_PROCESSING,ROB_FAIRNESS_PGD,RUS,0.7607315908005187,0.0,0.0,0.0,1.0,0.0,3506.0,0.23926840919948134,-0.19359515032530972,0.363658884683587,0.0,0.0,,1.0,0.0,1.0,0.23926840919948134,-0.19359515032530977,0.36365888468358687,0.0,0.0,,0.15726204359917456,1.0,0.0,1.0,0.0,0.7607315908005187,3506.0,0.0,3506.0,0.0,11147.0,14653.0,0.0,11147.0,0.0,0.0,0.0,0.0,0.12016468695508215,0.007219775995506444,0.007042237108833318,0.12016468695508215,0.007219775995506444,0.007042237108833318,0.5608244709339537,-0.32785860666513433,,0.0,0.0,-0.09679757516265489,0.0,0.2734746892484015,1.0,0.0,0.0,0.23926840919948134,[0.7590391],11147.0,-0.19359515032530977,1.0108897248677533,0.0,0.0,0.23926840919948134,0.5,0.5,0.5,-1774374997.0878372,0.0,1.0,1.0,1.2,,,,,,,
ab0f8ebb-05c7-40cf-820c-1eb725a7a660,NEURONAL_NETWORK,IN_PROCESSING,ROB_FAIRNESS_PGD,FOS,0.7607315908005187,0.0,0.0,0.0,1.0,0.0,3506.0,0.23926840919948134,-0.19359515032530972,0.363658884683587,0.0,0.0,,1.0,0.0,1.0,0.23926840919948134,-0.19359515032530977,0.36365888468358687,0.0,0.0,,0.15726204359917456,1.0,0.0,1.0,0.0,0.7607315908005187,3506.0,0.0,3506.0,0.0,11147.0,14653.0,0.0,11147.0,0.0,0.0,0.0,0.0,0.12016468695508215,0.007219775995506444,0.007042237108833318,0.12016468695508215,0.007219775995506444,0.007042237108833318,0.5608244709339537,-0.32785860666513433,,0.0,0.0,-0.09679757516265489,0.0,0.2734746892484015,1.0,0.0,0.0,0.23926840919948134,[0.7590391],11147.0,-0.19359515032530977,1.0108897248677533,0.0,0.0,0.23926840919948134,0.5,0.5,0.5,-1774374997.0878372,0.0,1.0,1.0,1.2,,,,,,,
ab0f8ebb-05c7-40cf-820c-1eb725a7a660,NEURONAL_NETWORK,IN_PROCESSING,ROB_FAIRNESS_PGD,FAIR_SMOTE,0.7607315908005187,0.0,0.0,0.0,1.0,0.0,3506.0,0.23926840919948134,-0.19359515032530972,0.363658884683587,0.0,0.0,,1.0,0.0,1.0,0.23926840919948134,-0.19359515032530977,0.36365888468358687,0.0,0.0,,0.15726204359917456,1.0,0.0,1.0,0.0,0.7607315908005187,3506.0,0.0,3506.0,0.0,11147.0,14653.0,0.0,11147.0,0.0,0.0,0.0,0.0,0.12016468695508215,0.007219775995506444,0.007042237108833318,0.12016468695508215,0.007219775995506444,0.007042237108833318,0.5608244709339537,-0.32785860666513433,,0.0,0.0,-0.09679757516265489,0.0,0.2734746892484015,1.0,0.0,0.0,0.23926840919948134,[0.7590391],11147.0,-0.19359515032530977,1.0108897248677533,0.0,0.0,0.23926840919948134,0.5,0.5,0.5,-1774374997.0878372,0.0,1.0,1.0,1.2,,,,,,,
ab0f8ebb-05c7-40cf-820c-1eb725a7a660,NEURONAL_NETWORK,IN_PROCESSING,ROB_FAIRNESS_PGD,BAL_GAN_FAIR,0.23926840919948134,1.0,1.0,1.0,0.0,0.23926840919948134,3506.0,0.7607315908005187,0.19359515032530972,1.2782465874767073,0.7607315908005187,0.19359515032530972,1.2782465874767073,0.0,0.0,,0.0,0.0,,1.0,0.0,1.0,0.029356245117480875,0.0,1.0,0.0,1.0,0.0,0.0,11147.0,0.0,11147.0,0.0,0.0,14653.0,0.0,3506.0,0.23926840919948134,0.0,0.0,0.05191766532899701,0.0013477219866068692,0.00133234550867148,0.05191766532899701,0.0013477219866068692,0.00133234550867148,0.2423066037791,-0.3278586066655269,1.0,0.0,0.0,-0.09679757516265489,0.0,0.03322499000751864,0.0,1.0,0.0,0.23926840919948134,[0.7590391],11147.0,-0.19359515032530977,1.0108897248677533,0.3861446114874167,0.0,0.7607315908005187,0.5,0.5,0.5,,0.0,1.0,0.5571491001549401,0.653637013330019,,,,,,,
ab0f8ebb-05c7-40cf-820c-1eb725a7a660,NEURONAL_NETWORK,IN_PROCESSING,ROB_FAIRNESS_PGD,DEMV,0.23926840919948134,1.0,1.0,1.0,0.0,0.23926840919948134,3506.0,0.7607315908005187,0.19359515032530972,1.2782465874767073,0.7607315908005187,0.19359515032530972,1.2782465874767073,0.0,0.0,,0.0,0.0,,1.0,0.0,1.0,0.029356245117480875,0.0,1.0,0.0,1.0,0.0,0.0,11147.0,0.0,11147.0,0.0,0.0,14653.0,0.0,3506.0,0.23926840919948134,0.0,0.0,0.05191766532899701,0.0013477219866068692,0.00133234550867148,0.05191766532899701,0.0013477219866068692,0.00133234550867148,0.2423066037791,-0.3278586066655269,1.0,0.0,0.0,-0.09679757516265489,0.0,0.03322499000751864,0.0,1.0,0.0,0.23926840919948134,[0.7590391],11147.0,-0.19359515032530977,1.0108897248677533,0.3861446114874167,0.0,0.7607315908005187,0.5,0.5,0.5,,0.0,1.0,0.5571491001549401,0.653637013330019,,,,,,,
ab0f8ebb-05c7-40cf-820c-1eb725a7a660,GERRY_FAIR_CLASSIFIER,IN_PROCESSING,GERRY_FAIR_CLASSIFIER,DIR,0.43601992765986486,0.41642897889332575,0.5239882617893946,0.41642897889332575,0.4421817529380102,0.1901536858556916,3506.0,0.5639800723401351,0.06272041108364346,1.115521362525606,0.8098463141443084,0.1595346560370836,1.213349739610471,0.5835710211066742,-0.10979887397227633,0.8171870350163674,0.29333333333333333,-0.21414279453291,0.39260003304493324,0.5578182470619898,0.10222575239760368,1.1974557304651745,0.14629299781837687,0.5835710211066742,0.5578182470619898,0.4421817529380102,0.41642897889332575,0.7066666666666667,2046.0,6218.0,2046.0,6218.0,4929.0,6975.0,7678.0,4929.0,1460.0,0.1901536858556916,0.10601231318493998,0.10601231318493998,0.11745329093515418,0.006897637775748985,0.0067313798473810655,0.11745329093515418,0.006897637775748985,0.0067313798473810655,0.5409121884712469,-0.732486811369131,1.261502476287611,0.10979887397227628,0.10979887397227628,-0.18683872528499684,0.12597027668332944,0.20735989466413965,0.4421817529380102,0.41642897889332575,0.10979887397227628,0.23926840919948134,[0.7590391],11147.0,-0.19359515032530977,1.0108897248677533,0.26108726752503575,-0.12078284169021902,0.5639800723401351,0.429305365915668,0.429305365915668,0.3837937110122409,-2699677477.5768094,-0.007573121574672659,0.8902011260277236,0.3209496592657727,0.4078941940243114,,,,,,,
ab0f8ebb-05c7-40cf-820c-1eb725a7a660,GERRY_FAIR_CLASSIFIER,IN_PROCESSING,GERRY_FAIR_CLASSIFIER,SMOTE,0.7794990786869583,0.09355390758699372,0.026001501399030916,0.09355390758699372,0.9952453574952902,0.8608923884514436,3506.0,0.22050092131304166,-0.17208339203163647,0.3815415633739341,0.13910761154855644,-0.10399159663865548,0.2860576923076923,0.9064460924130062,0.060691553799102405,1.0676584051008435,0.2226737668161435,-0.1768138189236003,0.37586119394638795,0.004754642504709788,-0.0074477338360288674,0.02978944220654717,0.14138334428535587,0.9064460924130062,0.004754642504709788,0.9952453574952902,0.09355390758699372,0.7773262331838565,3178.0,53.0,3178.0,53.0,11094.0,14272.0,381.0,11094.0,328.0,0.8608923884514436,0.03406964381756561,-0.03406964381756561,0.09711510463452483,0.0047156717740873535,0.004619678832243765,0.09711510463452483,0.0047156717740873535,0.004619678832243765,0.5317581109590259,0.9865414015130096,0.13311389229273163,-0.06069155379910235,0.06069155379910235,-0.03641111114247238,-0.03178701113922502,0.24623972468900668,0.9952453574952902,0.09355390758699372,-0.06069155379910235,0.23926840919948134,[0.7590391],11147.0,-0.19359515032530977,1.0108897248677533,0.168767687162336,0.23806164025949852,0.22050092131304166,0.544399632541142,0.544399632541142,0.5629471341162323,-2699677477.5768094,-0.053243819963073535,0.9393084462008975,0.12037801633177356,0.16969340989814652,,,,,,,
ab0f8ebb-05c7-40cf-820c-1eb725a7a660,GERRY_FAIR_CLASSIFIER,IN_PROCESSING,GERRY_FAIR_CLASSIFIER,ROS,0.5364771719101891,0.6717056474614945,0.5456903023271685,0.6717056474614945,0.4939445590741904,0.2945222611305653,3506.0,0.46352282808981093,-0.02544865974853905,0.9460904805674987,0.7054777388694348,0.20748689164007272,1.3218838379369606,0.3282943525385054,0.04005267704651072,1.1243564249599212,0.17290070602373442,-0.15685629445338295,0.32818153130343525,0.5060554409258097,-0.08052067633803289,0.8502341950813194,0.10828504909214524,0.3282943525385054,0.5060554409258097,0.4939445590741904,0.6717056474614945,0.8270992939762656,1151.0,5641.0,1151.0,5641.0,5506.0,6657.0,7996.0,5506.0,2355.0,0.2945222611305653,0.06028667669227181,-0.06028667669227181,0.03267188908164224,0.0005337261680815666,0.0005298156262469884,0.03267188908164224,0.0005337261680815666,0.0005298156262469884,0.4653709253748997,-0.7910580784063485,0.8221667647551119,-0.04005267704651072,0.08052067633803289,-0.18217159304672784,-0.1032002649069041,0.1412169114046195,0.4939445590741904,0.6717056474614945,-0.04005267704651072,0.23926840919948134,[0.7590391],11147.0,-0.19359515032530977,1.0108897248677533,0.4094940010432968,0.14193884500952414,0.46352282808981093,0.5828251032678424,0.5828251032678424,0.6179616918366907,-2699677477.5768094,0.04046799929152217,0.9599473229534893,0.5088041482121637,0.6033171109977544,,,,,,,
ab0f8ebb-05c7-40cf-820c-1eb725a7a660,GERRY_FAIR_CLASSIFIER,IN_PROCESSING,GERRY_FAIR_CLASSIFIER,RUS,0.7607315908005187,0.0,0.0,0.0,1.0,0.0,3506.0,0.23926840919948134,-0.19359515032530972,0.363658884683587,0.0,0.0,,1.0,0.0,1.0,0.23926840919948134,-0.19359515032530977,0.36365888468358687,0.0,0.0,,0.15726204359917456,1.0,0.0,1.0,0.0,0.7607315908005187,3506.0,0.0,3506.0,0.0,11147.0,14653.0,0.0,11147.0,0.0,0.0,0.0,0.0,0.12016468695508215,0.007219775995506444,0.007042237108833318,0.12016468695508215,0.007219775995506444,0.007042237108833318,0.5608244709339537,-0.32785860666513433,,0.0,0.0,-0.09679757516265489,0.0,0.2734746892484015,1.0,0.0,0.0,0.23926840919948134,[0.7590391],11147.0,-0.19359515032530977,1.0108897248677533,0.0,0.0,0.23926840919948134,0.5,0.5,0.5,-2699677477.5768094,0.0,1.0,1.0,1.2,,,,,,,
ab0f8ebb-05c7-40cf-820c-1eb725a7a660,GERRY_FAIR_CLASSIFIER,IN_PROCESSING,GERRY_FAIR_CLASSIFIER,FOS,0.43601992765986486,0.41642897889332575,0.5239882617893946,0.41642897889332575,0.4421817529380102,0.1901536858556916,3506.0,0.5639800723401351,0.06272041108364346,1.115521362525606,0.8098463141443084,0.1595346560370836,1.213349739610471,0.5835710211066742,-0.10979887397227633,0.8171870350163674,0.29333333333333333,-0.21414279453291,0.39260003304493324,0.5578182470619898,0.10222575239760368,1.1974557304651745,0.14629299781837687,0.5835710211066742,0.5578182470619898,0.4421817529380102,0.41642897889332575,0.7066666666666667,2046.0,6218.0,2046.0,6218.0,4929.0,6975.0,7678.0,4929.0,1460.0,0.1901536858556916,0.10601231318493998,0.10601231318493998,0.11745329093515418,0.006897637775748985,0.0067313798473810655,0.11745329093515418,0.006897637775748985,0.0067313798473810655,0.5409121884712469,-0.732486811369131,1.261502476287611,0.10979887397227628,0.10979887397227628,-0.18683872528499684,0.12597027668332944,0.20735989466413965,0.4421817529380102,0.41642897889332575,0.10979887397227628,0.23926840919948134,[0.7590391],11147.0,-0.19359515032530977,1.0108897248677533,0.26108726752503575,-0.12078284169021902,0.5639800723401351,0.429305365915668,0.429305365915668,0.3837937110122409,-2699677477.5768094,-0.007573121574672659,0.8902011260277236,0.3209496592657727,0.4078941940243114,,,,,,,
ab0f8ebb-05c7-40cf-820c-1eb725a7a660,GERRY_FAIR_CLASSIFIER,IN_PROCESSING,GERRY_FAIR_CLASSIFIER,FAIR_SMOTE,0.3538524534225073,0.9980034227039362,0.884460520030028,0.9980034227039362,0.151251457791334,0.2699845679012346,3506.0,0.6461475465774926,-0.08971657534798272,0.8673328405850608,0.7300154320987654,0.1529935338534676,1.2218220343507293,0.0019965772960638907,0.012867647058823529,inf,0.004134672179562906,0.004657351962741184,inf,0.848748542208666,-0.31405082493825176,0.6768863474891074,0.04246468610068697,0.0019965772960638907,0.848748542208666,0.151251457791334,0.9980034227039362,0.9958653278204371,7.0,9461.0,7.0,9461.0,1686.0,1693.0,12960.0,1686.0,3499.0,0.2699845679012346,0.16345923599853762,-0.16345923599853762,0.026566759335554295,0.0003528963507966307,0.0003551357900131339,0.026566759335554295,0.0003528963507966307,0.0003551357900131339,0.2914264438951516,1.738040201196691,0.7081454086292543,-0.012867647058823484,0.31405082493825176,-0.07416809094536321,-0.2861589902655236,0.04620601252167083,0.151251457791334,0.9980034227039362,-0.012867647058823484,0.23926840919948134,[0.7590391],11147.0,-0.19359515032530977,1.0108897248677533,0.42499696343981536,0.1991968735086425,0.6461475465774926,0.574627440247635,0.5746274402476351,0.6685556026143089,-2699677477.5768094,0.3011831778794282,0.9871323529411764,0.5961325496209217,0.686814139462934,,,,,,,
ab0f8ebb-05c7-40cf-820c-1eb725a7a660,GERRY_FAIR_CLASSIFIER,IN_PROCESSING,GERRY_FAIR_CLASSIFIER,BAL_GAN_FAIR,0.6641643349484747,0.6457501426126641,0.4055824745785846,0.6457501426126641,0.6699560419843904,0.38095238095238093,3506.0,0.3358356650515253,-0.1329350705691471,0.6505788749834729,0.6190476190476191,0.21493377320149865,1.372230806354023,0.354249857387336,0.24432145410493705,1.7723374034779333,0.1425947187141217,-0.10853486827293085,0.42732509205830294,0.3300439580156096,-0.19992109430125582,0.5105654164088519,0.11327571206852083,0.354249857387336,0.3300439580156096,0.6699560419843904,0.6457501426126641,0.8574052812858783,1242.0,3679.0,1242.0,3679.0,7468.0,8710.0,5943.0,7468.0,2264.0,0.38095238095238093,0.2221212742030964,-0.2221212742030964,0.026118316972167356,0.00034108324072930265,0.00034321015256692414,0.026118316972167356,0.00034108324072930265,0.00034321015256692414,0.47597418431784894,-0.26793408741131197,0.47559674231644294,-0.244321454104937,0.244321454104937,-0.16173432073721472,-0.2581080947842651,0.1445820785336592,0.6699560419843904,0.6457501426126641,-0.244321454104937,0.23926840919948134,[0.7590391],11147.0,-0.19359515032530977,1.0108897248677533,0.4792041485871521,0.274319135524145,0.3358356650515253,0.6578530922985273,0.6578530922985273,0.8039762593983234,-2699677477.5768094,-0.04440035980368123,0.755678545895063,0.5501488366441893,0.6049980266855992,,,,,,,
ab0f8ebb-05c7-40cf-820c-1eb725a7a660,GERRY_FAIR_CLASSIFIER,IN_PROCESSING,GERRY_FAIR_CLASSIFIER,DEMV,0.8112331945676653,0.32287507130633203,0.10400600559612366,0.32287507130633203,0.9648335875123352,0.7427821522309711,3506.0,0.1887668054323347,-0.1411573241528351,0.40221500306567953,0.2572178477690289,0.20018461007209531,1.9799430038900387,0.677124928693668,-0.14002859752949115,0.7996305768684286,0.18082108309848427,-0.17293254930620183,0.28028313416766726,0.03516641248766484,0.003468454700722441,1.1025996163436411,0.1139860080058554,0.677124928693668,0.03516641248766484,0.9648335875123352,0.32287507130633203,0.8191789169015157,2374.0,392.0,2374.0,392.0,10755.0,13129.0,1524.0,10755.0,1132.0,0.7427821522309711,0.07174852611510682,0.07174852611510682,0.08759457289768989,0.0038364046005643537,0.003765263260175128,0.08759457289768989,0.0038364046005643537,0.003765263260175128,0.4774641515461771,-0.6716749768201125,0.7118357418245462,0.1400285975294912,0.1400285975294912,-0.18655857968914857,-0.03317914270898559,0.18821666513656762,0.9648335875123352,0.32287507130633203,0.1400285975294912,0.23926840919948134,[0.7590391],11147.0,-0.19359515032530977,1.0108897248677533,0.45009940357852884,0.4020958411976081,0.1887668054323347,0.6438543294093336,0.6438543294093336,0.5976587302413835,-2699677477.5768094,-0.13656014282876872,0.8599714024705087,0.3760172728782595,0.4628391135865919,,,,,,,
ab0f8ebb-05c7-40cf-820c-1eb725a7a660,XGBClassifier,POSTPROCESSING,ThresholdOptimizer,XGBClassifier,0.8196273800586911,0.6768397033656589,0.26499692895652766,0.6768397033656589,0.86453754373374,0.6111254184908576,3506.0,0.18037261994130893,0.07380012312856854,1.474269306125243,0.3888745815091424,0.5038493144760174,3.3072885719944543,0.32316029663434115,0.00696444175239308,1.021623350598101,0.10519962859795728,-0.08342926636528067,0.3732310775262404,0.13546245626625997,0.13419683997766307,2.620408901976274,0.08540415288296782,0.32316029663434115,0.13546245626625997,0.86453754373374,0.6768397033656589,0.8948003714020427,1133.0,1510.0,1133.0,1510.0,9637.0,10770.0,3883.0,9637.0,2373.0,0.6111254184908576,0.07058064086502808,0.063616199112635,0.09067152504253688,0.004110662726769696,0.00403201084892128,0.09067152504253688,0.004110662726769696,0.00403201084892128,0.41328961487791543,-0.9981135689274834,1.0127718412925883,-0.00696444175239308,0.13419683997766307,-0.29363929042064907,0.003370055493083335,0.113871971079364,0.86453754373374,0.6768397033656589,-0.00696444175239308,0.23926840919948134,[0.7590391],11147.0,-0.19359515032530977,1.0108897248677533,0.6423061307348762,0.5233514224388879,0.18037261994130893,0.7706886235496994,0.7706886235496995,0.7216603426201192,-1235114662.9461486,0.12723239822527,0.9930355582476068,0.6591208943823346,0.7423247340239186,,,,,,,
ab0f8ebb-05c7-40cf-820c-1eb725a7a660,XGBClassifier,POSTPROCESSING,FairnessAwareMetaEstimator,XGBClassifier,0.8754521258445369,0.6645750142612664,0.20330307786801338,0.6645750142612664,0.9417780568762896,0.7821416582745888,3506.0,0.12454787415546309,-0.0919493042183066,0.4083156471451203,0.21785834172541121,-0.004136361112653392,0.9810625317742755,0.3354249857387336,0.09253609445128486,1.288214418259417,0.10073667980126777,-0.0828875251904902,0.37568523350212274,0.058221943123710415,-0.0630694661141985,0.23979970915021245,0.06631122069614401,0.3354249857387336,0.058221943123710415,0.9417780568762896,0.6645750142612664,0.8992633201987322,1176.0,649.0,1176.0,649.0,10498.0,11674.0,2979.0,10498.0,2330.0,0.7821416582745888,0.07780278028274168,-0.07780278028274168,0.00582322185351315,1.6954956377616564e-05,1.693217596208867e-05,0.00582322185351315,1.6954956377616564e-05,1.693217596208867e-05,0.3641736418142972,0.15151734703457231,0.3124399821332605,-0.09253609445128486,0.09253609445128486,-0.039375582038918416,-0.1817062372607971,0.10031944460323718,0.9417780568762896,0.6645750142612664,-0.09253609445128486,0.23926840919948134,[0.7590391],11147.0,-0.19359515032530977,1.0108897248677533,0.7185813415574402,0.6427845684097576,0.12454787415546309,0.8031765355687781,0.803176535568778,0.8656659030938892,-274797244.9766623,-0.029466628337086354,0.9074639055487151,0.6905238201081723,0.7503143563401223,,,,,,,
ab0f8ebb-05c7-40cf-820c-1eb725a7a660,XGBClassifier,POSTPROCESSING,RejectOptionClassification,XGBClassifier,1.0,1.0,0.23926840919948134,1.0,1.0,1.0,3506.0,0.0,0.0,,0.0,0.0,,0.0,0.0,,0.0,0.0,,0.0,0.0,,0.0,0.0,0.0,1.0,1.0,1.0,0.0,0.0,0.0,0.0,11147.0,11147.0,3506.0,11147.0,3506.0,1.0,0.0,0.0,0.0,0.0,0.0,0.0,0.0,0.0,0.0,0.0,0.36365888468358687,0.0,0.0,0.0,-0.19359515032530977,0.0,1.0,1.0,0.0,0.23926840919948134,[0.7590391],11147.0,-0.19359515032530977,1.0108897248677533,1.0,1.0,0.0,1.0,1.0,1.0,-2699677477.5768094,0.0,1.0,1.0,1.0,,,,,,,
ab0f8ebb-05c7-40cf-820c-1eb725a7a660,XGBClassifier,POSTPROCESSING,EqOddsPostprocessing,XGBClassifier,1.0,1.0,0.23926840919948134,1.0,1.0,1.0,3506.0,0.0,0.0,,0.0,0.0,,0.0,0.0,,0.0,0.0,,0.0,0.0,,0.0,0.0,0.0,1.0,1.0,1.0,0.0,0.0,0.0,0.0,11147.0,11147.0,3506.0,11147.0,3506.0,1.0,0.0,0.0,0.0,0.0,0.0,0.0,0.0,0.0,0.0,0.0,0.36365888468358687,0.0,0.0,0.0,-0.19359515032530977,0.0,1.0,1.0,0.0,0.23926840919948134,[0.7590391],11147.0,-0.19359515032530977,1.0108897248677533,1.0,1.0,0.0,1.0,1.0,1.0,-2699677477.5768094,0.0,1.0,1.0,1.0,,,,,,,
ab0f8ebb-05c7-40cf-820c-1eb725a7a660,XGBClassifier,POSTPROCESSING,CalibratedEqOddsPostprocessing,XGBClassifier,1.0,1.0,0.23926840919948134,1.0,1.0,1.0,3506.0,0.0,0.0,,0.0,0.0,,0.0,0.0,,0.0,0.0,,0.0,0.0,,0.0,0.0,0.0,1.0,1.0,1.0,0.0,0.0,0.0,0.0,11147.0,11147.0,3506.0,11147.0,3506.0,1.0,0.0,0.0,0.0,0.0,0.0,0.0,0.0,0.0,0.0,0.0,0.36365888468358687,0.0,0.0,0.0,-0.19359515032530977,0.0,1.0,1.0,0.0,0.23926840919948134,[0.7590391],11147.0,-0.19359515032530977,1.0108897248677533,1.0,1.0,0.0,1.0,1.0,1.0,-2699677477.5768094,0.0,1.0,1.0,1.0,,,,,,,
ab0f8ebb-05c7-40cf-820c-1eb725a7a660,GradientBoostingClassifier,POSTPROCESSING,ThresholdOptimizer,GradientBoostingClassifier,0.8196273800586911,0.6223616657159156,0.23892718214700062,0.6223616657159156,0.8816721987978828,0.6232504998571836,3506.0,0.18037261994130893,0.04992528813137864,1.3051303234445089,0.37674950014281633,0.5118493501861388,3.4364441850594227,0.37763833428408444,0.046921545458156244,1.1266924499973188,0.11872309899569584,-0.08864515376296317,0.40404921695364326,0.11832780120211717,0.11497918049474354,2.5703003400632918,0.09024783124751501,0.37763833428408444,0.11832780120211717,0.8816721987978828,0.6223616657159156,0.8812769010043041,1324.0,1319.0,1324.0,1319.0,9828.0,11152.0,3501.0,9828.0,2182.0,0.6232504998571836,0.08095036297644986,0.034028817518293675,0.08641218089345927,0.003733532503381964,0.003665149016279594,0.08641218089345927,0.003733532503381964,0.003665149016279594,0.42484781098062635,-0.9660905954586425,0.956068965927148,-0.04692154545815619,0.11497918049474354,-0.30024725197455104,-0.01065336600719019,0.12517213333919028,0.8816721987978828,0.6223616657159156,-0.04692154545815619,0.23926840919948134,[0.7590391],11147.0,-0.19359515032530977,1.0108897248677533,0.6228057656629086,0.5042805723100168,0.18037261994130893,0.7520169322568991,0.7520169322568993,0.7264266852984622,-1212632808.94356,0.0680576350365873,0.9530784545418439,0.6225836364933305,0.7039524689038908,,,,,,,
ab0f8ebb-05c7-40cf-820c-1eb725a7a660,GradientBoostingClassifier,POSTPROCESSING,FairnessAwareMetaEstimator,GradientBoostingClassifier,0.8694465297208762,0.612093553907587,0.18419436292909303,0.612093553907587,0.95039023952633,0.7951092997406447,3506.0,0.13055347027912378,-0.09731487223656321,0.40373971296716205,0.20489070025935532,-0.04582557529497691,0.7822596412336869,0.387906446092413,0.1283289311673353,1.3487250404749056,0.11376944955663376,-0.08916093666530713,0.39755018482570004,0.04960976047367004,-0.061315507275467314,0.16763277297792473,0.07140914642900599,0.387906446092413,0.04960976047367004,0.95039023952633,0.612093553907587,0.8862305504433662,1360.0,553.0,1360.0,553.0,10594.0,11954.0,2699.0,10594.0,2146.0,0.7951092997406447,0.09482221922140127,-0.09482221922140127,0.008381758559167144,3.5126938272085836e-05,3.5059190476561015e-05,0.008381758559167144,3.5126938272085836e-05,3.5059190476561015e-05,0.37791307579655403,0.28282026432259966,0.27391930851802515,-0.12832893116733524,0.12832893116733524,-0.02166768068516512,-0.17682182821525907,0.11201638205246664,0.95039023952633,0.612093553907587,-0.12832893116733524,0.23926840919948134,[0.7590391],11147.0,-0.19359515032530977,1.0108897248677533,0.6917002417405318,0.6190659282735557,0.13055347027912378,0.7812418967169585,0.7812418967169585,0.8553209871123972,-196713834.51439598,-0.06701342389186798,0.8716710688326648,0.649466596050541,0.7097783044338937,,,,,,,
ab0f8ebb-05c7-40cf-820c-1eb725a7a660,GradientBoostingClassifier,POSTPROCESSING,RejectOptionClassification,GradientBoostingClassifier,1.0,1.0,0.23926840919948134,1.0,1.0,1.0,3506.0,0.0,0.0,,0.0,0.0,,0.0,0.0,,0.0,0.0,,0.0,0.0,,0.0,0.0,0.0,1.0,1.0,1.0,0.0,0.0,0.0,0.0,11147.0,11147.0,3506.0,11147.0,3506.0,1.0,0.0,0.0,0.0,0.0,0.0,0.0,0.0,0.0,0.0,0.0,0.36365888468358687,0.0,0.0,0.0,-0.19359515032530977,0.0,1.0,1.0,0.0,0.23926840919948134,[0.7590391],11147.0,-0.19359515032530977,1.0108897248677533,1.0,1.0,0.0,1.0,1.0,1.0,-2699677477.5768094,0.0,1.0,1.0,1.0,,,,,,,
ab0f8ebb-05c7-40cf-820c-1eb725a7a660,GradientBoostingClassifier,POSTPROCESSING,EqOddsPostprocessing,GradientBoostingClassifier,1.0,1.0,0.23926840919948134,1.0,1.0,1.0,3506.0,0.0,0.0,,0.0,0.0,,0.0,0.0,,0.0,0.0,,0.0,0.0,,0.0,0.0,0.0,1.0,1.0,1.0,0.0,0.0,0.0,0.0,11147.0,11147.0,3506.0,11147.0,3506.0,1.0,0.0,0.0,0.0,0.0,0.0,0.0,0.0,0.0,0.0,0.0,0.36365888468358687,0.0,0.0,0.0,-0.19359515032530977,0.0,1.0,1.0,0.0,0.23926840919948134,[0.7590391],11147.0,-0.19359515032530977,1.0108897248677533,1.0,1.0,0.0,1.0,1.0,1.0,-2699677477.5768094,0.0,1.0,1.0,1.0,,,,,,,
ab0f8ebb-05c7-40cf-820c-1eb725a7a660,GradientBoostingClassifier,POSTPROCESSING,CalibratedEqOddsPostprocessing,GradientBoostingClassifier,1.0,1.0,0.23926840919948134,1.0,1.0,1.0,3506.0,0.0,0.0,,0.0,0.0,,0.0,0.0,,0.0,0.0,,0.0,0.0,,0.0,0.0,0.0,1.0,1.0,1.0,0.0,0.0,0.0,0.0,11147.0,11147.0,3506.0,11147.0,3506.0,1.0,0.0,0.0,0.0,0.0,0.0,0.0,0.0,0.0,0.0,0.0,0.36365888468358687,0.0,0.0,0.0,-0.19359515032530977,0.0,1.0,1.0,0.0,0.23926840919948134,[0.7590391],11147.0,-0.19359515032530977,1.0108897248677533,1.0,1.0,0.0,1.0,1.0,1.0,-2699677477.5768094,0.0,1.0,1.0,1.0,,,,,,,
ab0f8ebb-05c7-40cf-820c-1eb725a7a660,AdaBoostClassifier,POSTPROCESSING,ThresholdOptimizer,AdaBoostClassifier,0.8133488022930458,0.6263548203080433,0.24711663140653792,0.6263548203080433,0.8721629137884632,0.6064623032311516,3506.0,0.18665119770695415,0.05516802838374202,1.328109911022671,0.39353769676884837,0.5072349904226863,3.206112467210726,0.37364517969195665,0.07340653175517337,1.2026376021051477,0.1187454677302393,-0.08411253939766336,0.4290851589625515,0.12783708621153675,0.11363048515965897,2.3647746568644146,0.0918474656118643,0.37364517969195665,0.12783708621153675,0.8721629137884632,0.6263548203080433,0.8812545322697607,1310.0,1425.0,1310.0,1425.0,9722.0,11032.0,3621.0,9722.0,2196.0,0.6064623032311516,0.09351850845741619,0.020111976702242775,0.08395079866609405,0.0035238682983375286,0.003461002164893951,0.08395079866609405,0.0035238682983375286,0.003461002164893951,0.4285964666486748,-0.9521261415193261,0.9428131939233262,-0.07340653175517342,0.11363048515965897,-0.29567376491017483,-0.014408302722481586,0.12594930713508865,0.8721629137884632,0.6263548203080433,-0.07340653175517342,0.23926840919948134,[0.7590391],11147.0,-0.19359515032530977,1.0108897248677533,0.6162480707169917,0.4930877119890877,0.18665119770695415,0.7492588670482533,0.7492588670482533,0.73418979017023,-1256192262.1773477,0.040223953404485605,0.9265934682448266,0.6212603437301082,0.6979204380487695,,,,,,,
ab0f8ebb-05c7-40cf-820c-1eb725a7a660,AdaBoostClassifier,POSTPROCESSING,FairnessAwareMetaEstimator,AdaBoostClassifier,0.8640551422916809,0.6118083285795779,0.1894492595372961,0.6118083285795779,0.9433928411231721,0.7726945244956772,3506.0,0.1359448577083191,-0.09594037104680508,0.4293980131266375,0.22730547550432276,-0.022492203266613553,0.9021748677074414,0.38819167142042216,0.16715653175517337,1.4614330354695466,0.11459122674075944,-0.08463893140142857,0.42551226710474904,0.056607158876827844,-0.0679382319681709,0.18401846923335163,0.07391252642656375,0.38819167142042216,0.056607158876827844,0.9433928411231721,0.6118083285795779,0.8854087732592405,1361.0,631.0,1361.0,631.0,10516.0,11877.0,2776.0,10516.0,2145.0,0.7726945244956772,0.11754738186167216,-0.11754738186167216,0.003644633885915266,6.641678081180907e-06,6.636079982955698e-06,0.003644633885915266,6.641678081180907e-06,6.636079982955698e-06,0.38448023727251246,0.33215089851863144,0.2607265938674952,-0.16715653175517342,0.16715653175517342,-0.03107336406740748,-0.1862610584678548,0.11393076401651174,0.9433928411231721,0.6118083285795779,-0.16715653175517342,0.23926840919948134,[0.7590391],11147.0,-0.19359515032530977,1.0108897248677533,0.6829035339063992,0.6044664760751977,0.1359448577083191,0.7776005848513751,0.777600584851375,0.8690054977347591,-145752864.919624,-0.09921829978700246,0.8328434682448266,0.6454039416278019,0.6977490096824251,,,,,,,
ab0f8ebb-05c7-40cf-820c-1eb725a7a660,AdaBoostClassifier,POSTPROCESSING,RejectOptionClassification,AdaBoostClassifier,1.0,1.0,0.23926840919948134,1.0,1.0,1.0,3506.0,0.0,0.0,,0.0,0.0,,0.0,0.0,,0.0,0.0,,0.0,0.0,,0.0,0.0,0.0,1.0,1.0,1.0,0.0,0.0,0.0,0.0,11147.0,11147.0,3506.0,11147.0,3506.0,1.0,0.0,0.0,0.0,0.0,0.0,0.0,0.0,0.0,0.0,0.0,0.36365888468358687,0.0,0.0,0.0,-0.19359515032530977,0.0,1.0,1.0,0.0,0.23926840919948134,[0.7590391],11147.0,-0.19359515032530977,1.0108897248677533,1.0,1.0,0.0,1.0,1.0,1.0,-2699677477.5768094,0.0,1.0,1.0,1.0,,,,,,,
ab0f8ebb-05c7-40cf-820c-1eb725a7a660,AdaBoostClassifier,POSTPROCESSING,EqOddsPostprocessing,AdaBoostClassifier,1.0,1.0,0.23926840919948134,1.0,1.0,1.0,3506.0,0.0,0.0,,0.0,0.0,,0.0,0.0,,0.0,0.0,,0.0,0.0,,0.0,0.0,0.0,1.0,1.0,1.0,0.0,0.0,0.0,0.0,11147.0,11147.0,3506.0,11147.0,3506.0,1.0,0.0,0.0,0.0,0.0,0.0,0.0,0.0,0.0,0.0,0.0,0.36365888468358687,0.0,0.0,0.0,-0.19359515032530977,0.0,1.0,1.0,0.0,0.23926840919948134,[0.7590391],11147.0,-0.19359515032530977,1.0108897248677533,1.0,1.0,0.0,1.0,1.0,1.0,-2699677477.5768094,0.0,1.0,1.0,1.0,,,,,,,
ab0f8ebb-05c7-40cf-820c-1eb725a7a660,AdaBoostClassifier,POSTPROCESSING,CalibratedEqOddsPostprocessing,AdaBoostClassifier,1.0,1.0,0.23926840919948134,1.0,1.0,1.0,3506.0,0.0,0.0,,0.0,0.0,,0.0,0.0,,0.0,0.0,,0.0,0.0,,0.0,0.0,0.0,1.0,1.0,1.0,0.0,0.0,0.0,0.0,11147.0,11147.0,3506.0,11147.0,3506.0,1.0,0.0,0.0,0.0,0.0,0.0,0.0,0.0,0.0,0.0,0.0,0.36365888468358687,0.0,0.0,0.0,-0.19359515032530977,0.0,1.0,1.0,0.0,0.23926840919948134,[0.7590391],11147.0,-0.19359515032530977,1.0108897248677533,1.0,1.0,0.0,1.0,1.0,1.0,-2699677477.5768094,0.0,1.0,1.0,1.0,,,,,,,
ab0f8ebb-05c7-40cf-820c-1eb725a7a660,RandomForestClassifier,POSTPROCESSING,ThresholdOptimizer,RandomForestClassifier,0.7943083327646215,0.6306332002281803,0.2682044632498464,0.6306332002281803,0.8457881044227147,0.5625954198473282,3506.0,0.20569166723537846,0.05926287214097481,1.3189515329820511,0.43740458015267175,0.46798172818218814,2.693804653827948,0.36936679977181974,-0.006387278071255553,0.9827537669580138,0.12076844166744381,-0.09767813630084898,0.3625544414058543,0.15421189557728537,0.12516893293528725,2.1908628535163426,0.09674721475414061,0.36936679977181974,0.15421189557728537,0.8457881044227147,0.6306332002281803,0.8792315583325562,1295.0,1719.0,1295.0,1719.0,9428.0,10723.0,3930.0,9428.0,2211.0,0.5625954198473282,0.06577810550327137,0.06577810550327137,0.09365169402809254,0.004385319897165731,0.004298923902062067,0.09365169402809254,0.004385319897165731,0.004298923902062067,0.43988001717318465,-0.9719847135018942,1.039593929781521,0.006387278071255498,0.12516893293528725,-0.2828299322415186,0.010480028455934653,0.12953265839980377,0.8457881044227147,0.6306332002281803,0.006387278071255498,0.23926840919948134,[0.7590391],11147.0,-0.19359515032530977,1.0108897248677533,0.5946745562130178,0.45879819678636813,0.20569166723537846,0.7382106523254475,0.7382106523254475,0.6896525541531454,-1236685198.0783238,0.1187816548640317,0.9936127219287445,0.612126245847176,0.7019632176467908,,,,,,,
ab0f8ebb-05c7-40cf-820c-1eb725a7a660,RandomForestClassifier,POSTPROCESSING,FairnessAwareMetaEstimator,RandomForestClassifier,0.8548420118747014,0.6195094124358242,0.20234764212106734,0.6195094124358242,0.9288597829012291,0.7325463743676223,3506.0,0.14515798812529856,-0.11133687327968012,0.3899967370562939,0.26745362563237773,-0.024542264869170743,0.9093094847538369,0.3804905875641757,0.10664495372760852,1.2930263014296628,0.11413415468856947,-0.0942561628639482,0.37456926441018423,0.07114021709877097,-0.08169312171455528,0.20831300930701369,0.07751563074445572,0.3804905875641757,0.07114021709877097,0.9288597829012291,0.6195094124358242,0.8858658453114305,1334.0,793.0,1334.0,793.0,10354.0,11688.0,2965.0,10354.0,2172.0,0.7325463743676223,0.0941690377210819,-0.0941690377210819,0.002932304584008769,4.29920508669942e-06,4.296287421325816e-06,0.002932304584008769,4.29920508669942e-06,4.296287421325816e-06,0.39374009382956093,0.21625085139027722,0.29283252593123277,-0.10664495372760852,0.10664495372760852,-0.03485694899738871,-0.18761437813471918,0.11552006308873666,0.9288597829012291,0.6195094124358242,-0.10664495372760852,0.23926840919948134,[0.7590391],11147.0,-0.19359515032530977,1.0108897248677533,0.6713027352804821,0.5823385710151813,0.14515798812529856,0.7741845976685267,0.7741845976685267,0.8470888162494549,-628621769.7770531,-0.024951832013053232,0.8933550462723915,0.6443669806422903,0.7103622918710292,,,,,,,
ab0f8ebb-05c7-40cf-820c-1eb725a7a660,RandomForestClassifier,POSTPROCESSING,RejectOptionClassification,RandomForestClassifier,1.0,1.0,0.23926840919948134,1.0,1.0,1.0,3506.0,0.0,0.0,,0.0,0.0,,0.0,0.0,,0.0,0.0,,0.0,0.0,,0.0,0.0,0.0,1.0,1.0,1.0,0.0,0.0,0.0,0.0,11147.0,11147.0,3506.0,11147.0,3506.0,1.0,0.0,0.0,0.0,0.0,0.0,0.0,0.0,0.0,0.0,0.0,0.36365888468358687,0.0,0.0,0.0,-0.19359515032530977,0.0,1.0,1.0,0.0,0.23926840919948134,[0.7590391],11147.0,-0.19359515032530977,1.0108897248677533,1.0,1.0,0.0,1.0,1.0,1.0,-2699677477.5768094,0.0,1.0,1.0,1.0,,,,,,,
ab0f8ebb-05c7-40cf-820c-1eb725a7a660,RandomForestClassifier,POSTPROCESSING,EqOddsPostprocessing,RandomForestClassifier,1.0,1.0,0.23926840919948134,1.0,1.0,1.0,3506.0,0.0,0.0,,0.0,0.0,,0.0,0.0,,0.0,0.0,,0.0,0.0,,0.0,0.0,0.0,1.0,1.0,1.0,0.0,0.0,0.0,0.0,11147.0,11147.0,3506.0,11147.0,3506.0,1.0,0.0,0.0,0.0,0.0,0.0,0.0,0.0,0.0,0.0,0.0,0.36365888468358687,0.0,0.0,0.0,-0.19359515032530977,0.0,1.0,1.0,0.0,0.23926840919948134,[0.7590391],11147.0,-0.19359515032530977,1.0108897248677533,1.0,1.0,0.0,1.0,1.0,1.0,-2699677477.5768094,0.0,1.0,1.0,1.0,,,,,,,
ab0f8ebb-05c7-40cf-820c-1eb725a7a660,RandomForestClassifier,POSTPROCESSING,CalibratedEqOddsPostprocessing,RandomForestClassifier,1.0,1.0,0.23926840919948134,1.0,1.0,1.0,3506.0,0.0,0.0,,0.0,0.0,,0.0,0.0,,0.0,0.0,,0.0,0.0,,0.0,0.0,0.0,1.0,1.0,1.0,0.0,0.0,0.0,0.0,11147.0,11147.0,3506.0,11147.0,3506.0,1.0,0.0,0.0,0.0,0.0,0.0,0.0,0.0,0.0,0.0,0.0,0.36365888468358687,0.0,0.0,0.0,-0.19359515032530977,0.0,1.0,1.0,0.0,0.23926840919948134,[0.7590391],11147.0,-0.19359515032530977,1.0108897248677533,1.0,1.0,0.0,1.0,1.0,1.0,-2699677477.5768094,0.0,1.0,1.0,1.0,,,,,,,
ab0f8ebb-05c7-40cf-820c-1eb725a7a660,BaggingClassifier,POSTPROCESSING,ThresholdOptimizer,BaggingClassifier,0.7939671057121409,0.609811751283514,0.2585818603698901,0.609811751283514,0.8518884004664933,0.5642649775666403,3506.0,0.2060328942878591,0.056606700814456734,1.3026484564138117,0.4357350224333597,0.4780512745822787,2.7825517981014967,0.390188248716486,-0.011450182706438439,0.9707877336981303,0.12592047128129602,-0.10191139593201448,0.36140791954745444,0.14811159953350678,0.12918652727897678,2.325923539072407,0.09897011663260845,0.390188248716486,0.14811159953350678,0.8518884004664933,0.609811751283514,0.874079528718704,1368.0,1651.0,1368.0,1651.0,9496.0,10864.0,3789.0,9496.0,2138.0,0.5642649775666403,0.07031835499270758,0.07031835499270758,0.09769978771248909,0.004772624259532717,0.004674946603757847,0.09769978771248909,0.004772624259532717,0.004674946603757847,0.44490474628308574,-0.9445790406635222,1.0684810354939538,0.011450182706438383,0.12918652727897678,-0.28998133525714664,0.017310171358937976,0.13410930386484235,0.8518884004664933,0.609811751283514,0.011450182706438383,0.23926840919948134,[0.7590391],11147.0,-0.19359515032530977,1.0108897248677533,0.5861549006168608,0.4498707870830528,0.2060328942878591,0.7308500758750036,0.7308500758750036,0.6794579007931778,-1231936093.2144608,0.11773634457253834,0.9885498172935617,0.5977493534633396,0.688473402008244,,,,,,,
ab0f8ebb-05c7-40cf-820c-1eb725a7a660,BaggingClassifier,POSTPROCESSING,FairnessAwareMetaEstimator,BaggingClassifier,0.8502013239609636,0.58499714774672,0.19047294069473827,0.58499714774672,0.9336144254059389,0.7348620566105338,3506.0,0.1497986760390364,-0.11097515804256985,0.40666988539129034,0.26513794338946617,0.014307168362966971,1.0543627264769517,0.4150028522532801,0.09190431743257738,1.2293349521780068,0.12266059686393525,-0.10290762790175559,0.3647816431034851,0.06638557459406118,-0.06935349786795277,0.2589895984897287,0.08146512914406981,0.4150028522532801,0.06638557459406118,0.9336144254059389,0.58499714774672,0.8773394031360647,1455.0,740.0,1455.0,740.0,10407.0,11862.0,2791.0,10407.0,2051.0,0.7348620566105338,0.08062890765026509,-0.08062890765026509,0.011840647050869546,7.010046129163284e-05,6.991016964312824e-05,0.011840647050869546,7.010046129163284e-05,6.991016964312824e-05,0.40364620435244974,0.14652503974342546,0.3139835676547838,-0.09190431743257743,0.09190431743257743,-0.05860739813236128,-0.16974256219388104,0.12362767826552734,0.9336144254059389,0.58499714774672,-0.09190431743257743,0.23926840919948134,[0.7590391],11147.0,-0.19359515032530977,1.0108897248677533,0.6514213117357471,0.5634667355980632,0.1497986760390364,0.7593057865763294,0.7593057865763294,0.8205277827205042,-1336174480.957086,-0.02255081956462461,0.9080956825674226,0.6164249755804343,0.6903343321126346,,,,,,,
ab0f8ebb-05c7-40cf-820c-1eb725a7a660,BaggingClassifier,POSTPROCESSING,RejectOptionClassification,BaggingClassifier,1.0,1.0,0.23926840919948134,1.0,1.0,1.0,3506.0,0.0,0.0,,0.0,0.0,,0.0,0.0,,0.0,0.0,,0.0,0.0,,0.0,0.0,0.0,1.0,1.0,1.0,0.0,0.0,0.0,0.0,11147.0,11147.0,3506.0,11147.0,3506.0,1.0,0.0,0.0,0.0,0.0,0.0,0.0,0.0,0.0,0.0,0.0,0.36365888468358687,0.0,0.0,0.0,-0.19359515032530977,0.0,1.0,1.0,0.0,0.23926840919948134,[0.7590391],11147.0,-0.19359515032530977,1.0108897248677533,1.0,1.0,0.0,1.0,1.0,1.0,-2699677477.5768094,0.0,1.0,1.0,1.0,,,,,,,
ab0f8ebb-05c7-40cf-820c-1eb725a7a660,BaggingClassifier,POSTPROCESSING,EqOddsPostprocessing,BaggingClassifier,1.0,1.0,0.23926840919948134,1.0,1.0,1.0,3506.0,0.0,0.0,,0.0,0.0,,0.0,0.0,,0.0,0.0,,0.0,0.0,,0.0,0.0,0.0,1.0,1.0,1.0,0.0,0.0,0.0,0.0,11147.0,11147.0,3506.0,11147.0,3506.0,1.0,0.0,0.0,0.0,0.0,0.0,0.0,0.0,0.0,0.0,0.0,0.36365888468358687,0.0,0.0,0.0,-0.19359515032530977,0.0,1.0,1.0,0.0,0.23926840919948134,[0.7590391],11147.0,-0.19359515032530977,1.0108897248677533,1.0,1.0,0.0,1.0,1.0,1.0,-2699677477.5768094,0.0,1.0,1.0,1.0,,,,,,,
ab0f8ebb-05c7-40cf-820c-1eb725a7a660,BaggingClassifier,POSTPROCESSING,CalibratedEqOddsPostprocessing,BaggingClassifier,1.0,1.0,0.23926840919948134,1.0,1.0,1.0,3506.0,0.0,0.0,,0.0,0.0,,0.0,0.0,,0.0,0.0,,0.0,0.0,,0.0,0.0,0.0,1.0,1.0,1.0,0.0,0.0,0.0,0.0,11147.0,11147.0,3506.0,11147.0,3506.0,1.0,0.0,0.0,0.0,0.0,0.0,0.0,0.0,0.0,0.0,0.0,0.36365888468358687,0.0,0.0,0.0,-0.19359515032530977,0.0,1.0,1.0,0.0,0.23926840919948134,[0.7590391],11147.0,-0.19359515032530977,1.0108897248677533,1.0,1.0,0.0,1.0,1.0,1.0,-2699677477.5768094,0.0,1.0,1.0,1.0,,,,,,,
ab0f8ebb-05c7-40cf-820c-1eb725a7a660,BernoulliNB,POSTPROCESSING,ThresholdOptimizer,BernoulliNB,0.776496280625128,0.2127780946948089,0.08605746263563775,0.2127780946948089,0.953799228491971,0.591593973037272,3506.0,0.223503719374872,-0.19466187187175643,0.3260213426232501,0.408406026962728,-0.0010142493723293011,0.9975187113569801,0.7872219053051911,-0.31386285101481504,0.6245307896987552,0.2060931899641577,-0.21434414282554864,0.22832645834130022,0.046200771508029065,-0.008668419241431788,0.8252384763647056,0.13948096416446465,0.7872219053051911,0.046200771508029065,0.953799228491971,0.2127780946948089,0.7939068100358423,2760.0,515.0,2760.0,515.0,10632.0,13392.0,1261.0,10632.0,746.0,0.591593973037272,0.16126563512812347,0.15259721588669167,0.11065881245275386,0.006122686386726876,0.00598265892029827,0.11065881245275386,0.006122686386726876,0.00598265892029827,0.5281684658600221,-0.9545693721794299,1.0574821848030098,0.31386285101481515,0.31386285101481515,-0.10666494672660973,0.004853158988093062,0.22384248012600438,0.953799228491971,0.2127780946948089,0.31386285101481515,0.23926840919948134,[0.7590391],11147.0,-0.19359515032530977,1.0108897248677533,0.3129851059366478,0.253408146141214,0.223503719374872,0.58328866159339,0.5832886615933899,0.49428043577596387,-1294349915.744482,-0.30519443177338323,0.6861371489851849,0.25333220137532897,0.32077990793178646,,,,,,,
ab0f8ebb-05c7-40cf-820c-1eb725a7a660,BernoulliNB,POSTPROCESSING,FairnessAwareMetaEstimator,BernoulliNB,0.8060465433699584,0.735596120935539,0.3066948747696717,0.735596120935539,0.8282048981788822,0.5738762794837561,3506.0,0.1939534566300416,-0.15018775519139493,0.38536024189011314,0.42612372051624386,-0.02036856548202537,0.9524225040152,0.26440387906446094,0.30497577153751443,2.4048806147653465,0.09124913869475341,-0.04976312837373728,0.5603354085673383,0.1717951018211178,-0.21534099083871555,0.15972357607058815,0.08311710175700358,0.26440387906446094,0.1717951018211178,0.8282048981788822,0.735596120935539,0.9087508613052466,927.0,1915.0,927.0,1915.0,9232.0,10159.0,4494.0,9232.0,2579.0,0.5738762794837561,0.26015838118811496,-0.26015838118811496,0.05910737099882473,0.0017468406531963533,0.0017723889425361077,0.05910737099882473,0.0017468406531963533,0.0017723889425361077,0.4077182894033663,0.528270703314796,0.21436506927449422,-0.3049757715375144,0.3049757715375144,-0.014697281445856011,-0.3272133981195487,0.10447985389931141,0.8282048981788822,0.735596120935539,-0.3049757715375144,0.23926840919948134,[0.7590391],11147.0,-0.19359515032530977,1.0108897248677533,0.64475,0.5216374927371681,0.1939534566300416,0.7819005095572106,0.7819005095572107,0.9853184803737768,-329970419.1625262,-0.08963478069879888,0.6950242284624857,0.6871835864641619,0.689777403801872,,,,,,,
ab0f8ebb-05c7-40cf-820c-1eb725a7a660,BernoulliNB,POSTPROCESSING,RejectOptionClassification,BernoulliNB,1.0,1.0,0.23926840919948134,1.0,1.0,1.0,3506.0,0.0,0.0,,0.0,0.0,,0.0,0.0,,0.0,0.0,,0.0,0.0,,0.0,0.0,0.0,1.0,1.0,1.0,0.0,0.0,0.0,0.0,11147.0,11147.0,3506.0,11147.0,3506.0,1.0,0.0,0.0,0.0,0.0,0.0,0.0,0.0,0.0,0.0,0.0,0.36365888468358687,0.0,0.0,0.0,-0.19359515032530977,0.0,1.0,1.0,0.0,0.23926840919948134,[0.7590391],11147.0,-0.19359515032530977,1.0108897248677533,1.0,1.0,0.0,1.0,1.0,1.0,-2699677477.5768094,0.0,1.0,1.0,1.0,,,,,,,
ab0f8ebb-05c7-40cf-820c-1eb725a7a660,BernoulliNB,POSTPROCESSING,EqOddsPostprocessing,BernoulliNB,1.0,1.0,0.23926840919948134,1.0,1.0,1.0,3506.0,0.0,0.0,,0.0,0.0,,0.0,0.0,,0.0,0.0,,0.0,0.0,,0.0,0.0,0.0,1.0,1.0,1.0,0.0,0.0,0.0,0.0,11147.0,11147.0,3506.0,11147.0,3506.0,1.0,0.0,0.0,0.0,0.0,0.0,0.0,0.0,0.0,0.0,0.0,0.36365888468358687,0.0,0.0,0.0,-0.19359515032530977,0.0,1.0,1.0,0.0,0.23926840919948134,[0.7590391],11147.0,-0.19359515032530977,1.0108897248677533,1.0,1.0,0.0,1.0,1.0,1.0,-2699677477.5768094,0.0,1.0,1.0,1.0,,,,,,,
ab0f8ebb-05c7-40cf-820c-1eb725a7a660,BernoulliNB,POSTPROCESSING,CalibratedEqOddsPostprocessing,BernoulliNB,1.0,1.0,0.23926840919948134,1.0,1.0,1.0,3506.0,0.0,0.0,,0.0,0.0,,0.0,0.0,,0.0,0.0,,0.0,0.0,,0.0,0.0,0.0,1.0,1.0,1.0,0.0,0.0,0.0,0.0,11147.0,11147.0,3506.0,11147.0,3506.0,1.0,0.0,0.0,0.0,0.0,0.0,0.0,0.0,0.0,0.0,0.0,0.36365888468358687,0.0,0.0,0.0,-0.19359515032530977,0.0,1.0,1.0,0.0,0.23926840919948134,[0.7590391],11147.0,-0.19359515032530977,1.0108897248677533,1.0,1.0,0.0,1.0,1.0,1.0,-2699677477.5768094,0.0,1.0,1.0,1.0,,,,,,,
ab0f8ebb-05c7-40cf-820c-1eb725a7a660,BaggingClassifier,POSTPROCESSING,ThresholdOptimizer,BaggingClassifier,0.8108919675151846,0.6049629207073588,0.23933665460997747,0.6049629207073588,0.8756616129900422,0.6047904191616766,3506.0,0.18910803248481545,0.07014175661084943,1.4236353240466688,0.39520958083832336,0.5453964398708894,3.7054533925174375,0.3950370792926412,0.03067904237994995,1.0786084113576226,0.1242598241521622,-0.09230568658349672,0.40320700560116396,0.12433838700995783,0.1453524394904962,3.159248739273292,0.09454110947972012,0.3950370792926412,0.12433838700995783,0.8756616129900422,0.6049629207073588,0.8757401758478378,1385.0,1386.0,1385.0,1386.0,9761.0,11146.0,3507.0,9761.0,2121.0,0.6047904191616766,0.08801574093522305,0.05733669855527315,0.10126049610706604,0.005126844035924568,0.005018495349059965,0.10126049610706604,0.005126844035924568,0.005018495349059965,0.43483585289099635,-0.924791947536981,1.0898258572408075,-0.030679042379949895,0.1453524394904962,-0.3188510632271931,0.02086956543536428,0.13104981236455848,0.8756616129900422,0.6049629207073588,-0.030679042379949895,0.23926840919948134,[0.7590391],11147.0,-0.19359515032530977,1.0108897248677533,0.6048766576358192,0.4805775620581786,0.18910803248481545,0.7403122668487004,0.7403122668487006,0.6978652055676257,-1222923451.9137008,0.11467339711054625,0.9693209576200502,0.6049197860962566,0.6915830970808439,,,,,,,
ab0f8ebb-05c7-40cf-820c-1eb725a7a660,BaggingClassifier,POSTPROCESSING,FairnessAwareMetaEstimator,BaggingClassifier,0.8669214495325189,0.587564175698802,0.17498123251211356,0.587564175698802,0.954786041087288,0.8034321372854915,3506.0,0.13307855046748107,-0.0995847627727926,0.4018770818285574,0.19656786271450857,-0.029014393731228633,0.8551223241590213,0.41243582430119796,0.10582203002740598,1.2672164134195878,0.1196128712052279,-0.09694373193114202,0.3802378126584535,0.04521395891271194,-0.0533293688063972,0.1936313743425566,0.07363626256313971,0.41243582430119796,0.04521395891271194,0.954786041087288,0.587564175698802,0.8803871287947721,1446.0,504.0,1446.0,504.0,10643.0,12089.0,2564.0,10643.0,2060.0,0.8034321372854915,0.0795756994169016,-0.0795756994169016,0.015307028677758157,0.00011715256347085532,0.00011674295582827894,0.015307028677758157,0.00011715256347085532,0.00011674295582827894,0.38376102606476264,0.2277055520033322,0.289442383258106,-0.10582203002740598,0.10582203002740598,-0.033964669099956706,-0.16326185175139862,0.11740518886618699,0.954786041087288,0.587564175698802,-0.10582203002740598,0.23926840919948134,[0.7590391],11147.0,-0.19359515032530977,1.0108897248677533,0.6787479406919276,0.6089905805520607,0.13307855046748107,0.771175108393045,0.771175108393045,0.8325419070163264,-178534183.51024717,-0.05249266122100878,0.894177969972594,0.6298731080874485,0.6987162662546452,,,,,,,
ab0f8ebb-05c7-40cf-820c-1eb725a7a660,BaggingClassifier,POSTPROCESSING,RejectOptionClassification,BaggingClassifier,1.0,1.0,0.23926840919948134,1.0,1.0,1.0,3506.0,0.0,0.0,,0.0,0.0,,0.0,0.0,,0.0,0.0,,0.0,0.0,,0.0,0.0,0.0,1.0,1.0,1.0,0.0,0.0,0.0,0.0,11147.0,11147.0,3506.0,11147.0,3506.0,1.0,0.0,0.0,0.0,0.0,0.0,0.0,0.0,0.0,0.0,0.0,0.36365888468358687,0.0,0.0,0.0,-0.19359515032530977,0.0,1.0,1.0,0.0,0.23926840919948134,[0.7590391],11147.0,-0.19359515032530977,1.0108897248677533,1.0,1.0,0.0,1.0,1.0,1.0,-2699677477.5768094,0.0,1.0,1.0,1.0,,,,,,,
ab0f8ebb-05c7-40cf-820c-1eb725a7a660,BaggingClassifier,POSTPROCESSING,EqOddsPostprocessing,BaggingClassifier,1.0,1.0,0.23926840919948134,1.0,1.0,1.0,3506.0,0.0,0.0,,0.0,0.0,,0.0,0.0,,0.0,0.0,,0.0,0.0,,0.0,0.0,0.0,1.0,1.0,1.0,0.0,0.0,0.0,0.0,11147.0,11147.0,3506.0,11147.0,3506.0,1.0,0.0,0.0,0.0,0.0,0.0,0.0,0.0,0.0,0.0,0.0,0.36365888468358687,0.0,0.0,0.0,-0.19359515032530977,0.0,1.0,1.0,0.0,0.23926840919948134,[0.7590391],11147.0,-0.19359515032530977,1.0108897248677533,1.0,1.0,0.0,1.0,1.0,1.0,-2699677477.5768094,0.0,1.0,1.0,1.0,,,,,,,
ab0f8ebb-05c7-40cf-820c-1eb725a7a660,BaggingClassifier,POSTPROCESSING,CalibratedEqOddsPostprocessing,BaggingClassifier,1.0,1.0,0.23926840919948134,1.0,1.0,1.0,3506.0,0.0,0.0,,0.0,0.0,,0.0,0.0,,0.0,0.0,,0.0,0.0,,0.0,0.0,0.0,1.0,1.0,1.0,0.0,0.0,0.0,0.0,11147.0,11147.0,3506.0,11147.0,3506.0,1.0,0.0,0.0,0.0,0.0,0.0,0.0,0.0,0.0,0.0,0.0,0.36365888468358687,0.0,0.0,0.0,-0.19359515032530977,0.0,1.0,1.0,0.0,0.23926840919948134,[0.7590391],11147.0,-0.19359515032530977,1.0108897248677533,1.0,1.0,0.0,1.0,1.0,1.0,-2699677477.5768094,0.0,1.0,1.0,1.0,,,,,,,
ab0f8ebb-05c7-40cf-820c-1eb725a7a660,RandomForestClassifier,POSTPROCESSING,ThresholdOptimizer,RandomForestClassifier,0.8151914283764417,0.5618938961779806,0.21442707977888487,0.5618938961779806,0.8948596034807571,0.6269891788669637,3506.0,0.18480857162355835,0.02763856601340675,1.1574541127598175,0.3730108211330363,0.5160779217351696,3.575462850473126,0.4381061038220194,0.01668933947650636,1.0383207934336527,0.13343758144383633,-0.10510607645191754,0.37710391125976006,0.10514039651924284,0.11033885430167714,2.7838553676361837,0.09684762356991856,0.4381061038220194,0.10514039651924284,0.8948596034807571,0.5618938961779806,0.8665624185561637,1536.0,1172.0,1536.0,1172.0,9975.0,11511.0,3142.0,9975.0,1970.0,0.6269891788669637,0.06351409688909172,0.04682475741258542,0.09324701745697417,0.0043475031323106225,0.004262186288850331,0.09324701745697417,0.0043475031323106225,0.004262186288850331,0.44010822207706723,-1.006257047330873,0.9952427902414903,-0.016689339476506304,0.11033885430167714,-0.31059199909354357,-0.0010217055880283321,0.13886051930478965,0.8948596034807571,0.5618938961779806,-0.016689339476506304,0.23926840919948134,[0.7590391],11147.0,-0.19359515032530977,1.0108897248677533,0.5926594464500602,0.4747961872058093,0.18480857162355835,0.728376749829369,0.7283767498293688,0.6942706852136413,-1205398284.978658,0.09364951482517078,0.9833106605234938,0.5768667642752562,0.669048825846991,,,,,,,
ab0f8ebb-05c7-40cf-820c-1eb725a7a660,RandomForestClassifier,POSTPROCESSING,FairnessAwareMetaEstimator,RandomForestClassifier,0.8603698901248891,0.5490587564175698,0.1631065310857845,0.5490587564175698,0.958284740288867,0.805439330543933,3506.0,0.13963010987511093,-0.10638419873432259,0.3932299010677419,0.19456066945606695,-0.056003978991714276,0.7218336646298069,0.4509412435824301,0.11246499781546643,1.2594402831225946,0.12892440675201827,-0.10399829856022876,0.3815989022528454,0.04171525971113304,-0.05284025069691482,0.153806481747279,0.07840252152507265,0.4509412435824301,0.04171525971113304,0.958284740288867,0.5490587564175698,0.8710755932479818,1581.0,465.0,1581.0,465.0,10682.0,12263.0,2390.0,10682.0,1925.0,0.805439330543933,0.08265262425619069,-0.08265262425619069,0.018693381151189563,0.0001747212494318246,0.00017397788907534323,0.018693381151189563,0.0001747212494318246,0.00017397788907534323,0.3959861652256873,0.28833051436175006,0.2723655324749722,-0.11246499781546654,0.11246499781546654,-0.02399715978425724,-0.15702136568098637,0.12683804150828898,0.958284740288867,0.5490587564175698,-0.11246499781546654,0.23926840919948134,[0.7590391],11147.0,-0.19359515032530977,1.0108897248677533,0.6529850746268657,0.5858544588980087,0.13963010987511093,0.7536717483532185,0.7536717483532185,0.8159646961823633,-173666775.01679167,-0.059624747118551605,0.8875350021845334,0.5965292841648591,0.6697260647076079,,,,,,,
ab0f8ebb-05c7-40cf-820c-1eb725a7a660,RandomForestClassifier,POSTPROCESSING,RejectOptionClassification,RandomForestClassifier,1.0,1.0,0.23926840919948134,1.0,1.0,1.0,3506.0,0.0,0.0,,0.0,0.0,,0.0,0.0,,0.0,0.0,,0.0,0.0,,0.0,0.0,0.0,1.0,1.0,1.0,0.0,0.0,0.0,0.0,11147.0,11147.0,3506.0,11147.0,3506.0,1.0,0.0,0.0,0.0,0.0,0.0,0.0,0.0,0.0,0.0,0.0,0.36365888468358687,0.0,0.0,0.0,-0.19359515032530977,0.0,1.0,1.0,0.0,0.23926840919948134,[0.7590391],11147.0,-0.19359515032530977,1.0108897248677533,1.0,1.0,0.0,1.0,1.0,1.0,,,,,,,,,,,,
ab0f8ebb-05c7-40cf-820c-1eb725a7a660,RandomForestClassifier,POSTPROCESSING,EqOddsPostprocessing,RandomForestClassifier,1.0,1.0,0.23926840919948134,1.0,1.0,1.0,3506.0,0.0,0.0,,0.0,0.0,,0.0,0.0,,0.0,0.0,,0.0,0.0,,0.0,0.0,0.0,1.0,1.0,1.0,0.0,0.0,0.0,0.0,11147.0,11147.0,3506.0,11147.0,3506.0,1.0,0.0,0.0,0.0,0.0,0.0,0.0,0.0,0.0,0.0,0.0,0.36365888468358687,0.0,0.0,0.0,-0.19359515032530977,0.0,1.0,1.0,0.0,0.23926840919948134,[0.7590391],11147.0,-0.19359515032530977,1.0108897248677533,1.0,1.0,0.0,1.0,1.0,1.0,,,,,,,,,,,,
ab0f8ebb-05c7-40cf-820c-1eb725a7a660,RandomForestClassifier,POSTPROCESSING,CalibratedEqOddsPostprocessing,RandomForestClassifier,1.0,1.0,0.23926840919948134,1.0,1.0,1.0,3506.0,0.0,0.0,,0.0,0.0,,0.0,0.0,,0.0,0.0,,0.0,0.0,,0.0,0.0,0.0,1.0,1.0,1.0,0.0,0.0,0.0,0.0,11147.0,11147.0,3506.0,11147.0,3506.0,1.0,0.0,0.0,0.0,0.0,0.0,0.0,0.0,0.0,0.0,0.0,0.36365888468358687,0.0,0.0,0.0,-0.19359515032530977,0.0,1.0,1.0,0.0,0.23926840919948134,[0.7590391],11147.0,-0.19359515032530977,1.0108897248677533,1.0,1.0,0.0,1.0,1.0,1.0,,,,,,,,,,,,
ab0f8ebb-05c7-40cf-820c-1eb725a7a660,GradientBoostingClassifier,POSTPROCESSING,ThresholdOptimizer,GradientBoostingClassifier,0.821470006142087,0.6714204221334854,0.2605609772742783,0.6714204221334854,0.8686642145868844,0.6165531691985333,3506.0,0.17852999385791302,0.07014549575542328,1.4525755776506302,0.38344683080146674,0.5065928757618176,3.361316609549131,0.32857957786651454,0.022308307185129272,1.0686159978009895,0.10632210429164744,-0.0820513155165142,0.38729905516173047,0.13133578541311564,0.12932223400822787,2.6044483757724097,0.08536435556447608,0.32857957786651454,0.13133578541311564,0.8686642145868844,0.6714204221334854,0.8936778957083525,1152.0,1464.0,1152.0,1464.0,9683.0,10835.0,3818.0,9683.0,2354.0,0.6165531691985333,0.07581527059667854,0.05350696341154933,0.08834986031723271,0.0039028489090372665,0.0038299089058003496,0.08834986031723271,0.0039028489090372665,0.0038299089058003496,0.413193309637211,-1.0013627641474927,0.990423585547595,-0.022308307185129217,0.12932223400822787,-0.2943220956391659,-0.00250328418050233,0.11454972480124377,0.8686642145868844,0.6714204221334854,-0.022308307185129217,0.23926840919948134,[0.7590391],11147.0,-0.19359515032530977,1.0108897248677533,0.642818132168214,0.524945672744983,0.17852999385791302,0.7700423183601849,0.7700423183601849,0.7288396922063418,,,,,,,,,,,,
ab0f8ebb-05c7-40cf-820c-1eb725a7a660,GradientBoostingClassifier,POSTPROCESSING,FairnessAwareMetaEstimator,GradientBoostingClassifier,0.8757251074865215,0.659155733029093,0.20043677062717533,0.659155733029093,0.9438413923028618,0.7868573374191352,3506.0,0.12427489251347845,-0.09123237024666986,0.4109825220679191,0.21314266258086484,-0.00985046499900552,0.9540672456273479,0.34084426697090703,0.10352826984946578,1.3187637581019933,0.10199726869238648,-0.08231660435733087,0.3847646722149594,0.05615860769713824,-0.06230822563046409,0.22696717871654984,0.06644353056408978,0.34084426697090703,0.05615860769713824,0.9438413923028618,0.659155733029093,0.8980027313076135,1195.0,626.0,1195.0,626.0,10521.0,11716.0,2937.0,10521.0,2311.0,0.7868573374191352,0.08291824773996496,-0.08291824773996496,0.0057042972063608985,1.6269503309248374e-05,1.6248087572042765e-05,0.0057042972063608985,1.6269503309248374e-05,1.6248087572042765e-05,0.36453677609835133,0.1785687878234299,0.30408760283231095,-0.10352826984946584,0.10352826984946584,-0.03623306967916266,-0.18198366507692443,0.10122314876588313,0.9438413923028618,0.659155733029093,-0.10352826984946584,0.23926840919948134,[0.7590391],11147.0,-0.19359515032530977,1.0108897248677533,0.7173676858606239,0.642626370993966,0.12427489251347845,0.8014985626659775,0.8014985626659774,0.8679574190483407,,,,,,,,,,,,
ab0f8ebb-05c7-40cf-820c-1eb725a7a660,GradientBoostingClassifier,POSTPROCESSING,RejectOptionClassification,GradientBoostingClassifier,1.0,1.0,0.23926840919948134,1.0,1.0,1.0,3506.0,0.0,0.0,,0.0,0.0,,0.0,0.0,,0.0,0.0,,0.0,0.0,,0.0,0.0,0.0,1.0,1.0,1.0,0.0,0.0,0.0,0.0,11147.0,11147.0,3506.0,11147.0,3506.0,1.0,0.0,0.0,0.0,0.0,0.0,0.0,0.0,0.0,0.0,0.0,0.36365888468358687,0.0,0.0,0.0,-0.19359515032530977,0.0,1.0,1.0,0.0,0.23926840919948134,[0.7590391],11147.0,-0.19359515032530977,1.0108897248677533,1.0,1.0,0.0,1.0,1.0,1.0,,,,,,,,,,,,
ab0f8ebb-05c7-40cf-820c-1eb725a7a660,GradientBoostingClassifier,POSTPROCESSING,EqOddsPostprocessing,GradientBoostingClassifier,1.0,1.0,0.23926840919948134,1.0,1.0,1.0,3506.0,0.0,0.0,,0.0,0.0,,0.0,0.0,,0.0,0.0,,0.0,0.0,,0.0,0.0,0.0,1.0,1.0,1.0,0.0,0.0,0.0,0.0,11147.0,11147.0,3506.0,11147.0,3506.0,1.0,0.0,0.0,0.0,0.0,0.0,0.0,0.0,0.0,0.0,0.0,0.36365888468358687,0.0,0.0,0.0,-0.19359515032530977,0.0,1.0,1.0,0.0,0.23926840919948134,[0.7590391],11147.0,-0.19359515032530977,1.0108897248677533,1.0,1.0,0.0,1.0,1.0,1.0,,,,,,,,,,,,
ab0f8ebb-05c7-40cf-820c-1eb725a7a660,GradientBoostingClassifier,POSTPROCESSING,CalibratedEqOddsPostprocessing,GradientBoostingClassifier,1.0,1.0,0.23926840919948134,1.0,1.0,1.0,3506.0,0.0,0.0,,0.0,0.0,,0.0,0.0,,0.0,0.0,,0.0,0.0,,0.0,0.0,0.0,1.0,1.0,1.0,0.0,0.0,0.0,0.0,11147.0,11147.0,3506.0,11147.0,3506.0,1.0,0.0,0.0,0.0,0.0,0.0,0.0,0.0,0.0,0.0,0.0,0.36365888468358687,0.0,0.0,0.0,-0.19359515032530977,0.0,1.0,1.0,0.0,0.23926840919948134,[0.7590391],11147.0,-0.19359515032530977,1.0108897248677533,1.0,1.0,0.0,1.0,1.0,1.0,,,,,,,,,,,,
ab0f8ebb-05c7-40cf-820c-1eb725a7a660,BaggingClassifier_FAIR_SMOTE_HYPERPARAMETER,POSTPROCESSING,ThresholdOptimizer,FAIR_SMOTE_HYPERPARAMETER,0.8098682863577424,0.6112378779235597,0.24336313382924998,0.6112378779235597,0.8723423342603391,0.6009534492428491,3506.0,0.19013171364225756,0.07043760859186066,1.4230601833746792,0.39904655075715084,0.5365833325614353,3.5785186504050563,0.3887621220764404,0.01852385113397148,1.0480031907776233,0.12293677279696942,-0.09334266655346526,0.3924968534634925,0.1276576657396609,0.14553486714344963,3.062454372447129,0.09428376052927102,0.3887621220764404,0.1276576657396609,0.8723423342603391,0.6112378779235597,0.8770632272030305,1363.0,1423.0,1363.0,1423.0,9724.0,11087.0,3566.0,9724.0,2143.0,0.6009534492428491,0.08202935913871055,0.06350550800473907,0.10145924763970704,0.0051469894658077,0.0050380240903411385,0.10145924763970704,0.0051469894658077,0.0050380240903411385,0.4342436194793679,-0.9210570597502439,1.093908466968747,-0.01852385113397148,0.14553486714344963,-0.3149629995574503,0.022155684945276505,0.12999212950859595,0.8723423342603391,0.6112378779235597,-0.01852385113397148,0.23926840919948134,[0.7590391],11147.0,-0.19359515032530977,1.0108897248677533,0.606052036199095,0.480790396974753,0.19013171364225756,0.7417901060919494,0.7417901060919494,0.6946823485716909,,,,,,,,,,,,
ab0f8ebb-05c7-40cf-820c-1eb725a7a660,BaggingClassifier_FAIR_SMOTE_HYPERPARAMETER,POSTPROCESSING,FairnessAwareMetaEstimator,FAIR_SMOTE_HYPERPARAMETER,0.8654882959120999,0.6006845407872219,0.18269296389817785,0.6006845407872219,0.9487754552794474,0.786701531565185,3506.0,0.13451170408790014,-0.0995990926788134,0.406913292770075,0.2132984684348151,-0.036798073134262144,0.8310307227760736,0.3993154592127781,0.13005545736187785,1.3430314022314178,0.11690046760187041,-0.09172955771255968,0.39677401272729007,0.051224544720552614,-0.06209122989523373,0.17850392322204436,0.07376604642724137,0.3993154592127781,0.051224544720552614,0.9487754552794474,0.6006845407872219,0.8830995323981295,1400.0,571.0,1400.0,571.0,10576.0,11976.0,2677.0,10576.0,2106.0,0.786701531565185,0.09607334362855582,-0.09607334362855582,0.0092196660389884,4.2501120935238025e-05,4.24110367742627e-05,0.0092196660389884,4.2501120935238025e-05,4.24110367742627e-05,0.38409906645874936,0.28045790959824535,0.2745650966399527,-0.1300554573618779,0.1300554573618779,-0.02746574228914874,-0.17517434858252579,0.11549973709009809,0.9487754552794474,0.6006845407872219,-0.1300554573618779,0.23926840919948134,[0.7590391],11147.0,-0.19359515032530977,1.0108897248677533,0.6812227074235808,0.6066538469100263,0.13451170408790014,0.7747299980333346,0.7747299980333346,0.8491608993537416,,,,,,,,,,,,
ab0f8ebb-05c7-40cf-820c-1eb725a7a660,BaggingClassifier_FAIR_SMOTE_HYPERPARAMETER,POSTPROCESSING,RejectOptionClassification,FAIR_SMOTE_HYPERPARAMETER,1.0,1.0,0.23926840919948134,1.0,1.0,1.0,3506.0,0.0,0.0,,0.0,0.0,,0.0,0.0,,0.0,0.0,,0.0,0.0,,0.0,0.0,0.0,1.0,1.0,1.0,0.0,0.0,0.0,0.0,11147.0,11147.0,3506.0,11147.0,3506.0,1.0,0.0,0.0,0.0,0.0,0.0,0.0,0.0,0.0,0.0,0.0,0.36365888468358687,0.0,0.0,0.0,-0.19359515032530977,0.0,1.0,1.0,0.0,0.23926840919948134,[0.7590391],11147.0,-0.19359515032530977,1.0108897248677533,1.0,1.0,0.0,1.0,1.0,1.0,,,,,,,,,,,,
ab0f8ebb-05c7-40cf-820c-1eb725a7a660,BaggingClassifier_FAIR_SMOTE_HYPERPARAMETER,POSTPROCESSING,EqOddsPostprocessing,FAIR_SMOTE_HYPERPARAMETER,1.0,1.0,0.23926840919948134,1.0,1.0,1.0,3506.0,0.0,0.0,,0.0,0.0,,0.0,0.0,,0.0,0.0,,0.0,0.0,,0.0,0.0,0.0,1.0,1.0,1.0,0.0,0.0,0.0,0.0,11147.0,11147.0,3506.0,11147.0,3506.0,1.0,0.0,0.0,0.0,0.0,0.0,0.0,0.0,0.0,0.0,0.0,0.36365888468358687,0.0,0.0,0.0,-0.19359515032530977,0.0,1.0,1.0,0.0,0.23926840919948134,[0.7590391],11147.0,-0.19359515032530977,1.0108897248677533,1.0,1.0,0.0,1.0,1.0,1.0,,,,,,,,,,,,
ab0f8ebb-05c7-40cf-820c-1eb725a7a660,BaggingClassifier_FAIR_SMOTE_HYPERPARAMETER,POSTPROCESSING,CalibratedEqOddsPostprocessing,FAIR_SMOTE_HYPERPARAMETER,1.0,1.0,0.23926840919948134,1.0,1.0,1.0,3506.0,0.0,0.0,,0.0,0.0,,0.0,0.0,,0.0,0.0,,0.0,0.0,,0.0,0.0,0.0,1.0,1.0,1.0,0.0,0.0,0.0,0.0,11147.0,11147.0,3506.0,11147.0,3506.0,1.0,0.0,0.0,0.0,0.0,0.0,0.0,0.0,0.0,0.0,0.0,0.36365888468358687,0.0,0.0,0.0,-0.19359515032530977,0.0,1.0,1.0,0.0,0.23926840919948134,[0.7590391],11147.0,-0.19359515032530977,1.0108897248677533,1.0,1.0,0.0,1.0,1.0,1.0,,,,,,,,,,,,
ab0f8ebb-05c7-40cf-820c-1eb725a7a660,BaggingClassifier_NONE_BASE_LINE_VALUES,POSTPROCESSING,ThresholdOptimizer,NONE_BASE_LINE_VALUES,0.7923974612707295,0.6003993154592128,0.2556473077185559,0.6003993154592128,0.8527855028258724,0.5619327282434597,3506.0,0.20760253872927048,0.054550421967687446,1.2881730375894764,0.4380672717565403,0.4773797373772209,2.781675769065758,0.39960068454078723,-0.029118838622552323,0.9279448621553885,0.12844961951040615,-0.1064615454976818,0.34851226334960794,0.14721449717412757,0.13216795685957344,2.3859221977813476,0.10035287461084152,0.39960068454078723,0.14721449717412757,0.8527855028258724,0.6003993154592128,0.8715503804895939,1401.0,1641.0,1401.0,1641.0,9506.0,10907.0,3746.0,9506.0,2105.0,0.5619327282434597,0.08064339774106291,0.08064339774106291,0.10102913493816783,0.005103443053177262,0.004995809408249254,0.10102913493816783,0.005103443053177262,0.004995809408249254,0.448001952252089,-0.9188018136241458,1.096388350222149,0.02911883862255238,0.13216795685957344,-0.2919206414374513,0.0238693829483978,0.1365040101043188,0.8527855028258724,0.6003993154592128,0.02911883862255238,0.23926840919948134,[0.7590391],11147.0,-0.19359515032530977,1.0108897248677533,0.5805295091009377,0.4432245072881718,0.20760253872927048,0.7265924091425426,0.7265924091425426,0.6679975284964234,,,,,,,,,,,,
ab0f8ebb-05c7-40cf-820c-1eb725a7a660,BaggingClassifier_NONE_BASE_LINE_VALUES,POSTPROCESSING,FairnessAwareMetaEstimator,NONE_BASE_LINE_VALUES,0.8468572988466526,0.5775812892184826,0.19026820446324985,0.5775812892184826,0.9315510899793666,0.7263271162123386,3506.0,0.15314270115334738,-0.11508976286553996,0.3998318525662039,0.2736728837876614,0.0014530944890583375,1.005313357609764,0.4224187107815174,0.09835737975136033,1.241570944298117,0.12482090181205226,-0.10428386795524694,0.36711971014556194,0.06844891002063336,-0.07425402989909563,0.23903661340926802,0.08333789214855115,0.4224187107815174,0.06844891002063336,0.9315510899793666,0.5775812892184826,0.8751790981879477,1481.0,763.0,1481.0,763.0,10384.0,11865.0,2788.0,10384.0,2025.0,0.7263271162123386,0.08630570482522801,-0.08630570482522801,0.010324437972710048,5.3297009726168596e-05,5.31706547904921e-05,0.010324437972710048,5.3297009726168596e-05,5.31706547904921e-05,0.40825945708226075,0.17901952009926392,0.3039328315490178,-0.09835737975136039,0.09835737975136039,-0.05286848122215261,-0.1728013913461405,0.1261468926142963,0.9315510899793666,0.5775812892184826,-0.09835737975136039,0.23926840919948134,[0.7590391],11147.0,-0.19359515032530977,1.0108897248677533,0.6434699714013346,0.5533952385410534,0.15314270115334738,0.7545661895989246,0.7545661895989246,0.8196895564295464,,,,,,,,,,,,
ab0f8ebb-05c7-40cf-820c-1eb725a7a660,BaggingClassifier_NONE_BASE_LINE_VALUES,POSTPROCESSING,RejectOptionClassification,NONE_BASE_LINE_VALUES,1.0,1.0,0.23926840919948134,1.0,1.0,1.0,3506.0,0.0,0.0,,0.0,0.0,,0.0,0.0,,0.0,0.0,,0.0,0.0,,0.0,0.0,0.0,1.0,1.0,1.0,0.0,0.0,0.0,0.0,11147.0,11147.0,3506.0,11147.0,3506.0,1.0,0.0,0.0,0.0,0.0,0.0,0.0,0.0,0.0,0.0,0.0,0.36365888468358687,0.0,0.0,0.0,-0.19359515032530977,0.0,1.0,1.0,0.0,0.23926840919948134,[0.7590391],11147.0,-0.19359515032530977,1.0108897248677533,1.0,1.0,0.0,1.0,1.0,1.0,,,,,,,,,,,,
ab0f8ebb-05c7-40cf-820c-1eb725a7a660,BaggingClassifier_NONE_BASE_LINE_VALUES,POSTPROCESSING,EqOddsPostprocessing,NONE_BASE_LINE_VALUES,1.0,1.0,0.23926840919948134,1.0,1.0,1.0,3506.0,0.0,0.0,,0.0,0.0,,0.0,0.0,,0.0,0.0,,0.0,0.0,,0.0,0.0,0.0,1.0,1.0,1.0,0.0,0.0,0.0,0.0,11147.0,11147.0,3506.0,11147.0,3506.0,1.0,0.0,0.0,0.0,0.0,0.0,0.0,0.0,0.0,0.0,0.0,0.36365888468358687,0.0,0.0,0.0,-0.19359515032530977,0.0,1.0,1.0,0.0,0.23926840919948134,[0.7590391],11147.0,-0.19359515032530977,1.0108897248677533,1.0,1.0,0.0,1.0,1.0,1.0,,,,,,,,,,,,
ab0f8ebb-05c7-40cf-820c-1eb725a7a660,BaggingClassifier_NONE_BASE_LINE_VALUES,POSTPROCESSING,CalibratedEqOddsPostprocessing,NONE_BASE_LINE_VALUES,1.0,1.0,0.23926840919948134,1.0,1.0,1.0,3506.0,0.0,0.0,,0.0,0.0,,0.0,0.0,,0.0,0.0,,0.0,0.0,,0.0,0.0,0.0,1.0,1.0,1.0,0.0,0.0,0.0,0.0,11147.0,11147.0,3506.0,11147.0,3506.0,1.0,0.0,0.0,0.0,0.0,0.0,0.0,0.0,0.0,0.0,0.0,0.36365888468358687,0.0,0.0,0.0,-0.19359515032530977,0.0,1.0,1.0,0.0,0.23926840919948134,[0.7590391],11147.0,-0.19359515032530977,1.0108897248677533,1.0,1.0,0.0,1.0,1.0,1.0,,,,,,,,,,,,
ab0f8ebb-05c7-40cf-820c-1eb725a7a660,GradientBoostingClassifier_FAIR_SMOTE_HYPERPARAMETER,POSTPROCESSING,ThresholdOptimizer,FAIR_SMOTE_HYPERPARAMETER,0.821470006142087,0.6714204221334854,0.2605609772742783,0.6714204221334854,0.8686642145868844,0.6165531691985333,3506.0,0.17852999385791302,0.07014549575542328,1.4525755776506302,0.38344683080146674,0.5065928757618176,3.361316609549131,0.32857957786651454,0.022308307185129272,1.0686159978009895,0.10632210429164744,-0.0820513155165142,0.38729905516173047,0.13133578541311564,0.12932223400822787,2.6044483757724097,0.08536435556447608,0.32857957786651454,0.13133578541311564,0.8686642145868844,0.6714204221334854,0.8936778957083525,1152.0,1464.0,1152.0,1464.0,9683.0,10835.0,3818.0,9683.0,2354.0,0.6165531691985333,0.07581527059667854,0.05350696341154933,0.08834986031723271,0.0039028489090372665,0.0038299089058003496,0.08834986031723271,0.0039028489090372665,0.0038299089058003496,0.413193309637211,-1.0013627641474927,0.990423585547595,-0.022308307185129217,0.12932223400822787,-0.2943220956391659,-0.00250328418050233,0.11454972480124377,0.8686642145868844,0.6714204221334854,-0.022308307185129217,0.23926840919948134,[0.7590391],11147.0,-0.19359515032530977,1.0108897248677533,0.642818132168214,0.524945672744983,0.17852999385791302,0.7700423183601849,0.7700423183601849,0.7288396922063418,,,,,,,,,,,,
ab0f8ebb-05c7-40cf-820c-1eb725a7a660,GradientBoostingClassifier_FAIR_SMOTE_HYPERPARAMETER,POSTPROCESSING,FairnessAwareMetaEstimator,FAIR_SMOTE_HYPERPARAMETER,0.8757251074865215,0.659155733029093,0.20043677062717533,0.659155733029093,0.9438413923028618,0.7868573374191352,3506.0,0.12427489251347845,-0.09123237024666986,0.4109825220679191,0.21314266258086484,-0.00985046499900552,0.9540672456273479,0.34084426697090703,0.10352826984946578,1.3187637581019933,0.10199726869238648,-0.08231660435733087,0.3847646722149594,0.05615860769713824,-0.06230822563046409,0.22696717871654984,0.06644353056408978,0.34084426697090703,0.05615860769713824,0.9438413923028618,0.659155733029093,0.8980027313076135,1195.0,626.0,1195.0,626.0,10521.0,11716.0,2937.0,10521.0,2311.0,0.7868573374191352,0.08291824773996496,-0.08291824773996496,0.0057042972063608985,1.6269503309248374e-05,1.6248087572042765e-05,0.0057042972063608985,1.6269503309248374e-05,1.6248087572042765e-05,0.36453677609835133,0.1785687878234299,0.30408760283231095,-0.10352826984946584,0.10352826984946584,-0.03623306967916266,-0.18198366507692443,0.10122314876588313,0.9438413923028618,0.659155733029093,-0.10352826984946584,0.23926840919948134,[0.7590391],11147.0,-0.19359515032530977,1.0108897248677533,0.7173676858606239,0.642626370993966,0.12427489251347845,0.8014985626659775,0.8014985626659774,0.8679574190483407,,,,,,,,,,,,
ab0f8ebb-05c7-40cf-820c-1eb725a7a660,GradientBoostingClassifier_FAIR_SMOTE_HYPERPARAMETER,POSTPROCESSING,RejectOptionClassification,FAIR_SMOTE_HYPERPARAMETER,1.0,1.0,0.23926840919948134,1.0,1.0,1.0,3506.0,0.0,0.0,,0.0,0.0,,0.0,0.0,,0.0,0.0,,0.0,0.0,,0.0,0.0,0.0,1.0,1.0,1.0,0.0,0.0,0.0,0.0,11147.0,11147.0,3506.0,11147.0,3506.0,1.0,0.0,0.0,0.0,0.0,0.0,0.0,0.0,0.0,0.0,0.0,0.36365888468358687,0.0,0.0,0.0,-0.19359515032530977,0.0,1.0,1.0,0.0,0.23926840919948134,[0.7590391],11147.0,-0.19359515032530977,1.0108897248677533,1.0,1.0,0.0,1.0,1.0,1.0,,,,,,,,,,,,
ab0f8ebb-05c7-40cf-820c-1eb725a7a660,GradientBoostingClassifier_FAIR_SMOTE_HYPERPARAMETER,POSTPROCESSING,EqOddsPostprocessing,FAIR_SMOTE_HYPERPARAMETER,1.0,1.0,0.23926840919948134,1.0,1.0,1.0,3506.0,0.0,0.0,,0.0,0.0,,0.0,0.0,,0.0,0.0,,0.0,0.0,,0.0,0.0,0.0,1.0,1.0,1.0,0.0,0.0,0.0,0.0,11147.0,11147.0,3506.0,11147.0,3506.0,1.0,0.0,0.0,0.0,0.0,0.0,0.0,0.0,0.0,0.0,0.0,0.36365888468358687,0.0,0.0,0.0,-0.19359515032530977,0.0,1.0,1.0,0.0,0.23926840919948134,[0.7590391],11147.0,-0.19359515032530977,1.0108897248677533,1.0,1.0,0.0,1.0,1.0,1.0,,,,,,,,,,,,
ab0f8ebb-05c7-40cf-820c-1eb725a7a660,GradientBoostingClassifier_FAIR_SMOTE_HYPERPARAMETER,POSTPROCESSING,CalibratedEqOddsPostprocessing,FAIR_SMOTE_HYPERPARAMETER,1.0,1.0,0.23926840919948134,1.0,1.0,1.0,3506.0,0.0,0.0,,0.0,0.0,,0.0,0.0,,0.0,0.0,,0.0,0.0,,0.0,0.0,0.0,1.0,1.0,1.0,0.0,0.0,0.0,0.0,11147.0,11147.0,3506.0,11147.0,3506.0,1.0,0.0,0.0,0.0,0.0,0.0,0.0,0.0,0.0,0.0,0.0,0.36365888468358687,0.0,0.0,0.0,-0.19359515032530977,0.0,1.0,1.0,0.0,0.23926840919948134,[0.7590391],11147.0,-0.19359515032530977,1.0108897248677533,1.0,1.0,0.0,1.0,1.0,1.0,,,,,,,,,,,,
ab0f8ebb-05c7-40cf-820c-1eb725a7a660,GradientBoostingClassifier_NONE_BASE_LINE_VALUES,POSTPROCESSING,ThresholdOptimizer,NONE_BASE_LINE_VALUES,0.820514570395141,0.6237877923559612,0.23872244591551217,0.6237877923559612,0.8823898806853862,0.6252144082332761,3506.0,0.17948542960485903,0.04666922432511156,1.2848724564446936,0.3747855917667238,0.505415061593462,3.400975775497311,0.3762122076440388,0.03555452397029035,1.0959130236794172,0.11824294038547736,-0.09041574746659492,0.3926993282639913,0.11761011931461379,0.11277347353391329,2.537077484343518,0.08984063836505748,0.3762122076440388,0.11761011931461379,0.8823898806853862,0.6237877923559612,0.8817570596145227,1319.0,1311.0,1319.0,1311.0,9836.0,11155.0,3498.0,9836.0,2187.0,0.6252144082332761,0.07416399875210182,0.03860947478181147,0.08614163044263244,0.00371019024765753,0.0036424279311385154,0.08614163044263244,0.00371019024765753,0.0036424279311385154,0.42388828331308587,-0.9634567045593052,0.9535529949641818,-0.03555452397029035,0.11277347353391329,-0.2979154045300284,-0.01126349413409683,0.12464525252150899,0.8823898806853862,0.6237877923559612,-0.03555452397029035,0.23926840919948134,[0.7590391],11147.0,-0.19359515032530977,1.0108897248677533,0.6245002855511137,0.5065744149614695,0.17948542960485903,0.7530888365206737,0.7530888365206736,0.7240124720785649,,,,,,,,,,,,
ab0f8ebb-05c7-40cf-820c-1eb725a7a660,GradientBoostingClassifier_NONE_BASE_LINE_VALUES,POSTPROCESSING,FairnessAwareMetaEstimator,NONE_BASE_LINE_VALUES,0.8694465297208762,0.612093553907587,0.18419436292909303,0.612093553907587,0.95039023952633,0.7951092997406447,3506.0,0.13055347027912378,-0.09731487223656321,0.40373971296716205,0.20489070025935532,-0.04582557529497691,0.7822596412336869,0.387906446092413,0.1283289311673353,1.3487250404749056,0.11376944955663376,-0.08916093666530713,0.39755018482570004,0.04960976047367004,-0.061315507275467314,0.16763277297792473,0.07140914642900599,0.387906446092413,0.04960976047367004,0.95039023952633,0.612093553907587,0.8862305504433662,1360.0,553.0,1360.0,553.0,10594.0,11954.0,2699.0,10594.0,2146.0,0.7951092997406447,0.09482221922140127,-0.09482221922140127,0.008381758559167144,3.5126938272085836e-05,3.5059190476561015e-05,0.008381758559167144,3.5126938272085836e-05,3.5059190476561015e-05,0.37791307579655403,0.28282026432259966,0.27391930851802515,-0.12832893116733524,0.12832893116733524,-0.02166768068516512,-0.17682182821525907,0.11201638205246664,0.95039023952633,0.612093553907587,-0.12832893116733524,0.23926840919948134,[0.7590391],11147.0,-0.19359515032530977,1.0108897248677533,0.6917002417405318,0.6190659282735557,0.13055347027912378,0.7812418967169585,0.7812418967169585,0.8553209871123972,,,,,,,,,,,,
ab0f8ebb-05c7-40cf-820c-1eb725a7a660,GradientBoostingClassifier_NONE_BASE_LINE_VALUES,POSTPROCESSING,RejectOptionClassification,NONE_BASE_LINE_VALUES,1.0,1.0,0.23926840919948134,1.0,1.0,1.0,3506.0,0.0,0.0,,0.0,0.0,,0.0,0.0,,0.0,0.0,,0.0,0.0,,0.0,0.0,0.0,1.0,1.0,1.0,0.0,0.0,0.0,0.0,11147.0,11147.0,3506.0,11147.0,3506.0,1.0,0.0,0.0,0.0,0.0,0.0,0.0,0.0,0.0,0.0,0.0,0.36365888468358687,0.0,0.0,0.0,-0.19359515032530977,0.0,1.0,1.0,0.0,0.23926840919948134,[0.7590391],11147.0,-0.19359515032530977,1.0108897248677533,1.0,1.0,0.0,1.0,1.0,1.0,,,,,,,,,,,,
ab0f8ebb-05c7-40cf-820c-1eb725a7a660,GradientBoostingClassifier_NONE_BASE_LINE_VALUES,POSTPROCESSING,EqOddsPostprocessing,NONE_BASE_LINE_VALUES,1.0,1.0,0.23926840919948134,1.0,1.0,1.0,3506.0,0.0,0.0,,0.0,0.0,,0.0,0.0,,0.0,0.0,,0.0,0.0,,0.0,0.0,0.0,1.0,1.0,1.0,0.0,0.0,0.0,0.0,11147.0,11147.0,3506.0,11147.0,3506.0,1.0,0.0,0.0,0.0,0.0,0.0,0.0,0.0,0.0,0.0,0.0,0.36365888468358687,0.0,0.0,0.0,-0.19359515032530977,0.0,1.0,1.0,0.0,0.23926840919948134,[0.7590391],11147.0,-0.19359515032530977,1.0108897248677533,1.0,1.0,0.0,1.0,1.0,1.0,,,,,,,,,,,,
ab0f8ebb-05c7-40cf-820c-1eb725a7a660,GradientBoostingClassifier_NONE_BASE_LINE_VALUES,POSTPROCESSING,CalibratedEqOddsPostprocessing,NONE_BASE_LINE_VALUES,1.0,1.0,0.23926840919948134,1.0,1.0,1.0,3506.0,0.0,0.0,,0.0,0.0,,0.0,0.0,,0.0,0.0,,0.0,0.0,,0.0,0.0,0.0,1.0,1.0,1.0,0.0,0.0,0.0,0.0,11147.0,11147.0,3506.0,11147.0,3506.0,1.0,0.0,0.0,0.0,0.0,0.0,0.0,0.0,0.0,0.0,0.0,0.36365888468358687,0.0,0.0,0.0,-0.19359515032530977,0.0,1.0,1.0,0.0,0.23926840919948134,[0.7590391],11147.0,-0.19359515032530977,1.0108897248677533,1.0,1.0,0.0,1.0,1.0,1.0,,,,,,,,,,,,
ab0f8ebb-05c7-40cf-820c-1eb725a7a660,RandomForestClassifier_FAIR_SMOTE_HYPERPARAMETER,POSTPROCESSING,ThresholdOptimizer,FAIR_SMOTE_HYPERPARAMETER,0.8151914283764417,0.5618938961779806,0.21442707977888487,0.5618938961779806,0.8948596034807571,0.6269891788669637,3506.0,0.18480857162355835,0.02763856601340675,1.1574541127598175,0.3730108211330363,0.5160779217351696,3.575462850473126,0.4381061038220194,0.01668933947650636,1.0383207934336527,0.13343758144383633,-0.10510607645191754,0.37710391125976006,0.10514039651924284,0.11033885430167714,2.7838553676361837,0.09684762356991856,0.4381061038220194,0.10514039651924284,0.8948596034807571,0.5618938961779806,0.8665624185561637,1536.0,1172.0,1536.0,1172.0,9975.0,11511.0,3142.0,9975.0,1970.0,0.6269891788669637,0.06351409688909172,0.04682475741258542,0.09324701745697417,0.0043475031323106225,0.004262186288850331,0.09324701745697417,0.0043475031323106225,0.004262186288850331,0.44010822207706723,-1.006257047330873,0.9952427902414903,-0.016689339476506304,0.11033885430167714,-0.31059199909354357,-0.0010217055880283321,0.13886051930478965,0.8948596034807571,0.5618938961779806,-0.016689339476506304,0.23926840919948134,[0.7590391],11147.0,-0.19359515032530977,1.0108897248677533,0.5926594464500602,0.4747961872058093,0.18480857162355835,0.728376749829369,0.7283767498293688,0.6942706852136413,,,,,,,,,,,,
ab0f8ebb-05c7-40cf-820c-1eb725a7a660,RandomForestClassifier_FAIR_SMOTE_HYPERPARAMETER,POSTPROCESSING,FairnessAwareMetaEstimator,FAIR_SMOTE_HYPERPARAMETER,0.8603698901248891,0.5490587564175698,0.1631065310857845,0.5490587564175698,0.958284740288867,0.805439330543933,3506.0,0.13963010987511093,-0.10638419873432259,0.3932299010677419,0.19456066945606695,-0.056003978991714276,0.7218336646298069,0.4509412435824301,0.11246499781546643,1.2594402831225946,0.12892440675201827,-0.10399829856022876,0.3815989022528454,0.04171525971113304,-0.05284025069691482,0.153806481747279,0.07840252152507265,0.4509412435824301,0.04171525971113304,0.958284740288867,0.5490587564175698,0.8710755932479818,1581.0,465.0,1581.0,465.0,10682.0,12263.0,2390.0,10682.0,1925.0,0.805439330543933,0.08265262425619069,-0.08265262425619069,0.018693381151189563,0.0001747212494318246,0.00017397788907534323,0.018693381151189563,0.0001747212494318246,0.00017397788907534323,0.3959861652256873,0.28833051436175006,0.2723655324749722,-0.11246499781546654,0.11246499781546654,-0.02399715978425724,-0.15702136568098637,0.12683804150828898,0.958284740288867,0.5490587564175698,-0.11246499781546654,0.23926840919948134,[0.7590391],11147.0,-0.19359515032530977,1.0108897248677533,0.6529850746268657,0.5858544588980087,0.13963010987511093,0.7536717483532185,0.7536717483532185,0.8159646961823633,,,,,,,,,,,,
,,,,,,,,,,,,,,,,,,,,,,,,,,,,,,,,,,,,,,,,,,,,,,,,,,,,,,,,,,,,,,,,,,,,,,,,,,,,,,6.946401357650757,131.6,1.0,694866.9574302435,19.607667446136475,2898220.1394096017,250.37401759899615
,,,,,,,,,,,,,,,,,,,,,,,,,,,,,,,,,,,,,,,,,,,,,,,,,,,,,,,,,,,,,,,,,,,,,,,,,,,,,,7.17357063293457,140.60000000000002,2.0,695043.2097853898,26.82833504676819,2900037.6243628063,250.53102810467576
,,,,,,,,,,,,,,,,,,,,,,,,,,,,,,,,,,,,,,,,,,,,,,,,,,,,,,,,,,,,,,,,,,,,,,,,,,,,,,6.982045888900757,152.0,26.0,695247.4468094825,195.35519909858704,2926167.6415709653,252.78837125793615
,,,,,,,,,,,,,,,,,,,,,,,,,,,,,,,,,,,,,,,,,,,,,,,,,,,,,,,,,,,,,,,,,,,,,,,,,,,,,,7.300684928894043,179.70000000000002,5.0,695684.5037241697,48.9425311088562,2906026.811850369,251.04842735707354
,,,,,,,,,,,,,,,,,,,,,,,,,,,,,,,,,,,,,,,,,,,,,,,,,,,,,,,,,,,,,,,,,,,,,,,,,,,,,,7.5910563468933105,186.3,2.0,695874.4158711671,27.245598554611206,2903563.572579721,250.83563085341478
,,,,,,,,,,,,,,,,,,,,,,,,,,,,,,,,,,,,,,,,,,,,,,,,,,,,,,,,,,,,,,,,,,,,,,,,,,,,,,6.9162750244140625,196.9,3.0,696061.6325968503,44.80756497383118,2906977.9372329507,251.13059402206878
,,,,,,,,,,,,,,,,,,,,,,,,,,,,,,,,,,,,,,,,,,,,,,,,,,,,,,,,,,,,,,,,,,,,,,,,,,,,,,7.104526519775391,218.6,3.0,696252.3978574752,44.98019075393677,2907798.686352571,251.20149762656933
