id,algorithm,stage,intervention,process,accuracy,recall,selection_rate,sensitivity,specificity,precision,num_positives,error_rate,error_rate_difference,error_rate_ratio,false_discovery_rate,false_discovery_rate_difference,false_discovery_rate_ratio,false_negative_rate,false_negative_rate_difference,false_negative_rate_ratio,false_omission_rate,false_omission_rate_difference,false_omission_rate_ratio,false_positive_rate,false_positive_rate_difference,false_positive_rate_ratio,generalized_entropy_index,generalized_false_negative_rate,generalized_false_positive_rate,generalized_true_negative_rate,generalized_true_positive_rate,negative_predictive_value,num_false_negatives,num_false_positives,num_generalized_false_negatives,num_generalized_false_positives,num_generalized_true_negatives,num_pred_negatives,num_pred_positives,num_true_negatives,num_true_positives,positive_predictive_value,average_abs_odds_difference,average_odds_difference,between_all_groups_coefficient_of_variation,between_all_groups_generalized_entropy_index,between_all_groups_theil_index,between_group_coefficient_of_variation,between_group_generalized_entropy_index,between_group_theil_index,coefficient_of_variation,differential_fairness_bias_amplification,disparate_impact,equal_opportunity_difference,equalized_odds_difference,average_predictive_value_difference,statistical_parity_difference,theil_index,true_negative_rate,true_positive_rate,true_positive_rate_difference,base_rate,consistency,num_negatives,mean_difference,smoothed_empirical_differential_fairness,f1_score,matthews_corrcoef,zero_one_loss,roc_auc_score,balanced_accuracy,fair_utility,log_likelihood,disparate_mistreatment,h_mean_fairness,h_mean_performance,h_mean_mixed,Total_real_time,Total_CPU_usage (%),Total_GPU_usage (%),Total_CPU_time (s),Total_GPU_time (s),Energy_consumption (Ws),CO2_emissions (gCO2e)
7fe73118-87a3-4a1f-8c27-8246a48e7834,AdaBoostClassifier,BASE_LINE,NONE,BASE_LINE_VALUES,0.69,0.778571429,0.7,0.778571429,0.483333333,0.778571429,140,0.31,0.281364829,2.116666667,0.221428571,0.227272727,2.538461538,0.221428571,0.29787234,2.473684211,0.516666667,0.227106227,1.466165414,0.516666667,0.206060606,1.523076923,0.155,0.221428571,0.516666667,0.483333333,0.778571429,0.483333333,31,31,31,31,29,60,140,29,109,0.778571429,0.251966473,-0.045905867,0.115611595,0.00668302,0.006195799,0.639967308,0.204779078,0.342893295,0.556776436,0.24875038,0.76969697,-0.29787234,0.29787234,-8.33E-05,-0.159580052,0.214875626,0.483333333,0.778571429,-0.29787234,0.7,[0.721],60,-0.073490814,0.716330516,0.778571429,0.261904762,0.31,0.630952381,0.630952381,0.659916797,-27553.81995,-0.091811734,0.806215769,0.731614786,0.779713924,4.592940569,12,0,56.42777824,0,235.1157427,0.020311388
7fe73118-87a3-4a1f-8c27-8246a48e7834,GradientBoostingClassifier,BASE_LINE,NONE,BASE_LINE_VALUES,0.69,0.778571429,0.7,0.778571429,0.483333333,0.778571429,140,0.31,0.198950131,1.743137255,0.221428571,0.174242424,2.095238095,0.221428571,0.187234043,1.88,0.516666667,0.153846154,1.3,0.516666667,0.175757576,1.414285714,0.155,0.221428571,0.516666667,0.483333333,0.778571429,0.483333333,31,31,31,31,29,60,140,29,109,0.778571429,0.181495809,-0.005738233,0.108676056,0.005905243,0.005397609,0.63914493,0.204253121,0.342510131,0.556776436,0.105649536,0.865909091,-0.187234043,0.187234043,-0.010198135,-0.092913386,0.214875626,0.483333333,0.778571429,-0.187234043,0.7,[0.721],60,-0.073490814,0.716330516,0.778571429,0.261904762,0.31,0.630952381,0.630952381,0.634572933,-31795.91927,-0.011476467,0.890189745,0.731614786,0.830208168,4.599587679,23.9,0,111.720704,0,465.5029333,0.040214281
7fe73118-87a3-4a1f-8c27-8246a48e7834,RandomForestClassifier,BASE_LINE,NONE,BASE_LINE_VALUES,0.745,0.864285714,0.765,0.864285714,0.466666667,0.790849673,140,0.255,0.120734908,1.567901235,0.209150327,0.060606061,1.375,0.135714286,0.182978723,2.563636364,0.404255319,0.107142857,1.272727273,0.533333333,-0.084848485,0.825,0.110549053,0.135714286,0.533333333,0.466666667,0.864285714,0.595744681,19,32,19,32,28,47,153,28,121,0.790849673,0.133913604,-0.133913604,0.086495886,0.003740769,0.003511558,0.64020777,0.204932994,0.343007034,0.470210705,0.105649536,0.76969697,-0.182978723,0.182978723,0.023268398,-0.179527559,0.145294776,0.466666667,0.864285714,-0.182978723,0.7,[0.721],60,-0.073490814,0.716330516,0.825938567,0.357693055,0.255,0.66547619,0.66547619,0.754592506,-32541.13901,-0.098130239,0.816893332,0.783384208,0.80540958,4.625210047,35.5,0,165.9168822,0,691.3203426,0.059722396
7fe73118-87a3-4a1f-8c27-8246a48e7834,RidgeClassifierCV,BASE_LINE,NONE,BASE_LINE_VALUES,0.695,0.814285714,0.745,0.814285714,0.416666667,0.765100671,140,0.305,0.281364829,2.116666667,0.234899329,0.191326531,2.041666667,0.185714286,0.35106383,3.357142857,0.509803922,0.231527094,1.479591837,0.583333333,0.054545455,1.1,0.138721641,0.185714286,0.583333333,0.416666667,0.814285714,0.490196078,26,35,26,35,25,51,149,25,114,0.765100671,0.202804642,-0.148259188,0.09568461,0.004577772,0.004324902,0.641845896,0.205983077,0.343795942,0.526728851,0.24875038,0.691156463,-0.35106383,0.35106383,0.020100281,-0.23832021,0.188137673,0.416666667,0.814285714,-0.35106383,0.7,[0.721],60,-0.073490814,0.716330516,0.788927336,0.24281967,0.305,0.61547619,0.61547619,0.70672619,-29202.60635,-0.296518375,0.730621932,0.738991034,0.73339049,4.580745459,48.9,0,227.7176469,0,948.8235289,0.08196781
7fe73118-87a3-4a1f-8c27-8246a48e7834,NuSVC,BASE_LINE,NONE,BASE_LINE_VALUES,0.705,0.835714286,0.765,0.835714286,0.4,0.764705882,140,0.295,0.148031496,1.5875,0.235294118,0.116326531,1.633333333,0.164285714,0.15106383,2.014285714,0.489361702,0.117241379,1.242857143,0.6,0.054545455,1.1,0.128182239,0.164285714,0.6,0.4,0.835714286,0.510638298,23,36,23,36,24,47,153,24,117,0.764705882,0.102804642,-0.048259188,0.099597263,0.004959807,0.004492303,0.639199163,0.204287785,0.342534998,0.506324479,0.449421075,0.863945578,-0.15106383,0.15106383,0.000457424,-0.104986877,0.171328473,0.4,0.835714286,-0.15106383,0.7,[0.721],60,-0.073490814,0.716330516,0.798634812,0.254759802,0.295,0.617857143,0.617857143,0.647674427,-29628.771,-0.096518375,0.888211192,0.748901978,0.836352341,4.985639572,60.4,0,285.5915755,0,1189.964898,0.102799745
7fe73118-87a3-4a1f-8c27-8246a48e7834,LinearDiscriminantAnalysis,BASE_LINE,NONE,BASE_LINE_VALUES,0.7,0.8,0.72,0.8,0.466666667,0.777777778,140,0.3,0.297112861,2.257777778,0.222222222,0.215425532,2.35,0.2,0.340425532,3.133333333,0.5,0.25974026,1.571428571,0.533333333,0.145454545,1.32,0.143983083,0.2,0.533333333,0.466666667,0.8,0.5,28,32,28,32,28,56,144,28,112,0.777777778,0.242940039,-0.097485493,0.101222008,0.005122947,0.00474797,0.641002616,0.205442177,0.343387008,0.536624792,0.24875038,0.720567376,-0.340425532,0.340425532,0.022157364,-0.206824147,0.197655312,0.466666667,0.8,-0.340425532,0.7,[0.721],60,-0.073490814,0.716330516,0.788732394,0.272165527,0.3,0.633333333,0.633333333,0.695074146,-34082.75296,-0.194970986,0.758625447,0.741721854,0.752905956,4.500211954,72.6,0,341.066016,0,1421.1084,0.122767976
7fe73118-87a3-4a1f-8c27-8246a48e7834,NN_CONFIG,BASE_LINE,NONE,NN,0.695,0.778571429,0.695,0.778571429,0.5,0.784172662,140,0.305,0.198950131,1.743137255,0.215827338,0.166666667,2,0.221428571,0.19787234,1.978947368,0.508196721,0.153153153,1.298245614,0.5,0.145454545,1.32,0.154023888,0.221428571,0.5,0.5,0.778571429,0.491803279,31,30,31,30,30,61,139,30,109,0.784172662,0.171663443,-0.026208897,0.067500769,0.002278177,0.002153363,0.639239809,0.204313767,0.342553695,0.555020519,-0.38942773,0.846666667,-0.19787234,0.19787234,-0.006756757,-0.108661417,0.214001641,0.5,0.778571429,-0.19787234,0.7,[0.721],60,-0.073490814,0.716330516,0.781362007,0.277270648,0.305,0.639285714,0.639285714,0.656040688,,-0.052417795,0.874009531,0.735655066,0.822450197,,,,,,,
7fe73118-87a3-4a1f-8c27-8246a48e7834,RidgeClassifierCV,BASE_LINE,HYPERPARAMETER,HYPERPARAMETER,0.695,0.814285714,0.745,0.814285714,0.416666667,0.765100671,140,0.305,0.281364829,2.116666667,0.234899329,0.191326531,2.041666667,0.185714286,0.35106383,3.357142857,0.509803922,0.231527094,1.479591837,0.583333333,0.054545455,1.1,0.138721641,0.185714286,0.583333333,0.416666667,0.814285714,0.490196078,26,35,26,35,25,51,149,25,114,0.765100671,0.202804642,-0.148259188,0.09568461,0.004577772,0.004324902,0.641845896,0.205983077,0.343795942,0.526728851,0.24875038,0.691156463,-0.35106383,0.35106383,0.020100281,-0.23832021,0.188137673,0.416666667,0.814285714,-0.35106383,0.7,[0.721],60,-0.073490814,0.716330516,0.788927336,0.24281967,0.305,0.61547619,0.61547619,0.70672619,-29202.60635,-0.296518375,0.730621932,0.738991034,0.73339049,,,,,,,
7fe73118-87a3-4a1f-8c27-8246a48e7834,AdaBoostClassifier,BASE_LINE,HYPERPARAMETER,HYPERPARAMETER,0.69,0.785714286,0.71,0.785714286,0.466666667,0.774647887,140,0.31,0.273490814,2.052525253,0.225352113,0.210164835,2.275,0.214285714,0.308510638,2.611111111,0.517241379,0.214285714,1.428571429,0.533333333,0.145454545,1.32,0.151896873,0.214285714,0.533333333,0.466666667,0.785714286,0.482758621,30,32,30,32,28,58,142,28,110,0.774647887,0.226982592,-0.081528046,0.09257034,0.004284634,0.004078091,0.640446232,0.205085688,0.343120415,0.551174878,-0.087721857,0.744322344,-0.308510638,0.308510638,0.00206044,-0.1832021,0.209660657,0.466666667,0.785714286,-0.308510638,0.7,[0.721],60,-0.073490814,0.716330516,0.780141844,0.254881344,0.31,0.626190476,0.626190476,0.677242562,-27610.76458,-0.163056093,0.783896306,0.732307395,0.765910913,,,,,,,
7fe73118-87a3-4a1f-8c27-8246a48e7834,AdaBoostClassifier,BASE_LINE,SMOTE,SMOTE,0.665,0.714285714,0.635,0.714285714,0.55,0.787401575,140,0.335,0.191076115,1.693333333,0.212598425,0.141135972,1.976190476,0.285714286,0.255319149,2.043478261,0.547945205,0.102272727,1.195652174,0.45,0.036363636,1.1,0.189181847,0.285714286,0.45,0.55,0.714285714,0.452054795,40,27,40,27,33,73,127,33,100,0.787401575,0.145841393,-0.109477756,0.110593747,0.006115488,0.005582144,0.64074652,0.205278051,0.343263958,0.615112749,0.037441286,0.714056225,-0.255319149,0.255319149,-0.019431623,-0.18687664,0.267368898,0.55,0.714285714,-0.255319149,0.7,[0.721],60,-0.073490814,0.716330516,0.74906367,0.251564897,0.335,0.632142857,0.632142857,0.701348439,-27600.7682,-0.218955513,0.784918673,0.704533114,0.756159986,,,,,,,
7fe73118-87a3-4a1f-8c27-8246a48e7834,GradientBoostingClassifier,BASE_LINE,SMOTE,SMOTE,0.705,0.742857143,0.635,0.742857143,0.616666667,0.818897638,140,0.295,0.297112861,2.257777778,0.181102362,0.205426357,2.606060606,0.257142857,0.39787234,2.968421053,0.493150685,0.203252033,1.438596491,0.383333333,0.066666667,1.2,0.166304441,0.257142857,0.383333333,0.616666667,0.742857143,0.506849315,36,23,36,23,37,73,127,37,104,0.818897638,0.232269504,-0.165602837,0.140442929,0.009862108,0.009039758,0.644233444,0.207518365,0.344980825,0.576722535,0.485139158,0.590697674,-0.39787234,0.39787234,-0.001087162,-0.277165354,0.237715543,0.616666667,0.742857143,-0.39787234,0.7,[0.721],60,-0.073490814,0.716330516,0.779026217,0.342218914,0.295,0.679761905,0.679761905,0.792332405,-32674.37042,-0.331205674,0.673899509,0.74016682,0.694629628,,,,,,,
7fe73118-87a3-4a1f-8c27-8246a48e7834,RandomForestClassifier,BASE_LINE,SMOTE,SMOTE,0.735,0.785714286,0.665,0.785714286,0.616666667,0.827067669,140,0.265,0.320734908,2.508641975,0.172932331,0.201465201,2.527777778,0.214285714,0.440425532,3.76,0.447761194,0.25,1.6,0.383333333,0.036363636,1.1,0.141627963,0.214285714,0.383333333,0.616666667,0.785714286,0.552238806,30,23,30,23,37,67,133,37,110,0.827067669,0.238394584,-0.202030948,0.072969782,0.002662295,0.002843329,0.645869287,0.208573568,0.345813041,0.532217931,0.017090564,0.558241758,-0.440425532,0.440425532,0.024267399,-0.316535433,0.200833241,0.616666667,0.785714286,-0.440425532,0.7,[0.721],60,-0.073490814,0.716330516,0.805860806,0.390673394,0.265,0.701190476,0.701190476,0.842852653,-29343.29969,-0.404061896,0.63545261,0.768801036,0.674446845,,,,,,,
7fe73118-87a3-4a1f-8c27-8246a48e7834,RidgeClassifierCV,BASE_LINE,SMOTE,SMOTE,0.7,0.792857143,0.71,0.792857143,0.483333333,0.781690141,140,0.3,0.297112861,2.257777778,0.218309859,0.215425532,2.35,0.207142857,0.340425532,3.133333333,0.5,0.25974026,1.571428571,0.516666667,0.145454545,1.32,0.146995393,0.207142857,0.516666667,0.483333333,0.792857143,0.5,29,31,29,31,29,58,142,29,111,0.781690141,0.242940039,-0.097485493,0.085097725,0.003620811,0.003416881,0.641002616,0.205442177,0.343387008,0.542209171,-0.087721857,0.720567376,-0.340425532,0.340425532,0.022157364,-0.206824147,0.202797814,0.483333333,0.792857143,-0.340425532,0.7,[0.721],60,-0.073490814,0.716330516,0.787234043,0.278926754,0.3,0.638095238,0.638095238,0.700300267,-32927.51991,-0.194970986,0.758625447,0.741058655,0.752678037,,,,,,,
7fe73118-87a3-4a1f-8c27-8246a48e7834,NuSVC,BASE_LINE,SMOTE,SMOTE,0.7,0.8,0.72,0.8,0.466666667,0.777777778,140,0.3,0.297112861,2.257777778,0.222222222,0.208333333,2.25,0.2,0.35106383,3.357142857,0.5,0.262672811,1.581632653,0.533333333,0.115151515,1.2375,0.143983083,0.2,0.533333333,0.466666667,0.8,0.5,28,32,28,32,28,56,144,28,112,0.777777778,0.233107672,-0.117956157,0.083446635,0.00348167,0.003314249,0.641411008,0.205704041,0.343584359,0.536624792,-0.0719735,0.705555556,-0.35106383,0.35106383,0.027169739,-0.222572178,0.197655312,0.466666667,0.8,-0.35106383,0.7,[0.721],60,-0.073490814,0.716330516,0.788732394,0.272165527,0.3,0.633333333,0.633333333,0.7080389,-35743.8131,-0.235912315,0.743725286,0.741721854,0.743056274,,,,,,,
7fe73118-87a3-4a1f-8c27-8246a48e7834,LinearDiscriminantAnalysis,BASE_LINE,SMOTE,SMOTE,0.69,0.8,0.73,0.8,0.433333333,0.767123288,140,0.31,0.281364829,2.116666667,0.232876712,0.197916667,2.117647059,0.2,0.340425532,3.133333333,0.518518519,0.230414747,1.476190476,0.566666667,0.084848485,1.164705882,0.145678198,0.2,0.566666667,0.433333333,0.8,0.481481481,28,34,28,34,26,54,146,26,112,0.767123288,0.212637008,-0.127788524,0.098615686,0.004862527,0.004538227,0.641411008,0.205704041,0.343584359,0.539774393,0.24875038,0.705555556,-0.340425532,0.340425532,0.01624904,-0.222572178,0.199247063,0.433333333,0.8,-0.340425532,0.7,[0.721],60,-0.073490814,0.716330516,0.783216783,0.240848042,0.31,0.616666667,0.616666667,0.69546959,-39151.05925,-0.255577047,0.745398675,0.733659278,0.741444021,,,,,,,
7fe73118-87a3-4a1f-8c27-8246a48e7834,RidgeClassifierCV,BASE_LINE,SMOTE,HYPERPARAMETER,0.7,0.792857143,0.71,0.792857143,0.483333333,0.781690141,140,0.3,0.297112861,2.257777778,0.218309859,0.215425532,2.35,0.207142857,0.340425532,3.133333333,0.5,0.25974026,1.571428571,0.516666667,0.145454545,1.32,0.146995393,0.207142857,0.516666667,0.483333333,0.792857143,0.5,29,31,29,31,29,58,142,29,111,0.781690141,0.242940039,-0.097485493,0.085097725,0.003620811,0.003416881,0.641002616,0.205442177,0.343387008,0.542209171,-0.087721857,0.720567376,-0.340425532,0.340425532,0.022157364,-0.206824147,0.202797814,0.483333333,0.792857143,-0.340425532,0.7,[0.721],60,-0.073490814,0.716330516,0.787234043,0.278926754,0.3,0.638095238,0.638095238,0.700300267,-32927.51991,-0.194970986,0.758625447,0.741058655,0.752678037,,,,,,,
7fe73118-87a3-4a1f-8c27-8246a48e7834,AdaBoostClassifier,BASE_LINE,SMOTE,HYPERPARAMETER,0.655,0.707142857,0.635,0.707142857,0.533333333,0.779527559,140,0.345,0.257742782,1.935238095,0.220472441,0.230421687,2.59375,0.292857143,0.255319149,2.043478261,0.561643836,0.191558442,1.366459627,0.466666667,0.236363636,1.65,0.194901198,0.292857143,0.466666667,0.533333333,0.707142857,0.438356164,41,28,41,28,32,73,127,32,99,0.779527559,0.245841393,-0.009477756,0.105897135,0.005607102,0.005038854,0.639376749,0.204401313,0.342616971,0.62434157,-0.087721857,0.816064257,-0.255319149,0.255319149,-0.019431623,-0.120209974,0.274782237,0.533333333,0.707142857,-0.255319149,0.7,[0.721],60,-0.073490814,0.716330516,0.741573034,0.228901393,0.345,0.620238095,0.620238095,0.626116561,-27650.44547,-0.018955513,0.848454537,0.695603202,0.790549608,,,,,,,
7fe73118-87a3-4a1f-8c27-8246a48e7834,AdaBoostClassifier,BASE_LINE,ROS,ROS,0.655,0.65,0.555,0.65,0.666666667,0.81981982,140,0.345,0.167454068,1.559649123,0.18018018,0.197478992,3.238095238,0.35,0.159574468,1.46875,0.550561798,0.082627119,1.15234375,0.333333333,0.218181818,2.2,0.221589549,0.35,0.333333333,0.666666667,0.65,0.449438202,49,20,49,20,40,89,111,40,91,0.81981982,0.188878143,0.029303675,0.133613698,0.00892631,0.008180612,0.639105151,0.204227697,0.342491971,0.66571698,-0.213873142,0.871568627,-0.159574468,0.218181818,-0.057425936,-0.068766404,0.318793501,0.666666667,0.65,-0.159574468,0.7,[0.721],60,-0.073490814,0.716330516,0.725099602,0.292001781,0.345,0.658333333,0.658333333,0.639041747,-27688.89242,0.05860735,0.900644761,0.688269511,0.816648617,,,,,,,
7fe73118-87a3-4a1f-8c27-8246a48e7834,GradientBoostingClassifier,BASE_LINE,ROS,ROS,0.675,0.664285714,0.555,0.664285714,0.7,0.837837838,140,0.325,0.167454068,1.559649123,0.162162162,0.164092664,2.349206349,0.335714286,0.191489362,1.620689655,0.528089888,0.077830189,1.142241379,0.3,0.127272727,1.466666667,0.207910126,0.335714286,0.3,0.7,0.664285714,0.471910112,47,18,47,18,42,89,111,42,93,0.837837838,0.159381044,-0.032108317,0.069706928,0.002429528,0.002265246,0.639369418,0.204396627,0.342613574,0.644841261,-0.476504465,0.800900901,-0.191489362,0.191489362,-0.043131238,-0.116010499,0.302579532,0.7,0.664285714,-0.191489362,0.7,[0.721],60,-0.073490814,0.716330516,0.741035857,0.335911824,0.325,0.682142857,0.682142857,0.704045316,-34356.75751,-0.064216634,0.860243794,0.70647816,0.80205449,,,,,,,
7fe73118-87a3-4a1f-8c27-8246a48e7834,RandomForestClassifier,BASE_LINE,ROS,ROS,0.7,0.778571429,0.69,0.778571429,0.516666667,0.789855072,140,0.3,0.222572178,1.911827957,0.210144928,0.172043011,2.066666667,0.221428571,0.229787234,2.35,0.5,0.196078431,1.416666667,0.483333333,0.145454545,1.32,0.152994592,0.221428571,0.483333333,0.516666667,0.778571429,0.5,31,29,31,29,31,62,138,31,109,0.789855072,0.18762089,-0.042166344,0.091492669,0.004185454,0.00389795,0.639471567,0.204461942,0.342660995,0.553162892,-0.188263086,0.819354839,-0.229787234,0.229787234,0.01201771,-0.132283465,0.213093449,0.516666667,0.778571429,-0.229787234,0.7,[0.721],60,-0.073490814,0.716330516,0.784172662,0.292534202,0.3,0.647619048,0.647619048,0.674926775,-31376.73576,-0.084332689,0.84830455,0.739699467,0.808724686,,,,,,,
7fe73118-87a3-4a1f-8c27-8246a48e7834,RidgeClassifierCV,BASE_LINE,ROS,ROS,0.66,0.65,0.55,0.65,0.683333333,0.827272727,140,0.34,0.175328084,1.601801802,0.172727273,0.165714286,2.380952381,0.35,0.20212766,1.678571429,0.544444444,0.086538462,1.160714286,0.316666667,0.127272727,1.466666667,0.219723183,0.35,0.316666667,0.683333333,0.65,0.455555556,49,19,49,19,41,90,110,41,91,0.827272727,0.164700193,-0.037427466,0.050241073,0.001262083,0.001211254,0.639471567,0.204461942,0.342660995,0.66290751,-0.449267731,0.790222222,-0.20212766,0.20212766,-0.039587912,-0.123884514,0.317457711,0.683333333,0.65,-0.20212766,0.7,[0.721],60,-0.073490814,0.716330516,0.728,0.307044124,0.34,0.666666667,0.666666667,0.691618311,-34677.7051,-0.074854932,0.851229559,0.692334294,0.790736488,,,,,,,
7fe73118-87a3-4a1f-8c27-8246a48e7834,NuSVC,BASE_LINE,ROS,ROS,0.67,0.7,0.61,0.7,0.6,0.803278689,140,0.33,0.026246719,1.085470085,0.196721311,0.070323488,1.462962963,0.3,0.012765957,1.044444444,0.538461538,-0.0625,0.888888889,0.4,0.036363636,1.1,0.194360584,0.3,0.4,0.6,0.7,0.461538462,42,24,42,24,36,78,122,36,98,0.803278689,0.024564797,0.011798839,0.072957768,0.002661418,0.002480048,0.639451297,0.204448981,0.342646727,0.623475075,-0.604090981,0.964556962,-0.012765957,0.036363636,-0.066411744,-0.022047244,0.277118727,0.6,0.7,-0.012765957,0.7,[0.721],60,-0.073490814,0.716330516,0.748091603,0.281860152,0.33,0.65,0.65,0.642330754,-37119.21296,0.023597679,0.979393454,0.706895624,0.867875697,,,,,,,
7fe73118-87a3-4a1f-8c27-8246a48e7834,LinearDiscriminantAnalysis,BASE_LINE,ROS,ROS,0.66,0.65,0.55,0.65,0.683333333,0.827272727,140,0.34,0.175328084,1.601801802,0.172727273,0.165714286,2.380952381,0.35,0.20212766,1.678571429,0.544444444,0.086538462,1.160714286,0.316666667,0.127272727,1.466666667,0.219723183,0.35,0.316666667,0.683333333,0.65,0.455555556,49,19,49,19,41,90,110,41,91,0.827272727,0.164700193,-0.037427466,0.050241073,0.001262083,0.001211254,0.639471567,0.204461942,0.342660995,0.66290751,-0.449267731,0.790222222,-0.20212766,0.20212766,-0.039587912,-0.123884514,0.317457711,0.683333333,0.65,-0.20212766,0.7,[0.721],60,-0.073490814,0.716330516,0.728,0.307044124,0.34,0.666666667,0.666666667,0.691618311,-39011.26025,-0.074854932,0.851229559,0.692334294,0.790736488,,,,,,,
7fe73118-87a3-4a1f-8c27-8246a48e7834,RidgeClassifierCV,BASE_LINE,ROS,HYPERPARAMETER,0.66,0.65,0.55,0.65,0.683333333,0.827272727,140,0.34,0.175328084,1.601801802,0.172727273,0.165714286,2.380952381,0.35,0.20212766,1.678571429,0.544444444,0.086538462,1.160714286,0.316666667,0.127272727,1.466666667,0.219723183,0.35,0.316666667,0.683333333,0.65,0.455555556,49,19,49,19,41,90,110,41,91,0.827272727,0.164700193,-0.037427466,0.050241073,0.001262083,0.001211254,0.639471567,0.204461942,0.342660995,0.66290751,-0.449267731,0.790222222,-0.20212766,0.20212766,-0.039587912,-0.123884514,0.317457711,0.683333333,0.65,-0.20212766,0.7,[0.721],60,-0.073490814,0.716330516,0.728,0.307044124,0.34,0.666666667,0.666666667,0.691618311,-34677.7051,-0.074854932,0.851229559,0.692334294,0.790736488,,,,,,,
7fe73118-87a3-4a1f-8c27-8246a48e7834,AdaBoostClassifier,BASE_LINE,ROS,HYPERPARAMETER,0.665,0.657142857,0.555,0.657142857,0.683333333,0.828828829,140,0.335,0.1832021,1.646296296,0.171171171,0.2,3.333333333,0.342857143,0.180851064,1.566666667,0.539325843,0.098684211,1.1875,0.316666667,0.218181818,2.2,0.214749838,0.342857143,0.316666667,0.683333333,0.657142857,0.460674157,48,19,48,19,41,89,111,41,92,0.828828829,0.199516441,0.018665377,0.122061124,0.007449459,0.006706451,0.63912077,0.204237679,0.342499093,0.655362247,-0.213873142,0.846666667,-0.180851064,0.218181818,-0.050657895,-0.084514436,0.310686517,0.683333333,0.657142857,-0.180851064,0.7,[0.721],60,-0.073490814,0.716330516,0.733067729,0.313956803,0.335,0.670238095,0.670238095,0.657727848,-27700.59973,0.037330754,0.886285475,0.697376858,0.812886051,,,,,,,
7fe73118-87a3-4a1f-8c27-8246a48e7834,AdaBoostClassifier,BASE_LINE,RUS,RUS,0.655,0.65,0.555,0.65,0.666666667,0.81981982,140,0.345,0.159580052,1.51965812,0.18018018,0.173038229,2.535714286,0.35,0.170212766,1.516129032,0.550561798,0.071428571,1.129032258,0.333333333,0.157575758,1.65,0.221589549,0.35,0.333333333,0.666666667,0.65,0.449438202,49,20,49,20,40,89,111,40,91,0.81981982,0.163894262,-0.006318504,0.098676381,0.004868514,0.004482261,0.63915719,0.204260957,0.342515744,0.66571698,-0.414543837,0.834741784,-0.170212766,0.170212766,-0.050804829,-0.092388451,0.318793501,0.666666667,0.65,-0.170212766,0.7,[0.721],60,-0.073490814,0.716330516,0.725099602,0.292001781,0.345,0.658333333,0.658333333,0.662493015,-27707.24962,-0.012637008,0.886671209,0.688269511,0.808942207,,,,,,,
7fe73118-87a3-4a1f-8c27-8246a48e7834,GradientBoostingClassifier,BASE_LINE,RUS,RUS,0.635,0.592857143,0.495,0.592857143,0.733333333,0.838383838,140,0.365,0.135958005,1.411111111,0.161616162,0.093939394,1.885714286,0.407142857,0.227659574,1.611428571,0.564356436,0.026229508,1.045714286,0.266666667,-0.012121212,0.942857143,0.255508089,0.407142857,0.266666667,0.733333333,0.592857143,0.435643564,57,16,57,16,44,101,99,44,83,0.838383838,0.119890393,-0.119890393,0.149259252,0.011139162,0.009788356,0.641347991,0.205663623,0.343553819,0.714853956,-0.002564048,0.641414141,-0.227659574,0.227659574,-0.033854943,-0.186351706,0.368914484,0.733333333,0.592857143,-0.227659574,0.7,[0.721],60,-0.073490814,0.716330516,0.694560669,0.298973459,0.365,0.663095238,0.663095238,0.742593987,-36853.06468,-0.215538362,0.766419288,0.663446257,0.728718016,,,,,,,
7fe73118-87a3-4a1f-8c27-8246a48e7834,RandomForestClassifier,BASE_LINE,RUS,RUS,0.635,0.585714286,0.485,0.585714286,0.75,0.845360825,140,0.365,0.359580052,2.170940171,0.154639175,0.398550725,4.928571429,0.414285714,0.459574468,2.35,0.563106796,0.175548589,1.318181818,0.25,0.187878788,1.885714286,0.258651467,0.414285714,0.25,0.75,0.585714286,0.436893204,58,15,58,15,45,103,97,45,82,0.845360825,0.323726628,-0.13584784,0.149091062,0.011114072,0.010455589,0.646094318,0.208718934,0.345928728,0.719237745,0.053189643,0.490821256,-0.459574468,0.459574468,-0.111501068,-0.27664042,0.374520067,0.75,0.585714286,-0.459574468,0.7,[0.721],60,-0.073490814,0.716330516,0.691983122,0.307825778,0.365,0.667857143,0.667857143,0.758584093,-32478.88231,-0.27169568,0.622332023,0.662268081,0.635097904,,,,,,,
7fe73118-87a3-4a1f-8c27-8246a48e7834,RidgeClassifierCV,BASE_LINE,RUS,RUS,0.69,0.65,0.52,0.65,0.783333333,0.875,140,0.31,0.34015748,2.309090909,0.125,0.358148893,6.085714286,0.35,0.30212766,2.014285714,0.510416667,0.25,1.5,0.216666667,0.448484848,3.96,0.206424747,0.35,0.216666667,0.783333333,0.65,0.489583333,49,13,49,13,47,96,104,47,91,0.875,0.375306254,0.073178594,0.03473763,0.000603351,0.000583826,0.63915719,0.204260957,0.342515744,0.642533652,-0.364354093,0.834741784,-0.30212766,0.448484848,-0.054074447,-0.092388451,0.308340126,0.783333333,0.65,-0.30212766,0.7,[0.721],60,-0.073490814,0.716330516,0.745901639,0.397474667,0.31,0.716666667,0.716666667,0.664222007,-33473.79592,0.146357189,0.831315393,0.716862656,0.789308942,,,,,,,
7fe73118-87a3-4a1f-8c27-8246a48e7834,NuSVC,BASE_LINE,RUS,RUS,0.65,0.628571429,0.53,0.628571429,0.7,0.830188679,140,0.35,0.151706037,1.481666667,0.169811321,0.160714286,2.285714286,0.371428571,0.170212766,1.516129032,0.553191489,0.061363636,1.108870968,0.3,0.127272727,1.466666667,0.233052693,0.371428571,0.3,0.7,0.628571429,0.446808511,52,18,52,18,42,94,106,42,88,0.830188679,0.148742747,-0.021470019,0.13532999,0.009157103,0.008230706,0.639211377,0.204295592,0.342540612,0.682719112,-0.095805975,0.823148148,-0.170212766,0.170212766,-0.049675325,-0.100262467,0.336650653,0.7,0.628571429,-0.170212766,0.7,[0.721],60,-0.073490814,0.716330516,0.715447154,0.30168421,0.35,0.664285714,0.664285714,0.678547941,-32033.84293,-0.042940039,0.878473573,0.681155106,0.801117132,,,,,,,
7fe73118-87a3-4a1f-8c27-8246a48e7834,LinearDiscriminantAnalysis,BASE_LINE,RUS,RUS,0.675,0.642857143,0.525,0.642857143,0.75,0.857142857,140,0.325,0.324409449,2.177142857,0.142857143,0.344064386,5.071428571,0.357142857,0.291489362,1.944827586,0.526315789,0.232142857,1.448275862,0.25,0.418181818,3.3,0.216253444,0.357142857,0.25,0.75,0.642857143,0.473684211,50,15,50,15,45,95,105,45,90,0.857142857,0.35483559,0.063346228,0.056876412,0.001617463,0.001525263,0.63915719,0.204260957,0.342515744,0.657652558,-0.522695199,0.834741784,-0.291489362,0.418181818,-0.055960765,-0.092388451,0.318398653,0.75,0.642857143,-0.291489362,0.7,[0.721],60,-0.073490814,0.716330516,0.734693878,0.360510439,0.325,0.696428571,0.696428571,0.652312448,-41888.22142,0.126692456,0.837028471,0.703583062,0.78725667,,,,,,,
7fe73118-87a3-4a1f-8c27-8246a48e7834,RidgeClassifierCV,BASE_LINE,RUS,HYPERPARAMETER,0.69,0.65,0.52,0.65,0.783333333,0.875,140,0.31,0.34015748,2.309090909,0.125,0.358148893,6.085714286,0.35,0.30212766,2.014285714,0.510416667,0.25,1.5,0.216666667,0.448484848,3.96,0.206424747,0.35,0.216666667,0.783333333,0.65,0.489583333,49,13,49,13,47,96,104,47,91,0.875,0.375306254,0.073178594,0.03473763,0.000603351,0.000583826,0.63915719,0.204260957,0.342515744,0.642533652,-0.364354093,0.834741784,-0.30212766,0.448484848,-0.054074447,-0.092388451,0.308340126,0.783333333,0.65,-0.30212766,0.7,[0.721],60,-0.073490814,0.716330516,0.745901639,0.397474667,0.31,0.716666667,0.716666667,0.664222007,-33473.79592,0.146357189,0.831315393,0.716862656,0.789308942,,,,,,,
7fe73118-87a3-4a1f-8c27-8246a48e7834,AdaBoostClassifier,BASE_LINE,RUS,HYPERPARAMETER,0.66,0.664285714,0.57,0.664285714,0.65,0.815789474,140,0.34,0.175328084,1.601801802,0.184210526,0.165714286,2.380952381,0.335714286,0.20212766,1.678571429,0.546511628,0.086538462,1.160714286,0.35,0.127272727,1.466666667,0.213436385,0.335714286,0.35,0.65,0.664285714,0.453488372,47,21,47,21,39,86,114,39,93,0.815789474,0.164700193,-0.037427466,0.11036028,0.006089696,0.005455021,0.639471567,0.204461942,0.342660995,0.653355011,-0.213873142,0.790222222,-0.20212766,0.20212766,-0.039587912,-0.123884514,0.306573456,0.65,0.664285714,-0.20212766,0.7,[0.721],60,-0.073490814,0.716330516,0.732283465,0.290912667,0.34,0.657142857,0.657142857,0.681738049,-27712.34449,-0.074854932,0.851229559,0.694265355,0.791574706,,,,,,,
7fe73118-87a3-4a1f-8c27-8246a48e7834,AdaBoostClassifier,BASE_LINE,PCA,PCA,0.73,0.807142857,0.7,0.807142857,0.55,0.807142857,140,0.27,0.171653543,1.751724138,0.192857143,0.099462366,1.660714286,0.192857143,0.240425532,2.506666667,0.45,0.130252101,1.295238095,0.45,-0.024242424,0.942857143,0.135,0.192857143,0.45,0.55,0.807142857,0.55,27,27,27,27,33,60,140,33,113,0.807142857,0.132333978,-0.132333978,0.106923021,0.005716266,0.005231788,0.640809267,0.205318258,0.343294055,0.519615242,0.24875038,0.728315412,-0.240425532,0.240425532,0.015394868,-0.198950131,0.187149739,0.55,0.807142857,-0.240425532,0.7,[0.726],60,-0.073490814,0.716330516,0.807142857,0.357142857,0.27,0.678571429,0.678571429,0.768369485,-27583.36488,-0.216183108,0.78578715,0.766635688,0.779297891,,,,,,,
7fe73118-87a3-4a1f-8c27-8246a48e7834,GradientBoostingClassifier,BASE_LINE,PCA,PCA,0.75,0.85,0.74,0.85,0.516666667,0.804054054,140,0.25,0.179527559,1.814285714,0.195945946,0.14375,1.92,0.15,0.161702128,2.169230769,0.403846154,0.180645161,1.430769231,0.483333333,0.145454545,1.32,0.114829882,0.15,0.483333333,0.516666667,0.85,0.596153846,21,29,21,29,31,52,148,31,119,0.804054054,0.153578337,-0.008123791,0.069042016,0.0023834,0.002221374,0.639126587,0.204241397,0.342501748,0.4792283,-0.382128428,0.881944444,-0.161702128,0.161702128,0.018447581,-0.089238845,0.154060712,0.516666667,0.85,-0.161702128,0.7,[0.726],60,-0.073490814,0.716330516,0.826388889,0.383070355,0.25,0.683333333,0.683333333,0.688884591,-30859.41665,-0.016247582,0.902338809,0.786343612,0.86004957,,,,,,,
7fe73118-87a3-4a1f-8c27-8246a48e7834,RandomForestClassifier,BASE_LINE,PCA,PCA,0.75,0.857142857,0.75,0.857142857,0.5,0.8,140,0.25,0.046194226,1.20952381,0.2,0.036734694,1.225,0.142857143,0.072340426,1.566666667,0.4,-0.013793103,0.966666667,0.5,-0.084848485,0.825,0.112244898,0.142857143,0.5,0.5,0.857142857,0.6,20,30,20,30,30,50,150,30,120,0.8,0.078594455,-0.078594455,0.048482269,0.001175265,0.001126121,0.639199163,0.204287785,0.342534998,0.473803541,-0.316531145,0.863945578,-0.072340426,0.084848485,-0.025263899,-0.104986877,0.149251887,0.5,0.857142857,-0.072340426,0.7,[0.726],60,-0.073490814,0.716330516,0.827586207,0.377964473,0.25,0.678571429,0.678571429,0.73190338,-28593.13145,0.012508059,0.901294211,0.786885246,0.859632214,,,,,,,
7fe73118-87a3-4a1f-8c27-8246a48e7834,RidgeClassifierCV,BASE_LINE,PCA,PCA,0.755,0.842857143,0.725,0.842857143,0.55,0.813793103,140,0.245,0.120734908,1.567901235,0.186206897,0.067583047,1.437037037,0.157142857,0.172340426,2.35,0.4,0.1,1.25,0.45,-0.054545455,0.88,0.116299822,0.157142857,0.45,0.55,0.842857143,0.6,22,27,22,27,33,55,145,33,118,0.813793103,0.11344294,-0.11344294,0.098156684,0.004817367,0.004438989,0.639926187,0.204752762,0.342873908,0.482285852,0.105649536,0.78556701,-0.172340426,0.172340426,0.016208477,-0.163779528,0.157892498,0.55,0.842857143,-0.172340426,0.7,[0.726],60,-0.073490814,0.716330516,0.828070175,0.403189256,0.245,0.696428571,0.696428571,0.775433476,-28209.15332,-0.117794971,0.832464802,0.789848728,0.817757508,,,,,,,
7fe73118-87a3-4a1f-8c27-8246a48e7834,NuSVC,BASE_LINE,PCA,PCA,0.74,0.842857143,0.74,0.842857143,0.5,0.797297297,140,0.26,0.179527559,1.814285714,0.202702703,0.136734694,1.8375,0.157142857,0.172340426,2.35,0.423076923,0.186206897,1.45,0.5,0.115151515,1.2375,0.119452663,0.157142857,0.5,0.5,0.842857143,0.576923077,22,30,22,30,30,52,148,30,118,0.797297297,0.14374597,-0.028594455,0.089976662,0.0040479,0.003717453,0.639199163,0.204287785,0.342534998,0.488779424,-0.018844934,0.863945578,-0.172340426,0.172340426,0.024736101,-0.104986877,0.160725589,0.5,0.842857143,-0.172340426,0.7,[0.726],60,-0.073490814,0.716330516,0.819444444,0.358195656,0.26,0.671428571,0.671428571,0.690627706,-27840.99496,-0.05718891,0.886437445,0.777698611,0.846962957,,,,,,,
7fe73118-87a3-4a1f-8c27-8246a48e7834,LinearDiscriminantAnalysis,BASE_LINE,PCA,PCA,0.755,0.821428571,0.695,0.821428571,0.6,0.827338129,140,0.245,0.128608924,1.628205128,0.172661871,0.09178744,1.703703704,0.178571429,0.15106383,2.014285714,0.409836066,0.1,1.25,0.4,0.036363636,1.1,0.123721623,0.178571429,0.4,0.6,0.821428571,0.590163934,25,24,25,24,36,61,139,36,115,0.827338129,0.093713733,-0.057350097,0.105796252,0.005596423,0.005061958,0.639383103,0.204405376,0.342619917,0.497436676,0.105649536,0.82826087,-0.15106383,0.15106383,0.00410628,-0.124409449,0.172203822,0.6,0.821428571,-0.15106383,0.7,[0.726],60,-0.073490814,0.716330516,0.82437276,0.419460723,0.245,0.710714286,0.710714286,0.751473819,-31271.05017,-0.114700193,0.871797871,0.788162807,0.842014704,,,,,,,
7fe73118-87a3-4a1f-8c27-8246a48e7834,RidgeClassifierCV,BASE_LINE,PCA,HYPERPARAMETER,0.755,0.842857143,0.725,0.842857143,0.55,0.813793103,140,0.245,0.120734908,1.567901235,0.186206897,0.067583047,1.437037037,0.157142857,0.172340426,2.35,0.4,0.1,1.25,0.45,-0.054545455,0.88,0.116299822,0.157142857,0.45,0.55,0.842857143,0.6,22,27,22,27,33,55,145,33,118,0.813793103,0.11344294,-0.11344294,0.098156684,0.004817367,0.004438989,0.639926187,0.204752762,0.342873908,0.482285852,0.105649536,0.78556701,-0.172340426,0.172340426,0.016208477,-0.163779528,0.157892498,0.55,0.842857143,-0.172340426,0.7,[0.726],60,-0.073490814,0.716330516,0.828070175,0.403189256,0.245,0.696428571,0.696428571,0.775433476,-28209.15332,-0.117794971,0.832464802,0.789848728,0.817757508,,,,,,,
7fe73118-87a3-4a1f-8c27-8246a48e7834,AdaBoostClassifier,BASE_LINE,PCA,HYPERPARAMETER,0.725,0.8,0.695,0.8,0.55,0.805755396,140,0.275,0.230446194,1.975555556,0.194244604,0.133540373,1.87755102,0.2,0.329787234,2.9375,0.459016393,0.167857143,1.3671875,0.45,-0.024242424,0.942857143,0.138872756,0.2,0.45,0.55,0.8,0.540983607,28,27,28,27,33,61,139,33,112,0.805755396,0.177014829,-0.177014829,0.113967262,0.006494268,0.006052272,0.64288709,0.206651905,0.344308037,0.527015665,0.373913523,0.644202899,-0.329787234,0.329787234,0.017158385,-0.257742782,0.193102732,0.55,0.8,-0.329787234,0.7,[0.726],60,-0.073490814,0.716330516,0.802867384,0.348365685,0.275,0.675,0.675,0.79448501,-27631.15746,-0.30554481,0.713432138,0.761949446,0.728903164,,,,,,,
7fe73118-87a3-4a1f-8c27-8246a48e7834,AdaBoostClassifier,BASE_LINE,PCA,SMOTE,0.635,0.642857143,0.565,0.642857143,0.616666667,0.796460177,140,0.365,0.249868766,1.881481481,0.203539823,0.195833333,2.424242424,0.357142857,0.334042553,2.256,0.574712644,0.134751773,1.253333333,0.383333333,0.066666667,1.2,0.231731765,0.357142857,0.383333333,0.616666667,0.642857143,0.425287356,50,23,50,23,37,87,113,37,90,0.796460177,0.20035461,-0.133687943,0.138180069,0.009546866,0.009055227,0.642433485,0.206360391,0.344084015,0.680781558,-0.095805975,0.635,-0.334042553,0.334042553,-0.03054078,-0.22992126,0.329330803,0.616666667,0.642857143,-0.334042553,0.7,[0.726],60,-0.073490814,0.716330516,0.711462451,0.239893236,0.365,0.629761905,0.629761905,0.713953479,-27645.35135,-0.267375887,0.723420505,0.671060164,0.705082187,,,,,,,
7fe73118-87a3-4a1f-8c27-8246a48e7834,GradientBoostingClassifier,BASE_LINE,PCA,SMOTE,0.695,0.721428571,0.615,0.721428571,0.633333333,0.821138211,140,0.305,0.214698163,1.852083333,0.178861789,0.154761905,2.181818182,0.278571429,0.276595745,2.238095238,0.506493506,0.136627907,1.279761905,0.366666667,0.066666667,1.2,0.177834513,0.278571429,0.366666667,0.633333333,0.721428571,0.493506494,39,22,39,22,38,77,123,38,101,0.821138211,0.171631206,-0.104964539,0.101456977,0.005146759,0.004809727,0.640953574,0.205410742,0.343363401,0.596379934,-0.213873142,0.705555556,-0.276595745,0.276595745,-0.009066999,-0.194750656,0.255489552,0.633333333,0.721428571,-0.276595745,0.7,[0.726],60,-0.073490814,0.716330516,0.768060837,0.334101713,0.305,0.677380952,0.677380952,0.748481932,-32602.55123,-0.209929078,0.775373921,0.7297062,0.759529202,,,,,,,
7fe73118-87a3-4a1f-8c27-8246a48e7834,RandomForestClassifier,BASE_LINE,PCA,SMOTE,0.7,0.75,0.65,0.75,0.583333333,0.807692308,140,0.3,0.206824147,1.795959596,0.192307692,0.128410915,1.816326531,0.25,0.29787234,2.473684211,0.5,0.125,1.25,0.416666667,-0.024242424,0.942857143,0.164819945,0.25,0.416666667,0.583333333,0.75,0.5,35,25,35,25,35,70,130,35,105,0.807692308,0.161057382,-0.161057382,0.092509299,0.004278985,0.004098182,0.642110736,0.206153099,0.343925479,0.574142743,-0.147481052,0.665917603,-0.29787234,0.29787234,-0.001705457,-0.234120735,0.233700447,0.583333333,0.75,-0.29787234,0.7,[0.726],60,-0.073490814,0.716330516,0.777777778,0.320256308,0.3,0.666666667,0.666666667,0.774038255,-30216.48818,-0.273629916,0.737518172,0.736842105,0.737292678,,,,,,,
7fe73118-87a3-4a1f-8c27-8246a48e7834,RidgeClassifierCV,BASE_LINE,PCA,SMOTE,0.705,0.714285714,0.595,0.714285714,0.683333333,0.840336134,140,0.295,0.222572178,1.911827957,0.159663866,0.156302521,2.207792208,0.285714286,0.287234043,2.35,0.49382716,0.148809524,1.3125,0.316666667,0.066666667,1.2,0.177257264,0.285714286,0.316666667,0.683333333,0.714285714,0.50617284,40,19,40,19,41,81,119,41,100,0.840336134,0.176950355,-0.110283688,0.05762269,0.001660187,0.001690918,0.641169376,0.205549084,0.34346743,0.595411226,-0.112795494,0.697254902,-0.287234043,0.287234043,-0.003746499,-0.202624672,0.258080124,0.683333333,0.714285714,-0.287234043,0.7,[0.726],60,-0.073490814,0.716330516,0.772200772,0.371185356,0.295,0.698809524,0.698809524,0.775876815,-31623.62097,-0.220567376,0.766981579,0.737071838,0.756745551,,,,,,,
7fe73118-87a3-4a1f-8c27-8246a48e7834,NuSVC,BASE_LINE,PCA,SMOTE,0.71,0.742857143,0.63,0.742857143,0.633333333,0.825396825,140,0.29,0.23832021,2.043678161,0.174603175,0.150882825,2.119047619,0.257142857,0.319148936,2.764705882,0.486486486,0.177631579,1.397058824,0.366666667,0.036363636,1.1,0.164816742,0.257142857,0.366666667,0.633333333,0.742857143,0.513513514,36,22,36,22,38,74,126,38,104,0.825396825,0.177756286,-0.14139265,0.094561469,0.004470936,0.00443082,0.642110736,0.206153099,0.343925479,0.574137164,-0.147481052,0.665917603,-0.319148936,0.319148936,0.013374377,-0.234120735,0.236540994,0.633333333,0.742857143,-0.319148936,0.7,[0.726],60,-0.073490814,0.716330516,0.781954887,0.357064198,0.29,0.688095238,0.688095238,0.785386847,-34651.56551,-0.2827853,0.735185617,0.744242302,0.738179921,,,,,,,
7fe73118-87a3-4a1f-8c27-8246a48e7834,LinearDiscriminantAnalysis,BASE_LINE,PCA,SMOTE,0.705,0.714285714,0.595,0.714285714,0.683333333,0.840336134,140,0.295,0.222572178,1.911827957,0.159663866,0.156302521,2.207792208,0.285714286,0.287234043,2.35,0.49382716,0.148809524,1.3125,0.316666667,0.066666667,1.2,0.177257264,0.285714286,0.316666667,0.683333333,0.714285714,0.50617284,40,19,40,19,41,81,119,41,100,0.840336134,0.176950355,-0.110283688,0.05762269,0.001660187,0.001690918,0.641169376,0.205549084,0.34346743,0.595411226,-0.112795494,0.697254902,-0.287234043,0.287234043,-0.003746499,-0.202624672,0.258080124,0.683333333,0.714285714,-0.287234043,0.7,[0.726],60,-0.073490814,0.716330516,0.772200772,0.371185356,0.295,0.698809524,0.698809524,0.775876815,-35163.40097,-0.220567376,0.766981579,0.737071838,0.756745551,,,,,,,
7fe73118-87a3-4a1f-8c27-8246a48e7834,RidgeClassifierCV,BASE_LINE,PCA,HYPERPARAMETER_SMOTE,0.705,0.714285714,0.595,0.714285714,0.683333333,0.840336134,140,0.295,0.222572178,1.911827957,0.159663866,0.156302521,2.207792208,0.285714286,0.287234043,2.35,0.49382716,0.148809524,1.3125,0.316666667,0.066666667,1.2,0.177257264,0.285714286,0.316666667,0.683333333,0.714285714,0.50617284,40,19,40,19,41,81,119,41,100,0.840336134,0.176950355,-0.110283688,0.05762269,0.001660187,0.001690918,0.641169376,0.205549084,0.34346743,0.595411226,-0.112795494,0.697254902,-0.287234043,0.287234043,-0.003746499,-0.202624672,0.258080124,0.683333333,0.714285714,-0.287234043,0.7,[0.726],60,-0.073490814,0.716330516,0.772200772,0.371185356,0.295,0.698809524,0.698809524,0.775876815,-31623.62097,-0.220567376,0.766981579,0.737071838,0.756745551,,,,,,,
7fe73118-87a3-4a1f-8c27-8246a48e7834,AdaBoostClassifier,BASE_LINE,PCA,HYPERPARAMETER_SMOTE,0.645,0.65,0.565,0.65,0.633333333,0.805309735,140,0.355,0.324409449,2.177142857,0.194690265,0.264197531,2.945454545,0.35,0.444680851,2.741666667,0.563218391,0.17826087,1.341666667,0.366666667,0.066666667,1.2,0.225049283,0.35,0.366666667,0.633333333,0.65,0.436781609,49,22,49,22,38,87,113,38,91,0.805309735,0.255673759,-0.189007092,0.125287108,0.00784843,0.00774768,0.646343426,0.208879912,0.346057125,0.670893856,-0.09991713,0.522633745,-0.444680851,0.444680851,-0.042968331,-0.304461942,0.321317541,0.633333333,0.65,-0.444680851,0.7,[0.726],60,-0.073490814,0.716330516,0.719367589,0.26190179,0.355,0.641666667,0.641666667,0.762946217,-27678.76911,-0.378014184,0.626473744,0.680157017,0.643401149,,,,,,,
7fe73118-87a3-4a1f-8c27-8246a48e7834,AdaBoostClassifier,BASE_LINE,PCA,ROS,0.64,0.578571429,0.47,0.578571429,0.783333333,0.861702128,140,0.36,0.143832021,1.445528455,0.138297872,0.107692308,2.166666667,0.421428571,0.227659574,1.611428571,0.556603774,0.035483871,1.062857143,0.216666667,0.018181818,1.1,0.258981278,0.421428571,0.216666667,0.783333333,0.578571429,0.443396226,59,13,59,13,47,106,94,47,81,0.861702128,0.122920696,-0.104738878,0.087540267,0.003831649,0.003616158,0.641082037,0.205493089,0.343425282,0.719696156,-0.318470007,0.651282051,-0.227659574,0.227659574,-0.036104218,-0.17847769,0.378389613,0.783333333,0.578571429,-0.227659574,0.7,[0.726],60,-0.073490814,0.716330516,0.692307692,0.332289854,0.36,0.680952381,0.680952381,0.752274569,-27721.46877,-0.209477756,0.774526767,0.665127021,0.734269353,,,,,,,
7fe73118-87a3-4a1f-8c27-8246a48e7834,GradientBoostingClassifier,BASE_LINE,PCA,ROS,0.675,0.657142857,0.545,0.657142857,0.716666667,0.844036697,140,0.325,0.175328084,1.601801802,0.155963303,0.07012987,1.54,0.342857143,0.312765957,2.088888889,0.527472527,0.06,1.111111111,0.283333333,-0.103030303,0.66,0.210759427,0.342857143,0.283333333,0.716666667,0.657142857,0.472527473,48,17,48,17,43,91,109,43,92,0.844036697,0.20789813,-0.20789813,0.066756604,0.002228222,0.002350887,0.644875712,0.207932342,0.345305704,0.649244834,-0.150242214,0.54978355,-0.312765957,0.312765957,-0.005064935,-0.272965879,0.30786838,0.716666667,0.657142857,-0.312765957,0.7,[0.726],60,-0.073490814,0.716330516,0.738955823,0.343998113,0.325,0.686904762,0.686904762,0.829710978,-33307.64736,-0.209735654,0.676599012,0.705531492,0.685975859,,,,,,,
7fe73118-87a3-4a1f-8c27-8246a48e7834,RandomForestClassifier,BASE_LINE,PCA,ROS,0.7,0.764285714,0.67,0.764285714,0.55,0.798507463,140,0.3,0.089238845,1.365591398,0.201492537,0.076154806,1.521367521,0.235714286,0.108510638,1.566666667,0.5,0.026315789,1.055555556,0.45,0.006060606,1.015384615,0.158943565,0.235714286,0.45,0.55,0.764285714,0.5,33,27,33,27,33,66,134,33,107,0.798507463,0.057285622,-0.051225016,0.050510112,0.001275636,0.00120907,0.639186038,0.204279396,0.342528971,0.563814801,-0.415745039,0.856179775,-0.108510638,0.108510638,-0.024919509,-0.100787402,0.223397082,0.55,0.764285714,-0.108510638,0.7,[0.726],60,-0.073490814,0.716330516,0.781021898,0.306295007,0.3,0.657142857,0.657142857,0.690805011,-29808.78342,-0.102450032,0.897711975,0.738294726,0.837437078,,,,,,,
7fe73118-87a3-4a1f-8c27-8246a48e7834,RidgeClassifierCV,BASE_LINE,PCA,ROS,0.7,0.664285714,0.53,0.664285714,0.783333333,0.877358491,140,0.3,0.214698163,1.852083333,0.122641509,0.216269841,4.114285714,0.335714286,0.212765957,1.740740741,0.5,0.134090909,1.273148148,0.216666667,0.248484848,2.64,0.196762955,0.335714286,0.216666667,0.783333333,0.664285714,0.5,47,13,47,13,47,94,106,47,93,0.877358491,0.230625403,0.017859446,0.014154657,0.000100177,0.00010051,0.639211377,0.204295592,0.342540612,0.627316436,-0.149794285,0.823148148,-0.212765957,0.248484848,-0.041089466,-0.100262467,0.294894799,0.783333333,0.664285714,-0.212765957,0.7,[0.726],60,-0.073490814,0.716330516,0.756097561,0.410990083,0.3,0.723809524,0.723809524,0.710882687,-32934.52304,0.035718891,0.86678813,0.726968174,0.814565525,,,,,,,
7fe73118-87a3-4a1f-8c27-8246a48e7834,NuSVC,BASE_LINE,PCA,ROS,0.68,0.7,0.6,0.7,0.633333333,0.816666667,140,0.32,0.026246719,1.085470085,0.183333333,0.079365079,1.555555556,0.3,0.00212766,1.007142857,0.525,-0.06,0.892857143,0.366666667,0.066666667,1.2,0.191358025,0.3,0.366666667,0.633333333,0.7,0.475,42,22,42,22,38,80,120,38,98,0.816666667,0.034397163,0.032269504,0.06182314,0.00191105,0.001839246,0.639717529,0.204619259,0.342764515,0.618640485,-0.553528741,0.98961039,-0.00212766,0.066666667,-0.06968254,-0.006299213,0.274796493,0.633333333,0.7,-0.00212766,0.7,[0.726],60,-0.073490814,0.716330516,0.753846154,0.311804782,0.32,0.666666667,0.666666667,0.645153664,-34940.79248,0.064539007,0.987089955,0.715021459,0.875984735,,,,,,,
7fe73118-87a3-4a1f-8c27-8246a48e7834,LinearDiscriminantAnalysis,BASE_LINE,PCA,ROS,0.695,0.657142857,0.525,0.657142857,0.783333333,0.876190476,140,0.305,0.206824147,1.795959596,0.123809524,0.215291751,4.057142857,0.342857143,0.20212766,1.678571429,0.505263158,0.125,1.25,0.216666667,0.248484848,2.64,0.201561065,0.342857143,0.216666667,0.783333333,0.657142857,0.494736842,48,13,48,13,47,95,105,47,92,0.876190476,0.225306254,0.023178594,0.016472261,0.000135668,0.000135398,0.63915719,0.204260957,0.342515744,0.634918995,-0.163683397,0.834741784,-0.20212766,0.248484848,-0.045145875,-0.092388451,0.301595085,0.783333333,0.657142857,-0.20212766,0.7,[0.726],60,-0.073490814,0.716330516,0.751020408,0.404208674,0.305,0.720238095,0.720238095,0.703543989,-35613.52616,0.046357189,0.87396733,0.721925058,0.816637544,,,,,,,
7fe73118-87a3-4a1f-8c27-8246a48e7834,RidgeClassifierCV,BASE_LINE,PCA,HYPERPARAMETER_ROS,0.7,0.664285714,0.53,0.664285714,0.783333333,0.877358491,140,0.3,0.214698163,1.852083333,0.122641509,0.216269841,4.114285714,0.335714286,0.212765957,1.740740741,0.5,0.134090909,1.273148148,0.216666667,0.248484848,2.64,0.196762955,0.335714286,0.216666667,0.783333333,0.664285714,0.5,47,13,47,13,47,94,106,47,93,0.877358491,0.230625403,0.017859446,0.014154657,0.000100177,0.00010051,0.639211377,0.204295592,0.342540612,0.627316436,-0.149794285,0.823148148,-0.212765957,0.248484848,-0.041089466,-0.100262467,0.294894799,0.783333333,0.664285714,-0.212765957,0.7,[0.726],60,-0.073490814,0.716330516,0.756097561,0.410990083,0.3,0.723809524,0.723809524,0.710882687,-32934.52304,0.035718891,0.86678813,0.726968174,0.814565525,,,,,,,
7fe73118-87a3-4a1f-8c27-8246a48e7834,AdaBoostClassifier,BASE_LINE,PCA,HYPERPARAMETER_ROS,0.635,0.571428571,0.465,0.571428571,0.783333333,0.860215054,140,0.365,0.143832021,1.445528455,0.139784946,0.107692308,2.166666667,0.428571429,0.227659574,1.611428571,0.560747664,0.035483871,1.062857143,0.216666667,0.018181818,1.1,0.264663164,0.428571429,0.216666667,0.783333333,0.571428571,0.439252336,60,13,60,13,47,107,93,47,80,0.860215054,0.122920696,-0.104738878,0.09239849,0.004268741,0.004037462,0.641082037,0.205493089,0.343425282,0.727548162,-0.318470007,0.651282051,-0.227659574,0.227659574,-0.036104218,-0.17847769,0.385669162,0.783333333,0.571428571,-0.227659574,0.7,[0.726],60,-0.073490814,0.716330516,0.686695279,0.3259442,0.365,0.677380952,0.677380952,0.748329073,-27721.16901,-0.209477756,0.774526767,0.659836664,0.732109352,,,,,,,
7fe73118-87a3-4a1f-8c27-8246a48e7834,AdaBoostClassifier,BASE_LINE,PCA,RUS,0.625,0.557142857,0.455,0.557142857,0.783333333,0.857142857,140,0.375,0.135958005,1.411111111,0.142857143,0.093939394,1.885714286,0.442857143,0.227659574,1.611428571,0.568807339,0.026229508,1.045714286,0.216666667,-0.012121212,0.942857143,0.276281742,0.442857143,0.216666667,0.783333333,0.557142857,0.431192661,62,13,62,13,47,109,91,47,78,0.857142857,0.119890393,-0.119890393,0.089431837,0.003999027,0.003972806,0.641347991,0.205663623,0.343553819,0.74334614,-0.28335746,0.641414141,-0.227659574,0.227659574,-0.033854943,-0.186351706,0.400387375,0.783333333,0.557142857,-0.227659574,0.7,[0.726],60,-0.073490814,0.716330516,0.675324675,0.313323122,0.375,0.670238095,0.670238095,0.750593204,-27733.23721,-0.215538362,0.766419288,0.649188514,0.722905104,,,,,,,
7fe73118-87a3-4a1f-8c27-8246a48e7834,GradientBoostingClassifier,BASE_LINE,PCA,RUS,0.62,0.557142857,0.46,0.557142857,0.766666667,0.847826087,140,0.38,0.151706037,1.481666667,0.152173913,0.097058824,1.942857143,0.442857143,0.24893617,1.709090909,0.574074074,0.040677966,1.072727273,0.233333333,-0.012121212,0.942857143,0.279085873,0.442857143,0.233333333,0.766666667,0.557142857,0.425925926,62,14,62,14,46,108,92,46,78,0.847826087,0.130528691,-0.130528691,0.127967664,0.008187862,0.008152648,0.641913245,0.206026307,0.343828835,0.747108925,-0.115575324,0.62254902,-0.24893617,0.24893617,-0.028190429,-0.202099738,0.402121853,0.766666667,0.557142857,-0.24893617,0.7,[0.726],60,-0.073490814,0.716330516,0.672413793,0.297730598,0.38,0.661904762,0.661904762,0.748302324,-36413.75359,-0.236814958,0.748901317,0.645144077,0.710796013,,,,,,,
7fe73118-87a3-4a1f-8c27-8246a48e7834,RandomForestClassifier,BASE_LINE,PCA,RUS,0.645,0.592857143,0.485,0.592857143,0.766666667,0.855670103,140,0.355,0.324409449,2.177142857,0.144329897,0.293333333,3.75,0.407142857,0.412765957,2.437037037,0.553398058,0.180769231,1.348148148,0.233333333,0.157575758,1.65,0.250537547,0.407142857,0.233333333,0.766666667,0.592857143,0.446601942,57,14,57,14,46,103,97,46,83,0.855670103,0.285170858,-0.1275951,0.127200526,0.008089987,0.008446706,0.644170223,0.207477638,0.34494898,0.707866579,-0.018276413,0.564444444,-0.412765957,0.412765957,-0.056282051,-0.257217848,0.365690167,0.766666667,0.592857143,-0.412765957,0.7,[0.726],60,-0.073490814,0.716330516,0.700421941,0.329657393,0.355,0.679761905,0.679761905,0.766496193,-32660.87251,-0.2551902,0.670342536,0.671569473,0.670751016,,,,,,,
7fe73118-87a3-4a1f-8c27-8246a48e7834,RidgeClassifierCV,BASE_LINE,PCA,RUS,0.675,0.607142857,0.475,0.607142857,0.833333333,0.894736842,140,0.325,0.175328084,1.601801802,0.105263158,0.21108742,3.828571429,0.392857143,0.159574468,1.46875,0.523809524,0.091666667,1.171875,0.166666667,0.248484848,2.64,0.228407908,0.392857143,0.166666667,0.833333333,0.607142857,0.476190476,55,10,55,10,50,105,95,50,85,0.894736842,0.204029658,0.04445519,0.029910052,0.000447306,0.000452456,0.639128042,0.204242327,0.342502311,0.675881511,0.030061179,0.884577114,-0.159574468,0.248484848,-0.059710377,-0.060892388,0.344330596,0.833333333,0.607142857,-0.159574468,0.7,[0.726],60,-0.073490814,0.716330516,0.723404255,0.404208674,0.325,0.720238095,0.720238095,0.688219774,-32811.41661,0.08891038,0.902583854,0.698364397,0.822418512,,,,,,,
7fe73118-87a3-4a1f-8c27-8246a48e7834,NuSVC,BASE_LINE,PCA,RUS,0.63,0.6,0.51,0.6,0.7,0.823529412,140,0.37,-0.020997375,0.940740741,0.176470588,0.087893864,1.654320988,0.4,-0.082978723,0.783333333,0.571428571,-0.1,0.833333333,0.3,0.127272727,1.466666667,0.254458162,0.4,0.3,0.7,0.6,0.428571429,56,18,56,18,42,98,102,42,84,0.823529412,0.105125725,0.105125725,0.152074698,0.011563357,0.010381456,0.642532024,0.206423701,0.343982162,0.713383714,-0.060087892,1.137313433,0.082978723,0.127272727,-0.093946932,0.072440945,0.364753738,0.7,0.6,0.082978723,0.7,[0.726],60,-0.073490814,0.716330516,0.694214876,0.275009549,0.37,0.65,0.65,0.581668279,-29927.62419,0.044294004,0.960308939,0.660550459,0.834132247,,,,,,,
7fe73118-87a3-4a1f-8c27-8246a48e7834,LinearDiscriminantAnalysis,BASE_LINE,PCA,RUS,0.675,0.607142857,0.475,0.607142857,0.833333333,0.894736842,140,0.325,0.175328084,1.601801802,0.105263158,0.21108742,3.828571429,0.392857143,0.159574468,1.46875,0.523809524,0.091666667,1.171875,0.166666667,0.248484848,2.64,0.228407908,0.392857143,0.166666667,0.833333333,0.607142857,0.476190476,55,10,55,10,50,105,95,50,85,0.894736842,0.204029658,0.04445519,0.029910052,0.000447306,0.000452456,0.639128042,0.204242327,0.342502311,0.675881511,0.030061179,0.884577114,-0.159574468,0.248484848,-0.059710377,-0.060892388,0.344330596,0.833333333,0.607142857,-0.159574468,0.7,[0.726],60,-0.073490814,0.716330516,0.723404255,0.404208674,0.325,0.720238095,0.720238095,0.688219774,-38294.02719,0.08891038,0.902583854,0.698364397,0.822418512,,,,,,,
7fe73118-87a3-4a1f-8c27-8246a48e7834,RidgeClassifierCV,BASE_LINE,PCA,HYPERPARAMETER_RUS,0.675,0.607142857,0.475,0.607142857,0.833333333,0.894736842,140,0.325,0.175328084,1.601801802,0.105263158,0.21108742,3.828571429,0.392857143,0.159574468,1.46875,0.523809524,0.091666667,1.171875,0.166666667,0.248484848,2.64,0.228407908,0.392857143,0.166666667,0.833333333,0.607142857,0.476190476,55,10,55,10,50,105,95,50,85,0.894736842,0.204029658,0.04445519,0.029910052,0.000447306,0.000452456,0.639128042,0.204242327,0.342502311,0.675881511,0.030061179,0.884577114,-0.159574468,0.248484848,-0.059710377,-0.060892388,0.344330596,0.833333333,0.607142857,-0.159574468,0.7,[0.726],60,-0.073490814,0.716330516,0.723404255,0.404208674,0.325,0.720238095,0.720238095,0.688219774,-32811.41661,0.08891038,0.902583854,0.698364397,0.822418512,,,,,,,
7fe73118-87a3-4a1f-8c27-8246a48e7834,AdaBoostClassifier,BASE_LINE,PCA,HYPERPARAMETER_RUS,0.64,0.571428571,0.46,0.571428571,0.8,0.869565217,140,0.36,0.151706037,1.481666667,0.130434783,0.109090909,2.2,0.428571429,0.238297872,1.658823529,0.555555556,0.042622951,1.076470588,0.2,0.018181818,1.1,0.261772853,0.428571429,0.2,0.8,0.571428571,0.444444444,60,12,60,12,48,108,92,48,80,0.869565217,0.128239845,-0.110058027,0.080702725,0.003256465,0.003214781,0.641347991,0.205663623,0.343553819,0.723564583,-0.303318202,0.641414141,-0.238297872,0.238297872,-0.033233979,-0.186351706,0.383881137,0.8,0.571428571,-0.238297872,0.7,[0.726],60,-0.073490814,0.716330516,0.689655172,0.341514509,0.36,0.685714286,0.685714286,0.761182647,-27730.81566,-0.220116054,0.765608073,0.663900415,0.728411229,,,,,,,
7fe73118-87a3-4a1f-8c27-8246a48e7834,AdaBoostClassifier,BASE_LINE,FAIR_PCA,FAIR_PCA,0.685,0.778571429,0.705,0.778571429,0.466666667,0.773049645,140,0.315,0.273490814,2.052525253,0.226950355,0.210164835,2.275,0.221428571,0.308510638,2.611111111,0.525423729,0.214285714,1.428571429,0.533333333,0.145454545,1.32,0.155924358,0.221428571,0.533333333,0.466666667,0.778571429,0.474576271,31,32,31,32,28,59,141,28,109,0.773049645,0.226982592,-0.081528046,0.090437606,0.00408948,0.00386665,0.640446232,0.205085688,0.343120415,0.558434165,-0.087721857,0.744322344,-0.308510638,0.308510638,0.00206044,-0.1832021,0.215716038,0.466666667,0.778571429,-0.308510638,0.7,[0.725],60,-0.073490814,0.716330516,0.775800712,0.246429114,0.315,0.622619048,0.622619048,0.673379962,-27556.47144,-0.163056093,0.783896306,0.727578352,0.764179294,,,,,,,
7fe73118-87a3-4a1f-8c27-8246a48e7834,GradientBoostingClassifier,BASE_LINE,FAIR_PCA,FAIR_PCA,0.685,0.792857143,0.725,0.792857143,0.433333333,0.765517241,140,0.315,0.198950131,1.743137255,0.234482759,0.15942029,1.916666667,0.207142857,0.208510638,2.088888889,0.527272727,0.152380952,1.296296296,0.566666667,0.115151515,1.2375,0.149613325,0.207142857,0.566666667,0.433333333,0.792857143,0.472727273,29,34,29,34,26,55,145,26,111,0.765517241,0.161831077,-0.046679562,0.116078752,0.006737138,0.006058774,0.639383103,0.204405376,0.342619917,0.547016134,0.61647516,0.82826087,-0.208510638,0.208510638,-0.003519669,-0.124409449,0.205229379,0.433333333,0.792857143,-0.208510638,0.7,[0.725],60,-0.073490814,0.716330516,0.778947368,0.232139269,0.315,0.613095238,0.613095238,0.641714255,-31602.80702,-0.093359123,0.858030028,0.728959195,0.810210893,,,,,,,
7fe73118-87a3-4a1f-8c27-8246a48e7834,RandomForestClassifier,BASE_LINE,FAIR_PCA,FAIR_PCA,0.715,0.857142857,0.785,0.857142857,0.383333333,0.76433121,140,0.285,0.046194226,1.20952381,0.23566879,0.017307692,1.094736842,0.142857143,0.104255319,2.088888889,0.465116279,0.008695652,1.022222222,0.616666667,-0.175757576,0.694736842,0.117978721,0.142857143,0.616666667,0.383333333,0.857142857,0.534883721,20,37,20,37,23,43,157,23,120,0.76433121,0.140006447,-0.140006447,0.075844398,0.002876186,0.002683421,0.639664537,0.20458536,0.34275103,0.485754508,-0.061404548,0.814102564,-0.104255319,0.175757576,-0.00430602,-0.152230971,0.154792784,0.383333333,0.857142857,-0.104255319,0.7,[0.725],60,-0.073490814,0.716330516,0.808080808,0.268242552,0.285,0.620238095,0.620238095,0.707075428,-30618.54624,0.071502257,0.853405796,0.758696157,0.819313583,,,,,,,
7fe73118-87a3-4a1f-8c27-8246a48e7834,RidgeClassifierCV,BASE_LINE,FAIR_PCA,FAIR_PCA,0.725,0.835714286,0.745,0.835714286,0.466666667,0.785234899,140,0.275,0.246194226,2.116666667,0.214765101,0.170068027,2.041666667,0.164285714,0.272340426,3.133333333,0.450980392,0.252873563,1.611111111,0.533333333,0.115151515,1.2375,0.124985692,0.164285714,0.533333333,0.466666667,0.835714286,0.549019608,23,32,23,32,28,51,149,28,117,0.785234899,0.19374597,-0.078594455,0.071203794,0.00253499,0.002398085,0.640062801,0.204840195,0.342938388,0.499971383,-0.149477061,0.77755102,-0.272340426,0.272340426,0.041402768,-0.171653543,0.168238711,0.466666667,0.835714286,-0.272340426,0.7,[0.725],60,-0.073490814,0.716330516,0.809688581,0.317918537,0.275,0.651190476,0.651190476,0.702370437,-29201.25807,-0.15718891,0.807610759,0.765007609,0.792892082,,,,,,,
7fe73118-87a3-4a1f-8c27-8246a48e7834,NuSVC,BASE_LINE,FAIR_PCA,FAIR_PCA,0.7,0.835714286,0.77,0.835714286,0.383333333,0.75974026,140,0.3,0.081364829,1.322916667,0.24025974,0.089053803,1.484848485,0.164285714,0.05106383,1.342857143,0.5,0.017241379,1.035714286,0.616666667,0.054545455,1.1,0.128875884,0.164285714,0.616666667,0.383333333,0.835714286,0.5,23,37,23,37,23,46,154,23,117,0.75974026,0.052804642,0.001740812,0.097615059,0.00476435,0.004318497,0.639221631,0.204302147,0.342544354,0.507692593,0.24875038,0.950340136,-0.05106383,0.054545455,-0.035906212,-0.03832021,0.17202776,0.383333333,0.835714286,-0.05106383,0.7,[0.725],60,-0.073490814,0.716330516,0.795918367,0.238527746,0.3,0.60952381,0.60952381,0.608462743,-29801.41194,0.003481625,0.964399785,0.744884038,0.878137984,,,,,,,
7fe73118-87a3-4a1f-8c27-8246a48e7834,LinearDiscriminantAnalysis,BASE_LINE,FAIR_PCA,FAIR_PCA,0.7,0.8,0.72,0.8,0.466666667,0.777777778,140,0.3,0.297112861,2.257777778,0.222222222,0.215425532,2.35,0.2,0.340425532,3.133333333,0.5,0.25974026,1.571428571,0.533333333,0.145454545,1.32,0.143983083,0.2,0.533333333,0.466666667,0.8,0.5,28,32,28,32,28,56,144,28,112,0.777777778,0.242940039,-0.097485493,0.101222008,0.005122947,0.00474797,0.641002616,0.205442177,0.343387008,0.536624792,0.24875038,0.720567376,-0.340425532,0.340425532,0.022157364,-0.206824147,0.197655312,0.466666667,0.8,-0.340425532,0.7,[0.725],60,-0.073490814,0.716330516,0.788732394,0.272165527,0.3,0.633333333,0.633333333,0.695074146,-34119.27668,-0.194970986,0.758625447,0.741721854,0.752905956,,,,,,,
7fe73118-87a3-4a1f-8c27-8246a48e7834,RidgeClassifierCV,BASE_LINE,FAIR_PCA,HYPERPARAMETER,0.725,0.835714286,0.745,0.835714286,0.466666667,0.785234899,140,0.275,0.246194226,2.116666667,0.214765101,0.170068027,2.041666667,0.164285714,0.272340426,3.133333333,0.450980392,0.252873563,1.611111111,0.533333333,0.115151515,1.2375,0.124985692,0.164285714,0.533333333,0.466666667,0.835714286,0.549019608,23,32,23,32,28,51,149,28,117,0.785234899,0.19374597,-0.078594455,0.071203794,0.00253499,0.002398085,0.640062801,0.204840195,0.342938388,0.499971383,-0.149477061,0.77755102,-0.272340426,0.272340426,0.041402768,-0.171653543,0.168238711,0.466666667,0.835714286,-0.272340426,0.7,[0.725],60,-0.073490814,0.716330516,0.809688581,0.317918537,0.275,0.651190476,0.651190476,0.702370437,-29201.25807,-0.15718891,0.807610759,0.765007609,0.792892082,,,,,,,
7fe73118-87a3-4a1f-8c27-8246a48e7834,AdaBoostClassifier,BASE_LINE,FAIR_PCA,HYPERPARAMETER,0.69,0.778571429,0.7,0.778571429,0.483333333,0.778571429,140,0.31,0.281364829,2.116666667,0.221428571,0.219444444,2.410714286,0.221428571,0.308510638,2.611111111,0.516666667,0.227799228,1.468253968,0.516666667,0.175757576,1.414285714,0.155,0.221428571,0.516666667,0.483333333,0.778571429,0.483333333,31,31,31,31,29,60,140,29,109,0.778571429,0.242134107,-0.066376531,0.092528618,0.004280773,0.004038206,0.640277389,0.204977568,0.343040077,0.556776436,-0.087721857,0.752592593,-0.308510638,0.308510638,0.004177392,-0.175328084,0.214875626,0.483333333,0.778571429,-0.308510638,0.7,[0.725],60,-0.073490814,0.716330516,0.778571429,0.261904762,0.31,0.630952381,0.630952381,0.672832811,-27611.92466,-0.132753063,0.7907337,0.731614786,0.769993647,,,,,,,
7fe73118-87a3-4a1f-8c27-8246a48e7834,AdaBoostClassifier,BASE_LINE,FAIR_PCA,SMOTE,0.68,0.735714286,0.65,0.735714286,0.55,0.792307692,140,0.32,0.214698163,1.852083333,0.207692308,0.137987013,1.934065934,0.264285714,0.29787234,2.473684211,0.528571429,0.137820513,1.282894737,0.45,0.006060606,1.015384615,0.175900277,0.264285714,0.45,0.55,0.735714286,0.471428571,37,27,37,27,33,70,130,33,103,0.792307692,0.151966473,-0.145905867,0.109640292,0.006010497,0.005585201,0.641864551,0.205995051,0.34380505,0.593127772,0.037441286,0.673484848,-0.29787234,0.29787234,-8.33E-05,-0.226246719,0.248293019,0.55,0.735714286,-0.29787234,0.7,[0.725],60,-0.073490814,0.716330516,0.762962963,0.274505407,0.32,0.642857143,0.642857143,0.736653772,-27603.60971,-0.291811734,0.744561502,0.719096509,0.735875114,,,,,,,
7fe73118-87a3-4a1f-8c27-8246a48e7834,GradientBoostingClassifier,BASE_LINE,FAIR_PCA,SMOTE,0.695,0.75,0.655,0.75,0.566666667,0.801526718,140,0.305,0.297112861,2.257777778,0.198473282,0.196969697,2.444444444,0.25,0.408510638,3.133333333,0.507246377,0.205128205,1.444444444,0.433333333,0.036363636,1.1,0.166100162,0.25,0.433333333,0.566666667,0.75,0.492753623,35,26,35,26,34,69,131,34,105,0.801526718,0.222437137,-0.186073501,0.132942313,0.008836829,0.008207343,0.644875712,0.207932342,0.345305704,0.576368219,0.485139158,0.577272727,-0.408510638,0.408510638,0.004079254,-0.292913386,0.234754166,0.566666667,0.75,-0.408510638,0.7,[0.725],60,-0.073490814,0.716330516,0.774907749,0.305268365,0.305,0.658333333,0.658333333,0.780831721,-33297.30588,-0.372147002,0.659435189,0.732781885,0.682196326,,,,,,,
7fe73118-87a3-4a1f-8c27-8246a48e7834,RandomForestClassifier,BASE_LINE,FAIR_PCA,SMOTE,0.725,0.785714286,0.675,0.785714286,0.583333333,0.814814815,140,0.275,0.403149606,3.048,0.185185185,0.270967742,3.1,0.214285714,0.561702128,5.061538462,0.461538462,0.317647059,1.830769231,0.416666667,0.036363636,1.1,0.144312952,0.214285714,0.416666667,0.583333333,0.785714286,0.538461538,30,25,30,25,35,65,135,35,110,0.814814815,0.299032882,-0.262669246,0.141897967,0.010067517,0.009882896,0.651011828,0.2119082,0.348524954,0.53723915,0.585222617,0.455197133,-0.561702128,0.561702128,0.023339658,-0.398950131,0.203047854,0.583333333,0.785714286,-0.561702128,0.7,[0.725],60,-0.073490814,0.716330516,0.8,0.361075888,0.275,0.68452381,0.68452381,0.864327162,-33222.0415,-0.525338491,0.533446944,0.760655738,0.592433847,,,,,,,
7fe73118-87a3-4a1f-8c27-8246a48e7834,RidgeClassifierCV,BASE_LINE,FAIR_PCA,SMOTE,0.72,0.792857143,0.69,0.792857143,0.55,0.804347826,140,0.28,0.320734908,2.508641975,0.195652174,0.243131868,2.84375,0.207142857,0.340425532,3.133333333,0.467741935,0.297619048,1.714285714,0.45,0.236363636,1.65,0.142791552,0.207142857,0.45,0.55,0.792857143,0.532258065,29,27,29,27,33,62,138,33,111,0.804347826,0.288394584,-0.052030948,0.089510119,0.004006031,0.00372249,0.640446232,0.205085688,0.343120415,0.53439976,-0.087721857,0.744322344,-0.340425532,0.340425532,0.02724359,-0.1832021,0.199090476,0.55,0.792857143,-0.340425532,0.7,[0.725],60,-0.073490814,0.716330516,0.798561151,0.339717138,0.28,0.671428571,0.671428571,0.706363636,-33033.79304,-0.104061896,0.778389906,0.757248437,0.771212793,,,,,,,
7fe73118-87a3-4a1f-8c27-8246a48e7834,NuSVC,BASE_LINE,FAIR_PCA,SMOTE,0.705,0.8,0.715,0.8,0.483333333,0.783216783,140,0.295,0.230446194,1.975555556,0.216783217,0.173758865,2.088888889,0.2,0.240425532,2.506666667,0.49122807,0.212121212,1.466666667,0.516666667,0.145454545,1.32,0.143063408,0.2,0.516666667,0.483333333,0.8,0.50877193,28,31,28,31,29,57,143,29,112,0.783216783,0.192940039,-0.047485493,0.077964467,0.003039229,0.002818715,0.639570573,0.204525259,0.34270712,0.534908232,-0.2308227,0.810638298,-0.240425532,0.240425532,0.019181173,-0.14015748,0.196811512,0.483333333,0.8,-0.240425532,0.7,[0.725],60,-0.073490814,0.716330516,0.791519435,0.287628468,0.295,0.641666667,0.641666667,0.672136525,-35552.963,-0.094970986,0.839810573,0.74575871,0.80593042,,,,,,,
7fe73118-87a3-4a1f-8c27-8246a48e7834,LinearDiscriminantAnalysis,BASE_LINE,FAIR_PCA,SMOTE,0.7,0.792857143,0.71,0.792857143,0.483333333,0.781690141,140,0.3,0.304986877,2.335632184,0.218309859,0.224462366,2.491071429,0.207142857,0.340425532,3.133333333,0.5,0.273109244,1.619047619,0.516666667,0.175757576,1.414285714,0.146995393,0.207142857,0.516666667,0.483333333,0.792857143,0.5,29,31,29,31,29,58,142,29,111,0.781690141,0.258091554,-0.082333978,0.103312873,0.005336775,0.004907291,0.640809267,0.205318258,0.343294055,0.542209171,0.24875038,0.728315412,-0.340425532,0.340425532,0.024323439,-0.198950131,0.202797814,0.483333333,0.792857143,-0.340425532,0.7,[0.725],60,-0.073490814,0.716330516,0.787234043,0.278926754,0.3,0.638095238,0.638095238,0.690632157,-39350.51839,-0.164667956,0.765221695,0.741058655,0.75699415,,,,,,,
7fe73118-87a3-4a1f-8c27-8246a48e7834,RidgeClassifierCV,BASE_LINE,FAIR_PCA,HYPERPARAMETER_SMOTE,0.72,0.792857143,0.69,0.792857143,0.55,0.804347826,140,0.28,0.320734908,2.508641975,0.195652174,0.243131868,2.84375,0.207142857,0.340425532,3.133333333,0.467741935,0.297619048,1.714285714,0.45,0.236363636,1.65,0.142791552,0.207142857,0.45,0.55,0.792857143,0.532258065,29,27,29,27,33,62,138,33,111,0.804347826,0.288394584,-0.052030948,0.089510119,0.004006031,0.00372249,0.640446232,0.205085688,0.343120415,0.53439976,-0.087721857,0.744322344,-0.340425532,0.340425532,0.02724359,-0.1832021,0.199090476,0.55,0.792857143,-0.340425532,0.7,[0.725],60,-0.073490814,0.716330516,0.798561151,0.339717138,0.28,0.671428571,0.671428571,0.706363636,-33033.79304,-0.104061896,0.778389906,0.757248437,0.771212793,,,,,,,
7fe73118-87a3-4a1f-8c27-8246a48e7834,AdaBoostClassifier,BASE_LINE,FAIR_PCA,HYPERPARAMETER_SMOTE,0.67,0.728571429,0.65,0.728571429,0.533333333,0.784615385,140,0.33,0.265616798,1.992156863,0.215384615,0.223837209,2.480769231,0.271428571,0.276595745,2.238095238,0.542857143,0.202090592,1.394557823,0.466666667,0.206060606,1.523076923,0.181440443,0.271428571,0.466666667,0.533333333,0.728571429,0.457142857,38,28,38,28,32,70,130,32,102,0.784615385,0.241328175,-0.035267569,0.101428262,0.005143846,0.004666462,0.63969729,0.204606311,0.342766364,0.602395955,-0.087721857,0.787596899,-0.276595745,0.276595745,-0.010873308,-0.143832021,0.255589305,0.533333333,0.728571429,-0.276595745,0.7,[0.725],60,-0.073490814,0.716330516,0.755555556,0.251629956,0.33,0.630952381,0.630952381,0.653204538,-27650.99921,-0.070535139,0.823623174,0.710210444,0.78199772,,,,,,,
7fe73118-87a3-4a1f-8c27-8246a48e7834,AdaBoostClassifier,BASE_LINE,FAIR_PCA,ROS,0.655,0.65,0.555,0.65,0.666666667,0.81981982,140,0.345,0.167454068,1.559649123,0.18018018,0.197478992,3.238095238,0.35,0.159574468,1.46875,0.550561798,0.082627119,1.15234375,0.333333333,0.218181818,2.2,0.221589549,0.35,0.333333333,0.666666667,0.65,0.449438202,49,20,49,20,40,89,111,40,91,0.81981982,0.188878143,0.029303675,0.133613698,0.00892631,0.008180612,0.639105151,0.204227697,0.342491971,0.66571698,-0.213873142,0.871568627,-0.159574468,0.218181818,-0.057425936,-0.068766404,0.318793501,0.666666667,0.65,-0.159574468,0.7,[0.725],60,-0.073490814,0.716330516,0.725099602,0.292001781,0.345,0.658333333,0.658333333,0.639041747,-27688.89242,0.05860735,0.900644761,0.688269511,0.816648617,,,,,,,
7fe73118-87a3-4a1f-8c27-8246a48e7834,GradientBoostingClassifier,BASE_LINE,FAIR_PCA,ROS,0.68,0.664285714,0.55,0.664285714,0.716666667,0.845454545,140,0.32,0.034120735,1.114035088,0.154545455,0.031746032,1.285714286,0.335714286,0.080851064,1.253333333,0.522222222,-0.045454545,0.916666667,0.283333333,-0.042424242,0.825,0.205882353,0.335714286,0.283333333,0.716666667,0.664285714,0.477777778,47,17,47,17,43,90,110,43,93,0.845454545,0.061637653,-0.061637653,0.073843878,0.002726459,0.002548628,0.639211377,0.204295592,0.342540612,0.641688948,-0.513205832,0.823148148,-0.080851064,0.080851064,-0.038600289,-0.100262467,0.301148366,0.716666667,0.664285714,-0.080851064,0.7,[0.725],60,-0.073490814,0.716330516,0.744,0.350907571,0.32,0.69047619,0.69047619,0.733035522,-34760.12186,-0.038426821,0.892870545,0.710561798,0.822525462,,,,,,,
7fe73118-87a3-4a1f-8c27-8246a48e7834,RandomForestClassifier,BASE_LINE,FAIR_PCA,ROS,0.735,0.814285714,0.705,0.814285714,0.55,0.808510638,140,0.265,0.195275591,1.953846154,0.191489362,0.104166667,1.714285714,0.185714286,0.272340426,3.133333333,0.440677966,0.184331797,1.476190476,0.45,-0.024242424,0.942857143,0.131172496,0.185714286,0.45,0.55,0.814285714,0.559322034,26,27,26,27,33,59,141,33,114,0.808510638,0.148291425,-0.148291425,0.072927901,0.002659239,0.002588094,0.641411008,0.205704041,0.343584359,0.512196243,-0.0719735,0.705555556,-0.272340426,0.272340426,0.040082565,-0.222572178,0.181231104,0.55,0.814285714,-0.272340426,0.7,[0.725],60,-0.073490814,0.716330516,0.8113879,0.366054897,0.265,0.682142857,0.682142857,0.783298793,-33471.53504,-0.248098001,0.761615289,0.771307259,0.764818768,,,,,,,
7fe73118-87a3-4a1f-8c27-8246a48e7834,RidgeClassifierCV,BASE_LINE,FAIR_PCA,ROS,0.67,0.664285714,0.56,0.664285714,0.683333333,0.830357143,140,0.33,0.1832021,1.646296296,0.169642857,0.167293233,2.412698413,0.335714286,0.212765957,1.740740741,0.534090909,0.095588235,1.180555556,0.316666667,0.127272727,1.466666667,0.209843158,0.335714286,0.316666667,0.683333333,0.664285714,0.465909091,47,19,47,19,41,88,112,41,93,0.830357143,0.170019342,-0.042746615,0.046516714,0.001081902,0.001043259,0.639588065,0.204536446,0.342715285,0.647832013,-0.430036369,0.779824561,-0.212765957,0.212765957,-0.035852499,-0.13175853,0.303960058,0.683333333,0.664285714,-0.212765957,0.7,[0.725],60,-0.073490814,0.716330516,0.738095238,0.320917101,0.33,0.673809524,0.673809524,0.7026126,-34765.60128,-0.08549323,0.842279253,0.702401082,0.789848362,,,,,,,
7fe73118-87a3-4a1f-8c27-8246a48e7834,NuSVC,BASE_LINE,FAIR_PCA,ROS,0.675,0.707142857,0.615,0.707142857,0.6,0.804878049,140,0.325,0.041994751,1.144144144,0.195121951,0.082981716,1.595959596,0.292857143,0.023404255,1.084615385,0.532467532,-0.041666667,0.923076923,0.4,0.066666667,1.2,0.189778733,0.292857143,0.4,0.6,0.707142857,0.467532468,41,24,41,24,36,77,123,36,99,0.804878049,0.045035461,0.021631206,0.092773415,0.004303453,0.003927073,0.639451297,0.204448981,0.342646727,0.616082354,-0.439577514,0.964556962,-0.023404255,0.066666667,-0.062324191,-0.022047244,0.27064031,0.6,0.707142857,-0.023404255,0.7,[0.725],60,-0.073490814,0.716330516,0.752851711,0.289255846,0.325,0.653571429,0.653571429,0.639433891,-36258.70047,0.043262411,0.974334971,0.711803475,0.867662822,,,,,,,
7fe73118-87a3-4a1f-8c27-8246a48e7834,LinearDiscriminantAnalysis,BASE_LINE,FAIR_PCA,ROS,0.66,0.65,0.55,0.65,0.683333333,0.827272727,140,0.34,0.175328084,1.601801802,0.172727273,0.165714286,2.380952381,0.35,0.20212766,1.678571429,0.544444444,0.086538462,1.160714286,0.316666667,0.127272727,1.466666667,0.219723183,0.35,0.316666667,0.683333333,0.65,0.455555556,49,19,49,19,41,90,110,41,91,0.827272727,0.164700193,-0.037427466,0.050241073,0.001262083,0.001211254,0.639471567,0.204461942,0.342660995,0.66290751,-0.449267731,0.790222222,-0.20212766,0.20212766,-0.039587912,-0.123884514,0.317457711,0.683333333,0.65,-0.20212766,0.7,[0.725],60,-0.073490814,0.716330516,0.728,0.307044124,0.34,0.666666667,0.666666667,0.691618311,-39027.47601,-0.074854932,0.851229559,0.692334294,0.790736488,,,,,,,
7fe73118-87a3-4a1f-8c27-8246a48e7834,RidgeClassifierCV,BASE_LINE,FAIR_PCA,HYPERPARAMETER_ROS,0.67,0.664285714,0.56,0.664285714,0.683333333,0.830357143,140,0.33,0.1832021,1.646296296,0.169642857,0.167293233,2.412698413,0.335714286,0.212765957,1.740740741,0.534090909,0.095588235,1.180555556,0.316666667,0.127272727,1.466666667,0.209843158,0.335714286,0.316666667,0.683333333,0.664285714,0.465909091,47,19,47,19,41,88,112,41,93,0.830357143,0.170019342,-0.042746615,0.046516714,0.001081902,0.001043259,0.639588065,0.204536446,0.342715285,0.647832013,-0.430036369,0.779824561,-0.212765957,0.212765957,-0.035852499,-0.13175853,0.303960058,0.683333333,0.664285714,-0.212765957,0.7,[0.725],60,-0.073490814,0.716330516,0.738095238,0.320917101,0.33,0.673809524,0.673809524,0.7026126,-34765.60128,-0.08549323,0.842279253,0.702401082,0.789848362,,,,,,,
7fe73118-87a3-4a1f-8c27-8246a48e7834,AdaBoostClassifier,BASE_LINE,FAIR_PCA,HYPERPARAMETER_ROS,0.65,0.65,0.56,0.65,0.65,0.8125,140,0.35,0.159580052,1.51965812,0.1875,0.173038229,2.535714286,0.35,0.170212766,1.516129032,0.556818182,0.071428571,1.129032258,0.35,0.157575758,1.65,0.223363981,0.35,0.35,0.65,0.65,0.443181818,49,21,49,21,39,88,112,39,91,0.8125,0.163894262,-0.006318504,0.118958023,0.007075506,0.006371624,0.63915719,0.204260957,0.342515744,0.66837711,-0.213873142,0.834741784,-0.170212766,0.170212766,-0.050804829,-0.092388451,0.320079759,0.65,0.65,-0.170212766,0.7,[0.725],60,-0.073490814,0.716330516,0.722222222,0.276955855,0.35,0.65,0.65,0.654107028,-27702.26081,-0.012637008,0.886671209,0.684210526,0.807066458,,,,,,,
7fe73118-87a3-4a1f-8c27-8246a48e7834,AdaBoostClassifier,BASE_LINE,FAIR_PCA,RUS,0.64,0.621428571,0.53,0.621428571,0.683333333,0.820754717,140,0.36,0.135958005,1.411111111,0.179245283,0.168067227,2.428571429,0.378571429,0.138297872,1.382352941,0.563829787,0.048728814,1.084558824,0.316666667,0.157575758,1.65,0.24031064,0.378571429,0.316666667,0.683333333,0.621428571,0.436170213,53,19,53,19,41,94,106,41,87,0.820754717,0.147936815,0.009638943,0.105702409,0.0055865,0.00505347,0.639105151,0.204227697,0.342491971,0.693268548,-0.414543837,0.871568627,-0.138297872,0.157575758,-0.059669207,-0.068766404,0.345001824,0.683333333,0.621428571,-0.138297872,0.7,[0.725],60,-0.073490814,0.716330516,0.707317073,0.279823035,0.36,0.652380952,0.652380952,0.64609269,-27709.79929,0.019277885,0.910865527,0.671976828,0.814363119,,,,,,,
7fe73118-87a3-4a1f-8c27-8246a48e7834,GradientBoostingClassifier,BASE_LINE,FAIR_PCA,RUS,0.605,0.585714286,0.515,0.585714286,0.65,0.796116505,140,0.395,0.171128609,1.472463768,0.203883495,0.18627451,2.266666667,0.414285714,0.217021277,1.566666667,0.597938144,0.056497175,1.092592593,0.35,0.096969697,1.32,0.271575897,0.414285714,0.35,0.65,0.585714286,0.402061856,58,21,58,21,39,97,103,39,82,0.796116505,0.156995487,-0.06002579,0.11152131,0.006218501,0.005585062,0.639743219,0.204635693,0.34278789,0.736988327,-0.303318202,0.747058824,-0.217021277,0.217021277,-0.064888667,-0.135433071,0.383169507,0.65,0.585714286,-0.217021277,0.7,[0.725],60,-0.073490814,0.716330516,0.674897119,0.216132993,0.395,0.617857143,0.617857143,0.654944506,-36762.47347,-0.12005158,0.827084705,0.638039966,0.752741494,,,,,,,
7fe73118-87a3-4a1f-8c27-8246a48e7834,RandomForestClassifier,BASE_LINE,FAIR_PCA,RUS,0.645,0.607142857,0.505,0.607142857,0.733333333,0.841584158,140,0.355,0.292913386,1.953846154,0.158415842,0.315895372,3.803571429,0.392857143,0.270212766,1.819354839,0.555555556,0.196428571,1.35483871,0.266666667,0.357575758,2.475,0.24457004,0.392857143,0.266666667,0.733333333,0.607142857,0.444444444,55,16,55,16,44,99,101,44,85,0.841584158,0.313894262,0.043681496,0.110859838,0.006144952,0.005907111,0.63915719,0.204260957,0.342515744,0.699385501,-0.273382315,0.834741784,-0.270212766,0.357575758,-0.0597334,-0.092388451,0.354681385,0.733333333,0.607142857,-0.270212766,0.7,[0.725],60,-0.073490814,0.716330516,0.705394191,0.312067187,0.355,0.670238095,0.670238095,0.640961093,-32246.94607,0.087362992,0.848229064,0.673846579,0.780869533,,,,,,,
7fe73118-87a3-4a1f-8c27-8246a48e7834,RidgeClassifierCV,BASE_LINE,FAIR_PCA,RUS,0.685,0.65,0.525,0.65,0.766666667,0.866666667,140,0.315,0.332283465,2.241176471,0.133333333,0.345238095,5.142857143,0.35,0.30212766,2.014285714,0.515789474,0.240909091,1.473214286,0.233333333,0.418181818,3.3,0.208907254,0.35,0.233333333,0.766666667,0.65,0.484210526,49,14,49,14,46,95,105,46,91,0.866666667,0.360154739,0.058027079,0.034598226,0.000598519,0.00058274,0.639211377,0.204295592,0.342540612,0.646385728,-0.350464981,0.823148148,-0.30212766,0.418181818,-0.052164502,-0.100262467,0.309996869,0.766666667,0.65,-0.30212766,0.7,[0.725],60,-0.073490814,0.716330516,0.742857143,0.382359556,0.315,0.708333333,0.708333333,0.667230819,-33538.84889,0.116054159,0.829735762,0.712756378,0.7866975,,,,,,,
7fe73118-87a3-4a1f-8c27-8246a48e7834,NuSVC,BASE_LINE,FAIR_PCA,RUS,0.645,0.621428571,0.525,0.621428571,0.7,0.828571429,140,0.355,0.151706037,1.481666667,0.171428571,0.160714286,2.285714286,0.378571429,0.170212766,1.516129032,0.557894737,0.061363636,1.108870968,0.3,0.127272727,1.466666667,0.238292011,0.378571429,0.3,0.7,0.621428571,0.442105263,53,18,53,18,42,95,105,42,87,0.828571429,0.148742747,-0.021470019,0.141716795,0.010041825,0.009105524,0.639211377,0.204295592,0.342540612,0.690350652,-0.060087892,0.823148148,-0.170212766,0.170212766,-0.049675325,-0.100262467,0.343604005,0.7,0.621428571,-0.170212766,0.7,[0.725],60,-0.073490814,0.716330516,0.710204082,0.294963086,0.355,0.660714286,0.660714286,0.674899834,-31665.06422,-0.042940039,0.878473573,0.676033431,0.798744772,,,,,,,
7fe73118-87a3-4a1f-8c27-8246a48e7834,LinearDiscriminantAnalysis,BASE_LINE,FAIR_PCA,RUS,0.67,0.635714286,0.52,0.635714286,0.75,0.855769231,140,0.33,0.316535433,2.116666667,0.144230769,0.342857143,5,0.364285714,0.280851064,1.88,0.53125,0.223684211,1.425,0.25,0.418181818,3.3,0.221296847,0.364285714,0.25,0.75,0.635714286,0.46875,51,15,51,15,45,96,104,45,89,0.855769231,0.349516441,0.068665377,0.0581947,0.001693312,0.001590728,0.63912077,0.204237679,0.342499093,0.665277156,-0.540239509,0.846666667,-0.280851064,0.418181818,-0.059586466,-0.084514436,0.325246155,0.75,0.635714286,-0.280851064,0.7,[0.725],60,-0.073490814,0.716330516,0.729508197,0.353796132,0.33,0.692857143,0.692857143,0.645281846,-41970.19571,0.137330754,0.844295213,0.698488931,0.789369489,,,,,,,
7fe73118-87a3-4a1f-8c27-8246a48e7834,RidgeClassifierCV,BASE_LINE,FAIR_PCA,HYPERPARAMETER_RUS,0.685,0.65,0.525,0.65,0.766666667,0.866666667,140,0.315,0.332283465,2.241176471,0.133333333,0.345238095,5.142857143,0.35,0.30212766,2.014285714,0.515789474,0.240909091,1.473214286,0.233333333,0.418181818,3.3,0.208907254,0.35,0.233333333,0.766666667,0.65,0.484210526,49,14,49,14,46,95,105,46,91,0.866666667,0.360154739,0.058027079,0.034598226,0.000598519,0.00058274,0.639211377,0.204295592,0.342540612,0.646385728,-0.350464981,0.823148148,-0.30212766,0.418181818,-0.052164502,-0.100262467,0.309996869,0.766666667,0.65,-0.30212766,0.7,[0.725],60,-0.073490814,0.716330516,0.742857143,0.382359556,0.315,0.708333333,0.708333333,0.667230819,-33538.84889,0.116054159,0.829735762,0.712756378,0.7866975,,,,,,,
7fe73118-87a3-4a1f-8c27-8246a48e7834,AdaBoostClassifier,BASE_LINE,FAIR_PCA,HYPERPARAMETER_RUS,0.655,0.65,0.555,0.65,0.666666667,0.81981982,140,0.345,0.159580052,1.51965812,0.18018018,0.162426614,2.317460317,0.35,0.180851064,1.566666667,0.550561798,0.069444444,1.125,0.333333333,0.127272727,1.466666667,0.221589549,0.35,0.333333333,0.666666667,0.65,0.449438202,49,20,49,20,40,89,111,40,91,0.81981982,0.154061896,-0.026789168,0.092981432,0.004322773,0.003932186,0.639282411,0.204341001,0.342573337,0.66571698,-0.414543837,0.811872146,-0.180851064,0.180851064,-0.046491085,-0.108136483,0.318793501,0.666666667,0.65,-0.180851064,0.7,[0.725],60,-0.073490814,0.716330516,0.725099602,0.292001781,0.345,0.658333333,0.658333333,0.675969536,-27711.58988,-0.053578337,0.869324333,0.688269511,0.799241992,,,,,,,
7fe73118-87a3-4a1f-8c27-8246a48e7834,AdaBoostClassifier,PREPROCESSING,FAIR_GAN,FAIR_GAN,0.725,0.835714286,0.745,0.835714286,0.466666667,0.785234899,140,0.275,0.077690289,1.411111111,0.214765101,0.030188679,1.177777778,0.164285714,0.136170213,3.133333333,0.450980392,0.114285714,1.4,0.533333333,-0.145454545,0.733333333,0.124985692,0.164285714,0.533333333,0.466666667,0.835714286,0.549019608,23,32,23,32,28,51,149,28,117,0.785234899,0.140812379,-0.140812379,0.136580159,0.00932707,0.009403811,0.639891218,0.204730386,0.342857437,0.499971383,0.396005837,0.798742138,-0.136170213,0.145454545,0.042048518,-0.167979003,0.168238711,0.466666667,0.835714286,-0.136170213,0.7,[0.721],60,-0.073490814,0.716330516,0.809688581,0.317918537,0.275,0.651190476,0.651190476,0.742886156,-27573.49713,0.009284333,0.837628473,0.765007609,0.811936557,,,,,,,
7fe73118-87a3-4a1f-8c27-8246a48e7834,GradientBoostingClassifier,PREPROCESSING,FAIR_GAN,FAIR_GAN,0.71,0.842857143,0.77,0.842857143,0.4,0.766233766,140,0.29,0.022572178,1.092473118,0.233766234,0.005825243,1.03,0.157142857,0.082978723,1.709090909,0.47826087,-0.058333333,0.872727273,0.6,-0.206060606,0.66,0.124508691,0.157142857,0.6,0.4,0.842857143,0.52173913,22,36,22,36,24,46,154,24,118,0.766233766,0.144519665,-0.144519665,0.083090162,0.003451988,0.003225575,0.639563654,0.204520834,0.342703892,0.499016414,-0.061404548,0.822006472,-0.082978723,0.206060606,-0.032079288,-0.144356955,0.165549749,0.4,0.842857143,-0.082978723,0.7,[0.721],60,-0.073490814,0.716330516,0.802721088,0.264454675,0.29,0.621428571,0.621428571,0.71123722,-31471.29107,0.123081883,0.861202516,0.75351891,0.82204374,7.865956545,191.3,0,73753.94583,0,307308.1076,26.54800596
7fe73118-87a3-4a1f-8c27-8246a48e7834,RandomForestClassifier,PREPROCESSING,FAIR_GAN,FAIR_GAN,0.725,0.907142857,0.845,0.907142857,0.3,0.75147929,140,0.275,0.022572178,1.092473118,0.24852071,0.033783784,1.15625,0.092857143,0.025531915,1.342857143,0.419354839,-0.104166667,0.761904762,0.7,-0.127272727,0.825,0.096861235,0.092857143,0.7,0.3,0.907142857,0.580645161,13,42,13,42,18,31,169,18,127,0.75147929,0.076402321,-0.076402321,0.074672324,0.002787978,0.002590924,0.639101504,0.204225366,0.342490319,0.440139147,0.130967344,0.915315315,-0.025531915,0.127272727,-0.068975225,-0.074015748,0.118850224,0.3,0.907142857,-0.025531915,0.7,[0.721],60,-0.073490814,0.716330516,0.822006472,0.262292218,0.275,0.603571429,0.603571429,0.649685687,-27451.49865,0.101740812,0.934279281,0.770461796,0.872445448,,,,,,,
7fe73118-87a3-4a1f-8c27-8246a48e7834,RidgeClassifierCV,PREPROCESSING,FAIR_GAN,FAIR_GAN,0.7,0.828571429,0.76,0.828571429,0.4,0.763157895,140,0.3,0.179527559,1.814285714,0.236842105,0.111320755,1.59,0.171428571,0.214893617,3.525,0.5,0.219047619,1.575,0.6,-0.006060606,0.99,0.131897472,0.171428571,0.6,0.4,0.828571429,0.5,24,36,24,36,24,48,152,24,116,0.763157895,0.110477112,-0.110477112,0.13313405,0.008862338,0.008614307,0.639891218,0.204730386,0.342857437,0.51360972,0.756673244,0.798742138,-0.214893617,0.214893617,0.053863432,-0.167979003,0.177139568,0.4,0.828571429,-0.214893617,0.7,[0.721],60,-0.073490814,0.716330516,0.794520548,0.245255736,0.3,0.614285714,0.614285714,0.682150226,-30196.83933,-0.208833011,0.824441024,0.744271311,0.795865292,7.784290075,202.7,0,73843.10032,0,307679.5847,26.58009745
7fe73118-87a3-4a1f-8c27-8246a48e7834,NuSVC,PREPROCESSING,FAIR_GAN,FAIR_GAN,0.665,0.7,0.615,0.7,0.583333333,0.796747967,140,0.335,0.073490814,1.282828283,0.203252033,-0.021978022,0.866666667,0.3,0.208510638,2.088888889,0.545454545,0,1,0.416666667,-0.254545455,0.44,0.195750844,0.3,0.416666667,0.583333333,0.7,0.454545455,42,25,42,25,35,77,123,35,98,0.796747967,0.231528046,-0.231528046,0.140153314,0.009821476,0.010114573,0.642622376,0.206481759,0.344177134,0.625700957,0.059650178,0.651282051,-0.208510638,0.254545455,0.010989011,-0.249868766,0.278215689,0.583333333,0.7,-0.208510638,0.7,[0.721],60,-0.073490814,0.716330516,0.745247148,0.266832912,0.335,0.641666667,0.641666667,0.790230496,-32743.78661,0.046034816,0.736206572,0.702840427,0.724738007,,,,,,,
7fe73118-87a3-4a1f-8c27-8246a48e7834,LinearDiscriminantAnalysis,PREPROCESSING,FAIR_GAN,FAIR_GAN,0.69,0.807142857,0.74,0.807142857,0.416666667,0.763513514,140,0.31,0.246194226,2.116666667,0.236486486,0.09703504,1.514285714,0.192857143,0.414893617,5.875,0.519230769,0.244047619,1.640625,0.583333333,-0.206060606,0.66,0.142566568,0.192857143,0.583333333,0.416666667,0.807142857,0.480769231,27,35,27,35,25,52,148,25,113,0.763513514,0.310477112,-0.310477112,0.156112779,0.0121856,0.012017514,0.647036192,0.209327917,0.346416,0.533978591,0.884739147,0.559119497,-0.414893617,0.414893617,0.073506289,-0.367979003,0.194049973,0.416666667,0.807142857,-0.414893617,0.7,[0.721],60,-0.073490814,0.716330516,0.784722222,0.233822165,0.31,0.611904762,0.611904762,0.801887185,-35770.67102,-0.208833011,0.612546036,0.734319081,0.648386975,7.683690786,213.8,0,73928.90965,0,308037.1235,26.61098484
7fe73118-87a3-4a1f-8c27-8246a48e7834,RidgeClassifierCV,PREPROCESSING,FAIR_GAN,HYPERPARAMETER,0.7,0.828571429,0.76,0.828571429,0.4,0.763157895,140,0.3,0.179527559,1.814285714,0.236842105,0.111320755,1.59,0.171428571,0.214893617,3.525,0.5,0.219047619,1.575,0.6,-0.006060606,0.99,0.131897472,0.171428571,0.6,0.4,0.828571429,0.5,24,36,24,36,24,48,152,24,116,0.763157895,0.110477112,-0.110477112,0.13313405,0.008862338,0.008614307,0.639891218,0.204730386,0.342857437,0.51360972,0.756673244,0.798742138,-0.214893617,0.214893617,0.053863432,-0.167979003,0.177139568,0.4,0.828571429,-0.214893617,0.7,[0.721],60,-0.073490814,0.716330516,0.794520548,0.245255736,0.3,0.614285714,0.614285714,0.682150226,-30196.83933,-0.208833011,0.824441024,0.744271311,0.795865292,4.672954082,225.1,0,73982.24373,0,308259.3489,26.63018264
7fe73118-87a3-4a1f-8c27-8246a48e7834,AdaBoostClassifier,PREPROCESSING,FAIR_GAN,HYPERPARAMETER,0.73,0.857142857,0.77,0.857142857,0.433333333,0.779220779,140,0.27,0.069816273,1.354666667,0.220779221,0.022429907,1.126315789,0.142857143,0.136170213,3.133333333,0.434782609,0.1,1.333333333,0.566666667,-0.175757576,0.694736842,0.115774303,0.142857143,0.566666667,0.433333333,0.857142857,0.565217391,20,34,20,34,26,46,154,26,120,0.779220779,0.155963894,-0.155963894,0.126694903,0.008025799,0.007774662,0.640016315,0.204810442,0.342916424,0.481194978,0.709045195,0.791277259,-0.136170213,0.175757576,0.038785047,-0.175853018,0.152593727,0.433333333,0.857142857,-0.136170213,0.7,[0.721],60,-0.073490814,0.716330516,0.816326531,0.316308532,0.27,0.645238095,0.645238095,0.745871941,-27614.03018,0.039587363,0.829948831,0.770753596,0.809232016,,,,,,,
7fe73118-87a3-4a1f-8c27-8246a48e7834,AdaBoostClassifier,PREPROCESSING,FAIR_GAN,FAIR_PCA,0.725,0.835714286,0.745,0.835714286,0.466666667,0.785234899,140,0.275,0.077690289,1.411111111,0.214765101,0.030188679,1.177777778,0.164285714,0.136170213,3.133333333,0.450980392,0.114285714,1.4,0.533333333,-0.145454545,0.733333333,0.124985692,0.164285714,0.533333333,0.466666667,0.835714286,0.549019608,23,32,23,32,28,51,149,28,117,0.785234899,0.140812379,-0.140812379,0.136580159,0.00932707,0.009403811,0.639891218,0.204730386,0.342857437,0.499971383,0.396005837,0.798742138,-0.136170213,0.145454545,0.042048518,-0.167979003,0.168238711,0.466666667,0.835714286,-0.136170213,0.7,[0.725],60,-0.073490814,0.716330516,0.809688581,0.317918537,0.275,0.651190476,0.651190476,0.742886156,-27573.49713,0.009284333,0.837628473,0.765007609,0.811936557,,,,,,,
7fe73118-87a3-4a1f-8c27-8246a48e7834,GradientBoostingClassifier,PREPROCESSING,FAIR_GAN,FAIR_PCA,0.72,0.85,0.77,0.85,0.416666667,0.772727273,140,0.28,0.030446194,1.128888889,0.227272727,0.007692308,1.04,0.15,0.093617021,1.88,0.456521739,-0.034782609,0.92,0.583333333,-0.206060606,0.66,0.120141497,0.15,0.583333333,0.416666667,0.85,0.543478261,21,35,21,35,25,46,154,25,119,0.772727273,0.149838814,-0.149838814,0.087489333,0.003827192,0.003614966,0.639664537,0.20458536,0.34275103,0.490186693,-0.018844934,0.814102564,-0.093617021,0.206060606,-0.021237458,-0.152230971,0.159071738,0.416666667,0.85,-0.093617021,0.7,[0.725],60,-0.073490814,0.716330516,0.80952381,0.290381603,0.28,0.633333333,0.633333333,0.728231249,-31519.60591,0.112443585,0.853342993,0.762141968,0.820610458,7.855004787,117.2,0,18589.7416,0,77457.25668,6.691446341
7fe73118-87a3-4a1f-8c27-8246a48e7834,RandomForestClassifier,PREPROCESSING,FAIR_GAN,FAIR_PCA,0.73,0.892857143,0.82,0.892857143,0.35,0.762195122,140,0.27,-0.028346457,0.875862069,0.237804878,-0.0144435,0.926406926,0.107142857,0.014893617,1.175,0.416666667,-0.15,0.625,0.65,-0.236363636,0.628571429,0.101881378,0.107142857,0.65,0.35,0.892857143,0.583333333,15,39,15,39,21,36,164,21,125,0.762195122,0.125628627,-0.125628627,0.063008385,0.001985028,0.001858781,0.639211377,0.204295592,0.342540612,0.451400881,-0.153236464,0.870404984,-0.014893617,0.236363636,-0.06777825,-0.109186352,0.128035065,0.35,0.892857143,-0.014893617,0.7,[0.725],60,-0.073490814,0.716330516,0.822368421,0.289679225,0.27,0.621428571,0.621428571,0.699497789,-27507.0405,0.221470019,0.902882095,0.773436176,0.855173476,,,,,,,
7fe73118-87a3-4a1f-8c27-8246a48e7834,RidgeClassifierCV,PREPROCESSING,FAIR_GAN,FAIR_PCA,0.705,0.828571429,0.755,0.828571429,0.416666667,0.768211921,140,0.295,0.112860892,1.511904762,0.231788079,0.033542977,1.177777778,0.171428571,0.214893617,3.525,0.489795918,0.119047619,1.3125,0.583333333,-0.206060606,0.66,0.131162822,0.171428571,0.583333333,0.416666667,0.828571429,0.510204082,24,35,24,35,25,49,151,25,116,0.768211921,0.210477112,-0.210477112,0.136781483,0.009354587,0.009081704,0.6414261,0.205713721,0.343591677,0.512177356,0.756673244,0.718867925,-0.214893617,0.214893617,0.042752321,-0.234645669,0.176413274,0.416666667,0.828571429,-0.214893617,0.7,[0.725],60,-0.073490814,0.716330516,0.797250859,0.261300995,0.295,0.622619048,0.622619048,0.753666106,-30179.03664,-0.008833011,0.763655943,0.74829294,0.758465326,7.724979162,128.6,0,18678.34074,0,77826.41977,6.72333793
7fe73118-87a3-4a1f-8c27-8246a48e7834,NuSVC,PREPROCESSING,FAIR_GAN,FAIR_PCA,0.66,0.7,0.62,0.7,0.566666667,0.790322581,140,0.34,0.065616798,1.245098039,0.209677419,-0.023809524,0.857142857,0.3,0.19787234,1.978947368,0.552631579,-0.013513514,0.973684211,0.433333333,-0.254545455,0.44,0.197069943,0.3,0.433333333,0.566666667,0.7,0.447368421,42,26,42,26,34,76,124,34,98,0.790322581,0.226208897,-0.226208897,0.120121371,0.007214572,0.00730654,0.642363471,0.206315414,0.344049562,0.627805612,-0.040137849,0.658518519,-0.19787234,0.254545455,0.005148005,-0.241994751,0.27927103,0.566666667,0.7,-0.19787234,0.7,[0.725],60,-0.073490814,0.716330516,0.742424242,0.251762323,0.34,0.633333333,0.633333333,0.776598968,-33494.37437,0.056673114,0.743932063,0.698789974,0.728250317,,,,,,,
7fe73118-87a3-4a1f-8c27-8246a48e7834,LinearDiscriminantAnalysis,PREPROCESSING,FAIR_GAN,FAIR_PCA,0.685,0.8,0.735,0.8,0.416666667,0.761904762,140,0.315,0.23832021,2.043678161,0.238095238,0.095238095,1.5,0.2,0.404255319,5.222222222,0.528301887,0.215909091,1.527777778,0.583333333,-0.206060606,0.66,0.14645616,0.2,0.583333333,0.416666667,0.8,0.471698113,28,35,28,35,25,53,147,25,112,0.761904762,0.305157963,-0.305157963,0.155280393,0.012056,0.011834662,0.64671997,0.20912336,0.346251859,0.541213747,0.884739147,0.564444444,-0.404255319,0.404255319,0.060335498,-0.360104987,0.199996171,0.416666667,0.8,-0.404255319,0.7,[0.725],60,-0.073490814,0.716330516,0.780487805,0.224975457,0.315,0.608333333,0.608333333,0.793971094,-35601.4568,-0.198194713,0.619947683,0.72963302,0.652651955,7.702771664,139.6,0,18763.58696,0,78181.61233,6.754022621
7fe73118-87a3-4a1f-8c27-8246a48e7834,RidgeClassifierCV,PREPROCESSING,FAIR_GAN,HYPERPARAMETER_FAIR_PCA,0.705,0.828571429,0.755,0.828571429,0.416666667,0.768211921,140,0.295,0.112860892,1.511904762,0.231788079,0.033542977,1.177777778,0.171428571,0.214893617,3.525,0.489795918,0.119047619,1.3125,0.583333333,-0.206060606,0.66,0.131162822,0.171428571,0.583333333,0.416666667,0.828571429,0.510204082,24,35,24,35,25,49,151,25,116,0.768211921,0.210477112,-0.210477112,0.136781483,0.009354587,0.009081704,0.6414261,0.205713721,0.343591677,0.512177356,0.756673244,0.718867925,-0.214893617,0.214893617,0.042752321,-0.234645669,0.176413274,0.416666667,0.828571429,-0.214893617,0.7,[0.725],60,-0.073490814,0.716330516,0.797250859,0.261300995,0.295,0.622619048,0.622619048,0.753666106,-30179.03664,-0.008833011,0.763655943,0.74829294,0.758465326,4.70504117,150.5,0,18815.21245,0,78396.71853,6.772605406
7fe73118-87a3-4a1f-8c27-8246a48e7834,AdaBoostClassifier,PREPROCESSING,FAIR_GAN,HYPERPARAMETER_FAIR_PCA,0.73,0.857142857,0.77,0.857142857,0.433333333,0.779220779,140,0.27,0.069816273,1.354666667,0.220779221,0.022429907,1.126315789,0.142857143,0.136170213,3.133333333,0.434782609,0.1,1.333333333,0.566666667,-0.175757576,0.694736842,0.115774303,0.142857143,0.566666667,0.433333333,0.857142857,0.565217391,20,34,20,34,26,46,154,26,120,0.779220779,0.155963894,-0.155963894,0.126694903,0.008025799,0.007774662,0.640016315,0.204810442,0.342916424,0.481194978,0.709045195,0.791277259,-0.136170213,0.175757576,0.038785047,-0.175853018,0.152593727,0.433333333,0.857142857,-0.136170213,0.7,[0.725],60,-0.073490814,0.716330516,0.816326531,0.316308532,0.27,0.645238095,0.645238095,0.745871941,-27614.03018,0.039587363,0.829948831,0.770753596,0.809232016,,,,,,,
7fe73118-87a3-4a1f-8c27-8246a48e7834,AdaBoostClassifier,PREPROCESSING,DEMV,DEMV,0.68,0.771428571,0.7,0.771428571,0.466666667,0.771428571,140,0.32,0.198950131,1.743137255,0.228571429,0.182170543,2.205128205,0.228571429,0.176595745,1.79047619,0.533333333,0.154471545,1.301587302,0.533333333,0.206060606,1.523076923,0.16,0.228571429,0.533333333,0.466666667,0.771428571,0.466666667,32,32,32,32,28,60,140,28,108,0.771428571,0.191328175,0.014732431,0.148807314,0.011071808,0.009754954,0.639103084,0.204226376,0.342491037,0.565685425,1.715087449,0.886046512,-0.176595745,0.206060606,-0.013849499,-0.077165354,0.221807098,0.466666667,0.771428571,-0.176595745,0.7,[0.721],60,-0.073490814,0.716330516,0.771428571,0.238095238,0.32,0.619047619,0.619047619,0.609927543,-27549.97806,0.029464861,0.900566297,0.722834646,0.832346747,,,,,,,
7fe73118-87a3-4a1f-8c27-8246a48e7834,GradientBoostingClassifier,PREPROCESSING,DEMV,DEMV,0.71,0.8,0.71,0.8,0.5,0.788732394,140,0.29,0.214698163,1.852083333,0.211267606,0.19379845,2.388888889,0.2,0.187234043,1.88,0.482758621,0.178861789,1.366666667,0.5,0.236363636,1.65,0.142093912,0.2,0.5,0.5,0.8,0.517241379,28,30,28,30,30,58,142,30,112,0.788732394,0.211798839,0.024564797,0.137822885,0.009497574,0.008712346,0.639103084,0.204226376,0.342491037,0.533092698,0.61647516,0.886046512,-0.187234043,0.236363636,-0.00746833,-0.077165354,0.19593497,0.5,0.8,-0.187234043,0.7,[0.721],60,-0.073490814,0.716330516,0.794326241,0.302972164,0.29,0.65,0.65,0.634032882,-32200.41957,0.049129594,0.895299916,0.749799632,0.840906648,7.876295805,150.3,1,19337.19737,1.596385479,80811.11353,6.981182308
7fe73118-87a3-4a1f-8c27-8246a48e7834,RandomForestClassifier,PREPROCESSING,DEMV,DEMV,0.745,0.878571429,0.785,0.878571429,0.433333333,0.78343949,140,0.255,0.13648294,1.693333333,0.21656051,0.121212121,1.8,0.121428571,0.093617021,1.88,0.395348837,0.142857143,1.4,0.566666667,0.145454545,1.32,0.105236892,0.121428571,0.566666667,0.433333333,0.878571429,0.604651163,17,34,17,34,26,43,157,26,123,0.78343949,0.119535783,0.025918762,0.080917092,0.003273788,0.003077608,0.639172883,0.204270987,0.342522489,0.458774219,-0.262075244,0.940740741,-0.093617021,0.145454545,0.010822511,-0.046194226,0.135627424,0.433333333,0.878571429,-0.093617021,0.7,[0.721],60,-0.073490814,0.716330516,0.828282828,0.347918558,0.255,0.655952381,0.655952381,0.638950907,-28553.64901,0.051837524,0.943102972,0.784437097,0.88353306,,,,,,,
7fe73118-87a3-4a1f-8c27-8246a48e7834,RidgeClassifierCV,PREPROCESSING,DEMV,DEMV,0.71,0.828571429,0.75,0.828571429,0.433333333,0.773333333,140,0.29,0.155905512,1.638709677,0.226666667,0.131578947,1.78125,0.171428571,0.140425532,1.88,0.48,0.13125,1.28,0.566666667,0.115151515,1.2375,0.130385488,0.171428571,0.566666667,0.433333333,0.828571429,0.52,24,34,24,34,26,50,150,26,116,0.773333333,0.127788524,-0.012637008,0.105990732,0.005617018,0.005076877,0.639107846,0.20422942,0.342493203,0.510657395,0.449421075,0.89122807,-0.140425532,0.140425532,-0.000164474,-0.081364829,0.175657494,0.433333333,0.828571429,-0.140425532,0.7,[0.721],60,-0.073490814,0.716330516,0.8,0.277173947,0.29,0.630952381,0.630952381,0.638925731,-29676.72912,-0.025274017,0.911829765,0.752317881,0.851639507,7.823284864,161.8,1,19427.23348,1.596385479,81186.26397,7.013591137
7fe73118-87a3-4a1f-8c27-8246a48e7834,NuSVC,PREPROCESSING,DEMV,DEMV,0.705,0.85,0.785,0.85,0.366666667,0.757961783,140,0.295,0.155905512,1.638709677,0.242038217,0.158075601,1.901960784,0.15,0.05106383,1.342857143,0.488372093,0.2,1.428571429,0.633333333,0.284848485,1.552941176,0.122225998,0.15,0.633333333,0.366666667,0.85,0.511627907,21,38,21,38,22,43,157,22,119,0.757961783,0.167956157,0.116892328,0.116896723,0.006832422,0.006192432,0.640269657,0.204972617,0.343006758,0.494420868,1.181570414,1.04742268,-0.05106383,0.284848485,0.020962199,0.036220472,0.161181238,0.366666667,0.85,-0.05106383,0.7,[0.721],60,-0.073490814,0.716330516,0.801346801,0.241683884,0.295,0.608333333,0.608333333,0.537223834,-30566.69541,0.233784655,0.957285326,0.750092202,0.8765751,,,,,,,
7fe73118-87a3-4a1f-8c27-8246a48e7834,LinearDiscriminantAnalysis,PREPROCESSING,DEMV,DEMV,0.7,0.807142857,0.73,0.807142857,0.45,0.773972603,140,0.3,0.148031496,1.5875,0.226027397,0.129787234,1.7625,0.192857143,0.129787234,1.7625,0.5,0.115151515,1.2375,0.55,0.115151515,1.2375,0.140965218,0.192857143,0.55,0.45,0.807142857,0.5,27,33,27,33,27,54,146,27,113,0.773972603,0.122469375,-0.007317859,0.110467152,0.006101496,0.005442668,0.639101482,0.204225352,0.342490309,0.53097122,0.449421075,0.90070922,-0.129787234,0.129787234,-0.007317859,-0.073490814,0.192517479,0.45,0.807142857,-0.129787234,0.7,[0.721],60,-0.073490814,0.716330516,0.79020979,0.265424373,0.3,0.628571429,0.628571429,0.633171226,-34361.08709,-0.014635719,0.920371231,0.742374472,0.852256923,7.75502634,172.9,1,19513.14928,1.596385479,81544.24649,7.04451685
7fe73118-87a3-4a1f-8c27-8246a48e7834,RidgeClassifierCV,PREPROCESSING,DEMV,HYPERPARAMETER,0.71,0.828571429,0.75,0.828571429,0.433333333,0.773333333,140,0.29,0.155905512,1.638709677,0.226666667,0.131578947,1.78125,0.171428571,0.140425532,1.88,0.48,0.13125,1.28,0.566666667,0.115151515,1.2375,0.130385488,0.171428571,0.566666667,0.433333333,0.828571429,0.52,24,34,24,34,26,50,150,26,116,0.773333333,0.127788524,-0.012637008,0.105990732,0.005617018,0.005076877,0.639107846,0.20422942,0.342493203,0.510657395,0.449421075,0.89122807,-0.140425532,0.140425532,-0.000164474,-0.081364829,0.175657494,0.433333333,0.828571429,-0.140425532,0.7,[0.721],60,-0.073490814,0.716330516,0.8,0.277173947,0.29,0.630952381,0.630952381,0.638925731,-29676.72912,-0.025274017,0.911829765,0.752317881,0.851639507,4.684284687,151.1,0,19524.60299,0,81352.51247,7.027953161
7fe73118-87a3-4a1f-8c27-8246a48e7834,AdaBoostClassifier,PREPROCESSING,DEMV,HYPERPARAMETER,0.69,0.792857143,0.72,0.792857143,0.45,0.770833333,140,0.31,0.198950131,1.743137255,0.229166667,0.166666667,2,0.207142857,0.19787234,1.978947368,0.517857143,0.153153153,1.298245614,0.55,0.145454545,1.32,0.148788927,0.207142857,0.55,0.45,0.792857143,0.482142857,29,33,29,33,27,56,144,27,111,0.770833333,0.171663443,-0.026208897,0.121700626,0.007405521,0.006696959,0.639239809,0.204313767,0.342553695,0.54550697,0.61647516,0.846666667,-0.19787234,0.19787234,-0.006756757,-0.108661417,0.204450872,0.45,0.792857143,-0.19787234,0.7,[0.721],60,-0.073490814,0.716330516,0.781690141,0.247865033,0.31,0.621428571,0.621428571,0.637715529,-27608.8954,-0.052417795,0.874009531,0.732988803,0.821336822,,,,,,,
7fe73118-87a3-4a1f-8c27-8246a48e7834,AdaBoostClassifier,PREPROCESSING,DEMV,FAIR_PCA,0.68,0.764285714,0.69,0.764285714,0.483333333,0.775362319,140,0.32,0.191076115,1.693333333,0.224637681,0.180392157,2.179487179,0.235714286,0.165957447,1.709090909,0.532258065,0.142857143,1.272727273,0.516666667,0.206060606,1.523076923,0.163197633,0.235714286,0.516666667,0.483333333,0.764285714,0.467741935,33,31,33,31,29,62,138,29,107,0.775362319,0.186009026,0.02005158,0.134434191,0.009036276,0.008105449,0.639103607,0.20422671,0.342491272,0.571310131,0.61647516,0.896470588,-0.165957447,0.206060606,-0.018767507,-0.069291339,0.227096423,0.483333333,0.764285714,-0.165957447,0.7,[0.725],60,-0.073490814,0.716330516,0.769784173,0.245351266,0.32,0.623809524,0.623809524,0.611301157,-27550.28659,0.040103159,0.907157609,0.722111949,0.835767417,,,,,,,
7fe73118-87a3-4a1f-8c27-8246a48e7834,GradientBoostingClassifier,PREPROCESSING,DEMV,FAIR_PCA,0.705,0.814285714,0.735,0.814285714,0.45,0.775510204,140,0.295,0.148031496,1.5875,0.224489796,0.144444444,1.928571429,0.185714286,0.108510638,1.566666667,0.490566038,0.113513514,1.233333333,0.55,0.175757576,1.414285714,0.137121053,0.185714286,0.55,0.45,0.814285714,0.509433962,26,33,26,33,27,53,147,27,114,0.775510204,0.142134107,0.033623469,0.122323774,0.007481553,0.006864238,0.639210816,0.204295233,0.342539508,0.523681302,0.449421075,0.940740741,-0.108510638,0.175757576,-0.015465465,-0.041994751,0.186602022,0.45,0.814285714,-0.108510638,0.7,[0.725],60,-0.073490814,0.716330516,0.794425087,0.274420612,0.295,0.632142857,0.632142857,0.610888022,-31869.59052,0.067246937,0.938231646,0.747045906,0.864484665,7.871137857,117.6,0,20288.51753,0,84535.4897,7.302927027
7fe73118-87a3-4a1f-8c27-8246a48e7834,RandomForestClassifier,PREPROCESSING,DEMV,FAIR_PCA,0.745,0.885714286,0.795,0.885714286,0.416666667,0.779874214,140,0.255,0.144356955,1.763888889,0.220125786,0.122727273,1.818181818,0.114285714,0.104255319,2.088888889,0.390243902,0.166666667,1.5,0.583333333,0.145454545,1.32,0.102572924,0.114285714,0.583333333,0.416666667,0.885714286,0.609756098,16,35,16,35,25,41,159,25,124,0.779874214,0.124854932,0.020599613,0.093898911,0.004408503,0.0040666,0.639137149,0.204248148,0.342506416,0.45293029,0.24875038,0.931333333,-0.104255319,0.145454545,0.021969697,-0.054068241,0.13079953,0.416666667,0.885714286,-0.104255319,0.7,[0.725],60,-0.073490814,0.716330516,0.829431438,0.343244497,0.255,0.651190476,0.651190476,0.637776204,-30562.26485,0.041199226,0.937138931,0.784951833,0.880251005,,,,,,,
7fe73118-87a3-4a1f-8c27-8246a48e7834,RidgeClassifierCV,PREPROCESSING,DEMV,FAIR_PCA,0.72,0.828571429,0.74,0.828571429,0.466666667,0.783783784,140,0.28,0.163779528,1.693333333,0.216216216,0.140425532,1.88,0.171428571,0.140425532,1.88,0.461538462,0.145454545,1.32,0.533333333,0.145454545,1.32,0.128698225,0.171428571,0.533333333,0.466666667,0.828571429,0.538461538,24,32,24,32,28,52,148,28,116,0.783783784,0.142940039,0.002514507,0.108319765,0.005866586,0.005270167,0.639101482,0.204225352,0.342490309,0.507342537,0.449421075,0.90070922,-0.140425532,0.145454545,0.002514507,-0.073490814,0.174055342,0.466666667,0.828571429,-0.140425532,0.7,[0.725],60,-0.073490814,0.716330516,0.805555556,0.30844626,0.28,0.647619048,0.647619048,0.645990605,-29759.88094,0.005029014,0.918390971,0.760378733,0.858896022,7.870401144,129.2,0,20380.20468,0,84917.51951,7.335930157
7fe73118-87a3-4a1f-8c27-8246a48e7834,NuSVC,PREPROCESSING,DEMV,FAIR_PCA,0.695,0.828571429,0.765,0.828571429,0.383333333,0.758169935,140,0.305,0.081364829,1.322916667,0.241830065,0.095643939,1.540106952,0.171428571,0.040425532,1.253333333,0.510638298,0.016129032,1.033333333,0.616666667,0.084848485,1.164705882,0.132590535,0.171428571,0.616666667,0.383333333,0.828571429,0.489361702,24,37,24,37,23,47,153,23,116,0.758169935,0.062637008,0.022211476,0.119185845,0.007102633,0.006329378,0.639360283,0.204390786,0.342606261,0.514957349,1.347362669,0.970138889,-0.040425532,0.084848485,-0.039757454,-0.022572178,0.177836897,0.383333333,0.828571429,-0.040425532,0.7,[0.725],60,-0.073490814,0.716330516,0.791808874,0.229026489,0.305,0.605952381,0.605952381,0.592493284,-30007.6864,0.044422953,0.971175905,0.740252735,0.879701123,,,,,,,
7fe73118-87a3-4a1f-8c27-8246a48e7834,LinearDiscriminantAnalysis,PREPROCESSING,DEMV,FAIR_PCA,0.705,0.807142857,0.725,0.807142857,0.466666667,0.779310345,140,0.295,0.155905512,1.638709677,0.220689655,0.138709677,1.86,0.192857143,0.129787234,1.7625,0.490909091,0.129411765,1.275,0.533333333,0.145454545,1.32,0.140095181,0.192857143,0.533333333,0.466666667,0.807142857,0.509090909,27,32,27,32,28,55,145,28,113,0.779310345,0.13762089,0.007833656,0.112345706,0.006310779,0.005620803,0.639108028,0.204229536,0.342493273,0.529330108,0.449421075,0.910394265,-0.129787234,0.145454545,-0.004648956,-0.065616798,0.191704556,0.466666667,0.807142857,-0.129787234,0.7,[0.725],60,-0.073490814,0.716330516,0.792982456,0.281010694,0.295,0.636904762,0.636904762,0.631915469,-34435.83801,0.015667311,0.924708035,0.746407449,0.856507654,7.686617136,140.5,0,20467.59314,0,85281.6381,7.367385958
7fe73118-87a3-4a1f-8c27-8246a48e7834,RidgeClassifierCV,PREPROCESSING,DEMV,HYPERPARAMETER_FAIR_PCA,0.72,0.828571429,0.74,0.828571429,0.466666667,0.783783784,140,0.28,0.163779528,1.693333333,0.216216216,0.140425532,1.88,0.171428571,0.140425532,1.88,0.461538462,0.145454545,1.32,0.533333333,0.145454545,1.32,0.128698225,0.171428571,0.533333333,0.466666667,0.828571429,0.538461538,24,32,24,32,28,52,148,28,116,0.783783784,0.142940039,0.002514507,0.108319765,0.005866586,0.005270167,0.639101482,0.204225352,0.342490309,0.507342537,0.449421075,0.90070922,-0.140425532,0.145454545,0.002514507,-0.073490814,0.174055342,0.466666667,0.828571429,-0.140425532,0.7,[0.725],60,-0.073490814,0.716330516,0.805555556,0.30844626,0.28,0.647619048,0.647619048,0.645990605,-29759.88094,0.005029014,0.918390971,0.760378733,0.858896022,4.682940722,151.7,0,20520.56705,0,85502.3627,7.386454111
7fe73118-87a3-4a1f-8c27-8246a48e7834,AdaBoostClassifier,PREPROCESSING,DEMV,HYPERPARAMETER_FAIR_PCA,0.695,0.785714286,0.705,0.785714286,0.483333333,0.780141844,140,0.305,0.214698163,1.852083333,0.219858156,0.185606061,2.256410256,0.214285714,0.19787234,1.978947368,0.508474576,0.179487179,1.368421053,0.516666667,0.206060606,1.523076923,0.150973986,0.214285714,0.516666667,0.483333333,0.785714286,0.491525424,30,31,30,31,29,59,141,29,110,0.780141844,0.201966473,0.004094133,0.125925713,0.007928643,0.007113063,0.63914493,0.204253121,0.342510131,0.549497927,0.61647516,0.865909091,-0.19787234,0.206060606,-0.003059441,-0.092913386,0.208819051,0.483333333,0.785714286,-0.19787234,0.7,[0.725],60,-0.073490814,0.716330516,0.782918149,0.27035427,0.305,0.63452381,0.63452381,0.631925985,-27609.66592,0.008188266,0.887295402,0.736344045,0.830541427,,,,,,,
7fe73118-87a3-4a1f-8c27-8246a48e7834,AdaBoostClassifier,PREPROCESSING,FOS,FOS,0.68,0.764285714,0.69,0.764285714,0.483333333,0.775362319,140,0.32,0.281364829,2.116666667,0.224637681,0.227272727,2.538461538,0.235714286,0.29787234,2.473684211,0.532258065,0.227106227,1.466165414,0.516666667,0.206060606,1.523076923,0.163197633,0.235714286,0.516666667,0.483333333,0.764285714,0.467741935,33,31,33,31,29,62,138,29,107,0.775362319,0.251966473,-0.045905867,0.112376413,0.006314229,0.005769227,0.639967308,0.204779078,0.342893295,0.571310131,0.24875038,0.76969697,-0.29787234,0.29787234,-8.33E-05,-0.159580052,0.227096423,0.483333333,0.764285714,-0.29787234,0.7,[0.721],60,-0.073490814,0.716330516,0.769784173,0.245351266,0.32,0.623809524,0.623809524,0.652446041,-27557.3176,-0.091811734,0.806215769,0.722111949,0.776085734,,,,,,,
7fe73118-87a3-4a1f-8c27-8246a48e7834,GradientBoostingClassifier,PREPROCESSING,FOS,FOS,0.725,0.821428571,0.725,0.821428571,0.5,0.793103448,140,0.275,0.230446194,1.975555556,0.206896552,0.188888889,2.307692308,0.178571429,0.219148936,2.211764706,0.454545455,0.207207207,1.450980392,0.5,0.206060606,1.523076923,0.130577037,0.178571429,0.5,0.5,0.821428571,0.545454545,25,30,25,30,30,55,145,30,115,0.793103448,0.212604771,-0.006544165,0.123260045,0.007596519,0.006921043,0.639239809,0.204313767,0.342553695,0.511032362,0.61647516,0.846666667,-0.219148936,0.219148936,0.009159159,-0.108661417,0.178179733,0.5,0.821428571,-0.219148936,0.7,[0.721],60,-0.073490814,0.716330516,0.807017544,0.329882119,0.275,0.660714286,0.660714286,0.665038109,-31673.75919,-0.01308833,0.871411907,0.763813341,0.832328471,9.407064915,130.2,1,20630.96085,1.596385479,86201.79471,7.446877265
7fe73118-87a3-4a1f-8c27-8246a48e7834,RandomForestClassifier,PREPROCESSING,FOS,FOS,0.745,0.871428571,0.775,0.871428571,0.45,0.787096774,140,0.255,0.046194226,1.20952381,0.212903226,0.03,1.176470588,0.128571429,0.082978723,1.709090909,0.4,-0.007407407,0.981818182,0.55,-0.115151515,0.776470588,0.10789616,0.128571429,0.55,0.45,0.871428571,0.6,18,33,18,33,27,45,155,27,122,0.787096774,0.099065119,-0.099065119,0.06393579,0.002043893,0.001949409,0.639315345,0.204362055,0.342588549,0.46453452,-0.246326887,0.846666667,-0.082978723,0.115151515,-0.018703704,-0.120734908,0.140459403,0.45,0.871428571,-0.082978723,0.7,[0.721],60,-0.073490814,0.716330516,0.827118644,0.352737811,0.255,0.660714286,0.660714286,0.726168025,-30277.5055,0.032172792,0.885178776,0.783914614,0.848637156,,,,,,,
7fe73118-87a3-4a1f-8c27-8246a48e7834,RidgeClassifierCV,PREPROCESSING,FOS,FOS,0.7,0.807142857,0.73,0.807142857,0.45,0.773972603,140,0.3,0.289238845,2.184946237,0.226027397,0.206578947,2.2265625,0.192857143,0.340425532,3.133333333,0.5,0.245535714,1.523809524,0.55,0.115151515,1.2375,0.140965218,0.192857143,0.55,0.45,0.807142857,0.5,27,33,27,33,27,54,146,27,113,0.773972603,0.227788524,-0.112637008,0.099638958,0.004963961,0.00464032,0.641203322,0.20557085,0.343483829,0.53097122,0.24875038,0.712982456,-0.340425532,0.340425532,0.019478383,-0.214698163,0.192517479,0.45,0.807142857,-0.340425532,0.7,[0.721],60,-0.073490814,0.716330516,0.79020979,0.265424373,0.3,0.628571429,0.628571429,0.699371834,-29617.00189,-0.225274017,0.752018463,0.742374472,0.748776079,9.33046627,141.5,1,20719.32747,1.596385479,86569.98893,7.478685155
7fe73118-87a3-4a1f-8c27-8246a48e7834,NuSVC,PREPROCESSING,FOS,FOS,0.715,0.835714286,0.755,0.835714286,0.433333333,0.774834437,140,0.285,0.163779528,1.693333333,0.225165563,0.133333333,1.8,0.164285714,0.15106383,2.014285714,0.469387755,0.148387097,1.328571429,0.566666667,0.115151515,1.2375,0.12667056,0.164285714,0.566666667,0.433333333,0.835714286,0.530612245,23,34,23,34,26,49,151,26,117,0.774834437,0.133107672,-0.017956157,0.103741182,0.005381116,0.004865953,0.639126587,0.204241397,0.342501748,0.503330031,0.449421075,0.881944444,-0.15106383,0.15106383,0.007526882,-0.089238845,0.169843159,0.433333333,0.835714286,-0.15106383,0.7,[0.721],60,-0.073490814,0.716330516,0.804123711,0.286670024,0.285,0.63452381,0.63452381,0.645917419,-28913.31275,-0.035912315,0.903328022,0.756947508,0.848624911,,,,,,,
7fe73118-87a3-4a1f-8c27-8246a48e7834,LinearDiscriminantAnalysis,PREPROCESSING,FOS,FOS,0.705,0.792857143,0.705,0.792857143,0.5,0.787234043,140,0.295,0.304986877,2.335632184,0.212765957,0.224462366,2.491071429,0.207142857,0.340425532,3.133333333,0.491525424,0.273109244,1.619047619,0.5,0.175757576,1.414285714,0.146023613,0.207142857,0.5,0.5,0.792857143,0.508474576,29,30,29,30,30,59,141,30,111,0.787234043,0.258091554,-0.082333978,0.104710468,0.005482141,0.005024568,0.640809267,0.205318258,0.343294055,0.54041394,0.24875038,0.728315412,-0.340425532,0.340425532,0.024323439,-0.198950131,0.201922065,0.5,0.792857143,-0.340425532,0.7,[0.721],60,-0.073490814,0.716330516,0.790035587,0.294279427,0.295,0.646428571,0.646428571,0.699651607,-34181.00415,-0.164667956,0.765221695,0.745099439,0.758394593,9.221904278,152.6,1,20805.01139,1.596385479,86927.00528,7.509527401
7fe73118-87a3-4a1f-8c27-8246a48e7834,RidgeClassifierCV,PREPROCESSING,FOS,HYPERPARAMETER,0.7,0.807142857,0.73,0.807142857,0.45,0.773972603,140,0.3,0.289238845,2.184946237,0.226027397,0.206578947,2.2265625,0.192857143,0.340425532,3.133333333,0.5,0.245535714,1.523809524,0.55,0.115151515,1.2375,0.140965218,0.192857143,0.55,0.45,0.807142857,0.5,27,33,27,33,27,54,146,27,113,0.773972603,0.227788524,-0.112637008,0.099638958,0.004963961,0.00464032,0.641203322,0.20557085,0.343483829,0.53097122,0.24875038,0.712982456,-0.340425532,0.340425532,0.019478383,-0.214698163,0.192517479,0.45,0.807142857,-0.340425532,0.7,[0.721],60,-0.073490814,0.716330516,0.79020979,0.265424373,0.3,0.628571429,0.628571429,0.699371834,-29617.00189,-0.225274017,0.752018463,0.742374472,0.748776079,4.69961381,151.4,0,20839.00695,0,86829.19562,7.501077733
7fe73118-87a3-4a1f-8c27-8246a48e7834,AdaBoostClassifier,PREPROCESSING,FOS,HYPERPARAMETER,0.69,0.785714286,0.71,0.785714286,0.466666667,0.774647887,140,0.31,0.273490814,2.052525253,0.225352113,0.210164835,2.275,0.214285714,0.308510638,2.611111111,0.517241379,0.214285714,1.428571429,0.533333333,0.145454545,1.32,0.151896873,0.214285714,0.533333333,0.466666667,0.785714286,0.482758621,30,32,30,32,28,58,142,28,110,0.774647887,0.226982592,-0.081528046,0.09257034,0.004284634,0.004078091,0.640446232,0.205085688,0.343120415,0.551174878,-0.087721857,0.744322344,-0.308510638,0.308510638,0.00206044,-0.1832021,0.209660657,0.466666667,0.785714286,-0.308510638,0.7,[0.721],60,-0.073490814,0.716330516,0.780141844,0.254881344,0.31,0.626190476,0.626190476,0.677242562,-27612.23074,-0.163056093,0.783896306,0.732307395,0.765910913,,,,,,,
7fe73118-87a3-4a1f-8c27-8246a48e7834,AdaBoostClassifier,PREPROCESSING,FOS,FAIR_PCA,0.69,0.771428571,0.69,0.771428571,0.5,0.782608696,140,0.31,0.289238845,2.184946237,0.217391304,0.237068966,2.71875,0.228571429,0.29787234,2.473684211,0.516129032,0.239285714,1.503759398,0.5,0.236363636,1.65,0.158096113,0.228571429,0.5,0.5,0.771428571,0.483870968,32,30,32,30,30,62,138,30,108,0.782608696,0.267117988,-0.030754352,0.116149741,0.006745381,0.00620009,0.639827036,0.204689318,0.342827244,0.562309724,0.24875038,0.778544061,-0.29787234,0.29787234,0.001108374,-0.151706037,0.220094936,0.5,0.771428571,-0.29787234,0.7,[0.725],60,-0.073490814,0.716330516,0.776978417,0.268942734,0.31,0.635714286,0.635714286,0.655265267,-27558.11287,-0.061508704,0.813130749,0.730910696,0.78374303,,,,,,,
7fe73118-87a3-4a1f-8c27-8246a48e7834,GradientBoostingClassifier,PREPROCESSING,FOS,FAIR_PCA,0.7,0.814285714,0.74,0.814285714,0.433333333,0.77027027,140,0.3,0.214698163,1.852083333,0.22972973,0.163120567,1.958333333,0.185714286,0.229787234,2.35,0.5,0.181818182,1.375,0.566666667,0.115151515,1.2375,0.137943787,0.185714286,0.566666667,0.433333333,0.814285714,0.5,26,34,26,34,26,52,148,26,114,0.77027027,0.172469375,-0.057317859,0.112049093,0.0062775,0.005693958,0.639570573,0.204525259,0.34270712,0.525250011,0.61647516,0.810638298,-0.229787234,0.229787234,0.009348807,-0.14015748,0.187385096,0.433333333,0.814285714,-0.229787234,0.7,[0.725],60,-0.073490814,0.716330516,0.791666667,0.258696863,0.3,0.623809524,0.623809524,0.65956495,-31684.22473,-0.114635719,0.841087997,0.74301676,0.805642258,7.831936836,117.5,0,21522.4337,0,89676.80707,7.747079722
7fe73118-87a3-4a1f-8c27-8246a48e7834,RandomForestClassifier,PREPROCESSING,FOS,FAIR_PCA,0.75,0.878571429,0.78,0.878571429,0.45,0.788461538,140,0.25,0.203149606,2.032,0.211538462,0.128571429,1.75,0.121428571,0.225531915,4.028571429,0.386363636,0.281818182,1.885714286,0.55,0.054545455,1.1,0.104423868,0.121428571,0.55,0.45,0.878571429,0.613636364,17,33,17,33,27,44,156,27,123,0.788461538,0.140038685,-0.08549323,0.062995204,0.001984198,0.001903348,0.639773844,0.204655286,0.34280226,0.456998618,-0.045656191,0.806349206,-0.225531915,0.225531915,0.076623377,-0.160104987,0.134833931,0.45,0.878571429,-0.225531915,0.7,[0.725],60,-0.073490814,0.716330516,0.831081081,0.363480236,0.25,0.664285714,0.664285714,0.721077646,-32599.7703,-0.17098646,0.830655009,0.788461538,0.816097551,,,,,,,
7fe73118-87a3-4a1f-8c27-8246a48e7834,RidgeClassifierCV,PREPROCESSING,FOS,FAIR_PCA,0.72,0.821428571,0.73,0.821428571,0.483333333,0.787671233,140,0.28,0.23832021,2.043678161,0.212328767,0.175438596,2.111111111,0.178571429,0.25106383,2.685714286,0.462962963,0.229166667,1.523809524,0.516666667,0.145454545,1.32,0.131539259,0.178571429,0.516666667,0.483333333,0.821428571,0.537037037,25,31,25,31,29,54,146,29,115,0.787671233,0.198259188,-0.052804642,0.093118889,0.004335564,0.003968671,0.639679645,0.204595024,0.342758101,0.512911804,0.105649536,0.802105263,-0.25106383,0.25106383,0.026864035,-0.148031496,0.17905831,0.483333333,0.821428571,-0.25106383,0.7,[0.725],60,-0.073490814,0.716330516,0.804195804,0.314577035,0.28,0.652380952,0.652380952,0.686829695,-29629.72425,-0.105609284,0.831350707,0.759772435,0.806038376,7.780191422,128.5,0,21608.44559,0,90035.18995,7.778040021
7fe73118-87a3-4a1f-8c27-8246a48e7834,NuSVC,PREPROCESSING,FOS,FAIR_PCA,0.7,0.835714286,0.77,0.835714286,0.383333333,0.75974026,140,0.3,0.081364829,1.322916667,0.24025974,0.089053803,1.484848485,0.164285714,0.05106383,1.342857143,0.5,0.017241379,1.035714286,0.616666667,0.054545455,1.1,0.128875884,0.164285714,0.616666667,0.383333333,0.835714286,0.5,23,37,23,37,23,46,154,23,117,0.75974026,0.052804642,0.001740812,0.097615059,0.00476435,0.004318497,0.639221631,0.204302147,0.342544354,0.507692593,0.24875038,0.950340136,-0.05106383,0.054545455,-0.035906212,-0.03832021,0.17202776,0.383333333,0.835714286,-0.05106383,0.7,[0.725],60,-0.073490814,0.716330516,0.795918367,0.238527746,0.3,0.60952381,0.60952381,0.608462743,-29132.80796,0.003481625,0.964399785,0.744884038,0.878137984,,,,,,,
7fe73118-87a3-4a1f-8c27-8246a48e7834,LinearDiscriminantAnalysis,PREPROCESSING,FOS,FAIR_PCA,0.705,0.792857143,0.705,0.792857143,0.5,0.787234043,140,0.295,0.304986877,2.335632184,0.212765957,0.224462366,2.491071429,0.207142857,0.340425532,3.133333333,0.491525424,0.273109244,1.619047619,0.5,0.175757576,1.414285714,0.146023613,0.207142857,0.5,0.5,0.792857143,0.508474576,29,30,29,30,30,59,141,30,111,0.787234043,0.258091554,-0.082333978,0.104710468,0.005482141,0.005024568,0.640809267,0.205318258,0.343294055,0.54041394,0.24875038,0.728315412,-0.340425532,0.340425532,0.024323439,-0.198950131,0.201922065,0.5,0.792857143,-0.340425532,0.7,[0.725],60,-0.073490814,0.716330516,0.790035587,0.294279427,0.295,0.646428571,0.646428571,0.699651607,-34222.65979,-0.164667956,0.765221695,0.745099439,0.758394593,7.696439981,139.5,0,21693.45594,0,90389.39976,7.808639813
7fe73118-87a3-4a1f-8c27-8246a48e7834,RidgeClassifierCV,PREPROCESSING,FOS,HYPERPARAMETER_FAIR_PCA,0.72,0.821428571,0.73,0.821428571,0.483333333,0.787671233,140,0.28,0.23832021,2.043678161,0.212328767,0.175438596,2.111111111,0.178571429,0.25106383,2.685714286,0.462962963,0.229166667,1.523809524,0.516666667,0.145454545,1.32,0.131539259,0.178571429,0.516666667,0.483333333,0.821428571,0.537037037,25,31,25,31,29,54,146,29,115,0.787671233,0.198259188,-0.052804642,0.093118889,0.004335564,0.003968671,0.639679645,0.204595024,0.342758101,0.512911804,0.105649536,0.802105263,-0.25106383,0.25106383,0.026864035,-0.148031496,0.17905831,0.483333333,0.821428571,-0.25106383,0.7,[0.725],60,-0.073490814,0.716330516,0.804195804,0.314577035,0.28,0.652380952,0.652380952,0.686829695,-29629.72425,-0.105609284,0.831350707,0.759772435,0.806038376,4.684660673,150.4,0,21744.94085,0,90603.92019,7.827171994
7fe73118-87a3-4a1f-8c27-8246a48e7834,AdaBoostClassifier,PREPROCESSING,FOS,HYPERPARAMETER_FAIR_PCA,0.695,0.785714286,0.705,0.785714286,0.483333333,0.780141844,140,0.305,0.281364829,2.116666667,0.219858156,0.219444444,2.410714286,0.214285714,0.308510638,2.611111111,0.508474576,0.227799228,1.468253968,0.516666667,0.175757576,1.414285714,0.150973986,0.214285714,0.516666667,0.483333333,0.785714286,0.491525424,30,31,30,31,29,59,141,29,110,0.780141844,0.242134107,-0.066376531,0.094878117,0.004500929,0.004274597,0.640277389,0.204977568,0.343040077,0.549497927,-0.087721857,0.752592593,-0.308510638,0.308510638,0.004177392,-0.175328084,0.208819051,0.483333333,0.785714286,-0.308510638,0.7,[0.725],60,-0.073490814,0.716330516,0.782918149,0.27035427,0.305,0.63452381,0.63452381,0.676641299,-27613.46213,-0.132753063,0.7907337,0.736344045,0.771732498,,,,,,,
7fe73118-87a3-4a1f-8c27-8246a48e7834,AdaBoostClassifier,PREPROCESSING,FAIR_SMOTE,FAIR_SMOTE,0.505,0.4,0.355,0.4,0.75,0.788732394,140,0.495,0.088188976,1.172307692,0.211267606,0.358730159,5.185185185,0.6,-0.159574468,0.758064516,0.651162791,0.15942029,1.23655914,0.25,0.709090909,8.8,0.438173766,0.6,0.25,0.75,0.4,0.348837209,84,15,84,15,45,129,71,45,56,0.788732394,0.434332689,0.434332689,0.296895013,0.044073324,0.038715609,0.686751388,0.235813734,0.361792045,0.936134356,0.17840152,2.177142857,0.159574468,0.709090909,-0.099654934,0.324409449,0.581856039,0.75,0.4,0.159574468,0.7,[0.721],60,-0.073490814,0.716330516,0.530805687,0.143650411,0.495,0.575,0.575,0.325258704,-27923.32029,0.549516441,0.816793096,0.517581387,0.684827717,,,,,,,
7fe73118-87a3-4a1f-8c27-8246a48e7834,GradientBoostingClassifier,PREPROCESSING,FAIR_SMOTE,FAIR_SMOTE,0.475,0.321428571,0.275,0.321428571,0.833333333,0.818181818,140,0.525,-0.072965879,0.87965368,0.181818182,0.279761905,3.9375,0.678571429,-0.29787234,0.626666667,0.655172414,0.006738544,1.00952381,0.166666667,0.539393939,9.9,0.520793951,0.678571429,0.166666667,0.833333333,0.321428571,0.344827586,95,10,95,10,50,145,55,50,45,0.818181818,0.41863314,0.41863314,0.354810715,0.062945322,0.05914802,0.724527994,0.262470407,0.37659079,1.020582139,0.435124254,3.225396825,0.29787234,0.539393939,-0.13651168,0.367979003,0.673932574,0.833333333,0.321428571,0.29787234,0.7,[0.721],60,-0.073490814,0.716330516,0.461538462,0.158832131,0.525,0.577380952,0.577380952,0.335670151,-52501.08954,0.241521599,0.794187817,0.468172485,0.644570654,10.43916488,138.7,1,22389.05074,1.596385479,93527.16924,8.079708231
7fe73118-87a3-4a1f-8c27-8246a48e7834,RandomForestClassifier,PREPROCESSING,FAIR_SMOTE,FAIR_SMOTE,0.435,0.292857143,0.275,0.292857143,0.766666667,0.745454545,140,0.565,-0.202624672,0.697254902,0.254545455,0.179487179,2.166666667,0.707142857,-0.482978723,0.453012048,0.682758621,-0.061403509,0.915662651,0.233333333,0.539393939,9.9,0.581285444,0.707142857,0.233333333,0.766666667,0.292857143,0.317241379,99,14,99,14,46,145,55,46,41,0.745454545,0.511186331,0.511186331,0.492446731,0.121251891,0.114600911,0.807192803,0.325780111,0.409289439,1.078225806,1.011713139,5.861538462,0.482978723,0.539393939,-0.120445344,0.497637795,0.722151508,0.766666667,0.292857143,0.482978723,0.7,[0.721],60,-0.073490814,0.716330516,0.420512821,0.061089281,0.565,0.529761905,0.529761905,0.25895486,-37580.33069,0.056415216,0.651346458,0.427633748,0.554629923,,,,,,,
7fe73118-87a3-4a1f-8c27-8246a48e7834,RidgeClassifierCV,PREPROCESSING,FAIR_SMOTE,FAIR_SMOTE,0.435,0.3,0.285,0.3,0.75,0.736842105,140,0.565,-0.139632546,0.76969697,0.263157895,0.268398268,3.818181818,0.7,-0.49787234,0.376,0.685314685,0.04245283,1.06,0.25,0.739393939,13.2,0.57385492,0.7,0.25,0.75,0.3,0.314685315,98,15,98,15,45,143,57,45,42,0.736842105,0.61863314,0.61863314,0.398316636,0.079328071,0.071648143,0.796094974,0.316883604,0.404845727,1.071312205,0.737405126,4.434920635,0.49787234,0.739393939,-0.112972719,0.567979003,0.713873478,0.75,0.3,0.49787234,0.7,[0.721],60,-0.073490814,0.716330516,0.426395939,0.050757965,0.565,0.525,0.525,0.200217602,-42207.36138,0.241521599,0.55913886,0.430654999,0.508563072,10.16687942,149.8,1,22475.79372,1.596385479,93888.59834,8.11093169
7fe73118-87a3-4a1f-8c27-8246a48e7834,NuSVC,PREPROCESSING,FAIR_SMOTE,FAIR_SMOTE,0.49,0.357142857,0.31,0.357142857,0.8,0.806451613,140,0.51,-0.182677165,0.686486486,0.193548387,0.333333333,inf,0.642857143,-0.587234043,0.254054054,0.652173913,-0.024922118,0.963963964,0.2,0.8,inf,0.480919108,0.642857143,0.2,0.8,0.357142857,0.347826087,90,12,90,12,48,138,62,48,50,0.806451613,0.693617021,0.693617021,0.444360455,0.098728107,0.09032331,0.830165386,0.344587284,0.4185554,0.980733509,0.868414784,5.08,0.587234043,0.8,-0.179127726,0.642519685,0.630653144,0.8,0.357142857,0.587234043,0.7,[0.721],60,-0.073490814,0.716330516,0.495049505,0.155703688,0.51,0.578571429,0.578571429,0.177264438,-87488.43247,0.212765957,0.46078827,0.49251181,0.470898739,,,,,,,
7fe73118-87a3-4a1f-8c27-8246a48e7834,LinearDiscriminantAnalysis,PREPROCESSING,FAIR_SMOTE,FAIR_SMOTE,0.43,0.285714286,0.27,0.285714286,0.766666667,0.740740741,140,0.57,-0.147506562,0.75982906,0.259259259,0.308080808,6.545454545,0.714285714,-0.519148936,0.366233766,0.684931507,0.043577982,1.061688312,0.233333333,0.76969697,26.4,0.59264389,0.714285714,0.233333333,0.766666667,0.285714286,0.315068493,100,14,100,14,46,146,54,46,40,0.740740741,0.644422953,0.644422953,0.42693091,0.091135001,0.082334542,0.820270634,0.336421957,0.41455284,1.088709227,0.887687329,5.174074074,0.519148936,0.76969697,-0.132251413,0.59160105,0.732365594,0.766666667,0.285714286,0.519148936,0.7,[0.721],60,-0.073490814,0.716330516,0.412371134,0.054067928,0.57,0.526190476,0.526190476,0.187101256,-68755.23139,0.250548034,0.530938205,0.421001101,0.488423753,10.07691479,160.7,1,22560.16344,1.596385479,94240.13881,8.141300881
7fe73118-87a3-4a1f-8c27-8246a48e7834,RidgeClassifierCV,PREPROCESSING,FAIR_SMOTE,HYPERPARAMETER,0.435,0.3,0.285,0.3,0.75,0.736842105,140,0.565,-0.139632546,0.76969697,0.263157895,0.268398268,3.818181818,0.7,-0.49787234,0.376,0.685314685,0.04245283,1.06,0.25,0.739393939,13.2,0.57385492,0.7,0.25,0.75,0.3,0.314685315,98,15,98,15,45,143,57,45,42,0.736842105,0.61863314,0.61863314,0.398316636,0.079328071,0.071648143,0.796094974,0.316883604,0.404845727,1.071312205,0.737405126,4.434920635,0.49787234,0.739393939,-0.112972719,0.567979003,0.713873478,0.75,0.3,0.49787234,0.7,[0.721],60,-0.073490814,0.716330516,0.426395939,0.050757965,0.565,0.525,0.525,0.200217602,-42207.36138,0.241521599,0.55913886,0.430654999,0.508563072,4.735903978,150.5,0,22571.79039,0,94049.12664,8.124799552
7fe73118-87a3-4a1f-8c27-8246a48e7834,AdaBoostClassifier,PREPROCESSING,FAIR_SMOTE,HYPERPARAMETER,0.545,0.507142857,0.465,0.507142857,0.633333333,0.76344086,140,0.455,0.127559055,1.27,0.23655914,0.284444444,2.777777778,0.492857143,-0.053191489,0.903846154,0.644859813,0.158008658,1.233974359,0.366666667,0.557575758,3.3,0.341556666,0.492857143,0.366666667,0.633333333,0.507142857,0.355140187,69,22,69,22,38,107,93,38,71,0.76344086,0.305383623,0.305383623,0.231939234,0.026897904,0.024153281,0.656333729,0.215386982,0.349692389,0.826506704,0.168211518,1.524,0.053191489,0.557575758,-0.063217893,0.206299213,0.467215889,0.633333333,0.507142857,0.053191489,0.7,[0.721],60,-0.073490814,0.716330516,0.60944206,0.129065153,0.455,0.570238095,0.570238095,0.396096719,-27769.7147,0.504384268,0.906636406,0.575422421,0.760685789,,,,,,,
7fe73118-87a3-4a1f-8c27-8246a48e7834,AdaBoostClassifier,PREPROCESSING,FAIR_SMOTE,FAIR_PCA,0.46,0.335714286,0.31,0.335714286,0.75,0.758064516,140,0.54,0.12335958,1.22705314,0.241935484,0.403225806,5.166666667,0.664285714,-0.10212766,0.854545455,0.673913043,0.169642857,1.246753247,0.25,0.709090909,8.8,0.521230852,0.664285714,0.25,0.75,0.335714286,0.326086957,93,15,93,15,45,138,62,45,47,0.758064516,0.405609284,0.405609284,0.317030526,0.050254177,0.042335908,0.684099712,0.233996208,0.360748735,1.021010139,0.297946671,2.184946237,0.10212766,0.709090909,-0.116791475,0.289238845,0.66474235,0.75,0.335714286,0.10212766,0.7,[0.725],60,-0.073490814,0.716330516,0.465346535,0.084929285,0.54,0.542857143,0.542857143,0.322669246,-28034.80803,0.60696325,0.858229372,0.462657822,0.667883112,,,,,,,
7fe73118-87a3-4a1f-8c27-8246a48e7834,GradientBoostingClassifier,PREPROCESSING,FAIR_SMOTE,FAIR_PCA,0.435,0.257142857,0.225,0.257142857,0.85,0.8,140,0.565,-0.171128609,0.731687243,0.2,0.219047619,4.285714286,0.742857143,-0.35106383,0.5875,0.670967742,-0.089285714,0.875,0.15,0.36969697,13.2,0.615646259,0.742857143,0.15,0.85,0.257142857,0.329032258,104,9,104,9,51,155,45,51,36,0.8,0.3603804,0.3603804,0.378411895,0.071597781,0.067436261,0.735667961,0.270603675,0.380955234,1.109636209,0.637174022,3.951111111,0.35106383,0.36969697,-0.154166667,0.34855643,0.763182247,0.85,0.257142857,0.35106383,0.7,[0.725],60,-0.073490814,0.716330516,0.389189189,0.11757927,0.565,0.553571429,0.553571429,0.354075136,-55410.04778,0.01863314,0.817568131,0.410821446,0.614700335,8.052027941,117.6,0,23203.27094,0,96680.2956,8.352103314
7fe73118-87a3-4a1f-8c27-8246a48e7834,RandomForestClassifier,PREPROCESSING,FAIR_SMOTE,FAIR_PCA,0.45,0.285714286,0.25,0.285714286,0.833333333,0.8,140,0.55,-0.112335958,0.82601626,0.2,0.4,inf,0.714285714,-0.472340426,0.458536585,0.666666667,0.086956522,1.12195122,0.166666667,0.8,inf,0.574380165,0.714285714,0.166666667,0.833333333,0.285714286,0.333333333,100,10,100,10,50,150,50,50,40,0.8,0.636170213,0.636170213,0.473296409,0.112004745,0.105953958,0.84803308,0.359580052,0.425829357,1.071802375,1.188757639,7.055555556,0.472340426,0.8,-0.156521739,0.572178478,0.723863761,0.833333333,0.285714286,0.472340426,0.7,[0.725],60,-0.073490814,0.716330516,0.421052632,0.125988158,0.55,0.55952381,0.55952381,0.203571429,-49026.3509,0.327659574,0.56157258,0.435045317,0.511942024,,,,,,,
7fe73118-87a3-4a1f-8c27-8246a48e7834,RidgeClassifierCV,PREPROCESSING,FAIR_SMOTE,FAIR_PCA,0.415,0.228571429,0.205,0.228571429,0.85,0.780487805,140,0.585,-0.037795276,0.940740741,0.219512195,0.377777778,6.666666667,0.771428571,-0.35106383,0.5875,0.679245283,0.119047619,1.166666667,0.15,0.76969697,26.4,0.666552299,0.771428571,0.15,0.85,0.228571429,0.320754717,108,9,108,9,51,159,41,51,32,0.780487805,0.5603804,0.5603804,0.382960315,0.073329301,0.065156888,0.789775945,0.311873022,0.402324404,1.154601489,0.8735628,5.08,0.35106383,0.76969697,-0.129365079,0.481889764,0.80672803,0.85,0.228571429,0.35106383,0.7,[0.725],60,-0.073490814,0.716330516,0.35359116,0.089189515,0.585,0.539285714,0.539285714,0.23708057,-46252.75731,0.41863314,0.673103892,0.381842361,0.536654265,7.782265425,128.8,0,23290.78232,0,97044.92633,8.383603358
7fe73118-87a3-4a1f-8c27-8246a48e7834,NuSVC,PREPROCESSING,FAIR_SMOTE,FAIR_PCA,0.445,0.257142857,0.215,0.257142857,0.883333333,0.837209302,140,0.555,-0.171128609,0.731687243,0.162790698,0.333333333,inf,0.742857143,-0.461702128,0.464197531,0.662420382,-0.043859649,0.938271605,0.116666667,0.6,inf,0.602837214,0.742857143,0.116666667,0.883333333,0.257142857,0.337579618,104,7,104,7,53,157,43,53,36,0.837209302,0.530851064,0.530851064,0.41454293,0.08592292,0.079176259,0.807192803,0.325780111,0.409289439,1.09803207,1.011713139,5.861538462,0.461702128,0.6,-0.188596491,0.497637795,0.757802558,0.883333333,0.257142857,0.461702128,0.7,[0.725],60,-0.073490814,0.716330516,0.393442623,0.156696144,0.555,0.570238095,0.570238095,0.267526596,-96323.23056,0.138297872,0.650361447,0.417636133,0.548481979,,,,,,,
7fe73118-87a3-4a1f-8c27-8246a48e7834,LinearDiscriminantAnalysis,PREPROCESSING,FAIR_SMOTE,FAIR_PCA,0.41,0.221428571,0.2,0.221428571,0.85,0.775,140,0.59,-0.037795276,0.940740741,0.225,0.377777778,6.666666667,0.778571429,-0.35106383,0.5875,0.68125,0.119047619,1.166666667,0.15,0.76969697,26.4,0.68,0.778571429,0.15,0.85,0.221428571,0.31875,109,9,109,9,51,160,40,51,31,0.775,0.5603804,0.5603804,0.382296855,0.073075442,0.06422259,0.789775945,0.311873022,0.402324404,1.166190379,0.8735628,5.08,0.35106383,0.76969697,-0.129365079,0.481889764,0.817913673,0.85,0.221428571,0.35106383,0.7,[0.725],60,-0.073490814,0.716330516,0.344444444,0.081831709,0.59,0.535714286,0.535714286,0.2355105,-80691.15907,0.41863314,0.673103892,0.37437408,0.531685381,7.678179264,139.7,0,23374.98545,0,97395.7727,8.413912586
7fe73118-87a3-4a1f-8c27-8246a48e7834,RidgeClassifierCV,PREPROCESSING,FAIR_SMOTE,HYPERPARAMETER_FAIR_PCA,0.415,0.228571429,0.205,0.228571429,0.85,0.780487805,140,0.585,-0.037795276,0.940740741,0.219512195,0.377777778,6.666666667,0.771428571,-0.35106383,0.5875,0.679245283,0.119047619,1.166666667,0.15,0.76969697,26.4,0.666552299,0.771428571,0.15,0.85,0.228571429,0.320754717,108,9,108,9,51,159,41,51,32,0.780487805,0.5603804,0.5603804,0.382960315,0.073329301,0.065156888,0.789775945,0.311873022,0.402324404,1.154601489,0.8735628,5.08,0.35106383,0.76969697,-0.129365079,0.481889764,0.80672803,0.85,0.228571429,0.35106383,0.7,[0.725],60,-0.073490814,0.716330516,0.35359116,0.089189515,0.585,0.539285714,0.539285714,0.23708057,-46252.75731,0.41863314,0.673103892,0.381842361,0.536654265,4.740727425,151.2,0,23429.86322,0,97624.43007,8.433666043
7fe73118-87a3-4a1f-8c27-8246a48e7834,AdaBoostClassifier,PREPROCESSING,FAIR_SMOTE,HYPERPARAMETER_FAIR_PCA,0.49,0.378571429,0.34,0.378571429,0.75,0.779411765,140,0.51,0.12335958,1.22705314,0.220588235,0.378787879,4.125,0.621428571,-0.091489362,0.867692308,0.659090909,0.165653495,1.23956044,0.25,0.678787879,6.6,0.464355469,0.621428571,0.25,0.75,0.378571429,0.340909091,87,15,87,15,45,132,68,45,53,0.779411765,0.38513862,0.38513862,0.284753793,0.040542361,0.036574604,0.678388414,0.23010542,0.358496784,0.963696497,0.125163143,2.052525253,0.091489362,0.678787879,-0.106567192,0.273490814,0.608743473,0.75,0.378571429,0.091489362,0.7,[0.725],60,-0.073490814,0.716330516,0.509615385,0.124377748,0.51,0.564285714,0.564285714,0.346957493,-27856.8473,0.587298517,0.871320126,0.499615237,0.69817648,,,,,,,
7fe73118-87a3-4a1f-8c27-8246a48e7834,AdaBoostClassifier,PREPROCESSING,BAL_GAN_FAIR,BAL_GAN_FAIR,0.69,0.778571429,0.7,0.778571429,0.483333333,0.778571429,140,0.31,0.281364829,2.116666667,0.221428571,0.227272727,2.538461538,0.221428571,0.29787234,2.473684211,0.516666667,0.227106227,1.466165414,0.516666667,0.206060606,1.523076923,0.155,0.221428571,0.516666667,0.483333333,0.778571429,0.483333333,31,31,31,31,29,60,140,29,109,0.778571429,0.251966473,-0.045905867,0.115611595,0.00668302,0.006195799,0.639967308,0.204779078,0.342893295,0.556776436,0.24875038,0.76969697,-0.29787234,0.29787234,-8.33E-05,-0.159580052,0.214875626,0.483333333,0.778571429,-0.29787234,0.7,[0.721],60,-0.073490814,0.716330516,0.778571429,0.261904762,0.31,0.630952381,0.630952381,0.659916797,-27553.81995,-0.091811734,0.806215769,0.731614786,0.779713924,,,,,,,
7fe73118-87a3-4a1f-8c27-8246a48e7834,GradientBoostingClassifier,PREPROCESSING,BAL_GAN_FAIR,BAL_GAN_FAIR,0.69,0.778571429,0.7,0.778571429,0.483333333,0.778571429,140,0.31,0.198950131,1.743137255,0.221428571,0.174242424,2.095238095,0.221428571,0.187234043,1.88,0.516666667,0.153846154,1.3,0.516666667,0.175757576,1.414285714,0.155,0.221428571,0.516666667,0.483333333,0.778571429,0.483333333,31,31,31,31,29,60,140,29,109,0.778571429,0.181495809,-0.005738233,0.108676056,0.005905243,0.005397609,0.63914493,0.204253121,0.342510131,0.556776436,0.105649536,0.865909091,-0.187234043,0.187234043,-0.010198135,-0.092913386,0.214875626,0.483333333,0.778571429,-0.187234043,0.7,[0.721],60,-0.073490814,0.716330516,0.778571429,0.261904762,0.31,0.630952381,0.630952381,0.634572933,-31814.25664,-0.011476467,0.890189745,0.731614786,0.830208168,7.893854856,143.4,1,23729.05166,1.596385479,99110.50639,8.562046525
7fe73118-87a3-4a1f-8c27-8246a48e7834,RandomForestClassifier,PREPROCESSING,BAL_GAN_FAIR,BAL_GAN_FAIR,0.705,0.842857143,0.775,0.842857143,0.383333333,0.761290323,140,0.295,0.148031496,1.5875,0.238709677,0.103921569,1.53,0.157142857,0.172340426,2.35,0.488888889,0.12,1.25,0.616666667,-0.006060606,0.99,0.125202812,0.157142857,0.616666667,0.383333333,0.842857143,0.511111111,22,37,22,37,23,45,155,23,118,0.761290323,0.089200516,-0.089200516,0.077575562,0.003008984,0.00278744,0.639471567,0.204461942,0.342660995,0.50040546,-0.061404548,0.830065359,-0.172340426,0.172340426,0.008039216,-0.13648294,0.166250926,0.383333333,0.842857143,-0.172340426,0.7,[0.721],60,-0.073490814,0.716330516,0.8,0.248222904,0.295,0.613095238,0.613095238,0.66778365,-32661.03328,-0.166279819,0.856725171,0.749501661,0.817730406,,,,,,,
7fe73118-87a3-4a1f-8c27-8246a48e7834,RidgeClassifierCV,PREPROCESSING,BAL_GAN_FAIR,BAL_GAN_FAIR,0.695,0.814285714,0.745,0.814285714,0.416666667,0.765100671,140,0.305,0.281364829,2.116666667,0.234899329,0.191326531,2.041666667,0.185714286,0.35106383,3.357142857,0.509803922,0.231527094,1.479591837,0.583333333,0.054545455,1.1,0.138721641,0.185714286,0.583333333,0.416666667,0.814285714,0.490196078,26,35,26,35,25,51,149,25,114,0.765100671,0.202804642,-0.148259188,0.09568461,0.004577772,0.004324902,0.641845896,0.205983077,0.343795942,0.526728851,0.24875038,0.691156463,-0.35106383,0.35106383,0.020100281,-0.23832021,0.188137673,0.416666667,0.814285714,-0.35106383,0.7,[0.721],60,-0.073490814,0.716330516,0.788927336,0.24281967,0.305,0.61547619,0.61547619,0.70672619,-29202.60635,-0.296518375,0.730621932,0.738991034,0.73339049,7.813196898,154.6,1,23816.55956,1.596385479,99475.12264,8.593545317
7fe73118-87a3-4a1f-8c27-8246a48e7834,NuSVC,PREPROCESSING,BAL_GAN_FAIR,BAL_GAN_FAIR,0.705,0.835714286,0.765,0.835714286,0.4,0.764705882,140,0.295,0.148031496,1.5875,0.235294118,0.116326531,1.633333333,0.164285714,0.15106383,2.014285714,0.489361702,0.117241379,1.242857143,0.6,0.054545455,1.1,0.128182239,0.164285714,0.6,0.4,0.835714286,0.510638298,23,36,23,36,24,47,153,24,117,0.764705882,0.102804642,-0.048259188,0.099597263,0.004959807,0.004492303,0.639199163,0.204287785,0.342534998,0.506324479,0.449421075,0.863945578,-0.15106383,0.15106383,0.000457424,-0.104986877,0.171328473,0.4,0.835714286,-0.15106383,0.7,[0.721],60,-0.073490814,0.716330516,0.798634812,0.254759802,0.295,0.617857143,0.617857143,0.647674427,-29122.3332,-0.096518375,0.888211192,0.748901978,0.836352341,,,,,,,
7fe73118-87a3-4a1f-8c27-8246a48e7834,LinearDiscriminantAnalysis,PREPROCESSING,BAL_GAN_FAIR,BAL_GAN_FAIR,0.7,0.8,0.72,0.8,0.466666667,0.777777778,140,0.3,0.297112861,2.257777778,0.222222222,0.215425532,2.35,0.2,0.340425532,3.133333333,0.5,0.25974026,1.571428571,0.533333333,0.145454545,1.32,0.143983083,0.2,0.533333333,0.466666667,0.8,0.5,28,32,28,32,28,56,144,28,112,0.777777778,0.242940039,-0.097485493,0.101222008,0.005122947,0.00474797,0.641002616,0.205442177,0.343387008,0.536624792,0.24875038,0.720567376,-0.340425532,0.340425532,0.022157364,-0.206824147,0.197655312,0.466666667,0.8,-0.340425532,0.7,[0.721],60,-0.073490814,0.716330516,0.788732394,0.272165527,0.3,0.633333333,0.633333333,0.695074146,-34082.75296,-0.194970986,0.758625447,0.741721854,0.752905956,7.751088142,165.6,1,23902.06301,1.596385479,99831.38704,8.624322603
7fe73118-87a3-4a1f-8c27-8246a48e7834,RidgeClassifierCV,PREPROCESSING,BAL_GAN_FAIR,HYPERPARAMETER,0.695,0.814285714,0.745,0.814285714,0.416666667,0.765100671,140,0.305,0.281364829,2.116666667,0.234899329,0.191326531,2.041666667,0.185714286,0.35106383,3.357142857,0.509803922,0.231527094,1.479591837,0.583333333,0.054545455,1.1,0.138721641,0.185714286,0.583333333,0.416666667,0.814285714,0.490196078,26,35,26,35,25,51,149,25,114,0.765100671,0.202804642,-0.148259188,0.09568461,0.004577772,0.004324902,0.641845896,0.205983077,0.343795942,0.526728851,0.24875038,0.691156463,-0.35106383,0.35106383,0.020100281,-0.23832021,0.188137673,0.416666667,0.814285714,-0.35106383,0.7,[0.721],60,-0.073490814,0.716330516,0.788927336,0.24281967,0.305,0.61547619,0.61547619,0.70672619,-29202.60635,-0.296518375,0.730621932,0.738991034,0.73339049,4.719464302,151,0,23914.87306,0,99645.30443,8.608247133
7fe73118-87a3-4a1f-8c27-8246a48e7834,AdaBoostClassifier,PREPROCESSING,BAL_GAN_FAIR,HYPERPARAMETER,0.69,0.785714286,0.71,0.785714286,0.466666667,0.774647887,140,0.31,0.273490814,2.052525253,0.225352113,0.210164835,2.275,0.214285714,0.308510638,2.611111111,0.517241379,0.214285714,1.428571429,0.533333333,0.145454545,1.32,0.151896873,0.214285714,0.533333333,0.466666667,0.785714286,0.482758621,30,32,30,32,28,58,142,28,110,0.774647887,0.226982592,-0.081528046,0.09257034,0.004284634,0.004078091,0.640446232,0.205085688,0.343120415,0.551174878,-0.087721857,0.744322344,-0.308510638,0.308510638,0.00206044,-0.1832021,0.209660657,0.466666667,0.785714286,-0.308510638,0.7,[0.721],60,-0.073490814,0.716330516,0.780141844,0.254881344,0.31,0.626190476,0.626190476,0.677242562,-27610.76458,-0.163056093,0.783896306,0.732307395,0.765910913,,,,,,,
7fe73118-87a3-4a1f-8c27-8246a48e7834,AdaBoostClassifier,PREPROCESSING,BAL_GAN_FAIR,FAIR_PCA,0.685,0.778571429,0.705,0.778571429,0.466666667,0.773049645,140,0.315,0.273490814,2.052525253,0.226950355,0.210164835,2.275,0.221428571,0.308510638,2.611111111,0.525423729,0.214285714,1.428571429,0.533333333,0.145454545,1.32,0.155924358,0.221428571,0.533333333,0.466666667,0.778571429,0.474576271,31,32,31,32,28,59,141,28,109,0.773049645,0.226982592,-0.081528046,0.090437606,0.00408948,0.00386665,0.640446232,0.205085688,0.343120415,0.558434165,-0.087721857,0.744322344,-0.308510638,0.308510638,0.00206044,-0.1832021,0.215716038,0.466666667,0.778571429,-0.308510638,0.7,[0.725],60,-0.073490814,0.716330516,0.775800712,0.246429114,0.315,0.622619048,0.622619048,0.673379962,-27556.47144,-0.163056093,0.783896306,0.727578352,0.764179294,,,,,,,
7fe73118-87a3-4a1f-8c27-8246a48e7834,GradientBoostingClassifier,PREPROCESSING,BAL_GAN_FAIR,FAIR_PCA,0.685,0.792857143,0.725,0.792857143,0.433333333,0.765517241,140,0.315,0.198950131,1.743137255,0.234482759,0.15942029,1.916666667,0.207142857,0.208510638,2.088888889,0.527272727,0.152380952,1.296296296,0.566666667,0.115151515,1.2375,0.149613325,0.207142857,0.566666667,0.433333333,0.792857143,0.472727273,29,34,29,34,26,55,145,26,111,0.765517241,0.161831077,-0.046679562,0.116078752,0.006737138,0.006058774,0.639383103,0.204405376,0.342619917,0.547016134,0.61647516,0.82826087,-0.208510638,0.208510638,-0.003519669,-0.124409449,0.205229379,0.433333333,0.792857143,-0.208510638,0.7,[0.725],60,-0.073490814,0.716330516,0.778947368,0.232139269,0.315,0.613095238,0.613095238,0.641714255,-31642.08151,-0.093359123,0.858030028,0.728959195,0.810210893,7.862315178,117.3,0,24132.06845,0,100550.2852,8.686427418
7fe73118-87a3-4a1f-8c27-8246a48e7834,RandomForestClassifier,PREPROCESSING,BAL_GAN_FAIR,FAIR_PCA,0.735,0.871428571,0.785,0.871428571,0.416666667,0.777070064,140,0.265,0.187401575,1.881481481,0.222929936,0.119047619,1.657894737,0.128571429,0.214893617,3.525,0.418604651,0.236363636,1.65,0.583333333,0.024242424,1.042105263,0.109484168,0.128571429,0.583333333,0.416666667,0.871428571,0.581395349,18,35,18,35,25,43,157,25,122,0.777070064,0.119568021,-0.095325596,0.078559064,0.003085763,0.002898462,0.639773844,0.204655286,0.34280226,0.467940527,-0.045656191,0.806349206,-0.214893617,0.214893617,0.058658009,-0.160104987,0.142015878,0.416666667,0.871428571,-0.214893617,0.7,[0.725],60,-0.073490814,0.716330516,0.821548822,0.321359889,0.265,0.644047619,0.644047619,0.705441842,-32120.54925,-0.190651193,0.831624124,0.775868223,0.812169262,,,,,,,
7fe73118-87a3-4a1f-8c27-8246a48e7834,RidgeClassifierCV,PREPROCESSING,BAL_GAN_FAIR,FAIR_PCA,0.725,0.835714286,0.745,0.835714286,0.466666667,0.785234899,140,0.275,0.246194226,2.116666667,0.214765101,0.170068027,2.041666667,0.164285714,0.272340426,3.133333333,0.450980392,0.252873563,1.611111111,0.533333333,0.115151515,1.2375,0.124985692,0.164285714,0.533333333,0.466666667,0.835714286,0.549019608,23,32,23,32,28,51,149,28,117,0.785234899,0.19374597,-0.078594455,0.071203794,0.00253499,0.002398085,0.640062801,0.204840195,0.342938388,0.499971383,-0.149477061,0.77755102,-0.272340426,0.272340426,0.041402768,-0.171653543,0.168238711,0.466666667,0.835714286,-0.272340426,0.7,[0.725],60,-0.073490814,0.716330516,0.809688581,0.317918537,0.275,0.651190476,0.651190476,0.702370437,-29201.25807,-0.15718891,0.807610759,0.765007609,0.792892082,7.781258345,128.3,0,24218.00606,0,100908.3586,8.717360976
7fe73118-87a3-4a1f-8c27-8246a48e7834,NuSVC,PREPROCESSING,BAL_GAN_FAIR,FAIR_PCA,0.7,0.835714286,0.77,0.835714286,0.383333333,0.75974026,140,0.3,0.081364829,1.322916667,0.24025974,0.089053803,1.484848485,0.164285714,0.05106383,1.342857143,0.5,0.017241379,1.035714286,0.616666667,0.054545455,1.1,0.128875884,0.164285714,0.616666667,0.383333333,0.835714286,0.5,23,37,23,37,23,46,154,23,117,0.75974026,0.052804642,0.001740812,0.097615059,0.00476435,0.004318497,0.639221631,0.204302147,0.342544354,0.507692593,0.24875038,0.950340136,-0.05106383,0.054545455,-0.035906212,-0.03832021,0.17202776,0.383333333,0.835714286,-0.05106383,0.7,[0.725],60,-0.073490814,0.716330516,0.795918367,0.238527746,0.3,0.60952381,0.60952381,0.608462743,-28640.83612,0.003481625,0.964399785,0.744884038,0.878137984,,,,,,,
7fe73118-87a3-4a1f-8c27-8246a48e7834,LinearDiscriminantAnalysis,PREPROCESSING,BAL_GAN_FAIR,FAIR_PCA,0.7,0.8,0.72,0.8,0.466666667,0.777777778,140,0.3,0.297112861,2.257777778,0.222222222,0.215425532,2.35,0.2,0.340425532,3.133333333,0.5,0.25974026,1.571428571,0.533333333,0.145454545,1.32,0.143983083,0.2,0.533333333,0.466666667,0.8,0.5,28,32,28,32,28,56,144,28,112,0.777777778,0.242940039,-0.097485493,0.101222008,0.005122947,0.00474797,0.641002616,0.205442177,0.343387008,0.536624792,0.24875038,0.720567376,-0.340425532,0.340425532,0.022157364,-0.206824147,0.197655312,0.466666667,0.8,-0.340425532,0.7,[0.725],60,-0.073490814,0.716330516,0.788732394,0.272165527,0.3,0.633333333,0.633333333,0.695074146,-34119.27668,-0.194970986,0.758625447,0.741721854,0.752905956,7.739886045,139.7,0,24306.63156,0,101277.6315,8.749262055
7fe73118-87a3-4a1f-8c27-8246a48e7834,RidgeClassifierCV,PREPROCESSING,BAL_GAN_FAIR,HYPERPARAMETER_FAIR_PCA,0.725,0.835714286,0.745,0.835714286,0.466666667,0.785234899,140,0.275,0.246194226,2.116666667,0.214765101,0.170068027,2.041666667,0.164285714,0.272340426,3.133333333,0.450980392,0.252873563,1.611111111,0.533333333,0.115151515,1.2375,0.124985692,0.164285714,0.533333333,0.466666667,0.835714286,0.549019608,23,32,23,32,28,51,149,28,117,0.785234899,0.19374597,-0.078594455,0.071203794,0.00253499,0.002398085,0.640062801,0.204840195,0.342938388,0.499971383,-0.149477061,0.77755102,-0.272340426,0.272340426,0.041402768,-0.171653543,0.168238711,0.466666667,0.835714286,-0.272340426,0.7,[0.725],60,-0.073490814,0.716330516,0.809688581,0.317918537,0.275,0.651190476,0.651190476,0.702370437,-29201.25807,-0.15718891,0.807610759,0.765007609,0.792892082,4.676954508,150.8,0,24358.89264,0,101495.386,8.768073623
7fe73118-87a3-4a1f-8c27-8246a48e7834,AdaBoostClassifier,PREPROCESSING,BAL_GAN_FAIR,HYPERPARAMETER_FAIR_PCA,0.69,0.778571429,0.7,0.778571429,0.483333333,0.778571429,140,0.31,0.281364829,2.116666667,0.221428571,0.219444444,2.410714286,0.221428571,0.308510638,2.611111111,0.516666667,0.227799228,1.468253968,0.516666667,0.175757576,1.414285714,0.155,0.221428571,0.516666667,0.483333333,0.778571429,0.483333333,31,31,31,31,29,60,140,29,109,0.778571429,0.242134107,-0.066376531,0.092528618,0.004280773,0.004038206,0.640277389,0.204977568,0.343040077,0.556776436,-0.087721857,0.752592593,-0.308510638,0.308510638,0.004177392,-0.175328084,0.214875626,0.483333333,0.778571429,-0.308510638,0.7,[0.725],60,-0.073490814,0.716330516,0.778571429,0.261904762,0.31,0.630952381,0.630952381,0.672832811,-27611.92466,-0.132753063,0.7907337,0.731614786,0.769993647,,,,,,,
7fe73118-87a3-4a1f-8c27-8246a48e7834,AdaBoostClassifier,PREPROCESSING,UNAWARENESS,UNAWARENESS,0.69,0.778571429,0.7,0.778571429,0.483333333,0.778571429,140,0.31,0.281364829,2.116666667,0.221428571,0.227272727,2.538461538,0.221428571,0.29787234,2.473684211,0.516666667,0.227106227,1.466165414,0.516666667,0.206060606,1.523076923,0.155,0.221428571,0.516666667,0.483333333,0.778571429,0.483333333,31,31,31,31,29,60,140,29,109,0.778571429,0.251966473,-0.045905867,0.115611595,0.00668302,0.006195799,0.639967308,0.204779078,0.342893295,0.556776436,0.24875038,0.76969697,-0.29787234,0.29787234,-8.33E-05,-0.159580052,0.214875626,0.483333333,0.778571429,-0.29787234,0.7,[0.721],60,-0.073490814,0.716330516,0.778571429,0.261904762,0.31,0.630952381,0.630952381,0.659916797,-27553.81995,-0.091811734,0.806215769,0.731614786,0.779713924,,,,,,,
7fe73118-87a3-4a1f-8c27-8246a48e7834,GradientBoostingClassifier,PREPROCESSING,UNAWARENESS,UNAWARENESS,0.715,0.814285714,0.725,0.814285714,0.483333333,0.786206897,140,0.285,0.222572178,1.911827957,0.213793103,0.179487179,2.166666667,0.185714286,0.219148936,2.211764706,0.472727273,0.194444444,1.411764706,0.516666667,0.175757576,1.414285714,0.135336109,0.185714286,0.516666667,0.483333333,0.814285714,0.527272727,26,31,26,31,29,55,145,29,114,0.786206897,0.197453256,-0.02169568,0.10442136,0.00545191,0.005064222,0.639305678,0.204355875,0.342584081,0.520261683,0.105649536,0.837362637,-0.219148936,0.219148936,0.007478632,-0.116535433,0.184942144,0.483333333,0.814285714,-0.219148936,0.7,[0.721],60,-0.073490814,0.716330516,0.8,0.305446406,0.285,0.648809524,0.648809524,0.662885888,-31409.0049,-0.04339136,0.864124277,0.755115512,0.824451562,,,,,,,
7fe73118-87a3-4a1f-8c27-8246a48e7834,RandomForestClassifier,PREPROCESSING,UNAWARENESS,UNAWARENESS,0.73,0.857142857,0.77,0.857142857,0.433333333,0.779220779,140,0.27,0.120734908,1.567901235,0.220779221,0.111111111,1.6875,0.142857143,0.082978723,1.709090909,0.434782609,0.107142857,1.272727273,0.566666667,0.115151515,1.2375,0.115774303,0.142857143,0.566666667,0.433333333,0.857142857,0.565217391,20,34,20,34,26,46,154,26,120,0.779220779,0.099065119,0.016086396,0.096710611,0.004676471,0.004228631,0.639172883,0.204270987,0.342522489,0.481194978,0.291309994,0.940740741,-0.082978723,0.115151515,-0.001984127,-0.046194226,0.152593727,0.433333333,0.857142857,-0.082978723,0.7,[0.721],60,-0.073490814,0.716330516,0.816326531,0.316308532,0.27,0.645238095,0.645238095,0.63485854,-34480.88991,0.032172792,0.948258232,0.770753596,0.880653376,,,,,,,
7fe73118-87a3-4a1f-8c27-8246a48e7834,CalibratedClassifierCV,PREPROCESSING,UNAWARENESS,UNAWARENESS,0.7,0.814285714,0.74,0.814285714,0.433333333,0.77027027,140,0.3,0.222572178,1.911827957,0.22972973,0.158075601,1.901960784,0.185714286,0.25106383,2.685714286,0.5,0.2,1.428571429,0.566666667,0.084848485,1.164705882,0.137943787,0.185714286,0.566666667,0.433333333,0.814285714,0.5,26,34,26,34,26,52,148,26,114,0.77027027,0.167956157,-0.083107672,0.090272843,0.004074593,0.003749912,0.639926187,0.204752762,0.342873908,0.525250011,0.105649536,0.78556701,-0.25106383,0.25106383,0.020962199,-0.163779528,0.187385096,0.433333333,0.814285714,-0.25106383,0.7,[0.721],60,-0.073490814,0.716330516,0.791666667,0.258696863,0.3,0.623809524,0.623809524,0.675652881,-29244.14034,-0.166215345,0.817212017,0.74301676,0.790886879,,,,,,,
7fe73118-87a3-4a1f-8c27-8246a48e7834,NuSVC,PREPROCESSING,UNAWARENESS,UNAWARENESS,0.72,0.835714286,0.75,0.835714286,0.45,0.78,140,0.28,0.155905512,1.638709677,0.22,0.124742268,1.711764706,0.164285714,0.15106383,2.014285714,0.46,0.133333333,1.285714286,0.55,0.084848485,1.164705882,0.12585034,0.164285714,0.55,0.45,0.835714286,0.54,23,33,23,33,27,50,150,27,117,0.78,0.117956157,-0.033107672,0.084725299,0.003589188,0.003288697,0.63915719,0.204260957,0.342515744,0.501697798,-0.061404548,0.872852234,-0.15106383,0.15106383,0.004295533,-0.097112861,0.169056093,0.45,0.835714286,-0.15106383,0.7,[0.721],60,-0.073490814,0.716330516,0.806896552,0.302371578,0.28,0.642857143,0.642857143,0.664140647,-29645.41055,-0.066215345,0.895773683,0.76097561,0.845830628,,,,,,,
7fe73118-87a3-4a1f-8c27-8246a48e7834,LinearDiscriminantAnalysis,PREPROCESSING,UNAWARENESS,UNAWARENESS,0.695,0.792857143,0.715,0.792857143,0.466666667,0.776223776,140,0.305,0.297112861,2.257777778,0.223776224,0.215425532,2.35,0.207142857,0.340425532,3.133333333,0.50877193,0.25974026,1.571428571,0.533333333,0.145454545,1.32,0.147916717,0.207142857,0.533333333,0.466666667,0.792857143,0.49122807,29,32,29,32,28,57,143,28,111,0.776223776,0.242940039,-0.097485493,0.102025011,0.005204551,0.004802482,0.641002616,0.205442177,0.343387008,0.543905722,0.24875038,0.720567376,-0.340425532,0.340425532,0.022157364,-0.206824147,0.203640548,0.466666667,0.792857143,-0.340425532,0.7,[0.721],60,-0.073490814,0.716330516,0.784452297,0.263458008,0.305,0.629761905,0.629761905,0.691154555,-34140.36328,-0.194970986,0.758625447,0.737021866,0.751284894,,,,,,,
7fe73118-87a3-4a1f-8c27-8246a48e7834,CalibratedClassifierCV,PREPROCESSING,UNAWARENESS,HYPERPARAMETER,0.7,0.814285714,0.74,0.814285714,0.433333333,0.77027027,140,0.3,0.222572178,1.911827957,0.22972973,0.158075601,1.901960784,0.185714286,0.25106383,2.685714286,0.5,0.2,1.428571429,0.566666667,0.084848485,1.164705882,0.137943787,0.185714286,0.566666667,0.433333333,0.814285714,0.5,26,34,26,34,26,52,148,26,114,0.77027027,0.167956157,-0.083107672,0.090272843,0.004074593,0.003749912,0.639926187,0.204752762,0.342873908,0.525250011,0.105649536,0.78556701,-0.25106383,0.25106383,0.020962199,-0.163779528,0.187385096,0.433333333,0.814285714,-0.25106383,0.7,[0.721],60,-0.073490814,0.716330516,0.791666667,0.258696863,0.3,0.623809524,0.623809524,0.675652881,-29244.14034,-0.166215345,0.817212017,0.74301676,0.790886879,6.146347523,117.7,0,25094.51812,0,104560.4921,9.032864738
7fe73118-87a3-4a1f-8c27-8246a48e7834,AdaBoostClassifier,PREPROCESSING,UNAWARENESS,HYPERPARAMETER,0.69,0.785714286,0.71,0.785714286,0.466666667,0.774647887,140,0.31,0.273490814,2.052525253,0.225352113,0.210164835,2.275,0.214285714,0.308510638,2.611111111,0.517241379,0.214285714,1.428571429,0.533333333,0.145454545,1.32,0.151896873,0.214285714,0.533333333,0.466666667,0.785714286,0.482758621,30,32,30,32,28,58,142,28,110,0.774647887,0.226982592,-0.081528046,0.09257034,0.004284634,0.004078091,0.640446232,0.205085688,0.343120415,0.551174878,-0.087721857,0.744322344,-0.308510638,0.308510638,0.00206044,-0.1832021,0.209660657,0.466666667,0.785714286,-0.308510638,0.7,[0.721],60,-0.073490814,0.716330516,0.780141844,0.254881344,0.31,0.626190476,0.626190476,0.677242562,-27610.76458,-0.163056093,0.783896306,0.732307395,0.765910913,15.97152019,117.2,0,25197.62412,0,104990.1005,9.069978126
7fe73118-87a3-4a1f-8c27-8246a48e7834,AdaBoostClassifier,PREPROCESSING,UNAWARENESS,FAIR_PCA,0.685,0.778571429,0.705,0.778571429,0.466666667,0.773049645,140,0.315,0.273490814,2.052525253,0.226950355,0.210164835,2.275,0.221428571,0.308510638,2.611111111,0.525423729,0.214285714,1.428571429,0.533333333,0.145454545,1.32,0.155924358,0.221428571,0.533333333,0.466666667,0.778571429,0.474576271,31,32,31,32,28,59,141,28,109,0.773049645,0.226982592,-0.081528046,0.090437606,0.00408948,0.00386665,0.640446232,0.205085688,0.343120415,0.558434165,-0.087721857,0.744322344,-0.308510638,0.308510638,0.00206044,-0.1832021,0.215716038,0.466666667,0.778571429,-0.308510638,0.7,[0.725],60,-0.073490814,0.716330516,0.775800712,0.246429114,0.315,0.622619048,0.622619048,0.673379962,-27556.47144,-0.163056093,0.783896306,0.727578352,0.764179294,,,,,,,
7fe73118-87a3-4a1f-8c27-8246a48e7834,GradientBoostingClassifier,PREPROCESSING,UNAWARENESS,FAIR_PCA,0.685,0.792857143,0.725,0.792857143,0.433333333,0.765517241,140,0.315,0.206824147,1.795959596,0.234482759,0.168498168,2.022222222,0.207142857,0.208510638,2.088888889,0.527272727,0.166666667,1.333333333,0.566666667,0.145454545,1.32,0.149613325,0.207142857,0.566666667,0.433333333,0.792857143,0.472727273,29,34,29,34,26,55,145,26,111,0.765517241,0.176982592,-0.031528046,0.119123581,0.007095214,0.006419422,0.639305678,0.204355875,0.342584081,0.547016134,0.61647516,0.837362637,-0.208510638,0.208510638,-0.000915751,-0.116535433,0.205229379,0.433333333,0.792857143,-0.208510638,0.7,[0.725],60,-0.073490814,0.716330516,0.778947368,0.232139269,0.315,0.613095238,0.613095238,0.632424933,-31270.35408,-0.063056093,0.865402197,0.728959195,0.814579218,,,,,,,
7fe73118-87a3-4a1f-8c27-8246a48e7834,RandomForestClassifier,PREPROCESSING,UNAWARENESS,FAIR_PCA,0.72,0.864285714,0.79,0.864285714,0.383333333,0.765822785,140,0.28,0.112860892,1.511904762,0.234177215,0.096256684,1.545454545,0.135714286,0.093617021,1.88,0.452380952,0.1,1.25,0.616666667,0.054545455,1.1,0.114426395,0.135714286,0.616666667,0.383333333,0.864285714,0.547619048,19,37,19,37,23,42,158,23,121,0.765822785,0.074081238,-0.019535783,0.071924387,0.002586559,0.002399325,0.639102725,0.204226147,0.342490872,0.478385608,-0.262075244,0.913071895,-0.093617021,0.093617021,0.001871658,-0.069816273,0.149110796,0.383333333,0.864285714,-0.093617021,0.7,[0.725],60,-0.073490814,0.716330516,0.812080537,0.278593195,0.28,0.623809524,0.623809524,0.635996132,-32618.43993,-0.039071567,0.931646958,0.763273173,0.867833863,,,,,,,
7fe73118-87a3-4a1f-8c27-8246a48e7834,CalibratedClassifierCV,PREPROCESSING,UNAWARENESS,FAIR_PCA,0.71,0.814285714,0.73,0.814285714,0.466666667,0.780821918,140,0.29,0.246194226,2.116666667,0.219178082,0.177083333,2.133333333,0.185714286,0.261702128,2.892307692,0.481481481,0.247311828,1.58974359,0.533333333,0.145454545,1.32,0.136252239,0.185714286,0.533333333,0.466666667,0.814285714,0.518518519,26,32,26,32,28,54,146,28,114,0.780821918,0.203578337,-0.058123791,0.093154307,0.004338862,0.003972115,0.639798329,0.204670951,0.342813756,0.522019614,0.105649536,0.79375,-0.261702128,0.261702128,0.035114247,-0.155905512,0.185787895,0.466666667,0.814285714,-0.261702128,0.7,[0.725],60,-0.073490814,0.716330516,0.797202797,0.290000704,0.29,0.64047619,0.64047619,0.677703095,-29239.76965,-0.116247582,0.822923096,0.751078736,0.797494995,,,,,,,
7fe73118-87a3-4a1f-8c27-8246a48e7834,NuSVC,PREPROCESSING,UNAWARENESS,FAIR_PCA,0.72,0.85,0.77,0.85,0.416666667,0.772727273,140,0.28,0.097112861,1.411111111,0.227272727,0.099257885,1.572192513,0.15,0.061702128,1.446153846,0.456521739,0.051724138,1.115384615,0.583333333,0.084848485,1.164705882,0.120141497,0.15,0.583333333,0.416666667,0.85,0.543478261,21,35,21,35,25,46,154,25,119,0.772727273,0.073275306,0.011573179,0.080701446,0.003256362,0.003020292,0.639221631,0.204302147,0.342544354,0.490186693,-0.262075244,0.950340136,-0.061702128,0.084848485,-0.023766874,-0.03832021,0.159071738,0.416666667,0.85,-0.061702128,0.7,[0.725],60,-0.073490814,0.716330516,0.80952381,0.290381603,0.28,0.633333333,0.633333333,0.626003654,-29185.87127,0.023146357,0.959331465,0.762141968,0.883164242,,,,,,,
7fe73118-87a3-4a1f-8c27-8246a48e7834,LinearDiscriminantAnalysis,PREPROCESSING,UNAWARENESS,FAIR_PCA,0.695,0.792857143,0.715,0.792857143,0.466666667,0.776223776,140,0.305,0.297112861,2.257777778,0.223776224,0.215425532,2.35,0.207142857,0.340425532,3.133333333,0.50877193,0.25974026,1.571428571,0.533333333,0.145454545,1.32,0.147916717,0.207142857,0.533333333,0.466666667,0.792857143,0.49122807,29,32,29,32,28,57,143,28,111,0.776223776,0.242940039,-0.097485493,0.102025011,0.005204551,0.004802482,0.641002616,0.205442177,0.343387008,0.543905722,0.24875038,0.720567376,-0.340425532,0.340425532,0.022157364,-0.206824147,0.203640548,0.466666667,0.792857143,-0.340425532,0.7,[0.725],60,-0.073490814,0.716330516,0.784452297,0.263458008,0.305,0.629761905,0.629761905,0.691154555,-34172.41145,-0.194970986,0.758625447,0.737021866,0.751284894,,,,,,,
7fe73118-87a3-4a1f-8c27-8246a48e7834,CalibratedClassifierCV,PREPROCESSING,UNAWARENESS,HYPERPARAMETER_FAIR_PCA,0.71,0.814285714,0.73,0.814285714,0.466666667,0.780821918,140,0.29,0.246194226,2.116666667,0.219178082,0.177083333,2.133333333,0.185714286,0.261702128,2.892307692,0.481481481,0.247311828,1.58974359,0.533333333,0.145454545,1.32,0.136252239,0.185714286,0.533333333,0.466666667,0.814285714,0.518518519,26,32,26,32,28,54,146,28,114,0.780821918,0.203578337,-0.058123791,0.093154307,0.004338862,0.003972115,0.639798329,0.204670951,0.342813756,0.522019614,0.105649536,0.79375,-0.261702128,0.261702128,0.035114247,-0.155905512,0.185787895,0.466666667,0.814285714,-0.261702128,0.7,[0.725],60,-0.073490814,0.716330516,0.797202797,0.290000704,0.29,0.64047619,0.64047619,0.677703095,-29239.76965,-0.116247582,0.822923096,0.751078736,0.797494995,6.172374964,117.8,0,26005.93844,0,108358.0768,9.360933859
7fe73118-87a3-4a1f-8c27-8246a48e7834,AdaBoostClassifier,PREPROCESSING,UNAWARENESS,HYPERPARAMETER_FAIR_PCA,0.69,0.778571429,0.7,0.778571429,0.483333333,0.778571429,140,0.31,0.281364829,2.116666667,0.221428571,0.219444444,2.410714286,0.221428571,0.308510638,2.611111111,0.516666667,0.227799228,1.468253968,0.516666667,0.175757576,1.414285714,0.155,0.221428571,0.516666667,0.483333333,0.778571429,0.483333333,31,31,31,31,29,60,140,29,109,0.778571429,0.242134107,-0.066376531,0.092528618,0.004280773,0.004038206,0.640277389,0.204977568,0.343040077,0.556776436,-0.087721857,0.752592593,-0.308510638,0.308510638,0.004177392,-0.175328084,0.214875626,0.483333333,0.778571429,-0.308510638,0.7,[0.725],60,-0.073490814,0.716330516,0.778571429,0.261904762,0.31,0.630952381,0.630952381,0.672832811,-27611.92466,-0.132753063,0.7907337,0.731614786,0.769993647,16.00673127,117.4,0,26111.74922,0,108798.9551,9.399020843
7fe73118-87a3-4a1f-8c27-8246a48e7834,AdaBoostClassifier,PREPROCESSING,UNAWARENESS,UNAWARENESS_SMOTE,0.67,0.721428571,0.64,0.721428571,0.55,0.7890625,140,0.33,0.198950131,1.743137255,0.2109375,0.142857143,2,0.278571429,0.265957447,2.136363636,0.541666667,0.113372093,1.221590909,0.45,0.036363636,1.1,0.184698959,0.278571429,0.45,0.55,0.721428571,0.458333333,39,27,39,27,33,72,128,33,101,0.7890625,0.151160542,-0.114796905,0.108962628,0.005936427,0.005436711,0.640953574,0.205410742,0.343363401,0.607781143,0.037441286,0.705555556,-0.265957447,0.265957447,-0.014742525,-0.194750656,0.26097087,0.55,0.721428571,-0.265957447,0.7,[0.721],60,-0.073490814,0.716330516,0.753731343,0.259133745,0.33,0.635714286,0.635714286,0.708692318,-27606.39144,-0.22959381,0.776521515,0.709403501,0.752780839,,,,,,,
7fe73118-87a3-4a1f-8c27-8246a48e7834,GradientBoostingClassifier,PREPROCESSING,UNAWARENESS,UNAWARENESS_SMOTE,0.675,0.728571429,0.645,0.728571429,0.55,0.790697674,140,0.325,0.222572178,1.911827957,0.209302326,0.212851406,2.766666667,0.271428571,0.176595745,1.79047619,0.535211268,0.189393939,1.396825397,0.45,0.296969697,1.98,0.180272109,0.271428571,0.45,0.55,0.728571429,0.464788732,38,27,38,27,33,71,129,33,102,0.790697674,0.236782721,0.060186976,0.122793622,0.007539137,0.006653716,0.639150903,0.204256938,0.342512608,0.600453343,0.148209151,0.918072289,-0.176595745,0.296969697,-0.011728733,-0.053543307,0.254612403,0.55,0.728571429,-0.176595745,0.7,[0.721],60,-0.073490814,0.716330516,0.758364312,0.266779335,0.325,0.639285714,0.639285714,0.60080904,-33134.0709,0.120373952,0.904093135,0.714257926,0.830515133,,,,,,,
7fe73118-87a3-4a1f-8c27-8246a48e7834,RandomForestClassifier,PREPROCESSING,UNAWARENESS,UNAWARENESS_SMOTE,0.71,0.792857143,0.7,0.792857143,0.516666667,0.792857143,140,0.29,0.230446194,1.975555556,0.207142857,0.173758865,2.088888889,0.207142857,0.240425532,2.506666667,0.483333333,0.212121212,1.466666667,0.483333333,0.145454545,1.32,0.145,0.207142857,0.483333333,0.516666667,0.792857143,0.516666667,29,29,29,29,31,60,140,31,111,0.792857143,0.192940039,-0.047485493,0.044529833,0.000991453,0.000959034,0.639570573,0.204525259,0.34270712,0.538516481,-0.276632236,0.810638298,-0.240425532,0.240425532,0.019181173,-0.14015748,0.201012682,0.516666667,0.792857143,-0.240425532,0.7,[0.721],60,-0.073490814,0.716330516,0.792857143,0.30952381,0.29,0.654761905,0.654761905,0.685853597,-29743.75067,-0.094970986,0.839810573,0.749144487,0.807244664,,,,,,,
7fe73118-87a3-4a1f-8c27-8246a48e7834,CalibratedClassifierCV,PREPROCESSING,UNAWARENESS,UNAWARENESS_SMOTE,0.7,0.785714286,0.7,0.785714286,0.5,0.785714286,140,0.3,0.312860892,2.419047619,0.214285714,0.233695652,2.653846154,0.214285714,0.340425532,3.133333333,0.5,0.285714286,1.666666667,0.5,0.206060606,1.523076923,0.15,0.214285714,0.5,0.5,0.785714286,0.5,30,30,30,30,30,60,140,30,110,0.785714286,0.273243069,-0.067182463,0.1059118,0.005608655,0.00512159,0.640623668,0.205199342,0.343205133,0.547722558,0.24875038,0.736231884,-0.340425532,0.340425532,0.026009317,-0.191076115,0.207944154,0.5,0.785714286,-0.340425532,0.7,[0.721],60,-0.073490814,0.716330516,0.785714286,0.285714286,0.3,0.642857143,0.642857143,0.686045869,-33133.0738,-0.134364926,0.771809204,0.740384615,0.761042082,,,,,,,
7fe73118-87a3-4a1f-8c27-8246a48e7834,NuSVC,PREPROCESSING,UNAWARENESS,UNAWARENESS_SMOTE,0.72,0.814285714,0.72,0.814285714,0.5,0.791666667,140,0.28,0.179527559,1.814285714,0.208333333,0.15106383,2.014285714,0.185714286,0.15106383,2.014285714,0.464285714,0.175757576,1.414285714,0.5,0.175757576,1.414285714,0.134371396,0.185714286,0.5,0.5,0.814285714,0.535714286,26,30,26,30,30,56,144,30,114,0.791666667,0.163410703,0.012346873,0.074366775,0.002765209,0.002552705,0.639101482,0.204225352,0.342490309,0.518404081,-0.397876785,0.90070922,-0.15106383,0.175757576,0.012346873,-0.073490814,0.184064191,0.5,0.814285714,-0.15106383,0.7,[0.721],60,-0.073490814,0.716330516,0.802816901,0.320766514,0.28,0.657142857,0.657142857,0.649029198,-36282.52064,0.024693746,0.913241505,0.759156493,0.855370366,,,,,,,
7fe73118-87a3-4a1f-8c27-8246a48e7834,LinearDiscriminantAnalysis,PREPROCESSING,UNAWARENESS,UNAWARENESS_SMOTE,0.7,0.807142857,0.73,0.807142857,0.45,0.773972603,140,0.3,0.230446194,1.975555556,0.226027397,0.166666667,2,0.192857143,0.25106383,2.685714286,0.5,0.215053763,1.476190476,0.55,0.115151515,1.2375,0.140965218,0.192857143,0.55,0.45,0.807142857,0.5,27,33,27,33,27,54,146,27,113,0.773972603,0.183107672,-0.067956157,0.093154307,0.004338862,0.003972115,0.639798329,0.204670951,0.342813756,0.53097122,0.105649536,0.79375,-0.25106383,0.25106383,0.024193548,-0.155905512,0.192517479,0.45,0.807142857,-0.25106383,0.7,[0.721],60,-0.073490814,0.716330516,0.79020979,0.265424373,0.3,0.628571429,0.628571429,0.671286727,-39278.71262,-0.135912315,0.824286414,0.742374472,0.795045242,,,,,,,
7fe73118-87a3-4a1f-8c27-8246a48e7834,CalibratedClassifierCV,PREPROCESSING,UNAWARENESS,HYPERPARAMETER_SMOTE,0.7,0.785714286,0.7,0.785714286,0.5,0.785714286,140,0.3,0.312860892,2.419047619,0.214285714,0.233695652,2.653846154,0.214285714,0.340425532,3.133333333,0.5,0.285714286,1.666666667,0.5,0.206060606,1.523076923,0.15,0.214285714,0.5,0.5,0.785714286,0.5,30,30,30,30,30,60,140,30,110,0.785714286,0.273243069,-0.067182463,0.1059118,0.005608655,0.00512159,0.640623668,0.205199342,0.343205133,0.547722558,0.24875038,0.736231884,-0.340425532,0.340425532,0.026009317,-0.191076115,0.207944154,0.5,0.785714286,-0.340425532,0.7,[0.721],60,-0.073490814,0.716330516,0.785714286,0.285714286,0.3,0.642857143,0.642857143,0.686045869,-33133.0738,-0.134364926,0.771809204,0.740384615,0.761042082,6.182220936,117.5,0,26934.45152,0,112226.8813,9.695155583
7fe73118-87a3-4a1f-8c27-8246a48e7834,AdaBoostClassifier,PREPROCESSING,UNAWARENESS,HYPERPARAMETER_SMOTE,0.655,0.707142857,0.635,0.707142857,0.533333333,0.779527559,140,0.345,0.257742782,1.935238095,0.220472441,0.230421687,2.59375,0.292857143,0.255319149,2.043478261,0.561643836,0.191558442,1.366459627,0.466666667,0.236363636,1.65,0.194901198,0.292857143,0.466666667,0.533333333,0.707142857,0.438356164,41,28,41,28,32,73,127,32,99,0.779527559,0.245841393,-0.009477756,0.105897135,0.005607102,0.005038854,0.639376749,0.204401313,0.342616971,0.62434157,-0.087721857,0.816064257,-0.255319149,0.255319149,-0.019431623,-0.120209974,0.274782237,0.533333333,0.707142857,-0.255319149,0.7,[0.721],60,-0.073490814,0.716330516,0.741573034,0.228901393,0.345,0.620238095,0.620238095,0.626116561,-27652.0527,-0.018955513,0.848454537,0.695603202,0.790549608,16.06970072,117.3,0,27040.98235,0,112670.7598,9.73350175
7fe73118-87a3-4a1f-8c27-8246a48e7834,AdaBoostClassifier,PREPROCESSING,UNAWARENESS,FAIR_PCA_SMOTE,0.68,0.735714286,0.65,0.735714286,0.55,0.792307692,140,0.32,0.198950131,1.743137255,0.207692308,0.134551495,1.89010989,0.264285714,0.276595745,2.238095238,0.528571429,0.112804878,1.220238095,0.45,0.006060606,1.015384615,0.175900277,0.264285714,0.45,0.55,0.735714286,0.471428571,37,27,37,27,33,70,130,33,103,0.792307692,0.141328175,-0.135267569,0.106172552,0.005636305,0.005201173,0.641393443,0.205692774,0.343575843,0.593127772,0.037441286,0.689147287,-0.276595745,0.276595745,-0.010873308,-0.210498688,0.248293019,0.55,0.735714286,-0.276595745,0.7,[0.725],60,-0.073490814,0.716330516,0.762962963,0.274505407,0.32,0.642857143,0.642857143,0.729814866,-27605.04011,-0.270535139,0.760966819,0.719096509,0.746478597,,,,,,,
7fe73118-87a3-4a1f-8c27-8246a48e7834,GradientBoostingClassifier,PREPROCESSING,UNAWARENESS,FAIR_PCA_SMOTE,0.685,0.721428571,0.625,0.721428571,0.6,0.808,140,0.315,0.289238845,2.184946237,0.192,0.212851406,2.766666667,0.278571429,0.376595745,2.685714286,0.52,0.189393939,1.396825397,0.4,0.096969697,1.32,0.180788897,0.278571429,0.4,0.6,0.721428571,0.48,39,24,39,24,36,75,125,36,101,0.808,0.236782721,-0.139813024,0.140396081,0.00985553,0.008909313,0.643306822,0.206921834,0.344516547,0.601313391,0.485139158,0.612048193,-0.376595745,0.376595745,-0.011728733,-0.253543307,0.257805134,0.6,0.721428571,-0.376595745,0.7,[0.725],60,-0.073490814,0.716330516,0.762264151,0.304255532,0.315,0.660714286,0.660714286,0.753090748,-33507.21645,-0.279626048,0.696845388,0.72156965,0.704896375,,,,,,,
7fe73118-87a3-4a1f-8c27-8246a48e7834,RandomForestClassifier,PREPROCESSING,UNAWARENESS,FAIR_PCA_SMOTE,0.71,0.785714286,0.69,0.785714286,0.533333333,0.797101449,140,0.29,0.022572178,1.092473118,0.202898551,0.038709677,1.24,0.214285714,0.029787234,1.175,0.483870968,-0.070588235,0.85,0.466666667,-0.054545455,0.88,0.147893072,0.214285714,0.466666667,0.533333333,0.785714286,0.516129032,30,28,30,28,32,62,138,32,110,0.797101449,0.042166344,-0.042166344,0.07268999,0.002641917,0.002522406,0.639108028,0.204229536,0.342493273,0.543862248,-0.263486507,0.910394265,-0.029787234,0.054545455,-0.054648956,-0.065616798,0.206091963,0.533333333,0.785714286,-0.029787234,0.7,[0.725],60,-0.073490814,0.716330516,0.791366906,0.31612567,0.29,0.65952381,0.65952381,0.687333518,-33578.11615,0.024758221,0.942646047,0.748478605,0.867621073,,,,,,,
7fe73118-87a3-4a1f-8c27-8246a48e7834,CalibratedClassifierCV,PREPROCESSING,UNAWARENESS,FAIR_PCA_SMOTE,0.71,0.792857143,0.7,0.792857143,0.516666667,0.792857143,140,0.29,0.320734908,2.508641975,0.207142857,0.243131868,2.84375,0.207142857,0.340425532,3.133333333,0.483333333,0.297619048,1.714285714,0.483333333,0.236363636,1.65,0.145,0.207142857,0.483333333,0.516666667,0.792857143,0.516666667,29,29,29,29,31,60,140,31,111,0.792857143,0.288394584,-0.052030948,0.106315797,0.005651524,0.005165038,0.640446232,0.205085688,0.343120415,0.538516481,0.24875038,0.744322344,-0.340425532,0.340425532,0.02724359,-0.1832021,0.201012682,0.516666667,0.792857143,-0.340425532,0.7,[0.725],60,-0.073490814,0.716330516,0.792857143,0.30952381,0.29,0.654761905,0.654761905,0.688829787,-33425.43006,-0.104061896,0.778389906,0.749144487,0.768390982,,,,,,,
7fe73118-87a3-4a1f-8c27-8246a48e7834,NuSVC,PREPROCESSING,UNAWARENESS,FAIR_PCA_SMOTE,0.72,0.807142857,0.71,0.807142857,0.516666667,0.795774648,140,0.28,0.179527559,1.814285714,0.204225352,0.158695652,2.123076923,0.192857143,0.140425532,1.88,0.465517241,0.171428571,1.4,0.483333333,0.206060606,1.523076923,0.137192432,0.192857143,0.483333333,0.516666667,0.807142857,0.534482759,27,29,27,29,31,58,142,31,113,0.795774648,0.173243069,0.032817537,0.078031653,0.003044469,0.002803724,0.639128042,0.204242327,0.342502311,0.523817587,-0.397876785,0.920289855,-0.140425532,0.206060606,0.00636646,-0.057742782,0.189072127,0.516666667,0.807142857,-0.140425532,0.7,[0.725],60,-0.073490814,0.716330516,0.80141844,0.327017574,0.28,0.661904762,0.661904762,0.640182678,-36054.22535,0.065635074,0.920557516,0.758530673,0.859368694,,,,,,,
7fe73118-87a3-4a1f-8c27-8246a48e7834,LinearDiscriminantAnalysis,PREPROCESSING,UNAWARENESS,FAIR_PCA_SMOTE,0.71,0.8,0.71,0.8,0.5,0.788732394,140,0.29,0.246194226,2.116666667,0.211267606,0.192028986,2.358974359,0.2,0.240425532,2.506666667,0.482758621,0.238095238,1.555555556,0.5,0.206060606,1.523076923,0.142093912,0.2,0.5,0.5,0.8,0.517241379,28,30,28,30,30,58,142,30,112,0.788732394,0.223243069,-0.017182463,0.099040581,0.004904518,0.004443404,0.639383103,0.204405376,0.342619917,0.533092698,0.105649536,0.82826087,-0.240425532,0.240425532,0.023033126,-0.124409449,0.19593497,0.5,0.8,-0.240425532,0.7,[0.725],60,-0.073490814,0.716330516,0.794326241,0.302972164,0.29,0.65,0.65,0.661168601,-39531.54479,-0.034364926,0.854072184,0.749799632,0.816235006,,,,,,,
7fe73118-87a3-4a1f-8c27-8246a48e7834,CalibratedClassifierCV,PREPROCESSING,UNAWARENESS,HYPERPARAMETER_FAIR_PCA_SMOTE,0.71,0.792857143,0.7,0.792857143,0.516666667,0.792857143,140,0.29,0.320734908,2.508641975,0.207142857,0.243131868,2.84375,0.207142857,0.340425532,3.133333333,0.483333333,0.297619048,1.714285714,0.483333333,0.236363636,1.65,0.145,0.207142857,0.483333333,0.516666667,0.792857143,0.516666667,29,29,29,29,31,60,140,31,111,0.792857143,0.288394584,-0.052030948,0.106315797,0.005651524,0.005165038,0.640446232,0.205085688,0.343120415,0.538516481,0.24875038,0.744322344,-0.340425532,0.340425532,0.02724359,-0.1832021,0.201012682,0.516666667,0.792857143,-0.340425532,0.7,[0.725],60,-0.073490814,0.716330516,0.792857143,0.30952381,0.29,0.654761905,0.654761905,0.688829787,-33425.43006,-0.104061896,0.778389906,0.749144487,0.768390982,6.171919346,117.3,0,27520.17037,0,114667.3765,9.905987251
7fe73118-87a3-4a1f-8c27-8246a48e7834,AdaBoostClassifier,PREPROCESSING,UNAWARENESS,HYPERPARAMETER_FAIR_PCA_SMOTE,0.655,0.707142857,0.635,0.707142857,0.533333333,0.779527559,140,0.345,0.249868766,1.881481481,0.220472441,0.220238095,2.423076923,0.292857143,0.255319149,2.043478261,0.561643836,0.179401993,1.335403727,0.466666667,0.206060606,1.523076923,0.194901198,0.292857143,0.466666667,0.533333333,0.707142857,0.438356164,41,28,41,28,32,73,127,32,99,0.779527559,0.230689877,-0.024629271,0.10682862,0.005706177,0.005140924,0.639471567,0.204461942,0.342660995,0.62434157,-0.087721857,0.806349206,-0.255319149,0.255319149,-0.020418051,-0.12808399,0.274782237,0.533333333,0.707142857,-0.255319149,0.7,[0.725],60,-0.073490814,0.716330516,0.741573034,0.228901393,0.345,0.620238095,0.620238095,0.635514108,-27652.18759,-0.049258543,0.841190531,0.695603202,0.786331702,16.11307216,117.1,0,27627.2852,0,115113.6883,9.944543632
7fe73118-87a3-4a1f-8c27-8246a48e7834,AdaBoostClassifier,PREPROCESSING,UNAWARENESS,UNAWARENESS_ROS,0.655,0.65,0.555,0.65,0.666666667,0.81981982,140,0.345,0.167454068,1.559649123,0.18018018,0.197478992,3.238095238,0.35,0.159574468,1.46875,0.550561798,0.082627119,1.15234375,0.333333333,0.218181818,2.2,0.221589549,0.35,0.333333333,0.666666667,0.65,0.449438202,49,20,49,20,40,89,111,40,91,0.81981982,0.188878143,0.029303675,0.133613698,0.00892631,0.008180612,0.639105151,0.204227697,0.342491971,0.66571698,-0.213873142,0.871568627,-0.159574468,0.218181818,-0.057425936,-0.068766404,0.318793501,0.666666667,0.65,-0.159574468,0.7,[0.721],60,-0.073490814,0.716330516,0.725099602,0.292001781,0.345,0.658333333,0.658333333,0.639041747,-27688.89242,0.05860735,0.900644761,0.688269511,0.816648617,,,,,,,
7fe73118-87a3-4a1f-8c27-8246a48e7834,GradientBoostingClassifier,PREPROCESSING,UNAWARENESS,UNAWARENESS_ROS,0.69,0.678571429,0.56,0.678571429,0.716666667,0.848214286,140,0.31,0.124409449,1.451428571,0.151785714,0.143333333,2.34375,0.321428571,0.112765957,1.392592593,0.511363636,0.052197802,1.100529101,0.283333333,0.157575758,1.65,0.196322336,0.321428571,0.283333333,0.716666667,0.678571429,0.488636364,45,17,45,17,43,88,112,43,95,0.848214286,0.135170858,0.0224049,0.06821587,0.002326702,0.002175323,0.639139447,0.204249616,0.342507451,0.626613655,-0.496754397,0.903111111,-0.112765957,0.157575758,-0.045567766,-0.057217848,0.287840356,0.716666667,0.678571429,-0.112765957,0.7,[0.721],60,-0.073490814,0.716330516,0.753968254,0.364878348,0.31,0.697619048,0.697619048,0.681988963,-34818.65131,0.0448098,0.926356812,0.72056722,0.84583504,,,,,,,
7fe73118-87a3-4a1f-8c27-8246a48e7834,RandomForestClassifier,PREPROCESSING,UNAWARENESS,UNAWARENESS_ROS,0.755,0.828571429,0.705,0.828571429,0.583333333,0.822695035,140,0.245,0.120734908,1.567901235,0.177304965,0.074853801,1.507936508,0.171428571,0.161702128,2.169230769,0.406779661,0.09375,1.230769231,0.416666667,-0.024242424,0.942857143,0.121271751,0.171428571,0.416666667,0.583333333,0.828571429,0.593220339,24,25,24,25,35,59,141,35,116,0.822695035,0.092972276,-0.092972276,0.044468552,0.000988726,0.000961381,0.639679645,0.204595024,0.342758101,0.492487057,-0.246326887,0.802105263,-0.161702128,0.161702128,0.009448099,-0.148031496,0.16743713,0.583333333,0.828571429,-0.161702128,0.7,[0.721],60,-0.073490814,0.716330516,0.825622776,0.413905211,0.245,0.705952381,0.705952381,0.771586381,-31566.75367,-0.137459703,0.848200341,0.788733663,0.827406208,,,,,,,
7fe73118-87a3-4a1f-8c27-8246a48e7834,CalibratedClassifierCV,PREPROCESSING,UNAWARENESS,UNAWARENESS_ROS,0.66,0.642857143,0.54,0.642857143,0.7,0.833333333,140,0.34,0.175328084,1.601801802,0.166666667,0.176125245,2.607142857,0.357142857,0.191489362,1.620689655,0.543478261,0.087962963,1.163793103,0.3,0.157575758,1.65,0.222789116,0.357142857,0.3,0.7,0.642857143,0.456521739,50,18,50,18,42,92,108,42,90,0.833333333,0.17453256,-0.016956802,0.051525975,0.001327463,0.001260773,0.639282411,0.204341001,0.342573337,0.667516465,-0.486655263,0.811872146,-0.191489362,0.191489362,-0.044081141,-0.108136483,0.322884926,0.7,0.642857143,-0.191489362,0.7,[0.721],60,-0.073490814,0.716330516,0.725806452,0.315244162,0.34,0.671428571,0.671428571,0.682813853,-34768.98208,-0.033913604,0.868232626,0.691340782,0.800001118,,,,,,,
7fe73118-87a3-4a1f-8c27-8246a48e7834,NuSVC,PREPROCESSING,UNAWARENESS,UNAWARENESS_ROS,0.665,0.692857143,0.605,0.692857143,0.6,0.801652893,140,0.335,0.018372703,1.058333333,0.198347107,0.068376068,1.444444444,0.307142857,0.00212766,1.007142857,0.544303797,-0.071428571,0.875,0.4,0.036363636,1.1,0.199001862,0.307142857,0.4,0.6,0.692857143,0.455696203,43,24,43,24,36,79,121,36,97,0.801652893,0.019245648,0.017117988,0.075779782,0.002871288,0.002676638,0.639574005,0.204527454,0.342701114,0.630875363,-0.624499853,0.976923077,-0.00212766,0.036363636,-0.06990232,-0.014173228,0.283638372,0.6,0.692857143,-0.00212766,0.7,[0.721],60,-0.073490814,0.716330516,0.743295019,0.274529635,0.335,0.646428571,0.646428571,0.635363015,-36129.50612,0.034235977,0.985817206,0.70197108,0.868725754,,,,,,,
7fe73118-87a3-4a1f-8c27-8246a48e7834,LinearDiscriminantAnalysis,PREPROCESSING,UNAWARENESS,UNAWARENESS_ROS,0.665,0.65,0.545,0.65,0.7,0.834862385,140,0.335,0.1832021,1.646296296,0.165137615,0.177606178,2.642857143,0.35,0.20212766,1.678571429,0.538461538,0.096698113,1.183035714,0.3,0.157575758,1.65,0.217761983,0.35,0.3,0.7,0.65,0.461538462,49,18,49,18,42,91,109,42,91,0.834862385,0.179851709,-0.022275951,0.050682711,0.001284369,0.001225723,0.639369418,0.204396627,0.342613574,0.659942396,-0.468136215,0.800900901,-0.20212766,0.20212766,-0.040454032,-0.116010499,0.316071305,0.7,0.65,-0.20212766,0.7,[0.721],60,-0.073490814,0.716330516,0.730923695,0.322087405,0.335,0.675,0.675,0.690036267,-39060.50099,-0.044551902,0.859116514,0.696405196,0.797041684,,,,,,,
7fe73118-87a3-4a1f-8c27-8246a48e7834,CalibratedClassifierCV,PREPROCESSING,UNAWARENESS,HYPERPARAMETER_ROS,0.66,0.642857143,0.54,0.642857143,0.7,0.833333333,140,0.34,0.175328084,1.601801802,0.166666667,0.176125245,2.607142857,0.357142857,0.191489362,1.620689655,0.543478261,0.087962963,1.163793103,0.3,0.157575758,1.65,0.222789116,0.357142857,0.3,0.7,0.642857143,0.456521739,50,18,50,18,42,92,108,42,90,0.833333333,0.17453256,-0.016956802,0.051525975,0.001327463,0.001260773,0.639282411,0.204341001,0.342573337,0.667516465,-0.486655263,0.811872146,-0.191489362,0.191489362,-0.044081141,-0.108136483,0.322884926,0.7,0.642857143,-0.191489362,0.7,[0.721],60,-0.073490814,0.716330516,0.725806452,0.315244162,0.34,0.671428571,0.671428571,0.682813853,-34768.98208,-0.033913604,0.868232626,0.691340782,0.800001118,6.183989286,117.5,0,28591.93839,0,119133.0766,10.29177412
7fe73118-87a3-4a1f-8c27-8246a48e7834,AdaBoostClassifier,PREPROCESSING,UNAWARENESS,HYPERPARAMETER_ROS,0.665,0.657142857,0.555,0.657142857,0.683333333,0.828828829,140,0.335,0.1832021,1.646296296,0.171171171,0.2,3.333333333,0.342857143,0.180851064,1.566666667,0.539325843,0.098684211,1.1875,0.316666667,0.218181818,2.2,0.214749838,0.342857143,0.316666667,0.683333333,0.657142857,0.460674157,48,19,48,19,41,89,111,41,92,0.828828829,0.199516441,0.018665377,0.122061124,0.007449459,0.006706451,0.63912077,0.204237679,0.342499093,0.655362247,-0.213873142,0.846666667,-0.180851064,0.218181818,-0.050657895,-0.084514436,0.310686517,0.683333333,0.657142857,-0.180851064,0.7,[0.721],60,-0.073490814,0.716330516,0.733067729,0.313956803,0.335,0.670238095,0.670238095,0.657727848,-27700.59973,0.037330754,0.886285475,0.697376858,0.812886051,16.10907841,117.6,0,28704.71495,0,119602.979,10.33236846
7fe73118-87a3-4a1f-8c27-8246a48e7834,AdaBoostClassifier,PREPROCESSING,UNAWARENESS,FAIR_PCA_ROS,0.655,0.65,0.555,0.65,0.666666667,0.81981982,140,0.345,0.167454068,1.559649123,0.18018018,0.197478992,3.238095238,0.35,0.159574468,1.46875,0.550561798,0.082627119,1.15234375,0.333333333,0.218181818,2.2,0.221589549,0.35,0.333333333,0.666666667,0.65,0.449438202,49,20,49,20,40,89,111,40,91,0.81981982,0.188878143,0.029303675,0.133613698,0.00892631,0.008180612,0.639105151,0.204227697,0.342491971,0.66571698,-0.213873142,0.871568627,-0.159574468,0.218181818,-0.057425936,-0.068766404,0.318793501,0.666666667,0.65,-0.159574468,0.7,[0.725],60,-0.073490814,0.716330516,0.725099602,0.292001781,0.345,0.658333333,0.658333333,0.639041747,-27688.89242,0.05860735,0.900644761,0.688269511,0.816648617,,,,,,,
7fe73118-87a3-4a1f-8c27-8246a48e7834,GradientBoostingClassifier,PREPROCESSING,UNAWARENESS,FAIR_PCA_ROS,0.675,0.664285714,0.555,0.664285714,0.7,0.837837838,140,0.325,0.100787402,1.336842105,0.162162162,0.138888889,2.25,0.335714286,0.080851064,1.253333333,0.528089888,0.025974026,1.047619048,0.3,0.157575758,1.65,0.207910126,0.335714286,0.3,0.7,0.664285714,0.471910112,47,18,47,18,42,89,111,42,93,0.837837838,0.119213411,0.038362347,0.093174302,0.004340725,0.003949096,0.639341381,0.204378701,0.342597841,0.644841261,-0.497147366,0.940740741,-0.080851064,0.157575758,-0.056457431,-0.033595801,0.302579532,0.7,0.664285714,-0.080851064,0.7,[0.725],60,-0.073490814,0.716330516,0.741035857,0.335911824,0.325,0.682142857,0.682142857,0.655974256,-34577.16069,0.076724694,0.946608549,0.70647816,0.850273211,,,,,,,
7fe73118-87a3-4a1f-8c27-8246a48e7834,RandomForestClassifier,PREPROCESSING,UNAWARENESS,FAIR_PCA_ROS,0.725,0.807142857,0.705,0.807142857,0.533333333,0.80141844,140,0.275,0.089238845,1.365591398,0.19858156,0.05380117,1.319444444,0.192857143,0.140425532,1.88,0.457627119,0.03125,1.066666667,0.466666667,-0.084848485,0.825,0.136122868,0.192857143,0.466666667,0.533333333,0.807142857,0.542372881,27,28,27,28,32,59,141,32,113,0.80141844,0.112637008,-0.112637008,0.064895812,0.002105733,0.00200437,0.639679645,0.204595024,0.342758101,0.521771728,-0.246326887,0.802105263,-0.140425532,0.140425532,-0.011275585,-0.148031496,0.188128091,0.533333333,0.807142857,-0.140425532,0.7,[0.725],60,-0.073490814,0.716330516,0.804270463,0.34212974,0.275,0.670238095,0.670238095,0.745731709,-31581.08524,-0.055577047,0.849117663,0.76258072,0.818169302,,,,,,,
7fe73118-87a3-4a1f-8c27-8246a48e7834,CalibratedClassifierCV,PREPROCESSING,UNAWARENESS,FAIR_PCA_ROS,0.675,0.664285714,0.555,0.664285714,0.7,0.837837838,140,0.325,0.191076115,1.693333333,0.162162162,0.179047619,2.678571429,0.335714286,0.212765957,1.740740741,0.528089888,0.105769231,1.203703704,0.3,0.157575758,1.65,0.207910126,0.335714286,0.3,0.7,0.664285714,0.471910112,47,18,47,18,42,89,111,42,93,0.837837838,0.185170858,-0.0275951,0.047249766,0.00111627,0.001071027,0.639471567,0.204461942,0.342660995,0.644841261,-0.449267731,0.790222222,-0.212765957,0.212765957,-0.036639194,-0.123884514,0.302579532,0.7,0.664285714,-0.212765957,0.7,[0.725],60,-0.073490814,0.716330516,0.741035857,0.335911824,0.325,0.682142857,0.682142857,0.700966657,-34849.47064,-0.0551902,0.850065939,0.70647816,0.796129624,,,,,,,
7fe73118-87a3-4a1f-8c27-8246a48e7834,NuSVC,PREPROCESSING,UNAWARENESS,FAIR_PCA_ROS,0.66,0.678571429,0.59,0.678571429,0.616666667,0.805084746,140,0.34,0.018372703,1.058333333,0.194915254,0.07748538,1.535353535,0.321428571,-0.008510638,0.972413793,0.548780488,-0.068627451,0.879310345,0.383333333,0.066666667,1.2,0.206981442,0.321428571,0.383333333,0.616666667,0.678571429,0.451219512,45,23,45,23,37,82,118,37,95,0.805084746,0.037588652,0.037588652,0.081841251,0.003348995,0.003105826,0.639882828,0.204725017,0.342837292,0.643399474,-0.590237789,1.002631579,0.008510638,0.066666667,-0.073056416,0.001574803,0.295661739,0.616666667,0.678571429,0.008510638,0.7,[0.725],60,-0.073490814,0.716330516,0.736434109,0.275083225,0.34,0.647619048,0.647619048,0.62327592,-35898.97627,0.058156028,0.988485858,0.696125236,0.86709722,,,,,,,
7fe73118-87a3-4a1f-8c27-8246a48e7834,LinearDiscriminantAnalysis,PREPROCESSING,UNAWARENESS,FAIR_PCA_ROS,0.665,0.65,0.545,0.65,0.7,0.834862385,140,0.335,0.1832021,1.646296296,0.165137615,0.177606178,2.642857143,0.35,0.20212766,1.678571429,0.538461538,0.096698113,1.183035714,0.3,0.157575758,1.65,0.217761983,0.35,0.3,0.7,0.65,0.461538462,49,18,49,18,42,91,109,42,91,0.834862385,0.179851709,-0.022275951,0.050682711,0.001284369,0.001225723,0.639369418,0.204396627,0.342613574,0.659942396,-0.468136215,0.800900901,-0.20212766,0.20212766,-0.040454032,-0.116010499,0.316071305,0.7,0.65,-0.20212766,0.7,[0.725],60,-0.073490814,0.716330516,0.730923695,0.322087405,0.335,0.675,0.675,0.690036267,-39070.2813,-0.044551902,0.859116514,0.696405196,0.797041684,,,,,,,
7fe73118-87a3-4a1f-8c27-8246a48e7834,CalibratedClassifierCV,PREPROCESSING,UNAWARENESS,HYPERPARAMETER_FAIR_PCA_ROS,0.675,0.664285714,0.555,0.664285714,0.7,0.837837838,140,0.325,0.191076115,1.693333333,0.162162162,0.179047619,2.678571429,0.335714286,0.212765957,1.740740741,0.528089888,0.105769231,1.203703704,0.3,0.157575758,1.65,0.207910126,0.335714286,0.3,0.7,0.664285714,0.471910112,47,18,47,18,42,89,111,42,93,0.837837838,0.185170858,-0.0275951,0.047249766,0.00111627,0.001071027,0.639471567,0.204461942,0.342660995,0.644841261,-0.449267731,0.790222222,-0.212765957,0.212765957,-0.036639194,-0.123884514,0.302579532,0.7,0.664285714,-0.212765957,0.7,[0.725],60,-0.073490814,0.716330516,0.741035857,0.335911824,0.325,0.682142857,0.682142857,0.700966657,-34849.47064,-0.0551902,0.850065939,0.70647816,0.796129624,6.145592451,117.5,0,29678.44912,0,123660.2047,10.68286768
7fe73118-87a3-4a1f-8c27-8246a48e7834,AdaBoostClassifier,PREPROCESSING,UNAWARENESS,HYPERPARAMETER_FAIR_PCA_ROS,0.65,0.65,0.56,0.65,0.65,0.8125,140,0.35,0.159580052,1.51965812,0.1875,0.173038229,2.535714286,0.35,0.170212766,1.516129032,0.556818182,0.071428571,1.129032258,0.35,0.157575758,1.65,0.223363981,0.35,0.35,0.65,0.65,0.443181818,49,21,49,21,39,88,112,39,91,0.8125,0.163894262,-0.006318504,0.118958023,0.007075506,0.006371624,0.63915719,0.204260957,0.342515744,0.66837711,-0.213873142,0.834741784,-0.170212766,0.170212766,-0.050804829,-0.092388451,0.320079759,0.65,0.65,-0.170212766,0.7,[0.725],60,-0.073490814,0.716330516,0.722222222,0.276955855,0.35,0.65,0.65,0.654107028,-27702.26081,-0.012637008,0.886671209,0.684210526,0.807066458,16.08180666,117.4,0,29787.12815,0,124113.034,10.7219871
7fe73118-87a3-4a1f-8c27-8246a48e7834,AdaBoostClassifier,PREPROCESSING,UNAWARENESS,UNAWARENESS_RUS,0.655,0.65,0.555,0.65,0.666666667,0.81981982,140,0.345,0.159580052,1.51965812,0.18018018,0.173038229,2.535714286,0.35,0.170212766,1.516129032,0.550561798,0.071428571,1.129032258,0.333333333,0.157575758,1.65,0.221589549,0.35,0.333333333,0.666666667,0.65,0.449438202,49,20,49,20,40,89,111,40,91,0.81981982,0.163894262,-0.006318504,0.098676381,0.004868514,0.004482261,0.63915719,0.204260957,0.342515744,0.66571698,-0.414543837,0.834741784,-0.170212766,0.170212766,-0.050804829,-0.092388451,0.318793501,0.666666667,0.65,-0.170212766,0.7,[0.721],60,-0.073490814,0.716330516,0.725099602,0.292001781,0.345,0.658333333,0.658333333,0.662493015,-27707.24962,-0.012637008,0.886671209,0.688269511,0.808942207,,,,,,,
7fe73118-87a3-4a1f-8c27-8246a48e7834,GradientBoostingClassifier,PREPROCESSING,UNAWARENESS,UNAWARENESS_RUS,0.625,0.578571429,0.485,0.578571429,0.733333333,0.835051546,140,0.375,0.194750656,1.575193798,0.164948454,0.213930348,2.791666667,0.421428571,0.227659574,1.611428571,0.572815534,0.083333333,1.142857143,0.266666667,0.157575758,1.65,0.266765386,0.421428571,0.266666667,0.733333333,0.578571429,0.427184466,59,16,59,16,44,103,97,44,81,0.835051546,0.192617666,-0.035041908,0.134365379,0.009027028,0.008187386,0.639599341,0.204543658,0.34272055,0.730431908,-0.190040667,0.758208955,-0.227659574,0.227659574,-0.065298507,-0.127559055,0.383349967,0.733333333,0.578571429,-0.227659574,0.7,[0.721],60,-0.073490814,0.716330516,0.683544304,0.285994163,0.375,0.655952381,0.655952381,0.678938204,-36900.81354,-0.070083817,0.833995787,0.652962515,0.763441314,,,,,,,
7fe73118-87a3-4a1f-8c27-8246a48e7834,RandomForestClassifier,PREPROCESSING,UNAWARENESS,UNAWARENESS_RUS,0.66,0.607142857,0.49,0.607142857,0.783333333,0.867346939,140,0.34,0.151706037,1.481666667,0.132653061,0.194805195,3.142857143,0.392857143,0.138297872,1.382352941,0.539215686,0.067622951,1.121323529,0.216666667,0.218181818,2.2,0.237061368,0.392857143,0.216666667,0.783333333,0.607142857,0.460784314,55,13,55,13,47,102,98,47,85,0.867346939,0.178239845,0.039941973,0.071724095,0.002572173,0.002395461,0.639172883,0.204270987,0.342522489,0.68856571,-0.512931901,0.897979798,-0.138297872,0.218181818,-0.063591122,-0.053018373,0.349784528,0.783333333,0.607142857,-0.138297872,0.7,[0.721],60,-0.073490814,0.716330516,0.714285714,0.357948937,0.34,0.695238095,0.695238095,0.667468914,-32135.73405,0.079883946,0.914976908,0.686070686,0.823401449,,,,,,,
7fe73118-87a3-4a1f-8c27-8246a48e7834,CalibratedClassifierCV,PREPROCESSING,UNAWARENESS,UNAWARENESS_RUS,0.69,0.65,0.52,0.65,0.783333333,0.875,140,0.31,0.265616798,1.992156863,0.125,0.303571429,5.25,0.35,0.191489362,1.620689655,0.510416667,0.205513784,1.403940887,0.216666667,0.448484848,3.96,0.206424747,0.35,0.216666667,0.783333333,0.65,0.489583333,49,13,49,13,47,96,104,47,91,0.875,0.319987105,0.128497743,0.038470035,0.000739972,0.000718162,0.639584295,0.204534035,0.342705666,0.642533652,-0.378438833,0.967619048,-0.191489362,0.448484848,-0.049028822,-0.017847769,0.308340126,0.783333333,0.65,-0.191489362,0.7,[0.721],60,-0.073490814,0.716330516,0.745901639,0.397474667,0.31,0.716666667,0.716666667,0.624576617,-33504.4219,0.256995487,0.901728962,0.716862656,0.830351284,,,,,,,
7fe73118-87a3-4a1f-8c27-8246a48e7834,NuSVC,PREPROCESSING,UNAWARENESS,UNAWARENESS_RUS,0.65,0.628571429,0.53,0.628571429,0.7,0.830188679,140,0.35,0.159580052,1.51965812,0.169811321,0.076712329,1.622222222,0.371428571,0.280851064,1.88,0.553191489,0.044444444,1.08,0.3,-0.072727273,0.733333333,0.233052693,0.371428571,0.3,0.7,0.628571429,0.446808511,52,18,52,18,42,94,106,42,88,0.830188679,0.176789168,-0.176789168,0.141028309,0.009944492,0.009088763,0.643488232,0.207038552,0.344607018,0.682719112,-0.002564048,0.579908676,-0.280851064,0.280851064,-0.016133942,-0.241469816,0.336650653,0.7,0.628571429,-0.280851064,0.7,[0.721],60,-0.073490814,0.716330516,0.715447154,0.30168421,0.35,0.664285714,0.664285714,0.781724233,-32345.51836,-0.208123791,0.708210691,0.681155106,0.698956472,,,,,,,
7fe73118-87a3-4a1f-8c27-8246a48e7834,LinearDiscriminantAnalysis,PREPROCESSING,UNAWARENESS,UNAWARENESS_RUS,0.675,0.642857143,0.525,0.642857143,0.75,0.857142857,140,0.325,0.324409449,2.177142857,0.142857143,0.344064386,5.071428571,0.357142857,0.291489362,1.944827586,0.526315789,0.232142857,1.448275862,0.25,0.418181818,3.3,0.216253444,0.357142857,0.25,0.75,0.642857143,0.473684211,50,15,50,15,45,95,105,45,90,0.857142857,0.35483559,0.063346228,0.056876412,0.001617463,0.001525263,0.63915719,0.204260957,0.342515744,0.657652558,-0.522695199,0.834741784,-0.291489362,0.418181818,-0.055960765,-0.092388451,0.318398653,0.75,0.642857143,-0.291489362,0.7,[0.721],60,-0.073490814,0.716330516,0.734693878,0.360510439,0.325,0.696428571,0.696428571,0.652312448,-41850.79962,0.126692456,0.837028471,0.703583062,0.78725667,,,,,,,
7fe73118-87a3-4a1f-8c27-8246a48e7834,CalibratedClassifierCV,PREPROCESSING,UNAWARENESS,HYPERPARAMETER_RUS,0.69,0.65,0.52,0.65,0.783333333,0.875,140,0.31,0.265616798,1.992156863,0.125,0.303571429,5.25,0.35,0.191489362,1.620689655,0.510416667,0.205513784,1.403940887,0.216666667,0.448484848,3.96,0.206424747,0.35,0.216666667,0.783333333,0.65,0.489583333,49,13,49,13,47,96,104,47,91,0.875,0.319987105,0.128497743,0.038470035,0.000739972,0.000718162,0.639584295,0.204534035,0.342705666,0.642533652,-0.378438833,0.967619048,-0.191489362,0.448484848,-0.049028822,-0.017847769,0.308340126,0.783333333,0.65,-0.191489362,0.7,[0.721],60,-0.073490814,0.716330516,0.745901639,0.397474667,0.31,0.716666667,0.716666667,0.624576617,-33504.4219,0.256995487,0.901728962,0.716862656,0.830351284,6.178919315,118,0,31172.43465,0,129885.1444,11.22063331
7fe73118-87a3-4a1f-8c27-8246a48e7834,AdaBoostClassifier,PREPROCESSING,UNAWARENESS,HYPERPARAMETER_RUS,0.66,0.664285714,0.57,0.664285714,0.65,0.815789474,140,0.34,0.175328084,1.601801802,0.184210526,0.165714286,2.380952381,0.335714286,0.20212766,1.678571429,0.546511628,0.086538462,1.160714286,0.35,0.127272727,1.466666667,0.213436385,0.335714286,0.35,0.65,0.664285714,0.453488372,47,21,47,21,39,86,114,39,93,0.815789474,0.164700193,-0.037427466,0.11036028,0.006089696,0.005455021,0.639471567,0.204461942,0.342660995,0.653355011,-0.213873142,0.790222222,-0.20212766,0.20212766,-0.039587912,-0.123884514,0.306573456,0.65,0.664285714,-0.20212766,0.7,[0.721],60,-0.073490814,0.716330516,0.732283465,0.290912667,0.34,0.657142857,0.657142857,0.681738049,-27712.34449,-0.074854932,0.851229559,0.694265355,0.791574706,15.94048619,117.8,0,31279.74874,0,130332.2864,11.25926141
7fe73118-87a3-4a1f-8c27-8246a48e7834,AdaBoostClassifier,PREPROCESSING,UNAWARENESS,FAIR_PCA_RUS,0.64,0.621428571,0.53,0.621428571,0.683333333,0.820754717,140,0.36,0.135958005,1.411111111,0.179245283,0.168067227,2.428571429,0.378571429,0.138297872,1.382352941,0.563829787,0.048728814,1.084558824,0.316666667,0.157575758,1.65,0.24031064,0.378571429,0.316666667,0.683333333,0.621428571,0.436170213,53,19,53,19,41,94,106,41,87,0.820754717,0.147936815,0.009638943,0.105702409,0.0055865,0.00505347,0.639105151,0.204227697,0.342491971,0.693268548,-0.414543837,0.871568627,-0.138297872,0.157575758,-0.059669207,-0.068766404,0.345001824,0.683333333,0.621428571,-0.138297872,0.7,[0.725],60,-0.073490814,0.716330516,0.707317073,0.279823035,0.36,0.652380952,0.652380952,0.64609269,-27709.79929,0.019277885,0.910865527,0.671976828,0.814363119,,,,,,,
7fe73118-87a3-4a1f-8c27-8246a48e7834,GradientBoostingClassifier,PREPROCESSING,UNAWARENESS,FAIR_PCA_RUS,0.59,0.564285714,0.5,0.564285714,0.65,0.79,140,0.41,0.155380577,1.411111111,0.21,0.181818182,2.2,0.435714286,0.195744681,1.484210526,0.61,0.043715847,1.070175439,0.35,0.096969697,1.32,0.2890625,0.435714286,0.35,0.65,0.564285714,0.39,61,21,61,21,39,100,100,39,79,0.79,0.146357189,-0.049387492,0.14309884,0.010238639,0.008909816,0.639471567,0.204461942,0.342660995,0.760345316,-0.102647507,0.76969697,-0.195744681,0.195744681,-0.069051167,-0.119685039,0.405094686,0.65,0.564285714,-0.195744681,0.7,[0.725],60,-0.073490814,0.716330516,0.658333333,0.196396101,0.41,0.607142857,0.607142857,0.63712812,-36835.9755,-0.098774984,0.845574925,0.622296395,0.755247855,,,,,,,
7fe73118-87a3-4a1f-8c27-8246a48e7834,RandomForestClassifier,PREPROCESSING,UNAWARENESS,FAIR_PCA_RUS,0.645,0.585714286,0.475,0.585714286,0.783333333,0.863157895,140,0.355,0.226246719,1.736752137,0.136842105,0.148550725,2.464285714,0.414285714,0.359574468,2.05625,0.552380952,0.084639498,1.153409091,0.216666667,-0.012121212,0.942857143,0.253381894,0.414285714,0.216666667,0.783333333,0.585714286,0.447619048,58,13,58,13,47,105,95,47,82,0.863157895,0.18584784,-0.18584784,0.113658868,0.006459169,0.006439215,0.646094318,0.208718934,0.345928728,0.711873435,-0.058522702,0.490821256,-0.359574468,0.359574468,-0.031955613,-0.27664042,0.371162099,0.783333333,0.585714286,-0.359574468,0.7,[0.725],60,-0.073490814,0.716330516,0.69787234,0.338661321,0.355,0.68452381,0.68452381,0.811741081,-33403.8237,-0.347453256,0.644166644,0.67039531,0.65267848,,,,,,,
7fe73118-87a3-4a1f-8c27-8246a48e7834,CalibratedClassifierCV,PREPROCESSING,UNAWARENESS,FAIR_PCA_RUS,0.685,0.65,0.525,0.65,0.766666667,0.866666667,140,0.315,0.332283465,2.241176471,0.133333333,0.345238095,5.142857143,0.35,0.30212766,2.014285714,0.515789474,0.240909091,1.473214286,0.233333333,0.418181818,3.3,0.208907254,0.35,0.233333333,0.766666667,0.65,0.484210526,49,14,49,14,46,95,105,46,91,0.866666667,0.360154739,0.058027079,0.034598226,0.000598519,0.00058274,0.639211377,0.204295592,0.342540612,0.646385728,-0.350464981,0.823148148,-0.30212766,0.418181818,-0.052164502,-0.100262467,0.309996869,0.766666667,0.65,-0.30212766,0.7,[0.725],60,-0.073490814,0.716330516,0.742857143,0.382359556,0.315,0.708333333,0.708333333,0.667230819,-33552.85281,0.116054159,0.829735762,0.712756378,0.7866975,,,,,,,
7fe73118-87a3-4a1f-8c27-8246a48e7834,NuSVC,PREPROCESSING,UNAWARENESS,FAIR_PCA_RUS,0.65,0.614285714,0.51,0.614285714,0.733333333,0.843137255,140,0.35,0.159580052,1.51965812,0.156862745,0.087323944,1.775,0.385714286,0.270212766,1.819354839,0.551020408,0.046428571,1.083870968,0.266666667,-0.042424242,0.825,0.239216583,0.385714286,0.266666667,0.733333333,0.614285714,0.448979592,54,16,54,16,44,98,102,44,86,0.843137255,0.156318504,-0.156318504,0.152704727,0.011659367,0.01059217,0.642833699,0.206617582,0.344281597,0.691688633,-0.002564048,0.596244131,-0.270212766,0.270212766,-0.020447686,-0.225721785,0.347638993,0.733333333,0.614285714,-0.270212766,0.7,[0.725],60,-0.073490814,0.716330516,0.710743802,0.318661858,0.35,0.673809524,0.673809524,0.779138421,-31419.95978,-0.227788524,0.724082212,0.679016095,0.708409887,,,,,,,
7fe73118-87a3-4a1f-8c27-8246a48e7834,LinearDiscriminantAnalysis,PREPROCESSING,UNAWARENESS,FAIR_PCA_RUS,0.67,0.635714286,0.52,0.635714286,0.75,0.855769231,140,0.33,0.316535433,2.116666667,0.144230769,0.342857143,5,0.364285714,0.280851064,1.88,0.53125,0.223684211,1.425,0.25,0.418181818,3.3,0.221296847,0.364285714,0.25,0.75,0.635714286,0.46875,51,15,51,15,45,96,104,45,89,0.855769231,0.349516441,0.068665377,0.0581947,0.001693312,0.001590728,0.63912077,0.204237679,0.342499093,0.665277156,-0.540239509,0.846666667,-0.280851064,0.418181818,-0.059586466,-0.084514436,0.325246155,0.75,0.635714286,-0.280851064,0.7,[0.725],60,-0.073490814,0.716330516,0.729508197,0.353796132,0.33,0.692857143,0.692857143,0.645281846,-41924.54645,0.137330754,0.844295213,0.698488931,0.789369489,,,,,,,
7fe73118-87a3-4a1f-8c27-8246a48e7834,CalibratedClassifierCV,PREPROCESSING,UNAWARENESS,HYPERPARAMETER_FAIR_PCA_RUS,0.685,0.65,0.525,0.65,0.766666667,0.866666667,140,0.315,0.332283465,2.241176471,0.133333333,0.345238095,5.142857143,0.35,0.30212766,2.014285714,0.515789474,0.240909091,1.473214286,0.233333333,0.418181818,3.3,0.208907254,0.35,0.233333333,0.766666667,0.65,0.484210526,49,14,49,14,46,95,105,46,91,0.866666667,0.360154739,0.058027079,0.034598226,0.000598519,0.00058274,0.639211377,0.204295592,0.342540612,0.646385728,-0.350464981,0.823148148,-0.30212766,0.418181818,-0.052164502,-0.100262467,0.309996869,0.766666667,0.65,-0.30212766,0.7,[0.725],60,-0.073490814,0.716330516,0.742857143,0.382359556,0.315,0.708333333,0.708333333,0.667230819,-33552.85281,0.116054159,0.829735762,0.712756378,0.7866975,6.154923439,118.3,0,32705.43341,0,136272.6392,11.77244189
7fe73118-87a3-4a1f-8c27-8246a48e7834,AdaBoostClassifier,PREPROCESSING,UNAWARENESS,HYPERPARAMETER_FAIR_PCA_RUS,0.655,0.65,0.555,0.65,0.666666667,0.81981982,140,0.345,0.159580052,1.51965812,0.18018018,0.162426614,2.317460317,0.35,0.180851064,1.566666667,0.550561798,0.069444444,1.125,0.333333333,0.127272727,1.466666667,0.221589549,0.35,0.333333333,0.666666667,0.65,0.449438202,49,20,49,20,40,89,111,40,91,0.81981982,0.154061896,-0.026789168,0.092981432,0.004322773,0.003932186,0.639282411,0.204341001,0.342573337,0.66571698,-0.414543837,0.811872146,-0.180851064,0.180851064,-0.046491085,-0.108136483,0.318793501,0.666666667,0.65,-0.180851064,0.7,[0.725],60,-0.073490814,0.716330516,0.725099602,0.292001781,0.345,0.658333333,0.658333333,0.675969536,-27711.58988,-0.053578337,0.869324333,0.688269511,0.799241992,15.91850209,117.8,0,32807.61042,0,136698.3767,11.80922088
7fe73118-87a3-4a1f-8c27-8246a48e7834,AdaBoostClassifier,PREPROCESSING,UNAWARENESS,UNAWARENESS_FOS,0.68,0.764285714,0.69,0.764285714,0.483333333,0.775362319,140,0.32,0.281364829,2.116666667,0.224637681,0.227272727,2.538461538,0.235714286,0.29787234,2.473684211,0.532258065,0.227106227,1.466165414,0.516666667,0.206060606,1.523076923,0.163197633,0.235714286,0.516666667,0.483333333,0.764285714,0.467741935,33,31,33,31,29,62,138,29,107,0.775362319,0.251966473,-0.045905867,0.112376413,0.006314229,0.005769227,0.639967308,0.204779078,0.342893295,0.571310131,0.24875038,0.76969697,-0.29787234,0.29787234,-8.33E-05,-0.159580052,0.227096423,0.483333333,0.764285714,-0.29787234,0.7,[0.721],60,-0.073490814,0.716330516,0.769784173,0.245351266,0.32,0.623809524,0.623809524,0.652446041,-27557.3176,-0.091811734,0.806215769,0.722111949,0.776085734,,,,,,,
7fe73118-87a3-4a1f-8c27-8246a48e7834,GradientBoostingClassifier,PREPROCESSING,UNAWARENESS,UNAWARENESS_FOS,0.71,0.807142857,0.72,0.807142857,0.483333333,0.784722222,140,0.29,0.214698163,1.852083333,0.215277778,0.177777778,2.142857143,0.192857143,0.208510638,2.088888889,0.482142857,0.18018018,1.37037037,0.516666667,0.175757576,1.414285714,0.13917724,0.192857143,0.516666667,0.483333333,0.807142857,0.517857143,27,31,27,31,29,56,144,29,113,0.784722222,0.192134107,-0.016376531,0.107201375,0.005746067,0.005335116,0.639239809,0.204313767,0.342553695,0.5275931,0.105649536,0.846666667,-0.208510638,0.208510638,0.001201201,-0.108661417,0.190859751,0.483333333,0.807142857,-0.208510638,0.7,[0.721],60,-0.073490814,0.716330516,0.795774648,0.29646602,0.29,0.645238095,0.645238095,0.655804857,-31785.61164,-0.032753063,0.872771603,0.750444299,0.827793051,,,,,,,
7fe73118-87a3-4a1f-8c27-8246a48e7834,RandomForestClassifier,PREPROCESSING,UNAWARENESS,UNAWARENESS_FOS,0.735,0.871428571,0.785,0.871428571,0.416666667,0.777070064,140,0.265,0.187401575,1.881481481,0.222929936,0.171717172,2.0625,0.128571429,0.082978723,1.709090909,0.418604651,0.273809524,1.696969697,0.583333333,0.315151515,1.65,0.109484168,0.128571429,0.583333333,0.416666667,0.871428571,0.581395349,18,35,18,35,25,43,157,25,122,0.777070064,0.199065119,0.116086396,0.079742134,0.003179404,0.002984809,0.639935733,0.204758871,0.342860536,0.467940527,-0.470830058,1.026262626,-0.082978723,0.315151515,0.051046176,0.020472441,0.142015878,0.416666667,0.871428571,-0.082978723,0.7,[0.721],60,-0.073490814,0.716330516,0.821548822,0.321359889,0.265,0.644047619,0.644047619,0.569282452,-32565.45408,0.232172792,0.948512535,0.775868223,0.88301694,,,,,,,
7fe73118-87a3-4a1f-8c27-8246a48e7834,CalibratedClassifierCV,PREPROCESSING,UNAWARENESS,UNAWARENESS_FOS,0.705,0.807142857,0.725,0.807142857,0.466666667,0.779310345,140,0.295,0.230446194,1.975555556,0.220689655,0.173758865,2.088888889,0.192857143,0.240425532,2.506666667,0.490909091,0.212121212,1.466666667,0.533333333,0.145454545,1.32,0.140095181,0.192857143,0.533333333,0.466666667,0.807142857,0.509090909,27,32,27,32,28,55,145,28,113,0.779310345,0.192940039,-0.047485493,0.094763949,0.004490103,0.004101206,0.639570573,0.204525259,0.34270712,0.529330108,0.105649536,0.810638298,-0.240425532,0.240425532,0.019181173,-0.14015748,0.191704556,0.466666667,0.807142857,-0.240425532,0.7,[0.721],60,-0.073490814,0.716330516,0.792982456,0.281010694,0.295,0.636904762,0.636904762,0.667148499,-29690.606,-0.094970986,0.839810573,0.746407449,0.80618283,,,,,,,
7fe73118-87a3-4a1f-8c27-8246a48e7834,NuSVC,PREPROCESSING,UNAWARENESS,UNAWARENESS_FOS,0.71,0.828571429,0.75,0.828571429,0.433333333,0.773333333,140,0.29,0.14015748,1.539393939,0.226666667,0.11443299,1.616666667,0.171428571,0.140425532,1.88,0.48,0.1,1.2,0.566666667,0.054545455,1.1,0.130385488,0.171428571,0.566666667,0.433333333,0.828571429,0.52,24,34,24,34,26,50,150,26,116,0.773333333,0.097485493,-0.042940039,0.084725299,0.003589188,0.003288697,0.63915719,0.204260957,0.342515744,0.510657395,-0.061404548,0.872852234,-0.140425532,0.140425532,-0.007216495,-0.097112861,0.175657494,0.433333333,0.828571429,-0.140425532,0.7,[0.721],60,-0.073490814,0.716330516,0.8,0.277173947,0.29,0.630952381,0.630952381,0.658045501,-29530.1825,-0.085880077,0.896567415,0.752317881,0.842707153,,,,,,,
7fe73118-87a3-4a1f-8c27-8246a48e7834,LinearDiscriminantAnalysis,PREPROCESSING,UNAWARENESS,UNAWARENESS_FOS,0.7,0.785714286,0.7,0.785714286,0.5,0.785714286,140,0.3,0.297112861,2.257777778,0.214285714,0.222826087,2.464285714,0.214285714,0.329787234,2.9375,0.5,0.257142857,1.5625,0.5,0.175757576,1.414285714,0.15,0.214285714,0.5,0.5,0.785714286,0.5,30,30,30,30,30,60,140,30,110,0.785714286,0.252772405,-0.077014829,0.1059118,0.005608655,0.00512159,0.640623668,0.205199342,0.343205133,0.547722558,0.24875038,0.736231884,-0.329787234,0.329787234,0.017158385,-0.191076115,0.207944154,0.5,0.785714286,-0.329787234,0.7,[0.721],60,-0.073490814,0.716330516,0.785714286,0.285714286,0.3,0.642857143,0.642857143,0.692366676,-34251.91539,-0.154029658,0.773697012,0.740384615,0.762264726,,,,,,,
7fe73118-87a3-4a1f-8c27-8246a48e7834,CalibratedClassifierCV,PREPROCESSING,UNAWARENESS,HYPERPARAMETER_FOS,0.705,0.807142857,0.725,0.807142857,0.466666667,0.779310345,140,0.295,0.230446194,1.975555556,0.220689655,0.173758865,2.088888889,0.192857143,0.240425532,2.506666667,0.490909091,0.212121212,1.466666667,0.533333333,0.145454545,1.32,0.140095181,0.192857143,0.533333333,0.466666667,0.807142857,0.509090909,27,32,27,32,28,55,145,28,113,0.779310345,0.192940039,-0.047485493,0.094763949,0.004490103,0.004101206,0.639570573,0.204525259,0.34270712,0.529330108,0.105649536,0.810638298,-0.240425532,0.240425532,0.019181173,-0.14015748,0.191704556,0.466666667,0.807142857,-0.240425532,0.7,[0.721],60,-0.073490814,0.716330516,0.792982456,0.281010694,0.295,0.636904762,0.636904762,0.667148499,-29690.606,-0.094970986,0.839810573,0.746407449,0.80618283,6.163515568,117.5,0,32418.38404,0,135076.6002,11.6691174
7fe73118-87a3-4a1f-8c27-8246a48e7834,AdaBoostClassifier,PREPROCESSING,UNAWARENESS,HYPERPARAMETER_FOS,0.69,0.785714286,0.71,0.785714286,0.466666667,0.774647887,140,0.31,0.273490814,2.052525253,0.225352113,0.210164835,2.275,0.214285714,0.308510638,2.611111111,0.517241379,0.214285714,1.428571429,0.533333333,0.145454545,1.32,0.151896873,0.214285714,0.533333333,0.466666667,0.785714286,0.482758621,30,32,30,32,28,58,142,28,110,0.774647887,0.226982592,-0.081528046,0.09257034,0.004284634,0.004078091,0.640446232,0.205085688,0.343120415,0.551174878,-0.087721857,0.744322344,-0.308510638,0.308510638,0.00206044,-0.1832021,0.209660657,0.466666667,0.785714286,-0.308510638,0.7,[0.721],60,-0.073490814,0.716330516,0.780141844,0.254881344,0.31,0.626190476,0.626190476,0.677242562,-27612.25631,-0.163056093,0.783896306,0.732307395,0.765910913,15.99442267,117.2,0,32522.59525,0,135510.8135,11.70662861
7fe73118-87a3-4a1f-8c27-8246a48e7834,AdaBoostClassifier,PREPROCESSING,UNAWARENESS,FAIR_PCA_FOS,0.69,0.771428571,0.69,0.771428571,0.5,0.782608696,140,0.31,0.289238845,2.184946237,0.217391304,0.237068966,2.71875,0.228571429,0.29787234,2.473684211,0.516129032,0.239285714,1.503759398,0.5,0.236363636,1.65,0.158096113,0.228571429,0.5,0.5,0.771428571,0.483870968,32,30,32,30,30,62,138,30,108,0.782608696,0.267117988,-0.030754352,0.116149741,0.006745381,0.00620009,0.639827036,0.204689318,0.342827244,0.562309724,0.24875038,0.778544061,-0.29787234,0.29787234,0.001108374,-0.151706037,0.220094936,0.5,0.771428571,-0.29787234,0.7,[0.725],60,-0.073490814,0.716330516,0.776978417,0.268942734,0.31,0.635714286,0.635714286,0.655265267,-27558.11287,-0.061508704,0.813130749,0.730910696,0.78374303,,,,,,,
7fe73118-87a3-4a1f-8c27-8246a48e7834,GradientBoostingClassifier,PREPROCESSING,UNAWARENESS,FAIR_PCA_FOS,0.715,0.807142857,0.715,0.807142857,0.5,0.79020979,140,0.285,0.23832021,2.043678161,0.20979021,0.19047619,2.333333333,0.192857143,0.229787234,2.35,0.473684211,0.222222222,1.5,0.5,0.206060606,1.523076923,0.1382101,0.192857143,0.5,0.5,0.807142857,0.526315789,27,30,27,30,30,57,143,30,113,0.79020979,0.21792392,-0.011863314,0.118308383,0.006998437,0.006250046,0.639305678,0.204355875,0.342584081,0.525756787,0.61647516,0.837362637,-0.229787234,0.229787234,0.015873016,-0.116535433,0.189982475,0.5,0.807142857,-0.229787234,0.7,[0.725],60,-0.073490814,0.716330516,0.798586572,0.311798927,0.285,0.653571429,0.653571429,0.661324952,-31969.37551,-0.023726628,0.862723201,0.754485286,0.823350765,,,,,,,
7fe73118-87a3-4a1f-8c27-8246a48e7834,RandomForestClassifier,PREPROCESSING,UNAWARENESS,FAIR_PCA_FOS,0.735,0.864285714,0.775,0.864285714,0.433333333,0.780645161,140,0.265,0.128608924,1.628205128,0.219354839,0.112727273,1.704545455,0.135714286,0.093617021,1.88,0.422222222,0.12962963,1.35,0.566666667,0.115151515,1.2375,0.112222823,0.135714286,0.566666667,0.433333333,0.864285714,0.577777778,19,34,19,34,26,45,155,26,121,0.780645161,0.104384268,0.010767247,0.059252821,0.001755448,0.001657889,0.639137149,0.204248148,0.342506416,0.473756949,-0.446997582,0.931333333,-0.093617021,0.115151515,0.008451178,-0.054068241,0.146907284,0.433333333,0.864285714,-0.093617021,0.7,[0.725],60,-0.073490814,0.716330516,0.820338983,0.326609084,0.265,0.648809524,0.648809524,0.641823631,-34473.49731,0.021534494,0.942271954,0.775328284,0.879170932,,,,,,,
7fe73118-87a3-4a1f-8c27-8246a48e7834,CalibratedClassifierCV,PREPROCESSING,UNAWARENESS,FAIR_PCA_FOS,0.71,0.807142857,0.72,0.807142857,0.483333333,0.784722222,140,0.29,0.230446194,1.975555556,0.215277778,0.173758865,2.088888889,0.192857143,0.240425532,2.506666667,0.482142857,0.212121212,1.466666667,0.516666667,0.145454545,1.32,0.13917724,0.192857143,0.516666667,0.483333333,0.807142857,0.517857143,27,31,27,31,29,56,144,29,113,0.784722222,0.192940039,-0.047485493,0.095801511,0.004588965,0.004176309,0.639570573,0.204525259,0.34270712,0.5275931,0.105649536,0.810638298,-0.240425532,0.240425532,0.019181173,-0.14015748,0.190859751,0.483333333,0.807142857,-0.240425532,0.7,[0.725],60,-0.073490814,0.716330516,0.795774648,0.29646602,0.29,0.645238095,0.645238095,0.675877544,-29699.31365,-0.094970986,0.839810573,0.750444299,0.807747187,,,,,,,
7fe73118-87a3-4a1f-8c27-8246a48e7834,NuSVC,PREPROCESSING,UNAWARENESS,FAIR_PCA_FOS,0.71,0.835714286,0.76,0.835714286,0.416666667,0.769736842,140,0.29,0.155905512,1.638709677,0.230263158,0.124742268,1.711764706,0.164285714,0.15106383,2.014285714,0.479166667,0.133333333,1.285714286,0.583333333,0.084848485,1.164705882,0.12744749,0.164285714,0.583333333,0.416666667,0.835714286,0.520833333,23,35,23,35,25,48,152,25,117,0.769736842,0.117956157,-0.033107672,0.085154212,0.00362562,0.003360776,0.63915719,0.204260957,0.342515744,0.504871251,-0.061404548,0.872852234,-0.15106383,0.15106383,0.004295533,-0.097112861,0.170600444,0.416666667,0.835714286,-0.15106383,0.7,[0.725],60,-0.073490814,0.716330516,0.801369863,0.270803208,0.29,0.626190476,0.626190476,0.646922185,-29507.30838,-0.066215345,0.895773683,0.752923049,0.84249221,,,,,,,
7fe73118-87a3-4a1f-8c27-8246a48e7834,LinearDiscriminantAnalysis,PREPROCESSING,UNAWARENESS,FAIR_PCA_FOS,0.7,0.785714286,0.7,0.785714286,0.5,0.785714286,140,0.3,0.297112861,2.257777778,0.214285714,0.222826087,2.464285714,0.214285714,0.329787234,2.9375,0.5,0.257142857,1.5625,0.5,0.175757576,1.414285714,0.15,0.214285714,0.5,0.5,0.785714286,0.5,30,30,30,30,30,60,140,30,110,0.785714286,0.252772405,-0.077014829,0.1059118,0.005608655,0.00512159,0.640623668,0.205199342,0.343205133,0.547722558,0.24875038,0.736231884,-0.329787234,0.329787234,0.017158385,-0.191076115,0.207944154,0.5,0.785714286,-0.329787234,0.7,[0.725],60,-0.073490814,0.716330516,0.785714286,0.285714286,0.3,0.642857143,0.642857143,0.692366676,-34288.2074,-0.154029658,0.773697012,0.740384615,0.762264726,,,,,,,
7fe73118-87a3-4a1f-8c27-8246a48e7834,CalibratedClassifierCV,PREPROCESSING,UNAWARENESS,HYPERPARAMETER_FAIR_PCA_FOS,0.71,0.807142857,0.72,0.807142857,0.483333333,0.784722222,140,0.29,0.230446194,1.975555556,0.215277778,0.173758865,2.088888889,0.192857143,0.240425532,2.506666667,0.482142857,0.212121212,1.466666667,0.516666667,0.145454545,1.32,0.13917724,0.192857143,0.516666667,0.483333333,0.807142857,0.517857143,27,31,27,31,29,56,144,29,113,0.784722222,0.192940039,-0.047485493,0.095801511,0.004588965,0.004176309,0.639570573,0.204525259,0.34270712,0.5275931,0.105649536,0.810638298,-0.240425532,0.240425532,0.019181173,-0.14015748,0.190859751,0.483333333,0.807142857,-0.240425532,0.7,[0.725],60,-0.073490814,0.716330516,0.795774648,0.29646602,0.29,0.645238095,0.645238095,0.675877544,-29699.31365,-0.094970986,0.839810573,0.750444299,0.807747187,6.151016235,117.4,0,33111.99777,0,137966.6574,11.91878623
7fe73118-87a3-4a1f-8c27-8246a48e7834,AdaBoostClassifier,PREPROCESSING,UNAWARENESS,HYPERPARAMETER_FAIR_PCA_FOS,0.695,0.785714286,0.705,0.785714286,0.483333333,0.780141844,140,0.305,0.281364829,2.116666667,0.219858156,0.219444444,2.410714286,0.214285714,0.308510638,2.611111111,0.508474576,0.227799228,1.468253968,0.516666667,0.175757576,1.414285714,0.150973986,0.214285714,0.516666667,0.483333333,0.785714286,0.491525424,30,31,30,31,29,59,141,29,110,0.780141844,0.242134107,-0.066376531,0.094878117,0.004500929,0.004274597,0.640277389,0.204977568,0.343040077,0.549497927,-0.087721857,0.752592593,-0.308510638,0.308510638,0.004177392,-0.175328084,0.208819051,0.483333333,0.785714286,-0.308510638,0.7,[0.725],60,-0.073490814,0.716330516,0.782918149,0.27035427,0.305,0.63452381,0.63452381,0.676641299,-27613.46213,-0.132753063,0.7907337,0.736344045,0.771732498,15.98718834,117.7,0,33225.9895,0,138441.6229,11.95981798
7fe73118-87a3-4a1f-8c27-8246a48e7834,AdaBoostClassifier,PREPROCESSING,UNAWARENESS,UNAWARENESS_FAIR_SMOTE,0.57,0.485714286,0.41,0.485714286,0.766666667,0.829268293,140,0.43,0.143307087,1.313793103,0.170731707,0.373015873,6.222222222,0.514285714,-0.085106383,0.854545455,0.610169492,0.18627451,1.287878788,0.233333333,0.709090909,8.8,0.343086689,0.514285714,0.233333333,0.766666667,0.485714286,0.389830508,72,14,72,14,46,118,82,46,68,0.829268293,0.397098646,0.397098646,0.231751743,0.026854435,0.025506193,0.669515956,0.224125808,0.354980736,0.828355828,-0.135101252,1.814285714,0.085106383,0.709090909,-0.093370682,0.269291339,0.479167218,0.766666667,0.485714286,0.085106383,0.7,[0.721],60,-0.073490814,0.716330516,0.612612613,0.235151789,0.43,0.626190476,0.626190476,0.377531086,-27863.72765,0.623984526,0.856277104,0.590538585,0.744590191,,,,,,,
7fe73118-87a3-4a1f-8c27-8246a48e7834,GradientBoostingClassifier,PREPROCESSING,UNAWARENESS,UNAWARENESS_FAIR_SMOTE,0.53,0.4,0.33,0.4,0.833333333,0.848484848,140,0.47,0.029396325,1.058333333,0.151515152,0.316176471,6.375,0.6,-0.159574468,0.758064516,0.626865672,0.047619048,1.071428571,0.166666667,0.539393939,9.9,0.41962711,0.6,0.166666667,0.833333333,0.4,0.373134328,84,10,84,10,50,134,66,50,56,0.848484848,0.349484204,0.349484204,0.216637042,0.023465804,0.022644581,0.675766309,0.228330052,0.357460229,0.916108192,0.037441286,1.992156863,0.159574468,0.539393939,-0.134278711,0.265616798,0.572058822,0.833333333,0.4,0.159574468,0.7,[0.721],60,-0.073490814,0.716330516,0.54368932,0.227400838,0.47,0.616666667,0.616666667,0.401151408,-47873.31862,0.379819471,0.871313427,0.536757392,0.721427096,,,,,,,
7fe73118-87a3-4a1f-8c27-8246a48e7834,RandomForestClassifier,PREPROCESSING,UNAWARENESS,UNAWARENESS_FAIR_SMOTE,0.52,0.4,0.34,0.4,0.8,0.823529412,140,0.48,-0.002099738,0.996078431,0.176470588,0.266666667,5,0.6,-0.10212766,0.854545455,0.636363636,-0.013745704,0.97979798,0.2,0.339393939,6.6,0.427734375,0.6,0.2,0.8,0.4,0.363636364,84,12,84,12,48,132,68,48,56,0.823529412,0.220760799,0.220760799,0.307661581,0.047327824,0.044765929,0.660329377,0.218017443,0.351306288,0.924915537,0.166476401,1.693333333,0.10212766,0.339393939,-0.140206186,0.163779528,0.576252199,0.8,0.4,0.10212766,0.7,[0.721],60,-0.073490814,0.716330516,0.538461538,0.193476497,0.48,0.6,0.6,0.46754352,-36603.31021,0.23726628,0.956147462,0.529069767,0.753421011,,,,,,,
7fe73118-87a3-4a1f-8c27-8246a48e7834,CalibratedClassifierCV,PREPROCESSING,UNAWARENESS,UNAWARENESS_FAIR_SMOTE,0.495,0.378571429,0.335,0.378571429,0.766666667,0.791044776,140,0.505,0.072440945,1.137313433,0.208955224,0.379928315,6.888888889,0.621428571,-0.191489362,0.723076923,0.654135338,0.15625,1.230769231,0.233333333,0.739393939,13.2,0.461001922,0.621428571,0.233333333,0.766666667,0.378571429,0.345864662,87,14,87,14,46,133,67,46,53,0.791044776,0.465441651,0.465441651,0.276663389,0.038271315,0.03658368,0.699831744,0.244882235,0.366924483,0.960210312,0.164415278,2.458064516,0.191489362,0.739393939,-0.111839158,0.355905512,0.606950131,0.766666667,0.378571429,0.191489362,0.7,[0.721],60,-0.073490814,0.716330516,0.512077295,0.14101229,0.505,0.572619048,0.572619048,0.306098293,-38801.78828,0.547904578,0.789431617,0.503393855,0.6637191,,,,,,,
7fe73118-87a3-4a1f-8c27-8246a48e7834,NuSVC,PREPROCESSING,UNAWARENESS,UNAWARENESS_FAIR_SMOTE,0.55,0.457142857,0.39,0.457142857,0.766666667,0.820512821,140,0.45,-0.02152231,0.955913978,0.179487179,0.308080808,6.545454545,0.542857143,-0.338297872,0.47,0.62295082,0.090659341,1.1375,0.233333333,0.739393939,13.2,0.371665616,0.542857143,0.233333333,0.766666667,0.457142857,0.37704918,76,14,76,14,46,122,78,46,64,0.820512821,0.538845906,0.538845906,0.293666583,0.043120031,0.040582775,0.714261167,0.255084507,0.372572653,0.862166592,0.216489518,2.587037037,0.338297872,0.739393939,-0.108710734,0.449868766,0.51170224,0.766666667,0.457142857,0.338297872,0.7,[0.721],60,-0.073490814,0.716330516,0.587155963,0.210276621,0.45,0.611904762,0.611904762,0.282182386,-71363.98543,0.401096067,0.679807659,0.567970956,0.63793655,,,,,,,
7fe73118-87a3-4a1f-8c27-8246a48e7834,LinearDiscriminantAnalysis,PREPROCESSING,UNAWARENESS,UNAWARENESS_FAIR_SMOTE,0.48,0.364285714,0.33,0.364285714,0.75,0.772727273,140,0.52,0.048818898,1.088571429,0.227272727,0.344444444,4.444444444,0.635714286,-0.212765957,0.701492537,0.664179104,0.142611684,1.206467662,0.25,0.709090909,8.8,0.482615268,0.635714286,0.25,0.75,0.364285714,0.335820896,89,15,89,15,45,134,66,45,51,0.772727273,0.460928433,0.460928433,0.284781999,0.040550393,0.03873974,0.703547025,0.247489208,0.368379492,0.982461468,0.196676141,2.54,0.212765957,0.709090909,-0.10091638,0.363779528,0.627070503,0.75,0.364285714,0.212765957,0.7,[0.721],60,-0.073490814,0.716330516,0.495145631,0.111380002,0.52,0.557142857,0.557142857,0.300339873,-59659.57576,0.496324952,0.785731972,0.487455197,0.652618284,,,,,,,
7fe73118-87a3-4a1f-8c27-8246a48e7834,CalibratedClassifierCV,PREPROCESSING,UNAWARENESS,HYPERPARAMETER_FAIR_SMOTE,0.495,0.378571429,0.335,0.378571429,0.766666667,0.791044776,140,0.505,0.072440945,1.137313433,0.208955224,0.379928315,6.888888889,0.621428571,-0.191489362,0.723076923,0.654135338,0.15625,1.230769231,0.233333333,0.739393939,13.2,0.461001922,0.621428571,0.233333333,0.766666667,0.378571429,0.345864662,87,14,87,14,46,133,67,46,53,0.791044776,0.465441651,0.465441651,0.276663389,0.038271315,0.03658368,0.699831744,0.244882235,0.366924483,0.960210312,0.164415278,2.458064516,0.191489362,0.739393939,-0.111839158,0.355905512,0.606950131,0.766666667,0.378571429,0.191489362,0.7,[0.721],60,-0.073490814,0.716330516,0.512077295,0.14101229,0.505,0.572619048,0.572619048,0.306098293,-38801.78828,0.547904578,0.789431617,0.503393855,0.6637191,6.219658852,117.6,0,34239.54814,0,142664.7839,12.32465217
7fe73118-87a3-4a1f-8c27-8246a48e7834,AdaBoostClassifier,PREPROCESSING,UNAWARENESS,HYPERPARAMETER_FAIR_SMOTE,0.575,0.55,0.495,0.55,0.633333333,0.777777778,140,0.425,0.17480315,1.411111111,0.222222222,0.289272031,2.864197531,0.45,0.021276596,1.044444444,0.623762376,0.18115942,1.277777778,0.366666667,0.527272727,2.933333333,0.302974566,0.45,0.366666667,0.633333333,0.55,0.376237624,63,22,63,22,38,101,99,38,77,0.777777778,0.274274662,0.252998066,0.15338908,0.011764105,0.010965804,0.647988565,0.20994459,0.346274064,0.778427345,-0.39272479,1.313793103,-0.021276596,0.527272727,-0.054056305,0.143307087,0.421227478,0.633333333,0.55,-0.021276596,0.7,[0.721],60,-0.073490814,0.716330516,0.644351464,0.168036178,0.425,0.591666667,0.591666667,0.441976144,-27741.7885,0.505996132,0.9326492,0.607703526,0.791563359,16.54330802,119,0,34378.3993,0,143243.3304,12.37463215
7fe73118-87a3-4a1f-8c27-8246a48e7834,AdaBoostClassifier,PREPROCESSING,UNAWARENESS,FAIR_PCA_FAIR_SMOTE,0.555,0.492857143,0.435,0.492857143,0.7,0.793103448,140,0.445,0.217847769,1.485380117,0.206896552,0.37755102,4.083333333,0.507142857,0.057446809,1.105882353,0.628318584,0.203296703,1.31092437,0.3,0.618181818,4.4,0.34686936,0.507142857,0.3,0.7,0.492857143,0.371681416,71,18,71,18,42,113,87,42,69,0.793103448,0.337814313,0.280367505,0.18990349,0.018031668,0.016533008,0.650361903,0.211485303,0.347254435,0.832909791,-0.265264088,1.382312925,-0.057446809,0.618181818,-0.087127159,0.147506562,0.47763511,0.7,0.492857143,-0.057446809,0.7,[0.725],60,-0.073490814,0.716330516,0.607929515,0.178269285,0.445,0.596428571,0.596428571,0.429209381,-27877.63012,0.56073501,0.92017462,0.580260242,0.769849576,,,,,,,
7fe73118-87a3-4a1f-8c27-8246a48e7834,GradientBoostingClassifier,PREPROCESSING,UNAWARENESS,FAIR_PCA_FAIR_SMOTE,0.45,0.278571429,0.24,0.278571429,0.85,0.8125,140,0.55,-0.13175853,0.779824561,0.1875,0.109090909,2.2,0.721428571,-0.187234043,0.762162162,0.664473684,-0.104761905,0.851351351,0.15,0.139393939,3.3,0.580246914,0.721428571,0.15,0.85,0.278571429,0.335526316,101,9,101,9,51,152,48,51,39,0.8125,0.163313991,0.163313991,0.269277732,0.036255248,0.034437423,0.665660301,0.221551818,0.353443702,1.077262191,0.055743923,1.924242424,0.187234043,0.187234043,-0.106926407,0.160104987,0.73171067,0.85,0.278571429,0.187234043,0.7,[0.725],60,-0.073490814,0.716330516,0.414893617,0.137956351,0.55,0.564285714,0.564285714,0.472129962,-49831.30419,-0.047840103,0.967148849,0.431734317,0.684279515,,,,,,,
7fe73118-87a3-4a1f-8c27-8246a48e7834,RandomForestClassifier,PREPROCESSING,UNAWARENESS,FAIR_PCA_FAIR_SMOTE,0.56,0.442857143,0.36,0.442857143,0.833333333,0.861111111,140,0.44,-0.013648294,0.971584699,0.138888889,0.257142857,10,0.557142857,-0.138297872,0.783333333,0.609375,-0.027173913,0.958333333,0.166666667,0.36969697,13.2,0.372359963,0.557142857,0.166666667,0.833333333,0.442857143,0.390625,78,10,78,10,50,128,72,50,62,0.861111111,0.253997421,0.253997421,0.251759817,0.031691503,0.030456698,0.661660997,0.218897638,0.351841725,0.862971568,-0.023795893,1.693333333,0.138297872,0.36969697,-0.142158385,0.191076115,0.520537744,0.833333333,0.442857143,0.138297872,0.7,[0.725],60,-0.073490814,0.716330516,0.58490566,0.263679951,0.44,0.638095238,0.638095238,0.476020693,-37163.15923,0.231399097,0.924271394,0.572181938,0.766956948,,,,,,,
7fe73118-87a3-4a1f-8c27-8246a48e7834,CalibratedClassifierCV,PREPROCESSING,UNAWARENESS,FAIR_PCA_FAIR_SMOTE,0.435,0.271428571,0.245,0.271428571,0.816666667,0.775510204,140,0.565,-0.072965879,0.87965368,0.224489796,0.173333333,2.083333333,0.728571429,-0.176595745,0.77260274,0.675496689,-0.049019608,0.931506849,0.183333333,0.278787879,3.3,0.602600791,0.728571429,0.183333333,0.816666667,0.271428571,0.324503311,102,11,102,11,49,151,49,49,38,0.775510204,0.227691812,0.227691812,0.230143127,0.026482929,0.024876928,0.671996828,0.225789869,0.355966505,1.097816734,-0.00376525,2.032,0.176595745,0.278787879,-0.111176471,0.203149606,0.74687075,0.816666667,0.271428571,0.176595745,0.7,[0.725],60,-0.073490814,0.716330516,0.402116402,0.093865406,0.565,0.544047619,0.544047619,0.420172431,-42268.57893,0.102192134,0.939770824,0.417912334,0.663566371,,,,,,,
7fe73118-87a3-4a1f-8c27-8246a48e7834,NuSVC,PREPROCESSING,UNAWARENESS,FAIR_PCA_FAIR_SMOTE,0.495,0.321428571,0.255,0.321428571,0.9,0.882352941,140,0.505,0.064566929,1.120588235,0.117647059,0.4,inf,0.678571429,-0.023404255,0.967647059,0.637583893,0.026732673,1.039705882,0.1,0.4,inf,0.498295593,0.678571429,0.1,0.9,0.321428571,0.362416107,95,6,95,6,54,149,51,54,45,0.882352941,0.211702128,0.211702128,0.21703616,0.023552347,0.022736574,0.65686287,0.215734415,0.349906804,0.998294138,0.095565417,1.628205128,0.023404255,0.4,-0.186633663,0.128608924,0.663721996,0.9,0.321428571,0.023404255,0.7,[0.725],60,-0.073490814,0.716330516,0.471204188,0.232806488,0.505,0.610714286,0.610714286,0.481424772,-79724.01908,0.376595745,0.986610527,0.482809071,0.732001101,,,,,,,
7fe73118-87a3-4a1f-8c27-8246a48e7834,LinearDiscriminantAnalysis,PREPROCESSING,UNAWARENESS,FAIR_PCA_FAIR_SMOTE,0.425,0.257142857,0.235,0.257142857,0.816666667,0.765957447,140,0.575,-0.088713911,0.857383966,0.234042553,0.15942029,1.916666667,0.742857143,-0.19787234,0.752,0.679738562,-0.054487179,0.924444444,0.183333333,0.278787879,3.3,0.626735959,0.742857143,0.183333333,0.816666667,0.257142857,0.320261438,104,11,104,11,49,153,47,49,36,0.765957447,0.23833011,0.23833011,0.247660421,0.030667842,0.028799612,0.677900525,0.229774561,0.358304055,1.119585601,0.077912781,2.208695652,0.19787234,0.278787879,-0.106953735,0.218897638,0.768004775,0.816666667,0.257142857,0.19787234,0.7,[0.725],60,-0.073490814,0.716330516,0.385026738,0.079773271,0.575,0.536904762,0.536904762,0.408944191,-70026.20419,0.080915538,0.931839023,0.404027067,0.649157425,,,,,,,
7fe73118-87a3-4a1f-8c27-8246a48e7834,CalibratedClassifierCV,PREPROCESSING,UNAWARENESS,HYPERPARAMETER_FAIR_PCA_FAIR_SMOTE,0.435,0.271428571,0.245,0.271428571,0.816666667,0.775510204,140,0.565,-0.072965879,0.87965368,0.224489796,0.173333333,2.083333333,0.728571429,-0.176595745,0.77260274,0.675496689,-0.049019608,0.931506849,0.183333333,0.278787879,3.3,0.602600791,0.728571429,0.183333333,0.816666667,0.271428571,0.324503311,102,11,102,11,49,151,49,49,38,0.775510204,0.227691812,0.227691812,0.230143127,0.026482929,0.024876928,0.671996828,0.225789869,0.355966505,1.097816734,-0.00376525,2.032,0.176595745,0.278787879,-0.111176471,0.203149606,0.74687075,0.816666667,0.271428571,0.176595745,0.7,[0.725],60,-0.073490814,0.716330516,0.402116402,0.093865406,0.565,0.544047619,0.544047619,0.420172431,-42268.57893,0.102192134,0.939770824,0.417912334,0.663566371,6.165377855,117.4,0,34706.12483,0,144608.8535,12.49259818
7fe73118-87a3-4a1f-8c27-8246a48e7834,AdaBoostClassifier,PREPROCESSING,UNAWARENESS,HYPERPARAMETER_FAIR_PCA_FAIR_SMOTE,0.54,0.485714286,0.44,0.485714286,0.666666667,0.772727273,140,0.46,0.209973753,1.459770115,0.227272727,0.36,3.571428571,0.514285714,0.057446809,1.105882353,0.642857143,0.194805195,1.294117647,0.333333333,0.587878788,3.771428571,0.358290723,0.514285714,0.333333333,0.666666667,0.485714286,0.357142857,72,20,72,20,40,112,88,40,68,0.772727273,0.322662798,0.26521599,0.18431649,0.016986284,0.01556384,0.649364693,0.210837252,0.346843459,0.846511339,-0.283773606,1.354666667,-0.057446809,0.587878788,-0.082597403,0.139632546,0.488442169,0.666666667,0.485714286,-0.057446809,0.7,[0.725],60,-0.073490814,0.716330516,0.596491228,0.14067599,0.46,0.576190476,0.576190476,0.423375549,-27791.23146,0.530431979,0.925417099,0.566841618,0.76426328,16.35900307,117.2,0,34817.01227,0,145070.8845,12.53251252
7fe73118-87a3-4a1f-8c27-8246a48e7834,AdaBoostClassifier,PREPROCESSING,UNAWARENESS,UNAWARENESS_BAL_GAN_FAIR,0.69,0.778571429,0.7,0.778571429,0.483333333,0.778571429,140,0.31,0.281364829,2.116666667,0.221428571,0.227272727,2.538461538,0.221428571,0.29787234,2.473684211,0.516666667,0.227106227,1.466165414,0.516666667,0.206060606,1.523076923,0.155,0.221428571,0.516666667,0.483333333,0.778571429,0.483333333,31,31,31,31,29,60,140,29,109,0.778571429,0.251966473,-0.045905867,0.115611595,0.00668302,0.006195799,0.639967308,0.204779078,0.342893295,0.556776436,0.24875038,0.76969697,-0.29787234,0.29787234,-8.33E-05,-0.159580052,0.214875626,0.483333333,0.778571429,-0.29787234,0.7,[0.721],60,-0.073490814,0.716330516,0.778571429,0.261904762,0.31,0.630952381,0.630952381,0.659916797,-27553.81995,-0.091811734,0.806215769,0.731614786,0.779713924,,,,,,,
7fe73118-87a3-4a1f-8c27-8246a48e7834,GradientBoostingClassifier,PREPROCESSING,UNAWARENESS,UNAWARENESS_BAL_GAN_FAIR,0.715,0.814285714,0.725,0.814285714,0.483333333,0.786206897,140,0.285,0.222572178,1.911827957,0.213793103,0.179487179,2.166666667,0.185714286,0.219148936,2.211764706,0.472727273,0.194444444,1.411764706,0.516666667,0.175757576,1.414285714,0.135336109,0.185714286,0.516666667,0.483333333,0.814285714,0.527272727,26,31,26,31,29,55,145,29,114,0.786206897,0.197453256,-0.02169568,0.10442136,0.00545191,0.005064222,0.639305678,0.204355875,0.342584081,0.520261683,0.105649536,0.837362637,-0.219148936,0.219148936,0.007478632,-0.116535433,0.184942144,0.483333333,0.814285714,-0.219148936,0.7,[0.721],60,-0.073490814,0.716330516,0.8,0.305446406,0.285,0.648809524,0.648809524,0.662885888,-31391.20663,-0.04339136,0.864124277,0.755115512,0.824451562,,,,,,,
7fe73118-87a3-4a1f-8c27-8246a48e7834,RandomForestClassifier,PREPROCESSING,UNAWARENESS,UNAWARENESS_BAL_GAN_FAIR,0.73,0.842857143,0.75,0.842857143,0.466666667,0.786666667,140,0.27,0.112860892,1.511904762,0.213333333,0.109461967,1.670454545,0.157142857,0.072340426,1.566666667,0.44,0.086206897,1.208333333,0.533333333,0.115151515,1.2375,0.121315193,0.157142857,0.533333333,0.466666667,0.842857143,0.56,22,32,22,32,28,50,150,28,118,0.786666667,0.09374597,0.021405545,0.065487614,0.002144314,0.002002573,0.639221631,0.204302147,0.342544354,0.492575259,-0.403183263,0.950340136,-0.072340426,0.115151515,-0.011627535,-0.03832021,0.162454691,0.466666667,0.842857143,-0.072340426,0.7,[0.721],60,-0.073490814,0.716330516,0.813793103,0.32756921,0.27,0.654761905,0.654761905,0.640746369,-34511.35074,0.04281109,0.954208168,0.769622515,0.883569931,,,,,,,
7fe73118-87a3-4a1f-8c27-8246a48e7834,CalibratedClassifierCV,PREPROCESSING,UNAWARENESS,UNAWARENESS_BAL_GAN_FAIR,0.7,0.814285714,0.74,0.814285714,0.433333333,0.77027027,140,0.3,0.222572178,1.911827957,0.22972973,0.158075601,1.901960784,0.185714286,0.25106383,2.685714286,0.5,0.2,1.428571429,0.566666667,0.084848485,1.164705882,0.137943787,0.185714286,0.566666667,0.433333333,0.814285714,0.5,26,34,26,34,26,52,148,26,114,0.77027027,0.167956157,-0.083107672,0.090272843,0.004074593,0.003749912,0.639926187,0.204752762,0.342873908,0.525250011,0.105649536,0.78556701,-0.25106383,0.25106383,0.020962199,-0.163779528,0.187385096,0.433333333,0.814285714,-0.25106383,0.7,[0.721],60,-0.073490814,0.716330516,0.791666667,0.258696863,0.3,0.623809524,0.623809524,0.675652881,-29244.14034,-0.166215345,0.817212017,0.74301676,0.790886879,,,,,,,
7fe73118-87a3-4a1f-8c27-8246a48e7834,NuSVC,PREPROCESSING,UNAWARENESS,UNAWARENESS_BAL_GAN_FAIR,0.72,0.835714286,0.75,0.835714286,0.45,0.78,140,0.28,0.155905512,1.638709677,0.22,0.124742268,1.711764706,0.164285714,0.15106383,2.014285714,0.46,0.133333333,1.285714286,0.55,0.084848485,1.164705882,0.12585034,0.164285714,0.55,0.45,0.835714286,0.54,23,33,23,33,27,50,150,27,117,0.78,0.117956157,-0.033107672,0.084725299,0.003589188,0.003288697,0.63915719,0.204260957,0.342515744,0.501697798,-0.061404548,0.872852234,-0.15106383,0.15106383,0.004295533,-0.097112861,0.169056093,0.45,0.835714286,-0.15106383,0.7,[0.721],60,-0.073490814,0.716330516,0.806896552,0.302371578,0.28,0.642857143,0.642857143,0.664140647,-29441.65778,-0.066215345,0.895773683,0.76097561,0.845830628,,,,,,,
7fe73118-87a3-4a1f-8c27-8246a48e7834,LinearDiscriminantAnalysis,PREPROCESSING,UNAWARENESS,UNAWARENESS_BAL_GAN_FAIR,0.695,0.792857143,0.715,0.792857143,0.466666667,0.776223776,140,0.305,0.297112861,2.257777778,0.223776224,0.215425532,2.35,0.207142857,0.340425532,3.133333333,0.50877193,0.25974026,1.571428571,0.533333333,0.145454545,1.32,0.147916717,0.207142857,0.533333333,0.466666667,0.792857143,0.49122807,29,32,29,32,28,57,143,28,111,0.776223776,0.242940039,-0.097485493,0.102025011,0.005204551,0.004802482,0.641002616,0.205442177,0.343387008,0.543905722,0.24875038,0.720567376,-0.340425532,0.340425532,0.022157364,-0.206824147,0.203640548,0.466666667,0.792857143,-0.340425532,0.7,[0.721],60,-0.073490814,0.716330516,0.784452297,0.263458008,0.305,0.629761905,0.629761905,0.691154555,-34140.36328,-0.194970986,0.758625447,0.737021866,0.751284894,,,,,,,
7fe73118-87a3-4a1f-8c27-8246a48e7834,CalibratedClassifierCV,PREPROCESSING,UNAWARENESS,HYPERPARAMETER_BAL_GAN_FAIR,0.7,0.814285714,0.74,0.814285714,0.433333333,0.77027027,140,0.3,0.222572178,1.911827957,0.22972973,0.158075601,1.901960784,0.185714286,0.25106383,2.685714286,0.5,0.2,1.428571429,0.566666667,0.084848485,1.164705882,0.137943787,0.185714286,0.566666667,0.433333333,0.814285714,0.5,26,34,26,34,26,52,148,26,114,0.77027027,0.167956157,-0.083107672,0.090272843,0.004074593,0.003749912,0.639926187,0.204752762,0.342873908,0.525250011,0.105649536,0.78556701,-0.25106383,0.25106383,0.020962199,-0.163779528,0.187385096,0.433333333,0.814285714,-0.25106383,0.7,[0.721],60,-0.073490814,0.716330516,0.791666667,0.258696863,0.3,0.623809524,0.623809524,0.675652881,-29244.14034,-0.166215345,0.817212017,0.74301676,0.790886879,6.170866728,118.3,0,37059.68206,0,154415.3419,13.33976982
7fe73118-87a3-4a1f-8c27-8246a48e7834,AdaBoostClassifier,PREPROCESSING,UNAWARENESS,HYPERPARAMETER_BAL_GAN_FAIR,0.69,0.785714286,0.71,0.785714286,0.466666667,0.774647887,140,0.31,0.273490814,2.052525253,0.225352113,0.210164835,2.275,0.214285714,0.308510638,2.611111111,0.517241379,0.214285714,1.428571429,0.533333333,0.145454545,1.32,0.151896873,0.214285714,0.533333333,0.466666667,0.785714286,0.482758621,30,32,30,32,28,58,142,28,110,0.774647887,0.226982592,-0.081528046,0.09257034,0.004284634,0.004078091,0.640446232,0.205085688,0.343120415,0.551174878,-0.087721857,0.744322344,-0.308510638,0.308510638,0.00206044,-0.1832021,0.209660657,0.466666667,0.785714286,-0.308510638,0.7,[0.721],60,-0.073490814,0.716330516,0.780141844,0.254881344,0.31,0.626190476,0.626190476,0.677242562,-27610.76458,-0.163056093,0.783896306,0.732307395,0.765910913,15.9986589,117.8,0,37164.85848,0,154853.577,13.37762846
7fe73118-87a3-4a1f-8c27-8246a48e7834,AdaBoostClassifier,PREPROCESSING,UNAWARENESS,FAIR_PCA_BAL_GAN_FAIR,0.685,0.778571429,0.705,0.778571429,0.466666667,0.773049645,140,0.315,0.273490814,2.052525253,0.226950355,0.210164835,2.275,0.221428571,0.308510638,2.611111111,0.525423729,0.214285714,1.428571429,0.533333333,0.145454545,1.32,0.155924358,0.221428571,0.533333333,0.466666667,0.778571429,0.474576271,31,32,31,32,28,59,141,28,109,0.773049645,0.226982592,-0.081528046,0.090437606,0.00408948,0.00386665,0.640446232,0.205085688,0.343120415,0.558434165,-0.087721857,0.744322344,-0.308510638,0.308510638,0.00206044,-0.1832021,0.215716038,0.466666667,0.778571429,-0.308510638,0.7,[0.725],60,-0.073490814,0.716330516,0.775800712,0.246429114,0.315,0.622619048,0.622619048,0.673379962,-27556.47144,-0.163056093,0.783896306,0.727578352,0.764179294,,,,,,,
7fe73118-87a3-4a1f-8c27-8246a48e7834,GradientBoostingClassifier,PREPROCESSING,UNAWARENESS,FAIR_PCA_BAL_GAN_FAIR,0.685,0.792857143,0.725,0.792857143,0.433333333,0.765517241,140,0.315,0.206824147,1.795959596,0.234482759,0.168498168,2.022222222,0.207142857,0.208510638,2.088888889,0.527272727,0.166666667,1.333333333,0.566666667,0.145454545,1.32,0.149613325,0.207142857,0.566666667,0.433333333,0.792857143,0.472727273,29,34,29,34,26,55,145,26,111,0.765517241,0.176982592,-0.031528046,0.119123581,0.007095214,0.006419422,0.639305678,0.204355875,0.342584081,0.547016134,0.61647516,0.837362637,-0.208510638,0.208510638,-0.000915751,-0.116535433,0.205229379,0.433333333,0.792857143,-0.208510638,0.7,[0.725],60,-0.073490814,0.716330516,0.778947368,0.232139269,0.315,0.613095238,0.613095238,0.632424933,-31279.06565,-0.063056093,0.865402197,0.728959195,0.814579218,,,,,,,
7fe73118-87a3-4a1f-8c27-8246a48e7834,RandomForestClassifier,PREPROCESSING,UNAWARENESS,FAIR_PCA_BAL_GAN_FAIR,0.74,0.878571429,0.79,0.878571429,0.416666667,0.778481013,140,0.26,0.203149606,2.032,0.221518987,0.16828479,2.019607843,0.121428571,0.114893617,2.35,0.404761905,0.333333333,2,0.583333333,0.284848485,1.552941176,0.106009595,0.121428571,0.583333333,0.416666667,0.878571429,0.595238095,17,35,17,35,25,42,158,25,123,0.778481013,0.199871051,0.084977434,0.054863274,0.001504989,0.001426574,0.639451297,0.204448981,0.342646727,0.460455416,-0.365886122,0.986407767,-0.114893617,0.284848485,0.082524272,-0.011023622,0.136392499,0.416666667,0.878571429,-0.114893617,0.7,[0.725],60,-0.073490814,0.716330516,0.825503356,0.332168809,0.26,0.647619048,0.647619048,0.592586043,-32385.95137,0.169954868,0.941707607,0.780416702,0.881013748,,,,,,,
7fe73118-87a3-4a1f-8c27-8246a48e7834,CalibratedClassifierCV,PREPROCESSING,UNAWARENESS,FAIR_PCA_BAL_GAN_FAIR,0.71,0.814285714,0.73,0.814285714,0.466666667,0.780821918,140,0.29,0.246194226,2.116666667,0.219178082,0.177083333,2.133333333,0.185714286,0.261702128,2.892307692,0.481481481,0.247311828,1.58974359,0.533333333,0.145454545,1.32,0.136252239,0.185714286,0.533333333,0.466666667,0.814285714,0.518518519,26,32,26,32,28,54,146,28,114,0.780821918,0.203578337,-0.058123791,0.093154307,0.004338862,0.003972115,0.639798329,0.204670951,0.342813756,0.522019614,0.105649536,0.79375,-0.261702128,0.261702128,0.035114247,-0.155905512,0.185787895,0.466666667,0.814285714,-0.261702128,0.7,[0.725],60,-0.073490814,0.716330516,0.797202797,0.290000704,0.29,0.64047619,0.64047619,0.677703095,-29239.76965,-0.116247582,0.822923096,0.751078736,0.797494995,,,,,,,
7fe73118-87a3-4a1f-8c27-8246a48e7834,NuSVC,PREPROCESSING,UNAWARENESS,FAIR_PCA_BAL_GAN_FAIR,0.72,0.85,0.77,0.85,0.416666667,0.772727273,140,0.28,0.097112861,1.411111111,0.227272727,0.099257885,1.572192513,0.15,0.061702128,1.446153846,0.456521739,0.051724138,1.115384615,0.583333333,0.084848485,1.164705882,0.120141497,0.15,0.583333333,0.416666667,0.85,0.543478261,21,35,21,35,25,46,154,25,119,0.772727273,0.073275306,0.011573179,0.080701446,0.003256362,0.003020292,0.639221631,0.204302147,0.342544354,0.490186693,-0.262075244,0.950340136,-0.061702128,0.084848485,-0.023766874,-0.03832021,0.159071738,0.416666667,0.85,-0.061702128,0.7,[0.725],60,-0.073490814,0.716330516,0.80952381,0.290381603,0.28,0.633333333,0.633333333,0.626003654,-29332.16964,0.023146357,0.959331465,0.762141968,0.883164242,,,,,,,
7fe73118-87a3-4a1f-8c27-8246a48e7834,LinearDiscriminantAnalysis,PREPROCESSING,UNAWARENESS,FAIR_PCA_BAL_GAN_FAIR,0.695,0.792857143,0.715,0.792857143,0.466666667,0.776223776,140,0.305,0.297112861,2.257777778,0.223776224,0.215425532,2.35,0.207142857,0.340425532,3.133333333,0.50877193,0.25974026,1.571428571,0.533333333,0.145454545,1.32,0.147916717,0.207142857,0.533333333,0.466666667,0.792857143,0.49122807,29,32,29,32,28,57,143,28,111,0.776223776,0.242940039,-0.097485493,0.102025011,0.005204551,0.004802482,0.641002616,0.205442177,0.343387008,0.543905722,0.24875038,0.720567376,-0.340425532,0.340425532,0.022157364,-0.206824147,0.203640548,0.466666667,0.792857143,-0.340425532,0.7,[0.725],60,-0.073490814,0.716330516,0.784452297,0.263458008,0.305,0.629761905,0.629761905,0.691154555,-34172.41145,-0.194970986,0.758625447,0.737021866,0.751284894,,,,,,,
7fe73118-87a3-4a1f-8c27-8246a48e7834,CalibratedClassifierCV,PREPROCESSING,UNAWARENESS,HYPERPARAMETER_FAIR_PCA_BAL_GAN_FAIR,0.71,0.814285714,0.73,0.814285714,0.466666667,0.780821918,140,0.29,0.246194226,2.116666667,0.219178082,0.177083333,2.133333333,0.185714286,0.261702128,2.892307692,0.481481481,0.247311828,1.58974359,0.533333333,0.145454545,1.32,0.136252239,0.185714286,0.533333333,0.466666667,0.814285714,0.518518519,26,32,26,32,28,54,146,28,114,0.780821918,0.203578337,-0.058123791,0.093154307,0.004338862,0.003972115,0.639798329,0.204670951,0.342813756,0.522019614,0.105649536,0.79375,-0.261702128,0.261702128,0.035114247,-0.155905512,0.185787895,0.466666667,0.814285714,-0.261702128,0.7,[0.725],60,-0.073490814,0.716330516,0.797202797,0.290000704,0.29,0.64047619,0.64047619,0.677703095,-29239.76965,-0.116247582,0.822923096,0.751078736,0.797494995,6.17570281,117.8,0,37506.10471,0,156275.4363,13.5004613
7fe73118-87a3-4a1f-8c27-8246a48e7834,AdaBoostClassifier,PREPROCESSING,UNAWARENESS,HYPERPARAMETER_FAIR_PCA_BAL_GAN_FAIR,0.69,0.778571429,0.7,0.778571429,0.483333333,0.778571429,140,0.31,0.281364829,2.116666667,0.221428571,0.219444444,2.410714286,0.221428571,0.308510638,2.611111111,0.516666667,0.227799228,1.468253968,0.516666667,0.175757576,1.414285714,0.155,0.221428571,0.516666667,0.483333333,0.778571429,0.483333333,31,31,31,31,29,60,140,29,109,0.778571429,0.242134107,-0.066376531,0.092528618,0.004280773,0.004038206,0.640277389,0.204977568,0.343040077,0.556776436,-0.087721857,0.752592593,-0.308510638,0.308510638,0.004177392,-0.175328084,0.214875626,0.483333333,0.778571429,-0.308510638,0.7,[0.725],60,-0.073490814,0.716330516,0.778571429,0.261904762,0.31,0.630952381,0.630952381,0.672832811,-27611.92466,-0.132753063,0.7907337,0.731614786,0.769993647,16.06327295,117.7,0,37615.06092,0,156729.4205,13.53968049
7fe73118-87a3-4a1f-8c27-8246a48e7834,AdaBoostClassifier,PREPROCESSING,UNAWARENESS,UNAWARENESS_DEMV,0.695,0.785714286,0.705,0.785714286,0.483333333,0.780141844,140,0.305,0.206824147,1.795959596,0.219858156,0.176029963,2.119047619,0.214285714,0.19787234,1.978947368,0.508474576,0.166666667,1.333333333,0.516666667,0.175757576,1.414285714,0.150973986,0.214285714,0.516666667,0.483333333,0.785714286,0.491525424,30,31,30,31,29,59,141,29,110,0.780141844,0.186814958,-0.011057382,0.106017621,0.005619868,0.005138061,0.639186038,0.204279396,0.342528971,0.549497927,0.105649536,0.856179775,-0.19787234,0.19787234,-0.004681648,-0.100787402,0.208819051,0.483333333,0.785714286,-0.19787234,0.7,[0.721],60,-0.073490814,0.716330516,0.782918149,0.27035427,0.305,0.63452381,0.63452381,0.641539982,-27548.91376,-0.022114765,0.881459472,0.736344045,0.827124149,,,,,,,
7fe73118-87a3-4a1f-8c27-8246a48e7834,GradientBoostingClassifier,PREPROCESSING,UNAWARENESS,UNAWARENESS_DEMV,0.72,0.814285714,0.72,0.814285714,0.5,0.791666667,140,0.28,0.222572178,1.911827957,0.208333333,0.195402299,2.416666667,0.185714286,0.19787234,1.978947368,0.464285714,0.191666667,1.403508772,0.5,0.236363636,1.65,0.134371396,0.185714286,0.5,0.5,0.814285714,0.535714286,26,30,26,30,30,56,144,30,114,0.791666667,0.217117988,0.019245648,0.137634702,0.009471656,0.008747773,0.639117073,0.204235317,0.342497407,0.518404081,0.61647516,0.875862069,-0.19787234,0.236363636,-0.001867816,-0.08503937,0.184064191,0.5,0.814285714,-0.19787234,0.7,[0.721],60,-0.073490814,0.716330516,0.802816901,0.320766514,0.28,0.657142857,0.657142857,0.644495717,-32104.97581,0.038491296,0.88869473,0.759156493,0.840867734,,,,,,,
7fe73118-87a3-4a1f-8c27-8246a48e7834,RandomForestClassifier,PREPROCESSING,UNAWARENESS,UNAWARENESS_DEMV,0.75,0.892857143,0.8,0.892857143,0.416666667,0.78125,140,0.25,0.03832021,1.167816092,0.21875,0.078282828,1.455882353,0.107142857,-0.027659574,0.783333333,0.375,-0.095238095,0.777777778,0.583333333,0.084848485,1.164705882,0.099173554,0.107142857,0.583333333,0.416666667,0.892857143,0.625,15,35,15,35,25,40,160,25,125,0.78125,0.05625403,0.05625403,0.086454885,0.003737224,0.003575704,0.639935733,0.204758871,0.342860536,0.445361771,-0.404718317,1.026262626,0.027659574,0.084848485,-0.086760462,0.020472441,0.12523665,0.416666667,0.892857143,0.027659574,0.7,[0.721],60,-0.073490814,0.716330516,0.833333333,0.354604072,0.25,0.654761905,0.654761905,0.617928909,-32336.09314,0.05718891,0.97958464,0.789473684,0.906796896,,,,,,,
7fe73118-87a3-4a1f-8c27-8246a48e7834,CalibratedClassifierCV,PREPROCESSING,UNAWARENESS,UNAWARENESS_DEMV,0.715,0.828571429,0.745,0.828571429,0.45,0.77852349,140,0.285,0.155905512,1.638709677,0.22147651,0.131578947,1.78125,0.171428571,0.140425532,1.88,0.470588235,0.13125,1.28,0.55,0.115151515,1.2375,0.129564341,0.171428571,0.55,0.45,0.828571429,0.529411765,24,33,24,33,27,51,149,27,116,0.77852349,0.127788524,-0.012637008,0.088896146,0.003951262,0.003635645,0.639107846,0.20422942,0.342493203,0.509046838,-0.061404548,0.89122807,-0.140425532,0.140425532,-0.000164474,-0.081364829,0.174871698,0.45,0.828571429,-0.140425532,0.7,[0.721],60,-0.073490814,0.716330516,0.802768166,0.292885581,0.285,0.639285714,0.639285714,0.647364373,-29711.1188,-0.025274017,0.911829765,0.756346393,0.853354596,,,,,,,
7fe73118-87a3-4a1f-8c27-8246a48e7834,NuSVC,PREPROCESSING,UNAWARENESS,UNAWARENESS_DEMV,0.71,0.835714286,0.76,0.835714286,0.416666667,0.769736842,140,0.29,0.155905512,1.638709677,0.230263158,0.124742268,1.711764706,0.164285714,0.15106383,2.014285714,0.479166667,0.133333333,1.285714286,0.583333333,0.084848485,1.164705882,0.12744749,0.164285714,0.583333333,0.416666667,0.835714286,0.520833333,23,35,23,35,25,48,152,25,117,0.769736842,0.117956157,-0.033107672,0.085154212,0.00362562,0.003360776,0.63915719,0.204260957,0.342515744,0.504871251,-0.061404548,0.872852234,-0.15106383,0.15106383,0.004295533,-0.097112861,0.170600444,0.416666667,0.835714286,-0.15106383,0.7,[0.721],60,-0.073490814,0.716330516,0.801369863,0.270803208,0.29,0.626190476,0.626190476,0.646922185,-30547.76352,-0.066215345,0.895773683,0.752923049,0.84249221,,,,,,,
7fe73118-87a3-4a1f-8c27-8246a48e7834,LinearDiscriminantAnalysis,PREPROCESSING,UNAWARENESS,UNAWARENESS_DEMV,0.7,0.8,0.72,0.8,0.466666667,0.777777778,140,0.3,0.214698163,1.852083333,0.222222222,0.163120567,1.958333333,0.2,0.229787234,2.35,0.5,0.181818182,1.375,0.533333333,0.115151515,1.2375,0.143983083,0.2,0.533333333,0.466666667,0.8,0.5,28,32,28,32,28,56,144,28,112,0.777777778,0.172469375,-0.057317859,0.095801511,0.004588965,0.004176309,0.639570573,0.204525259,0.34270712,0.536624792,0.105649536,0.810638298,-0.229787234,0.229787234,0.009348807,-0.14015748,0.197655312,0.466666667,0.8,-0.229787234,0.7,[0.721],60,-0.073490814,0.716330516,0.788732394,0.272165527,0.3,0.633333333,0.633333333,0.669634644,-34222.38138,-0.114635719,0.841087997,0.741721854,0.80513423,,,,,,,
7fe73118-87a3-4a1f-8c27-8246a48e7834,CalibratedClassifierCV,PREPROCESSING,UNAWARENESS,HYPERPARAMETER_DEMV,0.715,0.828571429,0.745,0.828571429,0.45,0.77852349,140,0.285,0.155905512,1.638709677,0.22147651,0.131578947,1.78125,0.171428571,0.140425532,1.88,0.470588235,0.13125,1.28,0.55,0.115151515,1.2375,0.129564341,0.171428571,0.55,0.45,0.828571429,0.529411765,24,33,24,33,27,51,149,27,116,0.77852349,0.127788524,-0.012637008,0.088896146,0.003951262,0.003635645,0.639107846,0.20422942,0.342493203,0.509046838,-0.061404548,0.89122807,-0.140425532,0.140425532,-0.000164474,-0.081364829,0.174871698,0.45,0.828571429,-0.140425532,0.7,[0.721],60,-0.073490814,0.716330516,0.802768166,0.292885581,0.285,0.639285714,0.639285714,0.647364373,-29711.1188,-0.025274017,0.911829765,0.756346393,0.853354596,6.149577141,117.9,0,38951.60503,0,162298.3543,14.0207745
7fe73118-87a3-4a1f-8c27-8246a48e7834,AdaBoostClassifier,PREPROCESSING,UNAWARENESS,HYPERPARAMETER_DEMV,0.695,0.792857143,0.715,0.792857143,0.466666667,0.776223776,140,0.305,0.206824147,1.795959596,0.223776224,0.168498168,2.022222222,0.207142857,0.208510638,2.088888889,0.50877193,0.166666667,1.333333333,0.533333333,0.145454545,1.32,0.147916717,0.207142857,0.533333333,0.466666667,0.792857143,0.49122807,29,32,29,32,28,57,143,28,111,0.776223776,0.176982592,-0.031528046,0.085982877,0.003696528,0.003476668,0.639305678,0.204355875,0.342584081,0.543905722,-0.2308227,0.837362637,-0.208510638,0.208510638,-0.000915751,-0.116535433,0.203640548,0.466666667,0.792857143,-0.208510638,0.7,[0.721],60,-0.073490814,0.716330516,0.784452297,0.263458008,0.305,0.629761905,0.629761905,0.649617067,-27607.91025,-0.063056093,0.865402197,0.737021866,0.817912055,15.98092008,118.1,0,39064.10055,0,162767.0856,14.06126768
7fe73118-87a3-4a1f-8c27-8246a48e7834,AdaBoostClassifier,PREPROCESSING,UNAWARENESS,FAIR_PCA_DEMV,0.685,0.778571429,0.705,0.778571429,0.466666667,0.773049645,140,0.315,0.191076115,1.693333333,0.226950355,0.164794007,1.977777778,0.221428571,0.187234043,1.88,0.525423729,0.140350877,1.266666667,0.533333333,0.145454545,1.32,0.155924358,0.221428571,0.533333333,0.466666667,0.778571429,0.474576271,31,32,31,32,28,59,141,28,109,0.773049645,0.166344294,-0.020889749,0.106017621,0.005619868,0.005138061,0.639186038,0.204279396,0.342528971,0.558434165,0.105649536,0.856179775,-0.187234043,0.187234043,-0.012221565,-0.100787402,0.215716038,0.466666667,0.778571429,-0.187234043,0.7,[0.725],60,-0.073490814,0.716330516,0.775800712,0.246429114,0.315,0.622619048,0.622619048,0.635625403,-27548.84222,-0.041779497,0.882658302,0.727578352,0.82410679,,,,,,,
7fe73118-87a3-4a1f-8c27-8246a48e7834,GradientBoostingClassifier,PREPROCESSING,UNAWARENESS,FAIR_PCA_DEMV,0.71,0.842857143,0.77,0.842857143,0.4,0.766233766,140,0.29,0.148031496,1.5875,0.233766234,0.122916667,1.694117647,0.157142857,0.140425532,1.88,0.47826087,0.116129032,1.24,0.6,0.084848485,1.164705882,0.124508691,0.157142857,0.6,0.4,0.842857143,0.52173913,22,36,22,36,24,46,154,24,118,0.766233766,0.112637008,-0.027788524,0.106982342,0.005722611,0.005281955,0.639126587,0.204241397,0.342501748,0.499016414,0.449421075,0.881944444,-0.140425532,0.140425532,-0.003393817,-0.089238845,0.165549749,0.4,0.842857143,-0.140425532,0.7,[0.725],60,-0.073490814,0.716330516,0.802721088,0.264454675,0.29,0.621428571,0.621428571,0.638697154,-31706.21248,-0.055577047,0.90420203,0.75351891,0.847696667,,,,,,,
7fe73118-87a3-4a1f-8c27-8246a48e7834,RandomForestClassifier,PREPROCESSING,UNAWARENESS,FAIR_PCA_DEMV,0.71,0.828571429,0.75,0.828571429,0.433333333,0.773333333,140,0.29,0.097112861,1.411111111,0.226666667,0.106060606,1.636363636,0.171428571,0.05106383,1.342857143,0.48,0.048387097,1.107142857,0.566666667,0.115151515,1.2375,0.130385488,0.171428571,0.566666667,0.433333333,0.828571429,0.52,24,34,24,34,26,50,150,26,116,0.773333333,0.083107672,0.032043843,0.068310747,0.002333179,0.002193736,0.639360283,0.204390786,0.342606261,0.510657395,-0.582799123,0.970138889,-0.05106383,0.115151515,-0.028836755,-0.022572178,0.175657494,0.433333333,0.828571429,-0.05106383,0.7,[0.725],60,-0.073490814,0.716330516,0.8,0.277173947,0.29,0.630952381,0.630952381,0.610734242,-32756.83067,0.064087685,0.965999243,0.752317881,0.882451478,,,,,,,
7fe73118-87a3-4a1f-8c27-8246a48e7834,CalibratedClassifierCV,PREPROCESSING,UNAWARENESS,FAIR_PCA_DEMV,0.72,0.828571429,0.74,0.828571429,0.466666667,0.783783784,140,0.28,0.163779528,1.693333333,0.216216216,0.140425532,1.88,0.171428571,0.140425532,1.88,0.461538462,0.145454545,1.32,0.533333333,0.145454545,1.32,0.128698225,0.171428571,0.533333333,0.466666667,0.828571429,0.538461538,24,32,24,32,28,52,148,28,116,0.783783784,0.142940039,0.002514507,0.09129748,0.004167615,0.003834346,0.639101482,0.204225352,0.342490309,0.507342537,-0.061404548,0.90070922,-0.140425532,0.145454545,0.002514507,-0.073490814,0.174055342,0.466666667,0.828571429,-0.140425532,0.7,[0.725],60,-0.073490814,0.716330516,0.805555556,0.30844626,0.28,0.647619048,0.647619048,0.645990605,-29783.26907,0.005029014,0.918390971,0.760378733,0.858896022,,,,,,,
7fe73118-87a3-4a1f-8c27-8246a48e7834,NuSVC,PREPROCESSING,UNAWARENESS,FAIR_PCA_DEMV,0.715,0.835714286,0.755,0.835714286,0.433333333,0.774834437,140,0.285,0.097112861,1.411111111,0.225165563,0.106060606,1.636363636,0.164285714,0.05106383,1.342857143,0.469387755,0.048387097,1.107142857,0.566666667,0.115151515,1.2375,0.12667056,0.164285714,0.566666667,0.433333333,0.835714286,0.530612245,23,34,23,34,26,49,151,26,117,0.774834437,0.083107672,0.032043843,0.085208991,0.003630286,0.00334897,0.639360283,0.204390786,0.342606261,0.503330031,-0.262075244,0.970138889,-0.05106383,0.115151515,-0.028836755,-0.022572178,0.169843159,0.433333333,0.835714286,-0.05106383,0.7,[0.725],60,-0.073490814,0.716330516,0.804123711,0.286670024,0.285,0.63452381,0.63452381,0.614191228,-30324.6224,0.064087685,0.965999243,0.756947508,0.884566812,,,,,,,
7fe73118-87a3-4a1f-8c27-8246a48e7834,LinearDiscriminantAnalysis,PREPROCESSING,UNAWARENESS,FAIR_PCA_DEMV,0.705,0.8,0.715,0.8,0.483333333,0.783216783,140,0.295,0.222572178,1.911827957,0.216783217,0.172043011,2.066666667,0.2,0.229787234,2.35,0.49122807,0.196078431,1.416666667,0.516666667,0.145454545,1.32,0.143063408,0.2,0.516666667,0.483333333,0.8,0.50877193,28,31,28,31,29,57,143,29,112,0.783216783,0.18762089,-0.042166344,0.097348118,0.004738328,0.004301784,0.639471567,0.204461942,0.342660995,0.534908232,0.105649536,0.819354839,-0.229787234,0.229787234,0.01201771,-0.132283465,0.196811512,0.483333333,0.8,-0.229787234,0.7,[0.725],60,-0.073490814,0.716330516,0.791519435,0.287628468,0.295,0.641666667,0.641666667,0.668723404,-34293.72319,-0.084332689,0.84830455,0.74575871,0.811126464,,,,,,,
7fe73118-87a3-4a1f-8c27-8246a48e7834,CalibratedClassifierCV,PREPROCESSING,UNAWARENESS,HYPERPARAMETER_FAIR_PCA_DEMV,0.72,0.828571429,0.74,0.828571429,0.466666667,0.783783784,140,0.28,0.163779528,1.693333333,0.216216216,0.140425532,1.88,0.171428571,0.140425532,1.88,0.461538462,0.145454545,1.32,0.533333333,0.145454545,1.32,0.128698225,0.171428571,0.533333333,0.466666667,0.828571429,0.538461538,24,32,24,32,28,52,148,28,116,0.783783784,0.142940039,0.002514507,0.09129748,0.004167615,0.003834346,0.639101482,0.204225352,0.342490309,0.507342537,-0.061404548,0.90070922,-0.140425532,0.145454545,0.002514507,-0.073490814,0.174055342,0.466666667,0.828571429,-0.140425532,0.7,[0.725],60,-0.073490814,0.716330516,0.805555556,0.30844626,0.28,0.647619048,0.647619048,0.645990605,-29783.26907,0.005029014,0.918390971,0.760378733,0.858896022,6.167742014,117.8,0,39629.98596,0,165124.9415,14.26496022
7fe73118-87a3-4a1f-8c27-8246a48e7834,AdaBoostClassifier,PREPROCESSING,UNAWARENESS,HYPERPARAMETER_FAIR_PCA_DEMV,0.705,0.792857143,0.705,0.792857143,0.5,0.787234043,140,0.295,0.222572178,1.911827957,0.212765957,0.187265918,2.282051282,0.207142857,0.208510638,2.088888889,0.491525424,0.192982456,1.407407407,0.5,0.206060606,1.523076923,0.146023613,0.207142857,0.5,0.5,0.792857143,0.508474576,29,30,29,30,30,59,141,30,111,0.787234043,0.207285622,-0.001225016,0.091447233,0.004181298,0.003928774,0.639186038,0.204279396,0.342528971,0.54041394,-0.2308227,0.856179775,-0.208510638,0.208510638,0.002858269,-0.100787402,0.201922065,0.5,0.792857143,-0.208510638,0.7,[0.725],60,-0.073490814,0.716330516,0.790035587,0.294279427,0.295,0.646428571,0.646428571,0.647220457,-27608.8173,-0.002450032,0.880140208,0.745099439,0.829997673,16.03183579,117.5,0,39734.65366,0,165561.0569,14.30263575
7fe73118-87a3-4a1f-8c27-8246a48e7834,AdaBoostClassifier,PREPROCESSING,UNAWARENESS,UNAWARENESS_FAIR_GAN,0.725,0.835714286,0.745,0.835714286,0.466666667,0.785234899,140,0.275,0.077690289,1.411111111,0.214765101,0.030188679,1.177777778,0.164285714,0.136170213,3.133333333,0.450980392,0.114285714,1.4,0.533333333,-0.145454545,0.733333333,0.124985692,0.164285714,0.533333333,0.466666667,0.835714286,0.549019608,23,32,23,32,28,51,149,28,117,0.785234899,0.140812379,-0.140812379,0.136580159,0.00932707,0.009403811,0.639891218,0.204730386,0.342857437,0.499971383,0.396005837,0.798742138,-0.136170213,0.145454545,0.042048518,-0.167979003,0.168238711,0.466666667,0.835714286,-0.136170213,0.7,[0.721],60,-0.073490814,0.716330516,0.809688581,0.317918537,0.275,0.651190476,0.651190476,0.742886156,-27573.49713,0.009284333,0.837628473,0.765007609,0.811936557,,,,,,,
7fe73118-87a3-4a1f-8c27-8246a48e7834,GradientBoostingClassifier,PREPROCESSING,UNAWARENESS,UNAWARENESS_FAIR_GAN,0.72,0.842857143,0.76,0.842857143,0.433333333,0.776315789,140,0.28,-0.044094488,0.819354839,0.223684211,-0.012356575,0.936363636,0.157142857,-0.017021277,0.854545455,0.458333333,-0.208333333,0.545454545,0.566666667,-0.206060606,0.66,0.122997508,0.157142857,0.566666667,0.433333333,0.842857143,0.541666667,22,34,22,34,26,48,152,26,118,0.776315789,0.111540941,-0.094519665,0.09684271,0.004689255,0.004486468,0.639103084,0.204226376,0.342491037,0.495978846,0.095565417,0.90420712,0.017021277,0.206060606,-0.097988379,-0.077690289,0.16406132,0.433333333,0.842857143,0.017021277,0.7,[0.721],60,-0.073490814,0.716330516,0.808219178,0.296350681,0.28,0.638095238,0.638095238,0.698407786,-31626.23153,0.189039329,0.927670026,0.761563284,0.864795675,,,,,,,
7fe73118-87a3-4a1f-8c27-8246a48e7834,RandomForestClassifier,PREPROCESSING,UNAWARENESS,UNAWARENESS_FAIR_GAN,0.72,0.9,0.84,0.9,0.3,0.75,140,0.28,0.179527559,1.814285714,0.25,0.157142857,1.785714286,0.1,0.036170213,1.566666667,0.4375,0.647058824,2.833333333,0.7,0.333333333,1.5,0.100184672,0.1,0.7,0.3,0.9,0.5625,14,42,14,42,18,32,168,18,126,0.75,0.184751773,0.14858156,0.070325815,0.00247286,0.00237028,0.640682546,0.205237063,0.343186559,0.447626345,0.347880346,1.077575758,-0.036170213,0.333333333,0.244957983,0.067191601,0.124341751,0.3,0.9,-0.036170213,0.7,[0.721],60,-0.073490814,0.716330516,0.818181818,0.25,0.28,0.6,0.6,0.510851064,-27113.21471,0.297163121,0.949649866,0.765957447,0.879354106,,,,,,,
7fe73118-87a3-4a1f-8c27-8246a48e7834,CalibratedClassifierCV,PREPROCESSING,UNAWARENESS,UNAWARENESS_FAIR_GAN,0.705,0.835714286,0.765,0.835714286,0.4,0.764705882,140,0.295,0.112860892,1.511904762,0.235294118,0.084048027,1.445454545,0.164285714,0.114893617,2.35,0.489361702,0.119047619,1.3125,0.6,-0.006060606,0.99,0.128182239,0.164285714,0.6,0.4,0.835714286,0.510638298,23,36,23,36,24,47,153,24,117,0.764705882,0.060477112,-0.060477112,0.131535115,0.008650743,0.008442374,0.639169108,0.204268574,0.342521205,0.506324479,0.756673244,0.878616352,-0.114893617,0.114893617,0.017499796,-0.101312336,0.171328473,0.4,0.835714286,-0.114893617,0.7,[0.721],60,-0.073490814,0.716330516,0.798634812,0.254759802,0.295,0.617857143,0.617857143,0.655223358,-30286.38118,-0.108833011,0.899874447,0.748901978,0.843212858,,,,,,,
7fe73118-87a3-4a1f-8c27-8246a48e7834,NuSVC,PREPROCESSING,UNAWARENESS,UNAWARENESS_FAIR_GAN,0.665,0.7,0.615,0.7,0.583333333,0.796747967,140,0.335,0.057742782,1.20952381,0.203252033,-0.025682183,0.847619048,0.3,0.187234043,1.88,0.545454545,-0.026315789,0.95,0.416666667,-0.254545455,0.44,0.195750844,0.3,0.416666667,0.583333333,0.7,0.454545455,42,25,42,25,35,77,123,35,98,0.796747967,0.220889749,-0.220889749,0.118427583,0.007012546,0.007073105,0.642110736,0.206153099,0.343925479,0.625700957,-0.066455157,0.665917603,-0.187234043,0.254545455,-0.000316803,-0.234120735,0.278215689,0.583333333,0.7,-0.187234043,0.7,[0.721],60,-0.073490814,0.716330516,0.745247148,0.266832912,0.335,0.641666667,0.641666667,0.783404255,-32985.45229,0.067311412,0.751701947,0.702840427,0.734677013,,,,,,,
7fe73118-87a3-4a1f-8c27-8246a48e7834,LinearDiscriminantAnalysis,PREPROCESSING,UNAWARENESS,UNAWARENESS_FAIR_GAN,0.69,0.814285714,0.75,0.814285714,0.4,0.76,140,0.31,0.171653543,1.751724138,0.24,0.10952381,1.575,0.185714286,0.204255319,3.133333333,0.52,0.190909091,1.466666667,0.6,-0.006060606,0.99,0.139455782,0.185714286,0.6,0.4,0.814285714,0.48,26,36,26,36,24,50,150,24,114,0.76,0.105157963,-0.105157963,0.139822945,0.009775228,0.009536469,0.639773844,0.204655286,0.34280226,0.528120786,0.802135618,0.806349206,-0.204255319,0.204255319,0.040692641,-0.160104987,0.188860298,0.4,0.814285714,-0.204255319,0.7,[0.721],60,-0.073490814,0.716330516,0.786206897,0.226778684,0.31,0.607142857,0.607142857,0.670988763,-35680.99594,-0.198194713,0.832469188,0.734968465,0.797216351,,,,,,,
7fe73118-87a3-4a1f-8c27-8246a48e7834,CalibratedClassifierCV,PREPROCESSING,UNAWARENESS,HYPERPARAMETER_FAIR_GAN,0.705,0.835714286,0.765,0.835714286,0.4,0.764705882,140,0.295,0.112860892,1.511904762,0.235294118,0.084048027,1.445454545,0.164285714,0.114893617,2.35,0.489361702,0.119047619,1.3125,0.6,-0.006060606,0.99,0.128182239,0.164285714,0.6,0.4,0.835714286,0.510638298,23,36,23,36,24,47,153,24,117,0.764705882,0.060477112,-0.060477112,0.131535115,0.008650743,0.008442374,0.639169108,0.204268574,0.342521205,0.506324479,0.756673244,0.878616352,-0.114893617,0.114893617,0.017499796,-0.101312336,0.171328473,0.4,0.835714286,-0.114893617,0.7,[0.721],60,-0.073490814,0.716330516,0.798634812,0.254759802,0.295,0.617857143,0.617857143,0.655223358,-30286.38118,-0.108833011,0.899874447,0.748901978,0.843212858,6.162517071,117.2,0,38925.94155,0,162191.4231,14.01153683
7fe73118-87a3-4a1f-8c27-8246a48e7834,AdaBoostClassifier,PREPROCESSING,UNAWARENESS,HYPERPARAMETER_FAIR_GAN,0.735,0.857142857,0.765,0.857142857,0.45,0.784313725,140,0.265,0.077690289,1.411111111,0.215686275,0.030188679,1.177777778,0.142857143,0.136170213,3.133333333,0.425531915,0.114285714,1.4,0.55,-0.145454545,0.733333333,0.11495735,0.142857143,0.55,0.45,0.857142857,0.574468085,20,33,20,33,27,47,153,27,120,0.784313725,0.140812379,-0.140812379,0.126214169,0.007965008,0.007677093,0.639891218,0.204730386,0.342857437,0.479494212,0.709045195,0.798742138,-0.136170213,0.145454545,0.042048518,-0.167979003,0.1518032,0.45,0.857142857,-0.136170213,0.7,[0.721],60,-0.073490814,0.716330516,0.819112628,0.331959742,0.265,0.653571429,0.653571429,0.745602376,-27614.65081,0.009284333,0.837628473,0.774780117,0.815575934,16.0967505,117.2,0,39035.95181,0,162649.7992,14.05113543
7fe73118-87a3-4a1f-8c27-8246a48e7834,AdaBoostClassifier,PREPROCESSING,UNAWARENESS,FAIR_PCA_FAIR_GAN,0.725,0.835714286,0.745,0.835714286,0.466666667,0.785234899,140,0.275,0.077690289,1.411111111,0.214765101,0.030188679,1.177777778,0.164285714,0.136170213,3.133333333,0.450980392,0.114285714,1.4,0.533333333,-0.145454545,0.733333333,0.124985692,0.164285714,0.533333333,0.466666667,0.835714286,0.549019608,23,32,23,32,28,51,149,28,117,0.785234899,0.140812379,-0.140812379,0.136580159,0.00932707,0.009403811,0.639891218,0.204730386,0.342857437,0.499971383,0.396005837,0.798742138,-0.136170213,0.145454545,0.042048518,-0.167979003,0.168238711,0.466666667,0.835714286,-0.136170213,0.7,[0.725],60,-0.073490814,0.716330516,0.809688581,0.317918537,0.275,0.651190476,0.651190476,0.742886156,-27573.49713,0.009284333,0.837628473,0.765007609,0.811936557,,,,,,,
7fe73118-87a3-4a1f-8c27-8246a48e7834,GradientBoostingClassifier,PREPROCESSING,UNAWARENESS,FAIR_PCA_FAIR_GAN,0.72,0.835714286,0.75,0.835714286,0.45,0.78,140,0.28,0.022572178,1.092473118,0.22,0.011881188,1.063157895,0.164285714,0.072340426,1.566666667,0.46,-0.061538462,0.866666667,0.55,-0.175757576,0.694736842,0.12585034,0.164285714,0.55,0.45,0.835714286,0.54,23,33,23,33,27,50,150,27,117,0.78,0.124049001,-0.124049001,0.092772674,0.004303385,0.004029763,0.639388663,0.204408931,0.342622494,0.501697798,0.039995566,0.838283828,-0.072340426,0.175757576,-0.036709825,-0.128608924,0.169056093,0.45,0.835714286,-0.072340426,0.7,[0.725],60,-0.073490814,0.716330516,0.806896552,0.302371578,0.28,0.642857143,0.642857143,0.722602929,-31946.91441,0.10341715,0.877173406,0.76097561,0.834688903,,,,,,,
7fe73118-87a3-4a1f-8c27-8246a48e7834,RandomForestClassifier,PREPROCESSING,UNAWARENESS,FAIR_PCA_FAIR_GAN,0.72,0.9,0.84,0.9,0.3,0.75,140,0.28,0.171653543,1.751724138,0.25,0.120943953,1.569444444,0.1,0.146808511,3.76,0.4375,0.30952381,1.866666667,0.7,0.072727273,1.1,0.100184672,0.1,0.7,0.3,0.9,0.5625,14,42,14,42,18,32,168,18,126,0.75,0.109767892,-0.037040619,0.08729369,0.003810094,0.003639975,0.639122403,0.204238723,0.342499838,0.447626345,0.362768958,0.899115044,-0.146808511,0.146808511,0.094289928,-0.08976378,0.124341751,0.3,0.9,-0.146808511,0.7,[0.725],60,-0.073490814,0.716330516,0.818181818,0.25,0.28,0.6,0.6,0.622224371,-27409.59127,-0.074081238,0.904699852,0.765957447,0.853185663,,,,,,,
7fe73118-87a3-4a1f-8c27-8246a48e7834,CalibratedClassifierCV,PREPROCESSING,UNAWARENESS,FAIR_PCA_FAIR_GAN,0.715,0.85,0.775,0.85,0.4,0.767741935,140,0.285,0.046194226,1.20952381,0.232258065,0.061320755,1.325,0.15,0.014893617,1.175,0.466666667,-0.047619048,0.875,0.6,-0.006060606,0.99,0.120876149,0.15,0.6,0.4,0.85,0.533333333,21,36,21,36,24,45,155,24,119,0.767741935,0.010477112,-0.010477112,0.124809189,0.007788667,0.007570624,0.639231624,0.204308534,0.342548828,0.491683128,0.709045195,0.958490566,-0.014893617,0.014893617,-0.054469901,-0.034645669,0.159803045,0.4,0.85,-0.014893617,0.7,[0.725],60,-0.073490814,0.716330516,0.806779661,0.274351631,0.285,0.625,0.625,0.631548195,-30275.35308,-0.008833011,0.974444465,0.758122181,0.889811632,,,,,,,
7fe73118-87a3-4a1f-8c27-8246a48e7834,NuSVC,PREPROCESSING,UNAWARENESS,FAIR_PCA_FAIR_GAN,0.66,0.7,0.62,0.7,0.566666667,0.790322581,140,0.34,0.065616798,1.245098039,0.209677419,-0.023809524,0.857142857,0.3,0.19787234,1.978947368,0.552631579,-0.013513514,0.973684211,0.433333333,-0.254545455,0.44,0.197069943,0.3,0.433333333,0.566666667,0.7,0.447368421,42,26,42,26,34,76,124,34,98,0.790322581,0.226208897,-0.226208897,0.120121371,0.007214572,0.00730654,0.642363471,0.206315414,0.344049562,0.627805612,-0.040137849,0.658518519,-0.19787234,0.254545455,0.005148005,-0.241994751,0.27927103,0.566666667,0.7,-0.19787234,0.7,[0.725],60,-0.073490814,0.716330516,0.742424242,0.251762323,0.34,0.633333333,0.633333333,0.776598968,-32259.39969,0.056673114,0.743932063,0.698789974,0.728250317,,,,,,,
7fe73118-87a3-4a1f-8c27-8246a48e7834,LinearDiscriminantAnalysis,PREPROCESSING,UNAWARENESS,FAIR_PCA_FAIR_GAN,0.7,0.814285714,0.74,0.814285714,0.433333333,0.77027027,140,0.3,0.179527559,1.814285714,0.22972973,0.067307692,1.368421053,0.185714286,0.304255319,4.177777778,0.5,0.180124224,1.46031746,0.566666667,-0.175757576,0.694736842,0.137943787,0.185714286,0.566666667,0.433333333,0.814285714,0.5,26,34,26,34,26,52,148,26,114,0.77027027,0.240006447,-0.240006447,0.141043288,0.009946605,0.009590897,0.643283717,0.20690697,0.344505039,0.525250011,0.759576004,0.651282051,-0.304255319,0.304255319,0.056408266,-0.285564304,0.187385096,0.433333333,0.814285714,-0.304255319,0.7,[0.725],60,-0.073490814,0.716330516,0.791666667,0.258696863,0.3,0.623809524,0.623809524,0.773527832,-35510.42967,-0.128497743,0.703204137,0.74301676,0.715992333,,,,,,,
7fe73118-87a3-4a1f-8c27-8246a48e7834,CalibratedClassifierCV,PREPROCESSING,UNAWARENESS,HYPERPARAMETER_FAIR_PCA_FAIR_GAN,0.715,0.85,0.775,0.85,0.4,0.767741935,140,0.285,0.046194226,1.20952381,0.232258065,0.061320755,1.325,0.15,0.014893617,1.175,0.466666667,-0.047619048,0.875,0.6,-0.006060606,0.99,0.120876149,0.15,0.6,0.4,0.85,0.533333333,21,36,21,36,24,45,155,24,119,0.767741935,0.010477112,-0.010477112,0.124809189,0.007788667,0.007570624,0.639231624,0.204308534,0.342548828,0.491683128,0.709045195,0.958490566,-0.014893617,0.014893617,-0.054469901,-0.034645669,0.159803045,0.4,0.85,-0.014893617,0.7,[0.725],60,-0.073490814,0.716330516,0.806779661,0.274351631,0.285,0.625,0.625,0.631548195,-30275.35308,-0.008833011,0.974444465,0.758122181,0.889811632,6.193863392,118.1,0,42069.89531,0,175291.2304,15.14321463
7fe73118-87a3-4a1f-8c27-8246a48e7834,AdaBoostClassifier,PREPROCESSING,UNAWARENESS,HYPERPARAMETER_FAIR_PCA_FAIR_GAN,0.735,0.857142857,0.765,0.857142857,0.45,0.784313725,140,0.265,0.077690289,1.411111111,0.215686275,0.030188679,1.177777778,0.142857143,0.136170213,3.133333333,0.425531915,0.114285714,1.4,0.55,-0.145454545,0.733333333,0.11495735,0.142857143,0.55,0.45,0.857142857,0.574468085,20,33,20,33,27,47,153,27,120,0.784313725,0.140812379,-0.140812379,0.126214169,0.007965008,0.007677093,0.639891218,0.204730386,0.342857437,0.479494212,0.709045195,0.798742138,-0.136170213,0.145454545,0.042048518,-0.167979003,0.1518032,0.45,0.857142857,-0.136170213,0.7,[0.725],60,-0.073490814,0.716330516,0.819112628,0.331959742,0.265,0.653571429,0.653571429,0.745602376,-27614.65081,0.009284333,0.837628473,0.774780117,0.815575934,16.12695622,118,0,42179.35517,0,175747.3132,15.18261511
7fe73118-87a3-4a1f-8c27-8246a48e7834,AdaBoostClassifier,PREPROCESSING,REWEIGHTER,REWEIGHTER,0.69,0.771428571,0.69,0.771428571,0.5,0.782608696,140,0.31,0.206824147,1.795959596,0.217391304,0.192156863,2.361111111,0.228571429,0.176595745,1.79047619,0.516129032,0.166666667,1.333333333,0.5,0.236363636,1.65,0.158096113,0.228571429,0.5,0.5,0.771428571,0.483870968,32,30,32,30,30,62,138,30,108,0.782608696,0.206479691,0.029883946,0.119677552,0.007161358,0.006597111,0.639103607,0.20422671,0.342491272,0.562309724,0.105649536,0.896470588,-0.176595745,0.236363636,-0.012745098,-0.069291339,0.220094936,0.5,0.771428571,-0.176595745,0.7,[0.721],60,-0.073490814,0.716330516,0.776978417,0.268942734,0.31,0.635714286,0.635714286,0.616716634,-27563.79228,0.059767892,0.901873779,0.730910696,0.836642389,,,,,,,
7fe73118-87a3-4a1f-8c27-8246a48e7834,GradientBoostingClassifier,PREPROCESSING,REWEIGHTER,REWEIGHTER,0.72,0.8,0.7,0.8,0.533333333,0.8,140,0.28,0.23832021,2.043678161,0.2,0.206896552,2.636363636,0.2,0.208510638,2.088888889,0.466666667,0.216666667,1.481481481,0.466666667,0.266666667,1.8,0.14,0.2,0.466666667,0.533333333,0.8,0.533333333,28,28,28,28,32,60,140,32,112,0.8,0.237588652,0.029078014,0.113480623,0.006438926,0.005930554,0.639117073,0.204235317,0.342497407,0.529150262,0.105649536,0.875862069,-0.208510638,0.266666667,0.004885057,-0.08503937,0.194081211,0.533333333,0.8,-0.208510638,0.7,[0.721],60,-0.073490814,0.716330516,0.8,0.333333333,0.28,0.666666667,0.666666667,0.647281324,-31568.85044,0.058156028,0.883379504,0.757894737,0.837175726,7.878706932,117,0,41297.78686,0,172074.1119,14.86529134
7fe73118-87a3-4a1f-8c27-8246a48e7834,RandomForestClassifier,PREPROCESSING,REWEIGHTER,REWEIGHTER,0.705,0.835714286,0.765,0.835714286,0.4,0.764705882,140,0.295,0.23832021,2.043678161,0.235294118,0.191919192,2.117647059,0.164285714,0.172340426,2.35,0.489361702,0.321428571,1.75,0.6,0.284848485,1.552941176,0.128182239,0.164285714,0.6,0.4,0.835714286,0.510638298,23,36,23,36,24,47,153,24,117,0.764705882,0.228594455,0.05625403,0.061187464,0.001871953,0.001758119,0.639172883,0.204270987,0.342522489,0.506324479,-0.482715665,0.940740741,-0.172340426,0.284848485,0.06475469,-0.046194226,0.171328473,0.4,0.835714286,-0.172340426,0.7,[0.721],60,-0.073490814,0.716330516,0.798634812,0.254759802,0.295,0.617857143,0.617857143,0.583100189,-30317.14481,0.112508059,0.913396953,0.748901978,0.851083934,,,,,,,
7fe73118-87a3-4a1f-8c27-8246a48e7834,RidgeClassifierCV,PREPROCESSING,REWEIGHTER,REWEIGHTER,0.705,0.814285714,0.735,0.814285714,0.45,0.775510204,140,0.295,0.148031496,1.5875,0.224489796,0.136956522,1.84,0.185714286,0.119148936,1.658823529,0.490566038,0.114285714,1.235294118,0.55,0.145454545,1.32,0.137121053,0.185714286,0.55,0.45,0.814285714,0.509433962,26,33,26,33,27,53,147,27,114,0.775510204,0.132301741,0.013152805,0.113412973,0.006431251,0.005811052,0.639128042,0.204242327,0.342502311,0.523681302,0.449421075,0.920289855,-0.119148936,0.145454545,-0.011335404,-0.057742782,0.186602022,0.45,0.814285714,-0.119148936,0.7,[0.721],60,-0.073490814,0.716330516,0.794425087,0.274420612,0.295,0.632142857,0.632142857,0.623828406,-29202.60635,0.026305609,0.930992656,0.747045906,0.860375292,7.779571295,128,0,41383.70592,0,172432.108,14.89621822
7fe73118-87a3-4a1f-8c27-8246a48e7834,NuSVC,PREPROCESSING,REWEIGHTER,REWEIGHTER,0.715,0.828571429,0.745,0.828571429,0.45,0.77852349,140,0.285,0.163779528,1.693333333,0.22147651,0.18115942,2.19047619,0.171428571,0.029787234,1.175,0.470588235,0.20952381,1.458333333,0.55,0.375757576,1.885714286,0.129564341,0.171428571,0.55,0.45,0.828571429,0.529411765,24,33,24,33,27,51,149,27,116,0.77852349,0.202772405,0.172985171,0.114480991,0.006552949,0.005991519,0.641411008,0.205704041,0.34350161,0.509046838,0.234764138,1.104347826,-0.029787234,0.375757576,0.014182195,0.075590551,0.174871698,0.45,0.828571429,-0.029787234,0.7,[0.721],60,-0.073490814,0.716330516,0.802768166,0.292885581,0.285,0.639285714,0.639285714,0.528698766,-29631.80382,0.345970342,0.94626326,0.756346393,0.873178849,,,,,,,
7fe73118-87a3-4a1f-8c27-8246a48e7834,LinearDiscriminantAnalysis,PREPROCESSING,REWEIGHTER,REWEIGHTER,0.7,0.8,0.72,0.8,0.466666667,0.777777778,140,0.3,0.297112861,2.257777778,0.222222222,0.215425532,2.35,0.2,0.340425532,3.133333333,0.5,0.25974026,1.571428571,0.533333333,0.145454545,1.32,0.143983083,0.2,0.533333333,0.466666667,0.8,0.5,28,32,28,32,28,56,144,28,112,0.777777778,0.242940039,-0.097485493,0.101222008,0.005122947,0.00474797,0.641002616,0.205442177,0.343387008,0.536624792,0.24875038,0.720567376,-0.340425532,0.340425532,0.022157364,-0.206824147,0.197655312,0.466666667,0.8,-0.340425532,0.7,[0.721],60,-0.073490814,0.716330516,0.788732394,0.272165527,0.3,0.633333333,0.633333333,0.695074146,-34082.75296,-0.194970986,0.758625447,0.741721854,0.752905956,7.733100653,139.5,0,41473.27199,0,172805.2999,14.92845786
7fe73118-87a3-4a1f-8c27-8246a48e7834,RidgeClassifierCV,PREPROCESSING,REWEIGHTER,HYPERPARAMETER,0.705,0.814285714,0.735,0.814285714,0.45,0.775510204,140,0.295,0.148031496,1.5875,0.224489796,0.136956522,1.84,0.185714286,0.119148936,1.658823529,0.490566038,0.114285714,1.235294118,0.55,0.145454545,1.32,0.137121053,0.185714286,0.55,0.45,0.814285714,0.509433962,26,33,26,33,27,53,147,27,114,0.775510204,0.132301741,0.013152805,0.113412973,0.006431251,0.005811052,0.639128042,0.204242327,0.342502311,0.523681302,0.449421075,0.920289855,-0.119148936,0.145454545,-0.011335404,-0.057742782,0.186602022,0.45,0.814285714,-0.119148936,0.7,[0.721],60,-0.073490814,0.716330516,0.794425087,0.274420612,0.295,0.632142857,0.632142857,0.623828406,-29202.60635,0.026305609,0.930992656,0.747045906,0.860375292,3.156349897,150.5,0,41508.33563,0,172951.3984,14.94107914
7fe73118-87a3-4a1f-8c27-8246a48e7834,AdaBoostClassifier,PREPROCESSING,REWEIGHTER,HYPERPARAMETER,0.69,0.785714286,0.71,0.785714286,0.466666667,0.774647887,140,0.31,0.206824147,1.795959596,0.225352113,0.176029963,2.119047619,0.214285714,0.19787234,1.978947368,0.517241379,0.166666667,1.333333333,0.533333333,0.175757576,1.414285714,0.151896873,0.214285714,0.533333333,0.466666667,0.785714286,0.482758621,30,32,30,32,28,58,142,28,110,0.774647887,0.186814958,-0.011057382,0.107702431,0.005799907,0.005343208,0.639186038,0.204279396,0.342528971,0.551174878,0.105649536,0.856179775,-0.19787234,0.19787234,-0.004681648,-0.100787402,0.209660657,0.466666667,0.785714286,-0.19787234,0.7,[0.721],60,-0.073490814,0.716330516,0.780141844,0.254881344,0.31,0.626190476,0.626190476,0.633114504,-27617.09986,-0.022114765,0.881459472,0.732307395,0.825420534,,,,,,,
7fe73118-87a3-4a1f-8c27-8246a48e7834,AdaBoostClassifier,PREPROCESSING,REWEIGHTER,FAIR_PCA,0.685,0.764285714,0.685,0.764285714,0.5,0.781021898,140,0.315,0.265616798,1.992156863,0.218978102,0.223837209,2.480769231,0.235714286,0.276595745,2.238095238,0.523809524,0.202090592,1.394557823,0.5,0.206060606,1.523076923,0.162217527,0.235714286,0.5,0.5,0.764285714,0.476190476,33,30,33,30,30,63,137,30,107,0.781021898,0.241328175,-0.035267569,0.105417013,0.005556373,0.005242867,0.63969729,0.204606311,0.342766364,0.569592006,-0.087721857,0.787596899,-0.276595745,0.276595745,-0.010873308,-0.143832021,0.226224454,0.5,0.764285714,-0.276595745,0.7,[0.725],60,-0.073490814,0.716330516,0.772563177,0.260725058,0.315,0.632142857,0.632142857,0.654436999,-27565.26208,-0.070535139,0.823623174,0.726151407,0.788349617,,,,,,,
7fe73118-87a3-4a1f-8c27-8246a48e7834,GradientBoostingClassifier,PREPROCESSING,REWEIGHTER,FAIR_PCA,0.705,0.8,0.715,0.8,0.483333333,0.783216783,140,0.295,0.230446194,1.975555556,0.216783217,0.196969697,2.444444444,0.2,0.208510638,2.088888889,0.49122807,0.205128205,1.444444444,0.516666667,0.236363636,1.65,0.143063408,0.2,0.516666667,0.483333333,0.8,0.50877193,28,31,28,31,29,57,143,29,112,0.783216783,0.222437137,0.013926499,0.129021118,0.008323224,0.007580125,0.63914493,0.204253121,0.342510131,0.534908232,0.61647516,0.865909091,-0.208510638,0.236363636,0.004079254,-0.092913386,0.196811512,0.483333333,0.8,-0.208510638,0.7,[0.725],60,-0.073490814,0.716330516,0.791519435,0.287628468,0.295,0.641666667,0.641666667,0.632730496,-31638.02055,0.027852998,0.882057793,0.74575871,0.831406915,7.833294153,117.2,0,42334.79065,0,176394.9611,15.23856469
7fe73118-87a3-4a1f-8c27-8246a48e7834,RandomForestClassifier,PREPROCESSING,REWEIGHTER,FAIR_PCA,0.73,0.864285714,0.78,0.864285714,0.416666667,0.775641026,140,0.27,0.269816273,2.370666667,0.224358974,0.205220522,2.295454545,0.135714286,0.204255319,3.133333333,0.431818182,0.403846154,2.166666667,0.583333333,0.315151515,1.65,0.112997257,0.135714286,0.583333333,0.416666667,0.864285714,0.568181818,19,35,19,35,25,44,156,25,121,0.775641026,0.259703417,0.055448098,0.074523244,0.002776857,0.002564571,0.639113924,0.204233304,0.342495939,0.475388802,-0.262075244,0.922112211,-0.204255319,0.315151515,0.099312816,-0.061942257,0.14766999,0.416666667,0.864285714,-0.204255319,0.7,[0.725],60,-0.073490814,0.716330516,0.817567568,0.310801941,0.27,0.64047619,0.64047619,0.604963004,-30552.01121,0.110896196,0.895678784,0.771306322,0.849991966,,,,,,,
7fe73118-87a3-4a1f-8c27-8246a48e7834,RidgeClassifierCV,PREPROCESSING,REWEIGHTER,FAIR_PCA,0.71,0.821428571,0.74,0.821428571,0.45,0.777027027,140,0.29,0.155905512,1.638709677,0.222972973,0.138709677,1.86,0.178571429,0.129787234,1.7625,0.480769231,0.129411765,1.275,0.55,0.145454545,1.32,0.133321006,0.178571429,0.55,0.45,0.821428571,0.519230769,25,33,25,33,27,52,148,27,115,0.777027027,0.13762089,0.007833656,0.110829661,0.006141607,0.005548995,0.639108028,0.204229536,0.342493273,0.516373907,0.449421075,0.910394265,-0.129787234,0.145454545,-0.004648956,-0.065616798,0.180720219,0.45,0.821428571,-0.129787234,0.7,[0.725],60,-0.073490814,0.716330516,0.798611111,0.283571561,0.29,0.635714286,0.635714286,0.630734319,-29201.25807,0.015667311,0.924708035,0.751703185,0.858821941,7.787000418,128.2,0,42420.96328,0,176754.0137,15.26958285
7fe73118-87a3-4a1f-8c27-8246a48e7834,NuSVC,PREPROCESSING,REWEIGHTER,FAIR_PCA,0.71,0.835714286,0.76,0.835714286,0.416666667,0.769736842,140,0.29,0.089238845,1.365591398,0.230263158,0.10430622,1.619318182,0.164285714,0.040425532,1.253333333,0.479166667,0.03125,1.066666667,0.583333333,0.115151515,1.2375,0.12744749,0.164285714,0.583333333,0.416666667,0.835714286,0.520833333,23,35,23,35,25,48,152,25,117,0.769736842,0.077788524,0.037362992,0.105037903,0.005516481,0.00503099,0.639451297,0.204448981,0.342646727,0.504871251,0.24875038,0.980350877,-0.040425532,0.115151515,-0.03652811,-0.014698163,0.170600444,0.416666667,0.835714286,-0.040425532,0.7,[0.725],60,-0.073490814,0.716330516,0.801369863,0.270803208,0.29,0.626190476,0.626190476,0.602794127,-28585.18023,0.074725983,0.971840404,0.752923049,0.88597291,,,,,,,
7fe73118-87a3-4a1f-8c27-8246a48e7834,LinearDiscriminantAnalysis,PREPROCESSING,REWEIGHTER,FAIR_PCA,0.7,0.8,0.72,0.8,0.466666667,0.777777778,140,0.3,0.297112861,2.257777778,0.222222222,0.215425532,2.35,0.2,0.340425532,3.133333333,0.5,0.25974026,1.571428571,0.533333333,0.145454545,1.32,0.143983083,0.2,0.533333333,0.466666667,0.8,0.5,28,32,28,32,28,56,144,28,112,0.777777778,0.242940039,-0.097485493,0.101222008,0.005122947,0.00474797,0.641002616,0.205442177,0.343387008,0.536624792,0.24875038,0.720567376,-0.340425532,0.340425532,0.022157364,-0.206824147,0.197655312,0.466666667,0.8,-0.340425532,0.7,[0.725],60,-0.073490814,0.716330516,0.788732394,0.272165527,0.3,0.633333333,0.633333333,0.695074146,-34119.27668,-0.194970986,0.758625447,0.741721854,0.752905956,7.713500738,139.7,0,42510.2076,0,177125.865,15.30170667
7fe73118-87a3-4a1f-8c27-8246a48e7834,RidgeClassifierCV,PREPROCESSING,REWEIGHTER,HYPERPARAMETER_FAIR_PCA,0.71,0.821428571,0.74,0.821428571,0.45,0.777027027,140,0.29,0.155905512,1.638709677,0.222972973,0.138709677,1.86,0.178571429,0.129787234,1.7625,0.480769231,0.129411765,1.275,0.55,0.145454545,1.32,0.133321006,0.178571429,0.55,0.45,0.821428571,0.519230769,25,33,25,33,27,52,148,27,115,0.777027027,0.13762089,0.007833656,0.110829661,0.006141607,0.005548995,0.639108028,0.204229536,0.342493273,0.516373907,0.449421075,0.910394265,-0.129787234,0.145454545,-0.004648956,-0.065616798,0.180720219,0.45,0.821428571,-0.129787234,0.7,[0.725],60,-0.073490814,0.716330516,0.798611111,0.283571561,0.29,0.635714286,0.635714286,0.630734319,-29201.25807,0.015667311,0.924708035,0.751703185,0.858821941,3.11139226,151.1,0,42546.03372,0,177275.1405,15.31460242
7fe73118-87a3-4a1f-8c27-8246a48e7834,AdaBoostClassifier,PREPROCESSING,REWEIGHTER,HYPERPARAMETER_FAIR_PCA,0.69,0.771428571,0.69,0.771428571,0.5,0.782608696,140,0.31,0.198950131,1.743137255,0.217391304,0.182170543,2.205128205,0.228571429,0.176595745,1.79047619,0.516129032,0.154471545,1.301587302,0.5,0.206060606,1.523076923,0.158096113,0.228571429,0.5,0.5,0.771428571,0.483870968,32,30,32,30,30,62,138,30,108,0.782608696,0.191328175,0.014732431,0.100538619,0.005054007,0.004746644,0.639103084,0.204226376,0.342491037,0.562309724,-0.2308227,0.886046512,-0.176595745,0.206060606,-0.013849499,-0.077165354,0.220094936,0.5,0.771428571,-0.176595745,0.7,[0.725],60,-0.073490814,0.716330516,0.776978417,0.268942734,0.31,0.635714286,0.635714286,0.626348669,-27617.80044,0.029464861,0.900566297,0.730910696,0.83589185,,,,,,,
7fe73118-87a3-4a1f-8c27-8246a48e7834,AdaBoostClassifier,PREPROCESSING,REWEIGHTER,REWEIGHTER_SMOTE,0.66,0.707142857,0.63,0.707142857,0.55,0.785714286,140,0.34,0.241994751,1.830630631,0.214285714,0.235759494,2.693181818,0.292857143,0.223404255,1.807692308,0.554054054,0.172619048,1.318681319,0.45,0.266666667,1.8,0.193721818,0.292857143,0.45,0.55,0.707142857,0.445945946,41,27,41,27,33,74,126,33,99,0.785714286,0.245035461,0.021631206,0.11559294,0.006680864,0.006088387,0.639132614,0.204245249,0.342504501,0.622449705,-0.087721857,0.857383966,-0.223404255,0.266666667,-0.031570223,-0.088713911,0.273806971,0.55,0.707142857,-0.223404255,0.7,[0.721],60,-0.073490814,0.716330516,0.744360902,0.244069199,0.34,0.628571429,0.628571429,0.614974671,-27621.77108,0.043262411,0.874609527,0.699646643,0.807313685,,,,,,,
7fe73118-87a3-4a1f-8c27-8246a48e7834,GradientBoostingClassifier,PREPROCESSING,REWEIGHTER,REWEIGHTER_SMOTE,0.68,0.714285714,0.62,0.714285714,0.6,0.806451613,140,0.32,0.206824147,1.795959596,0.193548387,0.229437229,3.208333333,0.285714286,0.134042553,1.504,0.526315789,0.166666667,1.333333333,0.4,0.357575758,2.475,0.185255198,0.285714286,0.4,0.6,0.714285714,0.473684211,40,24,40,24,36,76,124,36,100,0.806451613,0.245809155,0.111766602,0.11862066,0.00703543,0.006381425,0.639717529,0.204619259,0.342764515,0.608695652,-0.2308227,0.98961039,-0.134042553,0.357575758,-0.031385281,-0.006299213,0.264202613,0.6,0.714285714,-0.134042553,0.7,[0.721],60,-0.073490814,0.716330516,0.757575758,0.29671988,0.32,0.657142857,0.657142857,0.583696233,-33044.4084,0.223533204,0.930782541,0.716694772,0.846495463,7.86311245,117.5,0,43402.44984,0,180843.541,15.62287257
7fe73118-87a3-4a1f-8c27-8246a48e7834,RandomForestClassifier,PREPROCESSING,REWEIGHTER,REWEIGHTER_SMOTE,0.71,0.785714286,0.69,0.785714286,0.533333333,0.797101449,140,0.29,0.230446194,1.975555556,0.202898551,0.133540373,1.87755102,0.214285714,0.329787234,2.9375,0.483870968,0.167857143,1.3671875,0.466666667,-0.024242424,0.942857143,0.147893072,0.214285714,0.466666667,0.533333333,0.785714286,0.516129032,30,28,30,28,32,62,138,32,110,0.797101449,0.177014829,-0.177014829,0.097528051,0.00475586,0.004544229,0.64288709,0.206651905,0.344308037,0.543862248,0.037441286,0.644202899,-0.329787234,0.329787234,0.017158385,-0.257742782,0.206091963,0.533333333,0.785714286,-0.329787234,0.7,[0.721],60,-0.073490814,0.716330516,0.791366906,0.31612567,0.29,0.65952381,0.65952381,0.776269304,-33111.85064,-0.30554481,0.713432138,0.748478605,0.724743845,,,,,,,
7fe73118-87a3-4a1f-8c27-8246a48e7834,RidgeClassifierCV,PREPROCESSING,REWEIGHTER,REWEIGHTER_SMOTE,0.705,0.771428571,0.675,0.771428571,0.55,0.8,140,0.295,0.23832021,2.043678161,0.2,0.215686275,2.833333333,0.228571429,0.19787234,1.978947368,0.492307692,0.214285714,1.473684211,0.45,0.296969697,1.98,0.154832347,0.228571429,0.45,0.55,0.771428571,0.507692308,32,27,32,27,33,65,135,33,108,0.8,0.247421019,0.049548678,0.114728364,0.006581299,0.005925052,0.639103607,0.20422671,0.342491272,0.556475241,0.105649536,0.896470588,-0.19787234,0.296969697,-0.00070028,-0.069291339,0.217266258,0.55,0.771428571,-0.19787234,0.7,[0.721],60,-0.073490814,0.716330516,0.785454545,0.314485451,0.295,0.660714286,0.660714286,0.627976766,-32927.51991,0.099097357,0.891116336,0.74305581,0.835615073,7.743389606,128.7,0,43489.70078,0,181207.0866,15.65427887
7fe73118-87a3-4a1f-8c27-8246a48e7834,NuSVC,PREPROCESSING,REWEIGHTER,REWEIGHTER_SMOTE,0.715,0.807142857,0.715,0.807142857,0.5,0.79020979,140,0.285,0.097112861,1.411111111,0.20979021,0.128282828,1.888111888,0.192857143,0.019148936,1.105882353,0.473684211,0.040540541,1.088235294,0.5,0.206060606,1.523076923,0.1382101,0.192857143,0.5,0.5,0.807142857,0.526315789,27,30,27,30,30,57,143,30,113,0.79020979,0.112604771,0.093455835,0.100785579,0.005078866,0.00464298,0.640147514,0.20489442,0.342953364,0.525756787,-0.148056665,1.034814815,-0.019148936,0.206060606,-0.043871144,0.024671916,0.189982475,0.5,0.807142857,-0.019148936,0.7,[0.721],60,-0.073490814,0.716330516,0.798586572,0.311798927,0.285,0.653571429,0.653571429,0.592491365,-36012.7537,0.18691167,0.972227002,0.754485286,0.886907567,,,,,,,
7fe73118-87a3-4a1f-8c27-8246a48e7834,LinearDiscriminantAnalysis,PREPROCESSING,REWEIGHTER,REWEIGHTER_SMOTE,0.69,0.8,0.73,0.8,0.433333333,0.767123288,140,0.31,0.281364829,2.116666667,0.232876712,0.197916667,2.117647059,0.2,0.340425532,3.133333333,0.518518519,0.230414747,1.476190476,0.566666667,0.084848485,1.164705882,0.145678198,0.2,0.566666667,0.433333333,0.8,0.481481481,28,34,28,34,26,54,146,26,112,0.767123288,0.212637008,-0.127788524,0.098615686,0.004862527,0.004538227,0.641411008,0.205704041,0.343584359,0.539774393,0.24875038,0.705555556,-0.340425532,0.340425532,0.01624904,-0.222572178,0.199247063,0.433333333,0.8,-0.340425532,0.7,[0.721],60,-0.073490814,0.716330516,0.783216783,0.240848042,0.31,0.616666667,0.616666667,0.69546959,-39151.05925,-0.255577047,0.745398675,0.733659278,0.741444021,7.714960337,139.9,0,43576.63336,0,181569.3057,15.68557057
7fe73118-87a3-4a1f-8c27-8246a48e7834,RidgeClassifierCV,PREPROCESSING,REWEIGHTER,HYPERPARAMETER_SMOTE,0.705,0.771428571,0.675,0.771428571,0.55,0.8,140,0.295,0.23832021,2.043678161,0.2,0.215686275,2.833333333,0.228571429,0.19787234,1.978947368,0.492307692,0.214285714,1.473684211,0.45,0.296969697,1.98,0.154832347,0.228571429,0.45,0.55,0.771428571,0.507692308,32,27,32,27,33,65,135,33,108,0.8,0.247421019,0.049548678,0.114728364,0.006581299,0.005925052,0.639103607,0.20422671,0.342491272,0.556475241,0.105649536,0.896470588,-0.19787234,0.296969697,-0.00070028,-0.069291339,0.217266258,0.55,0.771428571,-0.19787234,0.7,[0.721],60,-0.073490814,0.716330516,0.785454545,0.314485451,0.295,0.660714286,0.660714286,0.627976766,-32927.51991,0.099097357,0.891116336,0.74305581,0.835615073,3.162342548,151.1,0,43612.583,0,181719.0958,15.69851078
7fe73118-87a3-4a1f-8c27-8246a48e7834,AdaBoostClassifier,PREPROCESSING,REWEIGHTER,HYPERPARAMETER_SMOTE,0.65,0.692857143,0.62,0.692857143,0.55,0.782258065,140,0.35,0.241994751,1.830630631,0.217741935,0.24512987,2.8875,0.307142857,0.212765957,1.740740741,0.565789474,0.174285714,1.322751323,0.45,0.296969697,1.98,0.202977316,0.307142857,0.45,0.55,0.692857143,0.434210526,43,27,43,27,33,76,124,33,97,0.782258065,0.254867827,0.04210187,0.139075716,0.009671027,0.008570038,0.63910152,0.204225377,0.342490326,0.637145691,0.24875038,0.87965368,-0.212765957,0.296969697,-0.035422078,-0.072965879,0.286805238,0.55,0.692857143,-0.212765957,0.7,[0.721],60,-0.073490814,0.716330516,0.734848485,0.229283544,0.35,0.621428571,0.621428571,0.595265267,-27662.25501,0.08420374,0.883052386,0.689824945,0.807642574,,,,,,,
7fe73118-87a3-4a1f-8c27-8246a48e7834,AdaBoostClassifier,PREPROCESSING,REWEIGHTER,FAIR_PCA_SMOTE,0.665,0.714285714,0.635,0.714285714,0.55,0.787401575,140,0.335,0.308661417,2.059459459,0.212598425,0.305203938,3.191919192,0.285714286,0.223404255,1.807692308,0.547945205,0.291666667,1.538461538,0.45,0.466666667,2.4,0.189181847,0.285714286,0.45,0.55,0.714285714,0.452054795,40,27,40,27,33,73,127,33,100,0.787401575,0.345035461,0.121631206,0.113346574,0.006423723,0.005864909,0.639451297,0.204448981,0.342646727,0.615112749,-0.2308227,0.964556962,-0.223404255,0.466666667,-0.006768636,-0.022047244,0.267368898,0.55,0.714285714,-0.223404255,0.7,[0.725],60,-0.073490814,0.716330516,0.74906367,0.251564897,0.335,0.632142857,0.632142857,0.555254559,-27624.4574,0.243262411,0.891775291,0.704533114,0.819202737,,,,,,,
7fe73118-87a3-4a1f-8c27-8246a48e7834,GradientBoostingClassifier,PREPROCESSING,REWEIGHTER,FAIR_PCA_SMOTE,0.655,0.707142857,0.635,0.707142857,0.533333333,0.779527559,140,0.345,0.1832021,1.646296296,0.220472441,0.205128205,2.6,0.292857143,0.123404255,1.446153846,0.561643836,0.136054422,1.256410256,0.466666667,0.296969697,1.98,0.194901198,0.292857143,0.466666667,0.533333333,0.707142857,0.438356164,41,28,41,28,32,73,127,32,99,0.779527559,0.210186976,0.086782721,0.134918712,0.009101529,0.008149836,0.639574005,0.204527454,0.342701114,0.62434157,0.105649536,0.976923077,-0.123404255,0.296969697,-0.034536892,-0.014173228,0.274782237,0.533333333,0.707142857,-0.123404255,0.7,[0.725],60,-0.073490814,0.716330516,0.741573034,0.228901393,0.345,0.620238095,0.620238095,0.566412146,-32908.61593,0.173565442,0.935934052,0.695603202,0.839277305,7.863568306,117.8,0,44163.7005,0,184015.4188,15.89688757
7fe73118-87a3-4a1f-8c27-8246a48e7834,RandomForestClassifier,PREPROCESSING,REWEIGHTER,FAIR_PCA_SMOTE,0.7,0.757142857,0.66,0.757142857,0.566666667,0.803030303,140,0.3,0.148031496,1.5875,0.196969697,0.094444444,1.607142857,0.242857143,0.208510638,2.088888889,0.5,0.084942085,1.174603175,0.433333333,-0.024242424,0.942857143,0.161892361,0.242857143,0.433333333,0.566666667,0.757142857,0.5,34,26,34,26,34,68,132,34,106,0.803030303,0.116376531,-0.116376531,0.063186283,0.001996253,0.001932195,0.640277389,0.204977568,0.343040077,0.569020845,-0.246326887,0.752592593,-0.208510638,0.208510638,-0.00475118,-0.175328084,0.228549356,0.566666667,0.757142857,-0.208510638,0.7,[0.725],60,-0.073490814,0.716330516,0.779411765,0.313247663,0.3,0.661904762,0.661904762,0.738934942,-31796.84996,-0.184268214,0.810292627,0.737574553,0.784510775,,,,,,,
7fe73118-87a3-4a1f-8c27-8246a48e7834,RidgeClassifierCV,PREPROCESSING,REWEIGHTER,FAIR_PCA_SMOTE,0.715,0.778571429,0.675,0.778571429,0.566666667,0.807407407,140,0.285,0.23832021,2.043678161,0.192592593,0.215686275,2.833333333,0.221428571,0.19787234,1.978947368,0.476923077,0.214285714,1.473684211,0.433333333,0.296969697,1.98,0.14957265,0.221428571,0.433333333,0.566666667,0.778571429,0.523076923,31,26,31,26,34,65,135,34,109,0.807407407,0.247421019,0.049548678,0.114728364,0.006581299,0.005925052,0.639103607,0.20422671,0.342491272,0.546941769,0.105649536,0.896470588,-0.19787234,0.296969697,-0.00070028,-0.069291339,0.210157056,0.566666667,0.778571429,-0.19787234,0.7,[0.725],60,-0.073490814,0.716330516,0.792727273,0.33778067,0.285,0.672619048,0.672619048,0.639291663,-33033.79304,0.099097357,0.891116336,0.751860115,0.839299233,7.799547911,129.4,0,44254.719,0,184394.6625,15.92965001
7fe73118-87a3-4a1f-8c27-8246a48e7834,NuSVC,PREPROCESSING,REWEIGHTER,FAIR_PCA_SMOTE,0.705,0.792857143,0.705,0.792857143,0.5,0.787234043,140,0.295,0.081364829,1.322916667,0.212765957,0.125,1.846153846,0.207142857,-0.00212766,0.989473684,0.491525424,0.012820513,1.026315789,0.5,0.206060606,1.523076923,0.146023613,0.207142857,0.5,0.5,0.792857143,0.508474576,29,30,29,30,30,59,141,30,111,0.787234043,0.104094133,0.104094133,0.106482316,0.005669242,0.00518792,0.640551031,0.205152812,0.343129396,0.54041394,-0.148056665,1.058333333,0.00212766,0.206060606,-0.056089744,0.040419948,0.201922065,0.5,0.792857143,0.00212766,0.7,[0.725],60,-0.073490814,0.716330516,0.790035587,0.294279427,0.295,0.646428571,0.646428571,0.57913915,-35109.68665,0.203932946,0.974344221,0.745099439,0.883713496,,,,,,,
7fe73118-87a3-4a1f-8c27-8246a48e7834,LinearDiscriminantAnalysis,PREPROCESSING,REWEIGHTER,FAIR_PCA_SMOTE,0.7,0.792857143,0.71,0.792857143,0.483333333,0.781690141,140,0.3,0.304986877,2.335632184,0.218309859,0.224462366,2.491071429,0.207142857,0.340425532,3.133333333,0.5,0.273109244,1.619047619,0.516666667,0.175757576,1.414285714,0.146995393,0.207142857,0.516666667,0.483333333,0.792857143,0.5,29,31,29,31,29,58,142,29,111,0.781690141,0.258091554,-0.082333978,0.103312873,0.005336775,0.004907291,0.640809267,0.205318258,0.343294055,0.542209171,0.24875038,0.728315412,-0.340425532,0.340425532,0.024323439,-0.198950131,0.202797814,0.483333333,0.792857143,-0.340425532,0.7,[0.725],60,-0.073490814,0.716330516,0.787234043,0.278926754,0.3,0.638095238,0.638095238,0.690632157,-39350.51839,-0.164667956,0.765221695,0.741058655,0.75699415,7.730161667,140.5,0,44341.04412,0,184754.3505,15.96072306
7fe73118-87a3-4a1f-8c27-8246a48e7834,RidgeClassifierCV,PREPROCESSING,REWEIGHTER,HYPERPARAMETER_FAIR_PCA_SMOTE,0.715,0.778571429,0.675,0.778571429,0.566666667,0.807407407,140,0.285,0.23832021,2.043678161,0.192592593,0.215686275,2.833333333,0.221428571,0.19787234,1.978947368,0.476923077,0.214285714,1.473684211,0.433333333,0.296969697,1.98,0.14957265,0.221428571,0.433333333,0.566666667,0.778571429,0.523076923,31,26,31,26,34,65,135,34,109,0.807407407,0.247421019,0.049548678,0.114728364,0.006581299,0.005925052,0.639103607,0.20422671,0.342491272,0.546941769,0.105649536,0.896470588,-0.19787234,0.296969697,-0.00070028,-0.069291339,0.210157056,0.566666667,0.778571429,-0.19787234,0.7,[0.725],60,-0.073490814,0.716330516,0.792727273,0.33778067,0.285,0.672619048,0.672619048,0.639291663,-33033.79304,0.099097357,0.891116336,0.751860115,0.839299233,3.168848515,151.9,0,44377.5317,0,184906.3821,15.9738569
7fe73118-87a3-4a1f-8c27-8246a48e7834,AdaBoostClassifier,PREPROCESSING,REWEIGHTER,HYPERPARAMETER_FAIR_PCA_SMOTE,0.66,0.707142857,0.63,0.707142857,0.55,0.785714286,140,0.34,0.234120735,1.78245614,0.214285714,0.233974359,2.659090909,0.292857143,0.212765957,1.740740741,0.554054054,0.163265306,1.296296296,0.45,0.266666667,1.8,0.193721818,0.292857143,0.45,0.55,0.707142857,0.445945946,41,27,41,27,33,74,126,33,99,0.785714286,0.239716312,0.026950355,0.137022199,0.009387541,0.008385598,0.639108855,0.204230064,0.342493662,0.622449705,0.24875038,0.868376068,-0.212765957,0.266666667,-0.035354526,-0.080839895,0.273806971,0.55,0.707142857,-0.212765957,0.7,[0.725],60,-0.073490814,0.716330516,0.744360902,0.244069199,0.34,0.628571429,0.628571429,0.611631206,-27663.95674,0.053900709,0.88154433,0.699646643,0.811240827,,,,,,,
7fe73118-87a3-4a1f-8c27-8246a48e7834,AdaBoostClassifier,PREPROCESSING,REWEIGHTER,REWEIGHTER_ROS,0.66,0.642857143,0.54,0.642857143,0.7,0.833333333,140,0.34,0.167454068,1.559649123,0.166666667,0.20995671,3.771428571,0.357142857,0.14893617,1.424242424,0.543478261,0.084016393,1.15530303,0.3,0.248484848,2.64,0.222789116,0.357142857,0.3,0.7,0.642857143,0.456521739,50,18,50,18,42,92,108,42,90,0.833333333,0.198710509,0.049774339,0.138348792,0.009570194,0.008699479,0.639172883,0.204270987,0.342522489,0.667516465,-0.213873142,0.897979798,-0.14893617,0.248484848,-0.062970158,-0.053018373,0.322884926,0.7,0.642857143,-0.14893617,0.7,[0.721],60,-0.073490814,0.716330516,0.725806452,0.315244162,0.34,0.671428571,0.671428571,0.638008658,-27700.64411,0.099548678,0.909715492,0.691340782,0.823055611,,,,,,,
7fe73118-87a3-4a1f-8c27-8246a48e7834,GradientBoostingClassifier,PREPROCESSING,REWEIGHTER,REWEIGHTER_ROS,0.665,0.657142857,0.555,0.657142857,0.683333333,0.828828829,140,0.335,0.234120735,1.78245614,0.171171171,0.263888889,3.375,0.342857143,0.180851064,1.566666667,0.539325843,0.168831169,1.30952381,0.316666667,0.357575758,2.475,0.214749838,0.342857143,0.316666667,0.683333333,0.657142857,0.460674157,48,19,48,19,41,89,111,41,92,0.828828829,0.269213411,0.088362347,0.093174302,0.004340725,0.003949096,0.639341381,0.204378701,0.342597841,0.655362247,-0.497147366,0.940740741,-0.180851064,0.357575758,-0.04752886,-0.033595801,0.310686517,0.683333333,0.657142857,-0.180851064,0.7,[0.721],60,-0.073490814,0.716330516,0.733067729,0.313956803,0.335,0.670238095,0.670238095,0.611014284,-34697.60729,0.176724694,0.905907445,0.697376858,0.823796522,7.8890903,117.5,0,44599.97465,0,185833.2277,16.05392606
7fe73118-87a3-4a1f-8c27-8246a48e7834,RandomForestClassifier,PREPROCESSING,REWEIGHTER,REWEIGHTER_ROS,0.755,0.821428571,0.695,0.821428571,0.6,0.827338129,140,0.245,0.054068241,1.254320988,0.172661871,0.068131868,1.516666667,0.178571429,0.040425532,1.253333333,0.409836066,-0.016666667,0.96,0.4,0.036363636,1.1,0.123721623,0.178571429,0.4,0.6,0.821428571,0.590163934,25,24,25,24,36,61,139,36,115,0.827338129,0.038394584,-0.002030948,0.043435138,0.000943306,0.000903135,0.639162103,0.204264097,0.342517645,0.497436676,-0.39592175,0.93040293,-0.040425532,0.040425532,-0.042399267,-0.049868766,0.172203822,0.6,0.821428571,-0.040425532,0.7,[0.721],60,-0.073490814,0.716330516,0.82437276,0.419460723,0.245,0.710714286,0.710714286,0.712157709,-31358.19099,-0.004061896,0.958898489,0.788162807,0.894321086,,,,,,,
7fe73118-87a3-4a1f-8c27-8246a48e7834,RidgeClassifierCV,PREPROCESSING,REWEIGHTER,REWEIGHTER_ROS,0.65,0.621428571,0.52,0.621428571,0.716666667,0.836538462,140,0.35,0.226246719,1.736752137,0.163461538,0.285447761,4.1875,0.378571429,0.14893617,1.424242424,0.552083333,0.164285714,1.298701299,0.283333333,0.418181818,3.3,0.236168947,0.378571429,0.283333333,0.716666667,0.621428571,0.447916667,53,17,53,17,43,96,104,43,87,0.836538462,0.283558994,0.134622824,0.067664414,0.002289236,0.002189344,0.640133514,0.204885458,0.342947238,0.687268429,-0.581597922,1.010945274,-0.14893617,0.418181818,-0.060581023,0.005774278,0.342152183,0.716666667,0.621428571,-0.14893617,0.7,[0.721],60,-0.073490814,0.716330516,0.713114754,0.310117598,0.35,0.669047619,0.669047619,0.578978539,-34677.7051,0.269245648,0.924738636,0.680096212,0.825728952,7.787828207,128.7,0,44687.72333,0,186198.8472,16.08551152
7fe73118-87a3-4a1f-8c27-8246a48e7834,NuSVC,PREPROCESSING,REWEIGHTER,REWEIGHTER_ROS,0.68,0.685714286,0.58,0.685714286,0.666666667,0.827586207,140,0.32,0.034120735,1.114035088,0.172413793,0.111111111,2,0.314285714,-0.019148936,0.94,0.523809524,-0.045454545,0.916666667,0.333333333,0.157575758,1.65,0.19731405,0.314285714,0.333333333,0.666666667,0.685714286,0.476190476,44,20,44,20,40,84,116,40,96,0.827586207,0.088362347,0.088362347,0.114923212,0.006603672,0.006048229,0.640782507,0.205301111,0.343229945,0.628194316,-0.416997826,1.058333333,0.019148936,0.157575758,-0.078282828,0.033070866,0.285366822,0.666666667,0.685714286,0.019148936,0.7,[0.721],60,-0.073490814,0.716330516,0.75,0.327177501,0.32,0.676190476,0.676190476,0.616440699,-35594.22553,0.138426821,0.976673695,0.713286713,0.869633876,,,,,,,
7fe73118-87a3-4a1f-8c27-8246a48e7834,LinearDiscriminantAnalysis,PREPROCESSING,REWEIGHTER,REWEIGHTER_ROS,0.66,0.65,0.55,0.65,0.683333333,0.827272727,140,0.34,0.175328084,1.601801802,0.172727273,0.165714286,2.380952381,0.35,0.20212766,1.678571429,0.544444444,0.086538462,1.160714286,0.316666667,0.127272727,1.466666667,0.219723183,0.35,0.316666667,0.683333333,0.65,0.455555556,49,19,49,19,41,90,110,41,91,0.827272727,0.164700193,-0.037427466,0.050241073,0.001262083,0.001211254,0.639471567,0.204461942,0.342660995,0.66290751,-0.449267731,0.790222222,-0.20212766,0.20212766,-0.039587912,-0.123884514,0.317457711,0.683333333,0.65,-0.20212766,0.7,[0.721],60,-0.073490814,0.716330516,0.728,0.307044124,0.34,0.666666667,0.666666667,0.691618311,-39011.26025,-0.074854932,0.851229559,0.692334294,0.790736488,7.733545303,139.9,0,44774.68905,0,186561.2044,16.11681515
7fe73118-87a3-4a1f-8c27-8246a48e7834,RidgeClassifierCV,PREPROCESSING,REWEIGHTER,HYPERPARAMETER_ROS,0.65,0.621428571,0.52,0.621428571,0.716666667,0.836538462,140,0.35,0.226246719,1.736752137,0.163461538,0.285447761,4.1875,0.378571429,0.14893617,1.424242424,0.552083333,0.164285714,1.298701299,0.283333333,0.418181818,3.3,0.236168947,0.378571429,0.283333333,0.716666667,0.621428571,0.447916667,53,17,53,17,43,96,104,43,87,0.836538462,0.283558994,0.134622824,0.067664414,0.002289236,0.002189344,0.640133514,0.204885458,0.342947238,0.687268429,-0.581597922,1.010945274,-0.14893617,0.418181818,-0.060581023,0.005774278,0.342152183,0.716666667,0.621428571,-0.14893617,0.7,[0.721],60,-0.073490814,0.716330516,0.713114754,0.310117598,0.35,0.669047619,0.669047619,0.578978539,-34677.7051,0.269245648,0.924738636,0.680096212,0.825728952,3.151968241,151.3,0,44811.04663,0,186712.6943,16.1299022
7fe73118-87a3-4a1f-8c27-8246a48e7834,AdaBoostClassifier,PREPROCESSING,REWEIGHTER,HYPERPARAMETER_ROS,0.665,0.65,0.545,0.65,0.7,0.834862385,140,0.335,0.175328084,1.601801802,0.165137615,0.21108742,3.828571429,0.35,0.159574468,1.46875,0.538461538,0.091666667,1.171875,0.3,0.248484848,2.64,0.217761983,0.35,0.3,0.7,0.65,0.461538462,49,18,49,18,42,91,109,42,91,0.834862385,0.204029658,0.04445519,0.134490695,0.009043874,0.008218118,0.639128042,0.204242327,0.342502311,0.659942396,-0.213873142,0.884577114,-0.159574468,0.248484848,-0.059710377,-0.060892388,0.316071305,0.7,0.65,-0.159574468,0.7,[0.721],60,-0.073490814,0.716330516,0.730923695,0.322087405,0.335,0.675,0.675,0.644992747,-27708.80279,0.08891038,0.902583854,0.696405196,0.821511277,,,,,,,
7fe73118-87a3-4a1f-8c27-8246a48e7834,AdaBoostClassifier,PREPROCESSING,REWEIGHTER,FAIR_PCA_ROS,0.64,0.621428571,0.53,0.621428571,0.683333333,0.820754717,140,0.36,0.143832021,1.445528455,0.179245283,0.193406593,3.095238095,0.378571429,0.127659574,1.342857143,0.563829787,0.060483871,1.107142857,0.316666667,0.218181818,2.2,0.24031064,0.378571429,0.316666667,0.683333333,0.621428571,0.436170213,53,19,53,19,41,94,106,41,87,0.820754717,0.172920696,0.045261122,0.139725549,0.009761615,0.008797435,0.639240862,0.20431444,0.342552963,0.693268548,-0.213873142,0.911794872,-0.127659574,0.218181818,-0.066461361,-0.045144357,0.345001824,0.683333333,0.621428571,-0.127659574,0.7,[0.725],60,-0.073490814,0.716330516,0.707317073,0.279823035,0.36,0.652380952,0.652380952,0.622853459,-27702.6178,0.090522244,0.922133885,0.671976828,0.820338039,,,,,,,
7fe73118-87a3-4a1f-8c27-8246a48e7834,GradientBoostingClassifier,PREPROCESSING,REWEIGHTER,FAIR_PCA_ROS,0.665,0.664285714,0.565,0.664285714,0.666666667,0.82300885,140,0.335,0.159580052,1.51965812,0.17699115,0.162426614,2.317460317,0.335714286,0.180851064,1.566666667,0.540229885,0.069444444,1.125,0.333333333,0.127272727,1.466666667,0.21168432,0.335714286,0.333333333,0.666666667,0.664285714,0.459770115,47,20,47,20,40,87,113,40,93,0.82300885,0.154061896,-0.026789168,0.092870903,0.004312502,0.003974798,0.639282411,0.204341001,0.342573337,0.650667841,-0.414543837,0.811872146,-0.180851064,0.180851064,-0.046491085,-0.108136483,0.305291016,0.666666667,0.664285714,-0.180851064,0.7,[0.725],60,-0.073490814,0.716330516,0.735177866,0.305918897,0.335,0.66547619,0.66547619,0.683303744,-34401.81024,-0.053578337,0.869324333,0.698330252,0.80372402,7.881949425,117.7,0,46321.9908,0,193008.295,16.67377215
7fe73118-87a3-4a1f-8c27-8246a48e7834,RandomForestClassifier,PREPROCESSING,REWEIGHTER,FAIR_PCA_ROS,0.73,0.8,0.69,0.8,0.566666667,0.811594203,140,0.27,0.046194226,1.20952381,0.188405797,0.05106383,1.342857143,0.2,0.05106383,1.342857143,0.451612903,-0.024242424,0.942857143,0.433333333,-0.024242424,0.942857143,0.137690032,0.2,0.433333333,0.566666667,0.8,0.548387097,28,26,28,26,34,62,138,34,112,0.811594203,0.037653127,-0.037653127,0.079145241,0.003131985,0.003034722,0.639101482,0.204225352,0.342490309,0.524766675,-0.184062201,0.90070922,-0.05106383,0.05106383,-0.037653127,-0.073490814,0.192088989,0.566666667,0.8,-0.05106383,0.7,[0.725],60,-0.073490814,0.716330516,0.805755396,0.363308606,0.27,0.683333333,0.683333333,0.70906297,-29504.77095,-0.026821406,0.934035091,0.766009275,0.870394136,,,,,,,
7fe73118-87a3-4a1f-8c27-8246a48e7834,RidgeClassifierCV,PREPROCESSING,REWEIGHTER,FAIR_PCA_ROS,0.65,0.628571429,0.53,0.628571429,0.7,0.830188679,140,0.35,0.218372703,1.693333333,0.169811321,0.272058824,3.642857143,0.371428571,0.14893617,1.424242424,0.553191489,0.15496368,1.277056277,0.3,0.387878788,2.828571429,0.233052693,0.371428571,0.3,0.7,0.628571429,0.446808511,52,18,52,18,42,94,106,42,88,0.830188679,0.268407479,0.119471309,0.084135442,0.003539386,0.003296907,0.639924171,0.204751472,0.342855458,0.682719112,-0.664201451,0.996078431,-0.14893617,0.387878788,-0.058547572,-0.002099738,0.336650653,0.7,0.628571429,-0.14893617,0.7,[0.725],60,-0.073490814,0.716330516,0.715447154,0.30168421,0.35,0.664285714,0.664285714,0.584922631,-34765.60128,0.238942618,0.926628941,0.681155106,0.827254015,7.81133914,128.8,0,46409.04354,0,193371.0148,16.70510711
7fe73118-87a3-4a1f-8c27-8246a48e7834,NuSVC,PREPROCESSING,REWEIGHTER,FAIR_PCA_ROS,0.68,0.692857143,0.59,0.692857143,0.65,0.822033898,140,0.32,0.041994751,1.144144144,0.177966102,0.102222222,1.851851852,0.307142857,0.00212766,1.007142857,0.524390244,-0.038461538,0.928571429,0.35,0.127272727,1.466666667,0.194356773,0.307142857,0.35,0.65,0.692857143,0.475609756,43,21,43,21,39,82,118,39,97,0.822033898,0.064700193,0.062572534,0.126122171,0.007953401,0.007048546,0.640070902,0.20484538,0.342919822,0.623468962,-0.090624616,1.016,-0.00212766,0.127272727,-0.07034188,0.009448819,0.280085398,0.65,0.692857143,-0.00212766,0.7,[0.725],60,-0.073490814,0.716330516,0.751937984,0.319451488,0.32,0.671428571,0.671428571,0.629415584,-35354.36014,0.125145068,0.984573623,0.714161975,0.874233184,,,,,,,
7fe73118-87a3-4a1f-8c27-8246a48e7834,LinearDiscriminantAnalysis,PREPROCESSING,REWEIGHTER,FAIR_PCA_ROS,0.66,0.65,0.55,0.65,0.683333333,0.827272727,140,0.34,0.175328084,1.601801802,0.172727273,0.165714286,2.380952381,0.35,0.20212766,1.678571429,0.544444444,0.086538462,1.160714286,0.316666667,0.127272727,1.466666667,0.219723183,0.35,0.316666667,0.683333333,0.65,0.455555556,49,19,49,19,41,90,110,41,91,0.827272727,0.164700193,-0.037427466,0.050241073,0.001262083,0.001211254,0.639471567,0.204461942,0.342660995,0.66290751,-0.449267731,0.790222222,-0.20212766,0.20212766,-0.039587912,-0.123884514,0.317457711,0.683333333,0.65,-0.20212766,0.7,[0.725],60,-0.073490814,0.716330516,0.728,0.307044124,0.34,0.666666667,0.666666667,0.691618311,-39027.47601,-0.074854932,0.851229559,0.692334294,0.790736488,7.713848352,139.9,0,46495.18757,0,193729.9482,16.73611497
7fe73118-87a3-4a1f-8c27-8246a48e7834,RidgeClassifierCV,PREPROCESSING,REWEIGHTER,HYPERPARAMETER_FAIR_PCA_ROS,0.65,0.628571429,0.53,0.628571429,0.7,0.830188679,140,0.35,0.218372703,1.693333333,0.169811321,0.272058824,3.642857143,0.371428571,0.14893617,1.424242424,0.553191489,0.15496368,1.277056277,0.3,0.387878788,2.828571429,0.233052693,0.371428571,0.3,0.7,0.628571429,0.446808511,52,18,52,18,42,94,106,42,88,0.830188679,0.268407479,0.119471309,0.084135442,0.003539386,0.003296907,0.639924171,0.204751472,0.342855458,0.682719112,-0.664201451,0.996078431,-0.14893617,0.387878788,-0.058547572,-0.002099738,0.336650653,0.7,0.628571429,-0.14893617,0.7,[0.725],60,-0.073490814,0.716330516,0.715447154,0.30168421,0.35,0.664285714,0.664285714,0.584922631,-34765.60128,0.238942618,0.926628941,0.681155106,0.827254015,3.153894186,151,0,46530.54271,0,193877.2613,16.74884119
7fe73118-87a3-4a1f-8c27-8246a48e7834,AdaBoostClassifier,PREPROCESSING,REWEIGHTER,HYPERPARAMETER_FAIR_PCA_ROS,0.655,0.635714286,0.535,0.635714286,0.7,0.831775701,140,0.345,0.159580052,1.51965812,0.168224299,0.208791209,3.714285714,0.364285714,0.138297872,1.382352941,0.548387097,0.076612903,1.139705882,0.3,0.248484848,2.64,0.227885546,0.364285714,0.3,0.7,0.635714286,0.451612903,51,18,51,18,42,93,107,42,89,0.831775701,0.19339136,0.055093488,0.14233145,0.010129121,0.009211448,0.639240862,0.20431444,0.342552963,0.675108208,-0.213873142,0.911794872,-0.138297872,0.248484848,-0.066089153,-0.045144357,0.329744503,0.7,0.635714286,-0.138297872,0.7,[0.725],60,-0.073490814,0.716330516,0.720647773,0.308443841,0.345,0.667857143,0.667857143,0.631062563,-27710.18809,0.110186976,0.916838987,0.686257486,0.824495857,,,,,,,
7fe73118-87a3-4a1f-8c27-8246a48e7834,AdaBoostClassifier,PREPROCESSING,REWEIGHTER,REWEIGHTER_RUS,0.645,0.642857143,0.555,0.642857143,0.65,0.810810811,140,0.355,0.151706037,1.481666667,0.189189189,0.171428571,2.5,0.357142857,0.159574468,1.46875,0.561797753,0.063596491,1.11328125,0.35,0.157575758,1.65,0.22842926,0.357142857,0.35,0.65,0.642857143,0.438202247,50,21,50,21,39,89,111,39,90,0.810810811,0.158575113,-0.000999355,0.122061124,0.007449459,0.006706451,0.63912077,0.204237679,0.342499093,0.675913101,-0.213873142,0.846666667,-0.159574468,0.159574468,-0.05391604,-0.084514436,0.326900486,0.65,0.642857143,-0.159574468,0.7,[0.721],60,-0.073490814,0.716330516,0.717131474,0.27004676,0.355,0.646428571,0.646428571,0.647074583,-27727.60366,-0.001998711,0.895998608,0.679155881,0.809812259,,,,,,,
7fe73118-87a3-4a1f-8c27-8246a48e7834,GradientBoostingClassifier,PREPROCESSING,REWEIGHTER,REWEIGHTER_RUS,0.615,0.571428571,0.485,0.571428571,0.716666667,0.824742268,140,0.385,0.112335958,1.317037037,0.175257732,0.076923077,1.625,0.428571429,0.206382979,1.524324324,0.582524272,0.003225806,1.005405405,0.283333333,-0.042424242,0.825,0.274879305,0.428571429,0.283333333,0.716666667,0.571428571,0.417475728,60,17,60,17,43,103,97,43,80,0.824742268,0.124403611,-0.124403611,0.128665419,0.008277395,0.007409607,0.641082037,0.205493089,0.343425282,0.741457086,-0.147481052,0.651282051,-0.206382979,0.206382979,-0.036848635,-0.17847769,0.392179868,0.716666667,0.571428571,-0.206382979,0.7,[0.721],60,-0.073490814,0.716330516,0.675105485,0.264162547,0.385,0.644047619,0.644047619,0.724169468,-37354.65424,-0.163958736,0.77597311,0.643652598,0.726209024,7.827631235,117.3,0,46096.00113,0,192066.6714,16.59242633
7fe73118-87a3-4a1f-8c27-8246a48e7834,RandomForestClassifier,PREPROCESSING,REWEIGHTER,REWEIGHTER_RUS,0.66,0.6,0.48,0.6,0.8,0.875,140,0.34,0.308661417,2.059459459,0.125,0.325373134,5.36,0.4,0.359574468,2.05625,0.538461538,0.166666667,1.3125,0.2,0.248484848,2.64,0.23964497,0.4,0.2,0.8,0.6,0.461538462,56,12,56,12,48,104,96,48,84,0.875,0.304029658,-0.05554481,0.113202398,0.006407391,0.005971101,0.641625314,0.205841522,0.343688445,0.692307692,-0.272644195,0.631840796,-0.359574468,0.359574468,-0.079353234,-0.194225722,0.355099387,0.8,0.6,-0.359574468,0.7,[0.721],60,-0.073490814,0.716330516,0.711864407,0.366899693,0.34,0.7,0.7,0.738881367,-32540.01087,-0.11108962,0.734754831,0.684951816,0.717368159,,,,,,,
7fe73118-87a3-4a1f-8c27-8246a48e7834,RidgeClassifierCV,PREPROCESSING,REWEIGHTER,REWEIGHTER_RUS,0.675,0.621428571,0.495,0.621428571,0.8,0.878787879,140,0.325,0.241994751,1.830630631,0.121212121,0.313461538,6.09375,0.378571429,0.14893617,1.424242424,0.524752475,0.18202765,1.341991342,0.2,0.478787879,4.95,0.223863771,0.378571429,0.2,0.8,0.621428571,0.475247525,53,12,53,12,48,101,99,48,87,0.878787879,0.313862025,0.164925854,0.053413742,0.001426514,0.001378492,0.640637642,0.205208294,0.343167052,0.66912446,-0.414543837,1.042051282,-0.14893617,0.478787879,-0.065716944,0.02152231,0.334039154,0.8,0.621428571,-0.14893617,0.7,[0.721],60,-0.073490814,0.716330516,0.728033473,0.386264979,0.325,0.710714286,0.710714286,0.593499125,-33473.79592,0.329851709,0.918665949,0.700514426,0.832271663,7.78970933,128.6,0,46184.55452,0,192435.6438,16.62430145
7fe73118-87a3-4a1f-8c27-8246a48e7834,NuSVC,PREPROCESSING,REWEIGHTER,REWEIGHTER_RUS,0.635,0.607142857,0.515,0.607142857,0.7,0.825242718,140,0.365,0.12808399,1.378294574,0.174757282,0.155279503,2.19047619,0.392857143,0.138297872,1.382352941,0.567010309,0.038793103,1.066176471,0.3,0.127272727,1.466666667,0.248993188,0.392857143,0.3,0.7,0.607142857,0.432989691,55,18,55,18,42,97,103,42,85,0.825242718,0.1327853,-0.005512573,0.139050607,0.009667536,0.008552066,0.639103084,0.204226376,0.342491037,0.705681497,-0.095805975,0.858937198,-0.138297872,0.138297872,-0.0582432,-0.07664042,0.357654887,0.7,0.607142857,-0.138297872,0.7,[0.721],60,-0.073490814,0.716330516,0.699588477,0.281627839,0.365,0.653571429,0.653571429,0.657174288,-30516.64471,-0.011025145,0.906357801,0.665731333,0.808899725,,,,,,,
7fe73118-87a3-4a1f-8c27-8246a48e7834,LinearDiscriminantAnalysis,PREPROCESSING,REWEIGHTER,REWEIGHTER_RUS,0.675,0.642857143,0.525,0.642857143,0.75,0.857142857,140,0.325,0.324409449,2.177142857,0.142857143,0.344064386,5.071428571,0.357142857,0.291489362,1.944827586,0.526315789,0.232142857,1.448275862,0.25,0.418181818,3.3,0.216253444,0.357142857,0.25,0.75,0.642857143,0.473684211,50,15,50,15,45,95,105,45,90,0.857142857,0.35483559,0.063346228,0.056876412,0.001617463,0.001525263,0.63915719,0.204260957,0.342515744,0.657652558,-0.522695199,0.834741784,-0.291489362,0.418181818,-0.055960765,-0.092388451,0.318398653,0.75,0.642857143,-0.291489362,0.7,[0.721],60,-0.073490814,0.716330516,0.734693878,0.360510439,0.325,0.696428571,0.696428571,0.652312448,-41888.22142,0.126692456,0.837028471,0.703583062,0.78725667,7.694544554,140.6,0,46277.26407,0,192821.9336,16.6576726
7fe73118-87a3-4a1f-8c27-8246a48e7834,RidgeClassifierCV,PREPROCESSING,REWEIGHTER,HYPERPARAMETER_RUS,0.675,0.621428571,0.495,0.621428571,0.8,0.878787879,140,0.325,0.241994751,1.830630631,0.121212121,0.313461538,6.09375,0.378571429,0.14893617,1.424242424,0.524752475,0.18202765,1.341991342,0.2,0.478787879,4.95,0.223863771,0.378571429,0.2,0.8,0.621428571,0.475247525,53,12,53,12,48,101,99,48,87,0.878787879,0.313862025,0.164925854,0.053413742,0.001426514,0.001378492,0.640637642,0.205208294,0.343167052,0.66912446,-0.414543837,1.042051282,-0.14893617,0.478787879,-0.065716944,0.02152231,0.334039154,0.8,0.621428571,-0.14893617,0.7,[0.721],60,-0.073490814,0.716330516,0.728033473,0.386264979,0.325,0.710714286,0.710714286,0.593499125,-33473.79592,0.329851709,0.918665949,0.700514426,0.832271663,3.127056122,151.8,0,46312.8121,0,192970.0504,16.67046824
7fe73118-87a3-4a1f-8c27-8246a48e7834,AdaBoostClassifier,PREPROCESSING,REWEIGHTER,HYPERPARAMETER_RUS,0.635,0.621428571,0.535,0.621428571,0.666666667,0.813084112,140,0.365,0.135958005,1.411111111,0.186915888,0.168067227,2.428571429,0.378571429,0.138297872,1.382352941,0.569892473,0.048728814,1.084558824,0.333333333,0.157575758,1.65,0.242228119,0.378571429,0.333333333,0.666666667,0.621428571,0.430107527,53,20,53,20,40,93,107,40,87,0.813084112,0.147936815,0.009638943,0.127279847,0.00810008,0.007173154,0.639105151,0.204227697,0.342491971,0.696028905,-0.213873142,0.871568627,-0.138297872,0.157575758,-0.059669207,-0.068766404,0.346346831,0.666666667,0.621428571,-0.138297872,0.7,[0.721],60,-0.073490814,0.716330516,0.704453441,0.264692941,0.365,0.644047619,0.644047619,0.637839681,-27721.09155,0.019277885,0.910865527,0.667926068,0.812372876,,,,,,,
7fe73118-87a3-4a1f-8c27-8246a48e7834,AdaBoostClassifier,PREPROCESSING,REWEIGHTER,FAIR_PCA_RUS,0.625,0.592857143,0.505,0.592857143,0.7,0.821782178,140,0.375,0.120209974,1.346969697,0.178217822,0.176339286,2.612244898,0.407142857,0.106382979,1.27027027,0.575757576,0.037698413,1.064189189,0.3,0.187878788,1.885714286,0.260001543,0.407142857,0.3,0.7,0.592857143,0.424242424,57,18,57,18,42,99,101,42,83,0.821782178,0.147130883,0.040747905,0.09810622,0.004812415,0.00446397,0.639333229,0.204373489,0.342594208,0.721112395,-0.581597922,0.926041667,-0.106382979,0.187878788,-0.069320437,-0.037270341,0.371902433,0.7,0.592857143,-0.106382979,0.7,[0.725],60,-0.073490814,0.716330516,0.68879668,0.268421426,0.375,0.646428571,0.646428571,0.620087962,-27728.34542,0.081495809,0.934556587,0.655349388,0.81834044,,,,,,,
7fe73118-87a3-4a1f-8c27-8246a48e7834,GradientBoostingClassifier,PREPROCESSING,REWEIGHTER,FAIR_PCA_RUS,0.635,0.6,0.505,0.6,0.716666667,0.831683168,140,0.365,0.045669291,1.128888889,0.168316832,0.043589744,1.354166667,0.4,0.106382979,1.27027027,0.565656566,-0.041218638,0.930930931,0.283333333,-0.042424242,0.825,0.252285791,0.4,0.283333333,0.716666667,0.6,0.434343434,56,17,56,17,43,99,101,43,84,0.831683168,0.074403611,-0.074403611,0.118294153,0.006996753,0.006284042,0.639360871,0.204391162,0.342609615,0.710332023,-0.303318202,0.781538462,-0.106382979,0.106382979,-0.042404191,-0.111811024,0.363291909,0.716666667,0.6,-0.106382979,0.7,[0.725],60,-0.073490814,0.716330516,0.697095436,0.290244307,0.365,0.658333333,0.658333333,0.70731571,-36789.58564,-0.063958736,0.868650074,0.664600433,0.788004143,7.785663605,117.1,0,46499.19724,0,193746.6552,16.73755827
7fe73118-87a3-4a1f-8c27-8246a48e7834,RandomForestClassifier,PREPROCESSING,REWEIGHTER,FAIR_PCA_RUS,0.635,0.585714286,0.485,0.585714286,0.75,0.845360825,140,0.365,0.202624672,1.612698413,0.154639175,0.215686275,2.833333333,0.414285714,0.238297872,1.658823529,0.563106796,0.09039548,1.156862745,0.25,0.157575758,1.65,0.258651467,0.414285714,0.25,0.75,0.585714286,0.436893204,58,15,58,15,45,103,97,45,82,0.845360825,0.197936815,-0.040361057,0.113117144,0.006397744,0.006002453,0.639743219,0.204635693,0.34278789,0.719237745,-0.31520381,0.747058824,-0.238297872,0.238297872,-0.062645397,-0.135433071,0.374520067,0.75,0.585714286,-0.238297872,0.7,[0.725],60,-0.073490814,0.716330516,0.691983122,0.307825778,0.365,0.667857143,0.667857143,0.694812563,-32847.94677,-0.080722115,0.824718653,0.662268081,0.762382621,,,,,,,
7fe73118-87a3-4a1f-8c27-8246a48e7834,RidgeClassifierCV,PREPROCESSING,REWEIGHTER,FAIR_PCA_RUS,0.67,0.621428571,0.5,0.621428571,0.783333333,0.87,140,0.33,0.234120735,1.78245614,0.13,0.299242424,4.95,0.378571429,0.14893617,1.424242424,0.53,0.173302108,1.32034632,0.216666667,0.448484848,3.96,0.2265625,0.378571429,0.216666667,0.783333333,0.621428571,0.47,53,13,53,13,47,100,100,47,87,0.87,0.298710509,0.149774339,0.049750792,0.001237571,0.001195753,0.640370874,0.205037428,0.34305093,0.673145601,-0.414543837,1.026262626,-0.14893617,0.448484848,-0.062970158,0.013648294,0.335779968,0.783333333,0.621428571,-0.14893617,0.7,[0.725],60,-0.073490814,0.716330516,0.725,0.370970413,0.33,0.702380952,0.702380952,0.597182309,-33538.84889,0.299548678,0.921785374,0.696415771,0.832032982,7.81869483,127.9,0,46584.14541,0,194100.6059,16.76813567
7fe73118-87a3-4a1f-8c27-8246a48e7834,NuSVC,PREPROCESSING,REWEIGHTER,FAIR_PCA_RUS,0.655,0.628571429,0.525,0.628571429,0.716666667,0.838095238,140,0.345,0.151706037,1.481666667,0.161904762,0.171428571,2.5,0.371428571,0.159574468,1.46875,0.547368421,0.063596491,1.11328125,0.283333333,0.157575758,1.65,0.230945822,0.371428571,0.283333333,0.716666667,0.628571429,0.452631579,52,17,52,17,43,95,105,43,88,0.838095238,0.158575113,-0.000999355,0.132549477,0.008784682,0.007766173,0.63912077,0.204237679,0.342499093,0.679626106,-0.132847247,0.846666667,-0.159574468,0.159574468,-0.05391604,-0.084514436,0.335202221,0.716666667,0.628571429,-0.159574468,0.7,[0.725],60,-0.073490814,0.716330516,0.718367347,0.316812204,0.345,0.672619048,0.672619048,0.673291233,-31164.97855,-0.001998711,0.895998608,0.685221785,0.812671647,,,,,,,
7fe73118-87a3-4a1f-8c27-8246a48e7834,LinearDiscriminantAnalysis,PREPROCESSING,REWEIGHTER,FAIR_PCA_RUS,0.67,0.635714286,0.52,0.635714286,0.75,0.855769231,140,0.33,0.316535433,2.116666667,0.144230769,0.342857143,5,0.364285714,0.280851064,1.88,0.53125,0.223684211,1.425,0.25,0.418181818,3.3,0.221296847,0.364285714,0.25,0.75,0.635714286,0.46875,51,15,51,15,45,96,104,45,89,0.855769231,0.349516441,0.068665377,0.0581947,0.001693312,0.001590728,0.63912077,0.204237679,0.342499093,0.665277156,-0.540239509,0.846666667,-0.280851064,0.418181818,-0.059586466,-0.084514436,0.325246155,0.75,0.635714286,-0.280851064,0.7,[0.725],60,-0.073490814,0.716330516,0.729508197,0.353796132,0.33,0.692857143,0.692857143,0.645281846,-41970.19571,0.137330754,0.844295213,0.698488931,0.789369489,7.732178211,139.3,1,46672.93044,7.788160801,195638.7676,16.90101576
7fe73118-87a3-4a1f-8c27-8246a48e7834,RidgeClassifierCV,PREPROCESSING,REWEIGHTER,HYPERPARAMETER_FAIR_PCA_RUS,0.67,0.621428571,0.5,0.621428571,0.783333333,0.87,140,0.33,0.234120735,1.78245614,0.13,0.299242424,4.95,0.378571429,0.14893617,1.424242424,0.53,0.173302108,1.32034632,0.216666667,0.448484848,3.96,0.2265625,0.378571429,0.216666667,0.783333333,0.621428571,0.47,53,13,53,13,47,100,100,47,87,0.87,0.298710509,0.149774339,0.049750792,0.001237571,0.001195753,0.640370874,0.205037428,0.34305093,0.673145601,-0.414543837,1.026262626,-0.14893617,0.448484848,-0.062970158,0.013648294,0.335779968,0.783333333,0.621428571,-0.14893617,0.7,[0.725],60,-0.073490814,0.716330516,0.725,0.370970413,0.33,0.702380952,0.702380952,0.597182309,-33538.84889,0.299548678,0.921785374,0.696415771,0.832032982,3.134736538,150.5,1,46708.56451,7.788160801,195787.2429,16.91384238
7fe73118-87a3-4a1f-8c27-8246a48e7834,AdaBoostClassifier,PREPROCESSING,REWEIGHTER,HYPERPARAMETER_FAIR_PCA_RUS,0.625,0.607142857,0.525,0.607142857,0.666666667,0.80952381,140,0.375,0.120209974,1.346969697,0.19047619,0.164502165,2.357142857,0.392857143,0.117021277,1.305555556,0.578947368,0.034836066,1.059027778,0.333333333,0.157575758,1.65,0.252984389,0.392857143,0.333333333,0.666666667,0.607142857,0.421052632,55,20,55,20,40,95,105,40,85,0.80952381,0.137298517,0.02027724,0.133592721,0.008923508,0.007898864,0.639172883,0.204270987,0.342522489,0.711314824,-0.213873142,0.897979798,-0.117021277,0.157575758,-0.064833049,-0.053018373,0.360407573,0.666666667,0.607142857,-0.117021277,0.7,[0.725],60,-0.073490814,0.716330516,0.693877551,0.251264851,0.375,0.636904762,0.636904762,0.623990091,-27720.04252,0.040554481,0.925320926,0.657640232,0.814774468,,,,,,,
7fe73118-87a3-4a1f-8c27-8246a48e7834,AdaBoostClassifier,PREPROCESSING,REWEIGHTER,REWEIGHTER_FOS,0.685,0.764285714,0.685,0.764285714,0.5,0.781021898,140,0.315,0.265616798,1.992156863,0.218978102,0.223837209,2.480769231,0.235714286,0.276595745,2.238095238,0.523809524,0.202090592,1.394557823,0.5,0.206060606,1.523076923,0.162217527,0.235714286,0.5,0.5,0.764285714,0.476190476,33,30,33,30,30,63,137,30,107,0.781021898,0.241328175,-0.035267569,0.105417013,0.005556373,0.005242867,0.63969729,0.204606311,0.342766364,0.569592006,-0.087721857,0.787596899,-0.276595745,0.276595745,-0.010873308,-0.143832021,0.226224454,0.5,0.764285714,-0.276595745,0.7,[0.721],60,-0.073490814,0.716330516,0.772563177,0.260725058,0.315,0.632142857,0.632142857,0.654436999,-27566.84289,-0.070535139,0.823623174,0.726151407,0.788349617,,,,,,,
7fe73118-87a3-4a1f-8c27-8246a48e7834,GradientBoostingClassifier,PREPROCESSING,REWEIGHTER,REWEIGHTER_FOS,0.7,0.792857143,0.71,0.792857143,0.483333333,0.781690141,140,0.3,0.198950131,1.743137255,0.218309859,0.212473573,2.405594406,0.207142857,0.076595745,1.342857143,0.5,0.237804878,1.464285714,0.516666667,0.406060606,2.030769231,0.146995393,0.207142857,0.516666667,0.483333333,0.792857143,0.5,29,31,29,31,29,58,142,29,111,0.781690141,0.241328175,0.164732431,0.117760117,0.006933723,0.006487216,0.64103486,0.205462846,0.343339245,0.542209171,-0.119900755,1.082945736,-0.076595745,0.406060606,0.012665653,0.056167979,0.202797814,0.483333333,0.792857143,-0.076595745,0.7,[0.721],60,-0.073490814,0.716330516,0.787234043,0.278926754,0.3,0.638095238,0.638095238,0.532980259,-31790.50099,0.329464861,0.938286916,0.741058655,0.861829978,8.191289902,117.4,0,47930.47154,0,199710.2981,17.25275075
7fe73118-87a3-4a1f-8c27-8246a48e7834,RandomForestClassifier,PREPROCESSING,REWEIGHTER,REWEIGHTER_FOS,0.73,0.85,0.76,0.85,0.45,0.782894737,140,0.27,0.187401575,1.881481481,0.217105263,0.138383838,1.85625,0.15,0.182978723,2.563636364,0.4375,0.207142857,1.527272727,0.55,0.115151515,1.2375,0.118547526,0.15,0.55,0.45,0.85,0.5625,21,33,21,33,27,48,152,27,119,0.782894737,0.149065119,-0.033913604,0.063552271,0.002019446,0.001898522,0.639252033,0.204321581,0.342559326,0.486924072,-0.282044969,0.855218855,-0.182978723,0.182978723,0.034379509,-0.112860892,0.157522195,0.45,0.85,-0.182978723,0.7,[0.721],60,-0.073490814,0.716330516,0.815068493,0.321898153,0.27,0.65,0.65,0.672043843,-34413.80719,-0.067827208,0.878045473,0.770192393,0.838887879,,,,,,,
7fe73118-87a3-4a1f-8c27-8246a48e7834,RidgeClassifierCV,PREPROCESSING,REWEIGHTER,REWEIGHTER_FOS,0.72,0.814285714,0.72,0.814285714,0.5,0.791666667,140,0.28,0.163779528,1.693333333,0.208333333,0.155555556,2.076923077,0.185714286,0.119148936,1.658823529,0.464285714,0.140540541,1.305882353,0.5,0.206060606,1.523076923,0.134371396,0.185714286,0.5,0.5,0.814285714,0.535714286,26,30,26,30,30,56,144,30,114,0.791666667,0.162604771,0.043455835,0.102098822,0.005212085,0.004800884,0.639210816,0.204295233,0.342539508,0.518404081,-0.061404548,0.940740741,-0.119148936,0.206060606,-0.007507508,-0.041994751,0.184064191,0.5,0.814285714,-0.119148936,0.7,[0.721],60,-0.073490814,0.716330516,0.802816901,0.320766514,0.28,0.657142857,0.657142857,0.628586166,-29617.00189,0.08691167,0.932939498,0.759156493,0.866798196,7.811882496,128.5,0,48017.62249,0,200073.427,17.28412106
7fe73118-87a3-4a1f-8c27-8246a48e7834,NuSVC,PREPROCESSING,REWEIGHTER,REWEIGHTER_FOS,0.71,0.828571429,0.75,0.828571429,0.433333333,0.773333333,140,0.29,0.155905512,1.638709677,0.226666667,0.172043011,2.066666667,0.171428571,0.029787234,1.175,0.48,0.196078431,1.416666667,0.566666667,0.345454545,1.76,0.130385488,0.171428571,0.566666667,0.433333333,0.828571429,0.52,24,34,24,34,26,50,150,26,116,0.773333333,0.18762089,0.157833656,0.111550024,0.006221704,0.00568542,0.641145033,0.205533477,0.343386868,0.510657395,0.214348953,1.092473118,-0.029787234,0.345454545,0.01201771,0.067716535,0.175657494,0.433333333,0.828571429,-0.029787234,0.7,[0.721],60,-0.073490814,0.716330516,0.8,0.277173947,0.29,0.630952381,0.630952381,0.53136686,-29305.17129,0.315667311,0.950998587,0.752317881,0.8740551,,,,,,,
7fe73118-87a3-4a1f-8c27-8246a48e7834,LinearDiscriminantAnalysis,PREPROCESSING,REWEIGHTER,REWEIGHTER_FOS,0.705,0.792857143,0.705,0.792857143,0.5,0.787234043,140,0.295,0.304986877,2.335632184,0.212765957,0.224462366,2.491071429,0.207142857,0.340425532,3.133333333,0.491525424,0.273109244,1.619047619,0.5,0.175757576,1.414285714,0.146023613,0.207142857,0.5,0.5,0.792857143,0.508474576,29,30,29,30,30,59,141,30,111,0.787234043,0.258091554,-0.082333978,0.104710468,0.005482141,0.005024568,0.640809267,0.205318258,0.343294055,0.54041394,0.24875038,0.728315412,-0.340425532,0.340425532,0.024323439,-0.198950131,0.201922065,0.5,0.792857143,-0.340425532,0.7,[0.721],60,-0.073490814,0.716330516,0.790035587,0.294279427,0.295,0.646428571,0.646428571,0.699651607,-34181.00415,-0.164667956,0.765221695,0.745099439,0.758394593,7.697592497,139.8,0,48105.13493,0,200438.0622,17.31562149
7fe73118-87a3-4a1f-8c27-8246a48e7834,RidgeClassifierCV,PREPROCESSING,REWEIGHTER,HYPERPARAMETER_FOS,0.72,0.814285714,0.72,0.814285714,0.5,0.791666667,140,0.28,0.163779528,1.693333333,0.208333333,0.155555556,2.076923077,0.185714286,0.119148936,1.658823529,0.464285714,0.140540541,1.305882353,0.5,0.206060606,1.523076923,0.134371396,0.185714286,0.5,0.5,0.814285714,0.535714286,26,30,26,30,30,56,144,30,114,0.791666667,0.162604771,0.043455835,0.102098822,0.005212085,0.004800884,0.639210816,0.204295233,0.342539508,0.518404081,-0.061404548,0.940740741,-0.119148936,0.206060606,-0.007507508,-0.041994751,0.184064191,0.5,0.814285714,-0.119148936,0.7,[0.721],60,-0.073490814,0.716330516,0.802816901,0.320766514,0.28,0.657142857,0.657142857,0.628586166,-29617.00189,0.08691167,0.932939498,0.759156493,0.866798196,3.132325888,151,0,48140.79977,0,200586.6657,17.32845918
7fe73118-87a3-4a1f-8c27-8246a48e7834,AdaBoostClassifier,PREPROCESSING,REWEIGHTER,HYPERPARAMETER_FOS,0.69,0.785714286,0.71,0.785714286,0.466666667,0.774647887,140,0.31,0.206824147,1.795959596,0.225352113,0.176029963,2.119047619,0.214285714,0.19787234,1.978947368,0.517241379,0.166666667,1.333333333,0.533333333,0.175757576,1.414285714,0.151896873,0.214285714,0.533333333,0.466666667,0.785714286,0.482758621,30,32,30,32,28,58,142,28,110,0.774647887,0.186814958,-0.011057382,0.107702431,0.005799907,0.005343208,0.639186038,0.204279396,0.342528971,0.551174878,0.105649536,0.856179775,-0.19787234,0.19787234,-0.004681648,-0.100787402,0.209660657,0.466666667,0.785714286,-0.19787234,0.7,[0.721],60,-0.073490814,0.716330516,0.780141844,0.254881344,0.31,0.626190476,0.626190476,0.633114504,-27618.13738,-0.022114765,0.881459472,0.732307395,0.825420534,,,,,,,
7fe73118-87a3-4a1f-8c27-8246a48e7834,AdaBoostClassifier,PREPROCESSING,REWEIGHTER,FAIR_PCA_FOS,0.685,0.764285714,0.685,0.764285714,0.5,0.781021898,140,0.315,0.265616798,1.992156863,0.218978102,0.223837209,2.480769231,0.235714286,0.276595745,2.238095238,0.523809524,0.202090592,1.394557823,0.5,0.206060606,1.523076923,0.162217527,0.235714286,0.5,0.5,0.764285714,0.476190476,33,30,33,30,30,63,137,30,107,0.781021898,0.241328175,-0.035267569,0.105417013,0.005556373,0.005242867,0.63969729,0.204606311,0.342766364,0.569592006,-0.087721857,0.787596899,-0.276595745,0.276595745,-0.010873308,-0.143832021,0.226224454,0.5,0.764285714,-0.276595745,0.7,[0.725],60,-0.073490814,0.716330516,0.772563177,0.260725058,0.315,0.632142857,0.632142857,0.654436999,-27567.24804,-0.070535139,0.823623174,0.726151407,0.788349617,,,,,,,
7fe73118-87a3-4a1f-8c27-8246a48e7834,GradientBoostingClassifier,PREPROCESSING,REWEIGHTER,FAIR_PCA_FOS,0.695,0.8,0.725,0.8,0.45,0.772413793,140,0.305,0.206824147,1.795959596,0.227586207,0.168498168,2.022222222,0.2,0.208510638,2.088888889,0.509090909,0.166666667,1.333333333,0.55,0.145454545,1.32,0.144854253,0.2,0.55,0.45,0.8,0.490909091,28,33,28,33,27,55,145,27,112,0.772413793,0.176982592,-0.031528046,0.10442136,0.00545191,0.005064222,0.639305678,0.204355875,0.342584081,0.538245768,0.105649536,0.837362637,-0.208510638,0.208510638,-0.000915751,-0.116535433,0.198466967,0.45,0.8,-0.208510638,0.7,[0.725],60,-0.073490814,0.716330516,0.785964912,0.256574981,0.305,0.625,0.625,0.644705029,-31418.88145,-0.063056093,0.865402197,0.737688799,0.818185686,7.841722012,118.1,0,48687.98143,0,202866.5893,17.52541924
7fe73118-87a3-4a1f-8c27-8246a48e7834,RandomForestClassifier,PREPROCESSING,REWEIGHTER,FAIR_PCA_FOS,0.725,0.85,0.765,0.85,0.433333333,0.777777778,140,0.275,0.112860892,1.511904762,0.222222222,0.102727273,1.604278075,0.15,0.082978723,1.709090909,0.446808511,0.092592593,1.227272727,0.566666667,0.084848485,1.164705882,0.119365646,0.15,0.566666667,0.433333333,0.85,0.553191489,21,34,21,34,26,47,153,26,119,0.777777778,0.083913604,0.000934881,0.060298557,0.001817958,0.001703398,0.639137149,0.204248148,0.342506416,0.488601363,-0.404437968,0.931333333,-0.082978723,0.084848485,-0.00506734,-0.054068241,0.158311625,0.433333333,0.85,-0.082978723,0.7,[0.725],60,-0.073490814,0.716330516,0.812286689,0.306226429,0.275,0.641666667,0.641666667,0.641066785,-30800.66222,0.001869761,0.947348473,0.766165288,0.878128381,,,,,,,
7fe73118-87a3-4a1f-8c27-8246a48e7834,RidgeClassifierCV,PREPROCESSING,REWEIGHTER,FAIR_PCA_FOS,0.72,0.821428571,0.73,0.821428571,0.483333333,0.787671233,140,0.28,0.163779528,1.693333333,0.212328767,0.147826087,1.971428571,0.178571429,0.129787234,1.7625,0.462962963,0.142857143,1.3125,0.516666667,0.175757576,1.414285714,0.131539259,0.178571429,0.516666667,0.483333333,0.821428571,0.537037037,25,31,25,31,29,54,146,29,115,0.787671233,0.152772405,0.022985171,0.096468244,0.004653061,0.00428238,0.639128042,0.204242327,0.342502311,0.512911804,-0.061404548,0.920289855,-0.129787234,0.175757576,-0.002484472,-0.057742782,0.17905831,0.483333333,0.821428571,-0.129787234,0.7,[0.725],60,-0.073490814,0.716330516,0.804195804,0.314577035,0.28,0.652380952,0.652380952,0.637385865,-29629.72425,0.045970342,0.925804696,0.759772435,0.862945198,7.800701857,129.3,0,48775.87426,0,203232.8094,17.55705659
7fe73118-87a3-4a1f-8c27-8246a48e7834,NuSVC,PREPROCESSING,REWEIGHTER,FAIR_PCA_FOS,0.715,0.835714286,0.755,0.835714286,0.433333333,0.774834437,140,0.285,0.097112861,1.411111111,0.225165563,0.113152805,1.709090909,0.164285714,0.040425532,1.253333333,0.469387755,0.045454545,1.1,0.566666667,0.145454545,1.32,0.12667056,0.164285714,0.566666667,0.433333333,0.835714286,0.530612245,23,34,23,34,26,49,151,26,117,0.774834437,0.092940039,0.052514507,0.10779158,0.005809512,0.005301185,0.639557548,0.204516928,0.34269383,0.503330031,0.24875038,0.990780142,-0.040425532,0.145454545,-0.03384913,-0.006824147,0.169843159,0.433333333,0.835714286,-0.040425532,0.7,[0.725],60,-0.073490814,0.716330516,0.804123711,0.286670024,0.285,0.63452381,0.63452381,0.601202105,-29289.99682,0.105029014,0.972353457,0.756947508,0.888109778,,,,,,,
7fe73118-87a3-4a1f-8c27-8246a48e7834,LinearDiscriminantAnalysis,PREPROCESSING,REWEIGHTER,FAIR_PCA_FOS,0.705,0.792857143,0.705,0.792857143,0.5,0.787234043,140,0.295,0.304986877,2.335632184,0.212765957,0.224462366,2.491071429,0.207142857,0.340425532,3.133333333,0.491525424,0.273109244,1.619047619,0.5,0.175757576,1.414285714,0.146023613,0.207142857,0.5,0.5,0.792857143,0.508474576,29,30,29,30,30,59,141,30,111,0.787234043,0.258091554,-0.082333978,0.104710468,0.005482141,0.005024568,0.640809267,0.205318258,0.343294055,0.54041394,0.24875038,0.728315412,-0.340425532,0.340425532,0.024323439,-0.198950131,0.201922065,0.5,0.792857143,-0.340425532,0.7,[0.725],60,-0.073490814,0.716330516,0.790035587,0.294279427,0.295,0.646428571,0.646428571,0.699651607,-34222.65979,-0.164667956,0.765221695,0.745099439,0.758394593,7.745227814,140.3,0,48861.58736,0,203589.9474,17.58790934
7fe73118-87a3-4a1f-8c27-8246a48e7834,RidgeClassifierCV,PREPROCESSING,REWEIGHTER,HYPERPARAMETER_FAIR_PCA_FOS,0.72,0.821428571,0.73,0.821428571,0.483333333,0.787671233,140,0.28,0.163779528,1.693333333,0.212328767,0.147826087,1.971428571,0.178571429,0.129787234,1.7625,0.462962963,0.142857143,1.3125,0.516666667,0.175757576,1.414285714,0.131539259,0.178571429,0.516666667,0.483333333,0.821428571,0.537037037,25,31,25,31,29,54,146,29,115,0.787671233,0.152772405,0.022985171,0.096468244,0.004653061,0.00428238,0.639128042,0.204242327,0.342502311,0.512911804,-0.061404548,0.920289855,-0.129787234,0.175757576,-0.002484472,-0.057742782,0.17905831,0.483333333,0.821428571,-0.129787234,0.7,[0.725],60,-0.073490814,0.716330516,0.804195804,0.314577035,0.28,0.652380952,0.652380952,0.637385865,-29629.72425,0.045970342,0.925804696,0.759772435,0.862945198,3.142791033,151.5,0,48897.13663,0,203738.0693,17.60070543
7fe73118-87a3-4a1f-8c27-8246a48e7834,AdaBoostClassifier,PREPROCESSING,REWEIGHTER,HYPERPARAMETER_FAIR_PCA_FOS,0.69,0.778571429,0.7,0.778571429,0.483333333,0.778571429,140,0.31,0.198950131,1.743137255,0.221428571,0.182170543,2.205128205,0.221428571,0.176595745,1.79047619,0.516666667,0.154471545,1.301587302,0.516666667,0.206060606,1.523076923,0.155,0.221428571,0.516666667,0.483333333,0.778571429,0.483333333,31,31,31,31,29,60,140,29,109,0.778571429,0.191328175,0.014732431,0.133038236,0.008849586,0.00799842,0.639103084,0.204226376,0.342491037,0.556776436,0.61647516,0.886046512,-0.176595745,0.206060606,-0.013849499,-0.077165354,0.214875626,0.483333333,0.778571429,-0.176595745,0.7,[0.725],60,-0.073490814,0.716330516,0.778571429,0.261904762,0.31,0.630952381,0.630952381,0.621656919,-27619.0711,0.029464861,0.900566297,0.731614786,0.836198625,,,,,,,
7fe73118-87a3-4a1f-8c27-8246a48e7834,AdaBoostClassifier,PREPROCESSING,REWEIGHTER,REWEIGHTER_FAIR_SMOTE,0.575,0.514285714,0.445,0.514285714,0.716666667,0.808988764,140,0.425,0.17480315,1.411111111,0.191011236,0.379227053,6.814814815,0.485714286,-0.042553191,0.921568627,0.612612613,0.203703704,1.323529412,0.283333333,0.709090909,8.8,0.324287194,0.485714286,0.283333333,0.716666667,0.514285714,0.387387387,68,17,68,17,43,111,89,43,72,0.808988764,0.37582205,0.37582205,0.24107439,0.029058431,0.026858367,0.66220147,0.219255393,0.352058737,0.805341163,-0.032777827,1.656521739,0.042553191,0.709090909,-0.087761675,0.237795276,0.452538874,0.716666667,0.514285714,0.042553191,0.7,[0.721],60,-0.073490814,0.716330516,0.628820961,0.212963705,0.425,0.61547619,0.61547619,0.384166667,-27853.08218,0.666537718,0.87676812,0.600707355,0.76030037,,,,,,,
7fe73118-87a3-4a1f-8c27-8246a48e7834,GradientBoostingClassifier,PREPROCESSING,REWEIGHTER,REWEIGHTER_FAIR_SMOTE,0.575,0.478571429,0.395,0.478571429,0.8,0.848101266,140,0.425,0.092388451,1.20952381,0.151898734,0.306818182,5.5,0.521428571,-0.063829787,0.886792453,0.603305785,0.075731497,1.118598383,0.2,0.509090909,6.6,0.343641633,0.521428571,0.2,0.8,0.478571429,0.396694215,73,12,73,12,48,121,79,48,67,0.848101266,0.286460348,0.286460348,0.180479668,0.016286455,0.015477484,0.656434553,0.215453161,0.349733261,0.829025492,-0.292312,1.539393939,0.063829787,0.509090909,-0.115543342,0.18687664,0.483523522,0.8,0.478571429,0.063829787,0.7,[0.721],60,-0.073490814,0.716330516,0.611872146,0.261137946,0.425,0.639285714,0.639285714,0.456155706,-44635.90018,0.445261122,0.919735251,0.592863326,0.776946806,8.067024469,117,0,48361.04201,0,201504.3417,17.40773619
7fe73118-87a3-4a1f-8c27-8246a48e7834,RandomForestClassifier,PREPROCESSING,REWEIGHTER,REWEIGHTER_FAIR_SMOTE,0.515,0.378571429,0.315,0.378571429,0.833333333,0.841269841,140,0.485,0.040944882,1.073239437,0.158730159,0.388571429,10.71428571,0.621428571,-0.144680851,0.805714286,0.635036496,0.06372549,1.092857143,0.166666667,0.56969697,19.8,0.445204574,0.621428571,0.166666667,0.833333333,0.378571429,0.364963504,87,10,87,10,50,137,63,50,53,0.841269841,0.35718891,0.35718891,0.351010779,0.061604284,0.057854147,0.687740725,0.236493653,0.362180996,0.943614936,0.272866987,2.370666667,0.144680851,0.56969697,-0.162422969,0.269816273,0.59883987,0.833333333,0.378571429,0.144680851,0.7,[0.721],60,-0.073490814,0.716330516,0.522167488,0.209049821,0.485,0.605952381,0.605952381,0.38951291,-36738.41511,0.425016119,0.885707853,0.518558978,0.716588716,,,,,,,
7fe73118-87a3-4a1f-8c27-8246a48e7834,RidgeClassifierCV,PREPROCESSING,REWEIGHTER,REWEIGHTER_FAIR_SMOTE,0.455,0.342857143,0.325,0.342857143,0.716666667,0.738461538,140,0.545,-0.092388451,0.834741784,0.261538462,0.260188088,3.515151515,0.657142857,-0.423404255,0.414705882,0.681481481,0.056122449,1.080882353,0.283333333,0.709090909,8.8,0.5176,0.657142857,0.283333333,0.716666667,0.342857143,0.318518519,92,17,92,17,43,135,65,43,48,0.738461538,0.566247582,0.566247582,0.317958933,0.050548941,0.046364286,0.745673103,0.278014188,0.384882243,1.017447787,0.421067798,3.211494253,0.423404255,0.709090909,-0.102032819,0.504986877,0.658539662,0.716666667,0.342857143,0.423404255,0.7,[0.721],60,-0.073490814,0.716330516,0.468292683,0.058238046,0.545,0.529761905,0.529761905,0.229785507,-42207.36138,0.285686654,0.627814375,0.461550654,0.560510423,7.806610107,128.5,0,48451.35709,0,201880.6545,17.44024543
7fe73118-87a3-4a1f-8c27-8246a48e7834,NuSVC,PREPROCESSING,REWEIGHTER,REWEIGHTER_FAIR_SMOTE,0.545,0.442857143,0.375,0.442857143,0.783333333,0.826666667,140,0.455,-0.119685039,0.76969697,0.173333333,0.3,10,0.557142857,-0.491489362,0.289230769,0.624,-0.003436426,0.994871795,0.216666667,0.76969697,26.4,0.38340192,0.557142857,0.216666667,0.783333333,0.442857143,0.376,78,13,78,13,47,125,75,47,62,0.826666667,0.630593166,0.630593166,0.376044577,0.070704762,0.064914971,0.76072817,0.289353675,0.390809166,0.875673364,0.531317352,3.386666667,0.491489362,0.76969697,-0.151718213,0.563779528,0.526537601,0.783333333,0.442857143,0.491489362,0.7,[0.721],60,-0.073490814,0.716330516,0.576744186,0.214105745,0.455,0.613095238,0.613095238,0.226481571,-72555.20705,0.278207608,0.550868274,0.560422929,0.554016753,,,,,,,
7fe73118-87a3-4a1f-8c27-8246a48e7834,LinearDiscriminantAnalysis,PREPROCESSING,REWEIGHTER,REWEIGHTER_FAIR_SMOTE,0.43,0.285714286,0.27,0.285714286,0.766666667,0.740740741,140,0.57,-0.147506562,0.75982906,0.259259259,0.308080808,6.545454545,0.714285714,-0.519148936,0.366233766,0.684931507,0.043577982,1.061688312,0.233333333,0.76969697,26.4,0.59264389,0.714285714,0.233333333,0.766666667,0.285714286,0.315068493,100,14,100,14,46,146,54,46,40,0.740740741,0.644422953,0.644422953,0.42693091,0.091135001,0.082334542,0.820270634,0.336421957,0.41455284,1.088709227,0.887687329,5.174074074,0.519148936,0.76969697,-0.132251413,0.59160105,0.732365594,0.766666667,0.285714286,0.519148936,0.7,[0.721],60,-0.073490814,0.716330516,0.412371134,0.054067928,0.57,0.526190476,0.526190476,0.187101256,-68755.23139,0.250548034,0.530938205,0.421001101,0.488423753,7.742284298,139.5,0,48537.01464,0,202237.561,17.47107819
7fe73118-87a3-4a1f-8c27-8246a48e7834,RidgeClassifierCV,PREPROCESSING,REWEIGHTER,HYPERPARAMETER_FAIR_SMOTE,0.455,0.342857143,0.325,0.342857143,0.716666667,0.738461538,140,0.545,-0.092388451,0.834741784,0.261538462,0.260188088,3.515151515,0.657142857,-0.423404255,0.414705882,0.681481481,0.056122449,1.080882353,0.283333333,0.709090909,8.8,0.5176,0.657142857,0.283333333,0.716666667,0.342857143,0.318518519,92,17,92,17,43,135,65,43,48,0.738461538,0.566247582,0.566247582,0.317958933,0.050548941,0.046364286,0.745673103,0.278014188,0.384882243,1.017447787,0.421067798,3.211494253,0.423404255,0.709090909,-0.102032819,0.504986877,0.658539662,0.716666667,0.342857143,0.423404255,0.7,[0.721],60,-0.073490814,0.716330516,0.468292683,0.058238046,0.545,0.529761905,0.529761905,0.229785507,-42207.36138,0.285686654,0.627814375,0.461550654,0.560510423,3.172044516,151.1,0,48574.35411,0,202393.1421,17.48451867
7fe73118-87a3-4a1f-8c27-8246a48e7834,AdaBoostClassifier,PREPROCESSING,REWEIGHTER,HYPERPARAMETER_FAIR_SMOTE,0.605,0.607142857,0.545,0.607142857,0.6,0.779816514,140,0.395,0.214173228,1.555102041,0.220183486,0.290598291,2.888888889,0.392857143,0.085106383,1.205128205,0.604395604,0.204301075,1.324786325,0.4,0.496969697,2.64,0.259777319,0.392857143,0.4,0.6,0.607142857,0.395604396,55,24,55,24,36,91,109,36,85,0.779816514,0.29103804,0.205931657,0.179608771,0.016129655,0.014023673,0.64346095,0.207020997,0.34437723,0.720801386,0.289572375,1.172307692,-0.085106383,0.496969697,-0.043148608,0.088188976,0.365288857,0.6,0.607142857,-0.085106383,0.7,[0.721],60,-0.073490814,0.716330516,0.682730924,0.190623158,0.395,0.603571429,0.603571429,0.479276964,-27721.36466,0.411863314,0.929779009,0.641519437,0.808658468,,,,,,,
7fe73118-87a3-4a1f-8c27-8246a48e7834,AdaBoostClassifier,PREPROCESSING,REWEIGHTER,FAIR_PCA_FAIR_SMOTE,0.525,0.392857143,0.325,0.392857143,0.833333333,0.846153846,140,0.475,0.119685039,1.249180328,0.153846154,0.351648352,5.571428571,0.607142857,-0.017021277,0.972413793,0.62962963,0.090909091,1.137931034,0.166666667,0.509090909,6.6,0.428,0.607142857,0.166666667,0.833333333,0.392857143,0.37037037,85,10,85,10,50,135,65,50,55,0.846153846,0.263056093,0.263056093,0.162370819,0.013182141,0.012072606,0.65506265,0.214553538,0.349176374,0.92520268,-0.298286626,1.51965812,0.017021277,0.509090909,-0.13036963,0.159580052,0.580907178,0.833333333,0.392857143,0.017021277,0.7,[0.725],60,-0.073490814,0.716330516,0.536585366,0.221304577,0.475,0.613095238,0.613095238,0.4518168,-27983.2792,0.492069632,0.947374424,0.530729466,0.750882875,,,,,,,
7fe73118-87a3-4a1f-8c27-8246a48e7834,GradientBoostingClassifier,PREPROCESSING,REWEIGHTER,FAIR_PCA_FAIR_SMOTE,0.475,0.328571429,0.285,0.328571429,0.816666667,0.807017544,140,0.525,-0.092388451,0.834741784,0.192982456,0.18226601,2.761904762,0.671428571,-0.223404255,0.691176471,0.657342657,-0.068877551,0.900735294,0.183333333,0.309090909,4.4,0.515413836,0.671428571,0.183333333,0.816666667,0.328571429,0.342657343,94,11,94,11,49,143,57,49,46,0.807017544,0.266247582,0.266247582,0.237329826,0.028162723,0.026327736,0.675343609,0.228044495,0.357292948,1.015296839,-0.006376217,2.043678161,0.223404255,0.309090909,-0.12557178,0.23832021,0.666478799,0.816666667,0.328571429,0.223404255,0.7,[0.725],60,-0.073490814,0.716330516,0.467005076,0.147439803,0.525,0.572619048,0.572619048,0.420160611,-48910.70251,0.085686654,0.898325246,0.470968611,0.689710844,8.083731651,117.1,0,48745.77296,0,203107.3873,17.54622152
7fe73118-87a3-4a1f-8c27-8246a48e7834,RandomForestClassifier,PREPROCESSING,REWEIGHTER,FAIR_PCA_FAIR_SMOTE,0.5,0.342857143,0.28,0.342857143,0.866666667,0.857142857,140,0.5,-0.025721785,0.95399061,0.142857143,0.333333333,inf,0.657142857,-0.155319149,0.794366197,0.638888889,-0.016025641,0.976525822,0.133333333,0.4,inf,0.48097503,0.657142857,0.133333333,0.866666667,0.342857143,0.361111111,92,8,92,8,52,144,56,52,48,0.857142857,0.277659574,0.277659574,0.322066135,0.051863298,0.049300036,0.677900525,0.229774561,0.358304055,0.980790528,0.263573239,2.208695652,0.155319149,0.4,-0.174679487,0.218897638,0.640333683,0.866666667,0.342857143,0.155319149,0.7,[0.725],60,-0.073490814,0.716330516,0.489795918,0.213844343,0.5,0.604761905,0.604761905,0.436843972,-39705.8126,0.244680851,0.929958817,0.494845361,0.719171594,,,,,,,
7fe73118-87a3-4a1f-8c27-8246a48e7834,RidgeClassifierCV,PREPROCESSING,REWEIGHTER,FAIR_PCA_FAIR_SMOTE,0.41,0.25,0.24,0.25,0.783333333,0.729166667,140,0.59,-0.02992126,0.9525,0.270833333,0.294444444,2.962962963,0.75,-0.319148936,0.61038961,0.690789474,0.113707165,1.158008658,0.216666667,0.709090909,8.8,0.648834019,0.75,0.216666667,0.783333333,0.25,0.309210526,105,13,105,13,47,152,48,47,35,0.729166667,0.514119923,0.514119923,0.337184259,0.056846612,0.051514936,0.753392177,0.283799886,0.387918115,1.139152333,0.593977938,3.81,0.319148936,0.709090909,-0.09036864,0.442519685,0.783054905,0.783333333,0.25,0.319148936,0.7,[0.725],60,-0.073490814,0.716330516,0.372340426,0.035766461,0.59,0.516666667,0.516666667,0.25103804,-46252.75731,0.389941973,0.716444833,0.390263802,0.560335937,7.814131021,128.1,0,48832.32581,0,203468.0242,17.57737654
7fe73118-87a3-4a1f-8c27-8246a48e7834,NuSVC,PREPROCESSING,REWEIGHTER,FAIR_PCA_FAIR_SMOTE,0.47,0.307142857,0.26,0.307142857,0.85,0.826923077,140,0.53,-0.057217848,0.903111111,0.173076923,0.375,inf,0.692857143,-0.29787234,0.626666667,0.655405405,0.01984127,1.028571429,0.15,0.6,inf,0.536352041,0.692857143,0.15,0.85,0.307142857,0.344594595,97,9,97,9,51,148,52,51,43,0.826923077,0.44893617,0.44893617,0.38121818,0.072663651,0.066506289,0.735667961,0.270603675,0.380955234,1.035714286,0.541130973,3.564912281,0.29787234,0.6,-0.177579365,0.383727034,0.691217149,0.85,0.307142857,0.29787234,0.7,[0.725],60,-0.073490814,0.716330516,0.447916667,0.164173009,0.53,0.578571429,0.578571429,0.318829787,-84298.71115,0.30212766,0.777894777,0.458692692,0.631425986,,,,,,,
7fe73118-87a3-4a1f-8c27-8246a48e7834,LinearDiscriminantAnalysis,PREPROCESSING,REWEIGHTER,FAIR_PCA_FAIR_SMOTE,0.41,0.221428571,0.2,0.221428571,0.85,0.775,140,0.59,-0.037795276,0.940740741,0.225,0.377777778,6.666666667,0.778571429,-0.35106383,0.5875,0.68125,0.119047619,1.166666667,0.15,0.76969697,26.4,0.68,0.778571429,0.15,0.85,0.221428571,0.31875,109,9,109,9,51,160,40,51,31,0.775,0.5603804,0.5603804,0.382296855,0.073075442,0.06422259,0.789775945,0.311873022,0.402324404,1.166190379,0.8735628,5.08,0.35106383,0.76969697,-0.129365079,0.481889764,0.817913673,0.85,0.221428571,0.35106383,0.7,[0.725],60,-0.073490814,0.716330516,0.344444444,0.081831709,0.59,0.535714286,0.535714286,0.2355105,-80691.15907,0.41863314,0.673103892,0.37437408,0.531685381,7.735401869,139.3,0,48919.48732,0,203831.1972,17.60875064
7fe73118-87a3-4a1f-8c27-8246a48e7834,RidgeClassifierCV,PREPROCESSING,REWEIGHTER,HYPERPARAMETER_FAIR_PCA_FAIR_SMOTE,0.41,0.25,0.24,0.25,0.783333333,0.729166667,140,0.59,-0.02992126,0.9525,0.270833333,0.294444444,2.962962963,0.75,-0.319148936,0.61038961,0.690789474,0.113707165,1.158008658,0.216666667,0.709090909,8.8,0.648834019,0.75,0.216666667,0.783333333,0.25,0.309210526,105,13,105,13,47,152,48,47,35,0.729166667,0.514119923,0.514119923,0.337184259,0.056846612,0.051514936,0.753392177,0.283799886,0.387918115,1.139152333,0.593977938,3.81,0.319148936,0.709090909,-0.09036864,0.442519685,0.783054905,0.783333333,0.25,0.319148936,0.7,[0.725],60,-0.073490814,0.716330516,0.372340426,0.035766461,0.59,0.516666667,0.516666667,0.25103804,-46252.75731,0.389941973,0.716444833,0.390263802,0.560335937,3.168547153,150.3,0,48954.68511,0,203977.8546,17.62142022
7fe73118-87a3-4a1f-8c27-8246a48e7834,AdaBoostClassifier,PREPROCESSING,REWEIGHTER,HYPERPARAMETER_FAIR_PCA_FAIR_SMOTE,0.515,0.45,0.415,0.45,0.666666667,0.759036145,140,0.485,0.170603675,1.343915344,0.240963855,0.329787234,2.9375,0.55,0.014893617,1.025454545,0.658119658,0.169642857,1.246753247,0.333333333,0.557575758,3.3,0.394909287,0.55,0.333333333,0.666666667,0.45,0.341880342,77,20,77,20,40,117,83,40,63,0.759036145,0.286234687,0.27134107,0.216592834,0.023456228,0.020499421,0.652562696,0.212919036,0.348157152,0.888717375,-0.045123663,1.441134752,-0.014893617,0.557575758,-0.080072188,0.163254593,0.52936006,0.666666667,0.45,-0.014893617,0.7,[0.725],60,-0.073490814,0.716330516,0.565022422,0.108506175,0.485,0.558333333,0.558333333,0.406834569,-27811.7344,0.542682141,0.935342732,0.538852789,0.751117652,,,,,,,
7fe73118-87a3-4a1f-8c27-8246a48e7834,AdaBoostClassifier,PREPROCESSING,REWEIGHTER,REWEIGHTER_BAL_GAN_FAIR,0.69,0.771428571,0.69,0.771428571,0.5,0.782608696,140,0.31,0.206824147,1.795959596,0.217391304,0.192156863,2.361111111,0.228571429,0.176595745,1.79047619,0.516129032,0.166666667,1.333333333,0.5,0.236363636,1.65,0.158096113,0.228571429,0.5,0.5,0.771428571,0.483870968,32,30,32,30,30,62,138,30,108,0.782608696,0.206479691,0.029883946,0.119677552,0.007161358,0.006597111,0.639103607,0.20422671,0.342491272,0.562309724,0.105649536,0.896470588,-0.176595745,0.236363636,-0.012745098,-0.069291339,0.220094936,0.5,0.771428571,-0.176595745,0.7,[0.721],60,-0.073490814,0.716330516,0.776978417,0.268942734,0.31,0.635714286,0.635714286,0.616716634,-27563.79228,0.059767892,0.901873779,0.730910696,0.836642389,,,,,,,
7fe73118-87a3-4a1f-8c27-8246a48e7834,GradientBoostingClassifier,PREPROCESSING,REWEIGHTER,REWEIGHTER_BAL_GAN_FAIR,0.72,0.8,0.7,0.8,0.533333333,0.8,140,0.28,0.23832021,2.043678161,0.2,0.206896552,2.636363636,0.2,0.208510638,2.088888889,0.466666667,0.216666667,1.481481481,0.466666667,0.266666667,1.8,0.14,0.2,0.466666667,0.533333333,0.8,0.533333333,28,28,28,28,32,60,140,32,112,0.8,0.237588652,0.029078014,0.113480623,0.006438926,0.005930554,0.639117073,0.204235317,0.342497407,0.529150262,0.105649536,0.875862069,-0.208510638,0.266666667,0.004885057,-0.08503937,0.194081211,0.533333333,0.8,-0.208510638,0.7,[0.721],60,-0.073490814,0.716330516,0.8,0.333333333,0.28,0.666666667,0.666666667,0.647281324,-31541.57007,0.058156028,0.883379504,0.757894737,0.837175726,7.824043512,117.3,0,50227.96427,0,209283.1845,18.07974177
7fe73118-87a3-4a1f-8c27-8246a48e7834,RandomForestClassifier,PREPROCESSING,REWEIGHTER,REWEIGHTER_BAL_GAN_FAIR,0.74,0.857142857,0.76,0.857142857,0.466666667,0.789473684,140,0.26,0.261942257,2.279487179,0.210526316,0.210575139,2.375757576,0.142857143,0.182978723,2.563636364,0.416666667,0.370689655,1.977272727,0.533333333,0.345454545,1.76,0.114097544,0.142857143,0.533333333,0.466666667,0.857142857,0.583333333,20,32,20,32,28,48,152,28,120,0.789473684,0.264216634,0.081237911,0.063405075,0.002010102,0.00188814,0.639221631,0.204302147,0.342544354,0.477697694,-0.517201841,0.950340136,-0.182978723,0.345454545,0.080057258,-0.03832021,0.150983071,0.466666667,0.857142857,-0.182978723,0.7,[0.721],60,-0.073490814,0.716330516,0.821917808,0.347445626,0.26,0.661904762,0.661904762,0.608133002,-32296.68975,0.162475822,0.908165946,0.778810735,0.860523559,,,,,,,
7fe73118-87a3-4a1f-8c27-8246a48e7834,RidgeClassifierCV,PREPROCESSING,REWEIGHTER,REWEIGHTER_BAL_GAN_FAIR,0.705,0.814285714,0.735,0.814285714,0.45,0.775510204,140,0.295,0.148031496,1.5875,0.224489796,0.136956522,1.84,0.185714286,0.119148936,1.658823529,0.490566038,0.114285714,1.235294118,0.55,0.145454545,1.32,0.137121053,0.185714286,0.55,0.45,0.814285714,0.509433962,26,33,26,33,27,53,147,27,114,0.775510204,0.132301741,0.013152805,0.113412973,0.006431251,0.005811052,0.639128042,0.204242327,0.342502311,0.523681302,0.449421075,0.920289855,-0.119148936,0.145454545,-0.011335404,-0.057742782,0.186602022,0.45,0.814285714,-0.119148936,0.7,[0.721],60,-0.073490814,0.716330516,0.794425087,0.274420612,0.295,0.632142857,0.632142857,0.623828406,-29202.60635,0.026305609,0.930992656,0.747045906,0.860375292,7.795811415,128.6,0,50316.68617,0,209652.8591,18.11167755
7fe73118-87a3-4a1f-8c27-8246a48e7834,NuSVC,PREPROCESSING,REWEIGHTER,REWEIGHTER_BAL_GAN_FAIR,0.715,0.828571429,0.745,0.828571429,0.45,0.77852349,140,0.285,0.163779528,1.693333333,0.22147651,0.18115942,2.19047619,0.171428571,0.029787234,1.175,0.470588235,0.20952381,1.458333333,0.55,0.375757576,1.885714286,0.129564341,0.171428571,0.55,0.45,0.828571429,0.529411765,24,33,24,33,27,51,149,27,116,0.77852349,0.202772405,0.172985171,0.114480991,0.006552949,0.005991519,0.641411008,0.205704041,0.34350161,0.509046838,0.234764138,1.104347826,-0.029787234,0.375757576,0.014182195,0.075590551,0.174871698,0.45,0.828571429,-0.029787234,0.7,[0.721],60,-0.073490814,0.716330516,0.802768166,0.292885581,0.285,0.639285714,0.639285714,0.528698766,-29206.23364,0.345970342,0.94626326,0.756346393,0.873178849,,,,,,,
7fe73118-87a3-4a1f-8c27-8246a48e7834,LinearDiscriminantAnalysis,PREPROCESSING,REWEIGHTER,REWEIGHTER_BAL_GAN_FAIR,0.7,0.8,0.72,0.8,0.466666667,0.777777778,140,0.3,0.297112861,2.257777778,0.222222222,0.215425532,2.35,0.2,0.340425532,3.133333333,0.5,0.25974026,1.571428571,0.533333333,0.145454545,1.32,0.143983083,0.2,0.533333333,0.466666667,0.8,0.5,28,32,28,32,28,56,144,28,112,0.777777778,0.242940039,-0.097485493,0.101222008,0.005122947,0.00474797,0.641002616,0.205442177,0.343387008,0.536624792,0.24875038,0.720567376,-0.340425532,0.340425532,0.022157364,-0.206824147,0.197655312,0.466666667,0.8,-0.340425532,0.7,[0.721],60,-0.073490814,0.716330516,0.788732394,0.272165527,0.3,0.633333333,0.633333333,0.695074146,-34082.75296,-0.194970986,0.758625447,0.741721854,0.752905956,7.716827154,139.6,0,50402.08687,0,210008.6953,18.14241784
7fe73118-87a3-4a1f-8c27-8246a48e7834,RidgeClassifierCV,PREPROCESSING,REWEIGHTER,HYPERPARAMETER_BAL_GAN_FAIR,0.705,0.814285714,0.735,0.814285714,0.45,0.775510204,140,0.295,0.148031496,1.5875,0.224489796,0.136956522,1.84,0.185714286,0.119148936,1.658823529,0.490566038,0.114285714,1.235294118,0.55,0.145454545,1.32,0.137121053,0.185714286,0.55,0.45,0.814285714,0.509433962,26,33,26,33,27,53,147,27,114,0.775510204,0.132301741,0.013152805,0.113412973,0.006431251,0.005811052,0.639128042,0.204242327,0.342502311,0.523681302,0.449421075,0.920289855,-0.119148936,0.145454545,-0.011335404,-0.057742782,0.186602022,0.45,0.814285714,-0.119148936,0.7,[0.721],60,-0.073490814,0.716330516,0.794425087,0.274420612,0.295,0.632142857,0.632142857,0.623828406,-29202.60635,0.026305609,0.930992656,0.747045906,0.860375292,3.168006659,150.9,0,50438.23848,0,210159.327,18.15543075
7fe73118-87a3-4a1f-8c27-8246a48e7834,AdaBoostClassifier,PREPROCESSING,REWEIGHTER,HYPERPARAMETER_BAL_GAN_FAIR,0.69,0.785714286,0.71,0.785714286,0.466666667,0.774647887,140,0.31,0.206824147,1.795959596,0.225352113,0.176029963,2.119047619,0.214285714,0.19787234,1.978947368,0.517241379,0.166666667,1.333333333,0.533333333,0.175757576,1.414285714,0.151896873,0.214285714,0.533333333,0.466666667,0.785714286,0.482758621,30,32,30,32,28,58,142,28,110,0.774647887,0.186814958,-0.011057382,0.107702431,0.005799907,0.005343208,0.639186038,0.204279396,0.342528971,0.551174878,0.105649536,0.856179775,-0.19787234,0.19787234,-0.004681648,-0.100787402,0.209660657,0.466666667,0.785714286,-0.19787234,0.7,[0.721],60,-0.073490814,0.716330516,0.780141844,0.254881344,0.31,0.626190476,0.626190476,0.633114504,-27617.09986,-0.022114765,0.881459472,0.732307395,0.825420534,,,,,,,
7fe73118-87a3-4a1f-8c27-8246a48e7834,AdaBoostClassifier,PREPROCESSING,REWEIGHTER,FAIR_PCA_BAL_GAN_FAIR,0.685,0.764285714,0.685,0.764285714,0.5,0.781021898,140,0.315,0.265616798,1.992156863,0.218978102,0.223837209,2.480769231,0.235714286,0.276595745,2.238095238,0.523809524,0.202090592,1.394557823,0.5,0.206060606,1.523076923,0.162217527,0.235714286,0.5,0.5,0.764285714,0.476190476,33,30,33,30,30,63,137,30,107,0.781021898,0.241328175,-0.035267569,0.105417013,0.005556373,0.005242867,0.63969729,0.204606311,0.342766364,0.569592006,-0.087721857,0.787596899,-0.276595745,0.276595745,-0.010873308,-0.143832021,0.226224454,0.5,0.764285714,-0.276595745,0.7,[0.725],60,-0.073490814,0.716330516,0.772563177,0.260725058,0.315,0.632142857,0.632142857,0.654436999,-27565.26208,-0.070535139,0.823623174,0.726151407,0.788349617,,,,,,,
7fe73118-87a3-4a1f-8c27-8246a48e7834,GradientBoostingClassifier,PREPROCESSING,REWEIGHTER,FAIR_PCA_BAL_GAN_FAIR,0.705,0.8,0.715,0.8,0.483333333,0.783216783,140,0.295,0.230446194,1.975555556,0.216783217,0.196969697,2.444444444,0.2,0.208510638,2.088888889,0.49122807,0.205128205,1.444444444,0.516666667,0.236363636,1.65,0.143063408,0.2,0.516666667,0.483333333,0.8,0.50877193,28,31,28,31,29,57,143,29,112,0.783216783,0.222437137,0.013926499,0.129021118,0.008323224,0.007580125,0.63914493,0.204253121,0.342510131,0.534908232,0.61647516,0.865909091,-0.208510638,0.236363636,0.004079254,-0.092913386,0.196811512,0.483333333,0.8,-0.208510638,0.7,[0.725],60,-0.073490814,0.716330516,0.791519435,0.287628468,0.295,0.641666667,0.641666667,0.632730496,-31620.55669,0.027852998,0.882057793,0.74575871,0.831406915,7.829987288,117.8,0,52484.42554,0,218685.1064,18.89196336
7fe73118-87a3-4a1f-8c27-8246a48e7834,RandomForestClassifier,PREPROCESSING,REWEIGHTER,FAIR_PCA_BAL_GAN_FAIR,0.74,0.857142857,0.76,0.857142857,0.466666667,0.789473684,140,0.26,0.195275591,1.953846154,0.210526316,0.14,1.875,0.142857143,0.193617021,2.82,0.416666667,0.22962963,1.62,0.533333333,0.115151515,1.2375,0.114097544,0.142857143,0.533333333,0.466666667,0.857142857,0.583333333,20,32,20,32,28,48,152,28,120,0.789473684,0.154384268,-0.039232753,0.062688757,0.00196494,0.001843543,0.639315345,0.204362055,0.342588549,0.477697694,-0.246326887,0.846666667,-0.193617021,0.193617021,0.044814815,-0.120734908,0.150983071,0.466666667,0.857142857,-0.193617021,0.7,[0.725],60,-0.073490814,0.716330516,0.821917808,0.347445626,0.26,0.661904762,0.661904762,0.687873108,-34517.74719,-0.078465506,0.869686945,0.778810735,0.83712666,,,,,,,
7fe73118-87a3-4a1f-8c27-8246a48e7834,RidgeClassifierCV,PREPROCESSING,REWEIGHTER,FAIR_PCA_BAL_GAN_FAIR,0.71,0.821428571,0.74,0.821428571,0.45,0.777027027,140,0.29,0.155905512,1.638709677,0.222972973,0.138709677,1.86,0.178571429,0.129787234,1.7625,0.480769231,0.129411765,1.275,0.55,0.145454545,1.32,0.133321006,0.178571429,0.55,0.45,0.821428571,0.519230769,25,33,25,33,27,52,148,27,115,0.777027027,0.13762089,0.007833656,0.110829661,0.006141607,0.005548995,0.639108028,0.204229536,0.342493273,0.516373907,0.449421075,0.910394265,-0.129787234,0.145454545,-0.004648956,-0.065616798,0.180720219,0.45,0.821428571,-0.129787234,0.7,[0.725],60,-0.073490814,0.716330516,0.798611111,0.283571561,0.29,0.635714286,0.635714286,0.630734319,-29201.25807,0.015667311,0.924708035,0.751703185,0.858821941,7.767089128,128.7,0,52569.42747,0,219039.2811,18.92256012
7fe73118-87a3-4a1f-8c27-8246a48e7834,NuSVC,PREPROCESSING,REWEIGHTER,FAIR_PCA_BAL_GAN_FAIR,0.71,0.835714286,0.76,0.835714286,0.416666667,0.769736842,140,0.29,0.089238845,1.365591398,0.230263158,0.10430622,1.619318182,0.164285714,0.040425532,1.253333333,0.479166667,0.03125,1.066666667,0.583333333,0.115151515,1.2375,0.12744749,0.164285714,0.583333333,0.416666667,0.835714286,0.520833333,23,35,23,35,25,48,152,25,117,0.769736842,0.077788524,0.037362992,0.105037903,0.005516481,0.00503099,0.639451297,0.204448981,0.342646727,0.504871251,0.24875038,0.980350877,-0.040425532,0.115151515,-0.03652811,-0.014698163,0.170600444,0.416666667,0.835714286,-0.040425532,0.7,[0.725],60,-0.073490814,0.716330516,0.801369863,0.270803208,0.29,0.626190476,0.626190476,0.602794127,-28338.80907,0.074725983,0.971840404,0.752923049,0.88597291,,,,,,,
7fe73118-87a3-4a1f-8c27-8246a48e7834,LinearDiscriminantAnalysis,PREPROCESSING,REWEIGHTER,FAIR_PCA_BAL_GAN_FAIR,0.7,0.8,0.72,0.8,0.466666667,0.777777778,140,0.3,0.297112861,2.257777778,0.222222222,0.215425532,2.35,0.2,0.340425532,3.133333333,0.5,0.25974026,1.571428571,0.533333333,0.145454545,1.32,0.143983083,0.2,0.533333333,0.466666667,0.8,0.5,28,32,28,32,28,56,144,28,112,0.777777778,0.242940039,-0.097485493,0.101222008,0.005122947,0.00474797,0.641002616,0.205442177,0.343387008,0.536624792,0.24875038,0.720567376,-0.340425532,0.340425532,0.022157364,-0.206824147,0.197655312,0.466666667,0.8,-0.340425532,0.7,[0.725],60,-0.073490814,0.716330516,0.788732394,0.272165527,0.3,0.633333333,0.633333333,0.695074146,-34119.27668,-0.194970986,0.758625447,0.741721854,0.752905956,7.72181797,140,0,52657.03714,0,219404.3214,18.95409555
7fe73118-87a3-4a1f-8c27-8246a48e7834,RidgeClassifierCV,PREPROCESSING,REWEIGHTER,HYPERPARAMETER_FAIR_PCA_BAL_GAN_FAIR,0.71,0.821428571,0.74,0.821428571,0.45,0.777027027,140,0.29,0.155905512,1.638709677,0.222972973,0.138709677,1.86,0.178571429,0.129787234,1.7625,0.480769231,0.129411765,1.275,0.55,0.145454545,1.32,0.133321006,0.178571429,0.55,0.45,0.821428571,0.519230769,25,33,25,33,27,52,148,27,115,0.777027027,0.13762089,0.007833656,0.110829661,0.006141607,0.005548995,0.639108028,0.204229536,0.342493273,0.516373907,0.449421075,0.910394265,-0.129787234,0.145454545,-0.004648956,-0.065616798,0.180720219,0.45,0.821428571,-0.129787234,0.7,[0.725],60,-0.073490814,0.716330516,0.798611111,0.283571561,0.29,0.635714286,0.635714286,0.630734319,-29201.25807,0.015667311,0.924708035,0.751703185,0.858821941,3.146038532,151.5,0,52693.576,0,219556.5667,18.96724784
7fe73118-87a3-4a1f-8c27-8246a48e7834,AdaBoostClassifier,PREPROCESSING,REWEIGHTER,HYPERPARAMETER_FAIR_PCA_BAL_GAN_FAIR,0.69,0.771428571,0.69,0.771428571,0.5,0.782608696,140,0.31,0.198950131,1.743137255,0.217391304,0.182170543,2.205128205,0.228571429,0.176595745,1.79047619,0.516129032,0.154471545,1.301587302,0.5,0.206060606,1.523076923,0.158096113,0.228571429,0.5,0.5,0.771428571,0.483870968,32,30,32,30,30,62,138,30,108,0.782608696,0.191328175,0.014732431,0.100538619,0.005054007,0.004746644,0.639103084,0.204226376,0.342491037,0.562309724,-0.2308227,0.886046512,-0.176595745,0.206060606,-0.013849499,-0.077165354,0.220094936,0.5,0.771428571,-0.176595745,0.7,[0.725],60,-0.073490814,0.716330516,0.776978417,0.268942734,0.31,0.635714286,0.635714286,0.626348669,-27617.80044,0.029464861,0.900566297,0.730910696,0.83589185,,,,,,,
7fe73118-87a3-4a1f-8c27-8246a48e7834,AdaBoostClassifier,PREPROCESSING,REWEIGHTER,REWEIGHTER_DEMV,0.695,0.778571429,0.695,0.778571429,0.5,0.784172662,140,0.305,0.124409449,1.451428571,0.215827338,0.147058824,1.961538462,0.221428571,0.065957447,1.281818182,0.508196721,0.076190476,1.145454545,0.5,0.206060606,1.523076923,0.154023888,0.221428571,0.5,0.5,0.778571429,0.491803279,31,30,31,30,30,61,139,30,109,0.784172662,0.136009026,0.07005158,0.132779661,0.008815219,0.007931198,0.639697156,0.204606226,0.342755528,0.555020519,0.449421075,0.996078431,-0.065957447,0.206060606,-0.035434174,-0.002624672,0.214001641,0.5,0.778571429,-0.065957447,0.7,[0.721],60,-0.073490814,0.716330516,0.781362007,0.277270648,0.305,0.639285714,0.639285714,0.59450274,-27554.15546,0.140103159,0.963272334,0.735655066,0.873212777,,,,,,,
7fe73118-87a3-4a1f-8c27-8246a48e7834,GradientBoostingClassifier,PREPROCESSING,REWEIGHTER,REWEIGHTER_DEMV,0.71,0.821428571,0.74,0.821428571,0.45,0.777027027,140,0.29,0.206824147,1.795959596,0.222972973,0.214211076,2.433566434,0.178571429,0.087234043,1.41,0.480769231,0.25,1.5,0.55,0.406060606,2.030769231,0.133321006,0.178571429,0.55,0.45,0.821428571,0.519230769,25,33,25,33,27,52,148,27,115,0.777027027,0.246647324,0.159413282,0.141381249,0.009994329,0.00939389,0.640782507,0.205301111,0.343229945,0.516373907,0.366533416,1.070498084,-0.087234043,0.406060606,0.017894462,0.048293963,0.180720219,0.45,0.821428571,-0.087234043,0.7,[0.721],60,-0.073490814,0.716330516,0.798611111,0.283571561,0.29,0.635714286,0.635714286,0.534372985,-31796.516,0.318826564,0.936744991,0.751703185,0.86570965,7.834008455,117.8,0,53634.39732,0,223476.6555,19.30589996
7fe73118-87a3-4a1f-8c27-8246a48e7834,RandomForestClassifier,PREPROCESSING,REWEIGHTER,REWEIGHTER_DEMV,0.745,0.864285714,0.765,0.864285714,0.466666667,0.790849673,140,0.255,0.112860892,1.511904762,0.209150327,0.109461967,1.670454545,0.135714286,0.072340426,1.566666667,0.404255319,0.086206897,1.208333333,0.533333333,0.115151515,1.2375,0.110549053,0.135714286,0.533333333,0.466666667,0.864285714,0.595744681,19,32,19,32,28,47,153,28,121,0.790849673,0.09374597,0.021405545,0.080519589,0.003241702,0.002989565,0.639221631,0.204302147,0.342544354,0.470210705,-0.262075244,0.950340136,-0.072340426,0.115151515,-0.011627535,-0.03832021,0.145294776,0.466666667,0.864285714,-0.072340426,0.7,[0.721],60,-0.073490814,0.716330516,0.825938567,0.357693055,0.255,0.66547619,0.66547619,0.65123131,-32642.76932,0.04281109,0.954208168,0.783384208,0.889550043,,,,,,,
7fe73118-87a3-4a1f-8c27-8246a48e7834,RidgeClassifierCV,PREPROCESSING,REWEIGHTER,REWEIGHTER_DEMV,0.71,0.821428571,0.74,0.821428571,0.45,0.777027027,140,0.29,0.155905512,1.638709677,0.222972973,0.138709677,1.86,0.178571429,0.129787234,1.7625,0.480769231,0.129411765,1.275,0.55,0.145454545,1.32,0.133321006,0.178571429,0.55,0.45,0.821428571,0.519230769,25,33,25,33,27,52,148,27,115,0.777027027,0.13762089,0.007833656,0.110829661,0.006141607,0.005548995,0.639108028,0.204229536,0.342493273,0.516373907,0.449421075,0.910394265,-0.129787234,0.145454545,-0.004648956,-0.065616798,0.180720219,0.45,0.821428571,-0.129787234,0.7,[0.721],60,-0.073490814,0.716330516,0.798611111,0.283571561,0.29,0.635714286,0.635714286,0.630734319,-29676.72912,0.015667311,0.924708035,0.751703185,0.858821941,8.177110195,128.9,0,53725.68357,0,223857.0149,19.33875879
7fe73118-87a3-4a1f-8c27-8246a48e7834,NuSVC,PREPROCESSING,REWEIGHTER,REWEIGHTER_DEMV,0.71,0.842857143,0.77,0.842857143,0.4,0.766233766,140,0.29,0.171653543,1.751724138,0.233766234,0.175438596,2.111111111,0.157142857,0.05106383,1.342857143,0.47826087,0.229166667,1.523809524,0.6,0.345454545,1.76,0.124508691,0.157142857,0.6,0.4,0.842857143,0.52173913,22,36,22,36,24,46,154,24,118,0.766233766,0.198259188,0.147195358,0.122200095,0.007466432,0.0067343,0.640671027,0.205229682,0.343181556,0.499016414,1.24508382,1.069473684,-0.05106383,0.345454545,0.026864035,0.051968504,0.165549749,0.4,0.842857143,-0.05106383,0.7,[0.721],60,-0.073490814,0.716330516,0.802721088,0.264454675,0.29,0.621428571,0.621428571,0.52995717,-30059.31502,0.294390716,0.948705891,0.75351891,0.87330102,,,,,,,
7fe73118-87a3-4a1f-8c27-8246a48e7834,LinearDiscriminantAnalysis,PREPROCESSING,REWEIGHTER,REWEIGHTER_DEMV,0.7,0.807142857,0.73,0.807142857,0.45,0.773972603,140,0.3,0.148031496,1.5875,0.226027397,0.129787234,1.7625,0.192857143,0.129787234,1.7625,0.5,0.115151515,1.2375,0.55,0.115151515,1.2375,0.140965218,0.192857143,0.55,0.45,0.807142857,0.5,27,33,27,33,27,54,146,27,113,0.773972603,0.122469375,-0.007317859,0.110467152,0.006101496,0.005442668,0.639101482,0.204225352,0.342490309,0.53097122,0.449421075,0.90070922,-0.129787234,0.129787234,-0.007317859,-0.073490814,0.192517479,0.45,0.807142857,-0.129787234,0.7,[0.721],60,-0.073490814,0.716330516,0.79020979,0.265424373,0.3,0.628571429,0.628571429,0.633171226,-34361.08709,-0.014635719,0.920371231,0.742374472,0.852256923,7.713478327,139.9,0,53811.04745,0,224212.6977,19.36948583
7fe73118-87a3-4a1f-8c27-8246a48e7834,RidgeClassifierCV,PREPROCESSING,REWEIGHTER,HYPERPARAMETER_DEMV,0.71,0.821428571,0.74,0.821428571,0.45,0.777027027,140,0.29,0.155905512,1.638709677,0.222972973,0.138709677,1.86,0.178571429,0.129787234,1.7625,0.480769231,0.129411765,1.275,0.55,0.145454545,1.32,0.133321006,0.178571429,0.55,0.45,0.821428571,0.519230769,25,33,25,33,27,52,148,27,115,0.777027027,0.13762089,0.007833656,0.110829661,0.006141607,0.005548995,0.639108028,0.204229536,0.342493273,0.516373907,0.449421075,0.910394265,-0.129787234,0.145454545,-0.004648956,-0.065616798,0.180720219,0.45,0.821428571,-0.129787234,0.7,[0.721],60,-0.073490814,0.716330516,0.798611111,0.283571561,0.29,0.635714286,0.635714286,0.630734319,-29676.72912,0.015667311,0.924708035,0.751703185,0.858821941,3.154168129,151.7,0,53848.81979,0,224370.0824,19.38308212
7fe73118-87a3-4a1f-8c27-8246a48e7834,AdaBoostClassifier,PREPROCESSING,REWEIGHTER,HYPERPARAMETER_DEMV,0.695,0.785714286,0.705,0.785714286,0.483333333,0.780141844,140,0.305,0.206824147,1.795959596,0.219858156,0.183908046,2.230769231,0.214285714,0.187234043,1.88,0.508474576,0.166666667,1.333333333,0.516666667,0.206060606,1.523076923,0.150973986,0.214285714,0.516666667,0.483333333,0.785714286,0.491525424,30,31,30,31,29,59,141,29,110,0.780141844,0.196647324,0.009413282,0.130054056,0.008457029,0.007643356,0.639117073,0.204235317,0.342497407,0.549497927,0.61647516,0.875862069,-0.187234043,0.206060606,-0.00862069,-0.08503937,0.208819051,0.483333333,0.785714286,-0.187234043,0.7,[0.721],60,-0.073490814,0.716330516,0.782918149,0.27035427,0.305,0.63452381,0.63452381,0.628550858,-27612.40929,0.018826564,0.893945699,0.736344045,0.834415018,,,,,,,
7fe73118-87a3-4a1f-8c27-8246a48e7834,AdaBoostClassifier,PREPROCESSING,REWEIGHTER,FAIR_PCA_DEMV,0.675,0.757142857,0.685,0.757142857,0.483333333,0.773722628,140,0.325,0.1832021,1.646296296,0.226277372,0.178571429,2.153846154,0.242857143,0.155319149,1.634782609,0.53968254,0.131782946,1.246376812,0.516666667,0.206060606,1.523076923,0.167370971,0.242857143,0.516666667,0.483333333,0.757142857,0.46031746,34,31,34,31,29,63,137,29,106,0.773722628,0.180689877,0.025370729,0.137472349,0.009449323,0.008477415,0.639119312,0.204236748,0.342498372,0.578568873,0.61647516,0.907142857,-0.155319149,0.206060606,-0.023394241,-0.061417323,0.233261481,0.483333333,0.757142857,-0.155319149,0.7,[0.725],60,-0.073490814,0.716330516,0.76534296,0.237236314,0.325,0.620238095,0.620238095,0.604502203,-27555.84841,0.050741457,0.913720002,0.717338179,0.837311265,,,,,,,
7fe73118-87a3-4a1f-8c27-8246a48e7834,GradientBoostingClassifier,PREPROCESSING,REWEIGHTER,FAIR_PCA_DEMV,0.725,0.835714286,0.745,0.835714286,0.466666667,0.785234899,140,0.275,0.171653543,1.751724138,0.214765101,0.157142857,2.1,0.164285714,0.129787234,1.7625,0.450980392,0.155555556,1.35,0.533333333,0.206060606,1.523076923,0.124985692,0.164285714,0.533333333,0.466666667,0.835714286,0.549019608,23,32,23,32,28,51,149,28,117,0.785234899,0.16792392,0.038136686,0.121706104,0.007406188,0.006841194,0.639162103,0.204264097,0.342517645,0.499971383,0.449421075,0.93040293,-0.129787234,0.206060606,-0.000793651,-0.049868766,0.168238711,0.466666667,0.835714286,-0.129787234,0.7,[0.725],60,-0.073490814,0.716330516,0.809688581,0.317918537,0.275,0.651190476,0.651190476,0.626356229,-31553.35718,0.076273372,0.926766376,0.765007609,0.865746469,7.832084417,117.4,0,52841.6483,0,220173.5346,19.02054702
7fe73118-87a3-4a1f-8c27-8246a48e7834,RandomForestClassifier,PREPROCESSING,REWEIGHTER,FAIR_PCA_DEMV,0.75,0.892857143,0.8,0.892857143,0.416666667,0.78125,140,0.25,0.13648294,1.693333333,0.21875,0.107678729,1.652406417,0.107142857,0.114893617,2.35,0.375,0.166666667,1.5,0.583333333,0.084848485,1.164705882,0.099173554,0.107142857,0.583333333,0.416666667,0.892857143,0.625,15,35,15,35,25,40,160,25,125,0.78125,0.099871051,-0.015022566,0.069920097,0.00244441,0.00228012,0.639103084,0.204226376,0.342491037,0.445361771,-0.262075244,0.90420712,-0.114893617,0.114893617,0.029493969,-0.077690289,0.12523665,0.416666667,0.892857143,-0.114893617,0.7,[0.725],60,-0.073490814,0.716330516,0.833333333,0.354604072,0.25,0.654761905,0.654761905,0.664598109,-30318.90168,-0.030045132,0.922671976,0.789473684,0.873544465,,,,,,,
7fe73118-87a3-4a1f-8c27-8246a48e7834,RidgeClassifierCV,PREPROCESSING,REWEIGHTER,FAIR_PCA_DEMV,0.715,0.821428571,0.735,0.821428571,0.466666667,0.782312925,140,0.285,0.155905512,1.638709677,0.217687075,0.138709677,1.86,0.178571429,0.129787234,1.7625,0.471698113,0.129411765,1.275,0.533333333,0.145454545,1.32,0.132453499,0.178571429,0.533333333,0.466666667,0.821428571,0.528301887,25,32,25,32,28,53,147,28,115,0.782312925,0.13762089,0.007833656,0.110605733,0.006116814,0.005492537,0.639108028,0.204229536,0.342493273,0.514691169,0.449421075,0.910394265,-0.129787234,0.145454545,-0.004648956,-0.065616798,0.179904948,0.466666667,0.821428571,-0.129787234,0.7,[0.725],60,-0.073490814,0.716330516,0.801393728,0.29914319,0.285,0.644047619,0.644047619,0.639002372,-29759.88094,0.015667311,0.924708035,0.755735803,0.860570736,7.783055305,128.8,0,52930.90952,0,220545.4563,19.05267692
7fe73118-87a3-4a1f-8c27-8246a48e7834,NuSVC,PREPROCESSING,REWEIGHTER,FAIR_PCA_DEMV,0.705,0.828571429,0.755,0.828571429,0.416666667,0.768211921,140,0.295,0.089238845,1.365591398,0.231788079,0.11143695,1.690909091,0.171428571,0.029787234,1.175,0.489795918,0.029411765,1.0625,0.583333333,0.145454545,1.32,0.131162822,0.171428571,0.583333333,0.416666667,0.828571429,0.510204082,24,35,24,35,25,49,151,25,116,0.768211921,0.08762089,0.057833656,0.127069504,0.008073329,0.007241009,0.639679645,0.204595024,0.3427478,0.512177356,1.347362669,1.001433692,-0.029787234,0.145454545,-0.041012593,0.001049869,0.176413274,0.416666667,0.828571429,-0.029787234,0.7,[0.725],60,-0.073490814,0.716330516,0.797250859,0.261300995,0.295,0.622619048,0.622619048,0.586610712,-30581.51939,0.115667311,0.977587634,0.74829294,0.886989437,,,,,,,
7fe73118-87a3-4a1f-8c27-8246a48e7834,LinearDiscriminantAnalysis,PREPROCESSING,REWEIGHTER,FAIR_PCA_DEMV,0.705,0.807142857,0.725,0.807142857,0.466666667,0.779310345,140,0.295,0.155905512,1.638709677,0.220689655,0.138709677,1.86,0.192857143,0.129787234,1.7625,0.490909091,0.129411765,1.275,0.533333333,0.145454545,1.32,0.140095181,0.192857143,0.533333333,0.466666667,0.807142857,0.509090909,27,32,27,32,28,55,145,28,113,0.779310345,0.13762089,0.007833656,0.112345706,0.006310779,0.005620803,0.639108028,0.204229536,0.342493273,0.529330108,0.449421075,0.910394265,-0.129787234,0.145454545,-0.004648956,-0.065616798,0.191704556,0.466666667,0.807142857,-0.129787234,0.7,[0.725],60,-0.073490814,0.716330516,0.792982456,0.281010694,0.295,0.636904762,0.636904762,0.631915469,-34435.83801,0.015667311,0.924708035,0.746407449,0.856507654,7.740743399,139.9,0,53017.35208,0,220905.6337,19.08379224
7fe73118-87a3-4a1f-8c27-8246a48e7834,RidgeClassifierCV,PREPROCESSING,REWEIGHTER,HYPERPARAMETER_FAIR_PCA_DEMV,0.715,0.821428571,0.735,0.821428571,0.466666667,0.782312925,140,0.285,0.155905512,1.638709677,0.217687075,0.138709677,1.86,0.178571429,0.129787234,1.7625,0.471698113,0.129411765,1.275,0.533333333,0.145454545,1.32,0.132453499,0.178571429,0.533333333,0.466666667,0.821428571,0.528301887,25,32,25,32,28,53,147,28,115,0.782312925,0.13762089,0.007833656,0.110605733,0.006116814,0.005492537,0.639108028,0.204229536,0.342493273,0.514691169,0.449421075,0.910394265,-0.129787234,0.145454545,-0.004648956,-0.065616798,0.179904948,0.466666667,0.821428571,-0.129787234,0.7,[0.725],60,-0.073490814,0.716330516,0.801393728,0.29914319,0.285,0.644047619,0.644047619,0.639002372,-29759.88094,0.015667311,0.924708035,0.755735803,0.860570736,3.131608963,151,0,53052.4598,0,221051.9158,19.0964294
7fe73118-87a3-4a1f-8c27-8246a48e7834,AdaBoostClassifier,PREPROCESSING,REWEIGHTER,HYPERPARAMETER_FAIR_PCA_DEMV,0.685,0.771428571,0.695,0.771428571,0.483333333,0.776978417,140,0.315,0.198950131,1.743137255,0.223021583,0.182170543,2.205128205,0.228571429,0.176595745,1.79047619,0.524590164,0.154471545,1.301587302,0.516666667,0.206060606,1.523076923,0.159074266,0.228571429,0.516666667,0.483333333,0.771428571,0.475409836,32,31,32,31,29,61,139,29,108,0.776978417,0.191328175,0.014732431,0.13149561,0.008645548,0.007754428,0.639103084,0.204226376,0.342491037,0.564046569,0.61647516,0.886046512,-0.176595745,0.206060606,-0.013849499,-0.077165354,0.220967945,0.483333333,0.771428571,-0.176595745,0.7,[0.725],60,-0.073490814,0.716330516,0.774193548,0.253572302,0.315,0.627380952,0.627380952,0.618138106,-27613.23603,0.029464861,0.900566297,0.726870786,0.834124552,,,,,,,
7fe73118-87a3-4a1f-8c27-8246a48e7834,AdaBoostClassifier,PREPROCESSING,REWEIGHTER,REWEIGHTER_FAIR_GAN,0.71,0.835714286,0.76,0.835714286,0.416666667,0.769736842,140,0.29,0.054068241,1.254320988,0.230263158,0.013084112,1.07,0.164285714,0.125531915,2.685714286,0.479166667,0.05,1.142857143,0.583333333,-0.206060606,0.66,0.12744749,0.164285714,0.583333333,0.416666667,0.835714286,0.520833333,23,35,23,35,25,48,152,25,117,0.769736842,0.16579626,-0.16579626,0.141018461,0.009943103,0.009793117,0.640016315,0.204810442,0.342916424,0.504871251,0.802135618,0.791277259,-0.125531915,0.206060606,0.018457944,-0.175853018,0.170600444,0.416666667,0.835714286,-0.125531915,0.7,[0.721],60,-0.073490814,0.716330516,0.801369863,0.270803208,0.29,0.626190476,0.626190476,0.730010515,-27556.70419,0.080528691,0.829969268,0.752923049,0.802592963,,,,,,,
7fe73118-87a3-4a1f-8c27-8246a48e7834,GradientBoostingClassifier,PREPROCESSING,REWEIGHTER,REWEIGHTER_FAIR_GAN,0.725,0.842857143,0.755,0.842857143,0.45,0.781456954,140,0.275,0.046194226,1.20952381,0.218543046,0.023529412,1.133333333,0.157142857,0.093617021,1.88,0.448979592,0,1,0.55,-0.145454545,0.733333333,0.122178298,0.157142857,0.55,0.45,0.842857143,0.551020408,22,33,22,33,27,49,151,27,118,0.781456954,0.119535783,-0.119535783,0.09265137,0.004292138,0.004040084,0.639471567,0.204461942,0.342660995,0.494324383,0.039995566,0.830065359,-0.093617021,0.145454545,-0.011764706,-0.13648294,0.163273043,0.45,0.842857143,-0.093617021,0.7,[0.721],60,-0.073490814,0.716330516,0.810996564,0.312039052,0.275,0.646428571,0.646428571,0.723699917,-31347.15016,0.051837524,0.869219418,0.765590917,0.831694065,7.8987813,117,0,52787.44878,0,219947.7032,19.0010377
7fe73118-87a3-4a1f-8c27-8246a48e7834,RandomForestClassifier,PREPROCESSING,REWEIGHTER,REWEIGHTER_FAIR_GAN,0.715,0.892857143,0.835,0.892857143,0.3,0.748502994,140,0.285,0.081364829,1.322916667,0.251497006,0.08951049,1.41025641,0.107142857,0.014893617,1.175,0.454545455,0.029411765,1.0625,0.7,0.072727273,1.1,0.103543636,0.107142857,0.7,0.3,0.892857143,0.545454545,15,42,15,42,18,33,167,18,125,0.748502994,0.043810445,0.028916828,0.084252013,0.003549201,0.003340564,0.639544971,0.204508885,0.342688261,0.455068425,0.291309994,1.000606061,-0.014893617,0.072727273,-0.030049362,0.000524934,0.129862341,0.3,0.892857143,-0.014893617,0.7,[0.721],60,-0.073490814,0.716330516,0.814332248,0.238100422,0.285,0.596428571,0.596428571,0.579181749,-27062.49718,0.057833656,0.988920086,0.76144024,0.899359079,,,,,,,
7fe73118-87a3-4a1f-8c27-8246a48e7834,RidgeClassifierCV,PREPROCESSING,REWEIGHTER,REWEIGHTER_FAIR_GAN,0.71,0.842857143,0.77,0.842857143,0.4,0.766233766,140,0.29,0.046194226,1.20952381,0.233766234,0.061320755,1.325,0.157142857,0.014893617,1.175,0.47826087,-0.047619048,0.875,0.6,-0.006060606,0.99,0.124508691,0.157142857,0.6,0.4,0.842857143,0.52173913,22,36,22,36,24,46,154,24,118,0.766233766,0.010477112,-0.010477112,0.132000135,0.008712018,0.008542356,0.639231624,0.204308534,0.342548828,0.499016414,0.756673244,0.958490566,-0.014893617,0.014893617,-0.054469901,-0.034645669,0.165549749,0.4,0.842857143,-0.014893617,0.7,[0.721],60,-0.073490814,0.716330516,0.802721088,0.264454675,0.29,0.621428571,0.621428571,0.627939348,-30196.83933,-0.008833011,0.974444465,0.75351891,0.887689994,7.800240755,128.3,0,52876.1212,0,220317.1717,19.03295566
7fe73118-87a3-4a1f-8c27-8246a48e7834,NuSVC,PREPROCESSING,REWEIGHTER,REWEIGHTER_FAIR_GAN,0.66,0.692857143,0.61,0.692857143,0.583333333,0.795081967,140,0.34,0.057742782,1.20952381,0.204918033,-0.025682183,0.847619048,0.307142857,0.187234043,1.88,0.551282051,-0.026315789,0.95,0.416666667,-0.254545455,0.44,0.200398503,0.307142857,0.416666667,0.583333333,0.692857143,0.448717949,43,25,43,25,35,78,122,35,97,0.795081967,0.220889749,-0.220889749,0.127314764,0.008104525,0.008230571,0.642110736,0.206153099,0.343925479,0.633085306,-0.029413885,0.665917603,-0.187234043,0.254545455,-0.000316803,-0.234120735,0.284735729,0.583333333,0.692857143,-0.187234043,0.7,[0.721],60,-0.073490814,0.716330516,0.740458015,0.259490298,0.34,0.638095238,0.638095238,0.779043935,-32383.78277,0.067311412,0.751701947,0.697917802,0.732875898,,,,,,,
7fe73118-87a3-4a1f-8c27-8246a48e7834,LinearDiscriminantAnalysis,PREPROCESSING,REWEIGHTER,REWEIGHTER_FAIR_GAN,0.69,0.807142857,0.74,0.807142857,0.416666667,0.763513514,140,0.31,0.246194226,2.116666667,0.236486486,0.09703504,1.514285714,0.192857143,0.414893617,5.875,0.519230769,0.244047619,1.640625,0.583333333,-0.206060606,0.66,0.142566568,0.192857143,0.583333333,0.416666667,0.807142857,0.480769231,27,35,27,35,25,52,148,25,113,0.763513514,0.310477112,-0.310477112,0.156112779,0.0121856,0.012017514,0.647036192,0.209327917,0.346416,0.533978591,0.884739147,0.559119497,-0.414893617,0.414893617,0.073506289,-0.367979003,0.194049973,0.416666667,0.807142857,-0.414893617,0.7,[0.721],60,-0.073490814,0.716330516,0.784722222,0.233822165,0.31,0.611904762,0.611904762,0.801887185,-35770.67102,-0.208833011,0.612546036,0.734319081,0.648386975,7.739594698,139.5,0,52963.15467,0,220679.8111,19.06428368
7fe73118-87a3-4a1f-8c27-8246a48e7834,RidgeClassifierCV,PREPROCESSING,REWEIGHTER,HYPERPARAMETER_FAIR_GAN,0.71,0.842857143,0.77,0.842857143,0.4,0.766233766,140,0.29,0.046194226,1.20952381,0.233766234,0.061320755,1.325,0.157142857,0.014893617,1.175,0.47826087,-0.047619048,0.875,0.6,-0.006060606,0.99,0.124508691,0.157142857,0.6,0.4,0.842857143,0.52173913,22,36,22,36,24,46,154,24,118,0.766233766,0.010477112,-0.010477112,0.132000135,0.008712018,0.008542356,0.639231624,0.204308534,0.342548828,0.499016414,0.756673244,0.958490566,-0.014893617,0.014893617,-0.054469901,-0.034645669,0.165549749,0.4,0.842857143,-0.014893617,0.7,[0.721],60,-0.073490814,0.716330516,0.802721088,0.264454675,0.29,0.621428571,0.621428571,0.627939348,-30196.83933,-0.008833011,0.974444465,0.75351891,0.887689994,3.146431208,150.8,0,52999.23905,0,220830.1627,19.07727239
7fe73118-87a3-4a1f-8c27-8246a48e7834,AdaBoostClassifier,PREPROCESSING,REWEIGHTER,HYPERPARAMETER_FAIR_GAN,0.735,0.857142857,0.765,0.857142857,0.45,0.784313725,140,0.265,0.077690289,1.411111111,0.215686275,0.030188679,1.177777778,0.142857143,0.136170213,3.133333333,0.425531915,0.114285714,1.4,0.55,-0.145454545,0.733333333,0.11495735,0.142857143,0.55,0.45,0.857142857,0.574468085,20,33,20,33,27,47,153,27,120,0.784313725,0.140812379,-0.140812379,0.126214169,0.007965008,0.007677093,0.639891218,0.204730386,0.342857437,0.479494212,0.709045195,0.798742138,-0.136170213,0.145454545,0.042048518,-0.167979003,0.1518032,0.45,0.857142857,-0.136170213,0.7,[0.721],60,-0.073490814,0.716330516,0.819112628,0.331959742,0.265,0.653571429,0.653571429,0.745602376,-27615.85421,0.009284333,0.837628473,0.774780117,0.815575934,,,,,,,
7fe73118-87a3-4a1f-8c27-8246a48e7834,AdaBoostClassifier,PREPROCESSING,REWEIGHTER,FAIR_PCA_FAIR_GAN,0.71,0.835714286,0.76,0.835714286,0.416666667,0.769736842,140,0.29,0.054068241,1.254320988,0.230263158,0.013084112,1.07,0.164285714,0.125531915,2.685714286,0.479166667,0.05,1.142857143,0.583333333,-0.206060606,0.66,0.12744749,0.164285714,0.583333333,0.416666667,0.835714286,0.520833333,23,35,23,35,25,48,152,25,117,0.769736842,0.16579626,-0.16579626,0.141018461,0.009943103,0.009793117,0.640016315,0.204810442,0.342916424,0.504871251,0.802135618,0.791277259,-0.125531915,0.206060606,0.018457944,-0.175853018,0.170600444,0.416666667,0.835714286,-0.125531915,0.7,[0.725],60,-0.073490814,0.716330516,0.801369863,0.270803208,0.29,0.626190476,0.626190476,0.730010515,-27556.70419,0.080528691,0.829969268,0.752923049,0.802592963,,,,,,,
7fe73118-87a3-4a1f-8c27-8246a48e7834,GradientBoostingClassifier,PREPROCESSING,REWEIGHTER,FAIR_PCA_FAIR_GAN,0.715,0.828571429,0.745,0.828571429,0.45,0.77852349,140,0.285,0.104986877,1.459770115,0.22147651,0.0440044,1.24691358,0.171428571,0.182978723,2.563636364,0.470588235,0.076923077,1.181818182,0.55,-0.145454545,0.733333333,0.129564341,0.171428571,0.55,0.45,0.828571429,0.529411765,24,33,24,33,27,51,149,27,116,0.77852349,0.164216634,-0.164216634,0.097105832,0.004714771,0.004434237,0.64052125,0.205133736,0.343156197,0.509046838,0.105649536,0.754455446,-0.182978723,0.182978723,0.016459338,-0.195275591,0.174871698,0.45,0.828571429,-0.182978723,0.7,[0.725],60,-0.073490814,0.716330516,0.802768166,0.292885581,0.285,0.639285714,0.639285714,0.744267063,-31764.27471,-0.037524178,0.801834373,0.756346393,0.786075722,7.897996664,117.3,0,53930.61359,0,224710.8899,19.4125241
7fe73118-87a3-4a1f-8c27-8246a48e7834,RandomForestClassifier,PREPROCESSING,REWEIGHTER,FAIR_PCA_FAIR_GAN,0.715,0.878571429,0.815,0.878571429,0.333333333,0.754601227,140,0.285,0.112860892,1.511904762,0.245398773,0.113247863,1.582417582,0.121428571,0.025531915,1.342857143,0.459459459,0.131578947,1.357142857,0.666666667,0.163636364,1.257142857,0.109302419,0.121428571,0.666666667,0.333333333,0.878571429,0.540540541,17,40,17,40,20,37,163,20,123,0.754601227,0.094584139,0.069052224,0.09549649,0.00455979,0.004315354,0.639770161,0.204652929,0.342787714,0.467551963,0.429460333,1.019135802,-0.025531915,0.163636364,0.009165542,0.016272966,0.139808261,0.333333333,0.878571429,-0.025531915,0.7,[0.725],60,-0.073490814,0.716330516,0.811881188,0.250083878,0.285,0.605952381,0.605952381,0.564110021,-27367.69028,0.138104449,0.976052398,0.76036702,0.891735923,,,,,,,
7fe73118-87a3-4a1f-8c27-8246a48e7834,RidgeClassifierCV,PREPROCESSING,REWEIGHTER,FAIR_PCA_FAIR_GAN,0.715,0.842857143,0.765,0.842857143,0.416666667,0.77124183,140,0.285,0.046194226,1.20952381,0.22875817,0.067307692,1.368421053,0.157142857,0.004255319,1.044444444,0.468085106,-0.057971014,0.851851852,0.583333333,0.024242424,1.042105263,0.123773943,0.157142857,0.583333333,0.416666667,0.842857143,0.531914894,22,35,22,35,25,47,153,25,118,0.77124183,0.014248872,0.009993553,0.124812974,0.007789139,0.007497083,0.639365226,0.204393946,0.342608462,0.497541843,0.709045195,0.976923077,-0.004255319,0.024242424,-0.062639353,-0.018897638,0.164820049,0.416666667,0.842857143,-0.004255319,0.7,[0.725],60,-0.073490814,0.716330516,0.805460751,0.280493115,0.285,0.629761905,0.629761905,0.623468346,-30179.03664,0.019987105,0.985889063,0.757539366,0.895872923,7.810663223,128.6,0,54019.40378,0,225080.8491,19.44448446
7fe73118-87a3-4a1f-8c27-8246a48e7834,NuSVC,PREPROCESSING,REWEIGHTER,FAIR_PCA_FAIR_GAN,0.645,0.678571429,0.605,0.678571429,0.566666667,0.785123967,140,0.355,0.041994751,1.144144144,0.214876033,-0.02955665,0.828571429,0.321428571,0.165957447,1.709090909,0.569620253,-0.05,0.909090909,0.433333333,-0.254545455,0.44,0.211211501,0.321428571,0.433333333,0.566666667,0.678571429,0.430379747,45,26,45,26,34,79,121,34,95,0.785123967,0.210251451,-0.210251451,0.115293899,0.006646342,0.006643993,0.641625314,0.205841522,0.343688445,0.649940769,-0.11709889,0.681226054,-0.165957447,0.254545455,-0.010221675,-0.218372703,0.298956542,0.566666667,0.678571429,-0.165957447,0.7,[0.725],60,-0.073490814,0.716330516,0.727969349,0.22989067,0.355,0.622619048,0.622619048,0.753525606,-32863.44142,0.088588008,0.767381815,0.683977731,0.737408668,,,,,,,
7fe73118-87a3-4a1f-8c27-8246a48e7834,LinearDiscriminantAnalysis,PREPROCESSING,REWEIGHTER,FAIR_PCA_FAIR_GAN,0.685,0.8,0.735,0.8,0.416666667,0.761904762,140,0.315,0.23832021,2.043678161,0.238095238,0.095238095,1.5,0.2,0.404255319,5.222222222,0.528301887,0.215909091,1.527777778,0.583333333,-0.206060606,0.66,0.14645616,0.2,0.583333333,0.416666667,0.8,0.471698113,28,35,28,35,25,53,147,25,112,0.761904762,0.305157963,-0.305157963,0.155280393,0.012056,0.011834662,0.64671997,0.20912336,0.346251859,0.541213747,0.884739147,0.564444444,-0.404255319,0.404255319,0.060335498,-0.360104987,0.199996171,0.416666667,0.8,-0.404255319,0.7,[0.725],60,-0.073490814,0.716330516,0.780487805,0.224975457,0.315,0.608333333,0.608333333,0.793971094,-35601.4568,-0.198194713,0.619947683,0.72963302,0.652651955,7.711152554,139.8,0,54106.29371,0,225442.8904,19.47576081
7fe73118-87a3-4a1f-8c27-8246a48e7834,RidgeClassifierCV,PREPROCESSING,REWEIGHTER,HYPERPARAMETER_FAIR_PCA_FAIR_GAN,0.715,0.842857143,0.765,0.842857143,0.416666667,0.77124183,140,0.285,0.046194226,1.20952381,0.22875817,0.067307692,1.368421053,0.157142857,0.004255319,1.044444444,0.468085106,-0.057971014,0.851851852,0.583333333,0.024242424,1.042105263,0.123773943,0.157142857,0.583333333,0.416666667,0.842857143,0.531914894,22,35,22,35,25,47,153,25,118,0.77124183,0.014248872,0.009993553,0.124812974,0.007789139,0.007497083,0.639365226,0.204393946,0.342608462,0.497541843,0.709045195,0.976923077,-0.004255319,0.024242424,-0.062639353,-0.018897638,0.164820049,0.416666667,0.842857143,-0.004255319,0.7,[0.725],60,-0.073490814,0.716330516,0.805460751,0.280493115,0.285,0.629761905,0.629761905,0.623468346,-30179.03664,0.019987105,0.985889063,0.757539366,0.895872923,3.164512396,150.7,0,54141.12753,0,225588.0314,19.48829938
7fe73118-87a3-4a1f-8c27-8246a48e7834,AdaBoostClassifier,PREPROCESSING,REWEIGHTER,HYPERPARAMETER_FAIR_PCA_FAIR_GAN,0.735,0.857142857,0.765,0.857142857,0.45,0.784313725,140,0.265,0.077690289,1.411111111,0.215686275,0.030188679,1.177777778,0.142857143,0.136170213,3.133333333,0.425531915,0.114285714,1.4,0.55,-0.145454545,0.733333333,0.11495735,0.142857143,0.55,0.45,0.857142857,0.574468085,20,33,20,33,27,47,153,27,120,0.784313725,0.140812379,-0.140812379,0.126214169,0.007965008,0.007677093,0.639891218,0.204730386,0.342857437,0.479494212,0.709045195,0.798742138,-0.136170213,0.145454545,0.042048518,-0.167979003,0.1518032,0.45,0.857142857,-0.136170213,0.7,[0.725],60,-0.073490814,0.716330516,0.819112628,0.331959742,0.265,0.653571429,0.653571429,0.745602376,-27615.85421,0.009284333,0.837628473,0.774780117,0.815575934,,,,,,,
7fe73118-87a3-4a1f-8c27-8246a48e7834,AdaBoostClassifier,PREPROCESSING,DIR,DIR,0.68,0.778571429,0.71,0.778571429,0.45,0.767605634,140,0.32,0.273490814,2.052525253,0.232394366,0.210164835,2.275,0.221428571,0.308510638,2.611111111,0.534482759,0.214285714,1.428571429,0.55,0.145454545,1.32,0.156798353,0.221428571,0.55,0.45,0.778571429,0.465517241,31,33,31,33,27,58,142,27,109,0.767605634,0.226982592,-0.081528046,0.106855002,0.005708996,0.005281392,0.640446232,0.205085688,0.343120415,0.559997059,0.24875038,0.744322344,-0.308510638,0.308510638,0.00206044,-0.1832021,0.2165235,0.45,0.778571429,-0.308510638,0.7,[0.721],60,-0.073490814,0.716330516,0.773049645,0.230835934,0.32,0.614285714,0.614285714,0.664367229,-27555.78328,-0.163056093,0.783896306,0.72354549,0.762690994,,,,,,,
7fe73118-87a3-4a1f-8c27-8246a48e7834,GradientBoostingClassifier,PREPROCESSING,DIR,DIR,0.72,0.814285714,0.72,0.814285714,0.5,0.791666667,140,0.28,0.304986877,2.335632184,0.208333333,0.265168539,2.966666667,0.185714286,0.219148936,2.211764706,0.464285714,0.352631579,1.788235294,0.5,0.436363636,2.2,0.134371396,0.185714286,0.5,0.5,0.814285714,0.535714286,26,30,26,30,30,56,144,30,114,0.791666667,0.327756286,0.10860735,0.107295465,0.005756158,0.005344817,0.63927481,0.204336141,0.342568141,0.518404081,-0.061404548,0.951310861,-0.219148936,0.436363636,0.04373152,-0.034120735,0.184064191,0.5,0.814285714,-0.219148936,0.7,[0.721],60,-0.073490814,0.716330516,0.802816901,0.320766514,0.28,0.657142857,0.657142857,0.585772313,-31579.29886,0.2172147,0.891066811,0.759156493,0.842282096,6.330890417,117.4,0,55068.61845,0,229452.5769,19.82215317
7fe73118-87a3-4a1f-8c27-8246a48e7834,RandomForestClassifier,PREPROCESSING,DIR,DIR,0.745,0.878571429,0.785,0.878571429,0.433333333,0.78343949,140,0.255,0.218897638,2.208695652,0.21656051,0.144660194,1.93125,0.121428571,0.225531915,4.028571429,0.395348837,0.308333333,2.057142857,0.566666667,0.115151515,1.2375,0.105236892,0.121428571,0.566666667,0.433333333,0.878571429,0.604651163,17,34,17,34,26,43,157,26,123,0.78343949,0.170341715,-0.0551902,0.05752511,0.001654569,0.001575963,0.639563654,0.204520834,0.342703892,0.458774219,-0.130814,0.822006472,-0.225531915,0.225531915,0.08183657,-0.144356955,0.135627424,0.433333333,0.878571429,-0.225531915,0.7,[0.721],60,-0.073490814,0.716330516,0.828282828,0.347918558,0.255,0.655952381,0.655952381,0.692154524,-30574.47618,-0.1103804,0.844796167,0.784437097,0.823670204,,,,,,,
7fe73118-87a3-4a1f-8c27-8246a48e7834,CalibratedClassifierCV,PREPROCESSING,DIR,DIR,0.695,0.807142857,0.735,0.807142857,0.433333333,0.768707483,140,0.305,0.281364829,2.116666667,0.231292517,0.197916667,2.117647059,0.192857143,0.340425532,3.133333333,0.509433962,0.230414747,1.476190476,0.566666667,0.084848485,1.164705882,0.141788607,0.192857143,0.566666667,0.433333333,0.807142857,0.490566038,27,34,27,34,26,53,147,26,113,0.768707483,0.212637008,-0.127788524,0.098178908,0.004819549,0.004520112,0.641411008,0.205704041,0.343584359,0.532519683,0.24875038,0.705555556,-0.340425532,0.340425532,0.01624904,-0.222572178,0.193299096,0.433333333,0.807142857,-0.340425532,0.7,[0.721],60,-0.073490814,0.716330516,0.787456446,0.249698035,0.305,0.620238095,0.620238095,0.699497406,-29224.51069,-0.255577047,0.745398675,0.738345105,0.743032558,6.271326303,128.8,0,55140.46787,0,229751.9494,19.84801563
7fe73118-87a3-4a1f-8c27-8246a48e7834,NuSVC,PREPROCESSING,DIR,DIR,0.7,0.828571429,0.76,0.828571429,0.4,0.763157895,140,0.3,0.222572178,1.911827957,0.236842105,0.188378632,2.07486631,0.171428571,0.15106383,2.014285714,0.5,0.283333333,1.607142857,0.6,0.284848485,1.552941176,0.131897472,0.171428571,0.6,0.4,0.828571429,0.5,24,36,24,36,24,48,152,24,116,0.763157895,0.217956157,0.066892328,0.100631074,0.005063306,0.004570133,0.639283916,0.204341963,0.342572208,0.51360972,0.291309994,0.960137457,-0.15106383,0.284848485,0.047477351,-0.030446194,0.177139568,0.4,0.828571429,-0.15106383,0.7,[0.721],60,-0.073490814,0.716330516,0.794520548,0.245255736,0.3,0.614285714,0.614285714,0.573194713,-28662.59691,0.133784655,0.92537919,0.744271311,0.855951315,,,,,,,
7fe73118-87a3-4a1f-8c27-8246a48e7834,LinearDiscriminantAnalysis,PREPROCESSING,DIR,DIR,0.695,0.792857143,0.715,0.792857143,0.466666667,0.776223776,140,0.305,0.297112861,2.257777778,0.223776224,0.215425532,2.35,0.207142857,0.340425532,3.133333333,0.50877193,0.25974026,1.571428571,0.533333333,0.145454545,1.32,0.147916717,0.207142857,0.533333333,0.466666667,0.792857143,0.49122807,29,32,29,32,28,57,143,28,111,0.776223776,0.242940039,-0.097485493,0.102025011,0.005204551,0.004802482,0.641002616,0.205442177,0.343387008,0.543905722,0.24875038,0.720567376,-0.340425532,0.340425532,0.022157364,-0.206824147,0.203640548,0.466666667,0.792857143,-0.340425532,0.7,[0.721],60,-0.073490814,0.716330516,0.784452297,0.263458008,0.305,0.629761905,0.629761905,0.691154555,-33677.63067,-0.194970986,0.758625447,0.737021866,0.751284894,6.198391676,139.8,0,55209.16578,0,230038.1908,19.8727437
7fe73118-87a3-4a1f-8c27-8246a48e7834,CalibratedClassifierCV,PREPROCESSING,DIR,HYPERPARAMETER,0.695,0.807142857,0.735,0.807142857,0.433333333,0.768707483,140,0.305,0.281364829,2.116666667,0.231292517,0.197916667,2.117647059,0.192857143,0.340425532,3.133333333,0.509433962,0.230414747,1.476190476,0.566666667,0.084848485,1.164705882,0.141788607,0.192857143,0.566666667,0.433333333,0.807142857,0.490566038,27,34,27,34,26,53,147,26,113,0.768707483,0.212637008,-0.127788524,0.098178908,0.004819549,0.004520112,0.641411008,0.205704041,0.343584359,0.532519683,0.24875038,0.705555556,-0.340425532,0.340425532,0.01624904,-0.222572178,0.193299096,0.433333333,0.807142857,-0.340425532,0.7,[0.721],60,-0.073490814,0.716330516,0.787456446,0.249698035,0.305,0.620238095,0.620238095,0.699497406,-29224.51069,-0.255577047,0.745398675,0.738345105,0.743032558,4.715553999,117.7,0,55052.36065,0,229384.8361,19.81630111
7fe73118-87a3-4a1f-8c27-8246a48e7834,AdaBoostClassifier,PREPROCESSING,DIR,HYPERPARAMETER,0.675,0.771428571,0.705,0.771428571,0.45,0.765957447,140,0.325,0.257742782,1.935238095,0.234042553,0.199175824,2.1328125,0.228571429,0.29787234,2.473684211,0.542372881,0.186507937,1.353383459,0.55,0.115151515,1.2375,0.160874731,0.228571429,0.55,0.45,0.771428571,0.457627119,32,33,32,33,27,59,141,27,108,0.765957447,0.206511928,-0.091360413,0.090437606,0.00408948,0.00386665,0.640446232,0.205085688,0.343120415,0.567229637,-0.087721857,0.744322344,-0.29787234,0.29787234,-0.006333944,-0.1832021,0.222613025,0.45,0.771428571,-0.29787234,0.7,[0.721],60,-0.073490814,0.716330516,0.768683274,0.222503957,0.325,0.610714286,0.610714286,0.666509395,-27611.46304,-0.182720825,0.785455595,0.718801997,0.76190542,,,,,,,
7fe73118-87a3-4a1f-8c27-8246a48e7834,AdaBoostClassifier,PREPROCESSING,DIR,FAIR_PCA,0.675,0.764285714,0.695,0.764285714,0.466666667,0.769784173,140,0.325,0.273490814,2.052525253,0.230215827,0.217696629,2.383928571,0.235714286,0.29787234,2.473684211,0.540983607,0.214285714,1.428571429,0.533333333,0.175757576,1.414285714,0.164124643,0.235714286,0.533333333,0.466666667,0.764285714,0.459016393,33,32,33,32,28,61,139,28,107,0.769784173,0.236814958,-0.061057382,0.110182482,0.00607009,0.005555581,0.640117591,0.204875265,0.342964306,0.572930438,0.24875038,0.761048689,-0.29787234,0.29787234,-0.001705457,-0.167454068,0.227934248,0.466666667,0.764285714,-0.29787234,0.7,[0.725],60,-0.073490814,0.716330516,0.76702509,0.229873956,0.325,0.61547619,0.61547619,0.653055556,-27556.40394,-0.122114765,0.799299567,0.718076182,0.770257647,,,,,,,
7fe73118-87a3-4a1f-8c27-8246a48e7834,GradientBoostingClassifier,PREPROCESSING,DIR,FAIR_PCA,0.705,0.807142857,0.725,0.807142857,0.466666667,0.779310345,140,0.295,0.148031496,1.5875,0.220689655,0.079787234,1.46875,0.192857143,0.229787234,2.35,0.490909091,0.086580087,1.178571429,0.533333333,-0.084848485,0.825,0.140095181,0.192857143,0.533333333,0.466666667,0.807142857,0.509090909,27,32,27,32,28,55,145,28,113,0.779310345,0.157317859,-0.157317859,0.101238787,0.005124646,0.004776131,0.641002616,0.205442177,0.343387008,0.529330108,0.24875038,0.720567376,-0.229787234,0.229787234,0.003396426,-0.206824147,0.191704556,0.466666667,0.807142857,-0.229787234,0.7,[0.725],60,-0.073490814,0.716330516,0.792982456,0.281010694,0.295,0.636904762,0.636904762,0.737101256,-31717.79996,-0.144938749,0.779183436,0.746407449,0.767942888,6.329402447,117.8,0,57007.4064,0,237530.86,20.52002707
7fe73118-87a3-4a1f-8c27-8246a48e7834,RandomForestClassifier,PREPROCESSING,DIR,FAIR_PCA,0.74,0.871428571,0.78,0.871428571,0.433333333,0.782051282,140,0.26,0.144356955,1.763888889,0.217948718,0.122727273,1.818181818,0.128571429,0.104255319,2.088888889,0.409090909,0.166666667,1.5,0.566666667,0.145454545,1.32,0.108710562,0.128571429,0.566666667,0.433333333,0.871428571,0.590909091,18,34,18,34,26,44,156,26,122,0.782051282,0.124854932,0.020599613,0.076037737,0.002890869,0.00268018,0.639137149,0.204248148,0.342506416,0.466284382,-0.262075244,0.931333333,-0.104255319,0.145454545,0.021969697,-0.054068241,0.14125196,0.433333333,0.871428571,-0.104255319,0.7,[0.725],60,-0.073490814,0.716330516,0.824324324,0.337141089,0.26,0.652380952,0.652380952,0.638942157,-36634.86785,0.041199226,0.937138931,0.779889426,0.878120315,,,,,,,
7fe73118-87a3-4a1f-8c27-8246a48e7834,CalibratedClassifierCV,PREPROCESSING,DIR,FAIR_PCA,0.71,0.814285714,0.73,0.814285714,0.466666667,0.780821918,140,0.29,0.230446194,1.975555556,0.219178082,0.173758865,2.088888889,0.185714286,0.240425532,2.506666667,0.481481481,0.212121212,1.466666667,0.533333333,0.145454545,1.32,0.136252239,0.185714286,0.533333333,0.466666667,0.814285714,0.518518519,26,32,26,32,28,54,146,28,114,0.780821918,0.192940039,-0.047485493,0.094595011,0.004474108,0.004108689,0.639570573,0.204525259,0.34270712,0.522019614,0.105649536,0.810638298,-0.240425532,0.240425532,0.019181173,-0.14015748,0.185787895,0.466666667,0.814285714,-0.240425532,0.7,[0.725],60,-0.073490814,0.716330516,0.797202797,0.290000704,0.29,0.64047619,0.64047619,0.670889518,-29223.09784,-0.094970986,0.839810573,0.751078736,0.807992063,6.286775351,129.2,0,57079.46631,0,237831.1096,20.5459653
7fe73118-87a3-4a1f-8c27-8246a48e7834,NuSVC,PREPROCESSING,DIR,FAIR_PCA,0.725,0.857142857,0.775,0.857142857,0.416666667,0.774193548,140,0.275,0.112860892,1.511904762,0.225806452,0.102727273,1.604278075,0.142857143,0.082978723,1.709090909,0.444444444,0.092592593,1.227272727,0.583333333,0.084848485,1.164705882,0.116549486,0.142857143,0.583333333,0.416666667,0.857142857,0.555555556,20,35,20,35,25,45,155,25,120,0.774193548,0.083913604,0.000934881,0.094939584,0.004506762,0.004080599,0.639137149,0.204248148,0.342506416,0.482803244,0.291309994,0.931333333,-0.082978723,0.084848485,-0.00506734,-0.054068241,0.153355165,0.416666667,0.857142857,-0.082978723,0.7,[0.725],60,-0.073490814,0.716330516,0.813559322,0.300480357,0.275,0.636904762,0.636904762,0.636309332,-28454.17977,0.001869761,0.947348473,0.766730928,0.878375947,,,,,,,
7fe73118-87a3-4a1f-8c27-8246a48e7834,LinearDiscriminantAnalysis,PREPROCESSING,DIR,FAIR_PCA,0.695,0.792857143,0.715,0.792857143,0.466666667,0.776223776,140,0.305,0.297112861,2.257777778,0.223776224,0.215425532,2.35,0.207142857,0.340425532,3.133333333,0.50877193,0.25974026,1.571428571,0.533333333,0.145454545,1.32,0.147916717,0.207142857,0.533333333,0.466666667,0.792857143,0.49122807,29,32,29,32,28,57,143,28,111,0.776223776,0.242940039,-0.097485493,0.102025011,0.005204551,0.004802482,0.641002616,0.205442177,0.343387008,0.543905722,0.24875038,0.720567376,-0.340425532,0.340425532,0.022157364,-0.206824147,0.203640548,0.466666667,0.792857143,-0.340425532,0.7,[0.725],60,-0.073490814,0.716330516,0.784452297,0.263458008,0.305,0.629761905,0.629761905,0.691154555,-33715.18203,-0.194970986,0.758625447,0.737021866,0.751284894,6.180910349,140.1,0,57147.34922,0,238113.9551,20.57040001
7fe73118-87a3-4a1f-8c27-8246a48e7834,CalibratedClassifierCV,PREPROCESSING,DIR,HYPERPARAMETER_FAIR_PCA,0.71,0.814285714,0.73,0.814285714,0.466666667,0.780821918,140,0.29,0.230446194,1.975555556,0.219178082,0.173758865,2.088888889,0.185714286,0.240425532,2.506666667,0.481481481,0.212121212,1.466666667,0.533333333,0.145454545,1.32,0.136252239,0.185714286,0.533333333,0.466666667,0.814285714,0.518518519,26,32,26,32,28,54,146,28,114,0.780821918,0.192940039,-0.047485493,0.094595011,0.004474108,0.004108689,0.639570573,0.204525259,0.34270712,0.522019614,0.105649536,0.810638298,-0.240425532,0.240425532,0.019181173,-0.14015748,0.185787895,0.466666667,0.814285714,-0.240425532,0.7,[0.725],60,-0.073490814,0.716330516,0.797202797,0.290000704,0.29,0.64047619,0.64047619,0.670889518,-29223.09784,-0.094970986,0.839810573,0.751078736,0.807992063,4.737536192,117.9,0,56990.21523,0,237459.2301,20.51383905
7fe73118-87a3-4a1f-8c27-8246a48e7834,AdaBoostClassifier,PREPROCESSING,DIR,HYPERPARAMETER_FAIR_PCA,0.675,0.764285714,0.695,0.764285714,0.466666667,0.769784173,140,0.325,0.257742782,1.935238095,0.230215827,0.206460674,2.225,0.235714286,0.287234043,2.35,0.540983607,0.187969925,1.357142857,0.533333333,0.145454545,1.32,0.164124643,0.235714286,0.533333333,0.466666667,0.764285714,0.459016393,33,32,33,32,28,61,139,28,107,0.769784173,0.216344294,-0.070889749,0.094765268,0.004490228,0.004227215,0.640117591,0.204875265,0.342964306,0.572930438,-0.087721857,0.761048689,-0.287234043,0.287234043,-0.009245375,-0.167454068,0.227934248,0.466666667,0.764285714,-0.287234043,0.7,[0.725],60,-0.073490814,0.716330516,0.76702509,0.229873956,0.325,0.61547619,0.61547619,0.659107143,-27612.2528,-0.141779497,0.80089782,0.718076182,0.77124642,,,,,,,
7fe73118-87a3-4a1f-8c27-8246a48e7834,AdaBoostClassifier,PREPROCESSING,DIR,DIR_SMOTE,0.66,0.714285714,0.64,0.714285714,0.533333333,0.78125,140,0.34,0.191076115,1.693333333,0.21875,0.132773109,1.868131868,0.285714286,0.265957447,2.136363636,0.555555556,0.101190476,1.193181818,0.466666667,0.006060606,1.015384615,0.190357628,0.285714286,0.466666667,0.533333333,0.714285714,0.444444444,40,28,40,28,32,72,128,32,100,0.78125,0.136009026,-0.12994842,0.109116997,0.00595326,0.005453953,0.641169376,0.205549084,0.34346743,0.617021277,0.037441286,0.697254902,-0.265957447,0.265957447,-0.015791317,-0.202624672,0.268344777,0.533333333,0.714285714,-0.265957447,0.7,[0.721],60,-0.073490814,0.716330516,0.746268657,0.236402714,0.34,0.623809524,0.623809524,0.704872586,-27601.90294,-0.259896841,0.769232802,0.700488219,0.744866217,,,,,,,
7fe73118-87a3-4a1f-8c27-8246a48e7834,GradientBoostingClassifier,PREPROCESSING,DIR,DIR_SMOTE,0.705,0.75,0.645,0.75,0.6,0.813953488,140,0.295,0.171653543,1.751724138,0.186046512,0.141566265,2.305555556,0.25,0.187234043,1.88,0.492957746,0.116883117,1.257142857,0.4,0.127272727,1.466666667,0.163475267,0.25,0.4,0.6,0.75,0.507042254,35,24,35,24,36,71,129,36,105,0.813953488,0.157253385,-0.029980658,0.123802729,0.007663558,0.006783853,0.639376749,0.204401313,0.342616971,0.571795884,0.24875038,0.816064257,-0.187234043,0.187234043,-0.012341574,-0.120209974,0.232607731,0.6,0.75,-0.187234043,0.7,[0.721],60,-0.073490814,0.716330516,0.780669145,0.335184292,0.295,0.675,0.675,0.695236944,-32850.07937,-0.059961315,0.865182445,0.740907555,0.81937053,6.360169649,119.3,0,61983.05025,0,258262.7094,22.31102851
7fe73118-87a3-4a1f-8c27-8246a48e7834,RandomForestClassifier,PREPROCESSING,DIR,DIR_SMOTE,0.71,0.785714286,0.69,0.785714286,0.533333333,0.797101449,140,0.29,0.289238845,2.184946237,0.202898551,0.172043011,2.066666667,0.214285714,0.429787234,3.525,0.483870968,0.196078431,1.416666667,0.466666667,-0.054545455,0.88,0.147893072,0.214285714,0.466666667,0.533333333,0.785714286,0.516129032,30,28,30,28,32,62,138,32,110,0.797101449,0.242166344,-0.242166344,0.094401178,0.004455791,0.004567876,0.646548401,0.209012418,0.346163033,0.543862248,0.0734435,0.546236559,-0.429787234,0.429787234,0.01201771,-0.332283465,0.206091963,0.533333333,0.785714286,-0.429787234,0.7,[0.721],60,-0.073490814,0.716330516,0.791366906,0.31612567,0.29,0.65952381,0.65952381,0.819238279,-29864.76121,-0.375241779,0.624840636,0.748478605,0.661250338,,,,,,,
7fe73118-87a3-4a1f-8c27-8246a48e7834,CalibratedClassifierCV,PREPROCESSING,DIR,DIR_SMOTE,0.705,0.792857143,0.705,0.792857143,0.5,0.787234043,140,0.295,0.304986877,2.335632184,0.212765957,0.224462366,2.491071429,0.207142857,0.340425532,3.133333333,0.491525424,0.273109244,1.619047619,0.5,0.175757576,1.414285714,0.146023613,0.207142857,0.5,0.5,0.792857143,0.508474576,29,30,29,30,30,59,141,30,111,0.787234043,0.258091554,-0.082333978,0.086180583,0.003713546,0.003490688,0.640809267,0.205318258,0.343294055,0.54041394,-0.087721857,0.728315412,-0.340425532,0.340425532,0.024323439,-0.198950131,0.201922065,0.5,0.792857143,-0.340425532,0.7,[0.721],60,-0.073490814,0.716330516,0.790035587,0.294279427,0.295,0.646428571,0.646428571,0.699651607,-32750.09121,-0.164667956,0.765221695,0.745099439,0.758394593,6.257439852,130.3,0,62052.22587,0,258550.9411,22.33592852
7fe73118-87a3-4a1f-8c27-8246a48e7834,NuSVC,PREPROCESSING,DIR,DIR_SMOTE,0.72,0.814285714,0.72,0.814285714,0.5,0.791666667,140,0.28,0.171653543,1.751724138,0.208333333,0.142105263,1.9,0.185714286,0.15106383,2.014285714,0.464285714,0.1625,1.371428571,0.5,0.145454545,1.32,0.134371396,0.185714286,0.5,0.5,0.814285714,0.535714286,26,30,26,30,30,56,144,30,114,0.791666667,0.148259188,-0.002804642,0.054593923,0.001490248,0.001404022,0.639107846,0.20422942,0.342493203,0.518404081,-0.413380971,0.89122807,-0.15106383,0.15106383,0.010197368,-0.081364829,0.184064191,0.5,0.814285714,-0.15106383,0.7,[0.721],60,-0.073490814,0.716330516,0.802816901,0.320766514,0.28,0.657142857,0.657142857,0.658985908,-34364.39655,-0.005609284,0.910876213,0.759156493,0.853985673,,,,,,,
7fe73118-87a3-4a1f-8c27-8246a48e7834,LinearDiscriminantAnalysis,PREPROCESSING,DIR,DIR_SMOTE,0.695,0.792857143,0.715,0.792857143,0.466666667,0.776223776,140,0.305,0.297112861,2.257777778,0.223776224,0.215425532,2.35,0.207142857,0.340425532,3.133333333,0.50877193,0.25974026,1.571428571,0.533333333,0.145454545,1.32,0.147916717,0.207142857,0.533333333,0.466666667,0.792857143,0.49122807,29,32,29,32,28,57,143,28,111,0.776223776,0.242940039,-0.097485493,0.102025011,0.005204551,0.004802482,0.641002616,0.205442177,0.343387008,0.543905722,0.24875038,0.720567376,-0.340425532,0.340425532,0.022157364,-0.206824147,0.203640548,0.466666667,0.792857143,-0.340425532,0.7,[0.721],60,-0.073490814,0.716330516,0.784452297,0.263458008,0.305,0.629761905,0.629761905,0.691154555,-38536.63503,-0.194970986,0.758625447,0.737021866,0.751284894,6.190465927,141.3,0,62120.86176,0,258836.924,22.36063427
7fe73118-87a3-4a1f-8c27-8246a48e7834,CalibratedClassifierCV,PREPROCESSING,DIR,HYPERPARAMETER_SMOTE,0.705,0.792857143,0.705,0.792857143,0.5,0.787234043,140,0.295,0.304986877,2.335632184,0.212765957,0.224462366,2.491071429,0.207142857,0.340425532,3.133333333,0.491525424,0.273109244,1.619047619,0.5,0.175757576,1.414285714,0.146023613,0.207142857,0.5,0.5,0.792857143,0.508474576,29,30,29,30,30,59,141,30,111,0.787234043,0.258091554,-0.082333978,0.086180583,0.003713546,0.003490688,0.640809267,0.205318258,0.343294055,0.54041394,-0.087721857,0.728315412,-0.340425532,0.340425532,0.024323439,-0.198950131,0.201922065,0.5,0.792857143,-0.340425532,0.7,[0.721],60,-0.073490814,0.716330516,0.790035587,0.294279427,0.295,0.646428571,0.646428571,0.699651607,-32750.09121,-0.164667956,0.765221695,0.745099439,0.758394593,5.162878036,118.6,0,61965.69416,0,258190.3923,22.30478111
7fe73118-87a3-4a1f-8c27-8246a48e7834,AdaBoostClassifier,PREPROCESSING,DIR,HYPERPARAMETER_SMOTE,0.655,0.707142857,0.635,0.707142857,0.533333333,0.779527559,140,0.345,0.257742782,1.935238095,0.220472441,0.230421687,2.59375,0.292857143,0.255319149,2.043478261,0.561643836,0.191558442,1.366459627,0.466666667,0.236363636,1.65,0.194901198,0.292857143,0.466666667,0.533333333,0.707142857,0.438356164,41,28,41,28,32,73,127,32,99,0.779527559,0.245841393,-0.009477756,0.105897135,0.005607102,0.005038854,0.639376749,0.204401313,0.342616971,0.62434157,-0.087721857,0.816064257,-0.255319149,0.255319149,-0.019431623,-0.120209974,0.274782237,0.533333333,0.707142857,-0.255319149,0.7,[0.721],60,-0.073490814,0.716330516,0.741573034,0.228901393,0.345,0.620238095,0.620238095,0.626116561,-27651.45043,-0.018955513,0.848454537,0.695603202,0.790549608,,,,,,,
7fe73118-87a3-4a1f-8c27-8246a48e7834,AdaBoostClassifier,PREPROCESSING,DIR,FAIR_PCA_SMOTE,0.68,0.735714286,0.65,0.735714286,0.55,0.792307692,140,0.32,0.206824147,1.795959596,0.207692308,0.136288998,1.912087912,0.264285714,0.287234043,2.35,0.528571429,0.125,1.25,0.45,0.006060606,1.015384615,0.175900277,0.264285714,0.45,0.55,0.735714286,0.471428571,37,27,37,27,33,70,130,33,103,0.792307692,0.146647324,-0.140586718,0.107145061,0.005740032,0.005307066,0.641625314,0.205841522,0.343688445,0.593127772,0.037441286,0.681226054,-0.287234043,0.287234043,-0.005644499,-0.218372703,0.248293019,0.55,0.735714286,-0.287234043,0.7,[0.725],60,-0.073490814,0.716330516,0.762962963,0.274505407,0.32,0.642857143,0.642857143,0.733234319,-27603.73989,-0.281173436,0.752743763,0.719096509,0.741183521,,,,,,,
7fe73118-87a3-4a1f-8c27-8246a48e7834,GradientBoostingClassifier,PREPROCESSING,DIR,FAIR_PCA_SMOTE,0.665,0.714285714,0.635,0.714285714,0.55,0.787401575,140,0.335,0.281364829,2.116666667,0.212598425,0.202380952,2.545454545,0.285714286,0.376595745,2.685714286,0.547945205,0.178294574,1.365079365,0.45,0.066666667,1.2,0.189181847,0.285714286,0.45,0.55,0.714285714,0.452054795,40,27,40,27,33,73,127,33,100,0.787401575,0.221631206,-0.154964539,0.137125912,0.009401758,0.008565182,0.64361031,0.207117116,0.344668017,0.615112749,0.485139158,0.604761905,-0.376595745,0.376595745,-0.012043189,-0.261417323,0.267368898,0.55,0.714285714,-0.376595745,0.7,[0.725],60,-0.073490814,0.716330516,0.74906367,0.251564897,0.335,0.632142857,0.632142857,0.730102584,-33071.2283,-0.309929078,0.690254298,0.704533114,0.694949157,6.32797575,117.6,0,57135.89152,0,238066.2146,20.56627577
7fe73118-87a3-4a1f-8c27-8246a48e7834,RandomForestClassifier,PREPROCESSING,DIR,FAIR_PCA_SMOTE,0.71,0.785714286,0.69,0.785714286,0.533333333,0.797101449,140,0.29,0.387401575,2.822222222,0.202898551,0.288786482,3.065934066,0.214285714,0.45106383,4.028571429,0.483870968,0.338235294,1.821428571,0.466666667,0.206060606,1.523076923,0.147893072,0.214285714,0.466666667,0.533333333,0.785714286,0.516129032,30,28,30,28,32,62,138,32,110,0.797101449,0.328562218,-0.122501612,0.067592527,0.002284375,0.002336888,0.643157268,0.206825635,0.344442122,0.543862248,-0.037782135,0.637275986,-0.45106383,0.45106383,0.024724406,-0.265616798,0.206091963,0.533333333,0.785714286,-0.45106383,0.7,[0.725],60,-0.073490814,0.716330516,0.791366906,0.31612567,0.29,0.65952381,0.65952381,0.740316539,-31945.9185,-0.245003224,0.678866528,0.748478605,0.700585801,,,,,,,
7fe73118-87a3-4a1f-8c27-8246a48e7834,CalibratedClassifierCV,PREPROCESSING,DIR,FAIR_PCA_SMOTE,0.72,0.792857143,0.69,0.792857143,0.55,0.804347826,140,0.28,0.320734908,2.508641975,0.195652174,0.243131868,2.84375,0.207142857,0.340425532,3.133333333,0.467741935,0.297619048,1.714285714,0.45,0.236363636,1.65,0.142791552,0.207142857,0.45,0.55,0.792857143,0.532258065,29,27,29,27,33,62,138,33,111,0.804347826,0.288394584,-0.052030948,0.089510119,0.004006031,0.00372249,0.640446232,0.205085688,0.343120415,0.53439976,-0.087721857,0.744322344,-0.340425532,0.340425532,0.02724359,-0.1832021,0.199090476,0.55,0.792857143,-0.340425532,0.7,[0.725],60,-0.073490814,0.716330516,0.798561151,0.339717138,0.28,0.671428571,0.671428571,0.706363636,-33042.22171,-0.104061896,0.778389906,0.757248437,0.771212793,6.249863386,128.7,0,57205.7504,0,238357.2933,20.59142173
7fe73118-87a3-4a1f-8c27-8246a48e7834,NuSVC,PREPROCESSING,DIR,FAIR_PCA_SMOTE,0.715,0.814285714,0.725,0.814285714,0.483333333,0.786206897,140,0.285,0.163779528,1.693333333,0.213793103,0.140425532,1.88,0.185714286,0.140425532,1.88,0.472727273,0.145454545,1.32,0.516666667,0.145454545,1.32,0.135336109,0.185714286,0.516666667,0.483333333,0.814285714,0.527272727,26,31,26,31,29,55,145,29,114,0.786206897,0.142940039,0.002514507,0.07326795,0.002684096,0.002485521,0.639101482,0.204225352,0.342490309,0.520261683,-0.397876785,0.90070922,-0.140425532,0.145454545,0.002514507,-0.073490814,0.184942144,0.483333333,0.814285714,-0.140425532,0.7,[0.725],60,-0.073490814,0.716330516,0.8,0.305446406,0.285,0.648809524,0.648809524,0.647178088,-34938.0841,0.005029014,0.918390971,0.755115512,0.856647848,,,,,,,
7fe73118-87a3-4a1f-8c27-8246a48e7834,LinearDiscriminantAnalysis,PREPROCESSING,DIR,FAIR_PCA_SMOTE,0.705,0.792857143,0.705,0.792857143,0.5,0.787234043,140,0.295,0.312860892,2.419047619,0.212765957,0.233695652,2.653846154,0.207142857,0.340425532,3.133333333,0.491525424,0.285714286,1.666666667,0.5,0.206060606,1.523076923,0.146023613,0.207142857,0.5,0.5,0.792857143,0.508474576,29,30,29,30,30,59,141,30,111,0.787234043,0.273243069,-0.067182463,0.104743553,0.005485606,0.005027999,0.640623668,0.205199342,0.343205133,0.54041394,0.24875038,0.736231884,-0.340425532,0.340425532,0.026009317,-0.191076115,0.201922065,0.5,0.792857143,-0.340425532,0.7,[0.725],60,-0.073490814,0.716330516,0.790035587,0.294279427,0.295,0.646428571,0.646428571,0.689857235,-38795.92141,-0.134364926,0.771809204,0.745099439,0.76269569,6.176691294,139.6,0,57273.41696,0,238639.2373,20.61577856
7fe73118-87a3-4a1f-8c27-8246a48e7834,CalibratedClassifierCV,PREPROCESSING,DIR,HYPERPARAMETER_FAIR_PCA_SMOTE,0.72,0.792857143,0.69,0.792857143,0.55,0.804347826,140,0.28,0.320734908,2.508641975,0.195652174,0.243131868,2.84375,0.207142857,0.340425532,3.133333333,0.467741935,0.297619048,1.714285714,0.45,0.236363636,1.65,0.142791552,0.207142857,0.45,0.55,0.792857143,0.532258065,29,27,29,27,33,62,138,33,111,0.804347826,0.288394584,-0.052030948,0.089510119,0.004006031,0.00372249,0.640446232,0.205085688,0.343120415,0.53439976,-0.087721857,0.744322344,-0.340425532,0.340425532,0.02724359,-0.1832021,0.199090476,0.55,0.792857143,-0.340425532,0.7,[0.725],60,-0.073490814,0.716330516,0.798561151,0.339717138,0.28,0.671428571,0.671428571,0.706363636,-33042.22171,-0.104061896,0.778389906,0.757248437,0.771212793,4.774320602,117.7,0,57118.62541,0,237994.2725,20.56006077
7fe73118-87a3-4a1f-8c27-8246a48e7834,AdaBoostClassifier,PREPROCESSING,DIR,HYPERPARAMETER_FAIR_PCA_SMOTE,0.65,0.7,0.63,0.7,0.533333333,0.777777778,140,0.35,0.241994751,1.830630631,0.222222222,0.218373494,2.394230769,0.3,0.244680851,1.958333333,0.567567568,0.168831169,1.30952381,0.466666667,0.206060606,1.523076923,0.199502833,0.3,0.466666667,0.533333333,0.7,0.432432432,42,28,42,28,32,74,126,32,98,0.777777778,0.225370729,-0.019310123,0.108216802,0.005855438,0.005256798,0.639376749,0.204401313,0.342616971,0.631668952,-0.087721857,0.816064257,-0.244680851,0.244680851,-0.024771163,-0.120209974,0.281260167,0.533333333,0.7,-0.244680851,0.7,[0.725],60,-0.073490814,0.716330516,0.736842105,0.221470199,0.35,0.616666667,0.616666667,0.628574576,-27652.35025,-0.038620245,0.850039703,0.690702087,0.789342098,,,,,,,
7fe73118-87a3-4a1f-8c27-8246a48e7834,AdaBoostClassifier,PREPROCESSING,DIR,DIR_ROS,0.66,0.657142857,0.56,0.657142857,0.666666667,0.821428571,140,0.34,0.159580052,1.51965812,0.178571429,0.173038229,2.535714286,0.342857143,0.170212766,1.516129032,0.545454545,0.071428571,1.129032258,0.333333333,0.157575758,1.65,0.216603569,0.342857143,0.333333333,0.666666667,0.657142857,0.454545455,48,20,48,20,40,88,112,40,92,0.821428571,0.163894262,-0.006318504,0.118958023,0.007075506,0.006371624,0.63915719,0.204260957,0.342515744,0.65818473,-0.213873142,0.834741784,-0.170212766,0.170212766,-0.050804829,-0.092388451,0.312019908,0.666666667,0.657142857,-0.170212766,0.7,[0.721],60,-0.073490814,0.716330516,0.73015873,0.298936478,0.34,0.661904762,0.661904762,0.66608701,-27688.23301,-0.012637008,0.886671209,0.693308975,0.811252415,,,,,,,
7fe73118-87a3-4a1f-8c27-8246a48e7834,GradientBoostingClassifier,PREPROCESSING,DIR,DIR_ROS,0.68,0.657142857,0.54,0.657142857,0.733333333,0.851851852,140,0.32,0.191076115,1.693333333,0.148148148,0.201207243,3.380952381,0.342857143,0.191489362,1.620689655,0.52173913,0.107142857,1.206896552,0.266666667,0.218181818,2.2,0.20861678,0.342857143,0.266666667,0.733333333,0.657142857,0.47826087,48,16,48,16,44,92,108,44,92,0.851851852,0.20483559,0.013346228,0.075815965,0.00287403,0.002663417,0.63915719,0.204260957,0.342515744,0.645936189,-0.531063449,0.834741784,-0.191489362,0.218181818,-0.047032193,-0.092388451,0.306381422,0.733333333,0.657142857,-0.191489362,0.7,[0.721],60,-0.073490814,0.716330516,0.741935484,0.359028074,0.32,0.695238095,0.695238095,0.685959289,-34769.92404,0.026692456,0.879094398,0.709618875,0.814271312,6.341360092,117.3,0,57379.1345,0,239079.7271,20.65383198
7fe73118-87a3-4a1f-8c27-8246a48e7834,RandomForestClassifier,PREPROCESSING,DIR,DIR_ROS,0.71,0.785714286,0.69,0.785714286,0.533333333,0.797101449,140,0.29,0.081364829,1.322916667,0.202898551,0.125,1.846153846,0.214285714,-0.00212766,0.989473684,0.483870968,0.012820513,1.026315789,0.466666667,0.206060606,1.523076923,0.147893072,0.214285714,0.466666667,0.533333333,0.785714286,0.516129032,30,28,30,28,32,62,138,32,110,0.797101449,0.104094133,0.104094133,0.089868417,0.004038166,0.003728705,0.640551031,0.205152812,0.343129396,0.543862248,-0.35531717,1.058333333,0.00212766,0.206060606,-0.056089744,0.040419948,0.206091963,0.533333333,0.785714286,0.00212766,0.7,[0.721],60,-0.073490814,0.716330516,0.791366906,0.31612567,0.29,0.65952381,0.65952381,0.59087125,-31690.18043,0.203932946,0.974344221,0.748478605,0.885293628,,,,,,,
7fe73118-87a3-4a1f-8c27-8246a48e7834,CalibratedClassifierCV,PREPROCESSING,DIR,DIR_ROS,0.655,0.628571429,0.525,0.628571429,0.716666667,0.838095238,140,0.345,0.167454068,1.559649123,0.161904762,0.185714286,2.857142857,0.371428571,0.170212766,1.516129032,0.547368421,0.081140351,1.149193548,0.283333333,0.187878788,1.885714286,0.230945822,0.371428571,0.283333333,0.716666667,0.628571429,0.452631579,52,17,52,17,43,95,105,43,88,0.838095238,0.179045777,0.008833011,0.056377013,0.001589184,0.001496401,0.63912077,0.204237679,0.342499093,0.679626106,-0.540239509,0.846666667,-0.170212766,0.187878788,-0.052286967,-0.084514436,0.335202221,0.716666667,0.628571429,-0.170212766,0.7,[0.721],60,-0.073490814,0.716330516,0.718367347,0.316812204,0.345,0.672619048,0.672619048,0.666677796,-34490.5073,0.017666022,0.891373084,0.685221785,0.810129665,6.286515713,128.7,0,57451.15706,0,239379.8211,20.67975677
7fe73118-87a3-4a1f-8c27-8246a48e7834,NuSVC,PREPROCESSING,DIR,DIR_ROS,0.66,0.692857143,0.61,0.692857143,0.583333333,0.795081967,140,0.34,0.092913386,1.302564103,0.204918033,0.157142857,2.1,0.307142857,0.00212766,1.007142857,0.551282051,0.04,1.071428571,0.416666667,0.266666667,1.8,0.200398503,0.307142857,0.416666667,0.583333333,0.692857143,0.448717949,43,25,43,25,35,78,122,35,97,0.795081967,0.134397163,0.132269504,0.083808154,0.003511903,0.003327563,0.641504138,0.20576378,0.343541715,0.633085306,-0.55936055,1.0995671,-0.00212766,0.266666667,-0.058571429,0.060367454,0.284735729,0.583333333,0.692857143,-0.00212766,0.7,[0.721],60,-0.073490814,0.716330516,0.740458015,0.259490298,0.34,0.638095238,0.638095238,0.553694698,-34476.78065,0.264539007,0.968931602,0.697917802,0.857887338,,,,,,,
7fe73118-87a3-4a1f-8c27-8246a48e7834,LinearDiscriminantAnalysis,PREPROCESSING,DIR,DIR_ROS,0.645,0.621428571,0.525,0.621428571,0.7,0.828571429,140,0.355,0.151706037,1.481666667,0.171428571,0.171428571,2.5,0.378571429,0.159574468,1.46875,0.557894737,0.063596491,1.11328125,0.3,0.157575758,1.65,0.238292011,0.378571429,0.3,0.7,0.621428571,0.442105263,53,18,53,18,42,95,105,42,87,0.828571429,0.158575113,-0.000999355,0.056377013,0.001589184,0.001496401,0.63912077,0.204237679,0.342499093,0.690350652,-0.540239509,0.846666667,-0.159574468,0.159574468,-0.05391604,-0.084514436,0.343604005,0.7,0.621428571,-0.159574468,0.7,[0.721],60,-0.073490814,0.716330516,0.710204082,0.294963086,0.355,0.660714286,0.660714286,0.661374574,-38388.86668,-0.001998711,0.895998608,0.676033431,0.808328345,6.169816732,139.8,0,57520.03369,0,239666.807,20.70454916
7fe73118-87a3-4a1f-8c27-8246a48e7834,CalibratedClassifierCV,PREPROCESSING,DIR,HYPERPARAMETER_ROS,0.655,0.628571429,0.525,0.628571429,0.716666667,0.838095238,140,0.345,0.167454068,1.559649123,0.161904762,0.185714286,2.857142857,0.371428571,0.170212766,1.516129032,0.547368421,0.081140351,1.149193548,0.283333333,0.187878788,1.885714286,0.230945822,0.371428571,0.283333333,0.716666667,0.628571429,0.452631579,52,17,52,17,43,95,105,43,88,0.838095238,0.179045777,0.008833011,0.056377013,0.001589184,0.001496401,0.63912077,0.204237679,0.342499093,0.679626106,-0.540239509,0.846666667,-0.170212766,0.187878788,-0.052286967,-0.084514436,0.335202221,0.716666667,0.628571429,-0.170212766,0.7,[0.721],60,-0.073490814,0.716330516,0.718367347,0.316812204,0.345,0.672619048,0.672619048,0.666677796,-34490.5073,0.017666022,0.891373084,0.685221785,0.810129665,4.788120747,117.5,0,57362.84103,0,239011.8376,20.64796708
7fe73118-87a3-4a1f-8c27-8246a48e7834,AdaBoostClassifier,PREPROCESSING,DIR,HYPERPARAMETER_ROS,0.66,0.664285714,0.57,0.664285714,0.65,0.815789474,140,0.34,0.167454068,1.559649123,0.184210526,0.174603175,2.571428571,0.335714286,0.180851064,1.566666667,0.546511628,0.079545455,1.145833333,0.35,0.157575758,1.65,0.213436385,0.335714286,0.35,0.65,0.664285714,0.453488372,47,21,47,21,39,86,114,39,93,0.815789474,0.169213411,-0.011637653,0.11718747,0.006866452,0.006239036,0.639211377,0.204295592,0.342540612,0.653355011,-0.213873142,0.823148148,-0.180851064,0.180851064,-0.04752886,-0.100262467,0.306573456,0.65,0.664285714,-0.180851064,0.7,[0.721],60,-0.073490814,0.716330516,0.732283465,0.290912667,0.34,0.657142857,0.657142857,0.664790458,-27702.7353,-0.023275306,0.877416707,0.694265355,0.806497119,,,,,,,
7fe73118-87a3-4a1f-8c27-8246a48e7834,AdaBoostClassifier,PREPROCESSING,DIR,FAIR_PCA_ROS,0.66,0.657142857,0.56,0.657142857,0.666666667,0.821428571,140,0.34,0.159580052,1.51965812,0.178571429,0.173038229,2.535714286,0.342857143,0.170212766,1.516129032,0.545454545,0.071428571,1.129032258,0.333333333,0.157575758,1.65,0.216603569,0.342857143,0.333333333,0.666666667,0.657142857,0.454545455,48,20,48,20,40,88,112,40,92,0.821428571,0.163894262,-0.006318504,0.118958023,0.007075506,0.006371624,0.63915719,0.204260957,0.342515744,0.65818473,-0.213873142,0.834741784,-0.170212766,0.170212766,-0.050804829,-0.092388451,0.312019908,0.666666667,0.657142857,-0.170212766,0.7,[0.725],60,-0.073490814,0.716330516,0.73015873,0.298936478,0.34,0.661904762,0.661904762,0.66608701,-27688.23301,-0.012637008,0.886671209,0.693308975,0.811252415,,,,,,,
7fe73118-87a3-4a1f-8c27-8246a48e7834,GradientBoostingClassifier,PREPROCESSING,DIR,FAIR_PCA_ROS,0.68,0.671428571,0.56,0.671428571,0.7,0.839285714,140,0.32,0.100787402,1.336842105,0.160714286,0.045045045,1.37037037,0.328571429,0.191489362,1.620689655,0.522727273,0.008385744,1.01532567,0.3,-0.072727273,0.733333333,0.203082747,0.328571429,0.3,0.7,0.671428571,0.477272727,46,18,46,18,42,88,112,42,94,0.839285714,0.132108317,-0.132108317,0.079238517,0.003139371,0.003027268,0.640896216,0.20537398,0.343335817,0.637311144,-0.356775109,0.686486486,-0.191489362,0.191489362,-0.01832965,-0.182677165,0.295900207,0.7,0.671428571,-0.191489362,0.7,[0.725],60,-0.073490814,0.716330516,0.746031746,0.342897725,0.32,0.685714286,0.685714286,0.776302846,-34461.93729,-0.118762089,0.789069917,0.711487088,0.761394937,6.350071669,117.6,0,59389.17217,0,247454.884,21.37735248
7fe73118-87a3-4a1f-8c27-8246a48e7834,RandomForestClassifier,PREPROCESSING,DIR,FAIR_PCA_ROS,0.71,0.785714286,0.69,0.785714286,0.533333333,0.797101449,140,0.29,0.097112861,1.411111111,0.202898551,0.128282828,1.888111888,0.214285714,0.019148936,1.105882353,0.483870968,0.040540541,1.088235294,0.466666667,0.206060606,1.523076923,0.147893072,0.214285714,0.466666667,0.533333333,0.785714286,0.516129032,30,28,30,28,32,62,138,32,110,0.797101449,0.112604771,0.093455835,0.069757239,0.002433036,0.002290882,0.640147514,0.20489442,0.342953364,0.543862248,-0.414259706,1.034814815,-0.019148936,0.206060606,-0.043871144,0.024671916,0.206091963,0.533333333,0.785714286,-0.019148936,0.7,[0.725],60,-0.073490814,0.716330516,0.791366906,0.31612567,0.29,0.65952381,0.65952381,0.597887461,-31727.00814,0.18691167,0.972227002,0.748478605,0.884127364,,,,,,,
7fe73118-87a3-4a1f-8c27-8246a48e7834,CalibratedClassifierCV,PREPROCESSING,DIR,FAIR_PCA_ROS,0.65,0.635714286,0.54,0.635714286,0.683333333,0.824074074,140,0.35,0.151706037,1.481666667,0.175925926,0.160714286,2.285714286,0.364285714,0.170212766,1.516129032,0.554347826,0.061363636,1.108870968,0.316666667,0.127272727,1.466666667,0.229875283,0.364285714,0.316666667,0.683333333,0.635714286,0.445652174,51,19,51,19,41,92,108,41,89,0.824074074,0.148742747,-0.021470019,0.05188568,0.001346062,0.001279396,0.639211377,0.204295592,0.342540612,0.678049089,-0.504837582,0.823148148,-0.170212766,0.170212766,-0.049675325,-0.100262467,0.331136678,0.683333333,0.635714286,-0.170212766,0.7,[0.725],60,-0.073490814,0.716330516,0.717741935,0.293352207,0.35,0.65952381,0.65952381,0.673683798,-34582.89401,-0.042940039,0.878473573,0.682193396,0.801595426,6.269738436,128.7,0,59459.28668,0,247747.0278,21.40259046
7fe73118-87a3-4a1f-8c27-8246a48e7834,NuSVC,PREPROCESSING,DIR,FAIR_PCA_ROS,0.665,0.7,0.615,0.7,0.583333333,0.796747967,140,0.335,0.108661417,1.372972973,0.203252033,0.160759494,2.154545455,0.3,0.023404255,1.084615385,0.545454545,0.058333333,1.107692308,0.416666667,0.266666667,1.8,0.195750844,0.3,0.416666667,0.583333333,0.7,0.454545455,42,25,42,25,35,77,123,35,98,0.796747967,0.145035461,0.121631206,0.076888233,0.0029559,0.002780532,0.640914445,0.205385663,0.34328713,0.625700957,-0.506716817,1.071729958,-0.023404255,0.266666667,-0.05121308,0.044619423,0.278215689,0.583333333,0.7,-0.023404255,0.7,[0.725],60,-0.073490814,0.716330516,0.745247148,0.266832912,0.335,0.641666667,0.641666667,0.563619976,-34975.48406,0.243262411,0.965667324,0.702840427,0.858638188,,,,,,,
7fe73118-87a3-4a1f-8c27-8246a48e7834,LinearDiscriminantAnalysis,PREPROCESSING,DIR,FAIR_PCA_ROS,0.645,0.621428571,0.525,0.621428571,0.7,0.828571429,140,0.355,0.151706037,1.481666667,0.171428571,0.171428571,2.5,0.378571429,0.159574468,1.46875,0.557894737,0.063596491,1.11328125,0.3,0.157575758,1.65,0.238292011,0.378571429,0.3,0.7,0.621428571,0.442105263,53,18,53,18,42,95,105,42,87,0.828571429,0.158575113,-0.000999355,0.056377013,0.001589184,0.001496401,0.63912077,0.204237679,0.342499093,0.690350652,-0.540239509,0.846666667,-0.159574468,0.159574468,-0.05391604,-0.084514436,0.343604005,0.7,0.621428571,-0.159574468,0.7,[0.725],60,-0.073490814,0.716330516,0.710204082,0.294963086,0.355,0.660714286,0.660714286,0.661374574,-38403.52287,-0.001998711,0.895998608,0.676033431,0.808328345,6.17658639,139.8,0,59528.36705,0,248034.8627,21.42745619
7fe73118-87a3-4a1f-8c27-8246a48e7834,CalibratedClassifierCV,PREPROCESSING,DIR,HYPERPARAMETER_FAIR_PCA_ROS,0.65,0.635714286,0.54,0.635714286,0.683333333,0.824074074,140,0.35,0.151706037,1.481666667,0.175925926,0.160714286,2.285714286,0.364285714,0.170212766,1.516129032,0.554347826,0.061363636,1.108870968,0.316666667,0.127272727,1.466666667,0.229875283,0.364285714,0.316666667,0.683333333,0.635714286,0.445652174,51,19,51,19,41,92,108,41,89,0.824074074,0.148742747,-0.021470019,0.05188568,0.001346062,0.001279396,0.639211377,0.204295592,0.342540612,0.678049089,-0.504837582,0.823148148,-0.170212766,0.170212766,-0.049675325,-0.100262467,0.331136678,0.683333333,0.635714286,-0.170212766,0.7,[0.725],60,-0.073490814,0.716330516,0.717741935,0.293352207,0.35,0.65952381,0.65952381,0.673683798,-34582.89401,-0.042940039,0.878473573,0.682193396,0.801595426,4.773787022,117.7,0,59372.38559,0,247384.9399,21.37131009
7fe73118-87a3-4a1f-8c27-8246a48e7834,AdaBoostClassifier,PREPROCESSING,DIR,HYPERPARAMETER_FAIR_PCA_ROS,0.66,0.657142857,0.56,0.657142857,0.666666667,0.821428571,140,0.34,0.167454068,1.559649123,0.178571429,0.185714286,2.857142857,0.342857143,0.170212766,1.516129032,0.545454545,0.081140351,1.149193548,0.333333333,0.187878788,1.885714286,0.216603569,0.342857143,0.333333333,0.666666667,0.657142857,0.454545455,48,20,48,20,40,88,112,40,92,0.821428571,0.179045777,0.008833011,0.123696457,0.007650407,0.006948563,0.63912077,0.204237679,0.342499093,0.65818473,-0.213873142,0.846666667,-0.170212766,0.187878788,-0.052286967,-0.084514436,0.312019908,0.666666667,0.657142857,-0.170212766,0.7,[0.725],60,-0.073490814,0.716330516,0.73015873,0.298936478,0.34,0.661904762,0.661904762,0.65605815,-27703.50995,0.017666022,0.891373084,0.693308975,0.813871016,,,,,,,
7fe73118-87a3-4a1f-8c27-8246a48e7834,AdaBoostClassifier,PREPROCESSING,DIR,DIR_RUS,0.645,0.635714286,0.545,0.635714286,0.666666667,0.816513761,140,0.355,0.151706037,1.481666667,0.183486239,0.171428571,2.5,0.364285714,0.159574468,1.46875,0.56043956,0.063596491,1.11328125,0.333333333,0.157575758,1.65,0.231767095,0.364285714,0.333333333,0.666666667,0.635714286,0.43956044,51,20,51,20,40,91,109,40,89,0.816513761,0.158575113,-0.000999355,0.100352147,0.005035277,0.004594232,0.63912077,0.204237679,0.342499093,0.680833452,-0.414543837,0.846666667,-0.159574468,0.159574468,-0.05391604,-0.084514436,0.332477156,0.666666667,0.635714286,-0.159574468,0.7,[0.721],60,-0.073490814,0.716330516,0.714859438,0.278265989,0.355,0.651190476,0.651190476,0.651841247,-27715.91184,-0.001998711,0.895998608,0.67813529,0.809328138,,,,,,,
7fe73118-87a3-4a1f-8c27-8246a48e7834,GradientBoostingClassifier,PREPROCESSING,DIR,DIR_RUS,0.6,0.55,0.47,0.55,0.716666667,0.819148936,140,0.4,0.120209974,1.346969697,0.180851064,0.078787879,1.65,0.45,0.217021277,1.566666667,0.594339623,0.009836066,1.016666667,0.283333333,-0.042424242,0.825,0.29271378,0.45,0.283333333,0.716666667,0.55,0.405660377,63,17,63,17,43,106,94,43,77,0.819148936,0.12972276,-0.12972276,0.119465472,0.007136,0.006639247,0.641347991,0.205663623,0.343553819,0.76513238,-0.272644195,0.641414141,-0.217021277,0.217021277,-0.034475907,-0.186351706,0.414397259,0.716666667,0.55,-0.217021277,0.7,[0.721],60,-0.073490814,0.716330516,0.658119658,0.244845156,0.4,0.633333333,0.633333333,0.715491081,-36735.55409,-0.174597034,0.767118183,0.627717391,0.714245955,6.285453081,117.6,0,60084.51687,0,250352.1536,21.62764438
7fe73118-87a3-4a1f-8c27-8246a48e7834,RandomForestClassifier,PREPROCESSING,DIR,DIR_RUS,0.65,0.564285714,0.44,0.564285714,0.85,0.897727273,140,0.35,0.218372703,1.693333333,0.102272727,0.283333333,6.666666667,0.435714286,0.206382979,1.524324324,0.544642857,0.114427861,1.207207207,0.15,0.309090909,4.4,0.257852447,0.435714286,0.15,0.85,0.564285714,0.455357143,61,9,61,9,51,112,88,51,79,0.897727273,0.257736944,0.051353965,0.066306303,0.002198263,0.002054325,0.639101696,0.204225489,0.342490406,0.71812596,-0.499276899,0.846666667,-0.206382979,0.309090909,-0.084452736,-0.072440945,0.385406777,0.85,0.564285714,-0.206382979,0.7,[0.721],60,-0.073490814,0.716330516,0.692982456,0.382462847,0.35,0.707142857,0.707142857,0.670828267,-33118.27447,0.10270793,0.874625035,0.670803396,0.794187824,,,,,,,
7fe73118-87a3-4a1f-8c27-8246a48e7834,CalibratedClassifierCV,PREPROCESSING,DIR,DIR_RUS,0.685,0.65,0.525,0.65,0.766666667,0.866666667,140,0.315,0.34015748,2.309090909,0.133333333,0.358148893,6.085714286,0.35,0.30212766,2.014285714,0.515789474,0.25,1.5,0.233333333,0.448484848,3.96,0.208907254,0.35,0.233333333,0.766666667,0.65,0.484210526,49,14,49,14,46,95,105,46,91,0.866666667,0.375306254,0.073178594,0.056876412,0.001617463,0.001525263,0.63915719,0.204260957,0.342515744,0.646385728,-0.522695199,0.834741784,-0.30212766,0.448484848,-0.054074447,-0.092388451,0.309996869,0.766666667,0.65,-0.30212766,0.7,[0.721],60,-0.073490814,0.716330516,0.742857143,0.382359556,0.315,0.708333333,0.708333333,0.656498496,-33370.0468,0.146357189,0.831315393,0.712756378,0.787643511,6.240079165,128.6,0,60153.67337,0,250640.3057,21.65253752
7fe73118-87a3-4a1f-8c27-8246a48e7834,NuSVC,PREPROCESSING,DIR,DIR_RUS,0.65,0.628571429,0.53,0.628571429,0.7,0.830188679,140,0.35,0.167454068,1.559649123,0.169811321,0.185714286,2.857142857,0.371428571,0.170212766,1.516129032,0.553191489,0.081140351,1.149193548,0.3,0.187878788,1.885714286,0.233052693,0.371428571,0.3,0.7,0.628571429,0.446808511,52,18,52,18,42,94,106,42,88,0.830188679,0.179045777,0.008833011,0.154176651,0.01188522,0.010295327,0.63912077,0.204237679,0.342499093,0.682719112,0.118467182,0.846666667,-0.170212766,0.187878788,-0.052286967,-0.084514436,0.336650653,0.7,0.628571429,-0.170212766,0.7,[0.721],60,-0.073490814,0.716330516,0.715447154,0.30168421,0.35,0.664285714,0.664285714,0.658418071,-30889.91338,0.017666022,0.891373084,0.681155106,0.808228018,,,,,,,
7fe73118-87a3-4a1f-8c27-8246a48e7834,LinearDiscriminantAnalysis,PREPROCESSING,DIR,DIR_RUS,0.67,0.65,0.54,0.65,0.716666667,0.842592593,140,0.33,0.332283465,2.241176471,0.157407407,0.345238095,5.142857143,0.35,0.30212766,2.014285714,0.532608696,0.240909091,1.473214286,0.283333333,0.418181818,3.3,0.215702948,0.35,0.283333333,0.716666667,0.65,0.467391304,49,17,49,17,43,92,108,43,91,0.842592593,0.360154739,0.058027079,0.074828267,0.002799635,0.002588103,0.639211377,0.204295592,0.342540612,0.656814963,-0.513205832,0.823148148,-0.30212766,0.418181818,-0.052164502,-0.100262467,0.314633174,0.716666667,0.65,-0.30212766,0.7,[0.721],60,-0.073490814,0.716330516,0.733870968,0.337136118,0.33,0.683333333,0.683333333,0.643681496,-41170.12817,0.116054159,0.829735762,0.700482537,0.781658485,6.181971788,139.7,0,60222.64026,0,250927.6677,21.67736241
7fe73118-87a3-4a1f-8c27-8246a48e7834,CalibratedClassifierCV,PREPROCESSING,DIR,HYPERPARAMETER_RUS,0.685,0.65,0.525,0.65,0.766666667,0.866666667,140,0.315,0.34015748,2.309090909,0.133333333,0.358148893,6.085714286,0.35,0.30212766,2.014285714,0.515789474,0.25,1.5,0.233333333,0.448484848,3.96,0.208907254,0.35,0.233333333,0.766666667,0.65,0.484210526,49,14,49,14,46,95,105,46,91,0.866666667,0.375306254,0.073178594,0.056876412,0.001617463,0.001525263,0.63915719,0.204260957,0.342515744,0.646385728,-0.522695199,0.834741784,-0.30212766,0.448484848,-0.054074447,-0.092388451,0.309996869,0.766666667,0.65,-0.30212766,0.7,[0.721],60,-0.073490814,0.716330516,0.742857143,0.382359556,0.315,0.708333333,0.708333333,0.656498496,-33370.0468,0.146357189,0.831315393,0.712756378,0.787643511,4.687311172,117.9,0,60068.45982,0,250285.2493,21.62186459
7fe73118-87a3-4a1f-8c27-8246a48e7834,AdaBoostClassifier,PREPROCESSING,DIR,HYPERPARAMETER_RUS,0.645,0.642857143,0.555,0.642857143,0.65,0.810810811,140,0.355,0.151706037,1.481666667,0.189189189,0.150579151,2.114285714,0.357142857,0.180851064,1.566666667,0.561797753,0.058962264,1.104166667,0.35,0.096969697,1.32,0.22842926,0.357142857,0.35,0.65,0.642857143,0.438202247,50,21,50,21,39,89,111,39,90,0.810810811,0.13891038,-0.041940683,0.093366775,0.004358677,0.00396906,0.639369418,0.204396627,0.342613574,0.675913101,-0.414543837,0.800900901,-0.180851064,0.180851064,-0.045808443,-0.116010499,0.326900486,0.65,0.642857143,-0.180851064,0.7,[0.721],60,-0.073490814,0.716330516,0.717131474,0.27004676,0.355,0.646428571,0.646428571,0.673540228,-27713.09823,-0.083881367,0.861255041,0.679155881,0.790595388,,,,,,,
7fe73118-87a3-4a1f-8c27-8246a48e7834,AdaBoostClassifier,PREPROCESSING,DIR,FAIR_PCA_RUS,0.625,0.607142857,0.525,0.607142857,0.666666667,0.80952381,140,0.375,0.120209974,1.346969697,0.19047619,0.153361345,2.158730159,0.392857143,0.127659574,1.342857143,0.578947368,0.031779661,1.053571429,0.333333333,0.127272727,1.466666667,0.252984389,0.392857143,0.333333333,0.666666667,0.607142857,0.421052632,55,20,55,20,40,95,105,40,85,0.80952381,0.127466151,-0.000193424,0.105939296,0.005611567,0.005041694,0.639105151,0.204227697,0.342491971,0.711314824,-0.414543837,0.871568627,-0.127659574,0.127659574,-0.060790842,-0.068766404,0.360407573,0.666666667,0.607142857,-0.127659574,0.7,[0.725],60,-0.073490814,0.716330516,0.693877551,0.251264851,0.375,0.636904762,0.636904762,0.637027954,-27712.54962,-0.000386847,0.915806283,0.657640232,0.809835463,,,,,,,
7fe73118-87a3-4a1f-8c27-8246a48e7834,GradientBoostingClassifier,PREPROCESSING,DIR,FAIR_PCA_RUS,0.595,0.557142857,0.485,0.557142857,0.683333333,0.804123711,140,0.405,0.163254593,1.441134752,0.195876289,0.100746269,1.675,0.442857143,0.306382979,1.778378378,0.601941748,0.01969697,1.031941032,0.316666667,-0.103030303,0.66,0.291107144,0.442857143,0.316666667,0.683333333,0.557142857,0.398058252,62,19,62,19,41,103,97,41,78,0.804123711,0.204706641,-0.204706641,0.139629974,0.009748265,0.009028755,0.645276486,0.208190872,0.345509662,0.763029677,0.053189643,0.505472637,-0.306382979,0.306382979,-0.040524649,-0.260892388,0.409839669,0.683333333,0.557142857,-0.306382979,0.7,[0.725],60,-0.073490814,0.716330516,0.658227848,0.220499316,0.405,0.620238095,0.620238095,0.747204952,-37387.38531,-0.203352676,0.663300983,0.625018938,0.650029671,6.280505657,117.4,0,60316.16436,0,251317.3515,21.71102675
7fe73118-87a3-4a1f-8c27-8246a48e7834,RandomForestClassifier,PREPROCESSING,DIR,FAIR_PCA_RUS,0.665,0.585714286,0.455,0.585714286,0.85,0.901098901,140,0.335,0.308661417,2.059459459,0.098901099,0.325373134,5.36,0.414285714,0.359574468,2.05625,0.532110092,0.166666667,1.3125,0.15,0.248484848,2.64,0.241195562,0.414285714,0.15,0.85,0.585714286,0.467889908,58,9,58,9,51,109,91,51,82,0.901098901,0.304029658,-0.05554481,0.062804883,0.001972227,0.002011585,0.641625314,0.205841522,0.343688445,0.694543824,0.030061179,0.631840796,-0.359574468,0.359574468,-0.079353234,-0.194225722,0.363664346,0.85,0.585714286,-0.359574468,0.7,[0.725],60,-0.073490814,0.716330516,0.70995671,0.400965953,0.335,0.717857143,0.717857143,0.757730381,-35027.16638,-0.11108962,0.734754831,0.686743384,0.718022099,,,,,,,
7fe73118-87a3-4a1f-8c27-8246a48e7834,CalibratedClassifierCV,PREPROCESSING,DIR,FAIR_PCA_RUS,0.67,0.628571429,0.51,0.628571429,0.766666667,0.862745098,140,0.33,0.316535433,2.116666667,0.137254902,0.355042017,5.828571429,0.371428571,0.270212766,1.819354839,0.530612245,0.224576271,1.427419355,0.233333333,0.448484848,3.96,0.223975004,0.371428571,0.233333333,0.766666667,0.628571429,0.469387755,52,14,52,14,46,98,102,46,88,0.862745098,0.359348807,0.089136041,0.061903126,0.001915998,0.001791315,0.639105151,0.204227697,0.342491971,0.669290675,-0.574271882,0.871568627,-0.270212766,0.448484848,-0.065232873,-0.068766404,0.330524248,0.766666667,0.628571429,-0.270212766,0.7,[0.725],60,-0.073490814,0.716330516,0.727272727,0.362314168,0.33,0.697619048,0.697619048,0.635436047,-33447.60455,0.178272083,0.853001745,0.697462589,0.793980622,6.249876022,128.6,0,60386.51297,0,251610.4707,21.736349
7fe73118-87a3-4a1f-8c27-8246a48e7834,NuSVC,PREPROCESSING,DIR,FAIR_PCA_RUS,0.635,0.621428571,0.535,0.621428571,0.666666667,0.813084112,140,0.365,0.151706037,1.481666667,0.186915888,0.160714286,2.285714286,0.378571429,0.170212766,1.516129032,0.569892473,0.061363636,1.108870968,0.333333333,0.127272727,1.466666667,0.242228119,0.378571429,0.333333333,0.666666667,0.621428571,0.430107527,53,20,53,20,40,93,107,40,87,0.813084112,0.148742747,-0.021470019,0.156074897,0.012179687,0.010705861,0.639211377,0.204295592,0.342540612,0.696028905,0.155508453,0.823148148,-0.170212766,0.170212766,-0.049675325,-0.100262467,0.346346831,0.666666667,0.621428571,-0.170212766,0.7,[0.725],60,-0.073490814,0.716330516,0.704453441,0.264692941,0.365,0.644047619,0.644047619,0.657875334,-31068.80002,-0.042940039,0.878473573,0.667926068,0.79494457,,,,,,,
7fe73118-87a3-4a1f-8c27-8246a48e7834,LinearDiscriminantAnalysis,PREPROCESSING,DIR,FAIR_PCA_RUS,0.665,0.642857143,0.535,0.642857143,0.716666667,0.841121495,140,0.335,0.324409449,2.177142857,0.158878505,0.344064386,5.071428571,0.357142857,0.291489362,1.944827586,0.537634409,0.232142857,1.448275862,0.283333333,0.418181818,3.3,0.22071426,0.357142857,0.283333333,0.716666667,0.642857143,0.462365591,50,17,50,17,43,93,107,43,90,0.841121495,0.35483559,0.063346228,0.076660722,0.002938433,0.002709399,0.63915719,0.204260957,0.342515744,0.664400873,-0.531063449,0.834741784,-0.291489362,0.418181818,-0.055960765,-0.092388451,0.321443339,0.716666667,0.642857143,-0.291489362,0.7,[0.725],60,-0.073490814,0.716330516,0.728744939,0.33031929,0.335,0.679761905,0.679761905,0.636701552,-41256.48577,0.126692456,0.837028471,0.695414736,0.783822777,6.214198589,139.8,0,60456.64336,0,251902.6807,21.76159269
7fe73118-87a3-4a1f-8c27-8246a48e7834,CalibratedClassifierCV,PREPROCESSING,DIR,HYPERPARAMETER_FAIR_PCA_RUS,0.67,0.628571429,0.51,0.628571429,0.766666667,0.862745098,140,0.33,0.316535433,2.116666667,0.137254902,0.355042017,5.828571429,0.371428571,0.270212766,1.819354839,0.530612245,0.224576271,1.427419355,0.233333333,0.448484848,3.96,0.223975004,0.371428571,0.233333333,0.766666667,0.628571429,0.469387755,52,14,52,14,46,98,102,46,88,0.862745098,0.359348807,0.089136041,0.061903126,0.001915998,0.001791315,0.639105151,0.204227697,0.342491971,0.669290675,-0.574271882,0.871568627,-0.270212766,0.448484848,-0.065232873,-0.068766404,0.330524248,0.766666667,0.628571429,-0.270212766,0.7,[0.725],60,-0.073490814,0.716330516,0.727272727,0.362314168,0.33,0.697619048,0.697619048,0.635436047,-33447.60455,0.178272083,0.853001745,0.697462589,0.793980622,4.69474864,117.8,0,60300.66204,0,251252.7585,21.70544664
7fe73118-87a3-4a1f-8c27-8246a48e7834,AdaBoostClassifier,PREPROCESSING,DIR,HYPERPARAMETER_FAIR_PCA_RUS,0.635,0.628571429,0.545,0.628571429,0.65,0.80733945,140,0.365,0.135958005,1.411111111,0.19266055,0.146825397,2.057142857,0.371428571,0.159574468,1.46875,0.571428571,0.043181818,1.07421875,0.35,0.096969697,1.32,0.238769651,0.371428571,0.35,0.65,0.628571429,0.428571429,52,21,52,21,39,91,109,39,88,0.80733945,0.128272083,-0.031302386,0.096721154,0.004677491,0.004231867,0.639211377,0.204295592,0.342540612,0.691042185,-0.414543837,0.823148148,-0.159574468,0.159574468,-0.051821789,-0.100262467,0.340680081,0.65,0.628571429,-0.159574468,0.7,[0.725],60,-0.073490814,0.716330516,0.706827309,0.256355281,0.365,0.639285714,0.639285714,0.659296882,-27712.69022,-0.062604771,0.879416462,0.668991216,0.795962183,,,,,,,
7fe73118-87a3-4a1f-8c27-8246a48e7834,AdaBoostClassifier,PREPROCESSING,DIR,DIR_FOS,0.68,0.757142857,0.68,0.757142857,0.5,0.779411765,140,0.32,0.116535433,1.411111111,0.220588235,0.087209302,1.535714286,0.242857143,0.165957447,1.709090909,0.53125,0.034843206,1.064935065,0.5,-0.024242424,0.942857143,0.166389005,0.242857143,0.5,0.5,0.757142857,0.46875,34,30,34,30,30,64,136,30,106,0.779411765,0.095099936,-0.095099936,0.102302262,0.005232876,0.004903776,0.63969729,0.204606311,0.342766364,0.576869144,-0.087721857,0.787596899,-0.165957447,0.165957447,-0.026183048,-0.143832021,0.23239062,0.5,0.757142857,-0.165957447,0.7,[0.721],60,-0.073490814,0.716330516,0.768115942,0.252612401,0.32,0.628571429,0.628571429,0.688348531,-27579.61692,-0.141715023,0.843569676,0.721377102,0.798485097,,,,,,,
7fe73118-87a3-4a1f-8c27-8246a48e7834,GradientBoostingClassifier,PREPROCESSING,DIR,DIR_FOS,0.7,0.792857143,0.71,0.792857143,0.483333333,0.781690141,140,0.3,0.206824147,1.795959596,0.218309859,0.183908046,2.230769231,0.207142857,0.187234043,1.88,0.5,0.166666667,1.333333333,0.516666667,0.206060606,1.523076923,0.146995393,0.207142857,0.516666667,0.483333333,0.792857143,0.5,29,31,29,31,29,58,142,29,111,0.781690141,0.196647324,0.009413282,0.132045206,0.008717968,0.007939243,0.639117073,0.204235317,0.342497407,0.542209171,0.61647516,0.875862069,-0.187234043,0.206060606,-0.00862069,-0.08503937,0.202797814,0.483333333,0.792857143,-0.187234043,0.7,[0.721],60,-0.073490814,0.716330516,0.787234043,0.278926754,0.3,0.638095238,0.638095238,0.632088668,-31952.54085,0.018826564,0.893945699,0.741058655,0.836425038,6.336987019,119,0,61472.38959,0,256134.9566,22.12721431
7fe73118-87a3-4a1f-8c27-8246a48e7834,RandomForestClassifier,PREPROCESSING,DIR,DIR_FOS,0.725,0.864285714,0.785,0.864285714,0.4,0.770700637,140,0.275,0.120734908,1.567901235,0.229299363,0.111111111,1.6875,0.135714286,0.082978723,1.709090909,0.441860465,0.107142857,1.272727273,0.6,0.115151515,1.2375,0.113731445,0.135714286,0.6,0.4,0.864285714,0.558139535,19,36,19,36,24,43,157,24,121,0.770700637,0.099065119,0.016086396,0.080917092,0.003273788,0.003077608,0.639172883,0.204270987,0.342522489,0.476930697,-0.262075244,0.940740741,-0.082978723,0.115151515,-0.001984127,-0.046194226,0.148404331,0.4,0.864285714,-0.082978723,0.7,[0.721],60,-0.073490814,0.716330516,0.814814815,0.294801221,0.275,0.632142857,0.632142857,0.621973957,-30329.68809,0.032172792,0.948258232,0.767288034,0.879141062,,,,,,,
7fe73118-87a3-4a1f-8c27-8246a48e7834,CalibratedClassifierCV,PREPROCESSING,DIR,DIR_FOS,0.725,0.792857143,0.685,0.792857143,0.566666667,0.810218978,140,0.275,0.320734908,2.508641975,0.189781022,0.251404494,3.034090909,0.207142857,0.329787234,2.9375,0.46031746,0.293233083,1.696428571,0.433333333,0.266666667,1.8,0.141603752,0.207142857,0.433333333,0.566666667,0.792857143,0.53968254,29,26,29,26,34,63,137,34,111,0.810218978,0.29822695,-0.031560284,0.092192756,0.004249752,0.003945718,0.640117591,0.204875265,0.342964306,0.532172438,-0.087721857,0.761048689,-0.329787234,0.329787234,0.020914294,-0.167454068,0.198076345,0.566666667,0.792857143,-0.329787234,0.7,[0.721],60,-0.073490814,0.716330516,0.801444043,0.354680034,0.275,0.679761905,0.679761905,0.701215383,-30980.43675,-0.063120567,0.793688022,0.76130787,0.782592871,6.256512403,130.1,0,61542.18378,0,256425.7658,22.15233699
7fe73118-87a3-4a1f-8c27-8246a48e7834,NuSVC,PREPROCESSING,DIR,DIR_FOS,0.7,0.785714286,0.7,0.785714286,0.5,0.785714286,140,0.3,0.148031496,1.5875,0.214285714,0.144444444,1.928571429,0.214285714,0.108510638,1.566666667,0.5,0.113513514,1.233333333,0.5,0.175757576,1.414285714,0.15,0.214285714,0.5,0.5,0.785714286,0.5,30,30,30,30,30,60,140,30,110,0.785714286,0.142134107,0.033623469,0.051115822,0.001306414,0.001269885,0.639210816,0.204295233,0.342539508,0.547722558,-0.422950422,0.940740741,-0.108510638,0.175757576,-0.015465465,-0.041994751,0.207944154,0.5,0.785714286,-0.108510638,0.7,[0.721],60,-0.073490814,0.716330516,0.785714286,0.285714286,0.3,0.642857143,0.642857143,0.621242056,-30130.46169,0.067246937,0.938231646,0.740384615,0.861494863,,,,,,,
7fe73118-87a3-4a1f-8c27-8246a48e7834,LinearDiscriminantAnalysis,PREPROCESSING,DIR,DIR_FOS,0.695,0.871428571,0.825,0.871428571,0.283333333,0.739393939,140,0.305,0.206824147,1.795959596,0.260606061,0.148683093,1.691699605,0.128571429,0.193617021,2.82,0.514285714,0.25,1.5,0.716666667,0.103030303,1.147826087,0.114320988,0.128571429,0.716666667,0.283333333,0.871428571,0.485714286,18,43,18,43,17,35,165,17,122,0.739393939,0.148323662,-0.045293359,0.097315303,0.004735134,0.004282539,0.639211377,0.204295592,0.342540612,0.478165218,1.347362669,0.870404984,-0.193617021,0.193617021,0.050658454,-0.109186352,0.14715322,0.283333333,0.871428571,-0.193617021,0.7,[0.721],60,-0.073490814,0.716330516,0.8,0.18664988,0.305,0.577380952,0.577380952,0.603532475,-34427.16303,-0.090586718,0.877383961,0.743812709,0.827830976,6.179294586,141.2,0,61611.12084,0,256713.0035,22.17715114
7fe73118-87a3-4a1f-8c27-8246a48e7834,CalibratedClassifierCV,PREPROCESSING,DIR,HYPERPARAMETER_FOS,0.725,0.792857143,0.685,0.792857143,0.566666667,0.810218978,140,0.275,0.320734908,2.508641975,0.189781022,0.251404494,3.034090909,0.207142857,0.329787234,2.9375,0.46031746,0.293233083,1.696428571,0.433333333,0.266666667,1.8,0.141603752,0.207142857,0.433333333,0.566666667,0.792857143,0.53968254,29,26,29,26,34,63,137,34,111,0.810218978,0.29822695,-0.031560284,0.092192756,0.004249752,0.003945718,0.640117591,0.204875265,0.342964306,0.532172438,-0.087721857,0.761048689,-0.329787234,0.329787234,0.020914294,-0.167454068,0.198076345,0.566666667,0.792857143,-0.329787234,0.7,[0.721],60,-0.073490814,0.716330516,0.801444043,0.354680034,0.275,0.679761905,0.679761905,0.701215383,-30980.43675,-0.063120567,0.793688022,0.76130787,0.782592871,4.736962557,117.9,0,61447.41126,0,256030.8802,22.11822327
7fe73118-87a3-4a1f-8c27-8246a48e7834,AdaBoostClassifier,PREPROCESSING,DIR,HYPERPARAMETER_FOS,0.69,0.771428571,0.69,0.771428571,0.5,0.782608696,140,0.31,0.124409449,1.451428571,0.217391304,0.08908046,1.553571429,0.228571429,0.176595745,1.79047619,0.516129032,0.046428571,1.088435374,0.5,-0.024242424,0.942857143,0.158096113,0.228571429,0.5,0.5,0.771428571,0.483870968,32,30,32,30,30,62,138,30,108,0.782608696,0.100419084,-0.100419084,0.102595206,0.005262888,0.00497248,0.639827036,0.204689318,0.342827244,0.562309724,-0.087721857,0.778544061,-0.176595745,0.176595745,-0.021325944,-0.151706037,0.220094936,0.5,0.771428571,-0.176595745,0.7,[0.721],60,-0.073490814,0.716330516,0.776978417,0.268942734,0.31,0.635714286,0.635714286,0.699552132,-27626.8802,-0.15235332,0.835180391,0.730910696,0.797268359,,,,,,,
7fe73118-87a3-4a1f-8c27-8246a48e7834,AdaBoostClassifier,PREPROCESSING,DIR,FAIR_PCA_FOS,0.685,0.764285714,0.685,0.764285714,0.5,0.781021898,140,0.315,0.191076115,1.693333333,0.218978102,0.180392157,2.179487179,0.235714286,0.165957447,1.709090909,0.523809524,0.142857143,1.272727273,0.5,0.206060606,1.523076923,0.162217527,0.235714286,0.5,0.5,0.764285714,0.476190476,33,30,33,30,30,63,137,30,107,0.781021898,0.186009026,0.02005158,0.103787711,0.005385944,0.005058542,0.639103607,0.20422671,0.342491272,0.569592006,-0.2308227,0.896470588,-0.165957447,0.206060606,-0.018767507,-0.069291339,0.226224454,0.5,0.764285714,-0.165957447,0.7,[0.725],60,-0.073490814,0.716330516,0.772563177,0.260725058,0.315,0.632142857,0.632142857,0.619467394,-27579.59958,0.040103159,0.907157609,0.726151407,0.837564938,,,,,,,
7fe73118-87a3-4a1f-8c27-8246a48e7834,GradientBoostingClassifier,PREPROCESSING,DIR,FAIR_PCA_FOS,0.67,0.764285714,0.7,0.764285714,0.45,0.764285714,140,0.33,0.167454068,1.559649123,0.235714286,0.158914729,1.911111111,0.235714286,0.155319149,1.634782609,0.55,0.105691057,1.188405797,0.55,0.145454545,1.32,0.165,0.235714286,0.55,0.45,0.764285714,0.45,33,33,33,33,27,60,140,27,107,0.764285714,0.150386847,-0.004932302,0.133038236,0.008849586,0.00799842,0.639103084,0.204226376,0.342491037,0.574456265,0.61647516,0.886046512,-0.155319149,0.155319149,-0.026611836,-0.077165354,0.22873857,0.45,0.764285714,-0.155319149,0.7,[0.725],60,-0.073490814,0.716330516,0.764285714,0.214285714,0.33,0.607142857,0.607142857,0.610137469,-31739.7492,-0.009864603,0.908871434,0.714043825,0.833100639,6.300031662,117.5,0,62156.07222,0,258983.6342,22.3733084
7fe73118-87a3-4a1f-8c27-8246a48e7834,RandomForestClassifier,PREPROCESSING,DIR,FAIR_PCA_FOS,0.735,0.835714286,0.735,0.835714286,0.5,0.795918367,140,0.265,0.144356955,1.763888889,0.204081633,0.137310606,2.013986014,0.164285714,0.082978723,1.709090909,0.433962264,0.14516129,1.409090909,0.5,0.206060606,1.523076923,0.123118392,0.164285714,0.5,0.5,0.835714286,0.566037736,23,30,23,30,30,53,147,30,117,0.795918367,0.144519665,0.061540941,0.051475584,0.001324868,0.001258196,0.639360283,0.204390786,0.342606261,0.496222516,-0.449267731,0.970138889,-0.082978723,0.206060606,0.003925342,-0.022572178,0.1665108,0.5,0.835714286,-0.082978723,0.7,[0.725],60,-0.073490814,0.716330516,0.81533101,0.348588346,0.265,0.667857143,0.667857143,0.626756586,-30900.57485,0.123081883,0.950132866,0.773084314,0.882745314,,,,,,,
7fe73118-87a3-4a1f-8c27-8246a48e7834,CalibratedClassifierCV,PREPROCESSING,DIR,FAIR_PCA_FOS,0.705,0.807142857,0.725,0.807142857,0.466666667,0.779310345,140,0.295,0.214698163,1.852083333,0.220689655,0.163120567,1.958333333,0.192857143,0.229787234,2.35,0.490909091,0.181818182,1.375,0.533333333,0.115151515,1.2375,0.140095181,0.192857143,0.533333333,0.466666667,0.807142857,0.509090909,27,32,27,32,28,55,145,28,113,0.779310345,0.172469375,-0.057317859,0.077477322,0.003001368,0.002811718,0.639570573,0.204525259,0.34270712,0.529330108,-0.2308227,0.810638298,-0.229787234,0.229787234,0.009348807,-0.14015748,0.191704556,0.466666667,0.807142857,-0.229787234,0.7,[0.725],60,-0.073490814,0.716330516,0.792982456,0.281010694,0.295,0.636904762,0.636904762,0.67341078,-30566.7918,-0.114635719,0.841087997,0.746407449,0.80696718,6.271939754,128.4,0,62224.94733,0,259270.6139,22.39810025
7fe73118-87a3-4a1f-8c27-8246a48e7834,NuSVC,PREPROCESSING,DIR,FAIR_PCA_FOS,0.695,0.814285714,0.745,0.814285714,0.416666667,0.765100671,140,0.305,0.081364829,1.322916667,0.234899329,0.102514507,1.602272727,0.185714286,0.029787234,1.175,0.509803922,0.015151515,1.03125,0.583333333,0.115151515,1.2375,0.138721641,0.185714286,0.583333333,0.416666667,0.814285714,0.490196078,26,35,26,35,25,51,149,25,114,0.765100671,0.072469375,0.042682141,0.07559177,0.002857058,0.002709606,0.639557548,0.204516928,0.34269383,0.526728851,-0.59854748,0.990780142,-0.029787234,0.115151515,-0.043681496,-0.006824147,0.188137673,0.416666667,0.814285714,-0.029787234,0.7,[0.725],60,-0.073490814,0.716330516,0.788927336,0.24281967,0.305,0.61547619,0.61547619,0.589206349,-29095.37983,0.085364281,0.977645267,0.738991034,0.882631184,,,,,,,
7fe73118-87a3-4a1f-8c27-8246a48e7834,LinearDiscriminantAnalysis,PREPROCESSING,DIR,FAIR_PCA_FOS,0.695,0.871428571,0.825,0.871428571,0.283333333,0.739393939,140,0.305,0.206824147,1.795959596,0.260606061,0.148683093,1.691699605,0.128571429,0.193617021,2.82,0.514285714,0.25,1.5,0.716666667,0.103030303,1.147826087,0.114320988,0.128571429,0.716666667,0.283333333,0.871428571,0.485714286,18,43,18,43,17,35,165,17,122,0.739393939,0.148323662,-0.045293359,0.097315303,0.004735134,0.004282539,0.639211377,0.204295592,0.342540612,0.478165218,1.347362669,0.870404984,-0.193617021,0.193617021,0.050658454,-0.109186352,0.14715322,0.283333333,0.871428571,-0.193617021,0.7,[0.725],60,-0.073490814,0.716330516,0.8,0.18664988,0.305,0.577380952,0.577380952,0.603532475,-34739.93889,-0.090586718,0.877383961,0.743812709,0.827830976,6.161972761,139.5,0,62293.86552,0,259557.773,22.42290761
7fe73118-87a3-4a1f-8c27-8246a48e7834,CalibratedClassifierCV,PREPROCESSING,DIR,HYPERPARAMETER_FAIR_PCA_FOS,0.705,0.807142857,0.725,0.807142857,0.466666667,0.779310345,140,0.295,0.214698163,1.852083333,0.220689655,0.163120567,1.958333333,0.192857143,0.229787234,2.35,0.490909091,0.181818182,1.375,0.533333333,0.115151515,1.2375,0.140095181,0.192857143,0.533333333,0.466666667,0.807142857,0.509090909,27,32,27,32,28,55,145,28,113,0.779310345,0.172469375,-0.057317859,0.077477322,0.003001368,0.002811718,0.639570573,0.204525259,0.34270712,0.529330108,-0.2308227,0.810638298,-0.229787234,0.229787234,0.009348807,-0.14015748,0.191704556,0.466666667,0.807142857,-0.229787234,0.7,[0.725],60,-0.073490814,0.716330516,0.792982456,0.281010694,0.295,0.636904762,0.636904762,0.67341078,-30566.7918,-0.114635719,0.841087997,0.746407449,0.80696718,4.726918221,117.9,0,62140.65828,0,258919.4095,22.3677601
7fe73118-87a3-4a1f-8c27-8246a48e7834,AdaBoostClassifier,PREPROCESSING,DIR,HYPERPARAMETER_FAIR_PCA_FOS,0.685,0.764285714,0.685,0.764285714,0.5,0.781021898,140,0.315,0.191076115,1.693333333,0.218978102,0.180392157,2.179487179,0.235714286,0.165957447,1.709090909,0.523809524,0.142857143,1.272727273,0.5,0.206060606,1.523076923,0.162217527,0.235714286,0.5,0.5,0.764285714,0.476190476,33,30,33,30,30,63,137,30,107,0.781021898,0.186009026,0.02005158,0.103787711,0.005385944,0.005058542,0.639103607,0.20422671,0.342491272,0.569592006,-0.2308227,0.896470588,-0.165957447,0.206060606,-0.018767507,-0.069291339,0.226224454,0.5,0.764285714,-0.165957447,0.7,[0.725],60,-0.073490814,0.716330516,0.772563177,0.260725058,0.315,0.632142857,0.632142857,0.619467394,-27626.68047,0.040103159,0.907157609,0.726151407,0.837564938,,,,,,,
7fe73118-87a3-4a1f-8c27-8246a48e7834,AdaBoostClassifier,PREPROCESSING,DIR,DIR_FAIR_SMOTE,0.57,0.492857143,0.42,0.492857143,0.75,0.821428571,140,0.43,0.084514436,1.188304094,0.178571429,0.311111111,4.5,0.507142857,-0.163829787,0.709433962,0.612068966,0.153658537,1.237735849,0.25,0.678787879,6.6,0.33912037,0.507142857,0.25,0.75,0.492857143,0.387931034,71,15,71,15,45,116,84,45,69,0.821428571,0.421308833,0.421308833,0.243353819,0.029610541,0.026441015,0.674263203,0.227315433,0.356865139,0.823553727,-0.020582554,1.881481481,0.163829787,0.678787879,-0.078726287,0.312335958,0.47290973,0.75,0.492857143,0.163829787,0.7,[0.721],60,-0.073490814,0.716330516,0.616071429,0.225487196,0.43,0.621428571,0.621428571,0.359615225,-27857.54524,0.514958092,0.814720247,0.592140921,0.724005043,,,,,,,
7fe73118-87a3-4a1f-8c27-8246a48e7834,GradientBoostingClassifier,PREPROCESSING,DIR,DIR_FAIR_SMOTE,0.525,0.392857143,0.325,0.392857143,0.833333333,0.846153846,140,0.475,0.005774278,1.010945274,0.153846154,0.340517241,10.875,0.607142857,-0.20212766,0.712121212,0.62962963,0.040816327,1.060606061,0.166666667,0.56969697,19.8,0.428,0.607142857,0.166666667,0.833333333,0.392857143,0.37037037,85,10,85,10,50,135,65,50,55,0.846153846,0.385912315,0.385912315,0.305392731,0.04663236,0.043497752,0.69049118,0.238389035,0.36326154,0.92520268,0.127155175,2.335632184,0.20212766,0.56969697,-0.149850457,0.304986877,0.580907178,0.833333333,0.392857143,0.20212766,0.7,[0.721],60,-0.073490814,0.716330516,0.536585366,0.221304577,0.475,0.613095238,0.613095238,0.376494236,-49406.32419,0.36756931,0.8423293,0.530729466,0.704462248,6.536855698,117.5,0,62380.68828,0,259919.5345,22.45415978
7fe73118-87a3-4a1f-8c27-8246a48e7834,RandomForestClassifier,PREPROCESSING,DIR,DIR_FAIR_SMOTE,0.57,0.457142857,0.37,0.457142857,0.833333333,0.864864865,140,0.43,0.135433071,1.291525424,0.135135135,0.401544402,15.85714286,0.542857143,-0.017021277,0.972413793,0.603174603,0.105555556,1.163793103,0.166666667,0.56969697,19.8,0.357652038,0.542857143,0.166666667,0.833333333,0.457142857,0.396825397,76,10,76,10,50,126,74,50,64,0.864864865,0.293359123,0.293359123,0.249045608,0.031011857,0.02910786,0.658145258,0.21657759,0.350425537,0.845756511,-0.112795494,1.601801802,0.017021277,0.56969697,-0.147994423,0.175328084,0.50393237,0.833333333,0.457142857,0.017021277,0.7,[0.721],60,-0.073490814,0.716330516,0.598130841,0.275707799,0.43,0.645238095,0.645238095,0.455951613,-36562.58161,0.552675693,0.936908049,0.583726698,0.779663935,,,,,,,
7fe73118-87a3-4a1f-8c27-8246a48e7834,CalibratedClassifierCV,PREPROCESSING,DIR,DIR_FAIR_SMOTE,0.49,0.392857143,0.36,0.392857143,0.716666667,0.763888889,140,0.51,-0.053018373,0.897979798,0.236111111,0.27540107,4.121212121,0.607142857,-0.370212766,0.447619048,0.6640625,0.072580645,1.107142857,0.283333333,0.709090909,8.8,0.452708907,0.607142857,0.283333333,0.716666667,0.392857143,0.3359375,85,17,85,17,43,128,72,43,55,0.763888889,0.539651838,0.539651838,0.324706392,0.05271712,0.046376082,0.722251189,0.26082339,0.375699494,0.951534453,0.264498737,2.739215686,0.370212766,0.709090909,-0.101410212,0.465616798,0.594053354,0.716666667,0.392857143,0.370212766,0.7,[0.721],60,-0.073490814,0.716330516,0.518867925,0.104562739,0.51,0.554761905,0.554761905,0.255383623,-38856.43876,0.338878143,0.667056778,0.504020946,0.602132748,6.260290146,128.5,0,62450.06708,0,260208.6128,22.47913294
7fe73118-87a3-4a1f-8c27-8246a48e7834,NuSVC,PREPROCESSING,DIR,DIR_FAIR_SMOTE,0.495,0.364285714,0.315,0.364285714,0.8,0.80952381,140,0.505,-0.151181102,0.725714286,0.19047619,0.294871795,8.666666667,0.635714286,-0.534042553,0.272463768,0.649635036,-0.01650165,0.975845411,0.2,0.76969697,26.4,0.471643863,0.635714286,0.2,0.8,0.364285714,0.350364964,89,12,89,12,48,137,63,48,51,0.80952381,0.651869761,0.651869761,0.382966759,0.073331769,0.064444445,0.784989799,0.308104492,0.400418823,0.971230007,0.611694937,3.907692308,0.534042553,0.76969697,-0.155686723,0.595275591,0.621381242,0.8,0.364285714,0.534042553,0.7,[0.721],60,-0.073490814,0.716330516,0.502463054,0.162072333,0.505,0.582142857,0.582142857,0.202661532,-75100.21151,0.235654417,0.516440259,0.498703608,0.510389504,,,,,,,
7fe73118-87a3-4a1f-8c27-8246a48e7834,LinearDiscriminantAnalysis,PREPROCESSING,DIR,DIR_FAIR_SMOTE,0.485,0.4,0.375,0.4,0.683333333,0.746666667,140,0.515,-0.053018373,0.897979798,0.253333333,0.252525253,3.272727273,0.6,-0.359574468,0.45483871,0.672,0.068681319,1.100806452,0.316666667,0.678787879,6.6,0.449245542,0.6,0.316666667,0.683333333,0.4,0.328,84,19,84,19,41,125,75,41,56,0.746666667,0.519181173,0.519181173,0.328952694,0.054104938,0.046838376,0.714261167,0.255084507,0.372572653,0.947887696,0.334272553,2.587037037,0.359574468,0.678787879,-0.091921967,0.449868766,0.588150683,0.683333333,0.4,0.359574468,0.7,[0.721],60,-0.073490814,0.716330516,0.520930233,0.078881064,0.515,0.541666667,0.541666667,0.260443531,-59165.43571,0.319213411,0.684282619,0.502323431,0.61056047,6.217951536,139.5,0,62518.9802,0,260495.7508,22.50393847
7fe73118-87a3-4a1f-8c27-8246a48e7834,CalibratedClassifierCV,PREPROCESSING,DIR,HYPERPARAMETER_FAIR_SMOTE,0.49,0.392857143,0.36,0.392857143,0.716666667,0.763888889,140,0.51,-0.053018373,0.897979798,0.236111111,0.27540107,4.121212121,0.607142857,-0.370212766,0.447619048,0.6640625,0.072580645,1.107142857,0.283333333,0.709090909,8.8,0.452708907,0.607142857,0.283333333,0.716666667,0.392857143,0.3359375,85,17,85,17,43,128,72,43,55,0.763888889,0.539651838,0.539651838,0.324706392,0.05271712,0.046376082,0.722251189,0.26082339,0.375699494,0.951534453,0.264498737,2.739215686,0.370212766,0.709090909,-0.101410212,0.465616798,0.594053354,0.716666667,0.392857143,0.370212766,0.7,[0.721],60,-0.073490814,0.716330516,0.518867925,0.104562739,0.51,0.554761905,0.554761905,0.255383623,-38856.43876,0.338878143,0.667056778,0.504020946,0.602132748,4.908450365,117.7,0,62363.76691,0,259849.0288,22.44806887
7fe73118-87a3-4a1f-8c27-8246a48e7834,AdaBoostClassifier,PREPROCESSING,DIR,HYPERPARAMETER_FAIR_SMOTE,0.62,0.6,0.52,0.6,0.666666667,0.807692308,140,0.38,0.22992126,1.621276596,0.192307692,0.329690346,3.873015873,0.4,0.074468085,1.175,0.583333333,0.227272727,1.375,0.333333333,0.587878788,3.771428571,0.258477097,0.4,0.333333333,0.666666667,0.6,0.416666667,56,20,56,20,40,96,104,40,84,0.807692308,0.331173436,0.256705351,0.176560752,0.01558685,0.013876415,0.64578232,0.208517402,0.345354873,0.718995267,0.015135529,1.249180328,-0.074468085,0.587878788,-0.051208809,0.119685039,0.367511227,0.666666667,0.6,-0.074468085,0.7,[0.721],60,-0.073490814,0.716330516,0.68852459,0.244599795,0.38,0.633333333,0.633333333,0.470753277,-27730.27164,0.513410703,0.916946795,0.652468053,0.807799308,,,,,,,
7fe73118-87a3-4a1f-8c27-8246a48e7834,AdaBoostClassifier,PREPROCESSING,DIR,FAIR_PCA_FAIR_SMOTE,0.5,0.371428571,0.32,0.371428571,0.8,0.8125,140,0.5,0.162729659,1.322916667,0.1875,0.441176471,8.5,0.628571429,-0.059574468,0.909677419,0.647058824,0.19047619,1.285714286,0.2,0.739393939,13.2,0.462539022,0.628571429,0.2,0.8,0.371428571,0.352941176,88,12,88,12,48,136,64,48,52,0.8125,0.399484204,0.399484204,0.250131246,0.03128282,0.027770624,0.675766309,0.228330052,0.357460229,0.961809775,-0.029413885,1.992156863,0.059574468,0.739393939,-0.12535014,0.265616798,0.61219332,0.8,0.371428571,0.059574468,0.7,[0.725],60,-0.073490814,0.716330516,0.509803922,0.168408267,0.5,0.585714286,0.585714286,0.351730681,-27952.56028,0.679819471,0.87103481,0.504854369,0.701444484,,,,,,,
7fe73118-87a3-4a1f-8c27-8246a48e7834,GradientBoostingClassifier,PREPROCESSING,DIR,FAIR_PCA_FAIR_SMOTE,0.45,0.264285714,0.22,0.264285714,0.883333333,0.840909091,140,0.55,-0.147506562,0.75982906,0.159090909,0.285714286,inf,0.735714286,-0.329787234,0.602564103,0.66025641,-0.077702703,0.889423077,0.116666667,0.4,inf,0.590976331,0.735714286,0.116666667,0.883333333,0.264285714,0.33974359,103,7,103,7,53,156,44,53,37,0.840909091,0.364893617,0.364893617,0.35610666,0.063405977,0.05914626,0.729481002,0.266071266,0.378530466,1.087176463,0.574653665,3.704166667,0.329787234,0.4,-0.181708494,0.340682415,0.747234742,0.883333333,0.264285714,0.329787234,0.7,[0.725],60,-0.073490814,0.716330516,0.402173913,0.163302715,0.55,0.573809524,0.573809524,0.364430091,-59221.45556,0.070212766,0.824183377,0.424744898,0.62748395,6.521857977,117.7,0,65012.11832,0,270883.8263,23.40135278
7fe73118-87a3-4a1f-8c27-8246a48e7834,RandomForestClassifier,PREPROCESSING,DIR,FAIR_PCA_FAIR_SMOTE,0.54,0.407142857,0.33,0.407142857,0.85,0.863636364,140,0.46,-0.045144357,0.911794872,0.136363636,0.301075269,10.33333333,0.592857143,-0.280851064,0.5875,0.619402985,0,1,0.15,0.56969697,19.8,0.407029478,0.592857143,0.15,0.85,0.407142857,0.380597015,83,9,83,9,51,134,66,51,57,0.863636364,0.425274017,0.425274017,0.278589684,0.038806106,0.036469099,0.699831744,0.244882235,0.366924483,0.902252158,0.164415278,2.458064516,0.280851064,0.56969697,-0.150537634,0.355905512,0.561056485,0.85,0.407142857,0.280851064,0.7,[0.725],60,-0.073490814,0.716330516,0.553398058,0.250605005,0.46,0.628571429,0.628571429,0.361256332,-38575.17944,0.288845906,0.785872597,0.546616942,0.685812029,,,,,,,
7fe73118-87a3-4a1f-8c27-8246a48e7834,CalibratedClassifierCV,PREPROCESSING,DIR,FAIR_PCA_FAIR_SMOTE,0.455,0.307142857,0.275,0.307142857,0.8,0.781818182,140,0.545,0.02519685,1.043835616,0.218181818,0.333333333,4,0.692857143,-0.244680851,0.671428571,0.668965517,0.133333333,1.19047619,0.2,0.709090909,8.8,0.551039698,0.692857143,0.2,0.8,0.307142857,0.331034483,97,12,97,12,48,145,55,48,43,0.781818182,0.47688588,0.47688588,0.33942101,0.057603311,0.04840564,0.715913331,0.256265949,0.373219143,1.049799693,0.322522577,2.822222222,0.244680851,0.709090909,-0.1,0.387401575,0.698042041,0.8,0.307142857,0.244680851,0.7,[0.725],60,-0.073490814,0.716330516,0.441025641,0.109960706,0.545,0.553571429,0.553571429,0.289581031,-42541.32294,0.464410058,0.765946936,0.447903849,0.619352413,6.25323987,129.1,0,65083.93965,0,271183.0819,23.42720513
7fe73118-87a3-4a1f-8c27-8246a48e7834,NuSVC,PREPROCESSING,DIR,FAIR_PCA_FAIR_SMOTE,0.475,0.292857143,0.235,0.292857143,0.9,0.872340426,140,0.525,-0.123884514,0.790222222,0.127659574,0.333333333,inf,0.707142857,-0.39787234,0.501333333,0.647058824,-0.027777778,0.96,0.1,0.6,inf,0.539392087,0.707142857,0.1,0.9,0.292857143,0.352941176,99,6,99,6,54,153,47,54,41,0.872340426,0.49893617,0.49893617,0.362810129,0.065815595,0.058350413,0.759935877,0.288751268,0.390496635,1.038645355,0.643988359,4.010526316,0.39787234,0.6,-0.180555556,0.450393701,0.703224664,0.9,0.292857143,0.39787234,0.7,[0.725],60,-0.073490814,0.716330516,0.438502674,0.208439838,0.525,0.596428571,0.596428571,0.298848784,-85363.24001,0.20212766,0.698646125,0.456022245,0.593406651,,,,,,,
7fe73118-87a3-4a1f-8c27-8246a48e7834,LinearDiscriminantAnalysis,PREPROCESSING,DIR,FAIR_PCA_FAIR_SMOTE,0.45,0.307142857,0.28,0.307142857,0.783333333,0.767857143,140,0.55,0.033070866,1.058333333,0.232142857,0.337301587,4.148148148,0.692857143,-0.234042553,0.68115942,0.673611111,0.136363636,1.195652174,0.216666667,0.709090909,8.8,0.55529132,0.692857143,0.216666667,0.783333333,0.307142857,0.326388889,97,13,97,13,47,144,56,47,43,0.767857143,0.471566731,0.471566731,0.307525565,0.047285986,0.040823839,0.711577384,0.253171187,0.371522496,1.053841848,0.264498737,2.721428571,0.234042553,0.709090909,-0.100468975,0.379527559,0.70008775,0.783333333,0.307142857,0.234042553,0.7,[0.725],60,-0.073490814,0.716330516,0.43877551,0.092341875,0.55,0.545238095,0.545238095,0.288121949,-69696.84959,0.475048356,0.772637614,0.444316877,0.619939532,6.272812843,144.2,0,65179.47629,0,271581.1512,23.4615939
7fe73118-87a3-4a1f-8c27-8246a48e7834,CalibratedClassifierCV,PREPROCESSING,DIR,HYPERPARAMETER_FAIR_PCA_FAIR_SMOTE,0.455,0.307142857,0.275,0.307142857,0.8,0.781818182,140,0.545,0.02519685,1.043835616,0.218181818,0.333333333,4,0.692857143,-0.244680851,0.671428571,0.668965517,0.133333333,1.19047619,0.2,0.709090909,8.8,0.551039698,0.692857143,0.2,0.8,0.307142857,0.331034483,97,12,97,12,48,145,55,48,43,0.781818182,0.47688588,0.47688588,0.33942101,0.057603311,0.04840564,0.715913331,0.256265949,0.373219143,1.049799693,0.322522577,2.822222222,0.244680851,0.709090909,-0.1,0.387401575,0.698042041,0.8,0.307142857,0.244680851,0.7,[0.725],60,-0.073490814,0.716330516,0.441025641,0.109960706,0.545,0.553571429,0.553571429,0.289581031,-42541.32294,0.464410058,0.765946936,0.447903849,0.619352413,4.993775368,125.4,0,65034.42797,0,270976.7832,23.40938321
7fe73118-87a3-4a1f-8c27-8246a48e7834,AdaBoostClassifier,PREPROCESSING,DIR,HYPERPARAMETER_FAIR_PCA_FAIR_SMOTE,0.57,0.5,0.43,0.5,0.733333333,0.813953488,140,0.43,0.241469816,1.567901235,0.186046512,0.4,5,0.5,0.078723404,1.151020408,0.614035088,0.220779221,1.346938776,0.266666667,0.648484848,5.28,0.335053481,0.5,0.266666667,0.733333333,0.5,0.385964912,70,16,70,16,44,114,86,44,70,0.813953488,0.363604126,0.284880722,0.201140437,0.020228738,0.017641528,0.649364693,0.210837252,0.346843459,0.818600612,-0.083102911,1.354666667,-0.078723404,0.648484848,-0.08961039,0.139632546,0.466633415,0.733333333,0.5,-0.078723404,0.7,[0.725],60,-0.073490814,0.716330516,0.619469027,0.215980617,0.43,0.616666667,0.616666667,0.440990221,-27814.19521,0.569761444,0.912346009,0.593705825,0.773896651,,,,,,,
7fe73118-87a3-4a1f-8c27-8246a48e7834,AdaBoostClassifier,PREPROCESSING,DIR,DIR_BAL_GAN_FAIR,0.68,0.778571429,0.71,0.778571429,0.45,0.767605634,140,0.32,0.273490814,2.052525253,0.232394366,0.210164835,2.275,0.221428571,0.308510638,2.611111111,0.534482759,0.214285714,1.428571429,0.55,0.145454545,1.32,0.156798353,0.221428571,0.55,0.45,0.778571429,0.465517241,31,33,31,33,27,58,142,27,109,0.767605634,0.226982592,-0.081528046,0.106855002,0.005708996,0.005281392,0.640446232,0.205085688,0.343120415,0.559997059,0.24875038,0.744322344,-0.308510638,0.308510638,0.00206044,-0.1832021,0.2165235,0.45,0.778571429,-0.308510638,0.7,[0.721],60,-0.073490814,0.716330516,0.773049645,0.230835934,0.32,0.614285714,0.614285714,0.664367229,-27555.78328,-0.163056093,0.783896306,0.72354549,0.762690994,,,,,,,
7fe73118-87a3-4a1f-8c27-8246a48e7834,GradientBoostingClassifier,PREPROCESSING,DIR,DIR_BAL_GAN_FAIR,0.72,0.814285714,0.72,0.814285714,0.5,0.791666667,140,0.28,0.304986877,2.335632184,0.208333333,0.265168539,2.966666667,0.185714286,0.219148936,2.211764706,0.464285714,0.352631579,1.788235294,0.5,0.436363636,2.2,0.134371396,0.185714286,0.5,0.5,0.814285714,0.535714286,26,30,26,30,30,56,144,30,114,0.791666667,0.327756286,0.10860735,0.107295465,0.005756158,0.005344817,0.63927481,0.204336141,0.342568141,0.518404081,-0.061404548,0.951310861,-0.219148936,0.436363636,0.04373152,-0.034120735,0.184064191,0.5,0.814285714,-0.219148936,0.7,[0.721],60,-0.073490814,0.716330516,0.802816901,0.320766514,0.28,0.657142857,0.657142857,0.585772313,-31573.35666,0.2172147,0.891066811,0.759156493,0.842282096,6.333508015,124.3,0,97951.60499,0,408131.6874,35.258043
7fe73118-87a3-4a1f-8c27-8246a48e7834,RandomForestClassifier,PREPROCESSING,DIR,DIR_BAL_GAN_FAIR,0.725,0.857142857,0.775,0.857142857,0.416666667,0.774193548,140,0.275,0.195275591,1.953846154,0.225806452,0.180272109,2.177777778,0.142857143,0.082978723,1.709090909,0.444444444,0.287356322,1.757575758,0.583333333,0.345454545,1.76,0.116549486,0.142857143,0.583333333,0.416666667,0.857142857,0.555555556,20,35,20,35,25,45,155,25,120,0.774193548,0.214216634,0.131237911,0.081793932,0.003345124,0.003123293,0.640094574,0.204860532,0.34293019,0.482803244,-0.379858279,1.036734694,-0.082978723,0.345454545,0.053542106,0.028346457,0.153355165,0.416666667,0.857142857,-0.082978723,0.7,[0.721],60,-0.073490814,0.716330516,0.813559322,0.300480357,0.275,0.636904762,0.636904762,0.553318711,-32298.55737,0.262475822,0.944445205,0.766730928,0.876710059,,,,,,,
7fe73118-87a3-4a1f-8c27-8246a48e7834,CalibratedClassifierCV,PREPROCESSING,DIR,DIR_BAL_GAN_FAIR,0.695,0.807142857,0.735,0.807142857,0.433333333,0.768707483,140,0.305,0.281364829,2.116666667,0.231292517,0.197916667,2.117647059,0.192857143,0.340425532,3.133333333,0.509433962,0.230414747,1.476190476,0.566666667,0.084848485,1.164705882,0.141788607,0.192857143,0.566666667,0.433333333,0.807142857,0.490566038,27,34,27,34,26,53,147,26,113,0.768707483,0.212637008,-0.127788524,0.098178908,0.004819549,0.004520112,0.641411008,0.205704041,0.343584359,0.532519683,0.24875038,0.705555556,-0.340425532,0.340425532,0.01624904,-0.222572178,0.193299096,0.433333333,0.807142857,-0.340425532,0.7,[0.721],60,-0.073490814,0.716330516,0.787456446,0.249698035,0.305,0.620238095,0.620238095,0.699497406,-29224.51069,-0.255577047,0.745398675,0.738345105,0.743032558,6.282041311,135.7,0,98023.57654,0,408431.5689,35.28394943
7fe73118-87a3-4a1f-8c27-8246a48e7834,NuSVC,PREPROCESSING,DIR,DIR_BAL_GAN_FAIR,0.7,0.828571429,0.76,0.828571429,0.4,0.763157895,140,0.3,0.222572178,1.911827957,0.236842105,0.188378632,2.07486631,0.171428571,0.15106383,2.014285714,0.5,0.283333333,1.607142857,0.6,0.284848485,1.552941176,0.131897472,0.171428571,0.6,0.4,0.828571429,0.5,24,36,24,36,24,48,152,24,116,0.763157895,0.217956157,0.066892328,0.100631074,0.005063306,0.004570133,0.639283916,0.204341963,0.342572208,0.51360972,0.291309994,0.960137457,-0.15106383,0.284848485,0.047477351,-0.030446194,0.177139568,0.4,0.828571429,-0.15106383,0.7,[0.721],60,-0.073490814,0.716330516,0.794520548,0.245255736,0.3,0.614285714,0.614285714,0.573194713,-28559.54903,0.133784655,0.92537919,0.744271311,0.855951315,,,,,,,
7fe73118-87a3-4a1f-8c27-8246a48e7834,LinearDiscriminantAnalysis,PREPROCESSING,DIR,DIR_BAL_GAN_FAIR,0.695,0.792857143,0.715,0.792857143,0.466666667,0.776223776,140,0.305,0.297112861,2.257777778,0.223776224,0.215425532,2.35,0.207142857,0.340425532,3.133333333,0.50877193,0.25974026,1.571428571,0.533333333,0.145454545,1.32,0.147916717,0.207142857,0.533333333,0.466666667,0.792857143,0.49122807,29,32,29,32,28,57,143,28,111,0.776223776,0.242940039,-0.097485493,0.102025011,0.005204551,0.004802482,0.641002616,0.205442177,0.343387008,0.543905722,0.24875038,0.720567376,-0.340425532,0.340425532,0.022157364,-0.206824147,0.203640548,0.466666667,0.792857143,-0.340425532,0.7,[0.721],60,-0.073490814,0.716330516,0.784452297,0.263458008,0.305,0.629761905,0.629761905,0.691154555,-33677.63067,-0.194970986,0.758625447,0.737021866,0.751284894,6.173651695,146.8,0,98092.71678,0,408719.6533,35.30883671
7fe73118-87a3-4a1f-8c27-8246a48e7834,CalibratedClassifierCV,PREPROCESSING,DIR,HYPERPARAMETER_BAL_GAN_FAIR,0.695,0.807142857,0.735,0.807142857,0.433333333,0.768707483,140,0.305,0.281364829,2.116666667,0.231292517,0.197916667,2.117647059,0.192857143,0.340425532,3.133333333,0.509433962,0.230414747,1.476190476,0.566666667,0.084848485,1.164705882,0.141788607,0.192857143,0.566666667,0.433333333,0.807142857,0.490566038,27,34,27,34,26,53,147,26,113,0.768707483,0.212637008,-0.127788524,0.098178908,0.004819549,0.004520112,0.641411008,0.205704041,0.343584359,0.532519683,0.24875038,0.705555556,-0.340425532,0.340425532,0.01624904,-0.222572178,0.193299096,0.433333333,0.807142857,-0.340425532,0.7,[0.721],60,-0.073490814,0.716330516,0.787456446,0.249698035,0.305,0.620238095,0.620238095,0.699497406,-29224.51069,-0.255577047,0.745398675,0.738345105,0.743032558,4.736181736,124.6,0,97935.799,0,408065.8292,35.25235358
7fe73118-87a3-4a1f-8c27-8246a48e7834,AdaBoostClassifier,PREPROCESSING,DIR,HYPERPARAMETER_BAL_GAN_FAIR,0.675,0.771428571,0.705,0.771428571,0.45,0.765957447,140,0.325,0.257742782,1.935238095,0.234042553,0.199175824,2.1328125,0.228571429,0.29787234,2.473684211,0.542372881,0.186507937,1.353383459,0.55,0.115151515,1.2375,0.160874731,0.228571429,0.55,0.45,0.771428571,0.457627119,32,33,32,33,27,59,141,27,108,0.765957447,0.206511928,-0.091360413,0.090437606,0.00408948,0.00386665,0.640446232,0.205085688,0.343120415,0.567229637,-0.087721857,0.744322344,-0.29787234,0.29787234,-0.006333944,-0.1832021,0.222613025,0.45,0.771428571,-0.29787234,0.7,[0.721],60,-0.073490814,0.716330516,0.768683274,0.222503957,0.325,0.610714286,0.610714286,0.666509395,-27611.46304,-0.182720825,0.785455595,0.718801997,0.76190542,,,,,,,
7fe73118-87a3-4a1f-8c27-8246a48e7834,AdaBoostClassifier,PREPROCESSING,DIR,FAIR_PCA_BAL_GAN_FAIR,0.675,0.764285714,0.695,0.764285714,0.466666667,0.769784173,140,0.325,0.273490814,2.052525253,0.230215827,0.217696629,2.383928571,0.235714286,0.29787234,2.473684211,0.540983607,0.214285714,1.428571429,0.533333333,0.175757576,1.414285714,0.164124643,0.235714286,0.533333333,0.466666667,0.764285714,0.459016393,33,32,33,32,28,61,139,28,107,0.769784173,0.236814958,-0.061057382,0.110182482,0.00607009,0.005555581,0.640117591,0.204875265,0.342964306,0.572930438,0.24875038,0.761048689,-0.29787234,0.29787234,-0.001705457,-0.167454068,0.227934248,0.466666667,0.764285714,-0.29787234,0.7,[0.725],60,-0.073490814,0.716330516,0.76702509,0.229873956,0.325,0.61547619,0.61547619,0.653055556,-27556.40394,-0.122114765,0.799299567,0.718076182,0.770257647,,,,,,,
7fe73118-87a3-4a1f-8c27-8246a48e7834,GradientBoostingClassifier,PREPROCESSING,DIR,FAIR_PCA_BAL_GAN_FAIR,0.705,0.807142857,0.725,0.807142857,0.466666667,0.779310345,140,0.295,0.148031496,1.5875,0.220689655,0.079787234,1.46875,0.192857143,0.229787234,2.35,0.490909091,0.086580087,1.178571429,0.533333333,-0.084848485,0.825,0.140095181,0.192857143,0.533333333,0.466666667,0.807142857,0.509090909,27,32,27,32,28,55,145,28,113,0.779310345,0.157317859,-0.157317859,0.101238787,0.005124646,0.004776131,0.641002616,0.205442177,0.343387008,0.529330108,0.24875038,0.720567376,-0.229787234,0.229787234,0.003396426,-0.206824147,0.191704556,0.466666667,0.807142857,-0.229787234,0.7,[0.725],60,-0.073490814,0.716330516,0.792982456,0.281010694,0.295,0.636904762,0.636904762,0.737101256,-31692.04969,-0.144938749,0.779183436,0.746407449,0.767942888,6.31541419,117.2,0,63496.21237,0,264567.5516,22.85569682
7fe73118-87a3-4a1f-8c27-8246a48e7834,RandomForestClassifier,PREPROCESSING,DIR,FAIR_PCA_BAL_GAN_FAIR,0.73,0.864285714,0.78,0.864285714,0.416666667,0.775641026,140,0.27,0.179527559,1.814285714,0.224358974,0.123529412,1.7,0.135714286,0.193617021,2.82,0.431818182,0.2,1.5,0.583333333,0.054545455,1.1,0.112997257,0.135714286,0.583333333,0.416666667,0.864285714,0.568181818,19,35,19,35,25,44,156,25,121,0.775641026,0.124081238,-0.069535783,0.058935087,0.001736672,0.001650342,0.639471567,0.204461942,0.342660995,0.475388802,-0.170819334,0.830065359,-0.193617021,0.193617021,0.038235294,-0.13648294,0.14766999,0.416666667,0.864285714,-0.193617021,0.7,[0.725],60,-0.073490814,0.716330516,0.817567568,0.310801941,0.27,0.64047619,0.64047619,0.685012204,-28689.44989,-0.139071567,0.855136277,0.771306322,0.825239053,,,,,,,
7fe73118-87a3-4a1f-8c27-8246a48e7834,CalibratedClassifierCV,PREPROCESSING,DIR,FAIR_PCA_BAL_GAN_FAIR,0.71,0.814285714,0.73,0.814285714,0.466666667,0.780821918,140,0.29,0.230446194,1.975555556,0.219178082,0.173758865,2.088888889,0.185714286,0.240425532,2.506666667,0.481481481,0.212121212,1.466666667,0.533333333,0.145454545,1.32,0.136252239,0.185714286,0.533333333,0.466666667,0.814285714,0.518518519,26,32,26,32,28,54,146,28,114,0.780821918,0.192940039,-0.047485493,0.094595011,0.004474108,0.004108689,0.639570573,0.204525259,0.34270712,0.522019614,0.105649536,0.810638298,-0.240425532,0.240425532,0.019181173,-0.14015748,0.185787895,0.466666667,0.814285714,-0.240425532,0.7,[0.725],60,-0.073490814,0.716330516,0.797202797,0.290000704,0.29,0.64047619,0.64047619,0.670889518,-29223.09784,-0.094970986,0.839810573,0.751078736,0.807992063,6.254350185,128.5,0,63567.31524,0,264863.8135,22.88129055
7fe73118-87a3-4a1f-8c27-8246a48e7834,NuSVC,PREPROCESSING,DIR,FAIR_PCA_BAL_GAN_FAIR,0.725,0.857142857,0.775,0.857142857,0.416666667,0.774193548,140,0.275,0.112860892,1.511904762,0.225806452,0.102727273,1.604278075,0.142857143,0.082978723,1.709090909,0.444444444,0.092592593,1.227272727,0.583333333,0.084848485,1.164705882,0.116549486,0.142857143,0.583333333,0.416666667,0.857142857,0.555555556,20,35,20,35,25,45,155,25,120,0.774193548,0.083913604,0.000934881,0.094939584,0.004506762,0.004080599,0.639137149,0.204248148,0.342506416,0.482803244,0.291309994,0.931333333,-0.082978723,0.084848485,-0.00506734,-0.054068241,0.153355165,0.416666667,0.857142857,-0.082978723,0.7,[0.725],60,-0.073490814,0.716330516,0.813559322,0.300480357,0.275,0.636904762,0.636904762,0.636309332,-28453.42577,0.001869761,0.947348473,0.766730928,0.878375947,,,,,,,
7fe73118-87a3-4a1f-8c27-8246a48e7834,LinearDiscriminantAnalysis,PREPROCESSING,DIR,FAIR_PCA_BAL_GAN_FAIR,0.695,0.792857143,0.715,0.792857143,0.466666667,0.776223776,140,0.305,0.297112861,2.257777778,0.223776224,0.215425532,2.35,0.207142857,0.340425532,3.133333333,0.50877193,0.25974026,1.571428571,0.533333333,0.145454545,1.32,0.147916717,0.207142857,0.533333333,0.466666667,0.792857143,0.49122807,29,32,29,32,28,57,143,28,111,0.776223776,0.242940039,-0.097485493,0.102025011,0.005204551,0.004802482,0.641002616,0.205442177,0.343387008,0.543905722,0.24875038,0.720567376,-0.340425532,0.340425532,0.022157364,-0.206824147,0.203640548,0.466666667,0.792857143,-0.340425532,0.7,[0.725],60,-0.073490814,0.716330516,0.784452297,0.263458008,0.305,0.629761905,0.629761905,0.691154555,-33715.18203,-0.194970986,0.758625447,0.737021866,0.751284894,6.188687563,139.7,0,63637.15358,0,265154.8066,22.90642912
7fe73118-87a3-4a1f-8c27-8246a48e7834,CalibratedClassifierCV,PREPROCESSING,DIR,HYPERPARAMETER_FAIR_PCA_BAL_GAN_FAIR,0.71,0.814285714,0.73,0.814285714,0.466666667,0.780821918,140,0.29,0.230446194,1.975555556,0.219178082,0.173758865,2.088888889,0.185714286,0.240425532,2.506666667,0.481481481,0.212121212,1.466666667,0.533333333,0.145454545,1.32,0.136252239,0.185714286,0.533333333,0.466666667,0.814285714,0.518518519,26,32,26,32,28,54,146,28,114,0.780821918,0.192940039,-0.047485493,0.094595011,0.004474108,0.004108689,0.639570573,0.204525259,0.34270712,0.522019614,0.105649536,0.810638298,-0.240425532,0.240425532,0.019181173,-0.14015748,0.185787895,0.466666667,0.814285714,-0.240425532,0.7,[0.725],60,-0.073490814,0.716330516,0.797202797,0.290000704,0.29,0.64047619,0.64047619,0.670889518,-29223.09784,-0.094970986,0.839810573,0.751078736,0.807992063,4.744579077,117.9,0,63482.61462,0,264510.8942,22.85080225
7fe73118-87a3-4a1f-8c27-8246a48e7834,AdaBoostClassifier,PREPROCESSING,DIR,HYPERPARAMETER_FAIR_PCA_BAL_GAN_FAIR,0.675,0.764285714,0.695,0.764285714,0.466666667,0.769784173,140,0.325,0.257742782,1.935238095,0.230215827,0.206460674,2.225,0.235714286,0.287234043,2.35,0.540983607,0.187969925,1.357142857,0.533333333,0.145454545,1.32,0.164124643,0.235714286,0.533333333,0.466666667,0.764285714,0.459016393,33,32,33,32,28,61,139,28,107,0.769784173,0.216344294,-0.070889749,0.094765268,0.004490228,0.004227215,0.640117591,0.204875265,0.342964306,0.572930438,-0.087721857,0.761048689,-0.287234043,0.287234043,-0.009245375,-0.167454068,0.227934248,0.466666667,0.764285714,-0.287234043,0.7,[0.725],60,-0.073490814,0.716330516,0.76702509,0.229873956,0.325,0.61547619,0.61547619,0.659107143,-27612.2528,-0.141779497,0.80089782,0.718076182,0.77124642,,,,,,,
7fe73118-87a3-4a1f-8c27-8246a48e7834,AdaBoostClassifier,PREPROCESSING,DIR,DIR_DEMV,0.665,0.742857143,0.675,0.742857143,0.483333333,0.77037037,140,0.335,0.167454068,1.559649123,0.22962963,0.174796748,2.102564103,0.257142857,0.134042553,1.504,0.553846154,0.111111111,1.2,0.516666667,0.206060606,1.523076923,0.175871137,0.257142857,0.516666667,0.483333333,0.742857143,0.446153846,36,31,36,31,29,65,135,29,104,0.77037037,0.17005158,0.036009026,0.143839427,0.01034489,0.009286437,0.639199113,0.204287753,0.342534262,0.593078641,0.61647516,0.929268293,-0.134042553,0.206060606,-0.031842818,-0.045669291,0.245703065,0.483333333,0.742857143,-0.134042553,0.7,[0.721],60,-0.073490814,0.716330516,0.756363636,0.221304577,0.335,0.613095238,0.613095238,0.591018275,-27550.76228,0.072018053,0.92675925,0.707745443,0.840101951,,,,,,,
7fe73118-87a3-4a1f-8c27-8246a48e7834,GradientBoostingClassifier,PREPROCESSING,DIR,DIR_DEMV,0.7,0.8,0.72,0.8,0.466666667,0.777777778,140,0.3,0.265616798,1.992156863,0.222222222,0.240909091,2.514285714,0.2,0.187234043,1.88,0.5,0.287179487,1.56,0.533333333,0.375757576,1.885714286,0.143983083,0.2,0.533333333,0.466666667,0.8,0.5,28,32,28,32,28,56,144,28,112,0.777777778,0.281495809,0.094261767,0.11353299,0.00644487,0.006028978,0.639354743,0.204387244,0.342603794,0.536624792,-0.061404548,0.962121212,-0.187234043,0.375757576,0.023135198,-0.026246719,0.197655312,0.466666667,0.8,-0.187234043,0.7,[0.721],60,-0.073490814,0.716330516,0.788732394,0.272165527,0.3,0.633333333,0.633333333,0.573634214,-32171.25042,0.188523533,0.908933394,0.741721854,0.845404884,6.326122046,117.5,0,65172.95803,0,271553.9918,23.45924762
7fe73118-87a3-4a1f-8c27-8246a48e7834,RandomForestClassifier,PREPROCESSING,DIR,DIR_DEMV,0.76,0.892857143,0.79,0.892857143,0.45,0.791139241,140,0.24,0.144356955,1.763888889,0.208860759,0.122727273,1.818181818,0.107142857,0.104255319,2.088888889,0.357142857,0.166666667,1.5,0.55,0.145454545,1.32,0.097592795,0.107142857,0.55,0.45,0.892857143,0.642857143,15,33,15,33,27,42,158,27,125,0.791139241,0.124854932,0.020599613,0.078202821,0.003057841,0.002873182,0.639137149,0.204248148,0.342506416,0.441798133,-0.262075244,0.931333333,-0.104255319,0.145454545,0.021969697,-0.054068241,0.123674202,0.45,0.892857143,-0.104255319,0.7,[0.721],60,-0.073490814,0.716330516,0.838926174,0.385744423,0.24,0.671428571,0.671428571,0.657597403,-32527.18371,0.041199226,0.937138931,0.797515111,0.885465086,,,,,,,
7fe73118-87a3-4a1f-8c27-8246a48e7834,CalibratedClassifierCV,PREPROCESSING,DIR,DIR_DEMV,0.705,0.821428571,0.745,0.821428571,0.433333333,0.771812081,140,0.295,0.148031496,1.5875,0.228187919,0.129787234,1.7625,0.178571429,0.129787234,1.7625,0.490196078,0.115151515,1.2375,0.566666667,0.115151515,1.2375,0.134142991,0.178571429,0.566666667,0.433333333,0.821428571,0.509803922,25,34,25,34,26,51,149,26,115,0.771812081,0.122469375,-0.007317859,0.108354578,0.005870357,0.005304415,0.639101482,0.204225352,0.342490309,0.517963302,0.449421075,0.90070922,-0.129787234,0.129787234,-0.007317859,-0.073490814,0.181504685,0.433333333,0.821428571,-0.129787234,0.7,[0.721],60,-0.073490814,0.716330516,0.795847751,0.267852626,0.295,0.627380952,0.627380952,0.631972038,-29679.88648,-0.014635719,0.920371231,0.747674325,0.854575,6.328782558,128.5,0,65243.00656,0,271845.8607,23.48446185
7fe73118-87a3-4a1f-8c27-8246a48e7834,NuSVC,PREPROCESSING,DIR,DIR_DEMV,0.715,0.842857143,0.765,0.842857143,0.416666667,0.77124183,140,0.285,0.097112861,1.411111111,0.22875817,0.113152805,1.709090909,0.157142857,0.040425532,1.253333333,0.468085106,0.045454545,1.1,0.583333333,0.145454545,1.32,0.123773943,0.157142857,0.583333333,0.416666667,0.842857143,0.531914894,22,35,22,35,25,47,153,25,118,0.77124183,0.092940039,0.052514507,0.125035259,0.007816908,0.00705478,0.639557548,0.204516928,0.34269383,0.497541843,1.347362669,0.990780142,-0.040425532,0.145454545,-0.03384913,-0.006824147,0.164820049,0.416666667,0.842857143,-0.040425532,0.7,[0.721],60,-0.073490814,0.716330516,0.805460751,0.280493115,0.285,0.629761905,0.629761905,0.596690269,-29936.84732,0.105029014,0.972353457,0.757539366,0.888381229,,,,,,,
7fe73118-87a3-4a1f-8c27-8246a48e7834,LinearDiscriminantAnalysis,PREPROCESSING,DIR,DIR_DEMV,0.695,0.8,0.725,0.8,0.45,0.772413793,140,0.305,0.155905512,1.638709677,0.227586207,0.138709677,1.86,0.2,0.129787234,1.7625,0.509090909,0.129411765,1.275,0.55,0.145454545,1.32,0.144854253,0.2,0.55,0.45,0.8,0.490909091,28,33,28,33,27,55,145,27,112,0.772413793,0.13762089,0.007833656,0.112345706,0.006310779,0.005620803,0.639108028,0.204229536,0.342493273,0.538245768,0.449421075,0.910394265,-0.129787234,0.145454545,-0.004648956,-0.065616798,0.198466967,0.45,0.8,-0.129787234,0.7,[0.721],60,-0.073490814,0.716330516,0.785964912,0.256574981,0.305,0.625,0.625,0.620103965,-33928.15439,0.015667311,0.924708035,0.737688799,0.852653027,6.178689241,140.8,0,65319.38882,0,272164.1201,23.51195593
7fe73118-87a3-4a1f-8c27-8246a48e7834,CalibratedClassifierCV,PREPROCESSING,DIR,HYPERPARAMETER_DEMV,0.705,0.821428571,0.745,0.821428571,0.433333333,0.771812081,140,0.295,0.148031496,1.5875,0.228187919,0.129787234,1.7625,0.178571429,0.129787234,1.7625,0.490196078,0.115151515,1.2375,0.566666667,0.115151515,1.2375,0.134142991,0.178571429,0.566666667,0.433333333,0.821428571,0.509803922,25,34,25,34,26,51,149,26,115,0.771812081,0.122469375,-0.007317859,0.108354578,0.005870357,0.005304415,0.639101482,0.204225352,0.342490309,0.517963302,0.449421075,0.90070922,-0.129787234,0.129787234,-0.007317859,-0.073490814,0.181504685,0.433333333,0.821428571,-0.129787234,0.7,[0.721],60,-0.073490814,0.716330516,0.795847751,0.267852626,0.295,0.627380952,0.627380952,0.631972038,-29679.88648,-0.014635719,0.920371231,0.747674325,0.854575,4.73052001,118.1,0,65158.24654,0,271492.6939,23.45395217
7fe73118-87a3-4a1f-8c27-8246a48e7834,AdaBoostClassifier,PREPROCESSING,DIR,HYPERPARAMETER_DEMV,0.675,0.771428571,0.705,0.771428571,0.45,0.765957447,140,0.325,0.191076115,1.693333333,0.234042553,0.164794007,1.977777778,0.228571429,0.187234043,1.88,0.542372881,0.140350877,1.266666667,0.55,0.145454545,1.32,0.160874731,0.228571429,0.55,0.45,0.771428571,0.457627119,32,33,32,33,27,59,141,27,108,0.765957447,0.166344294,-0.020889749,0.106017621,0.005619868,0.005138061,0.639186038,0.204279396,0.342528971,0.567229637,0.105649536,0.856179775,-0.187234043,0.187234043,-0.012221565,-0.100787402,0.222613025,0.45,0.771428571,-0.187234043,0.7,[0.721],60,-0.073490814,0.716330516,0.768683274,0.222503957,0.325,0.610714286,0.610714286,0.623471954,-27609.65264,-0.041779497,0.882658302,0.718801997,0.820325208,,,,,,,
7fe73118-87a3-4a1f-8c27-8246a48e7834,AdaBoostClassifier,PREPROCESSING,DIR,FAIR_PCA_DEMV,0.665,0.742857143,0.675,0.742857143,0.483333333,0.77037037,140,0.335,0.167454068,1.559649123,0.22962963,0.174796748,2.102564103,0.257142857,0.134042553,1.504,0.553846154,0.111111111,1.2,0.516666667,0.206060606,1.523076923,0.175871137,0.257142857,0.516666667,0.483333333,0.742857143,0.446153846,36,31,36,31,29,65,135,29,104,0.77037037,0.17005158,0.036009026,0.143839427,0.01034489,0.009286437,0.639199113,0.204287753,0.342534262,0.593078641,0.61647516,0.929268293,-0.134042553,0.206060606,-0.031842818,-0.045669291,0.245703065,0.483333333,0.742857143,-0.134042553,0.7,[0.725],60,-0.073490814,0.716330516,0.756363636,0.221304577,0.335,0.613095238,0.613095238,0.591018275,-27549.63845,0.072018053,0.92675925,0.707745443,0.840101951,,,,,,,
7fe73118-87a3-4a1f-8c27-8246a48e7834,GradientBoostingClassifier,PREPROCESSING,DIR,FAIR_PCA_DEMV,0.725,0.835714286,0.745,0.835714286,0.466666667,0.785234899,140,0.275,0.163779528,1.693333333,0.214765101,0.147826087,1.971428571,0.164285714,0.129787234,1.7625,0.450980392,0.142857143,1.3125,0.533333333,0.175757576,1.414285714,0.124985692,0.164285714,0.533333333,0.466666667,0.835714286,0.549019608,23,32,23,32,28,51,149,28,117,0.785234899,0.152772405,0.022985171,0.103720161,0.005378936,0.005058497,0.639128042,0.204242327,0.342502311,0.499971383,-0.061404548,0.920289855,-0.129787234,0.175757576,-0.002484472,-0.057742782,0.168238711,0.466666667,0.835714286,-0.129787234,0.7,[0.725],60,-0.073490814,0.716330516,0.809688581,0.317918537,0.275,0.651190476,0.651190476,0.636222752,-31979.4332,0.045970342,0.925804696,0.765007609,0.865186775,6.323536158,117.4,0,64848.592,0,270202.4667,23.34249087
7fe73118-87a3-4a1f-8c27-8246a48e7834,RandomForestClassifier,PREPROCESSING,DIR,FAIR_PCA_DEMV,0.7,0.835714286,0.77,0.835714286,0.383333333,0.75974026,140,0.3,0.097112861,1.411111111,0.24025974,0.092727273,1.515151515,0.164285714,0.072340426,1.566666667,0.5,0.055555556,1.125,0.616666667,0.054545455,1.1,0.128875884,0.164285714,0.616666667,0.383333333,0.835714286,0.5,23,37,23,37,23,46,154,23,117,0.75974026,0.06344294,-0.008897485,0.097159955,0.004720028,0.004273596,0.639137149,0.204248148,0.342506416,0.507692593,0.362768958,0.931333333,-0.072340426,0.072340426,-0.018585859,-0.054068241,0.17202776,0.383333333,0.835714286,-0.072340426,0.7,[0.725],60,-0.073490814,0.716330516,0.795918367,0.238527746,0.3,0.60952381,0.60952381,0.614947039,-32642.95977,-0.017794971,0.948351105,0.744884038,0.869208863,,,,,,,
7fe73118-87a3-4a1f-8c27-8246a48e7834,CalibratedClassifierCV,PREPROCESSING,DIR,FAIR_PCA_DEMV,0.71,0.821428571,0.74,0.821428571,0.45,0.777027027,140,0.29,0.155905512,1.638709677,0.222972973,0.138709677,1.86,0.178571429,0.129787234,1.7625,0.480769231,0.129411765,1.275,0.55,0.145454545,1.32,0.133321006,0.178571429,0.55,0.45,0.821428571,0.519230769,25,33,25,33,27,52,148,27,115,0.777027027,0.13762089,0.007833656,0.110829661,0.006141607,0.005548995,0.639108028,0.204229536,0.342493273,0.516373907,0.449421075,0.910394265,-0.129787234,0.145454545,-0.004648956,-0.065616798,0.180720219,0.45,0.821428571,-0.129787234,0.7,[0.725],60,-0.073490814,0.716330516,0.798611111,0.283571561,0.29,0.635714286,0.635714286,0.630734319,-29773.34825,0.015667311,0.924708035,0.751703185,0.858821941,6.257175207,128.6,0,64919.19736,0,270496.6557,23.36790553
7fe73118-87a3-4a1f-8c27-8246a48e7834,NuSVC,PREPROCESSING,DIR,FAIR_PCA_DEMV,0.72,0.85,0.77,0.85,0.416666667,0.772727273,140,0.28,0.104986877,1.459770115,0.227272727,0.114832536,1.727272727,0.15,0.05106383,1.342857143,0.456521739,0.0625,1.142857143,0.583333333,0.145454545,1.32,0.120141497,0.15,0.583333333,0.416666667,0.85,0.543478261,21,35,21,35,25,46,154,25,119,0.772727273,0.098259188,0.047195358,0.122200095,0.007466432,0.006734936,0.639451297,0.204448981,0.342646727,0.490186693,1.347362669,0.980350877,-0.05106383,0.145454545,-0.026166268,-0.014698163,0.159071738,0.416666667,0.85,-0.05106383,0.7,[0.725],60,-0.073490814,0.716330516,0.80952381,0.290381603,0.28,0.633333333,0.633333333,0.60344294,-29330.01932,0.094390716,0.966579284,0.762141968,0.887247399,,,,,,,
7fe73118-87a3-4a1f-8c27-8246a48e7834,LinearDiscriminantAnalysis,PREPROCESSING,DIR,FAIR_PCA_DEMV,0.695,0.8,0.725,0.8,0.45,0.772413793,140,0.305,0.155905512,1.638709677,0.227586207,0.138709677,1.86,0.2,0.129787234,1.7625,0.509090909,0.129411765,1.275,0.55,0.145454545,1.32,0.144854253,0.2,0.55,0.45,0.8,0.490909091,28,33,28,33,27,55,145,27,112,0.772413793,0.13762089,0.007833656,0.112345706,0.006310779,0.005620803,0.639108028,0.204229536,0.342493273,0.538245768,0.449421075,0.910394265,-0.129787234,0.145454545,-0.004648956,-0.065616798,0.198466967,0.45,0.8,-0.129787234,0.7,[0.725],60,-0.073490814,0.716330516,0.785964912,0.256574981,0.305,0.625,0.625,0.620103965,-34004.36936,0.015667311,0.924708035,0.737688799,0.852653027,6.199990511,139.7,0,64988.36415,0,270784.8506,23.39280237
7fe73118-87a3-4a1f-8c27-8246a48e7834,CalibratedClassifierCV,PREPROCESSING,DIR,HYPERPARAMETER_FAIR_PCA_DEMV,0.71,0.821428571,0.74,0.821428571,0.45,0.777027027,140,0.29,0.155905512,1.638709677,0.222972973,0.138709677,1.86,0.178571429,0.129787234,1.7625,0.480769231,0.129411765,1.275,0.55,0.145454545,1.32,0.133321006,0.178571429,0.55,0.45,0.821428571,0.519230769,25,33,25,33,27,52,148,27,115,0.777027027,0.13762089,0.007833656,0.110829661,0.006141607,0.005548995,0.639108028,0.204229536,0.342493273,0.516373907,0.449421075,0.910394265,-0.129787234,0.145454545,-0.004648956,-0.065616798,0.180720219,0.45,0.821428571,-0.129787234,0.7,[0.725],60,-0.073490814,0.716330516,0.798611111,0.283571561,0.29,0.635714286,0.635714286,0.630734319,-29773.34825,0.015667311,0.924708035,0.751703185,0.858821941,4.755105972,117.4,0,64831.08984,0,270129.541,23.3361909
7fe73118-87a3-4a1f-8c27-8246a48e7834,AdaBoostClassifier,PREPROCESSING,DIR,HYPERPARAMETER_FAIR_PCA_DEMV,0.685,0.778571429,0.705,0.778571429,0.466666667,0.773049645,140,0.315,0.198950131,1.743137255,0.226950355,0.174242424,2.095238095,0.221428571,0.187234043,1.88,0.525423729,0.153846154,1.3,0.533333333,0.175757576,1.414285714,0.155924358,0.221428571,0.533333333,0.466666667,0.778571429,0.474576271,31,32,31,32,28,59,141,28,109,0.773049645,0.181495809,-0.005738233,0.125925713,0.007928643,0.007113063,0.63914493,0.204253121,0.342510131,0.558434165,0.61647516,0.865909091,-0.187234043,0.187234043,-0.010198135,-0.092913386,0.215716038,0.466666667,0.778571429,-0.187234043,0.7,[0.725],60,-0.073490814,0.716330516,0.775800712,0.246429114,0.315,0.622619048,0.622619048,0.626191781,-27610.02061,-0.011476467,0.890189745,0.727578352,0.828469655,,,,,,,
7fe73118-87a3-4a1f-8c27-8246a48e7834,AdaBoostClassifier,PREPROCESSING,DIR,DIR_FAIR_GAN,0.725,0.835714286,0.745,0.835714286,0.466666667,0.785234899,140,0.275,0.077690289,1.411111111,0.214765101,0.030188679,1.177777778,0.164285714,0.136170213,3.133333333,0.450980392,0.114285714,1.4,0.533333333,-0.145454545,0.733333333,0.124985692,0.164285714,0.533333333,0.466666667,0.835714286,0.549019608,23,32,23,32,28,51,149,28,117,0.785234899,0.140812379,-0.140812379,0.136580159,0.00932707,0.009403811,0.639891218,0.204730386,0.342857437,0.499971383,0.396005837,0.798742138,-0.136170213,0.145454545,0.042048518,-0.167979003,0.168238711,0.466666667,0.835714286,-0.136170213,0.7,[0.721],60,-0.073490814,0.716330516,0.809688581,0.317918537,0.275,0.651190476,0.651190476,0.742886156,-27573.49713,0.009284333,0.837628473,0.765007609,0.811936557,,,,,,,
7fe73118-87a3-4a1f-8c27-8246a48e7834,GradientBoostingClassifier,PREPROCESSING,DIR,DIR_FAIR_GAN,0.71,0.842857143,0.77,0.842857143,0.4,0.766233766,140,0.29,0.022572178,1.092473118,0.233766234,0.005825243,1.03,0.157142857,0.082978723,1.709090909,0.47826087,-0.058333333,0.872727273,0.6,-0.206060606,0.66,0.124508691,0.157142857,0.6,0.4,0.842857143,0.52173913,22,36,22,36,24,46,154,24,118,0.766233766,0.144519665,-0.144519665,0.083090162,0.003451988,0.003225575,0.639563654,0.204520834,0.342703892,0.499016414,-0.061404548,0.822006472,-0.082978723,0.206060606,-0.032079288,-0.144356955,0.165549749,0.4,0.842857143,-0.082978723,0.7,[0.721],60,-0.073490814,0.716330516,0.802721088,0.264454675,0.29,0.621428571,0.621428571,0.71123722,-31471.29107,0.123081883,0.861202516,0.75351891,0.82204374,6.38045311,117.2,0,65010.18794,0,270875.7831,23.40065793
7fe73118-87a3-4a1f-8c27-8246a48e7834,RandomForestClassifier,PREPROCESSING,DIR,DIR_FAIR_GAN,0.73,0.892857143,0.82,0.892857143,0.35,0.762195122,140,0.27,0.171653543,1.751724138,0.237804878,0.131498471,1.651515152,0.107142857,0.125531915,2.685714286,0.416666667,0.277777778,1.714285714,0.65,0.133333333,1.2,0.101881378,0.107142857,0.65,0.35,0.892857143,0.583333333,15,39,15,39,21,36,164,21,125,0.762195122,0.129432624,0.003900709,0.088157452,0.003885868,0.003644448,0.639120724,0.20423765,0.342499009,0.451400881,0.362768958,0.932110092,-0.125531915,0.133333333,0.073139653,-0.058267717,0.128035065,0.35,0.892857143,-0.125531915,0.7,[0.721],60,-0.073490814,0.716330516,0.822368421,0.289679225,0.27,0.621428571,0.621428571,0.619004559,-27437.54398,0.007801418,0.934104563,0.773436176,0.87361183,,,,,,,
7fe73118-87a3-4a1f-8c27-8246a48e7834,CalibratedClassifierCV,PREPROCESSING,DIR,DIR_FAIR_GAN,0.71,0.842857143,0.77,0.842857143,0.4,0.766233766,140,0.29,0.120734908,1.567901235,0.233766234,0.085811385,1.459090909,0.157142857,0.125531915,2.685714286,0.47826087,0.15,1.428571429,0.6,-0.006060606,0.99,0.124508691,0.157142857,0.6,0.4,0.842857143,0.52173913,22,36,22,36,24,46,154,24,118,0.766233766,0.06579626,-0.06579626,0.131948023,0.00870514,0.008536367,0.639211377,0.204295592,0.342540612,0.499016414,0.756673244,0.870404984,-0.125531915,0.125531915,0.032094308,-0.109186352,0.165549749,0.4,0.842857143,-0.125531915,0.7,[0.721],60,-0.073490814,0.716330516,0.802721088,0.264454675,0.29,0.621428571,0.621428571,0.662316248,-30180.35421,-0.119471309,0.891773808,0.75351891,0.840376652,6.739844322,129.8,0,65095.50374,0,271231.2656,23.43136767
7fe73118-87a3-4a1f-8c27-8246a48e7834,NuSVC,PREPROCESSING,DIR,DIR_FAIR_GAN,0.665,0.7,0.615,0.7,0.583333333,0.796747967,140,0.335,0.073490814,1.282828283,0.203252033,-0.021978022,0.866666667,0.3,0.208510638,2.088888889,0.545454545,0,1,0.416666667,-0.254545455,0.44,0.195750844,0.3,0.416666667,0.583333333,0.7,0.454545455,42,25,42,25,35,77,123,35,98,0.796747967,0.231528046,-0.231528046,0.140153314,0.009821476,0.010114573,0.642622376,0.206481759,0.344177134,0.625700957,0.059650178,0.651282051,-0.208510638,0.254545455,0.010989011,-0.249868766,0.278215689,0.583333333,0.7,-0.208510638,0.7,[0.721],60,-0.073490814,0.716330516,0.745247148,0.266832912,0.335,0.641666667,0.641666667,0.790230496,-32951.35561,0.046034816,0.736206572,0.702840427,0.724738007,,,,,,,
7fe73118-87a3-4a1f-8c27-8246a48e7834,LinearDiscriminantAnalysis,PREPROCESSING,DIR,DIR_FAIR_GAN,0.695,0.821428571,0.755,0.821428571,0.4,0.761589404,140,0.305,0.179527559,1.814285714,0.238410596,0.111320755,1.59,0.178571429,0.214893617,3.525,0.510204082,0.219047619,1.575,0.6,-0.006060606,0.99,0.135655084,0.178571429,0.6,0.4,0.821428571,0.489795918,25,36,25,36,24,49,151,24,115,0.761589404,0.110477112,-0.110477112,0.140383242,0.009853727,0.009659584,0.639891218,0.204730386,0.342857437,0.520874427,0.802135618,0.798742138,-0.214893617,0.214893617,0.053863432,-0.167979003,0.182983389,0.4,0.821428571,-0.214893617,0.7,[0.721],60,-0.073490814,0.716330516,0.790378007,0.235931966,0.305,0.610714286,0.610714286,0.678184236,-35021.61249,-0.208833011,0.824441024,0.739626832,0.794087913,6.187286854,140.8,0,65164.07952,0,271516.998,23.45605177
7fe73118-87a3-4a1f-8c27-8246a48e7834,CalibratedClassifierCV,PREPROCESSING,DIR,HYPERPARAMETER_FAIR_GAN,0.71,0.842857143,0.77,0.842857143,0.4,0.766233766,140,0.29,0.120734908,1.567901235,0.233766234,0.085811385,1.459090909,0.157142857,0.125531915,2.685714286,0.47826087,0.15,1.428571429,0.6,-0.006060606,0.99,0.124508691,0.157142857,0.6,0.4,0.842857143,0.52173913,22,36,22,36,24,46,154,24,118,0.766233766,0.06579626,-0.06579626,0.131948023,0.00870514,0.008536367,0.639211377,0.204295592,0.342540612,0.499016414,0.756673244,0.870404984,-0.125531915,0.125531915,0.032094308,-0.109186352,0.165549749,0.4,0.842857143,-0.125531915,0.7,[0.721],60,-0.073490814,0.716330516,0.802721088,0.264454675,0.29,0.621428571,0.621428571,0.662316248,-30180.35421,-0.119471309,0.891773808,0.75351891,0.840376652,4.757921457,117.4,0,64993.21209,0,270805.0504,23.39454741
7fe73118-87a3-4a1f-8c27-8246a48e7834,AdaBoostClassifier,PREPROCESSING,DIR,HYPERPARAMETER_FAIR_GAN,0.73,0.857142857,0.77,0.857142857,0.433333333,0.779220779,140,0.27,0.069816273,1.354666667,0.220779221,0.022429907,1.126315789,0.142857143,0.136170213,3.133333333,0.434782609,0.1,1.333333333,0.566666667,-0.175757576,0.694736842,0.115774303,0.142857143,0.566666667,0.433333333,0.857142857,0.565217391,20,34,20,34,26,46,154,26,120,0.779220779,0.155963894,-0.155963894,0.126694903,0.008025799,0.007774662,0.640016315,0.204810442,0.342916424,0.481194978,0.709045195,0.791277259,-0.136170213,0.175757576,0.038785047,-0.175853018,0.152593727,0.433333333,0.857142857,-0.136170213,0.7,[0.721],60,-0.073490814,0.716330516,0.816326531,0.316308532,0.27,0.645238095,0.645238095,0.745871941,-27614.03018,0.039587363,0.829948831,0.770753596,0.809232016,,,,,,,
7fe73118-87a3-4a1f-8c27-8246a48e7834,AdaBoostClassifier,PREPROCESSING,DIR,FAIR_PCA_FAIR_GAN,0.725,0.835714286,0.745,0.835714286,0.466666667,0.785234899,140,0.275,0.077690289,1.411111111,0.214765101,0.030188679,1.177777778,0.164285714,0.136170213,3.133333333,0.450980392,0.114285714,1.4,0.533333333,-0.145454545,0.733333333,0.124985692,0.164285714,0.533333333,0.466666667,0.835714286,0.549019608,23,32,23,32,28,51,149,28,117,0.785234899,0.140812379,-0.140812379,0.136580159,0.00932707,0.009403811,0.639891218,0.204730386,0.342857437,0.499971383,0.396005837,0.798742138,-0.136170213,0.145454545,0.042048518,-0.167979003,0.168238711,0.466666667,0.835714286,-0.136170213,0.7,[0.725],60,-0.073490814,0.716330516,0.809688581,0.317918537,0.275,0.651190476,0.651190476,0.742886156,-27573.49713,0.009284333,0.837628473,0.765007609,0.811936557,,,,,,,
7fe73118-87a3-4a1f-8c27-8246a48e7834,GradientBoostingClassifier,PREPROCESSING,DIR,FAIR_PCA_FAIR_GAN,0.72,0.85,0.77,0.85,0.416666667,0.772727273,140,0.28,0.030446194,1.128888889,0.227272727,0.007692308,1.04,0.15,0.093617021,1.88,0.456521739,-0.034782609,0.92,0.583333333,-0.206060606,0.66,0.120141497,0.15,0.583333333,0.416666667,0.85,0.543478261,21,35,21,35,25,46,154,25,119,0.772727273,0.149838814,-0.149838814,0.087489333,0.003827192,0.003614966,0.639664537,0.20458536,0.34275103,0.490186693,-0.018844934,0.814102564,-0.093617021,0.206060606,-0.021237458,-0.152230971,0.159071738,0.416666667,0.85,-0.093617021,0.7,[0.725],60,-0.073490814,0.716330516,0.80952381,0.290381603,0.28,0.633333333,0.633333333,0.728231249,-31519.60591,0.112443585,0.853342993,0.762141968,0.820610458,6.386927128,117.2,0,66205.67102,0,275856.9626,23.83097649
7fe73118-87a3-4a1f-8c27-8246a48e7834,RandomForestClassifier,PREPROCESSING,DIR,FAIR_PCA_FAIR_GAN,0.72,0.9,0.84,0.9,0.3,0.75,140,0.28,0.104986877,1.459770115,0.25,0.111430625,1.567765568,0.1,0.014893617,1.175,0.4375,0.1,1.25,0.7,0.163636364,1.257142857,0.100184672,0.1,0.7,0.3,0.9,0.5625,14,42,14,42,18,32,168,18,126,0.75,0.08926499,0.074371373,0.062726183,0.001967287,0.001872449,0.639902581,0.204737657,0.342845973,0.447626345,-0.548607759,1.028660436,-0.014893617,0.163636364,-0.005715313,0.024146982,0.124341751,0.3,0.9,-0.014893617,0.7,[0.725],60,-0.073490814,0.716330516,0.818181818,0.25,0.28,0.6,0.6,0.555377176,-26830.60877,0.148742747,0.97743392,0.765957447,0.895060247,,,,,,,
7fe73118-87a3-4a1f-8c27-8246a48e7834,CalibratedClassifierCV,PREPROCESSING,DIR,FAIR_PCA_FAIR_GAN,0.715,0.842857143,0.765,0.842857143,0.416666667,0.77124183,140,0.285,0.054068241,1.254320988,0.22875817,0.013084112,1.07,0.157142857,0.125531915,2.685714286,0.468085106,0.05,1.142857143,0.583333333,-0.206060606,0.66,0.123773943,0.157142857,0.583333333,0.416666667,0.842857143,0.531914894,22,35,22,35,25,47,153,25,118,0.77124183,0.16579626,-0.16579626,0.133698822,0.008937687,0.008729975,0.640016315,0.204810442,0.342916424,0.497541843,0.756673244,0.791277259,-0.125531915,0.206060606,0.018457944,-0.175853018,0.164820049,0.416666667,0.842857143,-0.125531915,0.7,[0.725],60,-0.073490814,0.716330516,0.805460751,0.280493115,0.285,0.629761905,0.629761905,0.734174074,-30162.60779,0.080528691,0.829969268,0.757539366,0.804334572,6.266600132,128.6,0,66277.46653,0,276156.1105,23.85681955
7fe73118-87a3-4a1f-8c27-8246a48e7834,NuSVC,PREPROCESSING,DIR,FAIR_PCA_FAIR_GAN,0.66,0.7,0.62,0.7,0.566666667,0.790322581,140,0.34,0.065616798,1.245098039,0.209677419,-0.023809524,0.857142857,0.3,0.19787234,1.978947368,0.552631579,-0.013513514,0.973684211,0.433333333,-0.254545455,0.44,0.197069943,0.3,0.433333333,0.566666667,0.7,0.447368421,42,26,42,26,34,76,124,34,98,0.790322581,0.226208897,-0.226208897,0.120121371,0.007214572,0.00730654,0.642363471,0.206315414,0.344049562,0.627805612,-0.040137849,0.658518519,-0.19787234,0.254545455,0.005148005,-0.241994751,0.27927103,0.566666667,0.7,-0.19787234,0.7,[0.725],60,-0.073490814,0.716330516,0.742424242,0.251762323,0.34,0.633333333,0.633333333,0.776598968,-33740.04494,0.056673114,0.743932063,0.698789974,0.728250317,,,,,,,
7fe73118-87a3-4a1f-8c27-8246a48e7834,LinearDiscriminantAnalysis,PREPROCESSING,DIR,FAIR_PCA_FAIR_GAN,0.705,0.828571429,0.755,0.828571429,0.416666667,0.768211921,140,0.295,0.03832021,1.167816092,0.231788079,0.00952381,1.05,0.171428571,0.104255319,2.088888889,0.489795918,-0.009090909,0.977777778,0.583333333,-0.206060606,0.66,0.131162822,0.171428571,0.583333333,0.416666667,0.828571429,0.510204082,24,35,24,35,25,49,151,25,116,0.768211921,0.155157963,-0.155157963,0.132650408,0.008798065,0.008509283,0.639773844,0.204655286,0.34280226,0.512177356,0.756673244,0.806349206,-0.104255319,0.206060606,-0.009307359,-0.160104987,0.176413274,0.416666667,0.828571429,-0.104255319,0.7,[0.725],60,-0.073490814,0.716330516,0.797250859,0.261300995,0.295,0.622619048,0.622619048,0.719223351,-34847.45554,0.101805287,0.845518443,0.74829294,0.810419256,6.187525988,139.9,0,66347.8329,0,276449.3037,23.88214818
7fe73118-87a3-4a1f-8c27-8246a48e7834,CalibratedClassifierCV,PREPROCESSING,DIR,HYPERPARAMETER_FAIR_PCA_FAIR_GAN,0.715,0.842857143,0.765,0.842857143,0.416666667,0.77124183,140,0.285,0.054068241,1.254320988,0.22875817,0.013084112,1.07,0.157142857,0.125531915,2.685714286,0.468085106,0.05,1.142857143,0.583333333,-0.206060606,0.66,0.123773943,0.157142857,0.583333333,0.416666667,0.842857143,0.531914894,22,35,22,35,25,47,153,25,118,0.77124183,0.16579626,-0.16579626,0.133698822,0.008937687,0.008729975,0.640016315,0.204810442,0.342916424,0.497541843,0.756673244,0.791277259,-0.125531915,0.206060606,0.018457944,-0.175853018,0.164820049,0.416666667,0.842857143,-0.125531915,0.7,[0.725],60,-0.073490814,0.716330516,0.805460751,0.280493115,0.285,0.629761905,0.629761905,0.734174074,-30162.60779,0.080528691,0.829969268,0.757539366,0.804334572,4.744703293,117.6,0,66189.68736,0,275790.364,23.82522311
7fe73118-87a3-4a1f-8c27-8246a48e7834,AdaBoostClassifier,PREPROCESSING,DIR,HYPERPARAMETER_FAIR_PCA_FAIR_GAN,0.73,0.857142857,0.77,0.857142857,0.433333333,0.779220779,140,0.27,0.069816273,1.354666667,0.220779221,0.022429907,1.126315789,0.142857143,0.136170213,3.133333333,0.434782609,0.1,1.333333333,0.566666667,-0.175757576,0.694736842,0.115774303,0.142857143,0.566666667,0.433333333,0.857142857,0.565217391,20,34,20,34,26,46,154,26,120,0.779220779,0.155963894,-0.155963894,0.126694903,0.008025799,0.007774662,0.640016315,0.204810442,0.342916424,0.481194978,0.709045195,0.791277259,-0.136170213,0.175757576,0.038785047,-0.175853018,0.152593727,0.433333333,0.857142857,-0.136170213,0.7,[0.725],60,-0.073490814,0.716330516,0.816326531,0.316308532,0.27,0.645238095,0.645238095,0.745871941,-27614.03018,0.039587363,0.829948831,0.770753596,0.809232016,,,,,,,
7fe73118-87a3-4a1f-8c27-8246a48e7834,NEURONAL_NETWORK,IN_PROCESSING,RULER,DIR,0.66,0.764285714,0.71,0.764285714,0.416666667,0.753521127,140,0.34,0.100787402,1.336842105,0.246478873,0.118181818,1.65,0.235714286,0.065957447,1.281818182,0.568965517,0.035897436,1.063636364,0.583333333,0.115151515,1.2375,0.166601314,0.235714286,0.583333333,0.416666667,0.764285714,0.431034483,33,35,33,35,25,58,142,25,107,0.753521127,0.090554481,0.024597034,0.095219252,0.004533353,0.004293426,0.639354743,0.204387244,0.342603794,0.577237063,-0.397876785,0.962121212,-0.065957447,0.115151515,-0.041142191,-0.026246719,0.230249187,0.416666667,0.764285714,-0.065957447,0.7,[0.721],60,-0.073490814,0.716330516,0.758865248,0.182745115,0.34,0.59047619,0.59047619,0.575952227,,0.049194068,0.961040246,0.705988204,0.857747554,,,,,,,
7fe73118-87a3-4a1f-8c27-8246a48e7834,NEURONAL_NETWORK,IN_PROCESSING,RULER,SMOTE,0.735,0.892857143,0.815,0.892857143,0.366666667,0.766871166,140,0.265,0.144356955,1.763888889,0.233128834,0.150829563,1.961538462,0.107142857,0.014893617,1.175,0.405405405,0.18,1.5625,0.633333333,0.315151515,1.65,0.101258823,0.107142857,0.633333333,0.366666667,0.892857143,0.594594595,15,38,15,38,22,37,163,22,125,0.766871166,0.165022566,0.150128949,0.090315455,0.004078441,0.003801423,0.640782507,0.205301111,0.343229945,0.450019606,-0.060087892,1.079084967,-0.014893617,0.315151515,0.014585219,0.06351706,0.127375127,0.366666667,0.892857143,-0.014893617,0.7,[0.721],60,-0.073490814,0.716330516,0.825082508,0.306282502,0.265,0.629761905,0.629761905,0.535216412,-29105.31544,0.300257898,0.955496764,0.777440476,0.887725207,,,,,,,
7fe73118-87a3-4a1f-8c27-8246a48e7834,NEURONAL_NETWORK,IN_PROCESSING,RULER,SMOTE_FAIR_PCA,0.71,0.785714286,0.69,0.785714286,0.533333333,0.797101449,140,0.29,0.163779528,1.693333333,0.202898551,0.172093023,2.345454545,0.214285714,0.09787234,1.484210526,0.483870968,0.136585366,1.294736842,0.466666667,0.266666667,1.8,0.147893072,0.214285714,0.466666667,0.533333333,0.785714286,0.516129032,30,28,30,28,32,62,138,32,110,0.797101449,0.182269504,0.084397163,0.111322942,0.006196399,0.005636524,0.639565187,0.204521814,0.342697211,0.543862248,-0.061404548,0.984496124,-0.09787234,0.266666667,-0.017753829,-0.010498688,0.206091963,0.533333333,0.785714286,-0.09787234,0.7,[0.725],60,-0.073490814,0.716330516,0.791366906,0.31612567,0.29,0.65952381,0.65952381,0.603861871,-35343.07357,0.168794326,0.94629195,0.748478605,0.869677097,,,,,,,
7fe73118-87a3-4a1f-8c27-8246a48e7834,NEURONAL_NETWORK,IN_PROCESSING,RULER,ROS,0.705,0.75,0.645,0.75,0.6,0.813953488,140,0.295,0.081364829,1.322916667,0.186046512,0.091269841,1.696969697,0.25,0.076595745,1.342857143,0.492957746,0.011627907,1.023809524,0.4,0.066666667,1.2,0.163475267,0.25,0.4,0.6,0.75,0.507042254,35,24,35,24,36,71,129,36,105,0.813953488,0.071631206,-0.004964539,0.101371934,0.005138135,0.004625068,0.639119312,0.204236748,0.342498372,0.571795884,-0.188263086,0.907142857,-0.076595745,0.076595745,-0.039820967,-0.061417323,0.232607731,0.6,0.75,-0.076595745,0.7,[0.721],60,-0.073490814,0.716330516,0.780669145,0.335184292,0.295,0.675,0.675,0.678351064,,-0.009929078,0.939907692,0.740907555,0.862672693,,,,,,,
7fe73118-87a3-4a1f-8c27-8246a48e7834,NEURONAL_NETWORK,IN_PROCESSING,RULER,ROS_FAIR_PCA,0.705,0.771428571,0.675,0.771428571,0.55,0.8,140,0.295,-0.075590551,0.725714286,0.2,-0.057428215,0.659259259,0.228571429,-0.012765957,0.94,0.492307692,-0.192982456,0.633333333,0.45,-0.254545455,0.44,0.154832347,0.228571429,0.45,0.55,0.771428571,0.507692308,32,27,32,27,33,65,135,33,108,0.8,0.133655706,-0.120889749,0.049636766,0.001231904,0.001171909,0.639186038,0.204279396,0.342528971,0.556475241,-0.415745039,0.856179775,0.012765957,0.254545455,-0.067777121,-0.100787402,0.217266258,0.55,0.771428571,0.012765957,0.7,[0.725],60,-0.073490814,0.716330516,0.785454545,0.314485451,0.295,0.660714286,0.660714286,0.74058787,,0.241779497,0.902831037,0.74305581,0.842448661,,,,,,,
7fe73118-87a3-4a1f-8c27-8246a48e7834,NEURONAL_NETWORK,IN_PROCESSING,RULER,RUS,0.635,0.607142857,0.515,0.607142857,0.7,0.825242718,140,0.365,0.218372703,1.693333333,0.174757282,0.208333333,2.666666667,0.392857143,0.270212766,1.819354839,0.567010309,0.103030303,1.182795699,0.3,0.127272727,1.466666667,0.248993188,0.392857143,0.3,0.7,0.607142857,0.432989691,55,18,55,18,42,97,103,42,85,0.825242718,0.198742747,-0.071470019,0.073700323,0.002715869,0.002629875,0.640462014,0.205095796,0.343127938,0.705681497,-0.383987673,0.705555556,-0.270212766,0.270212766,-0.052651515,-0.166929134,0.357654887,0.7,0.607142857,-0.270212766,0.7,[0.721],60,-0.073490814,0.716330516,0.699588477,0.281627839,0.365,0.653571429,0.653571429,0.700282191,,-0.142940039,0.789743686,0.665731333,0.743572802,,,,,,,
7fe73118-87a3-4a1f-8c27-8246a48e7834,NEURONAL_NETWORK,IN_PROCESSING,RULER,RUS_FAIR_PCA,0.615,0.6,0.525,0.6,0.65,0.8,140,0.385,0.28503937,1.905,0.2,0.303571429,3.428571429,0.4,0.270212766,1.819354839,0.589473684,0.186363636,1.330645161,0.35,0.327272727,2.2,0.260330579,0.4,0.35,0.65,0.6,0.410526316,56,21,56,21,39,95,105,39,84,0.8,0.298742747,0.028529981,0.034598226,0.000598519,0.00058274,0.639211377,0.204295592,0.342540612,0.721568539,-0.350464981,0.823148148,-0.270212766,0.327272727,-0.058603896,-0.100262467,0.368809357,0.65,0.6,-0.270212766,0.7,[0.725],60,-0.073490814,0.716330516,0.685714286,0.229415734,0.385,0.625,0.625,0.607168762,,0.057059961,0.846397189,0.648434926,0.768219948,,,,,,,
7fe73118-87a3-4a1f-8c27-8246a48e7834,NEURONAL_NETWORK,IN_PROCESSING,RULER,FOS,0.685,0.75,0.665,0.75,0.533333333,0.789473684,140,0.315,-0.0167979,0.940740741,0.210526316,-0.052777778,0.703125,0.25,0.087234043,1.41,0.52238806,-0.111969112,0.792857143,0.466666667,-0.284848485,0.4125,0.168474321,0.25,0.466666667,0.533333333,0.75,0.47761194,35,28,35,28,32,67,133,32,105,0.789473684,0.186041264,-0.186041264,0.124151994,0.007706859,0.007026263,0.640277389,0.204977568,0.343040077,0.580472775,0.24875038,0.752592593,-0.087234043,0.284848485,-0.029595667,-0.175328084,0.236747603,0.533333333,0.75,-0.087234043,0.7,[0.721],60,-0.073490814,0.716330516,0.769230769,0.27508955,0.315,0.641666667,0.641666667,0.761043144,,0.197614442,0.822118574,0.724676012,0.786850964,,,,,,,
7fe73118-87a3-4a1f-8c27-8246a48e7834,NEURONAL_NETWORK,IN_PROCESSING,RULER,FOS_FAIR_PCA,0.655,0.707142857,0.635,0.707142857,0.533333333,0.779527559,140,0.345,0.175328084,1.601801802,0.220472441,0.168627451,2.023809524,0.292857143,0.155319149,1.634782609,0.561643836,0.119047619,1.217391304,0.466666667,0.175757576,1.414285714,0.194901198,0.292857143,0.466666667,0.533333333,0.707142857,0.438356164,41,28,41,28,32,73,127,32,99,0.779527559,0.165538362,0.010219213,0.064291767,0.002066716,0.00194672,0.639103607,0.20422671,0.342491272,0.62434157,-0.422020838,0.896470588,-0.155319149,0.175757576,-0.024789916,-0.069291339,0.274782237,0.533333333,0.707142857,-0.155319149,0.7,[0.725],60,-0.073490814,0.716330516,0.741573034,0.228901393,0.345,0.620238095,0.620238095,0.61389975,,0.020438427,0.912379734,0.695603202,0.826521206,,,,,,,
7fe73118-87a3-4a1f-8c27-8246a48e7834,NEURONAL_NETWORK,IN_PROCESSING,RULER,FAIR_SMOTE,0.55,0.478571429,0.42,0.478571429,0.716666667,0.797619048,140,0.45,-0.072440945,0.846666667,0.202380952,0.204761905,3.15,0.521428571,-0.295744681,0.503571429,0.629310345,-0.058823529,0.910714286,0.283333333,0.478787879,4.95,0.358410494,0.521428571,0.283333333,0.716666667,0.478571429,0.370689655,73,17,73,17,43,116,84,43,67,0.797619048,0.38726628,0.38726628,0.282329547,0.039854987,0.035556258,0.681163467,0.231991834,0.359591885,0.846652814,0.266449957,2.015873016,0.295744681,0.478787879,-0.131792717,0.335958005,0.492163818,0.716666667,0.478571429,0.295744681,0.7,[0.721],60,-0.073490814,0.716330516,0.598214286,0.181274021,0.45,0.597619048,0.597619048,0.366181342,-44859.95923,0.183043198,0.791458308,0.573094868,0.702264835,,,,,,,
7fe73118-87a3-4a1f-8c27-8246a48e7834,NEURONAL_NETWORK,IN_PROCESSING,RULER,FAIR_SMOTE_FAIR_PCA,0.44,0.228571429,0.18,0.228571429,0.933333333,0.888888889,140,0.56,-0.104461942,0.836213992,0.111111111,0.333333333,inf,0.771428571,-0.261702128,0.696296296,0.658536585,-0.043859649,0.938271605,0.066666667,0.4,inf,0.628472222,0.771428571,0.066666667,0.933333333,0.228571429,0.341463415,108,4,108,4,56,164,36,56,32,0.888888889,0.330851064,0.330851064,0.341628508,0.058355019,0.054289755,0.722631728,0.261098307,0.37584845,1.121135337,0.632223517,3.907692308,0.261702128,0.4,-0.188596491,0.297637795,0.79173144,0.933333333,0.228571429,0.261702128,0.7,[0.725],60,-0.073490814,0.716330516,0.363636364,0.193119483,0.56,0.580952381,0.580952381,0.388743668,-83471.91712,0.138297872,0.8832801,0.398190045,0.628186603,,,,,,,
7fe73118-87a3-4a1f-8c27-8246a48e7834,NEURONAL_NETWORK,IN_PROCESSING,RULER,BAL_GAN_FAIR,0.655,0.742857143,0.685,0.742857143,0.45,0.759124088,140,0.345,0.092913386,1.302564103,0.240875912,0.116091954,1.63125,0.257142857,0.055319149,1.226086957,0.571428571,0.025,1.043478261,0.55,0.115151515,1.2375,0.177677858,0.257142857,0.55,0.45,0.742857143,0.428571429,36,33,36,33,27,63,137,27,104,0.759124088,0.085235332,0.029916183,0.05990632,0.001794384,0.001759787,0.639451297,0.204448981,0.342646727,0.5961172,0.045809536,0.973180077,-0.055319149,0.115151515,-0.045545977,-0.018372703,0.247335536,0.45,0.742857143,-0.055319149,0.7,[0.721],60,-0.073490814,0.716330516,0.750902527,0.190258826,0.345,0.596428571,0.596428571,0.578585705,,0.059832366,0.967194468,0.699680306,0.857863306,,,,,,,
7fe73118-87a3-4a1f-8c27-8246a48e7834,NEURONAL_NETWORK,IN_PROCESSING,RULER,BAL_GAN_FAIR_FAIR_PCA,0.665,0.742857143,0.675,0.742857143,0.483333333,0.77037037,140,0.335,0.116535433,1.411111111,0.22962963,0.137209302,1.842857143,0.257142857,0.065957447,1.281818182,0.553846154,0.063414634,1.118181818,0.516666667,0.175757576,1.414285714,0.175871137,0.257142857,0.516666667,0.483333333,0.742857143,0.446153846,36,31,36,31,29,65,135,29,104,0.77037037,0.120857511,0.054900064,0.075062795,0.002817212,0.002649409,0.639565187,0.204521814,0.342697211,0.593078641,-0.649191213,0.984496124,-0.065957447,0.175757576,-0.036897334,-0.010498688,0.245703065,0.483333333,0.742857143,-0.065957447,0.7,[0.725],60,-0.073490814,0.716330516,0.756363636,0.221304577,0.335,0.613095238,0.613095238,0.57943627,,0.109800129,0.962681111,0.707745443,0.859483465,,,,,,,
7fe73118-87a3-4a1f-8c27-8246a48e7834,NEURONAL_NETWORK,IN_PROCESSING,RULER,DEMV,0.7,0.785714286,0.7,0.785714286,0.5,0.785714286,140,0.3,0.155905512,1.638709677,0.214285714,0.187265918,2.282051282,0.214285714,0.008510638,1.044444444,0.5,0.192982456,1.407407407,0.5,0.406060606,2.030769231,0.15,0.214285714,0.5,0.5,0.785714286,0.5,30,30,30,30,30,60,140,30,110,0.785714286,0.207285622,0.198774984,0.092642013,0.004291271,0.003995992,0.642333786,0.206296346,0.343897508,0.547722558,-0.221785778,1.141573034,-0.008510638,0.406060606,0.002858269,0.099212598,0.207944154,0.5,0.785714286,-0.008510638,0.7,[0.721],60,-0.073490814,0.716330516,0.785714286,0.285714286,0.3,0.642857143,0.642857143,0.515073225,,0.397549968,0.942774386,0.740384615,0.864043436,,,,,,,
7fe73118-87a3-4a1f-8c27-8246a48e7834,NEURONAL_NETWORK,IN_PROCESSING,RULER,DEMV_FAIR_PCA,0.68,0.721428571,0.63,0.721428571,0.583333333,0.801587302,140,0.32,0.034120735,1.114035088,0.198412698,0.063685637,1.401709402,0.278571429,0.034042553,1.128,0.527027027,-0.055555556,0.9,0.416666667,0.006060606,1.015384615,0.182159787,0.278571429,0.416666667,0.583333333,0.721428571,0.472972973,39,25,39,25,35,74,126,35,101,0.801587302,0.02005158,-0.013990974,0.064883241,0.002104917,0.001971723,0.639199113,0.204287753,0.342534262,0.603588912,-0.582799123,0.929268293,-0.034042553,0.034042553,-0.059620596,-0.045669291,0.25890058,0.583333333,0.721428571,-0.034042553,0.7,[0.725],60,-0.073490814,0.716330516,0.759398496,0.289267199,0.32,0.652380952,0.652380952,0.661508397,,-0.027981947,0.95845067,0.717509402,0.861967167,,,,,,,
7fe73118-87a3-4a1f-8c27-8246a48e7834,NEURONAL_NETWORK,IN_PROCESSING,RULER,FAIR_GAN,0.7,0.814285714,0.74,0.814285714,0.433333333,0.77027027,140,0.3,0.073490814,1.282828283,0.22972973,0.03030303,1.157894737,0.185714286,0.15106383,2.014285714,0.5,0,1,0.566666667,-0.175757576,0.694736842,0.137943787,0.185714286,0.566666667,0.433333333,0.814285714,0.5,26,34,26,34,26,52,148,26,114,0.77027027,0.163410703,-0.163410703,0.134490805,0.009043888,0.008131286,0.64020777,0.204932994,0.343007034,0.525250011,1.715087449,0.76969697,-0.15106383,0.175757576,-0.015151515,-0.179527559,0.187385096,0.433333333,0.814285714,-0.15106383,0.7,[0.721],60,-0.073490814,0.716330516,0.791666667,0.258696863,0.3,0.623809524,0.623809524,0.725746676,,0.024693746,0.817778989,0.74301676,0.791240814,,,,,,,
7fe73118-87a3-4a1f-8c27-8246a48e7834,NEURONAL_NETWORK,IN_PROCESSING,RULER,FAIR_GAN_FAIR_PCA,0.66,0.671428571,0.58,0.671428571,0.633333333,0.810344828,140,0.34,0.14015748,1.539393939,0.189655172,0.017241379,1.115384615,0.328571429,0.287234043,2.35,0.547619048,0.055555556,1.111111111,0.366666667,-0.193939394,0.507692308,0.210227273,0.328571429,0.366666667,0.633333333,0.671428571,0.452380952,46,22,46,22,38,84,116,38,94,0.810344828,0.240586718,-0.240586718,0.139290838,0.009700969,0.010046055,0.644552357,0.207723871,0.345141834,0.648424664,-0.009853359,0.583908046,-0.287234043,0.287234043,0.019157088,-0.28503937,0.301120167,0.633333333,0.671428571,-0.287234043,0.7,[0.725],60,-0.073490814,0.716330516,0.734375,0.282964325,0.34,0.652380952,0.652380952,0.809335145,,-0.093294649,0.685980686,0.695203944,0.689027793,,,,,,,
7fe73118-87a3-4a1f-8c27-8246a48e7834,NEURONAL_NETWORK,IN_PROCESSING,RULER,FAIR_PCA,0.66,0.692857143,0.61,0.692857143,0.583333333,0.795081967,140,0.34,0.257742782,1.935238095,0.204918033,0.206460674,2.225,0.307142857,0.287234043,2.35,0.551282051,0.187969925,1.357142857,0.416666667,0.145454545,1.32,0.200398503,0.307142857,0.416666667,0.583333333,0.692857143,0.448717949,43,25,43,25,35,78,122,35,97,0.795081967,0.216344294,-0.070889749,0.153283514,0.011747918,0.011941053,0.640117591,0.204875265,0.342964306,0.633085306,0.040790373,0.761048689,-0.287234043,0.287234043,-0.009245375,-0.167454068,0.284735729,0.583333333,0.692857143,-0.287234043,0.7,[0.725],60,-0.073490814,0.716330516,0.740458015,0.259490298,0.34,0.638095238,0.638095238,0.683329649,,-0.141779497,0.80089782,0.697917802,0.763352768,,,,,,,
7fe73118-87a3-4a1f-8c27-8246a48e7834,NEURONAL_NETWORK,IN_PROCESSING,FairODTrainer,FAIR_SMOTE,0.7,1,1,1,0,0.7,140,0.3,0.073490814,1.282828283,0.3,0.073490814,1.282828283,0,0,,0,0,,1,0,1,0.062130178,0,1,0,1,0,0,60,0,60,0,0,200,0,140,0.7,0,0,0.054683073,0.001495119,0.001436123,0.639451297,0.204448981,0.342646727,0.352505823,1.496642418,1,0,0,-0.036745407,0,0.057549819,0,1,0,0.7,[0.721],60,-0.073490814,0.716330516,0.823529412,0,0.3,0.5,0.5,0.5,-55836.37354,0,1,0.756756757,0.903225806,95.43170142,453.9,1,385738.8908,1.596385479,1607484.836,138.8688289
7fe73118-87a3-4a1f-8c27-8246a48e7834,NEURONAL_NETWORK,IN_PROCESSING,FAIR_SMOTE_FAIR_PCA,FAIR_SMOTE,0.7,1,1,1,0,0.7,140,0.3,0.073490814,1.282828283,0.3,0.073490814,1.282828283,0,0,,0,0,,1,0,1,0.062130178,0,1,0,1,0,0,60,0,60,0,0,200,0,140,0.7,0,0,0.054683073,0.001495119,0.001436123,0.639451297,0.204448981,0.342646727,0.352505823,1.496642418,1,0,0,-0.036745407,0,0.057549819,0,1,0,0.7,[0.725],60,-0.073490814,0.716330516,0.823529412,0,0.3,0.5,0.5,0.5,-48265.67141,0,1,0.756756757,0.903225806,,,,,,,
7fe73118-87a3-4a1f-8c27-8246a48e7834,NEURONAL_NETWORK,IN_PROCESSING,DISTRACTION,DIR,0.695,0.792857143,0.715,0.792857143,0.466666667,0.776223776,140,0.305,-0.001049869,0.996078431,0.223776224,0.026086957,1.15,0.207142857,0.008510638,1.044444444,0.50877193,-0.114285714,0.777777778,0.533333333,-0.084848485,0.825,0.147916717,0.207142857,0.533333333,0.466666667,0.792857143,0.49122807,29,32,29,32,28,57,143,28,111,0.776223776,0.046679562,-0.046679562,0.061039736,0.001862925,0.001770804,0.639128042,0.204242327,0.342502311,0.543905722,-0.501673579,0.920289855,-0.008510638,0.084848485,-0.070186335,-0.057742782,0.203640548,0.466666667,0.792857143,-0.008510638,0.7,[0.721],60,-0.073490814,0.716330516,0.784452297,0.263458008,0.305,0.629761905,0.629761905,0.659158914,,0.076337847,0.951147984,0.737021866,0.867168798,,,,,,,
7fe73118-87a3-4a1f-8c27-8246a48e7834,NEURONAL_NETWORK,IN_PROCESSING,DISTRACTION,SMOTE,0.705,0.778571429,0.685,0.778571429,0.533333333,0.795620438,140,0.295,0.198950131,1.743137255,0.204379562,0.15942029,1.916666667,0.221428571,0.208510638,2.088888889,0.492063492,0.152380952,1.296296296,0.466666667,0.115151515,1.2375,0.151910639,0.221428571,0.466666667,0.533333333,0.778571429,0.507936508,31,28,31,28,32,63,137,32,109,0.795620438,0.161831077,-0.046679562,0.048142809,0.001158865,0.001111413,0.639383103,0.204405376,0.342619917,0.551199854,-0.334619494,0.82826087,-0.208510638,0.208510638,-0.003519669,-0.124409449,0.2121504,0.533333333,0.778571429,-0.208510638,0.7,[0.721],60,-0.073490814,0.716330516,0.78700361,0.307702546,0.295,0.655952381,0.655952381,0.686571951,,-0.093359123,0.858030028,0.743748261,0.816223983,,,,,,,
7fe73118-87a3-4a1f-8c27-8246a48e7834,NEURONAL_NETWORK,IN_PROCESSING,DISTRACTION,SMOTE_FAIR_PCA,0.705,0.8,0.715,0.8,0.483333333,0.783216783,140,0.295,0.23832021,2.043678161,0.216783217,0.175438596,2.111111111,0.2,0.25106383,2.685714286,0.49122807,0.229166667,1.523809524,0.516666667,0.145454545,1.32,0.143063408,0.2,0.516666667,0.483333333,0.8,0.50877193,28,31,28,31,29,57,143,29,112,0.783216783,0.198259188,-0.052804642,0.047353167,0.001121161,0.001122455,0.639679645,0.204595024,0.342758101,0.534908232,0.170972679,0.802105263,-0.25106383,0.25106383,0.026864035,-0.148031496,0.196811512,0.483333333,0.8,-0.25106383,0.7,[0.725],60,-0.073490814,0.716330516,0.791519435,0.287628468,0.295,0.641666667,0.641666667,0.675549645,,-0.105609284,0.831350707,0.74575871,0.800717471,,,,,,,
7fe73118-87a3-4a1f-8c27-8246a48e7834,NEURONAL_NETWORK,IN_PROCESSING,DISTRACTION,ROS,0.71,0.785714286,0.69,0.785714286,0.533333333,0.797101449,140,0.29,0.222572178,1.911827957,0.202898551,0.179487179,2.166666667,0.214285714,0.219148936,2.211764706,0.483870968,0.194444444,1.411764706,0.466666667,0.175757576,1.414285714,0.147893072,0.214285714,0.466666667,0.533333333,0.785714286,0.516129032,30,28,30,28,32,62,138,32,110,0.797101449,0.197453256,-0.02169568,0.046575686,0.001084647,0.001041891,0.639305678,0.204355875,0.342584081,0.543862248,-0.362399058,0.837362637,-0.219148936,0.219148936,0.007478632,-0.116535433,0.206091963,0.533333333,0.785714286,-0.219148936,0.7,[0.721],60,-0.073490814,0.716330516,0.791366906,0.31612567,0.29,0.65952381,0.65952381,0.673832627,,-0.04339136,0.864124277,0.748478605,0.821799506,,,,,,,
7fe73118-87a3-4a1f-8c27-8246a48e7834,NEURONAL_NETWORK,IN_PROCESSING,DISTRACTION,ROS_FAIR_PCA,0.685,0.757142857,0.675,0.757142857,0.516666667,0.785185185,140,0.315,0.273490814,2.052525253,0.214814815,0.235164835,2.426666667,0.242857143,0.208510638,2.088888889,0.523076923,0.3,1.6,0.483333333,0.345454545,1.76,0.165351742,0.242857143,0.483333333,0.516666667,0.757142857,0.476923077,34,29,34,29,31,65,135,31,106,0.785185185,0.276982592,0.068471954,0.01352039,9.14E-05,9.13E-05,0.639162103,0.204264097,0.342517645,0.575068243,-0.085766822,0.93040293,-0.208510638,0.345454545,0.032417582,-0.049868766,0.231484662,0.516666667,0.757142857,-0.208510638,0.7,[0.725],60,-0.073490814,0.716330516,0.770909091,0.267895014,0.315,0.636904762,0.636904762,0.593294649,,0.136943907,0.896010142,0.725419919,0.830880044,,,,,,,
7fe73118-87a3-4a1f-8c27-8246a48e7834,NEURONAL_NETWORK,IN_PROCESSING,DISTRACTION,RUS,0.63,0.585714286,0.49,0.585714286,0.733333333,0.836734694,140,0.37,0.292913386,1.953846154,0.163265306,0.33901919,4.785714286,0.414285714,0.24893617,1.709090909,0.568627451,0.2,1.363636364,0.266666667,0.418181818,3.3,0.261095978,0.414285714,0.266666667,0.733333333,0.585714286,0.431372549,58,16,58,16,44,102,98,44,82,0.836734694,0.333558994,0.084622824,0.075957673,0.002884784,0.002719009,0.639128042,0.204242327,0.342502311,0.722628505,-0.445362518,0.884577114,-0.24893617,0.418181818,-0.069509595,-0.060892388,0.376106573,0.733333333,0.585714286,-0.24893617,0.7,[0.721],60,-0.073490814,0.716330516,0.68907563,0.292470473,0.37,0.65952381,0.65952381,0.603713042,,0.169245648,0.865948003,0.658214946,0.783521386,,,,,,,
7fe73118-87a3-4a1f-8c27-8246a48e7834,NEURONAL_NETWORK,IN_PROCESSING,DISTRACTION,RUS_FAIR_PCA,0.645,0.614285714,0.515,0.614285714,0.716666667,0.834951456,140,0.355,0.135958005,1.411111111,0.165048544,0.146825397,2.057142857,0.385714286,0.159574468,1.46875,0.556701031,0.043181818,1.07421875,0.283333333,0.096969697,1.32,0.241465618,0.385714286,0.283333333,0.716666667,0.614285714,0.443298969,54,17,54,17,43,97,103,43,86,0.834951456,0.128272083,-0.031302386,0.049979151,0.001248958,0.001240115,0.639211377,0.204295592,0.342540612,0.69493254,-0.350464981,0.823148148,-0.159574468,0.159574468,-0.051821789,-0.100262467,0.349150013,0.716666667,0.614285714,-0.159574468,0.7,[0.725],60,-0.073490814,0.716330516,0.70781893,0.303459455,0.355,0.66547619,0.66547619,0.686307183,,-0.062604771,0.879416462,0.674950948,0.798759369,,,,,,,
7fe73118-87a3-4a1f-8c27-8246a48e7834,NEURONAL_NETWORK,IN_PROCESSING,DISTRACTION,FOS,0.72,0.785714286,0.68,0.785714286,0.566666667,0.808823529,140,0.28,0.171653543,1.751724138,0.191176471,0.149462366,1.992857143,0.214285714,0.140425532,1.88,0.46875,0.158823529,1.36,0.433333333,0.175757576,1.414285714,0.145564348,0.214285714,0.433333333,0.566666667,0.785714286,0.53125,30,26,30,26,34,64,136,34,110,0.808823529,0.158091554,0.017666022,0.043313451,0.000938028,0.000941236,0.639108028,0.204229536,0.342493273,0.539563431,-0.172514729,0.910394265,-0.140425532,0.175757576,0.004680582,-0.065616798,0.204098898,0.566666667,0.785714286,-0.140425532,0.7,[0.721],60,-0.073490814,0.716330516,0.797101449,0.34617255,0.28,0.676190476,0.676190476,0.66424488,,0.035332044,0.919540235,0.756591517,0.857947573,,,,,,,
7fe73118-87a3-4a1f-8c27-8246a48e7834,NEURONAL_NETWORK,IN_PROCESSING,DISTRACTION,FOS_FAIR_PCA,0.715,0.807142857,0.715,0.807142857,0.5,0.79020979,140,0.285,0.289238845,2.184946237,0.20979021,0.206578947,2.2265625,0.192857143,0.340425532,3.133333333,0.473684211,0.245535714,1.523809524,0.5,0.115151515,1.2375,0.1382101,0.192857143,0.5,0.5,0.807142857,0.526315789,27,30,27,30,30,57,143,30,113,0.79020979,0.227788524,-0.112637008,0.067689483,0.002290933,0.002238852,0.641203322,0.20557085,0.343483829,0.525756787,-0.103226043,0.712982456,-0.340425532,0.340425532,0.019478383,-0.214698163,0.189982475,0.5,0.807142857,-0.340425532,0.7,[0.725],60,-0.073490814,0.716330516,0.798586572,0.311798927,0.285,0.653571429,0.653571429,0.727187759,,-0.225274017,0.752018463,0.754485286,0.752838943,,,,,,,
7fe73118-87a3-4a1f-8c27-8246a48e7834,NEURONAL_NETWORK,IN_PROCESSING,DISTRACTION,FAIR_SMOTE,0.445,0.285714286,0.255,0.285714286,0.816666667,0.784313725,140,0.555,-0.202624672,0.697254902,0.215686275,0.194805195,3.142857143,0.714285714,-0.393617021,0.55952381,0.67114094,-0.099137931,0.863095238,0.183333333,0.36969697,13.2,0.579457836,0.714285714,0.183333333,0.816666667,0.285714286,0.32885906,100,11,100,11,49,149,51,49,40,0.784313725,0.381656995,0.381656995,0.504368919,0.127194003,0.119446568,0.764489896,0.292222401,0.392294059,1.076529457,1.141856049,5.387878788,0.393617021,0.393617021,-0.146971563,0.380052493,0.726167688,0.816666667,0.285714286,0.393617021,0.7,[0.721],60,-0.073490814,0.716330516,0.418848168,0.107641709,0.555,0.551190476,0.551190476,0.340824775,,-0.023920052,0.789735058,0.431528228,0.618577057,,,,,,,
7fe73118-87a3-4a1f-8c27-8246a48e7834,NEURONAL_NETWORK,IN_PROCESSING,DISTRACTION,FAIR_SMOTE_FAIR_PCA,0.395,0.214285714,0.205,0.214285714,0.816666667,0.731707317,140,0.605,-0.100787402,0.856179775,0.268292683,0.428571429,inf,0.785714286,-0.346808511,0.633707865,0.691823899,0.020491803,1.028089888,0.183333333,0.6,inf,0.705764141,0.785714286,0.183333333,0.816666667,0.214285714,0.308176101,110,11,110,11,49,159,41,49,30,0.731707317,0.473404255,0.473404255,0.56135682,0.15756074,0.144432364,0.823168451,0.33880315,0.415723204,1.188077557,1.93196049,11.85333333,0.346808511,0.6,-0.204039813,0.427296588,0.834179404,0.816666667,0.214285714,0.346808511,0.7,[0.725],60,-0.073490814,0.716330516,0.331491713,0.035135263,0.605,0.51547619,0.51547619,0.271447568,,0.253191489,0.760397947,0.36046998,0.555107578,,,,,,,
7fe73118-87a3-4a1f-8c27-8246a48e7834,NEURONAL_NETWORK,IN_PROCESSING,DISTRACTION,BAL_GAN_FAIR,0.7,0.757142857,0.66,0.757142857,0.566666667,0.803030303,140,0.3,0.206824147,1.795959596,0.196969697,0.183908046,2.230769231,0.242857143,0.187234043,1.88,0.5,0.166666667,1.333333333,0.433333333,0.206060606,1.523076923,0.161892361,0.242857143,0.433333333,0.566666667,0.757142857,0.5,34,26,34,26,34,68,132,34,106,0.803030303,0.196647324,0.009413282,0.026810873,0.000359411,0.000356675,0.639117073,0.204235317,0.342497407,0.569020845,-0.189756535,0.875862069,-0.187234043,0.206060606,-0.00862069,-0.08503937,0.228549356,0.566666667,0.757142857,-0.187234043,0.7,[0.721],60,-0.073490814,0.716330516,0.779411765,0.313247663,0.3,0.661904762,0.661904762,0.655674066,,0.018826564,0.893945699,0.737574553,0.834941174,,,,,,,
7fe73118-87a3-4a1f-8c27-8246a48e7834,NEURONAL_NETWORK,IN_PROCESSING,DISTRACTION,BAL_GAN_FAIR_FAIR_PCA,0.725,0.792857143,0.685,0.792857143,0.566666667,0.810218978,140,0.275,0.14015748,1.539393939,0.189781022,0.142696629,1.907142857,0.207142857,0.09787234,1.484210526,0.46031746,0.1,1.2,0.433333333,0.175757576,1.414285714,0.141603752,0.207142857,0.433333333,0.566666667,0.792857143,0.53968254,29,26,29,26,34,63,137,34,111,0.810218978,0.136814958,0.038942618,0.048664438,0.001184114,0.00113524,0.63927481,0.204336141,0.342568141,0.532172438,-0.449267731,0.951310861,-0.09787234,0.175757576,-0.021348315,-0.034120735,0.198076345,0.566666667,0.792857143,-0.09787234,0.7,[0.725],60,-0.073490814,0.716330516,0.801444043,0.354680034,0.275,0.679761905,0.679761905,0.653290197,,0.077885235,0.944394444,0.76130787,0.874307201,,,,,,,
7fe73118-87a3-4a1f-8c27-8246a48e7834,NEURONAL_NETWORK,IN_PROCESSING,DISTRACTION,DEMV,0.755,0.857142857,0.745,0.857142857,0.516666667,0.805369128,140,0.245,0.104986877,1.459770115,0.194630872,0.157154673,2.043956044,0.142857143,-0.059574468,0.626666667,0.392156863,0.058823529,1.133333333,0.483333333,0.375757576,1.885714286,0.111249742,0.142857143,0.483333333,0.516666667,0.857142857,0.607843137,20,29,20,29,31,51,149,31,120,0.805369128,0.217666022,0.217666022,0.075674883,0.002863344,0.002780712,0.64346095,0.207020997,0.34437723,0.471698511,0.004987542,1.183512545,0.059574468,0.375757576,-0.049165572,0.134383202,0.148339748,0.516666667,0.857142857,0.059574468,0.7,[0.721],60,-0.073490814,0.716330516,0.830449827,0.393017404,0.245,0.686904762,0.686904762,0.537388935,,0.316183108,0.921284751,0.790929626,0.873307412,,,,,,,
7fe73118-87a3-4a1f-8c27-8246a48e7834,NEURONAL_NETWORK,IN_PROCESSING,DISTRACTION,DEMV_FAIR_PCA,0.695,0.792857143,0.715,0.792857143,0.466666667,0.776223776,140,0.305,0.148031496,1.5875,0.223776224,0.177777778,2.142857143,0.207142857,0.008510638,1.044444444,0.50877193,0.18018018,1.37037037,0.533333333,0.375757576,1.885714286,0.147916717,0.207142857,0.533333333,0.466666667,0.792857143,0.49122807,29,32,29,32,28,57,143,28,111,0.776223776,0.192134107,0.183623469,0.064430154,0.002075622,0.002036507,0.642004601,0.206084954,0.34375664,0.543905722,-0.130814,1.128888889,-0.008510638,0.375757576,0.001201201,0.091338583,0.203640548,0.466666667,0.792857143,-0.008510638,0.7,[0.725],60,-0.073490814,0.716330516,0.784452297,0.263458008,0.305,0.629761905,0.629761905,0.514122839,,0.367246937,0.947899786,0.737021866,0.865366427,,,,,,,
7fe73118-87a3-4a1f-8c27-8246a48e7834,NEURONAL_NETWORK,IN_PROCESSING,DISTRACTION,FAIR_GAN,0.695,0.714285714,0.605,0.714285714,0.65,0.826446281,140,0.305,0.214698163,1.852083333,0.173553719,0.137987013,1.934065934,0.285714286,0.29787234,2.473684211,0.506329114,0.137820513,1.282894737,0.35,0.006060606,1.015384615,0.180687403,0.285714286,0.35,0.65,0.714285714,0.493670886,40,21,40,21,39,79,121,39,100,0.826446281,0.151966473,-0.145905867,0.106108321,0.005629488,0.0057515,0.641864551,0.205995051,0.34380505,0.601144579,-0.092097587,0.673484848,-0.29787234,0.29787234,-8.33E-05,-0.226246719,0.260661118,0.65,0.714285714,-0.29787234,0.7,[0.721],60,-0.073490814,0.716330516,0.766283525,0.341488083,0.305,0.682142857,0.682142857,0.781671502,,-0.291811734,0.744561502,0.728903106,0.739267818,,,,,,,
7fe73118-87a3-4a1f-8c27-8246a48e7834,NEURONAL_NETWORK,IN_PROCESSING,DISTRACTION,FAIR_GAN_FAIR_PCA,0.665,0.671428571,0.575,0.671428571,0.65,0.817391304,140,0.335,0.14015748,1.539393939,0.182608696,0.108823529,1.770833333,0.328571429,0.176595745,1.79047619,0.541176471,0.071428571,1.142857143,0.35,0.036363636,1.1,0.208571429,0.328571429,0.35,0.65,0.671428571,0.458823529,46,21,46,21,39,85,115,39,94,0.817391304,0.106479691,-0.070116054,0.11808036,0.006971486,0.007322619,0.639578611,0.2045304,0.342710872,0.645865975,-0.058055461,0.796862745,-0.176595745,0.176595745,-0.018697479,-0.135958005,0.299886716,0.65,0.671428571,-0.176595745,0.7,[0.725],60,-0.073490814,0.716330516,0.737254902,0.297965333,0.335,0.660714286,0.660714286,0.707040964,,-0.140232108,0.850675467,0.699265888,0.793410662,,,,,,,
7fe73118-87a3-4a1f-8c27-8246a48e7834,NEURONAL_NETWORK,IN_PROCESSING,DISTRACTION,FAIR_PCA,0.675,0.714285714,0.625,0.714285714,0.583333333,0.8,140,0.325,0.230446194,1.975555556,0.2,0.188888889,2.307692308,0.285714286,0.219148936,2.211764706,0.533333333,0.207207207,1.450980392,0.416666667,0.206060606,1.523076923,0.186632579,0.285714286,0.416666667,0.583333333,0.714285714,0.466666667,40,25,40,25,35,75,125,35,100,0.8,0.212604771,-0.006544165,0.10350929,0.005357087,0.005556183,0.639239809,0.204313767,0.342553695,0.6109543,-0.040137849,0.846666667,-0.219148936,0.219148936,0.009159159,-0.108661417,0.265298617,0.583333333,0.714285714,-0.219148936,0.7,[0.725],60,-0.073490814,0.716330516,0.754716981,0.281718085,0.325,0.648809524,0.648809524,0.65305544,,-0.01308833,0.871411907,0.712636094,0.81116891,,,,,,,
7fe73118-87a3-4a1f-8c27-8246a48e7834,NEURONAL_NETWORK,IN_PROCESSING,FAIR_FOR_FREE,DIR,0.71,0.792857143,0.7,0.792857143,0.516666667,0.792857143,140,0.29,0.097112861,1.411111111,0.207142857,0.106060606,1.636363636,0.207142857,0.05106383,1.342857143,0.483333333,0.048387097,1.107142857,0.483333333,0.115151515,1.2375,0.145,0.207142857,0.483333333,0.516666667,0.792857143,0.516666667,29,29,29,29,31,60,140,31,111,0.792857143,0.083107672,0.032043843,0.069332914,0.002403526,0.002417368,0.639360283,0.204390786,0.342606261,0.538516481,-0.122504308,0.970138889,-0.05106383,0.115151515,-0.028836755,-0.022572178,0.201012682,0.516666667,0.792857143,-0.05106383,0.7,[0.721],60,-0.073490814,0.716330516,0.792857143,0.30952381,0.29,0.654761905,0.654761905,0.633780817,,0.064087685,0.965999243,0.749144487,0.880992332,,,,,,,
7fe73118-87a3-4a1f-8c27-8246a48e7834,NEURONAL_NETWORK,IN_PROCESSING,FAIR_FOR_FREE,SMOTE,0.75,0.835714286,0.72,0.835714286,0.55,0.8125,140,0.25,0.120734908,1.567901235,0.1875,0.125358852,1.850649351,0.164285714,0.061702128,1.446153846,0.410714286,0.09375,1.230769231,0.45,0.175757576,1.414285714,0.119953864,0.164285714,0.45,0.55,0.835714286,0.589285714,23,27,23,27,33,56,144,33,117,0.8125,0.118729852,0.057027724,0.021218864,0.00022512,0.000222296,0.639451297,0.204448981,0.342646727,0.489803765,-0.112795494,0.980350877,-0.061702128,0.175757576,-0.015804426,-0.014698163,0.163677509,0.55,0.835714286,-0.061702128,0.7,[0.721],60,-0.073490814,0.716330516,0.823943662,0.393667994,0.25,0.692857143,0.692857143,0.653345077,,0.114055448,0.961261966,0.785234899,0.894427033,22.50248289,269.6,1,483460.7701,1.596385479,2014659.333,174.0441813
7fe73118-87a3-4a1f-8c27-8246a48e7834,NEURONAL_NETWORK,IN_PROCESSING,FAIR_FOR_FREE,SMOTE_FAIR_PCA,0.68,0.735714286,0.65,0.735714286,0.55,0.792307692,140,0.32,0.100787402,1.336842105,0.207692308,0.141463415,1.892307692,0.264285714,0.034042553,1.128,0.528571429,0.044444444,1.08,0.45,0.206060606,1.523076923,0.175900277,0.264285714,0.45,0.55,0.735714286,0.471428571,37,27,37,27,33,70,130,33,103,0.792307692,0.12005158,0.086009026,0.07222428,0.002608173,0.00251536,0.640209454,0.204934073,0.342980453,0.593127772,-0.562838381,1.032520325,-0.034042553,0.206060606,-0.048509485,0.020997375,0.248293019,0.55,0.735714286,-0.034042553,0.7,[0.725],60,-0.073490814,0.716330516,0.762962963,0.274505407,0.32,0.642857143,0.642857143,0.587565626,,0.172018053,0.971039557,0.719096509,0.869494082,,,,,,,
7fe73118-87a3-4a1f-8c27-8246a48e7834,NEURONAL_NETWORK,IN_PROCESSING,FAIR_FOR_FREE,ROS,0.67,0.721428571,0.64,0.721428571,0.55,0.7890625,140,0.33,0.191076115,1.693333333,0.2109375,0.180392157,2.179487179,0.278571429,0.165957447,1.709090909,0.541666667,0.142857143,1.272727273,0.45,0.206060606,1.523076923,0.184698959,0.278571429,0.45,0.55,0.721428571,0.458333333,39,27,39,27,33,72,128,33,101,0.7890625,0.186009026,0.02005158,0.038458956,0.000739546,0.00070849,0.639103607,0.20422671,0.342491272,0.607781143,-0.381059481,0.896470588,-0.165957447,0.206060606,-0.018767507,-0.069291339,0.26097087,0.55,0.721428571,-0.165957447,0.7,[0.721],60,-0.073490814,0.716330516,0.753731343,0.259133745,0.33,0.635714286,0.635714286,0.62296721,,0.040103159,0.907157609,0.709403501,0.830030837,,,,,,,
7fe73118-87a3-4a1f-8c27-8246a48e7834,NEURONAL_NETWORK,IN_PROCESSING,FAIR_FOR_FREE,ROS_FAIR_PCA,0.685,0.757142857,0.675,0.757142857,0.516666667,0.785185185,140,0.315,0.132283465,1.494117647,0.214814815,0.140909091,1.885714286,0.242857143,0.087234043,1.41,0.523076923,0.087179487,1.17,0.483333333,0.175757576,1.414285714,0.165351742,0.242857143,0.483333333,0.516666667,0.757142857,0.476923077,34,29,34,29,31,65,135,31,106,0.785185185,0.131495809,0.044261767,0.050682604,0.001284363,0.001224093,0.639354743,0.204387244,0.342603794,0.575068243,-0.474910161,0.962121212,-0.087234043,0.175757576,-0.026864802,-0.026246719,0.231484662,0.516666667,0.757142857,-0.087234043,0.7,[0.725],60,-0.073490814,0.716330516,0.770909091,0.267895014,0.315,0.636904762,0.636904762,0.608714232,,0.088523533,0.950523595,0.725419919,0.861421565,19.77482414,323.8,2,487029.8801,95.88568926,2043674.021,176.5507279
7fe73118-87a3-4a1f-8c27-8246a48e7834,NEURONAL_NETWORK,IN_PROCESSING,FAIR_FOR_FREE,RUS,0.645,0.6,0.495,0.6,0.75,0.848484848,140,0.355,0.077165354,1.23902439,0.151515152,0.134057971,2.15625,0.4,0.04893617,1.139393939,0.554455446,0.002463054,1.004329004,0.25,0.157575758,1.65,0.24759701,0.4,0.25,0.75,0.6,0.445544554,56,15,56,15,45,101,99,45,84,0.848484848,0.103255964,0.054319794,0.04794902,0.001149554,0.001156093,0.639741518,0.204634605,0.342775092,0.703700234,-0.192054095,0.981642512,-0.04893617,0.157575758,-0.065797458,-0.009973753,0.360195651,0.75,0.6,-0.04893617,0.7,[0.721],60,-0.073490814,0.716330516,0.70292887,0.320796339,0.355,0.675,0.675,0.638334139,,0.108639587,0.966727867,0.672719654,0.843801663,9.501435041,308.3,2,486076.5846,95.88568926,2039701.956,176.2075856
7fe73118-87a3-4a1f-8c27-8246a48e7834,NEURONAL_NETWORK,IN_PROCESSING,FAIR_FOR_FREE,RUS_FAIR_PCA,0.61,0.571428571,0.49,0.571428571,0.7,0.816326531,140,0.39,0.12808399,1.378294574,0.183673469,0.155279503,2.19047619,0.428571429,0.138297872,1.382352941,0.588235294,0.038793103,1.066176471,0.3,0.127272727,1.466666667,0.277119051,0.428571429,0.3,0.7,0.571428571,0.411764706,60,18,60,18,42,102,98,42,80,0.816326531,0.1327853,-0.005512573,0.040914885,0.000837014,0.000847105,0.639103084,0.204226376,0.342491037,0.744471694,-0.192054095,0.858937198,-0.138297872,0.138297872,-0.0582432,-0.07664042,0.393654603,0.7,0.571428571,-0.138297872,0.7,[0.725],60,-0.073490814,0.716330516,0.672268908,0.248818163,0.39,0.635714286,0.635714286,0.639218707,,-0.011025145,0.906357801,0.639622518,0.795744106,,,,,,,
7fe73118-87a3-4a1f-8c27-8246a48e7834,NEURONAL_NETWORK,IN_PROCESSING,FAIR_FOR_FREE,FOS,0.69,0.757142857,0.67,0.757142857,0.533333333,0.791044776,140,0.31,0.034120735,1.114035088,0.208955224,0.04040404,1.222222222,0.242857143,0.065957447,1.281818182,0.515151515,-0.064102564,0.886363636,0.466666667,-0.084848485,0.825,0.164257626,0.242857143,0.466666667,0.533333333,0.757142857,0.484848485,34,28,34,28,32,66,134,32,106,0.791044776,0.075402966,-0.075402966,0.051548751,0.001328637,0.001262431,0.63914493,0.204253121,0.342510131,0.5731625,-0.441387469,0.865909091,-0.065957447,0.084848485,-0.052253302,-0.092913386,0.23054293,0.533333333,0.757142857,-0.065957447,0.7,[0.721],60,-0.073490814,0.716330516,0.773722628,0.28309084,0.31,0.645238095,0.645238095,0.693890961,,0.018891038,0.907141898,0.729466913,0.839022175,,,,,,,
7fe73118-87a3-4a1f-8c27-8246a48e7834,NEURONAL_NETWORK,IN_PROCESSING,FAIR_FOR_FREE,FOS_FAIR_PCA,0.67,0.714285714,0.63,0.714285714,0.566666667,0.793650794,140,0.33,0.159580052,1.51965812,0.206349206,0.164658635,1.976190476,0.285714286,0.134042553,1.504,0.540540541,0.098484848,1.173333333,0.433333333,0.175757576,1.414285714,0.187940802,0.285714286,0.433333333,0.566666667,0.714285714,0.459459459,40,26,40,26,34,74,126,34,100,0.793650794,0.154900064,0.020857511,0.063734986,0.002031074,0.00189685,0.639150903,0.204256938,0.342512608,0.61309184,-0.518016372,0.918072289,-0.134042553,0.175757576,-0.033086893,-0.053543307,0.266353776,0.566666667,0.714285714,-0.134042553,0.7,[0.725],60,-0.073490814,0.716330516,0.751879699,0.266668199,0.33,0.64047619,0.64047619,0.627117451,,0.041715023,0.925517971,0.708582307,0.83981372,15.17365336,382.8,2,488295.5627,95.88568926,2048947.698,177.006315
7fe73118-87a3-4a1f-8c27-8246a48e7834,NEURONAL_NETWORK,IN_PROCESSING,FAIR_FOR_FREE,FAIR_SMOTE,0.55,0.507142857,0.46,0.507142857,0.65,0.77173913,140,0.45,-0.037270341,0.926041667,0.22826087,0.220779221,2.545454545,0.492857143,-0.317021277,0.486206897,0.638888889,0.067647059,1.099137931,0.35,0.618181818,4.4,0.33968144,0.492857143,0.35,0.65,0.507142857,0.361111111,69,21,69,21,39,108,92,39,71,0.77173913,0.467601547,0.467601547,0.301920115,0.045577878,0.043202788,0.694189058,0.240949224,0.364712732,0.824234724,0.148666921,2.217460317,0.317021277,0.618181818,-0.076566081,0.402624672,0.465964356,0.65,0.507142857,0.317021277,0.7,[0.721],60,-0.073490814,0.716330516,0.612068966,0.144486908,0.45,0.578571429,0.578571429,0.308030533,,0.301160542,0.731606133,0.579376855,0.672690433,39.35379267,412.6,3,490278.7797,97.48207474,2057450.56,177.7408678
7fe73118-87a3-4a1f-8c27-8246a48e7834,NEURONAL_NETWORK,IN_PROCESSING,FAIR_FOR_FREE,FAIR_SMOTE_FAIR_PCA,0.475,0.364285714,0.335,0.364285714,0.733333333,0.76119403,140,0.525,-0.123884514,0.790222222,0.23880597,0.213333333,2.777777778,0.635714286,-0.365957447,0.522222222,0.669172932,-0.039215686,0.944444444,0.266666667,0.509090909,6.6,0.485801972,0.635714286,0.266666667,0.733333333,0.364285714,0.330827068,89,16,89,16,44,133,67,44,51,0.76119403,0.437524178,0.437524178,0.370592165,0.068669277,0.065638539,0.72528346,0.263018049,0.376886572,0.985699723,0.418283987,3.048,0.365957447,0.509090909,-0.12627451,0.403149606,0.628781538,0.733333333,0.364285714,0.365957447,0.7,[0.725],60,-0.073490814,0.716330516,0.492753623,0.094778752,0.525,0.548809524,0.548809524,0.308692088,,0.143133462,0.746466257,0.483713965,0.632027617,,,,,,,
7fe73118-87a3-4a1f-8c27-8246a48e7834,NEURONAL_NETWORK,IN_PROCESSING,FAIR_FOR_FREE,BAL_GAN_FAIR,0.705,0.8,0.715,0.8,0.483333333,0.783216783,140,0.295,0.089238845,1.365591398,0.216783217,0.10430622,1.619318182,0.2,0.040425532,1.253333333,0.49122807,0.03125,1.066666667,0.516666667,0.115151515,1.2375,0.143063408,0.2,0.516666667,0.483333333,0.8,0.50877193,28,31,28,31,29,57,143,29,112,0.783216783,0.077788524,0.037362992,0.08418631,0.003543667,0.003334689,0.639451297,0.204448981,0.342646727,0.534908232,-0.240906819,0.980350877,-0.040425532,0.115151515,-0.03652811,-0.014698163,0.196811512,0.483333333,0.8,-0.040425532,0.7,[0.721],60,-0.073490814,0.716330516,0.791519435,0.287628468,0.295,0.641666667,0.641666667,0.61769208,,0.074725983,0.971840404,0.74575871,0.882646978,,,,,,,
7fe73118-87a3-4a1f-8c27-8246a48e7834,NEURONAL_NETWORK,IN_PROCESSING,FAIR_FOR_FREE,BAL_GAN_FAIR_FAIR_PCA,0.68,0.757142857,0.68,0.757142857,0.5,0.779411765,140,0.32,0.132283465,1.494117647,0.220588235,0.076086957,1.4375,0.242857143,0.208510638,2.088888889,0.53125,0.057142857,1.111111111,0.5,-0.084848485,0.825,0.166389005,0.242857143,0.5,0.5,0.757142857,0.46875,34,30,34,30,30,64,136,30,106,0.779411765,0.146679562,-0.146679562,0.056572588,0.001600229,0.001565722,0.640623668,0.205199342,0.343205133,0.576869144,-0.19151865,0.736231884,-0.208510638,0.208510638,-0.00947205,-0.191076115,0.23239062,0.5,0.757142857,-0.208510638,0.7,[0.725],60,-0.073490814,0.716330516,0.768115942,0.252612401,0.32,0.628571429,0.628571429,0.72077001,,-0.123662153,0.795258425,0.721377102,0.769005336,14.66038918,465.7,2,495041.4615,95.88568926,2077055.61,179.4345263
7fe73118-87a3-4a1f-8c27-8246a48e7834,NEURONAL_NETWORK,IN_PROCESSING,FAIR_FOR_FREE,DEMV,0.715,0.728571429,0.605,0.728571429,0.683333333,0.842975207,140,0.285,0.065616798,1.245098039,0.157024793,0.106837607,1.925925926,0.271428571,0.034042553,1.128,0.481012658,-0.010204082,0.98,0.316666667,0.127272727,1.466666667,0.168477763,0.271428571,0.316666667,0.683333333,0.728571429,0.518987342,38,19,38,19,41,79,121,41,102,0.842975207,0.08065764,0.046615087,0.075779782,0.002871288,0.002676638,0.639574005,0.204527454,0.342701114,0.580478705,-0.624499853,0.976923077,-0.034042553,0.127272727,-0.058520844,-0.014173228,0.245342948,0.683333333,0.728571429,-0.034042553,0.7,[0.721],60,-0.073490814,0.716330516,0.781609195,0.386127048,0.285,0.705952381,0.705952381,0.673044349,,0.093230174,0.970370787,0.746822319,0.882333634,15.19292402,496.5,3,495084.6653,97.48207474,2077475.083,179.4707642
7fe73118-87a3-4a1f-8c27-8246a48e7834,NEURONAL_NETWORK,IN_PROCESSING,FAIR_FOR_FREE,DEMV_FAIR_PCA,0.715,0.807142857,0.715,0.807142857,0.5,0.79020979,140,0.285,0.073490814,1.282828283,0.20979021,0.115423902,1.733766234,0.192857143,-0.00212766,0.989473684,0.473684211,0,1,0.5,0.175757576,1.414285714,0.1382101,0.192857143,0.5,0.5,0.807142857,0.526315789,27,30,27,30,30,57,143,30,113,0.79020979,0.088942618,0.088942618,0.078397287,0.003073067,0.002979967,0.640339625,0.205017418,0.343037299,0.525756787,-0.465016088,1.046441948,0.00212766,0.175757576,-0.057711951,0.032545932,0.189982475,0.5,0.807142857,0.00212766,0.7,[0.725],60,-0.073490814,0.716330516,0.798586572,0.311798927,0.285,0.653571429,0.653571429,0.595441075,,0.173629916,0.978230008,0.754485286,0.890229948,,,,,,,
7fe73118-87a3-4a1f-8c27-8246a48e7834,NEURONAL_NETWORK,IN_PROCESSING,FAIR_FOR_FREE,FAIR_GAN,0.73,0.807142857,0.7,0.807142857,0.55,0.807142857,140,0.27,-0.028346457,0.875862069,0.192857143,0.023923445,1.151515152,0.192857143,-0.04893617,0.671428571,0.45,-0.1875,0.571428571,0.45,-0.054545455,0.88,0.135,0.192857143,0.45,0.55,0.807142857,0.55,27,27,27,27,33,60,140,33,113,0.807142857,0.051740812,-0.002804642,0.102598974,0.005263275,0.00508049,0.639451297,0.204448981,0.342646727,0.519615242,-0.090624616,0.980350877,0.04893617,0.054545455,-0.105711722,-0.014698163,0.187149739,0.55,0.807142857,0.04893617,0.7,[0.721],60,-0.073490814,0.716330516,0.807142857,0.357142857,0.27,0.678571429,0.678571429,0.680474579,,0.005609284,0.978179974,0.766635688,0.895786029,,,,,,,
7fe73118-87a3-4a1f-8c27-8246a48e7834,NEURONAL_NETWORK,IN_PROCESSING,FAIR_FOR_FREE,FAIR_GAN_FAIR_PCA,0.735,0.835714286,0.735,0.835714286,0.5,0.795918367,140,0.265,0.061942257,1.302564103,0.204081633,0.096938776,1.633333333,0.164285714,-0.017021277,0.854545455,0.433962264,-0.045977011,0.878787879,0.5,0.145454545,1.32,0.123118392,0.164285714,0.5,0.5,0.835714286,0.566037736,23,30,23,30,30,53,147,30,117,0.795918367,0.081237911,0.081237911,0.065844099,0.002167723,0.002108052,0.640094574,0.204860532,0.34293019,0.496222516,-0.162945278,1.036734694,0.017021277,0.145454545,-0.071457894,0.028346457,0.1665108,0.5,0.835714286,0.017021277,0.7,[0.725],60,-0.073490814,0.716330516,0.81533101,0.348588346,0.265,0.667857143,0.667857143,0.613601824,,0.128433269,0.975734122,0.773084314,0.897328112,18.36172056,539.3,2,498098.9626,95.88568926,2089795.197,180.5350851
7fe73118-87a3-4a1f-8c27-8246a48e7834,NEURONAL_NETWORK,IN_PROCESSING,FAIR_FOR_FREE,FAIR_PCA,0.725,0.828571429,0.735,0.828571429,0.483333333,0.789115646,140,0.275,-0.012598425,0.940740741,0.210884354,0.02020202,1.125,0.171428571,-0.017021277,0.854545455,0.452830189,-0.142857143,0.636363636,0.516666667,-0.084848485,0.825,0.127785946,0.171428571,0.516666667,0.483333333,0.828571429,0.547169811,24,31,24,31,29,53,147,29,116,0.789115646,0.050934881,-0.033913604,0.103547421,0.005361034,0.005070412,0.639172883,0.204270987,0.342522489,0.505541187,0.148209151,0.940740741,0.017021277,0.084848485,-0.081529582,-0.046194226,0.173207874,0.483333333,0.828571429,0.017021277,0.7,[0.725],60,-0.073490814,0.716330516,0.808362369,0.323865768,0.275,0.655952381,0.655952381,0.67819809,,0.067827208,0.960650844,0.764415157,0.88492664,18.2688427,533,2,497977.0148,95.88568926,2089287.082,180.4911895
7fe73118-87a3-4a1f-8c27-8246a48e7834,NEURONAL_NETWORK,IN_PROCESSING,ROB_FAIRNESS_FGSM,DIR,0.705,0.785714286,0.695,0.785714286,0.516666667,0.791366906,140,0.295,0.049868766,1.175925926,0.208633094,0.102272727,1.6,0.214285714,-0.023404255,0.895238095,0.491803279,-0.038461538,0.928571429,0.483333333,0.145454545,1.32,0.148973511,0.214285714,0.483333333,0.516666667,0.785714286,0.508196721,30,29,30,29,31,61,139,31,110,0.791366906,0.0844294,0.0844294,0.061203985,0.001872964,0.001831375,0.640551031,0.205152812,0.343129396,0.545845236,-0.382128428,1.058333333,0.023404255,0.145454545,-0.070367133,0.040419948,0.207035338,0.516666667,0.785714286,0.023404255,0.7,[0.721],60,-0.073490814,0.716330516,0.788530466,0.300968994,0.295,0.651190476,0.651190476,0.596210855,,0.12205029,0.974852549,0.744429379,0.883677656,,,,,,,
7fe73118-87a3-4a1f-8c27-8246a48e7834,NEURONAL_NETWORK,IN_PROCESSING,ROB_FAIRNESS_FGSM,SMOTE,0.7,0.785714286,0.7,0.785714286,0.5,0.785714286,140,0.3,-0.075590551,0.725714286,0.214285714,0.013278856,1.078787879,0.214285714,-0.112765957,0.47,0.5,-0.276315789,0.475,0.5,-0.054545455,0.88,0.15,0.214285714,0.5,0.5,0.785714286,0.5,30,30,30,30,30,60,140,30,110,0.785714286,0.083655706,0.029110251,0.069930214,0.002445117,0.002328094,0.640339625,0.205017418,0.343037299,0.547722558,-0.582799123,1.046441948,0.112765957,0.112765957,-0.144797323,0.032545932,0.207944154,0.5,0.785714286,0.112765957,0.7,[0.721],60,-0.073490814,0.716330516,0.785714286,0.285714286,0.3,0.642857143,0.642857143,0.62414341,,-0.058220503,0.964705903,0.740384615,0.876214277,,,,,,,
7fe73118-87a3-4a1f-8c27-8246a48e7834,NEURONAL_NETWORK,IN_PROCESSING,ROB_FAIRNESS_FGSM,SMOTE_FAIR_PCA,0.705,0.792857143,0.705,0.792857143,0.5,0.787234043,140,0.295,0.214698163,1.852083333,0.212765957,0.208080808,2.337662338,0.207142857,0.108510638,1.566666667,0.491525424,0.263513514,1.541666667,0.5,0.375757576,1.885714286,0.146023613,0.207142857,0.5,0.5,0.792857143,0.508474576,29,30,29,30,30,59,141,30,111,0.787234043,0.242134107,0.133623469,0.04795638,0.001149907,0.001140026,0.640147514,0.20489442,0.342953364,0.54041394,-0.180672917,1.034814815,-0.108510638,0.375757576,0.027716353,0.024671916,0.201922065,0.5,0.792857143,-0.108510638,0.7,[0.725],60,-0.073490814,0.716330516,0.790035587,0.294279427,0.295,0.646428571,0.646428571,0.560050543,,0.267246937,0.937294213,0.745099439,0.863084713,,,,,,,
7fe73118-87a3-4a1f-8c27-8246a48e7834,NEURONAL_NETWORK,IN_PROCESSING,ROB_FAIRNESS_FGSM,ROS,0.705,0.785714286,0.695,0.785714286,0.516666667,0.791366906,140,0.295,-0.067716535,0.747058824,0.208633094,0.015151515,1.090909091,0.214285714,-0.10212766,0.494736842,0.491803279,-0.263513514,0.486842105,0.483333333,-0.054545455,0.88,0.148973511,0.214285714,0.483333333,0.516666667,0.785714286,0.508196721,30,29,30,29,31,61,139,31,110,0.791366906,0.078336557,0.023791103,0.0500167,0.001250835,0.001207482,0.640147514,0.20489442,0.342953364,0.545845236,-0.382128428,1.034814815,0.10212766,0.10212766,-0.139332514,0.024671916,0.207035338,0.516666667,0.785714286,0.10212766,0.7,[0.721],60,-0.073490814,0.716330516,0.788530466,0.300968994,0.295,0.651190476,0.651190476,0.635697937,,-0.047582205,0.968577532,0.744429379,0.880231451,,,,,,,
7fe73118-87a3-4a1f-8c27-8246a48e7834,NEURONAL_NETWORK,IN_PROCESSING,ROB_FAIRNESS_FGSM,ROS_FAIR_PCA,0.7,0.807142857,0.73,0.807142857,0.45,0.773972603,140,0.3,-0.0167979,0.940740741,0.226027397,0.065217391,1.352941176,0.192857143,-0.10212766,0.494736842,0.5,-0.20952381,0.614035088,0.55,0.084848485,1.164705882,0.140965218,0.192857143,0.55,0.45,0.807142857,0.5,27,33,27,33,27,54,146,27,113,0.773972603,0.093488072,0.093488072,0.060685848,0.001841386,0.001814256,0.641411008,0.205704041,0.34350161,0.53097122,-0.130814,1.104347826,0.10212766,0.10212766,-0.1373706,0.075590551,0.192517479,0.45,0.807142857,0.10212766,0.7,[0.725],60,-0.073490814,0.716330516,0.79020979,0.265424373,0.3,0.628571429,0.628571429,0.569807497,,-0.017279175,0.951439242,0.742374472,0.869790202,,,,,,,
7fe73118-87a3-4a1f-8c27-8246a48e7834,NEURONAL_NETWORK,IN_PROCESSING,ROB_FAIRNESS_FGSM,RUS,0.625,0.614285714,0.535,0.614285714,0.65,0.803738318,140,0.375,0.104461942,1.288405797,0.196261682,0.128571429,1.818181818,0.385714286,0.127659574,1.342857143,0.580645161,0.010964912,1.017857143,0.35,0.066666667,1.2,0.249399405,0.385714286,0.35,0.65,0.614285714,0.419354839,54,21,54,21,39,93,107,39,86,0.803738318,0.097163121,-0.030496454,0.059304603,0.001758518,0.001683796,0.63912077,0.204237679,0.342499093,0.706256901,-0.540239509,0.846666667,-0.127659574,0.127659574,-0.058803258,-0.084514436,0.354647995,0.65,0.614285714,-0.127659574,0.7,[0.721],60,-0.073490814,0.716330516,0.696356275,0.242817492,0.375,0.632142857,0.632142857,0.651420973,,-0.060992908,0.89863083,0.658751436,0.801360968,,,,,,,
7fe73118-87a3-4a1f-8c27-8246a48e7834,NEURONAL_NETWORK,IN_PROCESSING,ROB_FAIRNESS_FGSM,RUS_FAIR_PCA,0.66,0.65,0.55,0.65,0.683333333,0.827272727,140,0.34,0.151706037,1.481666667,0.172727273,0.140977444,1.974025974,0.35,0.191489362,1.620689655,0.544444444,0.056372549,1.099137931,0.316666667,0.066666667,1.2,0.219723183,0.35,0.316666667,0.683333333,0.65,0.455555556,49,19,49,19,41,90,110,41,91,0.827272727,0.129078014,-0.062411348,0.055878087,0.00156118,0.00151679,0.639588065,0.204536446,0.342715285,0.66290751,-0.430036369,0.779824561,-0.191489362,0.191489362,-0.042302447,-0.13175853,0.317457711,0.683333333,0.65,-0.191489362,0.7,[0.725],60,-0.073490814,0.716330516,0.728,0.307044124,0.34,0.666666667,0.666666667,0.708274232,,-0.124822695,0.844327008,0.692334294,0.786753295,,,,,,,
7fe73118-87a3-4a1f-8c27-8246a48e7834,NEURONAL_NETWORK,IN_PROCESSING,ROB_FAIRNESS_FGSM,FOS,0.69,0.771428571,0.69,0.771428571,0.5,0.782608696,140,0.31,-0.032545932,0.89122807,0.217391304,0.075581395,1.433333333,0.228571429,-0.144680851,0.408695652,0.516129032,-0.227642276,0.594202899,0.5,0.145454545,1.32,0.158096113,0.228571429,0.5,0.5,0.771428571,0.483870968,32,30,32,30,30,62,138,30,108,0.782608696,0.145067698,0.145067698,0.076500894,0.002926193,0.002855986,0.64346095,0.207020997,0.34437723,0.562309724,-0.130814,1.181395349,0.144680851,0.145454545,-0.151611836,0.122834646,0.220094936,0.5,0.771428571,0.144680851,0.7,[0.721],60,-0.073490814,0.716330516,0.776978417,0.268942734,0.31,0.635714286,0.635714286,0.543492678,,0.000773694,0.924784911,0.730910696,0.849660686,,,,,,,
7fe73118-87a3-4a1f-8c27-8246a48e7834,NEURONAL_NETWORK,IN_PROCESSING,ROB_FAIRNESS_FGSM,FOS_FAIR_PCA,0.705,0.771428571,0.675,0.771428571,0.55,0.8,140,0.295,0.124409449,1.451428571,0.2,0.13908046,1.864285714,0.228571429,0.076595745,1.342857143,0.492307692,0.075,1.142857143,0.45,0.175757576,1.414285714,0.154832347,0.228571429,0.45,0.55,0.771428571,0.507692308,32,27,32,27,33,65,135,33,108,0.8,0.12617666,0.049580916,0.043512575,0.000946672,0.000933706,0.639451297,0.204448981,0.342646727,0.556475241,-0.329092922,0.973180077,-0.076595745,0.175757576,-0.03204023,-0.018372703,0.217266258,0.55,0.771428571,-0.076595745,0.7,[0.725],60,-0.073490814,0.716330516,0.785454545,0.314485451,0.295,0.660714286,0.660714286,0.627955467,,0.099161831,0.956619147,0.74305581,0.872983742,,,,,,,
7fe73118-87a3-4a1f-8c27-8246a48e7834,NEURONAL_NETWORK,IN_PROCESSING,ROB_FAIRNESS_FGSM,FAIR_SMOTE,0.565,0.5,0.435,0.5,0.716666667,0.804597701,140,0.435,-0.037270341,0.926041667,0.195402299,0.238636364,2.909090909,0.5,-0.327659574,0.477966102,0.619469027,0.07183908,1.105932203,0.283333333,0.648484848,5.28,0.337613957,0.5,0.283333333,0.716666667,0.5,0.380530973,70,17,70,17,43,113,87,43,70,0.804597701,0.488072211,0.488072211,0.294627378,0.043402646,0.041232595,0.700285739,0.245200058,0.367102325,0.821722529,0.171789339,2.328333333,0.327659574,0.648484848,-0.083398642,0.418372703,0.468204536,0.716666667,0.5,0.327659574,0.7,[0.721],60,-0.073490814,0.716330516,0.616740088,0.200277839,0.435,0.608333333,0.608333333,0.311422738,-200027.7013,0.320825274,0.715621355,0.589737377,0.668085368,,,,,,,
7fe73118-87a3-4a1f-8c27-8246a48e7834,NEURONAL_NETWORK,IN_PROCESSING,ROB_FAIRNESS_FGSM,FAIR_SMOTE_FAIR_PCA,0.535,0.421428571,0.355,0.421428571,0.8,0.830985915,140,0.465,-0.127559055,0.758208955,0.169014085,0.235483871,4.65,0.578571429,-0.391489362,0.433846154,0.627906977,-0.077083333,0.886153846,0.2,0.539393939,9.9,0.403210769,0.578571429,0.2,0.8,0.421428571,0.372093023,81,12,81,12,48,129,71,48,59,0.830985915,0.465441651,0.465441651,0.306855933,0.047080282,0.045018592,0.717107734,0.257121751,0.373686524,0.898009765,0.264498737,2.731182796,0.391489362,0.539393939,-0.156283602,0.422572178,0.55010884,0.8,0.421428571,0.391489362,0.7,[0.725],60,-0.073490814,0.716330516,0.559241706,0.212055368,0.465,0.610714286,0.610714286,0.326462421,-219565.5769,0.147904578,0.712755869,0.546852329,0.647297078,,,,,,,
7fe73118-87a3-4a1f-8c27-8246a48e7834,NEURONAL_NETWORK,IN_PROCESSING,ROB_FAIRNESS_FGSM,BAL_GAN_FAIR,0.705,0.785714286,0.695,0.785714286,0.516666667,0.791366906,140,0.295,0.049868766,1.175925926,0.208633094,0.102272727,1.6,0.214285714,-0.023404255,0.895238095,0.491803279,-0.038461538,0.928571429,0.483333333,0.145454545,1.32,0.148973511,0.214285714,0.483333333,0.516666667,0.785714286,0.508196721,30,29,30,29,31,61,139,31,110,0.791366906,0.0844294,0.0844294,0.061203985,0.001872964,0.001831375,0.640551031,0.205152812,0.343129396,0.545845236,-0.382128428,1.058333333,0.023404255,0.145454545,-0.070367133,0.040419948,0.207035338,0.516666667,0.785714286,0.023404255,0.7,[0.721],60,-0.073490814,0.716330516,0.788530466,0.300968994,0.295,0.651190476,0.651190476,0.596210855,,0.12205029,0.974852549,0.744429379,0.883677656,,,,,,,
7fe73118-87a3-4a1f-8c27-8246a48e7834,NEURONAL_NETWORK,IN_PROCESSING,ROB_FAIRNESS_FGSM,BAL_GAN_FAIR_FAIR_PCA,0.72,0.792857143,0.69,0.792857143,0.55,0.804347826,140,0.28,0.148031496,1.5875,0.195652174,0.136956522,1.84,0.207142857,0.119148936,1.658823529,0.467741935,0.114285714,1.235294118,0.45,0.145454545,1.32,0.142791552,0.207142857,0.45,0.55,0.792857143,0.532258065,29,27,29,27,33,62,138,33,111,0.804347826,0.132301741,0.013152805,0.007658159,2.93E-05,2.93E-05,0.639128042,0.204242327,0.342502311,0.53439976,-0.057987258,0.920289855,-0.119148936,0.145454545,-0.011335404,-0.057742782,0.199090476,0.55,0.792857143,-0.119148936,0.7,[0.725],60,-0.073490814,0.716330516,0.798561151,0.339717138,0.28,0.671428571,0.671428571,0.662597403,,0.026305609,0.930992656,0.757248437,0.864848602,,,,,,,
7fe73118-87a3-4a1f-8c27-8246a48e7834,NEURONAL_NETWORK,IN_PROCESSING,ROB_FAIRNESS_FGSM,DEMV,0.715,0.8,0.705,0.8,0.516666667,0.794326241,140,0.285,-0.001049869,0.996078431,0.205673759,0.090909091,1.571428571,0.2,-0.112765957,0.47,0.474576271,-0.179487179,0.65,0.483333333,0.175757576,1.414285714,0.141073241,0.2,0.483333333,0.516666667,0.8,0.525423729,28,29,28,29,31,59,141,31,112,0.794326241,0.144261767,0.144261767,0.081029728,0.003282908,0.003160827,0.642685659,0.206522428,0.344047681,0.531174624,-0.331484695,1.154545455,0.112765957,0.175757576,-0.135198135,0.107086614,0.195025078,0.516666667,0.8,0.112765957,0.7,[0.721],60,-0.073490814,0.716330516,0.797153025,0.318204584,0.285,0.658333333,0.658333333,0.563361004,,0.062991618,0.934197213,0.753844887,0.86519949,,,,,,,
7fe73118-87a3-4a1f-8c27-8246a48e7834,NEURONAL_NETWORK,IN_PROCESSING,ROB_FAIRNESS_FGSM,DEMV_FAIR_PCA,0.735,0.842857143,0.745,0.842857143,0.483333333,0.791946309,140,0.265,0.022572178,1.092473118,0.208053691,0.088709677,1.55,0.157142857,-0.070212766,0.5875,0.431372549,-0.137254902,0.708333333,0.516666667,0.145454545,1.32,0.120407042,0.157142857,0.516666667,0.483333333,0.842857143,0.568627451,22,31,22,31,29,51,149,29,118,0.791946309,0.107833656,0.107833656,0.066891013,0.002237204,0.002210645,0.641145033,0.205533477,0.343386868,0.490728116,-0.073290156,1.092473118,0.070212766,0.145454545,-0.11298229,0.067716535,0.161605723,0.483333333,0.842857143,0.070212766,0.7,[0.725],60,-0.073490814,0.716330516,0.816608997,0.342951493,0.265,0.663095238,0.663095238,0.591591254,,0.075241779,0.955938055,0.77365833,0.886329427,,,,,,,
7fe73118-87a3-4a1f-8c27-8246a48e7834,NEURONAL_NETWORK,IN_PROCESSING,ROB_FAIRNESS_FGSM,FAIR_GAN,0.625,0.621428571,0.545,0.621428571,0.633333333,0.798165138,140,0.375,0.034120735,1.114035088,0.201834862,-0.007142857,0.952380952,0.378571429,0.123404255,1.446153846,0.582417582,-0.053191489,0.903846154,0.366666667,-0.163636364,0.55,0.245772207,0.378571429,0.366666667,0.633333333,0.621428571,0.417582418,53,22,53,22,38,91,109,38,87,0.798165138,0.143520309,-0.143520309,0.130049161,0.008456392,0.008640655,0.640183045,0.204917165,0.34299531,0.701102285,-0.092302223,0.740833333,-0.123404255,0.163636364,-0.023024316,-0.163254593,0.348883006,0.633333333,0.621428571,-0.123404255,0.7,[0.721],60,-0.073490814,0.716330516,0.698795181,0.234444574,0.375,0.627380952,0.627380952,0.717422861,,0.040232108,0.824184095,0.659840728,0.761004205,,,,,,,
7fe73118-87a3-4a1f-8c27-8246a48e7834,NEURONAL_NETWORK,IN_PROCESSING,ROB_FAIRNESS_FGSM,FAIR_GAN_FAIR_PCA,0.675,0.707142857,0.615,0.707142857,0.6,0.804878049,140,0.325,0.073490814,1.282828283,0.195121951,0.001680672,1.011904762,0.292857143,0.176595745,1.79047619,0.532467532,0,1,0.4,-0.163636364,0.55,0.189778733,0.292857143,0.4,0.6,0.707142857,0.467532468,41,24,41,24,36,77,123,36,99,0.804878049,0.170116054,-0.170116054,0.129856222,0.008431319,0.007827426,0.641169376,0.205549084,0.34346743,0.616082354,0.039995566,0.697254902,-0.176595745,0.176595745,-0.000840336,-0.202624672,0.27064031,0.6,0.707142857,-0.176595745,0.7,[0.725],60,-0.073490814,0.716330516,0.752851711,0.289255846,0.325,0.653571429,0.653571429,0.764754421,,-0.012959381,0.783120875,0.711803475,0.757811843,,,,,,,
7fe73118-87a3-4a1f-8c27-8246a48e7834,NEURONAL_NETWORK,IN_PROCESSING,ROB_FAIRNESS_FGSM,FAIR_PCA,0.675,0.707142857,0.615,0.707142857,0.6,0.804878049,140,0.325,0.073490814,1.282828283,0.195121951,0.001680672,1.011904762,0.292857143,0.176595745,1.79047619,0.532467532,0,1,0.4,-0.163636364,0.55,0.189778733,0.292857143,0.4,0.6,0.707142857,0.467532468,41,24,41,24,36,77,123,36,99,0.804878049,0.170116054,-0.170116054,0.129856222,0.008431319,0.007827426,0.641169376,0.205549084,0.34346743,0.616082354,0.039995566,0.697254902,-0.176595745,0.176595745,-0.000840336,-0.202624672,0.27064031,0.6,0.707142857,-0.176595745,0.7,[0.725],60,-0.073490814,0.716330516,0.752851711,0.289255846,0.325,0.653571429,0.653571429,0.764754421,,-0.012959381,0.783120875,0.711803475,0.757811843,,,,,,,
7fe73118-87a3-4a1f-8c27-8246a48e7834,NEURONAL_NETWORK,IN_PROCESSING,ROB_FAIRNESS_PGD,DIR,0.705,0.785714286,0.695,0.785714286,0.516666667,0.791366906,140,0.295,0.049868766,1.175925926,0.208633094,0.102272727,1.6,0.214285714,-0.023404255,0.895238095,0.491803279,-0.038461538,0.928571429,0.483333333,0.145454545,1.32,0.148973511,0.214285714,0.483333333,0.516666667,0.785714286,0.508196721,30,29,30,29,31,61,139,31,110,0.791366906,0.0844294,0.0844294,0.061203985,0.001872964,0.001831375,0.640551031,0.205152812,0.343129396,0.545845236,-0.382128428,1.058333333,0.023404255,0.145454545,-0.070367133,0.040419948,0.207035338,0.516666667,0.785714286,0.023404255,0.7,[0.721],60,-0.073490814,0.716330516,0.788530466,0.300968994,0.295,0.651190476,0.651190476,0.596210855,,0.12205029,0.974852549,0.744429379,0.883677656,,,,,,,
7fe73118-87a3-4a1f-8c27-8246a48e7834,NEURONAL_NETWORK,IN_PROCESSING,ROB_FAIRNESS_PGD,SMOTE,0.7,0.785714286,0.7,0.785714286,0.5,0.785714286,140,0.3,-0.075590551,0.725714286,0.214285714,0.013278856,1.078787879,0.214285714,-0.112765957,0.47,0.5,-0.276315789,0.475,0.5,-0.054545455,0.88,0.15,0.214285714,0.5,0.5,0.785714286,0.5,30,30,30,30,30,60,140,30,110,0.785714286,0.083655706,0.029110251,0.069930214,0.002445117,0.002328094,0.640339625,0.205017418,0.343037299,0.547722558,-0.582799123,1.046441948,0.112765957,0.112765957,-0.144797323,0.032545932,0.207944154,0.5,0.785714286,0.112765957,0.7,[0.721],60,-0.073490814,0.716330516,0.785714286,0.285714286,0.3,0.642857143,0.642857143,0.62414341,,-0.058220503,0.964705903,0.740384615,0.876214277,,,,,,,
7fe73118-87a3-4a1f-8c27-8246a48e7834,NEURONAL_NETWORK,IN_PROCESSING,ROB_FAIRNESS_PGD,SMOTE_FAIR_PCA,0.705,0.792857143,0.705,0.792857143,0.5,0.787234043,140,0.295,0.214698163,1.852083333,0.212765957,0.208080808,2.337662338,0.207142857,0.108510638,1.566666667,0.491525424,0.263513514,1.541666667,0.5,0.375757576,1.885714286,0.146023613,0.207142857,0.5,0.5,0.792857143,0.508474576,29,30,29,30,30,59,141,30,111,0.787234043,0.242134107,0.133623469,0.04795638,0.001149907,0.001140026,0.640147514,0.20489442,0.342953364,0.54041394,-0.180672917,1.034814815,-0.108510638,0.375757576,0.027716353,0.024671916,0.201922065,0.5,0.792857143,-0.108510638,0.7,[0.725],60,-0.073490814,0.716330516,0.790035587,0.294279427,0.295,0.646428571,0.646428571,0.560050543,,0.267246937,0.937294213,0.745099439,0.863084713,,,,,,,
7fe73118-87a3-4a1f-8c27-8246a48e7834,NEURONAL_NETWORK,IN_PROCESSING,ROB_FAIRNESS_PGD,ROS,0.705,0.785714286,0.695,0.785714286,0.516666667,0.791366906,140,0.295,-0.067716535,0.747058824,0.208633094,0.015151515,1.090909091,0.214285714,-0.10212766,0.494736842,0.491803279,-0.263513514,0.486842105,0.483333333,-0.054545455,0.88,0.148973511,0.214285714,0.483333333,0.516666667,0.785714286,0.508196721,30,29,30,29,31,61,139,31,110,0.791366906,0.078336557,0.023791103,0.0500167,0.001250835,0.001207482,0.640147514,0.20489442,0.342953364,0.545845236,-0.382128428,1.034814815,0.10212766,0.10212766,-0.139332514,0.024671916,0.207035338,0.516666667,0.785714286,0.10212766,0.7,[0.721],60,-0.073490814,0.716330516,0.788530466,0.300968994,0.295,0.651190476,0.651190476,0.635697937,,-0.047582205,0.968577532,0.744429379,0.880231451,,,,,,,
7fe73118-87a3-4a1f-8c27-8246a48e7834,NEURONAL_NETWORK,IN_PROCESSING,ROB_FAIRNESS_PGD,ROS_FAIR_PCA,0.7,0.807142857,0.73,0.807142857,0.45,0.773972603,140,0.3,-0.0167979,0.940740741,0.226027397,0.065217391,1.352941176,0.192857143,-0.10212766,0.494736842,0.5,-0.20952381,0.614035088,0.55,0.084848485,1.164705882,0.140965218,0.192857143,0.55,0.45,0.807142857,0.5,27,33,27,33,27,54,146,27,113,0.773972603,0.093488072,0.093488072,0.060685848,0.001841386,0.001814256,0.641411008,0.205704041,0.34350161,0.53097122,-0.130814,1.104347826,0.10212766,0.10212766,-0.1373706,0.075590551,0.192517479,0.45,0.807142857,0.10212766,0.7,[0.725],60,-0.073490814,0.716330516,0.79020979,0.265424373,0.3,0.628571429,0.628571429,0.569807497,,-0.017279175,0.951439242,0.742374472,0.869790202,,,,,,,
7fe73118-87a3-4a1f-8c27-8246a48e7834,NEURONAL_NETWORK,IN_PROCESSING,ROB_FAIRNESS_PGD,RUS,0.625,0.614285714,0.535,0.614285714,0.65,0.803738318,140,0.375,0.104461942,1.288405797,0.196261682,0.128571429,1.818181818,0.385714286,0.127659574,1.342857143,0.580645161,0.010964912,1.017857143,0.35,0.066666667,1.2,0.249399405,0.385714286,0.35,0.65,0.614285714,0.419354839,54,21,54,21,39,93,107,39,86,0.803738318,0.097163121,-0.030496454,0.059304603,0.001758518,0.001683796,0.63912077,0.204237679,0.342499093,0.706256901,-0.540239509,0.846666667,-0.127659574,0.127659574,-0.058803258,-0.084514436,0.354647995,0.65,0.614285714,-0.127659574,0.7,[0.721],60,-0.073490814,0.716330516,0.696356275,0.242817492,0.375,0.632142857,0.632142857,0.651420973,,-0.060992908,0.89863083,0.658751436,0.801360968,,,,,,,
7fe73118-87a3-4a1f-8c27-8246a48e7834,NEURONAL_NETWORK,IN_PROCESSING,ROB_FAIRNESS_PGD,RUS_FAIR_PCA,0.66,0.65,0.55,0.65,0.683333333,0.827272727,140,0.34,0.151706037,1.481666667,0.172727273,0.140977444,1.974025974,0.35,0.191489362,1.620689655,0.544444444,0.056372549,1.099137931,0.316666667,0.066666667,1.2,0.219723183,0.35,0.316666667,0.683333333,0.65,0.455555556,49,19,49,19,41,90,110,41,91,0.827272727,0.129078014,-0.062411348,0.055878087,0.00156118,0.00151679,0.639588065,0.204536446,0.342715285,0.66290751,-0.430036369,0.779824561,-0.191489362,0.191489362,-0.042302447,-0.13175853,0.317457711,0.683333333,0.65,-0.191489362,0.7,[0.725],60,-0.073490814,0.716330516,0.728,0.307044124,0.34,0.666666667,0.666666667,0.708274232,,-0.124822695,0.844327008,0.692334294,0.786753295,,,,,,,
7fe73118-87a3-4a1f-8c27-8246a48e7834,NEURONAL_NETWORK,IN_PROCESSING,ROB_FAIRNESS_PGD,FOS,0.69,0.771428571,0.69,0.771428571,0.5,0.782608696,140,0.31,-0.032545932,0.89122807,0.217391304,0.075581395,1.433333333,0.228571429,-0.144680851,0.408695652,0.516129032,-0.227642276,0.594202899,0.5,0.145454545,1.32,0.158096113,0.228571429,0.5,0.5,0.771428571,0.483870968,32,30,32,30,30,62,138,30,108,0.782608696,0.145067698,0.145067698,0.076500894,0.002926193,0.002855986,0.64346095,0.207020997,0.34437723,0.562309724,-0.130814,1.181395349,0.144680851,0.145454545,-0.151611836,0.122834646,0.220094936,0.5,0.771428571,0.144680851,0.7,[0.721],60,-0.073490814,0.716330516,0.776978417,0.268942734,0.31,0.635714286,0.635714286,0.543492678,,0.000773694,0.924784911,0.730910696,0.849660686,,,,,,,
7fe73118-87a3-4a1f-8c27-8246a48e7834,NEURONAL_NETWORK,IN_PROCESSING,ROB_FAIRNESS_PGD,FOS_FAIR_PCA,0.705,0.771428571,0.675,0.771428571,0.55,0.8,140,0.295,0.124409449,1.451428571,0.2,0.13908046,1.864285714,0.228571429,0.076595745,1.342857143,0.492307692,0.075,1.142857143,0.45,0.175757576,1.414285714,0.154832347,0.228571429,0.45,0.55,0.771428571,0.507692308,32,27,32,27,33,65,135,33,108,0.8,0.12617666,0.049580916,0.043512575,0.000946672,0.000933706,0.639451297,0.204448981,0.342646727,0.556475241,-0.329092922,0.973180077,-0.076595745,0.175757576,-0.03204023,-0.018372703,0.217266258,0.55,0.771428571,-0.076595745,0.7,[0.725],60,-0.073490814,0.716330516,0.785454545,0.314485451,0.295,0.660714286,0.660714286,0.627955467,,0.099161831,0.956619147,0.74305581,0.872983742,,,,,,,
7fe73118-87a3-4a1f-8c27-8246a48e7834,NEURONAL_NETWORK,IN_PROCESSING,ROB_FAIRNESS_PGD,FAIR_SMOTE,0.565,0.5,0.435,0.5,0.716666667,0.804597701,140,0.435,-0.037270341,0.926041667,0.195402299,0.238636364,2.909090909,0.5,-0.327659574,0.477966102,0.619469027,0.07183908,1.105932203,0.283333333,0.648484848,5.28,0.337613957,0.5,0.283333333,0.716666667,0.5,0.380530973,70,17,70,17,43,113,87,43,70,0.804597701,0.488072211,0.488072211,0.294627378,0.043402646,0.041232595,0.700285739,0.245200058,0.367102325,0.821722529,0.171789339,2.328333333,0.327659574,0.648484848,-0.083398642,0.418372703,0.468204536,0.716666667,0.5,0.327659574,0.7,[0.721],60,-0.073490814,0.716330516,0.616740088,0.200277839,0.435,0.608333333,0.608333333,0.311422738,-200027.7013,0.320825274,0.715621355,0.589737377,0.668085368,,,,,,,
7fe73118-87a3-4a1f-8c27-8246a48e7834,NEURONAL_NETWORK,IN_PROCESSING,ROB_FAIRNESS_PGD,FAIR_SMOTE_FAIR_PCA,0.535,0.421428571,0.355,0.421428571,0.8,0.830985915,140,0.465,-0.127559055,0.758208955,0.169014085,0.235483871,4.65,0.578571429,-0.391489362,0.433846154,0.627906977,-0.077083333,0.886153846,0.2,0.539393939,9.9,0.403210769,0.578571429,0.2,0.8,0.421428571,0.372093023,81,12,81,12,48,129,71,48,59,0.830985915,0.465441651,0.465441651,0.306855933,0.047080282,0.045018592,0.717107734,0.257121751,0.373686524,0.898009765,0.264498737,2.731182796,0.391489362,0.539393939,-0.156283602,0.422572178,0.55010884,0.8,0.421428571,0.391489362,0.7,[0.725],60,-0.073490814,0.716330516,0.559241706,0.212055368,0.465,0.610714286,0.610714286,0.326462421,-219565.5769,0.147904578,0.712755869,0.546852329,0.647297078,,,,,,,
7fe73118-87a3-4a1f-8c27-8246a48e7834,NEURONAL_NETWORK,IN_PROCESSING,ROB_FAIRNESS_PGD,BAL_GAN_FAIR,0.705,0.785714286,0.695,0.785714286,0.516666667,0.791366906,140,0.295,0.049868766,1.175925926,0.208633094,0.102272727,1.6,0.214285714,-0.023404255,0.895238095,0.491803279,-0.038461538,0.928571429,0.483333333,0.145454545,1.32,0.148973511,0.214285714,0.483333333,0.516666667,0.785714286,0.508196721,30,29,30,29,31,61,139,31,110,0.791366906,0.0844294,0.0844294,0.061203985,0.001872964,0.001831375,0.640551031,0.205152812,0.343129396,0.545845236,-0.382128428,1.058333333,0.023404255,0.145454545,-0.070367133,0.040419948,0.207035338,0.516666667,0.785714286,0.023404255,0.7,[0.721],60,-0.073490814,0.716330516,0.788530466,0.300968994,0.295,0.651190476,0.651190476,0.596210855,,0.12205029,0.974852549,0.744429379,0.883677656,,,,,,,
7fe73118-87a3-4a1f-8c27-8246a48e7834,NEURONAL_NETWORK,IN_PROCESSING,ROB_FAIRNESS_PGD,BAL_GAN_FAIR_FAIR_PCA,0.72,0.792857143,0.69,0.792857143,0.55,0.804347826,140,0.28,0.148031496,1.5875,0.195652174,0.136956522,1.84,0.207142857,0.119148936,1.658823529,0.467741935,0.114285714,1.235294118,0.45,0.145454545,1.32,0.142791552,0.207142857,0.45,0.55,0.792857143,0.532258065,29,27,29,27,33,62,138,33,111,0.804347826,0.132301741,0.013152805,0.007658159,2.93E-05,2.93E-05,0.639128042,0.204242327,0.342502311,0.53439976,-0.057987258,0.920289855,-0.119148936,0.145454545,-0.011335404,-0.057742782,0.199090476,0.55,0.792857143,-0.119148936,0.7,[0.725],60,-0.073490814,0.716330516,0.798561151,0.339717138,0.28,0.671428571,0.671428571,0.662597403,,0.026305609,0.930992656,0.757248437,0.864848602,,,,,,,
7fe73118-87a3-4a1f-8c27-8246a48e7834,NEURONAL_NETWORK,IN_PROCESSING,ROB_FAIRNESS_PGD,DEMV,0.715,0.8,0.705,0.8,0.516666667,0.794326241,140,0.285,-0.001049869,0.996078431,0.205673759,0.090909091,1.571428571,0.2,-0.112765957,0.47,0.474576271,-0.179487179,0.65,0.483333333,0.175757576,1.414285714,0.141073241,0.2,0.483333333,0.516666667,0.8,0.525423729,28,29,28,29,31,59,141,31,112,0.794326241,0.144261767,0.144261767,0.081029728,0.003282908,0.003160827,0.642685659,0.206522428,0.344047681,0.531174624,-0.331484695,1.154545455,0.112765957,0.175757576,-0.135198135,0.107086614,0.195025078,0.516666667,0.8,0.112765957,0.7,[0.721],60,-0.073490814,0.716330516,0.797153025,0.318204584,0.285,0.658333333,0.658333333,0.563361004,,0.062991618,0.934197213,0.753844887,0.86519949,,,,,,,
7fe73118-87a3-4a1f-8c27-8246a48e7834,NEURONAL_NETWORK,IN_PROCESSING,ROB_FAIRNESS_PGD,DEMV_FAIR_PCA,0.735,0.842857143,0.745,0.842857143,0.483333333,0.791946309,140,0.265,0.022572178,1.092473118,0.208053691,0.088709677,1.55,0.157142857,-0.070212766,0.5875,0.431372549,-0.137254902,0.708333333,0.516666667,0.145454545,1.32,0.120407042,0.157142857,0.516666667,0.483333333,0.842857143,0.568627451,22,31,22,31,29,51,149,29,118,0.791946309,0.107833656,0.107833656,0.066891013,0.002237204,0.002210645,0.641145033,0.205533477,0.343386868,0.490728116,-0.073290156,1.092473118,0.070212766,0.145454545,-0.11298229,0.067716535,0.161605723,0.483333333,0.842857143,0.070212766,0.7,[0.725],60,-0.073490814,0.716330516,0.816608997,0.342951493,0.265,0.663095238,0.663095238,0.591591254,,0.075241779,0.955938055,0.77365833,0.886329427,,,,,,,
7fe73118-87a3-4a1f-8c27-8246a48e7834,NEURONAL_NETWORK,IN_PROCESSING,ROB_FAIRNESS_PGD,FAIR_GAN,0.625,0.621428571,0.545,0.621428571,0.633333333,0.798165138,140,0.375,0.034120735,1.114035088,0.201834862,-0.007142857,0.952380952,0.378571429,0.123404255,1.446153846,0.582417582,-0.053191489,0.903846154,0.366666667,-0.163636364,0.55,0.245772207,0.378571429,0.366666667,0.633333333,0.621428571,0.417582418,53,22,53,22,38,91,109,38,87,0.798165138,0.143520309,-0.143520309,0.130049161,0.008456392,0.008640655,0.640183045,0.204917165,0.34299531,0.701102285,-0.092302223,0.740833333,-0.123404255,0.163636364,-0.023024316,-0.163254593,0.348883006,0.633333333,0.621428571,-0.123404255,0.7,[0.721],60,-0.073490814,0.716330516,0.698795181,0.234444574,0.375,0.627380952,0.627380952,0.717422861,,0.040232108,0.824184095,0.659840728,0.761004205,,,,,,,
7fe73118-87a3-4a1f-8c27-8246a48e7834,NEURONAL_NETWORK,IN_PROCESSING,ROB_FAIRNESS_PGD,FAIR_GAN_FAIR_PCA,0.675,0.707142857,0.615,0.707142857,0.6,0.804878049,140,0.325,0.073490814,1.282828283,0.195121951,0.001680672,1.011904762,0.292857143,0.176595745,1.79047619,0.532467532,0,1,0.4,-0.163636364,0.55,0.189778733,0.292857143,0.4,0.6,0.707142857,0.467532468,41,24,41,24,36,77,123,36,99,0.804878049,0.170116054,-0.170116054,0.129856222,0.008431319,0.007827426,0.641169376,0.205549084,0.34346743,0.616082354,0.039995566,0.697254902,-0.176595745,0.176595745,-0.000840336,-0.202624672,0.27064031,0.6,0.707142857,-0.176595745,0.7,[0.725],60,-0.073490814,0.716330516,0.752851711,0.289255846,0.325,0.653571429,0.653571429,0.764754421,,-0.012959381,0.783120875,0.711803475,0.757811843,,,,,,,
7fe73118-87a3-4a1f-8c27-8246a48e7834,NEURONAL_NETWORK,IN_PROCESSING,ROB_FAIRNESS_PGD,FAIR_PCA,0.675,0.707142857,0.615,0.707142857,0.6,0.804878049,140,0.325,0.073490814,1.282828283,0.195121951,0.001680672,1.011904762,0.292857143,0.176595745,1.79047619,0.532467532,0,1,0.4,-0.163636364,0.55,0.189778733,0.292857143,0.4,0.6,0.707142857,0.467532468,41,24,41,24,36,77,123,36,99,0.804878049,0.170116054,-0.170116054,0.129856222,0.008431319,0.007827426,0.641169376,0.205549084,0.34346743,0.616082354,0.039995566,0.697254902,-0.176595745,0.176595745,-0.000840336,-0.202624672,0.27064031,0.6,0.707142857,-0.176595745,0.7,[0.725],60,-0.073490814,0.716330516,0.752851711,0.289255846,0.325,0.653571429,0.653571429,0.764754421,,-0.012959381,0.783120875,0.711803475,0.757811843,,,,,,,
7fe73118-87a3-4a1f-8c27-8246a48e7834,GERRY_FAIR_CLASSIFIER,IN_PROCESSING,GERRY_FAIR_CLASSIFIER,DIR,0.505,0.492857143,0.485,0.492857143,0.533333333,0.711340206,140,0.495,-0.096062992,0.806349206,0.288659794,0.012711864,1.053571429,0.507142857,-0.121276596,0.767346939,0.689320388,-0.149159664,0.793002915,0.466666667,-0.024242424,0.942857143,0.364132419,0.507142857,0.466666667,0.533333333,0.492857143,0.310679612,71,28,71,28,32,103,97,32,69,0.711340206,0.07275951,0.048517086,0.102696596,0.005273295,0.005174697,0.642943006,0.206687854,0.344157266,0.853384344,-0.371984223,1.148022599,0.121276596,0.121276596,-0.080935764,0.068766404,0.489308772,0.533333333,0.492857143,0.121276596,0.7,[0.721],60,-0.073490814,0.716330516,0.582278481,0.024014777,0.495,0.513095238,0.513095238,0.488201352,-580258.1601,-0.097034172,0.967606246,0.540892951,0.766136532,,,,,,,
7fe73118-87a3-4a1f-8c27-8246a48e7834,GERRY_FAIR_CLASSIFIER,IN_PROCESSING,GERRY_FAIR_CLASSIFIER,SMOTE,0.31,0.014285714,0.01,0.014285714,1,1,140,0.69,-0.057742782,0.920289855,0,0,,0.985714286,0.021276596,1.02173913,0.696969697,-0.069333333,0.905797101,0,0,,1.112903226,0.985714286,0,1,0.014285714,0.303030303,138,0,138,0,60,198,2,60,2,1,0.010638298,-0.010638298,0.211722868,0.022413286,0.01932998,0.64346095,0.207020997,0.34437723,1.491913688,0.473253551,0,-0.021276596,0.021276596,-0.534666667,-0.015748031,1.171182982,1,0.014285714,-0.021276596,0.7,[0.721],60,-0.073490814,0.716330516,0.028169014,0.065795169,0.69,0.507142857,0.507142857,0.512537994,-580258.1601,-0.021276596,1.592345027,0.051645148,1.412436057,,,,,,,
7fe73118-87a3-4a1f-8c27-8246a48e7834,GERRY_FAIR_CLASSIFIER,IN_PROCESSING,GERRY_FAIR_CLASSIFIER,SMOTE_FAIR_PCA,0.31,0.014285714,0.01,0.014285714,1,1,140,0.69,-0.057742782,0.920289855,0,0,,0.985714286,0.021276596,1.02173913,0.696969697,-0.069333333,0.905797101,0,0,,1.112903226,0.985714286,0,1,0.014285714,0.303030303,138,0,138,0,60,198,2,60,2,1,0.010638298,-0.010638298,0.211722868,0.022413286,0.01932998,0.64346095,0.207020997,0.34437723,1.491913688,0.473253551,0,-0.021276596,0.021276596,-0.534666667,-0.015748031,1.171182982,1,0.014285714,-0.021276596,0.7,[0.725],60,-0.073490814,0.716330516,0.028169014,0.065795169,0.69,0.507142857,0.507142857,0.512537994,-580258.1601,-0.021276596,1.592345027,0.051645148,1.412436057,,,,,,,
7fe73118-87a3-4a1f-8c27-8246a48e7834,GERRY_FAIR_CLASSIFIER,IN_PROCESSING,GERRY_FAIR_CLASSIFIER,ROS,0.43,0.435714286,0.48,0.435714286,0.416666667,0.635416667,140,0.57,-0.225721785,0.596244131,0.364583333,-0.095238095,0.7,0.564285714,-0.242553191,0.552941176,0.759615385,-0.296875,0.62745098,0.583333333,-0.206060606,0.66,0.428665352,0.564285714,0.583333333,0.416666667,0.435714286,0.240384615,79,35,79,35,25,104,96,25,61,0.635416667,0.224306899,0.018246293,0.121154675,0.007339228,0.006778197,0.644539631,0.207715668,0.344833054,0.925921543,-0.271186924,1.20952381,0.242553191,0.242553191,-0.100818452,0.103937008,0.55948894,0.416666667,0.435714286,0.242553191,0.7,[0.721],60,-0.073490814,0.716330516,0.516949153,-0.135403458,0.57,0.426190476,0.426190476,0.41841408,-580258.1601,-0.036492585,0.934235704,0.469482728,0.702445956,,,,,,,
7fe73118-87a3-4a1f-8c27-8246a48e7834,GERRY_FAIR_CLASSIFIER,IN_PROCESSING,GERRY_FAIR_CLASSIFIER,ROS_FAIR_PCA,0.53,0.507142857,0.48,0.507142857,0.583333333,0.739583333,140,0.47,0.151181102,1.336842105,0.260416667,0.247723133,2.259259259,0.492857143,0.021276596,1.044444444,0.663461538,0.151515152,1.222222222,0.416666667,0.436363636,2.2,0.346482577,0.492857143,0.416666667,0.583333333,0.507142857,0.336538462,69,25,69,25,35,104,96,35,71,0.739583333,0.228820116,0.20754352,0.098630166,0.004863955,0.004578143,0.64578232,0.208517402,0.345354873,0.832445286,-0.405506915,1.249180328,-0.021276596,0.436363636,-0.048103991,0.119685039,0.470623917,0.583333333,0.507142857,-0.021276596,0.7,[0.725],60,-0.073490814,0.716330516,0.601694915,0.082989216,0.47,0.545238095,0.545238095,0.432077462,-580258.1601,0.415087041,0.947840327,0.563576456,0.772311663,,,,,,,
7fe73118-87a3-4a1f-8c27-8246a48e7834,GERRY_FAIR_CLASSIFIER,IN_PROCESSING,GERRY_FAIR_CLASSIFIER,RUS,0.3,0,0,0,1,0,140,0.7,-0.073490814,0.90070922,0,0,,1,0,1,0.7,-0.073490814,0.90070922,0,0,,1.166666667,1,0,1,0,0.3,140,0,140,0,60,200,0,60,0,0,0,0,0.236959981,0.028075016,0.024323728,0.646905035,0.209243062,0.345823687,1.527525232,1.496642418,,0,0,-0.036745407,0,1.203972804,1,0,0,0.7,[0.721],60,-0.073490814,0.716330516,0,0,0.7,0.5,0.5,0.5,-580258.1601,0,,1.130434783,,,,,,,,
7fe73118-87a3-4a1f-8c27-8246a48e7834,GERRY_FAIR_CLASSIFIER,IN_PROCESSING,GERRY_FAIR_CLASSIFIER,RUS_FAIR_PCA,0.3,0,0,0,1,0,140,0.7,-0.073490814,0.90070922,0,0,,1,0,1,0.7,-0.073490814,0.90070922,0,0,,1.166666667,1,0,1,0,0.3,140,0,140,0,60,200,0,60,0,0,0,0,0.236959981,0.028075016,0.024323728,0.646905035,0.209243062,0.345823687,1.527525232,1.496642418,,0,0,-0.036745407,0,1.203972804,1,0,0,0.7,[0.725],60,-0.073490814,0.716330516,0,0,0.7,0.5,0.5,0.5,-580258.1601,0,,1.130434783,,,,,,,,
7fe73118-87a3-4a1f-8c27-8246a48e7834,GERRY_FAIR_CLASSIFIER,IN_PROCESSING,GERRY_FAIR_CLASSIFIER,FOS,0.48,0.457142857,0.46,0.457142857,0.533333333,0.695652174,140,0.52,-0.084514436,0.846666667,0.304347826,0,1,0.542857143,-0.074468085,0.87037037,0.703703704,-0.13556338,0.821759259,0.466666667,-0.084848485,0.825,0.400277008,0.542857143,0.466666667,0.533333333,0.457142857,0.296296296,76,28,76,28,32,108,92,32,64,0.695652174,0.079658285,-0.0051902,0.129897948,0.008436738,0.007813332,0.641123761,0.205519839,0.343377677,0.894736842,-0.522695199,1.058333333,0.074468085,0.084848485,-0.06778169,0.025721785,0.52980686,0.533333333,0.457142857,0.074468085,0.7,[0.721],60,-0.073490814,0.716330516,0.551724138,-0.008756782,0.52,0.495238095,0.495238095,0.49780848,-580258.1601,0.0103804,0.985959979,0.513368984,0.754451914,,,,,,,
7fe73118-87a3-4a1f-8c27-8246a48e7834,GERRY_FAIR_CLASSIFIER,IN_PROCESSING,GERRY_FAIR_CLASSIFIER,FOS_FAIR_PCA,0.435,0.407142857,0.435,0.407142857,0.5,0.655172414,140,0.565,0.044619423,1.071729958,0.344827586,0.136363636,1.375,0.592857143,0.072340426,1.115254237,0.734513274,-0.041666667,0.949152542,0.5,-0.006060606,0.99,0.457934194,0.592857143,0.5,0.5,0.407142857,0.265486726,83,30,83,30,30,113,87,30,57,0.655172414,0.039200516,-0.039200516,0.082082612,0.003368778,0.003295171,0.639451297,0.204448981,0.342646727,0.95701013,-0.29647667,0.923636364,-0.072340426,0.072340426,-0.089015152,-0.033070866,0.590801996,0.5,0.407142857,-0.072340426,0.7,[0.725],60,-0.073490814,0.716330516,0.502202643,-0.08583336,0.565,0.453571429,0.453571429,0.471351663,-580258.1601,-0.066279819,0.944362714,0.46619192,0.703751286,,,,,,,
7fe73118-87a3-4a1f-8c27-8246a48e7834,GERRY_FAIR_CLASSIFIER,IN_PROCESSING,GERRY_FAIR_CLASSIFIER,FAIR_SMOTE,0.3,0,0,0,1,0,140,0.7,-0.073490814,0.90070922,0,0,,1,0,1,0.7,-0.073490814,0.90070922,0,0,,1.166666667,1,0,1,0,0.3,140,0,140,0,60,200,0,60,0,0,0,0,0.236959981,0.028075016,0.024323728,0.646905035,0.209243062,0.345823687,1.527525232,1.496642418,,0,0,-0.036745407,0,1.203972804,1,0,0,0.7,[0.721],60,-0.073490814,0.716330516,0,0,0.7,0.5,0.5,0.5,-580258.1601,0,,1.130434783,,,,,,,,
7fe73118-87a3-4a1f-8c27-8246a48e7834,GERRY_FAIR_CLASSIFIER,IN_PROCESSING,GERRY_FAIR_CLASSIFIER,FAIR_SMOTE_FAIR_PCA,0.7,1,1,1,0,0.7,140,0.3,0.073490814,1.282828283,0.3,0.073490814,1.282828283,0,0,,0,0,,1,0,1,0.062130178,0,1,0,1,0,0,60,0,60,0,0,200,0,140,0.7,0,0,0.054683073,0.001495119,0.001436123,0.639451297,0.204448981,0.342646727,0.352505823,1.496642418,1,0,0,-0.036745407,0,0.057549819,0,1,0,0.7,[0.725],60,-0.073490814,0.716330516,0.823529412,0,0.3,0.5,0.5,0.5,-580258.1601,0,1,0.756756757,0.903225806,,,,,,,
7fe73118-87a3-4a1f-8c27-8246a48e7834,GERRY_FAIR_CLASSIFIER,IN_PROCESSING,GERRY_FAIR_CLASSIFIER,BAL_GAN_FAIR,0.505,0.492857143,0.485,0.492857143,0.533333333,0.711340206,140,0.495,-0.096062992,0.806349206,0.288659794,0.012711864,1.053571429,0.507142857,-0.121276596,0.767346939,0.689320388,-0.149159664,0.793002915,0.466666667,-0.024242424,0.942857143,0.364132419,0.507142857,0.466666667,0.533333333,0.492857143,0.310679612,71,28,71,28,32,103,97,32,69,0.711340206,0.07275951,0.048517086,0.102696596,0.005273295,0.005174697,0.642943006,0.206687854,0.344157266,0.853384344,-0.371984223,1.148022599,0.121276596,0.121276596,-0.080935764,0.068766404,0.489308772,0.533333333,0.492857143,0.121276596,0.7,[0.721],60,-0.073490814,0.716330516,0.582278481,0.024014777,0.495,0.513095238,0.513095238,0.488201352,-580258.1601,-0.097034172,0.967606246,0.540892951,0.766136532,,,,,,,
7fe73118-87a3-4a1f-8c27-8246a48e7834,GERRY_FAIR_CLASSIFIER,IN_PROCESSING,GERRY_FAIR_CLASSIFIER,BAL_GAN_FAIR_FAIR_PCA,0.59,0.614285714,0.57,0.614285714,0.533333333,0.754385965,140,0.41,0.120209974,1.346969697,0.245614035,0.19047619,2.333333333,0.385714286,0.038297872,1.105882353,0.627906977,0.070175439,1.117647059,0.466666667,0.296969697,1.98,0.259677632,0.385714286,0.466666667,0.533333333,0.614285714,0.372093023,54,28,54,28,32,86,114,32,86,0.754385965,0.167633785,0.129335912,0.106896306,0.00571341,0.005404181,0.641391346,0.205691429,0.343493138,0.720663073,-0.582266595,1.088571429,-0.038297872,0.296969697,-0.060150376,0.048818898,0.362343919,0.533333333,0.614285714,-0.038297872,0.7,[0.725],60,-0.073490814,0.716330516,0.677165354,0.136640798,0.41,0.573809524,0.573809524,0.499595346,-580258.1601,0.258671825,0.961924327,0.630584726,0.818554927,,,,,,,
7fe73118-87a3-4a1f-8c27-8246a48e7834,GERRY_FAIR_CLASSIFIER,IN_PROCESSING,GERRY_FAIR_CLASSIFIER,DEMV,0.515,0.564285714,0.575,0.564285714,0.4,0.686956522,140,0.485,0.209973753,1.459770115,0.313043478,0.257142857,2.058823529,0.435714286,0.163829787,1.375609756,0.717647059,0.137844612,1.191637631,0.6,0.284848485,1.552941176,0.306530612,0.435714286,0.6,0.4,0.564285714,0.282352941,61,36,61,36,24,85,115,24,79,0.686956522,0.224339136,0.060509349,0.105345208,0.005548806,0.005397305,0.639584295,0.204534035,0.342705666,0.782982263,-0.185992078,0.967619048,-0.163829787,0.284848485,-0.059649123,-0.017847769,0.418711947,0.4,0.564285714,-0.163829787,0.7,[0.721],60,-0.073490814,0.716330516,0.619607843,-0.033107259,0.485,0.482142857,0.482142857,0.452968707,-580258.1601,0.121018698,0.927649815,0.562481638,0.762617159,,,,,,,
7fe73118-87a3-4a1f-8c27-8246a48e7834,GERRY_FAIR_CLASSIFIER,IN_PROCESSING,GERRY_FAIR_CLASSIFIER,DEMV_FAIR_PCA,0.385,0.392857143,0.465,0.392857143,0.366666667,0.591397849,140,0.615,-0.218372703,0.681226054,0.408602151,-0.103030303,0.763888889,0.607142857,-0.270212766,0.596825397,0.794392523,-0.208333333,0.761904762,0.633333333,-0.127272727,0.825,0.478256226,0.607142857,0.633333333,0.366666667,0.392857143,0.205607477,85,38,85,38,22,107,93,22,55,0.591397849,0.198742747,0.071470019,0.1322107,0.008739835,0.008473732,0.650659096,0.21167863,0.34737667,0.978014546,0.148666921,1.385454545,0.270212766,0.270212766,-0.052651515,0.166929134,0.612187849,0.366666667,0.392857143,0.270212766,0.7,[0.725],60,-0.073490814,0.716330516,0.472103004,-0.220942042,0.615,0.379761905,0.379761905,0.352620314,-580258.1601,-0.142940039,0.915458257,0.424125585,0.660430674,,,,,,,
7fe73118-87a3-4a1f-8c27-8246a48e7834,GERRY_FAIR_CLASSIFIER,IN_PROCESSING,GERRY_FAIR_CLASSIFIER,FAIR_GAN,0.69,0.978571429,0.98,0.978571429,0.016666667,0.698979592,140,0.31,0.065616798,1.245098039,0.301020408,0.075268817,1.291666667,0.021428571,-0.021276596,0,0.75,-0.666666667,0,0.983333333,0.03030303,1.03125,0.070678711,0.021428571,0.983333333,0.016666667,0.978571429,0.25,3,59,3,59,1,4,196,1,137,0.698979592,0.025789813,0.025789813,0.060466609,0.001828105,0.001749848,0.639733063,0.204629196,0.342771365,0.375975294,-0.449267731,1.024193548,0.021276596,0.03030303,-0.370967742,0.023622047,0.072637451,0.016666667,0.978571429,0.021276596,0.7,[0.721],60,-0.073490814,0.716330516,0.81547619,-0.015586992,0.31,0.497619048,0.497619048,0.484785545,-580258.1601,0.009026435,0.987951154,0.747509094,0.892281422,,,,,,,
7fe73118-87a3-4a1f-8c27-8246a48e7834,GERRY_FAIR_CLASSIFIER,IN_PROCESSING,GERRY_FAIR_CLASSIFIER,FAIR_GAN_FAIR_PCA,0.69,0.978571429,0.98,0.978571429,0.016666667,0.698979592,140,0.31,0.049868766,1.175925926,0.301020408,0.067204301,1.252525253,0.021428571,-0.031914894,0,0.75,-1,0,0.983333333,0,1,0.070678711,0.021428571,0.983333333,0.016666667,0.978571429,0.25,3,59,3,59,1,4,196,1,137,0.698979592,0.015957447,0.015957447,0.060466609,0.001828105,0.001749848,0.639733063,0.204629196,0.342771365,0.375975294,-0.449267731,1.024193548,0.031914894,0.031914894,-0.533602151,0.023622047,0.072637451,0.016666667,0.978571429,0.031914894,0.7,[0.725],60,-0.073490814,0.716330516,0.81547619,-0.015586992,0.31,0.497619048,0.497619048,0.489678318,-580258.1601,-0.031914894,0.987714132,0.747509094,0.892152517,,,,,,,
7fe73118-87a3-4a1f-8c27-8246a48e7834,GERRY_FAIR_CLASSIFIER,IN_PROCESSING,GERRY_FAIR_CLASSIFIER,FAIR_PCA,0.69,0.978571429,0.98,0.978571429,0.016666667,0.698979592,140,0.31,0.049868766,1.175925926,0.301020408,0.067204301,1.252525253,0.021428571,-0.031914894,0,0.75,-1,0,0.983333333,0,1,0.070678711,0.021428571,0.983333333,0.016666667,0.978571429,0.25,3,59,3,59,1,4,196,1,137,0.698979592,0.015957447,0.015957447,0.060466609,0.001828105,0.001749848,0.639733063,0.204629196,0.342771365,0.375975294,-0.449267731,1.024193548,0.031914894,0.031914894,-0.533602151,0.023622047,0.072637451,0.016666667,0.978571429,0.031914894,0.7,[0.725],60,-0.073490814,0.716330516,0.81547619,-0.015586992,0.31,0.497619048,0.497619048,0.489678318,-580258.1601,-0.031914894,0.987714132,0.747509094,0.892152517,,,,,,,
7fe73118-87a3-4a1f-8c27-8246a48e7834,PREJUDICE_REMOVER,IN_PROCESSING,PREJUDICE_REMOVER,DIR,0.695,0.821428571,0.755,0.821428571,0.4,0.761589404,140,0.305,0.206824147,1.795959596,0.238410596,0.141414141,1.736842105,0.178571429,0.25106383,2.685714286,0.510204082,0.166666667,1.333333333,0.6,0.024242424,1.042105263,0.135655084,0.178571429,0.6,0.4,0.821428571,0.489795918,25,36,25,36,24,49,151,24,115,0.761589404,0.137653127,-0.113410703,0.086627056,0.003752123,0.003486065,0.64020777,0.204932994,0.343007034,0.520874427,0.105649536,0.76969697,-0.25106383,0.25106383,0.012626263,-0.179527559,0.182983389,0.4,0.821428571,-0.25106383,0.7,[0.721],60,-0.073490814,0.716330516,0.790378007,0.235931966,0.305,0.610714286,0.610714286,0.679975822,-37420.96482,-0.226821406,0.80302454,0.739626832,0.780717919,,,,,,,
7fe73118-87a3-4a1f-8c27-8246a48e7834,PREJUDICE_REMOVER,IN_PROCESSING,PREJUDICE_REMOVER,SMOTE,0.62,0.542857143,0.44,0.542857143,0.8,0.863636364,140,0.38,0.112335958,1.317037037,0.136363636,0.247978437,7.571428571,0.457142857,0.042553191,1.093023256,0.571428571,0.043918919,1.075581395,0.2,0.339393939,6.6,0.285244704,0.457142857,0.2,0.8,0.542857143,0.428571429,64,12,64,12,48,112,88,48,76,0.863636364,0.190973565,0.148420374,0.125989245,0.007936645,0.007547701,0.642390833,0.206332991,0.343921882,0.755307493,-0.559107993,1.118238994,-0.042553191,0.339393939,-0.102029759,0.049343832,0.413507338,0.8,0.542857143,-0.042553191,0.7,[0.721],60,-0.073490814,0.716330516,0.666666667,0.316520977,0.38,0.671428571,0.671428571,0.571774892,-45573.4752,0.296840748,0.960406983,0.642487047,0.824424485,,,,,,,
7fe73118-87a3-4a1f-8c27-8246a48e7834,PREJUDICE_REMOVER,IN_PROCESSING,PREJUDICE_REMOVER,SMOTE_FAIR_PCA,0.62,0.55,0.45,0.55,0.783333333,0.855555556,140,0.38,0.112335958,1.317037037,0.144444444,0.247978437,7.571428571,0.45,0.042553191,1.093023256,0.572727273,0.043918919,1.075581395,0.216666667,0.339393939,6.6,0.282222222,0.45,0.216666667,0.783333333,0.55,0.427272727,63,13,63,13,47,110,90,47,77,0.855555556,0.190973565,0.148420374,0.149131782,0.011120144,0.010406516,0.642390833,0.206332991,0.343921882,0.751295178,-0.468136215,1.118238994,-0.042553191,0.339393939,-0.102029759,0.049343832,0.407827584,0.783333333,0.55,-0.042553191,0.7,[0.725],60,-0.073490814,0.716330516,0.669565217,0.307044124,0.38,0.666666667,0.666666667,0.567719751,-45393.71817,0.296840748,0.960406983,0.643830074,0.825160722,,,,,,,
7fe73118-87a3-4a1f-8c27-8246a48e7834,PREJUDICE_REMOVER,IN_PROCESSING,PREJUDICE_REMOVER,ROS,0.635,0.621428571,0.535,0.621428571,0.666666667,0.813084112,140,0.365,0.210498688,1.65203252,0.186915888,0.259057971,3.234375,0.378571429,0.14893617,1.424242424,0.569892473,0.145320197,1.255411255,0.333333333,0.357575758,2.475,0.242228119,0.378571429,0.333333333,0.666666667,0.621428571,0.430107527,53,20,53,20,40,93,107,40,87,0.813084112,0.253255964,0.104319794,0.080726846,0.003258412,0.003032801,0.639741518,0.204634605,0.342775092,0.696028905,-0.648453094,0.981642512,-0.14893617,0.357575758,-0.056868887,-0.009973753,0.346346831,0.666666667,0.621428571,-0.14893617,0.7,[0.721],60,-0.073490814,0.716330516,0.704453441,0.264692941,0.365,0.644047619,0.644047619,0.576860704,-43997.76491,0.208639587,0.925873432,0.667926068,0.820278565,,,,,,,
7fe73118-87a3-4a1f-8c27-8246a48e7834,PREJUDICE_REMOVER,IN_PROCESSING,PREJUDICE_REMOVER,ROS_FAIR_PCA,0.625,0.614285714,0.535,0.614285714,0.65,0.803738318,140,0.375,0.194750656,1.575193798,0.196261682,0.23415493,2.6625,0.385714286,0.14893617,1.424242424,0.580645161,0.125,1.212121212,0.35,0.296969697,1.98,0.249399405,0.385714286,0.35,0.65,0.614285714,0.419354839,54,21,54,21,39,93,107,39,86,0.803738318,0.222952934,0.074016763,0.054173797,0.0014674,0.001391436,0.639451297,0.204448981,0.342646727,0.706256901,-0.522695199,0.95399061,-0.14893617,0.296969697,-0.054577465,-0.025721785,0.354647995,0.65,0.614285714,-0.14893617,0.7,[0.725],60,-0.073490814,0.716330516,0.696356275,0.242817492,0.375,0.632142857,0.632142857,0.585353689,-44036.49926,0.148033527,0.923880906,0.658751436,0.814596607,,,,,,,
7fe73118-87a3-4a1f-8c27-8246a48e7834,PREJUDICE_REMOVER,IN_PROCESSING,PREJUDICE_REMOVER,RUS,0.625,0.571428571,0.475,0.571428571,0.75,0.842105263,140,0.375,0.343832021,2.06504065,0.157894737,0.407692308,5.416666667,0.428571429,0.327659574,1.88,0.571428571,0.213261649,1.377777778,0.25,0.418181818,3.3,0.270031217,0.428571429,0.25,0.75,0.571428571,0.428571429,60,15,60,15,45,105,95,45,80,0.842105263,0.372920696,0.045261122,0.079734936,0.00317883,0.002954582,0.639360871,0.204391162,0.342609615,0.734889403,-0.475439973,0.781538462,-0.327659574,0.418181818,-0.097215329,-0.111811024,0.389049768,0.75,0.571428571,-0.327659574,0.7,[0.721],60,-0.073490814,0.716330516,0.680851064,0.294963086,0.375,0.660714286,0.660714286,0.630809616,-48912.7837,0.090522244,0.809689938,0.651731161,0.749165368,,,,,,,
7fe73118-87a3-4a1f-8c27-8246a48e7834,PREJUDICE_REMOVER,IN_PROCESSING,PREJUDICE_REMOVER,RUS_FAIR_PCA,0.64,0.592857143,0.49,0.592857143,0.75,0.846938776,140,0.36,0.367454068,2.228070175,0.153061224,0.411764706,5.666666667,0.407142857,0.359574468,2.05625,0.558823529,0.235404896,1.434027778,0.25,0.418181818,3.3,0.253084442,0.407142857,0.25,0.75,0.592857143,0.441176471,57,15,57,15,45,102,98,45,83,0.846938776,0.388878143,0.029303675,0.0785168,0.003082444,0.002921445,0.639743219,0.204635693,0.34278789,0.711455468,-0.43065637,0.747058824,-0.359574468,0.418181818,-0.088179905,-0.135433071,0.367332558,0.75,0.592857143,-0.359574468,0.7,[0.725],60,-0.073490814,0.716330516,0.697478992,0.314296628,0.36,0.671428571,0.671428571,0.651753247,-48721.6344,0.05860735,0.786336425,0.667504398,0.742287984,,,,,,,
7fe73118-87a3-4a1f-8c27-8246a48e7834,PREJUDICE_REMOVER,IN_PROCESSING,PREJUDICE_REMOVER,FOS,0.685,0.807142857,0.745,0.807142857,0.4,0.758389262,140,0.315,0.191076115,1.693333333,0.241610738,0.137457045,1.701754386,0.192857143,0.229787234,2.35,0.529411765,0.133333333,1.25,0.6,0.024242424,1.042105263,0.143300291,0.192857143,0.6,0.4,0.807142857,0.470588235,27,36,27,36,24,51,149,24,113,0.758389262,0.127014829,-0.102772405,0.089372525,0.003993724,0.003689625,0.639926187,0.204752762,0.342873908,0.535350896,0.105649536,0.78556701,-0.229787234,0.229787234,-0.002061856,-0.163779528,0.19477066,0.4,0.807142857,-0.229787234,0.7,[0.721],60,-0.073490814,0.716330516,0.78200692,0.217786714,0.315,0.603571429,0.603571429,0.665601916,-37600.65128,-0.20554481,0.81938506,0.730296133,0.787368016,,,,,,,
7fe73118-87a3-4a1f-8c27-8246a48e7834,PREJUDICE_REMOVER,IN_PROCESSING,PREJUDICE_REMOVER,FOS_FAIR_PCA,0.69,0.807142857,0.74,0.807142857,0.416666667,0.763513514,140,0.31,0.198950131,1.743137255,0.236486486,0.145833333,1.777777778,0.192857143,0.229787234,2.35,0.519230769,0.150537634,1.291666667,0.583333333,0.054545455,1.1,0.142566568,0.192857143,0.583333333,0.416666667,0.807142857,0.480769231,27,35,27,35,25,52,148,25,113,0.763513514,0.142166344,-0.08762089,0.090969073,0.004137686,0.003813755,0.639798329,0.204670951,0.342813756,0.533978591,0.105649536,0.79375,-0.229787234,0.229787234,0.002352151,-0.155905512,0.194049973,0.416666667,0.807142857,-0.229787234,0.7,[0.725],60,-0.073490814,0.716330516,0.784722222,0.233822165,0.31,0.611904762,0.611904762,0.665520402,-37742.61135,-0.175241779,0.826630365,0.734319081,0.793384882,,,,,,,
7fe73118-87a3-4a1f-8c27-8246a48e7834,PREJUDICE_REMOVER,IN_PROCESSING,PREJUDICE_REMOVER,BAL_GAN_FAIR,0.695,0.821428571,0.755,0.821428571,0.4,0.761589404,140,0.305,0.206824147,1.795959596,0.238410596,0.141414141,1.736842105,0.178571429,0.25106383,2.685714286,0.510204082,0.166666667,1.333333333,0.6,0.024242424,1.042105263,0.135655084,0.178571429,0.6,0.4,0.821428571,0.489795918,25,36,25,36,24,49,151,24,115,0.761589404,0.137653127,-0.113410703,0.086627056,0.003752123,0.003486065,0.64020777,0.204932994,0.343007034,0.520874427,0.105649536,0.76969697,-0.25106383,0.25106383,0.012626263,-0.179527559,0.182983389,0.4,0.821428571,-0.25106383,0.7,[0.721],60,-0.073490814,0.716330516,0.790378007,0.235931966,0.305,0.610714286,0.610714286,0.679975822,-37420.96482,-0.226821406,0.80302454,0.739626832,0.780717919,,,,,,,
7fe73118-87a3-4a1f-8c27-8246a48e7834,PREJUDICE_REMOVER,IN_PROCESSING,PREJUDICE_REMOVER,BAL_GAN_FAIR_FAIR_PCA,0.7,0.821428571,0.75,0.821428571,0.416666667,0.766666667,140,0.3,0.214698163,1.852083333,0.233333333,0.149659864,1.814814815,0.178571429,0.25106383,2.685714286,0.5,0.183908046,1.380952381,0.583333333,0.054545455,1.1,0.134920635,0.178571429,0.583333333,0.416666667,0.821428571,0.5,25,35,25,35,25,50,150,25,115,0.766666667,0.152804642,-0.098259188,0.087924332,0.003865344,0.003580523,0.640062801,0.204840195,0.342938388,0.519462482,0.105649536,0.77755102,-0.25106383,0.25106383,0.017124091,-0.171653543,0.182258896,0.416666667,0.821428571,-0.25106383,0.7,[0.725],60,-0.073490814,0.716330516,0.793103448,0.251976315,0.3,0.619047619,0.619047619,0.679874735,-37554.30889,-0.196518375,0.810125441,0.743648961,0.786684273,,,,,,,
7fe73118-87a3-4a1f-8c27-8246a48e7834,PREJUDICE_REMOVER,IN_PROCESSING,PREJUDICE_REMOVER,DEMV,0.71,0.835714286,0.76,0.835714286,0.416666667,0.769736842,140,0.29,0.206824147,1.795959596,0.230263158,0.147766323,1.796296296,0.164285714,0.240425532,2.506666667,0.479166667,0.166666667,1.333333333,0.583333333,0.054545455,1.1,0.12744749,0.164285714,0.583333333,0.416666667,0.835714286,0.520833333,23,35,23,35,25,48,152,25,117,0.769736842,0.147485493,-0.092940039,0.091858052,0.004218951,0.003971121,0.639926187,0.204752762,0.342873908,0.504871251,0.105649536,0.78556701,-0.240425532,0.240425532,0.009450172,-0.163779528,0.170600444,0.416666667,0.835714286,-0.240425532,0.7,[0.721],60,-0.073490814,0.716330516,0.801369863,0.270803208,0.29,0.626190476,0.626190476,0.684388643,-37823.78592,-0.185880077,0.818362029,0.752923049,0.795320729,,,,,,,
7fe73118-87a3-4a1f-8c27-8246a48e7834,PREJUDICE_REMOVER,IN_PROCESSING,PREJUDICE_REMOVER,DEMV_FAIR_PCA,0.71,0.842857143,0.77,0.842857143,0.4,0.766233766,140,0.29,0.14015748,1.539393939,0.233766234,0.11443299,1.616666667,0.157142857,0.140425532,1.88,0.47826087,0.1,1.2,0.6,0.054545455,1.1,0.124508691,0.157142857,0.6,0.4,0.842857143,0.52173913,22,36,22,36,24,46,154,24,118,0.766233766,0.097485493,-0.042940039,0.089004722,0.00396092,0.003724907,0.63915719,0.204260957,0.342515744,0.499016414,-0.061404548,0.872852234,-0.140425532,0.140425532,-0.007216495,-0.097112861,0.165549749,0.4,0.842857143,-0.140425532,0.7,[0.725],60,-0.073490814,0.716330516,0.802721088,0.264454675,0.29,0.621428571,0.621428571,0.648112738,-37961.1839,-0.085880077,0.896567415,0.75351891,0.843208974,,,,,,,
7fe73118-87a3-4a1f-8c27-8246a48e7834,PREJUDICE_REMOVER,IN_PROCESSING,PREJUDICE_REMOVER,FAIR_GAN,0.735,0.821428571,0.715,0.821428571,0.533333333,0.804195804,140,0.265,0.195275591,1.953846154,0.195804196,0.133333333,1.8,0.178571429,0.204255319,3.133333333,0.438596491,0.24,1.666666667,0.466666667,0.084848485,1.164705882,0.128503482,0.178571429,0.466666667,0.533333333,0.821428571,0.561403509,25,28,25,28,32,57,143,32,115,0.804195804,0.144551902,-0.059703417,0.0948968,0.004502701,0.004660405,0.639471567,0.204461942,0.342660995,0.506958543,0.181895208,0.830065359,-0.204255319,0.204255319,0.053333333,-0.13648294,0.176324403,0.533333333,0.821428571,-0.204255319,0.7,[0.721],60,-0.073490814,0.716330516,0.812720848,0.360139846,0.265,0.677380952,0.677380952,0.71782291,-42697.63509,-0.119406834,0.854161008,0.771908996,0.824862811,,,,,,,
7fe73118-87a3-4a1f-8c27-8246a48e7834,PREJUDICE_REMOVER,IN_PROCESSING,PREJUDICE_REMOVER,FAIR_GAN_FAIR_PCA,0.745,0.835714286,0.725,0.835714286,0.533333333,0.806896552,140,0.255,0.195275591,1.953846154,0.193103448,0.133333333,1.8,0.164285714,0.204255319,3.133333333,0.418181818,0.24,1.666666667,0.466666667,0.084848485,1.164705882,0.121058894,0.164285714,0.466666667,0.533333333,0.835714286,0.581818182,23,28,23,28,32,55,145,32,117,0.806896552,0.144551902,-0.059703417,0.094368365,0.004452694,0.004517804,0.639471567,0.204461942,0.342660995,0.492054659,0.136432834,0.830065359,-0.204255319,0.204255319,0.053333333,-0.13648294,0.16465491,0.533333333,0.835714286,-0.204255319,0.7,[0.725],60,-0.073490814,0.716330516,0.821052632,0.378753544,0.255,0.68452381,0.68452381,0.72539222,-42560.99092,-0.119406834,0.854161008,0.781179634,0.828364475,,,,,,,
7fe73118-87a3-4a1f-8c27-8246a48e7834,PREJUDICE_REMOVER,IN_PROCESSING,PREJUDICE_REMOVER,FAIR_PCA,0.745,0.835714286,0.725,0.835714286,0.533333333,0.806896552,140,0.255,0.195275591,1.953846154,0.193103448,0.133333333,1.8,0.164285714,0.204255319,3.133333333,0.418181818,0.24,1.666666667,0.466666667,0.084848485,1.164705882,0.121058894,0.164285714,0.466666667,0.533333333,0.835714286,0.581818182,23,28,23,28,32,55,145,32,117,0.806896552,0.144551902,-0.059703417,0.094368365,0.004452694,0.004517804,0.639471567,0.204461942,0.342660995,0.492054659,0.136432834,0.830065359,-0.204255319,0.204255319,0.053333333,-0.13648294,0.16465491,0.533333333,0.835714286,-0.204255319,0.7,[0.725],60,-0.073490814,0.716330516,0.821052632,0.378753544,0.255,0.68452381,0.68452381,0.72539222,-42560.99092,-0.119406834,0.854161008,0.781179634,0.828364475,,,,,,,
7fe73118-87a3-4a1f-8c27-8246a48e7834,ADVERSARIAL_DEBIASING,IN_PROCESSING,ADVERSARIAL_DEBIASING,DIR,0.71,0.785714286,0.69,0.785714286,0.533333333,0.797101449,140,0.29,0.081364829,1.322916667,0.202898551,0.059178744,1.362962963,0.214285714,0.119148936,1.658823529,0.483870968,0.014285714,1.029411765,0.466666667,-0.054545455,0.88,0.147893072,0.214285714,0.466666667,0.533333333,0.785714286,0.516129032,30,28,30,28,32,62,138,32,110,0.797101449,0.086847195,-0.086847195,0.045626904,0.001040907,0.000998003,0.639383103,0.204405376,0.342619917,0.543862248,-0.334619494,0.82826087,-0.119148936,0.119148936,-0.022446515,-0.124409449,0.206091963,0.533333333,0.785714286,-0.119148936,0.7,[0.721],60,-0.073490814,0.716330516,0.791366906,0.31612567,0.29,0.65952381,0.65952381,0.716801603,-128434.3976,-0.064603482,0.873399044,0.748478605,0.827369932,,,,,,,
7fe73118-87a3-4a1f-8c27-8246a48e7834,ADVERSARIAL_DEBIASING,IN_PROCESSING,ADVERSARIAL_DEBIASING,SMOTE,0.645,0.721428571,0.665,0.721428571,0.466666667,0.759398496,140,0.355,0.053543307,1.154545455,0.240601504,0.194980695,2.202380952,0.278571429,-0.240425532,0.29375,0.582089552,0.396226415,1.65625,0.533333333,0.636363636,2.75,0.189951408,0.278571429,0.533333333,0.466666667,0.721428571,0.417910448,39,32,39,32,28,67,133,28,101,0.759398496,0.438394584,0.438394584,0.176032759,0.015493766,0.014909136,0.662460968,0.219427267,0.352162871,0.616362569,1.026638789,1.601801802,0.240425532,0.636363636,0.10062286,0.350656168,0.265479092,0.466666667,0.721428571,0.240425532,0.7,[0.721],60,-0.073490814,0.716330516,0.73992674,0.182622474,0.355,0.594047619,0.594047619,0.33362036,-80439.69671,0.395938104,0.760246794,0.689210098,0.734994887,,,,,,,
7fe73118-87a3-4a1f-8c27-8246a48e7834,ADVERSARIAL_DEBIASING,IN_PROCESSING,ADVERSARIAL_DEBIASING,SMOTE_FAIR_PCA,0.67,0.721428571,0.64,0.721428571,0.55,0.7890625,140,0.33,0.010498688,1.032520325,0.2109375,0.126060606,1.859504132,0.278571429,-0.119148936,0.626666667,0.541666667,-0.076923077,0.866666667,0.45,0.266666667,1.8,0.184698959,0.278571429,0.45,0.55,0.721428571,0.458333333,39,27,39,27,33,72,128,33,101,0.7890625,0.192907801,0.192907801,0.130056974,0.008457408,0.008225956,0.645455441,0.208306363,0.345217926,0.607781143,0.236864773,1.241777778,0.119148936,0.266666667,-0.101491841,0.142782152,0.26097087,0.55,0.721428571,0.119148936,0.7,[0.725],60,-0.073490814,0.716330516,0.753731343,0.259133745,0.33,0.635714286,0.635714286,0.513080041,-82459.703,0.14751773,0.920356239,0.709403501,0.837355761,,,,,,,
7fe73118-87a3-4a1f-8c27-8246a48e7834,ADVERSARIAL_DEBIASING,IN_PROCESSING,ADVERSARIAL_DEBIASING,ROS,0.675,0.707142857,0.615,0.707142857,0.6,0.804878049,140,0.325,0.175328084,1.601801802,0.195121951,0.185185185,2.25,0.292857143,0.134042553,1.504,0.532467532,0.123188406,1.226666667,0.4,0.236363636,1.65,0.189778733,0.292857143,0.4,0.6,0.707142857,0.467532468,41,24,41,24,36,77,123,36,99,0.804878049,0.185203095,0.051160542,0.026567415,0.000352914,0.000350342,0.639264708,0.204329683,0.342563627,0.616082354,-0.202743731,0.940740741,-0.134042553,0.236363636,-0.03099839,-0.037795276,0.27064031,0.6,0.707142857,-0.134042553,0.7,[0.721],60,-0.073490814,0.716330516,0.752851711,0.289255846,0.325,0.653571429,0.653571429,0.62013436,-147151.5779,0.102321083,0.927862792,0.711803475,0.842608282,,,,,,,
7fe73118-87a3-4a1f-8c27-8246a48e7834,ADVERSARIAL_DEBIASING,IN_PROCESSING,ADVERSARIAL_DEBIASING,ROS_FAIR_PCA,0.665,0.707142857,0.625,0.707142857,0.566666667,0.792,140,0.335,0.143832021,1.445528455,0.208,0.160493827,1.928571429,0.292857143,0.112765957,1.392592593,0.546666667,0.079710145,1.135802469,0.433333333,0.175757576,1.414285714,0.19247626,0.292857143,0.433333333,0.566666667,0.707142857,0.453333333,41,26,41,26,34,75,125,34,99,0.792,0.144261767,0.031495809,0.041491376,0.000860767,0.000851214,0.639264708,0.204329683,0.342563627,0.620445421,-0.31520381,0.940740741,-0.112765957,0.175757576,-0.040391841,-0.037795276,0.2727921,0.566666667,0.707142857,-0.112765957,0.7,[0.725],60,-0.073490814,0.716330516,0.747169811,0.259180638,0.335,0.636904762,0.636904762,0.616844931,-142199.3956,0.062991618,0.938550655,0.703694302,0.844590599,,,,,,,
7fe73118-87a3-4a1f-8c27-8246a48e7834,ADVERSARIAL_DEBIASING,IN_PROCESSING,ADVERSARIAL_DEBIASING,RUS,0.61,0.585714286,0.51,0.585714286,0.666666667,0.803921569,140,0.39,0.037795276,1.104347826,0.196078431,0.113636364,1.833333333,0.414285714,0.006382979,1.016216216,0.591836735,-0.035128806,0.942084942,0.333333333,0.127272727,1.466666667,0.269699741,0.414285714,0.333333333,0.666666667,0.585714286,0.408163265,58,20,58,20,40,98,102,40,82,0.803921569,0.066827853,0.060444874,0.091425488,0.00417931,0.003846812,0.640370874,0.205037428,0.34305093,0.734438208,-0.579043642,1.026262626,-0.006382979,0.127272727,-0.074382585,0.013648294,0.381868483,0.666666667,0.585714286,-0.006382979,0.7,[0.721],60,-0.073490814,0.716330516,0.67768595,0.23135724,0.39,0.626190476,0.626190476,0.588340472,-127897.5016,0.120889749,0.985463409,0.642064052,0.836358383,,,,,,,
7fe73118-87a3-4a1f-8c27-8246a48e7834,ADVERSARIAL_DEBIASING,IN_PROCESSING,ADVERSARIAL_DEBIASING,RUS_FAIR_PCA,0.615,0.585714286,0.505,0.585714286,0.683333333,0.811881188,140,0.385,0.037795276,1.104347826,0.188118812,0.113636364,1.833333333,0.414285714,0.006382979,1.016216216,0.585858586,-0.035128806,0.942084942,0.316666667,0.127272727,1.466666667,0.267717295,0.414285714,0.316666667,0.683333333,0.585714286,0.414141414,58,19,58,19,41,99,101,41,82,0.811881188,0.066827853,0.060444874,0.050767826,0.001288686,0.001254435,0.640370874,0.205037428,0.34305093,0.731733961,-0.414543837,1.026262626,-0.006382979,0.127272727,-0.074382585,0.013648294,0.380512957,0.683333333,0.585714286,-0.006382979,0.7,[0.725],60,-0.073490814,0.716330516,0.680497925,0.246598546,0.385,0.63452381,0.63452381,0.596170098,-117138.9612,0.120889749,0.985463409,0.646093237,0.838629214,,,,,,,
7fe73118-87a3-4a1f-8c27-8246a48e7834,ADVERSARIAL_DEBIASING,IN_PROCESSING,ADVERSARIAL_DEBIASING,FOS,0.74,0.835714286,0.73,0.835714286,0.516666667,0.801369863,140,0.26,-0.020472441,0.907142857,0.198630137,0.032882012,1.220779221,0.164285714,-0.04893617,0.671428571,0.425925926,-0.174242424,0.589285714,0.483333333,-0.024242424,0.942857143,0.1221133,0.164285714,0.483333333,0.516666667,0.835714286,0.574074074,23,29,23,29,31,54,146,31,117,0.801369863,0.036589297,0.012346873,0.04311155,0.000929303,0.000911965,0.639557548,0.204516928,0.34269383,0.494192877,-0.310154928,0.990780142,0.04893617,0.04893617,-0.103562218,-0.006824147,0.165599142,0.516666667,0.835714286,0.04893617,0.7,[0.721],60,-0.073490814,0.716330516,0.818181818,0.363729697,0.26,0.676190476,0.676190476,0.667841638,-122631.5218,-0.024693746,0.980360426,0.777129522,0.901753149,,,,,,,
7fe73118-87a3-4a1f-8c27-8246a48e7834,ADVERSARIAL_DEBIASING,IN_PROCESSING,ADVERSARIAL_DEBIASING,FOS_FAIR_PCA,0.68,0.778571429,0.71,0.778571429,0.45,0.767605634,140,0.32,0.454068241,3.135802469,0.232394366,0.30733945,2.595238095,0.221428571,0.736170213,12.53333333,0.534482759,0.393939394,2.181818182,0.55,-0.236363636,0.628571429,0.156798353,0.221428571,0.55,0.45,0.778571429,0.465517241,31,33,31,33,27,58,142,27,109,0.767605634,0.486266925,-0.486266925,0.213213293,0.022729954,0.024098857,0.663354403,0.220019532,0.355576903,0.559997059,0.887687329,0.310703364,-0.736170213,0.736170213,0.043299972,-0.59160105,0.2165235,0.45,0.778571429,-0.736170213,0.7,[0.725],60,-0.073490814,0.716330516,0.773049645,0.230835934,0.32,0.614285714,0.614285714,0.912992539,-68480.53629,-0.499806576,0.350755697,0.72354549,0.423486117,,,,,,,
7fe73118-87a3-4a1f-8c27-8246a48e7834,ADVERSARIAL_DEBIASING,IN_PROCESSING,ADVERSARIAL_DEBIASING,FAIR_SMOTE,0.5,0.378571429,0.33,0.378571429,0.783333333,0.803030303,140,0.5,-0.17480315,0.695890411,0.196969697,0.22,3.75,0.621428571,-0.455319149,0.397183099,0.649253731,-0.096078431,0.861971831,0.216666667,0.539393939,9.9,0.457420005,0.621428571,0.216666667,0.783333333,0.378571429,0.350746269,87,13,87,13,47,134,66,47,53,0.803030303,0.497356544,0.497356544,0.366521385,0.067168963,0.063872937,0.7463727,0.278536104,0.385157153,0.956472692,0.475807831,3.386666667,0.455319149,0.539393939,-0.158039216,0.469816273,0.60506583,0.783333333,0.378571429,0.455319149,0.7,[0.721],60,-0.073490814,0.716330516,0.514563107,0.157788337,0.5,0.580952381,0.580952381,0.292011912,-222093.1974,0.08407479,0.665908254,0.507177033,0.603001154,,,,,,,
7fe73118-87a3-4a1f-8c27-8246a48e7834,ADVERSARIAL_DEBIASING,IN_PROCESSING,ADVERSARIAL_DEBIASING,FAIR_SMOTE_FAIR_PCA,0.505,0.392857143,0.345,0.392857143,0.766666667,0.797101449,140,0.495,0.099737533,1.175925926,0.202898551,0.423076923,6.5,0.607142857,-0.144680851,0.805714286,0.648854962,0.16407355,1.236734694,0.233333333,0.739393939,13.2,0.443452917,0.607142857,0.233333333,0.766666667,0.392857143,0.351145038,85,14,85,14,46,131,69,46,55,0.797101449,0.442037395,0.442037395,0.371662181,0.069066388,0.065780578,0.70152269,0.246067043,0.367586805,0.941756781,0.414303882,2.605128205,0.144680851,0.739393939,-0.129501686,0.328608924,0.588955513,0.766666667,0.392857143,0.144680851,0.7,[0.725],60,-0.073490814,0.716330516,0.526315789,0.153781808,0.495,0.579761905,0.579761905,0.323485463,-239700.7869,0.594713088,0.827353604,0.515437612,0.688476832,,,,,,,
7fe73118-87a3-4a1f-8c27-8246a48e7834,ADVERSARIAL_DEBIASING,IN_PROCESSING,ADVERSARIAL_DEBIASING,BAL_GAN_FAIR,0.72,0.792857143,0.69,0.792857143,0.55,0.804347826,140,0.28,0.155905512,1.638709677,0.195652174,0.153932584,2.053846154,0.207142857,0.108510638,1.566666667,0.467741935,0.126315789,1.266666667,0.45,0.206060606,1.523076923,0.142791552,0.207142857,0.45,0.55,0.792857143,0.532258065,29,27,29,27,33,62,138,33,111,0.804347826,0.157285622,0.048774984,0.050845565,0.001292636,0.001248746,0.63927481,0.204336141,0.342568141,0.53439976,-0.449267731,0.951310861,-0.108510638,0.206060606,-0.013808397,-0.034120735,0.199090476,0.55,0.792857143,-0.108510638,0.7,[0.721],60,-0.073490814,0.716330516,0.798561151,0.339717138,0.28,0.671428571,0.671428571,0.638679654,-129646.9111,0.097549968,0.939077018,0.757248437,0.869484232,,,,,,,
7fe73118-87a3-4a1f-8c27-8246a48e7834,ADVERSARIAL_DEBIASING,IN_PROCESSING,ADVERSARIAL_DEBIASING,BAL_GAN_FAIR_FAIR_PCA,0.735,0.892857143,0.815,0.892857143,0.366666667,0.766871166,140,0.265,0.187401575,1.881481481,0.233128834,0.091304348,1.4375,0.107142857,0.268085106,9.4,0.405405405,0.35,2.4,0.633333333,-0.127272727,0.825,0.101258823,0.107142857,0.633333333,0.366666667,0.892857143,0.594594595,15,38,15,38,22,37,163,22,125,0.766871166,0.197678917,-0.197678917,0.092925772,0.0043176,0.004389243,0.641258037,0.205605935,0.343510281,0.450019606,0.643530588,0.736231884,-0.268085106,0.268085106,0.129347826,-0.238845144,0.127375127,0.366666667,0.892857143,-0.268085106,0.7,[0.725],60,-0.073490814,0.716330516,0.825082508,0.306282502,0.265,0.629761905,0.629761905,0.754252556,-74838.82969,-0.140812379,0.756898607,0.777440476,0.76362421,,,,,,,
7fe73118-87a3-4a1f-8c27-8246a48e7834,ADVERSARIAL_DEBIASING,IN_PROCESSING,ADVERSARIAL_DEBIASING,DEMV,0.72,0.828571429,0.74,0.828571429,0.466666667,0.783783784,140,0.28,0.104986877,1.459770115,0.216216216,0.122189638,1.811688312,0.171428571,0.040425532,1.253333333,0.461538462,0.058823529,1.133333333,0.533333333,0.175757576,1.414285714,0.128698225,0.171428571,0.533333333,0.466666667,0.828571429,0.538461538,24,32,24,32,28,52,148,28,116,0.783783784,0.108091554,0.067666022,0.078730728,0.003099264,0.00294171,0.639679645,0.204595024,0.3427478,0.507342537,-0.59854748,1.001433692,-0.040425532,0.175757576,-0.031683054,0.001049869,0.174055342,0.466666667,0.828571429,-0.040425532,0.7,[0.721],60,-0.073490814,0.716330516,0.805555556,0.30844626,0.28,0.647619048,0.647619048,0.603797243,-123976.9925,0.135332044,0.972212949,0.760378733,0.889601472,,,,,,,
7fe73118-87a3-4a1f-8c27-8246a48e7834,ADVERSARIAL_DEBIASING,IN_PROCESSING,ADVERSARIAL_DEBIASING,DEMV_FAIR_PCA,0.68,0.792857143,0.73,0.792857143,0.416666667,0.760273973,140,0.32,0.246194226,2.116666667,0.239726027,0.091269841,1.469387755,0.207142857,0.425531915,6.714285714,0.537037037,0.256578947,1.696428571,0.583333333,-0.236363636,0.628571429,0.150391177,0.207142857,0.583333333,0.416666667,0.792857143,0.462962963,29,35,29,35,25,54,146,25,111,0.760273973,0.330947776,-0.330947776,0.187021476,0.017488516,0.017757114,0.647674541,0.209741155,0.346749006,0.548436281,0.965765042,0.548765432,-0.425531915,0.425531915,0.082654553,-0.383727034,0.205976647,0.416666667,0.792857143,-0.425531915,0.7,[0.725],60,-0.073490814,0.716330516,0.776223776,0.216271711,0.32,0.604761905,0.604761905,0.804906512,-67132.27834,-0.189168279,0.598773517,0.72493277,0.635647177,,,,,,,
7fe73118-87a3-4a1f-8c27-8246a48e7834,ADVERSARIAL_DEBIASING,IN_PROCESSING,ADVERSARIAL_DEBIASING,FAIR_GAN,0.725,0.828571429,0.735,0.828571429,0.483333333,0.789115646,140,0.275,0.104986877,1.459770115,0.210884354,0.114832536,1.727272727,0.171428571,0.05106383,1.342857143,0.452830189,0.0625,1.142857143,0.516666667,0.145454545,1.32,0.127785946,0.171428571,0.516666667,0.483333333,0.828571429,0.547169811,24,31,24,31,29,53,147,29,116,0.789115646,0.098259188,0.047195358,0.039674337,0.000787027,0.000772026,0.639451297,0.204448981,0.342646727,0.505541187,-0.279849579,0.980350877,-0.05106383,0.145454545,-0.026166268,-0.014698163,0.173207874,0.483333333,0.828571429,-0.05106383,0.7,[0.721],60,-0.073490814,0.716330516,0.808362369,0.323865768,0.275,0.655952381,0.655952381,0.624994474,-144170.8605,0.094390716,0.966579284,0.764415157,0.888272437,,,,,,,
7fe73118-87a3-4a1f-8c27-8246a48e7834,ADVERSARIAL_DEBIASING,IN_PROCESSING,ADVERSARIAL_DEBIASING,FAIR_GAN_FAIR_PCA,0.705,0.785714286,0.695,0.785714286,0.516666667,0.791366906,140,0.295,0.206824147,1.795959596,0.208633094,0.168498168,2.022222222,0.214285714,0.208510638,2.088888889,0.491803279,0.166666667,1.333333333,0.483333333,0.145454545,1.32,0.148973511,0.214285714,0.483333333,0.516666667,0.785714286,0.508196721,30,29,30,29,31,61,139,31,110,0.791366906,0.176982592,-0.031528046,0.038816926,0.000753377,0.000746849,0.639305678,0.204355875,0.342584081,0.545845236,-0.228867665,0.837362637,-0.208510638,0.208510638,-0.000915751,-0.116535433,0.207035338,0.516666667,0.785714286,-0.208510638,0.7,[0.725],60,-0.073490814,0.716330516,0.788530466,0.300968994,0.295,0.651190476,0.651190476,0.67172124,-147818.1965,-0.063056093,0.865402197,0.744429379,0.820933829,,,,,,,
7fe73118-87a3-4a1f-8c27-8246a48e7834,ADVERSARIAL_DEBIASING,IN_PROCESSING,ADVERSARIAL_DEBIASING,FAIR_PCA,0.67,0.75,0.68,0.75,0.483333333,0.772058824,140,0.33,0.1832021,1.646296296,0.227941176,0.155555556,1.875,0.25,0.187234043,1.88,0.546875,0.126126126,1.233333333,0.516666667,0.115151515,1.2375,0.171595169,0.25,0.516666667,0.483333333,0.75,0.453125,35,31,35,31,29,64,136,29,105,0.772058824,0.151192779,-0.036041264,0.031415813,0.000493477,0.000484725,0.639239809,0.204313767,0.342553695,0.585824494,-0.255896338,0.846666667,-0.187234043,0.187234043,-0.014714715,-0.108661417,0.23946355,0.483333333,0.75,-0.187234043,0.7,[0.725],60,-0.073490814,0.716330516,0.760869565,0.229222364,0.33,0.616666667,0.616666667,0.638892113,-145120.1337,-0.072082527,0.87512688,0.712549377,0.813273842,,,,,,,
7fe73118-87a3-4a1f-8c27-8246a48e7834,AdaBoostClassifier,POSTPROCESSING,ThresholdOptimizer,AdaBoostClassifier,0.69,0.785714286,0.71,0.785714286,0.466666667,0.774647887,140,0.31,0.281364829,2.116666667,0.225352113,0.252272727,2.707692308,0.214285714,0.19787234,1.978947368,0.517241379,0.312820513,1.642105263,0.533333333,0.406060606,2.030769231,0.151896873,0.214285714,0.533333333,0.466666667,0.785714286,0.482758621,30,32,30,32,28,58,142,28,110,0.774647887,0.301966473,0.104094133,0.108155379,0.005848793,0.005393584,0.639354743,0.204387244,0.342603794,0.551174878,-0.061404548,0.962121212,-0.19787234,0.406060606,0.030273893,-0.026246719,0.209660657,0.466666667,0.785714286,-0.19787234,0.7,[0.721],60,-0.073490814,0.716330516,0.780141844,0.254881344,0.31,0.626190476,0.626190476,0.561007722,-347320.642,0.208188266,0.903098175,0.732307395,0.837954788,,,,,,,
7fe73118-87a3-4a1f-8c27-8246a48e7834,AdaBoostClassifier,POSTPROCESSING,FairnessAwareMetaEstimator,AdaBoostClassifier,0.69,0.778571429,0.7,0.778571429,0.483333333,0.778571429,140,0.31,0.281364829,2.116666667,0.221428571,0.227272727,2.538461538,0.221428571,0.29787234,2.473684211,0.516666667,0.227106227,1.466165414,0.516666667,0.206060606,1.523076923,0.155,0.221428571,0.516666667,0.483333333,0.778571429,0.483333333,31,31,31,31,29,60,140,29,109,0.778571429,0.251966473,-0.045905867,0.115611595,0.00668302,0.006195799,0.639967308,0.204779078,0.342893295,0.556776436,0.24875038,0.76969697,-0.29787234,0.29787234,-8.33E-05,-0.159580052,0.214875626,0.483333333,0.778571429,-0.29787234,0.7,[0.721],60,-0.073490814,0.716330516,0.778571429,0.261904762,0.31,0.630952381,0.630952381,0.659916797,-27553.81995,-0.091811734,0.806215769,0.731614786,0.779713924,,,,,,,
7fe73118-87a3-4a1f-8c27-8246a48e7834,AdaBoostClassifier,POSTPROCESSING,RejectOptionClassification,AdaBoostClassifier,1,1,0.7,1,1,1,140,0,0,,0,0,,0,0,,0,0,,0,0,,0,0,0,1,1,1,0,0,0,0,60,60,140,60,140,1,0,0,0,0,0,0.639101482,0.204225352,0.342490309,0,0,0.90070922,0,0,0,-0.073490814,0,1,1,0,0.7,[0.721],60,-0.073490814,0.716330516,1,1,0,1,1,1,-580258.1601,0,0.954755034,1,0.969374811,,,,,,,
7fe73118-87a3-4a1f-8c27-8246a48e7834,AdaBoostClassifier,POSTPROCESSING,EqOddsPostprocessing,AdaBoostClassifier,0.82,0.742857143,0.52,0.742857143,1,1,140,0.18,0,,0,0,,0.257142857,0,,0.375,0,,0,0,,0.109756098,0.257142857,0,1,0.742857143,0.625,36,0,36,0,60,96,104,60,104,1,0,0,0.348033812,0.060563767,0.071545702,0.639101482,0.204225352,0.342490309,0.468521286,3.502027632,0.90070922,0,0,0,-0.073490814,0.198450939,1,0.742857143,0,0.7,[0.721],60,-0.073490814,0.716330516,0.852459016,0.681385144,0.18,0.871428571,0.871428571,0.871428571,-580258.1601,0,0.954755034,0.835914527,0.911556884,,,,,,,
7fe73118-87a3-4a1f-8c27-8246a48e7834,AdaBoostClassifier,POSTPROCESSING,CalibratedEqOddsPostprocessing,AdaBoostClassifier,0.82,0.742857143,0.52,0.742857143,1,1,140,0.18,0,,0,0,,0.257142857,0,,0.375,0,,0,0,,0.109756098,0.257142857,0,1,0.742857143,0.625,36,0,36,0,60,96,104,60,104,1,0,0,0.348033812,0.060563767,0.071545702,0.639101482,0.204225352,0.342490309,0.468521286,3.502027632,0.90070922,0,0,0,-0.073490814,0.198450939,1,0.742857143,0,0.7,[0.721],60,-0.073490814,0.716330516,0.852459016,0.681385144,0.18,0.871428571,0.871428571,0.871428571,-679728.1089,0,0.954755034,0.835914527,0.911556884,,,,,,,
7fe73118-87a3-4a1f-8c27-8246a48e7834,GradientBoostingClassifier,POSTPROCESSING,ThresholdOptimizer,GradientBoostingClassifier,0.695,0.807142857,0.735,0.807142857,0.433333333,0.768707483,140,0.305,0.198950131,1.743137255,0.231292517,0.225524476,2.417582418,0.192857143,-0.012765957,0.94,0.509433962,0.487179487,1.95,0.566666667,0.575757576,2.357142857,0.141788607,0.192857143,0.566666667,0.433333333,0.807142857,0.490566038,27,34,27,34,26,53,147,26,113,0.768707483,0.294261767,0.294261767,0.132533675,0.008782587,0.008153366,0.645708719,0.208469875,0.345324056,0.532519683,0.341532113,1.250757576,0.012765957,0.575757576,0.130827506,0.173753281,0.193299096,0.433333333,0.807142857,0.012765957,0.7,[0.721],60,-0.073490814,0.716330516,0.787456446,0.249698035,0.305,0.620238095,0.620238095,0.437725738,-345468.3596,0.562991618,0.900962853,0.738345105,0.839342193,,,,,,,
7fe73118-87a3-4a1f-8c27-8246a48e7834,GradientBoostingClassifier,POSTPROCESSING,FairnessAwareMetaEstimator,GradientBoostingClassifier,0.69,0.778571429,0.7,0.778571429,0.483333333,0.778571429,140,0.31,0.198950131,1.743137255,0.221428571,0.174242424,2.095238095,0.221428571,0.187234043,1.88,0.516666667,0.153846154,1.3,0.516666667,0.175757576,1.414285714,0.155,0.221428571,0.516666667,0.483333333,0.778571429,0.483333333,31,31,31,31,29,60,140,29,109,0.778571429,0.181495809,-0.005738233,0.108676056,0.005905243,0.005397609,0.63914493,0.204253121,0.342510131,0.556776436,0.105649536,0.865909091,-0.187234043,0.187234043,-0.010198135,-0.092913386,0.214875626,0.483333333,0.778571429,-0.187234043,0.7,[0.721],60,-0.073490814,0.716330516,0.778571429,0.261904762,0.31,0.630952381,0.630952381,0.634572933,-31795.1449,-0.011476467,0.890189745,0.731614786,0.830208168,,,,,,,
7fe73118-87a3-4a1f-8c27-8246a48e7834,GradientBoostingClassifier,POSTPROCESSING,RejectOptionClassification,GradientBoostingClassifier,1,1,0.7,1,1,1,140,0,0,,0,0,,0,0,,0,0,,0,0,,0,0,0,1,1,1,0,0,0,0,60,60,140,60,140,1,0,0,0,0,0,0.639101482,0.204225352,0.342490309,0,0,0.90070922,0,0,0,-0.073490814,0,1,1,0,0.7,[0.721],60,-0.073490814,0.716330516,1,1,0,1,1,1,-580258.1601,0,0.954755034,1,0.969374811,,,,,,,
7fe73118-87a3-4a1f-8c27-8246a48e7834,GradientBoostingClassifier,POSTPROCESSING,EqOddsPostprocessing,GradientBoostingClassifier,0.82,0.742857143,0.52,0.742857143,1,1,140,0.18,0,,0,0,,0.257142857,0,,0.375,0,,0,0,,0.109756098,0.257142857,0,1,0.742857143,0.625,36,0,36,0,60,96,104,60,104,1,0,0,0.348033812,0.060563767,0.071545702,0.639101482,0.204225352,0.342490309,0.468521286,3.502027632,0.90070922,0,0,0,-0.073490814,0.198450939,1,0.742857143,0,0.7,[0.721],60,-0.073490814,0.716330516,0.852459016,0.681385144,0.18,0.871428571,0.871428571,0.871428571,-580258.1601,0,0.954755034,0.835914527,0.911556884,,,,,,,
7fe73118-87a3-4a1f-8c27-8246a48e7834,GradientBoostingClassifier,POSTPROCESSING,CalibratedEqOddsPostprocessing,GradientBoostingClassifier,0.82,0.742857143,0.52,0.742857143,1,1,140,0.18,0,,0,0,,0.257142857,0,,0.375,0,,0,0,,0.109756098,0.257142857,0,1,0.742857143,0.625,36,0,36,0,60,96,104,60,104,1,0,0,0.348033812,0.060563767,0.071545702,0.639101482,0.204225352,0.342490309,0.468521286,3.502027632,0.90070922,0,0,0,-0.073490814,0.198450939,1,0.742857143,0,0.7,[0.721],60,-0.073490814,0.716330516,0.852459016,0.681385144,0.18,0.871428571,0.871428571,0.871428571,-679728.1089,0,0.954755034,0.835914527,0.911556884,,,,,,,
7fe73118-87a3-4a1f-8c27-8246a48e7834,RandomForestClassifier,POSTPROCESSING,ThresholdOptimizer,RandomForestClassifier,0.73,0.885714286,0.81,0.885714286,0.366666667,0.765432099,140,0.27,0.195275591,1.953846154,0.234567901,0.19047619,2.142857143,0.114285714,0.004255319,1.044444444,0.421052632,0.64,2.777777778,0.633333333,0.484848485,1.941176471,0.104658713,0.114285714,0.633333333,0.366666667,0.885714286,0.578947368,16,38,16,38,22,38,162,22,124,0.765432099,0.244551902,0.240296583,0.081311888,0.003305812,0.003134823,0.642762709,0.20657195,0.344080512,0.457512214,0.173526959,1.162091503,-0.004255319,0.484848485,0.224761905,0.130183727,0.132933614,0.366666667,0.885714286,-0.004255319,0.7,[0.721],60,-0.073490814,0.716330516,0.821192053,0.294813192,0.27,0.626190476,0.626190476,0.475719045,-362254.6141,0.480593166,0.923624953,0.77291551,0.867256667,,,,,,,
7fe73118-87a3-4a1f-8c27-8246a48e7834,RandomForestClassifier,POSTPROCESSING,FairnessAwareMetaEstimator,RandomForestClassifier,0.73,0.857142857,0.77,0.857142857,0.433333333,0.779220779,140,0.27,0.120734908,1.567901235,0.220779221,0.104410441,1.620320856,0.142857143,0.093617021,1.88,0.434782609,0.115384615,1.3,0.566666667,0.084848485,1.164705882,0.115774303,0.142857143,0.566666667,0.433333333,0.857142857,0.565217391,20,34,20,34,26,46,154,26,120,0.779220779,0.089232753,-0.004384268,0.09894465,0.004895022,0.00445529,0.639113924,0.204233304,0.342495939,0.481194978,0.429460333,0.922112211,-0.093617021,0.093617021,0.005487087,-0.061942257,0.152593727,0.433333333,0.857142857,-0.093617021,0.7,[0.721],60,-0.073490814,0.716330516,0.816326531,0.316308532,0.27,0.645238095,0.645238095,0.648066992,-32413.29414,-0.008768536,0.939366448,0.770753596,0.875522304,,,,,,,
7fe73118-87a3-4a1f-8c27-8246a48e7834,RandomForestClassifier,POSTPROCESSING,RejectOptionClassification,RandomForestClassifier,1,1,0.7,1,1,1,140,0,0,,0,0,,0,0,,0,0,,0,0,,0,0,0,1,1,1,0,0,0,0,60,60,140,60,140,1,0,0,0,0,0,0.639101482,0.204225352,0.342490309,0,0,0.90070922,0,0,0,-0.073490814,0,1,1,0,0.7,[0.721],60,-0.073490814,0.716330516,1,1,0,1,1,1,-580258.1601,0,0.954755034,1,0.969374811,,,,,,,
7fe73118-87a3-4a1f-8c27-8246a48e7834,RandomForestClassifier,POSTPROCESSING,EqOddsPostprocessing,RandomForestClassifier,0.82,0.742857143,0.52,0.742857143,1,1,140,0.18,0,,0,0,,0.257142857,0,,0.375,0,,0,0,,0.109756098,0.257142857,0,1,0.742857143,0.625,36,0,36,0,60,96,104,60,104,1,0,0,0.348033812,0.060563767,0.071545702,0.639101482,0.204225352,0.342490309,0.468521286,3.502027632,0.90070922,0,0,0,-0.073490814,0.198450939,1,0.742857143,0,0.7,[0.721],60,-0.073490814,0.716330516,0.852459016,0.681385144,0.18,0.871428571,0.871428571,0.871428571,-580258.1601,0,0.954755034,0.835914527,0.911556884,,,,,,,
7fe73118-87a3-4a1f-8c27-8246a48e7834,RandomForestClassifier,POSTPROCESSING,CalibratedEqOddsPostprocessing,RandomForestClassifier,0.82,0.742857143,0.52,0.742857143,1,1,140,0.18,0,,0,0,,0.257142857,0,,0.375,0,,0,0,,0.109756098,0.257142857,0,1,0.742857143,0.625,36,0,36,0,60,96,104,60,104,1,0,0,0.348033812,0.060563767,0.071545702,0.639101482,0.204225352,0.342490309,0.468521286,3.502027632,0.90070922,0,0,0,-0.073490814,0.198450939,1,0.742857143,0,0.7,[0.721],60,-0.073490814,0.716330516,0.852459016,0.681385144,0.18,0.871428571,0.871428571,0.871428571,-679728.1089,0,0.954755034,0.835914527,0.911556884,,,,,,,
7fe73118-87a3-4a1f-8c27-8246a48e7834,CalibratedClassifierCV,POSTPROCESSING,ThresholdOptimizer,CalibratedClassifierCV,0.71,0.871428571,0.81,0.871428571,0.333333333,0.75308642,140,0.29,0.214698163,1.852083333,0.24691358,0.173636364,1.913875598,0.128571429,0.161702128,2.169230769,0.473684211,0.268518519,1.557692308,0.666666667,0.224242424,1.389473684,0.112774937,0.128571429,0.666666667,0.333333333,0.871428571,0.526315789,18,40,18,40,20,38,162,20,122,0.75308642,0.192972276,0.031270148,0.10071093,0.005071346,0.004774376,0.639137149,0.204248148,0.342506416,0.474920914,0.24875038,0.931333333,-0.161702128,0.224242424,0.047441077,-0.054068241,0.145422752,0.333333333,0.871428571,-0.161702128,0.7,[0.721],60,-0.073490814,0.716330516,0.80794702,0.239188061,0.29,0.602380952,0.602380952,0.583544411,-291169.0556,0.062540297,0.918260772,0.755813446,0.856871512,,,,,,,
7fe73118-87a3-4a1f-8c27-8246a48e7834,CalibratedClassifierCV,POSTPROCESSING,FairnessAwareMetaEstimator,CalibratedClassifierCV,0.71,0.842857143,0.77,0.842857143,0.4,0.766233766,140,0.29,0.214698163,1.852083333,0.233766234,0.143333333,1.754385965,0.157142857,0.261702128,2.892307692,0.47826087,0.185185185,1.384615385,0.6,0.024242424,1.042105263,0.124508691,0.157142857,0.6,0.4,0.842857143,0.52173913,22,36,22,36,24,46,154,24,118,0.766233766,0.142972276,-0.118729852,0.084855586,0.003600235,0.003388021,0.640360709,0.205030919,0.343079687,0.499016414,0.105649536,0.762,-0.261702128,0.261702128,0.020925926,-0.187401575,0.165549749,0.4,0.842857143,-0.261702128,0.7,[0.721],60,-0.073490814,0.716330516,0.802721088,0.264454675,0.29,0.621428571,0.621428571,0.695210694,-29202.60635,-0.237459703,0.794889054,0.75351891,0.780603337,,,,,,,
7fe73118-87a3-4a1f-8c27-8246a48e7834,CalibratedClassifierCV,POSTPROCESSING,RejectOptionClassification,CalibratedClassifierCV,1,1,0.7,1,1,1,140,0,0,,0,0,,0,0,,0,0,,0,0,,0,0,0,1,1,1,0,0,0,0,60,60,140,60,140,1,0,0,0,0,0,0.639101482,0.204225352,0.342490309,0,0,0.90070922,0,0,0,-0.073490814,0,1,1,0,0.7,[0.721],60,-0.073490814,0.716330516,1,1,0,1,1,1,-580258.1601,0,0.954755034,1,0.969374811,,,,,,,
7fe73118-87a3-4a1f-8c27-8246a48e7834,CalibratedClassifierCV,POSTPROCESSING,EqOddsPostprocessing,CalibratedClassifierCV,0.82,0.742857143,0.52,0.742857143,1,1,140,0.18,0,,0,0,,0.257142857,0,,0.375,0,,0,0,,0.109756098,0.257142857,0,1,0.742857143,0.625,36,0,36,0,60,96,104,60,104,1,0,0,0.348033812,0.060563767,0.071545702,0.639101482,0.204225352,0.342490309,0.468521286,3.502027632,0.90070922,0,0,0,-0.073490814,0.198450939,1,0.742857143,0,0.7,[0.721],60,-0.073490814,0.716330516,0.852459016,0.681385144,0.18,0.871428571,0.871428571,0.871428571,-580258.1601,0,0.954755034,0.835914527,0.911556884,,,,,,,
7fe73118-87a3-4a1f-8c27-8246a48e7834,CalibratedClassifierCV,POSTPROCESSING,CalibratedEqOddsPostprocessing,CalibratedClassifierCV,0.82,0.742857143,0.52,0.742857143,1,1,140,0.18,0,,0,0,,0.257142857,0,,0.375,0,,0,0,,0.109756098,0.257142857,0,1,0.742857143,0.625,36,0,36,0,60,96,104,60,104,1,0,0,0.348033812,0.060563767,0.071545702,0.639101482,0.204225352,0.342490309,0.468521286,3.502027632,0.90070922,0,0,0,-0.073490814,0.198450939,1,0.742857143,0,0.7,[0.721],60,-0.073490814,0.716330516,0.852459016,0.681385144,0.18,0.871428571,0.871428571,0.871428571,-679728.1089,0,0.954755034,0.835914527,0.911556884,,,,,,,
7fe73118-87a3-4a1f-8c27-8246a48e7834,NuSVC,POSTPROCESSING,ThresholdOptimizer,NuSVC,0.7,0.835714286,0.77,0.835714286,0.383333333,0.75974026,140,0.3,0.148031496,1.5875,0.24025974,0.116326531,1.633333333,0.164285714,0.15106383,2.014285714,0.5,0.117241379,1.242857143,0.616666667,0.054545455,1.1,0.128875884,0.164285714,0.616666667,0.383333333,0.835714286,0.5,23,37,23,37,23,46,154,23,117,0.75974026,0.102804642,-0.048259188,0.099583607,0.004958447,0.004516008,0.639199163,0.204287785,0.342534998,0.507692593,0.449421075,0.863945578,-0.15106383,0.15106383,0.000457424,-0.104986877,0.17202776,0.383333333,0.835714286,-0.15106383,0.7,[0.721],60,-0.073490814,0.716330516,0.795918367,0.238527746,0.3,0.60952381,0.60952381,0.638938933,-304466.196,-0.096518375,0.888211192,0.744884038,0.834676334,,,,,,,
7fe73118-87a3-4a1f-8c27-8246a48e7834,NuSVC,POSTPROCESSING,FairnessAwareMetaEstimator,NuSVC,0.705,0.835714286,0.765,0.835714286,0.4,0.764705882,140,0.295,0.148031496,1.5875,0.235294118,0.116326531,1.633333333,0.164285714,0.15106383,2.014285714,0.489361702,0.117241379,1.242857143,0.6,0.054545455,1.1,0.128182239,0.164285714,0.6,0.4,0.835714286,0.510638298,23,36,23,36,24,47,153,24,117,0.764705882,0.102804642,-0.048259188,0.099597263,0.004959807,0.004492303,0.639199163,0.204287785,0.342534998,0.506324479,0.449421075,0.863945578,-0.15106383,0.15106383,0.000457424,-0.104986877,0.171328473,0.4,0.835714286,-0.15106383,0.7,[0.721],60,-0.073490814,0.716330516,0.798634812,0.254759802,0.295,0.617857143,0.617857143,0.647674427,-28891.34363,-0.096518375,0.888211192,0.748901978,0.836352341,,,,,,,
7fe73118-87a3-4a1f-8c27-8246a48e7834,NuSVC,POSTPROCESSING,RejectOptionClassification,NuSVC,1,1,0.7,1,1,1,140,0,0,,0,0,,0,0,,0,0,,0,0,,0,0,0,1,1,1,0,0,0,0,60,60,140,60,140,1,0,0,0,0,0,0.639101482,0.204225352,0.342490309,0,0,0.90070922,0,0,0,-0.073490814,0,1,1,0,0.7,[0.721],60,-0.073490814,0.716330516,1,1,0,1,1,1,-580258.1601,0,0.954755034,1,0.969374811,,,,,,,
7fe73118-87a3-4a1f-8c27-8246a48e7834,NuSVC,POSTPROCESSING,EqOddsPostprocessing,NuSVC,0.82,0.742857143,0.52,0.742857143,1,1,140,0.18,0,,0,0,,0.257142857,0,,0.375,0,,0,0,,0.109756098,0.257142857,0,1,0.742857143,0.625,36,0,36,0,60,96,104,60,104,1,0,0,0.348033812,0.060563767,0.071545702,0.639101482,0.204225352,0.342490309,0.468521286,3.502027632,0.90070922,0,0,0,-0.073490814,0.198450939,1,0.742857143,0,0.7,[0.721],60,-0.073490814,0.716330516,0.852459016,0.681385144,0.18,0.871428571,0.871428571,0.871428571,-580258.1601,0,0.954755034,0.835914527,0.911556884,,,,,,,
7fe73118-87a3-4a1f-8c27-8246a48e7834,NuSVC,POSTPROCESSING,CalibratedEqOddsPostprocessing,NuSVC,0.82,0.742857143,0.52,0.742857143,1,1,140,0.18,0,,0,0,,0.257142857,0,,0.375,0,,0,0,,0.109756098,0.257142857,0,1,0.742857143,0.625,36,0,36,0,60,96,104,60,104,1,0,0,0.348033812,0.060563767,0.071545702,0.639101482,0.204225352,0.342490309,0.468521286,3.502027632,0.90070922,0,0,0,-0.073490814,0.198450939,1,0.742857143,0,0.7,[0.721],60,-0.073490814,0.716330516,0.852459016,0.681385144,0.18,0.871428571,0.871428571,0.871428571,-679728.1089,0,0.954755034,0.835914527,0.911556884,,,,,,,
7fe73118-87a3-4a1f-8c27-8246a48e7834,LinearDiscriminantAnalysis,POSTPROCESSING,ThresholdOptimizer,LinearDiscriminantAnalysis,0.7,0.814285714,0.74,0.814285714,0.433333333,0.77027027,140,0.3,0.297112861,2.257777778,0.22972973,0.240425532,2.506666667,0.185714286,0.240425532,2.506666667,0.5,0.345454545,1.76,0.566666667,0.345454545,1.76,0.137943787,0.185714286,0.566666667,0.433333333,0.814285714,0.5,26,34,26,34,26,52,148,26,114,0.77027027,0.292940039,0.052514507,0.07651106,0.002926971,0.002765923,0.639101482,0.204225352,0.342490309,0.525250011,-0.397876785,0.90070922,-0.240425532,0.345454545,0.052514507,-0.073490814,0.187385096,0.433333333,0.814285714,-0.240425532,0.7,[0.721],60,-0.073490814,0.716330516,0.791666667,0.258696863,0.3,0.623809524,0.623809524,0.591050474,-292562.2534,0.105029014,0.876902975,0.74301676,0.827216823,,,,,,,
7fe73118-87a3-4a1f-8c27-8246a48e7834,LinearDiscriminantAnalysis,POSTPROCESSING,FairnessAwareMetaEstimator,LinearDiscriminantAnalysis,0.7,0.8,0.72,0.8,0.466666667,0.777777778,140,0.3,0.297112861,2.257777778,0.222222222,0.215425532,2.35,0.2,0.340425532,3.133333333,0.5,0.25974026,1.571428571,0.533333333,0.145454545,1.32,0.143983083,0.2,0.533333333,0.466666667,0.8,0.5,28,32,28,32,28,56,144,28,112,0.777777778,0.242940039,-0.097485493,0.101222008,0.005122947,0.00474797,0.641002616,0.205442177,0.343387008,0.536624792,0.24875038,0.720567376,-0.340425532,0.340425532,0.022157364,-0.206824147,0.197655312,0.466666667,0.8,-0.340425532,0.7,[0.721],60,-0.073490814,0.716330516,0.788732394,0.272165527,0.3,0.633333333,0.633333333,0.695074146,-34082.75296,-0.194970986,0.758625447,0.741721854,0.752905956,,,,,,,
7fe73118-87a3-4a1f-8c27-8246a48e7834,LinearDiscriminantAnalysis,POSTPROCESSING,RejectOptionClassification,LinearDiscriminantAnalysis,1,1,0.7,1,1,1,140,0,0,,0,0,,0,0,,0,0,,0,0,,0,0,0,1,1,1,0,0,0,0,60,60,140,60,140,1,0,0,0,0,0,0.639101482,0.204225352,0.342490309,0,0,0.90070922,0,0,0,-0.073490814,0,1,1,0,0.7,[0.721],60,-0.073490814,0.716330516,1,1,0,1,1,1,-580258.1601,0,0.954755034,1,0.969374811,,,,,,,
7fe73118-87a3-4a1f-8c27-8246a48e7834,LinearDiscriminantAnalysis,POSTPROCESSING,EqOddsPostprocessing,LinearDiscriminantAnalysis,0.82,0.742857143,0.52,0.742857143,1,1,140,0.18,0,,0,0,,0.257142857,0,,0.375,0,,0,0,,0.109756098,0.257142857,0,1,0.742857143,0.625,36,0,36,0,60,96,104,60,104,1,0,0,0.348033812,0.060563767,0.071545702,0.639101482,0.204225352,0.342490309,0.468521286,3.502027632,0.90070922,0,0,0,-0.073490814,0.198450939,1,0.742857143,0,0.7,[0.721],60,-0.073490814,0.716330516,0.852459016,0.681385144,0.18,0.871428571,0.871428571,0.871428571,-580258.1601,0,0.954755034,0.835914527,0.911556884,,,,,,,
7fe73118-87a3-4a1f-8c27-8246a48e7834,LinearDiscriminantAnalysis,POSTPROCESSING,CalibratedEqOddsPostprocessing,LinearDiscriminantAnalysis,0.82,0.742857143,0.52,0.742857143,1,1,140,0.18,0,,0,0,,0.257142857,0,,0.375,0,,0,0,,0.109756098,0.257142857,0,1,0.742857143,0.625,36,0,36,0,60,96,104,60,104,1,0,0,0.348033812,0.060563767,0.071545702,0.639101482,0.204225352,0.342490309,0.468521286,3.502027632,0.90070922,0,0,0,-0.073490814,0.198450939,1,0.742857143,0,0.7,[0.721],60,-0.073490814,0.716330516,0.852459016,0.681385144,0.18,0.871428571,0.871428571,0.871428571,-679728.1089,0,0.954755034,0.835914527,0.911556884,,,,,,,
7fe73118-87a3-4a1f-8c27-8246a48e7834,AdaBoostClassifier_FAIR_PCA_HYPERPARAMETER,POSTPROCESSING,ThresholdOptimizer,FAIR_PCA_HYPERPARAMETER,0.685,0.792857143,0.725,0.792857143,0.433333333,0.765517241,140,0.315,0.281364829,2.116666667,0.234482759,0.244444444,2.571428571,0.207142857,0.208510638,2.088888889,0.527272727,0.313513514,1.644444444,0.566666667,0.375757576,1.885714286,0.149613325,0.207142857,0.566666667,0.433333333,0.792857143,0.472727273,29,34,29,34,26,55,145,26,111,0.765517241,0.292134107,0.083623469,0.104157861,0.00542443,0.005034216,0.639210816,0.204295233,0.342539508,0.547016134,-0.061404548,0.940740741,-0.208510638,0.375757576,0.034534535,-0.041994751,0.205229379,0.433333333,0.792857143,-0.208510638,0.7,[0.725],60,-0.073490814,0.716330516,0.778947368,0.232139269,0.315,0.613095238,0.613095238,0.561826088,-333257.1514,0.167246937,0.896554813,0.728959195,0.832736436,,,,,,,
7fe73118-87a3-4a1f-8c27-8246a48e7834,AdaBoostClassifier_FAIR_PCA_HYPERPARAMETER,POSTPROCESSING,FairnessAwareMetaEstimator,FAIR_PCA_HYPERPARAMETER,0.69,0.778571429,0.7,0.778571429,0.483333333,0.778571429,140,0.31,0.281364829,2.116666667,0.221428571,0.219444444,2.410714286,0.221428571,0.308510638,2.611111111,0.516666667,0.227799228,1.468253968,0.516666667,0.175757576,1.414285714,0.155,0.221428571,0.516666667,0.483333333,0.778571429,0.483333333,31,31,31,31,29,60,140,29,109,0.778571429,0.242134107,-0.066376531,0.092528618,0.004280773,0.004038206,0.640277389,0.204977568,0.343040077,0.556776436,-0.087721857,0.752592593,-0.308510638,0.308510638,0.004177392,-0.175328084,0.214875626,0.483333333,0.778571429,-0.308510638,0.7,[0.725],60,-0.073490814,0.716330516,0.778571429,0.261904762,0.31,0.630952381,0.630952381,0.672832811,-27611.92466,-0.132753063,0.7907337,0.731614786,0.769993647,,,,,,,
7fe73118-87a3-4a1f-8c27-8246a48e7834,AdaBoostClassifier_FAIR_PCA_HYPERPARAMETER,POSTPROCESSING,RejectOptionClassification,FAIR_PCA_HYPERPARAMETER,1,1,0.7,1,1,1,140,0,0,,0,0,,0,0,,0,0,,0,0,,0,0,0,1,1,1,0,0,0,0,60,60,140,60,140,1,0,0,0,0,0,0.639101482,0.204225352,0.342490309,0,0,0.90070922,0,0,0,-0.073490814,0,1,1,0,0.7,[0.725],60,-0.073490814,0.716330516,1,1,0,1,1,1,-580258.1601,0,0.954755034,1,0.969374811,,,,,,,
7fe73118-87a3-4a1f-8c27-8246a48e7834,AdaBoostClassifier_FAIR_PCA_HYPERPARAMETER,POSTPROCESSING,EqOddsPostprocessing,FAIR_PCA_HYPERPARAMETER,0.82,0.742857143,0.52,0.742857143,1,1,140,0.18,0,,0,0,,0.257142857,0,,0.375,0,,0,0,,0.109756098,0.257142857,0,1,0.742857143,0.625,36,0,36,0,60,96,104,60,104,1,0,0,0.348033812,0.060563767,0.071545702,0.639101482,0.204225352,0.342490309,0.468521286,3.502027632,0.90070922,0,0,0,-0.073490814,0.198450939,1,0.742857143,0,0.7,[0.725],60,-0.073490814,0.716330516,0.852459016,0.681385144,0.18,0.871428571,0.871428571,0.871428571,-580258.1601,0,0.954755034,0.835914527,0.911556884,,,,,,,
7fe73118-87a3-4a1f-8c27-8246a48e7834,AdaBoostClassifier_FAIR_PCA_HYPERPARAMETER,POSTPROCESSING,CalibratedEqOddsPostprocessing,FAIR_PCA_HYPERPARAMETER,0.82,0.742857143,0.52,0.742857143,1,1,140,0.18,0,,0,0,,0.257142857,0,,0.375,0,,0,0,,0.109756098,0.257142857,0,1,0.742857143,0.625,36,0,36,0,60,96,104,60,104,1,0,0,0.348033812,0.060563767,0.071545702,0.639101482,0.204225352,0.342490309,0.468521286,3.502027632,0.90070922,0,0,0,-0.073490814,0.198450939,1,0.742857143,0,0.7,[0.725],60,-0.073490814,0.716330516,0.852459016,0.681385144,0.18,0.871428571,0.871428571,0.871428571,-679728.1089,0,0.954755034,0.835914527,0.911556884,,,,,,,
7fe73118-87a3-4a1f-8c27-8246a48e7834,AdaBoostClassifier_BASE_LINE_VALUES,POSTPROCESSING,CounterfactualAnalyzer,AdaBoostClassifier_BASE_LINE_VALUES_CounterfactualAnalyzer,0.848484848,0.944444444,0.636363636,0.944444444,0.733333333,0.80952381,18,0.151515152,-0.066666667,0,0.19047619,-0.111111111,0,0.055555556,0,,0.083333333,0,,0.266666667,-0.142857143,0,0.060185185,0.055555556,0.266666667,0.733333333,0.944444444,0.916666667,1,4,1,4,11,12,21,11,17,0.80952381,0.071428571,-0.071428571,0.09645388,0.004651675,0.004501017,0.756787469,0.286363636,0.452402214,0.346944333,-0.1665732,1.111111111,0,0.142857143,0.055555556,0.066666667,0.06702133,0.733333333,0.944444444,0,0.545454545,[0.9030303],15,0.133333333,0.454255272,0.871794872,0.701566652,0.151515152,0.838888889,0.838888889,0.898809524,-755.1235061,0.142857143,0.98805646,0.859981933,0.941326802,,,,,,,
7fe73118-87a3-4a1f-8c27-8246a48e7834,GradientBoostingClassifier_BASE_LINE_VALUES,POSTPROCESSING,CounterfactualAnalyzer,GradientBoostingClassifier_BASE_LINE_VALUES_CounterfactualAnalyzer,0.848484848,0.888888889,0.575757576,0.888888889,0.8,0.842105263,18,0.151515152,0.1,2.5,0.157894737,-0.111111111,0,0.111111111,0.25,inf,0.142857143,0.333333333,inf,0.2,-0.142857143,0,0.070934256,0.111111111,0.2,0.8,0.888888889,0.857142857,2,3,2,3,12,14,19,12,16,0.842105263,0.196428571,-0.196428571,0.099367749,0.004936975,0.005125263,0.767390962,0.294444444,0.457747436,0.376654367,-0.246615907,0.833333333,-0.25,0.25,0.222222222,-0.1,0.092467128,0.8,0.888888889,-0.25,0.545454545,[0.9030303],15,0.133333333,0.454255272,0.864864865,0.694049177,0.151515152,0.844444444,0.844444444,1.01031746,-1769.370292,-0.107142857,0.818181818,0.856596558,0.830598091,1.562498808,118.3,0,86418.14175,0,360075.5906,31.10653019
7fe73118-87a3-4a1f-8c27-8246a48e7834,RandomForestClassifier_BASE_LINE_VALUES,POSTPROCESSING,CounterfactualAnalyzer,RandomForestClassifier_BASE_LINE_VALUES_CounterfactualAnalyzer,0.787878788,0.944444444,0.696969697,0.944444444,0.6,0.739130435,18,0.212121212,-0.2,0,0.260869565,-0.272727273,0,0.055555556,0,,0.1,0,,0.4,-0.428571429,0,0.07132964,0.055555556,0.4,0.6,0.944444444,0.9,1,6,1,6,9,10,23,9,17,0.739130435,0.214285714,-0.214285714,0.097251505,0.004728928,0.004806083,0.762397534,0.290625,0.455194899,0.377702634,-0.061212684,0.909090909,0,0.428571429,0.136363636,-0.066666667,0.077809985,0.6,0.944444444,0,0.545454545,[0.9030303],15,0.133333333,0.454255272,0.829268293,0.58989068,0.212121212,0.772222222,0.772222222,0.937698413,-931.8399877,0.428571429,0.900058445,0.808043876,0.867143629,,,,,,,
7fe73118-87a3-4a1f-8c27-8246a48e7834,RidgeClassifierCV_BASE_LINE_VALUES,POSTPROCESSING,CounterfactualAnalyzer,RidgeClassifierCV_BASE_LINE_VALUES_CounterfactualAnalyzer,0.848484848,0.944444444,0.636363636,0.944444444,0.733333333,0.80952381,18,0.151515152,-0.066666667,0,0.19047619,-0.111111111,0,0.055555556,0,,0.083333333,0,,0.266666667,-0.142857143,0,0.060185185,0.055555556,0.266666667,0.733333333,0.944444444,0.916666667,1,4,1,4,11,12,21,11,17,0.80952381,0.071428571,-0.071428571,0.09645388,0.004651675,0.004501017,0.756787469,0.286363636,0.452402214,0.346944333,-0.1665732,1.111111111,0,0.142857143,0.055555556,0.066666667,0.06702133,0.733333333,0.944444444,0,0.545454545,[0.9030303],15,0.133333333,0.454255272,0.871794872,0.701566652,0.151515152,0.838888889,0.838888889,0.898809524,-1785.707708,0.142857143,0.98805646,0.859981933,0.941326802,1.558592558,126.7,0,86466.12159,0,360275.5066,31.12380071
7fe73118-87a3-4a1f-8c27-8246a48e7834,NuSVC_BASE_LINE_VALUES,POSTPROCESSING,CounterfactualAnalyzer,NuSVC_BASE_LINE_VALUES_CounterfactualAnalyzer,0.878787879,0.944444444,0.606060606,0.944444444,0.8,0.85,18,0.121212121,-0.066666667,0,0.15,-0.111111111,0,0.055555556,0,,0.076923077,0,,0.2,-0.142857143,0,0.052244898,0.055555556,0.2,0.8,0.944444444,0.923076923,1,3,1,3,12,13,20,12,17,0.85,0.071428571,-0.071428571,0.048775083,0.001189504,0.001184285,0.756787469,0.286363636,0.452402214,0.323248814,-0.251314428,1.111111111,0,0.142857143,0.055555556,0.066666667,0.059984731,0.8,0.944444444,0,0.545454545,[0.9030303],15,0.133333333,0.454255272,0.894736842,0.758625613,0.121212121,0.872222222,0.872222222,0.93452381,-1582.787931,0.142857143,0.98805646,0.886690647,0.951787257,,,,,,,
7fe73118-87a3-4a1f-8c27-8246a48e7834,LinearDiscriminantAnalysis_BASE_LINE_VALUES,POSTPROCESSING,CounterfactualAnalyzer,LinearDiscriminantAnalysis_BASE_LINE_VALUES_CounterfactualAnalyzer,0.848484848,0.944444444,0.636363636,0.944444444,0.733333333,0.80952381,18,0.151515152,-0.066666667,0,0.19047619,-0.111111111,0,0.055555556,0,,0.083333333,0,,0.266666667,-0.142857143,0,0.060185185,0.055555556,0.266666667,0.733333333,0.944444444,0.916666667,1,4,1,4,11,12,21,11,17,0.80952381,0.071428571,-0.071428571,0.09645388,0.004651675,0.004501017,0.756787469,0.286363636,0.452402214,0.346944333,-0.1665732,1.111111111,0,0.142857143,0.055555556,0.066666667,0.06702133,0.733333333,0.944444444,0,0.545454545,[0.9030303],15,0.133333333,0.454255272,0.871794872,0.701566652,0.151515152,0.838888889,0.838888889,0.898809524,-3110.715396,0.142857143,0.98805646,0.859981933,0.941326802,1.552101851,137.8,0,86517.85208,0,360491.0503,31.14242129
7fe73118-87a3-4a1f-8c27-8246a48e7834,RidgeClassifierCV_BASE_HYPER,POSTPROCESSING,CounterfactualAnalyzer,RidgeClassifierCV_BASE_HYPER_CounterfactualAnalyzer,0.848484848,0.944444444,0.636363636,0.944444444,0.733333333,0.80952381,18,0.151515152,-0.066666667,0,0.19047619,-0.111111111,0,0.055555556,0,,0.083333333,0,,0.266666667,-0.142857143,0,0.060185185,0.055555556,0.266666667,0.733333333,0.944444444,0.916666667,1,4,1,4,11,12,21,11,17,0.80952381,0.071428571,-0.071428571,0.09645388,0.004651675,0.004501017,0.756787469,0.286363636,0.452402214,0.346944333,-0.1665732,1.111111111,0,0.142857143,0.055555556,0.066666667,0.06702133,0.733333333,0.944444444,0,0.545454545,[0.9030303],15,0.133333333,0.454255272,0.871794872,0.701566652,0.151515152,0.838888889,0.838888889,0.898809524,-1785.707708,0.142857143,0.98805646,0.859981933,0.941326802,,,,,,,
7fe73118-87a3-4a1f-8c27-8246a48e7834,AdaBoostClassifier_BASE_HYPER,POSTPROCESSING,CounterfactualAnalyzer,AdaBoostClassifier_BASE_HYPER_CounterfactualAnalyzer,0.848484848,0.944444444,0.636363636,0.944444444,0.733333333,0.80952381,18,0.151515152,-0.066666667,0,0.19047619,-0.111111111,0,0.055555556,0,,0.083333333,0,,0.266666667,-0.142857143,0,0.060185185,0.055555556,0.266666667,0.733333333,0.944444444,0.916666667,1,4,1,4,11,12,21,11,17,0.80952381,0.071428571,-0.071428571,0.09645388,0.004651675,0.004501017,0.756787469,0.286363636,0.452402214,0.346944333,-0.1665732,1.111111111,0,0.142857143,0.055555556,0.066666667,0.06702133,0.733333333,0.944444444,0,0.545454545,[0.9030303],15,0.133333333,0.454255272,0.871794872,0.701566652,0.151515152,0.838888889,0.838888889,0.898809524,-754.1138449,0.142857143,0.98805646,0.859981933,0.941326802,1.611254692,148.5,0,86569.87342,0,360707.8059,31.16114657
7fe73118-87a3-4a1f-8c27-8246a48e7834,AdaBoostClassifier_FAIR_PCA_HYPERPARAMETER,POSTPROCESSING,CounterfactualAnalyzer,AdaBoostClassifier_FAIR_PCA_HYPERPARAMETER_CounterfactualAnalyzer,0.848484848,0.944444444,0.636363636,0.944444444,0.733333333,0.80952381,18,0.151515152,-0.133333333,0,0.19047619,-0.2,0,0.055555556,0,,0.083333333,0,,0.266666667,-0.285714286,0,0.060185185,0.055555556,0.266666667,0.733333333,0.944444444,0.916666667,1,4,1,4,11,12,21,11,17,0.80952381,0.142857143,-0.142857143,0.059019024,0.001741623,0.001767083,0.759066186,0.288090737,0.453525234,0.346944333,-0.213093215,1,0,0.285714286,0.1,0,0.06702133,0.733333333,0.944444444,0,0.545454545,[0.9030303],15,0.133333333,0.454255272,0.871794872,0.701566652,0.151515152,0.838888889,0.838888889,0.958730159,-753.8104741,0.285714286,0.96,0.859981933,0.92417215,,,,,,,
7fe73118-87a3-4a1f-8c27-8246a48e7834,AdaBoostClassifier_BASE_LINE_VALUES,POSTPROCESSING,BINARY DEBIASER,BASE_LINE_VALUES,1,1,0.7,1,1,1,14,0,0,,0,0,,0,0,,0,0,,0,,,0,0,0,1,1,1,0,0,0,0,6,6,14,6,14,1,,,0,0,0,0.733799386,0.269230769,0.430782916,0,0,1.333333333,0,,0,0.25,0,1,1,0,0.7,[0.53],6,0.25,0.693147181,1,1,0,1,1,,-2784.167717,,,1,,,,,,,,
7fe73118-87a3-4a1f-8c27-8246a48e7834,GradientBoostingClassifier_BASE_LINE_VALUES,POSTPROCESSING,BINARY DEBIASER,BASE_LINE_VALUES,1,1,0.7,1,1,1,14,0,0,,0,0,,0,0,,0,0,,0,,,0,0,0,1,1,1,0,0,0,0,6,6,14,6,14,1,,,0,0,0,0.733799386,0.269230769,0.430782916,0,0,1.333333333,0,,0,0.25,0,1,1,0,0.7,[0.53],6,0.25,0.693147181,1,1,0,1,1,,-2782.651251,,,1,,,,,,,,
7fe73118-87a3-4a1f-8c27-8246a48e7834,RandomForestClassifier_BASE_LINE_VALUES,POSTPROCESSING,BINARY DEBIASER,BASE_LINE_VALUES,1,1,0.7,1,1,1,14,0,0,,0,0,,0,0,,0,0,,0,,,0,0,0,1,1,1,0,0,0,0,6,6,14,6,14,1,,,0,0,0,0.733799386,0.269230769,0.430782916,0,0,1.333333333,0,,0,0.25,0,1,1,0,0.7,[0.53],6,0.25,0.693147181,1,1,0,1,1,,-2783.226332,,,1,,,,,,,,
7fe73118-87a3-4a1f-8c27-8246a48e7834,RidgeClassifierCV_BASE_LINE_VALUES,POSTPROCESSING,BINARY DEBIASER,BASE_LINE_VALUES,1,1,0.7,1,1,1,14,0,0,,0,0,,0,0,,0,0,,0,,,0,0,0,1,1,1,0,0,0,0,6,6,14,6,14,1,,,0,0,0,0.733799386,0.269230769,0.430782916,0,0,1.333333333,0,,0,0.25,0,1,1,0,0.7,[0.53],6,0.25,0.693147181,1,1,0,1,1,,-2782.808348,,,1,,,,,,,,
7fe73118-87a3-4a1f-8c27-8246a48e7834,NuSVC_BASE_LINE_VALUES,POSTPROCESSING,BINARY DEBIASER,BASE_LINE_VALUES,1,1,0.7,1,1,1,14,0,0,,0,0,,0,0,,0,0,,0,,,0,0,0,1,1,1,0,0,0,0,6,6,14,6,14,1,,,0,0,0,0.733799386,0.269230769,0.430782916,0,0,1.333333333,0,,0,0.25,0,1,1,0,0.7,[0.53],6,0.25,0.693147181,1,1,0,1,1,,-2781.877844,,,1,,,,,,,,
7fe73118-87a3-4a1f-8c27-8246a48e7834,LinearDiscriminantAnalysis_BASE_LINE_VALUES,POSTPROCESSING,BINARY DEBIASER,BASE_LINE_VALUES,1,1,0.7,1,1,1,14,0,0,,0,0,,0,0,,0,0,,0,,,0,0,0,1,1,1,0,0,0,0,6,6,14,6,14,1,,,0,0,0,0.733799386,0.269230769,0.430782916,0,0,1.333333333,0,,0,0.25,0,1,1,0,0.7,[0.53],6,0.25,0.693147181,1,1,0,1,1,,-2783.806215,,,1,,,,,,,,
7fe73118-87a3-4a1f-8c27-8246a48e7834,RidgeClassifierCV_BASE_HYPER,POSTPROCESSING,BINARY DEBIASER,BASE_HYPER,1,1,0.7,1,1,1,14,0,0,,0,0,,0,0,,0,0,,0,,,0,0,0,1,1,1,0,0,0,0,6,6,14,6,14,1,,,0,0,0,0.733799386,0.269230769,0.430782916,0,0,1.333333333,0,,0,0.25,0,1,1,0,0.7,[0.53],6,0.25,0.693147181,1,1,0,1,1,,-2781.728571,,,1,,,,,,,,
7fe73118-87a3-4a1f-8c27-8246a48e7834,AdaBoostClassifier_BASE_HYPER,POSTPROCESSING,BINARY DEBIASER,BASE_HYPER,1,1,0.7,1,1,1,14,0,0,,0,0,,0,0,,0,0,,0,,,0,0,0,1,1,1,0,0,0,0,6,6,14,6,14,1,,,0,0,0,0.733799386,0.269230769,0.430782916,0,0,1.333333333,0,,0,0.25,0,1,1,0,0.7,[0.53],6,0.25,0.693147181,1,1,0,1,1,,-2781.688412,,,1,,,,,,,,
7fe73118-87a3-4a1f-8c27-8246a48e7834,AdaBoostClassifier_FAIR_PCA_HYPERPARAMETER,POSTPROCESSING,BINARY DEBIASER,FAIR_PCA_HYPERPARAMETER,1,1,0.7,1,1,1,14,0,0,,0,0,,0,0,,0,0,,0,,,0,0,0,1,1,1,0,0,0,0,6,6,14,6,14,1,,,0,0,0,0.733799386,0.269230769,0.430782916,0,0,1.333333333,0,,0,0.25,0,1,1,0,0.7,[0.53],6,0.25,0.693147181,1,1,0,1,1,,-2785.011098,,,1,,,,,,,,
7fe73118-87a3-4a1f-8c27-8246a48e7834,AdaBoostClassifier_BASE_LINE_VALUES,POSTPROCESSING,AdaBoostClassifier_BASE_LINE_VALUES_CERTI_FAI,AdaBoostClassifier_BASE_LINE_VALUES_CERTI_FAI,0.465116279,0.081632653,0.058139535,0.081632653,0.972972973,0.8,49,0.534883721,0.5,2,0.2,0,,0.918367347,0.095238095,1.105263158,0.555555556,0.472222222,1.894736842,0.027027027,,,0.572562358,0.918367347,0.027027027,0.972972973,0.081632653,0.444444444,45,1,45,1,36,81,5,36,4,0.8,,,0.355450766,0.063172624,0.114722604,1.123902974,0.631578947,0.816761137,1.070105003,-0.603361877,0,-0.095238095,,-0.263888889,-0.052631579,0.749684687,0.972972973,0.081632653,-0.095238095,0.569767442,[0.97209302],37,0.447368421,2.402668552,0.148148148,0.115533726,0.534883721,0.527302813,0.527302813,,-5134.939607,,,0.224719101,,,,,,,,
7fe73118-87a3-4a1f-8c27-8246a48e7834,GradientBoostingClassifier_BASE_LINE_VALUES,POSTPROCESSING,GradientBoostingClassifier_BASE_LINE_VALUES_CERTI_FAI,GradientBoostingClassifier_BASE_LINE_VALUES_CERTI_FAI,0.493670886,0.326923077,0.278481013,0.326923077,0.814814815,0.772727273,52,0.506329114,0.416666667,1.714285714,0.227272727,-0.222222222,0,0.673076923,0.269230769,1.368421053,0.614035088,0.296296296,1.421052632,0.185185185,,,0.470637234,0.673076923,0.185185185,0.814814815,0.326923077,0.385964912,35,5,35,5,22,57,22,22,17,0.772727273,,,0.435783425,0.094953597,0.140370124,1.092906421,0.597222222,0.785928914,0.970193006,-0.435318071,0,-0.269230769,,-0.240740741,-0.25,0.619086163,0.814814815,0.326923077,-0.269230769,0.658227848,[0.9443038],27,0.277777778,2.391380592,0.459459459,0.14997565,0.506329114,0.570868946,0.570868946,,-5358.432358,,,0.475951184,,,,,,,,
7fe73118-87a3-4a1f-8c27-8246a48e7834,RandomForestClassifier_BASE_LINE_VALUES,POSTPROCESSING,RandomForestClassifier_BASE_LINE_VALUES_CERTI_FAI,RandomForestClassifier_BASE_LINE_VALUES_CERTI_FAI,0.313432836,0.083333333,0.089552239,0.083333333,0.894736842,0.666666667,48,0.686567164,0.27027027,1.37037037,0.333333333,-0.5,0,0.916666667,0.037037037,1.038461538,0.721311475,0.257142857,1.346153846,0.105263158,,,1.0544,0.916666667,0.105263158,0.894736842,0.083333333,0.278688525,44,2,44,2,17,61,6,17,4,0.666666667,,,0.560629599,0.157152774,0.204852158,0.900450338,0.405405405,0.593774707,1.452170789,0.562118918,0,-0.037037037,,-0.121428571,-0.054054054,1.096720343,0.894736842,0.083333333,-0.037037037,0.71641791,[0.95820896],19,0.27027027,2.251291799,0.148148148,-0.034617208,0.686567164,0.489035088,0.489035088,,-3423.89252,,,0.201197605,,,,,,,,
7fe73118-87a3-4a1f-8c27-8246a48e7834,RidgeClassifierCV_BASE_LINE_VALUES,POSTPROCESSING,RidgeClassifierCV_BASE_LINE_VALUES_CERTI_FAI,RidgeClassifierCV_BASE_LINE_VALUES_CERTI_FAI,0.313953488,0.144927536,0.11627907,0.144927536,1,1,69,0.686046512,0.333333333,1.5,0,0,,0.855072464,0.333333333,1.5,0.776315789,0,1,0,,,1.092592593,0.855072464,0,1,0.144927536,0.223684211,59,0,59,0,17,76,10,17,10,1,,,0.444044173,0.098587614,0.144914811,1.366260102,0.933333333,1.053149915,1.478237188,-0.491247461,0,-0.333333333,,-0.5,-0.333333333,1.15851043,1,0.144927536,-0.333333333,0.802325581,[1.],17,0,3.433987204,0.253164557,0.180049997,0.686046512,0.572463768,0.572463768,,-6617.447408,,,0.280301064,,,,,,,,
7fe73118-87a3-4a1f-8c27-8246a48e7834,NuSVC_BASE_LINE_VALUES,POSTPROCESSING,NuSVC_BASE_LINE_VALUES_CERTI_FAI,NuSVC_BASE_LINE_VALUES_CERTI_FAI,0.337078652,0.016666667,0.011235955,0.016666667,1,1,60,0.662921348,0.25,1.333333333,0,0,,0.983333333,0.032258065,1.033333333,0.670454545,0.230769231,1.3,0,,,0.983333333,0.983333333,0,1,0.016666667,0.329545455,59,0,59,0,29,88,1,29,1,1,,,0.759675773,0.28855364,0.270437289,1.106797181,0.6125,0.799756916,1.402378931,-2.041220329,0,-0.032258065,,-0.384615385,-0.025,1.087438988,1,0.016666667,-0.032258065,0.674157303,[1.],29,0.225,3.044522438,0.032786885,0.074110892,0.662921348,0.508333333,0.508333333,,-6532.89658,,,0.059760956,,,,,,,,
7fe73118-87a3-4a1f-8c27-8246a48e7834,LinearDiscriminantAnalysis_BASE_LINE_VALUES,POSTPROCESSING,LinearDiscriminantAnalysis_BASE_LINE_VALUES_CERTI_FAI,LinearDiscriminantAnalysis_BASE_LINE_VALUES_CERTI_FAI,0.302083333,0.057142857,0.052083333,0.057142857,0.961538462,0.8,70,0.697916667,0.275,1.379310345,0.2,-0.25,0,0.942857143,0.096774194,1.107142857,0.725274725,0.222222222,1.285714286,0.038461538,,,1.148283039,0.942857143,0.038461538,0.961538462,0.057142857,0.274725275,66,1,66,1,25,91,5,25,4,0.8,,,0.316088805,0.049956066,0.091031152,1.183215957,0.7,0.875468737,1.515442535,-0.640878752,0,-0.096774194,,-0.263888889,-0.1,1.17508016,0.961538462,0.057142857,-0.096774194,0.729166667,[0.96875],26,0.225,2.014903021,0.106666667,0.037362637,0.697916667,0.509340659,0.509340659,,-9821.620246,,,0.157662249,,,,,,,,
7fe73118-87a3-4a1f-8c27-8246a48e7834,RidgeClassifierCV_BASE_HYPER,POSTPROCESSING,RidgeClassifierCV_BASE_HYPER_CERTI_FAI,RidgeClassifierCV_BASE_HYPER_CERTI_FAI,0.32967033,0.144927536,0.131868132,0.144927536,0.909090909,0.833333333,69,0.67032967,0.3125,1.454545455,0.166666667,-0.166666667,0,0.855072464,0.333333333,1.5,0.746835443,0,1,0.090909091,,,0.99567474,0.855072464,0.090909091,0.909090909,0.144927536,0.253164557,59,2,59,2,20,79,12,20,10,0.833333333,,,0.38367205,0.073602121,0.127084888,1.357847561,0.921875,1.045123604,1.411151828,0.725670372,0,-0.333333333,,-0.416666667,-0.375,1.066045709,0.909090909,0.144927536,-0.333333333,0.758241758,[0.97362637],22,0.0625,2.397895273,0.24691358,0.068355552,0.67032967,0.527009223,0.527009223,,-7206.757311,,,0.282352941,,,,,,,,
7fe73118-87a3-4a1f-8c27-8246a48e7834,AdaBoostClassifier_BASE_HYPER,POSTPROCESSING,AdaBoostClassifier_BASE_HYPER_CERTI_FAI,AdaBoostClassifier_BASE_HYPER_CERTI_FAI,0.395061728,0.078431373,0.074074074,0.078431373,0.933333333,0.666666667,51,0.604938272,0.4,1.666666667,0.333333333,-0.333333333,0,0.921568627,0.173913043,1.210526316,0.626666667,0.344827586,1.526315789,0.066666667,,,0.75,0.921568627,0.066666667,0.933333333,0.078431373,0.373333333,47,2,47,2,28,75,6,28,4,0.666666667,,,0.360195807,0.06487051,0.119942604,1.146423008,0.657142857,0.839101093,1.224744871,-0.374212565,0,-0.173913043,,-0.16091954,-0.171428571,0.88794657,0.933333333,0.078431373,-0.173913043,0.62962963,[0.96049383],30,0.342857143,2.351375257,0.140350877,0.021693046,0.604938272,0.505882353,0.505882353,,-4555.17868,,,0.207119741,,,,,,,,
7fe73118-87a3-4a1f-8c27-8246a48e7834,AdaBoostClassifier_FAIR_PCA_HYPERPARAMETER,POSTPROCESSING,AdaBoostClassifier_FAIR_PCA_HYPERPARAMETER_CERTI_FAI,AdaBoostClassifier_FAIR_PCA_HYPERPARAMETER_CERTI_FAI,0.467391304,0.057692308,0.032608696,0.057692308,1,1,52,0.532608696,0.536585366,2.157894737,0,0,,0.942307692,0.095238095,1.105263158,0.550561798,0.512820513,2.052631579,0,,,0.569767442,0.942307692,0,1,0.057692308,0.449438202,49,0,49,0,40,89,3,40,3,1,,,0.350495299,0.061423477,0.115471668,1.115303743,0.62195122,0.80821651,1.067489992,-1.345803,0,-0.095238095,,-0.243589744,-0.048780488,0.760588461,1,0.057692308,-0.095238095,0.565217391,[1.],40,0.487804878,2.397895273,0.109090909,0.161025237,0.532608696,0.528846154,0.528846154,,-5871.429111,,,0.176894069,,,,,,,,
7fe73118-87a3-4a1f-8c27-8246a48e7834,NEURONAL_NETWORK,IN_PROCESSING,BAL_GAN_FAIR_FAIR_PCA,BAL_GAN_FAIR,0.7,1,1,1,0,0.7,140,0.3,0.047619048,1.166666667,0.3,0.047619048,1.166666667,0,0,,0,0,,1,0,1,0.062130178,0,1,0,1,0,0,60,0,60,0,0,200,0,140,0.7,0,0,0.016785992,0.000140885,0.000140208,0.016785992,0.000140885,0.000140208,0.352505823,0.680877088,1,0,0,-0.023809524,0,0.057549819,0,1,0,0.7,[0.725],60,-0.047619048,0.157008938,0.823529412,0,0.3,0.5,0.5,0.5,-52965.48996,0,1,0.756756757,0.903225806,362.7495444,587.5,100,590074.0208,27305.62305,6554485.211,566.2346946
7fe73118-87a3-4a1f-8c27-8246a48e7834,NEURONAL_NETWORK,IN_PROCESSING,DEMV_FAIR_PCA,DEMV,0.7,1,1,1,0,0.7,140,0.3,0.047619048,1.166666667,0.3,0.047619048,1.166666667,0,0,,0,0,,1,0,1,0.062130178,0,1,0,1,0,0,60,0,60,0,0,200,0,140,0.7,0,0,0.016785992,0.000140885,0.000140208,0.016785992,0.000140885,0.000140208,0.352505823,0.680877088,1,0,0,-0.023809524,0,0.057549819,0,1,0,0.7,[0.725],60,-0.047619048,0.157008938,0.823529412,0,0.3,0.5,0.5,0.5,-52458.55219,0,1,0.756756757,0.903225806,134.1797118,610.9,115,591983.3015,27306.77055,6562612.672,566.9368169
7fe73118-87a3-4a1f-8c27-8246a48e7834,NEURONAL_NETWORK,IN_PROCESSING,FairODTrainer,BAL_GAN_FAIR,0.7,1,1,1,0,0.7,140,0.3,0.047619048,1.166666667,0.3,0.047619048,1.166666667,0,0,,0,0,,1,0,1,0.062130178,0,1,0,1,0,0,60,0,60,0,0,200,0,140,0.7,0,0,0.016785992,0.000140885,0.000140208,0.016785992,0.000140885,0.000140208,0.352505823,0.680877088,1,0,0,-0.023809524,0,0.057549819,0,1,0,0.7,[0.721],60,-0.047619048,0.157008938,0.823529412,0,0.3,0.5,0.5,0.5,-51557.30056,0,1,0.756756757,0.903225806,,,,,,,
7fe73118-87a3-4a1f-8c27-8246a48e7834,NEURONAL_NETWORK,IN_PROCESSING,FairODTrainer,DEMV,0.7,1,1,1,0,0.7,140,0.3,0.047619048,1.166666667,0.3,0.047619048,1.166666667,0,0,,0,0,,1,0,1,0.062130178,0,1,0,1,0,0,60,0,60,0,0,200,0,140,0.7,0,0,0.016785992,0.000140885,0.000140208,0.016785992,0.000140885,0.000140208,0.352505823,0.680877088,1,0,0,-0.023809524,0,0.057549819,0,1,0,0.7,[0.721],60,-0.047619048,0.157008938,0.823529412,0,0.3,0.5,0.5,0.5,-56241.1489,0,1,0.756756757,0.903225806,,,,,,,
7fe73118-87a3-4a1f-8c27-8246a48e7834,RidgeClassifierCV_FAIR_PCA_HYPERPARAMETER,POSTPROCESSING,BINARY DEBIASER,FAIR_PCA_HYPERPARAMETER,1,1,0.7,1,1,1,14,0,0,,0,0,,0,0,,0,0,,0,0,,0,0,0,1,1,1,0,0,0,0,6,6,14,6,14,1,0,0,0,0,0,0,0,0,0,0,0.933333333,0,0,0,-0.047619048,0,1,1,0,0.7,[0.67],6,-0.047619048,0.174353387,1,1,0,1,1,1,-4098.382392,0,0.970537262,1,0.980163361,,,,,,,
7fe73118-87a3-4a1f-8c27-8246a48e7834,RidgeClassifierCV_FAIR_PCA_HYPERPARAMETER,POSTPROCESSING,CalibratedEqOddsPostprocessing,FAIR_PCA_HYPERPARAMETER,1,1,0.7,1,1,1,140,0,0,,0,0,,0,0,,0,0,,0,0,,0,0,0,1,1,1,0,0,0,0,60,60,140,60,140,1,0,0,0,0,0,0,0,0,0,0,0.933333333,0,0,0,-0.047619048,0,1,1,0,0.7,[0.725],60,-0.047619048,0.157008938,1,1,0,1,1,1,-580258.1601,0,0.970537262,1,0.980163361,,,,,,,
7fe73118-87a3-4a1f-8c27-8246a48e7834,RidgeClassifierCV_FAIR_PCA_HYPERPARAMETER,POSTPROCESSING,CounterfactualAnalyzer,RidgeClassifierCV_FAIR_PCA_HYPERPARAMETER_CounterfactualAnalyzer,0.685714286,0.875,0.657142857,0.875,0.526315789,0.608695652,16,0.314285714,-0.166666667,0.5625,0.391304348,-0.216666667,0.535714286,0.125,0.031746032,1.285714286,0.166666667,0,1,0.473684211,-0.297619048,0.489795918,0.095238095,0.125,0.473684211,0.526315789,0.875,0.833333333,2,9,2,9,10,12,23,10,14,0.608695652,0.16468254,-0.16468254,0.087481777,0.003826531,0.00387803,0.087481777,0.003826531,0.00387803,0.43643578,0.236388778,0.8,-0.031746032,0.297619048,0.108333333,-0.142857143,0.114741521,0.526315789,0.875,-0.031746032,0.457142857,[0.82285714],19,0.071428571,0.146603474,0.717948718,0.421180735,0.314285714,0.700657895,0.700657895,0.816044016,-2077.84064,0.265873016,0.860843896,0.701461378,0.800235411,,,,,,,
7fe73118-87a3-4a1f-8c27-8246a48e7834,RidgeClassifierCV_FAIR_PCA_HYPERPARAMETER,POSTPROCESSING,EqOddsPostprocessing,FAIR_PCA_HYPERPARAMETER,1,1,0.7,1,1,1,140,0,0,,0,0,,0,0,,0,0,,0,0,,0,0,0,1,1,1,0,0,0,0,60,60,140,60,140,1,0,0,0,0,0,0,0,0,0,0,0.933333333,0,0,0,-0.047619048,0,1,1,0,0.7,[0.725],60,-0.047619048,0.157008938,1,1,0,1,1,1,-580258.1601,0,0.970537262,1,0.980163361,,,,,,,
7fe73118-87a3-4a1f-8c27-8246a48e7834,RidgeClassifierCV_FAIR_PCA_HYPERPARAMETER,POSTPROCESSING,FairnessAwareMetaEstimator,FAIR_PCA_HYPERPARAMETER,0.71,0.85,0.78,0.85,0.383333333,0.762820513,140,0.29,0.085714286,1.324324324,0.237179487,0.057830829,1.261395349,0.15,0.105,1.875,0.477272727,0.08496732,1.191176471,0.616666667,-0.025,0.96,0.121570645,0.15,0.616666667,0.383333333,0.85,0.522727273,21,37,21,37,23,44,156,23,119,0.762820513,0.065,-0.065,0.018184824,0.000165344,0.000166235,0.018184824,0.000165344,0.000166235,0.493093591,0.228891964,0.887905605,-0.105,0.105,0.013568245,-0.09047619,0.160506049,0.383333333,0.85,-0.105,0.7,[0.725],60,-0.047619048,0.157008938,0.804054054,0.258123646,0.29,0.616666667,0.616666667,0.65675,-29201.25807,-0.08,0.90650337,0.754105677,0.849292047,,,,,,,
7fe73118-87a3-4a1f-8c27-8246a48e7834,RidgeClassifierCV_FAIR_PCA_HYPERPARAMETER,POSTPROCESSING,RejectOptionClassification,FAIR_PCA_HYPERPARAMETER,1,1,0.7,1,1,1,140,0,0,,0,0,,0,0,,0,0,,0,0,,0,0,0,1,1,1,0,0,0,0,60,60,140,60,140,1,0,0,0,0,0,0,0,0,0,0,0.933333333,0,0,0,-0.047619048,0,1,1,0,0.7,[0.725],60,-0.047619048,0.157008938,1,1,0,1,1,1,-580258.1601,0,0.970537262,1,0.980163361,,,,,,,
7fe73118-87a3-4a1f-8c27-8246a48e7834,RidgeClassifierCV_FAIR_PCA_HYPERPARAMETER,POSTPROCESSING,RidgeClassifierCV_FAIR_PCA_HYPERPARAMETER_CERTI_FAI,RidgeClassifierCV_FAIR_PCA_HYPERPARAMETER_CERTI_FAI,0.333333333,0,0,0,1,0,20,0.666666667,-0.333333333,0.666666667,0,0,,1,,,0.666666667,0.666666667,inf,0,,,1,1,0,1,0,0.333333333,20,0,20,0,10,30,0,10,0,0,,,,-3.33E-16,-3.33E-16,,-3.33E-16,-3.33E-16,1.414213562,,,,,,,,,,,,,,,,,,,,,,,,,,,,,,,,,
7fe73118-87a3-4a1f-8c27-8246a48e7834,RidgeClassifierCV_FAIR_PCA_HYPERPARAMETER,POSTPROCESSING,ThresholdOptimizer,FAIR_PCA_HYPERPARAMETER,0.715,0.878571429,0.815,0.878571429,0.333333333,0.754601227,140,0.285,0.069047619,1.261261261,0.245398773,0.078761062,1.356,0.121428571,0.005,1.041666667,0.459459459,0.055555556,1.125,0.666666667,0.125,1.2,0.109302419,0.121428571,0.666666667,0.333333333,0.878571429,0.540540541,17,40,17,40,20,37,163,20,123,0.754601227,0.065,0.06,0.030335222,0.000460113,0.000456173,0.030335222,0.000460113,0.000456173,0.467551963,-0.032084217,1.032448378,-0.005,0.125,-0.011602753,0.026190476,0.139808261,0.333333333,0.878571429,-0.005,0.7,[0.725],60,-0.047619048,0.157008938,0.811881188,0.250083878,0.285,0.605952381,0.605952381,0.569595238,-284242.9704,0.12,0.984174182,0.76036702,0.896240729,,,,,,,
