id,algorithm,stage,intervention,process,accuracy,recall,selection_rate,sensitivity,specificity,precision,num_positives,error_rate,error_rate_difference,error_rate_ratio,false_discovery_rate,false_discovery_rate_difference,false_discovery_rate_ratio,false_negative_rate,false_negative_rate_difference,false_negative_rate_ratio,false_omission_rate,false_omission_rate_difference,false_omission_rate_ratio,false_positive_rate,false_positive_rate_difference,false_positive_rate_ratio,generalized_entropy_index,generalized_false_negative_rate,generalized_false_positive_rate,generalized_true_negative_rate,generalized_true_positive_rate,negative_predictive_value,num_false_negatives,num_false_positives,num_generalized_false_negatives,num_generalized_false_positives,num_generalized_true_negatives,num_pred_negatives,num_pred_positives,num_true_negatives,num_true_positives,positive_predictive_value,average_abs_odds_difference,average_odds_difference,between_all_groups_coefficient_of_variation,between_all_groups_generalized_entropy_index,between_all_groups_theil_index,between_group_coefficient_of_variation,between_group_generalized_entropy_index,between_group_theil_index,coefficient_of_variation,differential_fairness_bias_amplification,disparate_impact,equal_opportunity_difference,equalized_odds_difference,average_predictive_value_difference,statistical_parity_difference,theil_index,true_negative_rate,true_positive_rate,true_positive_rate_difference,base_rate,consistency,num_negatives,mean_difference,smoothed_empirical_differential_fairness,f1_score,matthews_corrcoef,zero_one_loss,roc_auc_score,balanced_accuracy,fair_utility,log_likelihood,disparate_mistreatment,h_mean_fairness,h_mean_performance,h_mean_mixed,Total_real_time,Total_CPU_usage (%),Total_GPU_usage (%),Total_CPU_time (s),Total_GPU_time (s),Energy_consumption (Ws),CO2_emissions (gCO2e),equal_opportunity_difference_abs,equalized_odds_difference_abs,statistical_parity_difference_abs
9d4685ba-31be-4dad-b8e0-b0def87ede7d,GradientBoostingClassifier,BASE_LINE,NONE,BASE_LINE_VALUES,0.686115613,0.589561091,0.395461912,0.589561091,0.766865079,0.678961749,843,0.313884387,0.034308256,1.119909054,0.321038251,-0.008825417,0.973170732,0.410438909,-0.221330225,0.630145545,0.309204647,0.046296852,1.168739842,0.233134921,0.15792273,2.427621483,0.175569758,0.410438909,0.233134921,0.766865079,0.589561091,0.690795353,346,235,346,235,773,1119,732,773,497,0.678961749,0.189626478,0.189626478,0.043640344,0.00095224,0.000975162,0.043640344,0.00095224,0.000975162,0.592570263,0.42337007,2.034010259,0.221330225,0.221330225,0.027561135,0.222619773,0.249070331,0.766865079,0.589561091,0.221330225,0.455429498,[0.66310103],1008,0.118197256,0.283005298,0.631111111,0.36303045,0.313884387,0.678213085,0.678213085,0.549605927,-2725280.22,-0.063407494,0.920281893,0.633156584,0.770529771,12.9484241,17.9,8,233.9969944,104.5796623,16661.93683,1.439406209,0.221330225,0.221330225,0.222619773
9d4685ba-31be-4dad-b8e0-b0def87ede7d,LogisticRegressionCV,BASE_LINE,NONE,BASE_LINE_VALUES,0.673149649,0.533807829,0.357644516,0.533807829,0.78968254,0.679758308,843,0.326850351,0.043328782,1.148495729,0.320241692,0.00228798,1.007190796,0.466192171,-0.211311749,0.672724486,0.330529857,0.059075071,1.206762749,0.21031746,0.15132517,2.628547071,0.194896554,0.466192171,0.21031746,0.78968254,0.533807829,0.669470143,393,212,393,212,796,1189,662,796,450,0.679758308,0.18131846,0.18131846,0.040364154,0.000814632,0.0008327,0.040364154,0.000814632,0.0008327,0.624334132,0.467615411,2.127968605,0.211311749,0.211311749,0.028393545,0.21089498,0.278887081,0.78968254,0.533807829,0.211311749,0.455429498,[0.66310103],1008,0.118197256,0.283005298,0.598006645,0.336113136,0.326850351,0.661745184,0.661745184,0.541758567,-2708192.307,-0.059986579,0.936100296,0.596289964,0.752351982,14.54748178,39.6,8,550.6943606,104.5796623,17981.50918,1.553402599,0.211311749,0.211311749,0.21089498
9d4685ba-31be-4dad-b8e0-b0def87ede7d,AdaBoostClassifier,BASE_LINE,NONE,BASE_LINE_VALUES,0.668287412,0.606168446,0.428417072,0.606168446,0.720238095,0.644388398,843,0.331712588,0.031834703,1.104052317,0.355611602,-0.030187959,0.921121783,0.393831554,-0.250153961,0.587408402,0.313799622,0.041339246,1.146029543,0.279761905,0.183803725,2.33998845,0.174807876,0.393831554,0.279761905,0.720238095,0.606168446,0.686200378,332,282,332,282,726,1058,793,726,511,0.644388398,0.216978843,0.216978843,0.051537229,0.001328043,0.00136615,0.051537229,0.001328043,0.00136615,0.59128314,0.441915009,2.071370881,0.250153961,0.250153961,0.035763603,0.245838644,0.244449492,0.720238095,0.606168446,0.250153961,0.455429498,[0.66310103],1008,0.118197256,0.283005298,0.624694377,0.328491003,0.331712588,0.663203271,0.663203271,0.519302192,-2377203.875,-0.066350236,0.893662546,0.631997875,0.758987453,12.42389798,51.6,8,700.140375,104.5796623,18604.20091,1.607196245,0.250153961,0.250153961,0.245838644
9d4685ba-31be-4dad-b8e0-b0def87ede7d,SVC,BASE_LINE,NONE,BASE_LINE_VALUES,0.6726094,0.501779359,0.329011345,0.501779359,0.81547619,0.694581281,843,0.3273906,0.054497593,1.192376502,0.305418719,0.014677602,1.050212848,0.498220641,-0.164331588,0.7423443,0.338164251,0.074095912,1.263452131,0.18452381,0.129484191,2.540180374,0.204030001,0.498220641,0.18452381,0.81547619,0.501779359,0.661835749,420,186,420,186,822,1242,609,822,423,0.694581281,0.14690789,0.14690789,0.027350342,0.000374021,0.000379558,0.027350342,0.000374021,0.000379558,0.638795744,0.391555917,1.972188559,0.164331588,0.164331588,0.029709155,0.17901489,0.294615884,0.81547619,0.501779359,0.164331588,0.455429498,[0.66310103],1008,0.118197256,0.283005298,0.582644628,0.336266681,0.3273906,0.658627775,0.658627775,0.561870159,-2736333.318,-0.034847398,0.971252489,0.57737089,0.751527716,23.41743636,61.1,9,923.0513374,128.0439742,23052.64336,1.991492246,0.164331588,0.164331588,0.17901489
9d4685ba-31be-4dad-b8e0-b0def87ede7d,RidgeClassifierCV,BASE_LINE,NONE,BASE_LINE_VALUES,0.665045921,0.525504152,0.358184765,0.525504152,0.781746032,0.668174962,843,0.334954079,0.035840044,1.117143846,0.331825038,0.046062567,1.159447349,0.474495848,-0.322053842,0.569464863,0.336700337,0.038149351,1.123684211,0.218253968,0.207183758,4.601809955,0.199699811,0.474495848,0.218253968,0.781746032,0.525504152,0.663299663,400,220,400,220,788,1188,663,788,443,0.668174962,0.2646188,0.2646188,0.072619898,0.002636825,0.002746183,0.072619898,0.002636825,0.002746183,0.631980713,0.883322983,3.236226079,0.322053842,0.322053842,-0.003956608,0.285071313,0.284820097,0.781746032,0.525504152,0.322053842,0.455429498,[0.66310103],1008,0.118197256,0.283005298,0.588313413,0.319132636,0.334954079,0.653625092,0.653625092,0.480663604,-2734424.744,-0.114870084,0.858769073,0.587502141,0.716905054,12.64645743,73.3,9,1077.910063,128.0439742,23697.88805,2.047234218,0.322053842,0.322053842,0.285071313
9d4685ba-31be-4dad-b8e0-b0def87ede7d,XGBClassifier,BASE_LINE,NONE,BASE_LINE_VALUES,0.671528903,0.559905101,0.383036197,0.559905101,0.764880952,0.665726375,843,0.328471097,0.052332288,1.182903938,0.334273625,0.005965744,1.018135861,0.440094899,-0.186414024,0.688492355,0.324868651,0.066672231,1.243002738,0.235119048,0.160480275,2.450741688,0.187825401,0.440094899,0.235119048,0.764880952,0.559905101,0.675131349,371,237,371,237,771,1142,709,771,472,0.665726375,0.173447149,0.173447149,0.037722297,0.000711486,0.000726188,0.037722297,0.000711486,0.000726188,0.612903584,0.387707376,1.962695875,0.186414024,0.186414024,0.030353244,0.207265967,0.266499673,0.764880952,0.559905101,0.186414024,0.455429498,[0.66310103],1008,0.118197256,0.283005298,0.608247423,0.332724863,0.328471097,0.662393027,0.662393027,0.547502844,-3017012.421,-0.025933748,0.945802398,0.609852295,0.765158015,11.77677155,85.4,9,1220.976177,128.0439742,24293.99686,2.098731396,0.186414024,0.186414024,0.207265967
9d4685ba-31be-4dad-b8e0-b0def87ede7d,NN_CONFIG,BASE_LINE,NONE,NN,0.643435981,0.371293001,0.239330092,0.371293001,0.871031746,0.706546275,843,0.356564019,0.066042731,1.217879291,0.293453725,0.047766749,1.191066998,0.628706999,-0.159030924,0.791784254,0.376420455,0.085529637,1.275987384,0.128968254,0.109204898,3.468030691,0.252127742,0.628706999,0.128968254,0.871031746,0.371293001,0.623579545,530,130,530,130,878,1408,443,878,313,0.706546275,0.134117911,0.134117911,0.018800323,0.000176726,0.000178507,0.018800323,0.000176726,0.000178507,0.710109487,0.572612631,2.374148865,0.159030924,0.159030924,0.018881444,0.15571092,0.367675863,0.871031746,0.371293001,0.159030924,0.455429498,[0.66310103],1008,0.118197256,0.283005298,0.486780715,0.282838569,0.356564019,0.621162374,0.621162374,0.537853374,-3163323.322,-0.049826026,1.004056198,0.476057482,0.680563067,,,,,,,,0.159030924,0.159030924,0.15571092
9d4685ba-31be-4dad-b8e0-b0def87ede7d,LogisticRegressionCV,BASE_LINE,HYPERPARAMETER,HYPERPARAMETER,0.676931388,0.534994069,0.354943274,0.534994069,0.795634921,0.686453577,843,0.323068612,0.035155467,1.119325768,0.313546423,-0.004329004,0.986363636,0.465005931,-0.231249725,0.650372439,0.328308208,0.051052792,1.176253687,0.204365079,0.149356087,2.687723785,0.193400969,0.465005931,0.204365079,0.795634921,0.534994069,0.671691792,392,206,392,206,802,1194,657,802,451,0.686453577,0.190302906,0.190302906,0.043613985,0.00095109,0.00097397,0.043613985,0.00095109,0.00097397,0.62193403,0.510418928,2.221819569,0.231249725,0.231249725,0.027690898,0.21805845,0.277418411,0.795634921,0.534994069,0.231249725,0.455429498,[0.66310103],1008,0.118197256,0.283005298,0.601333333,0.344112251,0.323068612,0.665314495,0.665314495,0.538703213,-2716305.665,-0.081893638,0.923664956,0.598873475,0.749466275,,,,,,,,0.231249725,0.231249725,0.21805845
9d4685ba-31be-4dad-b8e0-b0def87ede7d,AdaBoostClassifier,BASE_LINE,HYPERPARAMETER,HYPERPARAMETER,0.682874122,0.601423488,0.409508374,0.601423488,0.750992063,0.668865435,843,0.317125878,0.006809835,1.02185338,0.331134565,-0.061630063,0.840611905,0.398576512,-0.281650024,0.558400579,0.307410796,0.021516529,1.073846853,0.249007937,0.155568884,2.212364406,0.173035659,0.398576512,0.249007937,0.750992063,0.601423488,0.692589204,336,251,336,251,757,1093,758,757,507,0.668865435,0.218609454,0.218609454,0.051586048,0.00133056,0.001368777,0.051586048,0.00133056,0.001368777,0.588278266,0.476832117,2.145963507,0.281650024,0.281650024,0.041573296,0.243476666,0.244041709,0.750992063,0.601423488,0.281650024,0.455429498,[0.66310103],1008,0.118197256,0.283005298,0.633354154,0.356906481,0.317125878,0.676207776,0.676207776,0.528382363,-2375243.129,-0.12608114,0.87489338,0.637481883,0.754472803,,,,,,,,0.281650024,0.281650024,0.243476666
9d4685ba-31be-4dad-b8e0-b0def87ede7d,GradientBoostingClassifier,BASE_LINE,SMOTE,SMOTE,0.681793625,0.637010676,0.443003782,0.637010676,0.719246032,0.654878049,843,0.318206375,0.018646202,1.061515042,0.345121951,-0.036585366,0.903225806,0.362989324,-0.277196147,0.53679065,0.296799224,0.022188775,1.079120499,0.280753968,0.185082498,2.349311113,0.163052911,0.362989324,0.280753968,0.719246032,0.637010676,0.703200776,306,283,306,283,725,1031,820,725,537,0.654878049,0.231139322,0.231139322,0.056553536,0.001599151,0.001649805,0.056553536,0.001599151,0.001649805,0.57105676,0.465560926,2.12082777,0.277196147,0.277196147,0.02938707,0.260362258,0.227121342,0.719246032,0.637010676,0.277196147,0.455429498,[0.66310103],1008,0.118197256,0.283005298,0.645820806,0.357166604,0.318206375,0.678128354,0.678128354,0.521386226,-2730131.712,-0.092113649,0.871359152,0.654311945,0.762901316,,,,,,,,0.277196147,0.277196147,0.260362258
9d4685ba-31be-4dad-b8e0-b0def87ede7d,LogisticRegressionCV,BASE_LINE,SMOTE,SMOTE,0.674770394,0.638196916,0.451107509,0.638196916,0.705357143,0.644311377,843,0.325229606,0.034325276,1.115398309,0.355688623,0.01900069,1.056175954,0.361803084,-0.334216777,0.482371577,0.30019685,0.017342261,1.060274932,0.294642857,0.24861372,3.442900033,0.164020186,0.361803084,0.294642857,0.705357143,0.638196916,0.69980315,305,297,305,297,711,1016,835,711,538,0.644311377,0.291415249,0.291415249,0.07938013,0.003150602,0.003294628,0.07938013,0.003150602,0.003294628,0.572748087,0.690042852,2.657965523,0.334216777,0.334216777,-0.000829214,0.31938146,0.227733105,0.705357143,0.638196916,0.334216777,0.455429498,[0.66310103],1008,0.118197256,0.283005298,0.641239571,0.343834179,0.325229606,0.671777029,0.671777029,0.476010959,-2814194.636,-0.085603057,0.824834079,0.650988034,0.740126726,,,,,,,,0.334216777,0.334216777,0.31938146
9d4685ba-31be-4dad-b8e0-b0def87ede7d,AdaBoostClassifier,BASE_LINE,SMOTE,SMOTE,0.673149649,0.595492289,0.413830362,0.595492289,0.738095238,0.65535248,843,0.326850351,0.022326275,1.072304357,0.34464752,-0.051062616,0.869152047,0.404507711,-0.237584129,0.608140463,0.314285714,0.040191483,1.141453141,0.261904762,0.155082271,2.095268542,0.176977931,0.404507711,0.261904762,0.738095238,0.595492289,0.685714286,341,264,341,264,744,1085,766,744,502,0.65535248,0.1963332,0.1963332,0.043498507,0.00094606,0.000968756,0.043498507,0.00094606,0.000968756,0.594941898,0.389628469,1.965645251,0.237584129,0.237584129,0.045627049,0.224314194,0.248792256,0.738095238,0.595492289,0.237584129,0.455429498,[0.66310103],1008,0.118197256,0.283005298,0.623990056,0.337306417,0.326850351,0.666793764,0.666793764,0.53588001,-2376669.91,-0.082501857,0.904739766,0.629270349,0.761814621,,,,,,,,0.237584129,0.237584129,0.224314194
9d4685ba-31be-4dad-b8e0-b0def87ede7d,SVC,BASE_LINE,SMOTE,SMOTE,0.682333874,0.664294187,0.467314965,0.664294187,0.697420635,0.647398844,843,0.317666126,0.014478228,1.047322356,0.352601156,-0.072844097,0.824864192,0.335705813,-0.170259095,0.645526147,0.287018256,0.043420465,1.170834615,0.302579365,0.121958672,1.586439571,0.155054731,0.335705813,0.302579365,0.697420635,0.664294187,0.712981744,283,305,283,305,703,986,865,703,560,0.647398844,0.146108883,0.146108883,0.024728117,0.00030574,0.00030982,0.024728117,0.00030574,0.00030982,0.556874728,0.165336277,1.568203032,0.170259095,0.170259095,0.058132281,0.181889356,0.213929287,0.697420635,0.664294187,0.170259095,0.455429498,[0.66310103],1008,0.118197256,0.283005298,0.655737705,0.361047089,0.317666126,0.680857411,0.680857411,0.581378095,-2726276.196,-0.048300423,0.936682143,0.667272352,0.79851181,,,,,,,,0.170259095,0.170259095,0.181889356
9d4685ba-31be-4dad-b8e0-b0def87ede7d,RidgeClassifierCV,BASE_LINE,SMOTE,SMOTE,0.681793625,0.641755635,0.44732577,0.641755635,0.715277778,0.653381643,843,0.318206375,0.025647038,1.0862229,0.346618357,0.032291667,1.101973684,0.358244365,-0.375489377,0.445498246,0.295210166,0.002375053,1.008091749,0.284722222,0.258640201,4.076457127,0.161680159,0.358244365,0.284722222,0.715277778,0.641755635,0.704789834,302,287,302,287,721,1023,828,721,541,0.653381643,0.317064789,0.317064789,0.088923238,0.003953671,0.004158563,0.088923238,0.003953671,0.004158563,0.568647797,0.815535315,3.016288385,0.375489377,0.375489377,-0.014958307,0.342711907,0.224839618,0.715277778,0.641755635,0.375489377,0.455429498,[0.66310103],1008,0.118197256,0.283005298,0.647516457,0.357601992,0.318206375,0.678516706,0.678516706,0.46338295,-2766025.592,-0.116849176,0.791226291,0.656554661,0.72729154,,,,,,,,0.375489377,0.375489377,0.342711907
9d4685ba-31be-4dad-b8e0-b0def87ede7d,XGBClassifier,BASE_LINE,SMOTE,SMOTE,0.666666667,0.586002372,0.411669368,0.586002372,0.734126984,0.648293963,843,0.333333333,0.054839881,1.189789,0.351706037,0.006743895,1.019509125,0.413997628,-0.198598953,0.659161256,0.320477502,0.064538484,1.237222535,0.265873016,0.183011566,2.477164779,0.181222829,0.413997628,0.265873016,0.734126984,0.586002372,0.679522498,349,268,349,268,740,1089,762,740,494,0.648293963,0.190805259,0.190805259,0.043937882,0.000965269,0.000988671,0.043937882,0.000965269,0.000988671,0.602034598,0.397431348,1.98118479,0.198598953,0.198598953,0.028897294,0.225144385,0.254648684,0.734126984,0.586002372,0.198598953,0.455429498,[0.66310103],1008,0.118197256,0.283005298,0.615576324,0.323950108,0.333333333,0.660064678,0.660064678,0.534120866,-3029574.424,-0.015587388,0.932196485,0.620993086,0.767382934,,,,,,,,0.198598953,0.198598953,0.225144385
9d4685ba-31be-4dad-b8e0-b0def87ede7d,LogisticRegressionCV,BASE_LINE,SMOTE,HYPERPARAMETER,0.672069152,0.632265718,0.448406267,0.632265718,0.705357143,0.642168675,843,0.327930848,0.02016097,1.064698386,0.357831325,-0.020701213,0.945062165,0.367734282,-0.345774865,0.477221335,0.303623898,0.010873927,1.036764231,0.294642857,0.231503067,3.012295888,0.166268037,0.367734282,0.294642857,0.705357143,0.632265718,0.696376102,310,297,310,297,711,1021,830,711,533,0.642168675,0.288638966,0.288638966,0.07689062,0.002956084,0.003086577,0.07689062,0.002956084,0.003086577,0.57665941,0.667701537,2.598953194,0.345774865,0.345774865,0.01578757,0.312543259,0.23105749,0.705357143,0.632265718,0.345774865,0.455429498,[0.66310103],1008,0.118197256,0.283005298,0.637178721,0.338083504,0.327930848,0.66881143,0.66881143,0.475766391,-2857942.766,-0.114271798,0.816916897,0.646694719,0.734104059,,,,,,,,0.345774865,0.345774865,0.312543259
9d4685ba-31be-4dad-b8e0-b0def87ede7d,AdaBoostClassifier,BASE_LINE,SMOTE,HYPERPARAMETER,0.677471637,0.652431791,0.461372231,0.652431791,0.698412698,0.644028103,843,0.322528363,0.027487074,1.091537144,0.355971897,-0.019408373,0.948035647,0.347568209,-0.286081907,0.51556797,0.293881645,0.022084671,1.079504814,0.301587302,0.211936718,2.545087039,0.159346983,0.347568209,0.301587302,0.698412698,0.652431791,0.706118355,293,304,293,304,704,997,854,704,550,0.644028103,0.249009313,0.249009313,0.063017844,0.001985624,0.002056256,0.063017844,0.001985624,0.002056256,0.564529862,0.497228157,2.188966815,0.286081907,0.286081907,0.020746522,0.27955877,0.220408628,0.698412698,0.652431791,0.286081907,0.455429498,[0.66310103],1008,0.118197256,0.283005298,0.648202711,0.3504953,0.322528363,0.675422245,0.675422245,0.507235816,-2375930.839,-0.07414519,0.860896992,0.659118862,0.761047607,,,,,,,,0.286081907,0.286081907,0.27955877
9d4685ba-31be-4dad-b8e0-b0def87ede7d,GradientBoostingClassifier,BASE_LINE,ROS,ROS,0.676931388,0.65480427,0.464073474,0.65480427,0.695436508,0.642607683,843,0.323068612,0.024654213,1.081335862,0.357392317,-0.040675845,0.896661367,0.34519573,-0.242521884,0.55999601,0.293346774,0.031230412,1.115552524,0.304563492,0.181551728,2.108937582,0.158740783,0.34519573,0.304563492,0.695436508,0.65480427,0.706653226,291,307,291,307,701,992,859,701,552,0.642607683,0.212036806,0.212036806,0.049151871,0.001207953,0.001240916,0.049151871,0.001207953,0.001240916,0.563455025,0.365667498,1.917769792,0.242521884,0.242521884,0.035953128,0.244391956,0.219348375,0.695436508,0.65480427,0.242521884,0.455429498,[0.66310103],1008,0.118197256,0.283005298,0.648648649,0.349750501,0.323068612,0.675120389,0.675120389,0.531970018,-2728969.217,-0.060970156,0.891818652,0.659906995,0.775081187,,,,,,,,0.242521884,0.242521884,0.244391956
9d4685ba-31be-4dad-b8e0-b0def87ede7d,LogisticRegressionCV,BASE_LINE,ROS,ROS,0.678011885,0.679715302,0.485683414,0.679715302,0.676587302,0.637374861,843,0.321988115,0.0233191,1.076931235,0.362625139,-0.052943888,0.870581608,0.320284698,-0.197686183,0.595062173,0.283613445,0.038226912,1.149824833,0.323412698,0.160219994,1.804660415,0.151246381,0.320284698,0.323412698,0.676587302,0.679715302,0.716386555,270,326,270,326,682,952,899,682,573,0.637374861,0.178953089,0.178953089,0.036946456,0.00068252,0.000696321,0.036946456,0.00068252,0.000696321,0.54999342,0.24012243,1.690235465,0.197686183,0.197686183,0.0455854,0.215087539,0.207180529,0.676587302,0.679715302,0.197686183,0.455429498,[0.66310103],1008,0.118197256,0.283005298,0.657864524,0.355029736,0.321988115,0.678151302,0.678151302,0.556794032,-2673555.493,-0.037466189,0.917757219,0.671715821,0.793234792,,,,,,,,0.197686183,0.197686183,0.215087539
9d4685ba-31be-4dad-b8e0-b0def87ede7d,AdaBoostClassifier,BASE_LINE,ROS,ROS,0.670448406,0.632265718,0.450027012,0.632265718,0.702380952,0.639855942,843,0.329551594,0.036165312,1.120437313,0.360144058,-0.007672162,0.979099973,0.367734282,-0.280880218,0.53673003,0.304518664,0.032150145,1.114404413,0.297619048,0.218228731,2.700679072,0.166555975,0.367734282,0.297619048,0.702380952,0.632265718,0.695481336,310,300,310,300,708,1018,833,708,533,0.639855942,0.249554474,0.249554474,0.063729956,0.002030754,0.00210387,0.063729956,0.002030754,0.00210387,0.577158513,0.524036374,2.249091616,0.280880218,0.280880218,0.019911154,0.27954175,0.231320612,0.702380952,0.632265718,0.280880218,0.455429498,[0.66310103],1008,0.118197256,0.283005298,0.636038186,0.334991796,0.329551594,0.667323335,0.667323335,0.500789811,-2377450.441,-0.062651488,0.866962958,0.645802199,0.75600545,,,,,,,,0.280880218,0.280880218,0.27954175
9d4685ba-31be-4dad-b8e0-b0def87ede7d,SVC,BASE_LINE,ROS,ROS,0.680713128,0.65717675,0.462452728,0.65717675,0.700396825,0.647196262,843,0.319286872,0.016480898,1.05386812,0.352803738,-0.072725973,0.825148192,0.34282325,-0.161879206,0.6629728,0.290452261,0.047820088,1.18814461,0.299603175,0.118122355,1.567992599,0.157400095,0.34282325,0.299603175,0.700396825,0.65717675,0.709547739,289,302,289,302,706,995,856,706,554,0.647196262,0.140000781,0.140000781,0.022503672,0.000253208,0.000256275,0.022503672,0.000253208,0.000256275,0.561070575,0.153304046,1.549434644,0.161879206,0.161879206,0.060273031,0.175881345,0.217604803,0.700396825,0.65717675,0.161879206,0.455429498,[0.66310103],1008,0.118197256,0.283005298,0.652148323,0.357158547,0.319286872,0.678786788,0.678786788,0.583756107,-2717544.504,-0.043756852,0.942261719,0.663115056,0.798247792,,,,,,,,0.161879206,0.161879206,0.175881345
9d4685ba-31be-4dad-b8e0-b0def87ede7d,RidgeClassifierCV,BASE_LINE,ROS,ROS,0.666666667,0.613285884,0.4365208,0.613285884,0.711309524,0.639851485,843,0.333333333,0.040838209,1.135998942,0.360148515,0.029082774,1.087248322,0.386714116,-0.33269916,0.502908314,0.312559923,0.026949673,1.091945942,0.288690476,0.252348188,3.715747168,0.172967225,0.386714116,0.288690476,0.711309524,0.613285884,0.687440077,326,291,326,291,717,1043,808,717,517,0.639851485,0.292523674,0.292523674,0.080351339,0.003228169,0.003377726,0.080351339,0.003228169,0.003377726,0.588161925,0.736753346,2.786625554,0.33269916,0.33269916,-0.001066551,0.318859518,0.241232737,0.711309524,0.613285884,0.33269916,0.455429498,[0.66310103],1008,0.118197256,0.283005298,0.626287099,0.325940697,0.333333333,0.662297704,0.662297704,0.468559946,-2758422.098,-0.080350972,0.829164738,0.634615385,0.732876506,,,,,,,,0.33269916,0.33269916,0.318859518
9d4685ba-31be-4dad-b8e0-b0def87ede7d,XGBClassifier,BASE_LINE,ROS,ROS,0.659643436,0.609727165,0.440302539,0.609727165,0.701388889,0.630674847,843,0.340356564,0.053016865,1.17823765,0.369325153,-0.012523303,0.967081604,0.390272835,-0.189449259,0.656284916,0.317567568,0.065994315,1.246064516,0.298611111,0.185286196,2.196419437,0.175328112,0.390272835,0.298611111,0.701388889,0.609727165,0.682432432,329,301,329,301,707,1036,815,707,514,0.630674847,0.187367727,0.187367727,0.0414143,0.000857572,0.000877111,0.0414143,0.000857572,0.000877111,0.59216233,0.330630019,1.85188222,0.189449259,0.189449259,0.039258809,0.222020295,0.244136999,0.701388889,0.609727165,0.189449259,0.455429498,[0.66310103],1008,0.118197256,0.283005298,0.620024125,0.312110078,0.340356564,0.655558027,0.655558027,0.532727609,-3055385.359,-0.004163063,0.931786295,0.629077364,0.772480396,,,,,,,,0.189449259,0.189449259,0.222020295
9d4685ba-31be-4dad-b8e0-b0def87ede7d,LogisticRegressionCV,BASE_LINE,ROS,HYPERPARAMETER,0.675850891,0.673784104,0.482441923,0.673784104,0.677579365,0.636058231,843,0.324149109,0.022488909,1.073505415,0.363941769,-0.05570118,0.865079365,0.326215896,-0.199973607,0.596878602,0.287056367,0.038722046,1.1499711,0.322420635,0.158941222,1.798238136,0.153315028,0.326215896,0.322420635,0.677579365,0.673784104,0.712943633,275,325,275,325,683,958,893,683,568,0.636058231,0.179457414,0.179457414,0.036869922,0.000679696,0.00069341,0.036869922,0.000679696,0.00069341,0.553741867,0.24286014,1.694932693,0.199973607,0.199973607,0.047211613,0.214582616,0.210350529,0.677579365,0.673784104,0.199973607,0.455429498,[0.66310103],1008,0.118197256,0.283005298,0.65437788,0.350180676,0.324149109,0.675681735,0.675681735,0.554425638,-2683569.228,-0.041032385,0.916775185,0.667862846,0.79050847,,,,,,,,0.199973607,0.199973607,0.214582616
9d4685ba-31be-4dad-b8e0-b0def87ede7d,AdaBoostClassifier,BASE_LINE,ROS,HYPERPARAMETER,0.681253377,0.664294187,0.468395462,0.664294187,0.695436508,0.645905421,843,0.318746623,0.047317103,1.168716538,0.354094579,-0.003436745,0.990377113,0.335705813,-0.198071086,0.606952689,0.287601626,0.04943113,1.19695216,0.304563492,0.19295883,2.245962733,0.155237547,0.335705813,0.304563492,0.695436508,0.664294187,0.712398374,283,307,283,307,701,984,867,701,560,0.645905421,0.195514958,0.195514958,0.045583072,0.001038908,0.00106509,0.045583072,0.001038908,0.00106509,0.557202919,0.329422522,1.849111741,0.198071086,0.198071086,0.026433938,0.235730738,0.214099971,0.695436508,0.664294187,0.198071086,0.455429498,[0.66310103],1008,0.118197256,0.283005298,0.65497076,0.359016536,0.318746623,0.679865348,0.679865348,0.546941503,-2376259.3,-0.005112256,0.920974362,0.66666289,0.791564034,,,,,,,,0.198071086,0.198071086,0.235730738
9d4685ba-31be-4dad-b8e0-b0def87ede7d,GradientBoostingClassifier,BASE_LINE,RUS,RUS,0.685575365,0.667852906,0.467314965,0.667852906,0.700396825,0.650867052,843,0.314424635,0.024474559,1.083072302,0.349132948,-0.030489164,0.918985936,0.332147094,-0.248614349,0.542405473,0.283975659,0.025248993,1.095141135,0.299603175,0.186564968,2.204676653,0.153471836,0.332147094,0.299603175,0.700396825,0.667852906,0.716024341,280,302,280,302,706,986,865,706,563,0.650867052,0.217589659,0.217589659,0.051908488,0.001347246,0.001386199,0.051908488,0.001347246,0.001386199,0.554024975,0.38540869,1.956127884,0.248614349,0.248614349,0.027869079,0.251897714,0.211708848,0.700396825,0.667852906,0.248614349,0.455429498,[0.66310103],1008,0.118197256,0.283005298,0.659250585,0.367569935,0.314424635,0.684124866,0.684124866,0.53526637,-2724476.544,-0.062049381,0.886981166,0.670715038,0.77929159,,,,,,,,0.248614349,0.248614349,0.251897714
9d4685ba-31be-4dad-b8e0-b0def87ede7d,LogisticRegressionCV,BASE_LINE,RUS,RUS,0.676931388,0.683274021,0.490005402,0.683274021,0.671626984,0.635060639,843,0.323068612,0.028154631,1.093760234,0.364939361,-0.048137581,0.881748987,0.316725979,-0.1833348,0.611941341,0.282838983,0.044034091,1.176136364,0.328373016,0.160910305,1.790559324,0.150359195,0.316725979,0.328373016,0.671626984,0.683274021,0.717161017,267,331,267,331,677,944,907,677,576,0.635060639,0.172122552,0.172122552,0.034832402,0.000606648,0.000618185,0.034832402,0.000606648,0.000618185,0.548377963,0.219648266,1.655788839,0.1833348,0.1833348,0.046085836,0.209926739,0.205623781,0.671626984,0.683274021,0.1833348,0.455429498,[0.66310103],1008,0.118197256,0.283005298,0.658285714,0.353558793,0.323068612,0.677450503,0.677450503,0.560845993,-2652183.242,-0.022424495,0.926219413,0.672661806,0.797400509,,,,,,,,0.1833348,0.1833348,0.209926739
9d4685ba-31be-4dad-b8e0-b0def87ede7d,AdaBoostClassifier,BASE_LINE,RUS,RUS,0.680713128,0.65717675,0.462452728,0.65717675,0.700396825,0.647196262,843,0.319286872,0.051485077,1.18545135,0.352803738,0.009780296,1.028423984,0.34282325,-0.208232525,0.599310141,0.290452261,0.049555207,1.195217481,0.299603175,0.203675622,2.438459079,0.157400095,0.34282325,0.299603175,0.700396825,0.65717675,0.709547739,289,302,289,302,706,995,856,706,554,0.647196262,0.205954074,0.205954074,0.049815278,0.001240781,0.001275124,0.049815278,0.001240781,0.001275124,0.561070575,0.373689806,1.933323284,0.208232525,0.208232525,0.019887456,0.245889704,0.217604803,0.700396825,0.65717675,0.208232525,0.455429498,[0.66310103],1008,0.118197256,0.283005298,0.652148323,0.357158547,0.319286872,0.678786788,0.678786788,0.538987884,-2379212.153,-0.004556904,0.915477577,0.663115056,0.78710002,,,,,,,,0.208232525,0.208232525,0.245889704
9d4685ba-31be-4dad-b8e0-b0def87ede7d,SVC,BASE_LINE,RUS,RUS,0.680713128,0.665480427,0.470016207,0.665480427,0.693452381,0.644827586,843,0.319286872,0.016480898,1.05386812,0.355172414,-0.067905851,0.83614023,0.334519573,-0.180926407,0.629392683,0.287461774,0.041501247,1.161988738,0.306547619,0.132777313,1.652340709,0.154982699,0.334519573,0.306547619,0.693452381,0.665480427,0.712538226,282,309,282,309,699,981,870,699,561,0.644827586,0.15685186,0.15685186,0.028665508,0.000410856,0.00041724,0.028665508,0.000410856,0.00041724,0.556745361,0.192373848,1.611319597,0.180926407,0.180926407,0.054703549,0.192227975,0.213615009,0.693452381,0.665480427,0.180926407,0.455429498,[0.66310103],1008,0.118197256,0.283005298,0.654991243,0.358148453,0.319286872,0.679466404,0.679466404,0.572890835,-2701989.083,-0.048149094,0.930153511,0.666894984,0.795560788,,,,,,,,0.180926407,0.180926407,0.192227975
9d4685ba-31be-4dad-b8e0-b0def87ede7d,RidgeClassifierCV,BASE_LINE,RUS,RUS,0.675310643,0.640569395,0.452728255,0.640569395,0.704365079,0.644391408,843,0.324689357,0.054660227,1.194899597,0.355608592,0.087919854,1.320648878,0.359430605,-0.337010073,0.478045374,0.29911155,0.024307241,1.086261063,0.295634921,0.284113799,4.777042275,0.163221642,0.359430605,0.295634921,0.704365079,0.640569395,0.70088845,303,298,303,298,710,1013,838,710,540,0.644391408,0.310561936,0.310561936,0.088313399,0.003899628,0.00410018,0.088313399,0.003899628,0.00410018,0.571352154,0.793368203,2.949394892,0.337010073,0.337010073,-0.031806306,0.342386638,0.226494561,0.704365079,0.640569395,0.337010073,0.455429498,[0.66310103],1008,0.118197256,0.283005298,0.642474717,0.345107123,0.324689357,0.672467237,0.672467237,0.46362451,-2717010.083,-0.052896274,0.820287338,0.652401886,0.738807127,,,,,,,,0.337010073,0.337010073,0.342386638
9d4685ba-31be-4dad-b8e0-b0def87ede7d,XGBClassifier,BASE_LINE,RUS,RUS,0.667747164,0.620403321,0.441923285,0.620403321,0.70734127,0.639364303,843,0.332252836,0.043003514,1.144573717,0.360635697,-0.025243917,0.934085328,0.379596679,-0.192748427,0.645231155,0.309777348,0.057880139,1.217260233,0.29265873,0.171910011,2.079212845,0.170612751,0.379596679,0.29265873,0.70734127,0.620403321,0.690222652,320,295,320,295,713,1033,818,713,523,0.639364303,0.182329219,0.182329219,0.039355801,0.00077444,0.000791167,0.039355801,0.00077444,0.000791167,0.584145103,0.310620045,1.814987359,0.192748427,0.192748427,0.041562028,0.21702213,0.23756147,0.70734127,0.620403321,0.192748427,0.455429498,[0.66310103],1008,0.118197256,0.283005298,0.62974112,0.328664483,0.332252836,0.663872296,0.663872296,0.542828978,-3056056.132,-0.020838417,0.92900417,0.638653669,0.777512789,,,,,,,,0.192748427,0.192748427,0.21702213
9d4685ba-31be-4dad-b8e0-b0def87ede7d,LogisticRegressionCV,BASE_LINE,RUS,HYPERPARAMETER,0.678011885,0.679715302,0.485683414,0.679715302,0.676587302,0.637374861,843,0.321988115,0.026819518,1.089314054,0.362625139,-0.048806421,0.879610829,0.320284698,-0.188415519,0.607725066,0.283613445,0.042300081,1.167813438,0.323412698,0.160219994,1.804660415,0.151246381,0.320284698,0.323412698,0.676587302,0.679715302,0.716386555,270,326,270,326,682,952,899,682,573,0.637374861,0.174317757,0.174317757,0.035611668,0.000634095,0.000646435,0.035611668,0.000634095,0.000646435,0.54999342,0.229845933,1.672885168,0.188415519,0.188415519,0.045553251,0.211587121,0.207180529,0.676587302,0.679715302,0.188415519,0.455429498,[0.66310103],1008,0.118197256,0.283005298,0.657864524,0.355029736,0.321988115,0.678151302,0.678151302,0.559937488,-2662364.017,-0.028195525,0.923690284,0.671715821,0.795759262,,,,,,,,0.188415519,0.188415519,0.211587121
9d4685ba-31be-4dad-b8e0-b0def87ede7d,AdaBoostClassifier,BASE_LINE,RUS,HYPERPARAMETER,0.682874122,0.680901542,0.481901675,0.680901542,0.68452381,0.643497758,843,0.317125878,0.034813179,1.120480903,0.356502242,-0.006832119,0.981159914,0.319098458,-0.263977478,0.514128411,0.280500521,0.023585267,1.089555653,0.31547619,0.218432429,2.495931179,0.150157341,0.319098458,0.31547619,0.68452381,0.680901542,0.719499479,269,318,269,318,690,959,892,690,574,0.643497758,0.241204953,0.241204953,0.060748546,0.001845193,0.001908293,0.060748546,0.001845193,0.001908293,0.548009746,0.443884117,2.074216171,0.263977478,0.263977478,0.015208693,0.276922582,0.205894046,0.68452381,0.680901542,0.263977478,0.455429498,[0.66310103],1008,0.118197256,0.283005298,0.66167147,0.364209271,0.317125878,0.682712676,0.682712676,0.518038997,-2376883.576,-0.045545049,0.872905836,0.675012234,0.775472071,,,,,,,,0.263977478,0.263977478,0.276922582
9d4685ba-31be-4dad-b8e0-b0def87ede7d,GradientBoostingClassifier,BASE_LINE,PCA,PCA,0.679632631,0.56227758,0.377093463,0.56227758,0.777777778,0.679083095,843,0.320367369,0.021316429,1.070324295,0.320916905,-0.074888227,0.806171649,0.43772242,-0.161395328,0.719216347,0.320034692,0.057861635,1.210045662,0.222222222,0.092524274,1.615014292,0.184958199,0.43772242,0.222222222,0.777777778,0.56227758,0.679965308,369,224,369,224,784,1153,698,784,474,0.679083095,0.126959801,0.126959801,0.016930887,0.000143327,0.000144625,0.016930887,0.000143327,0.000144625,0.608207528,0.205013859,1.633465833,0.161395328,0.161395328,0.066374931,0.157917828,0.263596822,0.777777778,0.56227758,0.161395328,0.455429498,[0.63846569],1008,0.118197256,0.283005298,0.615184945,0.349422857,0.320367369,0.670027679,0.670027679,0.584961098,-2763060.803,-0.068871054,0.955876325,0.615335188,0.772624087,,,,,,,,0.161395328,0.161395328,0.157917828
9d4685ba-31be-4dad-b8e0-b0def87ede7d,LogisticRegressionCV,BASE_LINE,PCA,PCA,0.670448406,0.514827995,0.343057807,0.514827995,0.800595238,0.683464567,843,0.329551594,0.036165312,1.120437313,0.316535433,-0.06170611,0.833393502,0.485172005,-0.133341398,0.777179506,0.336348684,0.073342473,1.262488849,0.199404762,0.085926714,1.647314578,0.201123637,0.485172005,0.199404762,0.800595238,0.514827995,0.663651316,409,201,409,201,807,1216,635,807,434,0.683464567,0.109634056,0.109634056,0.009811172,4.81E-05,4.84E-05,0.009811172,4.81E-05,4.84E-05,0.634229669,0.191201904,1.611712736,0.133341398,0.133341398,0.067524292,0.140364679,0.288797549,0.800595238,0.514827995,0.133341398,0.455429498,[0.63846569],1008,0.118197256,0.283005298,0.587280108,0.330890335,0.329551594,0.657711617,0.657711617,0.585604025,-2698997.181,-0.047414684,0.977647143,0.584032508,0.75854807,,,,,,,,0.133341398,0.133341398,0.140364679
9d4685ba-31be-4dad-b8e0-b0def87ede7d,AdaBoostClassifier,BASE_LINE,PCA,PCA,0.68017288,0.56227758,0.376553214,0.56227758,0.778769841,0.680057389,843,0.31982712,0.017148455,1.056050042,0.319942611,-0.087023538,0.780023836,0.43772242,-0.152124665,0.731668994,0.319757366,0.058150481,1.211603139,0.221230159,0.079838399,1.501207729,0.184806804,0.43772242,0.221230159,0.778769841,0.56227758,0.680242634,369,223,369,223,785,1154,697,785,474,0.680057389,0.115981532,0.115981532,0.012177322,7.41E-05,7.46E-05,0.012177322,7.41E-05,7.46E-05,0.607958558,0.165103873,1.569257178,0.152124665,0.152124665,0.072587009,0.146749018,0.263476842,0.778769841,0.56227758,0.152124665,0.455429498,[0.63846569],1008,0.118197256,0.283005298,0.615584416,0.350541572,0.31982712,0.670523711,0.670523711,0.592755343,-2375107.567,-0.072286265,0.959676869,0.615615955,0.774230284,,,,,,,,0.152124665,0.152124665,0.146749018
9d4685ba-31be-4dad-b8e0-b0def87ede7d,SVC,BASE_LINE,PCA,PCA,0.674230146,0.504151839,0.329551594,0.504151839,0.816468254,0.696721311,843,0.325769854,0.034992833,1.117642571,0.303278689,-0.059383008,0.832847829,0.495848161,-0.139312893,0.773170033,0.336825141,0.071108648,1.252526865,0.183531746,0.082577009,1.691200152,0.202806499,0.495848161,0.183531746,0.816468254,0.504151839,0.663174859,418,185,418,185,823,1241,610,823,425,0.696721311,0.110944951,0.110944951,0.010328232,5.33E-05,5.36E-05,0.010328232,5.33E-05,5.36E-05,0.636877537,0.217779107,1.655733961,0.139312893,0.139312893,0.065245828,0.14117785,0.293042296,0.816468254,0.504151839,0.139312893,0.455429498,[0.63846569],1008,0.118197256,0.283005298,0.584996559,0.339690953,0.325769854,0.660310046,0.660310046,0.58705198,-2721804.514,-0.056735884,0.977499902,0.579585352,0.755271829,,,,,,,,0.139312893,0.139312893,0.14117785
9d4685ba-31be-4dad-b8e0-b0def87ede7d,RidgeClassifierCV,BASE_LINE,PCA,PCA,0.667206915,0.486358244,0.320367369,0.486358244,0.818452381,0.691399663,843,0.332793085,0.040170652,1.133775852,0.308600337,-0.058841699,0.836550837,0.513641756,-0.127633836,0.794816491,0.344197138,0.077051828,1.271144407,0.181547619,0.080019464,1.669792555,0.210228538,0.513641756,0.181547619,0.818452381,0.486358244,0.655802862,433,183,433,183,825,1258,593,825,410,0.691399663,0.10382665,0.10382665,0.006873279,2.36E-05,2.37E-05,0.006873279,2.36E-05,2.37E-05,0.648426616,0.200545489,1.627538941,0.127633836,0.127633836,0.067946763,0.133329803,0.303555981,0.818452381,0.486358244,0.127633836,0.455429498,[0.63846569],1008,0.118197256,0.283005298,0.571030641,0.325316797,0.332793085,0.652405313,0.652405313,0.584668254,-2695347.75,-0.047614372,0.985007845,0.565386741,0.747305654,,,,,,,,0.127633836,0.127633836,0.133329803
9d4685ba-31be-4dad-b8e0-b0def87ede7d,XGBClassifier,BASE_LINE,PCA,PCA,0.654781199,0.534994069,0.377093463,0.534994069,0.754960317,0.646131805,843,0.345218801,0.027521114,1.085218888,0.353868195,-0.087958767,0.795495868,0.465005931,-0.138543087,0.762230107,0.339982654,0.071487639,1.251172785,0.245039683,0.087714732,1.495588235,0.199585904,0.465005931,0.245039683,0.754960317,0.534994069,0.660017346,392,247,392,247,761,1153,698,761,451,0.646131805,0.11312891,0.11312891,0.009470624,4.48E-05,4.51E-05,0.009470624,4.48E-05,4.51E-05,0.631800449,0.141831244,1.532975867,0.138543087,0.138543087,0.079723203,0.140415738,0.282286605,0.754960317,0.534994069,0.138543087,0.455429498,[0.63846569],1008,0.118197256,0.283005298,0.585334199,0.297941755,0.345218801,0.644977193,0.644977193,0.572011627,-2889338.422,-0.050828355,0.966807703,0.587678377,0.757398667,,,,,,,,0.138543087,0.138543087,0.140415738
9d4685ba-31be-4dad-b8e0-b0def87ede7d,LogisticRegressionCV,BASE_LINE,PCA,HYPERPARAMETER,0.669908158,0.510083037,0.339276067,0.510083037,0.803571429,0.684713376,843,0.330091842,0.036832869,1.122660403,0.315286624,-0.059256185,0.838577979,0.489916963,-0.13702547,0.773996953,0.337694195,0.073035004,1.259890794,0.196428571,0.087793948,1.684187318,0.202641065,0.489916963,0.196428571,0.803571429,0.510083037,0.662305805,413,198,413,198,810,1223,628,810,430,0.684713376,0.112409709,0.112409709,0.010887892,5.93E-05,5.96E-05,0.010887892,5.93E-05,5.96E-05,0.636617727,0.20698987,1.63760119,0.13702547,0.13702547,0.066145595,0.142692618,0.291250697,0.803571429,0.510083037,0.13702547,0.455429498,[0.63846569],1008,0.118197256,0.283005298,0.584636302,0.329915316,0.330091842,0.656827233,0.656827233,0.582993475,-2665372.883,-0.049231522,0.976882667,0.580981887,0.756075902,,,,,,,,0.13702547,0.13702547,0.142692618
9d4685ba-31be-4dad-b8e0-b0def87ede7d,AdaBoostClassifier,BASE_LINE,PCA,HYPERPARAMETER,0.678011885,0.586002372,0.400324149,0.586002372,0.754960317,0.666666667,843,0.321988115,0.016318264,1.052847221,0.333333333,-0.081225953,0.799072643,0.413997628,-0.170786962,0.694507829,0.314414414,0.052543226,1.19167177,0.245039683,0.099121834,1.589514066,0.178619098,0.413997628,0.245039683,0.754960317,0.586002372,0.685585586,349,247,349,247,761,1110,741,761,494,0.666666667,0.134954398,0.134954398,0.019717076,0.000194382,0.000196438,0.019717076,0.000194382,0.000196438,0.597694066,0.198257076,1.621956935,0.170786962,0.170786962,0.06688459,0.16562026,0.252459257,0.754960317,0.586002372,0.170786962,0.455429498,[0.63846569],1008,0.118197256,0.283005298,0.623737374,0.346561503,0.321988115,0.670481345,0.670481345,0.579996939,-2374452.385,-0.071665127,0.946306642,0.627009435,0.776778611,,,,,,,,0.170786962,0.170786962,0.16562026
9d4685ba-31be-4dad-b8e0-b0def87ede7d,GradientBoostingClassifier,BASE_LINE,PCA,SMOTE,0.671528903,0.588374852,0.408968125,0.588374852,0.741071429,0.655217966,843,0.328471097,0.010327273,1.032261304,0.344782034,-0.094254286,0.779307037,0.411625148,-0.182850922,0.677471291,0.317184644,0.048398719,1.172756538,0.258928571,0.099913994,1.550745431,0.179443218,0.411625148,0.258928571,0.741071429,0.588374852,0.682815356,347,261,347,261,747,1094,757,747,496,0.655217966,0.141382458,0.141382458,0.021054532,0.000221647,0.000224154,0.021054532,0.000221647,0.000224154,0.599071312,0.198705093,1.622531431,0.182850922,0.182850922,0.071326503,0.169300332,0.252574113,0.741071429,0.588374852,0.182850922,0.455429498,[0.63846569],1008,0.118197256,0.283005298,0.62,0.333712182,0.328471097,0.66472314,0.66472314,0.570742949,-2763120.263,-0.082936927,0.937281966,0.624786638,0.771834789,,,,,,,,0.182850922,0.182850922,0.169300332
9d4685ba-31be-4dad-b8e0-b0def87ede7d,LogisticRegressionCV,BASE_LINE,PCA,SMOTE,0.677471637,0.651245552,0.460291734,0.651245552,0.699404762,0.644366197,843,0.322528363,0.020486238,1.06695965,0.355633803,-0.067585804,0.836912515,0.348754448,-0.16416663,0.663723193,0.294294294,0.050274572,1.196233008,0.300595238,0.125104678,1.614644724,0.15969563,0.348754448,0.300595238,0.699404762,0.651245552,0.705705706,294,303,294,303,705,999,852,705,549,0.644366197,0.144635654,0.144635654,0.024245154,0.000293914,0.000297757,0.024245154,0.000293914,0.000297757,0.565147113,0.168388688,1.573106484,0.16416663,0.16416663,0.058930188,0.180211954,0.220981369,0.699404762,0.651245552,0.16416663,0.455429498,[0.63846569],1008,0.118197256,0.283005298,0.647787611,0.350360989,0.322528363,0.675325157,0.675325157,0.577649061,-2721103.262,-0.039061952,0.9415456,0.658571863,0.795125171,,,,,,,,0.16416663,0.16416663,0.180211954
9d4685ba-31be-4dad-b8e0-b0def87ede7d,AdaBoostClassifier,BASE_LINE,PCA,SMOTE,0.661264182,0.641755635,0.467855213,0.641755635,0.677579365,0.624711316,843,0.338735818,0.016010015,1.049143786,0.375288684,-0.083006719,0.814455569,0.358244365,-0.171534773,0.659610684,0.306598985,0.051252426,1.191395777,0.322420635,0.124719915,1.552680407,0.165160729,0.358244365,0.322420635,0.677579365,0.641755635,0.693401015,302,325,302,325,683,985,866,683,541,0.624711316,0.148127344,0.148127344,0.023615665,0.00027885,0.000282399,0.023615665,0.00027885,0.000282399,0.57473599,0.156564291,1.554446865,0.171534773,0.171534773,0.067129572,0.179056495,0.228070096,0.677579365,0.641755635,0.171534773,0.455429498,[0.63846569],1008,0.118197256,0.283005298,0.633118783,0.318723079,0.338735818,0.6596675,0.6596675,0.561952705,-2375593.507,-0.046814858,0.93555679,0.645166445,0.784270522,,,,,,,,0.171534773,0.171534773,0.179056495
9d4685ba-31be-4dad-b8e0-b0def87ede7d,SVC,BASE_LINE,PCA,SMOTE,0.686655862,0.642941874,0.44354403,0.642941874,0.723214286,0.660170524,843,0.313344138,-0.00136348,0.995663888,0.339829476,-0.099137707,0.767241905,0.357058126,-0.182202085,0.644005157,0.29223301,0.03533082,1.133170015,0.276785714,0.094414141,1.463860781,0.160391434,0.357058126,0.276785714,0.723214286,0.642941874,0.70776699,301,279,301,279,729,1030,821,729,542,0.660170524,0.138308113,0.138308113,0.020603507,0.000212252,0.000214601,0.020603507,0.000212252,0.000214601,0.566376966,0.157170381,1.555710083,0.182202085,0.182202085,0.067234264,0.170018949,0.223425296,0.723214286,0.642941874,0.182202085,0.455429498,[0.63846569],1008,0.118197256,0.283005298,0.651442308,0.367045756,0.313344138,0.68307808,0.68307808,0.58860284,-2711920.328,-0.087787944,0.931699004,0.659813477,0.791857754,,,,,,,,0.182202085,0.182202085,0.170018949
9d4685ba-31be-4dad-b8e0-b0def87ede7d,RidgeClassifierCV,BASE_LINE,PCA,SMOTE,0.679632631,0.679715302,0.484062669,0.679715302,0.679563492,0.639508929,843,0.320367369,0.007314758,1.023262248,0.360491071,-0.084106529,0.80590801,0.320284698,-0.169874192,0.634338604,0.282722513,0.039024883,1.154115217,0.320436508,0.116458819,1.506147944,0.151002589,0.320284698,0.320436508,0.679563492,0.679715302,0.717277487,270,323,270,323,685,955,896,685,573,0.639508929,0.143166505,0.143166505,0.022870887,0.000261539,0.00026476,0.022870887,0.000261539,0.00026476,0.549549977,0.136885007,1.523854028,0.169874192,0.169874192,0.061565706,0.178080689,0.206944033,0.679563492,0.679715302,0.169874192,0.455429498,[0.63846569],1008,0.118197256,0.283005298,0.658999425,0.358030436,0.320367369,0.679639397,0.679639397,0.5823378,-2710713.659,-0.053415373,0.934106135,0.672639806,0.800713048,,,,,,,,0.169874192,0.169874192,0.178080689
9d4685ba-31be-4dad-b8e0-b0def87ede7d,XGBClassifier,BASE_LINE,PCA,SMOTE,0.649378714,0.590747331,0.433279308,0.590747331,0.698412698,0.620947631,843,0.350621286,0.030696264,1.094224183,0.379052369,-0.074143353,0.832783077,0.409252669,-0.148561562,0.722539435,0.328884652,0.07008289,1.254565791,0.301587302,0.1206799,1.580290581,0.183086292,0.409252669,0.301587302,0.698412698,0.590747331,0.671115348,345,304,345,304,704,1049,802,704,498,0.620947631,0.134620731,0.134620731,0.018536699,0.000171805,0.000173511,0.018536699,0.000171805,0.000173511,0.605121957,0.151660925,1.547270575,0.148561562,0.148561562,0.072113121,0.164336207,0.255235368,0.698412698,0.590747331,0.148561562,0.455429498,[0.63846569],1008,0.118197256,0.283005298,0.605471125,0.290607879,0.350621286,0.644580015,0.644580015,0.557806182,-2919964.432,-0.027881663,0.954216925,0.614211509,0.771245339,,,,,,,,0.148561562,0.148561562,0.164336207
9d4685ba-31be-4dad-b8e0-b0def87ede7d,LogisticRegressionCV,BASE_LINE,PCA,HYPERPARAMETER_SMOTE,0.677471637,0.651245552,0.460291734,0.651245552,0.699404762,0.644366197,843,0.322528363,0.020486238,1.06695965,0.355633803,-0.067585804,0.836912515,0.348754448,-0.16416663,0.663723193,0.294294294,0.050274572,1.196233008,0.300595238,0.125104678,1.614644724,0.15969563,0.348754448,0.300595238,0.699404762,0.651245552,0.705705706,294,303,294,303,705,999,852,705,549,0.644366197,0.144635654,0.144635654,0.024245154,0.000293914,0.000297757,0.024245154,0.000293914,0.000297757,0.565147113,0.168388688,1.573106484,0.16416663,0.16416663,0.058930188,0.180211954,0.220981369,0.699404762,0.651245552,0.16416663,0.455429498,[0.63846569],1008,0.118197256,0.283005298,0.647787611,0.350360989,0.322528363,0.675325157,0.675325157,0.577649061,-2724132.249,-0.039061952,0.9415456,0.658571863,0.795125171,,,,,,,,0.16416663,0.16416663,0.180211954
9d4685ba-31be-4dad-b8e0-b0def87ede7d,AdaBoostClassifier,BASE_LINE,PCA,HYPERPARAMETER_SMOTE,0.66180443,0.664294187,0.487844408,0.664294187,0.659722222,0.620155039,843,0.33819557,0.018842876,1.058346802,0.379844961,-0.075480192,0.830525606,0.335705813,-0.170259095,0.645526147,0.298523207,0.050240609,1.192726271,0.340277778,0.136330715,1.581334749,0.158153202,0.335705813,0.340277778,0.659722222,0.664294187,0.701476793,283,343,283,343,665,948,903,665,560,0.620155039,0.153294905,0.153294905,0.025897257,0.000335334,0.000340027,0.025897257,0.000335334,0.000340027,0.562411241,0.155468318,1.552501374,0.170259095,0.170259095,0.062860401,0.186254004,0.216921433,0.659722222,0.664294187,0.170259095,0.455429498,[0.63846569],1008,0.118197256,0.283005298,0.641466208,0.322821919,0.33819557,0.662008205,0.662008205,0.56052572,-2375507.049,-0.033928379,0.933838152,0.655693831,0.790183339,,,,,,,,0.170259095,0.170259095,0.186254004
9d4685ba-31be-4dad-b8e0-b0def87ede7d,GradientBoostingClassifier,BASE_LINE,PCA,ROS,0.668827661,0.65717675,0.474338196,0.65717675,0.678571429,0.630979499,843,0.331172339,0.027666728,1.089599588,0.369020501,-0.066441148,0.844118844,0.34282325,-0.124796551,0.721944526,0.297019527,0.065915217,1.267130089,0.321428571,0.117737591,1.511705686,0.159325172,0.34282325,0.321428571,0.678571429,0.65717675,0.702980473,289,324,289,324,684,973,878,684,554,0.630979499,0.121267071,0.121267071,0.015756865,0.000124139,0.000125184,0.015756865,0.000124139,0.000125184,0.564491226,0.094329621,1.460242071,0.124796551,0.124796551,0.066178183,0.159063832,0.219422342,0.678571429,0.65717675,0.124796551,0.455429498,[0.63846569],1008,0.118197256,0.283005298,0.643811737,0.334852881,0.331172339,0.667874089,0.667874089,0.586882954,-2775357.134,-0.00705896,0.961734551,0.656446061,0.801904865,,,,,,,,0.124796551,0.124796551,0.159063832
9d4685ba-31be-4dad-b8e0-b0def87ede7d,LogisticRegressionCV,BASE_LINE,PCA,ROS,0.677471637,0.651245552,0.460291734,0.651245552,0.699404762,0.644366197,843,0.322528363,0.020486238,1.06695965,0.355633803,-0.067585804,0.836912515,0.348754448,-0.16416663,0.663723193,0.294294294,0.050274572,1.196233008,0.300595238,0.125104678,1.614644724,0.15969563,0.348754448,0.300595238,0.699404762,0.651245552,0.705705706,294,303,294,303,705,999,852,705,549,0.644366197,0.144635654,0.144635654,0.024245154,0.000293914,0.000297757,0.024245154,0.000293914,0.000297757,0.565147113,0.168388688,1.573106484,0.16416663,0.16416663,0.058930188,0.180211954,0.220981369,0.699404762,0.651245552,0.16416663,0.455429498,[0.63846569],1008,0.118197256,0.283005298,0.647787611,0.350360989,0.322528363,0.675325157,0.675325157,0.577649061,-2721524.046,-0.039061952,0.9415456,0.658571863,0.795125171,,,,,,,,0.16416663,0.16416663,0.180211954
9d4685ba-31be-4dad-b8e0-b0def87ede7d,AdaBoostClassifier,BASE_LINE,PCA,ROS,0.668287412,0.666666667,0.48352242,0.666666667,0.669642857,0.627932961,843,0.331712588,0.038835539,1.129329672,0.372067039,-0.051064935,0.877247752,0.333333333,-0.108157744,0.745629009,0.293933054,0.074971082,1.316544567,0.330357143,0.129246543,1.561725359,0.156542661,0.333333333,0.330357143,0.669642857,0.666666667,0.706066946,281,333,281,333,675,956,895,675,562,0.627932961,0.118702144,0.118702144,0.015939845,0.000127039,0.000128121,0.015939845,0.000127039,0.000128121,0.559540277,0.088472014,1.451588785,0.108157744,0.129246543,0.063018008,0.159911043,0.214877747,0.669642857,0.666666667,0.108157744,0.455429498,[0.63846569],1008,0.118197256,0.283005298,0.646720368,0.335152726,0.331712588,0.668154762,0.668154762,0.588843359,-2375635.777,0.021088799,0.964098029,0.660411032,0.805377047,,,,,,,,0.108157744,0.129246543,0.159911043
9d4685ba-31be-4dad-b8e0-b0def87ede7d,SVC,BASE_LINE,PCA,ROS,0.685035116,0.660735469,0.461372231,0.660735469,0.705357143,0.652224824,843,0.314964884,-0.002861228,0.990982024,0.347775176,-0.102111819,0.765743475,0.339264531,-0.166069151,0.654249473,0.286860582,0.037189024,1.143878848,0.294642857,0.088914288,1.394012336,0.155609793,0.339264531,0.294642857,0.705357143,0.660735469,0.713139418,286,297,286,297,711,997,854,711,557,0.652224824,0.127491719,0.127491719,0.016538242,0.000136757,0.000137966,0.016538242,0.000136757,0.000137966,0.557870582,0.110565872,1.484378031,0.166069151,0.166069151,0.069650421,0.16054456,0.215196995,0.705357143,0.660735469,0.166069151,0.455429498,[0.63846569],1008,0.118197256,0.283005298,0.656452563,0.365728246,0.314964884,0.683046306,0.683046306,0.595963558,-2709908.424,-0.077154862,0.938259767,0.667173201,0.799105443,,,,,,,,0.166069151,0.166069151,0.16054456
9d4685ba-31be-4dad-b8e0-b0def87ede7d,RidgeClassifierCV,BASE_LINE,PCA,ROS,0.678011885,0.697508897,0.50189087,0.697508897,0.661706349,0.632938644,843,0.321988115,0.00581701,1.018333969,0.367061356,-0.086860465,0.803421053,0.302491103,-0.153741257,0.644997461,0.276572668,0.040997237,1.166970565,0.338293651,0.110958966,1.439942567,0.146029991,0.302491103,0.338293651,0.661706349,0.697508897,0.723427332,255,341,255,341,667,922,929,667,588,0.632938644,0.132350112,0.132350112,0.018924399,0.000179066,0.000180883,0.018924399,0.000179066,0.000180883,0.540425742,0.095293769,1.461380031,0.153741257,0.153741257,0.063928851,0.1686063,0.198636438,0.661706349,0.697508897,0.153741257,0.455429498,[0.63846569],1008,0.118197256,0.283005298,0.663656885,0.357787775,0.321988115,0.679607623,0.679607623,0.589661478,-2703752.501,-0.042782291,0.94108177,0.679443744,0.807772688,,,,,,,,0.153741257,0.153741257,0.1686063
9d4685ba-31be-4dad-b8e0-b0def87ede7d,XGBClassifier,BASE_LINE,PCA,ROS,0.658562939,0.603795967,0.435980551,0.603795967,0.704365079,0.630731103,843,0.341437061,0.022848217,1.070749303,0.369268897,-0.082200783,0.813335721,0.396204033,-0.145383363,0.720247164,0.319923372,0.064508197,1.238484848,0.295634921,0.107303714,1.505221654,0.177361291,0.396204033,0.295634921,0.704365079,0.603795967,0.680076628,334,298,334,298,710,1044,807,710,509,0.630731103,0.126343539,0.126343539,0.015615579,0.000121923,0.00012294,0.015615579,0.000121923,0.00012294,0.595585915,0.126748747,1.509008954,0.145383363,0.145383363,0.07335449,0.157172736,0.247252533,0.704365079,0.603795967,0.145383363,0.455429498,[0.63846569],1008,0.118197256,0.283005298,0.616969697,0.309481559,0.341437061,0.654080523,0.654080523,0.571441675,-2914407.061,-0.038079649,0.954790679,0.625590205,0.779087386,,,,,,,,0.145383363,0.145383363,0.157172736
9d4685ba-31be-4dad-b8e0-b0def87ede7d,LogisticRegressionCV,BASE_LINE,PCA,HYPERPARAMETER_ROS,0.677471637,0.651245552,0.460291734,0.651245552,0.699404762,0.644366197,843,0.322528363,0.020486238,1.06695965,0.355633803,-0.067585804,0.836912515,0.348754448,-0.16416663,0.663723193,0.294294294,0.050274572,1.196233008,0.300595238,0.125104678,1.614644724,0.15969563,0.348754448,0.300595238,0.699404762,0.651245552,0.705705706,294,303,294,303,705,999,852,705,549,0.644366197,0.144635654,0.144635654,0.024245154,0.000293914,0.000297757,0.024245154,0.000293914,0.000297757,0.565147113,0.168388688,1.573106484,0.16416663,0.16416663,0.058930188,0.180211954,0.220981369,0.699404762,0.651245552,0.16416663,0.455429498,[0.63846569],1008,0.118197256,0.283005298,0.647787611,0.350360989,0.322528363,0.675325157,0.675325157,0.577649061,-2722042.006,-0.039061952,0.9415456,0.658571863,0.795125171,,,,,,,,0.16416663,0.16416663,0.180211954
9d4685ba-31be-4dad-b8e0-b0def87ede7d,AdaBoostClassifier,BASE_LINE,PCA,HYPERPARAMETER_ROS,0.673149649,0.659549229,0.472177202,0.659549229,0.68452381,0.636155606,843,0.326850351,0.022326275,1.072304357,0.363844394,-0.070888594,0.833203308,0.340450771,-0.136860511,0.700322674,0.293756397,0.05886866,1.236489618,0.31547619,0.115768508,1.513013389,0.157950029,0.340450771,0.31547619,0.68452381,0.659549229,0.706243603,287,318,287,318,690,977,874,690,556,0.636155606,0.12631451,0.12631451,0.01746365,0.00015249,0.000153915,0.01746365,0.00015249,0.000153915,0.562049872,0.108143643,1.48065198,0.136860511,0.136860511,0.064878627,0.163394441,0.217632016,0.68452381,0.659549229,0.136860511,0.455429498,[0.63846569],1008,0.118197256,0.283005298,0.647641235,0.343235104,0.326850351,0.672036519,0.672036519,0.587148556,-2375528.124,-0.021092003,0.955153819,0.659949035,0.801501076,,,,,,,,0.136860511,0.136860511,0.163394441
9d4685ba-31be-4dad-b8e0-b0def87ede7d,GradientBoostingClassifier,BASE_LINE,PCA,RUS,0.676931388,0.639383155,0.450027012,0.639383155,0.708333333,0.647058824,843,0.323068612,0.010652541,1.033877001,0.352941176,-0.090727649,0.789511855,0.360616845,-0.140929486,0.706589431,0.298624754,0.053755598,1.208853718,0.291666667,0.090781522,1.410332481,0.163279173,0.360616845,0.291666667,0.708333333,0.639383155,0.701375246,304,294,304,294,714,1018,833,714,539,0.647058824,0.115855504,0.115855504,0.012572246,7.90E-05,7.96E-05,0.012572246,7.90E-05,7.96E-05,0.571452839,0.091619792,1.456545509,0.140929486,0.140929486,0.072241624,0.150026286,0.226802543,0.708333333,0.639383155,0.140929486,0.455429498,[0.63846569],1008,0.118197256,0.283005298,0.643198091,0.348075094,0.323068612,0.673858244,0.673858244,0.595788058,-2754528.677,-0.050147963,0.954389595,0.652742509,0.796617469,,,,,,,,0.140929486,0.140929486,0.150026286
9d4685ba-31be-4dad-b8e0-b0def87ede7d,LogisticRegressionCV,BASE_LINE,PCA,RUS,0.679092382,0.68801898,0.492166397,0.68801898,0.671626984,0.636663008,843,0.320907618,0.004481897,1.014125977,0.363336992,-0.087501548,0.800690919,0.31198102,-0.170380064,0.626926411,0.279787234,0.036558481,1.144973288,0.328373016,0.115281896,1.482476082,0.148656058,0.31198102,0.328373016,0.671626984,0.68801898,0.720212766,263,331,263,331,677,940,911,677,580,0.636663008,0.14283098,0.14283098,0.02250723,0.000253288,0.000256356,0.02250723,0.000253288,0.000256356,0.545263345,0.127629368,1.509676859,0.170380064,0.170380064,0.062030014,0.177592787,0.203037728,0.671626984,0.68801898,0.170380064,0.455429498,[0.63846569],1008,0.118197256,0.283005298,0.661345496,0.358258191,0.320907618,0.679822982,0.679822982,0.582723199,-2701806.418,-0.055098168,0.932601256,0.675969366,0.802094664,,,,,,,,0.170380064,0.170380064,0.177592787
9d4685ba-31be-4dad-b8e0-b0def87ede7d,AdaBoostClassifier,BASE_LINE,PCA,RUS,0.673149649,0.652431791,0.465694219,0.652431791,0.69047619,0.638051044,843,0.326850351,0.025826692,1.084415022,0.361948956,-0.067543572,0.839246299,0.347568209,-0.128480623,0.71867174,0.296258847,0.06339503,1.255766157,0.30952381,0.113799425,1.514373402,0.16006949,0.347568209,0.30952381,0.69047619,0.652431791,0.703741153,293,312,293,312,696,989,862,696,550,0.638051044,0.121140024,0.121140024,0.015821822,0.000125165,0.000126223,0.015821822,0.000125165,0.000126223,0.565808254,0.101790512,1.471311889,0.128480623,0.128480623,0.065469301,0.158884178,0.221083774,0.69047619,0.652431791,0.128480623,0.455429498,[0.63846569],1008,0.118197256,0.283005298,0.64516129,0.342349635,0.326850351,0.671453991,0.671453991,0.590114038,-2375627.594,-0.014681198,0.960752009,0.656702154,0.801677904,,,,,,,,0.128480623,0.128480623,0.158884178
9d4685ba-31be-4dad-b8e0-b0def87ede7d,SVC,BASE_LINE,PCA,RUS,0.685575365,0.65717675,0.457590492,0.65717675,0.709325397,0.6540732,843,0.314424635,-0.003528784,0.988878028,0.3459268,-0.102815396,0.76352459,0.34282325,-0.17114987,0.649418814,0.287848606,0.035840446,1.137581066,0.290674603,0.08950275,1.40455243,0.156532719,0.34282325,0.290674603,0.709325397,0.65717675,0.712151394,289,293,289,293,715,1004,847,715,554,0.6540732,0.13032631,0.13032631,0.01751323,0.000153357,0.000154794,0.01751323,0.000153357,0.000154794,0.559522509,0.120930928,1.499947756,0.17114987,0.17114987,0.069327921,0.162872499,0.216808587,0.709325397,0.65717675,0.17114987,0.455429498,[0.63846569],1008,0.118197256,0.283005298,0.655621302,0.366363344,0.314424635,0.683251073,0.683251073,0.594205482,-2691733.319,-0.08164712,0.935840525,0.665843943,0.797285333,,,,,,,,0.17114987,0.17114987,0.162872499
9d4685ba-31be-4dad-b8e0-b0def87ede7d,RidgeClassifierCV,BASE_LINE,PCA,RUS,0.678011885,0.697508897,0.50189087,0.697508897,0.661706349,0.632938644,843,0.321988115,0.00581701,1.018333969,0.367061356,-0.086860465,0.803421053,0.302491103,-0.153741257,0.644997461,0.276572668,0.040997237,1.166970565,0.338293651,0.110958966,1.439942567,0.146029991,0.302491103,0.338293651,0.661706349,0.697508897,0.723427332,255,341,255,341,667,922,929,667,588,0.632938644,0.132350112,0.132350112,0.018924399,0.000179066,0.000180883,0.018924399,0.000179066,0.000180883,0.540425742,0.095293769,1.461380031,0.153741257,0.153741257,0.063928851,0.1686063,0.198636438,0.661706349,0.697508897,0.153741257,0.455429498,[0.63846569],1008,0.118197256,0.283005298,0.663656885,0.357787775,0.321988115,0.679607623,0.679607623,0.589661478,-2685241.118,-0.042782291,0.94108177,0.679443744,0.807772688,,,,,,,,0.153741257,0.153741257,0.1686063
9d4685ba-31be-4dad-b8e0-b0def87ede7d,XGBClassifier,BASE_LINE,PCA,RUS,0.659103187,0.609727165,0.440842788,0.609727165,0.700396825,0.629901961,843,0.340896813,0.02218066,1.06868222,0.370098039,-0.082576193,0.812939644,0.390272835,-0.14309594,0.720412548,0.317874396,0.064317947,1.239460665,0.299603175,0.106715252,1.492196879,0.175422366,0.390272835,0.299603175,0.700396825,0.609727165,0.682125604,329,302,329,302,706,1035,816,706,514,0.629901961,0.124905596,0.124905596,0.015142715,0.000114651,0.000115578,0.015142715,0.000114651,0.000115578,0.592321476,0.118620298,1.496680258,0.14309594,0.14309594,0.07344707,0.156179911,0.244223143,0.700396825,0.609727165,0.14309594,0.455429498,[0.63846569],1008,0.118197256,0.283005298,0.619650392,0.311074321,0.340896813,0.655061995,0.655061995,0.573241086,-2887106.942,-0.036380687,0.955288739,0.628785266,0.781396524,,,,,,,,0.14309594,0.14309594,0.156179911
9d4685ba-31be-4dad-b8e0-b0def87ede7d,LogisticRegressionCV,BASE_LINE,PCA,HYPERPARAMETER_RUS,0.679092382,0.68801898,0.492166397,0.68801898,0.671626984,0.636663008,843,0.320907618,0.004481897,1.014125977,0.363336992,-0.087501548,0.800690919,0.31198102,-0.170380064,0.626926411,0.279787234,0.036558481,1.144973288,0.328373016,0.115281896,1.482476082,0.148656058,0.31198102,0.328373016,0.671626984,0.68801898,0.720212766,263,331,263,331,677,940,911,677,580,0.636663008,0.14283098,0.14283098,0.02250723,0.000253288,0.000256356,0.02250723,0.000253288,0.000256356,0.545263345,0.127629368,1.509676859,0.170380064,0.170380064,0.062030014,0.177592787,0.203037728,0.671626984,0.68801898,0.170380064,0.455429498,[0.63846569],1008,0.118197256,0.283005298,0.661345496,0.358258191,0.320907618,0.679822982,0.679822982,0.582723199,-2702426.048,-0.055098168,0.932601256,0.675969366,0.802094664,,,,,,,,0.170380064,0.170380064,0.177592787
9d4685ba-31be-4dad-b8e0-b0def87ede7d,AdaBoostClassifier,BASE_LINE,PCA,HYPERPARAMETER_RUS,0.666126418,0.704626335,0.520259319,0.704626335,0.633928571,0.61682243,843,0.333873582,0.01700284,1.053115068,0.38317757,-0.073925172,0.834608089,0.295373665,-0.152850482,0.640518312,0.280405405,0.048009932,1.196485091,0.366071429,0.13535749,1.518488014,0.145375062,0.295373665,0.366071429,0.633928571,0.704626335,0.719594595,249,369,249,369,639,888,963,639,594,0.61682243,0.144103986,0.144103986,0.023097433,0.000266746,0.000270064,0.023097433,0.000266746,0.000270064,0.539212503,0.110386771,1.483508314,0.152850482,0.152850482,0.060967552,0.180801976,0.196719566,0.633928571,0.704626335,0.152850482,0.455429498,[0.63846569],1008,0.118197256,0.283005298,0.657807309,0.337484272,0.333873582,0.669277453,0.669277453,0.572831904,-2375471.137,-0.017492991,0.939928646,0.675582785,0.804944413,,,,,,,,0.152850482,0.152850482,0.180801976
9d4685ba-31be-4dad-b8e0-b0def87ede7d,GradientBoostingClassifier,BASE_LINE,FAIR_PCA,FAIR_PCA,0.610480821,0.553973903,0.438681794,0.553973903,0.657738095,0.575123153,843,0.389519179,0.04375617,1.123567423,0.424876847,-0.04954181,0.895087932,0.446026097,-0.476092025,0.440151045,0.361886429,0.030497129,1.089514722,0.342261905,0.344216101,5.576049346,0.2013057,0.446026097,0.342261905,0.657738095,0.553973903,0.638113571,376,345,376,345,663,1039,812,663,467,0.575123153,0.410154063,0.410154063,0.119003681,0.007080938,0.007591457,0.119003681,0.007080938,0.007591457,0.634516666,1.331222499,5.079513425,0.476092025,0.476092025,0.04001947,0.416041029,0.279676101,0.657738095,0.553973903,0.476092025,0.455429498,[0.61166937],1008,0.118197256,0.283005298,0.564350453,0.212472993,0.389519179,0.605855999,0.605855999,0.357361699,-2507047.252,-0.131875924,0.698472467,0.575248121,0.639741265,,,,,,,,0.476092025,0.476092025,0.416041029
9d4685ba-31be-4dad-b8e0-b0def87ede7d,LogisticRegressionCV,BASE_LINE,FAIR_PCA,FAIR_PCA,0.604538088,0.466192171,0.364667747,0.466192171,0.720238095,0.582222222,843,0.395461912,0.047598876,1.133352406,0.417777778,-0.072693383,0.850574713,0.533807829,-0.37274007,0.561685289,0.382653061,0.055902267,1.163565891,0.279761905,0.25794989,4.238704177,0.234194731,0.533807829,0.279761905,0.720238095,0.466192171,0.617346939,450,282,450,282,726,1176,675,726,393,0.582222222,0.31534498,0.31534498,0.087662869,0.003842389,0.004038381,0.087662869,0.003842389,0.004038381,0.684389847,1.10851886,4.06332768,0.37274007,0.37274007,0.064297825,0.321085338,0.327432735,0.720238095,0.466192171,0.37274007,0.455429498,[0.61166937],1008,0.118197256,0.283005298,0.517786561,0.192887874,0.395461912,0.593215133,0.593215133,0.406147719,-2579399.588,-0.114790179,0.815076682,0.523515316,0.658018109,,,,,,,,0.37274007,0.37274007,0.321085338
9d4685ba-31be-4dad-b8e0-b0def87ede7d,AdaBoostClassifier,BASE_LINE,FAIR_PCA,FAIR_PCA,0.609940573,0.56346382,0.447866018,0.56346382,0.648809524,0.572979493,843,0.390059427,0.051424562,1.147584313,0.427020507,-0.010900251,0.975085141,0.43653618,-0.496535873,0.421467377,0.360078278,0.02990832,1.088078629,0.351190476,0.372835706,7.01863354,0.197984691,0.43653618,0.351190476,0.648809524,0.56346382,0.639921722,368,354,368,354,654,1022,829,654,475,0.572979493,0.43468579,0.43468579,0.127937326,0.00818398,0.008825922,0.127937326,0.00818398,0.008825922,0.62926098,1.473979863,5.869096295,0.496535873,0.496535873,0.020404285,0.441391166,0.274738773,0.648809524,0.56346382,0.496535873,0.455429498,[0.61166937],1008,0.118197256,0.283005298,0.568181818,0.212587048,0.390059427,0.606136672,0.606136672,0.342657674,-2377461.219,-0.123700167,0.674192555,0.579795201,0.630218211,,,,,,,,0.496535873,0.496535873,0.441391166
9d4685ba-31be-4dad-b8e0-b0def87ede7d,SVC,BASE_LINE,FAIR_PCA,FAIR_PCA,0.595894111,0.424673784,0.335494327,0.424673784,0.739087302,0.576489533,843,0.404105889,0.012774351,1.032441337,0.423510467,-0.167419962,0.704553008,0.575326216,-0.138444112,0.800199975,0.394308943,0.075947326,1.226978941,0.260912698,0.045436027,1.201343965,0.251590927,0.575326216,0.260912698,0.739087302,0.424673784,0.605691057,485,263,485,263,745,1230,621,745,358,0.576489533,0.09194007,0.09194007,0.008339666,3.48E-05,3.46E-05,0.008339666,3.48E-05,3.46E-05,0.709353124,0.044091464,1.390320427,0.138444112,0.138444112,0.121683644,0.099515123,0.351575184,0.739087302,0.424673784,0.138444112,0.455429498,[0.61166937],1008,0.118197256,0.283005298,0.489071038,0.172725479,0.404105889,0.581880543,0.581880543,0.528382405,-2425436.079,-0.093008085,0.963587686,0.493616564,0.684345934,,,,,,,,0.138444112,0.138444112,0.099515123
9d4685ba-31be-4dad-b8e0-b0def87ede7d,RidgeClassifierCV,BASE_LINE,FAIR_PCA,FAIR_PCA,0.609940573,0.476868327,0.368989735,0.476868327,0.721230159,0.588579795,843,0.390059427,0.047924144,1.136429217,0.411420205,-0.038489929,0.91413785,0.523131673,-0.413121893,0.527329005,0.377568493,0.048402668,1.141283464,0.278769841,0.285188874,5.957898879,0.229206279,0.523131673,0.278769841,0.721230159,0.476868327,0.622431507,441,281,441,281,727,1168,683,727,402,0.588579795,0.349155383,0.349155383,0.101587005,0.00515996,0.005470405,0.101587005,0.00515996,0.005470405,0.677061709,1.373219439,5.314258091,0.413121893,0.413121893,0.043446299,0.354429135,0.320771851,0.721230159,0.476868327,0.413121893,0.455429498,[0.61166937],1008,0.118197256,0.283005298,0.526867628,0.204452976,0.390059427,0.599049243,0.599049243,0.389887975,-2511127.154,-0.12793302,0.777445932,0.532431384,0.649375878,,,,,,,,0.413121893,0.413121893,0.354429135
9d4685ba-31be-4dad-b8e0-b0def87ede7d,XGBClassifier,BASE_LINE,FAIR_PCA,FAIR_PCA,0.612641815,0.53024911,0.414910859,0.53024911,0.681547619,0.58203125,843,0.387358185,0.030584689,1.084346837,0.41796875,-0.099214114,0.806081505,0.46975089,-0.429617736,0.485269316,0.36565097,0.033226224,1.097171032,0.318452381,0.285007808,3.927807487,0.209490846,0.46975089,0.318452381,0.681547619,0.53024911,0.63434903,396,321,396,321,687,1083,768,687,447,0.58203125,0.357312772,0.357312772,0.099892708,0.004989277,0.005283806,0.099892708,0.004989277,0.005283806,0.647287952,1.087838252,3.97312696,0.429617736,0.429617736,0.066220169,0.362165607,0.291925728,0.681547619,0.53024911,0.429617736,0.455429498,[0.61166937],1008,0.118197256,0.283005298,0.554934823,0.214076238,0.387358185,0.605898365,0.605898365,0.38940314,-2694274.865,-0.144609928,0.75104446,0.563889148,0.657517098,,,,,,,,0.429617736,0.429617736,0.362165607
9d4685ba-31be-4dad-b8e0-b0def87ede7d,LogisticRegressionCV,BASE_LINE,FAIR_PCA,HYPERPARAMETER,0.60723933,0.475682088,0.370610481,0.475682088,0.717261905,0.584548105,843,0.39276067,0.04776151,1.134878505,0.415451895,-0.055905963,0.880733945,0.524317912,-0.402454581,0.535347892,0.379399142,0.050685801,1.147910383,0.282738095,0.278896861,5.202046036,0.230173444,0.524317912,0.282738095,0.717261905,0.475682088,0.620600858,442,285,442,285,723,1165,686,723,401,0.584548105,0.340675721,0.340675721,0.097758917,0.004778403,0.005053706,0.097758917,0.004778403,0.005053706,0.678488679,1.276369613,4.816046395,0.402454581,0.402454581,0.053295882,0.345930551,0.321864779,0.717261905,0.475682088,0.402454581,0.455429498,[0.61166937],1008,0.118197256,0.283005298,0.524525834,0.198952909,0.39276067,0.596471996,0.596471996,0.393268469,-2555813.283,-0.123557721,0.786850974,0.530454701,0.651824919,,,,,,,,0.402454581,0.402454581,0.345930551
9d4685ba-31be-4dad-b8e0-b0def87ede7d,AdaBoostClassifier,BASE_LINE,FAIR_PCA,HYPERPARAMETER,0.60723933,0.511269276,0.403025392,0.511269276,0.6875,0.577747989,843,0.39276067,0.054762346,1.157163481,0.422252011,-0.019828156,0.95505618,0.488730724,-0.425812695,0.499275812,0.372850679,0.048210454,1.142399397,0.3125,0.317260032,5.780051151,0.217172282,0.488730724,0.3125,0.6875,0.511269276,0.627149321,412,315,412,315,693,1105,746,693,431,0.577747989,0.371536364,0.371536364,0.108117929,0.005844743,0.006222165,0.108117929,0.005844743,0.006222165,0.659048226,1.301558705,4.934736511,0.425812695,0.425812695,0.034019305,0.37898312,0.302791064,0.6875,0.511269276,0.425812695,0.455429498,[0.61166937],1008,0.118197256,0.283005298,0.542479547,0.201810035,0.39276067,0.599384638,0.599384638,0.376691449,-2374703.557,-0.108552663,0.755274003,0.550852793,0.651636073,,,,,,,,0.425812695,0.425812695,0.37898312
9d4685ba-31be-4dad-b8e0-b0def87ede7d,GradientBoostingClassifier,BASE_LINE,FAIR_PCA,SMOTE,0.614802809,0.606168446,0.481901675,0.606168446,0.62202381,0.572869955,843,0.385197191,0.041916134,1.119325768,0.427130045,-0.03123854,0.931665694,0.393831554,-0.537544539,0.367887441,0.346193952,0.009831337,1.028947825,0.37797619,0.395955458,6.592870844,0.182460111,0.393831554,0.37797619,0.62202381,0.606168446,0.653806048,332,381,332,381,627,959,892,627,511,0.572869955,0.466749998,0.466749998,0.135772091,0.00921703,0.009992457,0.135772091,0.00921703,0.009992457,0.60408627,1.4582266,5.769998093,0.537544539,0.537544539,0.020534938,0.472945987,0.251860648,0.62202381,0.606168446,0.537544539,0.455429498,[0.61166937],1008,0.118197256,0.283005298,0.589048991,0.227432866,0.385197191,0.614096128,0.614096128,0.327466761,-2516355.979,-0.141589081,0.625450537,0.603148931,0.615693911,,,,,,,,0.537544539,0.537544539,0.472945987
9d4685ba-31be-4dad-b8e0-b0def87ede7d,LogisticRegressionCV,BASE_LINE,FAIR_PCA,SMOTE,0.610480821,0.619217082,0.49810913,0.619217082,0.603174603,0.566160521,843,0.389519179,0.047256588,1.134528834,0.433839479,-0.02892238,0.937334843,0.380782918,-0.53436634,0.359768631,0.345532831,0.012013878,1.03558828,0.396825397,0.408845031,6.133276499,0.178304116,0.380782918,0.396825397,0.603174603,0.619217082,0.654467169,321,400,321,400,608,929,922,608,522,0.566160521,0.471605685,0.471605685,0.135931746,0.00923872,0.010017054,0.135931746,0.00923872,0.010017054,0.597166837,1.381328737,5.33530177,0.53436634,0.53436634,0.020468129,0.478971017,0.245520924,0.603174603,0.619217082,0.53436634,0.455429498,[0.61166937],1008,0.118197256,0.283005298,0.591501416,0.221507931,0.389519179,0.611195843,0.611195843,0.322952408,-2550185.106,-0.125521309,0.624811387,0.606844152,0.616982498,,,,,,,,0.53436634,0.53436634,0.478971017
9d4685ba-31be-4dad-b8e0-b0def87ede7d,AdaBoostClassifier,BASE_LINE,FAIR_PCA,SMOTE,0.604538088,0.591933571,0.479200432,0.591933571,0.615079365,0.562570462,843,0.395461912,0.051099294,1.144304406,0.437429538,-0.036264525,0.923204534,0.408066429,-0.520784762,0.387595696,0.356846473,0.024066426,1.070639418,0.384920635,0.399203313,6.307055815,0.188385767,0.408066429,0.384920635,0.615079365,0.591933571,0.643153527,344,388,344,388,620,964,887,620,499,0.562570462,0.459994038,0.459994038,0.133506256,0.00891196,0.00964694,0.133506256,0.00891196,0.00964694,0.613817183,1.423425357,5.57044578,0.520784762,0.520784762,0.030165476,0.466107785,0.260350051,0.615079365,0.591933571,0.520784762,0.455429498,[0.61166937],1008,0.118197256,0.283005298,0.576878613,0.206367456,0.395461912,0.603506468,0.603506468,0.325897091,-2377589.097,-0.121581449,0.642462319,0.5909,0.61930202,,,,,,,,0.520784762,0.520784762,0.466107785
9d4685ba-31be-4dad-b8e0-b0def87ede7d,SVC,BASE_LINE,FAIR_PCA,SMOTE,0.57806591,0.710557533,0.613722312,0.710557533,0.467261905,0.527288732,843,0.42193409,-0.052706725,0.886551988,0.472711268,-0.154042405,0.744204813,0.289442467,-0.169104386,0.6095226,0.341258741,0.028298856,1.088498242,0.532738095,0.065013693,1.134799033,0.147907341,0.289442467,0.532738095,0.467261905,0.710557533,0.658741259,244,537,244,537,471,715,1136,471,599,0.527288732,0.117059039,0.117059039,0.00222888,2.48E-06,2.49E-06,0.00222888,2.48E-06,2.49E-06,0.543888483,0.012618817,1.243333653,0.169104386,0.169104386,0.091170631,0.124768814,0.200272973,0.467261905,0.710557533,0.169104386,0.455429498,[0.61166937],1008,0.118197256,0.283005298,0.605356241,0.181878389,0.42193409,0.588909719,0.588909719,0.519972513,-2446254.827,-0.104090693,0.918719543,0.626413086,0.765608196,,,,,,,,0.169104386,0.169104386,0.124768814
9d4685ba-31be-4dad-b8e0-b0def87ede7d,RidgeClassifierCV,BASE_LINE,FAIR_PCA,SMOTE,0.609940573,0.615658363,0.495407888,0.615658363,0.60515873,0.565976009,843,0.390059427,0.040923309,1.114650221,0.434023991,-0.056298029,0.884589041,0.384341637,-0.530176396,0.364788658,0.346895075,0.010738725,1.031608324,0.39484127,0.394880384,5.462148338,0.179584551,0.384341637,0.39484127,0.60515873,0.615658363,0.653104925,324,398,324,398,610,934,917,610,519,0.565976009,0.46252839,0.46252839,0.132379329,0.008762143,0.009477574,0.132379329,0.008762143,0.009477574,0.599307184,1.323981394,5.034810642,0.530176396,0.530176396,0.033518377,0.468632397,0.247420926,0.60515873,0.615658363,0.530176396,0.455429498,[0.61166937],1008,0.118197256,0.283005298,0.589772727,0.2199473,0.390059427,0.610408547,0.610408547,0.328077264,-2538033.208,-0.135296012,0.631166661,0.604918002,0.619643393,,,,,,,,0.530176396,0.530176396,0.468632397
9d4685ba-31be-4dad-b8e0-b0def87ede7d,XGBClassifier,BASE_LINE,FAIR_PCA,SMOTE,0.612101567,0.565836299,0.447866018,0.565836299,0.650793651,0.575392039,843,0.387898433,0.003248902,1.008432812,0.424607961,-0.177734171,0.699690539,0.434163701,-0.480787841,0.429345272,0.358121331,0.00875055,1.024861375,0.349206349,0.284724894,3.218890555,0.196887662,0.434163701,0.349206349,0.650793651,0.565836299,0.641878669,366,352,366,352,656,1022,829,656,477,0.575392039,0.382756368,0.382756368,0.104381252,0.005447723,0.00578571,0.104381252,0.005447723,0.00578571,0.627515198,1.031700188,3.751123948,0.480787841,0.480787841,0.09324236,0.381884061,0.27322947,0.650793651,0.565836299,0.480787841,0.455429498,[0.61166937],1008,0.118197256,0.283005298,0.570574163,0.216950092,0.387898433,0.608314975,0.608314975,0.375478545,-2703807.927,-0.196062947,0.697301911,0.582113747,0.642789894,,,,,,,,0.480787841,0.480787841,0.381884061
9d4685ba-31be-4dad-b8e0-b0def87ede7d,LogisticRegressionCV,BASE_LINE,FAIR_PCA,HYPERPARAMETER_SMOTE,0.600756348,0.591933571,0.482982172,0.591933571,0.608134921,0.558165548,843,0.399243652,0.045270937,1.124848757,0.441834452,-0.072621769,0.857782369,0.408066429,-0.483702107,0.409325312,0.359456635,0.028794313,1.08472173,0.391865079,0.368229862,4.467497869,0.188700587,0.408066429,0.391865079,0.608134921,0.591933571,0.640543365,344,395,344,395,613,957,894,613,499,0.558165548,0.425965985,0.425965985,0.120080202,0.007209627,0.007734875,0.120080202,0.007209627,0.007734875,0.614329858,1.155299246,4.246669318,0.483702107,0.483702107,0.050708041,0.432276085,0.260720318,0.608134921,0.591933571,0.483702107,0.455429498,[0.61166937],1008,0.118197256,0.283005298,0.574553828,0.199387543,0.399243652,0.600034246,0.600034246,0.344440067,-2644605.899,-0.115472245,0.68135778,0.588878665,0.638391463,,,,,,,,0.483702107,0.483702107,0.432276085
9d4685ba-31be-4dad-b8e0-b0def87ede7d,AdaBoostClassifier,BASE_LINE,FAIR_PCA,HYPERPARAMETER_SMOTE,0.613182064,0.620403321,0.496488385,0.620403321,0.607142857,0.569096844,843,0.386817936,0.043918804,1.125026918,0.430903156,-0.027278604,0.940328054,0.379596679,-0.554304315,0.348179185,0.343347639,0.005654231,1.01664857,0.392857143,0.415137044,6.863810742,0.17767615,0.379596679,0.392857143,0.607142857,0.620403321,0.656652361,320,396,320,396,612,932,919,612,523,0.569096844,0.484720679,0.484720679,0.14067137,0.009894217,0.010762456,0.14067137,0.009894217,0.010762456,0.596114334,1.489227934,5.95178333,0.554304315,0.554304315,0.016466418,0.490970019,0.244646214,0.607142857,0.620403321,0.554304315,0.455429498,[0.61166937],1008,0.118197256,0.283005298,0.593643587,0.226645911,0.386817936,0.613773089,0.613773089,0.31626458,-2375579.041,-0.139167272,0.604238328,0.608864567,0.606212365,,,,,,,,0.554304315,0.554304315,0.490970019
9d4685ba-31be-4dad-b8e0-b0def87ede7d,GradientBoostingClassifier,BASE_LINE,FAIR_PCA,ROS,0.615343058,0.591933571,0.468395462,0.591933571,0.634920635,0.575547866,843,0.384656942,0.051749831,1.150972647,0.424452134,-0.013812576,0.968428397,0.408066429,-0.446619452,0.432793296,0.349593496,0.031483136,1.096023564,0.365079365,0.350813661,4.775423213,0.187354453,0.408066429,0.365079365,0.634920635,0.591933571,0.650406504,344,368,344,368,640,984,867,640,499,0.575547866,0.398716557,0.398716557,0.113461518,0.006436758,0.006876003,0.113461518,0.006436758,0.006876003,0.612134713,1.100868718,4.020735981,0.446619452,0.446619452,0.022647856,0.410751635,0.259200747,0.634920635,0.591933571,0.446619452,0.455429498,[0.61166937],1008,0.118197256,0.283005298,0.583625731,0.226403841,0.384656942,0.613427103,0.613427103,0.368843561,-2514182.925,-0.095805791,0.719432562,0.596668756,0.661134998,,,,,,,,0.446619452,0.446619452,0.410751635
9d4685ba-31be-4dad-b8e0-b0def87ede7d,LogisticRegressionCV,BASE_LINE,FAIR_PCA,ROS,0.604538088,0.599051008,0.485683414,0.599051008,0.609126984,0.561735261,843,0.395461912,0.04059804,1.111961782,0.438264739,-0.075280243,0.852035384,0.400948992,-0.445728676,0.428206647,0.355042017,0.029869809,1.089307711,0.390873016,0.338433334,3.637445983,0.185857365,0.400948992,0.390873016,0.609126984,0.599051008,0.644957983,338,394,338,394,614,952,899,614,505,0.561735261,0.392081005,0.392081005,0.107690248,0.005798595,0.006171348,0.107690248,0.005798595,0.006171348,0.609684123,0.958326832,3.480968777,0.445728676,0.445728676,0.052575026,0.400609689,0.256613154,0.609126984,0.599051008,0.445728676,0.455429498,[0.61166937],1008,0.118197256,0.283005298,0.579793341,0.20743429,0.395461912,0.604088996,0.604088996,0.367237175,-2598365.275,-0.107295342,0.71890992,0.594269471,0.659618528,,,,,,,,0.445728676,0.445728676,0.400609689
9d4685ba-31be-4dad-b8e0-b0def87ede7d,AdaBoostClassifier,BASE_LINE,FAIR_PCA,ROS,0.60345759,0.575326216,0.465153971,0.575326216,0.626984127,0.56329849,843,0.39654241,0.059435243,1.170574316,0.43670151,-0.020938917,0.954133801,0.424673784,-0.445607707,0.445174718,0.361616162,0.042569427,1.128125628,0.373015873,0.36104384,4.885519425,0.194424191,0.424673784,0.373015873,0.626984127,0.575326216,0.638383838,358,376,358,376,632,990,861,632,485,0.56329849,0.403325774,0.403325774,0.114991234,0.006611492,0.007069663,0.114991234,0.006611492,0.007069663,0.623577085,1.138087227,4.1750595,0.445607707,0.445607707,0.031754172,0.41374713,0.269213185,0.626984127,0.575326216,0.445607707,0.455429498,[0.61166937],1008,0.118197256,0.283005298,0.569248826,0.201996092,0.39654241,0.601155171,0.601155171,0.358693797,-2377646.182,-0.084563866,0.720354718,0.582302359,0.653913331,,,,,,,,0.445607707,0.445607707,0.41374713
9d4685ba-31be-4dad-b8e0-b0def87ede7d,SVC,BASE_LINE,FAIR_PCA,ROS,0.584548892,0.684460261,0.583468395,0.684460261,0.500992063,0.534259259,843,0.415451108,-0.064217824,0.862612777,0.465740741,-0.171005557,0.719292765,0.315539739,-0.175460784,0.622313228,0.345006485,0.020053224,1.060839441,0.499007937,0.038646086,1.082396371,0.156803932,0.315539739,0.499007937,0.500992063,0.684460261,0.654993515,266,503,266,503,505,771,1080,505,577,0.534259259,0.107053435,0.107053435,0.002197112,2.41E-06,2.41E-06,0.002197112,2.41E-06,2.41E-06,0.560007021,-0.033924378,1.226992312,0.175460784,0.175460784,0.09552939,0.111888562,0.213478206,0.500992063,0.684460261,0.175460784,0.455429498,[0.61166937],1008,0.118197256,0.283005298,0.600104004,0.187342913,0.415451108,0.592726162,0.592726162,0.529272791,-2444228.345,-0.136814698,0.916048078,0.62007763,0.760482138,,,,,,,,0.175460784,0.175460784,0.111888562
9d4685ba-31be-4dad-b8e0-b0def87ede7d,RidgeClassifierCV,BASE_LINE,FAIR_PCA,ROS,0.604538088,0.609727165,0.495407888,0.609727165,0.600198413,0.560523446,843,0.395461912,0.044098458,1.122572879,0.439476554,-0.06416185,0.871676301,0.390272835,-0.476839836,0.400409315,0.352248394,0.024641401,1.073436254,0.399801587,0.367052939,4.190537084,0.182082105,0.390272835,0.399801587,0.600198413,0.609727165,0.647751606,329,403,329,403,605,934,917,605,514,0.560523446,0.421946388,0.421946388,0.117833948,0.00694242,0.007437266,0.117833948,0.00694242,0.007437266,0.603460197,1.076232322,3.919906029,0.476839836,0.476839836,0.044401625,0.4301278,0.251021691,0.600198413,0.609727165,0.476839836,0.455429498,[0.61166937],1008,0.118197256,0.283005298,0.584090909,0.209098686,0.395461912,0.604962789,0.604962789,0.349700925,-2532301.562,-0.109786897,0.685775973,0.599245481,0.645809827,,,,,,,,0.476839836,0.476839836,0.4301278
9d4685ba-31be-4dad-b8e0-b0def87ede7d,XGBClassifier,BASE_LINE,FAIR_PCA,ROS,0.608860076,0.589561091,0.47271745,0.589561091,0.625,0.568,843,0.391139924,0.031757168,1.086901398,0.432,-0.091292787,0.823500612,0.410438909,-0.434555492,0.442539924,0.354508197,0.027108689,1.080778416,0.375,0.312269425,3.352429668,0.188834949,0.410438909,0.375,0.625,0.589561091,0.645491803,346,378,346,378,630,976,875,630,497,0.568,0.373412458,0.373412458,0.101523851,0.005153546,0.005463388,0.101523851,0.005153546,0.005463388,0.614548531,0.910962266,3.319379863,0.434555492,0.434555492,0.059200738,0.381087909,0.261149358,0.625,0.589561091,0.434555492,0.455429498,[0.61166937],1008,0.118197256,0.283005298,0.578579744,0.21402578,0.391139924,0.607280546,0.607280546,0.380514424,-2710289.9,-0.122286067,0.733401333,0.592070895,0.665335964,,,,,,,,0.434555492,0.434555492,0.381087909
9d4685ba-31be-4dad-b8e0-b0def87ede7d,LogisticRegressionCV,BASE_LINE,FAIR_PCA,HYPERPARAMETER_ROS,0.601836845,0.591933571,0.481901675,0.591933571,0.610119048,0.55941704,843,0.398163155,0.036934988,1.100292698,0.44058296,-0.092386228,0.82478474,0.408066429,-0.455890116,0.426752033,0.358706986,0.028698636,1.084675185,0.389880952,0.337154562,3.627480377,0.188613019,0.408066429,0.389880952,0.610119048,0.591933571,0.641293014,344,393,344,393,615,959,892,615,499,0.55941704,0.396522339,0.396522339,0.108977968,0.005938099,0.006325031,0.108977968,0.005938099,0.006325031,0.614187299,0.98777636,3.586126957,0.455890116,0.455890116,0.060542432,0.402937628,0.260616192,0.610119048,0.591933571,0.455890116,0.455429498,[0.61166937],1008,0.118197256,0.283005298,0.575216138,0.201380217,0.398163155,0.601026309,0.601026309,0.362705951,-2635059.573,-0.118735554,0.710549319,0.589456324,0.653053122,,,,,,,,0.455890116,0.455890116,0.402937628
9d4685ba-31be-4dad-b8e0-b0def87ede7d,AdaBoostClassifier,BASE_LINE,FAIR_PCA,HYPERPARAMETER_ROS,0.615343058,0.582443654,0.459751486,0.582443654,0.642857143,0.576968273,843,0.384656942,0.048249413,1.139606908,0.423031727,-0.013483643,0.969066937,0.417556346,-0.481799587,0.417251929,0.352,0.025663405,1.0767458,0.357142857,0.363397687,5.831051602,0.190667445,0.417556346,0.357142857,0.642857143,0.582443654,0.648,352,360,352,360,648,1000,851,648,491,0.576968273,0.422598637,0.422598637,0.1225833,0.007513333,0.008073977,0.1225833,0.007513333,0.008073977,0.61752319,1.29755336,4.90630242,0.481799587,0.481799587,0.019573524,0.431574488,0.264146695,0.642857143,0.582443654,0.481799587,0.455429498,[0.61166937],1008,0.118197256,0.283005298,0.579693034,0.225134473,0.384656942,0.612650398,0.612650398,0.353745175,-2375620.982,-0.1184019,0.68698121,0.592058724,0.642812773,,,,,,,,0.481799587,0.481799587,0.431574488
9d4685ba-31be-4dad-b8e0-b0def87ede7d,GradientBoostingClassifier,BASE_LINE,FAIR_PCA,RUS,0.613722312,0.629893238,0.504592112,0.629893238,0.600198413,0.568522484,843,0.386277688,0.032749993,1.091029509,0.431477516,-0.071910112,0.856179775,0.370106762,-0.537665508,0.349680766,0.340239913,0.000654701,1.001926692,0.399801587,0.389867143,5.004998837,0.1743645,0.370106762,0.399801587,0.600198413,0.629893238,0.659760087,312,403,312,403,605,917,934,605,531,0.568522484,0.463766326,0.463766326,0.131537737,0.008651088,0.009352161,0.131537737,0.008651088,0.009352161,0.590532811,1.270032031,4.766506858,0.537665508,0.537665508,0.036282407,0.469479608,0.239688728,0.600198413,0.629893238,0.537665508,0.455429498,[0.61166937],1008,0.118197256,0.283005298,0.597636466,0.229185326,0.386277688,0.615045826,0.615045826,0.329808283,-2518597.613,-0.147798365,0.62299364,0.613468074,0.618875272,,,,,,,,0.537665508,0.537665508,0.469479608
9d4685ba-31be-4dad-b8e0-b0def87ede7d,LogisticRegressionCV,BASE_LINE,FAIR_PCA,RUS,0.616423555,0.62514828,0.497568882,0.62514828,0.609126984,0.572204126,843,0.383576445,0.050414717,1.147077646,0.427795874,-0.000812612,0.998103906,0.37485172,-0.513537589,0.366803168,0.339784946,0.012913682,1.038991797,0.390873016,0.401172397,6.036942313,0.175774199,0.37485172,0.390873016,0.609126984,0.62514828,0.660215054,316,394,316,394,614,930,921,614,527,0.572204126,0.457354993,0.457354993,0.131791865,0.008684548,0.009389935,0.131791865,0.008684548,0.009389935,0.592915169,1.303587606,4.931766164,0.513537589,0.513537589,0.006863147,0.467802207,0.241876181,0.609126984,0.62514828,0.513537589,0.455429498,[0.61166937],1008,0.118197256,0.283005298,0.597505669,0.233345376,0.383576445,0.617137632,0.617137632,0.334886655,-2543691.258,-0.112365192,0.645881935,0.612806935,0.631279638,,,,,,,,0.513537589,0.513537589,0.467802207
9d4685ba-31be-4dad-b8e0-b0def87ede7d,AdaBoostClassifier,BASE_LINE,FAIR_PCA,RUS,0.610480821,0.578884935,0.461372231,0.578884935,0.636904762,0.571428571,843,0.389519179,0.047256588,1.134528834,0.428571429,-0.032286877,0.929728562,0.421115065,-0.49615097,0.411110531,0.356068205,0.025562743,1.075493708,0.363095238,0.371070321,5.933052505,0.192447803,0.421115065,0.363095238,0.636904762,0.578884935,0.643931795,355,366,355,366,642,997,854,642,488,0.571428571,0.433610646,0.433610646,0.125902011,0.007925658,0.00853578,0.125902011,0.007925658,0.00853578,0.620399553,1.355648087,5.203352217,0.49615097,0.49615097,0.02892481,0.440577994,0.266568805,0.636904762,0.578884935,0.49615097,0.455429498,[0.61166937],1008,0.118197256,0.283005298,0.575132587,0.215574925,0.389519179,0.607894848,0.607894848,0.344305171,-2378029.855,-0.125080649,0.672360883,0.587746471,0.633287718,,,,,,,,0.49615097,0.49615097,0.440577994
9d4685ba-31be-4dad-b8e0-b0def87ede7d,SVC,BASE_LINE,FAIR_PCA,RUS,0.578606159,0.705812574,0.608860076,0.705812574,0.472222222,0.527950311,843,0.421393841,-0.053374282,0.885115113,0.472049689,-0.158235294,0.738762486,0.294187426,-0.191329785,0.581053747,0.342541436,0.022142651,1.067955033,0.527777778,0.075730485,1.161463109,0.149523554,0.294187426,0.527777778,0.472222222,0.705812574,0.657458564,248,532,248,532,476,724,1127,476,595,0.527950311,0.133530135,0.133530135,0.00734541,2.70E-05,2.71E-05,0.00734541,2.70E-05,2.71E-05,0.546851997,0.041305581,1.281922563,0.191329785,0.191329785,0.090188973,0.13976331,0.20269667,0.472222222,0.705812574,0.191329785,0.455429498,[0.61166937],1008,0.118197256,0.283005298,0.604060914,0.181684427,0.421393841,0.589017398,0.589017398,0.510365826,-2445761.934,-0.1155993,0.905849378,0.624927063,0.759523444,,,,,,,,0.191329785,0.191329785,0.13976331
9d4685ba-31be-4dad-b8e0-b0def87ede7d,RidgeClassifierCV,BASE_LINE,FAIR_PCA,RUS,0.613182064,0.62396204,0.499729876,0.62396204,0.604166667,0.568648649,843,0.386817936,0.05091964,1.147333056,0.431351351,-0.011021463,0.975056689,0.37603796,-0.51214094,0.368525248,0.342332613,0.015144533,1.045580633,0.395833333,0.401862707,5.780051151,0.176447997,0.37603796,0.395833333,0.604166667,0.62396204,0.657667387,317,399,317,399,609,926,925,609,526,0.568648649,0.457001824,0.457001824,0.131206833,0.008607617,0.009303101,0.131206833,0.008607617,0.009303101,0.594050498,1.283735968,4.833514453,0.51214094,0.51214094,0.013082998,0.466972016,0.242804644,0.604166667,0.62396204,0.51214094,0.455429498,[0.61166937],1008,0.118197256,0.283005298,0.595022624,0.227220564,0.386817936,0.614064353,0.614064353,0.333435824,-2519963.402,-0.110278233,0.646986673,0.610487322,0.63082303,,,,,,,,0.51214094,0.51214094,0.466972016
9d4685ba-31be-4dad-b8e0-b0def87ede7d,XGBClassifier,BASE_LINE,FAIR_PCA,RUS,0.60345759,0.613285884,0.499729876,0.613285884,0.595238095,0.558918919,843,0.39654241,0.034932318,1.094854678,0.441081081,-0.090088856,0.828540565,0.386714116,-0.462488453,0.406706732,0.352051836,0.022442521,1.066647488,0.404761905,0.344929045,3.514644006,0.180906461,0.386714116,0.404761905,0.595238095,0.613285884,0.647948164,326,408,326,408,600,926,925,600,517,0.558918919,0.403708749,0.403708749,0.110137476,0.006065132,0.00646515,0.110137476,0.006065132,0.00646515,0.60150887,0.952223914,3.458826458,0.462488453,0.462488453,0.056265689,0.410965329,0.249259196,0.595238095,0.613285884,0.462488453,0.455429498,[0.61166937],1008,0.118197256,0.283005298,0.584841629,0.207693879,0.39654241,0.604261989,0.604261989,0.360316138,-2716830.732,-0.117559408,0.70081276,0.600295008,0.653887742,,,,,,,,0.462488453,0.462488453,0.410965329
9d4685ba-31be-4dad-b8e0-b0def87ede7d,LogisticRegressionCV,BASE_LINE,FAIR_PCA,HYPERPARAMETER_RUS,0.61102107,0.635824437,0.51269584,0.635824437,0.590277778,0.564805058,843,0.38897893,0.060590703,1.17823765,0.435194942,0.021489202,1.051826898,0.364175563,-0.526107421,0.351304442,0.340354767,0.015634507,1.047358894,0.409722222,0.431172623,6.732059576,0.172524295,0.364175563,0.409722222,0.590277778,0.635824437,0.659645233,307,413,307,413,595,902,949,595,536,0.564805058,0.478640022,0.478640022,0.138152346,0.009543035,0.010362624,0.138152346,0.009543035,0.010362624,0.587408368,1.359839578,5.218730665,0.526107421,0.526107421,-0.002927347,0.489994213,0.236873167,0.590277778,0.635824437,0.526107421,0.455429498,[0.61166937],1008,0.118197256,0.283005298,0.598214286,0.225274738,0.38897893,0.613051107,0.613051107,0.319620312,-2516570.162,-0.094934798,0.627672978,0.614627173,0.622014716,,,,,,,,0.526107421,0.526107421,0.489994213
9d4685ba-31be-4dad-b8e0-b0def87ede7d,AdaBoostClassifier,BASE_LINE,FAIR_PCA,HYPERPARAMETER_RUS,0.608319827,0.56346382,0.449486764,0.56346382,0.645833333,0.570913462,843,0.391680173,0.049926815,1.142130367,0.429086538,-0.029288403,0.935931619,0.43653618,-0.487265209,0.427012208,0.361138371,0.031276075,1.092090664,0.354166667,0.365264921,6.159367008,0.198170782,0.43653618,0.354166667,0.645833333,0.56346382,0.638861629,368,357,368,357,651,1019,832,651,475,0.570913462,0.426265065,0.426265065,0.124370027,0.007733952,0.008320867,0.124370027,0.007733952,0.008320867,0.629556641,1.385687256,5.366030898,0.487265209,0.487265209,0.030282239,0.432892582,0.274931705,0.645833333,0.56346382,0.487265209,0.455429498,[0.61166937],1008,0.118197256,0.283005298,0.567164179,0.209535986,0.391680173,0.604648577,0.604648577,0.346908012,-2375793.043,-0.122000288,0.683720494,0.578953104,0.634511398,,,,,,,,0.487265209,0.487265209,0.432892582
9d4685ba-31be-4dad-b8e0-b0def87ede7d,GradientBoostingClassifier,PREPROCESSING,FOS,FOS,0.686115613,0.589561091,0.395461912,0.589561091,0.766865079,0.678961749,843,0.313884387,0.034308256,1.119909054,0.321038251,-0.008825417,0.973170732,0.410438909,-0.221330225,0.630145545,0.309204647,0.046296852,1.168739842,0.233134921,0.15792273,2.427621483,0.175569758,0.410438909,0.233134921,0.766865079,0.589561091,0.690795353,346,235,346,235,773,1119,732,773,497,0.678961749,0.189626478,0.189626478,0.043640344,0.00095224,0.000975162,0.043640344,0.00095224,0.000975162,0.592570263,0.42337007,2.034010259,0.221330225,0.221330225,0.027561135,0.222619773,0.249070331,0.766865079,0.589561091,0.221330225,0.455429498,[0.66310103],1008,0.118197256,0.283005298,0.631111111,0.36303045,0.313884387,0.678213085,0.678213085,0.549605927,-2725250.192,-0.063407494,0.920281893,0.633156584,0.770529771,,,,,,,,0.221330225,0.221330225,0.222619773
9d4685ba-31be-4dad-b8e0-b0def87ede7d,LogisticRegressionCV,PREPROCESSING,FOS,FOS,0.673149649,0.533807829,0.357644516,0.533807829,0.78968254,0.679758308,843,0.326850351,0.043328782,1.148495729,0.320241692,0.00228798,1.007190796,0.466192171,-0.211311749,0.672724486,0.330529857,0.059075071,1.206762749,0.21031746,0.15132517,2.628547071,0.194896554,0.466192171,0.21031746,0.78968254,0.533807829,0.669470143,393,212,393,212,796,1189,662,796,450,0.679758308,0.18131846,0.18131846,0.040364154,0.000814632,0.0008327,0.040364154,0.000814632,0.0008327,0.624334132,0.467615411,2.127968605,0.211311749,0.211311749,0.028393545,0.21089498,0.278887081,0.78968254,0.533807829,0.211311749,0.455429498,[0.66310103],1008,0.118197256,0.283005298,0.598006645,0.336113136,0.326850351,0.661745184,0.661745184,0.541758567,-2708192.307,-0.059986579,0.936100296,0.596289964,0.752351982,26.7011168,182,9,207427.2979,128.0439742,883487.0039,76.32346062,0.211311749,0.211311749,0.21089498
9d4685ba-31be-4dad-b8e0-b0def87ede7d,AdaBoostClassifier,PREPROCESSING,FOS,FOS,0.668287412,0.606168446,0.428417072,0.606168446,0.720238095,0.644388398,843,0.331712588,0.031834703,1.104052317,0.355611602,-0.030187959,0.921121783,0.393831554,-0.250153961,0.587408402,0.313799622,0.041339246,1.146029543,0.279761905,0.183803725,2.33998845,0.174807876,0.393831554,0.279761905,0.720238095,0.606168446,0.686200378,332,282,332,282,726,1058,793,726,511,0.644388398,0.216978843,0.216978843,0.051537229,0.001328043,0.00136615,0.051537229,0.001328043,0.00136615,0.59128314,0.441915009,2.071370881,0.250153961,0.250153961,0.035763603,0.245838644,0.244449492,0.720238095,0.606168446,0.250153961,0.455429498,[0.66310103],1008,0.118197256,0.283005298,0.624694377,0.328491003,0.331712588,0.663203271,0.663203271,0.519302192,-2377203.875,-0.066350236,0.893662546,0.631997875,0.758987453,,,,,,,,0.250153961,0.250153961,0.245838644
9d4685ba-31be-4dad-b8e0-b0def87ede7d,SVC,PREPROCESSING,FOS,FOS,0.6726094,0.501779359,0.329011345,0.501779359,0.81547619,0.694581281,843,0.3273906,0.054497593,1.192376502,0.305418719,0.014677602,1.050212848,0.498220641,-0.164331588,0.7423443,0.338164251,0.074095912,1.263452131,0.18452381,0.129484191,2.540180374,0.204030001,0.498220641,0.18452381,0.81547619,0.501779359,0.661835749,420,186,420,186,822,1242,609,822,423,0.694581281,0.14690789,0.14690789,0.027350342,0.000374021,0.000379558,0.027350342,0.000374021,0.000379558,0.638795744,0.391555917,1.972188559,0.164331588,0.164331588,0.029709155,0.17901489,0.294615884,0.81547619,0.501779359,0.164331588,0.455429498,[0.66310103],1008,0.118197256,0.283005298,0.582644628,0.336266681,0.3273906,0.658627775,0.658627775,0.561870159,-2739660.618,-0.034847398,0.971252489,0.57737089,0.751527716,35.88151717,192.4,9,207762.8178,128.0439742,884885.0036,76.44423226,0.164331588,0.164331588,0.17901489
9d4685ba-31be-4dad-b8e0-b0def87ede7d,RidgeClassifierCV,PREPROCESSING,FOS,FOS,0.665045921,0.525504152,0.358184765,0.525504152,0.781746032,0.668174962,843,0.334954079,0.035840044,1.117143846,0.331825038,0.046062567,1.159447349,0.474495848,-0.322053842,0.569464863,0.336700337,0.038149351,1.123684211,0.218253968,0.207183758,4.601809955,0.199699811,0.474495848,0.218253968,0.781746032,0.525504152,0.663299663,400,220,400,220,788,1188,663,788,443,0.668174962,0.2646188,0.2646188,0.072619898,0.002636825,0.002746183,0.072619898,0.002636825,0.002746183,0.631980713,0.883322983,3.236226079,0.322053842,0.322053842,-0.003956608,0.285071313,0.284820097,0.781746032,0.525504152,0.322053842,0.455429498,[0.66310103],1008,0.118197256,0.283005298,0.588313413,0.319132636,0.334954079,0.653625092,0.653625092,0.480663604,-2734424.744,-0.114870084,0.858769073,0.587502141,0.716905054,,,,,,,,0.322053842,0.322053842,0.285071313
9d4685ba-31be-4dad-b8e0-b0def87ede7d,XGBClassifier,PREPROCESSING,FOS,FOS,0.671528903,0.559905101,0.383036197,0.559905101,0.764880952,0.665726375,843,0.328471097,0.052332288,1.182903938,0.334273625,0.005965744,1.018135861,0.440094899,-0.186414024,0.688492355,0.324868651,0.066672231,1.243002738,0.235119048,0.160480275,2.450741688,0.187825401,0.440094899,0.235119048,0.764880952,0.559905101,0.675131349,371,237,371,237,771,1142,709,771,472,0.665726375,0.173447149,0.173447149,0.037722297,0.000711486,0.000726188,0.037722297,0.000711486,0.000726188,0.612903584,0.387707376,1.962695875,0.186414024,0.186414024,0.030353244,0.207265967,0.266499673,0.764880952,0.559905101,0.186414024,0.455429498,[0.66310103],1008,0.118197256,0.283005298,0.608247423,0.332724863,0.328471097,0.662393027,0.662393027,0.547502844,-3017012.421,-0.025933748,0.945802398,0.609852295,0.765158015,23.81433892,204.4,9,208005.1501,128.0439742,885894.7214,76.53146065,0.186414024,0.186414024,0.207265967
9d4685ba-31be-4dad-b8e0-b0def87ede7d,LogisticRegressionCV,PREPROCESSING,FOS,HYPERPARAMETER,0.676931388,0.534994069,0.354943274,0.534994069,0.795634921,0.686453577,843,0.323068612,0.035155467,1.119325768,0.313546423,-0.004329004,0.986363636,0.465005931,-0.231249725,0.650372439,0.328308208,0.051052792,1.176253687,0.204365079,0.149356087,2.687723785,0.193400969,0.465005931,0.204365079,0.795634921,0.534994069,0.671691792,392,206,392,206,802,1194,657,802,451,0.686453577,0.190302906,0.190302906,0.043613985,0.00095109,0.00097397,0.043613985,0.00095109,0.00097397,0.62193403,0.510418928,2.221819569,0.231249725,0.231249725,0.027690898,0.21805845,0.277418411,0.795634921,0.534994069,0.231249725,0.455429498,[0.66310103],1008,0.118197256,0.283005298,0.601333333,0.344112251,0.323068612,0.665314495,0.665314495,0.538703213,-2716305.665,-0.081893638,0.923664956,0.598873475,0.749466275,13.50954032,206.4,9,208134.627,128.0439742,886434.2088,76.57806637,0.231249725,0.231249725,0.21805845
9d4685ba-31be-4dad-b8e0-b0def87ede7d,AdaBoostClassifier,PREPROCESSING,FOS,HYPERPARAMETER,0.682874122,0.601423488,0.409508374,0.601423488,0.750992063,0.668865435,843,0.317125878,0.006809835,1.02185338,0.331134565,-0.061630063,0.840611905,0.398576512,-0.281650024,0.558400579,0.307410796,0.021516529,1.073846853,0.249007937,0.155568884,2.212364406,0.173035659,0.398576512,0.249007937,0.750992063,0.601423488,0.692589204,336,251,336,251,757,1093,758,757,507,0.668865435,0.218609454,0.218609454,0.051586048,0.00133056,0.001368777,0.051586048,0.00133056,0.001368777,0.588278266,0.476832117,2.145963507,0.281650024,0.281650024,0.041573296,0.243476666,0.244041709,0.750992063,0.601423488,0.281650024,0.455429498,[0.66310103],1008,0.118197256,0.283005298,0.633354154,0.356906481,0.317125878,0.676207776,0.676207776,0.528382363,-2375243.129,-0.12608114,0.87489338,0.637481883,0.754472803,,,,,,,,0.281650024,0.281650024,0.243476666
9d4685ba-31be-4dad-b8e0-b0def87ede7d,GradientBoostingClassifier,PREPROCESSING,FAIR_SMOTE,FAIR_SMOTE,0.518098325,0.940688019,0.883306321,0.940688019,0.16468254,0.485015291,843,0.481901675,0.203413806,1.641116727,0.514984709,0.075347209,1.168923581,0.059311981,-0.393700787,0,0.231481481,-0.23364486,0,0.83531746,0.723106172,3.635838627,0.073282906,0.059311981,0.83531746,0.16468254,0.940688019,0.768518519,50,842,50,842,166,216,1635,166,793,0.485015291,0.55840348,0.55840348,0.133908263,0.008965711,0.009707756,0.133908263,0.008965711,0.009707756,0.382839145,5.612270294,2.536177733,0.393700787,0.723106172,-0.154496034,0.604897181,0.085453415,0.16468254,0.940688019,0.393700787,0.455429498,[0.66310103],1008,0.118197256,0.283005298,0.640032284,0.163447236,0.481901675,0.552685279,0.552685279,0.244063896,-4181469.302,0.329405385,0.488631733,0.65852894,0.549375839,,,,,,,,0.393700787,0.723106172,0.604897181
9d4685ba-31be-4dad-b8e0-b0def87ede7d,LogisticRegressionCV,PREPROCESSING,FAIR_SMOTE,FAIR_SMOTE,0.517558077,0.915776987,0.861156132,0.915776987,0.18452381,0.484316186,843,0.482441923,0.172577601,1.503470192,0.515683814,0.045234708,1.095495495,0.084223013,-0.521972463,0.010589511,0.276264591,-0.058112506,0.792703151,0.81547619,0.743159134,4.110258596,0.080419278,0.084223013,0.81547619,0.18452381,0.915776987,0.723735409,71,822,71,822,186,257,1594,186,772,0.484316186,0.632565798,0.632565798,0.152825799,0.011677862,0.012810143,0.152825799,0.011677862,0.012810143,0.401046825,3.721033972,3.059283723,0.521972463,0.743159134,-0.051673607,0.665037803,0.097391067,0.18452381,0.915776987,0.521972463,0.455429498,[0.66310103],1008,0.118197256,0.283005298,0.63356586,0.144456708,0.482441923,0.550150398,0.550150398,0.202144072,-19718266.54,0.221186671,0.430215011,0.65182149,0.503591195,51.84247136,210.5,9,212507.9012,128.0439742,904656.1846,78.15224261,0.521972463,0.743159134,0.665037803
9d4685ba-31be-4dad-b8e0-b0def87ede7d,AdaBoostClassifier,PREPROCESSING,FAIR_SMOTE,FAIR_SMOTE,0.521880065,0.927639383,0.867639114,0.927639383,0.182539683,0.486924035,843,0.478119935,0.198740909,1.626388756,0.513075965,0.080193412,1.182662771,0.072360617,-0.452502969,0.009174533,0.248979592,-0.052173913,0.793103448,0.817460317,0.745716678,4.120962395,0.077269619,0.072360617,0.817460317,0.182539683,0.927639383,0.751020408,61,824,61,824,184,245,1606,184,782,0.486924035,0.599109824,0.599109824,0.145588745,0.010598041,0.011567113,0.145588745,0.010598041,0.011567113,0.393114791,3.859662126,2.841181196,0.452502969,0.745716678,-0.066183662,0.641544723,0.091840039,0.182539683,0.927639383,0.452502969,0.455429498,[0.66310103],1008,0.118197256,0.283005298,0.638628011,0.16191509,0.478119935,0.555089533,0.555089533,0.222529941,-2667179.757,0.293213709,0.449396303,0.657893155,0.520026953,,,,,,,,0.452502969,0.745716678,0.641544723
9d4685ba-31be-4dad-b8e0-b0def87ede7d,SVC,PREPROCESSING,FAIR_SMOTE,FAIR_SMOTE,0.613722312,0.848161329,0.703403566,0.848161329,0.41765873,0.549155146,843,0.386277688,-0.026757111,0.934407914,0.450844854,-0.107840984,0.800984366,0.151838671,-0.136431619,0.490387775,0.233151184,0.008922306,1.039363114,0.58234127,0.123248761,1.253220181,0.10426941,0.151838671,0.58234127,0.41765873,0.848161329,0.766848816,128,587,128,587,421,549,1302,421,715,0.549155146,0.12984019,0.12984019,0.01271051,8.08E-05,8.13E-05,0.01271051,8.08E-05,8.13E-05,0.456660509,0.184000606,1.275746973,0.136431619,0.136431619,0.058381645,0.158574038,0.13075331,0.41765873,0.848161329,0.136431619,0.455429498,[0.66310103],1008,0.118197256,0.283005298,0.666666667,0.289827866,0.386277688,0.632910029,0.632910029,0.550732871,-2879730.607,-0.013182858,0.932773831,0.696310559,0.814265242,56.09859252,221.1,9,212784.6061,128.0439742,905809.1217,78.25184357,0.136431619,0.136431619,0.158574038
9d4685ba-31be-4dad-b8e0-b0def87ede7d,RidgeClassifierCV,PREPROCESSING,FAIR_SMOTE,FAIR_SMOTE,0.547811994,0.876631079,0.795245813,0.876631079,0.27281746,0.502038043,843,0.452188006,0.152696513,1.464671286,0.497961957,0.057376386,1.129096868,0.123368921,-0.522236396,0.078833023,0.274406332,-0.027464567,0.903111111,0.72718254,0.686383903,4.525517322,0.093786258,0.123368921,0.72718254,0.27281746,0.876631079,0.725593668,104,733,104,733,275,379,1472,275,739,0.502038043,0.60431015,0.60431015,0.15185937,0.011530634,0.012640061,0.15185937,0.011530634,0.012640061,0.433096428,1.867246365,3.268121806,0.522236396,0.686383903,-0.042420476,0.636102149,0.117206895,0.27281746,0.876631079,0.522236396,0.455429498,[0.66310103],1008,0.118197256,0.283005298,0.638444924,0.184443018,0.452188006,0.57472427,0.57472427,0.22741256,-4148539.186,0.164147507,0.4798633,0.66188925,0.543977149,,,,,,,,0.522236396,0.686383903,0.636102149
9d4685ba-31be-4dad-b8e0-b0def87ede7d,XGBClassifier,PREPROCESSING,FAIR_SMOTE,FAIR_SMOTE,0.509994598,0.926453144,0.878444084,0.926453144,0.161706349,0.480319803,843,0.490005402,0.167921724,1.474210948,0.519680197,0.029841872,1.060631106,0.073546856,-0.488188976,0,0.275555556,-0.275555556,0,0.838293651,0.721238938,3.587301587,0.07680706,0.073546856,0.838293651,0.161706349,0.926453144,0.724444444,62,845,62,845,163,225,1626,163,781,0.480319803,0.604713957,0.604713957,0.143337311,0.010272792,0.011194718,0.143337311,0.010272792,0.011194718,0.391936371,7.271718627,2.7578125,0.488188976,0.721238938,-0.152698714,0.637393768,0.091952398,0.161706349,0.926453144,0.488188976,0.455429498,[0.66310103],1008,0.118197256,0.283005298,0.632644795,0.134357405,0.490005402,0.544079746,0.544079746,0.21506713,-8752553.247,0.233049962,0.461810229,0.649230317,0.527012287,49.87269425,232.7,9,213015.0136,128.0439742,906769.1529,78.3347796,0.488188976,0.721238938,0.637393768
9d4685ba-31be-4dad-b8e0-b0def87ede7d,LogisticRegressionCV,PREPROCESSING,FAIR_SMOTE,HYPERPARAMETER,0.519178822,0.918149466,0.86169638,0.918149466,0.185515873,0.485266458,843,0.480821178,0.181076185,1.54169401,0.514733542,0.058716396,1.127595246,0.081850534,-0.515495095,0.008062468,0.26953125,-0.0875,0.681818182,0.814484127,0.753287464,4.273903207,0.079836809,0.081850534,0.814484127,0.185515873,0.918149466,0.73046875,69,821,69,821,187,256,1595,187,774,0.485266458,0.634391279,0.634391279,0.153931466,0.011847448,0.013006285,0.153931466,0.011847448,0.013006285,0.399591814,3.839610996,3.090527783,0.515495095,0.753287464,-0.073108198,0.669205778,0.096305999,0.185515873,0.918149466,0.515495095,0.455429498,[0.66310103],1008,0.118197256,0.283005298,0.634946678,0.14954686,0.480821178,0.55183267,0.55183267,0.201754836,-17122777.14,0.237792368,0.422660537,0.653566106,0.498076679,13.25621176,206.4,9,212300.1754,128.0439742,903790.6604,78.07747094,0.515495095,0.753287464,0.669205778
9d4685ba-31be-4dad-b8e0-b0def87ede7d,AdaBoostClassifier,PREPROCESSING,FAIR_SMOTE,HYPERPARAMETER,0.524041059,0.930011862,0.867639114,0.930011862,0.18452381,0.488169365,843,0.475958941,0.210072353,1.686625377,0.511830635,0.096453574,1.2281498,0.069988138,-0.436754938,0.009502195,0.240816327,-0.043478261,0.821428571,0.81547619,0.754566236,4.279460948,0.076727837,0.069988138,0.81547619,0.18452381,0.930011862,0.759183673,59,822,59,822,186,245,1606,186,784,0.488169365,0.595660587,0.595660587,0.145588745,0.010598041,0.011567113,0.145588745,0.010598041,0.011567113,0.391734187,3.859662126,2.841181196,0.436754938,0.754566236,-0.069965917,0.641544723,0.090779371,0.18452381,0.930011862,0.436754938,0.455429498,[0.66310103],1008,0.118197256,0.283005298,0.640261331,0.168317398,0.475958941,0.557267836,0.557267836,0.22532535,-2471088.881,0.317811298,0.444861638,0.660013036,0.517104161,,,,,,,,0.436754938,0.754566236,0.641544723
9d4685ba-31be-4dad-b8e0-b0def87ede7d,GradientBoostingClassifier,PREPROCESSING,UNAWARENESS,UNAWARENESS,0.681253377,0.574139976,0.386277688,0.574139976,0.770833333,0.676923077,843,0.318746623,0.029815013,1.101199035,0.323076923,-0.050937111,0.861514729,0.425860024,-0.166091145,0.707033675,0.316021127,0.059208366,1.218742018,0.229166667,0.112882783,1.797234655,0.181172818,0.425860024,0.229166667,0.770833333,0.574139976,0.683978873,359,231,359,231,777,1136,715,777,484,0.676923077,0.139486964,0.139486964,0.023030724,0.000265207,0.000268497,0.023030724,0.000265207,0.000268497,0.601951524,0.245435352,1.700995964,0.166091145,0.166091145,0.055072738,0.172766711,0.257517461,0.770833333,0.574139976,0.166091145,0.455429498,[0.66310103],1008,0.118197256,0.283005298,0.621309371,0.352847758,0.318746623,0.672486655,0.672486655,0.578683533,-2717901.419,-0.053208362,0.953497146,0.622519997,0.776552063,,,,,,,,0.166091145,0.166091145,0.172766711
9d4685ba-31be-4dad-b8e0-b0def87ede7d,LogisticRegressionCV,PREPROCESSING,UNAWARENESS,UNAWARENESS,0.668827661,0.513641756,0.343598055,0.513641756,0.798611111,0.68081761,843,0.331172339,0.045168818,1.153313392,0.31918239,-0.044511178,0.875675676,0.486358244,-0.122674086,0.792271881,0.33744856,0.079513911,1.288370449,0.201388889,0.09418781,1.734015345,0.201983102,0.486358244,0.201388889,0.798611111,0.513641756,0.66255144,410,203,410,203,805,1215,636,805,433,0.68081761,0.108430948,0.108430948,0.010100481,5.10E-05,5.13E-05,0.010100481,5.10E-05,5.13E-05,0.635583357,0.193003706,1.614621965,0.122674086,0.122674086,0.062012544,0.141032236,0.28977242,0.798611111,0.513641756,0.122674086,0.455429498,[0.66310103],1008,0.118197256,0.283005298,0.585530764,0.327441553,0.331172339,0.656126433,0.656126433,0.584982022,-2656313.901,-0.028486276,0.984449973,0.582536954,0.759790128,,,,,,,,0.122674086,0.122674086,0.141032236
9d4685ba-31be-4dad-b8e0-b0def87ede7d,AdaBoostClassifier,PREPROCESSING,UNAWARENESS,UNAWARENESS,0.676931388,0.575326216,0.391680173,0.575326216,0.761904762,0.668965517,843,0.323068612,0.028154631,1.093760234,0.331034483,-0.054858934,0.855371901,0.424673784,-0.176758457,0.692488712,0.317939609,0.056959259,1.207550175,0.238095238,0.118688183,1.812834225,0.181962841,0.424673784,0.238095238,0.761904762,0.575326216,0.682060391,358,240,358,240,768,1126,725,768,485,0.668965517,0.14772332,0.14772332,0.025698957,0.000330218,0.000334803,0.025698957,0.000330218,0.000334803,0.603262532,0.261220999,1.728081887,0.176758457,0.176758457,0.055909096,0.179442278,0.257857393,0.761904762,0.575326216,0.176758457,0.455429498,[0.66310103],1008,0.118197256,0.283005298,0.618622449,0.344059312,0.323068612,0.668615489,0.668615489,0.569845389,-2377962.666,-0.058070274,0.946346812,0.620874578,0.772740028,,,,,,,,0.176758457,0.176758457,0.179442278
9d4685ba-31be-4dad-b8e0-b0def87ede7d,SVC,PREPROCESSING,UNAWARENESS,UNAWARENESS,0.669367909,0.498220641,0.329011345,0.498220641,0.8125,0.689655172,843,0.330632091,0.041000843,1.137840931,0.310344828,-0.055772852,0.844632768,0.501779359,-0.123058989,0.797032576,0.34057971,0.077807653,1.277884473,0.1875,0.081988548,1.661764706,0.206153772,0.501779359,0.1875,0.8125,0.498220641,0.65942029,423,189,423,189,819,1242,609,819,420,0.689655172,0.102523768,0.102523768,0.006886061,2.37E-05,2.38E-05,0.006886061,2.37E-05,2.38E-05,0.642111785,0.18634269,1.604215878,0.123058989,0.123058989,0.066790252,0.133509457,0.297187859,0.8125,0.498220641,0.123058989,0.455429498,[0.66310103],1008,0.118197256,0.283005298,0.578512397,0.329340176,0.330632091,0.65536032,0.65536032,0.588170311,-2736707.9,-0.041070442,0.985684583,0.573650948,0.753680574,,,,,,,,0.123058989,0.123058989,0.133509457
9d4685ba-31be-4dad-b8e0-b0def87ede7d,CalibratedClassifierCV,PREPROCESSING,UNAWARENESS,UNAWARENESS,0.669367909,0.521945433,0.350621286,0.521945433,0.79265873,0.677966102,843,0.330632091,0.048001679,1.16451061,0.322033898,-0.036198219,0.897646415,0.478054567,-0.123179959,0.788596557,0.335274542,0.080320728,1.294147531,0.20734127,0.101860444,1.793808978,0.199438457,0.478054567,0.20734127,0.79265873,0.521945433,0.664725458,403,209,403,209,799,1202,649,799,440,0.677966102,0.112520201,0.112520201,0.012293548,7.56E-05,7.61E-05,0.012293548,7.56E-05,7.61E-05,0.63156703,0.202180573,1.629416458,0.123179959,0.123179959,0.058259474,0.146210055,0.28557277,0.79265873,0.521945433,0.123179959,0.455429498,[0.66310103],1008,0.118197256,0.283005298,0.589812332,0.328347668,0.330632091,0.657302082,0.657302082,0.583342319,-2727964.741,-0.021319515,0.983783635,0.587623432,0.763255148,,,,,,,,0.123179959,0.123179959,0.146210055
9d4685ba-31be-4dad-b8e0-b0def87ede7d,XGBClassifier,PREPROCESSING,UNAWARENESS,UNAWARENESS,0.664505673,0.548042705,0.379254457,0.548042705,0.761904762,0.658119658,843,0.335494327,0.050509272,1.171440125,0.341880342,-0.036474164,0.902377972,0.451957295,-0.11682356,0.788048683,0.331592689,0.083444495,1.312320825,0.238095238,0.112984632,1.751015496,0.193151739,0.451957295,0.238095238,0.761904762,0.548042705,0.668407311,381,240,381,240,768,1149,702,768,462,0.658119658,0.114904096,0.114904096,0.013561117,9.20E-05,9.26E-05,0.013561117,9.20E-05,9.26E-05,0.621533167,0.1733141,1.582204845,0.11682356,0.11682356,0.05995933,0.150086801,0.273800293,0.761904762,0.548042705,0.11682356,0.455429498,[0.66310103],1008,0.118197256,0.283005298,0.598058252,0.31812923,0.335494327,0.654973733,0.654973733,0.579714568,-3022071.799,-0.003838928,0.982035305,0.599804308,0.77136647,,,,,,,,0.11682356,0.11682356,0.150086801
9d4685ba-31be-4dad-b8e0-b0def87ede7d,LogisticRegressionCV,PREPROCESSING,UNAWARENESS,HYPERPARAMETER,0.675310643,0.525504152,0.347920043,0.525504152,0.800595238,0.687888199,843,0.324689357,0.047659391,1.166571931,0.312111801,-0.033634233,0.901499746,0.474495848,-0.118099239,0.79453968,0.331400166,0.079986281,1.296935371,0.199404762,0.097333816,1.785622945,0.196557185,0.474495848,0.199404762,0.800595238,0.525504152,0.668599834,400,201,400,201,807,1207,644,807,443,0.687888199,0.107716528,0.107716528,0.010861521,5.90E-05,5.93E-05,0.010861521,5.90E-05,5.93E-05,0.626988333,0.193330958,1.615047706,0.118099239,0.118099239,0.056810257,0.142872272,0.282410767,0.800595238,0.525504152,0.118099239,0.455429498,[0.66310103],1008,0.118197256,0.283005298,0.595830531,0.34095532,0.324689357,0.663049695,0.663049695,0.591628284,-2712612.959,-0.020765423,0.986754577,0.59264362,0.76790112,16.53935575,171.2,9,215919.8242,128.0439742,918872.5303,79.38037692,0.118099239,0.118099239,0.142872272
9d4685ba-31be-4dad-b8e0-b0def87ede7d,AdaBoostClassifier,PREPROCESSING,UNAWARENESS,HYPERPARAMETER,0.692058347,0.606168446,0.404646137,0.606168446,0.763888889,0.682242991,843,0.307941653,0.023464714,1.081206314,0.317757009,-0.054615788,0.850609756,0.393831554,-0.166717987,0.688629642,0.301270417,0.052000731,1.198826324,0.236111111,0.110427087,1.734015345,0.16945536,0.393831554,0.236111111,0.763888889,0.606168446,0.698729583,332,238,332,238,770,1102,749,770,511,0.682242991,0.138572537,0.138572537,0.023286335,0.000271127,0.000274528,0.023286335,0.000271127,0.000274528,0.58216039,0.222699375,1.662201932,0.166717987,0.166717987,0.053308259,0.174461132,0.239903118,0.763888889,0.606168446,0.166717987,0.455429498,[0.66310103],1008,0.118197256,0.283005298,0.641959799,0.375475292,0.307941653,0.685028667,0.685028667,0.590102507,-2375276.607,-0.0562909,0.949422047,0.6448283,0.789578404,41.55935001,171,9,216196.556,128.0439742,920025.5793,79.47998755,0.166717987,0.166717987,0.174461132
9d4685ba-31be-4dad-b8e0-b0def87ede7d,GradientBoostingClassifier,PREPROCESSING,UNAWARENESS,UNAWARENESS_SMOTE,0.683414371,0.619217082,0.425175581,0.619217082,0.737103175,0.663278272,843,0.316585629,0.016643532,1.054908102,0.336721728,-0.069947573,0.824234305,0.380782918,-0.182081116,0.65993674,0.301691729,0.046065101,1.172744129,0.262896825,0.116436186,1.674732769,0.167836997,0.380782918,0.262896825,0.737103175,0.619217082,0.698308271,321,265,321,265,743,1064,787,743,522,0.663278272,0.149258651,0.149258651,0.025979625,0.00033747,0.000342208,0.025979625,0.00033747,0.000342208,0.579373795,0.219648266,1.65674641,0.182081116,0.182081116,0.058006337,0.182326199,0.235382853,0.737103175,0.619217082,0.182081116,0.455429498,[0.66310103],1008,0.118197256,0.283005298,0.640490798,0.358943742,0.316585629,0.678160128,0.678160128,0.576938863,-2723765.412,-0.06564493,0.936372437,0.64662331,0.785520317,,,,,,,,0.182081116,0.182081116,0.182326199
9d4685ba-31be-4dad-b8e0-b0def87ede7d,LogisticRegressionCV,PREPROCESSING,UNAWARENESS,UNAWARENESS_SMOTE,0.679092382,0.632265718,0.441383036,0.632265718,0.718253968,0.652386781,843,0.320907618,0.042986494,1.150239924,0.347613219,-0.046989522,0.878871453,0.367734282,-0.086196279,0.804519154,0.299806576,0.082408187,1.348763219,0.281746032,0.106511554,1.534924695,0.164956727,0.367734282,0.281746032,0.718253968,0.632265718,0.700193424,310,284,310,284,724,1034,817,724,533,0.652386781,0.096353916,0.096353916,0.008426596,3.55E-05,3.57E-05,0.008426596,3.55E-05,3.57E-05,0.574380932,0.069067744,1.424042401,0.086196279,0.106511554,0.064698855,0.139345378,0.229876238,0.718253968,0.632265718,0.086196279,0.455429498,[0.66310103],1008,0.118197256,0.283005298,0.642168675,0.351548436,0.320907618,0.675259843,0.675259843,0.610195913,-2803975.278,0.020315276,0.980952812,0.650562996,0.805610865,,,,,,,,0.086196279,0.106511554,0.139345378
9d4685ba-31be-4dad-b8e0-b0def87ede7d,AdaBoostClassifier,PREPROCESSING,UNAWARENESS,UNAWARENESS_SMOTE,0.674770394,0.595492289,0.412209616,0.595492289,0.741071429,0.657929227,843,0.325229606,0.030824858,1.102652593,0.342070773,-0.054144343,0.860980741,0.404507711,-0.163418818,0.699214638,0.313419118,0.060268983,1.225353588,0.258928571,0.122728199,1.749637105,0.176617701,0.404507711,0.258928571,0.741071429,0.595492289,0.686580882,341,261,341,261,747,1088,763,747,502,0.657929227,0.143073509,0.143073509,0.024065106,0.000289565,0.000293322,0.024065106,0.000289565,0.000293322,0.594336103,0.219648266,1.656974211,0.163418818,0.163418818,0.057206663,0.176806091,0.248485926,0.741071429,0.595492289,0.163418818,0.455429498,[0.66310103],1008,0.118197256,0.283005298,0.625155666,0.340513734,0.325229606,0.668281859,0.668281859,0.572668429,-2376874.766,-0.04069062,0.950350638,0.630136922,0.780392712,,,,,,,,0.163418818,0.163418818,0.176806091
9d4685ba-31be-4dad-b8e0-b0def87ede7d,SVC,PREPROCESSING,UNAWARENESS,UNAWARENESS_SMOTE,0.67639114,0.646500593,0.457050243,0.646500593,0.701388889,0.644208038,843,0.32360886,0.014820516,1.047560384,0.355791962,-0.081353714,0.809067813,0.353499407,-0.149309374,0.689142779,0.296517413,0.052693568,1.205591297,0.298611111,0.10543648,1.486298867,0.161279906,0.353499407,0.298611111,0.701388889,0.646500593,0.703482587,298,301,298,301,707,1005,846,707,545,0.644208038,0.127372927,0.127372927,0.017260845,0.000148968,0.000150344,0.017260845,0.000148968,0.000150344,0.567943493,0.119564808,1.497898647,0.149309374,0.149309374,0.067023641,0.162204942,0.223447774,0.701388889,0.646500593,0.149309374,0.455429498,[0.66310103],1008,0.118197256,0.283005298,0.645352279,0.347790039,0.32360886,0.673944741,0.673944741,0.588102427,-2718581.555,-0.043872894,0.94961301,0.655771421,0.796630754,,,,,,,,0.149309374,0.149309374,0.162204942
9d4685ba-31be-4dad-b8e0-b0def87ede7d,CalibratedClassifierCV,PREPROCESSING,UNAWARENESS,UNAWARENESS_SMOTE,0.673149649,0.628706999,0.444084279,0.628706999,0.71031746,0.644768856,843,0.326850351,0.06433129,1.234112838,0.355231144,-0.017998437,0.951446077,0.371293001,-0.063465007,0.850739706,0.304178814,0.099172101,1.435255331,0.28968254,0.128148836,1.673526438,0.167131595,0.371293001,0.28968254,0.71031746,0.628706999,0.695821186,313,292,313,292,716,1029,822,716,530,0.644768856,0.095806921,0.095806921,0.009729899,4.73E-05,4.76E-05,0.009729899,4.73E-05,4.76E-05,0.578154989,0.076170046,1.434199622,0.063465007,0.128148836,0.058585269,0.142683162,0.232611134,0.71031746,0.628706999,0.063465007,0.455429498,[0.66310103],1008,0.118197256,0.283005298,0.636636637,0.339806349,0.326850351,0.66951223,0.66951223,0.605368324,-2756261.926,0.064683829,0.980768734,0.645595224,0.802263946,,,,,,,,0.063465007,0.128148836,0.142683162
9d4685ba-31be-4dad-b8e0-b0def87ede7d,XGBClassifier,PREPROCESSING,UNAWARENESS,UNAWARENESS_SMOTE,0.66180443,0.565836299,0.398163155,0.565836299,0.742063492,0.647218453,843,0.33819557,0.060847892,1.210581429,0.352781547,-0.014659721,0.959901352,0.434163701,-0.119231954,0.777316793,0.328545781,0.087407674,1.334205813,0.257936508,0.13856008,1.921017,0.188420456,0.434163701,0.257936508,0.742063492,0.565836299,0.671454219,366,260,366,260,748,1114,737,748,477,0.647218453,0.128896017,0.128896017,0.020108233,0.000202171,0.000204353,0.020108233,0.000202171,0.000204353,0.613873694,0.204251503,1.631795799,0.119231954,0.13856008,0.051033698,0.166450451,0.265525366,0.742063492,0.565836299,0.119231954,0.455429498,[0.66310103],1008,0.118197256,0.283005298,0.603797468,0.313239923,0.33819557,0.653949895,0.653949895,0.569658359,-3005467.332,0.019328126,0.97353677,0.607964272,0.774059645,,,,,,,,0.119231954,0.13856008,0.166450451
9d4685ba-31be-4dad-b8e0-b0def87ede7d,LogisticRegressionCV,PREPROCESSING,UNAWARENESS,HYPERPARAMETER_SMOTE,0.69097785,0.653618031,0.448946515,0.653618031,0.722222222,0.663056558,843,0.30902215,0.038801499,1.139764584,0.336943442,-0.045536163,0.878915202,0.346381969,-0.092794616,0.781760811,0.28627451,0.074757869,1.326719577,0.277777778,0.107100016,1.550104627,0.156512822,0.346381969,0.277777778,0.722222222,0.653618031,0.71372549,292,280,292,280,728,1020,831,728,551,0.663056558,0.099947316,0.099947316,0.01067384,5.70E-05,5.73E-05,0.01067384,5.70E-05,5.73E-05,0.559486947,0.078882781,1.438054158,0.092794616,0.107100016,0.060147016,0.145190755,0.217576639,0.722222222,0.653618031,0.092794616,0.455429498,[0.66310103],1008,0.118197256,0.283005298,0.658303465,0.376310856,0.30902215,0.687920127,0.687920127,0.619164356,-2766879.24,0.0143054,0.978600877,0.667226216,0.815499672,16.78292847,171.3,9,220174.2196,128.0439742,936599.1778,80.9117623,0.092794616,0.107100016,0.145190755
9d4685ba-31be-4dad-b8e0-b0def87ede7d,AdaBoostClassifier,PREPROCESSING,UNAWARENESS,HYPERPARAMETER_SMOTE,0.683954619,0.666666667,0.467855213,0.666666667,0.698412698,0.648960739,843,0.316045381,0.033478065,1.115860363,0.351039261,-0.044095006,0.886756006,0.333333333,-0.145240399,0.681973608,0.285279188,0.057662192,1.238602175,0.301587302,0.137790553,1.707742385,0.154092286,0.333333333,0.301587302,0.698412698,0.666666667,0.714720812,281,304,281,304,704,985,866,704,562,0.648960739,0.141515476,0.141515476,0.024973959,0.000311849,0.000316053,0.024973959,0.000311849,0.000316053,0.555143739,0.166664298,1.570288408,0.145240399,0.145240399,0.050878599,0.182556913,0.212535314,0.698412698,0.666666667,0.145240399,0.455429498,[0.66310103],1008,0.118197256,0.283005298,0.657694558,0.364379788,0.316045381,0.682539683,0.682539683,0.585949754,-2375947.944,-0.007449846,0.952382852,0.669262223,0.806215733,42.32677007,170.3,9,220428.151,128.0439742,937657.2251,81.00316584,0.145240399,0.145240399,0.182556913
9d4685ba-31be-4dad-b8e0-b0def87ede7d,GradientBoostingClassifier,PREPROCESSING,UNAWARENESS,UNAWARENESS_ROS,0.681793625,0.648873072,0.453808752,0.648873072,0.709325397,0.651190476,843,0.318206375,0.03964871,1.138574205,0.348809524,-0.035367335,0.906837265,0.351126928,-0.142832006,0.697672253,0.292779426,0.063196036,1.258050479,0.290674603,0.14083471,1.776308402,0.159618858,0.351126928,0.290674603,0.709325397,0.648873072,0.707220574,296,293,296,293,715,1011,840,715,547,0.651190476,0.141833358,0.141833358,0.025382623,0.000322139,0.000326555,0.025382623,0.000322139,0.000326555,0.565011253,0.183451285,1.597166592,0.142832006,0.142832006,0.049281685,0.182702527,0.221418731,0.709325397,0.648873072,0.142832006,0.455429498,[0.66310103],1008,0.118197256,0.283005298,0.650029709,0.358304744,0.318206375,0.679099235,0.679099235,0.58278031,-2727380.312,-0.001997296,0.956270153,0.659885366,0.801909686,,,,,,,,0.142832006,0.142832006,0.182702527
9d4685ba-31be-4dad-b8e0-b0def87ede7d,LogisticRegressionCV,PREPROCESSING,UNAWARENESS,UNAWARENESS_ROS,0.681253377,0.682087782,0.484602917,0.682087782,0.680555556,0.641025641,843,0.318746623,0.029815013,1.101199035,0.358974359,-0.051176255,0.873125536,0.317912218,-0.144855496,0.671488428,0.280922432,0.055128205,1.230357143,0.319444444,0.137994251,1.649722933,0.150064273,0.317912218,0.319444444,0.680555556,0.682087782,0.719077568,268,322,268,322,686,954,897,686,575,0.641025641,0.141424874,0.141424874,0.024449893,0.000298899,0.000302841,0.024449893,0.000298899,0.000302841,0.547839892,0.147790737,1.540619986,0.144855496,0.144855496,0.05315223,0.182248664,0.205567796,0.680555556,0.682087782,0.144855496,0.455429498,[0.66310103],1008,0.118197256,0.283005298,0.66091954,0.361371041,0.318746623,0.681321669,0.681321669,0.584965838,-2673260.997,-0.006861245,0.949951571,0.674610116,0.808523778,,,,,,,,0.144855496,0.144855496,0.182248664
9d4685ba-31be-4dad-b8e0-b0def87ede7d,AdaBoostClassifier,PREPROCESSING,UNAWARENESS,UNAWARENESS_ROS,0.679632631,0.633451957,0.441923285,0.633451957,0.718253968,0.652811736,843,0.320367369,0.056320609,1.204960566,0.347188264,-0.016040689,0.955579632,0.366548043,-0.106134254,0.767602581,0.299128751,0.081793225,1.345505864,0.281746032,0.140732861,1.815528887,0.164506178,0.366548043,0.281746032,0.718253968,0.633451957,0.700871249,309,284,309,284,724,1033,818,724,534,0.652811736,0.123433558,0.123433558,0.019839818,0.000196809,0.000198905,0.019839818,0.000196809,0.000198905,0.573595986,0.152956892,1.549164318,0.106134254,0.140732861,0.048916957,0.168016279,0.229210299,0.718253968,0.633451957,0.106134254,0.455429498,[0.66310103],1008,0.118197256,0.283005298,0.642986153,0.35269307,0.320367369,0.675852963,0.675852963,0.592430027,-2377257.78,0.034598607,0.968528964,0.651426433,0.801350587,,,,,,,,0.106134254,0.140732861,0.168016279
9d4685ba-31be-4dad-b8e0-b0def87ede7d,SVC,PREPROCESSING,UNAWARENESS,UNAWARENESS_ROS,0.677471637,0.645314353,0.454889249,0.645314353,0.704365079,0.64608076,843,0.322528363,0.013485403,1.043275883,0.35391924,-0.083583518,0.803834601,0.354685647,-0.147912726,0.692050554,0.296333003,0.052387492,1.2043971,0.295634921,0.101600163,1.468604833,0.161438422,0.354685647,0.295634921,0.704365079,0.645314353,0.703666997,299,298,299,298,710,1009,842,710,544,0.64608076,0.124756444,0.124756444,0.016248576,0.000132008,0.000133155,0.016248576,0.000132008,0.000133155,0.568222531,0.114081586,1.489702212,0.147912726,0.147912726,0.067985505,0.159534715,0.223846189,0.704365079,0.645314353,0.147912726,0.455429498,[0.66310103],1008,0.118197256,0.283005298,0.645697329,0.349713593,0.322528363,0.674839716,0.674839716,0.590649113,-2718620.555,-0.046312563,0.950509434,0.65582054,0.797022162,,,,,,,,0.147912726,0.147912726,0.159534715
9d4685ba-31be-4dad-b8e0-b0def87ede7d,CalibratedClassifierCV,PREPROCESSING,UNAWARENESS,UNAWARENESS_ROS,0.670988655,0.621589561,0.439762291,0.621589561,0.712301587,0.643734644,843,0.329011345,0.052999845,1.185237082,0.356265356,-0.039255796,0.89930035,0.378410439,-0.064355782,0.851396648,0.307618129,0.095134504,1.406483791,0.287698413,0.108480637,1.532970088,0.169657413,0.378410439,0.287698413,0.712301587,0.621589561,0.692381871,319,290,319,290,718,1037,814,718,524,0.643734644,0.08641821,0.08641821,0.004847063,1.17E-05,1.18E-05,0.004847063,1.17E-05,1.18E-05,0.582507362,0.04489295,1.389921025,0.064355782,0.108480637,0.06719515,0.130341872,0.236441819,0.712301587,0.621589561,0.064355782,0.455429498,[0.66310103],1008,0.118197256,0.283005298,0.632468316,0.335001984,0.329011345,0.666945574,0.666945574,0.609309332,-2750316.682,0.044124855,0.985268893,0.640995007,0.800912666,,,,,,,,0.064355782,0.108480637,0.130341872
9d4685ba-31be-4dad-b8e0-b0def87ede7d,XGBClassifier,PREPROCESSING,UNAWARENESS,UNAWARENESS_ROS,0.658562939,0.602609727,0.434900054,0.602609727,0.705357143,0.631055901,843,0.341437061,0.05085156,1.169345291,0.368944099,-0.042293013,0.895677233,0.397390273,-0.097633396,0.79673047,0.320267686,0.088729904,1.35201044,0.294642857,0.123135595,1.618414322,0.177730304,0.397390273,0.294642857,0.705357143,0.602609727,0.679732314,335,297,335,297,711,1046,805,711,508,0.631055901,0.110384496,0.110384496,0.012289312,7.55E-05,7.60E-05,0.012289312,7.55E-05,7.60E-05,0.596205173,0.102905689,1.4733278,0.097633396,0.123135595,0.065511459,0.148836787,0.247841516,0.705357143,0.602609727,0.097633396,0.455429498,[0.66310103],1008,0.118197256,0.283005298,0.616504854,0.309374326,0.341437061,0.653983435,0.653983435,0.581793803,-3046447.994,0.025502199,0.975081165,0.625006014,0.786324565,,,,,,,,0.097633396,0.123135595,0.148836787
9d4685ba-31be-4dad-b8e0-b0def87ede7d,LogisticRegressionCV,PREPROCESSING,UNAWARENESS,HYPERPARAMETER_ROS,0.681793625,0.678529063,0.480821178,0.678529063,0.68452381,0.642696629,843,0.318206375,0.02214662,1.073752425,0.357303371,-0.06286717,0.847322587,0.321470937,-0.149936216,0.665931589,0.281997919,0.050770642,1.208426844,0.31547619,0.127175611,1.586565061,0.151014434,0.321470937,0.31547619,0.68452381,0.678529063,0.718002081,271,318,271,318,690,961,890,690,572,0.642696629,0.138555913,0.138555913,0.022749735,0.000258775,0.000261945,0.022749735,0.000258775,0.000261945,0.549571531,0.138758418,1.526758367,0.149936216,0.149936216,0.056818906,0.177575767,0.207191723,0.68452381,0.678529063,0.149936216,0.455429498,[0.66310103],1008,0.118197256,0.283005298,0.660126947,0.361873877,0.318206375,0.681526436,0.681526436,0.587096918,-2683204.133,-0.022760606,0.947044896,0.673346888,0.806542632,16.64276767,172.4,9,225719.8197,128.0439742,959705.845,82.90792161,0.149936216,0.149936216,0.177575767
9d4685ba-31be-4dad-b8e0-b0def87ede7d,AdaBoostClassifier,PREPROCESSING,UNAWARENESS,HYPERPARAMETER_ROS,0.679632631,0.65599051,0.462452728,0.65599051,0.699404762,0.646028037,843,0.320367369,0.038818519,1.134342522,0.353971963,-0.040793721,0.895234308,0.34400949,-0.132670567,0.709497207,0.291457286,0.065618102,1.271523179,0.300595238,0.136511781,1.701174146,0.157932834,0.34400949,0.300595238,0.699404762,0.65599051,0.708542714,290,303,290,303,705,995,856,705,553,0.646028037,0.134591174,0.134591174,0.022503672,0.000253208,0.000256275,0.022503672,0.000253208,0.000256275,0.562019277,0.153304046,1.549434644,0.132670567,0.136511781,0.053205911,0.175881345,0.218348523,0.699404762,0.65599051,0.132670567,0.455429498,[0.66310103],1008,0.118197256,0.283005298,0.65097116,0.354982772,0.320367369,0.677697636,0.677697636,0.586485516,-2376232.162,0.003841214,0.959262051,0.661964978,0.804428138,41.8413806,170.4,9,225953.5459,128.0439742,960679.7041,82.99205222,0.132670567,0.136511781,0.175881345
9d4685ba-31be-4dad-b8e0-b0def87ede7d,GradientBoostingClassifier,PREPROCESSING,UNAWARENESS,UNAWARENESS_RUS,0.685575365,0.642941874,0.444624527,0.642941874,0.721230159,0.658566221,843,0.314424635,0.034975813,1.122242198,0.341433779,-0.038421419,0.897542884,0.357058126,-0.154390094,0.683749324,0.292801556,0.05780761,1.232162822,0.278769841,0.136896544,1.793297921,0.160605877,0.357058126,0.278769841,0.721230159,0.642941874,0.707198444,301,281,301,281,727,1028,823,727,542,0.658566221,0.145643319,0.145643319,0.026672011,0.000355698,0.000360829,0.026672011,0.000355698,0.000360829,0.566755462,0.203107572,1.629140136,0.154390094,0.154390094,0.048114515,0.185355734,0.223615661,0.721230159,0.642941874,0.154390094,0.455429498,[0.66310103],1008,0.118197256,0.283005298,0.650660264,0.36496748,0.314424635,0.682086016,0.682086016,0.582744745,-2718269.283,-0.01749355,0.950907685,0.659213197,0.799325192,,,,,,,,0.154390094,0.154390094,0.185355734
9d4685ba-31be-4dad-b8e0-b0def87ede7d,LogisticRegressionCV,PREPROCESSING,UNAWARENESS,UNAWARENESS_RUS,0.680713128,0.660735469,0.465694219,0.660735469,0.697420635,0.646171694,843,0.319286872,0.033982988,1.116465968,0.353828306,-0.053638814,0.865902965,0.339264531,-0.110445168,0.744972067,0.289180991,0.069504053,1.294444444,0.302579365,0.116255121,1.54736786,0.156364208,0.339264531,0.302579365,0.697420635,0.660735469,0.710819009,286,305,286,305,703,989,862,703,557,0.646171694,0.113350144,0.113350144,0.014460623,0.000104555,0.000105361,0.014460623,0.000104555,0.000105361,0.559221259,0.092111235,1.457087227,0.110445168,0.116255121,0.061571434,0.15538376,0.215894437,0.697420635,0.660735469,0.110445168,0.455429498,[0.66310103],1008,0.118197256,0.283005298,0.653372434,0.357572928,0.319286872,0.679078052,0.679078052,0.602104457,-2700506.793,0.005809953,0.969467483,0.66474139,0.810278057,,,,,,,,0.110445168,0.116255121,0.15538376
9d4685ba-31be-4dad-b8e0-b0def87ede7d,AdaBoostClassifier,PREPROCESSING,UNAWARENESS,UNAWARENESS_RUS,0.683414371,0.648873072,0.452188006,0.648873072,0.712301587,0.653524492,843,0.316585629,0.048147294,1.173428517,0.346475508,-0.023565884,0.935782967,0.351126928,-0.124290679,0.727846272,0.291913215,0.071385991,1.30031348,0.287698413,0.142701944,1.806265985,0.159318748,0.351126928,0.287698413,0.712301587,0.648873072,0.708086785,296,290,296,290,718,1014,837,718,547,0.653524492,0.133496311,0.133496311,0.023254926,0.000270396,0.000273783,0.023254926,0.000270396,0.000273783,0.564479845,0.168801194,1.573866072,0.124290679,0.142701944,0.047475937,0.177199439,0.221146683,0.712301587,0.648873072,0.124290679,0.455429498,[0.66310103],1008,0.118197256,0.283005298,0.651190476,0.361392903,0.316585629,0.68058733,0.68058733,0.589731432,-2379200.406,0.018411265,0.961740445,0.660789523,0.80467633,,,,,,,,0.124290679,0.142701944,0.177199439
9d4685ba-31be-4dad-b8e0-b0def87ede7d,SVC,PREPROCESSING,UNAWARENESS,UNAWARENESS_RUS,0.675310643,0.665480427,0.475418693,0.665480427,0.683531746,0.6375,843,0.324689357,-0.004846878,0.985250449,0.3625,-0.108980132,0.761008481,0.334519573,-0.153114415,0.670414733,0.290422245,0.04136266,1.159842142,0.316468254,0.082825974,1.328397721,0.155851913,0.334519573,0.316468254,0.683531746,0.665480427,0.709577755,282,319,282,319,689,971,880,689,561,0.6375,0.117970194,0.117970194,0.012209742,7.45E-05,7.50E-05,0.012209742,7.45E-05,7.50E-05,0.55830442,0.06881214,1.423311081,0.153114415,0.153114415,0.075171396,0.149897692,0.214438846,0.683531746,0.665480427,0.153114415,0.455429498,[0.66310103],1008,0.118197256,0.283005298,0.651189785,0.34804362,0.324689357,0.674506087,0.674506087,0.594934472,-2698979.321,-0.070288441,0.943282721,0.663845409,0.799120089,,,,,,,,0.153114415,0.153114415,0.149897692
9d4685ba-31be-4dad-b8e0-b0def87ede7d,CalibratedClassifierCV,PREPROCESSING,UNAWARENESS,UNAWARENESS_RUS,0.666126418,0.62396204,0.446785521,0.62396204,0.701388889,0.636033857,843,0.333873582,0.048506602,1.1646426,0.363966143,-0.046016712,0.885916902,0.37603796,-0.076419742,0.826690942,0.309570313,0.091063508,1.380515371,0.298611111,0.111140031,1.523284314,0.169822628,0.37603796,0.298611111,0.701388889,0.62396204,0.690429688,317,301,317,301,707,1024,827,707,526,0.636033857,0.093779887,0.093779887,0.006864614,2.36E-05,2.36E-05,0.006864614,2.36E-05,2.36E-05,0.58279092,0.053571805,1.402003792,0.076419742,0.111140031,0.06854011,0.135519692,0.236079156,0.701388889,0.62396204,0.076419742,0.455429498,[0.66310103],1008,0.118197256,0.283005298,0.62994012,0.325906762,0.333873582,0.662675465,0.662675465,0.600529835,-2705834.893,0.034720289,0.980918987,0.639477421,0.798253937,,,,,,,,0.076419742,0.111140031,0.135519692
9d4685ba-31be-4dad-b8e0-b0def87ede7d,XGBClassifier,PREPROCESSING,UNAWARENESS,UNAWARENESS_RUS,0.664505673,0.609727165,0.435440303,0.609727165,0.71031746,0.637717122,843,0.335494327,0.043508436,1.144891302,0.362282878,-0.052101291,0.872012046,0.390272835,-0.096742621,0.795228119,0.314832536,0.084161491,1.336645963,0.28968254,0.111038182,1.545535416,0.174451984,0.390272835,0.28968254,0.71031746,0.609727165,0.685167464,329,292,329,292,716,1045,806,716,514,0.637717122,0.103890401,0.103890401,0.009743701,4.75E-05,4.77E-05,0.009743701,4.75E-05,4.77E-05,0.590680935,0.08368652,1.445165826,0.096742621,0.111038182,0.068131391,0.142503508,0.243343806,0.71031746,0.609727165,0.096742621,0.455429498,[0.66310103],1008,0.118197256,0.283005298,0.623408126,0.321461469,0.335494327,0.660022313,0.660022313,0.59145233,-3033559.499,0.014295561,0.97795697,0.631706423,0.791926783,,,,,,,,0.096742621,0.111038182,0.142503508
9d4685ba-31be-4dad-b8e0-b0def87ede7d,LogisticRegressionCV,PREPROCESSING,UNAWARENESS,HYPERPARAMETER_RUS,0.680713128,0.684460261,0.48730416,0.684460261,0.677579365,0.639689579,843,0.319286872,0.03048257,1.103464876,0.360310421,-0.051565592,0.872664559,0.315539739,-0.138378129,0.680472321,0.280295047,0.057212764,1.24133384,0.322420635,0.136127017,1.62785114,0.149455881,0.315539739,0.322420635,0.677579365,0.684460261,0.719704953,266,325,266,325,683,949,902,683,577,0.639689579,0.137252573,0.137252573,0.022991277,0.000264299,0.000267572,0.022991277,0.000264299,0.000267572,0.546728234,0.135039004,1.520997694,0.138378129,0.138378129,0.054389178,0.178585612,0.204510575,0.677579365,0.684460261,0.138378129,0.455429498,[0.66310103],1008,0.118197256,0.283005298,0.661318052,0.360714654,0.319286872,0.681019813,0.681019813,0.587548091,-2661681.379,-0.002251112,0.953270817,0.675343398,0.810348015,16.42605519,171.4,9,231138.3482,128.0439742,982283.0472,84.85834102,0.138378129,0.138378129,0.178585612
9d4685ba-31be-4dad-b8e0-b0def87ede7d,AdaBoostClassifier,PREPROCESSING,UNAWARENESS,HYPERPARAMETER_RUS,0.681253377,0.682087782,0.484602917,0.682087782,0.680555556,0.641025641,843,0.318746623,0.033315431,1.114178127,0.358974359,-0.047361647,0.881595882,0.317912218,-0.135584833,0.686922296,0.280922432,0.059371521,1.251519354,0.319444444,0.137994251,1.649722933,0.150064273,0.317912218,0.319444444,0.680555556,0.682087782,0.719077568,268,322,268,322,686,954,897,686,575,0.641025641,0.136789542,0.136789542,0.023113703,0.000267122,0.000270447,0.023113703,0.000267122,0.000270447,0.547839892,0.138172008,1.525817757,0.135584833,0.137994251,0.053366584,0.178748246,0.205567796,0.680555556,0.682087782,0.135584833,0.455429498,[0.66310103],1008,0.118197256,0.283005298,0.66091954,0.361371041,0.318746623,0.681321669,0.681321669,0.58812399,-2376869.595,0.002409419,0.954659345,0.674610116,0.810467598,41.66868806,170.4,9,231386.923,128.0439742,983318.7751,84.94781641,0.135584833,0.137994251,0.178748246
9d4685ba-31be-4dad-b8e0-b0def87ede7d,GradientBoostingClassifier,PREPROCESSING,UNAWARENESS,UNAWARENESS_FOS,0.681793625,0.575326216,0.386817936,0.575326216,0.770833333,0.677374302,843,0.318206375,0.029147456,1.098933193,0.322625698,-0.051440893,0.860145072,0.424673784,-0.167487793,0.704570143,0.315418502,0.058437232,1.215893108,0.229166667,0.112882783,1.797234655,0.180694212,0.424673784,0.229166667,0.770833333,0.575326216,0.684581498,358,231,358,231,777,1135,716,777,485,0.677374302,0.140185288,0.140185288,0.02329894,0.00027142,0.000274827,0.02329894,0.00027142,0.000274827,0.601155906,0.247025177,1.703704556,0.167487793,0.167487793,0.054939063,0.173434267,0.25682944,0.770833333,0.575326216,0.167487793,0.455429498,[0.66310103],1008,0.118197256,0.283005298,0.622193714,0.35396957,0.318206375,0.673079775,0.673079775,0.578723893,-2717653.153,-0.05460501,0.952574066,0.623430991,0.776808592,,,,,,,,0.167487793,0.167487793,0.173434267
9d4685ba-31be-4dad-b8e0-b0def87ede7d,LogisticRegressionCV,PREPROCESSING,UNAWARENESS,UNAWARENESS_FOS,0.668827661,0.513641756,0.343598055,0.513641756,0.798611111,0.68081761,843,0.331172339,0.045168818,1.153313392,0.31918239,-0.044511178,0.875675676,0.486358244,-0.122674086,0.792271881,0.33744856,0.079513911,1.288370449,0.201388889,0.09418781,1.734015345,0.201983102,0.486358244,0.201388889,0.798611111,0.513641756,0.66255144,410,203,410,203,805,1215,636,805,433,0.68081761,0.108430948,0.108430948,0.010100481,5.10E-05,5.13E-05,0.010100481,5.10E-05,5.13E-05,0.635583357,0.193003706,1.614621965,0.122674086,0.122674086,0.062012544,0.141032236,0.28977242,0.798611111,0.513641756,0.122674086,0.455429498,[0.66310103],1008,0.118197256,0.283005298,0.585530764,0.327441553,0.331172339,0.656126433,0.656126433,0.584982022,-2656313.901,-0.028486276,0.984449973,0.582536954,0.759790128,,,,,,,,0.122674086,0.122674086,0.141032236
9d4685ba-31be-4dad-b8e0-b0def87ede7d,AdaBoostClassifier,PREPROCESSING,UNAWARENESS,UNAWARENESS_FOS,0.676931388,0.575326216,0.391680173,0.575326216,0.761904762,0.668965517,843,0.323068612,0.028154631,1.093760234,0.331034483,-0.054858934,0.855371901,0.424673784,-0.176758457,0.692488712,0.317939609,0.056959259,1.207550175,0.238095238,0.118688183,1.812834225,0.181962841,0.424673784,0.238095238,0.761904762,0.575326216,0.682060391,358,240,358,240,768,1126,725,768,485,0.668965517,0.14772332,0.14772332,0.025698957,0.000330218,0.000334803,0.025698957,0.000330218,0.000334803,0.603262532,0.261220999,1.728081887,0.176758457,0.176758457,0.055909096,0.179442278,0.257857393,0.761904762,0.575326216,0.176758457,0.455429498,[0.66310103],1008,0.118197256,0.283005298,0.618622449,0.344059312,0.323068612,0.668615489,0.668615489,0.569845389,-2377962.666,-0.058070274,0.946346812,0.620874578,0.772740028,,,,,,,,0.176758457,0.176758457,0.179442278
9d4685ba-31be-4dad-b8e0-b0def87ede7d,SVC,PREPROCESSING,UNAWARENESS,UNAWARENESS_FOS,0.669367909,0.498220641,0.329011345,0.498220641,0.8125,0.689655172,843,0.330632091,0.041000843,1.137840931,0.310344828,-0.055772852,0.844632768,0.501779359,-0.123058989,0.797032576,0.34057971,0.077807653,1.277884473,0.1875,0.081988548,1.661764706,0.206153772,0.501779359,0.1875,0.8125,0.498220641,0.65942029,423,189,423,189,819,1242,609,819,420,0.689655172,0.102523768,0.102523768,0.006886061,2.37E-05,2.38E-05,0.006886061,2.37E-05,2.38E-05,0.642111785,0.18634269,1.604215878,0.123058989,0.123058989,0.066790252,0.133509457,0.297187859,0.8125,0.498220641,0.123058989,0.455429498,[0.66310103],1008,0.118197256,0.283005298,0.578512397,0.329340176,0.330632091,0.65536032,0.65536032,0.588170311,-2735826.341,-0.041070442,0.985684583,0.573650948,0.753680574,,,,,,,,0.123058989,0.123058989,0.133509457
9d4685ba-31be-4dad-b8e0-b0def87ede7d,CalibratedClassifierCV,PREPROCESSING,UNAWARENESS,UNAWARENESS_FOS,0.669367909,0.521945433,0.350621286,0.521945433,0.79265873,0.677966102,843,0.330632091,0.048001679,1.16451061,0.322033898,-0.036198219,0.897646415,0.478054567,-0.123179959,0.788596557,0.335274542,0.080320728,1.294147531,0.20734127,0.101860444,1.793808978,0.199438457,0.478054567,0.20734127,0.79265873,0.521945433,0.664725458,403,209,403,209,799,1202,649,799,440,0.677966102,0.112520201,0.112520201,0.012293548,7.56E-05,7.61E-05,0.012293548,7.56E-05,7.61E-05,0.63156703,0.202180573,1.629416458,0.123179959,0.123179959,0.058259474,0.146210055,0.28557277,0.79265873,0.521945433,0.123179959,0.455429498,[0.66310103],1008,0.118197256,0.283005298,0.589812332,0.328347668,0.330632091,0.657302082,0.657302082,0.583342319,-2727964.741,-0.021319515,0.983783635,0.587623432,0.763255148,,,,,,,,0.123179959,0.123179959,0.146210055
9d4685ba-31be-4dad-b8e0-b0def87ede7d,XGBClassifier,PREPROCESSING,UNAWARENESS,UNAWARENESS_FOS,0.664505673,0.548042705,0.379254457,0.548042705,0.761904762,0.658119658,843,0.335494327,0.050509272,1.171440125,0.341880342,-0.036474164,0.902377972,0.451957295,-0.11682356,0.788048683,0.331592689,0.083444495,1.312320825,0.238095238,0.112984632,1.751015496,0.193151739,0.451957295,0.238095238,0.761904762,0.548042705,0.668407311,381,240,381,240,768,1149,702,768,462,0.658119658,0.114904096,0.114904096,0.013561117,9.20E-05,9.26E-05,0.013561117,9.20E-05,9.26E-05,0.621533167,0.1733141,1.582204845,0.11682356,0.11682356,0.05995933,0.150086801,0.273800293,0.761904762,0.548042705,0.11682356,0.455429498,[0.66310103],1008,0.118197256,0.283005298,0.598058252,0.31812923,0.335494327,0.654973733,0.654973733,0.579714568,-3022071.799,-0.003838928,0.982035305,0.599804308,0.77136647,,,,,,,,0.11682356,0.11682356,0.150086801
9d4685ba-31be-4dad-b8e0-b0def87ede7d,LogisticRegressionCV,PREPROCESSING,UNAWARENESS,HYPERPARAMETER_FOS,0.675310643,0.525504152,0.347920043,0.525504152,0.800595238,0.687888199,843,0.324689357,0.047659391,1.166571931,0.312111801,-0.033634233,0.901499746,0.474495848,-0.118099239,0.79453968,0.331400166,0.079986281,1.296935371,0.199404762,0.097333816,1.785622945,0.196557185,0.474495848,0.199404762,0.800595238,0.525504152,0.668599834,400,201,400,201,807,1207,644,807,443,0.687888199,0.107716528,0.107716528,0.010861521,5.90E-05,5.93E-05,0.010861521,5.90E-05,5.93E-05,0.626988333,0.193330958,1.615047706,0.118099239,0.118099239,0.056810257,0.142872272,0.282410767,0.800595238,0.525504152,0.118099239,0.455429498,[0.66310103],1008,0.118197256,0.283005298,0.595830531,0.34095532,0.324689357,0.663049695,0.663049695,0.591628284,-2712612.959,-0.020765423,0.986754577,0.59264362,0.76790112,16.52036238,171.3,9,235876.4935,128.0439742,1002025.319,86.56385396,0.118099239,0.118099239,0.142872272
9d4685ba-31be-4dad-b8e0-b0def87ede7d,AdaBoostClassifier,PREPROCESSING,UNAWARENESS,HYPERPARAMETER_FOS,0.692058347,0.606168446,0.404646137,0.606168446,0.763888889,0.682242991,843,0.307941653,0.023464714,1.081206314,0.317757009,-0.054615788,0.850609756,0.393831554,-0.166717987,0.688629642,0.301270417,0.052000731,1.198826324,0.236111111,0.110427087,1.734015345,0.16945536,0.393831554,0.236111111,0.763888889,0.606168446,0.698729583,332,238,332,238,770,1102,749,770,511,0.682242991,0.138572537,0.138572537,0.023286335,0.000271127,0.000274528,0.023286335,0.000271127,0.000274528,0.58216039,0.222699375,1.662201932,0.166717987,0.166717987,0.053308259,0.174461132,0.239903118,0.763888889,0.606168446,0.166717987,0.455429498,[0.66310103],1008,0.118197256,0.283005298,0.641959799,0.375475292,0.307941653,0.685028667,0.685028667,0.590102507,-2375276.607,-0.0562909,0.949422047,0.6448283,0.789578404,41.54433751,170.5,9,236128.4938,128.0439742,1003075.32,86.65456239,0.166717987,0.166717987,0.174461132
9d4685ba-31be-4dad-b8e0-b0def87ede7d,GradientBoostingClassifier,PREPROCESSING,UNAWARENESS,UNAWARENESS_FAIR_SMOTE,0.646137223,0.721233689,0.555375473,0.721233689,0.583333333,0.591439689,843,0.353862777,0.045202858,1.142469722,0.408560311,-0.04432824,0.900789177,0.278766311,-0.126050235,0.67329837,0.285540705,0.07328691,1.317078059,0.416666667,0.177760677,1.637681159,0.142110479,0.278766311,0.416666667,0.583333333,0.721233689,0.714459295,235,420,235,420,588,823,1028,588,608,0.591439689,0.151905456,0.151905456,0.026605779,0.000353934,0.000359026,0.026605779,0.000353934,0.000359026,0.533123774,0.109846922,1.482406802,0.126050235,0.177760677,0.058807575,0.192689403,0.190713214,0.583333333,0.721233689,0.126050235,0.455429498,[0.66310103],1008,0.118197256,0.283005298,0.649919829,0.305232277,0.353862777,0.652283511,0.652283511,0.553198087,-2885624.526,0.051710442,0.93596135,0.670717302,0.800319755,,,,,,,,0.126050235,0.177760677,0.192689403
9d4685ba-31be-4dad-b8e0-b0def87ede7d,LogisticRegressionCV,PREPROCESSING,UNAWARENESS,UNAWARENESS_FAIR_SMOTE,0.628309022,0.609727165,0.471636953,0.609727165,0.643849206,0.588774341,843,0.371690978,0.060231394,1.186505985,0.411225659,-0.045042511,0.899819244,0.390272835,-0.059659966,0.864699721,0.336400818,0.112068966,1.448275862,0.356150794,0.128273318,1.499823618,0.179837492,0.390272835,0.356150794,0.643849206,0.609727165,0.663599182,329,359,329,359,649,978,873,649,514,0.588774341,0.093966642,0.093966642,0.005035714,1.27E-05,1.27E-05,0.005035714,1.27E-05,1.27E-05,0.599729092,0.022770088,1.359083429,0.059659966,0.128273318,0.078555738,0.131223123,0.24850498,0.643849206,0.609727165,0.059659966,0.455429498,[0.66310103],1008,0.118197256,0.283005298,0.599067599,0.252974232,0.371690978,0.626788186,0.626788186,0.567891005,-4604635.585,0.068613352,0.976222353,0.612130962,0.777921329,,,,,,,,0.059659966,0.128273318,0.131223123
9d4685ba-31be-4dad-b8e0-b0def87ede7d,AdaBoostClassifier,PREPROCESSING,UNAWARENESS,UNAWARENESS_FAIR_SMOTE,0.636952998,0.651245552,0.500810373,0.651245552,0.625,0.59223301,843,0.363047002,0.046050069,1.141353689,0.40776699,-0.056388042,0.876310102,0.348754448,-0.080730656,0.80655107,0.318181818,0.096637314,1.395665982,0.375,0.129755788,1.472980777,0.165163151,0.348754448,0.375,0.625,0.651245552,0.681818182,294,378,294,378,630,924,927,630,549,0.59223301,0.105243222,0.105243222,0.009233901,4.26E-05,4.28E-05,0.009233901,4.26E-05,4.28E-05,0.574740204,0.031343382,1.37056762,0.080730656,0.129755788,0.076512678,0.142768261,0.226429699,0.625,0.651245552,0.080730656,0.455429498,[0.66310103],1008,0.118197256,0.283005298,0.620338983,0.275146184,0.363047002,0.638122776,0.638122776,0.570964679,-2390331.389,0.049025133,0.967798068,0.635927953,0.790906015,,,,,,,,0.080730656,0.129755788,0.142768261
9d4685ba-31be-4dad-b8e0-b0def87ede7d,SVC,PREPROCESSING,UNAWARENESS,UNAWARENESS_FAIR_SMOTE,0.620205294,0.835112693,0.685035116,0.835112693,0.44047619,0.555205047,843,0.379794706,-0.034767792,0.91477062,0.444794953,-0.115580841,0.786700811,0.164887307,-0.121068491,0.547773579,0.238421955,0.01582756,1.069827469,0.55952381,0.093836996,1.192792374,0.108165051,0.164887307,0.55952381,0.44047619,0.835112693,0.761578045,139,564,139,564,444,583,1268,444,704,0.555205047,0.107452743,0.107452743,0.005648715,1.60E-05,1.60E-05,0.005648715,1.60E-05,1.60E-05,0.465112999,0.102322575,1.236278914,0.121068491,0.121068491,0.065704201,0.135877109,0.136834645,0.44047619,0.835112693,0.121068491,0.455429498,[0.66310103],1008,0.118197256,0.283005298,0.666982473,0.295468947,0.379794706,0.637794442,0.637794442,0.569261679,-2837446.598,-0.027231495,0.943037711,0.696200692,0.818645065,,,,,,,,0.121068491,0.121068491,0.135877109
9d4685ba-31be-4dad-b8e0-b0def87ede7d,CalibratedClassifierCV,PREPROCESSING,UNAWARENESS,UNAWARENESS_FAIR_SMOTE,0.628309022,0.578884935,0.44354403,0.578884935,0.669642857,0.594397077,843,0.371690978,0.042729305,1.126751635,0.405602923,-0.070653615,0.84841588,0.421115065,-0.097512427,0.806498778,0.344660194,0.09369731,1.344044811,0.330357143,0.112135889,1.460776564,0.190270895,0.421115065,0.330357143,0.669642857,0.578884935,0.655339806,355,333,355,333,675,1030,821,675,488,0.594397077,0.104824158,0.104824158,0.006686384,2.24E-05,2.24E-05,0.006686384,2.24E-05,2.24E-05,0.616880694,0.054893033,1.403900115,0.097512427,0.112135889,0.082175463,0.135014769,0.264354708,0.669642857,0.578884935,0.097512427,0.455429498,[0.66310103],1008,0.118197256,0.283005298,0.586538462,0.249131604,0.371690978,0.624263896,0.624263896,0.558825959,-3457201.445,0.014623463,0.9749588,0.597139634,0.766981403,,,,,,,,0.097512427,0.112135889,0.135014769
9d4685ba-31be-4dad-b8e0-b0def87ede7d,XGBClassifier,PREPROCESSING,UNAWARENESS,UNAWARENESS_FAIR_SMOTE,0.646137223,0.676156584,0.514316586,0.676156584,0.621031746,0.598739496,843,0.353862777,0.017199514,1.050595238,0.401260504,-0.088005811,0.815060252,0.323843416,-0.091518937,0.772099901,0.303670745,0.076081209,1.310291989,0.378968254,0.09494602,1.310982616,0.156253124,0.323843416,0.378968254,0.621031746,0.676156584,0.696329255,273,382,273,382,626,899,952,626,570,0.598739496,0.093232479,0.093232479,0.003619647,6.55E-06,6.56E-06,0.003619647,6.55E-06,6.56E-06,0.559022582,-0.012494914,1.311500391,0.091518937,0.09494602,0.08204351,0.127953419,0.212967502,0.621031746,0.676156584,0.091518937,0.455429498,[0.66310103],1008,0.118197256,0.283005298,0.635097493,0.296126644,0.353862777,0.648594165,0.648594165,0.588124123,-4116818.395,0.003427083,0.972086986,0.652008411,0.803118327,,,,,,,,0.091518937,0.09494602,0.127953419
9d4685ba-31be-4dad-b8e0-b0def87ede7d,LogisticRegressionCV,PREPROCESSING,UNAWARENESS,HYPERPARAMETER_FAIR_SMOTE,0.626688277,0.608540925,0.472177202,0.608540925,0.641865079,0.586956522,843,0.373311723,0.058733647,1.180286759,0.413043478,-0.047932175,0.894386732,0.391459075,-0.058263318,0.867867119,0.33776868,0.112274149,1.447091701,0.358134921,0.125127311,1.479301227,0.180421714,0.391459075,0.358134921,0.641865079,0.608540925,0.66223132,330,361,330,361,647,977,874,647,513,0.586956522,0.091695315,0.091695315,0.003938455,7.76E-06,7.77E-06,0.003938455,7.76E-06,7.77E-06,0.600702446,0.015077743,1.348628941,0.058263318,0.125127311,0.080103162,0.128390262,0.249306117,0.641865079,0.608540925,0.058263318,0.455429498,[0.66310103],1008,0.118197256,0.283005298,0.597553873,0.249796181,0.373311723,0.625203002,0.625203002,0.567874816,-4626043.839,0.066863994,0.977114115,0.610692768,0.777247397,16.27750707,171.6,9,242240.447,128.0439742,1028541.792,88.85458257,0.058263318,0.125127311,0.128390262
9d4685ba-31be-4dad-b8e0-b0def87ede7d,AdaBoostClassifier,PREPROCESSING,UNAWARENESS,HYPERPARAMETER_FAIR_SMOTE,0.651539708,0.692763938,0.524041059,0.692763938,0.617063492,0.602061856,843,0.348460292,0.042027708,1.133655685,0.397938144,-0.05028918,0.886011191,0.307236062,-0.11107201,0.723408917,0.293984109,0.078229971,1.332860855,0.382936508,0.15139307,1.570247229,0.150513842,0.307236062,0.382936508,0.617063492,0.692763938,0.706015891,259,386,259,386,622,881,970,622,584,0.602061856,0.13123254,0.13123254,0.019586107,0.000191808,0.000193823,0.019586107,0.000191808,0.000193823,0.548659899,0.084246246,1.445073824,0.11107201,0.15139307,0.064259575,0.171473201,0.204170449,0.617063492,0.692763938,0.11107201,0.455429498,[0.66310103],1008,0.118197256,0.283005298,0.644236073,0.30895135,0.348460292,0.654913715,0.654913715,0.568967725,-2381314.637,0.04032106,0.951855138,0.662171983,0.801569687,40.85955882,170.7,9,242486.1651,128.0439742,1029565.617,88.94302971,0.11107201,0.15139307,0.171473201
9d4685ba-31be-4dad-b8e0-b0def87ede7d,GradientBoostingClassifier,PREPROCESSING,REWEIGHTER,REWEIGHTER,0.682874122,0.584816133,0.394381415,0.584816133,0.764880952,0.675342466,843,0.317125878,0.024311925,1.081734376,0.324657534,-0.069959253,0.818484099,0.415183867,-0.141578322,0.735581663,0.312221231,0.061797449,1.233558007,0.235119048,0.092037662,1.562175987,0.177738257,0.415183867,0.235119048,0.764880952,0.584816133,0.687778769,350,237,350,237,771,1121,730,771,493,0.675342466,0.116807992,0.116807992,0.01384033,9.58E-05,9.65E-05,0.01384033,9.58E-05,9.65E-05,0.596218512,0.157032396,1.556255563,0.141578322,0.141578322,0.065878351,0.1512763,0.252031147,0.764880952,0.584816133,0.141578322,0.455429498,[0.66310103],1008,0.118197256,0.283005298,0.626827718,0.356345952,0.317125878,0.674848543,0.674848543,0.59602084,-2703114.847,-0.049540661,0.963700993,0.628973993,0.784723664,,,,,,,,0.141578322,0.141578322,0.1512763
9d4685ba-31be-4dad-b8e0-b0def87ede7d,LogisticRegressionCV,PREPROCESSING,REWEIGHTER,REWEIGHTER,0.674230146,0.525504152,0.34900054,0.525504152,0.798611111,0.685758514,843,0.325769854,0.034992833,1.117642571,0.314241486,-0.080442492,0.789955717,0.474495848,-0.081016584,0.85088252,0.331950207,0.083485025,1.313371327,0.201388889,0.054262952,1.340650753,0.19690348,0.474495848,0.201388889,0.798611111,0.525504152,0.668049793,400,203,400,203,805,1205,646,805,443,0.685758514,0.067639768,0.067639768,0.007032163,2.47E-05,2.46E-05,0.007032163,2.47E-05,2.46E-05,0.627540405,0.039591716,1.383802517,0.081016584,0.081016584,0.081963758,0.10220237,0.282673183,0.798611111,0.525504152,0.081016584,0.455429498,[0.66310103],1008,0.118197256,0.283005298,0.595030222,0.33863649,0.325769854,0.662057631,0.662057631,0.617276207,-2689182.169,-0.026753632,0.996809944,0.592102008,0.770967939,22.10271335,172.2,9,247952.1281,128.0439742,1052340.463,90.91052337,0.081016584,0.081016584,0.10220237
9d4685ba-31be-4dad-b8e0-b0def87ede7d,AdaBoostClassifier,PREPROCESSING,REWEIGHTER,REWEIGHTER,0.681253377,0.578884935,0.390599676,0.578884935,0.766865079,0.674965422,843,0.318746623,0.019313759,1.063717355,0.325034578,-0.081638756,0.793754722,0.421115065,-0.143865746,0.735203627,0.314716312,0.059875719,1.223015358,0.233134921,0.083776566,1.498250101,0.179833138,0.421115065,0.233134921,0.766865079,0.578884935,0.685283688,355,235,355,235,773,1128,723,773,488,0.674965422,0.113821156,0.113821156,0.011933244,7.12E-05,7.17E-05,0.011933244,7.12E-05,7.17E-05,0.599721832,0.14593878,1.539072931,0.143865746,0.143865746,0.070757237,0.146603403,0.255229631,0.766865079,0.578884935,0.143865746,0.455429498,[0.66310103],1008,0.118197256,0.283005298,0.623243934,0.352925112,0.318746623,0.672875007,0.672875007,0.596287596,-2376463.867,-0.06008918,0.962090709,0.625019552,0.781471361,,,,,,,,0.143865746,0.143865746,0.146603403
9d4685ba-31be-4dad-b8e0-b0def87ede7d,SVC,PREPROCESSING,REWEIGHTER,REWEIGHTER,0.670988655,0.49940688,0.328471097,0.49940688,0.814484127,0.692434211,843,0.329011345,0.035497755,1.118214223,0.307565789,-0.072457657,0.804364326,0.50059312,-0.115184973,0.807519847,0.339501207,0.076921912,1.275299474,0.185515873,0.068023901,1.512446718,0.205255995,0.50059312,0.185515873,0.814484127,0.49940688,0.660498793,422,187,422,187,821,1243,608,821,421,0.692434211,0.091604437,0.091604437,0.00186448,1.74E-06,1.74E-06,0.00186448,1.74E-06,1.74E-06,0.640712096,0.141283962,1.53316356,0.115184973,0.115184973,0.074689784,0.122340647,0.296191037,0.814484127,0.49940688,0.115184973,0.455429498,[0.66310103],1008,0.118197256,0.283005298,0.580289456,0.332840046,0.329011345,0.656945504,0.656945504,0.596766381,-2726738.53,-0.047161073,0.98716688,0.575154326,0.755287729,32.1838069,182.4,9,248280.881,128.0439742,1053710.267,91.02885918,0.115184973,0.115184973,0.122340647
9d4685ba-31be-4dad-b8e0-b0def87ede7d,RidgeClassifierCV,PREPROCESSING,REWEIGHTER,REWEIGHTER,0.669908158,0.526690391,0.354403025,0.526690391,0.78968254,0.676829268,843,0.330091842,0.064836212,1.233542683,0.323170732,-0.046115288,0.872576177,0.473309609,0.001022742,1.002164804,0.333891213,0.116037061,1.479619852,0.21031746,0.054364801,1.3233275,0.19791137,0.473309609,0.21031746,0.78968254,0.526690391,0.666108787,399,212,399,212,796,1195,656,796,444,0.676829268,0.027693772,0.026671029,0.02089946,0.000218394,0.000216052,0.02089946,0.000218394,0.000216052,0.62914445,-0.072330997,1.236588467,-0.001022742,0.054364801,0.081076175,0.07037334,0.283120925,0.78968254,0.526690391,-0.001022742,0.455429498,[0.66310103],1008,0.118197256,0.283005298,0.59239493,0.329387792,0.330091842,0.658186466,0.658186466,0.640631955,-2734424.744,0.053342059,1.014484002,0.590614702,0.775851528,,,,,,,,0.001022742,0.054364801,0.07037334
9d4685ba-31be-4dad-b8e0-b0def87ede7d,XGBClassifier,PREPROCESSING,REWEIGHTER,REWEIGHTER,0.659643436,0.536180308,0.373311723,0.536180308,0.762896825,0.654124457,843,0.340356564,0.039015193,1.126351956,0.345875543,-0.081761006,0.803030303,0.463819692,-0.056503761,0.889600344,0.337068966,0.093906727,1.356845564,0.237103175,0.054670348,1.280806789,0.197988222,0.463819692,0.237103175,0.762896825,0.536180308,0.662931034,391,239,391,239,769,1160,691,769,452,0.654124457,0.055587055,0.055587055,0.011966983,7.16E-05,7.12E-05,0.011966983,7.16E-05,7.12E-05,0.629266592,-0.021940685,1.300507595,0.056503761,0.056503761,0.087833867,0.090237408,0.280697581,0.762896825,0.536180308,0.056503761,0.455429498,[0.66310103],1008,0.118197256,0.283005298,0.589308996,0.307935136,0.340356564,0.649538567,0.649538567,0.613432631,-3004733.452,-0.001833413,1.00303577,0.590793381,0.772131686,20.18080783,194.1,9,248517.5449,128.0439742,1054696.367,91.11404723,0.056503761,0.056503761,0.090237408
9d4685ba-31be-4dad-b8e0-b0def87ede7d,LogisticRegressionCV,PREPROCESSING,REWEIGHTER,HYPERPARAMETER,0.671528903,0.523131673,0.349540789,0.523131673,0.795634921,0.681607419,843,0.328471097,0.045331452,1.155359249,0.318392581,-0.044531845,0.875310835,0.476868327,-0.115305943,0.79939925,0.333887043,0.080496193,1.296622958,0.204365079,0.092320576,1.695481671,0.198426812,0.476868327,0.204365079,0.795634921,0.523131673,0.666112957,402,206,402,206,802,1204,647,802,441,0.681607419,0.103813259,0.103813259,0.008645713,3.74E-05,3.75E-05,0.008645713,3.74E-05,3.75E-05,0.629963193,0.171153916,1.579399517,0.115305943,0.115305943,0.062514019,0.137874106,0.284478885,0.795634921,0.523131673,0.115305943,0.455429498,[0.66310103],1008,0.118197256,0.283005298,0.591946309,0.332928881,0.328471097,0.659383297,0.659383297,0.590930567,-2653477.832,-0.022985367,0.986742147,0.589385612,0.765546878,9.310791492,206.7,9,248635.4515,128.0439742,1055187.644,91.15648813,0.115305943,0.115305943,0.137874106
9d4685ba-31be-4dad-b8e0-b0def87ede7d,AdaBoostClassifier,PREPROCESSING,REWEIGHTER,HYPERPARAMETER,0.692058347,0.603795967,0.402485143,0.603795967,0.765873016,0.683221477,843,0.307941653,0.023464714,1.081206314,0.316778523,-0.065687838,0.824240649,0.396204033,-0.1361127,0.734056725,0.30198915,0.059822188,1.233766703,0.234126984,0.090758889,1.554365107,0.170104611,0.396204033,0.234126984,0.765873016,0.603795967,0.69801085,334,236,334,236,772,1106,745,772,509,0.683221477,0.113435794,0.113435794,0.013519509,9.14E-05,9.20E-05,0.013519509,9.14E-05,9.20E-05,0.583274568,0.145153671,1.53765964,0.1361127,0.1361127,0.062755013,0.150788398,0.241029184,0.765873016,0.603795967,0.1361127,0.455429498,[0.66310103],1008,0.118197256,0.283005298,0.641057935,0.375406135,0.307941653,0.684834491,0.684834491,0.607149747,-2375223.515,-0.04535381,0.965479618,0.643628363,0.795084698,,,,,,,,0.1361127,0.1361127,0.150788398
9d4685ba-31be-4dad-b8e0-b0def87ede7d,GradientBoostingClassifier,PREPROCESSING,REWEIGHTER,REWEIGHTER_SMOTE,0.685575365,0.629893238,0.43273906,0.629893238,0.732142857,0.662921348,843,0.314424635,0.017473723,1.058190795,0.337078652,-0.085695007,0.791118421,0.370106762,-0.10194431,0.776777114,0.297142857,0.0662766,1.269677201,0.267857143,0.071498087,1.336636829,0.164327616,0.370106762,0.267857143,0.732142857,0.629893238,0.702857143,312,270,312,270,738,1050,801,738,531,0.662921348,0.086721199,0.086721199,0.002800514,3.92E-06,3.93E-06,0.002800514,3.92E-06,3.93E-06,0.573284599,0.035988428,1.377631714,0.10194431,0.10194431,0.075985803,0.125164053,0.229861433,0.732142857,0.629893238,0.10194431,0.455429498,[0.66310103],1008,0.118197256,0.283005298,0.645985401,0.363902483,0.314424635,0.681018048,0.681018048,0.621959346,-2702694.107,-0.030446223,0.976565303,0.652994122,0.805504097,,,,,,,,0.10194431,0.10194431,0.125164053
9d4685ba-31be-4dad-b8e0-b0def87ede7d,LogisticRegressionCV,PREPROCESSING,REWEIGHTER,REWEIGHTER_SMOTE,0.677471637,0.676156584,0.482982172,0.676156584,0.678571429,0.637583893,843,0.322528363,0.006484567,1.020437965,0.362416107,-0.101347388,0.773551931,0.323843416,-0.063706946,0.831442039,0.285266458,0.072633391,1.317771084,0.321428571,0.049294978,1.17407289,0.152372399,0.323843416,0.321428571,0.678571429,0.676156584,0.714733542,273,324,273,324,684,957,894,684,570,0.637583893,0.056500962,0.056500962,0.008396352,3.52E-05,3.51E-05,0.008396352,3.52E-05,3.51E-05,0.552036953,-0.070525709,1.237561504,0.063706946,0.063706946,0.086990389,0.096235963,0.208971159,0.678571429,0.676156584,0.063706946,0.455429498,[0.66310103],1008,0.118197256,0.283005298,0.656303972,0.353520669,0.322528363,0.677364006,0.677364006,0.639092288,-2709369.151,-0.014411968,0.987506195,0.669836013,0.820698905,23.02376842,177.7,9,265782.5939,128.0439742,1126634.071,97.32866556,0.063706946,0.063706946,0.096235963
9d4685ba-31be-4dad-b8e0-b0def87ede7d,AdaBoostClassifier,PREPROCESSING,REWEIGHTER,REWEIGHTER_SMOTE,0.668287412,0.614472123,0.435980551,0.614472123,0.713293651,0.641883519,843,0.331712588,0.017833031,1.056205894,0.358116481,-0.106222806,0.761855322,0.385527877,-0.009622575,0.975558659,0.311302682,0.097680441,1.418072289,0.286706349,0.015945047,1.058122267,0.17230426,0.385527877,0.286706349,0.713293651,0.614472123,0.688697318,325,289,325,289,719,1044,807,719,518,0.641883519,0.012783811,0.012783811,0.026457838,0.000350009,0.000345286,0.026457838,0.000350009,0.000345286,0.587033661,-0.159290087,1.132464389,0.009622575,0.015945047,0.101951624,0.052160198,0.240378346,0.713293651,0.614472123,0.009622575,0.455429498,[0.66310103],1008,0.118197256,0.283005298,0.627878788,0.329170296,0.331712588,0.663882887,0.663882887,0.655395934,-2376786.738,0.006322472,1.009086812,0.636073053,0.806412644,,,,,,,,0.009622575,0.015945047,0.052160198
9d4685ba-31be-4dad-b8e0-b0def87ede7d,SVC,PREPROCESSING,REWEIGHTER,REWEIGHTER_SMOTE,0.678552134,0.677342823,0.482982172,0.677342823,0.679563492,0.638702461,843,0.321447866,-0.005351801,0.983572299,0.361297539,-0.107171997,0.763482489,0.322657177,-0.148539568,0.669043419,0.284221526,0.040382514,1.159404659,0.320436508,0.082237512,1.32044272,0.151860734,0.322657177,0.320436508,0.679563492,0.677342823,0.715778474,272,323,272,323,685,957,894,685,571,0.638702461,0.11538854,0.11538854,0.011678109,6.82E-05,6.86E-05,0.011678109,6.82E-05,6.86E-05,0.551109307,0.059643911,1.410203188,0.148539568,0.148539568,0.073777256,0.148742232,0.208242298,0.679563492,0.677342823,0.148539568,0.455429498,[0.66310103],1008,0.118197256,0.283005298,0.657455383,0.355691558,0.321447866,0.678453158,0.678453158,0.600167438,-2704979.753,-0.066302056,0.945010909,0.670975951,0.804241384,35.24211431,188.5,9,266163.7151,128.0439742,1128222.076,97.46585152,0.148539568,0.148539568,0.148742232
9d4685ba-31be-4dad-b8e0-b0def87ede7d,RidgeClassifierCV,PREPROCESSING,REWEIGHTER,REWEIGHTER_SMOTE,0.66180443,0.632265718,0.458670989,0.632265718,0.686507937,0.627797409,843,0.33819557,0.004841205,1.014482587,0.372202591,-0.120013523,0.744971264,0.367734282,0.006510359,1.017974253,0.309381238,0.099177057,1.431204597,0.313492063,-0.00656361,0.979397556,0.168001615,0.367734282,0.313492063,0.686507937,0.632265718,0.690618762,310,316,310,316,692,1002,849,692,533,0.627797409,0.006536985,-0.006536985,0.034070475,0.000580399,0.000570395,0.034070475,0.000580399,0.000570395,0.579657855,-0.213894656,1.071965235,-0.006510359,0.00656361,0.10959529,0.031191731,0.232665215,0.686507937,0.632265718,-0.006510359,0.455429498,[0.66310103],1008,0.118197256,0.283005298,0.630023641,0.318594863,0.33819557,0.659386827,0.659386827,0.663697229,-2766025.592,5.33E-05,1.005474292,0.641042634,0.808491658,,,,,,,,0.006510359,0.00656361,0.031191731
9d4685ba-31be-4dad-b8e0-b0def87ede7d,XGBClassifier,PREPROCESSING,REWEIGHTER,REWEIGHTER_SMOTE,0.670448406,0.583629893,0.405726634,0.583629893,0.743055556,0.655126498,843,0.329551594,0.043166148,1.146515867,0.344873502,-0.073701517,0.818694268,0.416370107,-0.010392381,0.975558659,0.319090909,0.106596702,1.454022989,0.256944444,0.046024489,1.208030691,0.18109513,0.416370107,0.256944444,0.743055556,0.583629893,0.680909091,351,259,351,259,749,1100,751,749,492,0.655126498,0.028208435,0.028208435,0.019601075,0.000192101,0.000190167,0.019601075,0.000192101,0.000190167,0.601822448,-0.099167011,1.203143487,0.010392381,0.046024489,0.090149109,0.070783708,0.255102364,0.743055556,0.583629893,0.010392381,0.455429498,[0.66310103],1008,0.118197256,0.283005298,0.617314931,0.331327538,0.329551594,0.663342724,0.663342724,0.644630864,-3026698.509,0.035632108,1.008552978,0.621778099,0.796273383,20.10851741,201.7,9,266429.7662,128.0439742,1129330.622,97.56161762,0.010392381,0.046024489,0.070783708
9d4685ba-31be-4dad-b8e0-b0def87ede7d,LogisticRegressionCV,PREPROCESSING,REWEIGHTER,HYPERPARAMETER_SMOTE,0.676931388,0.698695136,0.504051864,0.698695136,0.658730159,0.631296892,843,0.323068612,0.024654213,1.081335862,0.368703108,-0.066174136,0.844432734,0.301304864,-0.108784586,0.723687151,0.276688453,0.063534991,1.278283262,0.341269841,0.114795283,1.455153228,0.145826615,0.301304864,0.341269841,0.658730159,0.698695136,0.723311547,254,344,254,344,664,918,933,664,589,0.631296892,0.111789935,0.111789935,0.013328745,8.88E-05,8.95E-05,0.013328745,8.88E-05,8.95E-05,0.540049284,0.056160451,1.405092362,0.108784586,0.114795283,0.064854563,0.153774438,0.198213229,0.658730159,0.698695136,0.108784586,0.455429498,[0.66310103],1008,0.118197256,0.283005298,0.663288288,0.356014081,0.323068612,0.678712648,0.678712648,0.602839405,-2675730.39,0.006010697,0.964980757,0.679327205,0.817633369,9.597704649,214.8,9,266555.9054,128.0439742,1129856.202,97.6070219,0.108784586,0.114795283,0.153774438
9d4685ba-31be-4dad-b8e0-b0def87ede7d,AdaBoostClassifier,PREPROCESSING,REWEIGHTER,HYPERPARAMETER_SMOTE,0.684494868,0.677342823,0.477039438,0.677342823,0.69047619,0.646659117,843,0.315505132,0.018808837,1.062636975,0.353340883,-0.081313131,0.807416268,0.322657177,-0.074374258,0.807234067,0.280991736,0.072562691,1.322829932,0.30952381,0.073874567,1.292906178,0.150925604,0.322657177,0.30952381,0.69047619,0.677342823,0.719008264,272,312,272,312,696,968,883,696,571,0.646659117,0.074124412,0.074124412,0.000500327,1.25E-07,1.25E-07,0.000500327,1.25E-07,1.25E-07,0.549409873,-0.017162319,1.30566187,0.074374258,0.074374258,0.076937911,0.116896183,0.207347817,0.69047619,0.677342823,0.074374258,0.455429498,[0.66310103],1008,0.118197256,0.283005298,0.661645423,0.366741619,0.315505132,0.683909507,0.683909507,0.633215117,-2376034.806,-0.000499691,0.985472833,0.674358529,0.82279012,,,,,,,,0.074374258,0.074374258,0.116896183
9d4685ba-31be-4dad-b8e0-b0def87ede7d,GradientBoostingClassifier,PREPROCESSING,REWEIGHTER,REWEIGHTER_ROS,0.681793625,0.659549229,0.463533225,0.659549229,0.700396825,0.648018648,843,0.318206375,0.0571508,1.210148253,0.351981352,-0.023189836,0.937645108,0.340450771,-0.071965865,0.820790886,0.289023162,0.090290679,1.41073407,0.299603175,0.129529457,1.650525718,0.15652323,0.340450771,0.299603175,0.700396825,0.659549229,0.710976838,287,302,287,302,706,993,858,706,556,0.648018648,0.100747661,0.100747661,0.012086914,7.30E-05,7.35E-05,0.012086914,7.30E-05,7.35E-05,0.55950555,0.077089943,1.435307683,0.071965865,0.129529457,0.056740258,0.149213115,0.216291684,0.700396825,0.659549229,0.071965865,0.455429498,[0.66310103],1008,0.118197256,0.283005298,0.653733098,0.359470456,0.318206375,0.679973027,0.679973027,0.611467335,-2711364.493,0.057563592,0.975979264,0.664807746,0.812910833,,,,,,,,0.071965865,0.129529457,0.149213115
9d4685ba-31be-4dad-b8e0-b0def87ede7d,LogisticRegressionCV,PREPROCESSING,REWEIGHTER,REWEIGHTER_ROS,0.668827661,0.621589561,0.441923285,0.621589561,0.708333333,0.640586797,843,0.331172339,0.034667564,1.114370563,0.359413203,-0.081947997,0.808325025,0.378410439,0.000538864,1.001425745,0.308809293,0.10804003,1.483929299,0.291666667,0.039449562,1.151111882,0.170057608,0.378410439,0.291666667,0.708333333,0.621589561,0.691190707,319,294,319,294,714,1033,818,714,524,0.640586797,0.019994213,0.019455349,0.021980145,0.000241563,0.000238843,0.021980145,0.000241563,0.000238843,0.583193978,-0.134304386,1.161161742,-0.000538864,0.039449562,0.094994013,0.063003741,0.236802272,0.708333333,0.621589561,-0.000538864,0.455429498,[0.66310103],1008,0.118197256,0.283005298,0.630945214,0.3308489,0.331172339,0.664961447,0.664961447,0.65202439,-2780951.274,0.038910698,1.007542593,0.639814947,0.808415723,22.40414023,173.8,9,265458.849,128.0439742,1125285.134,97.21213238,0.000538864,0.039449562,0.063003741
9d4685ba-31be-4dad-b8e0-b0def87ede7d,AdaBoostClassifier,PREPROCESSING,REWEIGHTER,REWEIGHTER_ROS,0.68017288,0.62514828,0.433819557,0.62514828,0.726190476,0.656288917,843,0.31982712,0.034650544,1.118753808,0.343711083,-0.076340153,0.812750568,0.37485172,-0.022192408,0.943631285,0.301526718,0.098208996,1.438012121,0.273809524,0.050652966,1.215991893,0.16681175,0.37485172,0.273809524,0.726190476,0.62514828,0.698473282,316,276,316,276,732,1048,803,732,527,0.656288917,0.036422687,0.036422687,0.014938565,0.00011158,0.00011072,0.014938565,0.00011158,0.00011072,0.577601506,-0.085147114,1.219929136,0.022192408,0.050652966,0.087274574,0.080993733,0.233120871,0.726190476,0.62514828,0.022192408,0.455429498,[0.66310103],1008,0.118197256,0.283005298,0.640340219,0.353046328,0.31982712,0.675669378,0.675669378,0.651059684,-2377496.431,0.028460559,1.00404044,0.647737645,0.812497789,,,,,,,,0.022192408,0.050652966,0.080993733
9d4685ba-31be-4dad-b8e0-b0def87ede7d,SVC,PREPROCESSING,REWEIGHTER,REWEIGHTER_ROS,0.674770394,0.650059312,0.46191248,0.650059312,0.695436508,0.640935673,843,0.325229606,-0.004179321,0.987281893,0.359064327,-0.114659946,0.748934255,0.349940688,-0.125687327,0.724788095,0.296184739,0.05115504,1.199328258,0.304563492,0.061777154,1.240717876,0.160505928,0.349940688,0.304563492,0.695436508,0.650059312,0.703815261,295,307,295,307,701,996,855,701,548,0.640935673,0.09373224,0.09373224,0.003126798,4.89E-06,4.90E-06,0.003126798,4.89E-06,4.90E-06,0.566579082,0.016609378,1.35079844,0.125687327,0.125687327,0.082907493,0.126207937,0.221982584,0.695436508,0.650059312,0.125687327,0.455429498,[0.66310103],1008,0.118197256,0.283005298,0.645465253,0.345123176,0.325229606,0.67274791,0.67274791,0.609689741,-2709260.029,-0.063910173,0.958715069,0.656515934,0.800747859,35.13817406,183.9,9,265814.2179,128.0439742,1126765.837,97.34004872,0.125687327,0.125687327,0.126207937
9d4685ba-31be-4dad-b8e0-b0def87ede7d,RidgeClassifierCV,PREPROCESSING,REWEIGHTER,REWEIGHTER_ROS,0.665045921,0.608540925,0.433819557,0.608540925,0.712301587,0.638854296,843,0.334954079,0.042840879,1.142668212,0.361145704,-0.073419827,0.826110936,0.391459075,0.006631329,1.017187322,0.314885496,0.113783575,1.506220802,0.287698413,0.045741575,1.181361332,0.174713032,0.391459075,0.287698413,0.712301587,0.608540925,0.685114504,330,290,330,290,718,1048,803,718,513,0.638854296,0.026186452,0.019555123,0.021966289,0.000241259,0.000238543,0.021966289,0.000241259,0.000238543,0.591122715,-0.130197126,1.166018889,-0.006631329,0.045741575,0.093601701,0.063491643,0.243837669,0.712301587,0.608540925,-0.006631329,0.455429498,[0.66310103],1008,0.118197256,0.283005298,0.623329283,0.322401867,0.334954079,0.660421256,0.660421256,0.647506637,-2758422.098,0.039110246,1.005018831,0.631416917,0.801718532,,,,,,,,0.006631329,0.045741575,0.063491643
9d4685ba-31be-4dad-b8e0-b0def87ede7d,XGBClassifier,PREPROCESSING,REWEIGHTER,REWEIGHTER_ROS,0.663425176,0.606168446,0.433279308,0.606168446,0.711309524,0.637157107,843,0.336574824,0.030841878,1.09897439,0.362842893,-0.078797587,0.816644075,0.393831554,-0.074011349,0.837940667,0.316491897,0.085373317,1.341493268,0.288690476,0.075538103,1.328300216,0.175741278,0.393831554,0.288690476,0.711309524,0.606168446,0.683508103,332,291,332,291,717,1049,802,717,511,0.637157107,0.074774726,0.074774726,0.002558122,3.27E-06,3.27E-06,0.002558122,3.27E-06,3.27E-06,0.592859642,-0.001879894,1.326247669,0.074011349,0.075538103,0.082085452,0.111829938,0.245278558,0.711309524,0.606168446,0.074011349,0.455429498,[0.66310103],1008,0.118197256,0.283005298,0.621276596,0.31906761,0.336574824,0.658738985,0.658738985,0.609481958,-3029138.134,0.001526754,0.989718147,0.629376198,0.794715897,19.9072783,196.3,9,266061.4557,128.0439742,1127795.995,97.42904288,0.074011349,0.075538103,0.111829938
9d4685ba-31be-4dad-b8e0-b0def87ede7d,LogisticRegressionCV,PREPROCESSING,REWEIGHTER,HYPERPARAMETER_ROS,0.681253377,0.68683274,0.488924905,0.68683274,0.676587302,0.639779006,843,0.318746623,0.022814177,1.075975515,0.360220994,-0.064717949,0.844428008,0.31316726,-0.131900761,0.689788951,0.279069767,0.055637003,1.234911792,0.323412698,0.120295136,1.522821169,0.148684995,0.31316726,0.323412698,0.676587302,0.68683274,0.720930233,264,326,264,326,682,946,905,682,579,0.639779006,0.126097949,0.126097949,0.018394082,0.000169171,0.000170838,0.018394082,0.000169171,0.000170838,0.545316414,0.101367099,1.470440587,0.131900761,0.131900761,0.060177476,0.16658661,0.203295874,0.676587302,0.68683274,0.131900761,0.455429498,[0.66310103],1008,0.118197256,0.283005298,0.662471396,0.362062103,0.318746623,0.681710021,0.681710021,0.595747786,-2669758.804,-0.011605625,0.956060175,0.676690663,0.812330962,9.597798109,208.9,9,266182.9785,128.0439742,1128302.34,97.47278546,0.131900761,0.131900761,0.16658661
9d4685ba-31be-4dad-b8e0-b0def87ede7d,AdaBoostClassifier,PREPROCESSING,REWEIGHTER,HYPERPARAMETER_ROS,0.681793625,0.65599051,0.460291734,0.65599051,0.703373016,0.649061033,843,0.318206375,0.046649546,1.16633626,0.350938967,-0.037704918,0.901639344,0.34400949,-0.086317248,0.79316433,0.29029029,0.081931667,1.360190157,0.296626984,0.119989589,1.589514066,0.157555498,0.34400949,0.296626984,0.703373016,0.65599051,0.70970971,290,299,290,299,709,999,852,709,553,0.649061033,0.103153418,0.103153418,0.0119285,7.11E-05,7.16E-05,0.0119285,7.11E-05,7.16E-05,0.561347482,0.078551705,1.437449933,0.086317248,0.119989589,0.059818292,0.148708193,0.218000091,0.703373016,0.65599051,0.086317248,0.455429498,[0.66310103],1008,0.118197256,0.283005298,0.652507375,0.359067012,0.318206375,0.679681763,0.679681763,0.609570266,-2376202.815,0.033672341,0.975328167,0.66317666,0.811606884,,,,,,,,0.086317248,0.119989589,0.148708193
9d4685ba-31be-4dad-b8e0-b0def87ede7d,GradientBoostingClassifier,PREPROCESSING,REWEIGHTER,REWEIGHTER_RUS,0.685035116,0.65480427,0.455969746,0.65480427,0.71031746,0.654028436,843,0.314964884,0.028642534,1.098163247,0.345971564,-0.065074247,0.837978405,0.34519573,-0.094191264,0.778476102,0.28897716,0.071646137,1.306486254,0.28968254,0.093927529,1.433216765,0.157312275,0.34519573,0.28968254,0.71031746,0.65480427,0.71102284,291,292,291,292,716,1007,844,716,552,0.654028436,0.094059396,0.094059396,0.007134257,2.54E-05,2.55E-05,0.007134257,2.54E-05,2.55E-05,0.56091403,0.048344507,1.394569809,0.094191264,0.094191264,0.068360192,0.136366903,0.218033306,0.71031746,0.65480427,0.094191264,0.455429498,[0.66310103],1008,0.118197256,0.283005298,0.654416123,0.365086502,0.314964884,0.682560865,0.682560865,0.618359602,-2702782.274,-0.000263735,0.979686743,0.664447,0.814145611,,,,,,,,0.094191264,0.094191264,0.136366903
9d4685ba-31be-4dad-b8e0-b0def87ede7d,LogisticRegressionCV,PREPROCESSING,REWEIGHTER,REWEIGHTER_RUS,0.67639114,0.665480427,0.474338196,0.665480427,0.685515873,0.638952164,843,0.32360886,0.011320098,1.035999952,0.361047836,-0.094815285,0.785085355,0.334519573,-0.078949105,0.803401249,0.289825283,0.070532514,1.300108932,0.314484127,0.063157776,1.237894288,0.155682492,0.334519573,0.314484127,0.685515873,0.665480427,0.710174717,282,317,282,317,691,973,878,691,561,0.638952164,0.07105344,0.07105344,0.003138248,4.92E-06,4.92E-06,0.003138248,4.92E-06,4.92E-06,0.558000881,-0.032563627,1.285665201,0.078949105,0.078949105,0.082673899,0.110057981,0.214277029,0.685515873,0.665480427,0.078949105,0.455429498,[0.66310103],1008,0.118197256,0.283005298,0.651946543,0.350060343,0.32360886,0.67549815,0.67549815,0.627501683,-2683738.07,-0.015791329,0.982099072,0.664455301,0.815101716,22.05991507,172.2,9,257705.6523,128.0439742,1092980.147,94.42134051,0.078949105,0.078949105,0.110057981
9d4685ba-31be-4dad-b8e0-b0def87ede7d,AdaBoostClassifier,PREPROCESSING,REWEIGHTER,REWEIGHTER_RUS,0.68017288,0.642941874,0.450027012,0.642941874,0.711309524,0.650660264,843,0.31982712,0.017148455,1.056050042,0.349339736,-0.089502799,0.789502675,0.357058126,-0.080224783,0.811323195,0.2956778,0.072930634,1.305228208,0.288690476,0.064131001,1.268400114,0.161640773,0.357058126,0.288690476,0.711309524,0.642941874,0.7043222,301,291,301,291,717,1018,833,717,542,0.650660264,0.072177892,0.072177892,0.002636803,3.48E-06,3.47E-06,0.002636803,3.48E-06,3.47E-06,0.568578531,-0.014055045,1.309977608,0.080224783,0.080224783,0.081216717,0.111521689,0.224543508,0.711309524,0.642941874,0.080224783,0.455429498,[0.66310103],1008,0.118197256,0.283005298,0.646778043,0.354616743,0.31982712,0.677125699,0.677125699,0.628252193,-2379184.21,-0.016093783,0.9844128,0.656212405,0.810651826,,,,,,,,0.080224783,0.080224783,0.111521689
9d4685ba-31be-4dad-b8e0-b0def87ede7d,SVC,PREPROCESSING,REWEIGHTER,REWEIGHTER_RUS,0.674230146,0.663107948,0.474338196,0.663107948,0.683531746,0.63667426,843,0.325769854,-1.13E-05,0.999965171,0.36332574,-0.103976697,0.770156775,0.336892052,-0.141050455,0.691148141,0.291880781,0.047442454,1.185679948,0.316468254,0.082825974,1.328397721,0.156723257,0.336892052,0.316468254,0.683531746,0.663107948,0.708119219,284,319,284,319,689,973,878,689,559,0.63667426,0.111938215,0.111938215,0.010358261,5.36E-05,5.39E-05,0.010358261,5.36E-05,5.39E-05,0.559862943,0.056896806,1.406404306,0.141050455,0.141050455,0.075709575,0.14506216,0.215747118,0.683531746,0.663107948,0.141050455,0.455429498,[0.66310103],1008,0.118197256,0.283005298,0.649622313,0.345715354,0.325769854,0.673319847,0.673319847,0.597949625,-2691385.902,-0.058224481,0.95031419,0.662166998,0.800941596,30.2755568,182.6,9,258021.0056,128.0439742,1094294.119,94.5348531,0.141050455,0.141050455,0.14506216
9d4685ba-31be-4dad-b8e0-b0def87ede7d,RidgeClassifierCV,PREPROCESSING,REWEIGHTER,REWEIGHTER_RUS,0.663965424,0.622775801,0.447866018,0.622775801,0.698412698,0.633293124,843,0.336034576,0.040675575,1.134191383,0.366706876,-0.072977621,0.829306581,0.377224199,-0.000857784,0.997730447,0.311154599,0.111316677,1.498605948,0.301587302,0.052237286,1.200095366,0.170558966,0.377224199,0.301587302,0.698412698,0.622775801,0.688845401,318,304,318,304,704,1022,829,704,525,0.633293124,0.026547535,0.026547535,0.018941728,0.000179395,0.000177648,0.018941728,0.000179395,0.000177648,0.584053022,-0.118269057,1.179945241,0.000857784,0.052237286,0.092147149,0.070346865,0.23700621,0.698412698,0.622775801,0.000857784,0.455429498,[0.66310103],1008,0.118197256,0.283005298,0.627990431,0.321663162,0.336034576,0.66059425,0.66059425,0.643057101,-2717010.083,0.051379502,1.005241857,0.637728291,0.806141446,,,,,,,,0.000857784,0.052237286,0.070346865
9d4685ba-31be-4dad-b8e0-b0def87ede7d,XGBClassifier,PREPROCESSING,REWEIGHTER,REWEIGHTER_RUS,0.66180443,0.616844603,0.444624527,0.616844603,0.699404762,0.631834751,843,0.33819557,0.04684622,1.156006751,0.368165249,-0.058127432,0.860713511,0.383155397,-0.040227863,0.903604933,0.314202335,0.10214508,1.435562038,0.300595238,0.08517982,1.363219611,0.172752412,0.383155397,0.300595238,0.699404762,0.616844603,0.685797665,323,303,323,303,705,1028,823,705,520,0.631834751,0.062703841,0.062703841,0.005302407,1.41E-05,1.40E-05,0.005302407,1.41E-05,1.40E-05,0.587796584,-0.028310454,1.291422684,0.040227863,0.08517982,0.080136256,0.104846122,0.240272392,0.699404762,0.616844603,0.040227863,0.455429498,[0.66310103],1008,0.118197256,0.283005298,0.6242497,0.316940136,0.33819557,0.658124682,0.658124682,0.616857737,-3034365.172,0.044951958,0.993420785,0.633700533,0.79903308,19.92462564,194.3,9,258254.4894,128.0439742,1095266.969,94.61889645,0.040227863,0.08517982,0.104846122
9d4685ba-31be-4dad-b8e0-b0def87ede7d,LogisticRegressionCV,PREPROCESSING,REWEIGHTER,HYPERPARAMETER_RUS,0.675310643,0.661921708,0.472177202,0.661921708,0.686507937,0.638443936,843,0.324689357,0.002153958,1.006669712,0.361556064,-0.109019723,0.759464421,0.338078292,-0.074759161,0.813835031,0.291709314,0.068366385,1.286870712,0.313492063,0.04476835,1.160597572,0.156904835,0.338078292,0.313492063,0.686507937,0.661921708,0.708290686,285,316,285,316,692,977,874,692,558,0.638443936,0.059763755,0.059763755,0.008234221,3.39E-05,3.38E-05,0.008234221,3.39E-05,3.38E-05,0.560187174,-0.063775944,1.246049889,0.074759161,0.074759161,0.088693054,0.0968865,0.216158802,0.686507937,0.661921708,0.074759161,0.455429498,[0.66310103],1008,0.118197256,0.283005298,0.649970879,0.3475811,0.324689357,0.674214822,0.674214822,0.633921213,-2689907.606,-0.029990811,0.98245918,0.662239499,0.813811627,9.208595514,206.6,9,258368.3316,128.0439742,1095741.311,94.65987438,0.074759161,0.074759161,0.0968865
9d4685ba-31be-4dad-b8e0-b0def87ede7d,AdaBoostClassifier,PREPROCESSING,REWEIGHTER,HYPERPARAMETER_RUS,0.687736359,0.682087782,0.478119935,0.682087782,0.692460317,0.649717514,843,0.312263641,0.039306422,1.140153201,0.350282486,-0.045015371,0.884246189,0.317912218,-0.089231514,0.773351955,0.277432712,0.074728917,1.339269283,0.307539683,0.116945432,1.53938097,0.149034352,0.317912218,0.307539683,0.692460317,0.682087782,0.722567288,268,310,268,310,698,966,885,698,575,0.649717514,0.103088473,0.103088473,0.012115018,7.34E-05,7.39E-05,0.012115018,7.34E-05,7.39E-05,0.545956687,0.066156131,1.419495836,0.089231514,0.116945432,0.059872144,0.149735058,0.204584425,0.692460317,0.682087782,0.089231514,0.455429498,[0.66310103],1008,0.118197256,0.283005298,0.665509259,0.373414736,0.312263641,0.68727405,0.68727405,0.616424018,-2376863.078,0.027713918,0.973002539,0.678312353,0.820274619,,,,,,,,0.089231514,0.116945432,0.149735058
9d4685ba-31be-4dad-b8e0-b0def87ede7d,GradientBoostingClassifier,PREPROCESSING,REWEIGHTER,REWEIGHTER_FOS,0.683414371,0.586002372,0.394921664,0.586002372,0.764880952,0.675786594,843,0.316585629,0.023644368,1.079490114,0.324213406,-0.070456037,0.817195148,0.413997628,-0.14297497,0.732973217,0.311607143,0.061016903,1.230608002,0.235119048,0.092037662,1.562175987,0.177265063,0.413997628,0.235119048,0.764880952,0.586002372,0.688392857,349,237,349,237,771,1120,731,771,494,0.675786594,0.117506316,0.117506316,0.014111517,9.96E-05,0.000100317,0.014111517,9.96E-05,0.000100317,0.595424325,0.1586072,1.558710225,0.14297497,0.14297497,0.06573647,0.151943857,0.251347232,0.764880952,0.586002372,0.14297497,0.455429498,[0.66310103],1008,0.118197256,0.283005298,0.627700127,0.357469574,0.316585629,0.675441662,0.675441662,0.596073001,-2703115.955,-0.050937309,0.96283982,0.629876788,0.784998573,,,,,,,,0.14297497,0.14297497,0.151943857
9d4685ba-31be-4dad-b8e0-b0def87ede7d,LogisticRegressionCV,PREPROCESSING,REWEIGHTER,REWEIGHTER_FOS,0.674230146,0.525504152,0.34900054,0.525504152,0.798611111,0.685758514,843,0.325769854,0.034992833,1.117642571,0.314241486,-0.080442492,0.789955717,0.474495848,-0.081016584,0.85088252,0.331950207,0.083485025,1.313371327,0.201388889,0.054262952,1.340650753,0.19690348,0.474495848,0.201388889,0.798611111,0.525504152,0.668049793,400,203,400,203,805,1205,646,805,443,0.685758514,0.067639768,0.067639768,0.007032163,2.47E-05,2.46E-05,0.007032163,2.47E-05,2.46E-05,0.627540405,0.039591716,1.383802517,0.081016584,0.081016584,0.081963758,0.10220237,0.282673183,0.798611111,0.525504152,0.081016584,0.455429498,[0.66310103],1008,0.118197256,0.283005298,0.595030222,0.33863649,0.325769854,0.662057631,0.662057631,0.617276207,-2689182.169,-0.026753632,0.996809944,0.592102008,0.770967939,22.18331361,171.9,9,261606.4762,128.0439742,1109233.58,95.82545651,0.081016584,0.081016584,0.10220237
9d4685ba-31be-4dad-b8e0-b0def87ede7d,AdaBoostClassifier,PREPROCESSING,REWEIGHTER,REWEIGHTER_FOS,0.681253377,0.578884935,0.390599676,0.578884935,0.766865079,0.674965422,843,0.318746623,0.019313759,1.063717355,0.325034578,-0.081638756,0.793754722,0.421115065,-0.143865746,0.735203627,0.314716312,0.059875719,1.223015358,0.233134921,0.083776566,1.498250101,0.179833138,0.421115065,0.233134921,0.766865079,0.578884935,0.685283688,355,235,355,235,773,1128,723,773,488,0.674965422,0.113821156,0.113821156,0.011933244,7.12E-05,7.17E-05,0.011933244,7.12E-05,7.17E-05,0.599721832,0.14593878,1.539072931,0.143865746,0.143865746,0.070757237,0.146603403,0.255229631,0.766865079,0.578884935,0.143865746,0.455429498,[0.66310103],1008,0.118197256,0.283005298,0.623243934,0.352925112,0.318746623,0.672875007,0.672875007,0.596287596,-2376463.867,-0.06008918,0.962090709,0.625019552,0.781471361,,,,,,,,0.143865746,0.143865746,0.146603403
9d4685ba-31be-4dad-b8e0-b0def87ede7d,SVC,PREPROCESSING,REWEIGHTER,REWEIGHTER_FOS,0.670988655,0.49940688,0.328471097,0.49940688,0.814484127,0.692434211,843,0.329011345,0.035497755,1.118214223,0.307565789,-0.072457657,0.804364326,0.50059312,-0.115184973,0.807519847,0.339501207,0.076921912,1.275299474,0.185515873,0.068023901,1.512446718,0.205255995,0.50059312,0.185515873,0.814484127,0.49940688,0.660498793,422,187,422,187,821,1243,608,821,421,0.692434211,0.091604437,0.091604437,0.00186448,1.74E-06,1.74E-06,0.00186448,1.74E-06,1.74E-06,0.640712096,0.141283962,1.53316356,0.115184973,0.115184973,0.074689784,0.122340647,0.296191037,0.814484127,0.49940688,0.115184973,0.455429498,[0.66310103],1008,0.118197256,0.283005298,0.580289456,0.332840046,0.329011345,0.656945504,0.656945504,0.596766381,-2725450.667,-0.047161073,0.98716688,0.575154326,0.755287729,31.88190627,182.2,9,261935.1816,128.0439742,1110603.186,95.94377525,0.115184973,0.115184973,0.122340647
9d4685ba-31be-4dad-b8e0-b0def87ede7d,RidgeClassifierCV,PREPROCESSING,REWEIGHTER,REWEIGHTER_FOS,0.669908158,0.526690391,0.354403025,0.526690391,0.78968254,0.676829268,843,0.330091842,0.064836212,1.233542683,0.323170732,-0.046115288,0.872576177,0.473309609,0.001022742,1.002164804,0.333891213,0.116037061,1.479619852,0.21031746,0.054364801,1.3233275,0.19791137,0.473309609,0.21031746,0.78968254,0.526690391,0.666108787,399,212,399,212,796,1195,656,796,444,0.676829268,0.027693772,0.026671029,0.02089946,0.000218394,0.000216052,0.02089946,0.000218394,0.000216052,0.62914445,-0.072330997,1.236588467,-0.001022742,0.054364801,0.081076175,0.07037334,0.283120925,0.78968254,0.526690391,-0.001022742,0.455429498,[0.66310103],1008,0.118197256,0.283005298,0.59239493,0.329387792,0.330091842,0.658186466,0.658186466,0.640631955,-2734424.744,0.053342059,1.014484002,0.590614702,0.775851528,,,,,,,,0.001022742,0.054364801,0.07037334
9d4685ba-31be-4dad-b8e0-b0def87ede7d,XGBClassifier,PREPROCESSING,REWEIGHTER,REWEIGHTER_FOS,0.659643436,0.536180308,0.373311723,0.536180308,0.762896825,0.654124457,843,0.340356564,0.039015193,1.126351956,0.345875543,-0.081761006,0.803030303,0.463819692,-0.056503761,0.889600344,0.337068966,0.093906727,1.356845564,0.237103175,0.054670348,1.280806789,0.197988222,0.463819692,0.237103175,0.762896825,0.536180308,0.662931034,391,239,391,239,769,1160,691,769,452,0.654124457,0.055587055,0.055587055,0.011966983,7.16E-05,7.12E-05,0.011966983,7.16E-05,7.12E-05,0.629266592,-0.021940685,1.300507595,0.056503761,0.056503761,0.087833867,0.090237408,0.280697581,0.762896825,0.536180308,0.056503761,0.455429498,[0.66310103],1008,0.118197256,0.283005298,0.589308996,0.307935136,0.340356564,0.649538567,0.649538567,0.613432631,-3004733.452,-0.001833413,1.00303577,0.590793381,0.772131686,19.89096165,194,9,262170.2638,128.0439742,1111582.695,96.02839394,0.056503761,0.056503761,0.090237408
9d4685ba-31be-4dad-b8e0-b0def87ede7d,LogisticRegressionCV,PREPROCESSING,REWEIGHTER,HYPERPARAMETER_FOS,0.671528903,0.523131673,0.349540789,0.523131673,0.795634921,0.681607419,843,0.328471097,0.045331452,1.155359249,0.318392581,-0.044531845,0.875310835,0.476868327,-0.115305943,0.79939925,0.333887043,0.080496193,1.296622958,0.204365079,0.092320576,1.695481671,0.198426812,0.476868327,0.204365079,0.795634921,0.523131673,0.666112957,402,206,402,206,802,1204,647,802,441,0.681607419,0.103813259,0.103813259,0.008645713,3.74E-05,3.75E-05,0.008645713,3.74E-05,3.75E-05,0.629963193,0.171153916,1.579399517,0.115305943,0.115305943,0.062514019,0.137874106,0.284478885,0.795634921,0.523131673,0.115305943,0.455429498,[0.66310103],1008,0.118197256,0.283005298,0.591946309,0.332928881,0.328471097,0.659383297,0.659383297,0.590930567,-2653477.832,-0.022985367,0.986742147,0.589385612,0.765546878,9.306563377,206.4,9,262286.2538,128.0439742,1112065.987,96.07014498,0.115305943,0.115305943,0.137874106
9d4685ba-31be-4dad-b8e0-b0def87ede7d,AdaBoostClassifier,PREPROCESSING,REWEIGHTER,HYPERPARAMETER_FOS,0.692058347,0.603795967,0.402485143,0.603795967,0.765873016,0.683221477,843,0.307941653,0.023464714,1.081206314,0.316778523,-0.065687838,0.824240649,0.396204033,-0.1361127,0.734056725,0.30198915,0.059822188,1.233766703,0.234126984,0.090758889,1.554365107,0.170104611,0.396204033,0.234126984,0.765873016,0.603795967,0.69801085,334,236,334,236,772,1106,745,772,509,0.683221477,0.113435794,0.113435794,0.013519509,9.14E-05,9.20E-05,0.013519509,9.14E-05,9.20E-05,0.583274568,0.145153671,1.53765964,0.1361127,0.1361127,0.062755013,0.150788398,0.241029184,0.765873016,0.603795967,0.1361127,0.455429498,[0.66310103],1008,0.118197256,0.283005298,0.641057935,0.375406135,0.307941653,0.684834491,0.684834491,0.607149747,-2375223.515,-0.04535381,0.965479618,0.643628363,0.795084698,,,,,,,,0.1361127,0.1361127,0.150788398
9d4685ba-31be-4dad-b8e0-b0def87ede7d,GradientBoostingClassifier,PREPROCESSING,REWEIGHTER,REWEIGHTER_FAIR_SMOTE,0.520799568,0.941874259,0.881685575,0.941874259,0.168650794,0.486519608,843,0.479200432,0.196575604,1.614081312,0.513480392,0.068100358,1.150868486,0.058125741,-0.376556108,0.003695298,0.223744292,-0.129665072,0.435416667,0.831349206,0.700880429,3.436907338,0.073125861,0.058125741,0.831349206,0.168650794,0.941874259,0.776255708,49,838,49,838,170,219,1632,170,794,0.486519608,0.538718268,0.538718268,0.128687888,0.008280286,0.008934253,0.128687888,0.008280286,0.008934253,0.382428715,4.153599769,2.435024477,0.376556108,0.700880429,-0.098882715,0.585392421,0.084990554,0.168650794,0.941874259,0.376556108,0.455429498,[0.66310103],1008,0.118197256,0.283005298,0.641616162,0.170420819,0.479200432,0.555262526,0.555262526,0.256132459,-3913640.481,0.324324321,0.514818339,0.66073451,0.568637256,,,,,,,,0.376556108,0.700880429,0.585392421
9d4685ba-31be-4dad-b8e0-b0def87ede7d,LogisticRegressionCV,PREPROCESSING,REWEIGHTER,REWEIGHTER_FAIR_SMOTE,0.520799568,0.915776987,0.857914641,0.915776987,0.19047619,0.486146096,843,0.479200432,0.158071007,1.449992463,0.513853904,0.028602319,1.058684068,0.084223013,-0.512701799,0.013437447,0.269961977,-0.109637489,0.611285266,0.80952381,0.712672295,3.776964459,0.080633415,0.084223013,0.80952381,0.19047619,0.915776987,0.730038023,71,816,71,816,192,263,1588,192,772,0.486146096,0.612687047,0.612687047,0.147154433,0.010827214,0.011830067,0.147154433,0.010827214,0.011830067,0.401580415,3.233316612,2.908959846,0.512701799,0.712672295,-0.069119904,0.643530373,0.097507778,0.19047619,0.915776987,0.512701799,0.455429498,[0.66310103],1008,0.118197256,0.283005298,0.635129576,0.151559393,0.479200432,0.553126589,0.553126589,0.214233092,-15147989.47,0.199970496,0.460748188,0.654082803,0.527580914,21.69053698,171.3,9,265529.9028,128.0439742,1125581.191,97.23770846,0.512701799,0.712672295,0.643530373
9d4685ba-31be-4dad-b8e0-b0def87ede7d,AdaBoostClassifier,PREPROCESSING,REWEIGHTER,REWEIGHTER_FAIR_SMOTE,0.520259319,0.931198102,0.872501351,0.931198102,0.176587302,0.486068111,843,0.479740681,0.190242325,1.583961224,0.513931889,0.064672347,1.142279164,0.068801898,-0.428880922,0.009674962,0.245762712,-0.048868778,0.803636364,0.823412698,0.719168006,3.708866155,0.076139851,0.068801898,0.823412698,0.176587302,0.931198102,0.754237288,58,830,58,830,178,236,1615,178,785,0.486068111,0.574024464,0.574024464,0.138020939,0.00952489,0.010341995,0.138020939,0.00952489,0.010341995,0.39023032,3.819833853,2.647464296,0.428880922,0.719168006,-0.056770563,0.616048972,0.09007463,0.176587302,0.931198102,0.428880922,0.455429498,[0.66310103],1008,0.118197256,0.283005298,0.638730675,0.160939164,0.479740681,0.553892702,0.553892702,0.235944741,-2662534.663,0.290287084,0.482275477,0.657662705,0.54450878,,,,,,,,0.428880922,0.719168006,0.616048972
9d4685ba-31be-4dad-b8e0-b0def87ede7d,SVC,PREPROCESSING,REWEIGHTER,REWEIGHTER_FAIR_SMOTE,0.601296596,0.8742586,0.739600216,0.8742586,0.373015873,0.53834916,843,0.398703404,-0.049907904,0.886338774,0.46165084,-0.121040395,0.785032258,0.1257414,-0.130075221,0.449348231,0.219917012,-0.012483417,0.945489079,0.626984127,0.095240251,1.172194373,0.096401516,0.1257414,0.626984127,0.373015873,0.8742586,0.780082988,106,632,106,632,376,482,1369,376,737,0.53834916,0.112657736,0.112657736,0.005688707,1.62E-05,1.62E-05,0.005688707,1.62E-05,1.62E-05,0.43909342,0.177048428,1.217512239,0.130075221,0.130075221,0.054278489,0.136792399,0.11847668,0.373015873,0.8742586,0.130075221,0.455429498,[0.66310103],1008,0.118197256,0.283005298,0.66636528,0.280606738,0.398703404,0.623637237,0.623637237,0.553379678,-2826440.131,-0.03483497,0.93482708,0.696447129,0.815238557,25.95908761,181.7,9,265800.2023,128.0439742,1126707.439,97.33500375,0.130075221,0.130075221,0.136792399
9d4685ba-31be-4dad-b8e0-b0def87ede7d,RidgeClassifierCV,PREPROCESSING,REWEIGHTER,REWEIGHTER_FAIR_SMOTE,0.549972988,0.865954923,0.783360346,0.865954923,0.285714286,0.503448276,843,0.450027012,0.129023779,1.3733229,0.496551724,0.022415868,1.04711907,0.134045077,-0.518937228,0.097191398,0.281795511,-0.027099338,0.907194049,0.714285714,0.641242107,3.957565635,0.097110215,0.134045077,0.714285714,0.285714286,0.865954923,0.718204489,113,720,113,720,288,401,1450,288,730,0.503448276,0.580089667,0.580089667,0.144731445,0.010473596,0.011424517,0.144731445,0.010473596,0.011424517,0.44070447,1.663124583,3.081720611,0.518937228,0.641242107,-0.024757603,0.607414229,0.122452856,0.285714286,0.865954923,0.518937228,0.455429498,[0.66310103],1008,0.118197256,0.283005298,0.636720454,0.183351846,0.450027012,0.575834604,0.575834604,0.2417989,-4148539.186,0.122304879,0.516940526,0.660267416,0.569965383,,,,,,,,0.518937228,0.641242107,0.607414229
9d4685ba-31be-4dad-b8e0-b0def87ede7d,XGBClassifier,PREPROCESSING,REWEIGHTER,REWEIGHTER_FAIR_SMOTE,0.509994598,0.925266904,0.877363587,0.925266904,0.162698413,0.480295567,843,0.490005402,0.171422142,1.488000129,0.519704433,0.034189113,1.070032538,0.074733096,-0.486792328,0.002860876,0.27753304,0.725663717,3.64516129,0.837301587,0.725663717,3.64516129,0.077149601,0.074733096,0.837301587,0.162698413,0.925266904,0.72246696,63,844,63,844,164,227,1624,164,780,0.480295567,0.606228023,0.606228023,0.144044472,0.010374405,0.011310959,0.144044472,0.010374405,0.011310959,0.392809372,6.177531124,2.777672067,0.486792328,0.725663717,0.345737302,0.639559072,0.092523221,0.162698413,0.925266904,0.486792328,0.455429498,[0.66310103],1008,0.118197256,0.283005298,0.63234698,0.13355175,0.490005402,0.543982658,0.543982658,0.214205127,-8301919.101,0.238871388,0.45829075,0.648931432,0.524302616,19.77863979,193.1,9,266026.2131,128.0439742,1127649.151,97.4163572,0.486792328,0.725663717,0.639559072
9d4685ba-31be-4dad-b8e0-b0def87ede7d,LogisticRegressionCV,PREPROCESSING,REWEIGHTER,HYPERPARAMETER_FAIR_SMOTE,0.519178822,0.920521945,0.863857374,0.920521945,0.183531746,0.485303315,843,0.480821178,0.167074513,1.483420517,0.514696685,0.038252497,1.079802622,0.079478055,-0.499747064,0.00831442,0.265873016,-0.125862069,0.54375,0.816468254,0.721623701,3.811844078,0.079148243,0.079478055,0.816468254,0.183531746,0.920521945,0.734126984,67,823,67,823,185,252,1599,185,776,0.485303315,0.610685383,0.610685383,0.146629004,0.010750032,0.011741457,0.146629004,0.010750032,0.011741457,0.39786491,3.588716626,2.878405367,0.499747064,0.721623701,-0.082057283,0.643872661,0.095163129,0.183531746,0.920521945,0.499747064,0.455429498,[0.66310103],1008,0.118197256,0.283005298,0.635544636,0.151104377,0.480821178,0.552026846,0.552026846,0.21491212,-11758053.08,0.221876638,0.457318072,0.65417734,0.525030452,9.039877892,204.6,9,266130.7106,128.0439742,1128084.557,97.45397144,0.499747064,0.721623701,0.643872661
9d4685ba-31be-4dad-b8e0-b0def87ede7d,AdaBoostClassifier,PREPROCESSING,REWEIGHTER,HYPERPARAMETER_FAIR_SMOTE,0.522960562,0.933570581,0.871961102,0.933570581,0.179563492,0.487608426,843,0.477039438,0.204406631,1.655959461,0.512391574,0.084103298,1.193290036,0.066429419,-0.413132891,0.010040055,0.23628692,-0.038738739,0.837735849,0.820436508,0.732442342,3.904069637,0.075637058,0.066429419,0.820436508,0.179563492,0.933570581,0.76371308,56,827,56,827,181,237,1614,181,787,0.487608426,0.572787616,0.572787616,0.13885924,0.009640944,0.010473985,0.13885924,0.009640944,0.010473985,0.388939733,3.824338365,2.667673947,0.413132891,0.732442342,-0.061421018,0.618881833,0.089037099,0.179563492,0.933570581,0.413132891,0.455429498,[0.66310103],1008,0.118197256,0.283005298,0.640618641,0.168620953,0.477039438,0.556567037,0.556567037,0.23777233,-2472465.344,0.319309452,0.47392287,0.660162238,0.539103094,,,,,,,,0.413132891,0.732442342,0.618881833
9d4685ba-31be-4dad-b8e0-b0def87ede7d,GradientBoostingClassifier,PREPROCESSING,DIR,DIR,0.678011885,0.613285884,0.425175581,0.613285884,0.732142857,0.656925032,843,0.321988115,0.037320771,1.127905168,0.343074968,-0.019523604,0.945837743,0.386714116,-0.212180531,0.62573712,0.306390977,0.049032185,1.181827687,0.267857143,0.168458457,2.228116492,0.170709414,0.386714116,0.267857143,0.732142857,0.613285884,0.693609023,326,270,326,270,738,1064,787,738,517,0.656925032,0.190319494,0.190319494,0.042996506,0.00092435,0.000946256,0.042996506,0.00092435,0.000946256,0.584310558,0.366814603,1.920801379,0.212180531,0.212180531,0.034277895,0.224331214,0.239244397,0.732142857,0.613285884,0.212180531,0.455429498,[0.66310103],1008,0.118197256,0.283005298,0.634355828,0.347972035,0.321988115,0.67271437,0.67271437,0.544683712,-2796888.298,-0.043722074,0.919861914,0.640770476,0.775164405,,,,,,,,0.212180531,0.212180531,0.224331214
9d4685ba-31be-4dad-b8e0-b0def87ede7d,LogisticRegressionCV,PREPROCESSING,DIR,DIR,0.677471637,0.590747331,0.405186386,0.590747331,0.75,0.664,843,0.322528363,0.037988328,1.130193008,0.336,0.008193277,1.024936061,0.409252669,-0.259809528,0.587552374,0.313351499,0.041275368,1.146011614,0.25,0.191068963,2.877460247,0.177378304,0.409252669,0.25,0.75,0.590747331,0.686648501,345,252,345,252,756,1101,750,756,498,0.664,0.225439246,0.225439246,0.056851357,0.001616038,0.001667515,0.056851357,0.001616038,0.001667515,0.595614479,0.54095323,2.289147435,0.259809528,0.259809528,0.016541045,0.255638301,0.250267197,0.75,0.590747331,0.259809528,0.455429498,[0.66310103],1008,0.118197256,0.283005298,0.625235405,0.345662467,0.322528363,0.670373665,0.670373665,0.519245132,-2933655.542,-0.068740565,0.89240218,0.629162272,0.756713463,19.99725199,182.5,9,293415.5671,128.0439742,1241771.459,107.2752566,0.259809528,0.259809528,0.255638301
9d4685ba-31be-4dad-b8e0-b0def87ede7d,AdaBoostClassifier,PREPROCESSING,DIR,DIR,0.680713128,0.646500593,0.452728255,0.646500593,0.709325397,0.650357995,843,0.319286872,0.044484242,1.157029372,0.349642005,-0.009307927,0.973992558,0.353499407,-0.195662693,0.623497545,0.294175716,0.051470815,1.201204094,0.290674603,0.180759568,2.201519482,0.160505746,0.353499407,0.290674603,0.709325397,0.646500593,0.705824284,298,293,298,293,715,1013,838,715,545,0.650357995,0.188211131,0.188211131,0.042809837,0.000916341,0.000937958,0.042809837,0.000916341,0.000937958,0.566578761,0.325980636,1.843011735,0.195662693,0.195662693,0.030389371,0.226872847,0.222739701,0.709325397,0.646500593,0.195662693,0.455429498,[0.66310103],1008,0.118197256,0.283005298,0.648423557,0.35600409,0.319286872,0.677912995,0.677912995,0.550322224,-2381116.905,-0.014903125,0.925378101,0.658177862,0.788235394,,,,,,,,0.195662693,0.195662693,0.226872847
9d4685ba-31be-4dad-b8e0-b0def87ede7d,SVC,PREPROCESSING,DIR,DIR,0.685575365,0.580071174,0.387358185,0.580071174,0.773809524,0.682008368,843,0.314424635,0.013973305,1.046098848,0.317991632,-0.06781256,0.820624841,0.419928826,-0.21015704,0.648816525,0.312169312,0.041689293,1.148655242,0.226190476,0.114750017,1.83656464,0.178350095,0.419928826,0.226190476,0.773809524,0.580071174,0.687830688,354,228,354,228,780,1134,717,780,489,0.682008368,0.162453529,0.162453529,0.030944937,0.000478795,0.000486847,0.030944937,0.000478795,0.000486847,0.597243827,0.315351915,1.824831483,0.21015704,0.21015704,0.054750926,0.191603914,0.253730933,0.773809524,0.580071174,0.21015704,0.455429498,[0.66310103],1008,0.118197256,0.283005298,0.626923077,0.361771894,0.314424635,0.676940349,0.676940349,0.566969001,-2829798.871,-0.095407023,0.926534586,0.627924132,0.76966979,29.10407186,198.5,9,293882.0054,128.0439742,1243714.952,107.4431528,0.21015704,0.21015704,0.191603914
9d4685ba-31be-4dad-b8e0-b0def87ede7d,CalibratedClassifierCV,PREPROCESSING,DIR,DIR,0.678552134,0.583629893,0.397622907,0.583629893,0.757936508,0.668478261,843,0.321447866,0.036653215,1.125617328,0.331521739,0.049579832,1.173529412,0.416370107,-0.316324286,0.53823926,0.314798206,0.029809093,1.101762077,0.242063492,0.220763642,4.118286445,0.179168683,0.416370107,0.242063492,0.757936508,0.583629893,0.685201794,351,244,351,244,764,1115,736,764,492,0.668478261,0.268543964,0.268543964,0.073844481,0.002726504,0.002841661,0.073844481,0.002726504,0.002841661,0.598612869,0.762325301,2.861434293,0.316324286,0.316324286,-0.009885369,0.295298358,0.253498736,0.757936508,0.583629893,0.316324286,0.455429498,[0.66310103],1008,0.118197256,0.283005298,0.623179227,0.347570458,0.321447866,0.670783201,0.670783201,0.490648421,-2901304.682,-0.095560644,0.852173672,0.626067504,0.737953353,,,,,,,,0.316324286,0.316324286,0.295298358
9d4685ba-31be-4dad-b8e0-b0def87ede7d,XGBClassifier,PREPROCESSING,DIR,DIR,0.666126418,0.577698695,0.404646137,0.577698695,0.740079365,0.650200267,843,0.333873582,0.059007856,1.206235377,0.349799733,0.018380527,1.05514158,0.422301305,-0.198093081,0.664562384,0.323049002,0.067055073,1.245868601,0.259920635,0.186746034,2.623253984,0.183845802,0.422301305,0.259920635,0.740079365,0.577698695,0.676950998,356,262,356,262,746,1102,749,746,487,0.650200267,0.192419557,0.192419557,0.045017483,0.001013287,0.001038489,0.045017483,0.001013287,0.001038489,0.606375795,0.420153509,2.027172983,0.198093081,0.198093081,0.024337273,0.226967401,0.25883941,0.740079365,0.577698695,0.198093081,0.455429498,[0.66310103],1008,0.118197256,0.283005298,0.611809045,0.322430604,0.333873582,0.65888903,0.65888903,0.532105895,-3165037.14,-0.011347047,0.934369999,0.616431648,0.76522143,16.48740458,212.2,9,294108.5251,128.0439742,1244658.784,107.5246894,0.198093081,0.198093081,0.226967401
9d4685ba-31be-4dad-b8e0-b0def87ede7d,LogisticRegressionCV,PREPROCESSING,DIR,HYPERPARAMETER,0.679632631,0.59430605,0.406266883,0.59430605,0.750992063,0.666223404,843,0.320367369,0.028317265,1.095199949,0.333776596,-0.014869281,0.957176471,0.40569395,-0.263999472,0.580900838,0.311191993,0.03559589,1.125030562,0.249007937,0.178383089,2.61258312,0.175839682,0.40569395,0.249007937,0.750992063,0.59430605,0.688808007,342,251,342,251,757,1099,752,757,501,0.666223404,0.22119128,0.22119128,0.054445837,0.001482175,0.00152726,0.054445837,0.001482175,0.00152726,0.593025602,0.512979378,2.225560006,0.263999472,0.263999472,0.025232585,0.249972579,0.248116704,0.750992063,0.59430605,0.263999472,0.455429498,[0.66310103],1008,0.118197256,0.283005298,0.628213166,0.350130942,0.320367369,0.672649057,0.672649057,0.523864951,-2901744.149,-0.085616384,0.888889076,0.632133329,0.757097794,17.8830111,176.1,9,293257.5229,128.0439742,1241112.942,107.218368,0.263999472,0.263999472,0.249972579
9d4685ba-31be-4dad-b8e0-b0def87ede7d,AdaBoostClassifier,PREPROCESSING,DIR,HYPERPARAMETER,0.677471637,0.638196916,0.448406267,0.638196916,0.71031746,0.648192771,843,0.322528363,0.03448791,1.117059926,0.351807229,-0.014370312,0.960597532,0.361803084,-0.250780803,0.563710109,0.298726738,0.03571287,1.131110262,0.28968254,0.196591449,2.433215081,0.163528449,0.361803084,0.28968254,0.71031746,0.638196916,0.701273262,305,292,305,292,716,1021,830,716,538,0.648192771,0.223686126,0.223686126,0.054732259,0.00149781,0.001543626,0.054732259,0.00149781,0.001543626,0.571888885,0.439276876,2.065381293,0.250780803,0.250780803,0.025041591,0.256536572,0.227286287,0.71031746,0.638196916,0.250780803,0.455429498,[0.66310103],1008,0.118197256,0.283005298,0.643156007,0.34898988,0.322528363,0.674257188,0.674257188,0.52343521,-2376752.103,-0.054189354,0.889150907,0.652482599,0.769526936,,,,,,,,0.250780803,0.250780803,0.256536572
9d4685ba-31be-4dad-b8e0-b0def87ede7d,GradientBoostingClassifier,PREPROCESSING,DIR,DIR_SMOTE,0.673689897,0.669039146,0.480280929,0.669039146,0.677579365,0.634420697,843,0.326310103,0.042661225,1.146207889,0.365579303,0.005661907,1.015707227,0.330960854,-0.277822989,0.509951117,0.29002079,0.028178805,1.104496403,0.322420635,0.238790938,2.740862965,0.155044352,0.330960854,0.322420635,0.677579365,0.669039146,0.70997921,279,325,279,325,683,962,889,683,564,0.634420697,0.258306963,0.258306963,0.066786051,0.002230188,0.002314648,0.066786051,0.002230188,0.002314648,0.556856089,0.502570889,2.20029031,0.277822989,0.277822989,0.011258449,0.292422002,0.212956648,0.677579365,0.669039146,0.277822989,0.455429498,[0.66310103],1008,0.118197256,0.283005298,0.651270208,0.345507428,0.326310103,0.673309255,0.673309255,0.499388786,-2786344.563,-0.039032051,0.86259668,0.664524783,0.764888081,,,,,,,,0.277822989,0.277822989,0.292422002
9d4685ba-31be-4dad-b8e0-b0def87ede7d,LogisticRegressionCV,PREPROCESSING,DIR,DIR_SMOTE,0.665045921,0.677342823,0.496488385,0.677342823,0.654761905,0.62132753,843,0.334954079,0.046341297,1.155795028,0.37867247,0.06014981,1.186464411,0.322657177,-0.408118154,0.390223464,0.291845494,-0.000364551,0.99875195,0.345238095,0.330941765,4.739641944,0.153749372,0.322657177,0.345238095,0.654761905,0.677342823,0.708154506,272,348,272,348,660,932,919,660,571,0.62132753,0.36952996,0.36952996,0.105006125,0.005513143,0.005857515,0.105006125,0.005513143,0.005857515,0.554525692,0.89259274,3.257256988,0.408118154,0.408118154,-0.03025718,0.396458734,0.210114751,0.654761905,0.677342823,0.408118154,0.455429498,[0.66310103],1008,0.118197256,0.283005298,0.648127128,0.330790783,0.334954079,0.666052364,0.666052364,0.419926061,-3036989.625,-0.077176389,0.748650496,0.663288316,0.709516955,23.16779184,181.3,9,334311.9562,128.0439742,1412173.08,121.9960633,0.408118154,0.408118154,0.396458734
9d4685ba-31be-4dad-b8e0-b0def87ede7d,AdaBoostClassifier,PREPROCESSING,DIR,DIR_SMOTE,0.665045921,0.673784104,0.493246894,0.673784104,0.657738095,0.622124863,843,0.334954079,0.035840044,1.117143846,0.377875137,0.001367054,1.003629764,0.326215896,-0.348304227,0.440067888,0.293176972,0.009840623,1.0343799,0.342261905,0.275773488,3.149131317,0.154829996,0.326215896,0.342261905,0.657738095,0.673784104,0.706823028,275,345,275,345,663,938,913,663,568,0.622124863,0.312038857,0.312038857,0.083941991,0.003523129,0.003694409,0.083941991,0.003523129,0.003694409,0.556471017,0.652686701,2.558458898,0.348304227,0.348304227,0.004236785,0.339947125,0.211850246,0.657738095,0.673784104,0.348304227,0.455429498,[0.66310103],1008,0.118197256,0.283005298,0.646924829,0.330232537,0.334954079,0.6657611,0.6657611,0.458017767,-2376997.846,-0.07253074,0.804051281,0.66172795,0.73619176,,,,,,,,0.348304227,0.348304227,0.339947125
9d4685ba-31be-4dad-b8e0-b0def87ede7d,SVC,PREPROCESSING,DIR,DIR_SMOTE,0.681793625,0.701067616,0.501350621,0.701067616,0.665674603,0.636853448,843,0.318206375,0.008144949,1.026137881,0.363146552,-0.071843414,0.831387906,0.298932384,-0.213555184,0.555385109,0.273022752,0.022529596,1.087902357,0.334325397,0.151472286,1.698627277,0.144475222,0.298932384,0.334325397,0.665674603,0.701067616,0.726977248,252,337,252,337,671,923,928,671,591,0.636853448,0.182513735,0.182513735,0.037090553,0.000687855,0.00070182,0.037090553,0.000687855,0.00070182,0.537541108,0.225813514,1.665925582,0.213555184,0.213555184,0.047186505,0.216944595,0.196414648,0.665674603,0.701067616,0.213555184,0.455429498,[0.66310103],1008,0.118197256,0.283005298,0.667419537,0.365283557,0.318206375,0.683371109,0.683371109,0.558646496,-2706866.069,-0.062082898,0.904894293,0.683149798,0.794386709,37.89745951,194.9,9,334828.0344,128.0439742,1414323.406,122.1818276,0.213555184,0.213555184,0.216944595
9d4685ba-31be-4dad-b8e0-b0def87ede7d,CalibratedClassifierCV,PREPROCESSING,DIR,DIR_SMOTE,0.662884927,0.673784104,0.495407888,0.673784104,0.653769841,0.619411123,843,0.337115073,0.042010688,1.13859601,0.380588877,0.069889704,1.22200259,0.326215896,-0.450281529,0.364602731,0.294432548,-0.009664762,0.967891514,0.346230159,0.349331191,5.644049947,0.155108517,0.326215896,0.346230159,0.653769841,0.673784104,0.705567452,275,349,275,349,659,934,917,659,568,0.619411123,0.39980636,0.39980636,0.115189333,0.006634291,0.007094954,0.115189333,0.006634291,0.007094954,0.556971305,1.036531313,3.765996637,0.450281529,0.450281529,-0.039777233,0.423126964,0.212133433,0.653769841,0.673784104,0.450281529,0.455429498,[0.66310103],1008,0.118197256,0.283005298,0.645454545,0.326263719,0.337115073,0.663776973,0.663776973,0.398394718,-2817279.605,-0.100950338,0.709566641,0.660500795,0.687673335,,,,,,,,0.450281529,0.450281529,0.423126964
9d4685ba-31be-4dad-b8e0-b0def87ede7d,XGBClassifier,PREPROCESSING,DIR,DIR_SMOTE,0.669908158,0.634638197,0.452728255,0.634638197,0.699404762,0.638424821,843,0.330091842,0.047334123,1.16222277,0.361575179,0.012796834,1.036562382,0.365361803,-0.265132187,0.551042831,0.304047384,0.04013959,1.146108108,0.300595238,0.227768599,2.838417976,0.165937537,0.365361803,0.300595238,0.699404762,0.634638197,0.695952616,308,303,308,303,705,1013,838,705,535,0.638424821,0.246450393,0.246450393,0.063493274,0.002015698,0.002087982,0.063493274,0.002015698,0.002087982,0.576085995,0.516823732,2.232760347,0.265132187,0.265132187,0.013671378,0.279379115,0.230249422,0.699404762,0.634638197,0.265132187,0.455429498,[0.66310103],1008,0.118197256,0.283005298,0.636525877,0.334210156,0.330091842,0.667021479,0.667021479,0.502633774,-3147423.237,-0.037363588,0.877742297,0.646625458,0.761149442,16.68761516,213.7,38,335142.702,613.4353931,1488443.234,128.5849571,0.265132187,0.265132187,0.279379115
9d4685ba-31be-4dad-b8e0-b0def87ede7d,LogisticRegressionCV,PREPROCESSING,DIR,HYPERPARAMETER_SMOTE,0.663425176,0.676156584,0.497028633,0.676156584,0.652777778,0.619565217,843,0.336574824,0.04484355,1.149337481,0.380434783,0.050563983,1.151691949,0.323843416,-0.406721506,0.39231022,0.293233083,0.000188283,1.000642379,0.347222222,0.327795759,4.527706735,0.154316278,0.323843416,0.347222222,0.652777778,0.676156584,0.706766917,273,350,273,350,658,931,920,658,570,0.619565217,0.367258632,0.367258632,0.103883193,0.005395859,0.005728817,0.103883193,0.005395859,0.005728817,0.555547078,0.87671939,3.205554496,0.406721506,0.406721506,-0.02518785,0.393625873,0.210904158,0.652777778,0.676156584,0.406721506,0.455429498,[0.66310103],1008,0.118197256,0.283005298,0.646625071,0.327630665,0.336574824,0.664467181,0.664467181,0.420435873,-3038079.677,-0.078925748,0.750158919,0.661847302,0.709581402,18.6891222,184,9,334291.7803,128.0439742,1412089.014,121.9888009,0.406721506,0.406721506,0.393625873
9d4685ba-31be-4dad-b8e0-b0def87ede7d,AdaBoostClassifier,PREPROCESSING,DIR,HYPERPARAMETER_SMOTE,0.668287412,0.683274021,0.498649379,0.683274021,0.655753968,0.624052004,843,0.331712588,0.045836375,1.155579234,0.375947996,0.02760124,1.078714648,0.316725979,-0.340936084,0.437676848,0.287715517,0.012425536,1.044538284,0.344246032,0.289738135,3.425215497,0.15154015,0.316725979,0.344246032,0.655753968,0.683274021,0.712284483,267,347,267,347,661,928,923,661,576,0.624052004,0.315337109,0.315337109,0.08602119,0.003699823,0.003884628,0.08602119,0.003699823,0.003884628,0.550527292,0.664570383,2.589062473,0.340936084,0.340936084,-0.007587852,0.346622692,0.206804624,0.655753968,0.683274021,0.340936084,0.455429498,[0.66310103],1008,0.118197256,0.283005298,0.652321631,0.337679557,0.331712588,0.669513995,0.669513995,0.458391387,-2376119.53,-0.05119795,0.807859427,0.667721675,0.741192012,,,,,,,,0.340936084,0.340936084,0.346622692
9d4685ba-31be-4dad-b8e0-b0def87ede7d,GradientBoostingClassifier,PREPROCESSING,DIR,DIR_ROS,0.676931388,0.676156584,0.48352242,0.676156584,0.677579365,0.636871508,843,0.323068612,0.049157139,1.1735247,0.363128492,-0.003616231,0.990128668,0.323843416,-0.202766903,0.591247672,0.285564854,0.048295455,1.193181818,0.322420635,0.204569631,2.249533421,0.152453644,0.323843416,0.322420635,0.677579365,0.676156584,0.714435146,273,325,273,325,683,956,895,683,570,0.636871508,0.203668267,0.203668267,0.048042105,0.001154022,0.001184762,0.048042105,0.001154022,0.001184762,0.552184108,0.331392305,1.852516226,0.202766903,0.204569631,0.025955843,0.243921073,0.209049919,0.677579365,0.676156584,0.202766903,0.455429498,[0.66310103],1008,0.118197256,0.283005298,0.655926352,0.352519209,0.323068612,0.676867974,0.676867974,0.539011447,-2807211.014,0.001802728,0.914507509,0.669528774,0.790540412,,,,,,,,0.202766903,0.204569631,0.243921073
9d4685ba-31be-4dad-b8e0-b0def87ede7d,LogisticRegressionCV,PREPROCESSING,DIR,DIR_ROS,0.67639114,0.670225386,0.478660184,0.670225386,0.681547619,0.637697517,843,0.32360886,0.053325113,1.190139041,0.362302483,0.041004963,1.126169116,0.329774614,-0.2884903,0.498105916,0.288082902,0.028843507,1.107866814,0.318452381,0.262193604,3.27906748,0.154283131,0.329774614,0.318452381,0.681547619,0.670225386,0.711917098,278,321,278,321,687,965,886,687,565,0.637697517,0.275341952,0.275341952,0.074186633,0.002751828,0.002868643,0.074186633,0.002751828,0.002868643,0.555487409,0.57818483,2.374148865,0.2884903,0.2884903,-0.006080728,0.311421839,0.211987779,0.681547619,0.670225386,0.2884903,0.455429498,[0.66310103],1008,0.118197256,0.283005298,0.653556969,0.350692149,0.32360886,0.675886502,0.675886502,0.489786593,-3015016.604,-0.026296697,0.853898779,0.666583951,0.762115925,19.32758975,175.4,9,297680.376,128.0439742,1259541.496,108.8103904,0.2884903,0.2884903,0.311421839
9d4685ba-31be-4dad-b8e0-b0def87ede7d,AdaBoostClassifier,PREPROCESSING,DIR,DIR_ROS,0.664505673,0.669039146,0.489465154,0.669039146,0.660714286,0.622516556,843,0.335494327,0.05400969,1.18510117,0.377483444,0.005738392,1.015411682,0.330960854,-0.240740333,0.550382024,0.295238095,0.045031912,1.171518607,0.339285714,0.237715864,2.53496529,0.156344277,0.330960854,0.339285714,0.660714286,0.669039146,0.704761905,279,342,279,342,666,945,906,666,564,0.622516556,0.239228099,0.239228099,0.059865208,0.001791922,0.001852245,0.059865208,0.001791922,0.001852245,0.559185617,0.425254197,2.035593557,0.240740333,0.240740333,0.01964676,0.275767123,0.21423851,0.660714286,0.669039146,0.240740333,0.455429498,[0.66310103],1008,0.118197256,0.283005298,0.644939966,0.328513616,0.335494327,0.664876716,0.664876716,0.505819523,-2381369.278,-0.00302447,0.887671108,0.6593275,0.772945641,,,,,,,,0.240740333,0.240740333,0.275767123
9d4685ba-31be-4dad-b8e0-b0def87ede7d,SVC,PREPROCESSING,DIR,DIR_ROS,0.685035116,0.678529063,0.477579687,0.678529063,0.69047619,0.647058824,843,0.314964884,0.007640026,1.02474247,0.352941176,-0.078195489,0.814285714,0.321470937,-0.187018871,0.610632842,0.28024819,0.033231413,1.130201765,0.30952381,0.125206527,1.589514066,0.150496248,0.321470937,0.30952381,0.69047619,0.678529063,0.71975181,271,312,271,312,696,967,884,696,572,0.647058824,0.156112699,0.156112699,0.028009299,0.00039226,0.000398212,0.028009299,0.00039226,0.000398212,0.54862783,0.180202949,1.59165437,0.187018871,0.187018871,0.055713451,0.191072516,0.206698244,0.69047619,0.678529063,0.187018871,0.455429498,[0.66310103],1008,0.118197256,0.283005298,0.662420382,0.367906307,0.314964884,0.684502627,0.684502627,0.577643074,-2777529.48,-0.061812344,0.924948829,0.675193492,0.798381853,32.45812321,188.4,9,298102.941,128.0439742,1261302.183,108.9624942,0.187018871,0.187018871,0.191072516
9d4685ba-31be-4dad-b8e0-b0def87ede7d,CalibratedClassifierCV,PREPROCESSING,DIR,DIR_ROS,0.673149649,0.660735469,0.473257699,0.660735469,0.683531746,0.635844749,843,0.326850351,0.043328782,1.148495729,0.364155251,0.028745703,1.085087282,0.339264531,-0.323670435,0.472998138,0.293333333,0.019280682,1.068965517,0.316468254,0.26533961,3.398670077,0.157596826,0.339264531,0.316468254,0.683531746,0.660735469,0.706666667,286,319,286,319,689,975,876,689,557,0.635844749,0.294505023,0.294505023,0.080110287,0.003208829,0.003357,0.080110287,0.003208829,0.003357,0.561421101,0.650670847,2.553909717,0.323670435,0.323670435,-0.004732511,0.325748779,0.217057043,0.683531746,0.660735469,0.323670435,0.455429498,[0.66310103],1008,0.118197256,0.283005298,0.648051193,0.343388193,0.326850351,0.672133607,0.672133607,0.474186884,-2925177.969,-0.058330825,0.82784516,0.66048646,0.746752041,,,,,,,,0.323670435,0.323670435,0.325748779
9d4685ba-31be-4dad-b8e0-b0def87ede7d,XGBClassifier,PREPROCESSING,DIR,DIR_ROS,0.657482442,0.629893238,0.460831983,0.629893238,0.680555556,0.622508792,843,0.342517558,0.055687092,1.187214699,0.377491208,-0.008930537,0.976828876,0.370106762,-0.194650948,0.63646073,0.312625251,0.064693311,1.244502659,0.319444444,0.200733314,2.226100781,0.169408784,0.370106762,0.319444444,0.680555556,0.629893238,0.687374749,312,322,312,322,686,998,853,686,531,0.622508792,0.197692131,0.197692131,0.045009698,0.001012936,0.001038125,0.045009698,0.001012936,0.001038125,0.58208038,0.334218646,1.858178961,0.194650948,0.200733314,0.036811924,0.23338578,0.234475992,0.680555556,0.629893238,0.194650948,0.455429498,[0.66310103],1008,0.118197256,0.283005298,0.626179245,0.310166039,0.342517558,0.655224397,0.655224397,0.52569169,-3166042.909,0.006082366,0.922627781,0.637550365,0.774254624,16.7738893,206.5,10,298407.3968,144.8647387,1265093.864,109.2900533,0.194650948,0.200733314,0.23338578
9d4685ba-31be-4dad-b8e0-b0def87ede7d,LogisticRegressionCV,PREPROCESSING,DIR,HYPERPARAMETER_ROS,0.676931388,0.698695136,0.504051864,0.698695136,0.658730159,0.631296892,843,0.323068612,0.007152124,1.022541961,0.368703108,-0.075369406,0.826650367,0.301304864,-0.220032552,0.54928816,0.276688453,0.021848739,1.083870968,0.341269841,0.154720141,1.699335038,0.145826615,0.301304864,0.341269841,0.658730159,0.698695136,0.723311547,254,344,254,344,664,918,933,664,589,0.631296892,0.187376347,0.187376347,0.038245485,0.000731359,0.00074669,0.038245485,0.000731359,0.00074669,0.540049284,0.231940984,1.676171127,0.220032552,0.220032552,0.048609073,0.220282378,0.198213229,0.658730159,0.698695136,0.220032552,0.455429498,[0.66310103],1008,0.118197256,0.283005298,0.663288288,0.356014081,0.323068612,0.678712648,0.678712648,0.551537951,-2824702.653,-0.065312411,0.900227159,0.679327205,0.790116144,18.4084034,174.4,9,297649.0049,128.0439742,1259410.783,108.7990982,0.220032552,0.220032552,0.220282378
9d4685ba-31be-4dad-b8e0-b0def87ede7d,AdaBoostClassifier,PREPROCESSING,DIR,HYPERPARAMETER_ROS,0.677471637,0.704626335,0.5089141,0.704626335,0.654761905,0.630573248,843,0.322528363,0.044989164,1.157239355,0.369426752,-0.008937438,0.976315789,0.295373665,-0.217745128,0.546661782,0.273927393,0.037024353,1.14991828,0.345238095,0.216870742,2.225319693,0.144016568,0.295373665,0.345238095,0.654761905,0.704626335,0.726072607,249,348,249,348,660,909,942,660,594,0.630573248,0.217307935,0.217307935,0.052057631,0.001354998,0.001394296,0.052057631,0.001354998,0.001394296,0.536687186,0.334819653,1.858503161,0.217745128,0.217745128,0.022980895,0.25779415,0.195296885,0.654761905,0.704626335,0.217745128,0.455429498,[0.66310103],1008,0.118197256,0.283005298,0.665546218,0.358014422,0.322528363,0.67969412,0.67969412,0.531991194,-2377814.817,-0.000874386,0.900472163,0.682160235,0.79186347,,,,,,,,0.217745128,0.217745128,0.25779415
9d4685ba-31be-4dad-b8e0-b0def87ede7d,GradientBoostingClassifier,PREPROCESSING,DIR,DIR_RUS,0.680713128,0.672597865,0.47649919,0.672597865,0.6875,0.642857143,843,0.319286872,0.047984659,1.171096816,0.357142857,-0.003222506,0.991048593,0.327402135,-0.198576959,0.599694068,0.284829721,0.048474176,1.194666135,0.3125,0.197485458,2.239769821,0.152910053,0.327402135,0.3125,0.6875,0.672597865,0.715170279,276,315,276,315,693,969,882,693,567,0.642857143,0.198031208,0.198031208,0.046380374,0.00107557,0.001103175,0.046380374,0.00107557,0.001103175,0.553010041,0.326074312,1.842763685,0.198576959,0.198576959,0.025848341,0.238743254,0.210198265,0.6875,0.672597865,0.198576959,0.455429498,[0.66310103],1008,0.118197256,0.283005298,0.657391304,0.359061151,0.319286872,0.680048932,0.680048932,0.545378021,-2791817.357,-0.0010915,0.919151159,0.670093955,0.792857446,,,,,,,,0.198576959,0.198576959,0.238743254
9d4685ba-31be-4dad-b8e0-b0def87ede7d,LogisticRegressionCV,PREPROCESSING,DIR,DIR_RUS,0.675310643,0.680901542,0.489465154,0.680901542,0.670634921,0.633554084,843,0.324689357,0.030157301,1.100429503,0.366445916,-0.025725226,0.933948745,0.319098458,-0.263977478,0.514128411,0.284656085,0.023678955,1.0885387,0.329365079,0.213521038,2.30420958,0.151291588,0.319098458,0.329365079,0.670634921,0.680901542,0.715343915,269,332,269,332,676,945,906,676,574,0.633554084,0.238749258,0.238749258,0.058535301,0.001713191,0.001769492,0.058535301,0.001713191,0.001769492,0.55007561,0.413496257,2.011685756,0.263977478,0.263977478,0.02470209,0.272266705,0.206995593,0.670634921,0.680901542,0.263977478,0.455429498,[0.66310103],1008,0.118197256,0.283005298,0.656375071,0.350214746,0.324689357,0.675768231,0.675768231,0.514429068,-2880752.11,-0.05045644,0.871738219,0.670696767,0.772499567,18.58144307,173.5,10,294477.4413,146.6566613,1248987.838,107.8986716,0.263977478,0.263977478,0.272266705
9d4685ba-31be-4dad-b8e0-b0def87ede7d,AdaBoostClassifier,PREPROCESSING,DIR,DIR_RUS,0.66180443,0.690391459,0.511615343,0.690391459,0.637896825,0.614572334,843,0.33819557,0.050346638,1.169260601,0.385427666,-0.007541478,0.980769231,0.309608541,-0.238068007,0.53485174,0.288716814,0.041188996,1.159052892,0.362103175,0.238609873,2.34814578,0.150170394,0.309608541,0.362103175,0.637896825,0.690391459,0.711283186,261,365,261,365,643,904,947,643,582,0.614572334,0.23833894,0.23833894,0.058374079,0.001703767,0.001759593,0.058374079,0.001703767,0.001759593,0.548033565,0.383803487,1.952178067,0.238068007,0.238609873,0.024365237,0.275133606,0.204158061,0.637896825,0.690391459,0.238068007,0.455429498,[0.66310103],1008,0.118197256,0.283005298,0.65027933,0.32706964,0.33819557,0.664144142,0.664144142,0.505852732,-2383171.919,0.000541866,0.885415471,0.667070659,0.776489852,,,,,,,,0.238068007,0.238609873,0.275133606
9d4685ba-31be-4dad-b8e0-b0def87ede7d,SVC,PREPROCESSING,DIR,DIR_RUS,0.683414371,0.684460261,0.484602917,0.684460261,0.682539683,0.643255295,843,0.316585629,0.009642696,1.031228182,0.356744705,-0.073670767,0.825031928,0.315539739,-0.194002111,0.596093965,0.278825996,0.031483161,1.123352058,0.317460317,0.135436706,1.637681159,0.149044165,0.315539739,0.317460317,0.682539683,0.684460261,0.721174004,266,320,266,320,688,954,897,688,577,0.643255295,0.164719409,0.164719409,0.031130842,0.000484565,0.000492765,0.031130842,0.000484565,0.000492765,0.54597466,0.196934356,1.618526456,0.194002111,0.194002111,0.052576964,0.199750754,0.204112369,0.682539683,0.684460261,0.194002111,0.455429498,[0.66310103],1008,0.118197256,0.283005298,0.663218391,0.365712363,0.316585629,0.683499972,0.683499972,0.57091426,-2746605.534,-0.058565405,0.919782822,0.676888393,0.797184984,26.9220984,186.7,12,294833.2255,200.5633557,1258556.276,108.7252783,0.194002111,0.194002111,0.199750754
9d4685ba-31be-4dad-b8e0-b0def87ede7d,CalibratedClassifierCV,PREPROCESSING,DIR,DIR_RUS,0.675310643,0.672597865,0.481901675,0.672597865,0.677579365,0.635650224,843,0.324689357,0.044158973,1.152824681,0.364349776,0.043900431,1.135518721,0.327402135,-0.346907579,0.442313132,0.287799791,0.010847816,1.038722585,0.322420635,0.284419347,3.794729234,0.153746537,0.327402135,0.322420635,0.677579365,0.672597865,0.712200209,276,325,276,325,683,959,892,683,567,0.635650224,0.315663463,0.315663463,0.087542669,0.003831859,0.004027017,0.087542669,0.003831859,0.004027017,0.554520581,0.715172605,2.724882002,0.346907579,0.346907579,-0.016526307,0.346930941,0.211001446,0.677579365,0.672597865,0.346907579,0.455429498,[0.66310103],1008,0.118197256,0.283005298,0.653602305,0.349011892,0.324689357,0.675088615,0.675088615,0.461987805,-2871046.592,-0.062488232,0.806358343,0.667029108,0.740104129,,,,,,,,0.346907579,0.346907579,0.346930941
9d4685ba-31be-4dad-b8e0-b0def87ede7d,XGBClassifier,PREPROCESSING,DIR,DIR_RUS,0.66558617,0.629893238,0.452728255,0.629893238,0.695436508,0.633651551,843,0.33441383,0.059675412,1.20856852,0.366348449,-0.001130723,0.996921922,0.370106762,-0.166838957,0.674022346,0.307996051,0.070955559,1.278364116,0.304563492,0.187255279,2.17554703,0.168110253,0.370106762,0.304563492,0.695436508,0.629893238,0.692003949,312,307,312,307,701,1013,838,701,531,0.633651551,0.177047118,0.177047118,0.038673149,0.000747806,0.000763666,0.038673149,0.000747806,0.000763666,0.579845244,0.291007203,1.779379308,0.166838957,0.187255279,0.036043141,0.216371593,0.23325331,0.695436508,0.629893238,0.166838957,0.455429498,[0.66310103],1008,0.118197256,0.283005298,0.631766805,0.325492582,0.33441383,0.662664873,0.662664873,0.545341967,-3196014.686,0.020416323,0.93704124,0.642003982,0.782855573,16.41481781,200.1,18,295053.8122,299.3335111,1274290.911,110.0845759,0.166838957,0.187255279,0.216371593
9d4685ba-31be-4dad-b8e0-b0def87ede7d,LogisticRegressionCV,PREPROCESSING,DIR,HYPERPARAMETER_RUS,0.68017288,0.684460261,0.487844408,0.684460261,0.676587302,0.638981174,843,0.31982712,0.038150962,1.132032252,0.361018826,0.021091926,1.061713412,0.315539739,-0.323791405,0.451713222,0.280590717,0.009660162,1.03529179,0.323412698,0.262883915,3.20043573,0.149536641,0.315539739,0.323412698,0.676587302,0.684460261,0.719409283,266,326,266,326,682,948,903,682,577,0.638981174,0.29333766,0.29333766,0.079177042,0.003134502,0.003277389,0.079177042,0.003134502,0.003277389,0.546875929,0.612758238,2.457893225,0.323791405,0.323791405,-0.005715882,0.326270722,0.204589144,0.676587302,0.684460261,0.323791405,0.455429498,[0.66310103],1008,0.118197256,0.283005298,0.66093929,0.359716556,0.31982712,0.680523781,0.680523781,0.480900528,-2942822.638,-0.06090749,0.824947156,0.675034405,0.753254056,17.49732995,177.7,30,294537.6703,496.6127336,1301732.203,112.4551986,0.323791405,0.323791405,0.326270722
9d4685ba-31be-4dad-b8e0-b0def87ede7d,AdaBoostClassifier,PREPROCESSING,DIR,HYPERPARAMETER_RUS,0.676931388,0.708185053,0.51269584,0.708185053,0.650793651,0.629083246,843,0.323068612,0.042156303,1.145893872,0.370916754,-0.0138189,0.963936041,0.291814947,-0.221935072,0.537938456,0.272727273,0.034044715,1.137295082,0.349206349,0.216282281,2.192190132,0.143042454,0.291814947,0.349206349,0.650793651,0.708185053,0.727272727,246,352,246,352,656,902,949,656,597,0.629083246,0.219108676,0.219108676,0.052307096,0.001368016,0.001407893,0.052307096,0.001368016,0.001407893,0.534869057,0.332620932,1.854347853,0.221935072,0.221935072,0.023931808,0.25896663,0.193662152,0.650793651,0.708185053,0.221935072,0.455429498,[0.66310103],1008,0.118197256,0.283005298,0.666294643,0.357664934,0.323068612,0.679489352,0.679489352,0.530607339,-2378267.321,-0.005652792,0.897017943,0.683347574,0.791016581,,,,,,,,0.221935072,0.221935072,0.25896663
9d4685ba-31be-4dad-b8e0-b0def87ede7d,GradientBoostingClassifier,PREPROCESSING,DIR,DIR_FOS,0.678011885,0.613285884,0.425175581,0.613285884,0.732142857,0.656925032,843,0.321988115,0.037320771,1.127905168,0.343074968,-0.019523604,0.945837743,0.386714116,-0.212180531,0.62573712,0.306390977,0.049032185,1.181827687,0.267857143,0.168458457,2.228116492,0.170709414,0.386714116,0.267857143,0.732142857,0.613285884,0.693609023,326,270,326,270,738,1064,787,738,517,0.656925032,0.190319494,0.190319494,0.042996506,0.00092435,0.000946256,0.042996506,0.00092435,0.000946256,0.584310558,0.366814603,1.920801379,0.212180531,0.212180531,0.034277895,0.224331214,0.239244397,0.732142857,0.613285884,0.212180531,0.455429498,[0.66310103],1008,0.118197256,0.283005298,0.634355828,0.347972035,0.321988115,0.67271437,0.67271437,0.544683712,-2796863.804,-0.043722074,0.919861914,0.640770476,0.775164405,,,,,,,,0.212180531,0.212180531,0.224331214
9d4685ba-31be-4dad-b8e0-b0def87ede7d,LogisticRegressionCV,PREPROCESSING,DIR,DIR_FOS,0.677471637,0.590747331,0.405186386,0.590747331,0.75,0.664,843,0.322528363,0.037988328,1.130193008,0.336,0.008193277,1.024936061,0.409252669,-0.259809528,0.587552374,0.313351499,0.041275368,1.146011614,0.25,0.191068963,2.877460247,0.177378304,0.409252669,0.25,0.75,0.590747331,0.686648501,345,252,345,252,756,1101,750,756,498,0.664,0.225439246,0.225439246,0.056851357,0.001616038,0.001667515,0.056851357,0.001616038,0.001667515,0.595614479,0.54095323,2.289147435,0.259809528,0.259809528,0.016541045,0.255638301,0.250267197,0.75,0.590747331,0.259809528,0.455429498,[0.66310103],1008,0.118197256,0.283005298,0.625235405,0.345662467,0.322528363,0.670373665,0.670373665,0.519245132,-2933655.542,-0.068740565,0.89240218,0.629162272,0.756713463,18.7715292,175.8,9,327322.6788,128.0439742,1383051.091,119.480247,0.259809528,0.259809528,0.255638301
9d4685ba-31be-4dad-b8e0-b0def87ede7d,AdaBoostClassifier,PREPROCESSING,DIR,DIR_FOS,0.680713128,0.646500593,0.452728255,0.646500593,0.709325397,0.650357995,843,0.319286872,0.044484242,1.157029372,0.349642005,-0.009307927,0.973992558,0.353499407,-0.195662693,0.623497545,0.294175716,0.051470815,1.201204094,0.290674603,0.180759568,2.201519482,0.160505746,0.353499407,0.290674603,0.709325397,0.646500593,0.705824284,298,293,298,293,715,1013,838,715,545,0.650357995,0.188211131,0.188211131,0.042809837,0.000916341,0.000937958,0.042809837,0.000916341,0.000937958,0.566578761,0.325980636,1.843011735,0.195662693,0.195662693,0.030389371,0.226872847,0.222739701,0.709325397,0.646500593,0.195662693,0.455429498,[0.66310103],1008,0.118197256,0.283005298,0.648423557,0.35600409,0.319286872,0.677912995,0.677912995,0.550322224,-2381116.905,-0.014903125,0.925378101,0.658177862,0.788235394,,,,,,,,0.195662693,0.195662693,0.226872847
9d4685ba-31be-4dad-b8e0-b0def87ede7d,SVC,PREPROCESSING,DIR,DIR_FOS,0.685575365,0.580071174,0.387358185,0.580071174,0.773809524,0.682008368,843,0.314424635,0.013973305,1.046098848,0.317991632,-0.06781256,0.820624841,0.419928826,-0.21015704,0.648816525,0.312169312,0.041689293,1.148655242,0.226190476,0.114750017,1.83656464,0.178350095,0.419928826,0.226190476,0.773809524,0.580071174,0.687830688,354,228,354,228,780,1134,717,780,489,0.682008368,0.162453529,0.162453529,0.030944937,0.000478795,0.000486847,0.030944937,0.000478795,0.000486847,0.597243827,0.315351915,1.824831483,0.21015704,0.21015704,0.054750926,0.191603914,0.253730933,0.773809524,0.580071174,0.21015704,0.455429498,[0.66310103],1008,0.118197256,0.283005298,0.626923077,0.361771894,0.314424635,0.676940349,0.676940349,0.566969001,-2827964.887,-0.095407023,0.926534586,0.627924132,0.76966979,28.61411738,186.1,9,327617.7261,128.0439742,1384280.455,119.5864504,0.21015704,0.21015704,0.191603914
9d4685ba-31be-4dad-b8e0-b0def87ede7d,CalibratedClassifierCV,PREPROCESSING,DIR,DIR_FOS,0.678552134,0.583629893,0.397622907,0.583629893,0.757936508,0.668478261,843,0.321447866,0.036653215,1.125617328,0.331521739,0.049579832,1.173529412,0.416370107,-0.316324286,0.53823926,0.314798206,0.029809093,1.101762077,0.242063492,0.220763642,4.118286445,0.179168683,0.416370107,0.242063492,0.757936508,0.583629893,0.685201794,351,244,351,244,764,1115,736,764,492,0.668478261,0.268543964,0.268543964,0.073844481,0.002726504,0.002841661,0.073844481,0.002726504,0.002841661,0.598612869,0.762325301,2.861434293,0.316324286,0.316324286,-0.009885369,0.295298358,0.253498736,0.757936508,0.583629893,0.316324286,0.455429498,[0.66310103],1008,0.118197256,0.283005298,0.623179227,0.347570458,0.321447866,0.670783201,0.670783201,0.490648421,-2901304.682,-0.095560644,0.852173672,0.626067504,0.737953353,,,,,,,,0.316324286,0.316324286,0.295298358
9d4685ba-31be-4dad-b8e0-b0def87ede7d,XGBClassifier,PREPROCESSING,DIR,DIR_FOS,0.666126418,0.577698695,0.404646137,0.577698695,0.740079365,0.650200267,843,0.333873582,0.059007856,1.206235377,0.349799733,0.018380527,1.05514158,0.422301305,-0.198093081,0.664562384,0.323049002,0.067055073,1.245868601,0.259920635,0.186746034,2.623253984,0.183845802,0.422301305,0.259920635,0.740079365,0.577698695,0.676950998,356,262,356,262,746,1102,749,746,487,0.650200267,0.192419557,0.192419557,0.045017483,0.001013287,0.001038489,0.045017483,0.001013287,0.001038489,0.606375795,0.420153509,2.027172983,0.198093081,0.198093081,0.024337273,0.226967401,0.25883941,0.740079365,0.577698695,0.198093081,0.455429498,[0.66310103],1008,0.118197256,0.283005298,0.611809045,0.322430604,0.333873582,0.65888903,0.65888903,0.532105895,-3165037.14,-0.011347047,0.934369999,0.616431648,0.76522143,16.29843044,198.2,10,327815.3152,144.3736532,1387553.195,119.8691788,0.198093081,0.198093081,0.226967401
9d4685ba-31be-4dad-b8e0-b0def87ede7d,LogisticRegressionCV,PREPROCESSING,DIR,HYPERPARAMETER_FOS,0.679632631,0.59430605,0.406266883,0.59430605,0.750992063,0.666223404,843,0.320367369,0.028317265,1.095199949,0.333776596,-0.014869281,0.957176471,0.40569395,-0.263999472,0.580900838,0.311191993,0.03559589,1.125030562,0.249007937,0.178383089,2.61258312,0.175839682,0.40569395,0.249007937,0.750992063,0.59430605,0.688808007,342,251,342,251,757,1099,752,757,501,0.666223404,0.22119128,0.22119128,0.054445837,0.001482175,0.00152726,0.054445837,0.001482175,0.00152726,0.593025602,0.512979378,2.225560006,0.263999472,0.263999472,0.025232585,0.249972579,0.248116704,0.750992063,0.59430605,0.263999472,0.455429498,[0.66310103],1008,0.118197256,0.283005298,0.628213166,0.350130942,0.320367369,0.672649057,0.672649057,0.523864951,-2901744.149,-0.085616384,0.888889076,0.632133329,0.757097794,17.72822404,175.3,9,327300.7427,128.0439742,1382959.691,119.472351,0.263999472,0.263999472,0.249972579
9d4685ba-31be-4dad-b8e0-b0def87ede7d,AdaBoostClassifier,PREPROCESSING,DIR,HYPERPARAMETER_FOS,0.677471637,0.638196916,0.448406267,0.638196916,0.71031746,0.648192771,843,0.322528363,0.03448791,1.117059926,0.351807229,-0.014370312,0.960597532,0.361803084,-0.250780803,0.563710109,0.298726738,0.03571287,1.131110262,0.28968254,0.196591449,2.433215081,0.163528449,0.361803084,0.28968254,0.71031746,0.638196916,0.701273262,305,292,305,292,716,1021,830,716,538,0.648192771,0.223686126,0.223686126,0.054732259,0.00149781,0.001543626,0.054732259,0.00149781,0.001543626,0.571888885,0.439276876,2.065381293,0.250780803,0.250780803,0.025041591,0.256536572,0.227286287,0.71031746,0.638196916,0.250780803,0.455429498,[0.66310103],1008,0.118197256,0.283005298,0.643156007,0.34898988,0.322528363,0.674257188,0.674257188,0.52343521,-2376752.103,-0.054189354,0.889150907,0.652482599,0.769526936,,,,,,,,0.250780803,0.250780803,0.256536572
9d4685ba-31be-4dad-b8e0-b0def87ede7d,GradientBoostingClassifier,PREPROCESSING,DIR,DIR_FAIR_SMOTE,0.518638574,0.931198102,0.874122096,0.931198102,0.173611111,0.485166873,843,0.481361426,0.213247503,1.690608885,0.514833127,0.097029372,1.228304406,0.068801898,-0.456692913,0,0.248927039,-0.248927039,0,0.826388889,0.774336283,4.431372549,0.07603211,0.068801898,0.826388889,0.173611111,0.931198102,0.751072961,58,833,58,833,175,233,1618,175,785,0.485166873,0.615514598,0.615514598,0.150049706,0.011257457,0.012324981,0.150049706,0.011257457,0.012324981,0.389954125,7.306580545,2.941666667,0.456692913,0.774336283,-0.172978206,0.660056657,0.090014145,0.173611111,0.931198102,0.456692913,0.455429498,[0.66310103],1008,0.118197256,0.283005298,0.637952052,0.157353459,0.481361426,0.552404607,0.552404607,0.212391507,-4655971.066,0.31764337,0.41869199,0.656523197,0.495642294,,,,,,,,0.456692913,0.774336283,0.660056657
9d4685ba-31be-4dad-b8e0-b0def87ede7d,LogisticRegressionCV,PREPROCESSING,DIR,DIR_FAIR_SMOTE,0.515397083,0.922894425,0.869800108,0.922894425,0.174603175,0.483229814,843,0.484602917,0.196250336,1.602403204,0.516770186,0.075600801,1.169345794,0.077105575,-0.511811024,0,0.269709544,-0.269709544,0,0.825396825,0.778761062,4.52,0.078207608,0.077105575,0.825396825,0.174603175,0.922894425,0.730290456,65,832,65,832,176,241,1610,176,778,0.483229814,0.645286043,0.645286043,0.156803124,0.01229361,0.013523503,0.156803124,0.01229361,0.013523503,0.395493635,7.340267941,3.151785714,0.511811024,0.778761062,-0.172655172,0.682719547,0.093879502,0.174603175,0.922894425,0.511811024,0.455429498,[0.66310103],1008,0.118197256,0.283005298,0.634325316,0.144283449,0.484602917,0.5487488,0.5487488,0.194648858,-13379728.08,0.266950038,0.398507459,0.652134604,0.478216208,18.07708931,173.3,9,314663.8194,128.0439742,1330305.844,114.9236437,0.511811024,0.778761062,0.682719547
9d4685ba-31be-4dad-b8e0-b0def87ede7d,AdaBoostClassifier,PREPROCESSING,DIR,DIR_FAIR_SMOTE,0.520259319,0.919335706,0.86169638,0.919335706,0.186507937,0.485893417,843,0.479740681,0.221746086,1.738456307,0.514106583,0.130276795,1.332548661,0.080664294,-0.535433071,0,0.265625,-0.265625,0,0.813492063,0.831858407,5.947368421,0.079563623,0.080664294,0.813492063,0.186507937,0.919335706,0.734375,68,820,68,820,188,256,1595,188,775,0.485893417,0.683645739,0.683645739,0.16957767,0.014378293,0.015962718,0.16957767,0.014378293,0.015962718,0.398907566,7.400527132,3.639175258,0.535433071,0.831858407,-0.197950898,0.725212465,0.095773423,0.186507937,0.919335706,0.535433071,0.455429498,[0.66310103],1008,0.118197256,0.283005298,0.635767022,0.152689265,0.479740681,0.552921821,0.552921821,0.174919174,-2658661.306,0.296425336,0.332948401,0.654626837,0.421772191,,,,,,,,0.535433071,0.831858407,0.725212465
9d4685ba-31be-4dad-b8e0-b0def87ede7d,SVC,PREPROCESSING,DIR,DIR_FAIR_SMOTE,0.653160454,0.800711744,0.620745543,0.800711744,0.529761905,0.587467363,843,0.346839546,0.012021695,1.035660993,0.412532637,-0.071539236,0.849187556,0.199288256,-0.182542999,0.484823091,0.239316239,0.01513796,1.066270627,0.470238095,0.184075323,1.562175987,0.117643304,0.199288256,0.470238095,0.529761905,0.800711744,0.760683761,168,474,168,474,534,702,1149,534,675,0.587467363,0.183309161,0.183309161,0.034643219,0.000600076,0.000611423,0.034643219,0.000600076,0.000611423,0.485063509,0.220441833,1.499987162,0.182542999,0.184075323,0.043338598,0.2209575,0.15164537,0.529761905,0.800711744,0.182542999,0.455429498,[0.66310103],1008,0.118197256,0.283005298,0.677710843,0.339197247,0.346839546,0.665236824,0.665236824,0.54329282,-2814501.398,0.001532324,0.90925444,0.704976365,0.808811847,22.52367377,183.8,9,314900.8101,128.0439742,1331293.305,115.0089494,0.182542999,0.184075323,0.2209575
9d4685ba-31be-4dad-b8e0-b0def87ede7d,CalibratedClassifierCV,PREPROCESSING,DIR,DIR_FAIR_SMOTE,0.529443544,0.901542112,0.8363047,0.901542112,0.218253968,0.490956072,843,0.470556456,0.157891353,1.460625186,0.509043928,0.037733577,1.079583545,0.098457888,-0.495942023,0.04568732,0.273927393,-0.020905255,0.924931129,0.781746032,0.693977322,3.851615903,0.085349211,0.098457888,0.781746032,0.218253968,0.901542112,0.726072607,83,788,83,788,220,303,1548,220,760,0.490956072,0.594959672,0.594959672,0.144848129,0.01049049,0.011443868,0.144848129,0.01049049,0.011443868,0.413156654,2.433216963,2.909028129,0.495942023,0.693977322,-0.029319416,0.627329357,0.104669022,0.218253968,0.901542112,0.495942023,0.455429498,[0.66310103],1008,0.118197256,0.283005298,0.635717273,0.161242628,0.470556456,0.55989804,0.55989804,0.226781286,-3693313.861,0.198035299,0.483166341,0.656309756,0.544758327,,,,,,,,0.495942023,0.693977322,0.627329357
9d4685ba-31be-4dad-b8e0-b0def87ede7d,XGBClassifier,PREPROCESSING,DIR,DIR_FAIR_SMOTE,0.515937331,0.912218268,0.859535386,0.912218268,0.18452381,0.483343809,843,0.484062669,0.199083197,1.616459373,0.516656191,0.091921846,1.213718291,0.087781732,-0.582677165,0,0.284615385,-0.284615385,0,0.81547619,0.82300885,5.65,0.081348955,0.087781732,0.81547619,0.18452381,0.912218268,0.715384615,74,822,74,822,186,260,1591,186,769,0.483343809,0.702843007,0.702843007,0.173009119,0.014966078,0.016657086,0.173009119,0.014966078,0.016657086,0.403358289,7.416001329,3.795698925,0.582677165,0.82300885,-0.188268615,0.736543909,0.099050207,0.18452381,0.912218268,0.582677165,0.455429498,[0.66310103],1008,0.118197256,0.283005298,0.631881676,0.138655691,0.484062669,0.548371039,0.548371039,0.162952289,-9742366.703,0.240331684,0.330431554,0.649769267,0.418600077,16.34799552,195.6,9,315094.2696,128.0439742,1332099.386,115.0785859,0.582677165,0.82300885,0.736543909
9d4685ba-31be-4dad-b8e0-b0def87ede7d,LogisticRegressionCV,PREPROCESSING,DIR,HYPERPARAMETER_FAIR_SMOTE,0.515397083,0.922894425,0.869800108,0.922894425,0.174603175,0.483229814,843,0.484602917,0.196250336,1.602403204,0.516770186,0.075600801,1.169345794,0.077105575,-0.511811024,0,0.269709544,-0.269709544,0,0.825396825,0.778761062,4.52,0.078207608,0.077105575,0.825396825,0.174603175,0.922894425,0.730290456,65,832,65,832,176,241,1610,176,778,0.483229814,0.645286043,0.645286043,0.156803124,0.01229361,0.013523503,0.156803124,0.01229361,0.013523503,0.395493635,7.340267941,3.151785714,0.511811024,0.778761062,-0.172655172,0.682719547,0.093879502,0.174603175,0.922894425,0.511811024,0.455429498,[0.66310103],1008,0.118197256,0.283005298,0.634325316,0.144283449,0.484602917,0.5487488,0.5487488,0.194648858,-15023145.56,0.266950038,0.398507459,0.652134604,0.478216208,16.46074748,183.9,34,314820.2197,540.5397363,1392831.876,120.3251982,0.511811024,0.778761062,0.682719547
9d4685ba-31be-4dad-b8e0-b0def87ede7d,AdaBoostClassifier,PREPROCESSING,DIR,HYPERPARAMETER_FAIR_SMOTE,0.525121556,0.928825623,0.86547812,0.928825623,0.1875,0.488764045,843,0.474878444,0.247241837,1.899756376,0.511235955,0.166260142,1.467325804,0.071174377,-0.472440945,0,0.240963855,-0.240963855,0,0.8125,0.836283186,6.108108108,0.077138327,0.071174377,0.8125,0.1875,0.928825623,0.759036145,60,819,60,819,189,249,1602,189,783,0.488764045,0.654362065,0.654362065,0.163597943,0.013382143,0.014792559,0.163597943,0.013382143,0.014792559,0.39278067,7.372857383,3.394230769,0.472440945,0.836283186,-0.203611999,0.705382436,0.091385422,0.1875,0.928825623,0.472440945,0.455429498,[0.66310103],1008,0.118197256,0.283005298,0.640490798,0.169780774,0.474878444,0.558162811,0.558162811,0.192922241,-2468627.3,0.363842241,0.342100256,0.660465334,0.431174379,,,,,,,,0.472440945,0.836283186,0.705382436
9d4685ba-31be-4dad-b8e0-b0def87ede7d,NEURONAL_NETWORK,IN_PROCESSING,RULER,DIR,0.671528903,0.614472123,0.43273906,0.614472123,0.719246032,0.646691635,843,0.328471097,0.045331452,1.155359249,0.353308365,-0.033282841,0.91295257,0.385527877,-0.139411868,0.723354574,0.30952381,0.071678243,1.28111311,0.280753968,0.139454089,1.808118565,0.171680752,0.385527877,0.280753968,0.719246032,0.614472123,0.69047619,325,283,325,283,725,1050,801,725,518,0.646691635,0.139432978,0.139432978,0.023906996,0.000285772,0.000289456,0.023906996,0.000285772,0.000289456,0.585970566,0.194241113,1.614878662,0.139411868,0.139454089,0.052480542,0.177670322,0.239823748,0.719246032,0.614472123,0.139411868,0.455429498,[0.66310103],1008,0.118197256,0.283005298,0.630170316,0.335438556,0.328471097,0.666859078,0.666859078,0.57387693,,4.22E-05,0.9616892,0.637833083,0.789820536,,,,,,,,0.139411868,0.139454089,0.177670322
9d4685ba-31be-4dad-b8e0-b0def87ede7d,NEURONAL_NETWORK,IN_PROCESSING,RULER,SMOTE,0.66180443,0.608540925,0.437061048,0.608540925,0.706349206,0.634116193,843,0.33819557,0.057347474,1.196540371,0.365883807,0.02183521,1.063079495,0.391459075,-0.243676593,0.592803587,0.316698656,0.054796729,1.198277637,0.293650794,0.224520743,2.879321777,0.175310292,0.391459075,0.293650794,0.706349206,0.608540925,0.683301344,330,296,330,296,712,1042,809,712,513,0.634116193,0.234098668,0.234098668,0.059560727,0.00177374,0.001833126,0.059560727,0.00177374,0.001833126,0.592132235,0.505736713,2.208440314,0.243676593,0.243676593,0.016480759,0.267020806,0.244374759,0.706349206,0.608540925,0.243676593,0.455429498,[0.66310103],1008,0.118197256,0.283005298,0.621065375,0.316151308,0.33819557,0.657445066,0.657445066,0.503538051,-3429146.457,-0.01915585,0.896564502,0.629665862,0.758733023,,,,,,,,0.243676593,0.243676593,0.267020806
9d4685ba-31be-4dad-b8e0-b0def87ede7d,NEURONAL_NETWORK,IN_PROCESSING,RULER,ROS,0.668287412,0.629893238,0.450027012,0.629893238,0.700396825,0.637454982,843,0.331712588,0.042335957,1.142329455,0.362545018,-0.003669904,0.98996893,0.370106762,-0.259545595,0.560502793,0.306483301,0.040516309,1.146398929,0.299603175,0.215082724,2.620289855,0.167648242,0.370106762,0.299603175,0.700396825,0.629893238,0.693516699,312,302,312,302,706,1018,833,706,531,0.637454982,0.237314159,0.237314159,0.059582034,0.001775009,0.00183446,0.059582034,0.001775009,0.00183446,0.579047911,0.483011033,2.158186525,0.259545595,0.259545595,0.022093106,0.269040496,0.232826635,0.700396825,0.629893238,0.259545595,0.455429498,[0.66310103],1008,0.118197256,0.283005298,0.633651551,0.330630697,0.331712588,0.665145032,0.665145032,0.507296698,-3248335.423,-0.04446287,0.882522778,0.643488606,0.761320719,,,,,,,,0.259545595,0.259545595,0.269040496
9d4685ba-31be-4dad-b8e0-b0def87ede7d,NEURONAL_NETWORK,IN_PROCESSING,RULER,RUS,0.657482442,0.601423488,0.434900054,0.601423488,0.704365079,0.629813665,843,0.342517558,0.031184166,1.09828581,0.370186335,-0.059686062,0.858791512,0.398576512,-0.188943386,0.662030844,0.321223709,0.058099288,1.209484757,0.295634921,0.147228572,1.811552617,0.178293437,0.398576512,0.295634921,0.704365079,0.601423488,0.678776291,336,298,336,298,710,1046,805,710,507,0.629813665,0.168085979,0.168085979,0.031945233,0.000510249,0.000519118,0.031945233,0.000510249,0.000519118,0.597148954,0.257035798,1.719984034,0.188943386,0.188943386,0.058892675,0.197842638,0.248606157,0.704365079,0.601423488,0.188943386,0.455429498,[0.66310103],1008,0.118197256,0.283005298,0.615291262,0.307186068,0.342517558,0.652894283,0.652894283,0.543151909,,-0.041714814,0.931541474,0.623840488,0.768987427,,,,,,,,0.188943386,0.188943386,0.197842638
9d4685ba-31be-4dad-b8e0-b0def87ede7d,NEURONAL_NETWORK,IN_PROCESSING,RULER,FOS,0.6726094,0.556346382,0.378714209,0.556346382,0.76984127,0.669044223,843,0.3273906,0.029994667,1.098954369,0.330955777,-0.01935099,0.944471072,0.443653618,-0.25638939,0.612363661,0.325217391,0.043354153,1.14812669,0.23015873,0.165493516,2.626153675,0.188576226,0.443653618,0.23015873,0.76984127,0.556346382,0.674782609,374,232,374,232,776,1150,701,776,469,0.669044223,0.210941453,0.210941453,0.050520842,0.001276178,0.001312031,0.050520842,0.001276178,0.001312031,0.614127391,0.53094826,2.267214872,0.25638939,0.25638939,0.031352572,0.236929693,0.268009725,0.76984127,0.556346382,0.25638939,0.455429498,[0.66310103],1008,0.118197256,0.283005298,0.607512953,0.334891127,0.3273906,0.663093826,0.663093826,0.523219851,-3229982.282,-0.090895874,0.900668689,0.60848918,0.746954412,,,,,,,,0.25638939,0.25638939,0.236929693
9d4685ba-31be-4dad-b8e0-b0def87ede7d,NEURONAL_NETWORK,IN_PROCESSING,RULER,FAIR_SMOTE,0.630470016,0.648873072,0.505132361,0.648873072,0.615079365,0.585026738,843,0.369529984,0.033058242,1.09644264,0.414973262,-0.039241769,0.913107511,0.351126928,-0.448763911,0.387171863,0.323144105,0.005212371,1.016309677,0.384920635,0.336464251,3.715747168,0.166561199,0.351126928,0.384920635,0.615079365,0.648873072,0.676855895,296,388,296,388,620,916,935,620,547,0.585026738,0.392614081,0.392614081,0.108138842,0.005847005,0.006224656,0.108138842,0.005847005,0.006224656,0.577167565,0.91107969,3.318069254,0.448763911,0.448763911,0.02222707,0.407139642,0.228323647,0.615079365,0.648873072,0.448763911,0.455429498,[0.66310103],1008,0.118197256,0.283005298,0.615298088,0.262915498,0.369529984,0.631976219,0.631976219,0.383853456,-4277769.198,-0.112299661,0.712209192,0.631249339,0.675101733,,,,,,,,0.448763911,0.448763911,0.407139642
9d4685ba-31be-4dad-b8e0-b0def87ede7d,NEURONAL_NETWORK,IN_PROCESSING,RULER,BAL_GAN_FAIR,0.655321448,0.588374852,0.425175581,0.588374852,0.711309524,0.630241423,843,0.344678552,-0.018651876,0.948156597,0.369758577,-0.147058824,0.705882353,0.411625148,-0.275557559,0.573221829,0.32612782,0.019049382,1.061097409,0.288690476,0.115462961,1.579880648,0.182773566,0.411625148,0.288690476,0.711309524,0.588374852,0.67387218,347,291,347,291,717,1064,787,717,496,0.630241423,0.19551026,0.19551026,0.037324212,0.000696548,0.000710783,0.037324212,0.000696548,0.000710783,0.604604939,0.31589078,1.824959205,0.275557559,0.275557559,0.083054103,0.210329542,0.255462883,0.711309524,0.588374852,0.275557559,0.455429498,[0.66310103],1008,0.118197256,0.283005298,0.608588957,0.301890867,0.344678552,0.649842188,0.649842188,0.522791373,-3258476.074,-0.160094599,0.874306941,0.616179568,0.741229958,,,,,,,,0.275557559,0.275557559,0.210329542
9d4685ba-31be-4dad-b8e0-b0def87ede7d,NEURONAL_NETWORK,IN_PROCESSING,FairODTrainer,BAL_GAN_FAIR,0.544570502,0,0,0,1,0,843,0.455429498,0.118197256,1.328532532,0,0,,1,0,1,0.455429498,0.118197256,1.328532532,0,0,,0.418154762,1,0,1,0,0.544570502,843,0,843,0,1008,1851,0,1008,0,0,0,0,0.085268794,0.003635384,0.00348659,0.085268794,0.003635384,0.00348659,0.914499603,1.160251287,,0,0,0.059098628,0,0.607757864,1,0,0,0.455429498,[0.66310103],1008,0.118197256,0.283005298,0,0,0.455429498,0.5,0.5,0.5,,0,,1.133174792,,,,,,,,,0,0,0
9d4685ba-31be-4dad-b8e0-b0def87ede7d,NEURONAL_NETWORK,IN_PROCESSING,DISTRACTION,DIR,0.643976229,0.540925267,0.393300918,0.540925267,0.73015873,0.626373626,843,0.356023771,0.054873921,1.1760954,0.373626374,-0.032564061,0.919055048,0.459074733,-0.154796991,0.737877095,0.344612645,0.08210579,1.291201867,0.26984127,0.148201797,1.956960175,0.200183429,0.459074733,0.26984127,0.73015873,0.540925267,0.655387355,387,272,387,272,736,1123,728,736,456,0.626373626,0.151499394,0.151499394,0.026493432,0.000350951,0.000355979,0.026493432,0.000350951,0.000355979,0.632745493,0.265908508,1.736207664,0.154796991,0.154796991,0.057334925,0.181444948,0.281349829,0.73015873,0.540925267,0.154796991,0.455429498,[0.66310103],1008,0.118197256,0.283005298,0.580521961,0.276370934,0.356023771,0.635541999,0.635541999,0.539257771,,-0.006595194,0.960631333,0.585465894,0.75365637,,,,,,,,0.154796991,0.154796991,0.181444948
9d4685ba-31be-4dad-b8e0-b0def87ede7d,NEURONAL_NETWORK,IN_PROCESSING,DISTRACTION,SMOTE,0.660723933,0.644128114,0.470556456,0.644128114,0.674603175,0.623421355,843,0.339276067,0.058682587,1.201116051,0.376578645,-0.018680595,0.952449395,0.355871886,-0.12797475,0.724528927,0.306122449,0.081303095,1.332102475,0.325396825,0.16848109,1.865380144,0.164508938,0.355871886,0.325396825,0.674603175,0.644128114,0.693877551,300,328,300,328,680,980,871,680,543,0.623421355,0.14822792,0.14822792,0.027553921,0.000379609,0.000385272,0.027553921,0.000379609,0.000385272,0.573600798,0.183445218,1.596932815,0.12797475,0.16848109,0.049991845,0.189395114,0.226979155,0.674603175,0.644128114,0.12797475,0.455429498,[0.66310103],1008,0.118197256,0.283005298,0.633605601,0.318014291,0.339276067,0.659365644,0.659365644,0.561629246,,0.04050634,0.95029453,0.645960548,0.790650642,,,,,,,,0.12797475,0.16848109,0.189395114
9d4685ba-31be-4dad-b8e0-b0def87ede7d,NEURONAL_NETWORK,IN_PROCESSING,DISTRACTION,ROS,0.65099946,0.628706999,0.466234468,0.628706999,0.669642857,0.614136732,843,0.34900054,0.035694429,1.111505606,0.385863268,-0.068596412,0.845658073,0.371293001,-0.091276998,0.796628443,0.316801619,0.085298153,1.339696152,0.330357143,0.106432338,1.429530508,0.170732446,0.371293001,0.330357143,0.669642857,0.628706999,0.683198381,313,333,313,333,675,988,863,675,530,0.614136732,0.098854668,0.098854668,0.006549519,2.14E-05,2.15E-05,0.006549519,2.14E-05,2.15E-05,0.584349974,0.036761897,1.378351029,0.091276998,0.106432338,0.076947282,0.135048809,0.235985227,0.669642857,0.628706999,0.091276998,0.455429498,[0.66310103],1008,0.118197256,0.283005298,0.62133646,0.297842052,0.34900054,0.649174928,0.649174928,0.585000956,,0.01515534,0.975325728,0.633432627,0.792097711,,,,,,,,0.091276998,0.106432338,0.135048809
9d4685ba-31be-4dad-b8e0-b0def87ede7d,NEURONAL_NETWORK,IN_PROCESSING,DISTRACTION,RUS,0.655321448,0.671411625,0.500810373,0.671411625,0.641865079,0.610571737,843,0.344678552,0.07235899,1.252898254,0.389428263,-0.002571252,0.993435102,0.328588375,-0.113744336,0.732490172,0.29978355,0.090961038,1.392480034,0.358134921,0.193569925,1.930783044,0.156759009,0.328588375,0.358134921,0.641865079,0.671411625,0.70021645,277,361,277,361,647,924,927,647,566,0.610571737,0.153657131,0.153657131,0.030281481,0.000458484,0.000466024,0.030281481,0.000458484,0.000466024,0.559926797,0.176031419,1.58472964,0.113744336,0.193569925,0.046766145,0.198774948,0.214250368,0.641865079,0.671411625,0.113744336,0.455429498,[0.66310103],1008,0.118197256,0.283005298,0.639548023,0.312029965,0.344678552,0.656638352,0.656638352,0.555741187,,0.079825589,0.941733325,0.65516886,0.793070005,,,,,,,,0.113744336,0.193569925,0.198774948
9d4685ba-31be-4dad-b8e0-b0def87ede7d,NEURONAL_NETWORK,IN_PROCESSING,DISTRACTION,FOS,0.643435981,0.46737841,0.326850351,0.46737841,0.790674603,0.651239669,843,0.356564019,0.055541477,1.17823765,0.348760331,-0.03166234,0.91597302,0.53262159,-0.151640787,0.770733573,0.36035313,0.083643232,1.282793783,0.209325397,0.121528642,2.056364352,0.223889208,0.53262159,0.209325397,0.790674603,0.46737841,0.63964687,449,211,449,211,797,1246,605,797,394,0.651239669,0.136584714,0.136584714,0.019902042,0.000198046,0.000200161,0.019902042,0.000198046,0.000200161,0.669162473,0.317477927,1.830537335,0.151640787,0.151640787,0.057652786,0.162342992,0.318974382,0.790674603,0.46737841,0.151640787,0.455429498,[0.66310103],1008,0.118197256,0.283005298,0.544198895,0.273978372,0.356564019,0.629026507,0.629026507,0.543111101,,-0.030112144,0.976184596,0.542366652,0.726978221,,,,,,,,0.151640787,0.151640787,0.162342992
9d4685ba-31be-4dad-b8e0-b0def87ede7d,NEURONAL_NETWORK,IN_PROCESSING,DISTRACTION,FAIR_SMOTE,0.531604538,0.849347568,0.786601837,0.849347568,0.265873016,0.491758242,843,0.468395462,0.1307182,1.360496287,0.508241758,0.003750308,1.007429856,0.150652432,-0.517925483,0.122979516,0.321518987,0.051322142,1.169705215,0.734126984,0.64400335,3.746127491,0.101217928,0.150652432,0.734126984,0.265873016,0.849347568,0.678481013,127,740,127,740,268,395,1456,268,716,0.491758242,0.580964416,0.580964416,0.143494976,0.010295404,0.011220577,0.143494976,0.010295404,0.011220577,0.449928723,1.681865957,3.03199822,0.517925483,0.64400335,0.023785917,0.604418734,0.130278392,0.265873016,0.849347568,0.517925483,0.455429498,[0.66310103],1008,0.118197256,0.283005298,0.622879513,0.140053798,0.468395462,0.557610292,0.557610292,0.233658554,,0.126077867,0.516720803,0.6432359,0.56428663,,,,,,,,0.517925483,0.64400335,0.604418734
9d4685ba-31be-4dad-b8e0-b0def87ede7d,NEURONAL_NETWORK,IN_PROCESSING,FAIR_FOR_FREE,DIR,0.662344679,0.601423488,0.430037817,0.601423488,0.713293651,0.636934673,843,0.337655321,0.060180335,1.208271159,0.363065327,-0.023235625,0.939360685,0.398576512,-0.096236748,0.799638245,0.318483412,0.091958355,1.370848447,0.286706349,0.135719621,1.748113031,0.177399878,0.398576512,0.286706349,0.713293651,0.601423488,0.681516588,336,289,336,289,719,1055,796,719,507,0.636934673,0.115978185,0.115978185,0.015572822,0.000121256,0.000122265,0.015572822,0.000121256,0.000122265,0.595650699,0.132213967,1.517393908,0.096236748,0.135719621,0.05759699,0.156830448,0.247803354,0.713293651,0.601423488,0.096236748,0.455429498,[0.66310103],1008,0.118197256,0.283005298,0.618669921,0.316578694,0.337655321,0.657358569,0.657358569,0.581119316,,0.039482872,0.973581349,0.626451196,0.786744677,,,,,,,,0.096236748,0.135719621,0.156830448
9d4685ba-31be-4dad-b8e0-b0def87ede7d,NEURONAL_NETWORK,IN_PROCESSING,FAIR_FOR_FREE,SMOTE,0.658562939,0.736654804,0.556996218,0.736654804,0.593253968,0.602327837,843,0.341437061,0.036849889,1.118254643,0.397672163,-0.056843854,0.872507355,0.263345196,-0.060770686,0.807053073,0.270731707,0.087585034,1.429166667,0.406746032,0.125048095,1.403726708,0.136438036,0.263345196,0.406746032,0.593253968,0.736654804,0.729268293,222,410,222,410,598,820,1031,598,621,0.602327837,0.092909391,0.092909391,0.007306819,2.67E-05,2.68E-05,0.007306819,2.67E-05,2.68E-05,0.522375413,0.003962389,1.311821282,0.060770686,0.125048095,0.072214444,0.138685386,0.182021171,0.593253968,0.736654804,0.060770686,0.455429498,[0.66310103],1008,0.118197256,0.283005298,0.662753469,0.330751375,0.341437061,0.664954386,0.664954386,0.603173879,,0.06427741,0.96830318,0.684181351,0.822007253,125.1775069,286.5,9,400565.5734,128.0439742,1688229.819,145.8442982,0.060770686,0.125048095,0.138685386
9d4685ba-31be-4dad-b8e0-b0def87ede7d,NEURONAL_NETWORK,IN_PROCESSING,FAIR_FOR_FREE,ROS,0.644516478,0.466192171,0.324689357,0.466192171,0.793650794,0.65391015,843,0.355483522,0.054206364,1.17395315,0.34608985,-0.049915733,0.871882952,0.533807829,-0.113161483,0.820356145,0.36,0.090021724,1.310574949,0.206349206,0.094878121,1.714748508,0.223917978,0.533807829,0.206349206,0.793650794,0.466192171,0.64,450,208,450,208,800,1250,601,800,393,0.65391015,0.104019802,0.104019802,0.0060887,1.85E-05,1.86E-05,0.0060887,1.85E-05,1.86E-05,0.669205467,0.185905609,1.603627347,0.113161483,0.113161483,0.069968729,0.131669421,0.319323375,0.793650794,0.466192171,0.113161483,0.455429498,[0.66310103],1008,0.118197256,0.283005298,0.54432133,0.276352103,0.355483522,0.629921482,0.629921482,0.564397174,-4677259.811,-0.018283363,0.99245156,0.542128929,0.731898905,,,,,,,,0.113161483,0.113161483,0.131669421
9d4685ba-31be-4dad-b8e0-b0def87ede7d,NEURONAL_NETWORK,IN_PROCESSING,FAIR_FOR_FREE,RUS,0.663425176,0.678529063,0.499189627,0.678529063,0.650793651,0.619047619,843,0.336574824,0.016840206,1.052145551,0.380952381,-0.080898703,0.820377455,0.321470937,-0.131394888,0.696597257,0.292340885,0.058635231,1.236673114,0.349206349,0.11361836,1.435216091,0.15359329,0.321470937,0.349206349,0.650793651,0.678529063,0.707659115,271,352,271,352,656,927,924,656,572,0.619047619,0.122506624,0.122506624,0.01508204,0.000113734,0.00011465,0.01508204,0.000113734,0.00011465,0.554244152,0.071184806,1.426477033,0.131394888,0.131394888,0.069766967,0.158267681,0.209745668,0.650793651,0.678529063,0.131394888,0.455429498,[0.66310103],1008,0.118197256,0.283005298,0.647425014,0.328012116,0.336574824,0.664661357,0.664661357,0.583235938,,-0.017776528,0.954290399,0.662882985,0.803002604,80.1809113,326.9,9,415164.4399,128.0439742,1749058.429,151.0992143,0.131394888,0.131394888,0.158267681
9d4685ba-31be-4dad-b8e0-b0def87ede7d,NEURONAL_NETWORK,IN_PROCESSING,FAIR_FOR_FREE,FOS,0.65099946,0.416370107,0.2728255,0.416370107,0.847222222,0.695049505,843,0.34900054,0.070698609,1.242297173,0.304950495,-0.021469915,0.933638444,0.583629893,-0.063772929,0.900010346,0.365527489,0.103159879,1.362969944,0.152777778,0.071452821,1.734015345,0.236221528,0.583629893,0.152777778,0.847222222,0.416370107,0.634472511,492,154,492,154,854,1346,505,854,351,0.695049505,0.067612875,0.067612875,0.009184471,4.22E-05,4.20E-05,0.009184471,4.22E-05,4.20E-05,0.687344933,0.127981078,1.514381921,0.063772929,0.071452821,0.062314897,0.099087735,0.342734924,0.847222222,0.416370107,0.063772929,0.455429498,[0.66310103],1008,0.118197256,0.283005298,0.520771513,0.294719317,0.34900054,0.631796164,0.631796164,0.589078609,,0.007679892,1.021609714,0.512116951,0.716227827,,,,,,,,0.063772929,0.071452821,0.099087735
9d4685ba-31be-4dad-b8e0-b0def87ede7d,NEURONAL_NETWORK,IN_PROCESSING,FAIR_FOR_FREE,FAIR_SMOTE,0.619124797,0.552787663,0.42895732,0.552787663,0.674603175,0.586901763,843,0.380875203,0.082081113,1.261032728,0.413098237,-0.007896254,0.981199396,0.447212337,-0.113139489,0.791757752,0.35666982,0.110357304,1.404643449,0.325396825,0.179888192,1.967969797,0.200565471,0.447212337,0.325396825,0.674603175,0.552787663,0.64333018,377,328,377,328,680,1057,794,680,466,0.586901763,0.146513841,0.146513841,0.024939285,0.000310984,0.00031517,0.024939285,0.000310984,0.00031517,0.633348989,0.206772552,1.635393858,0.113139489,0.179888192,0.059126779,0.17999826,0.279162143,0.674603175,0.552787663,0.113139489,0.455429498,[0.66310103],1008,0.118197256,0.283005298,0.569334148,0.228806981,0.380875203,0.613695419,0.613695419,0.523780546,,0.066748703,0.957418323,0.579079716,0.747980242,92.17848063,444.4,9,428830.099,128.0439742,1805998.675,156.0182189,0.113139489,0.179888192,0.17999826
9d4685ba-31be-4dad-b8e0-b0def87ede7d,NEURONAL_NETWORK,IN_PROCESSING,ROB_FAIRNESS_FGSM,DIR,0.627228525,0.400948992,0.282549973,0.400948992,0.816468254,0.646271511,843,0.372771475,0.072067762,1.229188468,0.353728489,-0.05462754,0.863431151,0.599051008,-0.027075177,0.956474082,0.380271084,0.11441418,1.395380647,0.183531746,0.054059254,1.381793478,0.250599306,0.599051008,0.183531746,0.816468254,0.400948992,0.619728916,505,185,505,185,823,1328,523,823,338,0.646271511,0.040567215,0.040567215,0.023320423,0.000271921,0.000268676,0.023320423,0.000271921,0.000268676,0.707953821,-0.019821265,1.304898198,0.027075177,0.054059254,0.08452086,0.069098742,0.357319258,0.816468254,0.400948992,0.027075177,0.455429498,[0.66310103],1008,0.118197256,0.283005298,0.494875549,0.240485093,0.372771475,0.608708623,0.608708623,0.584015009,,0.026984077,1.018965909,0.491070043,0.69758242,,,,,,,,0.027075177,0.054059254,0.069098742
9d4685ba-31be-4dad-b8e0-b0def87ede7d,NEURONAL_NETWORK,IN_PROCESSING,ROB_FAIRNESS_FGSM,SMOTE,0.656942193,0.483985765,0.328471097,0.483985765,0.801587302,0.671052632,843,0.343057807,0.07035632,1.245898822,0.328947368,-0.023166711,0.933588761,0.516014235,-0.05067523,0.909355575,0.349959775,0.107033217,1.402505195,0.198412698,0.084647942,1.637681159,0.214470395,0.516014235,0.198412698,0.801587302,0.483985765,0.650040225,435,200,435,200,808,1243,608,808,408,0.671052632,0.067661586,0.067661586,0.006011268,1.81E-05,1.80E-05,0.006011268,1.81E-05,1.80E-05,0.654935714,0.072218687,1.430325706,0.05067523,0.084647942,0.065099964,0.104838557,0.307343158,0.801587302,0.483985765,0.05067523,0.455429498,[0.66310103],1008,0.118197256,0.283005298,0.562370779,0.302812602,0.343057807,0.642786533,0.642786533,0.599294577,,0.033972712,1.009561939,0.559016625,0.750374019,,,,,,,,0.05067523,0.084647942,0.104838557
9d4685ba-31be-4dad-b8e0-b0def87ede7d,NEURONAL_NETWORK,IN_PROCESSING,ROB_FAIRNESS_FGSM,ROS,0.628309022,0.291814947,0.182063749,0.291814947,0.909722222,0.729970326,843,0.371690978,0.081233902,1.265514513,0.270029674,-0.010362284,0.962868481,0.708185053,-0.056184841,0.925672137,0.394319683,0.106435537,1.34369809,0.090277778,0.047925673,1.902600171,0.281215572,0.708185053,0.090277778,0.909722222,0.291814947,0.605680317,597,91,597,91,917,1514,337,917,246,0.729970326,0.052055257,0.052055257,0.023652943,0.000279731,0.000276346,0.023652943,0.000279731,0.000276346,0.749954094,0.186256182,1.611171484,0.056184841,0.056184841,0.058398911,0.074448651,0.413125914,0.909722222,0.291814947,0.056184841,0.455429498,[0.66310103],1008,0.118197256,0.283005298,0.416949153,0.260088601,0.371690978,0.600768584,0.600768584,0.569495421,,-0.008259169,1.047075884,0.404488377,0.622945435,,,,,,,,0.056184841,0.056184841,0.074448651
9d4685ba-31be-4dad-b8e0-b0def87ede7d,NEURONAL_NETWORK,IN_PROCESSING,ROB_FAIRNESS_FGSM,RUS,0.640194489,0.400948992,0.269584009,0.400948992,0.840277778,0.677354709,843,0.359805511,0.070048072,1.231093171,0.322645291,-0.012148823,0.963553531,0.599051008,-0.101240487,0.852212162,0.37352071,0.097783665,1.3293174,0.159722222,0.09181133,2.037468031,0.245355781,0.599051008,0.159722222,0.840277778,0.400948992,0.62647929,505,161,505,161,847,1352,499,847,338,0.677354709,0.096525909,0.096525909,0.00235887,2.78E-06,2.79E-06,0.00235887,2.78E-06,2.79E-06,0.700508074,0.256732469,1.724154428,0.101240487,0.101240487,0.054966244,0.123085738,0.353709555,0.840277778,0.400948992,0.101240487,0.455429498,[0.66310103],1008,0.118197256,0.283005298,0.503725782,0.270726604,0.359805511,0.620613385,0.620613385,0.560708114,,-0.009429157,1.013775647,0.496580607,0.700913891,,,,,,,,0.101240487,0.101240487,0.123085738
9d4685ba-31be-4dad-b8e0-b0def87ede7d,NEURONAL_NETWORK,IN_PROCESSING,ROB_FAIRNESS_FGSM,FOS,0.627228525,0.400948992,0.282549973,0.400948992,0.816468254,0.646271511,843,0.372771475,0.072067762,1.229188468,0.353728489,-0.05462754,0.863431151,0.599051008,-0.027075177,0.956474082,0.380271084,0.11441418,1.395380647,0.183531746,0.054059254,1.381793478,0.250599306,0.599051008,0.183531746,0.816468254,0.400948992,0.619728916,505,185,505,185,823,1328,523,823,338,0.646271511,0.040567215,0.040567215,0.023320423,0.000271921,0.000268676,0.023320423,0.000271921,0.000268676,0.707953821,-0.019821265,1.304898198,0.027075177,0.054059254,0.08452086,0.069098742,0.357319258,0.816468254,0.400948992,0.027075177,0.455429498,[0.66310103],1008,0.118197256,0.283005298,0.494875549,0.240485093,0.372771475,0.608708623,0.608708623,0.584015009,,0.026984077,1.018965909,0.491070043,0.69758242,,,,,,,,0.027075177,0.054059254,0.069098742
9d4685ba-31be-4dad-b8e0-b0def87ede7d,NEURONAL_NETWORK,IN_PROCESSING,ROB_FAIRNESS_FGSM,FAIR_SMOTE,0.622906537,0.580071174,0.450027012,0.580071174,0.658730159,0.587034814,843,0.377093463,0.07040738,1.219945178,0.412965186,-0.02695838,0.938220378,0.419928826,-0.108179739,0.788633434,0.347740668,0.105413514,1.394084367,0.341269841,0.166127244,1.782182438,0.19058585,0.419928826,0.341269841,0.658730159,0.580071174,0.652259332,354,344,354,344,664,1018,833,664,489,0.587034814,0.137153491,0.137153491,0.020868091,0.000217739,0.00022018,0.020868091,0.000217739,0.00022018,0.617391043,0.152823142,1.548846947,0.108179739,0.166127244,0.066185947,0.171028794,0.264453123,0.658730159,0.580071174,0.108179739,0.455429498,[0.66310103],1008,0.118197256,0.283005298,0.58353222,0.239047613,0.377093463,0.619400667,0.619400667,0.534447703,,0.057947505,0.958662012,0.594883397,0.759590885,,,,,,,,0.108179739,0.166127244,0.171028794
9d4685ba-31be-4dad-b8e0-b0def87ede7d,NEURONAL_NETWORK,IN_PROCESSING,ROB_FAIRNESS_PGD,DIR,0.627228525,0.400948992,0.282549973,0.400948992,0.816468254,0.646271511,843,0.372771475,0.072067762,1.229188468,0.353728489,-0.05462754,0.863431151,0.599051008,-0.027075177,0.956474082,0.380271084,0.11441418,1.395380647,0.183531746,0.054059254,1.381793478,0.250599306,0.599051008,0.183531746,0.816468254,0.400948992,0.619728916,505,185,505,185,823,1328,523,823,338,0.646271511,0.040567215,0.040567215,0.023320423,0.000271921,0.000268676,0.023320423,0.000271921,0.000268676,0.707953821,-0.019821265,1.304898198,0.027075177,0.054059254,0.08452086,0.069098742,0.357319258,0.816468254,0.400948992,0.027075177,0.455429498,[0.66310103],1008,0.118197256,0.283005298,0.494875549,0.240485093,0.372771475,0.608708623,0.608708623,0.584015009,,0.026984077,1.018965909,0.491070043,0.69758242,,,,,,,,0.027075177,0.054059254,0.069098742
9d4685ba-31be-4dad-b8e0-b0def87ede7d,NEURONAL_NETWORK,IN_PROCESSING,ROB_FAIRNESS_PGD,SMOTE,0.656942193,0.483985765,0.328471097,0.483985765,0.801587302,0.671052632,843,0.343057807,0.07035632,1.245898822,0.328947368,-0.023166711,0.933588761,0.516014235,-0.05067523,0.909355575,0.349959775,0.107033217,1.402505195,0.198412698,0.084647942,1.637681159,0.214470395,0.516014235,0.198412698,0.801587302,0.483985765,0.650040225,435,200,435,200,808,1243,608,808,408,0.671052632,0.067661586,0.067661586,0.006011268,1.81E-05,1.80E-05,0.006011268,1.81E-05,1.80E-05,0.654935714,0.072218687,1.430325706,0.05067523,0.084647942,0.065099964,0.104838557,0.307343158,0.801587302,0.483985765,0.05067523,0.455429498,[0.66310103],1008,0.118197256,0.283005298,0.562370779,0.302812602,0.343057807,0.642786533,0.642786533,0.599294577,,0.033972712,1.009561939,0.559016625,0.750374019,,,,,,,,0.05067523,0.084647942,0.104838557
9d4685ba-31be-4dad-b8e0-b0def87ede7d,NEURONAL_NETWORK,IN_PROCESSING,ROB_FAIRNESS_PGD,ROS,0.628309022,0.291814947,0.182063749,0.291814947,0.909722222,0.729970326,843,0.371690978,0.081233902,1.265514513,0.270029674,-0.010362284,0.962868481,0.708185053,-0.056184841,0.925672137,0.394319683,0.106435537,1.34369809,0.090277778,0.047925673,1.902600171,0.281215572,0.708185053,0.090277778,0.909722222,0.291814947,0.605680317,597,91,597,91,917,1514,337,917,246,0.729970326,0.052055257,0.052055257,0.023652943,0.000279731,0.000276346,0.023652943,0.000279731,0.000276346,0.749954094,0.186256182,1.611171484,0.056184841,0.056184841,0.058398911,0.074448651,0.413125914,0.909722222,0.291814947,0.056184841,0.455429498,[0.66310103],1008,0.118197256,0.283005298,0.416949153,0.260088601,0.371690978,0.600768584,0.600768584,0.569495421,,-0.008259169,1.047075884,0.404488377,0.622945435,,,,,,,,0.056184841,0.056184841,0.074448651
9d4685ba-31be-4dad-b8e0-b0def87ede7d,NEURONAL_NETWORK,IN_PROCESSING,ROB_FAIRNESS_PGD,RUS,0.640194489,0.400948992,0.269584009,0.400948992,0.840277778,0.677354709,843,0.359805511,0.070048072,1.231093171,0.322645291,-0.012148823,0.963553531,0.599051008,-0.101240487,0.852212162,0.37352071,0.097783665,1.3293174,0.159722222,0.09181133,2.037468031,0.245355781,0.599051008,0.159722222,0.840277778,0.400948992,0.62647929,505,161,505,161,847,1352,499,847,338,0.677354709,0.096525909,0.096525909,0.00235887,2.78E-06,2.79E-06,0.00235887,2.78E-06,2.79E-06,0.700508074,0.256732469,1.724154428,0.101240487,0.101240487,0.054966244,0.123085738,0.353709555,0.840277778,0.400948992,0.101240487,0.455429498,[0.66310103],1008,0.118197256,0.283005298,0.503725782,0.270726604,0.359805511,0.620613385,0.620613385,0.560708114,,-0.009429157,1.013775647,0.496580607,0.700913891,,,,,,,,0.101240487,0.101240487,0.123085738
9d4685ba-31be-4dad-b8e0-b0def87ede7d,NEURONAL_NETWORK,IN_PROCESSING,ROB_FAIRNESS_PGD,FOS,0.627228525,0.400948992,0.282549973,0.400948992,0.816468254,0.646271511,843,0.372771475,0.072067762,1.229188468,0.353728489,-0.05462754,0.863431151,0.599051008,-0.027075177,0.956474082,0.380271084,0.11441418,1.395380647,0.183531746,0.054059254,1.381793478,0.250599306,0.599051008,0.183531746,0.816468254,0.400948992,0.619728916,505,185,505,185,823,1328,523,823,338,0.646271511,0.040567215,0.040567215,0.023320423,0.000271921,0.000268676,0.023320423,0.000271921,0.000268676,0.707953821,-0.019821265,1.304898198,0.027075177,0.054059254,0.08452086,0.069098742,0.357319258,0.816468254,0.400948992,0.027075177,0.455429498,[0.66310103],1008,0.118197256,0.283005298,0.494875549,0.240485093,0.372771475,0.608708623,0.608708623,0.584015009,,0.026984077,1.018965909,0.491070043,0.69758242,,,,,,,,0.027075177,0.054059254,0.069098742
9d4685ba-31be-4dad-b8e0-b0def87ede7d,NEURONAL_NETWORK,IN_PROCESSING,ROB_FAIRNESS_PGD,FAIR_SMOTE,0.622906537,0.580071174,0.450027012,0.580071174,0.658730159,0.587034814,843,0.377093463,0.07040738,1.219945178,0.412965186,-0.02695838,0.938220378,0.419928826,-0.108179739,0.788633434,0.347740668,0.105413514,1.394084367,0.341269841,0.166127244,1.782182438,0.19058585,0.419928826,0.341269841,0.658730159,0.580071174,0.652259332,354,344,354,344,664,1018,833,664,489,0.587034814,0.137153491,0.137153491,0.020868091,0.000217739,0.00022018,0.020868091,0.000217739,0.00022018,0.617391043,0.152823142,1.548846947,0.108179739,0.166127244,0.066185947,0.171028794,0.264453123,0.658730159,0.580071174,0.108179739,0.455429498,[0.66310103],1008,0.118197256,0.283005298,0.58353222,0.239047613,0.377093463,0.619400667,0.619400667,0.534447703,,0.057947505,0.958662012,0.594883397,0.759590885,,,,,,,,0.108179739,0.166127244,0.171028794
9d4685ba-31be-4dad-b8e0-b0def87ede7d,GERRY_FAIR_CLASSIFIER,IN_PROCESSING,GERRY_FAIR_CLASSIFIER,DIR,0.542949757,0.009489917,0.010264722,0.009489917,0.989087302,0.421052632,843,0.457050243,0.116699509,1.321835364,0.578947368,-0.444444444,0.555555556,0.990510083,-0.011173184,0.988826816,0.455786026,0.117582924,1.325899127,0.010912698,0.008362945,2.890025575,0.420472937,0.990510083,0.010912698,0.989087302,0.009489917,0.544213974,835,11,835,11,997,1832,19,997,8,0.421052632,0.009768065,0.009768065,0.077189011,0.002979072,0.002867799,0.077189011,0.002979072,0.002867799,0.91703101,0.786043741,4.241655541,0.011173184,0.011173184,0.281013684,0.00918316,0.603932436,0.989087302,0.009489917,0.011173184,0.455429498,[0.66310103],1008,0.118197256,0.283005298,0.018561485,-0.007029796,0.457050243,0.499288609,0.499288609,0.494411526,-58698915.47,-0.002810239,1.224130996,0.018622923,0.042589589,,,,,,,,0.011173184,0.011173184,0.00918316
9d4685ba-31be-4dad-b8e0-b0def87ede7d,GERRY_FAIR_CLASSIFIER,IN_PROCESSING,GERRY_FAIR_CLASSIFIER,SMOTE,0.544030254,0.010676157,0.010264722,0.010676157,0.990079365,0.473684211,843,0.455969746,0.108363559,1.294248742,0.526315789,-0.5625,0.4375,0.989323843,-0.012569832,0.987430168,0.455240175,0.114200887,1.314726853,0.009920635,-0.00432293,0.674339301,0.418717983,0.989323843,0.009920635,0.990079365,0.010676157,0.544759825,834,10,834,10,998,1832,19,998,9,0.473684211,0.008446381,0.004123451,0.082146054,0.003373987,0.003240535,0.082146054,0.003373987,0.003240535,0.915115275,-0.17566447,1.256786827,0.012569832,0.012569832,0.338350443,0.002182324,0.602582587,0.990079365,0.010676157,0.012569832,0.455429498,[0.66310103],1008,0.118197256,0.283005298,0.020881671,0.003732944,0.455969746,0.500377761,0.500377761,0.498314477,-58698915.47,-0.008246903,1.04620932,0.020921423,0.047548852,,,,,,,,0.012569832,0.012569832,0.002182324
9d4685ba-31be-4dad-b8e0-b0def87ede7d,GERRY_FAIR_CLASSIFIER,IN_PROCESSING,GERRY_FAIR_CLASSIFIER,ROS,0.45813074,0.994068802,0.991896272,0.994068802,0.009920635,0.456427015,843,0.54186926,-0.114534204,0.819506366,0.543572985,-0.116964517,0.816720779,0.005931198,0.00698324,inf,0.333333333,0.384615385,inf,0.990079365,-0.001380622,0.998607052,0.053812305,0.005931198,0.990079365,0.009920635,0.994068802,0.666666667,5,998,5,998,10,15,1836,10,838,0.456427015,0.004181931,-0.004181931,0.030992121,0.000480256,0.000472702,0.030992121,0.000480256,0.000472702,0.328061898,-0.039862929,0.996970319,-0.00698324,0.00698324,0.250789951,-0.003012515,0.056984906,0.009920635,0.994068802,-0.00698324,0.455429498,[0.66310103],1008,0.118197256,0.283005298,0.62560657,0.0221602,0.54186926,0.501994718,0.501994718,0.504094026,-58698915.47,-0.005602619,0.994993887,0.626671346,0.794793106,,,,,,,,0.00698324,0.00698324,0.003012515
9d4685ba-31be-4dad-b8e0-b0def87ede7d,GERRY_FAIR_CLASSIFIER,IN_PROCESSING,GERRY_FAIR_CLASSIFIER,RUS,0.544570502,0,0,0,1,0,843,0.455429498,0.118197256,1.328532532,0,0,,1,0,1,0.455429498,0.118197256,1.328532532,0,0,,0.418154762,1,0,1,0,0.544570502,843,0,843,0,1008,1851,0,1008,0,0,0,0,0.085268794,0.003635384,0.00348659,0.085268794,0.003635384,0.00348659,0.914499603,1.160251287,,0,0,0.059098628,0,0.607757864,1,0,0,0.455429498,[0.66310103],1008,0.118197256,0.283005298,0,0,0.455429498,0.5,0.5,0.5,-58698915.47,0,,1.133174792,,,,,,,,,0,0,0
9d4685ba-31be-4dad-b8e0-b0def87ede7d,GERRY_FAIR_CLASSIFIER,IN_PROCESSING,GERRY_FAIR_CLASSIFIER,FOS,0.542949757,0.009489917,0.010264722,0.009489917,0.989087302,0.421052632,843,0.457050243,0.116699509,1.321835364,0.578947368,-0.444444444,0.555555556,0.990510083,-0.011173184,0.988826816,0.455786026,0.117582924,1.325899127,0.010912698,0.008362945,2.890025575,0.420472937,0.990510083,0.010912698,0.989087302,0.009489917,0.544213974,835,11,835,11,997,1832,19,997,8,0.421052632,0.009768065,0.009768065,0.077189011,0.002979072,0.002867799,0.077189011,0.002979072,0.002867799,0.91703101,0.786043741,4.241655541,0.011173184,0.011173184,0.281013684,0.00918316,0.603932436,0.989087302,0.009489917,0.011173184,0.455429498,[0.66310103],1008,0.118197256,0.283005298,0.018561485,-0.007029796,0.457050243,0.499288609,0.499288609,0.494411526,-58698915.47,-0.002810239,1.224130996,0.018622923,0.042589589,,,,,,,,0.011173184,0.011173184,0.00918316
9d4685ba-31be-4dad-b8e0-b0def87ede7d,GERRY_FAIR_CLASSIFIER,IN_PROCESSING,GERRY_FAIR_CLASSIFIER,FAIR_SMOTE,0.541329011,0.015421115,0.017287952,0.015421115,0.981150794,0.40625,843,0.458670989,0.111701343,1.303312108,0.59375,-0.448275862,0.551724138,0.984578885,-0.018156425,0.981843575,0.456294667,0.115699699,1.318857437,0.018849206,0.007186022,1.541346974,0.422419564,0.984578885,0.018849206,0.981150794,0.015421115,0.543705333,830,19,830,19,989,1819,32,989,13,0.40625,0.012671223,0.012671223,0.075051286,0.002816348,0.002713846,0.075051286,0.002816348,0.002713846,0.919151308,0.405365412,2.277926124,0.018156425,0.018156425,0.28198778,0.010860562,0.601831852,0.981150794,0.015421115,0.018156425,0.455429498,[0.66310103],1008,0.118197256,0.283005298,0.029714286,-0.013098003,0.458670989,0.498285954,0.498285954,0.491972062,-58698915.47,-0.010970403,1.147131038,0.029896169,0.067415125,,,,,,,,0.018156425,0.018156425,0.010860562
9d4685ba-31be-4dad-b8e0-b0def87ede7d,PREJUDICE_REMOVER,IN_PROCESSING,PREJUDICE_REMOVER,DIR,0.659643436,0.576512456,0.410048622,0.576512456,0.729166667,0.640316206,843,0.340356564,0.004011014,1.011898217,0.359683794,-0.105791492,0.766716196,0.423487544,-0.243049751,0.61415852,0.326923077,0.036132108,1.120590909,0.270833333,0.126666365,1.734015345,0.185612863,0.423487544,0.270833333,0.729166667,0.576512456,0.673076923,357,273,357,273,735,1092,759,735,486,0.640316206,0.184858058,0.184858058,0.03598559,0.000647481,0.000660219,0.03598559,0.000647481,0.000660219,0.60928296,0.326081699,1.844078927,0.243049751,0.243049751,0.0709618,0.205639625,0.260624142,0.729166667,0.576512456,0.243049751,0.455429498,[0.66310103],1008,0.118197256,0.283005298,0.606741573,0.309512094,0.340356564,0.652839561,0.652839561,0.532156908,-3162819.537,-0.116383387,0.900225288,0.612409053,0.749302713,,,,,,,,0.243049751,0.243049751,0.205639625
9d4685ba-31be-4dad-b8e0-b0def87ede7d,PREJUDICE_REMOVER,IN_PROCESSING,PREJUDICE_REMOVER,SMOTE,0.640734738,0.678529063,0.521880065,0.678529063,0.609126984,0.592132505,843,0.359265262,0.00987341,1.028107369,0.407867495,-0.086827391,0.821135574,0.321470937,-0.307537501,0.472199154,0.306214689,0.01423622,1.048095339,0.390873016,0.21865876,1.988337596,0.156002963,0.321470937,0.390873016,0.609126984,0.678529063,0.693785311,271,394,271,394,614,885,966,614,572,0.592132505,0.26309813,0.26309813,0.061195114,0.001872421,0.001936957,0.061195114,0.001872421,0.001936957,0.558574905,0.395160402,1.974406004,0.307537501,0.307537501,0.050531806,0.284316766,0.212361143,0.609126984,0.678529063,0.307537501,0.455429498,[0.66310103],1008,0.118197256,0.283005298,0.632393588,0.286785615,0.359265262,0.643828023,0.643828023,0.474438074,-3249950.482,-0.08887874,0.834726161,0.649944576,0.744065897,,,,,,,,0.307537501,0.307537501,0.284316766
9d4685ba-31be-4dad-b8e0-b0def87ede7d,PREJUDICE_REMOVER,IN_PROCESSING,PREJUDICE_REMOVER,ROS,0.648838466,0.674970344,0.510534846,0.674970344,0.626984127,0.602116402,843,0.351161534,0.013861731,1.040776591,0.397883598,-0.082404311,0.824703557,0.325029656,-0.219911582,0.570326601,0.302428256,0.03651657,1.132583238,0.373015873,0.167123102,1.686724018,0.156355617,0.325029656,0.373015873,0.626984127,0.674970344,0.697571744,274,376,274,376,632,906,945,632,569,0.602116402,0.193517342,0.193517342,0.038386497,0.000736762,0.000752266,0.038386497,0.000736762,0.000752266,0.559205895,0.226916621,1.667659443,0.219911582,0.219911582,0.05946044,0.221292223,0.213254763,0.626984127,0.674970344,0.219911582,0.455429498,[0.66310103],1008,0.118197256,0.283005298,0.636465324,0.300819174,0.351161534,0.650977235,0.650977235,0.525001851,-3201157.985,-0.052788481,0.899354673,0.653034253,0.774201546,,,,,,,,0.219911582,0.219911582,0.221292223
9d4685ba-31be-4dad-b8e0-b0def87ede7d,PREJUDICE_REMOVER,IN_PROCESSING,PREJUDICE_REMOVER,RUS,0.652079957,0.684460261,0.515937331,0.684460261,0.625,0.604188482,843,0.347920043,0.013356808,1.039621456,0.395811518,-0.075713848,0.836458087,0.315539739,-0.268167422,0.506416484,0.296875,0.020978714,1.074489637,0.375,0.198198402,1.895856777,0.153047891,0.315539739,0.375,0.625,0.684460261,0.703125,266,378,266,378,630,896,955,630,577,0.604188482,0.233182912,0.233182912,0.052334263,0.001369438,0.001409377,0.052334263,0.001369438,0.001409377,0.553259236,0.329278784,1.848087574,0.268167422,0.268167422,0.048346281,0.259471552,0.208200294,0.625,0.684460261,0.268167422,0.455429498,[0.66310103],1008,0.118197256,0.283005298,0.641824249,0.308385003,0.347920043,0.65473013,0.65473013,0.502058252,-3191508.392,-0.06996902,0.86498598,0.658961446,0.762778934,,,,,,,,0.268167422,0.268167422,0.259471552
9d4685ba-31be-4dad-b8e0-b0def87ede7d,PREJUDICE_REMOVER,IN_PROCESSING,PREJUDICE_REMOVER,FOS,0.659643436,0.576512456,0.410048622,0.576512456,0.729166667,0.640316206,843,0.340356564,0.004011014,1.011898217,0.359683794,-0.105791492,0.766716196,0.423487544,-0.243049751,0.61415852,0.326923077,0.036132108,1.120590909,0.270833333,0.126666365,1.734015345,0.185612863,0.423487544,0.270833333,0.729166667,0.576512456,0.673076923,357,273,357,273,735,1092,759,735,486,0.640316206,0.184858058,0.184858058,0.03598559,0.000647481,0.000660219,0.03598559,0.000647481,0.000660219,0.60928296,0.326081699,1.844078927,0.243049751,0.243049751,0.0709618,0.205639625,0.260624142,0.729166667,0.576512456,0.243049751,0.455429498,[0.66310103],1008,0.118197256,0.283005298,0.606741573,0.309512094,0.340356564,0.652839561,0.652839561,0.532156908,-3162819.537,-0.116383387,0.900225288,0.612409053,0.749302713,,,,,,,,0.243049751,0.243049751,0.205639625
9d4685ba-31be-4dad-b8e0-b0def87ede7d,ADVERSARIAL_DEBIASING,IN_PROCESSING,ADVERSARIAL_DEBIASING,DIR,0.459211237,0.992882562,0.989735278,0.992882562,0.012896825,0.456877729,843,0.540788763,-0.105368064,0.831697165,0.543122271,-0.11430383,0.820231249,0.007117438,-0.000890776,0.886871508,0.315789474,0.273809524,2.916666667,0.987103175,0.017597266,1.018077191,0.054225972,0.007117438,0.987103175,0.012896825,0.992882562,0.684210526,6,995,6,995,13,19,1832,13,837,0.456877729,0.009244021,0.009244021,0.027238072,0.000370956,0.000365808,0.027238072,0.000370956,0.000365808,0.329320428,0.649425664,1.012058467,0.000890776,0.017597266,0.194056677,0.011819347,0.05761314,0.012896825,0.992882562,0.000890776,0.455429498,[0.66310103],1008,0.118197256,0.283005298,0.625794393,0.028555275,0.540788763,0.502889694,0.502889694,0.498240971,-63089229.02,0.01670649,0.995309611,0.627249676,0.795306833,,,,,,,,0.000890776,0.017597266,0.011819347
9d4685ba-31be-4dad-b8e0-b0def87ede7d,ADVERSARIAL_DEBIASING,IN_PROCESSING,ADVERSARIAL_DEBIASING,SMOTE,0.455429498,1,1,1,0,0.455429498,843,0.544570502,-0.118197256,0.815382161,0.544570502,-0.118197256,0.815382161,0,0,,0,0,,1,0,1,0.051979225,0,1,0,1,0,0,1008,0,1008,0,0,1851,0,843,0.455429498,0,0,0.03006329,0.000451901,0.000444999,0.03006329,0.000451901,0.000444999,0.322425883,1.160251287,1,0,0,0.059098628,0,0.054021072,0,1,0,0.455429498,[0.66310103],1008,0.118197256,0.283005298,0.625835189,0,0.544570502,0.5,0.5,0.5,-64147416.69,0,1,0.625835189,0.796033994,,,,,,,,0,0,0
9d4685ba-31be-4dad-b8e0-b0def87ede7d,ADVERSARIAL_DEBIASING,IN_PROCESSING,ADVERSARIAL_DEBIASING,ROS,0.459211237,0.991696323,0.988654781,0.991696323,0.013888889,0.456830601,843,0.540788763,-0.105368064,0.831697165,0.543169399,-0.115093587,0.819213727,0.008303677,-0.008764791,0.443435754,0.333333333,0.194444444,1.875,0.986111111,0.022022045,1.022725946,0.054547764,0.008303677,0.986111111,0.013888889,0.991696323,0.666666667,7,994,7,994,14,21,1830,14,836,0.456830601,0.015393418,0.015393418,0.025805537,0.000332963,0.000328578,0.025805537,0.000332963,0.000328578,0.330296121,0.885814442,1.017942528,0.008764791,0.022022045,0.154769016,0.01748507,0.058171414,0.013888889,0.991696323,0.008764791,0.455429498,[0.66310103],1008,0.118197256,0.283005298,0.625514403,0.026263251,0.540788763,0.502792606,0.502792606,0.495052909,-60569769.97,0.013257253,0.992179099,0.626997971,0.793989754,,,,,,,,0.008764791,0.022022045,0.01748507
9d4685ba-31be-4dad-b8e0-b0def87ede7d,ADVERSARIAL_DEBIASING,IN_PROCESSING,ADVERSARIAL_DEBIASING,RUS,0.455429498,1,1,1,0,0.455429498,843,0.544570502,-0.118197256,0.815382161,0.544570502,-0.118197256,0.815382161,0,0,,0,0,,1,0,1,0.051979225,0,1,0,1,0,0,1008,0,1008,0,0,1851,0,843,0.455429498,0,0,0.03006329,0.000451901,0.000444999,0.03006329,0.000451901,0.000444999,0.322425883,1.160251287,1,0,0,0.059098628,0,0.054021072,0,1,0,0.455429498,[0.66310103],1008,0.118197256,0.283005298,0.625835189,0,0.544570502,0.5,0.5,0.5,-64059484.64,0,1,0.625835189,0.796033994,,,,,,,,0,0,0
9d4685ba-31be-4dad-b8e0-b0def87ede7d,ADVERSARIAL_DEBIASING,IN_PROCESSING,ADVERSARIAL_DEBIASING,FOS,0.455429498,1,1,1,0,0.455429498,843,0.544570502,-0.118197256,0.815382161,0.544570502,-0.118197256,0.815382161,0,0,,0,0,,1,0,1,0.051979225,0,1,0,1,0,0,1008,0,1008,0,0,1851,0,843,0.455429498,0,0,0.03006329,0.000451901,0.000444999,0.03006329,0.000451901,0.000444999,0.322425883,1.160251287,1,0,0,0.059098628,0,0.054021072,0,1,0,0.455429498,[0.66310103],1008,0.118197256,0.283005298,0.625835189,0,0.544570502,0.5,0.5,0.5,-64354788.62,0,1,0.625835189,0.796033994,,,,,,,,0,0,0
9d4685ba-31be-4dad-b8e0-b0def87ede7d,ADVERSARIAL_DEBIASING,IN_PROCESSING,ADVERSARIAL_DEBIASING,FAIR_SMOTE,0.561318206,0.690391459,0.612101567,0.690391459,0.453373016,0.513680494,843,0.438681794,0.094002579,1.259241489,0.486319506,-0.027445741,0.946480804,0.309608541,-0.63670655,0.251280261,0.363509749,0.034763827,1.101072607,0.546626984,0.590532558,7.673017903,0.154771906,0.309608541,0.546626984,0.453373016,0.690391459,0.636490251,261,551,261,551,457,718,1133,457,582,0.513680494,0.613619554,0.613619554,0.170376057,0.014514,0.016122776,0.170376057,0.014514,0.016122776,0.556366617,1.595490362,6.61021533,0.63670655,0.63670655,0.031104784,0.61982549,0.211224716,0.453373016,0.690391459,0.63670655,0.455429498,[0.66310103],1008,0.118197256,0.283005298,0.589068826,0.1469327,0.438681794,0.571882237,0.571882237,0.220964114,-9867395.869,-0.046173992,0.48269284,0.608819505,0.529724657,,,,,,,,0.63670655,0.63670655,0.61982549
9d4685ba-31be-4dad-b8e0-b0def87ede7d,GradientBoostingClassifier,POSTPROCESSING,ThresholdOptimizer,GradientBoostingClassifier,0.66558617,0.609727165,0.434359806,0.609727165,0.712301587,0.639303483,843,0.33441383,-0.073340469,0.813746866,0.360696517,-0.220418589,0.59222561,0.390272835,-0.087471957,0.811712906,0.314231137,0.032860205,1.114175289,0.287698413,-0.085440101,0.758631714,0.174250398,0.390272835,0.287698413,0.712301587,0.609727165,0.685768863,329,290,329,290,718,1047,804,718,514,0.639303483,0.086456029,0.001015928,0.039948265,0.000797932,0.000781906,0.039948265,0.000797932,0.000781906,0.590339561,-0.239924147,1.044491755,0.087471957,0.087471957,0.126639397,0.018653767,0.243163129,0.712301587,0.609727165,0.087471957,0.455429498,[0.66310103],1008,0.118197256,0.283005298,0.624165149,0.32354697,0.33441383,0.661014376,0.661014376,0.660342833,-32257862.01,-0.002031856,0.95966406,0.632290712,0.785389228,,,,,,,,0.087471957,0.087471957,0.018653767
9d4685ba-31be-4dad-b8e0-b0def87ede7d,GradientBoostingClassifier,POSTPROCESSING,FairnessAwareMetaEstimator,GradientBoostingClassifier,0.686115613,0.589561091,0.395461912,0.589561091,0.766865079,0.678961749,843,0.313884387,0.034308256,1.119909054,0.321038251,-0.008825417,0.973170732,0.410438909,-0.221330225,0.630145545,0.309204647,0.046296852,1.168739842,0.233134921,0.15792273,2.427621483,0.175569758,0.410438909,0.233134921,0.766865079,0.589561091,0.690795353,346,235,346,235,773,1119,732,773,497,0.678961749,0.189626478,0.189626478,0.043640344,0.00095224,0.000975162,0.043640344,0.00095224,0.000975162,0.592570263,0.42337007,2.034010259,0.221330225,0.221330225,0.027561135,0.222619773,0.249070331,0.766865079,0.589561091,0.221330225,0.455429498,[0.66310103],1008,0.118197256,0.283005298,0.631111111,0.36303045,0.313884387,0.678213085,0.678213085,0.549605927,-2725163.767,-0.063407494,0.920281893,0.633156584,0.770529771,,,,,,,,0.221330225,0.221330225,0.222619773
9d4685ba-31be-4dad-b8e0-b0def87ede7d,GradientBoostingClassifier,POSTPROCESSING,RejectOptionClassification,GradientBoostingClassifier,1,1,0.455429498,1,1,1,843,0,0,,0,0,,0,0,,0,0,,0,0,,0,0,0,1,1,1,0,0,0,0,1008,1008,843,1008,843,1,0,0,0,0,0,0,0,0,0,0,1.328532532,0,0,0,0.118197256,0,1,1,0,0.455429498,[0.66310103],1008,0.118197256,0.283005298,1,1,0,1,1,1,-58698915.47,0,1.029137274,1,1.016444521,,,,,,,,0,0,0.118197256
9d4685ba-31be-4dad-b8e0-b0def87ede7d,GradientBoostingClassifier,POSTPROCESSING,EqOddsPostprocessing,GradientBoostingClassifier,1,1,0.455429498,1,1,1,843,0,0,,0,0,,0,0,,0,0,,0,0,,0,0,0,1,1,1,0,0,0,0,1008,1008,843,1008,843,1,0,0,0,0,0,0,0,0,0,0,1.328532532,0,0,0,0.118197256,0,1,1,0,0.455429498,[0.66310103],1008,0.118197256,0.283005298,1,1,0,1,1,1,-58698915.47,0,1.029137274,1,1.016444521,,,,,,,,0,0,0.118197256
9d4685ba-31be-4dad-b8e0-b0def87ede7d,GradientBoostingClassifier,POSTPROCESSING,CalibratedEqOddsPostprocessing,GradientBoostingClassifier,1,1,0.455429498,1,1,1,843,0,0,,0,0,,0,0,,0,0,,0,0,,0,0,0,1,1,1,0,0,0,0,1008,1008,843,1008,843,1,0,0,0,0,0,0,0,0,0,0,1.328532532,0,0,0,0.118197256,0,1,1,0,0.455429498,[0.66310103],1008,0.118197256,0.283005298,1,1,0,1,1,1,-58698915.47,0,1.029137274,1,1.016444521,,,,,,,,0,0,0.118197256
9d4685ba-31be-4dad-b8e0-b0def87ede7d,LogisticRegressionCV,POSTPROCESSING,ThresholdOptimizer,LogisticRegressionCV,0.660183684,0.56227758,0.39654241,0.56227758,0.742063492,0.645776567,843,0.339816316,-0.017659051,0.950130841,0.354223433,-0.169904584,0.655119054,0.43772242,-0.022335371,0.951093238,0.33034915,0.07827445,1.292854406,0.257936508,-0.049657108,0.832499905,0.189878678,0.43772242,0.257936508,0.742063492,0.56227758,0.66965085,369,260,369,260,748,1117,734,748,474,0.645776567,0.03599624,-0.013660868,0.043525508,0.000947235,0.000926584,0.043525508,0.000947235,0.000926584,0.616244558,-0.248159972,1.036156051,0.022335371,0.049657108,0.124089517,0.01392981,0.267601761,0.742063492,0.56227758,0.022335371,0.455429498,[0.66310103],1008,0.118197256,0.283005298,0.601141408,0.309834663,0.339816316,0.652170536,0.652170536,0.661079752,-29989875.81,0.027321736,0.986599609,0.605239794,0.776824642,,,,,,,,0.022335371,0.049657108,0.01392981
9d4685ba-31be-4dad-b8e0-b0def87ede7d,LogisticRegressionCV,POSTPROCESSING,FairnessAwareMetaEstimator,LogisticRegressionCV,0.673149649,0.533807829,0.357644516,0.533807829,0.78968254,0.679758308,843,0.326850351,0.043328782,1.148495729,0.320241692,0.00228798,1.007190796,0.466192171,-0.211311749,0.672724486,0.330529857,0.059075071,1.206762749,0.21031746,0.15132517,2.628547071,0.194896554,0.466192171,0.21031746,0.78968254,0.533807829,0.669470143,393,212,393,212,796,1189,662,796,450,0.679758308,0.18131846,0.18131846,0.040364154,0.000814632,0.0008327,0.040364154,0.000814632,0.0008327,0.624334132,0.467615411,2.127968605,0.211311749,0.211311749,0.028393545,0.21089498,0.278887081,0.78968254,0.533807829,0.211311749,0.455429498,[0.66310103],1008,0.118197256,0.283005298,0.598006645,0.336113136,0.326850351,0.661745184,0.661745184,0.541758567,-2708192.307,-0.059986579,0.936100296,0.596289964,0.752351982,,,,,,,,0.211311749,0.211311749,0.21089498
9d4685ba-31be-4dad-b8e0-b0def87ede7d,LogisticRegressionCV,POSTPROCESSING,RejectOptionClassification,LogisticRegressionCV,1,1,0.455429498,1,1,1,843,0,0,,0,0,,0,0,,0,0,,0,0,,0,0,0,1,1,1,0,0,0,0,1008,1008,843,1008,843,1,0,0,0,0,0,0,0,0,0,0,1.328532532,0,0,0,0.118197256,0,1,1,0,0.455429498,[0.66310103],1008,0.118197256,0.283005298,1,1,0,1,1,1,-58698915.47,0,1.029137274,1,1.016444521,,,,,,,,0,0,0.118197256
9d4685ba-31be-4dad-b8e0-b0def87ede7d,LogisticRegressionCV,POSTPROCESSING,EqOddsPostprocessing,LogisticRegressionCV,1,1,0.455429498,1,1,1,843,0,0,,0,0,,0,0,,0,0,,0,0,,0,0,0,1,1,1,0,0,0,0,1008,1008,843,1008,843,1,0,0,0,0,0,0,0,0,0,0,1.328532532,0,0,0,0.118197256,0,1,1,0,0.455429498,[0.66310103],1008,0.118197256,0.283005298,1,1,0,1,1,1,-58698915.47,0,1.029137274,1,1.016444521,,,,,,,,0,0,0.118197256
9d4685ba-31be-4dad-b8e0-b0def87ede7d,LogisticRegressionCV,POSTPROCESSING,CalibratedEqOddsPostprocessing,LogisticRegressionCV,1,1,0.455429498,1,1,1,843,0,0,,0,0,,0,0,,0,0,,0,0,,0,0,0,1,1,1,0,0,0,0,1008,1008,843,1008,843,1,0,0,0,0,0,0,0,0,0,0,1.328532532,0,0,0,0.118197256,0,1,1,0,0.455429498,[0.66310103],1008,0.118197256,0.283005298,1,1,0,1,1,1,-58698915.47,0,1.029137274,1,1.016444521,,,,,,,,0,0,0.118197256
9d4685ba-31be-4dad-b8e0-b0def87ede7d,AdaBoostClassifier,POSTPROCESSING,ThresholdOptimizer,AdaBoostClassifier,0.648838466,0.644128114,0.482441923,0.644128114,0.652777778,0.60806271,843,0.351161534,-0.0701483,0.828039238,0.39193729,-0.194433236,0.644521053,0.355871886,0.001814543,1.005121043,0.313152401,0.062799574,1.240033927,0.347222222,-0.11708123,0.732723656,0.166120105,0.355871886,0.347222222,0.652777778,0.644128114,0.686847599,300,350,300,350,658,958,893,658,543,0.60806271,0.059447887,-0.059447887,0.059538182,0.001772398,0.001720411,0.059538182,0.001772398,0.001720411,0.576402818,-0.207272971,0.926967079,-0.001814543,0.11708123,0.128616405,-0.037447475,0.228581649,0.652777778,0.644128114,-0.001814543,0.455429498,[0.66310103],1008,0.118197256,0.283005298,0.625576037,0.295906418,0.351161534,0.648452946,0.648452946,0.687002103,-32025637.67,0.115266688,0.940708071,0.639355047,0.782617422,,,,,,,,0.001814543,0.11708123,0.037447475
9d4685ba-31be-4dad-b8e0-b0def87ede7d,AdaBoostClassifier,POSTPROCESSING,FairnessAwareMetaEstimator,AdaBoostClassifier,0.668287412,0.606168446,0.428417072,0.606168446,0.720238095,0.644388398,843,0.331712588,0.031834703,1.104052317,0.355611602,-0.030187959,0.921121783,0.393831554,-0.250153961,0.587408402,0.313799622,0.041339246,1.146029543,0.279761905,0.183803725,2.33998845,0.174807876,0.393831554,0.279761905,0.720238095,0.606168446,0.686200378,332,282,332,282,726,1058,793,726,511,0.644388398,0.216978843,0.216978843,0.051537229,0.001328043,0.00136615,0.051537229,0.001328043,0.00136615,0.59128314,0.441915009,2.071370881,0.250153961,0.250153961,0.035763603,0.245838644,0.244449492,0.720238095,0.606168446,0.250153961,0.455429498,[0.66310103],1008,0.118197256,0.283005298,0.624694377,0.328491003,0.331712588,0.663203271,0.663203271,0.519302192,-2377203.875,-0.066350236,0.893662546,0.631997875,0.758987453,,,,,,,,0.250153961,0.250153961,0.245838644
9d4685ba-31be-4dad-b8e0-b0def87ede7d,AdaBoostClassifier,POSTPROCESSING,RejectOptionClassification,AdaBoostClassifier,1,1,0.455429498,1,1,1,843,0,0,,0,0,,0,0,,0,0,,0,0,,0,0,0,1,1,1,0,0,0,0,1008,1008,843,1008,843,1,0,0,0,0,0,0,0,0,0,0,1.328532532,0,0,0,0.118197256,0,1,1,0,0.455429498,[0.66310103],1008,0.118197256,0.283005298,1,1,0,1,1,1,-58698915.47,0,1.029137274,1,1.016444521,,,,,,,,0,0,0.118197256
9d4685ba-31be-4dad-b8e0-b0def87ede7d,AdaBoostClassifier,POSTPROCESSING,EqOddsPostprocessing,AdaBoostClassifier,1,1,0.455429498,1,1,1,843,0,0,,0,0,,0,0,,0,0,,0,0,,0,0,0,1,1,1,0,0,0,0,1008,1008,843,1008,843,1,0,0,0,0,0,0,0,0,0,0,1.328532532,0,0,0,0.118197256,0,1,1,0,0.455429498,[0.66310103],1008,0.118197256,0.283005298,1,1,0,1,1,1,-58698915.47,0,1.029137274,1,1.016444521,,,,,,,,0,0,0.118197256
9d4685ba-31be-4dad-b8e0-b0def87ede7d,AdaBoostClassifier,POSTPROCESSING,CalibratedEqOddsPostprocessing,AdaBoostClassifier,1,1,0.455429498,1,1,1,843,0,0,,0,0,,0,0,,0,0,,0,0,,0,0,0,1,1,1,0,0,0,0,1008,1008,843,1008,843,1,0,0,0,0,0,0,0,0,0,0,1.328532532,0,0,0,0.118197256,0,1,1,0,0.455429498,[0.66310103],1008,0.118197256,0.283005298,1,1,0,1,1,1,-58698915.47,0,1.029137274,1,1.016444521,,,,,,,,0,0,0.118197256
9d4685ba-31be-4dad-b8e0-b0def87ede7d,SVC,POSTPROCESSING,ThresholdOptimizer,SVC,0.661264182,0.526690391,0.363047002,0.526690391,0.773809524,0.660714286,843,0.338735818,-0.001492074,0.995610814,0.339285714,-0.165317572,0.650393986,0.473309609,0.010293406,1.022156993,0.338422392,0.092628085,1.35167273,0.226190476,-0.056356517,0.791203723,0.200420918,0.473309609,0.226190476,0.773809524,0.526690391,0.661577608,399,228,399,228,780,1179,672,780,444,0.660714286,0.033324962,-0.033324962,0.052440677,0.001375012,0.001339229,0.052440677,0.001375012,0.001339229,0.633120713,-0.274097538,0.991911696,-0.010293406,0.056356517,0.128972829,-0.002955782,0.285072189,0.773809524,0.526690391,-0.010293406,0.455429498,[0.66310103],1008,0.118197256,0.283005298,0.586138614,0.311205217,0.338735818,0.650249958,0.650249958,0.671919513,-34036906.85,0.046063111,0.98009392,0.586282785,0.761016296,,,,,,,,0.010293406,0.056356517,0.002955782
9d4685ba-31be-4dad-b8e0-b0def87ede7d,SVC,POSTPROCESSING,FairnessAwareMetaEstimator,SVC,0.6726094,0.501779359,0.329011345,0.501779359,0.81547619,0.694581281,843,0.3273906,0.054497593,1.192376502,0.305418719,0.014677602,1.050212848,0.498220641,-0.164331588,0.7423443,0.338164251,0.074095912,1.263452131,0.18452381,0.129484191,2.540180374,0.204030001,0.498220641,0.18452381,0.81547619,0.501779359,0.661835749,420,186,420,186,822,1242,609,822,423,0.694581281,0.14690789,0.14690789,0.027350342,0.000374021,0.000379558,0.027350342,0.000374021,0.000379558,0.638795744,0.391555917,1.972188559,0.164331588,0.164331588,0.029709155,0.17901489,0.294615884,0.81547619,0.501779359,0.164331588,0.455429498,[0.66310103],1008,0.118197256,0.283005298,0.582644628,0.336266681,0.3273906,0.658627775,0.658627775,0.561870159,-2741660.445,-0.034847398,0.971252489,0.57737089,0.751527716,,,,,,,,0.164331588,0.164331588,0.17901489
9d4685ba-31be-4dad-b8e0-b0def87ede7d,SVC,POSTPROCESSING,RejectOptionClassification,SVC,1,1,0.455429498,1,1,1,843,0,0,,0,0,,0,0,,0,0,,0,0,,0,0,0,1,1,1,0,0,0,0,1008,1008,843,1008,843,1,0,0,0,0,0,0,0,0,0,0,1.328532532,0,0,0,0.118197256,0,1,1,0,0.455429498,[0.66310103],1008,0.118197256,0.283005298,1,1,0,1,1,1,-58698915.47,0,1.029137274,1,1.016444521,,,,,,,,0,0,0.118197256
9d4685ba-31be-4dad-b8e0-b0def87ede7d,SVC,POSTPROCESSING,EqOddsPostprocessing,SVC,1,1,0.455429498,1,1,1,843,0,0,,0,0,,0,0,,0,0,,0,0,,0,0,0,1,1,1,0,0,0,0,1008,1008,843,1008,843,1,0,0,0,0,0,0,0,0,0,0,1.328532532,0,0,0,0.118197256,0,1,1,0,0.455429498,[0.66310103],1008,0.118197256,0.283005298,1,1,0,1,1,1,-58698915.47,0,1.029137274,1,1.016444521,,,,,,,,0,0,0.118197256
9d4685ba-31be-4dad-b8e0-b0def87ede7d,SVC,POSTPROCESSING,CalibratedEqOddsPostprocessing,SVC,1,1,0.455429498,1,1,1,843,0,0,,0,0,,0,0,,0,0,,0,0,,0,0,0,1,1,1,0,0,0,0,1008,1008,843,1008,843,1,0,0,0,0,0,0,0,0,0,0,1.328532532,0,0,0,0.118197256,0,1,1,0,0.455429498,[0.66310103],1008,0.118197256,0.283005298,1,1,0,1,1,1,-58698915.47,0,1.029137274,1,1.016444521,,,,,,,,0,0,0.118197256
9d4685ba-31be-4dad-b8e0-b0def87ede7d,CalibratedClassifierCV,POSTPROCESSING,ThresholdOptimizer,CalibratedClassifierCV,0.643976229,0.571767497,0.421393841,0.571767497,0.704365079,0.617948718,843,0.356023771,-0.046638199,0.881559105,0.382051282,-0.195754717,0.638606676,0.428232503,-0.061320547,0.872332631,0.337068161,0.056161814,1.192423263,0.295634921,-0.06380282,0.815135419,0.1901566,0.428232503,0.295634921,0.704365079,0.571767497,0.662931839,361,298,361,298,710,1071,780,710,482,0.617948718,0.062561684,-0.001241136,0.041305895,0.000853088,0.000835398,0.041305895,0.000853088,0.000835398,0.616695386,-0.243556972,1.040776591,0.061320547,0.06380282,0.125958265,0.016634077,0.265677417,0.704365079,0.571767497,0.061320547,0.455429498,[0.66310103],1008,0.118197256,0.283005298,0.593961799,0.278496449,0.356023771,0.638066288,0.638066288,0.638858216,-29572631.44,0.002482273,0.972948649,0.601754118,0.769514995,,,,,,,,0.061320547,0.06380282,0.016634077
9d4685ba-31be-4dad-b8e0-b0def87ede7d,CalibratedClassifierCV,POSTPROCESSING,FairnessAwareMetaEstimator,CalibratedClassifierCV,0.664505673,0.537366548,0.369529984,0.537366548,0.770833333,0.662280702,843,0.335494327,0.05400969,1.18510117,0.337719298,0.08384858,1.32249454,0.462633452,-0.289667004,0.591247672,0.334190231,0.050192519,1.168981481,0.229166667,0.221250255,4.84635058,0.196340099,0.462633452,0.229166667,0.770833333,0.537366548,0.665809769,390,231,390,231,777,1167,684,777,453,0.662280702,0.255458629,0.255458629,0.070221504,0.00246553,0.002564117,0.070221504,0.00246553,0.002564117,0.626642001,0.804602068,2.988010681,0.289667004,0.289667004,-0.016828031,0.281587915,0.279078364,0.770833333,0.537366548,0.289667004,0.455429498,[0.66310103],1008,0.118197256,0.283005298,0.593320236,0.317989692,0.335494327,0.654099941,0.654099941,0.487004466,-2734424.744,-0.068416749,0.880628502,0.593914083,0.729664805,,,,,,,,0.289667004,0.289667004,0.281587915
9d4685ba-31be-4dad-b8e0-b0def87ede7d,CalibratedClassifierCV,POSTPROCESSING,RejectOptionClassification,CalibratedClassifierCV,1,1,0.455429498,1,1,1,843,0,0,,0,0,,0,0,,0,0,,0,0,,0,0,0,1,1,1,0,0,0,0,1008,1008,843,1008,843,1,0,0,0,0,0,0,0,0,0,0,1.328532532,0,0,0,0.118197256,0,1,1,0,0.455429498,[0.66310103],1008,0.118197256,0.283005298,1,1,0,1,1,1,-58698915.47,0,1.029137274,1,1.016444521,,,,,,,,0,0,0.118197256
9d4685ba-31be-4dad-b8e0-b0def87ede7d,CalibratedClassifierCV,POSTPROCESSING,EqOddsPostprocessing,CalibratedClassifierCV,1,1,0.455429498,1,1,1,843,0,0,,0,0,,0,0,,0,0,,0,0,,0,0,0,1,1,1,0,0,0,0,1008,1008,843,1008,843,1,0,0,0,0,0,0,0,0,0,0,1.328532532,0,0,0,0.118197256,0,1,1,0,0.455429498,[0.66310103],1008,0.118197256,0.283005298,1,1,0,1,1,1,-58698915.47,0,1.029137274,1,1.016444521,,,,,,,,0,0,0.118197256
9d4685ba-31be-4dad-b8e0-b0def87ede7d,CalibratedClassifierCV,POSTPROCESSING,CalibratedEqOddsPostprocessing,CalibratedClassifierCV,1,1,0.455429498,1,1,1,843,0,0,,0,0,,0,0,,0,0,,0,0,,0,0,0,1,1,1,0,0,0,0,1008,1008,843,1008,843,1,0,0,0,0,0,0,0,0,0,0,1.328532532,0,0,0,0.118197256,0,1,1,0,0.455429498,[0.66310103],1008,0.118197256,0.283005298,1,1,0,1,1,1,-58698915.47,0,1.029137274,1,1.016444521,,,,,,,,0,0,0.118197256
9d4685ba-31be-4dad-b8e0-b0def87ede7d,XGBClassifier,POSTPROCESSING,ThresholdOptimizer,XGBClassifier,0.658562939,0.584816133,0.418692599,0.584816133,0.720238095,0.636129032,843,0.341437061,-0.008655545,0.975159291,0.363870968,-0.148706412,0.693839741,0.415183867,-0.021059693,0.951371254,0.32527881,0.08361486,1.32381755,0.279761905,-0.027227667,0.909508049,0.183261305,0.415183867,0.279761905,0.720238095,0.584816133,0.67472119,350,282,350,282,726,1076,775,726,493,0.636129032,0.02414368,-0.003083987,0.037072546,0.000687187,0.00067434,0.037072546,0.000687187,0.00067434,0.605411109,-0.217057281,1.068829868,0.021059693,0.027227667,0.116160636,0.027297965,0.256685571,0.720238095,0.584816133,0.021059693,0.455429498,[0.66310103],1008,0.118197256,0.283005298,0.609394314,0.307938589,0.341437061,0.652527114,0.652527114,0.654539499,-30810084.4,0.006167974,0.996718514,0.61609606,0.788062901,,,,,,,,0.021059693,0.027227667,0.027297965
9d4685ba-31be-4dad-b8e0-b0def87ede7d,XGBClassifier,POSTPROCESSING,FairnessAwareMetaEstimator,XGBClassifier,0.671528903,0.559905101,0.383036197,0.559905101,0.764880952,0.665726375,843,0.328471097,0.052332288,1.182903938,0.334273625,0.005965744,1.018135861,0.440094899,-0.186414024,0.688492355,0.324868651,0.066672231,1.243002738,0.235119048,0.160480275,2.450741688,0.187825401,0.440094899,0.235119048,0.764880952,0.559905101,0.675131349,371,237,371,237,771,1142,709,771,472,0.665726375,0.173447149,0.173447149,0.037722297,0.000711486,0.000726188,0.037722297,0.000711486,0.000726188,0.612903584,0.387707376,1.962695875,0.186414024,0.186414024,0.030353244,0.207265967,0.266499673,0.764880952,0.559905101,0.186414024,0.455429498,[0.66310103],1008,0.118197256,0.283005298,0.608247423,0.332724863,0.328471097,0.662393027,0.662393027,0.547502844,-3017012.421,-0.025933748,0.945802398,0.609852295,0.765158015,,,,,,,,0.186414024,0.186414024,0.207265967
9d4685ba-31be-4dad-b8e0-b0def87ede7d,XGBClassifier,POSTPROCESSING,RejectOptionClassification,XGBClassifier,1,1,0.455429498,1,1,1,843,0,0,,0,0,,0,0,,0,0,,0,0,,0,0,0,1,1,1,0,0,0,0,1008,1008,843,1008,843,1,0,0,0,0,0,0,0,0,0,0,1.328532532,0,0,0,0.118197256,0,1,1,0,0.455429498,[0.66310103],1008,0.118197256,0.283005298,1,1,0,1,1,1,-58698915.47,0,1.029137274,1,1.016444521,,,,,,,,0,0,0.118197256
9d4685ba-31be-4dad-b8e0-b0def87ede7d,XGBClassifier,POSTPROCESSING,EqOddsPostprocessing,XGBClassifier,1,1,0.455429498,1,1,1,843,0,0,,0,0,,0,0,,0,0,,0,0,,0,0,0,1,1,1,0,0,0,0,1008,1008,843,1008,843,1,0,0,0,0,0,0,0,0,0,0,1.328532532,0,0,0,0.118197256,0,1,1,0,0.455429498,[0.66310103],1008,0.118197256,0.283005298,1,1,0,1,1,1,-58698915.47,0,1.029137274,1,1.016444521,,,,,,,,0,0,0.118197256
9d4685ba-31be-4dad-b8e0-b0def87ede7d,XGBClassifier,POSTPROCESSING,CalibratedEqOddsPostprocessing,XGBClassifier,1,1,0.455429498,1,1,1,843,0,0,,0,0,,0,0,,0,0,,0,0,,0,0,0,1,1,1,0,0,0,0,1008,1008,843,1008,843,1,0,0,0,0,0,0,0,0,0,0,1.328532532,0,0,0,0.118197256,0,1,1,0,0.455429498,[0.66310103],1008,0.118197256,0.283005298,1,1,0,1,1,1,-58698915.47,0,1.029137274,1,1.016444521,,,,,,,,0,0,0.118197256
9d4685ba-31be-4dad-b8e0-b0def87ede7d,GradientBoostingClassifier_BASE_LINE_VALUES,POSTPROCESSING,BINARY DEBIASER,BASE_LINE_VALUES,1,1,0.454054054,1,1,1,84,0,0,,0,0,,0,0,,0,0,,0,0,,0,0,0,1,1,1,0,0,0,0,101,101,84,101,84,1,0,0,0,0,0,0,0,0,0,0,1.31956634,0,0,0,0.115398956,0,1,1,0,0.454054054,[0.68756757],101,0.115398956,0.267290383,1,1,0,1,1,1,-316824.6309,0,1.028733072,1,1.016219172,,,,,,,,0,0,0.115398956
9d4685ba-31be-4dad-b8e0-b0def87ede7d,AdaBoostClassifier_BASE_LINE_VALUES,POSTPROCESSING,BINARY DEBIASER,BASE_LINE_VALUES,1,1,0.454054054,1,1,1,84,0,0,,0,0,,0,0,,0,0,,0,0,,0,0,0,1,1,1,0,0,0,0,101,101,84,101,84,1,0,0,0,0,0,0,0,0,0,0,1.31956634,0,0,0,0.115398956,0,1,1,0,0.454054054,[0.68756757],101,0.115398956,0.267290383,1,1,0,1,1,1,-316354.7672,0,1.028733072,1,1.016219172,,,,,,,,0,0,0.115398956
9d4685ba-31be-4dad-b8e0-b0def87ede7d,XGBClassifier_BASE_LINE_VALUES,POSTPROCESSING,BINARY DEBIASER,BASE_LINE_VALUES,1,1,0.454054054,1,1,1,84,0,0,,0,0,,0,0,,0,0,,0,0,,0,0,0,1,1,1,0,0,0,0,101,101,84,101,84,1,0,0,0,0,0,0,0,0,0,0,1.31956634,0,0,0,0.115398956,0,1,1,0,0.454054054,[0.68756757],101,0.115398956,0.267290383,1,1,0,1,1,1,-316612.8211,0,1.028733072,1,1.016219172,,,,,,,,0,0,0.115398956
9d4685ba-31be-4dad-b8e0-b0def87ede7d,GradientBoostingClassifier_BASE_LINE_VALUES,POSTPROCESSING,GradientBoostingClassifier_BASE_LINE_VALUES_CERTI_FAI,GradientBoostingClassifier_BASE_LINE_VALUES_CERTI_FAI,0.710359408,0.351274788,0.178646934,0.351274788,0.924114671,0.733727811,353,0.289640592,0.069387526,1.296473975,0.266272189,-0.12206235,0.667102681,0.648725212,0.016547406,1.0260747,0.294723295,0.107778982,1.516032702,0.075885329,-0.006484103,0.919832902,0.194050055,0.648725212,0.075885329,0.924114671,0.351274788,0.705276705,229,45,229,45,548,777,169,548,124,0.733727811,0.011515755,-0.011515755,0.047904986,0.001147444,0.00112114,0.047904986,0.001147444,0.00112114,0.622976813,-0.227618929,1.149164468,-0.016547406,0.016547406,0.114920666,0.023802841,0.298163791,0.924114671,0.351274788,-0.016547406,0.373150106,[0.97272727],593,0.120501881,0.357702084,0.475095785,0.34770277,0.289640592,0.637694729,0.637694729,0.645038265,-663157.5924,-0.010063303,1.018269706,0.471746252,0.680431911,,,,,,,,,,
9d4685ba-31be-4dad-b8e0-b0def87ede7d,AdaBoostClassifier_BASE_LINE_VALUES,POSTPROCESSING,AdaBoostClassifier_BASE_LINE_VALUES_CERTI_FAI,AdaBoostClassifier_BASE_LINE_VALUES_CERTI_FAI,0.674351585,0.143250689,0.076849183,0.143250689,0.958702065,0.65,363,0.325648415,0.173448173,1.916797488,0.35,0.102564103,1.384615385,0.856749311,0.093916548,1.121102917,0.323621228,0.178494086,1.972323049,0.041297935,0.024403365,2.055445545,0.237406103,0.856749311,0.041297935,0.958702065,0.143250689,0.676378772,311,28,311,28,650,961,80,650,52,0.65,0.059159956,-0.034756591,0.084873054,0.003601718,0.003470753,0.084873054,0.003601718,0.003470753,0.689066184,-0.407801288,1.174603175,-0.093916548,0.093916548,0.037964992,0.011797512,0.368462446,0.958702065,0.143250689,-0.093916548,0.34870317,[0.98386167],678,0.162673663,0.546878838,0.23476298,0.182414952,0.325648415,0.550976377,0.550976377,0.570126437,-748361.1005,-0.069513182,0.982658073,0.235788059,0.416818445,,,,,,,,,,
9d4685ba-31be-4dad-b8e0-b0def87ede7d,AdaBoostClassifier,PREPROCESSING,BAL_GAN_FAIR,BAL_GAN_FAIR,0.668287412,0.606168446,0.428417072,0.606168446,0.720238095,0.644388398,843,0.331712588,0.032817381,1.106847288,0.355611602,-0.108539326,0.753319714,0.393831554,-0.37956022,0.454382184,0.313799622,0.071315402,1.256289725,0.279761905,0.248681203,3.125093914,0.174807876,0.393831554,0.279761905,0.720238095,0.606168446,0.686200378,332,282,332,282,726,1058,793,726,511,0.644388398,0.314120711,0.314120711,0.055497118,0.001539965,0.001577597,0.787271998,0.309898599,0.48094015,0.59128314,0.623480607,2.972564612,0.37956022,0.37956022,0.089927364,0.352243681,0.244449492,0.720238095,0.606168446,0.37956022,0.455429498,[0.66634252],1008,0.190315251,0.453201669,0.624694377,0.328491003,0.331712588,0.663203271,0.663203271,0.454877388,-2377203.875,-0.130879017,0.783742024,0.631997875,0.710618661,,,,,,,,0.37956022,0.37956022,0.352243681
9d4685ba-31be-4dad-b8e0-b0def87ede7d,AdaBoostClassifier,PREPROCESSING,BAL_GAN_FAIR,HYPERPARAMETER,0.682874122,0.601423488,0.409508374,0.601423488,0.750992063,0.668865435,843,0.317125878,-0.009301335,0.971062514,0.331134565,-0.176190476,0.63,0.398576512,-0.458187573,0.397810619,0.307410796,0.030985234,1.105349794,0.249007937,0.215931071,3.029752066,0.173035659,0.398576512,0.249007937,0.750992063,0.601423488,0.692589204,336,251,336,251,757,1093,758,757,507,0.668865435,0.337059322,0.337059322,0.059379055,0.001762936,0.001803186,0.787939135,0.31042404,0.48128909,0.588278266,0.767564282,3.445990722,0.458187573,0.458187573,0.103587855,0.366898608,0.244041709,0.750992063,0.601423488,0.458187573,0.455429498,[0.66634252],1008,0.190315251,0.453201669,0.633354154,0.356906481,0.317125878,0.676207776,0.676207776,0.448285641,-2375243.129,-0.242256502,0.719290886,0.637481883,0.681792818,,,,,,,,0.458187573,0.458187573,0.366898608
9d4685ba-31be-4dad-b8e0-b0def87ede7d,AdaBoostClassifier,PREPROCESSING,DEMV,DEMV,0.68017288,0.591933571,0.40356564,0.591933571,0.753968254,0.668005355,843,0.31982712,0.016912809,1.055064959,0.331994645,-0.164769976,0.639565678,0.408066429,-0.226803265,0.613594437,0.311594203,0.094917068,1.369121931,0.246031746,0.114911201,1.675103306,0.176390776,0.408066429,0.246031746,0.753968254,0.591933571,0.688405797,344,248,344,248,760,1104,747,760,499,0.668005355,0.170857233,0.170857233,0.02245792,0.000252179,0.000254159,0.784438844,0.30767215,0.47949866,0.593954167,0.169332379,1.876739563,0.226803265,0.226803265,0.129843522,0.219184891,0.249155183,0.753968254,0.591933571,0.226803265,0.455429498,[0.66634252],1008,0.190315251,0.453201669,0.627672956,0.351117171,0.31982712,0.672950912,0.672950912,0.557972381,-2377937.519,-0.111892064,0.909046345,0.631209579,0.76477697,,,,,,,,0.226803265,0.226803265,0.219184891
9d4685ba-31be-4dad-b8e0-b0def87ede7d,AdaBoostClassifier,PREPROCESSING,DEMV,HYPERPARAMETER,0.687736359,0.609727165,0.412209616,0.609727165,0.75297619,0.673656619,843,0.312263641,0.019270094,1.06580032,0.326343381,-0.132242424,0.688285714,0.390272835,-0.265117441,0.548318433,0.302389706,0.079679362,1.315766359,0.24702381,0.152716722,2.025383707,0.169535789,0.390272835,0.24702381,0.75297619,0.609727165,0.697610294,329,249,329,249,759,1088,763,759,514,0.673656619,0.208917082,0.208917082,0.02698076,0.000363981,0.000366448,0.784928013,0.308055993,0.479741402,0.58229853,0.284889489,2.108560757,0.265117441,0.265117441,0.105960893,0.261303607,0.239092627,0.75297619,0.609727165,0.265117441,0.455429498,[0.66634252],1008,0.190315251,0.453201669,0.640099626,0.366960154,0.312263641,0.681351678,0.681351678,0.539005673,-2375498.539,-0.112400719,0.879214294,0.644277288,0.760382197,,,,,,,,0.265117441,0.265117441,0.261303607
9d4685ba-31be-4dad-b8e0-b0def87ede7d,AdaBoostClassifier,PREPROCESSING,UNAWARENESS,HYPERPARAMETER_BAL_GAN_FAIR,0.692058347,0.606168446,0.404646137,0.606168446,0.763888889,0.682242991,843,0.307941653,0.008151093,1.027170311,0.317757009,-0.144488712,0.666564511,0.393831554,-0.314342829,0.501387237,0.301270417,0.063744589,1.241789819,0.236111111,0.161288905,2.166242848,0.16945536,0.393831554,0.236111111,0.763888889,0.606168446,0.698729583,332,238,332,238,770,1102,749,770,511,0.682242991,0.237815867,0.237815867,0.036531344,0.00066727,0.000670472,0.785384443,0.308414362,0.479970876,0.58216039,0.382696285,2.3286945,0.314342829,0.314342829,0.10411665,0.28472025,0.239903118,0.763888889,0.606168446,0.314342829,0.455429498,[0.66634252],1008,0.190315251,0.453201669,0.641959799,0.375475292,0.307941653,0.685028667,0.685028667,0.522117981,-2375276.607,-0.153053924,0.843101156,0.6448283,0.744935203,42.16380692,148,0,205274.3556,0,855309.8149,73.88926457,0.314342829,0.314342829,0.28472025
9d4685ba-31be-4dad-b8e0-b0def87ede7d,AdaBoostClassifier,PREPROCESSING,UNAWARENESS,HYPERPARAMETER_DEMV,0.689357104,0.613285884,0.413830362,0.613285884,0.75297619,0.674934726,843,0.310642896,0.026412951,1.092445328,0.325065274,-0.111783597,0.724840377,0.386714116,-0.270864568,0.538527033,0.300460829,0.08,1.32,0.24702381,0.169553367,2.226001271,0.168155456,0.386714116,0.24702381,0.75297619,0.613285884,0.699539171,326,249,326,249,759,1085,766,759,517,0.674934726,0.220208968,0.220208968,0.031033378,0.000481535,0.000484366,0.78515919,0.308237477,0.479857331,0.579923195,0.327111563,2.20054672,0.270864568,0.270864568,0.095891798,0.274410679,0.237070489,0.75297619,0.613285884,0.270864568,0.455429498,[0.66634252],1008,0.190315251,0.453201669,0.642635177,0.370345225,0.310642896,0.683131037,0.683131037,0.532699457,-2375504.981,-0.1013112,0.874202818,0.646930858,0.759806005,41.87223125,147.7,0,206052.1636,0,858550.6817,74.16923945,0.270864568,0.270864568,0.274410679
9d4685ba-31be-4dad-b8e0-b0def87ede7d,AdaBoostClassifier,PREPROCESSING,UNAWARENESS,UNAWARENESS_BAL_GAN_FAIR,0.676931388,0.575326216,0.391680173,0.575326216,0.761904762,0.668965517,843,0.323068612,0.039150809,1.133685691,0.331034483,-0.095833333,0.760416667,0.424673784,-0.313759787,0.534420962,0.317939609,0.087849231,1.32589231,0.238095238,0.195269914,2.83553719,0.181962841,0.424673784,0.238095238,0.761904762,0.575326216,0.682060391,358,240,358,240,768,1126,725,768,485,0.668965517,0.25451485,0.25451485,0.032464438,0.00052697,0.000536581,0.78578368,0.308727996,0.480173383,0.603262532,0.516976105,2.671968191,0.313759787,0.313759787,0.091841282,0.298565748,0.257857393,0.761904762,0.575326216,0.313759787,0.455429498,[0.66634252],1008,0.190315251,0.453201669,0.618622449,0.344059312,0.323068612,0.668615489,0.668615489,0.498442918,-2377962.666,-0.118489873,0.848475495,0.620874578,0.733273652,,,,,,,,0.313759787,0.313759787,0.298565748
9d4685ba-31be-4dad-b8e0-b0def87ede7d,AdaBoostClassifier,PREPROCESSING,UNAWARENESS,UNAWARENESS_DEMV,0.682333874,0.591933571,0.401404646,0.591933571,0.757936508,0.671601615,843,0.317666126,0.029210452,1.099743005,0.328398385,-0.121395655,0.710518053,0.408066429,-0.267699484,0.560207991,0.310469314,0.088080506,1.342884828,0.242063492,0.16335502,2.181182454,0.175862304,0.408066429,0.242063492,0.757936508,0.591933571,0.689530686,344,244,344,244,764,1108,743,764,499,0.671601615,0.215527252,0.215527252,0.028164244,0.000396612,0.000399334,0.785017281,0.308126066,0.47978609,0.593063747,0.326265062,2.199704996,0.267699484,0.267699484,0.104738081,0.265648963,0.248717635,0.757936508,0.591933571,0.267699484,0.455429498,[0.66634252],1008,0.190315251,0.453201669,0.62925599,0.355456589,0.317666126,0.674935039,0.674935039,0.529468145,-2377998.02,-0.104344463,0.87960956,0.63236237,0.753369649,,,,,,,,0.267699484,0.267699484,0.265648963
9d4685ba-31be-4dad-b8e0-b0def87ede7d,GERRY_FAIR_CLASSIFIER,IN_PROCESSING,GERRY_FAIR_CLASSIFIER,BAL_GAN_FAIR,0.458670989,0.995255042,0.992436521,0.995255042,0.009920635,0.456722918,843,0.541329011,-0.19528543,0.709149359,0.543277082,-0.192993266,0.712563222,0.004744958,0.003831418,inf,0.285714286,0.222222222,inf,0.990079365,-0.01446281,0.98553719,0.053537393,0.004744958,0.990079365,0.009920635,0.995255042,0.714285714,4,998,4,998,10,14,1837,10,839,0.456722918,0.009147114,-0.009147114,0.047584628,0.001132148,0.001125704,0.786291392,0.309127077,0.48036895,0.327222839,1.110160445,0.991053678,-0.003831418,0.01446281,0.207607744,-0.008946322,0.056462359,0.009920635,0.995255042,-0.003831418,0.455429498,[0.66634252],1008,0.190315251,0.453201669,0.626119403,0.029750384,0.541329011,0.502587838,0.502587838,0.507185066,-58698915.47,0.010631392,0.99093901,0.627336955,0.793768292,,,,,,,,0.003831418,0.01446281,0.008946322
9d4685ba-31be-4dad-b8e0-b0def87ede7d,GERRY_FAIR_CLASSIFIER,IN_PROCESSING,GERRY_FAIR_CLASSIFIER,DEMV,0.455429498,0.985765125,0.987034036,0.985765125,0.011904762,0.454844007,843,0.544570502,-0.175035501,0.733641628,0.545155993,-0.185334679,0.721997982,0.014234875,0.01532567,inf,0.5,0.533333333,inf,0.988095238,0.006813786,1.006961912,0.055837183,0.014234875,0.988095238,0.011904762,0.985765125,0.5,12,996,12,996,12,24,1827,12,831,0.454844007,0.011069728,-0.004255942,0.047812169,0.001143002,0.001137394,0.786148528,0.309014754,0.480302595,0.334177146,1.573452368,0.999366122,-0.01532567,0.01532567,0.359334006,-0.000624822,0.060720846,0.011904762,0.985765125,-0.01532567,0.455429498,[0.66634252],1008,0.190315251,0.453201669,0.62247191,-0.010257611,0.544570502,0.498834943,0.498834943,0.500957956,-58698915.47,-0.008511885,0.99196806,0.622837176,0.791044824,,,,,,,,0.01532567,0.01532567,0.000624822
9d4685ba-31be-4dad-b8e0-b0def87ede7d,GradientBoostingClassifier,PREPROCESSING,BAL_GAN_FAIR,BAL_GAN_FAIR,0.686115613,0.589561091,0.395461912,0.589561091,0.766865079,0.678961749,843,0.313884387,0.034365237,1.12027833,0.321038251,-0.060486757,0.833661417,0.410438909,-0.373813093,0.462643678,0.309204647,0.066162957,1.243975904,0.233134921,0.233075435,3.738636364,0.175569758,0.410438909,0.233134921,0.766865079,0.589561091,0.690795353,346,235,346,235,773,1119,732,773,497,0.678961749,0.303444264,0.303444264,0.057330554,0.001643396,0.001664538,0.787261376,0.309890237,0.480934618,0.592570263,0.698777235,3.213446593,0.373813093,0.373813093,0.063324857,0.347827322,0.249070331,0.766865079,0.589561091,0.373813093,0.455429498,[0.66634252],1008,0.190315251,0.453201669,0.631111111,0.36303045,0.313884387,0.678213085,0.678213085,0.472413215,-2725142.754,-0.140737658,0.793892877,0.633156584,0.715993317,,,,,,,,0.373813093,0.373813093,0.347827322
9d4685ba-31be-4dad-b8e0-b0def87ede7d,GradientBoostingClassifier,PREPROCESSING,DEMV,DEMV,0.687736359,0.59430605,0.398163155,0.59430605,0.765873016,0.679782904,843,0.312263641,-0.004331156,0.986525293,0.320217096,-0.190591945,0.60610998,0.40569395,-0.316924871,0.514048531,0.307001795,0.064576467,1.234627832,0.234126984,0.137946193,1.86446281,0.173831414,0.40569395,0.234126984,0.765873016,0.59430605,0.692998205,342,236,342,236,772,1114,737,772,501,0.679782904,0.227435532,0.227435532,0.031173632,0.000485898,0.000487503,0.785034096,0.308139266,0.479794519,0.589629398,0.328301723,2.20419419,0.316924871,0.316924871,0.127584206,0.266642999,0.246458853,0.765873016,0.59430605,0.316924871,0.455429498,[0.66634252],1008,0.190315251,0.453201669,0.634177215,0.366425915,0.312263641,0.680089533,0.680089533,0.525413008,-2688351.392,-0.178978678,0.842955582,0.636466123,0.740056669,,,,,,,,0.316924871,0.316924871,0.266642999
9d4685ba-31be-4dad-b8e0-b0def87ede7d,GradientBoostingClassifier,PREPROCESSING,UNAWARENESS,UNAWARENESS_BAL_GAN_FAIR,0.681253377,0.572953737,0.385197191,0.572953737,0.771825397,0.677419355,843,0.318746623,0.015918773,1.051828564,0.322580645,-0.140610998,0.68042955,0.427046263,-0.354656005,0.490181992,0.316344464,0.067370198,1.24211165,0.228174603,0.186697732,2.59541698,0.181507042,0.427046263,0.228174603,0.771825397,0.572953737,0.683655536,360,230,360,230,778,1138,713,778,483,0.677419355,0.270676868,0.270676868,0.047754925,0.001140266,0.001147746,0.786055466,0.308941598,0.48031208,0.602506502,0.539610816,2.733200795,0.354656005,0.354656005,0.103990598,0.309500142,0.258089373,0.771825397,0.572953737,0.354656005,0.455429498,[0.66634252],1008,0.190315251,0.453201669,0.620822622,0.352832946,0.318746623,0.672389567,0.672389567,0.490389264,-2723436.357,-0.167958274,0.814130045,0.621891799,0.718891737,,,,,,,,0.354656005,0.354656005,0.309500142
9d4685ba-31be-4dad-b8e0-b0def87ede7d,GradientBoostingClassifier,PREPROCESSING,UNAWARENESS,UNAWARENESS_DEMV,0.688816856,0.59430605,0.397082658,0.59430605,0.767857143,0.681632653,843,0.311183144,-0.002158478,0.993132116,0.318367347,-0.177192982,0.620300752,0.40569395,-0.324587706,0.502298851,0.306451613,0.061257102,1.224609375,0.232142857,0.146518375,1.983766234,0.173550855,0.40569395,0.232142857,0.767857143,0.59430605,0.693548387,342,234,342,234,774,1116,735,774,501,0.681632653,0.235553041,0.235553041,0.036010575,0.000648381,0.000650837,0.785228177,0.308291645,0.479892047,0.589153383,0.366647796,2.29158383,0.324587706,0.324587706,0.119225042,0.276767964,0.246230075,0.767857143,0.59430605,0.324587706,0.455429498,[0.66634252],1008,0.190315251,0.453201669,0.634980989,0.368614654,0.311183144,0.681081596,0.681081596,0.520650755,-2684639.968,-0.178069331,0.836782307,0.637044151,0.73766009,,,,,,,,0.324587706,0.324587706,0.276767964
9d4685ba-31be-4dad-b8e0-b0def87ede7d,NEURONAL_NETWORK,IN_PROCESSING,DISTRACTION,BAL_GAN_FAIR,0.652620205,0.570581257,0.411669368,0.570581257,0.721230159,0.631233596,843,0.347379795,0.049900596,1.166335321,0.368766404,-0.101984127,0.764652015,0.429418743,-0.276028652,0.562161448,0.33241506,0.104889533,1.397856848,0.278769841,0.20674345,2.494914177,0.188903572,0.429418743,0.278769841,0.721230159,0.570581257,0.66758494,362,281,362,281,727,1089,762,727,481,0.631233596,0.241386051,0.241386051,0.032146665,0.000516704,0.000521137,0.785425102,0.308446296,0.479991428,0.614660185,0.386668485,2.337972167,0.276028652,0.276028652,0.10343683,0.286708321,0.264830507,0.721230159,0.570581257,0.276028652,0.455429498,[0.66634252],1008,0.190315251,0.453201669,0.599376947,0.295294193,0.347379795,0.645905708,0.645905708,0.48999308,,-0.069285202,0.871039854,0.605658951,0.73333022,,,,,,,,0.276028652,0.276028652,0.286708321
9d4685ba-31be-4dad-b8e0-b0def87ede7d,NEURONAL_NETWORK,IN_PROCESSING,DISTRACTION,DEMV,0.656401945,0.520759193,0.362506753,0.520759193,0.76984127,0.654247392,843,0.343598055,0.012382846,1.037686922,0.345752608,-0.212589074,0.574821853,0.479240807,-0.118190905,0.782528736,0.342372881,0.124385139,1.487589744,0.23015873,0.026595745,1.119047619,0.20355362,0.479240807,0.23015873,0.76984127,0.520759193,0.657627119,404,232,404,232,776,1180,671,776,439,0.654247392,0.072393325,0.072393325,0.02823089,0.000398492,0.000392975,0.785026245,0.308133102,0.479777209,0.638049559,-0.054473936,1.394963552,0.118190905,0.118190905,0.168487106,0.118489066,0.289082326,0.76984127,0.520759193,0.118190905,0.455429498,[0.66634252],1008,0.190315251,0.453201669,0.57992074,0.301049626,0.343598055,0.645300232,0.645300232,0.598584802,,-0.09159516,0.971028139,0.580483706,0.753705366,,,,,,,,0.118190905,0.118190905,0.118489066
9d4685ba-31be-4dad-b8e0-b0def87ede7d,NEURONAL_NETWORK,IN_PROCESSING,FAIR_FOR_FREE,BAL_GAN_FAIR,0.655321448,0.746144721,0.568881686,0.746144721,0.579365079,0.597340931,843,0.344678552,0.033626811,1.106994397,0.402659069,-0.109909366,0.771022155,0.253855279,-0.233633183,0.462643678,0.268170426,0.083010336,1.373546512,0.420634921,0.250879198,1.982610193,0.133817405,0.253855279,0.420634921,0.579365079,0.746144721,0.731829574,214,424,214,424,584,798,1053,584,629,0.597340931,0.242256191,0.242256191,0.031564856,0.00049817,0.000504144,0.785401308,0.308427608,0.479979399,0.51733433,0.176025094,1.842544732,0.233633183,0.250879198,0.096459851,0.300908833,0.17773066,0.579365079,0.746144721,0.233633183,0.455429498,[0.66634252],1008,0.190315251,0.453201669,0.66350211,0.327335035,0.344678552,0.6627549,0.6627549,0.502198423,,0.017246015,0.867131101,0.685973707,0.778967167,,,,,,,,0.233633183,0.250879198,0.300908833
9d4685ba-31be-4dad-b8e0-b0def87ede7d,NEURONAL_NETWORK,IN_PROCESSING,FAIR_FOR_FREE,DEMV,0.675310643,0.635824437,0.448406267,0.635824437,0.708333333,0.645783133,843,0.324689357,0.063376882,1.227506754,0.354216867,-0.076923077,0.8125,0.364175563,-0.181992337,0.636015326,0.300685602,0.123972143,1.54439941,0.291666667,0.197555829,2.160640496,0.164624284,0.364175563,0.291666667,0.708333333,0.635824437,0.699314398,307,294,307,294,714,1021,830,714,536,0.645783133,0.189774083,0.189774083,0.027100696,0.000367224,0.000369552,0.784755872,0.307920889,0.479655529,0.573801854,0.185858387,1.905490136,0.181992337,0.197555829,0.10044761,0.252243681,0.228794768,0.708333333,0.635824437,0.181992337,0.455429498,[0.66634252],1008,0.190315251,0.453201669,0.640765093,0.34462733,0.324689357,0.672078885,0.672078885,0.544535731,,0.015563492,0.923615076,0.650167507,0.78255974,87.78339052,384.6,0,1042761.732,0,4344840.549,375.3459474,0.181992337,0.197555829,0.252243681
9d4685ba-31be-4dad-b8e0-b0def87ede7d,NEURONAL_NETWORK,IN_PROCESSING,ROB_FAIRNESS_FGSM,BAL_GAN_FAIR,0.640194489,0.422301305,0.289032955,0.422301305,0.822420635,0.665420561,843,0.359805511,0.072578813,1.236303112,0.334579439,-0.133646245,0.692613636,0.577698695,-0.188655672,0.737025427,0.37006079,0.139967067,1.496246872,0.177579365,0.112625286,2.058677686,0.238969796,0.577698695,0.177579365,0.822420635,0.422301305,0.62993921,487,179,487,179,829,1316,535,829,356,0.665420561,0.150640479,0.150640479,0.009217006,4.25E-05,4.22E-05,0.78433971,0.30759439,0.479450126,0.691331753,0.28887753,2.129829717,0.188655672,0.188655672,0.136806656,0.185614882,0.342818387,0.822420635,0.422301305,0.188655672,0.455429498,[0.66634252],1008,0.190315251,0.453201669,0.516690856,0.26885129,0.359805511,0.62236097,0.62236097,0.528608215,,-0.076030386,0.960964184,0.511474408,0.698053677,,,,,,,,0.188655672,0.188655672,0.185614882
9d4685ba-31be-4dad-b8e0-b0def87ede7d,NEURONAL_NETWORK,IN_PROCESSING,ROB_FAIRNESS_FGSM,DEMV,0.645596975,0.411625148,0.273905997,0.411625148,0.841269841,0.684418146,843,0.354403025,0.108293099,1.398974574,0.315581854,-0.005882353,0.980392157,0.588374852,-0.155422289,0.77658046,0.369047619,0.156756757,1.587837838,0.158730159,0.142781783,3.236914601,0.23992419,0.588374852,0.158730159,0.841269841,0.411625148,0.630952381,496,160,496,160,848,1344,507,848,347,0.684418146,0.149102036,0.149102036,0.015614756,0.00012191,0.000121065,0.784339979,0.307594601,0.479450262,0.692710893,0.390817568,2.365805169,0.155422289,0.155422289,0.081319555,0.195115024,0.34671792,0.841269841,0.411625148,0.155422289,0.455429498,[0.66634252],1008,0.190315251,0.453201669,0.514074074,0.282410386,0.354403025,0.626447495,0.626447495,0.533042898,,-0.012640506,0.991780627,0.506449316,0.703041095,,,,,,,,0.155422289,0.155422289,0.195115024
9d4685ba-31be-4dad-b8e0-b0def87ede7d,NEURONAL_NETWORK,IN_PROCESSING,ROB_FAIRNESS_PGD,BAL_GAN_FAIR,0.640194489,0.422301305,0.289032955,0.422301305,0.822420635,0.665420561,843,0.359805511,0.072578813,1.236303112,0.334579439,-0.133646245,0.692613636,0.577698695,-0.188655672,0.737025427,0.37006079,0.139967067,1.496246872,0.177579365,0.112625286,2.058677686,0.238969796,0.577698695,0.177579365,0.822420635,0.422301305,0.62993921,487,179,487,179,829,1316,535,829,356,0.665420561,0.150640479,0.150640479,0.009217006,4.25E-05,4.22E-05,0.78433971,0.30759439,0.479450126,0.691331753,0.28887753,2.129829717,0.188655672,0.188655672,0.136806656,0.185614882,0.342818387,0.822420635,0.422301305,0.188655672,0.455429498,[0.66634252],1008,0.190315251,0.453201669,0.516690856,0.26885129,0.359805511,0.62236097,0.62236097,0.528608215,,-0.076030386,0.960964184,0.511474408,0.698053677,,,,,,,,0.188655672,0.188655672,0.185614882
9d4685ba-31be-4dad-b8e0-b0def87ede7d,NEURONAL_NETWORK,IN_PROCESSING,ROB_FAIRNESS_PGD,DEMV,0.645596975,0.411625148,0.273905997,0.411625148,0.841269841,0.684418146,843,0.354403025,0.108293099,1.398974574,0.315581854,-0.005882353,0.980392157,0.588374852,-0.155422289,0.77658046,0.369047619,0.156756757,1.587837838,0.158730159,0.142781783,3.236914601,0.23992419,0.588374852,0.158730159,0.841269841,0.411625148,0.630952381,496,160,496,160,848,1344,507,848,347,0.684418146,0.149102036,0.149102036,0.015614756,0.00012191,0.000121065,0.784339979,0.307594601,0.479450262,0.692710893,0.390817568,2.365805169,0.155422289,0.155422289,0.081319555,0.195115024,0.34671792,0.841269841,0.411625148,0.155422289,0.455429498,[0.66634252],1008,0.190315251,0.453201669,0.514074074,0.282410386,0.354403025,0.626447495,0.626447495,0.533042898,,-0.012640506,0.991780627,0.506449316,0.703041095,,,,,,,,0.155422289,0.155422289,0.195115024
9d4685ba-31be-4dad-b8e0-b0def87ede7d,NEURONAL_NETWORK,IN_PROCESSING,RULER,DEMV,0.66558617,0.516014235,0.34900054,0.516014235,0.790674603,0.673374613,843,0.33441383,0.059031525,1.201571061,0.326625387,-0.09266055,0.768348624,0.483985765,-0.252457105,0.625386232,0.338589212,0.116399695,1.43180532,0.209325397,0.170476525,2.602479339,0.202316322,0.483985765,0.209325397,0.790674603,0.516014235,0.661410788,408,211,408,211,797,1205,646,797,435,0.673374613,0.211466815,0.211466815,0.027808569,0.000386658,0.000388667,0.784895068,0.308030134,0.479724936,0.636107416,0.420937252,2.427037773,0.252457105,0.252457105,0.104530123,0.254828174,0.289378355,0.790674603,0.516014235,0.252457105,0.455429498,[0.66634252],1008,0.190315251,0.453201669,0.584284755,0.320429315,0.33441383,0.653344419,0.653344419,0.515183756,-3122559.614,-0.081980579,0.90305093,0.582313921,0.730590605,,,,,,,,0.252457105,0.252457105,0.254828174
9d4685ba-31be-4dad-b8e0-b0def87ede7d,XGBClassifier,PREPROCESSING,BAL_GAN_FAIR,BAL_GAN_FAIR,0.671528903,0.559905101,0.383036197,0.559905101,0.764880952,0.665726375,843,0.328471097,0.038966203,1.129887343,0.334273625,-0.107394642,0.746158119,0.440094899,-0.317591204,0.528735632,0.324868651,0.089235224,1.32815534,0.235119048,0.203226657,2.736664162,0.187825401,0.440094899,0.235119048,0.764880952,0.559905101,0.675131349,371,237,371,237,771,1142,709,771,472,0.665726375,0.260408931,0.260408931,0.050856784,0.001293206,0.001302853,0.785852986,0.308782458,0.480208689,0.612903584,0.501144535,2.628077688,0.317591204,0.317591204,0.098314933,0.302357285,0.266499673,0.764880952,0.559905101,0.317591204,0.455429498,[0.66634252],1008,0.190315251,0.453201669,0.608247423,0.332724863,0.328471097,0.662393027,0.662393027,0.489899967,-3017012.421,-0.114364547,0.843046048,0.609852295,0.724343502,20.50640154,214.3,0,188781.8148,0,786590.8948,67.95271341,0.317591204,0.317591204,0.302357285
9d4685ba-31be-4dad-b8e0-b0def87ede7d,XGBClassifier,PREPROCESSING,DEMV,DEMV,0.65099946,0.550415184,0.394921664,0.550415184,0.735119048,0.634746922,843,0.34900054,0.040585061,1.129134285,0.365253078,-0.147247764,0.687098501,0.449584816,-0.214059637,0.648330597,0.338392857,0.118038296,1.446859263,0.264880952,0.141770705,1.832902893,0.195627424,0.449584816,0.264880952,0.735119048,0.550415184,0.661607143,379,267,379,267,741,1120,731,741,464,0.634746922,0.177915171,0.177915171,0.008991706,4.04E-05,4.07E-05,0.7844562,0.307685765,0.479507192,0.625503675,0.187267353,1.911472342,0.214059637,0.214059637,0.13264303,0.221357569,0.275262604,0.735119048,0.550415184,0.214059637,0.455429498,[0.66634252],1008,0.190315251,0.453201669,0.589580686,0.290893847,0.34900054,0.642767116,0.642767116,0.528409094,-2994479.914,-0.072288932,0.919082629,0.594173461,0.74458608,20.81040335,224.2,0,182990.8934,0,762462.056,65.86824983,0.214059637,0.214059637,0.221357569
9d4685ba-31be-4dad-b8e0-b0def87ede7d,XGBClassifier,PREPROCESSING,UNAWARENESS,UNAWARENESS_BAL_GAN_FAIR,0.66180443,0.556346382,0.389519179,0.556346382,0.75,0.650485437,843,0.33819557,0.015364953,1.046762901,0.349514563,-0.184100418,0.631799163,0.443653618,-0.300349825,0.554319614,0.330973451,0.0875,1.310483871,0.25,0.152409003,1.955096419,0.191313694,0.443653618,0.25,0.75,0.556346382,0.669026549,374,252,374,252,756,1130,721,756,469,0.650485437,0.226379414,0.226379414,0.027424265,0.000376045,0.000377822,0.784947909,0.30807161,0.479751353,0.618568822,0.333756856,2.217362492,0.300349825,0.300349825,0.135800209,0.260863391,0.270233827,0.75,0.556346382,0.300349825,0.455429498,[0.66634252],1008,0.190315251,0.453201669,0.599744246,0.312859938,0.33819557,0.653173191,0.653173191,0.505308227,-3025413.669,-0.147940822,0.857911137,0.602913377,0.726267141,,,,,,,,0.300349825,0.300349825,0.260863391
9d4685ba-31be-4dad-b8e0-b0def87ede7d,XGBClassifier,PREPROCESSING,UNAWARENESS,UNAWARENESS_DEMV,0.659643436,0.540925267,0.377633712,0.540925267,0.758928571,0.652360515,843,0.340356564,0.043751775,1.14244764,0.347639485,-0.128540305,0.710784314,0.459074733,-0.275445611,0.591274255,0.3359375,0.105919658,1.386094238,0.241071429,0.171927202,2.346763085,0.196543129,0.459074733,0.241071429,0.758928571,0.540925267,0.6640625,387,243,387,243,765,1152,699,765,456,0.652360515,0.223686406,0.223686406,0.022457998,0.000252181,0.000255151,0.785020187,0.308128347,0.479787547,0.626965915,0.396780266,2.365805169,0.275445611,0.275445611,0.117229982,0.263405283,0.278334536,0.758928571,0.540925267,0.275445611,0.455429498,[0.66634252],1008,0.190315251,0.453201669,0.591439689,0.308027037,0.340356564,0.649926919,0.649926919,0.504547102,-2995087.828,-0.103518408,0.880939872,0.593419664,0.729466872,,,,,,,,0.275445611,0.275445611,0.263405283
