id,algorithm,stage,intervention,process,accuracy,recall,selection_rate,sensitivity,specificity,precision,num_positives,error_rate,error_rate_difference,error_rate_ratio,false_discovery_rate,false_discovery_rate_difference,false_discovery_rate_ratio,false_negative_rate,false_negative_rate_difference,false_negative_rate_ratio,false_omission_rate,false_omission_rate_difference,false_omission_rate_ratio,false_positive_rate,false_positive_rate_difference,false_positive_rate_ratio,generalized_entropy_index,generalized_false_negative_rate,generalized_false_positive_rate,generalized_true_negative_rate,generalized_true_positive_rate,negative_predictive_value,num_false_negatives,num_false_positives,num_generalized_false_negatives,num_generalized_false_positives,num_generalized_true_negatives,num_pred_negatives,num_pred_positives,num_true_negatives,num_true_positives,positive_predictive_value,average_abs_odds_difference,average_odds_difference,between_all_groups_coefficient_of_variation,between_all_groups_generalized_entropy_index,between_all_groups_theil_index,between_group_coefficient_of_variation,between_group_generalized_entropy_index,between_group_theil_index,coefficient_of_variation,differential_fairness_bias_amplification,disparate_impact,equal_opportunity_difference,equalized_odds_difference,average_predictive_value_difference,statistical_parity_difference,theil_index,true_negative_rate,true_positive_rate,true_positive_rate_difference,base_rate,consistency,num_negatives,mean_difference,smoothed_empirical_differential_fairness,f1_score,matthews_corrcoef,zero_one_loss,roc_auc_score,balanced_accuracy,fair_utility,log_likelihood,disparate_mistreatment,h_mean_fairness,h_mean_performance,h_mean_mixed,Total_real_time,Total_CPU_usage (%),Total_GPU_usage (%),Total_CPU_time (s),Total_GPU_time (s),Energy_consumption (Ws),CO2_emissions (gCO2e),equal_opportunity_difference_abs,equalized_odds_difference_abs,statistical_parity_difference_abs
a37f31d9-0dd9-409e-bc07-9ba99eabbf52,GradientBoostingClassifier,BASE_LINE,NONE,BASE_LINE_VALUES,0.686115613,0.589561091,0.395461912,0.589561091,0.766865079,0.678961749,843,0.313884387,0.034365237,1.12027833,0.321038251,-0.060486757,0.833661417,0.410438909,-0.373813093,0.462643678,0.309204647,0.066162957,1.243975904,0.233134921,0.233075435,3.738636364,0.175569758,0.410438909,0.233134921,0.766865079,0.589561091,0.690795353,346,235,346,235,773,1119,732,773,497,0.678961749,0.303444264,0.303444264,0.057330554,0.001643396,0.001664538,0.787261376,0.309890237,0.480934618,0.592570263,0.698777235,3.213446593,0.373813093,0.373813093,0.063324857,0.347827322,0.249070331,0.766865079,0.589561091,0.373813093,0.455429498,[0.66310103],1008,0.190315251,0.453201669,0.631111111,0.36303045,0.313884387,0.678213085,0.678213085,0.472413215,-2725280.22,-0.140737658,0.793892877,0.633156584,0.715993317,12.45857906,11.4,0,143.0965432,0,596.2355965,0.051508131,0.373813093,0.373813093,0.347827322
a37f31d9-0dd9-409e-bc07-9ba99eabbf52,LogisticRegressionCV,BASE_LINE,NONE,BASE_LINE_VALUES,0.673149649,0.533807829,0.357644516,0.533807829,0.78968254,0.679758308,843,0.326850351,0.020888952,1.068010541,0.320241692,-0.104255319,0.739361702,0.466192171,-0.438447443,0.454903179,0.330529857,0.060343284,1.203862445,0.21031746,0.223360295,4.499311295,0.194896554,0.466192171,0.21031746,0.78968254,0.533807829,0.669470143,393,212,393,212,796,1189,662,796,450,0.679758308,0.330903869,0.330903869,0.060290696,0.001817484,0.001846787,0.78802503,0.310491724,0.481334232,0.624334132,0.993783264,4.360503645,0.438447443,0.438447443,0.082299301,0.360053962,0.278887081,0.78968254,0.533807829,0.438447443,0.455429498,[0.66310103],1008,0.190315251,0.453201669,0.598006645,0.336113136,0.326850351,0.661745184,0.661745184,0.442771142,-2708192.307,-0.215087148,0.747172304,0.596289964,0.674073332,13.95460916,23.3,0,309.5281905,0,1289.700794,0.111415819,0.438447443,0.438447443,0.360053962
a37f31d9-0dd9-409e-bc07-9ba99eabbf52,AdaBoostClassifier,BASE_LINE,NONE,BASE_LINE_VALUES,0.668287412,0.606168446,0.428417072,0.606168446,0.720238095,0.644388398,843,0.331712588,0.032817381,1.106847288,0.355611602,-0.108539326,0.753319714,0.393831554,-0.37956022,0.454382184,0.313799622,0.071315402,1.256289725,0.279761905,0.248681203,3.125093914,0.174807876,0.393831554,0.279761905,0.720238095,0.606168446,0.686200378,332,282,332,282,726,1058,793,726,511,0.644388398,0.314120711,0.314120711,0.055497118,0.001539965,0.001577597,0.787271998,0.309898599,0.48094015,0.59128314,0.623480607,2.972564612,0.37956022,0.37956022,0.089927364,0.352243681,0.244449492,0.720238095,0.606168446,0.37956022,0.455429498,[0.66310103],1008,0.190315251,0.453201669,0.624694377,0.328491003,0.331712588,0.663203271,0.663203271,0.454877388,-2377203.875,-0.130879017,0.783742024,0.631997875,0.710618661,12.2600913,32.9,0,427.674797,0,1781.978321,0.153943127,0.37956022,0.37956022,0.352243681
a37f31d9-0dd9-409e-bc07-9ba99eabbf52,SVC,BASE_LINE,NONE,BASE_LINE_VALUES,0.6726094,0.501779359,0.329011345,0.501779359,0.81547619,0.694581281,843,0.3273906,0.033996024,1.11332008,0.305418719,-0.067550097,0.810859729,0.498220641,-0.405880393,0.495391944,0.338164251,0.075143533,1.255894192,0.18452381,0.211271321,4.971900826,0.204030001,0.498220641,0.18452381,0.81547619,0.501779359,0.661835749,420,186,420,186,822,1242,609,822,423,0.694581281,0.308575857,0.308575857,0.06252816,0.001954885,0.001978052,0.787343631,0.309954996,0.480977472,0.638795744,0.999119144,4.393638171,0.405880393,0.405880393,0.071346815,0.339363817,0.294615884,0.81547619,0.501779359,0.405880393,0.455429498,[0.66310103],1008,0.190315251,0.453201669,0.582644628,0.336266681,0.3273906,0.658627775,0.658627775,0.455391145,-2736333.318,-0.194609073,0.78314365,0.57737089,0.679375081,23.41325259,42.1,0,643.4836498,0,2681.181874,0.231624323,0.405880393,0.405880393,0.339363817
a37f31d9-0dd9-409e-bc07-9ba99eabbf52,RidgeClassifierCV,BASE_LINE,NONE,BASE_LINE_VALUES,0.665045921,0.525504152,0.358184765,0.525504152,0.781746032,0.668174962,843,0.334954079,0.012567452,1.039098741,0.331825038,-0.156916613,0.660014006,0.474495848,-0.481925704,0.431574811,0.336700337,0.053290744,1.173536526,0.218253968,0.23575699,4.693526171,0.199699811,0.474495848,0.218253968,0.781746032,0.525504152,0.663299663,400,220,400,220,788,1188,663,788,443,0.668174962,0.358841347,0.358841347,0.077865586,0.003031525,0.003130514,0.788920499,0.311197777,0.481807622,0.631980713,1.144605366,5.095580364,0.481925704,0.481925704,0.105103679,0.380303891,0.284820097,0.781746032,0.525504152,0.481925704,0.455429498,[0.66310103],1008,0.190315251,0.453201669,0.588313413,0.319132636,0.334954079,0.653625092,0.653625092,0.419077384,-2734424.744,-0.246168714,0.705418499,0.587502141,0.649546043,12.43966913,53.4,0,784.581119,0,3269.087996,0.28241288,0.481925704,0.481925704,0.380303891
a37f31d9-0dd9-409e-bc07-9ba99eabbf52,XGBClassifier,BASE_LINE,NONE,BASE_LINE_VALUES,0.671528903,0.559905101,0.383036197,0.559905101,0.764880952,0.665726375,843,0.328471097,0.038966203,1.129887343,0.334273625,-0.107394642,0.746158119,0.440094899,-0.317591204,0.528735632,0.324868651,0.089235224,1.32815534,0.235119048,0.203226657,2.736664162,0.187825401,0.440094899,0.235119048,0.764880952,0.559905101,0.675131349,371,237,371,237,771,1142,709,771,472,0.665726375,0.260408931,0.260408931,0.050856784,0.001293206,0.001302853,0.785852986,0.308782458,0.480208689,0.612903584,0.501144535,2.628077688,0.317591204,0.317591204,0.098314933,0.302357285,0.266499673,0.764880952,0.559905101,0.317591204,0.455429498,[0.66310103],1008,0.190315251,0.453201669,0.608247423,0.332724863,0.328471097,0.662393027,0.662393027,0.489899967,-3017012.421,-0.114364547,0.843046048,0.609852295,0.724343502,11.79617023,64.4,0,914.8545143,0,3811.893809,0.329305271,0.317591204,0.317591204,0.302357285
a37f31d9-0dd9-409e-bc07-9ba99eabbf52,NN_CONFIG,BASE_LINE,NONE,NN,0.636952998,0.347568209,0.224203133,0.347568209,0.878968254,0.706024096,843,0.363047002,0.087673956,1.292246521,0.293975904,-0.010191083,0.966029724,0.652431791,-0.275029152,0.675606641,0.383008357,0.132080925,1.44026975,0.121031746,0.156101635,5.891184573,0.261907455,0.652431791,0.121031746,0.878968254,0.347568209,0.616991643,550,122,550,122,886,1436,415,886,293,0.706024096,0.215565394,0.215565394,0.034763281,0.000604243,0.000605639,0.784788509,0.307946502,0.479671778,0.723750585,0.980436148,4.369781312,0.275029152,0.275029152,0.071136004,0.240698665,0.38181178,0.878968254,0.347568209,0.275029152,0.455429498,[0.66310103],1008,0.190315251,0.453201669,0.46581876,0.27050849,0.363047002,0.613268231,0.613268231,0.481068824,-2923812.884,-0.118927517,0.929243625,0.454968345,0.642293668,,,,,,,,0.275029152,0.275029152,0.240698665
a37f31d9-0dd9-409e-bc07-9ba99eabbf52,LogisticRegressionCV,BASE_LINE,HYPERPARAMETER,HYPERPARAMETER,0.676931388,0.534994069,0.354943274,0.534994069,0.795634921,0.686453577,843,0.323068612,0.016912809,1.055064959,0.313546423,-0.110300429,0.724248927,0.465005931,-0.438447443,0.454903179,0.328308208,0.057703704,1.194944945,0.204365079,0.215095833,4.369834711,0.193400969,0.465005931,0.204365079,0.795634921,0.534994069,0.671691792,392,206,392,206,802,1194,657,802,451,0.686453577,0.326771638,0.326771638,0.059248552,0.001755195,0.001783895,0.787881182,0.310378378,0.48125866,0.62193403,0.985245325,4.323392975,0.438447443,0.438447443,0.084002066,0.356077819,0.277418411,0.795634921,0.534994069,0.438447443,0.455429498,[0.66310103],1008,0.190315251,0.453201669,0.601333333,0.344112251,0.323068612,0.665314495,0.665314495,0.447908588,-2716305.665,-0.22335161,0.748245793,0.598873475,0.675986114,,,,,,,,0.438447443,0.438447443,0.356077819
a37f31d9-0dd9-409e-bc07-9ba99eabbf52,AdaBoostClassifier,BASE_LINE,HYPERPARAMETER,HYPERPARAMETER,0.682874122,0.601423488,0.409508374,0.601423488,0.750992063,0.668865435,843,0.317125878,-0.009301335,0.971062514,0.331134565,-0.176190476,0.63,0.398576512,-0.458187573,0.397810619,0.307410796,0.030985234,1.105349794,0.249007937,0.215931071,3.029752066,0.173035659,0.398576512,0.249007937,0.750992063,0.601423488,0.692589204,336,251,336,251,757,1093,758,757,507,0.668865435,0.337059322,0.337059322,0.059379055,0.001762936,0.001803186,0.787939135,0.31042404,0.48128909,0.588278266,0.767564282,3.445990722,0.458187573,0.458187573,0.103587855,0.366898608,0.244041709,0.750992063,0.601423488,0.458187573,0.455429498,[0.66310103],1008,0.190315251,0.453201669,0.633354154,0.356906481,0.317125878,0.676207776,0.676207776,0.448285641,-2375243.129,-0.242256502,0.719290886,0.637481883,0.681792818,,,,,,,,0.458187573,0.458187573,0.366898608
a37f31d9-0dd9-409e-bc07-9ba99eabbf52,GradientBoostingClassifier,BASE_LINE,SMOTE,SMOTE,0.681793625,0.637010676,0.443003782,0.637010676,0.719246032,0.654878049,843,0.318206375,0.020079523,1.066931743,0.345121951,-0.092723005,0.777464789,0.362989324,-0.431284358,0.380028736,0.296799224,0.039206424,1.142123288,0.280753968,0.273782311,3.573553719,0.163052911,0.362989324,0.280753968,0.719246032,0.637010676,0.703200776,306,283,306,283,725,1031,820,725,537,0.654878049,0.352533334,0.352533334,0.070328148,0.002473024,0.00251843,0.788683997,0.311011223,0.481682111,0.57105676,0.725155524,3.293571902,0.431284358,0.431284358,0.065964714,0.393183755,0.227121342,0.719246032,0.637010676,0.431284358,0.455429498,[0.66310103],1008,0.190315251,0.453201669,0.645820806,0.357166604,0.318206375,0.678128354,0.678128354,0.439065504,-2730131.712,-0.157502047,0.731493709,0.654311945,0.696293487,,,,,,,,0.431284358,0.431284358,0.393183755
a37f31d9-0dd9-409e-bc07-9ba99eabbf52,LogisticRegressionCV,BASE_LINE,SMOTE,SMOTE,0.674770394,0.638196916,0.451107509,0.638196916,0.705357143,0.644311377,843,0.325229606,0.008591309,1.026728518,0.355688623,-0.136355443,0.712138508,0.361803084,-0.523988006,0.33045977,0.30019685,0.022384552,1.075236967,0.294642857,0.311280113,4.251147842,0.164020186,0.361803084,0.294642857,0.705357143,0.638196916,0.69980315,305,297,305,297,711,1016,835,711,538,0.644311377,0.417634059,0.417634059,0.087492538,0.003827472,0.003962206,0.791041137,0.31287304,0.482947633,0.572748087,0.981169644,4.277492937,0.523988006,0.523988006,0.079369998,0.444802613,0.227733105,0.705357143,0.638196916,0.523988006,0.455429498,[0.66310103],1008,0.190315251,0.453201669,0.641239571,0.343834179,0.325229606,0.671777029,0.671777029,0.391220062,-2814194.636,-0.212707893,0.64138356,0.650988034,0.64546484,,,,,,,,0.523988006,0.523988006,0.444802613
a37f31d9-0dd9-409e-bc07-9ba99eabbf52,AdaBoostClassifier,BASE_LINE,SMOTE,SMOTE,0.673149649,0.595492289,0.413830362,0.595492289,0.738095238,0.65535248,843,0.326850351,0.024865095,1.080956124,0.34464752,-0.129483815,0.708661417,0.404507711,-0.34057971,0.494623656,0.314285714,0.075061307,1.273610571,0.261904762,0.202918938,2.58953168,0.176977931,0.404507711,0.261904762,0.738095238,0.595492289,0.685714286,341,264,341,264,744,1085,766,744,502,0.65535248,0.271749324,0.271749324,0.044735221,0.00100062,0.001022875,0.78607088,0.308953715,0.480319965,0.594941898,0.49810654,2.618363891,0.34057971,0.34057971,0.102272561,0.312113036,0.248792256,0.738095238,0.595492289,0.34057971,0.455429498,[0.66310103],1008,0.190315251,0.453201669,0.623990056,0.337306417,0.326850351,0.666793764,0.666793764,0.485593009,-2376669.91,-0.137660772,0.821589375,0.629270349,0.726439611,,,,,,,,0.34057971,0.34057971,0.312113036
a37f31d9-0dd9-409e-bc07-9ba99eabbf52,SVC,BASE_LINE,SMOTE,SMOTE,0.682333874,0.664294187,0.467314965,0.664294187,0.697420635,0.647398844,843,0.317666126,-0.01861687,0.944545493,0.352601156,-0.189682094,0.634184534,0.335705813,-0.479843412,0.331127366,0.287018256,0.008206733,1.028101842,0.302579365,0.253956392,2.705135773,0.155054731,0.335705813,0.302579365,0.697420635,0.664294187,0.712981744,283,305,283,305,703,986,865,703,560,0.647398844,0.366899902,0.366899902,0.072402653,0.002621072,0.002671642,0.788624393,0.310964217,0.481650533,0.556874728,0.652678538,3.056475959,0.479843412,0.479843412,0.098944413,0.396606078,0.213929287,0.697420635,0.664294187,0.479843412,0.455429498,[0.66310103],1008,0.190315251,0.453201669,0.655737705,0.361047089,0.317666126,0.680857411,0.680857411,0.431050894,-2726276.196,-0.22588702,0.686169631,0.667272352,0.677941306,,,,,,,,0.479843412,0.479843412,0.396606078
a37f31d9-0dd9-409e-bc07-9ba99eabbf52,RidgeClassifierCV,BASE_LINE,SMOTE,SMOTE,0.681793625,0.641755635,0.44732577,0.641755635,0.715277778,0.653381643,843,0.318206375,-0.00749787,0.977180396,0.346618357,-0.17008547,0.65982906,0.358244365,-0.55530568,0.309619965,0.295210166,0.00550991,1.018167812,0.284722222,0.30301565,4.164830119,0.161680159,0.358244365,0.284722222,0.715277778,0.641755635,0.704789834,302,287,302,287,721,1023,828,721,541,0.653381643,0.429160665,0.429160665,0.096077462,0.004615439,0.004800864,0.79147479,0.313216172,0.483183845,0.568647797,1.03552278,4.522862823,0.55530568,0.55530568,0.08779769,0.452939506,0.224839618,0.715277778,0.641755635,0.55530568,0.455429498,[0.66310103],1008,0.190315251,0.453201669,0.647516457,0.357601992,0.318206375,0.678516706,0.678516706,0.387324025,-2766025.592,-0.252290031,0.611011489,0.656554661,0.629732607,,,,,,,,0.55530568,0.55530568,0.452939506
a37f31d9-0dd9-409e-bc07-9ba99eabbf52,XGBClassifier,BASE_LINE,SMOTE,SMOTE,0.666666667,0.586002372,0.411669368,0.586002372,0.734126984,0.648293963,843,0.333333333,0.062382846,1.223938421,0.351706037,-0.039557516,0.893194707,0.413997628,-0.308595702,0.510503369,0.320477502,0.09556409,1.372370419,0.265873016,0.255187269,3.398760331,0.181222829,0.413997628,0.265873016,0.734126984,0.586002372,0.679522498,349,268,349,268,740,1089,762,740,494,0.648293963,0.281891486,0.281891486,0.05998744,0.001799246,0.001814707,0.786628295,0.309392037,0.480606416,0.602034598,0.538574489,2.726603343,0.308595702,0.308595702,0.067560803,0.332987788,0.254648684,0.734126984,0.586002372,0.308595702,0.455429498,[0.66310103],1008,0.190315251,0.453201669,0.615576324,0.323950108,0.333333333,0.660064678,0.660064678,0.473998065,-3029574.424,-0.053408433,0.840575744,0.620993086,0.729956327,,,,,,,,0.308595702,0.308595702,0.332987788
a37f31d9-0dd9-409e-bc07-9ba99eabbf52,LogisticRegressionCV,BASE_LINE,SMOTE,HYPERPARAMETER,0.672069152,0.632265718,0.448406267,0.632265718,0.705357143,0.642168675,843,0.327930848,0.006603238,1.020543406,0.357831325,-0.140350877,0.703703704,0.367734282,-0.51824088,0.337803321,0.303623898,0.023409571,1.078682171,0.294642857,0.300949534,4.143250689,0.166268037,0.367734282,0.294642857,0.705357143,0.632265718,0.696376102,310,297,310,297,711,1021,830,711,533,0.642168675,0.409595207,0.409595207,0.083387807,0.003476763,0.003604127,0.790716087,0.312615965,0.482771248,0.57665941,0.967388203,4.218897143,0.51824088,0.51824088,0.081880224,0.436850327,0.23105749,0.705357143,0.632265718,0.51824088,0.455429498,[0.66310103],1008,0.190315251,0.453201669,0.637178721,0.338083504,0.327930848,0.66881143,0.66881143,0.394869474,-2857942.766,-0.217291346,0.648907379,0.646694719,0.647957245,,,,,,,,0.51824088,0.51824088,0.436850327
a37f31d9-0dd9-409e-bc07-9ba99eabbf52,AdaBoostClassifier,BASE_LINE,SMOTE,HYPERPARAMETER,0.677471637,0.652431791,0.461372231,0.652431791,0.698412698,0.644028103,843,0.322528363,-0.005325192,0.983432737,0.355971897,-0.157700348,0.671457607,0.347568209,-0.462602032,0.355160803,0.293881645,0.020913849,1.072881594,0.301587302,0.25457183,2.994146006,0.159346983,0.347568209,0.301587302,0.698412698,0.652431791,0.706118355,293,304,293,304,704,997,854,704,550,0.644028103,0.358586931,0.358586931,0.066464666,0.002208776,0.002280976,0.788582931,0.31093152,0.48162858,0.564529862,0.695648974,3.195228628,0.462602032,0.462602032,0.089307099,0.392005112,0.220408628,0.698412698,0.652431791,0.462602032,0.455429498,[0.66310103],1008,0.190315251,0.453201669,0.648202711,0.3504953,0.322528363,0.675422245,0.675422245,0.433224655,-2375930.839,-0.208030202,0.704305452,0.659118862,0.684202776,,,,,,,,0.462602032,0.462602032,0.392005112
a37f31d9-0dd9-409e-bc07-9ba99eabbf52,GradientBoostingClassifier,BASE_LINE,ROS,ROS,0.676931388,0.65480427,0.464073474,0.65480427,0.695436508,0.642607683,843,0.323068612,0.01194263,1.038882981,0.357392317,-0.126395512,0.720124224,0.34519573,-0.373729802,0.407187211,0.293346774,0.044849827,1.168573486,0.304563492,0.237427466,2.594155844,0.158740783,0.34519573,0.304563492,0.695436508,0.65480427,0.706653226,291,307,291,307,701,992,859,701,552,0.642607683,0.305578634,0.305578634,0.055567873,0.001543894,0.001572811,0.786974222,0.309664213,0.480785391,0.563455025,0.486079011,2.581286475,0.373729802,0.373729802,0.085622669,0.350142005,0.219348375,0.695436508,0.65480427,0.373729802,0.455429498,[0.66310103],1008,0.190315251,0.453201669,0.648648649,0.349750501,0.323068612,0.675120389,0.675120389,0.468818023,-2728969.217,-0.136302336,0.781294067,0.659906995,0.724202381,,,,,,,,0.373729802,0.373729802,0.350142005
a37f31d9-0dd9-409e-bc07-9ba99eabbf52,LogisticRegressionCV,BASE_LINE,ROS,ROS,0.678011885,0.679715302,0.485683414,0.679715302,0.676587302,0.637374861,843,0.321988115,-0.013646691,0.959350281,0.362625139,-0.179536461,0.652896175,0.320284698,-0.469598534,0.324952107,0.283613445,0.00969151,1.033617424,0.323412698,0.266045367,2.667217631,0.151246381,0.320284698,0.323412698,0.676587302,0.679715302,0.716386555,270,326,270,326,682,952,899,682,573,0.637374861,0.36782195,0.36782195,0.065872587,0.002169599,0.002207827,0.788597545,0.310943044,0.481636317,0.54999342,0.610715359,2.927264002,0.469598534,0.469598534,0.094613985,0.399218972,0.207180529,0.676587302,0.679715302,0.469598534,0.455429498,[0.66310103],1008,0.190315251,0.453201669,0.657864524,0.355029736,0.321988115,0.678151302,0.678151302,0.428712367,-2673555.493,-0.203553167,0.692419534,0.671715821,0.683392274,,,,,,,,0.469598534,0.469598534,0.399218972
a37f31d9-0dd9-409e-bc07-9ba99eabbf52,AdaBoostClassifier,BASE_LINE,ROS,ROS,0.670448406,0.632265718,0.450027012,0.632265718,0.702380952,0.639855942,843,0.329551594,0.03499006,1.116633532,0.360144058,-0.086793737,0.794851167,0.367734282,-0.392303848,0.417871709,0.304518664,0.061403509,1.225806452,0.297619048,0.275540707,3.354620586,0.166555975,0.367734282,0.297619048,0.702380952,0.632265718,0.695481336,310,300,310,300,708,1018,833,708,533,0.639855942,0.333922277,0.333922277,0.067620909,0.002286294,0.002353771,0.787983194,0.310458757,0.481312239,0.577158513,0.641392891,3.024162716,0.392303848,0.392303848,0.074098623,0.375915933,0.231320612,0.702380952,0.632265718,0.392303848,0.455429498,[0.66310103],1008,0.190315251,0.453201669,0.636038186,0.334991796,0.329551594,0.667323335,0.667323335,0.444489207,-2377450.441,-0.116763141,0.76567675,0.645802199,0.709254213,,,,,,,,0.392303848,0.392303848,0.375915933
a37f31d9-0dd9-409e-bc07-9ba99eabbf52,SVC,BASE_LINE,ROS,ROS,0.680713128,0.65717675,0.462452728,0.65717675,0.700396825,0.647196262,843,0.319286872,-0.017622834,0.947506451,0.352803738,-0.190873467,0.631886884,0.34282325,-0.472180576,0.341808894,0.290452261,0.012726507,1.043578644,0.299603175,0.247758045,2.6635183,0.157400095,0.34282325,0.299603175,0.700396825,0.65717675,0.709547739,289,302,289,302,706,995,856,706,554,0.647196262,0.359969311,0.359969311,0.07098617,0.002519518,0.002567627,0.788387798,0.31077766,0.481525405,0.561070575,0.640813992,3.020396142,0.472180576,0.472180576,0.101799987,0.389647827,0.217604803,0.700396825,0.65717675,0.472180576,0.455429498,[0.66310103],1008,0.190315251,0.453201669,0.652148323,0.357158547,0.319286872,0.678786788,0.678786788,0.434444376,-2717544.504,-0.224422532,0.694606586,0.663115056,0.680751266,,,,,,,,0.472180576,0.472180576,0.389647827
a37f31d9-0dd9-409e-bc07-9ba99eabbf52,RidgeClassifierCV,BASE_LINE,ROS,ROS,0.666666667,0.613285884,0.4365208,0.613285884,0.711309524,0.639851485,843,0.333333333,0.018531667,1.057654076,0.360148515,-0.128482972,0.726973684,0.386714116,-0.522738631,0.350108729,0.312559923,0.036342955,1.12081577,0.288690476,0.317786179,4.733987603,0.172967225,0.386714116,0.288690476,0.711309524,0.613285884,0.687440077,326,291,326,291,717,1043,808,717,517,0.639851485,0.420262405,0.420262405,0.089025119,0.003962736,0.004101887,0.791245683,0.313034865,0.483058923,0.588161925,1.065139617,4.666120922,0.522738631,0.522738631,0.082412964,0.445171826,0.241232737,0.711309524,0.613285884,0.522738631,0.455429498,[0.66310103],1008,0.190315251,0.453201669,0.626287099,0.325940697,0.333333333,0.662297704,0.662297704,0.383958878,-2758422.098,-0.204952452,0.644408112,0.634615385,0.640174465,,,,,,,,0.522738631,0.522738631,0.445171826
a37f31d9-0dd9-409e-bc07-9ba99eabbf52,XGBClassifier,BASE_LINE,ROS,ROS,0.659643436,0.609727165,0.440302539,0.609727165,0.701388889,0.630674847,843,0.340356564,0.041763703,1.135974849,0.369325153,-0.107497154,0.763506261,0.390272835,-0.307929369,0.494116037,0.317567568,0.089548182,1.342201981,0.298611111,0.241251978,2.51184573,0.175328112,0.390272835,0.298611111,0.701388889,0.609727165,0.682432432,329,301,329,301,707,1036,815,707,514,0.630674847,0.274590673,0.274590673,0.058981694,0.00173942,0.001751936,0.786114486,0.308987993,0.480342283,0.59216233,0.396325418,2.357370926,0.307929369,0.307929369,0.098522668,0.319951718,0.244136999,0.701388889,0.609727165,0.307929369,0.455429498,[0.66310103],1008,0.190315251,0.453201669,0.620024125,0.312110078,0.340356564,0.655558027,0.655558027,0.475547907,-3055385.359,-0.06667739,0.836021901,0.629077364,0.732719405,,,,,,,,0.307929369,0.307929369,0.319951718
a37f31d9-0dd9-409e-bc07-9ba99eabbf52,LogisticRegressionCV,BASE_LINE,ROS,HYPERPARAMETER,0.675850891,0.673784104,0.482441923,0.673784104,0.677579365,0.636058231,843,0.324149109,-0.019795513,0.942263088,0.363941769,-0.197987762,0.630422845,0.326215896,-0.487506247,0.320445838,0.287056367,0.006109023,1.020733652,0.322420635,0.263979251,2.654269972,0.153315028,0.326215896,0.322420635,0.677579365,0.673784104,0.712943633,275,325,275,325,683,958,893,683,568,0.636058231,0.375742749,0.375742749,0.0668809,0.002236527,0.002278752,0.788797699,0.311100905,0.48174241,0.553741867,0.640275417,3.016898608,0.487506247,0.487506247,0.102048392,0.403379722,0.210350529,0.677579365,0.673784104,0.487506247,0.455429498,[0.66310103],1008,0.190315251,0.453201669,0.65437788,0.350180676,0.324149109,0.675681735,0.675681735,0.421799222,-2683569.228,-0.223526996,0.67681199,0.667862846,0.672947443,,,,,,,,0.487506247,0.487506247,0.403379722
a37f31d9-0dd9-409e-bc07-9ba99eabbf52,AdaBoostClassifier,BASE_LINE,ROS,HYPERPARAMETER,0.681253377,0.664294187,0.468395462,0.664294187,0.695436508,0.645905421,843,0.318746623,0.033371201,1.116799205,0.354094579,-0.082257005,0.797521218,0.335705813,-0.326420123,0.443876827,0.287601626,0.062643678,1.250574713,0.304563492,0.243933533,2.763827082,0.155237547,0.335705813,0.304563492,0.695436508,0.664294187,0.712398374,283,307,283,307,701,984,867,701,560,0.645905421,0.285176828,0.285176828,0.049022071,0.001201582,0.001227368,0.786632055,0.309394995,0.480608356,0.557202919,0.447851723,2.483225646,0.326420123,0.326420123,0.072450342,0.339023005,0.214099971,0.695436508,0.664294187,0.326420123,0.455429498,[0.66310103],1008,0.190315251,0.453201669,0.65497076,0.359016536,0.318746623,0.679865348,0.679865348,0.485983504,-2376259.3,-0.082486591,0.818862694,0.66666289,0.745883047,,,,,,,,0.326420123,0.326420123,0.339023005
a37f31d9-0dd9-409e-bc07-9ba99eabbf52,GradientBoostingClassifier,BASE_LINE,RUS,RUS,0.685575365,0.667852906,0.467314965,0.667852906,0.700396825,0.650867052,843,0.314424635,0.027406987,1.095924453,0.349132948,-0.072233226,0.816133606,0.332147094,-0.381392637,0.395032369,0.283975659,0.044101732,1.170323929,0.299603175,0.265210128,3.266341097,0.153471836,0.332147094,0.299603175,0.700396825,0.667852906,0.716024341,280,302,280,302,706,986,865,706,563,0.650867052,0.323301383,0.323301383,0.057488372,0.001652456,0.001694803,0.787807886,0.310320632,0.481220206,0.554024975,0.589631684,2.867793241,0.381392637,0.381392637,0.058167479,0.373558648,0.211708848,0.700396825,0.667852906,0.381392637,0.455429498,[0.66310103],1008,0.190315251,0.453201669,0.659250585,0.367569935,0.314424635,0.684124866,0.684124866,0.462946351,-2724476.544,-0.116182509,0.772486005,0.670715038,0.725319018,,,,,,,,0.381392637,0.381392637,0.373558648
a37f31d9-0dd9-409e-bc07-9ba99eabbf52,LogisticRegressionCV,BASE_LINE,RUS,RUS,0.676931388,0.683274021,0.490005402,0.683274021,0.671626984,0.635060639,843,0.323068612,0.00362113,1.011265739,0.364939361,-0.143445436,0.703546099,0.316725979,-0.424204564,0.349553001,0.282838983,0.026036465,1.094599156,0.328373016,0.270177598,2.693112948,0.150359195,0.316725979,0.328373016,0.671626984,0.683274021,0.717161017,267,331,267,331,677,944,907,677,576,0.635060639,0.347191081,0.347191081,0.061603446,0.001897492,0.001927895,0.788055459,0.310515704,0.481350235,0.548377963,0.546754738,2.742897454,0.424204564,0.424204564,0.08474095,0.385927293,0.205623781,0.671626984,0.683274021,0.424204564,0.455429498,[0.66310103],1008,0.190315251,0.453201669,0.658285714,0.353558793,0.323068612,0.677450503,0.677450503,0.44224573,-2652183.242,-0.154026966,0.731728897,0.672661806,0.705190277,,,,,,,,0.424204564,0.424204564,0.385927293
a37f31d9-0dd9-409e-bc07-9ba99eabbf52,AdaBoostClassifier,BASE_LINE,RUS,RUS,0.680713128,0.65717675,0.462452728,0.65717675,0.700396825,0.647196262,843,0.319286872,0.042317523,1.148111332,0.352803738,-0.075264085,0.814734561,0.34282325,-0.31492587,0.463459628,0.290452261,0.074200913,1.296803653,0.299603175,0.25013188,2.8086459,0.157400095,0.34282325,0.299603175,0.700396825,0.65717675,0.709547739,289,302,289,302,706,995,856,706,554,0.647196262,0.282528875,0.282528875,0.053096885,0.00140964,0.001440924,0.786552254,0.309332224,0.480567194,0.561070575,0.442588553,2.470178926,0.31492587,0.31492587,0.074732499,0.336040897,0.217604803,0.700396825,0.65717675,0.31492587,0.455429498,[0.66310103],1008,0.190315251,0.453201669,0.652148323,0.357158547,0.319286872,0.678786788,0.678786788,0.48700992,-2379212.153,-0.064793991,0.828099412,0.663115056,0.748307779,,,,,,,,0.31492587,0.31492587,0.336040897
a37f31d9-0dd9-409e-bc07-9ba99eabbf52,SVC,BASE_LINE,RUS,RUS,0.680713128,0.665480427,0.470016207,0.665480427,0.693452381,0.644827586,843,0.319286872,-0.019610906,0.941584535,0.355172414,-0.19023569,0.633116883,0.334519573,-0.48175912,0.328456984,0.287461774,0.006508291,1.022285966,0.306547619,0.253956392,2.705135773,0.154982699,0.334519573,0.306547619,0.693452381,0.665480427,0.712538226,282,309,282,309,699,981,870,699,561,0.644827586,0.367857756,0.367857756,0.069067794,0.00238518,0.002431386,0.788658506,0.31099112,0.481668604,0.556745361,0.65436204,3.061630219,0.48175912,0.48175912,0.098371991,0.397600114,0.213615009,0.693452381,0.665480427,0.48175912,0.455429498,[0.66310103],1008,0.190315251,0.453201669,0.654991243,0.358148453,0.319286872,0.679466404,0.679466404,0.429519417,-2701989.083,-0.227802729,0.684244976,0.666894984,0.676699943,,,,,,,,0.48175912,0.48175912,0.397600114
a37f31d9-0dd9-409e-bc07-9ba99eabbf52,RidgeClassifierCV,BASE_LINE,RUS,RUS,0.675310643,0.640569395,0.452728255,0.640569395,0.704365079,0.644391408,843,0.324689357,0.031823346,1.103610893,0.355608592,-0.077356604,0.816278066,0.359430605,-0.488838914,0.357525999,0.29911155,0.043296495,1.149682168,0.295634921,0.326050642,4.831095041,0.163221642,0.359430605,0.295634921,0.704365079,0.640569395,0.70088845,303,298,303,298,710,1013,838,710,540,0.644391408,0.407444778,0.407444778,0.090926735,0.004133836,0.004327282,0.790837563,0.312712025,0.482837098,0.571352154,0.972578526,4.240870566,0.488838914,0.488838914,0.060326549,0.439832434,0.226494561,0.704365079,0.640569395,0.488838914,0.455429498,[0.66310103],1008,0.190315251,0.453201669,0.642474717,0.345107123,0.324689357,0.672467237,0.672467237,0.398473973,-2717010.083,-0.162788272,0.674122272,0.652401886,0.664638932,,,,,,,,0.488838914,0.488838914,0.439832434
a37f31d9-0dd9-409e-bc07-9ba99eabbf52,XGBClassifier,BASE_LINE,RUS,RUS,0.667747164,0.620403321,0.441923285,0.620403321,0.70734127,0.639364303,843,0.332252836,0.03499006,1.116633532,0.360635697,-0.10844591,0.754189271,0.379596679,-0.293853073,0.49936143,0.309777348,0.083031363,1.325974982,0.29265873,0.220590821,2.382369146,0.170612751,0.379596679,0.29265873,0.70734127,0.620403321,0.690222652,320,295,320,295,713,1033,818,713,523,0.639364303,0.257221947,0.257221947,0.051576545,0.00133007,0.001341757,0.785785733,0.308729609,0.480174428,0.584145103,0.356129757,2.263477956,0.293853073,0.293853073,0.095738637,0.306844646,0.23756147,0.70734127,0.620403321,0.293853073,0.455429498,[0.66310103],1008,0.190315251,0.453201669,0.62974112,0.328664483,0.332252836,0.663872296,0.663872296,0.493109771,-3056056.132,-0.073262252,0.848041954,0.638653669,0.743563182,,,,,,,,0.293853073,0.293853073,0.306844646
a37f31d9-0dd9-409e-bc07-9ba99eabbf52,LogisticRegressionCV,BASE_LINE,RUS,HYPERPARAMETER,0.678011885,0.679715302,0.485683414,0.679715302,0.676587302,0.637374861,843,0.321988115,-0.005509798,0.983231048,0.362625139,-0.162273476,0.675453048,0.320284698,-0.444027986,0.341119763,0.283613445,0.018933698,1.067184089,0.323412698,0.263979251,2.654269972,0.151246381,0.320284698,0.323412698,0.676587302,0.679715302,0.716386555,270,326,270,326,682,952,899,682,573,0.637374861,0.354003618,0.354003618,0.062439584,0.001949351,0.001982027,0.788208155,0.310636047,0.481430631,0.54999342,0.57245282,2.815772034,0.444027986,0.444027986,0.090603587,0.389094007,0.207180529,0.676587302,0.679715302,0.444027986,0.455429498,[0.66310103],1008,0.190315251,0.453201669,0.657864524,0.355029736,0.321988115,0.678151302,0.678151302,0.438083287,-2662364.017,-0.180048735,0.715645592,0.671715821,0.696134143,,,,,,,,0.444027986,0.444027986,0.389094007
a37f31d9-0dd9-409e-bc07-9ba99eabbf52,AdaBoostClassifier,BASE_LINE,RUS,HYPERPARAMETER,0.682874122,0.680901542,0.481901675,0.680901542,0.68452381,0.643497758,843,0.317125878,0.00082363,1.00262064,0.356502242,-0.136554622,0.705882353,0.319098458,-0.440196568,0.346805092,0.280500521,0.020051269,1.072443293,0.31547619,0.26459469,2.91322314,0.150157341,0.319098458,0.31547619,0.68452381,0.680901542,0.719499479,269,318,269,318,690,959,892,690,574,0.643497758,0.352395629,0.352395629,0.064557417,0.00208383,0.0021485,0.78839302,0.310781777,0.481528162,0.548009746,0.62032463,2.957256461,0.440196568,0.440196568,0.078302945,0.391451292,0.205894046,0.68452381,0.680901542,0.440196568,0.455429498,[0.66310103],1008,0.190315251,0.453201669,0.66167147,0.364209271,0.317125878,0.682712676,0.682712676,0.442127713,-2376883.576,-0.175601879,0.72019028,0.675012234,0.700108403,,,,,,,,0.440196568,0.440196568,0.391451292
a37f31d9-0dd9-409e-bc07-9ba99eabbf52,GradientBoostingClassifier,BASE_LINE,PCA,PCA,0.679632631,0.56227758,0.377093463,0.56227758,0.777777778,0.679083095,843,0.320367369,-0.00749787,0.977180396,0.320916905,-0.206004141,0.587991718,0.43772242,-0.39238714,0.469123281,0.320034692,0.052976858,1.180744573,0.222222222,0.165728855,2.298209366,0.184958199,0.43772242,0.222222222,0.777777778,0.56227758,0.679965308,369,224,369,224,784,1153,698,784,474,0.679083095,0.279057998,0.279057998,0.051008931,0.001300956,0.001313481,0.78606044,0.308945508,0.480314624,0.608207528,0.563205526,2.800695825,0.39238714,0.39238714,0.129490499,0.308690713,0.263596822,0.777777778,0.56227758,0.39238714,0.455429498,[0.65024311],1008,0.190315251,0.453201669,0.615184945,0.349422857,0.320367369,0.670027679,0.670027679,0.483051097,-2763060.803,-0.226658284,0.785059649,0.615335188,0.702067883,,,,,,,,0.39238714,0.39238714,0.308690713
a37f31d9-0dd9-409e-bc07-9ba99eabbf52,LogisticRegressionCV,BASE_LINE,PCA,PCA,0.670448406,0.514827995,0.343057807,0.514827995,0.800595238,0.683464567,843,0.329551594,0.003436524,1.010458985,0.316535433,-0.207964602,0.584070796,0.485172005,-0.395635516,0.49446573,0.336348684,0.064620939,1.215403129,0.199404762,0.166344294,2.563636364,0.201123637,0.485172005,0.199404762,0.800595238,0.514827995,0.663651316,409,201,409,201,807,1216,635,807,434,0.683464567,0.280989905,0.280989905,0.060890946,0.001853854,0.001878679,0.786108121,0.308982989,0.480339024,0.634229669,0.675190206,3.145129225,0.395635516,0.395635516,0.13629277,0.306447032,0.288797549,0.800595238,0.514827995,0.395635516,0.455429498,[0.65024311],1008,0.190315251,0.453201669,0.587280108,0.330890335,0.329551594,0.657711617,0.657711617,0.472901292,-2698997.181,-0.229291222,0.789100284,0.584032508,0.685886878,,,,,,,,0.395635516,0.395635516,0.306447032
a37f31d9-0dd9-409e-bc07-9ba99eabbf52,AdaBoostClassifier,BASE_LINE,PCA,PCA,0.68017288,0.56227758,0.376553214,0.56227758,0.778769841,0.680057389,843,0.31982712,-0.009485941,0.971129743,0.319942611,-0.208939709,0.582120582,0.43772242,-0.39238714,0.469123281,0.319757366,0.051658456,1.176246499,0.221230159,0.161596624,2.26584022,0.184806804,0.43772242,0.221230159,0.778769841,0.56227758,0.680242634,369,223,369,223,785,1154,697,785,474,0.680057389,0.276991882,0.276991882,0.051770033,0.001340068,0.001355356,0.786009227,0.308905252,0.480288438,0.607958558,0.559060442,2.789098741,0.39238714,0.39238714,0.130299083,0.306702641,0.263476842,0.778769841,0.56227758,0.39238714,0.455429498,[0.65024311],1008,0.190315251,0.453201669,0.615584416,0.350541572,0.31982712,0.670523711,0.670523711,0.484794086,-2375107.567,-0.230790516,0.785470237,0.615615955,0.702412161,,,,,,,,0.39238714,0.39238714,0.306702641
a37f31d9-0dd9-409e-bc07-9ba99eabbf52,SVC,BASE_LINE,PCA,PCA,0.674230146,0.504151839,0.329551594,0.504151839,0.816468254,0.696721311,843,0.325769854,-0.009670548,0.971194112,0.303278689,-0.251897185,0.521395349,0.495848161,-0.402048976,0.500155328,0.336825141,0.058798209,1.192286036,0.183531746,0.137418674,2.291735537,0.202806499,0.495848161,0.183531746,0.816468254,0.504151839,0.663174859,418,185,418,185,823,1241,610,823,425,0.696721311,0.269733825,0.269733825,0.049452049,0.001222753,0.001235892,0.785748751,0.30870055,0.480155606,0.636877537,0.675360187,3.149523909,0.402048976,0.402048976,0.155347697,0.291721102,0.293042296,0.816468254,0.504151839,0.402048976,0.455429498,[0.65024311],1008,0.190315251,0.453201669,0.584996559,0.339690953,0.325769854,0.660310046,0.660310046,0.482202092,-2721804.514,-0.264630301,0.788311384,0.579585352,0.682910086,,,,,,,,0.402048976,0.402048976,0.291721102
a37f31d9-0dd9-409e-bc07-9ba99eabbf52,RidgeClassifierCV,BASE_LINE,PCA,PCA,0.667206915,0.486358244,0.320367369,0.486358244,0.818452381,0.691399663,843,0.332793085,0.007412667,1.02256029,0.308600337,-0.215962441,0.568075117,0.513641756,-0.410378144,0.503226457,0.344197138,0.067686318,1.220871143,0.181547619,0.164893617,2.9375,0.210228538,0.513641756,0.181547619,0.818452381,0.486358244,0.655802862,433,183,433,183,825,1258,593,825,410,0.691399663,0.287635881,0.287635881,0.061530437,0.001892997,0.00192066,0.786302845,0.309136082,0.480438867,0.648426616,0.833079315,3.70526839,0.410378144,0.410378144,0.14182438,0.30917353,0.303555981,0.818452381,0.486358244,0.410378144,0.455429498,[0.65024311],1008,0.190315251,0.453201669,0.571030641,0.325316797,0.332793085,0.652405313,0.652405313,0.464750136,-2695347.75,-0.245484527,0.78286588,0.565386741,0.672073045,,,,,,,,0.410378144,0.410378144,0.30917353
a37f31d9-0dd9-409e-bc07-9ba99eabbf52,XGBClassifier,BASE_LINE,PCA,PCA,0.654781199,0.534994069,0.377093463,0.534994069,0.754960317,0.646131805,843,0.345218801,0.014186311,1.042257096,0.353868195,-0.199318687,0.613820043,0.465005931,-0.281192737,0.582746261,0.339982654,0.093825113,1.329901202,0.245039683,0.133506242,1.784349174,0.199585904,0.465005931,0.245039683,0.754960317,0.534994069,0.660017346,392,247,392,247,761,1153,698,761,451,0.646131805,0.20734949,0.20734949,0.025175114,0.000316893,0.000317763,0.784644603,0.307833577,0.479600258,0.631800449,0.271801341,2.082985955,0.281192737,0.281192737,0.1465719,0.239804033,0.282286605,0.754960317,0.534994069,0.281192737,0.455429498,[0.65024311],1008,0.190315251,0.453201669,0.585334199,0.297941755,0.345218801,0.644977193,0.644977193,0.511241501,-2889338.422,-0.147686495,0.873759767,0.587678377,0.722935087,,,,,,,,0.281192737,0.281192737,0.239804033
a37f31d9-0dd9-409e-bc07-9ba99eabbf52,LogisticRegressionCV,BASE_LINE,PCA,HYPERPARAMETER,0.669908158,0.510083037,0.339276067,0.510083037,0.803571429,0.684713376,843,0.330091842,0.00443056,1.013484312,0.315286624,-0.208240535,0.583518931,0.489916963,-0.413543228,0.485865176,0.337694195,0.062969067,1.207627735,0.196428571,0.174916476,2.826905418,0.202641065,0.489916963,0.196428571,0.803571429,0.510083037,0.662305805,413,198,413,198,810,1223,628,810,430,0.684713376,0.294229852,0.294229852,0.06312308,0.001992262,0.002020826,0.786489793,0.309283097,0.480535011,0.636617727,0.771192451,3.471393859,0.413543228,0.413543228,0.135604801,0.317750639,0.291250697,0.803571429,0.510083037,0.413543228,0.455429498,[0.65024311],1008,0.190315251,0.453201669,0.584636302,0.329915316,0.330091842,0.656827233,0.656827233,0.463569053,-2665372.883,-0.238626752,0.774575414,0.580981887,0.677782843,,,,,,,,0.413543228,0.413543228,0.317750639
a37f31d9-0dd9-409e-bc07-9ba99eabbf52,AdaBoostClassifier,BASE_LINE,PCA,HYPERPARAMETER,0.678011885,0.586002372,0.400324149,0.586002372,0.754960317,0.666666667,843,0.321988115,-0.010664584,0.968233154,0.333333333,-0.211552063,0.59316911,0.413997628,-0.413459937,0.440613027,0.314414414,0.04640014,1.15694165,0.245039683,0.186082293,2.345518118,0.178619098,0.413997628,0.245039683,0.754960317,0.586002372,0.685585586,349,247,349,247,761,1110,741,761,494,0.666666667,0.299771115,0.299771115,0.053596462,0.00143629,0.00145283,0.786536724,0.309320009,0.48055919,0.597694066,0.575578729,2.833399602,0.413459937,0.413459937,0.128976101,0.327392786,0.252459257,0.754960317,0.586002372,0.413459937,0.455429498,[0.65024311],1008,0.190315251,0.453201669,0.623737374,0.346561503,0.321988115,0.670481345,0.670481345,0.469490405,-2374452.385,-0.227377644,0.761975662,0.627009435,0.697619131,,,,,,,,0.413459937,0.413459937,0.327392786
a37f31d9-0dd9-409e-bc07-9ba99eabbf52,GradientBoostingClassifier,BASE_LINE,PCA,SMOTE,0.671528903,0.588374852,0.408968125,0.588374852,0.741071429,0.655217966,843,0.328471097,-0.005694405,0.983037943,0.344782034,-0.204824903,0.606105956,0.411625148,-0.413459937,0.440613027,0.317184644,0.049876281,1.168699187,0.258928571,0.196412871,2.420216147,0.179443218,0.411625148,0.258928571,0.741071429,0.588374852,0.682815356,347,261,347,261,747,1094,757,747,496,0.655217966,0.304936404,0.304936404,0.049820068,0.00124102,0.001258444,0.786677874,0.309431039,0.480632012,0.599071312,0.585344432,2.861232604,0.413459937,0.413459937,0.127350592,0.332362965,0.252574113,0.741071429,0.588374852,0.413459937,0.455429498,[0.65024311],1008,0.190315251,0.453201669,0.62,0.333712182,0.328471097,0.66472314,0.66472314,0.462024856,-2763120.263,-0.217047065,0.760869064,0.624786638,0.695909064,,,,,,,,0.413459937,0.413459937,0.332362965
a37f31d9-0dd9-409e-bc07-9ba99eabbf52,LogisticRegressionCV,BASE_LINE,PCA,SMOTE,0.677471637,0.651245552,0.460291734,0.651245552,0.699404762,0.644366197,843,0.322528363,-0.015634763,0.953428366,0.355633803,-0.19085249,0.631018519,0.348754448,-0.438947193,0.36901341,0.294294294,0.023339619,1.080959302,0.300595238,0.228855284,2.43415978,0.15969563,0.348754448,0.300595238,0.699404762,0.651245552,0.705705706,294,303,294,303,705,999,852,705,549,0.644366197,0.333901239,0.333901239,0.059573224,0.001774484,0.001802787,0.787507017,0.310083651,0.481062731,0.565147113,0.553412405,2.764105025,0.438947193,0.438947193,0.107096055,0.365421755,0.220981369,0.699404762,0.651245552,0.438947193,0.455429498,[0.65024311],1008,0.190315251,0.453201669,0.647787611,0.350360989,0.322528363,0.675325157,0.675325157,0.449833251,-2721103.262,-0.210091909,0.726961139,0.658571863,0.695986322,,,,,,,,0.438947193,0.438947193,0.365421755
a37f31d9-0dd9-409e-bc07-9ba99eabbf52,AdaBoostClassifier,BASE_LINE,PCA,SMOTE,0.661264182,0.641755635,0.467855213,0.641755635,0.677579365,0.624711316,843,0.338735818,0.016543596,1.051468964,0.375288684,-0.141310414,0.707958478,0.358244365,-0.380143262,0.417113665,0.306598985,0.056546343,1.205451713,0.322420635,0.249516441,2.563636364,0.165160729,0.358244365,0.322420635,0.677579365,0.641755635,0.693401015,302,325,302,325,683,985,866,683,541,0.624711316,0.314829851,0.314829851,0.052705612,0.001388941,0.001410672,0.787059616,0.309731419,0.480829707,0.57473599,0.49127833,2.594754056,0.380143262,0.380143262,0.098928379,0.353124112,0.228070096,0.677579365,0.641755635,0.380143262,0.455429498,[0.65024311],1008,0.190315251,0.453201669,0.633118783,0.318723079,0.338735818,0.6596675,0.6596675,0.451984479,-2375593.507,-0.130626821,0.775518948,0.645166445,0.713717695,,,,,,,,0.380143262,0.380143262,0.353124112
a37f31d9-0dd9-409e-bc07-9ba99eabbf52,SVC,BASE_LINE,PCA,SMOTE,0.686655862,0.642941874,0.44354403,0.642941874,0.723214286,0.660170524,843,0.313344138,-0.028557228,0.914935916,0.339829476,-0.207683705,0.59946714,0.357058126,-0.460686324,0.357831185,0.29223301,0.010447672,1.035775361,0.276785714,0.212634078,2.42768595,0.160391434,0.357058126,0.276785714,0.723214286,0.642941874,0.70776699,301,279,301,279,729,1030,821,729,542,0.660170524,0.336660201,0.336660201,0.066211741,0.002191997,0.002227407,0.787639549,0.31018803,0.481132024,0.566376966,0.600808658,2.90184817,0.460686324,0.460686324,0.109065688,0.366785004,0.223425296,0.723214286,0.642941874,0.460686324,0.455429498,[0.65024311],1008,0.190315251,0.453201669,0.651442308,0.367045756,0.313344138,0.68307808,0.68307808,0.453112877,-2711920.328,-0.248052246,0.710193553,0.659813477,0.687689876,,,,,,,,0.460686324,0.460686324,0.366785004
a37f31d9-0dd9-409e-bc07-9ba99eabbf52,RidgeClassifierCV,BASE_LINE,PCA,SMOTE,0.679632631,0.679715302,0.484062669,0.679715302,0.679563492,0.639508929,843,0.320367369,-0.023587049,0.929740705,0.360491071,-0.188886507,0.634032392,0.320284698,-0.449775112,0.332591769,0.282722513,0.005200291,1.018284893,0.320436508,0.236812027,2.391270661,0.151002589,0.320284698,0.320436508,0.679563492,0.679715302,0.717277487,270,323,270,323,685,955,896,685,573,0.639508929,0.34329357,0.34329357,0.062149497,0.00193128,0.001965645,0.78777418,0.310294079,0.481202534,0.549549977,0.531927448,2.702494709,0.449775112,0.449775112,0.097043399,0.376980971,0.206944033,0.679563492,0.679715302,0.449775112,0.455429498,[0.65024311],1008,0.190315251,0.453201669,0.658999425,0.358030436,0.320367369,0.679639397,0.679639397,0.446323562,-2710713.659,-0.212963085,0.713013333,0.672639806,0.69513181,,,,,,,,0.449775112,0.449775112,0.376980971
a37f31d9-0dd9-409e-bc07-9ba99eabbf52,XGBClassifier,BASE_LINE,PCA,SMOTE,0.649378714,0.590747331,0.433279308,0.590747331,0.698412698,0.620947631,843,0.350621286,0.013007668,1.037939032,0.379052369,-0.184714795,0.651094276,0.409252669,-0.315009162,0.516985951,0.328884652,0.085181969,1.30097629,0.301587302,0.184543696,1.963728191,0.183086292,0.409252669,0.301587302,0.698412698,0.590747331,0.671115348,345,304,345,304,704,1049,802,704,498,0.620947631,0.249776429,0.249776429,0.032854443,0.000539707,0.000542725,0.785273488,0.308327225,0.479914877,0.605121957,0.30991081,2.161150743,0.315009162,0.315009162,0.134948382,0.281993752,0.255235368,0.698412698,0.590747331,0.315009162,0.455429498,[0.65024311],1008,0.190315251,0.453201669,0.605471125,0.290607879,0.350621286,0.644580015,0.644580015,0.48357912,-2919964.432,-0.130465466,0.837659658,0.614211509,0.724673688,,,,,,,,0.315009162,0.315009162,0.281993752
a37f31d9-0dd9-409e-bc07-9ba99eabbf52,LogisticRegressionCV,BASE_LINE,PCA,HYPERPARAMETER_SMOTE,0.677471637,0.651245552,0.460291734,0.651245552,0.699404762,0.644366197,843,0.322528363,-0.015634763,0.953428366,0.355633803,-0.19085249,0.631018519,0.348754448,-0.438947193,0.36901341,0.294294294,0.023339619,1.080959302,0.300595238,0.228855284,2.43415978,0.15969563,0.348754448,0.300595238,0.699404762,0.651245552,0.705705706,294,303,294,303,705,999,852,705,549,0.644366197,0.333901239,0.333901239,0.059573224,0.001774484,0.001802787,0.787507017,0.310083651,0.481062731,0.565147113,0.553412405,2.764105025,0.438947193,0.438947193,0.107096055,0.365421755,0.220981369,0.699404762,0.651245552,0.438947193,0.455429498,[0.65024311],1008,0.190315251,0.453201669,0.647787611,0.350360989,0.322528363,0.675325157,0.675325157,0.449833251,-2724132.249,-0.210091909,0.726961139,0.658571863,0.695986322,,,,,,,,0.438947193,0.438947193,0.365421755
a37f31d9-0dd9-409e-bc07-9ba99eabbf52,AdaBoostClassifier,BASE_LINE,PCA,HYPERPARAMETER_SMOTE,0.66180443,0.664294187,0.487844408,0.664294187,0.659722222,0.620155039,843,0.33819557,0.020704345,1.065877462,0.379844961,-0.125012275,0.734348915,0.335705813,-0.359653507,0.409140668,0.298523207,0.055259376,1.209196209,0.340277778,0.257473184,2.512654959,0.158153202,0.335705813,0.340277778,0.659722222,0.664294187,0.701476793,283,343,283,343,665,948,903,665,560,0.620155039,0.308563346,0.308563346,0.051422798,0.001322152,0.001340697,0.786935173,0.309633483,0.480765143,0.562411241,0.435963979,2.451760028,0.359653507,0.359653507,0.090135826,0.352570293,0.216921433,0.659722222,0.664294187,0.359653507,0.455429498,[0.65024311],1008,0.190315251,0.453201669,0.641466208,0.322821919,0.33819557,0.662008205,0.662008205,0.457736738,-2375507.049,-0.102180322,0.788061105,0.655693831,0.725309331,,,,,,,,0.359653507,0.359653507,0.352570293
a37f31d9-0dd9-409e-bc07-9ba99eabbf52,GradientBoostingClassifier,BASE_LINE,PCA,ROS,0.668827661,0.65717675,0.474338196,0.65717675,0.678571429,0.630979499,843,0.331172339,0.010579381,1.032913629,0.369020501,-0.14890873,0.693423203,0.34282325,-0.340496418,0.440613027,0.297019527,0.058914729,1.220930233,0.321428571,0.219975382,2.216334468,0.159325172,0.34282325,0.321428571,0.678571429,0.65717675,0.702980473,289,324,289,324,684,973,878,684,554,0.630979499,0.2802359,0.2802359,0.043692255,0.000954507,0.000967108,0.786128203,0.308998776,0.480349307,0.564491226,0.368269972,2.290258449,0.340496418,0.340496418,0.103911729,0.322564612,0.219422342,0.678571429,0.65717675,0.340496418,0.455429498,[0.65024311],1008,0.190315251,0.453201669,0.643811737,0.334852881,0.331172339,0.667874089,0.667874089,0.480711792,-2775357.134,-0.120521036,0.808837117,0.656446061,0.735646897,,,,,,,,0.340496418,0.340496418,0.322564612
a37f31d9-0dd9-409e-bc07-9ba99eabbf52,LogisticRegressionCV,BASE_LINE,PCA,ROS,0.677471637,0.651245552,0.460291734,0.651245552,0.699404762,0.644366197,843,0.322528363,-0.015634763,0.953428366,0.355633803,-0.19085249,0.631018519,0.348754448,-0.438947193,0.36901341,0.294294294,0.023339619,1.080959302,0.300595238,0.228855284,2.43415978,0.15969563,0.348754448,0.300595238,0.699404762,0.651245552,0.705705706,294,303,294,303,705,999,852,705,549,0.644366197,0.333901239,0.333901239,0.059573224,0.001774484,0.001802787,0.787507017,0.310083651,0.481062731,0.565147113,0.553412405,2.764105025,0.438947193,0.438947193,0.107096055,0.365421755,0.220981369,0.699404762,0.651245552,0.438947193,0.455429498,[0.65024311],1008,0.190315251,0.453201669,0.647787611,0.350360989,0.322528363,0.675325157,0.675325157,0.449833251,-2721524.046,-0.210091909,0.726961139,0.658571863,0.695986322,,,,,,,,0.438947193,0.438947193,0.365421755
a37f31d9-0dd9-409e-bc07-9ba99eabbf52,AdaBoostClassifier,BASE_LINE,PCA,ROS,0.668287412,0.666666667,0.48352242,0.666666667,0.669642857,0.627932961,843,0.331712588,0.025859131,1.084192519,0.372067039,-0.120388891,0.737977119,0.333333333,-0.300849575,0.467727675,0.293933054,0.072278698,1.286334842,0.330357143,0.22617373,2.250607681,0.156542661,0.333333333,0.330357143,0.669642857,0.666666667,0.706066946,281,333,281,333,675,956,895,675,562,0.627932961,0.263511652,0.263511652,0.03822603,0.000730615,0.000740175,0.78586682,0.308793329,0.480215742,0.559540277,0.322097368,2.185266778,0.300849575,0.300849575,0.096333795,0.313249077,0.214877747,0.669642857,0.666666667,0.300849575,0.455429498,[0.65024311],1008,0.190315251,0.453201669,0.646720368,0.335152726,0.331712588,0.668154762,0.668154762,0.492088197,-2375635.777,-0.074675846,0.837809196,0.660411032,0.75131623,,,,,,,,0.300849575,0.300849575,0.313249077
a37f31d9-0dd9-409e-bc07-9ba99eabbf52,SVC,BASE_LINE,PCA,ROS,0.685035116,0.660735469,0.461372231,0.660735469,0.705357143,0.652224824,843,0.314964884,-0.032717978,0.904572565,0.347775176,-0.214994233,0.596885813,0.339264531,-0.450441446,0.352490421,0.286860582,0.00815633,1.028037383,0.294642857,0.209952523,2.233471074,0.155609793,0.339264531,0.294642857,0.705357143,0.660735469,0.713139418,286,297,286,297,711,997,854,711,557,0.652224824,0.330196985,0.330196985,0.063443986,0.00201257,0.002045328,0.787308363,0.309927229,0.480959092,0.557870582,0.523539192,2.681245858,0.450441446,0.450441446,0.111575281,0.36026697,0.215196995,0.705357143,0.660735469,0.450441446,0.455429498,[0.65024311],1008,0.190315251,0.453201669,0.656452563,0.365728246,0.314964884,0.683046306,0.683046306,0.457506475,-2709908.424,-0.240488923,0.717437618,0.667173201,0.694997331,,,,,,,,0.450441446,0.450441446,0.36026697
a37f31d9-0dd9-409e-bc07-9ba99eabbf52,RidgeClassifierCV,BASE_LINE,PCA,ROS,0.678011885,0.697508897,0.50189087,0.697508897,0.661706349,0.632938644,843,0.321988115,-0.027747799,0.91906892,0.367061356,-0.195538183,0.630650099,0.302491103,-0.439530235,0.32605364,0.276572668,0.002328176,1.008226221,0.338293651,0.234130473,2.222681359,0.146029991,0.302491103,0.338293651,0.661706349,0.697508897,0.723427332,255,341,255,341,667,922,929,667,588,0.632938644,0.336830354,0.336830354,0.059475609,0.001768674,0.001800193,0.787445815,0.310035455,0.481030773,0.540425742,0.465547073,2.525435622,0.439530235,0.439530235,0.098933179,0.370462937,0.198636438,0.661706349,0.697508897,0.439530235,0.455429498,[0.65024311],1008,0.190315251,0.453201669,0.663656885,0.357787775,0.321988115,0.679607623,0.679607623,0.450695147,-2703752.501,-0.205399762,0.720347536,0.679443744,0.70222945,,,,,,,,0.439530235,0.439530235,0.370462937
a37f31d9-0dd9-409e-bc07-9ba99eabbf52,XGBClassifier,BASE_LINE,PCA,ROS,0.658562939,0.603795967,0.435980551,0.603795967,0.704365079,0.630731103,843,0.341437061,0.002073275,1.006047051,0.369268897,-0.193576868,0.634354805,0.396204033,-0.330334833,0.49348659,0.319923372,0.072160836,1.254968288,0.295634921,0.178345349,1.931359045,0.177361291,0.396204033,0.295634921,0.704365079,0.603795967,0.680076628,334,298,334,298,710,1044,807,710,509,0.630731103,0.254340091,0.254340091,0.036160095,0.000653776,0.000658118,0.785368731,0.308402022,0.479962938,0.595585915,0.319327075,2.181616185,0.330334833,0.330334833,0.132868852,0.286963931,0.247252533,0.704365079,0.603795967,0.330334833,0.455429498,[0.65024311],1008,0.190315251,0.453201669,0.616969697,0.309481559,0.341437061,0.654080523,0.654080523,0.487721623,-2914407.061,-0.151989484,0.825185226,0.625590205,0.725925106,,,,,,,,0.330334833,0.330334833,0.286963931
a37f31d9-0dd9-409e-bc07-9ba99eabbf52,LogisticRegressionCV,BASE_LINE,PCA,HYPERPARAMETER_ROS,0.677471637,0.651245552,0.460291734,0.651245552,0.699404762,0.644366197,843,0.322528363,-0.015634763,0.953428366,0.355633803,-0.19085249,0.631018519,0.348754448,-0.438947193,0.36901341,0.294294294,0.023339619,1.080959302,0.300595238,0.228855284,2.43415978,0.15969563,0.348754448,0.300595238,0.699404762,0.651245552,0.705705706,294,303,294,303,705,999,852,705,549,0.644366197,0.333901239,0.333901239,0.059573224,0.001774484,0.001802787,0.787507017,0.310083651,0.481062731,0.565147113,0.553412405,2.764105025,0.438947193,0.438947193,0.107096055,0.365421755,0.220981369,0.699404762,0.651245552,0.438947193,0.455429498,[0.65024311],1008,0.190315251,0.453201669,0.647787611,0.350360989,0.322528363,0.675325157,0.675325157,0.449833251,-2722042.006,-0.210091909,0.726961139,0.658571863,0.695986322,,,,,,,,0.438947193,0.438947193,0.365421755
a37f31d9-0dd9-409e-bc07-9ba99eabbf52,AdaBoostClassifier,BASE_LINE,PCA,HYPERPARAMETER_ROS,0.673149649,0.659549229,0.472177202,0.659549229,0.68452381,0.636155606,843,0.326850351,-0.003521727,0.989281701,0.363844394,-0.170157068,0.659685864,0.340450771,-0.366066967,0.419342053,0.293756397,0.045121792,1.164927929,0.31547619,0.209644804,2.159212445,0.157950029,0.340450771,0.31547619,0.68452381,0.659549229,0.706243603,287,318,287,318,690,977,874,690,556,0.636155606,0.287855885,0.287855885,0.043107118,0.000929112,0.000942848,0.786255473,0.309098835,0.480414549,0.562049872,0.391625941,2.345339726,0.366066967,0.366066967,0.10763943,0.326725362,0.217632016,0.68452381,0.659549229,0.366066967,0.455429498,[0.65024311],1008,0.190315251,0.453201669,0.647641235,0.343235104,0.326850351,0.672036519,0.672036519,0.478586852,-2375528.124,-0.156422163,0.789489865,0.659949035,0.728228436,,,,,,,,0.366066967,0.366066967,0.326725362
a37f31d9-0dd9-409e-bc07-9ba99eabbf52,GradientBoostingClassifier,BASE_LINE,PCA,RUS,0.676931388,0.639383155,0.450027012,0.639383155,0.708333333,0.647058824,843,0.323068612,-0.005509798,0.983231048,0.352941176,-0.17876588,0.64246824,0.360616845,-0.368649009,0.434738186,0.298624754,0.047496947,1.170989011,0.291666667,0.195489713,2.148502066,0.163279173,0.360616845,0.291666667,0.708333333,0.639383155,0.701375246,304,294,304,294,714,1018,833,714,539,0.647058824,0.282069361,0.282069361,0.045661567,0.001042489,0.001056427,0.786119676,0.308992072,0.48034494,0.571452839,0.412229078,2.396247515,0.368649009,0.368649009,0.113131414,0.319142289,0.226802543,0.708333333,0.639383155,0.368649009,0.455429498,[0.65024311],1008,0.190315251,0.453201669,0.643198091,0.348075094,0.323068612,0.673858244,0.673858244,0.48378348,-2754528.677,-0.173159295,0.79147348,0.652742509,0.725399287,,,,,,,,0.368649009,0.368649009,0.319142289
a37f31d9-0dd9-409e-bc07-9ba99eabbf52,LogisticRegressionCV,BASE_LINE,PCA,RUS,0.679092382,0.68801898,0.492166397,0.68801898,0.671626984,0.636663008,843,0.320907618,-0.021598978,0.93566262,0.363336992,-0.185536927,0.640522204,0.31198102,-0.45360653,0.326906439,0.279787234,0.004541054,1.015966931,0.328373016,0.24507649,2.43982438,0.148656058,0.31198102,0.328373016,0.671626984,0.68801898,0.720212766,263,331,263,331,677,940,911,677,580,0.636663008,0.34934151,0.34934151,0.061100647,0.001866645,0.001905008,0.787960945,0.310441225,0.481300548,0.545263345,0.541836695,2.729429872,0.45360653,0.45360653,0.09503899,0.382945186,0.203037728,0.671626984,0.68801898,0.45360653,0.455429498,[0.65024311],1008,0.190315251,0.453201669,0.661345496,0.358258191,0.320907618,0.679822982,0.679822982,0.442332595,-2701806.418,-0.20853004,0.708297526,0.675969366,0.694071571,,,,,,,,0.45360653,0.45360653,0.382945186
a37f31d9-0dd9-409e-bc07-9ba99eabbf52,AdaBoostClassifier,BASE_LINE,PCA,RUS,0.673149649,0.652431791,0.465694219,0.652431791,0.69047619,0.638051044,843,0.326850351,-0.000539619,0.99835768,0.361948956,-0.169014085,0.661971831,0.347568209,-0.358404131,0.431496895,0.296258847,0.050616008,1.185010235,0.30952381,0.207578688,2.147788041,0.16006949,0.347568209,0.30952381,0.69047619,0.652431791,0.703741153,293,312,293,312,696,989,862,696,550,0.638051044,0.28299141,0.28299141,0.044527946,0.000991369,0.001004005,0.786133434,0.309002888,0.480351985,0.565808254,0.382869318,2.324874284,0.358404131,0.358404131,0.109815046,0.321755183,0.221083774,0.69047619,0.652431791,0.358404131,0.455429498,[0.65024311],1008,0.190315251,0.453201669,0.64516129,0.342349635,0.326850351,0.671453991,0.671453991,0.481438279,-2375627.594,-0.150825443,0.796534801,0.656702154,0.729924514,,,,,,,,0.358404131,0.358404131,0.321755183
a37f31d9-0dd9-409e-bc07-9ba99eabbf52,SVC,BASE_LINE,PCA,RUS,0.685575365,0.65717675,0.457590492,0.65717675,0.709325397,0.6540732,843,0.314424635,-0.041848907,0.880431696,0.3459268,-0.235751916,0.572699653,0.34282325,-0.472180576,0.341808894,0.287848606,0.000377121,1.001268499,0.290674603,0.205820292,2.209194215,0.156532719,0.34282325,0.290674603,0.709325397,0.65717675,0.712151394,289,293,289,293,715,1004,847,715,554,0.6540732,0.339000434,0.339000434,0.065627042,0.002153454,0.002189438,0.787507017,0.310083651,0.481062731,0.559522509,0.553412405,2.764105025,0.472180576,0.472180576,0.118064519,0.365421755,0.216808587,0.709325397,0.65717675,0.472180576,0.455429498,[0.65024311],1008,0.190315251,0.453201669,0.655621302,0.366363344,0.314424635,0.683251073,0.683251073,0.451628663,-2691733.319,-0.266360284,0.698469711,0.665843943,0.684103789,,,,,,,,0.472180576,0.472180576,0.365421755
a37f31d9-0dd9-409e-bc07-9ba99eabbf52,RidgeClassifierCV,BASE_LINE,PCA,RUS,0.678011885,0.697508897,0.50189087,0.697508897,0.661706349,0.632938644,843,0.321988115,-0.027747799,0.91906892,0.367061356,-0.195538183,0.630650099,0.302491103,-0.439530235,0.32605364,0.276572668,0.002328176,1.008226221,0.338293651,0.234130473,2.222681359,0.146029991,0.302491103,0.338293651,0.661706349,0.697508897,0.723427332,255,341,255,341,667,922,929,667,588,0.632938644,0.336830354,0.336830354,0.059475609,0.001768674,0.001800193,0.787445815,0.310035455,0.481030773,0.540425742,0.465547073,2.525435622,0.439530235,0.439530235,0.098933179,0.370462937,0.198636438,0.661706349,0.697508897,0.439530235,0.455429498,[0.65024311],1008,0.190315251,0.453201669,0.663656885,0.357787775,0.321988115,0.679607623,0.679607623,0.450695147,-2685241.118,-0.205399762,0.720347536,0.679443744,0.70222945,,,,,,,,0.439530235,0.439530235,0.370462937
a37f31d9-0dd9-409e-bc07-9ba99eabbf52,XGBClassifier,BASE_LINE,PCA,RUS,0.659103187,0.609727165,0.440842788,0.609727165,0.700396825,0.629901961,843,0.340896813,0.002073275,1.006047051,0.370098039,-0.190553569,0.64006548,0.390272835,-0.339913377,0.478799489,0.317874396,0.069032968,1.243916487,0.299603175,0.188675928,1.985307622,0.175422366,0.390272835,0.299603175,0.700396825,0.609727165,0.682125604,329,302,329,302,706,1035,816,706,514,0.629901961,0.264294652,0.264294652,0.042388422,0.000898389,0.000905266,0.785570239,0.3085603,0.480064927,0.592321476,0.337897711,2.222547071,0.339913377,0.339913377,0.129793269,0.296904289,0.244223143,0.700396825,0.609727165,0.339913377,0.455429498,[0.65024311],1008,0.190315251,0.453201669,0.619650392,0.311074321,0.340896813,0.655061995,0.655061995,0.481932613,-2887106.942,-0.151237449,0.815973321,0.628785266,0.723646957,,,,,,,,0.339913377,0.339913377,0.296904289
a37f31d9-0dd9-409e-bc07-9ba99eabbf52,LogisticRegressionCV,BASE_LINE,PCA,HYPERPARAMETER_RUS,0.679092382,0.68801898,0.492166397,0.68801898,0.671626984,0.636663008,843,0.320907618,-0.021598978,0.93566262,0.363336992,-0.185536927,0.640522204,0.31198102,-0.45360653,0.326906439,0.279787234,0.004541054,1.015966931,0.328373016,0.24507649,2.43982438,0.148656058,0.31198102,0.328373016,0.671626984,0.68801898,0.720212766,263,331,263,331,677,940,911,677,580,0.636663008,0.34934151,0.34934151,0.061100647,0.001866645,0.001905008,0.787960945,0.310441225,0.481300548,0.545263345,0.541836695,2.729429872,0.45360653,0.45360653,0.09503899,0.382945186,0.203037728,0.671626984,0.68801898,0.45360653,0.455429498,[0.65024311],1008,0.190315251,0.453201669,0.661345496,0.358258191,0.320907618,0.679822982,0.679822982,0.442332595,-2702426.048,-0.20853004,0.708297526,0.675969366,0.694071571,,,,,,,,0.45360653,0.45360653,0.382945186
a37f31d9-0dd9-409e-bc07-9ba99eabbf52,AdaBoostClassifier,BASE_LINE,PCA,HYPERPARAMETER_RUS,0.666126418,0.704626335,0.520259319,0.704626335,0.633928571,0.61682243,843,0.333873582,-0.005694405,0.983037943,0.38317757,-0.164307164,0.680033417,0.295373665,-0.394136265,0.352490421,0.280405405,0.02602768,1.095744681,0.366071429,0.252417795,2.248803828,0.145375062,0.295373665,0.366071429,0.633928571,0.704626335,0.719594595,249,369,249,369,639,888,963,639,594,0.61682243,0.32327703,0.32327703,0.05078599,0.001289608,0.001312765,0.787087626,0.309753466,0.480844254,0.539212503,0.402999551,2.369566385,0.394136265,0.394136265,0.095167422,0.36195683,0.196719566,0.633928571,0.704626335,0.394136265,0.455429498,[0.65024311],1008,0.190315251,0.453201669,0.657807309,0.337484272,0.333873582,0.669277453,0.669277453,0.452915426,-2375471.137,-0.14171847,0.756088994,0.675582785,0.719351046,,,,,,,,0.394136265,0.394136265,0.36195683
a37f31d9-0dd9-409e-bc07-9ba99eabbf52,GradientBoostingClassifier,BASE_LINE,FAIR_PCA,FAIR_PCA,0.610480821,0.553973903,0.438681794,0.553973903,0.657738095,0.575123153,843,0.389519179,0.069042886,1.210130521,0.424876847,-0.107394366,0.785211268,0.446026097,-0.530484758,0.389942529,0.361886429,0.091609589,1.293150685,0.342261905,0.396914014,7.218319559,0.2013057,0.446026097,0.342261905,0.657738095,0.553973903,0.638113571,376,345,376,345,663,1039,812,663,467,0.575123153,0.463699386,0.463699386,0.11935602,0.00712293,0.007636646,0.793291213,0.314655474,0.484184041,0.634516666,1.398099998,6.587143804,0.530484758,0.530484758,0.099501978,0.47889804,0.279676101,0.657738095,0.553973903,0.530484758,0.455429498,[0.62009724],1008,0.190315251,0.453201669,0.564350453,0.212472993,0.389519179,0.605855999,0.605855999,0.324920944,-2507047.252,-0.133570743,0.631858256,0.575248121,0.606287656,,,,,,,,0.530484758,0.530484758,0.47889804
a37f31d9-0dd9-409e-bc07-9ba99eabbf52,LogisticRegressionCV,BASE_LINE,FAIR_PCA,FAIR_PCA,0.604538088,0.466192171,0.364667747,0.466192171,0.720238095,0.582222222,843,0.395461912,0.078798637,1.234719344,0.417777778,-0.166549213,0.700211416,0.533807829,-0.466683325,0.488870644,0.382653061,0.116537531,1.363486107,0.279761905,0.3269738,7.147107438,0.234194731,0.533807829,0.279761905,0.720238095,0.466192171,0.617346939,450,282,450,282,726,1176,675,726,393,0.582222222,0.396828562,0.396828562,0.087866899,0.003860296,0.004057305,0.790311505,0.312296138,0.482552519,0.684389847,1.489687443,7.313894411,0.466683325,0.466683325,0.141543372,0.405893212,0.327432735,0.720238095,0.466192171,0.466683325,0.455429498,[0.62009724],1008,0.190315251,0.453201669,0.517786561,0.192887874,0.395461912,0.593215133,0.593215133,0.357810425,-2579399.588,-0.139709525,0.718127404,0.523515316,0.619439773,,,,,,,,0.466683325,0.466683325,0.405893212
a37f31d9-0dd9-409e-bc07-9ba99eabbf52,AdaBoostClassifier,BASE_LINE,FAIR_PCA,FAIR_PCA,0.609940573,0.56346382,0.447866018,0.56346382,0.648809524,0.572979493,843,0.390059427,0.064882136,1.193265936,0.427020507,-0.146817407,0.730834753,0.43653618,-0.567549559,0.363237081,0.360078278,0.085511831,1.269049421,0.351190476,0.419641287,7.574380165,0.197984691,0.43653618,0.351190476,0.648809524,0.56346382,0.639921722,368,354,368,354,654,1022,829,654,475,0.572979493,0.493595423,0.493595423,0.128845433,0.008300573,0.008945603,0.79464733,0.31573219,0.484941762,0.62926098,1.514356539,7.426350985,0.567549559,0.567549559,0.116164619,0.504927577,0.274738773,0.648809524,0.56346382,0.567549559,0.455429498,[0.62009724],1008,0.190315251,0.453201669,0.568181818,0.212587048,0.390059427,0.606136672,0.606136672,0.306950385,-2377461.219,-0.147908271,0.590025369,0.579795201,0.585597137,,,,,,,,0.567549559,0.567549559,0.504927577
a37f31d9-0dd9-409e-bc07-9ba99eabbf52,SVC,BASE_LINE,FAIR_PCA,FAIR_PCA,0.595894111,0.424673784,0.335494327,0.424673784,0.739087302,0.576489533,843,0.404105889,0.036750923,1.095280171,0.423510467,-0.26818014,0.582830893,0.575326216,-0.246210228,0.685398042,0.394308943,0.130913916,1.40728774,0.260912698,0.108097415,1.564508724,0.251590927,0.575326216,0.260912698,0.739087302,0.424673784,0.605691057,485,263,485,263,745,1230,621,745,358,0.576489533,0.177153822,0.177153822,0.020133245,0.000202674,0.000201877,0.784340832,0.307595271,0.47945067,0.709353124,0.19063909,1.923459245,0.246210228,0.246210228,0.199547028,0.184691849,0.351575184,0.739087302,0.424673784,0.246210228,0.455429498,[0.62009724],1008,0.190315251,0.453201669,0.489071038,0.172725479,0.404105889,0.581880543,0.581880543,0.478798181,-2425436.079,-0.138112813,0.909155702,0.493616564,0.668112445,,,,,,,,0.246210228,0.246210228,0.184691849
a37f31d9-0dd9-409e-bc07-9ba99eabbf52,RidgeClassifierCV,BASE_LINE,FAIR_PCA,FAIR_PCA,0.609940573,0.476868327,0.368989735,0.476868327,0.721230159,0.588579795,843,0.390059427,0.071840386,1.21399264,0.411420205,-0.18618267,0.674180328,0.523131673,-0.509495252,0.454958567,0.377568493,0.105263158,1.325581395,0.278769841,0.345876561,9.128099174,0.229206279,0.523131673,0.278769841,0.721230159,0.476868327,0.622431507,441,281,441,281,727,1168,683,727,402,0.588579795,0.427685906,0.427685906,0.102148499,0.005217158,0.005525088,0.791846755,0.313510642,0.483387257,0.677061709,1.75726378,9.701789264,0.509495252,0.509495252,0.145722914,0.435089463,0.320771851,0.721230159,0.476868327,0.509495252,0.455429498,[0.62009724],1008,0.190315251,0.453201669,0.526867628,0.204452976,0.390059427,0.599049243,0.599049243,0.342844325,-2511127.154,-0.163618692,0.672190044,0.532431384,0.604217772,,,,,,,,0.509495252,0.509495252,0.435089463
a37f31d9-0dd9-409e-bc07-9ba99eabbf52,XGBClassifier,BASE_LINE,FAIR_PCA,FAIR_PCA,0.612641815,0.53024911,0.414910859,0.53024911,0.681547619,0.58203125,843,0.387358185,0.071840386,1.21399264,0.41796875,-0.144121916,0.732345013,0.46975089,-0.484507746,0.442816092,0.36565097,0.107308278,1.340703782,0.318452381,0.357350097,5.798701299,0.209490846,0.46975089,0.318452381,0.681547619,0.53024911,0.63434903,396,321,396,321,687,1083,768,687,447,0.58203125,0.420928921,0.420928921,0.09993015,0.004993017,0.00528748,0.791158181,0.312965633,0.483011287,0.647287952,1.251957601,5.673650405,0.484507746,0.484507746,0.125715097,0.433981823,0.291925728,0.681547619,0.53024911,0.484507746,0.455429498,[0.62009724],1008,0.190315251,0.453201669,0.554934823,0.214076238,0.387358185,0.605898365,0.605898365,0.35085822,-2694274.865,-0.127157649,0.686958528,0.563889148,0.628199194,,,,,,,,0.484507746,0.484507746,0.433981823
a37f31d9-0dd9-409e-bc07-9ba99eabbf52,LogisticRegressionCV,BASE_LINE,FAIR_PCA,HYPERPARAMETER,0.60723933,0.475682088,0.370610481,0.475682088,0.717261905,0.584548105,843,0.39276067,0.067679636,1.19739894,0.415451895,-0.237371134,0.620206186,0.524317912,-0.503748126,0.461106656,0.379399142,0.106104228,1.325715306,0.282738095,0.335238263,7.302479339,0.230173444,0.524317912,0.282738095,0.717261905,0.475682088,0.620600858,442,285,442,285,723,1165,686,723,401,0.584548105,0.419493194,0.419493194,0.097977424,0.004799788,0.005074274,0.791266616,0.313051429,0.483070325,0.678488679,1.625940453,8.436878728,0.503748126,0.503748126,0.171737681,0.424964499,0.321864779,0.717261905,0.475682088,0.503748126,0.455429498,[0.62009724],1008,0.190315251,0.453201669,0.524525834,0.198952909,0.39276067,0.596471996,0.596471996,0.346256053,-2555813.283,-0.168509863,0.679375311,0.530454701,0.606413054,,,,,,,,0.503748126,0.503748126,0.424964499
a37f31d9-0dd9-409e-bc07-9ba99eabbf52,AdaBoostClassifier,BASE_LINE,FAIR_PCA,HYPERPARAMETER,0.60723933,0.511269276,0.403025392,0.511269276,0.6875,0.577747989,843,0.39276067,0.084947458,1.258535742,0.422252011,-0.100378788,0.799242424,0.488730724,-0.476844911,0.451628352,0.372850679,0.116370293,1.372384937,0.3125,0.372120626,6.829889807,0.217172282,0.488730724,0.3125,0.6875,0.511269276,0.627149321,412,315,412,315,693,1105,746,693,431,0.577747989,0.424482768,0.424482768,0.109023441,0.005943055,0.006325619,0.791486612,0.313225528,0.483190298,0.659048226,1.32514149,6.123260437,0.476844911,0.476844911,0.10837454,0.439136609,0.302791064,0.6875,0.511269276,0.476844911,0.455429498,[0.62009724],1008,0.190315251,0.453201669,0.542479547,0.201810035,0.39276067,0.599384638,0.599384638,0.344956188,-2374703.557,-0.104724285,0.693332803,0.550852793,0.624145351,,,,,,,,0.476844911,0.476844911,0.439136609
a37f31d9-0dd9-409e-bc07-9ba99eabbf52,GradientBoostingClassifier,BASE_LINE,FAIR_PCA,SMOTE,0.614802809,0.606168446,0.481901675,0.606168446,0.62202381,0.572869955,843,0.385197191,0.055935814,1.166617317,0.427130045,-0.148018648,0.728632479,0.393831554,-0.611610861,0.313802448,0.346193952,0.064369496,1.202528413,0.37797619,0.448566907,8.027548209,0.182460111,0.393831554,0.37797619,0.62202381,0.606168446,0.653806048,332,381,332,381,627,959,892,627,511,0.572869955,0.530088884,0.530088884,0.136126431,0.009265203,0.010040748,0.796412823,0.317136693,0.485941808,0.60408627,1.575431623,7.894451473,0.611610861,0.611610861,0.106194072,0.541706901,0.251860648,0.62202381,0.606168446,0.611610861,0.455429498,[0.62009724],1008,0.190315251,0.453201669,0.589048991,0.227432866,0.385197191,0.614096128,0.614096128,0.288570597,-2516355.979,-0.163043954,0.536325633,0.603148931,0.563060732,,,,,,,,0.611610861,0.611610861,0.541706901
a37f31d9-0dd9-409e-bc07-9ba99eabbf52,LogisticRegressionCV,BASE_LINE,FAIR_PCA,SMOTE,0.610480821,0.619217082,0.49810913,0.619217082,0.603174603,0.566160521,843,0.389519179,0.042459529,1.11888668,0.433839479,-0.293167702,0.581188997,0.380782918,-0.666583375,0.286910808,0.345532831,0.055971101,1.169214956,0.396825397,0.466854229,7.26918536,0.178304116,0.380782918,0.396825397,0.603174603,0.619217082,0.654467169,321,400,321,400,608,929,922,608,522,0.566160521,0.566718802,0.566718802,0.136493369,0.00931522,0.01009064,0.79790032,0.31832246,0.486796036,0.597166837,1.697926894,8.96222664,0.666583375,0.666583375,0.174569401,0.568730474,0.245520924,0.603174603,0.619217082,0.666583375,0.455429498,[0.62009724],1008,0.190315251,0.453201669,0.591501416,0.221507931,0.389519179,0.611195843,0.611195843,0.264819667,-2550185.106,-0.199729146,0.474562493,0.606844152,0.523465274,,,,,,,,0.666583375,0.666583375,0.568730474
a37f31d9-0dd9-409e-bc07-9ba99eabbf52,AdaBoostClassifier,BASE_LINE,FAIR_PCA,SMOTE,0.604538088,0.591933571,0.479200432,0.591933571,0.615079365,0.562570462,843,0.395461912,0.060721386,1.177104042,0.437429538,-0.176282051,0.697802198,0.408066429,-0.600116608,0.326698439,0.356846473,0.077593259,1.24224237,0.384920635,0.450325303,7.047225502,0.188385767,0.408066429,0.384920635,0.615079365,0.591933571,0.643153527,344,388,344,388,620,964,887,620,499,0.562570462,0.525220956,0.525220956,0.134354656,0.009025587,0.009759824,0.795911426,0.316737499,0.485656257,0.613817183,1.492050014,7.236580517,0.600116608,0.600116608,0.126937655,0.534564044,0.260350051,0.615079365,0.591933571,0.600116608,0.455429498,[0.62009724],1008,0.190315251,0.453201669,0.576878613,0.206367456,0.395461912,0.603506468,0.603506468,0.286532224,-2377589.097,-0.149791305,0.548834757,0.5909,0.566106279,,,,,,,,0.600116608,0.600116608,0.534564044
a37f31d9-0dd9-409e-bc07-9ba99eabbf52,SVC,BASE_LINE,FAIR_PCA,SMOTE,0.57806591,0.710557533,0.613722312,0.710557533,0.467261905,0.527288732,843,0.42193409,-0.053564328,0.882828032,0.472711268,-0.244047619,0.630630631,0.289442467,-0.3647343,0.378600823,0.341258741,0.052764977,1.164157706,0.532738095,0.205556532,1.522224704,0.147907341,0.289442467,0.532738095,0.467261905,0.710557533,0.658741259,244,537,244,537,471,715,1136,471,599,0.527288732,0.285145416,0.285145416,0.029124675,0.000424123,0.000428623,0.785180874,0.308254503,0.479868237,0.543888483,0.211336966,1.729622266,0.3647343,0.3647343,0.148406298,0.291848907,0.200272973,0.467261905,0.710557533,0.3647343,0.455429498,[0.62009724],1008,0.190315251,0.453201669,0.605356241,0.181878389,0.42193409,0.588909719,0.588909719,0.420984812,-2446254.827,-0.159177767,0.778425485,0.626413086,0.705094314,,,,,,,,0.3647343,0.3647343,0.291848907
a37f31d9-0dd9-409e-bc07-9ba99eabbf52,RidgeClassifierCV,BASE_LINE,FAIR_PCA,SMOTE,0.609940573,0.615658363,0.495407888,0.615658363,0.60515873,0.565976009,843,0.390059427,0.034322636,1.094219,0.434023991,-0.322249179,0.556907378,0.384341637,-0.660836249,0.293058897,0.346895075,0.054200542,1.162601626,0.39484127,0.447951468,6.263429752,0.179584551,0.384341637,0.39484127,0.60515873,0.615658363,0.653104925,324,398,324,398,610,934,917,610,519,0.565976009,0.554393858,0.554393858,0.132722165,0.008807587,0.009521398,0.797038532,0.317635211,0.486299851,0.599307184,1.59603457,8.058919212,0.660836249,0.660836249,0.188224861,0.554629367,0.247420926,0.60515873,0.615658363,0.660836249,0.455429498,[0.62009724],1008,0.190315251,0.453201669,0.589772727,0.2199473,0.390059427,0.610408547,0.610408547,0.272001797,-2538033.208,-0.21288478,0.48389456,0.604918002,0.529276016,,,,,,,,0.660836249,0.660836249,0.554629367
a37f31d9-0dd9-409e-bc07-9ba99eabbf52,XGBClassifier,BASE_LINE,FAIR_PCA,SMOTE,0.612101567,0.565836299,0.447866018,0.565836299,0.650793651,0.575392039,843,0.387898433,0.049602386,1.141721102,0.424607961,-0.206007067,0.656654888,0.434163701,-0.52665334,0.394348659,0.358121331,0.086818182,1.271306818,0.349206349,0.364999121,4.812213039,0.196887662,0.434163701,0.349206349,0.650793651,0.565836299,0.641878669,366,352,366,352,656,1022,829,656,477,0.575392039,0.44582623,0.44582623,0.104389657,0.0054486,0.00578655,0.791890555,0.313545325,0.483411258,0.627515198,1.179464385,5.251159708,0.52665334,0.52665334,0.146412624,0.455481397,0.27322947,0.650793651,0.565836299,0.52665334,0.455429498,[0.62009724],1008,0.190315251,0.453201669,0.570574163,0.216950092,0.387898433,0.608314975,0.608314975,0.337112203,-2703807.927,-0.161654219,0.639779729,0.582113747,0.613723716,,,,,,,,0.52665334,0.52665334,0.455481397
a37f31d9-0dd9-409e-bc07-9ba99eabbf52,LogisticRegressionCV,BASE_LINE,FAIR_PCA,HYPERPARAMETER_SMOTE,0.600756348,0.591933571,0.482982172,0.591933571,0.608134921,0.558165548,843,0.399243652,0.0555666,1.158761715,0.441834452,-0.229806259,0.638875878,0.408066429,-0.606530068,0.335705163,0.359456635,0.078459009,1.240981241,0.391865079,0.437928609,6.880755608,0.188700587,0.408066429,0.391865079,0.608134921,0.591933571,0.640543365,344,395,344,395,613,957,894,613,499,0.558165548,0.522229339,0.522229339,0.120349904,0.00724205,0.007778107,0.795741688,0.316602417,0.485559864,0.614329858,1.552758587,7.717332369,0.606530068,0.606530068,0.154132634,0.5277904,0.260720318,0.608134921,0.591933571,0.606530068,0.455429498,[0.62009724],1008,0.190315251,0.453201669,0.574553828,0.199387543,0.399243652,0.600034246,0.600034246,0.286678758,-2644605.899,-0.168601459,0.545683039,0.588878665,0.563394306,,,,,,,,0.606530068,0.606530068,0.5277904
a37f31d9-0dd9-409e-bc07-9ba99eabbf52,AdaBoostClassifier,BASE_LINE,FAIR_PCA,HYPERPARAMETER_SMOTE,0.613182064,0.620403321,0.496488385,0.620403321,0.607142857,0.569096844,843,0.386817936,0.065066742,1.198029216,0.430903156,-0.096923077,0.806153846,0.379596679,-0.612860237,0.295210728,0.343347639,0.063904494,1.204494382,0.392857143,0.477492527,8.480716253,0.17767615,0.379596679,0.392857143,0.607142857,0.620403321,0.656652361,320,396,320,396,612,932,919,612,523,0.569096844,0.545176382,0.545176382,0.142029829,0.010086236,0.010951531,0.79714953,0.317723686,0.486363561,0.596114334,1.532839982,7.538104705,0.612860237,0.612860237,0.080413786,0.560408975,0.244646214,0.607142857,0.620403321,0.612860237,0.455429498,[0.62009724],1008,0.190315251,0.453201669,0.593643587,0.226645911,0.386817936,0.613773089,0.613773089,0.279158497,-2375579.041,-0.13536771,0.528150836,0.608864567,0.559964247,,,,,,,,0.612860237,0.612860237,0.560408975
a37f31d9-0dd9-409e-bc07-9ba99eabbf52,GradientBoostingClassifier,BASE_LINE,FAIR_PCA,ROS,0.615343058,0.591933571,0.468395462,0.591933571,0.634920635,0.575547866,843,0.384656942,0.069042886,1.210130521,0.424452134,-0.102693603,0.794612795,0.408066429,-0.490171581,0.390597494,0.349593496,0.094779564,1.3125164,0.365079365,0.391858625,5.092745638,0.187354453,0.408066429,0.365079365,0.634920635,0.591933571,0.650406504,344,368,344,368,640,984,867,640,499,0.575547866,0.441015103,0.441015103,0.11382198,0.006477722,0.006927036,0.791852603,0.313515272,0.483390461,0.612134713,1.050777313,4.592445328,0.490171581,0.490171581,0.098736583,0.461885828,0.259200747,0.634920635,0.591933571,0.490171581,0.455429498,[0.62009724],1008,0.190315251,0.453201669,0.583625731,0.226403841,0.384656942,0.613427103,0.613427103,0.342896486,-2514182.925,-0.098312956,0.666780128,0.596668756,0.634811558,,,,,,,,0.490171581,0.490171581,0.461885828
a37f31d9-0dd9-409e-bc07-9ba99eabbf52,LogisticRegressionCV,BASE_LINE,FAIR_PCA,ROS,0.604538088,0.599051008,0.485683414,0.599051008,0.609126984,0.561735261,843,0.395461912,0.045257029,1.124234982,0.438264739,-0.257425743,0.613861386,0.400948992,-0.577128103,0.352490421,0.355042017,0.082,1.25,0.390873016,0.406013715,4.816528926,0.185857365,0.400948992,0.390873016,0.609126984,0.599051008,0.644957983,338,394,338,394,614,952,899,614,505,0.561735261,0.491570909,0.491570909,0.107985862,0.005830473,0.006212355,0.793660066,0.314948151,0.484389222,0.609684123,1.247692033,5.622266402,0.577128103,0.577128103,0.169712871,0.495242829,0.256613154,0.609126984,0.599051008,0.577128103,0.455429498,[0.62009724],1008,0.190315251,0.453201669,0.579793341,0.20743429,0.395461912,0.604088996,0.604088996,0.307136419,-2598365.275,-0.171114387,0.580671234,0.594269471,0.586422093,,,,,,,,0.577128103,0.577128103,0.495242829
a37f31d9-0dd9-409e-bc07-9ba99eabbf52,AdaBoostClassifier,BASE_LINE,FAIR_PCA,ROS,0.60345759,0.575326216,0.465153971,0.575326216,0.626984127,0.56329849,843,0.39654241,0.059542744,1.170122124,0.43670151,-0.191666667,0.680555556,0.424673784,-0.549641846,0.367911877,0.361616162,0.091330049,1.285406404,0.373015873,0.410453666,5.286960514,0.194424191,0.424673784,0.373015873,0.626984127,0.575326216,0.638383838,358,376,358,376,632,990,861,632,485,0.56329849,0.480047756,0.480047756,0.115946455,0.00672179,0.007175947,0.793390818,0.314734495,0.48423938,0.623577085,1.237749946,5.566600398,0.549641846,0.549641846,0.141498358,0.489278614,0.269213185,0.626984127,0.575326216,0.549641846,0.455429498,[0.62009724],1008,0.190315251,0.453201669,0.569248826,0.201996092,0.39654241,0.601155171,0.601155171,0.31257198,-2377646.182,-0.139188179,0.608035106,0.582302359,0.596733473,,,,,,,,0.549641846,0.549641846,0.489278614
a37f31d9-0dd9-409e-bc07-9ba99eabbf52,SVC,BASE_LINE,FAIR_PCA,ROS,0.584548892,0.684460261,0.583468395,0.684460261,0.500992063,0.534259259,843,0.415451108,-0.064683329,0.860682061,0.465740741,-0.276908951,0.5965041,0.315539739,-0.401216059,0.384802043,0.345006485,0.043735302,1.129748062,0.499007937,0.18757693,1.50377804,0.156803932,0.315539739,0.499007937,0.500992063,0.684460261,0.654993515,266,503,266,503,505,771,1080,505,577,0.534259259,0.294396494,0.294396494,0.033728353,0.000568801,0.000572212,0.785266802,0.308321975,0.479911507,0.560007021,0.164913868,1.806416404,0.401216059,0.401216059,0.160322126,0.293765976,0.213478206,0.500992063,0.684460261,0.401216059,0.455429498,[0.62009724],1008,0.190315251,0.453201669,0.600104004,0.187342913,0.415451108,0.592726162,0.592726162,0.418229658,-2444228.345,-0.213639129,0.753345837,0.62007763,0.689808066,,,,,,,,0.401216059,0.401216059,0.293765976
a37f31d9-0dd9-409e-bc07-9ba99eabbf52,RidgeClassifierCV,BASE_LINE,FAIR_PCA,ROS,0.604538088,0.609727165,0.495407888,0.609727165,0.600198413,0.560523446,843,0.395461912,0.040102244,1.107967579,0.439476554,-0.300272975,0.579617834,0.390272835,-0.618024321,0.32311622,0.352248394,0.074074074,1.222222222,0.399801587,0.430807104,5.049586777,0.182082105,0.390272835,0.399801587,0.600198413,0.609727165,0.647751606,329,403,329,403,605,934,917,605,514,0.560523446,0.524415713,0.524415713,0.118187133,0.006984099,0.007482418,0.795126979,0.316113456,0.485211949,0.603460197,1.350014707,6.242544732,0.618024321,0.618024321,0.187173525,0.524254473,0.251021691,0.600198413,0.609727165,0.618024321,0.455429498,[0.62009724],1008,0.190315251,0.453201669,0.584090909,0.209098686,0.395461912,0.604962789,0.604962789,0.287710797,-2532301.562,-0.187217217,0.533469147,0.599245481,0.559803568,,,,,,,,0.618024321,0.618024321,0.524254473
a37f31d9-0dd9-409e-bc07-9ba99eabbf52,XGBClassifier,BASE_LINE,FAIR_PCA,ROS,0.608860076,0.589561091,0.47271745,0.589561091,0.625,0.568,843,0.391139924,0.069852315,1.208070725,0.432,-0.120419693,0.770107858,0.410438909,-0.456938198,0.416134525,0.354508197,0.106132838,1.350827991,0.375,0.374714261,4.202103681,0.188834949,0.410438909,0.375,0.625,0.589561091,0.645491803,346,378,346,378,630,976,875,630,497,0.568,0.415826229,0.415826229,0.101694233,0.005170858,0.00548522,0.790527694,0.312467018,0.482669284,0.614548531,0.893744029,3.909874089,0.456938198,0.456938198,0.113276266,0.436481113,0.261149358,0.625,0.589561091,0.456938198,0.455429498,[0.62009724],1008,0.190315251,0.453201669,0.578579744,0.21402578,0.391139924,0.607280546,0.607280546,0.354757366,-2710289.9,-0.082223937,0.700139372,0.592070895,0.649344085,,,,,,,,0.456938198,0.456938198,0.436481113
a37f31d9-0dd9-409e-bc07-9ba99eabbf52,LogisticRegressionCV,BASE_LINE,FAIR_PCA,HYPERPARAMETER_ROS,0.601836845,0.591933571,0.481901675,0.591933571,0.610119048,0.55941704,843,0.398163155,0.048239137,1.132421159,0.44058296,-0.281325995,0.593640229,0.408066429,-0.591204398,0.352490421,0.358706986,0.084106153,1.254320988,0.389880952,0.414585898,5.330119376,0.188613019,0.408066429,0.389880952,0.610119048,0.591933571,0.641293014,344,393,344,393,615,959,892,615,499,0.55941704,0.502895148,0.502895148,0.109562899,0.006002014,0.00640647,0.794350718,0.315496532,0.484775247,0.614187299,1.377564179,6.43370546,0.591204398,0.591204398,0.182716074,0.504558364,0.260616192,0.610119048,0.591933571,0.591204398,0.455429498,[0.62009724],1008,0.190315251,0.453201669,0.575216138,0.201380217,0.398163155,0.601026309,0.601026309,0.298773095,-2635059.573,-0.1766185,0.566070858,0.589456324,0.575862061,,,,,,,,0.591204398,0.591204398,0.504558364
a37f31d9-0dd9-409e-bc07-9ba99eabbf52,AdaBoostClassifier,BASE_LINE,FAIR_PCA,HYPERPARAMETER_ROS,0.615343058,0.582443654,0.459751486,0.582443654,0.642857143,0.576968273,843,0.384656942,0.071030957,1.216181174,0.423031727,-0.101351351,0.797297297,0.417556346,-0.551557555,0.365708812,0.352,0.088466184,1.283091787,0.357142857,0.423773519,7.639118457,0.190667445,0.417556346,0.357142857,0.642857143,0.582443654,0.648,352,360,352,360,648,1000,851,648,491,0.576968273,0.487665537,0.487665537,0.12280629,0.007540692,0.008100853,0.79440398,0.315538841,0.484805115,0.61752319,1.439449557,6.865473824,0.551557555,0.551557555,0.094908767,0.502754899,0.264146695,0.642857143,0.582443654,0.551557555,0.455429498,[0.62009724],1008,0.190315251,0.453201669,0.579693034,0.225134473,0.384656942,0.612650398,0.612650398,0.313881913,-2375620.982,-0.127784036,0.604538438,0.592058724,0.599126144,,,,,,,,0.551557555,0.551557555,0.502754899
a37f31d9-0dd9-409e-bc07-9ba99eabbf52,GradientBoostingClassifier,BASE_LINE,FAIR_PCA,RUS,0.613722312,0.629893238,0.504592112,0.629893238,0.600198413,0.568522484,843,0.386277688,0.060096563,1.182902584,0.431477516,-0.100614439,0.798771121,0.370106762,-0.553389972,0.312001657,0.340239913,0.065735396,1.216749144,0.399801587,0.441445402,5.610651974,0.1743645,0.370106762,0.399801587,0.600198413,0.629893238,0.659760087,312,403,312,403,605,917,934,605,531,0.568522484,0.497417687,0.497417687,0.132898127,0.008830956,0.009551479,0.794319746,0.315471929,0.484757885,0.590532811,1.200176117,5.033134526,0.553389972,0.553389972,0.083174918,0.518545868,0.239688728,0.600198413,0.629893238,0.553389972,0.455429498,[0.62009724],1008,0.190315251,0.453201669,0.597636466,0.229185326,0.386277688,0.615045826,0.615045826,0.309111154,-2518597.613,-0.11194457,0.592250036,0.613468074,0.601161054,,,,,,,,0.553389972,0.553389972,0.518545868
a37f31d9-0dd9-409e-bc07-9ba99eabbf52,LogisticRegressionCV,BASE_LINE,FAIR_PCA,RUS,0.616423555,0.62514828,0.497568882,0.62514828,0.609126984,0.572204126,843,0.383576445,0.04860835,1.138881,0.427795874,-0.231042823,0.636932707,0.37485172,-0.641012827,0.297938332,0.339784946,0.061339586,1.188400156,0.390873016,0.460655882,7.185950413,0.175774199,0.37485172,0.390873016,0.609126984,0.62514828,0.660215054,316,394,316,394,614,930,921,614,527,0.572204126,0.550834354,0.550834354,0.132152814,0.008732183,0.009436928,0.797134969,0.31771208,0.4863552,0.592915169,1.599166914,8.084221941,0.641012827,0.641012827,0.146191204,0.556617438,0.241876181,0.609126984,0.62514828,0.641012827,0.455429498,[0.62009724],1008,0.190315251,0.453201669,0.597505669,0.233345376,0.383576445,0.617137632,0.617137632,0.277197023,-2543691.258,-0.180356945,0.50312465,0.612806935,0.544924254,,,,,,,,0.641012827,0.641012827,0.556617438
a37f31d9-0dd9-409e-bc07-9ba99eabbf52,AdaBoostClassifier,BASE_LINE,FAIR_PCA,RUS,0.610480821,0.578884935,0.461372231,0.578884935,0.636904762,0.571428571,843,0.389519179,0.070036921,1.213155848,0.428571429,-0.101001669,0.797996661,0.421115065,-0.55922039,0.356896552,0.356068205,0.085534398,1.273710074,0.363095238,0.429971866,7.736225895,0.192447803,0.421115065,0.363095238,0.636904762,0.578884935,0.643931795,355,366,355,366,642,997,854,642,488,0.571428571,0.494596128,0.494596128,0.126512422,0.008002696,0.008612249,0.79473173,0.315799262,0.484989222,0.620399553,1.451194659,6.946653413,0.55922039,0.55922039,0.093268034,0.50971315,0.266568805,0.636904762,0.578884935,0.55922039,0.455429498,[0.62009724],1008,0.190315251,0.453201669,0.575132587,0.215574925,0.389519179,0.607894848,0.607894848,0.30723241,-2378029.855,-0.129248524,0.595150285,0.587746471,0.591954504,,,,,,,,0.55922039,0.55922039,0.50971315
a37f31d9-0dd9-409e-bc07-9ba99eabbf52,SVC,BASE_LINE,FAIR_PCA,RUS,0.578606159,0.705812574,0.608860076,0.705812574,0.472222222,0.527950311,843,0.421393841,-0.060707185,0.869246062,0.472049689,-0.269847997,0.606792919,0.294187426,-0.428035982,0.343678161,0.342541436,0.037921348,1.1125,0.527777778,0.224767012,1.603659976,0.149523554,0.294187426,0.527777778,0.472222222,0.705812574,0.657458564,248,532,248,532,476,724,1127,476,595,0.527950311,0.326401497,0.326401497,0.035006629,0.000612732,0.000625524,0.785850492,0.308780498,0.480207418,0.546851997,0.26240349,1.893735625,0.428035982,0.428035982,0.153884673,0.325575121,0.20269667,0.472222222,0.705812574,0.428035982,0.455429498,[0.62009724],1008,0.190315251,0.453201669,0.604060914,0.181684427,0.421393841,0.589017398,0.589017398,0.396761238,-2445761.934,-0.20326897,0.726279032,0.624927063,0.679078585,,,,,,,,0.428035982,0.428035982,0.325575121
a37f31d9-0dd9-409e-bc07-9ba99eabbf52,RidgeClassifierCV,BASE_LINE,FAIR_PCA,RUS,0.613182064,0.62396204,0.499729876,0.62396204,0.604166667,0.568648649,843,0.386817936,0.049602386,1.141721102,0.431351351,-0.230703259,0.637466307,0.37603796,-0.637181409,0.302134647,0.342332613,0.063607794,1.195366795,0.395833333,0.458589766,7.158205431,0.176447997,0.37603796,0.395833333,0.604166667,0.62396204,0.657667387,317,399,317,399,609,926,925,609,526,0.568648649,0.547885588,0.547885588,0.131306589,0.00862071,0.009319019,0.796990329,0.317596792,0.486272202,0.594050498,1.594464711,8.046267847,0.637181409,0.637181409,0.147155526,0.553635331,0.242804644,0.604166667,0.62396204,0.637181409,0.455429498,[0.62009724],1008,0.190315251,0.453201669,0.595022624,0.227220564,0.386817936,0.614064353,0.614064353,0.277627344,-2519963.402,-0.178591643,0.507807631,0.610487322,0.547255276,,,,,,,,0.637181409,0.637181409,0.553635331
a37f31d9-0dd9-409e-bc07-9ba99eabbf52,XGBClassifier,BASE_LINE,FAIR_PCA,RUS,0.60345759,0.613285884,0.499729876,0.613285884,0.595238095,0.558918919,843,0.39654241,0.061530815,1.175802329,0.441081081,-0.175052014,0.702411576,0.386714116,-0.547059803,0.354749975,0.352051836,0.091780996,1.289463141,0.404761905,0.424608757,4.991322314,0.180906461,0.386714116,0.404761905,0.595238095,0.613285884,0.647948164,326,408,326,408,600,926,925,600,517,0.558918919,0.48583428,0.48583428,0.110250921,0.006077633,0.006481213,0.793483669,0.314808166,0.484291012,0.60150887,1.152370076,5.091802128,0.547059803,0.547059803,0.133416505,0.496861687,0.249259196,0.595238095,0.613285884,0.547059803,0.455429498,[0.62009724],1008,0.190315251,0.453201669,0.584841629,0.207693879,0.39654241,0.604261989,0.604261989,0.310690801,-2716830.732,-0.122451047,0.606105317,0.600295008,0.603601468,,,,,,,,0.547059803,0.547059803,0.496861687
a37f31d9-0dd9-409e-bc07-9ba99eabbf52,LogisticRegressionCV,BASE_LINE,FAIR_PCA,HYPERPARAMETER_RUS,0.61102107,0.635824437,0.51269584,0.635824437,0.590277778,0.564805058,843,0.38897893,0.057739279,1.168406229,0.435194942,-0.190288316,0.682852807,0.364175563,-0.658254206,0.279054917,0.340354767,0.06020838,1.18635927,0.409722222,0.494021452,8.739669421,0.172524295,0.364175563,0.409722222,0.590277778,0.635824437,0.659645233,307,413,307,413,595,902,949,595,536,0.564805058,0.576137829,0.576137829,0.13856979,0.009600793,0.010421612,0.798633256,0.318907539,0.487220797,0.587408368,1.720934044,9.170974155,0.658254206,0.658254206,0.125248348,0.583641011,0.236873167,0.590277778,0.635824437,0.658254206,0.455429498,[0.62009724],1008,0.190315251,0.453201669,0.598214286,0.225274738,0.38897893,0.613051107,0.613051107,0.259849173,-2516570.162,-0.164232754,0.478290605,0.614627173,0.528536271,,,,,,,,0.658254206,0.658254206,0.583641011
a37f31d9-0dd9-409e-bc07-9ba99eabbf52,AdaBoostClassifier,BASE_LINE,FAIR_PCA,HYPERPARAMETER_RUS,0.608319827,0.56346382,0.449486764,0.56346382,0.645833333,0.570913462,843,0.391680173,0.074013064,1.225257153,0.429086538,-0.100688468,0.798623064,0.43653618,-0.538147593,0.381130268,0.361138371,0.094558824,1.302588235,0.354166667,0.415509056,7.509641873,0.198170782,0.43653618,0.354166667,0.645833333,0.56346382,0.638861629,368,357,368,357,651,1019,832,651,475,0.570913462,0.476828324,0.476828324,0.124671602,0.007771504,0.00836427,0.793891697,0.315132013,0.48451842,0.629556641,1.420709656,6.737905898,0.538147593,0.538147593,0.097623646,0.491820506,0.274931705,0.645833333,0.56346382,0.538147593,0.455429498,[0.62009724],1008,0.190315251,0.453201669,0.567164179,0.209535986,0.391680173,0.604648577,0.604648577,0.316335009,-2375793.043,-0.122638537,0.62048111,0.578953104,0.601975652,,,,,,,,0.538147593,0.538147593,0.491820506
a37f31d9-0dd9-409e-bc07-9ba99eabbf52,GradientBoostingClassifier,PREPROCESSING,DEMV,DEMV,0.687736359,0.59430605,0.398163155,0.59430605,0.765873016,0.679782904,843,0.312263641,-0.004331156,0.986525293,0.320217096,-0.190591945,0.60610998,0.40569395,-0.316924871,0.514048531,0.307001795,0.064576467,1.234627832,0.234126984,0.137946193,1.86446281,0.173831414,0.40569395,0.234126984,0.765873016,0.59430605,0.692998205,342,236,342,236,772,1114,737,772,501,0.679782904,0.227435532,0.227435532,0.031173632,0.000485898,0.000487503,0.785034096,0.308139266,0.479794519,0.589629398,0.328301723,2.20419419,0.316924871,0.316924871,0.127584206,0.266642999,0.246458853,0.765873016,0.59430605,0.316924871,0.455429498,[0.66634252],1008,0.190315251,0.453201669,0.634177215,0.366425915,0.312263641,0.680089533,0.680089533,0.525413008,-2688351.392,-0.178978678,0.842955582,0.636466123,0.740056669,,,,,,,,0.316924871,0.316924871,0.266642999
a37f31d9-0dd9-409e-bc07-9ba99eabbf52,AdaBoostClassifier,PREPROCESSING,DEMV,DEMV,0.68017288,0.591933571,0.40356564,0.591933571,0.753968254,0.668005355,843,0.31982712,0.016912809,1.055064959,0.331994645,-0.164769976,0.639565678,0.408066429,-0.226803265,0.613594437,0.311594203,0.094917068,1.369121931,0.246031746,0.114911201,1.675103306,0.176390776,0.408066429,0.246031746,0.753968254,0.591933571,0.688405797,344,248,344,248,760,1104,747,760,499,0.668005355,0.170857233,0.170857233,0.02245792,0.000252179,0.000254159,0.784438844,0.30767215,0.47949866,0.593954167,0.169332379,1.876739563,0.226803265,0.226803265,0.129843522,0.219184891,0.249155183,0.753968254,0.591933571,0.226803265,0.455429498,[0.66634252],1008,0.190315251,0.453201669,0.627672956,0.351117171,0.31982712,0.672950912,0.672950912,0.557972381,-2377937.519,-0.111892064,0.909046345,0.631209579,0.76477697,,,,,,,,0.226803265,0.226803265,0.219184891
a37f31d9-0dd9-409e-bc07-9ba99eabbf52,XGBClassifier,PREPROCESSING,DEMV,DEMV,0.65099946,0.550415184,0.394921664,0.550415184,0.735119048,0.634746922,843,0.34900054,0.040585061,1.129134285,0.365253078,-0.147247764,0.687098501,0.449584816,-0.214059637,0.648330597,0.338392857,0.118038296,1.446859263,0.264880952,0.141770705,1.832902893,0.195627424,0.449584816,0.264880952,0.735119048,0.550415184,0.661607143,379,267,379,267,741,1120,731,741,464,0.634746922,0.177915171,0.177915171,0.008991706,4.04E-05,4.07E-05,0.7844562,0.307685765,0.479507192,0.625503675,0.187267353,1.911472342,0.214059637,0.214059637,0.13264303,0.221357569,0.275262604,0.735119048,0.550415184,0.214059637,0.455429498,[0.66634252],1008,0.190315251,0.453201669,0.589580686,0.290893847,0.34900054,0.642767116,0.642767116,0.528409094,-2994479.914,-0.072288932,0.919082629,0.594173461,0.74458608,20.81040335,224.2,0,182990.8934,0,762462.056,65.86824983,0.214059637,0.214059637,0.221357569
a37f31d9-0dd9-409e-bc07-9ba99eabbf52,AdaBoostClassifier,PREPROCESSING,DEMV,HYPERPARAMETER,0.687736359,0.609727165,0.412209616,0.609727165,0.75297619,0.673656619,843,0.312263641,0.019270094,1.06580032,0.326343381,-0.132242424,0.688285714,0.390272835,-0.265117441,0.548318433,0.302389706,0.079679362,1.315766359,0.24702381,0.152716722,2.025383707,0.169535789,0.390272835,0.24702381,0.75297619,0.609727165,0.697610294,329,249,329,249,759,1088,763,759,514,0.673656619,0.208917082,0.208917082,0.02698076,0.000363981,0.000366448,0.784928013,0.308055993,0.479741402,0.58229853,0.284889489,2.108560757,0.265117441,0.265117441,0.105960893,0.261303607,0.239092627,0.75297619,0.609727165,0.265117441,0.455429498,[0.66634252],1008,0.190315251,0.453201669,0.640099626,0.366960154,0.312263641,0.681351678,0.681351678,0.539005673,-2375498.539,-0.112400719,0.879214294,0.644277288,0.760382197,,,,,,,,0.265117441,0.265117441,0.261303607
a37f31d9-0dd9-409e-bc07-9ba99eabbf52,GradientBoostingClassifier,PREPROCESSING,FOS,FOS,0.686115613,0.589561091,0.395461912,0.589561091,0.766865079,0.678961749,843,0.313884387,0.034365237,1.12027833,0.321038251,-0.060486757,0.833661417,0.410438909,-0.373813093,0.462643678,0.309204647,0.066162957,1.243975904,0.233134921,0.233075435,3.738636364,0.175569758,0.410438909,0.233134921,0.766865079,0.589561091,0.690795353,346,235,346,235,773,1119,732,773,497,0.678961749,0.303444264,0.303444264,0.057330554,0.001643396,0.001664538,0.787261376,0.309890237,0.480934618,0.592570263,0.698777235,3.213446593,0.373813093,0.373813093,0.063324857,0.347827322,0.249070331,0.766865079,0.589561091,0.373813093,0.455429498,[0.66634252],1008,0.190315251,0.453201669,0.631111111,0.36303045,0.313884387,0.678213085,0.678213085,0.472413215,-2725242.281,-0.140737658,0.793892877,0.633156584,0.715993317,,,,,,,,0.373813093,0.373813093,0.347827322
a37f31d9-0dd9-409e-bc07-9ba99eabbf52,LogisticRegressionCV,PREPROCESSING,FOS,FOS,0.673149649,0.533807829,0.357644516,0.533807829,0.78968254,0.679758308,843,0.326850351,0.020888952,1.068010541,0.320241692,-0.104255319,0.739361702,0.466192171,-0.438447443,0.454903179,0.330529857,0.060343284,1.203862445,0.21031746,0.223360295,4.499311295,0.194896554,0.466192171,0.21031746,0.78968254,0.533807829,0.669470143,393,212,393,212,796,1189,662,796,450,0.679758308,0.330903869,0.330903869,0.060290696,0.001817484,0.001846787,0.78802503,0.310491724,0.481334232,0.624334132,0.993783264,4.360503645,0.438447443,0.438447443,0.082299301,0.360053962,0.278887081,0.78968254,0.533807829,0.438447443,0.455429498,[0.66634252],1008,0.190315251,0.453201669,0.598006645,0.336113136,0.326850351,0.661745184,0.661745184,0.442771142,-2708192.307,-0.215087148,0.747172304,0.596289964,0.674073332,26.08921027,159.5,0,182695.7522,0,761232.301,65.76201267,0.438447443,0.438447443,0.360053962
a37f31d9-0dd9-409e-bc07-9ba99eabbf52,AdaBoostClassifier,PREPROCESSING,FOS,FOS,0.668287412,0.606168446,0.428417072,0.606168446,0.720238095,0.644388398,843,0.331712588,0.032817381,1.106847288,0.355611602,-0.108539326,0.753319714,0.393831554,-0.37956022,0.454382184,0.313799622,0.071315402,1.256289725,0.279761905,0.248681203,3.125093914,0.174807876,0.393831554,0.279761905,0.720238095,0.606168446,0.686200378,332,282,332,282,726,1058,793,726,511,0.644388398,0.314120711,0.314120711,0.055497118,0.001539965,0.001577597,0.787271998,0.309898599,0.48094015,0.59128314,0.623480607,2.972564612,0.37956022,0.37956022,0.089927364,0.352243681,0.244449492,0.720238095,0.606168446,0.37956022,0.455429498,[0.66634252],1008,0.190315251,0.453201669,0.624694377,0.328491003,0.331712588,0.663203271,0.663203271,0.454877388,-2377203.875,-0.130879017,0.783742024,0.631997875,0.710618661,,,,,,,,0.37956022,0.37956022,0.352243681
a37f31d9-0dd9-409e-bc07-9ba99eabbf52,SVC,PREPROCESSING,FOS,FOS,0.6726094,0.501779359,0.329011345,0.501779359,0.81547619,0.694581281,843,0.3273906,0.033996024,1.11332008,0.305418719,-0.067550097,0.810859729,0.498220641,-0.405880393,0.495391944,0.338164251,0.075143533,1.255894192,0.18452381,0.211271321,4.971900826,0.204030001,0.498220641,0.18452381,0.81547619,0.501779359,0.661835749,420,186,420,186,822,1242,609,822,423,0.694581281,0.308575857,0.308575857,0.06252816,0.001954885,0.001978052,0.787343631,0.309954996,0.480977472,0.638795744,0.999119144,4.393638171,0.405880393,0.405880393,0.071346815,0.339363817,0.294615884,0.81547619,0.501779359,0.405880393,0.455429498,[0.66634252],1008,0.190315251,0.453201669,0.582644628,0.336266681,0.3273906,0.658627775,0.658627775,0.455391145,-2739604.299,-0.194609073,0.78314365,0.57737089,0.679375081,35.48035145,169.7,0,183020.5299,0,762585.5412,65.87891759,0.405880393,0.405880393,0.339363817
a37f31d9-0dd9-409e-bc07-9ba99eabbf52,RidgeClassifierCV,PREPROCESSING,FOS,FOS,0.665045921,0.525504152,0.358184765,0.525504152,0.781746032,0.668174962,843,0.334954079,0.012567452,1.039098741,0.331825038,-0.156916613,0.660014006,0.474495848,-0.481925704,0.431574811,0.336700337,0.053290744,1.173536526,0.218253968,0.23575699,4.693526171,0.199699811,0.474495848,0.218253968,0.781746032,0.525504152,0.663299663,400,220,400,220,788,1188,663,788,443,0.668174962,0.358841347,0.358841347,0.077865586,0.003031525,0.003130514,0.788920499,0.311197777,0.481807622,0.631980713,1.144605366,5.095580364,0.481925704,0.481925704,0.105103679,0.380303891,0.284820097,0.781746032,0.525504152,0.481925704,0.455429498,[0.66634252],1008,0.190315251,0.453201669,0.588313413,0.319132636,0.334954079,0.653625092,0.653625092,0.419077384,-2734424.744,-0.246168714,0.705418499,0.587502141,0.649546043,,,,,,,,0.481925704,0.481925704,0.380303891
a37f31d9-0dd9-409e-bc07-9ba99eabbf52,XGBClassifier,PREPROCESSING,FOS,FOS,0.671528903,0.559905101,0.383036197,0.559905101,0.764880952,0.665726375,843,0.328471097,0.038966203,1.129887343,0.334273625,-0.107394642,0.746158119,0.440094899,-0.317591204,0.528735632,0.324868651,0.089235224,1.32815534,0.235119048,0.203226657,2.736664162,0.187825401,0.440094899,0.235119048,0.764880952,0.559905101,0.675131349,371,237,371,237,771,1142,709,771,472,0.665726375,0.260408931,0.260408931,0.050856784,0.001293206,0.001302853,0.785852986,0.308782458,0.480208689,0.612903584,0.501144535,2.628077688,0.317591204,0.317591204,0.098314933,0.302357285,0.266499673,0.764880952,0.559905101,0.317591204,0.455429498,[0.66634252],1008,0.190315251,0.453201669,0.608247423,0.332724863,0.328471097,0.662393027,0.662393027,0.489899967,-3017012.421,-0.114364547,0.843046048,0.609852295,0.724343502,23.66341472,181.5,0,183256.9227,0,763570.5113,65.96400806,0.317591204,0.317591204,0.302357285
a37f31d9-0dd9-409e-bc07-9ba99eabbf52,LogisticRegressionCV,PREPROCESSING,FOS,HYPERPARAMETER,0.676931388,0.534994069,0.354943274,0.534994069,0.795634921,0.686453577,843,0.323068612,0.016912809,1.055064959,0.313546423,-0.110300429,0.724248927,0.465005931,-0.438447443,0.454903179,0.328308208,0.057703704,1.194944945,0.204365079,0.215095833,4.369834711,0.193400969,0.465005931,0.204365079,0.795634921,0.534994069,0.671691792,392,206,392,206,802,1194,657,802,451,0.686453577,0.326771638,0.326771638,0.059248552,0.001755195,0.001783895,0.787881182,0.310378378,0.48125866,0.62193403,0.985245325,4.323392975,0.438447443,0.438447443,0.084002066,0.356077819,0.277418411,0.795634921,0.534994069,0.438447443,0.455429498,[0.66634252],1008,0.190315251,0.453201669,0.601333333,0.344112251,0.323068612,0.665314495,0.665314495,0.447908588,-2716305.665,-0.22335161,0.748245793,0.598873475,0.675986114,13.54572916,183.6,0,183387.9998,0,764116.6657,66.01118973,0.438447443,0.438447443,0.356077819
a37f31d9-0dd9-409e-bc07-9ba99eabbf52,AdaBoostClassifier,PREPROCESSING,FOS,HYPERPARAMETER,0.682874122,0.601423488,0.409508374,0.601423488,0.750992063,0.668865435,843,0.317125878,-0.009301335,0.971062514,0.331134565,-0.176190476,0.63,0.398576512,-0.458187573,0.397810619,0.307410796,0.030985234,1.105349794,0.249007937,0.215931071,3.029752066,0.173035659,0.398576512,0.249007937,0.750992063,0.601423488,0.692589204,336,251,336,251,757,1093,758,757,507,0.668865435,0.337059322,0.337059322,0.059379055,0.001762936,0.001803186,0.787939135,0.31042404,0.48128909,0.588278266,0.767564282,3.445990722,0.458187573,0.458187573,0.103587855,0.366898608,0.244041709,0.750992063,0.601423488,0.458187573,0.455429498,[0.66634252],1008,0.190315251,0.453201669,0.633354154,0.356906481,0.317125878,0.676207776,0.676207776,0.448285641,-2375243.129,-0.242256502,0.719290886,0.637481883,0.681792818,,,,,,,,0.458187573,0.458187573,0.366898608
a37f31d9-0dd9-409e-bc07-9ba99eabbf52,GradientBoostingClassifier,PREPROCESSING,FAIR_SMOTE,FAIR_SMOTE,0.66558617,0.673784104,0.492706645,0.673784104,0.658730159,0.622807018,843,0.33441383,0.015734166,1.050063257,0.377192982,-0.142203283,0.702050265,0.326215896,-0.233716475,0.53256705,0.29286475,0.083672481,1.349241658,0.341269841,0.175356075,1.784927194,0.154759115,0.326215896,0.341269841,0.658730159,0.673784104,0.70713525,275,344,275,344,664,939,912,664,568,0.622807018,0.204536275,0.204536275,0.020428782,0.000208668,0.000210291,0.784802762,0.307957687,0.479678879,0.556343625,0.142313479,1.821796494,0.233716475,0.233716475,0.112937882,0.258278898,0.211778587,0.658730159,0.673784104,0.233716475,0.455429498,[0.66634252],1008,0.190315251,0.453201669,0.647293447,0.331225769,0.33441383,0.666257132,0.666257132,0.52998338,-2800882.881,-0.0583604,0.887483828,0.662034724,0.774455472,,,,,,,,0.233716475,0.233716475,0.258278898
a37f31d9-0dd9-409e-bc07-9ba99eabbf52,LogisticRegressionCV,PREPROCESSING,FAIR_SMOTE,FAIR_SMOTE,0.652079957,0.512455516,0.359265262,0.512455516,0.768849206,0.64962406,843,0.347920043,0.022138597,1.065944757,0.35037594,-0.212893553,0.588405797,0.487544484,-0.247376312,0.644396552,0.346543002,0.106981982,1.37109375,0.231150794,0.10075611,1.631404959,0.20728643,0.487544484,0.231150794,0.768849206,0.512455516,0.653456998,411,233,411,233,775,1186,665,775,432,0.64962406,0.174066211,0.174066211,0.053922694,0.001453828,0.001455741,0.784363731,0.307613231,0.479461847,0.643873326,0.299423001,1.986700487,0.247376312,0.247376312,0.159937768,0.204387958,0.294177896,0.768849206,0.512455516,0.247376312,0.455429498,[0.66634252],1008,0.190315251,0.453201669,0.572944297,0.291989954,0.347920043,0.640652361,0.640652361,0.529136432,-3805110.121,-0.146620201,0.905466645,0.573579382,0.725544599,73.95608616,185.2,0,185912.6851,0,774636.188,66.91995958,0.247376312,0.247376312,0.204387958
a37f31d9-0dd9-409e-bc07-9ba99eabbf52,AdaBoostClassifier,PREPROCESSING,FAIR_SMOTE,FAIR_SMOTE,0.647757969,0.564650059,0.411129119,0.564650059,0.717261905,0.625492773,843,0.352242031,0.030460097,1.094764745,0.374507227,-0.178417342,0.634669252,0.435349941,-0.106030318,0.796775223,0.336697248,0.137329093,1.555038416,0.282738095,0.059653596,1.267020858,0.191752885,0.435349941,0.282738095,0.717261905,0.564650059,0.663302752,367,285,367,285,723,1090,761,723,476,0.625492773,0.082841957,0.082841957,0.05084209,0.001292459,0.00127518,0.78476919,0.307931341,0.479655515,0.619278427,-0.099493145,1.430486846,0.106030318,0.106030318,0.157873217,0.13222096,0.26865469,0.717261905,0.564650059,0.106030318,0.455429498,[0.66634252],1008,0.190315251,0.453201669,0.593516209,0.285332987,0.352242031,0.640955982,0.640955982,0.587857934,-2383007.828,-0.046376722,0.978319912,0.600039742,0.770220124,,,,,,,,0.106030318,0.106030318,0.13222096
a37f31d9-0dd9-409e-bc07-9ba99eabbf52,SVC,PREPROCESSING,FAIR_SMOTE,FAIR_SMOTE,0.662344679,0.778173191,0.591031875,0.778173191,0.56547619,0.599634369,843,0.337655321,-0.101349049,0.759510732,0.400365631,-0.266991342,0.568102241,0.221826809,-0.378727303,0.303141762,0.247027741,-0.036632617,0.875449102,0.43452381,0.125901178,1.348079728,0.1237861,0.221826809,0.43452381,0.56547619,0.778173191,0.752972259,187,438,187,438,570,757,1094,570,656,0.599634369,0.252314241,0.252314241,0.019913153,0.000198267,0.000201364,0.784948558,0.308072119,0.479751678,0.497566277,0.14864883,1.700343394,0.378727303,0.378727303,0.115179362,0.275134905,0.161703046,0.56547619,0.778173191,0.378727303,0.455429498,[0.66634252],1008,0.190315251,0.453201669,0.677336087,0.348099195,0.337655321,0.671824691,0.671824691,0.502313754,-2830898.72,-0.252826125,0.771176235,0.702375293,0.740106154,95.17818213,195.4,0,186366.0361,0,776525.1503,67.08314493,0.378727303,0.378727303,0.275134905
a37f31d9-0dd9-409e-bc07-9ba99eabbf52,RidgeClassifierCV,PREPROCESSING,FAIR_SMOTE,FAIR_SMOTE,0.646677472,0.485172005,0.339816316,0.485172005,0.781746032,0.650238474,843,0.353322528,0.032263561,1.098193448,0.349761526,-0.203324808,0.593350384,0.514827995,-0.244211228,0.659584349,0.355155483,0.112152332,1.387435329,0.218253968,0.101371549,1.732994278,0.217324329,0.514827995,0.218253968,0.781746032,0.485172005,0.644844517,434,220,434,220,788,1222,629,788,409,0.650238474,0.172791388,0.172791388,0.054831356,0.001503239,0.001495941,0.784359578,0.307609974,0.479459819,0.659278893,0.291728297,2.092827649,0.244211228,0.244211228,0.15773857,0.202953706,0.309167858,0.781746032,0.485172005,0.244211228,0.455429498,[0.66634252],1008,0.190315251,0.453201669,0.555706522,0.280647417,0.353322528,0.633459018,0.633459018,0.524002755,-2961454.004,-0.142839679,0.913513829,0.554836158,0.715329634,,,,,,,,0.244211228,0.244211228,0.202953706
a37f31d9-0dd9-409e-bc07-9ba99eabbf52,XGBClassifier,PREPROCESSING,FAIR_SMOTE,FAIR_SMOTE,0.63641275,0.485172005,0.350081037,0.485172005,0.762896825,0.63117284,843,0.36358725,0.070590741,1.22983032,0.36882716,-0.170768983,0.628326331,0.514827995,-0.023071797,0.959180666,0.360764755,0.169960875,1.673306544,0.237103175,0.019562159,1.108167234,0.220195118,0.514827995,0.237103175,0.762896825,0.485172005,0.639235245,434,239,434,239,769,1203,648,769,409,0.63117284,0.021316978,0.021316978,0.099248083,0.004925091,0.004886856,0.786665026,0.309420932,0.480542038,0.663619045,-0.033477649,1.263768739,0.023071797,0.023071797,0.170364929,0.06971031,0.31139607,0.762896825,0.485172005,0.023071797,0.455429498,[0.66634252],1008,0.190315251,0.453201669,0.548625084,0.258997717,0.36358725,0.624034415,0.624034415,0.610731887,-3650363.805,-0.003509638,1.022115684,0.549936994,0.747175006,70.80391812,207.5,0,186608.8859,0,777537.0247,67.17055964,0.023071797,0.023071797,0.06971031
a37f31d9-0dd9-409e-bc07-9ba99eabbf52,LogisticRegressionCV,PREPROCESSING,FAIR_SMOTE,HYPERPARAMETER,0.654240951,0.502965599,0.348460292,0.502965599,0.780753968,0.657364341,843,0.345759049,0.026299347,1.08004149,0.342635659,-0.208860759,0.582278481,0.497034401,-0.210311511,0.687924855,0.347429519,0.114253831,1.405416821,0.219246032,0.078028838,1.488980716,0.209601857,0.497034401,0.219246032,0.780753968,0.502965599,0.652570481,419,221,419,221,787,1206,645,787,424,0.657364341,0.144170174,0.144170174,0.058035002,0.001684031,0.001673809,0.78435679,0.307607787,0.479458389,0.64745943,0.276892266,1.832339298,0.210311511,0.210311511,0.161557295,0.178358421,0.298476655,0.780753968,0.502965599,0.210311511,0.455429498,[0.66634252],1008,0.190315251,0.453201669,0.569892473,0.296537643,0.345759049,0.641859784,0.641859784,0.549322747,-3654701.043,-0.132282673,0.931213497,0.569107331,0.731690712,14.69796395,185.8,0,185505.0237,0,772937.5988,66.77322034,0.210311511,0.210311511,0.178358421
a37f31d9-0dd9-409e-bc07-9ba99eabbf52,AdaBoostClassifier,PREPROCESSING,FAIR_SMOTE,HYPERPARAMETER,0.648838466,0.674970344,0.510534846,0.674970344,0.626984127,0.602116402,843,0.351161534,0.035614882,1.11332008,0.397883598,-0.117075359,0.754699248,0.325029656,-0.245210728,0.509578544,0.302428256,0.094587521,1.394800087,0.373015873,0.229075084,2.025383707,0.156355617,0.325029656,0.373015873,0.626984127,0.674970344,0.697571744,274,376,274,376,632,906,945,632,569,0.602116402,0.237142906,0.237142906,0.032938771,0.000542481,0.000545585,0.785289781,0.30834002,0.479923092,0.559205895,0.196335052,1.92300741,0.245210728,0.245210728,0.10583144,0.290088043,0.213254763,0.626984127,0.674970344,0.245210728,0.455429498,[0.66634252],1008,0.190315251,0.453201669,0.636465324,0.300819174,0.351161534,0.650977235,0.650977235,0.496602602,-2378850.5,-0.016135644,0.873669494,0.653034253,0.763164858,,,,,,,,0.245210728,0.245210728,0.290088043
a37f31d9-0dd9-409e-bc07-9ba99eabbf52,GradientBoostingClassifier,PREPROCESSING,BAL_GAN_FAIR,BAL_GAN_FAIR,0.686115613,0.589561091,0.395461912,0.589561091,0.766865079,0.678961749,843,0.313884387,0.034365237,1.12027833,0.321038251,-0.060486757,0.833661417,0.410438909,-0.373813093,0.462643678,0.309204647,0.066162957,1.243975904,0.233134921,0.233075435,3.738636364,0.175569758,0.410438909,0.233134921,0.766865079,0.589561091,0.690795353,346,235,346,235,773,1119,732,773,497,0.678961749,0.303444264,0.303444264,0.057330554,0.001643396,0.001664538,0.787261376,0.309890237,0.480934618,0.592570263,0.698777235,3.213446593,0.373813093,0.373813093,0.063324857,0.347827322,0.249070331,0.766865079,0.589561091,0.373813093,0.455429498,[0.66634252],1008,0.190315251,0.453201669,0.631111111,0.36303045,0.313884387,0.678213085,0.678213085,0.472413215,-2725142.754,-0.140737658,0.793892877,0.633156584,0.715993317,,,,,,,,0.373813093,0.373813093,0.347827322
a37f31d9-0dd9-409e-bc07-9ba99eabbf52,AdaBoostClassifier,PREPROCESSING,BAL_GAN_FAIR,BAL_GAN_FAIR,0.668287412,0.606168446,0.428417072,0.606168446,0.720238095,0.644388398,843,0.331712588,0.032817381,1.106847288,0.355611602,-0.108539326,0.753319714,0.393831554,-0.37956022,0.454382184,0.313799622,0.071315402,1.256289725,0.279761905,0.248681203,3.125093914,0.174807876,0.393831554,0.279761905,0.720238095,0.606168446,0.686200378,332,282,332,282,726,1058,793,726,511,0.644388398,0.314120711,0.314120711,0.055497118,0.001539965,0.001577597,0.787271998,0.309898599,0.48094015,0.59128314,0.623480607,2.972564612,0.37956022,0.37956022,0.089927364,0.352243681,0.244449492,0.720238095,0.606168446,0.37956022,0.455429498,[0.66634252],1008,0.190315251,0.453201669,0.624694377,0.328491003,0.331712588,0.663203271,0.663203271,0.454877388,-2377203.875,-0.130879017,0.783742024,0.631997875,0.710618661,,,,,,,,0.37956022,0.37956022,0.352243681
a37f31d9-0dd9-409e-bc07-9ba99eabbf52,XGBClassifier,PREPROCESSING,BAL_GAN_FAIR,BAL_GAN_FAIR,0.671528903,0.559905101,0.383036197,0.559905101,0.764880952,0.665726375,843,0.328471097,0.038966203,1.129887343,0.334273625,-0.107394642,0.746158119,0.440094899,-0.317591204,0.528735632,0.324868651,0.089235224,1.32815534,0.235119048,0.203226657,2.736664162,0.187825401,0.440094899,0.235119048,0.764880952,0.559905101,0.675131349,371,237,371,237,771,1142,709,771,472,0.665726375,0.260408931,0.260408931,0.050856784,0.001293206,0.001302853,0.785852986,0.308782458,0.480208689,0.612903584,0.501144535,2.628077688,0.317591204,0.317591204,0.098314933,0.302357285,0.266499673,0.764880952,0.559905101,0.317591204,0.455429498,[0.66634252],1008,0.190315251,0.453201669,0.608247423,0.332724863,0.328471097,0.662393027,0.662393027,0.489899967,-3017012.421,-0.114364547,0.843046048,0.609852295,0.724343502,20.50640154,214.3,0,188781.8148,0,786590.8948,67.95271341,0.317591204,0.317591204,0.302357285
a37f31d9-0dd9-409e-bc07-9ba99eabbf52,AdaBoostClassifier,PREPROCESSING,BAL_GAN_FAIR,HYPERPARAMETER,0.682874122,0.601423488,0.409508374,0.601423488,0.750992063,0.668865435,843,0.317125878,-0.009301335,0.971062514,0.331134565,-0.176190476,0.63,0.398576512,-0.458187573,0.397810619,0.307410796,0.030985234,1.105349794,0.249007937,0.215931071,3.029752066,0.173035659,0.398576512,0.249007937,0.750992063,0.601423488,0.692589204,336,251,336,251,757,1093,758,757,507,0.668865435,0.337059322,0.337059322,0.059379055,0.001762936,0.001803186,0.787939135,0.31042404,0.48128909,0.588278266,0.767564282,3.445990722,0.458187573,0.458187573,0.103587855,0.366898608,0.244041709,0.750992063,0.601423488,0.458187573,0.455429498,[0.66634252],1008,0.190315251,0.453201669,0.633354154,0.356906481,0.317125878,0.676207776,0.676207776,0.448285641,-2375243.129,-0.242256502,0.719290886,0.637481883,0.681792818,,,,,,,,0.458187573,0.458187573,0.366898608
a37f31d9-0dd9-409e-bc07-9ba99eabbf52,GradientBoostingClassifier,PREPROCESSING,UNAWARENESS,UNAWARENESS,0.681793625,0.574139976,0.385737439,0.574139976,0.771825397,0.677871148,843,0.318206375,0.014924737,1.048592168,0.322128852,-0.141219512,0.679046563,0.425860024,-0.356571714,0.487428161,0.315743184,0.066097107,1.237536479,0.228174603,0.186697732,2.59541698,0.181027854,0.425860024,0.228174603,0.771825397,0.574139976,0.684256816,359,230,359,230,778,1137,714,778,484,0.677871148,0.271634723,0.271634723,0.048242912,0.001163689,0.00117132,0.786081044,0.308961704,0.480325166,0.601710652,0.541643337,2.738767396,0.356571714,0.356571714,0.10365831,0.310494178,0.257400895,0.771825397,0.574139976,0.356571714,0.455429498,[0.66634252],1008,0.190315251,0.453201669,0.621708414,0.353954427,0.318206375,0.672982687,0.672982687,0.490177221,-2723563.466,-0.169873982,0.812382109,0.622803824,0.718632897,,,,,,,,0.356571714,0.356571714,0.310494178
a37f31d9-0dd9-409e-bc07-9ba99eabbf52,LogisticRegressionCV,PREPROCESSING,UNAWARENESS,UNAWARENESS,0.668287412,0.512455516,0.343057807,0.512455516,0.798611111,0.680314961,843,0.331712588,0.006418631,1.019534964,0.319685039,-0.206013363,0.587973274,0.487544484,-0.389888389,0.501809281,0.337993421,0.068043088,1.226810293,0.201388889,0.166344294,2.563636364,0.202495028,0.487544484,0.201388889,0.798611111,0.512455516,0.662006579,411,203,411,203,805,1216,635,805,432,0.680314961,0.278116342,0.278116342,0.056950351,0.001621671,0.001642134,0.786028027,0.30892003,0.480298048,0.63638829,0.668538297,3.124254473,0.389888389,0.389888389,0.137028226,0.303464925,0.290485064,0.798611111,0.512455516,0.389888389,0.455429498,[0.66634252],1008,0.190315251,0.453201669,0.584573748,0.326320099,0.331712588,0.655533314,0.655533314,0.473218787,-2656212.482,-0.223544095,0.794621528,0.581575772,0.686796867,,,,,,,,0.389888389,0.389888389,0.303464925
a37f31d9-0dd9-409e-bc07-9ba99eabbf52,AdaBoostClassifier,PREPROCESSING,UNAWARENESS,UNAWARENESS,0.676931388,0.575326216,0.391680173,0.575326216,0.761904762,0.668965517,843,0.323068612,0.039150809,1.133685691,0.331034483,-0.095833333,0.760416667,0.424673784,-0.313759787,0.534420962,0.317939609,0.087849231,1.32589231,0.238095238,0.195269914,2.83553719,0.181962841,0.424673784,0.238095238,0.761904762,0.575326216,0.682060391,358,240,358,240,768,1126,725,768,485,0.668965517,0.25451485,0.25451485,0.032464438,0.00052697,0.000536581,0.78578368,0.308727996,0.480173383,0.603262532,0.516976105,2.671968191,0.313759787,0.313759787,0.091841282,0.298565748,0.257857393,0.761904762,0.575326216,0.313759787,0.455429498,[0.66634252],1008,0.190315251,0.453201669,0.618622449,0.344059312,0.323068612,0.668615489,0.668615489,0.498442918,-2377962.666,-0.118489873,0.848475495,0.620874578,0.733273652,,,,,,,,0.313759787,0.313759787,0.298565748
a37f31d9-0dd9-409e-bc07-9ba99eabbf52,SVC,PREPROCESSING,UNAWARENESS,UNAWARENESS,0.668287412,0.502965599,0.33441383,0.502965599,0.806547619,0.684975767,843,0.331712588,-0.014015905,0.959954558,0.315024233,-0.283410138,0.504032258,0.497034401,-0.396301849,0.507300404,0.340097403,0.061453253,1.197646948,0.193452381,0.130604888,2.023071625,0.205191738,0.497034401,0.193452381,0.806547619,0.502965599,0.659902597,419,195,419,195,813,1232,619,813,424,0.684975767,0.263453369,0.263453369,0.048948566,0.001197981,0.001211048,0.785463131,0.308476165,0.480010666,0.640611798,0.586970338,2.876076872,0.396301849,0.396301849,0.172431695,0.281411531,0.295139035,0.806547619,0.502965599,0.396301849,0.455429498,[0.66634252],1008,0.190315251,0.453201669,0.58002736,0.326717634,0.331712588,0.654756609,0.654756609,0.482258775,-2727423.036,-0.265696961,0.791730085,0.5759676,0.68220448,,,,,,,,0.396301849,0.396301849,0.281411531
a37f31d9-0dd9-409e-bc07-9ba99eabbf52,CalibratedClassifierCV,PREPROCESSING,UNAWARENESS,UNAWARENESS,0.669367909,0.521945433,0.350621286,0.521945433,0.79265873,0.677966102,843,0.330632091,0.031823346,1.103610893,0.322033898,-0.148045977,0.66353187,0.478054567,-0.285690488,0.589319923,0.335274542,0.096520216,1.346869527,0.20734127,0.145375418,2.242299023,0.199438457,0.478054567,0.20734127,0.79265873,0.521945433,0.664725458,403,209,403,209,799,1202,649,799,440,0.677966102,0.215532953,0.215532953,0.024518354,0.000300575,0.000302256,0.784879027,0.308017544,0.479716924,0.63156703,0.418643673,2.421471173,0.285690488,0.285690488,0.122283097,0.253834138,0.28557277,0.79265873,0.521945433,0.285690488,0.455429498,[0.66634252],1008,0.190315251,0.453201669,0.589812332,0.328347668,0.330632091,0.657302082,0.657302082,0.515631823,-2730496.347,-0.14031507,0.878529386,0.587623432,0.724759692,,,,,,,,0.285690488,0.285690488,0.253834138
a37f31d9-0dd9-409e-bc07-9ba99eabbf52,XGBClassifier,PREPROCESSING,UNAWARENESS,UNAWARENESS,0.66180443,0.556346382,0.389519179,0.556346382,0.75,0.650485437,843,0.33819557,0.015364953,1.046762901,0.349514563,-0.184100418,0.631799163,0.443653618,-0.300349825,0.554319614,0.330973451,0.0875,1.310483871,0.25,0.152409003,1.955096419,0.191313694,0.443653618,0.25,0.75,0.556346382,0.669026549,374,252,374,252,756,1130,721,756,469,0.650485437,0.226379414,0.226379414,0.027424265,0.000376045,0.000377822,0.784947909,0.30807161,0.479751353,0.618568822,0.333756856,2.217362492,0.300349825,0.300349825,0.135800209,0.260863391,0.270233827,0.75,0.556346382,0.300349825,0.455429498,[0.66634252],1008,0.190315251,0.453201669,0.599744246,0.312859938,0.33819557,0.653173191,0.653173191,0.505308227,-3025413.669,-0.147940822,0.857911137,0.602913377,0.726267141,,,,,,,,0.300349825,0.300349825,0.260863391
a37f31d9-0dd9-409e-bc07-9ba99eabbf52,LogisticRegressionCV,PREPROCESSING,UNAWARENESS,HYPERPARAMETER,0.674770394,0.525504152,0.348460292,0.525504152,0.799603175,0.686821705,843,0.325229606,0.019894916,1.064774146,0.313178295,-0.145425361,0.660674157,0.474495848,-0.350241546,0.526143791,0.331674959,0.076139547,1.266488414,0.200396825,0.164585898,2.719008264,0.196730797,0.474495848,0.200396825,0.799603175,0.525504152,0.668325041,400,202,400,202,806,1206,645,806,443,0.686821705,0.257413722,0.257413722,0.043519395,0.000946969,0.000957008,0.785720045,0.308677994,0.480141004,0.62726517,0.611971641,2.94897283,0.350241546,0.350241546,0.110782454,0.292345924,0.282542237,0.799603175,0.525504152,0.350241546,0.455429498,[0.66634252],1008,0.190315251,0.453201669,0.595430108,0.339795246,0.325229606,0.662553663,0.662553663,0.492003259,-2712632.521,-0.185655648,0.828107996,0.592372802,0.707451858,16.58591199,149.1,0,189315.3359,0,788813.8994,68.14475631,0.350241546,0.350241546,0.292345924
a37f31d9-0dd9-409e-bc07-9ba99eabbf52,AdaBoostClassifier,PREPROCESSING,UNAWARENESS,HYPERPARAMETER,0.692058347,0.606168446,0.404646137,0.606168446,0.763888889,0.682242991,843,0.307941653,0.008151093,1.027170311,0.317757009,-0.144488712,0.666564511,0.393831554,-0.314342829,0.501387237,0.301270417,0.063744589,1.241789819,0.236111111,0.161288905,2.166242848,0.16945536,0.393831554,0.236111111,0.763888889,0.606168446,0.698729583,332,238,332,238,770,1102,749,770,511,0.682242991,0.237815867,0.237815867,0.036531344,0.00066727,0.000670472,0.785384443,0.308414362,0.479970876,0.58216039,0.382696285,2.3286945,0.314342829,0.314342829,0.10411665,0.28472025,0.239903118,0.763888889,0.606168446,0.314342829,0.455429498,[0.66634252],1008,0.190315251,0.453201669,0.641959799,0.375475292,0.307941653,0.685028667,0.685028667,0.522117981,-2375276.607,-0.153053924,0.843101156,0.6448283,0.744935203,41.7007103,148.3,0,189575.9656,0,789899.8568,68.23857097,0.314342829,0.314342829,0.28472025
a37f31d9-0dd9-409e-bc07-9ba99eabbf52,GradientBoostingClassifier,PREPROCESSING,UNAWARENESS,UNAWARENESS_SMOTE,0.683954619,0.62396204,0.42895732,0.62396204,0.734126984,0.662468514,843,0.316045381,0.008960523,1.029173794,0.337531486,-0.147766749,0.672802198,0.37603796,-0.323921373,0.486193685,0.299905393,0.063163061,1.237405988,0.265873016,0.177510111,2.191853601,0.166363739,0.37603796,0.265873016,0.734126984,0.62396204,0.700094607,317,268,317,268,740,1057,794,740,526,0.662468514,0.250715742,0.250715742,0.03340593,0.000557978,0.000565871,0.785593189,0.30857833,0.480076568,0.576825345,0.385629671,2.334380812,0.323921373,0.323921373,0.105464905,0.295470037,0.233003618,0.734126984,0.62396204,0.323921373,0.455429498,[0.66634252],1008,0.190315251,0.453201669,0.642638974,0.360319129,0.316045381,0.679044512,0.679044512,0.508797364,-2724738.641,-0.146411262,0.832292799,0.649233934,0.742561271,,,,,,,,0.323921373,0.323921373,0.295470037
a37f31d9-0dd9-409e-bc07-9ba99eabbf52,LogisticRegressionCV,PREPROCESSING,UNAWARENESS,UNAWARENESS_SMOTE,0.683954619,0.642941874,0.446245273,0.642941874,0.718253968,0.656174334,843,0.316045381,0.04250213,1.152571749,0.343825666,-0.085288641,0.786778399,0.357058126,-0.248459104,0.542835249,0.293658537,0.090262971,1.379104478,0.281746032,0.200237384,2.344451004,0.160922845,0.357058126,0.281746032,0.718253968,0.642941874,0.706341463,301,284,301,284,724,1025,826,724,542,0.656174334,0.224348244,0.224348244,0.034355557,0.000590152,0.000595993,0.78529384,0.308343208,0.479925139,0.567314454,0.298223392,2.135188867,0.248459104,0.248459104,0.087775806,0.283797217,0.223898197,0.718253968,0.642941874,0.248459104,0.455429498,[0.66634252],1008,0.190315251,0.453201669,0.649490713,0.361855218,0.316045381,0.680597921,0.680597921,0.527906973,-2809491.413,-0.04822172,0.883822738,0.658312858,0.770679124,,,,,,,,0.248459104,0.248459104,0.283797217
a37f31d9-0dd9-409e-bc07-9ba99eabbf52,AdaBoostClassifier,PREPROCESSING,UNAWARENESS,UNAWARENESS_SMOTE,0.674770394,0.595492289,0.412209616,0.595492289,0.741071429,0.657929227,843,0.325229606,0.026853167,1.087428915,0.342070773,-0.137612903,0.695285714,0.404507711,-0.287522905,0.543929185,0.313419118,0.087699895,1.329630639,0.258928571,0.175443995,2.17798111,0.176617701,0.404507711,0.258928571,0.741071429,0.595492289,0.686580882,341,261,341,261,747,1088,763,747,502,0.657929227,0.23148345,0.23148345,0.028345662,0.000401738,0.000405772,0.78519312,0.308264117,0.479874398,0.594336103,0.346447382,2.244596935,0.287522905,0.287522905,0.112656399,0.275589321,0.248485926,0.741071429,0.595492289,0.287522905,0.455429498,[0.66634252],1008,0.190315251,0.453201669,0.625155666,0.340513734,0.325229606,0.668281859,0.668281859,0.513585669,-2376874.766,-0.11207891,0.863361308,0.630136922,0.745162467,,,,,,,,0.287522905,0.287522905,0.275589321
a37f31d9-0dd9-409e-bc07-9ba99eabbf52,SVC,PREPROCESSING,UNAWARENESS,UNAWARENESS_SMOTE,0.67639114,0.646500593,0.457050243,0.646500593,0.701388889,0.644208038,843,0.32360886,-0.028926441,0.917353025,0.355791962,-0.22597983,0.590411559,0.353499407,-0.454939197,0.365842331,0.296517413,0.017645231,1.059352142,0.298611111,0.214084755,2.257747934,0.161279906,0.353499407,0.298611111,0.701388889,0.646500593,0.703482587,298,301,298,301,707,1005,846,707,545,0.644208038,0.334511976,0.334511976,0.062742379,0.001968303,0.002002622,0.787355327,0.309964206,0.480983569,0.567943493,0.544701549,2.740111058,0.454939197,0.454939197,0.121812531,0.360451576,0.223447774,0.701388889,0.646500593,0.454939197,0.455429498,[0.66634252],1008,0.190315251,0.453201669,0.645352279,0.347790039,0.32360886,0.673944741,0.673944741,0.448502154,-2713332.453,-0.240854442,0.714557836,0.655771421,0.688120822,,,,,,,,0.454939197,0.454939197,0.360451576
a37f31d9-0dd9-409e-bc07-9ba99eabbf52,CalibratedClassifierCV,PREPROCESSING,UNAWARENESS,UNAWARENESS_SMOTE,0.673149649,0.629893238,0.445164776,0.629893238,0.709325397,0.644417476,843,0.326850351,0.01971031,1.062714621,0.355582524,-0.145729685,0.691395961,0.370106762,-0.278527403,0.525471832,0.303797468,0.082937807,1.319464145,0.290674603,0.180719184,1.999270783,0.166778797,0.370106762,0.290674603,0.709325397,0.629893238,0.696202532,312,293,312,293,715,1027,824,715,531,0.644417476,0.229623294,0.229623294,0.033238314,0.000552393,0.00055712,0.785134463,0.308218062,0.4798449,0.577544451,0.26858163,2.07201237,0.278527403,0.278527403,0.114333746,0.275660324,0.23203406,0.709325397,0.629893238,0.278527403,0.455429498,[0.66634252],1008,0.190315251,0.453201669,0.637072585,0.339918599,0.326850351,0.669609318,0.669609318,0.515851421,-2757049.956,-0.097808219,0.862943363,0.646161208,0.754464599,,,,,,,,0.278527403,0.278527403,0.275660324
a37f31d9-0dd9-409e-bc07-9ba99eabbf52,XGBClassifier,PREPROCESSING,UNAWARENESS,UNAWARENESS_SMOTE,0.665045921,0.569395018,0.398163155,0.569395018,0.745039683,0.651289009,843,0.334954079,0.059216132,1.207256461,0.348710991,-0.08115942,0.797101449,0.430604982,-0.238963851,0.60741653,0.325852783,0.114479402,1.449740508,0.254960317,0.190522244,2.492424242,0.186596826,0.430604982,0.254960317,0.745039683,0.569395018,0.674147217,363,257,363,257,751,1114,737,751,480,0.651289009,0.214743048,0.214743048,0.024319731,0.000295725,0.000298246,0.785030692,0.308136593,0.479792812,0.610895778,0.34415196,2.24055666,0.238963851,0.238963851,0.097819411,0.26583357,0.263142051,0.745039683,0.569395018,0.238963851,0.455429498,[0.66634252],1008,0.190315251,0.453201669,0.607594937,0.319888172,0.334954079,0.65721735,0.65721735,0.516084493,-3000484.229,-0.048441608,0.901631407,0.611528673,0.749292861,,,,,,,,0.238963851,0.238963851,0.26583357
a37f31d9-0dd9-409e-bc07-9ba99eabbf52,LogisticRegressionCV,PREPROCESSING,UNAWARENESS,HYPERPARAMETER_SMOTE,0.689357104,0.647686833,0.445164776,0.647686833,0.724206349,0.662621359,843,0.310642896,0.003990344,1.012991817,0.337378641,-0.149592213,0.672767035,0.352313167,-0.307263035,0.476514829,0.289191821,0.058191916,1.226301896,0.275793651,0.174828556,2.027117769,0.158506107,0.352313167,0.275793651,0.724206349,0.647686833,0.710808179,297,278,297,278,730,1027,824,730,546,0.662621359,0.241045796,0.241045796,0.041212497,0.000849235,0.000857491,0.785408637,0.308433364,0.479983103,0.563038377,0.309324339,2.159045726,0.307263035,0.307263035,0.103892064,0.289761431,0.220683396,0.724206349,0.647686833,0.307263035,0.455429498,[0.66634252],1008,0.190315251,0.453201669,0.655068986,0.372660568,0.310642896,0.685946591,0.685946591,0.520602049,-2766764.699,-0.132434479,0.840646272,0.663549491,0.754360444,16.80110741,148.9,0,192077.4088,0,800322.5368,69.13897471,0.307263035,0.307263035,0.289761431
a37f31d9-0dd9-409e-bc07-9ba99eabbf52,AdaBoostClassifier,PREPROCESSING,UNAWARENESS,HYPERPARAMETER_SMOTE,0.684494868,0.666666667,0.467314965,0.666666667,0.699404762,0.649710983,843,0.315505132,0.012127237,1.040424122,0.350289017,-0.131765584,0.705465165,0.333333333,-0.282941862,0.479386973,0.284989858,0.062594268,1.255384615,0.300595238,0.186917531,2.033543996,0.153999468,0.333333333,0.300595238,0.699404762,0.666666667,0.715010142,281,303,281,303,705,986,865,705,562,0.649710983,0.234929697,0.234929697,0.034003137,0.000578107,0.000581774,0.785354059,0.308390499,0.479955528,0.554976519,0.266109471,2.065501726,0.282941862,0.282941862,0.097179926,0.289207611,0.212448994,0.699404762,0.666666667,0.282941862,0.455429498,[0.66634252],1008,0.190315251,0.453201669,0.658079625,0.365395653,0.315505132,0.683035714,0.683035714,0.522570341,-2375941.506,-0.096024331,0.854664594,0.669567488,0.764133508,42.26379061,148.1,0,192333.7957,0,801390.8153,69.2312621,0.282941862,0.282941862,0.289207611
a37f31d9-0dd9-409e-bc07-9ba99eabbf52,GradientBoostingClassifier,PREPROCESSING,UNAWARENESS,UNAWARENESS_ROS,0.680713128,0.65480427,0.460291734,0.65480427,0.702380952,0.647887324,843,0.319286872,0.021073559,1.070245195,0.352112676,-0.12045575,0.726966967,0.34519573,-0.309178744,0.473251029,0.291291291,0.066790779,1.262215652,0.297619048,0.208194127,2.304683196,0.158090531,0.34519573,0.297619048,0.702380952,0.65480427,0.708708709,291,300,291,300,708,999,852,708,552,0.647887324,0.258686435,0.258686435,0.034998235,0.000612438,0.000620951,0.785830438,0.308764739,0.480197198,0.562299797,0.359736614,2.271664133,0.309178744,0.309178744,0.093623265,0.308832718,0.218745411,0.702380952,0.65480427,0.309178744,0.455429498,[0.66634252],1008,0.190315251,0.453201669,0.651327434,0.356890506,0.319286872,0.678592611,0.678592611,0.503049908,-2724105.392,-0.100984617,0.83644586,0.662025483,0.75158212,,,,,,,,0.309178744,0.309178744,0.308832718
a37f31d9-0dd9-409e-bc07-9ba99eabbf52,LogisticRegressionCV,PREPROCESSING,UNAWARENESS,UNAWARENESS_ROS,0.681253377,0.682087782,0.484602917,0.682087782,0.680555556,0.641025641,843,0.318746623,-0.004331156,0.986525293,0.358974359,-0.153733676,0.682924293,0.317912218,-0.400549725,0.364645264,0.280922432,0.025268259,1.093231162,0.319444444,0.240944259,2.415547521,0.150064273,0.317912218,0.319444444,0.680555556,0.682087782,0.719077568,268,322,268,322,686,954,897,686,575,0.641025641,0.320746992,0.320746992,0.057757434,0.001667961,0.001691418,0.787230593,0.309866003,0.480918593,0.547839892,0.468708425,2.53449003,0.400549725,0.400549725,0.089500968,0.361701221,0.205567796,0.680555556,0.682087782,0.400549725,0.455429498,[0.66634252],1008,0.190315251,0.453201669,0.66091954,0.361371041,0.318746623,0.681321669,0.681321669,0.462789793,-2673100.639,-0.159605466,0.755057285,0.674610116,0.718344775,,,,,,,,0.400549725,0.400549725,0.361701221
a37f31d9-0dd9-409e-bc07-9ba99eabbf52,AdaBoostClassifier,PREPROCESSING,UNAWARENESS,UNAWARENESS_ROS,0.679632631,0.633451957,0.441923285,0.633451957,0.718253968,0.652811736,843,0.320367369,0.058591309,1.215862718,0.347188264,-0.066127695,0.829957356,0.366548043,-0.217141429,0.583812261,0.299128751,0.107528642,1.465957447,0.281746032,0.208501846,2.399940968,0.164506178,0.366548043,0.281746032,0.718253968,0.633451957,0.700871249,309,284,309,284,724,1033,818,724,534,0.652811736,0.212821638,0.212821638,0.031299989,0.000489845,0.000491972,0.785134463,0.308218062,0.4798449,0.573595986,0.26858163,2.07201237,0.217141429,0.217141429,0.086828168,0.275660324,0.229210299,0.718253968,0.633451957,0.217141429,0.455429498,[0.66634252],1008,0.190315251,0.453201669,0.642986153,0.35269307,0.320367369,0.675852963,0.675852963,0.532016828,-2377257.78,-0.008639583,0.905401353,0.651426433,0.775777264,,,,,,,,0.217141429,0.217141429,0.275660324
a37f31d9-0dd9-409e-bc07-9ba99eabbf52,SVC,PREPROCESSING,UNAWARENESS,UNAWARENESS_ROS,0.676931388,0.645314353,0.455429498,0.645314353,0.703373016,0.645314353,843,0.323068612,-0.021783584,0.936464546,0.354685647,-0.209969977,0.608056042,0.354685647,-0.454939197,0.365842331,0.296626984,0.020299672,1.068895855,0.296626984,0.224723053,2.408264463,0.161534306,0.354685647,0.296626984,0.703373016,0.645314353,0.703373016,299,299,299,299,709,1008,843,709,544,0.645314353,0.339831125,0.339831125,0.0651888,0.00212479,0.002163798,0.787619176,0.310171983,0.481121365,0.568391249,0.579187725,2.837972167,0.454939197,0.454939197,0.115134825,0.367594433,0.223934097,0.703373016,0.645314353,0.454939197,0.455429498,[0.66634252],1008,0.190315251,0.453201669,0.645314353,0.348687369,0.323068612,0.674343685,0.674343685,0.445180712,-2717863.145,-0.230216144,0.713910474,0.655520016,0.687659083,,,,,,,,0.454939197,0.454939197,0.367594433
a37f31d9-0dd9-409e-bc07-9ba99eabbf52,CalibratedClassifierCV,PREPROCESSING,UNAWARENESS,UNAWARENESS_ROS,0.667747164,0.616844603,0.438681794,0.616844603,0.71031746,0.640394089,843,0.332252836,0.03082931,1.100374497,0.359605911,-0.131807944,0.713123886,0.383155397,-0.24529402,0.566018273,0.310875842,0.0969452,1.38405214,0.28968254,0.176586953,1.976421974,0.171688806,0.383155397,0.28968254,0.71031746,0.616844603,0.689124158,323,292,323,292,716,1039,812,716,520,0.640394089,0.210940486,0.210940486,0.031796388,0.000505505,0.000509243,0.784883782,0.308021275,0.479719298,0.58598431,0.226529201,1.985922304,0.24529402,0.24529402,0.114376572,0.26056518,0.23930599,0.71031746,0.616844603,0.24529402,0.455429498,[0.66634252],1008,0.190315251,0.453201669,0.628398792,0.328338041,0.332252836,0.663581031,0.663581031,0.523604926,-2751195.099,-0.068707067,0.887711735,0.636932828,0.75954531,,,,,,,,0.24529402,0.24529402,0.26056518
a37f31d9-0dd9-409e-bc07-9ba99eabbf52,XGBClassifier,PREPROCESSING,UNAWARENESS,UNAWARENESS_ROS,0.660183684,0.602609727,0.433279308,0.602609727,0.708333333,0.633416459,843,0.339816316,0.024495882,1.07620941,0.366583541,-0.153667954,0.683624801,0.397390273,-0.271530901,0.553913519,0.319351764,0.093989071,1.352459016,0.291666667,0.174520837,1.964997569,0.177436281,0.397390273,0.291666667,0.708333333,0.602609727,0.680648236,335,294,335,294,714,1049,802,714,508,0.633416459,0.223025869,0.223025869,0.02413408,0.000291227,0.000293695,0.784966759,0.308086407,0.479760786,0.595711811,0.26223466,2.059642147,0.271530901,0.271530901,0.123828512,0.264910537,0.247576283,0.708333333,0.602609727,0.271530901,0.455429498,[0.66634252],1008,0.190315251,0.453201669,0.617629179,0.31249998,0.339816316,0.65547153,0.65547153,0.509284423,-3017415.374,-0.097010064,0.871197098,0.625877107,0.745898349,,,,,,,,0.271530901,0.271530901,0.264910537
a37f31d9-0dd9-409e-bc07-9ba99eabbf52,LogisticRegressionCV,PREPROCESSING,UNAWARENESS,HYPERPARAMETER_ROS,0.681253377,0.680901542,0.48352242,0.680901542,0.681547619,0.641340782,843,0.318746623,-0.013462085,0.959028438,0.358659218,-0.171118531,0.657762938,0.319098458,-0.400549725,0.364645264,0.281380753,0.021255389,1.077692112,0.318452381,0.22617373,2.250607681,0.150409136,0.319098458,0.318452381,0.681547619,0.680901542,0.718619247,269,321,269,321,687,956,895,687,574,0.641340782,0.313361727,0.313361727,0.055947184,0.001565044,0.00158425,0.786935173,0.309633483,0.480765143,0.548469026,0.435963979,2.451760028,0.400549725,0.400549725,0.09618696,0.352570293,0.206136006,0.681547619,0.680901542,0.400549725,0.455429498,[0.66634252],1008,0.190315251,0.453201669,0.660529344,0.361202451,0.318746623,0.681224581,0.681224581,0.467754869,-2683071.859,-0.174375996,0.756310993,0.674087466,0.718738174,17.01399279,148.7,0,193977.5312,0,808239.7132,69.82293078,0.400549725,0.400549725,0.352570293
a37f31d9-0dd9-409e-bc07-9ba99eabbf52,AdaBoostClassifier,PREPROCESSING,UNAWARENESS,HYPERPARAMETER_ROS,0.679632631,0.65599051,0.462452728,0.65599051,0.699404762,0.646028037,843,0.320367369,0.019085487,1.06361829,0.353971963,-0.129764065,0.709939148,0.34400949,-0.263784774,0.514636015,0.291457286,0.075781082,1.309186813,0.300595238,0.180719184,1.999270783,0.157932834,0.34400949,0.300595238,0.699404762,0.65599051,0.708542714,290,303,290,303,705,995,856,705,553,0.646028037,0.222251979,0.222251979,0.027104074,0.000367315,0.000370668,0.785122773,0.308208884,0.479839026,0.562019277,0.242810926,2.017892644,0.263784774,0.263784774,0.102772573,0.276285146,0.218348523,0.699404762,0.65599051,0.263784774,0.455429498,[0.66634252],1008,0.190315251,0.453201669,0.65097116,0.354982772,0.320367369,0.677697636,0.677697636,0.527077995,-2376232.162,-0.08306559,0.870715494,0.661964978,0.767048904,42.24615526,147.9,0,194231.4486,0,809297.7024,69.91432929,0.263784774,0.263784774,0.276285146
a37f31d9-0dd9-409e-bc07-9ba99eabbf52,GradientBoostingClassifier,PREPROCESSING,UNAWARENESS,UNAWARENESS_RUS,0.685035116,0.645314353,0.44732577,0.645314353,0.718253968,0.657004831,843,0.314964884,0.01610338,1.053677932,0.342995169,-0.128676471,0.708333333,0.354685647,-0.303431618,0.483042429,0.292277615,0.065629339,1.257655924,0.281746032,0.191665201,2.201101928,0.160032822,0.354685647,0.281746032,0.718253968,0.645314353,0.707722385,299,284,299,284,724,1023,828,724,544,0.657004831,0.247548409,0.247548409,0.035653274,0.000635578,0.000641092,0.785591172,0.308576745,0.480075545,0.565743444,0.339735947,2.226640159,0.303431618,0.303431618,0.097152905,0.297898324,0.222574431,0.718253968,0.645314353,0.303431618,0.455429498,[0.66634252],1008,0.190315251,0.453201669,0.651107121,0.364147308,0.314964884,0.681784161,0.681784161,0.513009576,-2716989.858,-0.111766416,0.843060008,0.660028667,0.753508292,,,,,,,,0.303431618,0.303431618,0.297898324
a37f31d9-0dd9-409e-bc07-9ba99eabbf52,LogisticRegressionCV,PREPROCESSING,UNAWARENESS,UNAWARENESS_RUS,0.68017288,0.660735469,0.466234468,0.660735469,0.696428571,0.645422943,843,0.31982712,-0.028741835,0.916169649,0.354577057,-0.207612457,0.607843137,0.339264531,-0.403131767,0.381864623,0.289473684,0.02071945,1.073208723,0.303571429,0.192808159,2.006887052,0.156455918,0.339264531,0.303571429,0.696428571,0.660735469,0.710526316,286,306,286,306,702,988,863,702,557,0.645422943,0.297969963,0.297969963,0.054407738,0.001480101,0.001497659,0.786380431,0.309197091,0.480478735,0.55938523,0.400306551,2.365805169,0.403131767,0.403131767,0.114165953,0.331695541,0.21597991,0.696428571,0.660735469,0.403131767,0.455429498,[0.66634252],1008,0.190315251,0.453201669,0.652989449,0.356556132,0.31982712,0.67858202,0.67858202,0.47638496,-2700687.205,-0.210323608,0.759036845,0.664437441,0.715385498,,,,,,,,0.403131767,0.403131767,0.331695541
a37f31d9-0dd9-409e-bc07-9ba99eabbf52,AdaBoostClassifier,PREPROCESSING,UNAWARENESS,UNAWARENESS_RUS,0.683414371,0.648873072,0.452188006,0.648873072,0.712301587,0.653524492,843,0.316585629,0.041323488,1.144632207,0.346475508,-0.088828926,0.784272608,0.351126928,-0.272113943,0.518567639,0.291913215,0.086604183,1.353078592,0.287698413,0.214700193,2.441558442,0.159318748,0.351126928,0.287698413,0.712301587,0.648873072,0.708086785,296,290,296,290,718,1014,837,718,547,0.653524492,0.243407068,0.243407068,0.032562283,0.000530151,0.000536616,0.785612245,0.3085933,0.480086238,0.564479845,0.34157081,2.230733248,0.272113943,0.272113943,0.087716554,0.29889236,0.221146683,0.712301587,0.648873072,0.272113943,0.455429498,[0.66634252],1008,0.190315251,0.453201669,0.651190476,0.361392903,0.316585629,0.68058733,0.68058733,0.514927563,-2379200.406,-0.05741375,0.865373722,0.660789523,0.763999975,,,,,,,,0.272113943,0.272113943,0.29889236
a37f31d9-0dd9-409e-bc07-9ba99eabbf52,SVC,PREPROCESSING,UNAWARENESS,UNAWARENESS_RUS,0.675850891,0.666666667,0.475958941,0.666666667,0.683531746,0.637911464,843,0.324149109,-0.040045442,0.887872763,0.362088536,-0.234242809,0.58356834,0.333333333,-0.456188572,0.344228927,0.289690722,0.004908523,1.016566265,0.316468254,0.209337085,2.093204775,0.155417072,0.333333333,0.316468254,0.683531746,0.666666667,0.710309278,281,319,281,319,689,970,881,689,562,0.637911464,0.332762828,0.332762828,0.064319332,0.002068488,0.002103671,0.787188489,0.309832859,0.480896685,0.557525016,0.482248923,2.570203777,0.456188572,0.456188572,0.119575666,0.358903721,0.213785328,0.683531746,0.666666667,0.456188572,0.455429498,[0.66634252],1008,0.190315251,0.453201669,0.651972158,0.349208178,0.324149109,0.675099206,0.675099206,0.450451285,-2699759.171,-0.246851488,0.710902862,0.664683821,0.690330411,,,,,,,,0.456188572,0.456188572,0.358903721
a37f31d9-0dd9-409e-bc07-9ba99eabbf52,CalibratedClassifierCV,PREPROCESSING,UNAWARENESS,UNAWARENESS_RUS,0.66558617,0.62396204,0.44732577,0.62396204,0.700396825,0.6352657,843,0.33441383,0.019525703,1.060746631,0.3647343,-0.153153153,0.685185185,0.37603796,-0.272780277,0.535263233,0.309872923,0.087544248,1.333965095,0.299603175,0.178345349,1.931359045,0.169916841,0.37603796,0.299603175,0.700396825,0.62396204,0.690127077,317,302,317,302,706,1023,828,706,526,0.6352657,0.225562813,0.225562813,0.030274207,0.000458264,0.000461732,0.785021244,0.308129177,0.479788077,0.582952556,0.243415156,2.019773252,0.272780277,0.272780277,0.120348701,0.269511502,0.236165552,0.700396825,0.62396204,0.272780277,0.455429498,[0.66634252],1008,0.190315251,0.453201669,0.629563136,0.32487541,0.33441383,0.662179433,0.662179433,0.512816377,-2706272.087,-0.094434927,0.866879311,0.639181888,0.752061279,,,,,,,,0.272780277,0.272780277,0.269511502
a37f31d9-0dd9-409e-bc07-9ba99eabbf52,XGBClassifier,PREPROCESSING,UNAWARENESS,UNAWARENESS_RUS,0.667747164,0.614472123,0.4365208,0.614472123,0.712301587,0.641089109,843,0.332252836,0.027847202,1.09066531,0.358910891,-0.133659083,0.709094937,0.385527877,-0.251041146,0.55585028,0.311601151,0.092835973,1.367773279,0.287698413,0.176586953,1.976421974,0.172405951,0.385527877,0.287698413,0.712301587,0.614472123,0.688398849,325,290,325,290,718,1043,808,718,518,0.641089109,0.213814049,0.213814049,0.031215736,0.000487211,0.000488438,0.784928131,0.308056086,0.479741461,0.587206865,0.232189594,1.997205953,0.251041146,0.251041146,0.113247528,0.263547288,0.24046936,0.712301587,0.614472123,0.251041146,0.455429498,[0.66634252],1008,0.190315251,0.453201669,0.627498486,0.328128028,0.332252836,0.663386855,0.663386855,0.521545425,-3022685.014,-0.074454193,0.883210125,0.63577974,0.75695734,,,,,,,,0.251041146,0.251041146,0.263547288
a37f31d9-0dd9-409e-bc07-9ba99eabbf52,LogisticRegressionCV,PREPROCESSING,UNAWARENESS,HYPERPARAMETER_RUS,0.68017288,0.684460261,0.487844408,0.684460261,0.676587302,0.638981174,843,0.31982712,-0.00749787,0.977180396,0.361018826,-0.16446281,0.67107438,0.315539739,-0.400549725,0.364645264,0.280590717,0.025666965,1.093817181,0.323412698,0.238570424,2.319154108,0.149536641,0.315539739,0.323412698,0.676587302,0.684460261,0.719409283,266,326,266,326,682,948,903,682,577,0.638981174,0.319560074,0.319560074,0.058222482,0.001694929,0.001717371,0.787101982,0.309764765,0.480851712,0.546875929,0.445922568,2.476318559,0.400549725,0.400549725,0.095064887,0.358534507,0.204589144,0.676587302,0.684460261,0.400549725,0.455429498,[0.66634252],1008,0.190315251,0.453201669,0.66093929,0.359716556,0.31982712,0.680523781,0.680523781,0.463055551,-2662053.295,-0.161979301,0.754838647,0.675034405,0.718437723,16.4790895,148.6,0,196758.7133,0,819827.972,70.82402758,0.400549725,0.400549725,0.358534507
a37f31d9-0dd9-409e-bc07-9ba99eabbf52,AdaBoostClassifier,PREPROCESSING,UNAWARENESS,HYPERPARAMETER_RUS,0.681253377,0.682087782,0.484602917,0.682087782,0.680555556,0.641025641,843,0.318746623,0.015109344,1.05036448,0.358974359,-0.127642981,0.716348931,0.317912218,-0.270781276,0.481002554,0.280922432,0.065361305,1.272338772,0.319444444,0.192808159,2.006887052,0.150064273,0.317912218,0.319444444,0.680555556,0.682087782,0.719077568,268,322,268,322,686,954,897,686,575,0.641025641,0.231794717,0.231794717,0.030017712,0.000450532,0.000454546,0.785301524,0.308349241,0.479929014,0.547839892,0.238233797,2.007455268,0.270781276,0.270781276,0.096502143,0.287844362,0.205567796,0.680555556,0.682087782,0.270781276,0.455429498,[0.66634252],1008,0.190315251,0.453201669,0.66091954,0.361371041,0.318746623,0.681321669,0.681321669,0.523394905,-2376869.595,-0.077973117,0.861142517,0.674610116,0.769907192,41.39736128,148.2,0,197021.2048,0,820921.6868,70.91851238,0.270781276,0.270781276,0.287844362
a37f31d9-0dd9-409e-bc07-9ba99eabbf52,GradientBoostingClassifier,PREPROCESSING,UNAWARENESS,UNAWARENESS_FOS,0.681793625,0.574139976,0.385737439,0.574139976,0.771825397,0.677871148,843,0.318206375,0.014924737,1.048592168,0.322128852,-0.141219512,0.679046563,0.425860024,-0.356571714,0.487428161,0.315743184,0.066097107,1.237536479,0.228174603,0.186697732,2.59541698,0.181027854,0.425860024,0.228174603,0.771825397,0.574139976,0.684256816,359,230,359,230,778,1137,714,778,484,0.677871148,0.271634723,0.271634723,0.048242912,0.001163689,0.00117132,0.786081044,0.308961704,0.480325166,0.601710652,0.541643337,2.738767396,0.356571714,0.356571714,0.10365831,0.310494178,0.257400895,0.771825397,0.574139976,0.356571714,0.455429498,[0.66634252],1008,0.190315251,0.453201669,0.621708414,0.353954427,0.318206375,0.672982687,0.672982687,0.490177221,-2723385.993,-0.169873982,0.812382109,0.622803824,0.718632897,,,,,,,,0.356571714,0.356571714,0.310494178
a37f31d9-0dd9-409e-bc07-9ba99eabbf52,LogisticRegressionCV,PREPROCESSING,UNAWARENESS,UNAWARENESS_FOS,0.668287412,0.512455516,0.343057807,0.512455516,0.798611111,0.680314961,843,0.331712588,0.006418631,1.019534964,0.319685039,-0.206013363,0.587973274,0.487544484,-0.389888389,0.501809281,0.337993421,0.068043088,1.226810293,0.201388889,0.166344294,2.563636364,0.202495028,0.487544484,0.201388889,0.798611111,0.512455516,0.662006579,411,203,411,203,805,1216,635,805,432,0.680314961,0.278116342,0.278116342,0.056950351,0.001621671,0.001642134,0.786028027,0.30892003,0.480298048,0.63638829,0.668538297,3.124254473,0.389888389,0.389888389,0.137028226,0.303464925,0.290485064,0.798611111,0.512455516,0.389888389,0.455429498,[0.66634252],1008,0.190315251,0.453201669,0.584573748,0.326320099,0.331712588,0.655533314,0.655533314,0.473218787,-2656212.482,-0.223544095,0.794621528,0.581575772,0.686796867,,,,,,,,0.389888389,0.389888389,0.303464925
a37f31d9-0dd9-409e-bc07-9ba99eabbf52,AdaBoostClassifier,PREPROCESSING,UNAWARENESS,UNAWARENESS_FOS,0.676931388,0.575326216,0.391680173,0.575326216,0.761904762,0.668965517,843,0.323068612,0.039150809,1.133685691,0.331034483,-0.095833333,0.760416667,0.424673784,-0.313759787,0.534420962,0.317939609,0.087849231,1.32589231,0.238095238,0.195269914,2.83553719,0.181962841,0.424673784,0.238095238,0.761904762,0.575326216,0.682060391,358,240,358,240,768,1126,725,768,485,0.668965517,0.25451485,0.25451485,0.032464438,0.00052697,0.000536581,0.78578368,0.308727996,0.480173383,0.603262532,0.516976105,2.671968191,0.313759787,0.313759787,0.091841282,0.298565748,0.257857393,0.761904762,0.575326216,0.313759787,0.455429498,[0.66634252],1008,0.190315251,0.453201669,0.618622449,0.344059312,0.323068612,0.668615489,0.668615489,0.498442918,-2377962.666,-0.118489873,0.848475495,0.620874578,0.733273652,,,,,,,,0.313759787,0.313759787,0.298565748
a37f31d9-0dd9-409e-bc07-9ba99eabbf52,SVC,PREPROCESSING,UNAWARENESS,UNAWARENESS_FOS,0.668287412,0.502965599,0.33441383,0.502965599,0.806547619,0.684975767,843,0.331712588,-0.014015905,0.959954558,0.315024233,-0.283410138,0.504032258,0.497034401,-0.396301849,0.507300404,0.340097403,0.061453253,1.197646948,0.193452381,0.130604888,2.023071625,0.205191738,0.497034401,0.193452381,0.806547619,0.502965599,0.659902597,419,195,419,195,813,1232,619,813,424,0.684975767,0.263453369,0.263453369,0.048948566,0.001197981,0.001211048,0.785463131,0.308476165,0.480010666,0.640611798,0.586970338,2.876076872,0.396301849,0.396301849,0.172431695,0.281411531,0.295139035,0.806547619,0.502965599,0.396301849,0.455429498,[0.66634252],1008,0.190315251,0.453201669,0.58002736,0.326717634,0.331712588,0.654756609,0.654756609,0.482258775,-2734333.176,-0.265696961,0.791730085,0.5759676,0.68220448,,,,,,,,0.396301849,0.396301849,0.281411531
a37f31d9-0dd9-409e-bc07-9ba99eabbf52,CalibratedClassifierCV,PREPROCESSING,UNAWARENESS,UNAWARENESS_FOS,0.669367909,0.521945433,0.350621286,0.521945433,0.79265873,0.677966102,843,0.330632091,0.031823346,1.103610893,0.322033898,-0.148045977,0.66353187,0.478054567,-0.285690488,0.589319923,0.335274542,0.096520216,1.346869527,0.20734127,0.145375418,2.242299023,0.199438457,0.478054567,0.20734127,0.79265873,0.521945433,0.664725458,403,209,403,209,799,1202,649,799,440,0.677966102,0.215532953,0.215532953,0.024518354,0.000300575,0.000302256,0.784879027,0.308017544,0.479716924,0.63156703,0.418643673,2.421471173,0.285690488,0.285690488,0.122283097,0.253834138,0.28557277,0.79265873,0.521945433,0.285690488,0.455429498,[0.66634252],1008,0.190315251,0.453201669,0.589812332,0.328347668,0.330632091,0.657302082,0.657302082,0.515631823,-2730496.347,-0.14031507,0.878529386,0.587623432,0.724759692,,,,,,,,0.285690488,0.285690488,0.253834138
a37f31d9-0dd9-409e-bc07-9ba99eabbf52,XGBClassifier,PREPROCESSING,UNAWARENESS,UNAWARENESS_FOS,0.66180443,0.556346382,0.389519179,0.556346382,0.75,0.650485437,843,0.33819557,0.015364953,1.046762901,0.349514563,-0.184100418,0.631799163,0.443653618,-0.300349825,0.554319614,0.330973451,0.0875,1.310483871,0.25,0.152409003,1.955096419,0.191313694,0.443653618,0.25,0.75,0.556346382,0.669026549,374,252,374,252,756,1130,721,756,469,0.650485437,0.226379414,0.226379414,0.027424265,0.000376045,0.000377822,0.784947909,0.30807161,0.479751353,0.618568822,0.333756856,2.217362492,0.300349825,0.300349825,0.135800209,0.260863391,0.270233827,0.75,0.556346382,0.300349825,0.455429498,[0.66634252],1008,0.190315251,0.453201669,0.599744246,0.312859938,0.33819557,0.653173191,0.653173191,0.505308227,-3025413.669,-0.147940822,0.857911137,0.602913377,0.726267141,,,,,,,,0.300349825,0.300349825,0.260863391
a37f31d9-0dd9-409e-bc07-9ba99eabbf52,LogisticRegressionCV,PREPROCESSING,UNAWARENESS,HYPERPARAMETER_FOS,0.674770394,0.525504152,0.348460292,0.525504152,0.799603175,0.686821705,843,0.325229606,0.019894916,1.064774146,0.313178295,-0.145425361,0.660674157,0.474495848,-0.350241546,0.526143791,0.331674959,0.076139547,1.266488414,0.200396825,0.164585898,2.719008264,0.196730797,0.474495848,0.200396825,0.799603175,0.525504152,0.668325041,400,202,400,202,806,1206,645,806,443,0.686821705,0.257413722,0.257413722,0.043519395,0.000946969,0.000957008,0.785720045,0.308677994,0.480141004,0.62726517,0.611971641,2.94897283,0.350241546,0.350241546,0.110782454,0.292345924,0.282542237,0.799603175,0.525504152,0.350241546,0.455429498,[0.66634252],1008,0.190315251,0.453201669,0.595430108,0.339795246,0.325229606,0.662553663,0.662553663,0.492003259,-2712632.521,-0.185655648,0.828107996,0.592372802,0.707451858,16.60463285,149.3,0,199182.7175,0,829927.9895,71.69655687,0.350241546,0.350241546,0.292345924
a37f31d9-0dd9-409e-bc07-9ba99eabbf52,AdaBoostClassifier,PREPROCESSING,UNAWARENESS,HYPERPARAMETER_FOS,0.692058347,0.606168446,0.404646137,0.606168446,0.763888889,0.682242991,843,0.307941653,0.008151093,1.027170311,0.317757009,-0.144488712,0.666564511,0.393831554,-0.314342829,0.501387237,0.301270417,0.063744589,1.241789819,0.236111111,0.161288905,2.166242848,0.16945536,0.393831554,0.236111111,0.763888889,0.606168446,0.698729583,332,238,332,238,770,1102,749,770,511,0.682242991,0.237815867,0.237815867,0.036531344,0.00066727,0.000670472,0.785384443,0.308414362,0.479970876,0.58216039,0.382696285,2.3286945,0.314342829,0.314342829,0.10411665,0.28472025,0.239903118,0.763888889,0.606168446,0.314342829,0.455429498,[0.66634252],1008,0.190315251,0.453201669,0.641959799,0.375475292,0.307941653,0.685028667,0.685028667,0.522117981,-2375276.607,-0.153053924,0.843101156,0.6448283,0.744935203,41.77859592,148.1,0,199432.097,0,830967.0707,71.78632194,0.314342829,0.314342829,0.28472025
a37f31d9-0dd9-409e-bc07-9ba99eabbf52,GradientBoostingClassifier,PREPROCESSING,UNAWARENESS,UNAWARENESS_FAIR_SMOTE,0.659103187,0.697508897,0.520799568,0.697508897,0.626984127,0.609958506,843,0.340896813,0.022692417,1.072203145,0.390041494,-0.12306046,0.741573034,0.302491103,-0.293769782,0.436941252,0.287485908,0.065807002,1.268711923,0.373015873,0.241779497,2.136363636,0.148290571,0.302491103,0.373015873,0.626984127,0.697508897,0.712514092,255,376,255,376,632,887,964,632,588,0.609958506,0.267774639,0.267774639,0.038919251,0.000757354,0.000765011,0.78589578,0.308816088,0.480230511,0.544592639,0.266672018,2.064280981,0.293769782,0.293769782,0.094433731,0.319284294,0.201001652,0.626984127,0.697508897,0.293769782,0.455429498,[0.66634252],1008,0.190315251,0.453201669,0.650802435,0.323481234,0.340896813,0.662246512,0.662246512,0.484913691,-2815036.673,-0.051990285,0.835874049,0.668530945,0.75489106,,,,,,,,0.293769782,0.293769782,0.319284294
a37f31d9-0dd9-409e-bc07-9ba99eabbf52,LogisticRegressionCV,PREPROCESSING,UNAWARENESS,UNAWARENESS_FAIR_SMOTE,0.652079957,0.492289442,0.340896813,0.492289442,0.785714286,0.657686212,843,0.347920043,0.022138597,1.065944757,0.342313788,-0.217736429,0.579042904,0.507710558,-0.237797768,0.658165709,0.350819672,0.108721678,1.377128322,0.214285714,0.090425532,1.566666667,0.213507619,0.507710558,0.214285714,0.785714286,0.492289442,0.649180328,428,216,428,216,792,1220,631,792,415,0.657686212,0.16411165,0.16411165,0.00939676,4.41E-05,4.41E-05,0.784338605,0.307593523,0.479449593,0.653464029,0.199088802,1.938712552,0.237797768,0.237797768,0.163229054,0.1944476,0.304336245,0.785714286,0.492289442,0.237797768,0.455429498,[0.66634252],1008,0.190315251,0.453201669,0.563093623,0.292078829,0.347920043,0.639001864,0.639001864,0.534134214,-3585216.132,-0.147372236,0.912998977,0.56171537,0.720020227,,,,,,,,0.237797768,0.237797768,0.1944476
a37f31d9-0dd9-409e-bc07-9ba99eabbf52,AdaBoostClassifier,PREPROCESSING,UNAWARENESS,UNAWARENESS_FAIR_SMOTE,0.65099946,0.645314353,0.481361426,0.645314353,0.655753968,0.610549944,843,0.34900054,0.044745811,1.145684035,0.389450056,-0.116666667,0.75,0.354685647,-0.175578877,0.632880529,0.311458333,0.122681142,1.529759478,0.344246032,0.181554422,1.812672176,0.16547081,0.354685647,0.344246032,0.655753968,0.645314353,0.688541667,299,347,299,347,661,960,891,661,544,0.610549944,0.17856665,0.17856665,0.013827591,9.56E-05,9.60E-05,0.784545205,0.307755589,0.479551066,0.575275256,0.091944245,1.731831235,0.175578877,0.181554422,0.119673904,0.235231468,0.227713053,0.655753968,0.645314353,0.175578877,0.455429498,[0.66634252],1008,0.190315251,0.453201669,0.62745098,0.300078339,0.34900054,0.650534161,0.650534161,0.534370455,-2383689.57,0.005975545,0.9259668,0.641096609,0.777839033,,,,,,,,0.175578877,0.181554422,0.235231468
a37f31d9-0dd9-409e-bc07-9ba99eabbf52,SVC,PREPROCESSING,UNAWARENESS,UNAWARENESS_FAIR_SMOTE,0.662344679,0.78173191,0.594273366,0.78173191,0.5625,0.599090909,843,0.337655321,-0.058676512,0.847875709,0.400909091,-0.221387697,0.620478234,0.21826809,-0.419623522,0.257589154,0.245006658,-0.035051692,0.875970935,0.4375,0.224854932,1.75487013,0.122739478,0.21826809,0.4375,0.5625,0.78173191,0.754993342,184,441,184,441,567,751,1100,567,659,0.599090909,0.322239227,0.322239227,0.044947443,0.001010136,0.001028097,0.786491866,0.309284728,0.480536079,0.495458329,0.311502891,2.026590457,0.419623522,0.419623522,0.093168002,0.351973871,0.160003392,0.5625,0.78173191,0.419623522,0.455429498,[0.66634252],1008,0.190315251,0.453201669,0.678332476,0.349123328,0.337655321,0.672115955,0.672115955,0.455533829,-2824020.107,-0.194768589,0.729577357,0.703696392,0.718256022,,,,,,,,0.419623522,0.419623522,0.351973871
a37f31d9-0dd9-409e-bc07-9ba99eabbf52,CalibratedClassifierCV,PREPROCESSING,UNAWARENESS,UNAWARENESS_FAIR_SMOTE,0.641274986,0.444839858,0.308481902,0.444839858,0.805555556,0.656742557,843,0.358725014,0.035061062,1.104437207,0.343257443,-0.22697329,0.56496786,0.555160142,-0.251291021,0.669731801,0.365625,0.114540548,1.382892691,0.194444444,0.093414806,1.731749311,0.231642268,0.555160142,0.194444444,0.805555556,0.444839858,0.634375,468,196,468,196,812,1280,571,812,375,0.656742557,0.172352913,0.172352913,0.018286248,0.000167193,0.00016661,0.784342246,0.30759638,0.479451366,0.680650083,0.319606205,2.196386896,0.251291021,0.251291021,0.170756919,0.196549276,0.331013902,0.805555556,0.444839858,0.251291021,0.455429498,[0.66634252],1008,0.190315251,0.453201669,0.530410184,0.269989816,0.358725014,0.625197707,0.625197707,0.51744306,-2970602.01,-0.157876215,0.915082731,0.52698823,0.695554279,,,,,,,,0.251291021,0.251291021,0.196549276
a37f31d9-0dd9-409e-bc07-9ba99eabbf52,XGBClassifier,PREPROCESSING,UNAWARENESS,UNAWARENESS_FAIR_SMOTE,0.661264182,0.613285884,0.441923285,0.613285884,0.701388889,0.63202934,843,0.338735818,0.035614882,1.11332008,0.36797066,-0.133458647,0.718253968,0.386714116,-0.237631184,0.579575597,0.315585673,0.105857533,1.415287244,0.298611111,0.18247758,1.952938476,0.173943609,0.386714116,0.298611111,0.701388889,0.613285884,0.684414327,326,301,326,301,707,1033,818,707,517,0.63202934,0.210054382,0.210054382,0.028933601,0.000418577,0.000420932,0.784831202,0.307980007,0.479693056,0.589819648,0.207751985,1.948310139,0.237631184,0.237631184,0.11965809,0.257398466,0.242116654,0.701388889,0.613285884,0.237631184,0.455429498,[0.66634252],1008,0.190315251,0.453201669,0.622516556,0.31555798,0.338735818,0.657337386,0.657337386,0.519260788,-3545061.334,-0.055153604,0.892202992,0.631685495,0.758192529,,,,,,,,0.237631184,0.237631184,0.257398466
a37f31d9-0dd9-409e-bc07-9ba99eabbf52,LogisticRegressionCV,PREPROCESSING,UNAWARENESS,HYPERPARAMETER_FAIR_SMOTE,0.648838466,0.491103203,0.343057807,0.491103203,0.780753968,0.651968504,843,0.351161534,0.038412383,1.119505191,0.348031496,-0.180778423,0.62553041,0.508896797,-0.214142929,0.682239525,0.352796053,0.119391817,1.427499732,0.219246032,0.103129945,1.69244392,0.214837546,0.508896797,0.219246032,0.780753968,0.491103203,0.647203947,429,221,429,221,787,1216,635,787,414,0.651968504,0.158636437,0.158636437,0.016873981,0.000142366,0.000142013,0.784338605,0.307593523,0.479449593,0.655496066,0.199088802,1.938712552,0.214142929,0.214142929,0.15008512,0.1944476,0.305672708,0.780753968,0.491103203,0.214142929,0.455429498,[0.66634252],1008,0.190315251,0.453201669,0.560216509,0.285187967,0.351161534,0.635928586,0.635928586,0.535047141,-3698569.625,-0.111012983,0.929760662,0.559443513,0.724288722,17.23232698,149.1,0,202013.0549,0,841721.062,72.7153473,0.214142929,0.214142929,0.1944476
a37f31d9-0dd9-409e-bc07-9ba99eabbf52,AdaBoostClassifier,PREPROCESSING,UNAWARENESS,HYPERPARAMETER_FAIR_SMOTE,0.649378714,0.670225386,0.505672609,0.670225386,0.631944444,0.603632479,843,0.350621286,0.029466061,1.091672189,0.396367521,-0.12610275,0.741489362,0.329774614,-0.290604698,0.465287356,0.303825137,0.081651963,1.323341772,0.368055556,0.243845613,2.14607438,0.157794004,0.329774614,0.368055556,0.631944444,0.670225386,0.696174863,278,371,278,371,637,915,936,637,565,0.603632479,0.267225155,0.267225155,0.042468009,0.000901766,0.000909105,0.785812991,0.308751028,0.480188309,0.561772202,0.271048857,2.073898075,0.290604698,0.290604698,0.103877357,0.314498722,0.215543764,0.631944444,0.670225386,0.290604698,0.455429498,[0.66634252],1008,0.190315251,0.453201669,0.635188308,0.300986268,0.350621286,0.651084915,0.651084915,0.477098648,-2379084.322,-0.046759085,0.840287971,0.651281215,0.747338039,42.82764173,148.1,0,202267.0953,0,842779.5637,72.80679009,0.290604698,0.290604698,0.314498722
a37f31d9-0dd9-409e-bc07-9ba99eabbf52,GradientBoostingClassifier,PREPROCESSING,UNAWARENESS,UNAWARENESS_BAL_GAN_FAIR,0.681253377,0.572953737,0.385197191,0.572953737,0.771825397,0.677419355,843,0.318746623,0.015918773,1.051828564,0.322580645,-0.140610998,0.68042955,0.427046263,-0.354656005,0.490181992,0.316344464,0.067370198,1.24211165,0.228174603,0.186697732,2.59541698,0.181507042,0.427046263,0.228174603,0.771825397,0.572953737,0.683655536,360,230,360,230,778,1138,713,778,483,0.677419355,0.270676868,0.270676868,0.047754925,0.001140266,0.001147746,0.786055466,0.308941598,0.48031208,0.602506502,0.539610816,2.733200795,0.354656005,0.354656005,0.103990598,0.309500142,0.258089373,0.771825397,0.572953737,0.354656005,0.455429498,[0.66634252],1008,0.190315251,0.453201669,0.620822622,0.352832946,0.318746623,0.672389567,0.672389567,0.490389264,-2723436.357,-0.167958274,0.814130045,0.621891799,0.718891737,,,,,,,,0.354656005,0.354656005,0.309500142
a37f31d9-0dd9-409e-bc07-9ba99eabbf52,AdaBoostClassifier,PREPROCESSING,UNAWARENESS,UNAWARENESS_BAL_GAN_FAIR,0.676931388,0.575326216,0.391680173,0.575326216,0.761904762,0.668965517,843,0.323068612,0.039150809,1.133685691,0.331034483,-0.095833333,0.760416667,0.424673784,-0.313759787,0.534420962,0.317939609,0.087849231,1.32589231,0.238095238,0.195269914,2.83553719,0.181962841,0.424673784,0.238095238,0.761904762,0.575326216,0.682060391,358,240,358,240,768,1126,725,768,485,0.668965517,0.25451485,0.25451485,0.032464438,0.00052697,0.000536581,0.78578368,0.308727996,0.480173383,0.603262532,0.516976105,2.671968191,0.313759787,0.313759787,0.091841282,0.298565748,0.257857393,0.761904762,0.575326216,0.313759787,0.455429498,[0.66634252],1008,0.190315251,0.453201669,0.618622449,0.344059312,0.323068612,0.668615489,0.668615489,0.498442918,-2377962.666,-0.118489873,0.848475495,0.620874578,0.733273652,,,,,,,,0.313759787,0.313759787,0.298565748
a37f31d9-0dd9-409e-bc07-9ba99eabbf52,XGBClassifier,PREPROCESSING,UNAWARENESS,UNAWARENESS_BAL_GAN_FAIR,0.66180443,0.556346382,0.389519179,0.556346382,0.75,0.650485437,843,0.33819557,0.015364953,1.046762901,0.349514563,-0.184100418,0.631799163,0.443653618,-0.300349825,0.554319614,0.330973451,0.0875,1.310483871,0.25,0.152409003,1.955096419,0.191313694,0.443653618,0.25,0.75,0.556346382,0.669026549,374,252,374,252,756,1130,721,756,469,0.650485437,0.226379414,0.226379414,0.027424265,0.000376045,0.000377822,0.784947909,0.30807161,0.479751353,0.618568822,0.333756856,2.217362492,0.300349825,0.300349825,0.135800209,0.260863391,0.270233827,0.75,0.556346382,0.300349825,0.455429498,[0.66634252],1008,0.190315251,0.453201669,0.599744246,0.312859938,0.33819557,0.653173191,0.653173191,0.505308227,-3025413.669,-0.147940822,0.857911137,0.602913377,0.726267141,,,,,,,,0.300349825,0.300349825,0.260863391
a37f31d9-0dd9-409e-bc07-9ba99eabbf52,AdaBoostClassifier,PREPROCESSING,UNAWARENESS,HYPERPARAMETER_BAL_GAN_FAIR,0.692058347,0.606168446,0.404646137,0.606168446,0.763888889,0.682242991,843,0.307941653,0.008151093,1.027170311,0.317757009,-0.144488712,0.666564511,0.393831554,-0.314342829,0.501387237,0.301270417,0.063744589,1.241789819,0.236111111,0.161288905,2.166242848,0.16945536,0.393831554,0.236111111,0.763888889,0.606168446,0.698729583,332,238,332,238,770,1102,749,770,511,0.682242991,0.237815867,0.237815867,0.036531344,0.00066727,0.000670472,0.785384443,0.308414362,0.479970876,0.58216039,0.382696285,2.3286945,0.314342829,0.314342829,0.10411665,0.28472025,0.239903118,0.763888889,0.606168446,0.314342829,0.455429498,[0.66634252],1008,0.190315251,0.453201669,0.641959799,0.375475292,0.307941653,0.685028667,0.685028667,0.522117981,-2375276.607,-0.153053924,0.843101156,0.6448283,0.744935203,42.16380692,148,0,205274.3556,0,855309.8149,73.88926457,0.314342829,0.314342829,0.28472025
a37f31d9-0dd9-409e-bc07-9ba99eabbf52,GradientBoostingClassifier,PREPROCESSING,UNAWARENESS,UNAWARENESS_DEMV,0.688816856,0.59430605,0.397082658,0.59430605,0.767857143,0.681632653,843,0.311183144,-0.002158478,0.993132116,0.318367347,-0.177192982,0.620300752,0.40569395,-0.324587706,0.502298851,0.306451613,0.061257102,1.224609375,0.232142857,0.146518375,1.983766234,0.173550855,0.40569395,0.232142857,0.767857143,0.59430605,0.693548387,342,234,342,234,774,1116,735,774,501,0.681632653,0.235553041,0.235553041,0.036010575,0.000648381,0.000650837,0.785228177,0.308291645,0.479892047,0.589153383,0.366647796,2.29158383,0.324587706,0.324587706,0.119225042,0.276767964,0.246230075,0.767857143,0.59430605,0.324587706,0.455429498,[0.66634252],1008,0.190315251,0.453201669,0.634980989,0.368614654,0.311183144,0.681081596,0.681081596,0.520650755,-2684639.968,-0.178069331,0.836782307,0.637044151,0.73766009,,,,,,,,0.324587706,0.324587706,0.276767964
a37f31d9-0dd9-409e-bc07-9ba99eabbf52,AdaBoostClassifier,PREPROCESSING,UNAWARENESS,UNAWARENESS_DEMV,0.682333874,0.591933571,0.401404646,0.591933571,0.757936508,0.671601615,843,0.317666126,0.029210452,1.099743005,0.328398385,-0.121395655,0.710518053,0.408066429,-0.267699484,0.560207991,0.310469314,0.088080506,1.342884828,0.242063492,0.16335502,2.181182454,0.175862304,0.408066429,0.242063492,0.757936508,0.591933571,0.689530686,344,244,344,244,764,1108,743,764,499,0.671601615,0.215527252,0.215527252,0.028164244,0.000396612,0.000399334,0.785017281,0.308126066,0.47978609,0.593063747,0.326265062,2.199704996,0.267699484,0.267699484,0.104738081,0.265648963,0.248717635,0.757936508,0.591933571,0.267699484,0.455429498,[0.66634252],1008,0.190315251,0.453201669,0.62925599,0.355456589,0.317666126,0.674935039,0.674935039,0.529468145,-2377998.02,-0.104344463,0.87960956,0.63236237,0.753369649,,,,,,,,0.267699484,0.267699484,0.265648963
a37f31d9-0dd9-409e-bc07-9ba99eabbf52,XGBClassifier,PREPROCESSING,UNAWARENESS,UNAWARENESS_DEMV,0.659643436,0.540925267,0.377633712,0.540925267,0.758928571,0.652360515,843,0.340356564,0.043751775,1.14244764,0.347639485,-0.128540305,0.710784314,0.459074733,-0.275445611,0.591274255,0.3359375,0.105919658,1.386094238,0.241071429,0.171927202,2.346763085,0.196543129,0.459074733,0.241071429,0.758928571,0.540925267,0.6640625,387,243,387,243,765,1152,699,765,456,0.652360515,0.223686406,0.223686406,0.022457998,0.000252181,0.000255151,0.785020187,0.308128347,0.479787547,0.626965915,0.396780266,2.365805169,0.275445611,0.275445611,0.117229982,0.263405283,0.278334536,0.758928571,0.540925267,0.275445611,0.455429498,[0.66634252],1008,0.190315251,0.453201669,0.591439689,0.308027037,0.340356564,0.649926919,0.649926919,0.504547102,-2995087.828,-0.103518408,0.880939872,0.593419664,0.729466872,,,,,,,,0.275445611,0.275445611,0.263405283
a37f31d9-0dd9-409e-bc07-9ba99eabbf52,AdaBoostClassifier,PREPROCESSING,UNAWARENESS,HYPERPARAMETER_DEMV,0.689357104,0.613285884,0.413830362,0.613285884,0.75297619,0.674934726,843,0.310642896,0.026412951,1.092445328,0.325065274,-0.111783597,0.724840377,0.386714116,-0.270864568,0.538527033,0.300460829,0.08,1.32,0.24702381,0.169553367,2.226001271,0.168155456,0.386714116,0.24702381,0.75297619,0.613285884,0.699539171,326,249,326,249,759,1085,766,759,517,0.674934726,0.220208968,0.220208968,0.031033378,0.000481535,0.000484366,0.78515919,0.308237477,0.479857331,0.579923195,0.327111563,2.20054672,0.270864568,0.270864568,0.095891798,0.274410679,0.237070489,0.75297619,0.613285884,0.270864568,0.455429498,[0.66634252],1008,0.190315251,0.453201669,0.642635177,0.370345225,0.310642896,0.683131037,0.683131037,0.532699457,-2375504.981,-0.1013112,0.874202818,0.646930858,0.759806005,41.87223125,147.7,0,206052.1636,0,858550.6817,74.16923945,0.270864568,0.270864568,0.274410679
a37f31d9-0dd9-409e-bc07-9ba99eabbf52,GradientBoostingClassifier,PREPROCESSING,REWEIGHTER,REWEIGHTER,0.683414371,0.555160142,0.366828741,0.555160142,0.790674603,0.689248895,843,0.316585629,0.00778188,1.024760528,0.310751105,-0.178643725,0.612938596,0.444839858,-0.322088956,0.536997126,0.31996587,0.0738437,1.263068182,0.209325397,0.138869351,2.087809917,0.185840043,0.444839858,0.209325397,0.790674603,0.555160142,0.68003413,375,211,375,211,797,1172,679,797,468,0.689248895,0.230479153,0.230479153,0.029080598,0.000422841,0.000425172,0.785106015,0.308195727,0.479830608,0.60965571,0.427271296,2.440740174,0.322088956,0.322088956,0.126243712,0.267566032,0.266163744,0.790674603,0.555160142,0.322088956,0.455429498,[0.66634252],1008,0.190315251,0.453201669,0.614980289,0.35736662,0.316585629,0.672917373,0.672917373,0.517823946,-2705058.352,-0.183219604,0.846513879,0.613422728,0.727964487,,,,,,,,0.322088956,0.322088956,0.267566032
a37f31d9-0dd9-409e-bc07-9ba99eabbf52,LogisticRegressionCV,PREPROCESSING,REWEIGHTER,REWEIGHTER,0.665045921,0.430604982,0.271745003,0.430604982,0.861111111,0.72166998,843,0.334954079,0.03778756,1.123029266,0.27833002,-0.126997656,0.669806094,0.569395018,-0.339496918,0.589030046,0.356083086,0.094585851,1.316115871,0.138888889,0.138957271,3.612396694,0.226010798,0.569395018,0.138888889,0.861111111,0.430604982,0.643916914,480,140,480,140,868,1348,503,868,363,0.72166998,0.239227095,0.239227095,0.039104007,0.000764562,0.000771671,0.785251954,0.308310316,0.479904025,0.672325514,0.868399685,3.864505276,0.339496918,0.339496918,0.110791754,0.265989776,0.33139989,0.861111111,0.430604982,0.339496918,0.455429498,[0.66634252],1008,0.190315251,0.453201669,0.539375929,0.326569411,0.334954079,0.645858047,0.645858047,0.491351303,-2634426.999,-0.200539647,0.860374337,0.528172352,0.67769678,22.28495359,149.5,0,208731.2781,0,869713.6588,75.13359663,0.339496918,0.339496918,0.265989776
a37f31d9-0dd9-409e-bc07-9ba99eabbf52,AdaBoostClassifier,PREPROCESSING,REWEIGHTER,REWEIGHTER,0.678552134,0.551601423,0.368449487,0.551601423,0.784722222,0.681818182,843,0.321447866,0.019894916,1.064774146,0.318181818,-0.164262212,0.630410023,0.448398577,-0.279277028,0.585588926,0.323353293,0.088979413,1.324344314,0.215277778,0.126472657,1.990702479,0.188267918,0.448398577,0.215277778,0.784722222,0.551601423,0.676646707,378,217,378,217,791,1169,682,791,465,0.681818182,0.202874843,0.202874843,0.021399001,0.000228959,0.000231308,0.784712786,0.307887079,0.479634103,0.613625159,0.352279041,2.262719976,0.279277028,0.279277028,0.126620813,0.243524567,0.269000982,0.784722222,0.551601423,0.279277028,0.455429498,[0.66634252],1008,0.190315251,0.453201669,0.609836066,0.347217825,0.321447866,0.668161823,0.668161823,0.532608598,-2376859.778,-0.152804371,0.881279082,0.608962183,0.739545604,,,,,,,,0.279277028,0.279277028,0.243524567
a37f31d9-0dd9-409e-bc07-9ba99eabbf52,SVC,PREPROCESSING,REWEIGHTER,REWEIGHTER,0.659643436,0.387900356,0.238249595,0.387900356,0.886904762,0.741496599,843,0.340356564,0.041763703,1.135974849,0.258503401,-0.128342246,0.647058824,0.612099644,-0.321006164,0.621377346,0.365957447,0.100309851,1.331794121,0.113095238,0.114471602,3.690082645,0.239218309,0.612099644,0.113095238,0.886904762,0.387900356,0.634042553,516,114,516,114,894,1410,441,894,327,0.741496599,0.217738883,0.217738883,0.03316139,0.000549839,0.000554038,0.78481088,0.307964058,0.479682924,0.691691128,0.917679407,4.086390746,0.321006164,0.321006164,0.114326048,0.24250213,0.353919007,0.886904762,0.387900356,0.321006164,0.455429498,[0.66634252],1008,0.190315251,0.453201669,0.509345794,0.321247694,0.340356564,0.637402559,0.637402559,0.498615238,-2724895.887,-0.206534562,0.886842197,0.495273856,0.662399539,31.97161198,160.1,0,209070.6205,0,871127.5855,75.25574419,0.321006164,0.321006164,0.24250213
a37f31d9-0dd9-409e-bc07-9ba99eabbf52,RidgeClassifierCV,PREPROCESSING,REWEIGHTER,REWEIGHTER,0.66180443,0.46975089,0.310642896,0.46975089,0.822420635,0.688695652,843,0.33819557,0.032632775,1.103831556,0.311304348,-0.187699093,0.587061995,0.53024911,-0.260203232,0.647960334,0.35031348,0.105565194,1.366373321,0.177579365,0.098162476,1.922727273,0.216869542,0.53024911,0.177579365,0.822420635,0.46975089,0.64968652,447,179,447,179,829,1276,575,829,396,0.688695652,0.179182854,0.179182854,0.03791124,0.000718631,0.000720176,0.784406151,0.307646505,0.479482612,0.658588706,0.384860884,2.346828122,0.260203232,0.260203232,0.146632144,0.211644419,0.31316148,0.822420635,0.46975089,0.260203232,0.455429498,[0.66634252],1008,0.190315251,0.453201669,0.558533145,0.314429062,0.33819557,0.646085762,0.646085762,0.530318272,-2734424.744,-0.162040756,0.909501143,0.552464585,0.712234212,,,,,,,,0.260203232,0.260203232,0.211644419
a37f31d9-0dd9-409e-bc07-9ba99eabbf52,XGBClassifier,PREPROCESSING,REWEIGHTER,REWEIGHTER,0.650459211,0.516014235,0.364127499,0.516014235,0.762896825,0.645400593,843,0.349540789,0.068971883,1.235513747,0.354599407,-0.112797729,0.739155251,0.483985765,-0.114359487,0.789578544,0.34664401,0.151647751,1.624788732,0.237103175,0.119043432,1.699380165,0.206607416,0.483985765,0.237103175,0.762896825,0.516014235,0.65335599,408,239,408,239,769,1177,674,769,435,0.645400593,0.11670146,0.11670146,0.022735368,0.000258448,0.000262269,0.78438446,0.30762949,0.479471738,0.642817884,0.159429929,1.64741282,0.114359487,0.119043432,0.13222274,0.17110196,0.292724846,0.762896825,0.516014235,0.114359487,0.455429498,[0.66634252],1008,0.190315251,0.453201669,0.57350033,0.288663325,0.349540789,0.63945553,0.63945553,0.564830136,-3013148.277,0.004683945,0.980947682,0.574824458,0.752957452,19.91287827,172.6,0,209320.1175,0,872167.156,75.34555154,0.114359487,0.119043432,0.17110196
a37f31d9-0dd9-409e-bc07-9ba99eabbf52,LogisticRegressionCV,PREPROCESSING,REWEIGHTER,HYPERPARAMETER,0.671528903,0.483985765,0.313884387,0.483985765,0.828373016,0.702237522,843,0.328471097,0.023686453,1.075365986,0.297762478,-0.205615942,0.551383399,0.516014235,-0.244211228,0.659584349,0.342519685,0.102664577,1.360881543,0.171626984,0.075127484,1.641998497,0.209266745,0.516014235,0.171626984,0.828373016,0.483985765,0.657480315,435,173,435,173,835,1270,581,835,408,0.702237522,0.159669356,0.159669356,0.034007297,0.000578248,0.000574129,0.784338724,0.307593617,0.479449651,0.646941644,0.291594923,2.133863486,0.244211228,0.244211228,0.154140259,0.194376598,0.303551873,0.828373016,0.483985765,0.244211228,0.455429498,[0.66634252],1008,0.190315251,0.453201669,0.573033708,0.335202961,0.328471097,0.65617939,0.65617939,0.55140765,-2722801.6,-0.169083744,0.918241959,0.565993557,0.724895521,9.420947313,184.8,0,209435.6248,0,872648.4367,75.38712884,0.244211228,0.244211228,0.194376598
a37f31d9-0dd9-409e-bc07-9ba99eabbf52,AdaBoostClassifier,PREPROCESSING,REWEIGHTER,HYPERPARAMETER,0.680713128,0.549228944,0.364127499,0.549228944,0.790674603,0.68694362,843,0.319286872,0.021882988,1.071246937,0.31305638,-0.163851483,0.634485154,0.450771056,-0.259453607,0.602171137,0.322854715,0.093850511,1.347246892,0.209325397,0.122032706,1.882390337,0.188287965,0.450771056,0.209325397,0.790674603,0.549228944,0.677145285,380,211,380,211,797,1177,674,797,463,0.68694362,0.190743156,0.190743156,0.016622799,0.000138159,0.000138662,0.784578217,0.30778149,0.479567383,0.613657828,0.291134867,2.125865497,0.259453607,0.259453607,0.128850997,0.233214996,0.269647413,0.790674603,0.549228944,0.259453607,0.455429498,[0.66634252],1008,0.190315251,0.453201669,0.610415293,0.351788445,0.319286872,0.669951774,0.669951774,0.542163058,-2374593.037,-0.1374209,0.893804465,0.608764887,0.744422469,,,,,,,,0.259453607,0.259453607,0.233214996
a37f31d9-0dd9-409e-bc07-9ba99eabbf52,GradientBoostingClassifier,PREPROCESSING,REWEIGHTER,REWEIGHTER_SMOTE,0.683954619,0.600237248,0.40734738,0.600237248,0.753968254,0.671087533,843,0.316045381,0.037347345,1.130715706,0.328912467,-0.105239899,0.740947941,0.399762752,-0.249791771,0.574428835,0.307201459,0.094422701,1.377690802,0.246031746,0.169553367,2.226001271,0.17311389,0.399762752,0.246031746,0.753968254,0.600237248,0.692798541,337,248,337,248,760,1097,754,760,506,0.671087533,0.209672569,0.209672569,0.028019017,0.000392533,0.000395866,0.784971622,0.308090224,0.479763221,0.588411234,0.305154593,2.152708748,0.249791771,0.249791771,0.0998313,0.263476285,0.244396257,0.753968254,0.600237248,0.249791771,0.455429498,[0.66634252],1008,0.190315251,0.453201669,0.633688165,0.359013161,0.316045381,0.677102751,0.677102751,0.535132878,-2698928.371,-0.080238403,0.891228451,0.63746287,0.761337663,,,,,,,,0.249791771,0.249791771,0.263476285
a37f31d9-0dd9-409e-bc07-9ba99eabbf52,LogisticRegressionCV,PREPROCESSING,REWEIGHTER,REWEIGHTER_SMOTE,0.678552134,0.588374852,0.401944895,0.588374852,0.753968254,0.666666667,843,0.321447866,-0.024765692,0.927766733,0.333333333,-0.238066282,0.557876906,0.411625148,-0.417291354,0.435429344,0.313459801,0.037754386,1.126588235,0.246031746,0.165113417,2.108618654,0.177804623,0.411625148,0.246031746,0.753968254,0.588374852,0.686540199,347,248,347,248,760,1107,744,760,496,0.666666667,0.291202385,0.291202385,0.046702263,0.001090551,0.001101426,0.786230829,0.309079458,0.480401906,0.596329812,0.531206919,2.708365193,0.417291354,0.417291354,0.137910334,0.317267822,0.251201489,0.753968254,0.588374852,0.417291354,0.455429498,[0.66634252],1008,0.190315251,0.453201669,0.625078765,0.347732563,0.321447866,0.671171553,0.671171553,0.475724796,-2642860.155,-0.252177938,0.759564347,0.628519542,0.697259916,22.47811508,150,0,211288.8659,0,880370.2747,76.05420984,0.417291354,0.417291354,0.317267822
a37f31d9-0dd9-409e-bc07-9ba99eabbf52,AdaBoostClassifier,PREPROCESSING,REWEIGHTER,REWEIGHTER_SMOTE,0.670988655,0.577698695,0.399783901,0.577698695,0.749007937,0.658108108,843,0.329011345,0.021882988,1.071246937,0.341891892,-0.174233339,0.622494432,0.422301305,-0.156505081,0.712030651,0.320432043,0.115132339,1.46513465,0.250992063,0.075039564,1.391873278,0.182727629,0.422301305,0.250992063,0.749007937,0.577698695,0.679567957,356,253,356,253,755,1111,740,755,487,0.658108108,0.115772322,0.115772322,0.045188374,0.001020995,0.001016829,0.784401156,0.307642587,0.479479777,0.604528955,0.107978606,1.602181781,0.156505081,0.156505081,0.144682839,0.167750639,0.257901624,0.749007937,0.577698695,0.156505081,0.455429498,[0.66634252],1008,0.190315251,0.453201669,0.615287429,0.332146067,0.329011345,0.663353316,0.663353316,0.586555362,-2376380.223,-0.081465517,0.953107345,0.618990505,0.774045156,,,,,,,,0.156505081,0.156505081,0.167750639
a37f31d9-0dd9-409e-bc07-9ba99eabbf52,SVC,PREPROCESSING,REWEIGHTER,REWEIGHTER_SMOTE,0.68719611,0.603795967,0.40734738,0.603795967,0.756944444,0.675066313,843,0.31280389,-0.051973871,0.854473161,0.324933687,-0.290462428,0.50206441,0.396204033,-0.48567383,0.379416773,0.304466727,0.007930326,1.025553274,0.243055556,0.165113417,2.108618654,0.171325279,0.396204033,0.243055556,0.756944444,0.603795967,0.695533273,334,245,334,245,763,1097,754,763,509,0.675066313,0.325393623,0.325393623,0.057076957,0.00162889,0.001650854,0.787073937,0.309742691,0.480837144,0.585363612,0.635021022,3.00944334,0.48567383,0.48567383,0.149196377,0.344476001,0.242035938,0.756944444,0.603795967,0.48567383,0.455429498,[0.66634252],1008,0.190315251,0.453201669,0.63744521,0.365636769,0.31280389,0.680370206,0.680370206,0.458982079,-2735375.723,-0.320560413,0.69609192,0.641006525,0.671365774,35.06638408,160.2,0,211646.9942,0,881862.476,76.18311945,0.48567383,0.48567383,0.344476001
a37f31d9-0dd9-409e-bc07-9ba99eabbf52,RidgeClassifierCV,PREPROCESSING,REWEIGHTER,REWEIGHTER_SMOTE,0.674230146,0.567022539,0.386817936,0.567022539,0.763888889,0.667597765,843,0.325769854,0.035984095,1.119946985,0.332402235,-0.147454497,0.665769806,0.432977461,-0.190404798,0.675606641,0.321585903,0.114925876,1.451190476,0.236111111,0.111086689,1.696143251,0.185053644,0.432977461,0.236111111,0.763888889,0.567022539,0.678414097,365,238,365,238,770,1135,716,770,478,0.667597765,0.150745743,0.150745743,0.040992918,0.00084021,0.000843949,0.784349575,0.307602128,0.479454937,0.608364437,0.177509517,1.825517483,0.190404798,0.190404798,0.131190187,0.200482817,0.262458245,0.763888889,0.567022539,0.190404798,0.455429498,[0.66634252],1008,0.190315251,0.453201669,0.613213598,0.338377421,0.325769854,0.665455714,0.665455714,0.565141098,-2766025.592,-0.079318109,0.937006218,0.615066101,0.765325118,,,,,,,,0.190404798,0.190404798,0.200482817
a37f31d9-0dd9-409e-bc07-9ba99eabbf52,XGBClassifier,PREPROCESSING,REWEIGHTER,REWEIGHTER_SMOTE,0.660723933,0.548042705,0.383036197,0.548042705,0.754960317,0.651622003,843,0.339276067,0.045924453,1.153081511,0.348377997,-0.139130435,0.690821256,0.451957295,-0.129018824,0.752713921,0.333625219,0.135457875,1.564407814,0.245039683,0.103965184,1.542929293,0.194104045,0.451957295,0.245039683,0.754960317,0.548042705,0.666374781,381,247,381,247,761,1142,709,761,462,0.651622003,0.116492004,0.116492004,0.021386204,0.000228685,0.000230458,0.78438016,0.307626118,0.479469665,0.623063472,0.096115671,1.600397614,0.129018824,0.129018824,0.137294155,0.171542176,0.274573606,0.754960317,0.548042705,0.129018824,0.455429498,[0.66634252],1008,0.190315251,0.453201669,0.595360825,0.310409385,0.339276067,0.651501511,0.651501511,0.575606795,-2984663.675,-0.02505364,0.968952896,0.597869144,0.765362905,19.94740891,172.5,0,211892.9239,0,882887.183,76.27164275,0.129018824,0.129018824,0.171542176
a37f31d9-0dd9-409e-bc07-9ba99eabbf52,LogisticRegressionCV,PREPROCESSING,REWEIGHTER,HYPERPARAMETER_SMOTE,0.675850891,0.586002372,0.402485143,0.586002372,0.750992063,0.663087248,843,0.324149109,-0.021783584,0.936464546,0.336912752,-0.23431708,0.562608117,0.413997628,-0.387889389,0.459305701,0.315551537,0.045951202,1.155955596,0.249007937,0.152409003,1.955096419,0.179139729,0.413997628,0.249007937,0.750992063,0.586002372,0.684448463,349,251,349,251,757,1106,745,757,494,0.663087248,0.270149196,0.270149196,0.040015412,0.000800617,0.000807412,0.785707523,0.308668156,0.480134636,0.598564498,0.448526849,2.490059642,0.387889389,0.387889389,0.140134141,0.298011928,0.252891372,0.750992063,0.586002372,0.387889389,0.455429498,[0.66634252],1008,0.190315251,0.453201669,0.622166247,0.342224489,0.324149109,0.668497218,0.668497218,0.487903232,-2651567.527,-0.235480386,0.78531373,0.625862975,0.708008479,9.528170347,185,0,212012.4167,0,883385.0694,76.31465461,0.387889389,0.387889389,0.298011928
a37f31d9-0dd9-409e-bc07-9ba99eabbf52,AdaBoostClassifier,PREPROCESSING,REWEIGHTER,HYPERPARAMETER_SMOTE,0.683954619,0.633451957,0.437601297,0.633451957,0.726190476,0.659259259,843,0.316045381,0.016287986,1.055617514,0.340740741,-0.142355362,0.673420053,0.366548043,-0.213310012,0.591155811,0.296829971,0.087628763,1.368771044,0.273809524,0.129066292,1.713660671,0.16364681,0.366548043,0.273809524,0.726190476,0.633451957,0.703170029,309,276,309,276,732,1041,810,732,534,0.659259259,0.171188152,0.171188152,0.028213857,0.000398011,0.000404011,0.784510097,0.307728046,0.479533738,0.572095814,0.141874242,1.823418464,0.213310012,0.213310012,0.114992062,0.229380858,0.228449568,0.726190476,0.633451957,0.213310012,0.455429498,[0.66634252],1008,0.190315251,0.453201669,0.646098004,0.361033172,0.316045381,0.679821217,0.679821217,0.563443879,-2375350.289,-0.08424372,0.911498954,0.653809887,0.779782194,,,,,,,,0.213310012,0.213310012,0.229380858
a37f31d9-0dd9-409e-bc07-9ba99eabbf52,GradientBoostingClassifier,PREPROCESSING,REWEIGHTER,REWEIGHTER_ROS,0.67639114,0.610913405,0.424635332,0.610913405,0.731150794,0.655216285,843,0.32360886,0.009769952,1.03108621,0.344783715,-0.162745098,0.654166667,0.389086595,-0.284940863,0.531882868,0.307981221,0.076574863,1.289890553,0.268849206,0.154167399,1.905733471,0.17174491,0.389086595,0.268849206,0.731150794,0.610913405,0.692018779,328,271,328,271,737,1065,786,737,515,0.655216285,0.219554131,0.219554131,0.025507827,0.000325325,0.000328372,0.784963088,0.308083525,0.479758949,0.586080045,0.275258642,2.087475149,0.284940863,0.284940863,0.119659981,0.264101108,0.240690629,0.731150794,0.610913405,0.284940863,0.455429498,[0.66634252],1008,0.190315251,0.453201669,0.632289748,0.344639934,0.32360886,0.671032099,0.671032099,0.52370423,-2697624,-0.130773464,0.863017279,0.638721724,0.75012464,,,,,,,,0.284940863,0.284940863,0.264101108
a37f31d9-0dd9-409e-bc07-9ba99eabbf52,LogisticRegressionCV,PREPROCESSING,REWEIGHTER,REWEIGHTER_ROS,0.682874122,0.616844603,0.423554835,0.616844603,0.738095238,0.663265306,843,0.317125878,-0.028557228,0.914935916,0.336734694,-0.216132597,0.584360391,0.383155397,-0.463268366,0.373225152,0.302717901,0.015362945,1.051962902,0.261904762,0.202611219,2.465034965,0.168633909,0.383155397,0.261904762,0.738095238,0.616844603,0.697282099,323,264,323,264,744,1067,784,744,520,0.663265306,0.332939792,0.332939792,0.067613932,0.002285822,0.002321914,0.787553635,0.310120364,0.481087091,0.580747636,0.640178583,3.022664016,0.463268366,0.463268366,0.115747771,0.361190003,0.236624585,0.738095238,0.616844603,0.463268366,0.455429498,[0.66634252],1008,0.190315251,0.453201669,0.639213276,0.357732636,0.317125878,0.67746992,0.67746992,0.451913226,-2512152.566,-0.260657147,0.71142709,0.645164668,0.681432509,22.48089051,149.9,0,213384.2112,0,889100.8802,76.80843715,0.463268366,0.463268366,0.361190003
a37f31d9-0dd9-409e-bc07-9ba99eabbf52,AdaBoostClassifier,PREPROCESSING,REWEIGHTER,REWEIGHTER_ROS,0.673149649,0.595492289,0.413830362,0.595492289,0.738095238,0.65535248,843,0.326850351,0.041323488,1.144632207,0.34464752,-0.127690747,0.696734475,0.404507711,-0.153923038,0.704980843,0.314285714,0.120921096,1.513914657,0.261904762,0.112845085,1.662964876,0.176977931,0.404507711,0.261904762,0.738095238,0.595492289,0.685714286,341,264,341,264,744,1085,766,744,502,0.65535248,0.133384062,0.133384062,0.031020604,0.000481139,0.000477337,0.784336937,0.307592215,0.479448782,0.594941898,0.077568436,1.710264727,0.153923038,0.153923038,0.124305921,0.19278614,0.248792256,0.738095238,0.595492289,0.153923038,0.455429498,[0.66634252],1008,0.190315251,0.453201669,0.623990056,0.337306417,0.326850351,0.666793764,0.666793764,0.577854103,-2377126.876,-0.041077953,0.955250107,0.629270349,0.78170268,,,,,,,,0.153923038,0.153923038,0.19278614
a37f31d9-0dd9-409e-bc07-9ba99eabbf52,SVC,PREPROCESSING,REWEIGHTER,REWEIGHTER_ROS,0.681253377,0.578884935,0.390599676,0.578884935,0.766865079,0.674965422,843,0.318746623,-0.041039477,0.885089463,0.325034578,-0.290650407,0.50174216,0.421115065,-0.449275362,0.425925926,0.314716312,0.028176573,1.09079118,0.233134921,0.148584491,1.997638725,0.179833138,0.421115065,0.233134921,0.766865079,0.578884935,0.685283688,355,235,355,235,773,1128,723,773,488,0.674965422,0.298929927,0.298929927,0.04659152,0.001085385,0.001099234,0.786297931,0.309132218,0.480436344,0.599721832,0.581648672,2.852882704,0.449275362,0.449275362,0.15941349,0.317637035,0.255229631,0.766865079,0.578884935,0.449275362,0.455429498,[0.66634252],1008,0.190315251,0.453201669,0.623243934,0.352925112,0.318746623,0.672875007,0.672875007,0.471732531,-2735836.207,-0.300690871,0.734268664,0.625019552,0.68309696,34.98689198,160.1,0,213741.5557,0,890589.8153,76.9370646,0.449275362,0.449275362,0.317637035
a37f31d9-0dd9-409e-bc07-9ba99eabbf52,RidgeClassifierCV,PREPROCESSING,REWEIGHTER,REWEIGHTER_ROS,0.66558617,0.542111507,0.372771475,0.542111507,0.768849206,0.662318841,843,0.33441383,0.060210168,1.210735586,0.337681159,-0.105791284,0.739590685,0.457888493,-0.171247709,0.708244643,0.332472007,0.130701754,1.522807018,0.231150794,0.132363285,1.957088366,0.194637632,0.457888493,0.231150794,0.768849206,0.542111507,0.667527993,386,233,386,233,775,1161,690,775,457,0.662318841,0.151805497,0.151805497,0.036108488,0.000651911,0.000657607,0.784364098,0.307613519,0.479462026,0.623919277,0.195268031,1.89612326,0.171247709,0.171247709,0.118246519,0.204828174,0.276502617,0.768849206,0.542111507,0.171247709,0.455429498,[0.66634252],1008,0.190315251,0.453201669,0.596216569,0.320264588,0.33441383,0.655480356,0.655480356,0.555974835,-2758422.098,-0.038884425,0.952778389,0.597096094,0.759007938,,,,,,,,0.171247709,0.171247709,0.204828174
a37f31d9-0dd9-409e-bc07-9ba99eabbf52,XGBClassifier,PREPROCESSING,REWEIGHTER,REWEIGHTER_ROS,0.659643436,0.575326216,0.408968125,0.575326216,0.73015873,0.640686922,843,0.340356564,0.054061346,1.184599719,0.359313078,-0.119549241,0.725739978,0.424673784,-0.138597368,0.734355045,0.327239488,0.136208013,1.573208723,0.26984127,0.127000176,1.702236266,0.185979183,0.424673784,0.26984127,0.73015873,0.575326216,0.672760512,358,272,358,272,736,1094,757,736,485,0.640686922,0.132798772,0.132798772,0.02763487,0.000381843,0.000384016,0.784336241,0.30759167,0.479448444,0.609883895,0.067986243,1.68068512,0.138597368,0.138597368,0.127878627,0.189619426,0.261213908,0.73015873,0.575326216,0.138597368,0.455429498,[0.66634252],1008,0.190315251,0.453201669,0.60625,0.30944058,0.340356564,0.652742473,0.652742473,0.566059074,-3005271.629,-0.011597192,0.963674717,0.611795493,0.773106704,19.98261786,172.2,0,213983.8263,0,891599.2763,77.02427081,0.138597368,0.138597368,0.189619426
a37f31d9-0dd9-409e-bc07-9ba99eabbf52,LogisticRegressionCV,PREPROCESSING,REWEIGHTER,HYPERPARAMETER_ROS,0.676931388,0.575326216,0.391680173,0.575326216,0.761904762,0.668965517,843,0.323068612,-0.021783584,0.936464546,0.331034483,-0.239471639,0.555266955,0.424673784,-0.403881393,0.453572233,0.317939609,0.044220139,1.148267526,0.238095238,0.156848954,2.053128689,0.181962841,0.424673784,0.238095238,0.761904762,0.575326216,0.682060391,358,240,358,240,768,1126,725,768,485,0.668965517,0.280365173,0.280365173,0.045841419,0.001050718,0.001059395,0.785950635,0.3088592,0.480258507,0.603262532,0.50924995,2.649487689,0.403881393,0.403881393,0.141845889,0.306333428,0.257857393,0.761904762,0.575326216,0.403881393,0.455429498,[0.66634252],1008,0.190315251,0.453201669,0.618622449,0.344059312,0.323068612,0.668615489,0.668615489,0.481158992,-2647156.84,-0.247032439,0.773083806,0.620874578,0.699581856,9.509582758,184.7,0,214103.1802,0,892096.5843,77.0672327,0.403881393,0.403881393,0.306333428
a37f31d9-0dd9-409e-bc07-9ba99eabbf52,AdaBoostClassifier,PREPROCESSING,REWEIGHTER,HYPERPARAMETER_ROS,0.680713128,0.62514828,0.433279308,0.62514828,0.72718254,0.657107232,843,0.319286872,0.007966487,1.025937399,0.342892768,-0.162913707,0.647020301,0.37485172,-0.227386307,0.581609195,0.301239276,0.084467199,1.341247485,0.27281746,0.122560225,1.640036731,0.166701261,0.37485172,0.27281746,0.72718254,0.62514828,0.698760724,316,275,316,275,733,1049,802,733,527,0.657107232,0.174973266,0.174973266,0.020438435,0.000208865,0.000211404,0.784493405,0.307714951,0.479525509,0.577410185,0.13795651,1.816281796,0.227386307,0.227386307,0.123690453,0.227392786,0.233024022,0.72718254,0.62514828,0.227386307,0.455429498,[0.66634252],1008,0.190315251,0.453201669,0.640729483,0.354094971,0.319286872,0.67616541,0.67616541,0.55785454,-2375534.574,-0.104826082,0.902219709,0.648033658,0.772379782,,,,,,,,0.227386307,0.227386307,0.227392786
a37f31d9-0dd9-409e-bc07-9ba99eabbf52,GradientBoostingClassifier,PREPROCESSING,REWEIGHTER,REWEIGHTER_RUS,0.682874122,0.613285884,0.420313344,0.613285884,0.741071429,0.664524422,843,0.317125878,0.003805737,1.012109163,0.335475578,-0.171783454,0.634960159,0.386714116,-0.283025154,0.535030104,0.303821062,0.073150644,1.276927438,0.258928571,0.139704589,1.820764463,0.169652229,0.386714116,0.258928571,0.741071429,0.613285884,0.696178938,326,261,326,261,747,1073,778,747,517,0.664524422,0.211364872,0.211364872,0.025517234,0.000325565,0.000329713,0.784842472,0.307988853,0.479698678,0.582498461,0.259463645,2.054730441,0.283025154,0.283025154,0.122467049,0.256148821,0.238335921,0.741071429,0.613285884,0.283025154,0.455429498,[0.66634252],1008,0.190315251,0.453201669,0.637877853,0.357516255,0.317125878,0.677178656,0.677178656,0.534046876,-2686635.563,-0.143320565,0.865700633,0.643409843,0.754050909,,,,,,,,0.283025154,0.283025154,0.256148821
a37f31d9-0dd9-409e-bc07-9ba99eabbf52,LogisticRegressionCV,PREPROCESSING,REWEIGHTER,REWEIGHTER_RUS,0.677471637,0.586002372,0.400864398,0.586002372,0.753968254,0.665768194,843,0.322528363,-0.023771656,0.930666004,0.334231806,-0.236686391,0.56043956,0.413997628,-0.417291354,0.435429344,0.314697926,0.038427733,1.128845927,0.246031746,0.167179532,2.122491145,0.178750367,0.413997628,0.246031746,0.753968254,0.586002372,0.685302074,349,248,349,248,760,1109,742,760,494,0.665768194,0.292235443,0.292235443,0.048629591,0.001182419,0.001193107,0.78625712,0.30910013,0.480415395,0.597913652,0.533179307,2.713717694,0.417291354,0.417291354,0.137557062,0.318261857,0.252567961,0.753968254,0.586002372,0.417291354,0.455429498,[0.66634252],1008,0.190315251,0.453201669,0.623343849,0.345475873,0.322528363,0.669985313,0.669985313,0.474191858,-2618529.299,-0.250111822,0.759361404,0.626722796,0.696213342,22.1031692,149.1,0,214951.3572,0,895630.655,77.37253714,0.417291354,0.417291354,0.318261857
a37f31d9-0dd9-409e-bc07-9ba99eabbf52,AdaBoostClassifier,PREPROCESSING,REWEIGHTER,REWEIGHTER_RUS,0.681253377,0.616844603,0.425175581,0.616844603,0.735119048,0.660736976,843,0.318746623,0.031198523,1.106531542,0.339263024,-0.139844062,0.681466302,0.383155397,-0.155172414,0.689655172,0.303571429,0.115167115,1.495719322,0.264880952,0.110163531,1.575298439,0.168985964,0.383155397,0.264880952,0.735119048,0.616844603,0.696428571,323,267,323,267,741,1064,787,741,520,0.660736976,0.132667972,0.132667972,0.027708356,0.000383877,0.000386397,0.784336617,0.307591964,0.479448627,0.581353531,0.054216368,1.656403045,0.155172414,0.155172414,0.127505589,0.19223232,0.236927471,0.735119048,0.616844603,0.155172414,0.455429498,[0.66634252],1008,0.190315251,0.453201669,0.63803681,0.354555059,0.318746623,0.675981825,0.675981825,0.586300687,-2378876.638,-0.045008883,0.950334464,0.644282272,0.789587496,,,,,,,,0.155172414,0.155172414,0.19223232
a37f31d9-0dd9-409e-bc07-9ba99eabbf52,SVC,PREPROCESSING,REWEIGHTER,REWEIGHTER_RUS,0.685035116,0.603795967,0.409508374,0.603795967,0.75297619,0.671503958,843,0.314964884,-0.039860835,0.8861119,0.328496042,-0.261149425,0.533661741,0.396204033,-0.462018991,0.392775041,0.30558097,0.017966223,1.059031877,0.24702381,0.173377879,2.164108619,0.171848647,0.396204033,0.24702381,0.75297619,0.603795967,0.69441903,334,249,334,249,759,1093,758,759,509,0.671503958,0.317698435,0.317698435,0.057871961,0.001674582,0.00169577,0.786910019,0.309613689,0.480752107,0.586257021,0.60077386,2.905765408,0.462018991,0.462018991,0.139557824,0.340315251,0.242471726,0.75297619,0.603795967,0.462018991,0.455429498,[0.66634252],1008,0.190315251,0.453201669,0.635852592,0.361318604,0.314964884,0.678386079,0.678386079,0.462863883,-2720395.09,-0.288641111,0.717151461,0.639841751,0.681843751,30.26628876,159.4,0,215263.676,0,896931.9835,77.48495746,0.462018991,0.462018991,0.340315251
a37f31d9-0dd9-409e-bc07-9ba99eabbf52,RidgeClassifierCV,PREPROCESSING,REWEIGHTER,REWEIGHTER_RUS,0.67639114,0.570581257,0.387898433,0.570581257,0.764880952,0.669916435,843,0.32360886,0.01971031,1.062714621,0.330083565,-0.180995475,0.615384615,0.429418743,-0.210228219,0.654625068,0.319505737,0.104643383,1.396149949,0.235119048,0.094250044,1.553719008,0.183466954,0.429418743,0.235119048,0.764880952,0.570581257,0.680494263,362,237,362,237,771,1133,718,771,481,0.669916435,0.152239132,0.152239132,0.05215719,0.001360186,0.001362185,0.784341186,0.307595548,0.479450849,0.605750698,0.229754207,1.809145129,0.210228219,0.210228219,0.142819429,0.196506674,0.260273881,0.764880952,0.570581257,0.210228219,0.455429498,[0.66634252],1008,0.190315251,0.453201669,0.616271621,0.342854994,0.32360886,0.667731105,0.667731105,0.566076301,-2717010.083,-0.115978175,0.923853714,0.618085888,0.762246233,,,,,,,,0.210228219,0.210228219,0.196506674
a37f31d9-0dd9-409e-bc07-9ba99eabbf52,XGBClassifier,PREPROCESSING,REWEIGHTER,REWEIGHTER_RUS,0.654240951,0.581257414,0.419773096,0.581257414,0.715277778,0.630630631,843,0.345759049,0.025674524,1.081691668,0.369369369,-0.165557246,0.653118151,0.418742586,-0.130268199,0.739463602,0.32867784,0.12594697,1.5256917,0.284722222,0.084446984,1.378000787,0.185216675,0.418742586,0.284722222,0.715277778,0.581257414,0.67132216,353,287,353,287,721,1074,777,721,490,0.630630631,0.107357592,0.107357592,0.03304907,0.000546121,0.000549862,0.784440132,0.307673161,0.479498512,0.60863236,0.082723352,1.511838063,0.130268199,0.130268199,0.145752108,0.160863391,0.259202006,0.715277778,0.581257414,0.130268199,0.455429498,[0.66634252],1008,0.190315251,0.453201669,0.604938272,0.299231731,0.345759049,0.648267596,0.648267596,0.578671148,-3026822.668,-0.045821215,0.963227107,0.612000318,0.773082138,19.95196223,171.2,0,215499.6623,0,897915.2597,77.5699016,0.130268199,0.130268199,0.160863391
a37f31d9-0dd9-409e-bc07-9ba99eabbf52,LogisticRegressionCV,PREPROCESSING,REWEIGHTER,HYPERPARAMETER_RUS,0.675850891,0.582443654,0.399243652,0.582443654,0.753968254,0.664411367,843,0.324149109,-0.023771656,0.930666004,0.335588633,-0.239060341,0.556030796,0.417556346,-0.411544228,0.443204868,0.316546763,0.040368247,1.135352359,0.246031746,0.160981185,2.080873672,0.180173781,0.417556346,0.246031746,0.753968254,0.582443654,0.683453237,352,248,352,248,760,1112,739,760,491,0.664411367,0.286262707,0.286262707,0.043666127,0.000953365,0.000962379,0.786101394,0.308977701,0.480335581,0.600289564,0.521286203,2.681602692,0.411544228,0.411544228,0.139714294,0.312297643,0.254621081,0.753968254,0.582443654,0.411544228,0.455429498,[0.66634252],1008,0.190315251,0.453201669,0.620733249,0.342090332,0.324149109,0.668205954,0.668205954,0.476923509,-2627351.415,-0.250563043,0.765439652,0.624022554,0.697678584,9.259511709,182.8,0,215607.4351,0,898364.3131,77.60869482,0.411544228,0.411544228,0.312297643
a37f31d9-0dd9-409e-bc07-9ba99eabbf52,AdaBoostClassifier,PREPROCESSING,REWEIGHTER,HYPERPARAMETER_RUS,0.686655862,0.646500593,0.446785521,0.646500593,0.720238095,0.659008464,843,0.313344138,0.008151093,1.027170311,0.340991536,-0.153846154,0.658119658,0.353499407,-0.222888556,0.572796935,0.291015625,0.080987654,1.33744856,0.279761905,0.126692456,1.661616162,0.159378123,0.353499407,0.279761905,0.720238095,0.646500593,0.708984375,298,282,298,282,726,1024,827,726,545,0.659008464,0.174790506,0.174790506,0.024770403,0.000306786,0.00031065,0.784523194,0.307738321,0.479540199,0.564585021,0.134315243,1.809145129,0.222888556,0.222888556,0.117416904,0.231184323,0.221725154,0.720238095,0.646500593,0.222888556,0.455429498,[0.66634252],1008,0.190315251,0.453201669,0.652694611,0.367365229,0.313344138,0.683369344,0.683369344,0.563922871,-2376219.686,-0.096196099,0.903529566,0.66148756,0.781048178,,,,,,,,0.222888556,0.222888556,0.231184323
a37f31d9-0dd9-409e-bc07-9ba99eabbf52,GradientBoostingClassifier,PREPROCESSING,REWEIGHTER,REWEIGHTER_FOS,0.683414371,0.555160142,0.366828741,0.555160142,0.790674603,0.689248895,843,0.316585629,0.00778188,1.024760528,0.310751105,-0.178643725,0.612938596,0.444839858,-0.322088956,0.536997126,0.31996587,0.0738437,1.263068182,0.209325397,0.138869351,2.087809917,0.185840043,0.444839858,0.209325397,0.790674603,0.555160142,0.68003413,375,211,375,211,797,1172,679,797,468,0.689248895,0.230479153,0.230479153,0.029080598,0.000422841,0.000425172,0.785106015,0.308195727,0.479830608,0.60965571,0.427271296,2.440740174,0.322088956,0.322088956,0.126243712,0.267566032,0.266163744,0.790674603,0.555160142,0.322088956,0.455429498,[0.66634252],1008,0.190315251,0.453201669,0.614980289,0.35736662,0.316585629,0.672917373,0.672917373,0.517823946,-2705315.295,-0.183219604,0.846513879,0.613422728,0.727964487,,,,,,,,0.322088956,0.322088956,0.267566032
a37f31d9-0dd9-409e-bc07-9ba99eabbf52,LogisticRegressionCV,PREPROCESSING,REWEIGHTER,REWEIGHTER_FOS,0.665045921,0.430604982,0.271745003,0.430604982,0.861111111,0.72166998,843,0.334954079,0.03778756,1.123029266,0.27833002,-0.126997656,0.669806094,0.569395018,-0.339496918,0.589030046,0.356083086,0.094585851,1.316115871,0.138888889,0.138957271,3.612396694,0.226010798,0.569395018,0.138888889,0.861111111,0.430604982,0.643916914,480,140,480,140,868,1348,503,868,363,0.72166998,0.239227095,0.239227095,0.039104007,0.000764562,0.000771671,0.785251954,0.308310316,0.479904025,0.672325514,0.868399685,3.864505276,0.339496918,0.339496918,0.110791754,0.265989776,0.33139989,0.861111111,0.430604982,0.339496918,0.455429498,[0.66634252],1008,0.190315251,0.453201669,0.539375929,0.326569411,0.334954079,0.645858047,0.645858047,0.491351303,-2634426.999,-0.200539647,0.860374337,0.528172352,0.67769678,27.92464685,148.8,0,215536.2423,0,898067.6762,77.5830687,0.339496918,0.339496918,0.265989776
a37f31d9-0dd9-409e-bc07-9ba99eabbf52,AdaBoostClassifier,PREPROCESSING,REWEIGHTER,REWEIGHTER_FOS,0.678552134,0.551601423,0.368449487,0.551601423,0.784722222,0.681818182,843,0.321447866,0.019894916,1.064774146,0.318181818,-0.164262212,0.630410023,0.448398577,-0.279277028,0.585588926,0.323353293,0.088979413,1.324344314,0.215277778,0.126472657,1.990702479,0.188267918,0.448398577,0.215277778,0.784722222,0.551601423,0.676646707,378,217,378,217,791,1169,682,791,465,0.681818182,0.202874843,0.202874843,0.021399001,0.000228959,0.000231308,0.784712786,0.307887079,0.479634103,0.613625159,0.352279041,2.262719976,0.279277028,0.279277028,0.126620813,0.243524567,0.269000982,0.784722222,0.551601423,0.279277028,0.455429498,[0.66634252],1008,0.190315251,0.453201669,0.609836066,0.347217825,0.321447866,0.668161823,0.668161823,0.532608598,-2376859.778,-0.152804371,0.881279082,0.608962183,0.739545604,,,,,,,,0.279277028,0.279277028,0.243524567
a37f31d9-0dd9-409e-bc07-9ba99eabbf52,SVC,PREPROCESSING,REWEIGHTER,REWEIGHTER_FOS,0.659643436,0.387900356,0.238249595,0.387900356,0.886904762,0.741496599,843,0.340356564,0.041763703,1.135974849,0.258503401,-0.128342246,0.647058824,0.612099644,-0.321006164,0.621377346,0.365957447,0.100309851,1.331794121,0.113095238,0.114471602,3.690082645,0.239218309,0.612099644,0.113095238,0.886904762,0.387900356,0.634042553,516,114,516,114,894,1410,441,894,327,0.741496599,0.217738883,0.217738883,0.03316139,0.000549839,0.000554038,0.78481088,0.307964058,0.479682924,0.691691128,0.917679407,4.086390746,0.321006164,0.321006164,0.114326048,0.24250213,0.353919007,0.886904762,0.387900356,0.321006164,0.455429498,[0.66634252],1008,0.190315251,0.453201669,0.509345794,0.321247694,0.340356564,0.637402559,0.637402559,0.498615238,-2727325.345,-0.206534562,0.886842197,0.495273856,0.662399539,35.40087938,159,0,215897.8093,0,899574.2053,77.71321607,0.321006164,0.321006164,0.24250213
a37f31d9-0dd9-409e-bc07-9ba99eabbf52,RidgeClassifierCV,PREPROCESSING,REWEIGHTER,REWEIGHTER_FOS,0.66180443,0.46975089,0.310642896,0.46975089,0.822420635,0.688695652,843,0.33819557,0.032632775,1.103831556,0.311304348,-0.187699093,0.587061995,0.53024911,-0.260203232,0.647960334,0.35031348,0.105565194,1.366373321,0.177579365,0.098162476,1.922727273,0.216869542,0.53024911,0.177579365,0.822420635,0.46975089,0.64968652,447,179,447,179,829,1276,575,829,396,0.688695652,0.179182854,0.179182854,0.03791124,0.000718631,0.000720176,0.784406151,0.307646505,0.479482612,0.658588706,0.384860884,2.346828122,0.260203232,0.260203232,0.146632144,0.211644419,0.31316148,0.822420635,0.46975089,0.260203232,0.455429498,[0.66634252],1008,0.190315251,0.453201669,0.558533145,0.314429062,0.33819557,0.646085762,0.646085762,0.530318272,-2734424.744,-0.162040756,0.909501143,0.552464585,0.712234212,,,,,,,,0.260203232,0.260203232,0.211644419
a37f31d9-0dd9-409e-bc07-9ba99eabbf52,XGBClassifier,PREPROCESSING,REWEIGHTER,REWEIGHTER_FOS,0.650459211,0.516014235,0.364127499,0.516014235,0.762896825,0.645400593,843,0.349540789,0.068971883,1.235513747,0.354599407,-0.112797729,0.739155251,0.483985765,-0.114359487,0.789578544,0.34664401,0.151647751,1.624788732,0.237103175,0.119043432,1.699380165,0.206607416,0.483985765,0.237103175,0.762896825,0.516014235,0.65335599,408,239,408,239,769,1177,674,769,435,0.645400593,0.11670146,0.11670146,0.022735368,0.000258448,0.000262269,0.78438446,0.30762949,0.479471738,0.642817884,0.159429929,1.64741282,0.114359487,0.119043432,0.13222274,0.17110196,0.292724846,0.762896825,0.516014235,0.114359487,0.455429498,[0.66634252],1008,0.190315251,0.453201669,0.57350033,0.288663325,0.349540789,0.63945553,0.63945553,0.564830136,-3013148.277,0.004683945,0.980947682,0.574824458,0.752957452,28.1735065,170.5,0,216222.4039,0,900926.6827,77.83005509,0.114359487,0.119043432,0.17110196
a37f31d9-0dd9-409e-bc07-9ba99eabbf52,LogisticRegressionCV,PREPROCESSING,REWEIGHTER,HYPERPARAMETER_FOS,0.671528903,0.483985765,0.313884387,0.483985765,0.828373016,0.702237522,843,0.328471097,0.023686453,1.075365986,0.297762478,-0.205615942,0.551383399,0.516014235,-0.244211228,0.659584349,0.342519685,0.102664577,1.360881543,0.171626984,0.075127484,1.641998497,0.209266745,0.516014235,0.171626984,0.828373016,0.483985765,0.657480315,435,173,435,173,835,1270,581,835,408,0.702237522,0.159669356,0.159669356,0.034007297,0.000578248,0.000574129,0.784338724,0.307593617,0.479449651,0.646941644,0.291594923,2.133863486,0.244211228,0.244211228,0.154140259,0.194376598,0.303551873,0.828373016,0.483985765,0.244211228,0.455429498,[0.66634252],1008,0.190315251,0.453201669,0.573033708,0.335202961,0.328471097,0.65617939,0.65617939,0.55140765,-2722801.6,-0.169083744,0.918241959,0.565993557,0.724895521,9.676088333,182.7,0,216341.0239,0,901420.9331,77.87275283,0.244211228,0.244211228,0.194376598
a37f31d9-0dd9-409e-bc07-9ba99eabbf52,AdaBoostClassifier,PREPROCESSING,REWEIGHTER,HYPERPARAMETER_FOS,0.680713128,0.549228944,0.364127499,0.549228944,0.790674603,0.68694362,843,0.319286872,0.021882988,1.071246937,0.31305638,-0.163851483,0.634485154,0.450771056,-0.259453607,0.602171137,0.322854715,0.093850511,1.347246892,0.209325397,0.122032706,1.882390337,0.188287965,0.450771056,0.209325397,0.790674603,0.549228944,0.677145285,380,211,380,211,797,1177,674,797,463,0.68694362,0.190743156,0.190743156,0.016622799,0.000138159,0.000138662,0.784578217,0.30778149,0.479567383,0.613657828,0.291134867,2.125865497,0.259453607,0.259453607,0.128850997,0.233214996,0.269647413,0.790674603,0.549228944,0.259453607,0.455429498,[0.66634252],1008,0.190315251,0.453201669,0.610415293,0.351788445,0.319286872,0.669951774,0.669951774,0.542163058,-2374593.037,-0.1374209,0.893804465,0.608764887,0.744422469,,,,,,,,0.259453607,0.259453607,0.233214996
a37f31d9-0dd9-409e-bc07-9ba99eabbf52,GradientBoostingClassifier,PREPROCESSING,REWEIGHTER,REWEIGHTER_FAIR_SMOTE,0.660723933,0.71767497,0.537547272,0.71767497,0.613095238,0.608040201,843,0.339276067,0.021698381,1.069040304,0.391959799,-0.121300886,0.745268139,0.28232503,-0.305264035,0.4149106,0.278037383,0.058865482,1.240367384,0.386904762,0.252110076,2.184917355,0.141989213,0.28232503,0.386904762,0.613095238,0.71767497,0.721962617,238,390,238,390,618,856,995,618,605,0.608040201,0.278687055,0.278687055,0.036371025,0.000661426,0.000674358,0.78613911,0.30900735,0.480354893,0.532896262,0.28416054,2.10072896,0.305264035,0.305264035,0.090083184,0.330218688,0.191002494,0.613095238,0.71767497,0.305264035,0.455429498,[0.66634252],1008,0.190315251,0.453201669,0.658324266,0.33038629,0.339276067,0.665385104,0.665385104,0.479950889,-2822673.957,-0.053153959,0.825109504,0.677830059,0.754820378,,,,,,,,0.305264035,0.305264035,0.330218688
a37f31d9-0dd9-409e-bc07-9ba99eabbf52,LogisticRegressionCV,PREPROCESSING,REWEIGHTER,REWEIGHTER_FAIR_SMOTE,0.653700702,0.555160142,0.39654241,0.555160142,0.736111111,0.63760218,843,0.346299298,0.015989776,1.046636846,0.36239782,-0.210334676,0.607375271,0.444839858,-0.313176745,0.563450598,0.33572068,0.092513106,1.313983875,0.263888889,0.150342887,1.94214876,0.193538512,0.444839858,0.263888889,0.736111111,0.555160142,0.66427932,375,266,375,266,742,1117,734,742,468,0.63760218,0.231759816,0.231759816,0.062985337,0.001983576,0.002009181,0.784923826,0.308052706,0.479739309,0.622155144,0.365405295,2.291252485,0.313176745,0.313176745,0.151423891,0.258250497,0.272376598,0.736111111,0.555160142,0.313176745,0.455429498,[0.66634252],1008,0.190315251,0.453201669,0.593532023,0.296528924,0.346299298,0.645635627,0.645635627,0.496003233,-3704745.43,-0.162833858,0.851686492,0.598102439,0.720726135,23.18660522,151.3,0,224968.0933,0,937367.0552,80.97809838,0.313176745,0.313176745,0.258250497
a37f31d9-0dd9-409e-bc07-9ba99eabbf52,AdaBoostClassifier,PREPROCESSING,REWEIGHTER,REWEIGHTER_FAIR_SMOTE,0.665045921,0.639383155,0.46191248,0.639383155,0.686507937,0.630409357,843,0.334954079,0.04610906,1.15744557,0.369590643,-0.104338023,0.763866578,0.360616845,-0.185157421,0.612852665,0.305220884,0.113953115,1.502429642,0.313492063,0.186302092,1.921705089,0.165305729,0.360616845,0.313492063,0.686507937,0.639383155,0.694779116,304,316,304,316,692,996,855,692,539,0.630409357,0.185729757,0.185729757,0.033507275,0.000561369,0.000564948,0.784666409,0.307850687,0.479611073,0.574988224,0.131528894,1.802672338,0.185157421,0.186302092,0.109145569,0.246535075,0.228679659,0.686507937,0.639383155,0.185157421,0.455429498,[0.66634252],1008,0.190315251,0.453201669,0.634864547,0.325539593,0.334954079,0.662945546,0.662945546,0.539816831,-2380269.901,0.001144671,0.922057976,0.646161502,0.77942981,,,,,,,,0.185157421,0.186302092,0.246535075
a37f31d9-0dd9-409e-bc07-9ba99eabbf52,SVC,PREPROCESSING,REWEIGHTER,REWEIGHTER_FAIR_SMOTE,0.649378714,0.793594306,0.6180443,0.793594306,0.528769841,0.58479021,843,0.350621286,-0.092402726,0.780739293,0.41520979,-0.250658836,0.591784181,0.206405694,-0.374229552,0.282726692,0.246110325,-0.038342294,0.867399566,0.471230159,0.152452963,1.4094451,0.119917195,0.206405694,0.471230159,0.528769841,0.793594306,0.753889675,174,475,174,475,533,707,1144,533,669,0.58479021,0.263341257,0.263341257,0.021683995,0.000235098,0.000239906,0.785108447,0.308197637,0.47983183,0.489728894,0.209140878,1.70660249,0.374229552,0.374229552,0.106158271,0.287688157,0.155318085,0.528769841,0.793594306,0.374229552,0.455429498,[0.66634252],1008,0.190315251,0.453201669,0.67337695,0.330421325,0.350621286,0.661182074,0.661182074,0.487065555,-2809864.393,-0.221776589,0.771322357,0.700104359,0.739100278,44.17383575,161.4,0,225414.5646,0,939227.3526,81.13880741,0.374229552,0.374229552,0.287688157
a37f31d9-0dd9-409e-bc07-9ba99eabbf52,RidgeClassifierCV,PREPROCESSING,REWEIGHTER,REWEIGHTER_FAIR_SMOTE,0.643976229,0.510083037,0.365207996,0.510083037,0.755952381,0.636094675,843,0.356023771,0.020959955,1.061133201,0.363905325,-0.222222222,0.58974359,0.489916963,-0.324087956,0.574055829,0.351489362,0.095488406,1.316475859,0.244047619,0.146826095,2.061665607,0.210151714,0.489916963,0.244047619,0.755952381,0.510083037,0.648510638,413,246,413,246,762,1175,676,762,430,0.636094675,0.235457025,0.235457025,0.057509259,0.001653657,0.001677245,0.78495722,0.308078919,0.479756012,0.648308128,0.451736538,2.504970179,0.324087956,0.324087956,0.158855314,0.257994888,0.297065052,0.755952381,0.510083037,0.324087956,0.455429498,[0.66634252],1008,0.190315251,0.453201669,0.566161949,0.275163757,0.356023771,0.633017709,0.633017709,0.483969242,-2961454.004,-0.177261861,0.85000208,0.568225238,0.701018764,,,,,,,,0.324087956,0.324087956,0.257994888
a37f31d9-0dd9-409e-bc07-9ba99eabbf52,XGBClassifier,PREPROCESSING,REWEIGHTER,REWEIGHTER_FAIR_SMOTE,0.635872501,0.481613286,0.347379795,0.481613286,0.764880952,0.631415241,843,0.364127499,0.096804885,1.330553266,0.368584759,-0.144985465,0.671875,0.518386714,0.090704648,1.189655172,0.361754967,0.206140483,1.908892128,0.235119048,-0.005846668,0.97107438,0.2215081,0.518386714,0.235119048,0.764880952,0.481613286,0.638245033,437,237,437,237,771,1208,643,771,406,0.631415241,0.048275658,-0.048275658,0.113784626,0.006473471,0.006440979,0.7895875,0.31172421,0.481878617,0.665594621,-0.181897654,1.035646586,-0.090704648,0.090704648,0.175562974,0.010948594,0.313346543,0.764880952,0.481613286,-0.090704648,0.455429498,[0.66634252],1008,0.190315251,0.453201669,0.546433378,0.257817191,0.364127499,0.623247119,0.623247119,0.653334784,-3523680.722,-0.08485798,0.957818738,0.54754055,0.724997796,19.96136498,173.2,0,225650.6684,0,940211.1185,81.22379385,0.090704648,0.090704648,0.010948594
a37f31d9-0dd9-409e-bc07-9ba99eabbf52,LogisticRegressionCV,PREPROCESSING,REWEIGHTER,HYPERPARAMETER_FAIR_SMOTE,0.653160454,0.529062871,0.373311723,0.529062871,0.756944444,0.645441389,843,0.346839546,0.023132633,1.068905715,0.354558611,-0.201058201,0.612244898,0.470937129,-0.294019657,0.590154418,0.342241379,0.099115044,1.339393939,0.243055556,0.140320028,1.94214876,0.201835654,0.470937129,0.243055556,0.756944444,0.529062871,0.657758621,397,245,397,245,763,1160,691,763,446,0.645441389,0.217169842,0.217169842,0.055227226,0.001525023,0.001551272,0.784739899,0.307908355,0.479647583,0.635351326,0.386919499,2.273028496,0.294019657,0.294019657,0.150086623,0.245512638,0.285593265,0.756944444,0.529062871,0.294019657,0.455429498,[0.66634252],1008,0.190315251,0.453201669,0.58148631,0.294478218,0.346839546,0.643003658,0.643003658,0.503362655,-3598311.149,-0.153699629,0.869889534,0.583557356,0.718747239,10.13522577,186.6,0,225787.1086,0,940779.619,81.27290597,0.294019657,0.294019657,0.245512638
a37f31d9-0dd9-409e-bc07-9ba99eabbf52,AdaBoostClassifier,PREPROCESSING,REWEIGHTER,HYPERPARAMETER_FAIR_SMOTE,0.649378714,0.679715302,0.514316586,0.679715302,0.624007937,0.601890756,843,0.350621286,0.035614882,1.11332008,0.398109244,-0.117075359,0.754699248,0.320284698,-0.245210728,0.509578544,0.300333704,0.094587521,1.394800087,0.375992063,0.229075084,2.025383707,0.154807632,0.320284698,0.375992063,0.624007937,0.679715302,0.699666296,270,379,270,379,629,899,952,629,573,0.601890756,0.237142906,0.237142906,0.029858927,0.000445778,0.000449376,0.785289781,0.30834002,0.479923092,0.556430826,0.196335052,1.92300741,0.245210728,0.245210728,0.10583144,0.290088043,0.210845623,0.624007937,0.679715302,0.245210728,0.455429498,[0.66634252],1008,0.190315251,0.453201669,0.638440111,0.302638207,0.350621286,0.651861619,0.651861619,0.497277261,-2379082.446,-0.016135644,0.873669494,0.65538598,0.764538884,,,,,,,,0.245210728,0.245210728,0.290088043
a37f31d9-0dd9-409e-bc07-9ba99eabbf52,GradientBoostingClassifier,PREPROCESSING,DIR,DIR,0.683954619,0.597864769,0.405186386,0.597864769,0.755952381,0.672,843,0.316045381,0.029210452,1.099743005,0.328,-0.072812846,0.808866279,0.402135231,-0.40129935,0.440613027,0.307901907,0.05942377,1.214285714,0.244047619,0.243406014,3.860020661,0.173784785,0.402135231,0.244047619,0.755952381,0.597864769,0.692098093,339,246,339,246,762,1101,750,762,504,0.672,0.322352682,0.322352682,0.057624332,0.001660282,0.001692531,0.787803748,0.310317373,0.481218036,0.589550312,0.759849682,3.419483101,0.40129935,0.40129935,0.066118308,0.362922465,0.245535817,0.755952381,0.597864769,0.40129935,0.455429498,[0.66634252],1008,0.190315251,0.453201669,0.632768362,0.358920812,0.316045381,0.676908575,0.676908575,0.45870528,-2770324.338,-0.157893337,0.768834948,0.636258933,0.705806058,,,,,,,,0.40129935,0.40129935,0.362922465
a37f31d9-0dd9-409e-bc07-9ba99eabbf52,LogisticRegressionCV,PREPROCESSING,DIR,DIR,0.68017288,0.568208778,0.3819557,0.568208778,0.773809524,0.677510608,843,0.31982712,-0.002343084,0.992710404,0.322489392,-0.164112639,0.648330059,0.431791222,-0.506163585,0.38727566,0.318181818,0.032016097,1.105316107,0.226190476,0.243713733,4.272727273,0.183137298,0.431791222,0.226190476,0.773809524,0.568208778,0.681818182,364,228,364,228,780,1144,707,780,479,0.677510608,0.374938659,0.374938659,0.075736908,0.00286804,0.002916194,0.789510579,0.311663477,0.482122241,0.605206243,1.073417157,4.722332671,0.506163585,0.506163585,0.098064368,0.398821358,0.260613311,0.773809524,0.568208778,0.506163585,0.455429498,[0.66634252],1008,0.190315251,0.453201669,0.618064516,0.350566716,0.31982712,0.671009151,0.671009151,0.41942188,-2802706.412,-0.262449852,0.675096036,0.618801029,0.64976245,18.48485875,149,0,225655.6462,0,940231.8592,81.22558561,0.506163585,0.506163585,0.398821358
a37f31d9-0dd9-409e-bc07-9ba99eabbf52,AdaBoostClassifier,PREPROCESSING,DIR,DIR,0.67639114,0.583629893,0.399783901,0.583629893,0.753968254,0.664864865,843,0.32360886,0.024865095,1.080956124,0.335135135,-0.129516129,0.705645161,0.416370107,-0.350824588,0.495689655,0.315931593,0.074680307,1.268382353,0.246031746,0.201160542,2.719008264,0.179698668,0.416370107,0.246031746,0.753968254,0.583629893,0.684068407,351,248,351,248,760,1111,740,760,492,0.664864865,0.275992565,0.275992565,0.042474066,0.000902023,0.000918021,0.786184759,0.309043238,0.480378283,0.59949757,0.54973236,2.761033797,0.350824588,0.350824588,0.102098218,0.314470321,0.253936252,0.753968254,0.583629893,0.350824588,0.455429498,[0.66634252],1008,0.190315251,0.453201669,0.621604548,0.343218919,0.32360886,0.668799074,0.668799074,0.484215502,-2376826.836,-0.149664046,0.816036648,0.62492332,0.72147621,,,,,,,,0.350824588,0.350824588,0.314470321
a37f31d9-0dd9-409e-bc07-9ba99eabbf52,SVC,PREPROCESSING,DIR,DIR,0.676931388,0.538552788,0.358184765,0.538552788,0.79265873,0.684766214,843,0.323068612,-0.013646691,0.959350281,0.315233786,-0.235176549,0.553164557,0.461447212,-0.448025987,0.442994719,0.327441077,0.043838936,1.14336517,0.20734127,0.178740988,2.680165289,0.192407819,0.461447212,0.20734127,0.79265873,0.538552788,0.672558923,389,209,389,209,799,1188,663,799,454,0.684766214,0.313383488,0.313383488,0.063817188,0.002036317,0.002058567,0.786995044,0.3096806,0.480796192,0.620335101,0.772674481,3.471800774,0.448025987,0.448025987,0.139507743,0.335458677,0.275694282,0.79265873,0.538552788,0.448025987,0.455429498,[0.66634252],1008,0.190315251,0.453201669,0.602921647,0.34402064,0.323068612,0.665605759,0.665605759,0.457015905,-2786344.589,-0.269284999,0.738526357,0.600880519,0.67250372,27.8712945,159.1,0,225937.6197,0,941406.7488,81.32708302,0.448025987,0.448025987,0.335458677
a37f31d9-0dd9-409e-bc07-9ba99eabbf52,CalibratedClassifierCV,PREPROCESSING,DIR,DIR,0.670448406,0.550415184,0.375472717,0.550415184,0.770833333,0.667625899,843,0.329551594,0.014555524,1.045283852,0.332374101,-0.144078144,0.687830688,0.449584816,-0.506829918,0.402200609,0.327854671,0.047495059,1.154663398,0.229166667,0.266748725,5.179063361,0.190883829,0.449584816,0.229166667,0.770833333,0.550415184,0.672145329,379,231,379,231,777,1156,695,777,464,0.667625899,0.386789322,0.386789322,0.084038016,0.003531194,0.003626201,0.790053723,0.312092443,0.482413633,0.617873497,1.201705483,5.395320385,0.506829918,0.506829918,0.095786602,0.408136893,0.271375734,0.770833333,0.550415184,0.506829918,0.455429498,[0.66634252],1008,0.190315251,0.453201669,0.603381014,0.330380089,0.329551594,0.660624259,0.660624259,0.40510185,-2783750.126,-0.240081193,0.674499661,0.604147228,0.642437665,,,,,,,,0.506829918,0.506829918,0.408136893
a37f31d9-0dd9-409e-bc07-9ba99eabbf52,XGBClassifier,PREPROCESSING,DIR,DIR,0.674230146,0.583629893,0.401944895,0.583629893,0.75,0.661290323,843,0.325769854,0.045299631,1.158548708,0.338709677,-0.06811053,0.822912621,0.416370107,-0.326503415,0.49936143,0.317073171,0.083074284,1.315682281,0.25,0.230393881,3.165702479,0.180216739,0.416370107,0.25,0.75,0.583629893,0.682926829,351,252,351,252,756,1107,744,756,492,0.661290323,0.278448648,0.278448648,0.055377269,0.001533321,0.001544953,0.786472157,0.309269227,0.48052593,0.600361122,0.548819899,2.756537697,0.326503415,0.326503415,0.075592407,0.326214144,0.254366545,0.75,0.583629893,0.326503415,0.455429498,[0.66634252],1008,0.190315251,0.453201669,0.620037807,0.33888218,0.325769854,0.666814947,0.666814947,0.481141226,-3099813.591,-0.096109534,0.830478211,0.623779395,0.727205134,16.22444034,171.1,0,226132.6879,0,942219.5331,81.39729856,0.326503415,0.326503415,0.326214144
a37f31d9-0dd9-409e-bc07-9ba99eabbf52,LogisticRegressionCV,PREPROCESSING,DIR,HYPERPARAMETER,0.676931388,0.56109134,0.378714209,0.56109134,0.773809524,0.674750357,843,0.323068612,0.019894916,1.064774146,0.325249643,-0.09261477,0.768463074,0.43890866,-0.469098784,0.416796106,0.32173913,0.050534653,1.170725181,0.226190476,0.254352031,4.984848485,0.186041201,0.43890866,0.226190476,0.773809524,0.56109134,0.67826087,370,228,370,228,780,1150,701,780,473,0.674750357,0.361725407,0.361725407,0.070752006,0.002502923,0.002547184,0.789194655,0.311414102,0.481953539,0.609985575,1.057590912,4.648111332,0.469098784,0.469098784,0.071574712,0.390869071,0.264765034,0.773809524,0.56109134,0.469098784,0.455429498,[0.66634252],1008,0.190315251,0.453201669,0.612694301,0.343836829,0.323068612,0.667450432,0.667450432,0.426016653,-2776580.798,-0.214746753,0.711237112,0.613292388,0.665675482,18.03027439,148.7,0,225644.6817,0,940186.1737,81.22163889,0.469098784,0.469098784,0.390869071
a37f31d9-0dd9-409e-bc07-9ba99eabbf52,AdaBoostClassifier,PREPROCESSING,DIR,HYPERPARAMETER,0.678552134,0.597864769,0.410588871,0.597864769,0.746031746,0.663157895,843,0.321447866,-0.004331156,0.986525293,0.336842105,-0.170263134,0.642447419,0.402135231,-0.456271864,0.400328407,0.310724106,0.0350749,1.119254658,0.253968254,0.224195534,3.107438017,0.175066798,0.402135231,0.253968254,0.746031746,0.597864769,0.689275894,339,256,339,256,752,1091,760,752,504,0.663157895,0.340233699,0.340233699,0.060823114,0.001849726,0.001890263,0.788041716,0.310504873,0.481343006,0.591720877,0.773311424,3.465871438,0.456271864,0.456271864,0.102669017,0.369880716,0.246607475,0.746031746,0.597864769,0.456271864,0.455429498,[0.66634252],1008,0.190315251,0.453201669,0.628820961,0.348138983,0.321447866,0.671948257,0.671948257,0.443328816,-2375554.559,-0.23207633,0.720222709,0.633362638,0.68024166,,,,,,,,0.456271864,0.456271864,0.369880716
a37f31d9-0dd9-409e-bc07-9ba99eabbf52,GradientBoostingClassifier,PREPROCESSING,DIR,DIR_SMOTE,0.663425176,0.666666667,0.488384657,0.666666667,0.660714286,0.621681416,843,0.336574824,0.017722238,1.056388939,0.378318584,-0.091477809,0.800412053,0.333333333,-0.573713143,0.200278649,0.296726505,-0.034482759,0.878787879,0.339285714,0.41810269,4.572877536,0.157211774,0.333333333,0.339285714,0.660714286,0.666666667,0.703273495,281,342,281,342,666,947,904,666,562,0.621681416,0.495907917,0.495907917,0.160675041,0.012908234,0.013149157,0.794076779,0.315278966,0.484621849,0.560734829,0.942477413,4.093770709,0.573713143,0.573713143,0.028497525,0.530360693,0.215543097,0.660714286,0.666666667,0.573713143,0.455429498,[0.66634252],1008,0.190315251,0.453201669,0.643388666,0.326165676,0.336574824,0.663690476,0.663690476,0.334561115,-2855089.323,-0.155610453,0.56615174,0.657664056,0.602055083,,,,,,,,0.573713143,0.573713143,0.530360693
a37f31d9-0dd9-409e-bc07-9ba99eabbf52,LogisticRegressionCV,PREPROCESSING,DIR,DIR_SMOTE,0.672069152,0.68683274,0.49810913,0.68683274,0.659722222,0.627982646,843,0.327930848,0.026853167,1.087428915,0.372017354,-0.03362069,0.915948276,0.31316726,-0.649175412,0.192917055,0.284176534,-0.034709677,0.882737576,0.340277778,0.463029717,8.254132231,0.149979328,0.31316726,0.340277778,0.659722222,0.68683274,0.715823466,264,343,264,343,665,929,922,665,579,0.627982646,0.556102565,0.556102565,0.140562399,0.009878894,0.010102867,0.797796417,0.318239562,0.486736026,0.547684815,1.386055098,6.457256461,0.649175412,0.649175412,-0.000544494,0.584706049,0.204578552,0.659722222,0.68683274,0.649175412,0.455429498,[0.66634252],1008,0.190315251,0.453201669,0.656090652,0.345177801,0.327930848,0.673277481,0.673277481,0.298866147,-3047381.219,-0.186145695,0.484047476,0.671429295,0.549807341,44.70081806,146.8,0,226082.5739,0,942010.7246,81.37925982,0.649175412,0.649175412,0.584706049
a37f31d9-0dd9-409e-bc07-9ba99eabbf52,AdaBoostClassifier,PREPROCESSING,DIR,DIR_SMOTE,0.669367909,0.696322657,0.509454349,0.696322657,0.646825397,0.622481442,843,0.330632091,0.023871059,1.077719728,0.377518558,-0.062613982,0.853900709,0.303677343,-0.595452274,0.1943881,0.281938326,-0.03654485,0.872093023,0.353174603,0.43731317,5.567493113,0.147489978,0.303677343,0.353174603,0.646825397,0.696322657,0.718061674,256,356,256,356,652,908,943,652,587,0.622481442,0.516382722,0.516382722,0.134729568,0.009076028,0.009230123,0.795341093,0.316283727,0.485332925,0.543120572,1.071681165,4.671968191,0.595452274,0.595452274,0.013034566,0.550795229,0.200341836,0.646825397,0.696322657,0.595452274,0.455429498,[0.66634252],1008,0.190315251,0.453201669,0.657334826,0.341843104,0.330632091,0.671574027,0.671574027,0.324784803,-2375024.176,-0.158139103,0.541712451,0.673951742,0.591448573,,,,,,,,0.595452274,0.595452274,0.550795229
a37f31d9-0dd9-409e-bc07-9ba99eabbf52,SVC,PREPROCESSING,DIR,DIR_SMOTE,0.670988655,0.734282325,0.542409508,0.734282325,0.618055556,0.616533865,843,0.329011345,0.001448452,1.004408333,0.383466135,-0.139705882,0.720588235,0.265717675,-0.528985507,0.239583333,0.26446281,-0.01884312,0.93404908,0.381944444,0.357262177,3.398760331,0.136029993,0.265717675,0.381944444,0.618055556,0.734282325,0.73553719,224,385,224,385,623,847,1004,623,619,0.616533865,0.443123842,0.443123842,0.085779937,0.003679099,0.003795601,0.791457679,0.313202629,0.483174505,0.521593698,0.753751064,3.37972167,0.528985507,0.528985507,0.060431381,0.475944334,0.181866826,0.618055556,0.734282325,0.528985507,0.455429498,[0.66634252],1008,0.190315251,0.453201669,0.670276123,0.352204442,0.329011345,0.67616894,0.67616894,0.376542362,-2758919.749,-0.17172333,0.620132884,0.690586335,0.648486499,31.75717688,157.8,0,226432.4184,0,943468.4101,81.50518765,0.528985507,0.528985507,0.475944334
a37f31d9-0dd9-409e-bc07-9ba99eabbf52,CalibratedClassifierCV,PREPROCESSING,DIR,DIR_SMOTE,0.671528903,0.680901542,0.493246894,0.680901542,0.663690476,0.628696605,843,0.328471097,0.020704345,1.065877462,0.371303395,-0.061664954,0.856115108,0.319098458,-0.668998834,0.190159306,0.286780384,-0.037921707,0.874259604,0.336309524,0.463029717,8.254132231,0.151820437,0.319098458,0.336309524,0.663690476,0.680901542,0.713219616,269,339,269,339,669,938,913,669,574,0.628696605,0.566014275,0.566014275,0.144742721,0.010475228,0.010706313,0.798258514,0.318608327,0.487003306,0.551036181,1.451309691,6.908548708,0.668998834,0.668998834,0.011871624,0.590854871,0.207520331,0.663690476,0.680901542,0.668998834,0.455429498,[0.66634252],1008,0.190315251,0.453201669,0.653758542,0.343251512,0.328471097,0.672296009,0.672296009,0.291766871,-3042587.408,-0.205969117,0.463438014,0.668539019,0.533595943,,,,,,,,0.668998834,0.668998834,0.590854871
a37f31d9-0dd9-409e-bc07-9ba99eabbf52,XGBClassifier,PREPROCESSING,DIR,DIR_SMOTE,0.655321448,0.646500593,0.478119935,0.646500593,0.662698413,0.615819209,843,0.344678552,0.047912525,1.159708416,0.384180791,0.009718499,1.025915996,0.353499407,-0.66191904,0.154214559,0.308488613,-0.048014888,0.834615385,0.337301587,0.529145419,9.289944904,0.164530596,0.353499407,0.337301587,0.662698413,0.646500593,0.691511387,298,340,298,340,668,966,885,668,545,0.615819209,0.59553223,0.59553223,0.215159411,0.023146786,0.023728538,0.799606974,0.319685657,0.487788997,0.573638555,1.392862565,6.488568588,0.66191904,0.66191904,-0.028866693,0.627264982,0.226554225,0.662698413,0.646500593,0.66191904,0.455429498,[0.66634252],1008,0.190315251,0.453201669,0.630787037,0.308263385,0.344678552,0.654599503,0.654599503,0.264764401,-2920516.563,-0.132773621,0.457000217,0.644042351,0.521966987,16.43354893,169.6,0,226626.8874,0,944278.6975,81.57518748,0.66191904,0.66191904,0.627264982
a37f31d9-0dd9-409e-bc07-9ba99eabbf52,LogisticRegressionCV,PREPROCESSING,DIR,HYPERPARAMETER_SMOTE,0.670448406,0.685646501,0.498649379,0.685646501,0.657738095,0.626218852,843,0.329551594,0.00443056,1.013484312,0.373781148,-0.137298091,0.725403818,0.314353499,-0.635765451,0.209588899,0.285560345,-0.032509458,0.892806653,0.342261905,0.414585898,5.330119376,0.150547327,0.314353499,0.342261905,0.657738095,0.685646501,0.714439655,265,345,265,345,663,928,923,663,578,0.626218852,0.525175674,0.525175674,0.124712402,0.007776592,0.007945596,0.795655045,0.316533475,0.485510714,0.548720925,1.187352848,5.265076209,0.635765451,0.635765451,0.052394317,0.548366941,0.205368794,0.657738095,0.685646501,0.635765451,0.455429498,[0.66634252],1008,0.190315251,0.453201669,0.654586636,0.342018835,0.329551594,0.671692298,0.671692298,0.318935843,-2999496.774,-0.221179553,0.506644326,0.669987085,0.565757912,16.65019059,148.1,0,225829.289,0,940955.3707,81.28808897,0.635765451,0.635765451,0.548366941
a37f31d9-0dd9-409e-bc07-9ba99eabbf52,AdaBoostClassifier,PREPROCESSING,DIR,HYPERPARAMETER_SMOTE,0.668827661,0.696322657,0.509994598,0.696322657,0.645833333,0.621822034,843,0.331172339,0.024865095,1.080956124,0.378177966,-0.061715904,0.855996223,0.303677343,-0.595452274,0.1943881,0.282249173,-0.035714286,0.875,0.354166667,0.439379286,5.589072544,0.147555418,0.303677343,0.354166667,0.645833333,0.696322657,0.717750827,256,357,256,357,651,907,944,651,587,0.621822034,0.51741578,0.51741578,0.135121916,0.009128966,0.009284144,0.795384613,0.316318341,0.485357542,0.543241048,1.073097596,4.678595096,0.595452274,0.595452274,0.013000809,0.551789264,0.200410012,0.645833333,0.696322657,0.595452274,0.455429498,[0.66634252],1008,0.190315251,0.453201669,0.656966984,0.340861979,0.331172339,0.671077995,0.671077995,0.323851651,-2375671.613,-0.156072988,0.541372703,0.673640216,0.591114317,,,,,,,,0.595452274,0.595452274,0.551789264
a37f31d9-0dd9-409e-bc07-9ba99eabbf52,GradientBoostingClassifier,PREPROCESSING,DIR,DIR_ROS,0.68017288,0.660735469,0.466234468,0.660735469,0.696428571,0.645422943,843,0.31982712,0.03138313,1.109840954,0.354577057,-0.075909879,0.810225303,0.339264531,-0.355822089,0.41543514,0.289473684,0.053146853,1.208791209,0.303571429,0.258704062,3.026515152,0.156455918,0.339264531,0.303571429,0.696428571,0.660735469,0.710526316,286,306,286,306,702,988,863,702,557,0.645422943,0.307263075,0.307263075,0.054369091,0.001477999,0.001505296,0.787278712,0.309903885,0.480943646,0.55938523,0.521809088,2.676607025,0.355822089,0.355822089,0.064528366,0.359272934,0.21597991,0.696428571,0.660735469,0.355822089,0.455429498,[0.66634252],1008,0.190315251,0.453201669,0.652989449,0.356556132,0.31982712,0.67858202,0.67858202,0.470078822,-2777006.58,-0.097118027,0.793797799,0.664437441,0.732664806,,,,,,,,0.355822089,0.355822089,0.359272934
a37f31d9-0dd9-409e-bc07-9ba99eabbf52,LogisticRegressionCV,PREPROCESSING,DIR,DIR_ROS,0.676931388,0.693950178,0.499729876,0.693950178,0.662698413,0.632432432,843,0.323068612,-0.013646691,0.959350281,0.367567568,-0.174782878,0.661358173,0.306049822,-0.461269365,0.31553578,0.278617711,0.006172247,1.021702415,0.337301587,0.269869879,2.585485537,0.147220292,0.306049822,0.337301587,0.662698413,0.693950178,0.721382289,258,340,258,340,668,926,925,668,585,0.632432432,0.365569622,0.365569622,0.064641228,0.002089244,0.002125091,0.788473333,0.310845098,0.481570602,0.542623795,0.567791112,2.801256974,0.461269365,0.461269365,0.090477562,0.398849759,0.200491469,0.662698413,0.693950178,0.461269365,0.455429498,[0.66634252],1008,0.190315251,0.453201669,0.661764706,0.35522883,0.323068612,0.678324295,0.678324295,0.430349539,-2719537.302,-0.191399487,0.697728287,0.67729396,0.688821662,19.07748175,149.2,0,229819.8036,0,957582.515,82.72448949,0.461269365,0.461269365,0.398849759
a37f31d9-0dd9-409e-bc07-9ba99eabbf52,AdaBoostClassifier,PREPROCESSING,DIR,DIR_ROS,0.679092382,0.648873072,0.456509995,0.648873072,0.704365079,0.647337278,843,0.320907618,0.034180631,1.116714348,0.352662722,-0.075819275,0.813898144,0.351126928,-0.385890388,0.408301405,0.294234592,0.055529441,1.209160893,0.295634921,0.275540707,3.354620586,0.160107048,0.351126928,0.295634921,0.704365079,0.648873072,0.705765408,296,298,296,298,710,1006,845,710,547,0.647337278,0.330715548,0.330715548,0.064616013,0.002087615,0.002137817,0.787959129,0.310439795,0.481299594,0.565874629,0.618399261,2.953390767,0.385890388,0.385890388,0.065674358,0.376725362,0.221864349,0.704365079,0.648873072,0.385890388,0.455429498,[0.66634252],1008,0.190315251,0.453201669,0.648104265,0.353170412,0.320907618,0.676619076,0.676619076,0.452850628,-2376840.231,-0.110349681,0.769264704,0.658378593,0.717476333,,,,,,,,0.385890388,0.385890388,0.376725362
a37f31d9-0dd9-409e-bc07-9ba99eabbf52,SVC,PREPROCESSING,DIR,DIR_ROS,0.684494868,0.679715302,0.479200432,0.679715302,0.688492063,0.645997745,843,0.315505132,-0.023587049,0.929740705,0.354002255,-0.19013568,0.63330976,0.320284698,-0.497084791,0.307093928,0.280082988,-0.004535398,0.984469697,0.311507937,0.262220855,2.760625738,0.15024234,0.320284698,0.311507937,0.688492063,0.679715302,0.719917012,270,314,270,314,694,964,887,694,573,0.645997745,0.379652823,0.379652823,0.073111496,0.002672645,0.002729488,0.789073706,0.311318657,0.48188911,0.54816483,0.674346052,3.123481334,0.497084791,0.497084791,0.092800141,0.409528543,0.206215073,0.688492063,0.679715302,0.497084791,0.455429498,[0.66634252],1008,0.190315251,0.453201669,0.662427746,0.367059272,0.315505132,0.684103683,0.684103683,0.424381789,-2762509.889,-0.234863936,0.667720434,0.675411881,0.670995213,31.03647876,159.5,0,230139.9202,0,958916.3342,82.83971665,0.497084791,0.497084791,0.409528543
a37f31d9-0dd9-409e-bc07-9ba99eabbf52,CalibratedClassifierCV,PREPROCESSING,DIR,DIR_ROS,0.674230146,0.646500593,0.459211237,0.646500593,0.697420635,0.641176471,843,0.325769854,0.009585345,1.029821074,0.358823529,-0.130922147,0.7236088,0.353499407,-0.539313676,0.310876969,0.297702298,0.016059586,1.053978052,0.302579365,0.329875154,4.445362718,0.161652807,0.353499407,0.302579365,0.697420635,0.646500593,0.702297702,298,305,298,305,703,1001,850,703,545,0.641176471,0.434594415,0.434594415,0.090074481,0.004056706,0.00416579,0.791742987,0.313428479,0.483330437,0.568599695,1.009839399,4.402008999,0.539313676,0.539313676,0.073490867,0.461701221,0.223792552,0.697420635,0.646500593,0.539313676,0.455429498,[0.66634252],1008,0.190315251,0.453201669,0.643827525,0.343697628,0.325769854,0.671960614,0.671960614,0.379930284,-2802783.898,-0.209438523,0.622449693,0.654568342,0.635820575,,,,,,,,0.539313676,0.539313676,0.461701221
a37f31d9-0dd9-409e-bc07-9ba99eabbf52,XGBClassifier,PREPROCESSING,DIR,DIR_ROS,0.667206915,0.631079478,0.452188006,0.631079478,0.697420635,0.635603345,843,0.332793085,0.029835274,1.097138102,0.364396655,-0.116273292,0.745652174,0.368920522,-0.313010162,0.466723428,0.306706114,0.074643686,1.290281,0.302579365,0.234745912,2.379132231,0.167475268,0.368920522,0.302579365,0.697420635,0.631079478,0.693293886,311,305,311,305,703,1014,837,703,532,0.635603345,0.273878037,0.273878037,0.062932205,0.001980231,0.001996352,0.786104365,0.308980036,0.480337102,0.578749114,0.36653386,2.286282306,0.313010162,0.313010162,0.095458489,0.321570577,0.232417369,0.697420635,0.631079478,0.313010162,0.455429498,[0.66634252],1008,0.190315251,0.453201669,0.633333333,0.328698612,0.332793085,0.664250056,0.664250056,0.482326555,-3124261.439,-0.07826425,0.829422057,0.643456579,0.738010924,16.36750817,171.6,0,230338.633,0,959744.3041,82.91124405,0.313010162,0.313010162,0.321570577
a37f31d9-0dd9-409e-bc07-9ba99eabbf52,LogisticRegressionCV,PREPROCESSING,DIR,HYPERPARAMETER_ROS,0.677471637,0.691577699,0.497028633,0.691577699,0.665674603,0.633695652,843,0.322528363,-0.014640727,0.956389324,0.366304348,-0.176354475,0.658313205,0.308422301,-0.459353657,0.318378445,0.279269603,0.006505421,1.0228739,0.334325397,0.265737647,2.561208678,0.147842829,0.308422301,0.334325397,0.665674603,0.691577699,0.720730397,260,337,260,337,671,931,920,671,583,0.633695652,0.362545652,0.362545652,0.064404741,0.002073985,0.002108504,0.788375737,0.310768151,0.481519035,0.543769858,0.562975694,2.787789393,0.459353657,0.459353657,0.091429948,0.395867651,0.201556738,0.665674603,0.691577699,0.459353657,0.455429498,[0.66634252],1008,0.190315251,0.453201669,0.66137266,0.35583637,0.322528363,0.678626151,0.678626151,0.432593191,-2733277.179,-0.193616009,0.700126958,0.676581969,0.689838537,18.17471457,149.2,0,229808.9704,0,957537.3766,82.72059003,0.459353657,0.459353657,0.395867651
a37f31d9-0dd9-409e-bc07-9ba99eabbf52,AdaBoostClassifier,PREPROCESSING,DIR,HYPERPARAMETER_ROS,0.678552134,0.672597865,0.478660184,0.672597865,0.683531746,0.639954853,843,0.321447866,0.030389094,1.106361829,0.360045147,-0.080907534,0.800842993,0.327402135,-0.341745794,0.417766425,0.286010363,0.053317536,1.213270142,0.316468254,0.254264111,2.838525111,0.153251138,0.327402135,0.316468254,0.683531746,0.672597865,0.713989637,276,319,276,319,689,965,886,689,567,0.639954853,0.298004952,0.298004952,0.052329525,0.00136919,0.001401126,0.786989065,0.309675895,0.48079309,0.553626477,0.47034402,2.539761431,0.341745794,0.341745794,0.067112535,0.35194547,0.210523899,0.683531746,0.672597865,0.341745794,0.455429498,[0.66634252],1008,0.190315251,0.453201669,0.655870445,0.35503537,0.321447866,0.678064805,0.678064805,0.475998135,-2376174.891,-0.087481683,0.803994621,0.668867992,0.739930527,,,,,,,,0.341745794,0.341745794,0.35194547
a37f31d9-0dd9-409e-bc07-9ba99eabbf52,GradientBoostingClassifier,PREPROCESSING,DIR,DIR_RUS,0.686655862,0.651245552,0.451107509,0.651245552,0.716269841,0.65748503,843,0.313344138,0.007966487,1.025937399,0.34251497,-0.127153892,0.713903743,0.348754448,-0.407629519,0.395130392,0.289370079,0.038023267,1.138600942,0.283730159,0.240109021,2.880853994,0.158025748,0.348754448,0.283730159,0.716269841,0.651245552,0.710629921,294,286,294,286,722,1016,835,722,549,0.65748503,0.32386927,0.32386927,0.056124588,0.001574985,0.00160947,0.787576755,0.310138573,0.481099178,0.562184575,0.597253098,2.891539651,0.407629519,0.407629519,0.08258858,0.364796933,0.219458966,0.716269841,0.651245552,0.407629519,0.455429498,[0.66634252],1008,0.190315251,0.453201669,0.654350417,0.36781505,0.313344138,0.683757696,0.683757696,0.462309591,-2761646.325,-0.167520498,0.755229727,0.663704205,0.713086016,,,,,,,,0.407629519,0.407629519,0.364796933
a37f31d9-0dd9-409e-bc07-9ba99eabbf52,LogisticRegressionCV,PREPROCESSING,DIR,DIR_RUS,0.673689897,0.68683274,0.496488385,0.68683274,0.662698413,0.630032644,843,0.326310103,-0.009670548,0.971194112,0.369967356,-0.172580645,0.665625,0.31316726,-0.45360653,0.326906439,0.283261803,0.013523791,1.047551396,0.337301587,0.269869879,2.585485537,0.149761575,0.31316726,0.337301587,0.662698413,0.68683274,0.716738197,264,340,264,340,668,932,919,668,579,0.630032644,0.361738204,0.361738204,0.063998953,0.002047933,0.002082139,0.788343357,0.310742624,0.48150194,0.547287082,0.561365388,2.783300199,0.45360653,0.45360653,0.093052218,0.394873615,0.204359508,0.662698413,0.68683274,0.45360653,0.455429498,[0.66634252],1008,0.190315251,0.453201669,0.657207719,0.348148262,0.326310103,0.674765576,0.674765576,0.430677088,-2697378.795,-0.183736651,0.705193887,0.672357807,0.690736609,18.72191715,149,0,231818.5256,0,965910.5233,83.44393688,0.45360653,0.45360653,0.394873615
a37f31d9-0dd9-409e-bc07-9ba99eabbf52,AdaBoostClassifier,PREPROCESSING,DIR,DIR_RUS,0.683954619,0.661921708,0.463533225,0.661921708,0.702380952,0.65034965,843,0.316045381,0.02722238,1.092954468,0.34965035,-0.095411177,0.77248104,0.338078292,-0.344327836,0.434318555,0.287009063,0.058187759,1.226516634,0.297619048,0.241867417,2.748887476,0.155460035,0.338078292,0.297619048,0.702380952,0.661921708,0.712990937,285,300,285,300,708,993,858,708,558,0.65034965,0.293097626,0.293097626,0.049704266,0.001235257,0.001260106,0.786778617,0.309510296,0.48068408,0.557602071,0.473841096,2.549862118,0.344327836,0.344327836,0.076799468,0.343183755,0.214805838,0.702380952,0.661921708,0.344327836,0.455429498,[0.66634252],1008,0.190315251,0.453201669,0.656084656,0.363821306,0.316045381,0.68215133,0.68215133,0.482214394,-2379934.702,-0.102460419,0.805642919,0.667106728,0.739800503,,,,,,,,0.344327836,0.344327836,0.343183755
a37f31d9-0dd9-409e-bc07-9ba99eabbf52,SVC,PREPROCESSING,DIR,DIR_RUS,0.682333874,0.678529063,0.480280929,0.678529063,0.685515873,0.643419573,843,0.317666126,-0.023587049,0.929740705,0.356580427,-0.18957115,0.634398496,0.321470937,-0.4990005,0.304423546,0.281704782,-0.005603237,0.980813157,0.314484127,0.26428697,2.774498229,0.150929429,0.321470937,0.314484127,0.685515873,0.678529063,0.718295218,271,317,271,317,691,962,889,691,572,0.643419573,0.381643735,0.381643735,0.073273148,0.002684477,0.002740637,0.789143917,0.311374061,0.481926501,0.549416834,0.677638237,3.133789853,0.4990005,0.4990005,0.091983956,0.411516615,0.207110388,0.685515873,0.678529063,0.4990005,0.455429498,[0.66634252],1008,0.190315251,0.453201669,0.660508083,0.362877993,0.317666126,0.682022468,0.682022468,0.421732866,-2739637.641,-0.234713529,0.665512478,0.673654646,0.668977753,26.2270515,159.3,0,232089.2332,0,967038.4718,83.54137909,0.4990005,0.4990005,0.411516615
a37f31d9-0dd9-409e-bc07-9ba99eabbf52,CalibratedClassifierCV,PREPROCESSING,DIR,DIR_RUS,0.673149649,0.641755635,0.455969746,0.641755635,0.699404762,0.640995261,843,0.326850351,0.017537631,1.05456152,0.359004739,-0.125785051,0.734453782,0.358244365,-0.525903715,0.32801192,0.299900695,0.028513402,1.095836713,0.300595238,0.33194127,4.466942149,0.163248592,0.358244365,0.300595238,0.699404762,0.641755635,0.700099305,302,303,302,303,705,1007,844,705,541,0.640995261,0.428922492,0.428922492,0.091914994,0.004224183,0.004364521,0.791493643,0.313231094,0.483194137,0.571399322,0.999814252,4.358062153,0.525903715,0.525903715,0.077149226,0.455737007,0.226267236,0.699404762,0.641755635,0.525903715,0.455429498,[0.66634252],1008,0.190315251,0.453201669,0.641375222,0.341127479,0.326850351,0.670580198,0.670580198,0.382953268,-2761500.2,-0.193962445,0.636399589,0.651758912,0.642892609,,,,,,,,0.525903715,0.525903715,0.455737007
a37f31d9-0dd9-409e-bc07-9ba99eabbf52,XGBClassifier,PREPROCESSING,DIR,DIR_RUS,0.666666667,0.621589561,0.444084279,0.621589561,0.704365079,0.637469586,843,0.333333333,0.043126953,1.147262765,0.362530414,-0.079858085,0.807009627,0.378410439,-0.337331334,0.464922711,0.310009718,0.077234314,1.295620995,0.295634921,0.25457183,2.994146006,0.170447908,0.378410439,0.295634921,0.704365079,0.621589561,0.689990282,319,298,319,298,710,1029,822,710,524,0.637469586,0.295951582,0.295951582,0.051489568,0.001325588,0.001342308,0.786858412,0.30957308,0.480725375,0.583862841,0.514503872,2.658531569,0.337331334,0.337331334,0.0785462,0.343552968,0.237156362,0.704365079,0.621589561,0.337331334,0.455429498,[0.66634252],1008,0.190315251,0.453201669,0.629429429,0.326706387,0.333333333,0.66297732,0.66297732,0.466768133,-3104153.49,-0.082759504,0.813405045,0.638634979,0.728020165,16.30034375,170.9,0,232278.9577,0,967828.9902,83.6096711,0.337331334,0.337331334,0.343552968
a37f31d9-0dd9-409e-bc07-9ba99eabbf52,LogisticRegressionCV,PREPROCESSING,DIR,HYPERPARAMETER_RUS,0.673689897,0.68683274,0.496488385,0.68683274,0.662698413,0.630032644,843,0.326310103,-0.008676512,0.97415507,0.369967356,-0.171523557,0.667673108,0.31316726,-0.45360653,0.326906439,0.283261803,0.014297629,1.050272308,0.337301587,0.271935994,2.597623967,0.149761575,0.31316726,0.337301587,0.662698413,0.68683274,0.716738197,264,340,264,340,668,932,919,668,579,0.630032644,0.362771262,0.362771262,0.064702852,0.00209323,0.002126972,0.788375737,0.310768151,0.481519035,0.547287082,0.562975694,2.787789393,0.45360653,0.45360653,0.092910593,0.395867651,0.204359508,0.662698413,0.68683274,0.45360653,0.455429498,[0.66634252],1008,0.190315251,0.453201669,0.657207719,0.348148262,0.326310103,0.674765576,0.674765576,0.429980017,-2711503.193,-0.181670536,0.704927867,0.672357807,0.690590742,17.03561258,148.8,0,231795.0292,0,965812.6217,83.43547927,0.45360653,0.45360653,0.395867651
a37f31d9-0dd9-409e-bc07-9ba99eabbf52,AdaBoostClassifier,PREPROCESSING,DIR,HYPERPARAMETER_RUS,0.682874122,0.669039146,0.471096704,0.669039146,0.694444444,0.646788991,843,0.317125878,0.00082363,1.00262064,0.353211009,-0.143086632,0.693385788,0.330960854,-0.405047476,0.378927203,0.284984678,0.030802139,1.112941176,0.305555556,0.239493582,2.608028335,0.15358986,0.330960854,0.305555556,0.694444444,0.669039146,0.715015322,279,308,279,308,700,979,872,700,564,0.646788991,0.322270529,0.322270529,0.055552982,0.001543067,0.001576888,0.787397898,0.309997725,0.48100577,0.554237963,0.528711617,2.695162359,0.405047476,0.405047476,0.086944386,0.363249077,0.211570567,0.694444444,0.669039146,0.405047476,0.455429498,[0.66634252],1008,0.190315251,0.453201669,0.657725948,0.362642979,0.317125878,0.681741795,0.681741795,0.462036506,-2377100.628,-0.165553894,0.754272854,0.669722139,0.715556895,,,,,,,,0.405047476,0.405047476,0.363249077
a37f31d9-0dd9-409e-bc07-9ba99eabbf52,GradientBoostingClassifier,PREPROCESSING,DIR,DIR_FOS,0.683954619,0.597864769,0.405186386,0.597864769,0.755952381,0.672,843,0.316045381,0.029210452,1.099743005,0.328,-0.072812846,0.808866279,0.402135231,-0.40129935,0.440613027,0.307901907,0.05942377,1.214285714,0.244047619,0.243406014,3.860020661,0.173784785,0.402135231,0.244047619,0.755952381,0.597864769,0.692098093,339,246,339,246,762,1101,750,762,504,0.672,0.322352682,0.322352682,0.057624332,0.001660282,0.001692531,0.787803748,0.310317373,0.481218036,0.589550312,0.759849682,3.419483101,0.40129935,0.40129935,0.066118308,0.362922465,0.245535817,0.755952381,0.597864769,0.40129935,0.455429498,[0.66634252],1008,0.190315251,0.453201669,0.632768362,0.358920812,0.316045381,0.676908575,0.676908575,0.45870528,-2770675.415,-0.157893337,0.768834948,0.636258933,0.705806058,,,,,,,,0.40129935,0.40129935,0.362922465
a37f31d9-0dd9-409e-bc07-9ba99eabbf52,LogisticRegressionCV,PREPROCESSING,DIR,DIR_FOS,0.68017288,0.568208778,0.3819557,0.568208778,0.773809524,0.677510608,843,0.31982712,-0.002343084,0.992710404,0.322489392,-0.164112639,0.648330059,0.431791222,-0.506163585,0.38727566,0.318181818,0.032016097,1.105316107,0.226190476,0.243713733,4.272727273,0.183137298,0.431791222,0.226190476,0.773809524,0.568208778,0.681818182,364,228,364,228,780,1144,707,780,479,0.677510608,0.374938659,0.374938659,0.075736908,0.00286804,0.002916194,0.789510579,0.311663477,0.482122241,0.605206243,1.073417157,4.722332671,0.506163585,0.506163585,0.098064368,0.398821358,0.260613311,0.773809524,0.568208778,0.506163585,0.455429498,[0.66634252],1008,0.190315251,0.453201669,0.618064516,0.350566716,0.31982712,0.671009151,0.671009151,0.41942188,-2802706.412,-0.262449852,0.675096036,0.618801029,0.64976245,18.75088787,148.9,0,233739.6956,0,973915.3984,84.13546914,0.506163585,0.506163585,0.398821358
a37f31d9-0dd9-409e-bc07-9ba99eabbf52,AdaBoostClassifier,PREPROCESSING,DIR,DIR_FOS,0.67639114,0.583629893,0.399783901,0.583629893,0.753968254,0.664864865,843,0.32360886,0.024865095,1.080956124,0.335135135,-0.129516129,0.705645161,0.416370107,-0.350824588,0.495689655,0.315931593,0.074680307,1.268382353,0.246031746,0.201160542,2.719008264,0.179698668,0.416370107,0.246031746,0.753968254,0.583629893,0.684068407,351,248,351,248,760,1111,740,760,492,0.664864865,0.275992565,0.275992565,0.042474066,0.000902023,0.000918021,0.786184759,0.309043238,0.480378283,0.59949757,0.54973236,2.761033797,0.350824588,0.350824588,0.102098218,0.314470321,0.253936252,0.753968254,0.583629893,0.350824588,0.455429498,[0.66634252],1008,0.190315251,0.453201669,0.621604548,0.343218919,0.32360886,0.668799074,0.668799074,0.484215502,-2376826.836,-0.149664046,0.816036648,0.62492332,0.72147621,,,,,,,,0.350824588,0.350824588,0.314470321
a37f31d9-0dd9-409e-bc07-9ba99eabbf52,SVC,PREPROCESSING,DIR,DIR_FOS,0.676931388,0.538552788,0.358184765,0.538552788,0.79265873,0.684766214,843,0.323068612,-0.013646691,0.959350281,0.315233786,-0.235176549,0.553164557,0.461447212,-0.448025987,0.442994719,0.327441077,0.043838936,1.14336517,0.20734127,0.178740988,2.680165289,0.192407819,0.461447212,0.20734127,0.79265873,0.538552788,0.672558923,389,209,389,209,799,1188,663,799,454,0.684766214,0.313383488,0.313383488,0.063817188,0.002036317,0.002058567,0.786995044,0.3096806,0.480796192,0.620335101,0.772674481,3.471800774,0.448025987,0.448025987,0.139507743,0.335458677,0.275694282,0.79265873,0.538552788,0.448025987,0.455429498,[0.66634252],1008,0.190315251,0.453201669,0.602921647,0.34402064,0.323068612,0.665605759,0.665605759,0.457015905,-2791333.271,-0.269284999,0.738526357,0.600880519,0.67250372,28.27604008,159.2,0,234031.4215,0,975130.9231,84.24047697,0.448025987,0.448025987,0.335458677
a37f31d9-0dd9-409e-bc07-9ba99eabbf52,CalibratedClassifierCV,PREPROCESSING,DIR,DIR_FOS,0.670448406,0.550415184,0.375472717,0.550415184,0.770833333,0.667625899,843,0.329551594,0.014555524,1.045283852,0.332374101,-0.144078144,0.687830688,0.449584816,-0.506829918,0.402200609,0.327854671,0.047495059,1.154663398,0.229166667,0.266748725,5.179063361,0.190883829,0.449584816,0.229166667,0.770833333,0.550415184,0.672145329,379,231,379,231,777,1156,695,777,464,0.667625899,0.386789322,0.386789322,0.084038016,0.003531194,0.003626201,0.790053723,0.312092443,0.482413633,0.617873497,1.201705483,5.395320385,0.506829918,0.506829918,0.095786602,0.408136893,0.271375734,0.770833333,0.550415184,0.506829918,0.455429498,[0.66634252],1008,0.190315251,0.453201669,0.603381014,0.330380089,0.329551594,0.660624259,0.660624259,0.40510185,-2783750.126,-0.240081193,0.674499661,0.604147228,0.642437665,,,,,,,,0.506829918,0.506829918,0.408136893
a37f31d9-0dd9-409e-bc07-9ba99eabbf52,XGBClassifier,PREPROCESSING,DIR,DIR_FOS,0.674230146,0.583629893,0.401944895,0.583629893,0.75,0.661290323,843,0.325769854,0.045299631,1.158548708,0.338709677,-0.06811053,0.822912621,0.416370107,-0.326503415,0.49936143,0.317073171,0.083074284,1.315682281,0.25,0.230393881,3.165702479,0.180216739,0.416370107,0.25,0.75,0.583629893,0.682926829,351,252,351,252,756,1107,744,756,492,0.661290323,0.278448648,0.278448648,0.055377269,0.001533321,0.001544953,0.786472157,0.309269227,0.48052593,0.600361122,0.548819899,2.756537697,0.326503415,0.326503415,0.075592407,0.326214144,0.254366545,0.75,0.583629893,0.326503415,0.455429498,[0.66634252],1008,0.190315251,0.453201669,0.620037807,0.33888218,0.325769854,0.666814947,0.666814947,0.481141226,-3099813.591,-0.096109534,0.830478211,0.623779395,0.727205134,16.28441143,171.2,0,234227.2094,0,975946.7059,84.31095154,0.326503415,0.326503415,0.326214144
a37f31d9-0dd9-409e-bc07-9ba99eabbf52,LogisticRegressionCV,PREPROCESSING,DIR,HYPERPARAMETER_FOS,0.676931388,0.56109134,0.378714209,0.56109134,0.773809524,0.674750357,843,0.323068612,0.019894916,1.064774146,0.325249643,-0.09261477,0.768463074,0.43890866,-0.469098784,0.416796106,0.32173913,0.050534653,1.170725181,0.226190476,0.254352031,4.984848485,0.186041201,0.43890866,0.226190476,0.773809524,0.56109134,0.67826087,370,228,370,228,780,1150,701,780,473,0.674750357,0.361725407,0.361725407,0.070752006,0.002502923,0.002547184,0.789194655,0.311414102,0.481953539,0.609985575,1.057590912,4.648111332,0.469098784,0.469098784,0.071574712,0.390869071,0.264765034,0.773809524,0.56109134,0.469098784,0.455429498,[0.66634252],1008,0.190315251,0.453201669,0.612694301,0.343836829,0.323068612,0.667450432,0.667450432,0.426016653,-2776580.798,-0.214746753,0.711237112,0.613292388,0.665675482,17.68536472,149.3,0,233734.3218,0,973893.0076,84.13353482,0.469098784,0.469098784,0.390869071
a37f31d9-0dd9-409e-bc07-9ba99eabbf52,AdaBoostClassifier,PREPROCESSING,DIR,HYPERPARAMETER_FOS,0.678552134,0.597864769,0.410588871,0.597864769,0.746031746,0.663157895,843,0.321447866,-0.004331156,0.986525293,0.336842105,-0.170263134,0.642447419,0.402135231,-0.456271864,0.400328407,0.310724106,0.0350749,1.119254658,0.253968254,0.224195534,3.107438017,0.175066798,0.402135231,0.253968254,0.746031746,0.597864769,0.689275894,339,256,339,256,752,1091,760,752,504,0.663157895,0.340233699,0.340233699,0.060823114,0.001849726,0.001890263,0.788041716,0.310504873,0.481343006,0.591720877,0.773311424,3.465871438,0.456271864,0.456271864,0.102669017,0.369880716,0.246607475,0.746031746,0.597864769,0.456271864,0.455429498,[0.66634252],1008,0.190315251,0.453201669,0.628820961,0.348138983,0.321447866,0.671948257,0.671948257,0.443328816,-2375554.559,-0.23207633,0.720222709,0.633362638,0.68024166,,,,,,,,0.456271864,0.456271864,0.369880716
a37f31d9-0dd9-409e-bc07-9ba99eabbf52,GradientBoostingClassifier,PREPROCESSING,DIR,DIR_FAIR_SMOTE,0.669908158,0.632265718,0.450567261,0.632265718,0.701388889,0.639088729,843,0.330091842,0.008775916,1.027923369,0.360911271,-0.170470555,0.642011834,0.367734282,-0.196068632,0.624201788,0.304818092,0.095783404,1.391115564,0.298611111,0.107481976,1.505165289,0.166650751,0.367734282,0.298611111,0.701388889,0.632265718,0.695181908,310,301,310,301,707,1017,834,707,533,0.639088729,0.151775304,0.151775304,0.015423115,0.000118936,0.000118762,0.784357489,0.307608335,0.479458799,0.577322702,0.060819964,1.679920477,0.196068632,0.196068632,0.133126979,0.203976143,0.231407539,0.701388889,0.632265718,0.196068632,0.455429498,[0.66634252],1008,0.190315251,0.453201669,0.635658915,0.33396248,0.330091842,0.666827303,0.666827303,0.565619386,-2879595.274,-0.088586656,0.92181094,0.645504702,0.778919262,,,,,,,,0.196068632,0.196068632,0.203976143
a37f31d9-0dd9-409e-bc07-9ba99eabbf52,LogisticRegressionCV,PREPROCESSING,DIR,DIR_FAIR_SMOTE,0.663965424,0.665480427,0.486763911,0.665480427,0.662698413,0.622641509,843,0.336034576,0.006234024,1.018569434,0.377358491,-0.172844941,0.662540829,0.334519573,-0.266366817,0.528735632,0.296842105,0.082506481,1.314159292,0.337301587,0.165025497,1.738685557,0.157501301,0.334519573,0.337301587,0.662698413,0.665480427,0.703157895,282,340,282,340,668,950,901,668,561,0.622641509,0.215696157,0.215696157,0.040724278,0.000829233,0.000835996,0.784816574,0.307968527,0.479685762,0.561250927,0.173200708,1.880424768,0.266366817,0.266366817,0.127675711,0.257838682,0.216050671,0.662698413,0.665480427,0.266366817,0.455429498,[0.66634252],1008,0.190315251,0.453201669,0.643348624,0.326986958,0.336034576,0.66408942,0.66408942,0.520847884,-3382263.587,-0.10134132,0.868551517,0.657441517,0.763482647,39.92524195,148.2,0,232575.6546,0,969065.2275,83.71646826,0.266366817,0.266366817,0.257838682
a37f31d9-0dd9-409e-bc07-9ba99eabbf52,AdaBoostClassifier,PREPROCESSING,DIR,DIR_FAIR_SMOTE,0.645596975,0.640569395,0.482441923,0.640569395,0.649801587,0.604703247,843,0.354403025,0.042573133,1.135459967,0.395296753,-0.118922525,0.750262697,0.359430605,-0.224804265,0.56912516,0.316283925,0.11142388,1.454980843,0.350198413,0.208721646,1.980991736,0.167656714,0.359430605,0.350198413,0.649801587,0.640569395,0.683716075,303,353,303,353,655,958,893,655,540,0.604703247,0.216762955,0.216762955,0.024799527,0.000307508,0.000309256,0.784946489,0.308070495,0.479750643,0.579062542,0.179587736,1.891981445,0.224804265,0.224804265,0.115173203,0.267594433,0.230769384,0.649801587,0.640569395,0.224804265,0.455429498,[0.66634252],1008,0.190315251,0.453201669,0.622119816,0.289393507,0.354403025,0.645185491,0.645185491,0.505333177,-2377369.028,-0.016082619,0.894073782,0.635933756,0.761583451,,,,,,,,0.224804265,0.224804265,0.267594433
a37f31d9-0dd9-409e-bc07-9ba99eabbf52,SVC,PREPROCESSING,DIR,DIR_FAIR_SMOTE,0.65802269,0.773428233,0.591031875,0.773428233,0.561507937,0.595978062,843,0.34197731,-0.089236012,0.784602728,0.404021938,-0.255984811,0.581115764,0.226571767,-0.374895885,0.310191571,0.252311757,-0.02643341,0.909069069,0.438492063,0.142737823,1.406586526,0.125461818,0.226571767,0.438492063,0.561507937,0.773428233,0.747688243,191,442,191,442,566,757,1094,566,652,0.595978062,0.258816854,0.258816854,0.021480298,0.000230702,0.000234835,0.785071628,0.308168731,0.479813345,0.500922785,0.163270882,1.734408365,0.374895885,0.374895885,0.1147757,0.283271798,0.164341094,0.561507937,0.773428233,0.374895885,0.455429498,[0.66634252],1008,0.190315251,0.453201669,0.673205989,0.339273158,0.34197731,0.667468085,0.667468085,0.494716095,-2811565.321,-0.232158062,0.773505646,0.697986294,0.739227849,40.41158509,158,0,232972.1474,0,970717.2809,83.85918732,0.374895885,0.374895885,0.283271798
a37f31d9-0dd9-409e-bc07-9ba99eabbf52,CalibratedClassifierCV,PREPROCESSING,DIR,DIR_FAIR_SMOTE,0.656942193,0.642941874,0.473257699,0.642941874,0.668650794,0.618721461,843,0.343057807,0.036424311,1.11332008,0.381278539,-0.13829889,0.716123331,0.357058126,-0.233799767,0.586354259,0.308717949,0.110659364,1.429869067,0.331349206,0.184235977,1.911483254,0.165419152,0.357058126,0.331349206,0.668650794,0.642941874,0.691282051,301,334,301,334,674,975,876,674,542,0.618721461,0.209017872,0.209017872,0.038393348,0.000737025,0.000738752,0.784781694,0.307941154,0.479668383,0.575185451,0.189593219,1.912626803,0.233799767,0.233799767,0.124479127,0.254231752,0.228094418,0.668650794,0.642941874,0.233799767,0.455429498,[0.66634252],1008,0.190315251,0.453201669,0.630599186,0.310797074,0.343057807,0.655796334,0.655796334,0.51872318,-2787013.756,-0.04956379,0.894049738,0.643314651,0.766084613,,,,,,,,0.233799767,0.233799767,0.254231752
a37f31d9-0dd9-409e-bc07-9ba99eabbf52,XGBClassifier,PREPROCESSING,DIR,DIR_FAIR_SMOTE,0.619665046,0.380782918,0.271745003,0.380782918,0.819444444,0.638170974,843,0.380334954,0.118304459,1.385177308,0.361829026,-0.191930618,0.584150327,0.619217082,0.171081126,1.314789272,0.387240356,0.217562529,1.878952618,0.180555556,-0.077852998,0.593434343,0.260061556,0.619217082,0.180555556,0.819444444,0.380782918,0.612759644,522,182,522,182,826,1348,503,826,321,0.638170974,0.124467062,-0.124467062,0.177309901,0.0157194,0.015631462,0.799425598,0.319540643,0.486251035,0.721195613,0.168883313,0.727940052,-0.171081126,0.171081126,0.204746574,-0.075788128,0.369933552,0.819444444,0.380782918,-0.171081126,0.455429498,[0.66634252],1008,0.190315251,0.453201669,0.476968796,0.224149896,0.380334954,0.600113681,0.600113681,0.674808068,-4136957.284,-0.093228128,0.821604277,0.473446254,0.624718858,16.42897654,170.2,0,233173.1528,0,971554.8034,83.93153996,0.171081126,0.171081126,0.075788128
a37f31d9-0dd9-409e-bc07-9ba99eabbf52,LogisticRegressionCV,PREPROCESSING,DIR,HYPERPARAMETER_FAIR_SMOTE,0.662884927,0.669039146,0.4910859,0.669039146,0.657738095,0.620462046,843,0.337115073,0.00722806,1.021530392,0.379537954,-0.169949133,0.668194551,0.330960854,-0.272113943,0.518567639,0.296178344,0.081193962,1.309161625,0.342261905,0.17328996,1.775678867,0.156558198,0.330960854,0.342261905,0.657738095,0.669039146,0.703821656,279,345,279,345,663,942,909,663,564,0.620462046,0.222701951,0.222701951,0.041334314,0.000854263,0.000863889,0.784913733,0.308044784,0.479734263,0.559568044,0.185745676,1.904184648,0.272113943,0.272113943,0.125571547,0.264796933,0.214454165,0.657738095,0.669039146,0.272113943,0.455429498,[0.66634252],1008,0.190315251,0.453201669,0.643835616,0.325528084,0.337115073,0.663388621,0.663388621,0.51565068,-3390177.76,-0.098823983,0.863369531,0.658410232,0.7617439,20.06898379,150.9,0,232401.6204,0,968340.085,83.65382401,0.272113943,0.272113943,0.264796933
a37f31d9-0dd9-409e-bc07-9ba99eabbf52,AdaBoostClassifier,PREPROCESSING,DIR,HYPERPARAMETER_FAIR_SMOTE,0.654781199,0.676156584,0.505672609,0.676156584,0.636904762,0.608974359,843,0.345218801,0.035799489,1.116556475,0.391025641,-0.110180803,0.762241424,0.323843416,-0.268865567,0.48467433,0.298360656,0.085119182,1.351116625,0.363095238,0.237954985,2.177250979,0.155345031,0.323843416,0.363095238,0.636904762,0.676156584,0.701639344,273,366,273,366,642,915,936,642,570,0.608974359,0.253410276,0.253410276,0.03471956,0.000602724,0.00060892,0.78564704,0.308620636,0.480103903,0.557395786,0.257879942,2.046743927,0.268865567,0.268865567,0.097649993,0.306546436,0.211978192,0.636904762,0.676156584,0.268865567,0.455429498,[0.66634252],1008,0.190315251,0.453201669,0.640809444,0.311835123,0.345218801,0.656530673,0.656530673,0.490159054,-2378666.756,-0.030910582,0.857244456,0.656929309,0.758165306,,,,,,,,0.268865567,0.268865567,0.306546436
a37f31d9-0dd9-409e-bc07-9ba99eabbf52,NEURONAL_NETWORK,IN_PROCESSING,RULER,DIR,0.670448406,0.567022539,0.390599676,0.567022539,0.756944444,0.661134163,843,0.329551594,0.017537631,1.05456152,0.338865837,-0.14166574,0.698960302,0.432977461,-0.484424454,0.39774257,0.32358156,0.049291814,1.163861975,0.243055556,0.274397749,4.224173554,0.186010631,0.432977461,0.243055556,0.756944444,0.567022539,0.67641844,365,245,365,245,763,1128,723,763,478,0.661134163,0.379411102,0.379411102,0.085798201,0.003680666,0.003722796,0.789580286,0.311718514,0.482159543,0.609935457,0.990559613,4.330487662,0.484424454,0.484424454,0.095478777,0.404416359,0.263238264,0.756944444,0.567022539,0.484424454,0.455429498,[0.66634252],1008,0.190315251,0.453201669,0.610472542,0.330690034,0.329551594,0.661983491,0.661983491,0.410819606,,-0.210026705,0.69095296,0.613094131,0.655288436,,,,,,,,0.484424454,0.484424454,0.404416359
a37f31d9-0dd9-409e-bc07-9ba99eabbf52,NEURONAL_NETWORK,IN_PROCESSING,RULER,SMOTE,0.660183684,0.533807829,0.370610481,0.533807829,0.765873016,0.655976676,843,0.339816316,0.040769668,1.132738453,0.344023324,-0.114089069,0.740706662,0.466192171,-0.333583208,0.520474138,0.337339056,0.090879755,1.326599121,0.234126984,0.215623352,2.842599549,0.198566996,0.466192171,0.234126984,0.765873016,0.533807829,0.662660944,393,236,393,236,772,1165,686,772,450,0.655976676,0.27460328,0.27460328,0.067959311,0.002309234,0.00232032,0.786132623,0.309002251,0.48035157,0.63018568,0.545696028,2.749900596,0.333583208,0.333583208,0.102484412,0.312482249,0.281765355,0.765873016,0.533807829,0.333583208,0.455429498,[0.66634252],1008,0.190315251,0.453201669,0.588620013,0.309013902,0.339816316,0.649840423,0.649840423,0.471392111,,-0.117959857,0.829999111,0.589744094,0.706625715,,,,,,,,0.333583208,0.333583208,0.312482249
a37f31d9-0dd9-409e-bc07-9ba99eabbf52,NEURONAL_NETWORK,IN_PROCESSING,RULER,ROS,0.668827661,0.589561091,0.412749865,0.589561091,0.735119048,0.65052356,843,0.331172339,0.039960239,1.133200795,0.34947644,-0.038043478,0.898550725,0.410438909,-0.483758121,0.381864623,0.318307268,0.053289754,1.183553598,0.264880952,0.320467733,6.020661157,0.179685947,0.410438909,0.264880952,0.735119048,0.589561091,0.681692732,346,267,346,267,741,1087,764,741,497,0.65052356,0.402112927,0.402112927,0.086958096,0.003780855,0.003848452,0.790888512,0.312752319,0.48286474,0.599476351,1.091920381,4.801192843,0.483758121,0.483758121,0.045666616,0.434422039,0.252500135,0.735119048,0.589561091,0.483758121,0.455429498,[0.66634252],1008,0.190315251,0.453201669,0.618543871,0.328426601,0.331172339,0.662340069,0.662340069,0.396004565,-3191637.888,-0.163290388,0.683697881,0.623956078,0.65674863,,,,,,,,0.483758121,0.483758121,0.434422039
a37f31d9-0dd9-409e-bc07-9ba99eabbf52,NEURONAL_NETWORK,IN_PROCESSING,RULER,RUS,0.666666667,0.658362989,0.477579687,0.658362989,0.673611111,0.627828054,843,0.333333333,0.052257881,1.182902584,0.372171946,-0.068333333,0.836,0.341637011,-0.292520406,0.461762452,0.297828335,0.082275483,1.34226601,0.326388889,0.272243714,2.706060606,0.159286738,0.341637011,0.326388889,0.673611111,0.658362989,0.702171665,288,329,288,329,679,967,884,679,555,0.627828054,0.28238206,0.28238206,0.061916368,0.001916818,0.001936222,0.78651657,0.309304158,0.480548805,0.564423135,0.38127771,2.319416832,0.292520406,0.292520406,0.075304408,0.339278614,0.219154377,0.673611111,0.658362989,0.292520406,0.455429498,[0.66634252],1008,0.190315251,0.453201669,0.642733063,0.330985438,0.333333333,0.66598705,0.66598705,0.477924255,,-0.020276693,0.838297317,0.655769988,0.748955351,,,,,,,,0.292520406,0.292520406,0.339278614
a37f31d9-0dd9-409e-bc07-9ba99eabbf52,NEURONAL_NETWORK,IN_PROCESSING,RULER,FOS,0.66558617,0.497034401,0.331712588,0.497034401,0.806547619,0.682410423,843,0.33441383,0.002442488,1.007433659,0.317589577,-0.20678337,0.58643326,0.502965599,-0.466600033,0.449651243,0.342764753,0.052953422,1.171080286,0.193452381,0.202391419,3.717827627,0.207787192,0.502965599,0.193452381,0.806547619,0.497034401,0.657235247,424,195,424,195,813,1237,614,813,419,0.682410423,0.334495726,0.334495726,0.075019421,0.002813957,0.002837769,0.787870927,0.310370299,0.481253278,0.644650591,1.032455564,4.542743539,0.466600033,0.466600033,0.129868396,0.354274354,0.298729087,0.806547619,0.497034401,0.466600033,0.455429498,[0.66634252],1008,0.190315251,0.453201669,0.575154427,0.321107955,0.33441383,0.65179101,0.65179101,0.433769703,-3352856.688,-0.264208614,0.724859846,0.571098778,0.649872725,,,,,,,,0.466600033,0.466600033,0.354274354
a37f31d9-0dd9-409e-bc07-9ba99eabbf52,NEURONAL_NETWORK,IN_PROCESSING,RULER,FAIR_SMOTE,0.648298217,0.533807829,0.382495948,0.533807829,0.744047619,0.63559322,843,0.351701783,0.03443624,1.107134968,0.36440678,-0.175546159,0.637936047,0.466192171,-0.1994003,0.683709869,0.343832021,0.119596963,1.441271552,0.255952381,0.104580622,1.614411157,0.201513521,0.466192171,0.255952381,0.744047619,0.533807829,0.656167979,393,258,393,258,750,1143,708,750,450,0.63559322,0.151990461,0.151990461,0.057361259,0.001645157,0.001634085,0.784336446,0.30759183,0.479448544,0.634844109,0.202261066,1.813362251,0.1994003,0.1994003,0.147571561,0.191721102,0.284158905,0.744047619,0.533807829,0.1994003,0.455429498,[0.66634252],1008,0.190315251,0.453201669,0.580270793,0.284723443,0.351701783,0.638927724,0.638927724,0.541816805,-3214493.437,-0.094819677,0.933100028,0.58375223,0.742630518,,,,,,,,0.1994003,0.1994003,0.191721102
a37f31d9-0dd9-409e-bc07-9ba99eabbf52,NEURONAL_NETWORK,IN_PROCESSING,RULER,BAL_GAN_FAIR,0.676931388,0.544483986,0.36358725,0.544483986,0.787698413,0.682020802,843,0.323068612,-0.005325192,0.983432737,0.317979198,-0.173775486,0.630727092,0.455516014,-0.480593037,0.402505954,0.325976231,0.034504452,1.11470399,0.212301587,0.222744857,3.617252066,0.190744723,0.455516014,0.212301587,0.787698413,0.544483986,0.674023769,384,214,384,214,794,1178,673,794,459,0.682020802,0.351668947,0.351668947,0.088449536,0.00391166,0.003951953,0.788550595,0.31090602,0.481611466,0.617648319,0.938222088,4.109460882,0.480593037,0.480593037,0.104139969,0.377577393,0.272819626,0.787698413,0.544483986,0.480593037,0.455429498,[0.66634252],1008,0.190315251,0.453201669,0.605540897,0.343906586,0.323068612,0.666091199,0.666091199,0.431847609,,-0.25784818,0.701691407,0.604196505,0.656304333,,,,,,,,0.480593037,0.480593037,0.377577393
a37f31d9-0dd9-409e-bc07-9ba99eabbf52,NEURONAL_NETWORK,IN_PROCESSING,RULER,DEMV,0.66558617,0.516014235,0.34900054,0.516014235,0.790674603,0.673374613,843,0.33441383,0.059031525,1.201571061,0.326625387,-0.09266055,0.768348624,0.483985765,-0.252457105,0.625386232,0.338589212,0.116399695,1.43180532,0.209325397,0.170476525,2.602479339,0.202316322,0.483985765,0.209325397,0.790674603,0.516014235,0.661410788,408,211,408,211,797,1205,646,797,435,0.673374613,0.211466815,0.211466815,0.027808569,0.000386658,0.000388667,0.784895068,0.308030134,0.479724936,0.636107416,0.420937252,2.427037773,0.252457105,0.252457105,0.104530123,0.254828174,0.289378355,0.790674603,0.516014235,0.252457105,0.455429498,[0.66634252],1008,0.190315251,0.453201669,0.584284755,0.320429315,0.33441383,0.653344419,0.653344419,0.515183756,-3122559.614,-0.081980579,0.90305093,0.582313921,0.730590605,,,,,,,,0.252457105,0.252457105,0.254828174
a37f31d9-0dd9-409e-bc07-9ba99eabbf52,NEURONAL_NETWORK,IN_PROCESSING,DISTRACTION,DIR,0.655321448,0.539739027,0.380875203,0.539739027,0.751984127,0.645390071,843,0.344678552,0.107483669,1.406694965,0.354609929,-0.004310345,0.9875,0.460260973,-0.173163418,0.704980843,0.338568935,0.155280742,1.638376384,0.248015873,0.220063302,3.068595041,0.197980213,0.460260973,0.248015873,0.751984127,0.539739027,0.661431065,388,250,388,250,758,1146,705,758,455,0.645390071,0.19661336,0.19661336,0.02211779,0.000244598,0.000246144,0.784850212,0.307994927,0.479702539,0.629253865,0.337398624,2.226640159,0.173163418,0.220063302,0.079795543,0.254089747,0.279799482,0.751984127,0.539739027,0.173163418,0.455429498,[0.66634252],1008,0.190315251,0.453201669,0.587855297,0.29917692,0.344678552,0.645861577,0.645861577,0.518876562,,0.046899884,0.934287983,0.590572708,0.747771374,,,,,,,,0.173163418,0.220063302,0.254089747
a37f31d9-0dd9-409e-bc07-9ba99eabbf52,NEURONAL_NETWORK,IN_PROCESSING,DISTRACTION,SMOTE,0.648838466,0.651245552,0.488924905,0.651245552,0.646825397,0.606629834,843,0.351161534,0.075120704,1.262922465,0.393370166,-0.061737258,0.855946399,0.348754448,-0.202398801,0.576802508,0.310782241,0.127588444,1.568348522,0.353174603,0.260989977,2.362947658,0.163858913,0.348754448,0.353174603,0.646825397,0.651245552,0.689217759,294,356,294,356,652,946,905,652,549,0.606629834,0.231694389,0.231694389,0.043519312,0.000946965,0.000950042,0.785376741,0.308408313,0.479966984,0.572466442,0.224077537,1.978131213,0.202398801,0.260989977,0.094662851,0.293439364,0.225035984,0.646825397,0.651245552,0.202398801,0.455429498,[0.66634252],1008,0.190315251,0.453201669,0.628146453,0.29695719,0.351161534,0.649035474,0.649035474,0.498657597,,0.058591177,0.883439958,0.642574382,0.761161159,,,,,,,,0.202398801,0.260989977,0.293439364
a37f31d9-0dd9-409e-bc07-9ba99eabbf52,NEURONAL_NETWORK,IN_PROCESSING,DISTRACTION,ROS,0.665045921,0.580071174,0.407887628,0.580071174,0.736111111,0.647682119,843,0.334954079,0.033996024,1.11332008,0.352317881,-0.128968254,0.709821429,0.419928826,-0.226136932,0.599911583,0.322992701,0.102589641,1.410358566,0.263888889,0.158299631,1.930010331,0.183367764,0.419928826,0.263888889,0.736111111,0.580071174,0.677007299,354,266,354,266,742,1096,755,742,489,0.647682119,0.192218281,0.192218281,0.034421004,0.000592403,0.000594239,0.784668635,0.307852433,0.479612178,0.605586929,0.207082908,1.948310139,0.226136932,0.226136932,0.115778948,0.243851179,0.257872091,0.736111111,0.580071174,0.226136932,0.455429498,[0.66634252],1008,0.190315251,0.453201669,0.612015019,0.320407619,0.334954079,0.658091143,0.658091143,0.531593994,,-0.067837301,0.904937893,0.617089837,0.754170432,,,,,,,,0.226136932,0.226136932,0.243851179
a37f31d9-0dd9-409e-bc07-9ba99eabbf52,NEURONAL_NETWORK,IN_PROCESSING,DISTRACTION,RUS,0.662344679,0.556346382,0.38897893,0.556346382,0.750992063,0.651388889,843,0.337655321,0.035799489,1.116556475,0.348611111,-0.154348919,0.665577342,0.443653618,-0.152673663,0.71908046,0.330680813,0.125418575,1.506691042,0.249007937,0.099832952,1.521349862,0.191184213,0.443653618,0.249007937,0.750992063,0.556346382,0.669319187,374,251,374,251,757,1131,720,757,469,0.651388889,0.126253308,0.126253308,0.011497708,6.61E-05,6.65E-05,0.784356143,0.30760728,0.479458076,0.618359463,0.034665599,1.637865117,0.152673663,0.152673663,0.139883747,0.177690997,0.270127037,0.750992063,0.556346382,0.152673663,0.455429498,[0.66634252],1008,0.190315251,0.453201669,0.600127959,0.3139521,0.337655321,0.653669223,0.653669223,0.571141321,,-0.052840711,0.955336941,0.603192021,0.764146673,,,,,,,,0.152673663,0.152673663,0.177690997
a37f31d9-0dd9-409e-bc07-9ba99eabbf52,NEURONAL_NETWORK,IN_PROCESSING,DISTRACTION,FOS,0.642895732,0.539739027,0.393300918,0.539739027,0.729166667,0.625,843,0.357104268,0.036055098,1.107398164,0.375,-0.1706137,0.6688087,0.460260973,-0.249875062,0.616858238,0.345503117,0.115852583,1.413207547,0.270833333,0.157991911,1.873602333,0.200797625,0.460260973,0.270833333,0.729166667,0.539739027,0.654496883,388,273,388,273,735,1123,728,735,455,0.625,0.203933487,0.203933487,0.025434391,0.000323454,0.000327464,0.784608768,0.307805459,0.479582502,0.633715433,0.235749613,2.00734984,0.249875062,0.249875062,0.143233142,0.237446748,0.282148385,0.729166667,0.539739027,0.249875062,0.455429498,[0.66634252],1008,0.190315251,0.453201669,0.579248886,0.274150147,0.357104268,0.634452847,0.634452847,0.505066666,,-0.091883151,0.893699852,0.584273341,0.728380723,,,,,,,,0.249875062,0.249875062,0.237446748
a37f31d9-0dd9-409e-bc07-9ba99eabbf52,NEURONAL_NETWORK,IN_PROCESSING,DISTRACTION,FAIR_SMOTE,0.609400324,0.379596679,0.280929227,0.379596679,0.801587302,0.615384615,843,0.390599676,0.088114172,1.27413298,0.384615385,-0.19310462,0.596235795,0.620403321,-0.089705147,0.878634212,0.392937641,0.161401709,1.555411765,0.198412698,0.03380517,1.288880541,0.264252282,0.620403321,0.198412698,0.801587302,0.379596679,0.607062359,523,200,523,200,808,1331,520,808,320,0.615384615,0.061755159,0.061755159,0.13375003,0.008944535,0.00871388,0.786313226,0.309144244,0.480379083,0.726983194,0.39814478,1.548967067,0.089705147,0.089705147,0.177253164,0.090187447,0.373218484,0.801587302,0.379596679,0.089705147,0.455429498,[0.66634252],1008,0.190315251,0.453201669,0.469552458,0.200758134,0.390599676,0.59059199,0.59059199,0.554119888,,-0.055899978,1.014762426,0.468382616,0.676535759,,,,,,,,0.089705147,0.089705147,0.090187447
a37f31d9-0dd9-409e-bc07-9ba99eabbf52,NEURONAL_NETWORK,IN_PROCESSING,DISTRACTION,BAL_GAN_FAIR,0.652620205,0.570581257,0.411669368,0.570581257,0.721230159,0.631233596,843,0.347379795,0.049900596,1.166335321,0.368766404,-0.101984127,0.764652015,0.429418743,-0.276028652,0.562161448,0.33241506,0.104889533,1.397856848,0.278769841,0.20674345,2.494914177,0.188903572,0.429418743,0.278769841,0.721230159,0.570581257,0.66758494,362,281,362,281,727,1089,762,727,481,0.631233596,0.241386051,0.241386051,0.032146665,0.000516704,0.000521137,0.785425102,0.308446296,0.479991428,0.614660185,0.386668485,2.337972167,0.276028652,0.276028652,0.10343683,0.286708321,0.264830507,0.721230159,0.570581257,0.276028652,0.455429498,[0.66634252],1008,0.190315251,0.453201669,0.599376947,0.295294193,0.347379795,0.645905708,0.645905708,0.48999308,,-0.069285202,0.871039854,0.605658951,0.73333022,,,,,,,,0.276028652,0.276028652,0.286708321
a37f31d9-0dd9-409e-bc07-9ba99eabbf52,NEURONAL_NETWORK,IN_PROCESSING,DISTRACTION,DEMV,0.656401945,0.520759193,0.362506753,0.520759193,0.76984127,0.654247392,843,0.343598055,0.012382846,1.037686922,0.345752608,-0.212589074,0.574821853,0.479240807,-0.118190905,0.782528736,0.342372881,0.124385139,1.487589744,0.23015873,0.026595745,1.119047619,0.20355362,0.479240807,0.23015873,0.76984127,0.520759193,0.657627119,404,232,404,232,776,1180,671,776,439,0.654247392,0.072393325,0.072393325,0.02823089,0.000398492,0.000392975,0.785026245,0.308133102,0.479777209,0.638049559,-0.054473936,1.394963552,0.118190905,0.118190905,0.168487106,0.118489066,0.289082326,0.76984127,0.520759193,0.118190905,0.455429498,[0.66634252],1008,0.190315251,0.453201669,0.57992074,0.301049626,0.343598055,0.645300232,0.645300232,0.598584802,,-0.09159516,0.971028139,0.580483706,0.753705366,,,,,,,,0.118190905,0.118190905,0.118489066
a37f31d9-0dd9-409e-bc07-9ba99eabbf52,NEURONAL_NETWORK,IN_PROCESSING,FAIR_FOR_FREE,DIR,0.652079957,0.425860024,0.280388979,0.425860024,0.841269841,0.691714836,843,0.347920043,0.078912241,1.269456432,0.308285164,-0.083537332,0.773255814,0.574139976,-0.210394803,0.715348208,0.363363363,0.135926693,1.483739115,0.158730159,0.128011254,2.719008264,0.233103418,0.574139976,0.158730159,0.841269841,0.425860024,0.636636637,484,160,484,160,848,1332,519,848,359,0.691714836,0.169203028,0.169203028,0.017837613,0.00015909,0.000157295,0.784377681,0.307624174,0.479468667,0.682793407,0.452506954,2.519619127,0.210394803,0.210394803,0.109732013,0.206234024,0.337677784,0.841269841,0.425860024,0.210394803,0.455429498,[0.66634252],1008,0.190315251,0.453201669,0.527165932,0.296162936,0.347920043,0.633564932,0.633564932,0.526363827,,-0.082383549,0.954741907,0.519149737,0.702226511,,,,,,,,0.210394803,0.210394803,0.206234024
a37f31d9-0dd9-409e-bc07-9ba99eabbf52,NEURONAL_NETWORK,IN_PROCESSING,FAIR_FOR_FREE,SMOTE,0.673149649,0.494661922,0.321988115,0.494661922,0.822420635,0.69966443,843,0.326850351,0.052073275,1.177811182,0.30033557,-0.119298246,0.701754386,0.505338078,-0.223721473,0.668026202,0.339442231,0.1175847,1.436201307,0.177579365,0.12502198,2.175206612,0.205775695,0.505338078,0.177579365,0.822420635,0.494661922,0.660557769,426,179,426,179,829,1255,596,829,417,0.69966443,0.174371726,0.174371726,0.024530647,0.000300876,0.000302082,0.784447268,0.307678758,0.4795028,0.641522712,0.332362642,2.221073559,0.223721473,0.223721473,0.118441473,0.21804885,0.297930443,0.822420635,0.494661922,0.223721473,0.455429498,[0.66634252],1008,0.190315251,0.453201669,0.579569145,0.337964755,0.326850351,0.658541278,0.658541278,0.543710299,,-0.098699493,0.929048596,0.573333549,0.733903709,144.5018532,328.9,0,1039425.709,0,4330940.453,374.1451335,0.223721473,0.223721473,0.21804885
a37f31d9-0dd9-409e-bc07-9ba99eabbf52,NEURONAL_NETWORK,IN_PROCESSING,FAIR_FOR_FREE,ROS,0.663965424,0.665480427,0.486763911,0.665480427,0.662698413,0.622641509,843,0.336034576,0.010210168,1.030413265,0.377358491,-0.161679658,0.684339715,0.334519573,-0.289355322,0.48806366,0.296842105,0.076996379,1.29317852,0.337301587,0.198083348,1.886658796,0.157501301,0.334519573,0.337301587,0.662698413,0.665480427,0.703157895,282,340,282,340,668,950,901,668,561,0.622641509,0.243719335,0.243719335,0.034112109,0.000581818,0.000586492,0.785249825,0.308308644,0.479902952,0.561250927,0.222463087,1.975464287,0.289355322,0.289355322,0.119338018,0.285671684,0.216050671,0.662698413,0.665480427,0.289355322,0.455429498,[0.66634252],1008,0.190315251,0.453201669,0.643348624,0.326986958,0.336034576,0.66408942,0.66408942,0.502237988,,-0.091271974,0.84737278,0.657441517,0.754016528,,,,,,,,0.289355322,0.289355322,0.285671684
a37f31d9-0dd9-409e-bc07-9ba99eabbf52,NEURONAL_NETWORK,IN_PROCESSING,FAIR_FOR_FREE,RUS,0.65802269,0.476868327,0.320907618,0.476868327,0.80952381,0.676767677,843,0.34197731,0.040585061,1.129134285,0.323232323,-0.165542897,0.635805627,0.523131673,-0.271697485,0.632409286,0.350835322,0.108612374,1.376948828,0.19047619,0.127088096,2.194628099,0.216193943,0.523131673,0.19047619,0.80952381,0.476868327,0.649164678,441,192,441,192,816,1257,594,816,402,0.676767677,0.19939279,0.19939279,0.018719809,0.000175216,0.000175431,0.784586909,0.307788309,0.479571682,0.657562078,0.437297535,2.473341768,0.271697485,0.271697485,0.137077636,0.231525135,0.310620824,0.80952381,0.476868327,0.271697485,0.455429498,[0.66634252],1008,0.190315251,0.453201669,0.559498956,0.305523262,0.34197731,0.643196068,0.643196068,0.51494741,,-0.144609389,0.898532813,0.555140969,0.71024641,80.49040294,306.5,0,1038279.926,0,4326166.357,373.7327048,0.271697485,0.271697485,0.231525135
a37f31d9-0dd9-409e-bc07-9ba99eabbf52,NEURONAL_NETWORK,IN_PROCESSING,FAIR_FOR_FREE,FOS,0.675310643,0.567022539,0.385737439,0.567022539,0.765873016,0.669467787,843,0.324689357,0.067353025,1.241780089,0.330532213,-0.072203157,0.813475177,0.432977461,-0.203814759,0.65276004,0.321020229,0.125427906,1.506357103,0.234126984,0.178125549,2.395316804,0.184773195,0.432977461,0.234126984,0.765873016,0.567022539,0.678979771,365,236,365,236,772,1137,714,772,478,0.669467787,0.190970154,0.190970154,0.024711248,0.000305323,0.000306992,0.784719109,0.30789204,0.479637246,0.607903274,0.284635742,2.109921118,0.203814759,0.203814759,0.098815532,0.245768248,0.262231189,0.765873016,0.567022539,0.203814759,0.455429498,[0.66634252],1008,0.190315251,0.453201669,0.614001285,0.340582799,0.324689357,0.666447777,0.666447777,0.539176142,,-0.02568921,0.927690678,0.615629678,0.762125295,,,,,,,,0.203814759,0.203814759,0.245768248
a37f31d9-0dd9-409e-bc07-9ba99eabbf52,NEURONAL_NETWORK,IN_PROCESSING,FAIR_FOR_FREE,FAIR_SMOTE,0.587790384,0.567022539,0.473257699,0.567022539,0.60515873,0.5456621,843,0.412209616,0.065691565,1.191600398,0.4543379,-0.128265042,0.754158669,0.432977461,-0.127103115,0.756385696,0.374358974,0.169423119,1.663573883,0.39484127,0.16823457,1.658918733,0.198794407,0.432977461,0.39484127,0.60515873,0.567022539,0.625641026,365,398,365,398,610,975,876,610,478,0.5456621,0.147668843,0.147668843,0.029162117,0.000425215,0.000421003,0.784336291,0.307591709,0.479448468,0.63054644,-0.001915709,1.576195004,0.127103115,0.16823457,0.148844081,0.189321216,0.27518722,0.60515873,0.567022539,0.127103115,0.455429498,[0.66634252],1008,0.190315251,0.453201669,0.556137289,0.171741636,0.412209616,0.586090634,0.586090634,0.499543309,,0.041131455,0.94880122,0.570016857,0.738486331,160.9843488,356.2,0,1043441.904,0,4347674.6,375.590778,0.127103115,0.16823457,0.189321216
a37f31d9-0dd9-409e-bc07-9ba99eabbf52,NEURONAL_NETWORK,IN_PROCESSING,FAIR_FOR_FREE,BAL_GAN_FAIR,0.655321448,0.746144721,0.568881686,0.746144721,0.579365079,0.597340931,843,0.344678552,0.033626811,1.106994397,0.402659069,-0.109909366,0.771022155,0.253855279,-0.233633183,0.462643678,0.268170426,0.083010336,1.373546512,0.420634921,0.250879198,1.982610193,0.133817405,0.253855279,0.420634921,0.579365079,0.746144721,0.731829574,214,424,214,424,584,798,1053,584,629,0.597340931,0.242256191,0.242256191,0.031564856,0.00049817,0.000504144,0.785401308,0.308427608,0.479979399,0.51733433,0.176025094,1.842544732,0.233633183,0.250879198,0.096459851,0.300908833,0.17773066,0.579365079,0.746144721,0.233633183,0.455429498,[0.66634252],1008,0.190315251,0.453201669,0.66350211,0.327335035,0.344678552,0.6627549,0.6627549,0.502198423,,0.017246015,0.867131101,0.685973707,0.778967167,,,,,,,,0.233633183,0.250879198,0.300908833
a37f31d9-0dd9-409e-bc07-9ba99eabbf52,NEURONAL_NETWORK,IN_PROCESSING,FAIR_FOR_FREE,DEMV,0.675310643,0.635824437,0.448406267,0.635824437,0.708333333,0.645783133,843,0.324689357,0.063376882,1.227506754,0.354216867,-0.076923077,0.8125,0.364175563,-0.181992337,0.636015326,0.300685602,0.123972143,1.54439941,0.291666667,0.197555829,2.160640496,0.164624284,0.364175563,0.291666667,0.708333333,0.635824437,0.699314398,307,294,307,294,714,1021,830,714,536,0.645783133,0.189774083,0.189774083,0.027100696,0.000367224,0.000369552,0.784755872,0.307920889,0.479655529,0.573801854,0.185858387,1.905490136,0.181992337,0.197555829,0.10044761,0.252243681,0.228794768,0.708333333,0.635824437,0.181992337,0.455429498,[0.66634252],1008,0.190315251,0.453201669,0.640765093,0.34462733,0.324689357,0.672078885,0.672078885,0.544535731,,0.015563492,0.923615076,0.650167507,0.78255974,87.78339052,384.6,0,1042761.732,0,4344840.549,375.3459474,0.181992337,0.197555829,0.252243681
a37f31d9-0dd9-409e-bc07-9ba99eabbf52,NEURONAL_NETWORK,IN_PROCESSING,ROB_FAIRNESS_FGSM,DIR,0.640194489,0.422301305,0.289032955,0.422301305,0.822420635,0.665420561,843,0.359805511,0.072578813,1.236303112,0.334579439,-0.133646245,0.692613636,0.577698695,-0.188655672,0.737025427,0.37006079,0.139967067,1.496246872,0.177579365,0.112625286,2.058677686,0.238969796,0.577698695,0.177579365,0.822420635,0.422301305,0.62993921,487,179,487,179,829,1316,535,829,356,0.665420561,0.150640479,0.150640479,0.009217006,4.25E-05,4.22E-05,0.78433971,0.30759439,0.479450126,0.691331753,0.28887753,2.129829717,0.188655672,0.188655672,0.136806656,0.185614882,0.342818387,0.822420635,0.422301305,0.188655672,0.455429498,[0.66634252],1008,0.190315251,0.453201669,0.516690856,0.26885129,0.359805511,0.62236097,0.62236097,0.528608215,,-0.076030386,0.960964184,0.511474408,0.698053677,,,,,,,,0.188655672,0.188655672,0.185614882
a37f31d9-0dd9-409e-bc07-9ba99eabbf52,NEURONAL_NETWORK,IN_PROCESSING,ROB_FAIRNESS_FGSM,SMOTE,0.661264182,0.602609727,0.432198811,0.602609727,0.71031746,0.635,843,0.338735818,0.041763703,1.135974849,0.365,-0.129439579,0.718278564,0.397390273,-0.210811261,0.62702623,0.318744053,0.115366056,1.457027068,0.28968254,0.162124143,1.896451142,0.177237107,0.397390273,0.28968254,0.71031746,0.602609727,0.681255947,335,292,335,292,716,1051,800,716,508,0.635,0.186467702,0.186467702,0.014971021,0.000112066,0.000112777,0.78457527,0.307779178,0.479565925,0.595377372,0.178070108,1.891891892,0.210811261,0.210811261,0.122402817,0.235714286,0.247397445,0.71031746,0.602609727,0.210811261,0.455429498,[0.66634252],1008,0.190315251,0.453201669,0.61838101,0.314587164,0.338735818,0.656463594,0.656463594,0.534054336,,-0.048687118,0.915074108,0.626457858,0.764187103,,,,,,,,0.210811261,0.210811261,0.235714286
a37f31d9-0dd9-409e-bc07-9ba99eabbf52,NEURONAL_NETWORK,IN_PROCESSING,ROB_FAIRNESS_FGSM,ROS,0.653700702,0.502965599,0.34900054,0.502965599,0.779761905,0.656346749,843,0.346299298,0.083072991,1.290755467,0.343653251,-0.088177711,0.782947173,0.497034401,-0.129102116,0.780048247,0.347717842,0.154399323,1.617597293,0.220238095,0.1344294,1.972027972,0.209758981,0.497034401,0.220238095,0.779761905,0.502965599,0.652282158,419,222,419,222,786,1205,646,786,424,0.656346749,0.131765758,0.131765758,0.01290717,8.33E-05,8.29E-05,0.784341768,0.307596005,0.479451123,0.647702062,0.129069854,1.804796223,0.129102116,0.1344294,0.121288517,0.183953422,0.298597967,0.779761905,0.502965599,0.129102116,0.455429498,[0.66634252],1008,0.190315251,0.453201669,0.569509738,0.295394449,0.346299298,0.641363752,0.641363752,0.556853971,,0.005327285,0.97966055,0.568843763,0.748110798,,,,,,,,0.129102116,0.1344294,0.183953422
a37f31d9-0dd9-409e-bc07-9ba99eabbf52,NEURONAL_NETWORK,IN_PROCESSING,ROB_FAIRNESS_FGSM,RUS,0.661264182,0.534994069,0.370610481,0.534994069,0.766865079,0.657434402,843,0.338735818,0.052882704,1.176275679,0.342565598,-0.125287356,0.710875332,0.465005931,-0.207063135,0.671555027,0.336480687,0.123403917,1.468083821,0.233134921,0.138561632,2.001907184,0.197921966,0.465005931,0.233134921,0.766865079,0.534994069,0.663519313,392,235,392,235,773,1165,686,773,451,0.657434402,0.172812383,0.172812383,0.02027226,0.000205482,0.000203373,0.784439233,0.307672455,0.479498851,0.629161293,0.239595441,2.017892644,0.207063135,0.207063135,0.124345636,0.218119852,0.280947,0.766865079,0.534994069,0.207063135,0.455429498,[0.66634252],1008,0.190315251,0.453201669,0.589928058,0.311260044,0.338735818,0.650929574,0.650929574,0.538440883,,-0.068501503,0.930924515,0.590951766,0.746797286,,,,,,,,0.207063135,0.207063135,0.218119852
a37f31d9-0dd9-409e-bc07-9ba99eabbf52,NEURONAL_NETWORK,IN_PROCESSING,ROB_FAIRNESS_FGSM,FOS,0.640194489,0.422301305,0.289032955,0.422301305,0.822420635,0.665420561,843,0.359805511,0.072578813,1.236303112,0.334579439,-0.133646245,0.692613636,0.577698695,-0.188655672,0.737025427,0.37006079,0.139967067,1.496246872,0.177579365,0.112625286,2.058677686,0.238969796,0.577698695,0.177579365,0.822420635,0.422301305,0.62993921,487,179,487,179,829,1316,535,829,356,0.665420561,0.150640479,0.150640479,0.009217006,4.25E-05,4.22E-05,0.78433971,0.30759439,0.479450126,0.691331753,0.28887753,2.129829717,0.188655672,0.188655672,0.136806656,0.185614882,0.342818387,0.822420635,0.422301305,0.188655672,0.455429498,[0.66634252],1008,0.190315251,0.453201669,0.516690856,0.26885129,0.359805511,0.62236097,0.62236097,0.528608215,,-0.076030386,0.960964184,0.511474408,0.698053677,,,,,,,,0.188655672,0.188655672,0.185614882
a37f31d9-0dd9-409e-bc07-9ba99eabbf52,NEURONAL_NETWORK,IN_PROCESSING,ROB_FAIRNESS_FGSM,FAIR_SMOTE,0.611561318,0.365361803,0.265802269,0.365361803,0.817460317,0.62601626,843,0.388438682,0.062709458,1.182902584,0.37398374,-0.228125,0.585227273,0.634638197,-0.220056638,0.726416071,0.393671818,0.136273081,1.441966748,0.182539683,0.095788641,1.818557476,0.268370667,0.634638197,0.182539683,0.817460317,0.365361803,0.606328182,535,184,535,184,824,1359,492,824,308,0.62601626,0.15792264,0.15792264,0.015561297,0.000121077,0.000120869,0.784375318,0.30762232,0.479467331,0.732626326,0.330284719,2.226640159,0.220056638,0.220056638,0.18219904,0.175234308,0.380313034,0.817460317,0.365361803,0.220056638,0.455429498,[0.66634252],1008,0.190315251,0.453201669,0.461423221,0.206101198,0.388438682,0.59141106,0.59141106,0.498013865,,-0.124267998,0.946552561,0.458759102,0.650240884,,,,,,,,0.220056638,0.220056638,0.175234308
a37f31d9-0dd9-409e-bc07-9ba99eabbf52,NEURONAL_NETWORK,IN_PROCESSING,ROB_FAIRNESS_FGSM,BAL_GAN_FAIR,0.640194489,0.422301305,0.289032955,0.422301305,0.822420635,0.665420561,843,0.359805511,0.072578813,1.236303112,0.334579439,-0.133646245,0.692613636,0.577698695,-0.188655672,0.737025427,0.37006079,0.139967067,1.496246872,0.177579365,0.112625286,2.058677686,0.238969796,0.577698695,0.177579365,0.822420635,0.422301305,0.62993921,487,179,487,179,829,1316,535,829,356,0.665420561,0.150640479,0.150640479,0.009217006,4.25E-05,4.22E-05,0.78433971,0.30759439,0.479450126,0.691331753,0.28887753,2.129829717,0.188655672,0.188655672,0.136806656,0.185614882,0.342818387,0.822420635,0.422301305,0.188655672,0.455429498,[0.66634252],1008,0.190315251,0.453201669,0.516690856,0.26885129,0.359805511,0.62236097,0.62236097,0.528608215,,-0.076030386,0.960964184,0.511474408,0.698053677,,,,,,,,0.188655672,0.188655672,0.185614882
a37f31d9-0dd9-409e-bc07-9ba99eabbf52,NEURONAL_NETWORK,IN_PROCESSING,ROB_FAIRNESS_FGSM,DEMV,0.645596975,0.411625148,0.273905997,0.411625148,0.841269841,0.684418146,843,0.354403025,0.108293099,1.398974574,0.315581854,-0.005882353,0.980392157,0.588374852,-0.155422289,0.77658046,0.369047619,0.156756757,1.587837838,0.158730159,0.142781783,3.236914601,0.23992419,0.588374852,0.158730159,0.841269841,0.411625148,0.630952381,496,160,496,160,848,1344,507,848,347,0.684418146,0.149102036,0.149102036,0.015614756,0.00012191,0.000121065,0.784339979,0.307594601,0.479450262,0.692710893,0.390817568,2.365805169,0.155422289,0.155422289,0.081319555,0.195115024,0.34671792,0.841269841,0.411625148,0.155422289,0.455429498,[0.66634252],1008,0.190315251,0.453201669,0.514074074,0.282410386,0.354403025,0.626447495,0.626447495,0.533042898,,-0.012640506,0.991780627,0.506449316,0.703041095,,,,,,,,0.155422289,0.155422289,0.195115024
a37f31d9-0dd9-409e-bc07-9ba99eabbf52,NEURONAL_NETWORK,IN_PROCESSING,ROB_FAIRNESS_PGD,DIR,0.640194489,0.422301305,0.289032955,0.422301305,0.822420635,0.665420561,843,0.359805511,0.072578813,1.236303112,0.334579439,-0.133646245,0.692613636,0.577698695,-0.188655672,0.737025427,0.37006079,0.139967067,1.496246872,0.177579365,0.112625286,2.058677686,0.238969796,0.577698695,0.177579365,0.822420635,0.422301305,0.62993921,487,179,487,179,829,1316,535,829,356,0.665420561,0.150640479,0.150640479,0.009217006,4.25E-05,4.22E-05,0.78433971,0.30759439,0.479450126,0.691331753,0.28887753,2.129829717,0.188655672,0.188655672,0.136806656,0.185614882,0.342818387,0.822420635,0.422301305,0.188655672,0.455429498,[0.66634252],1008,0.190315251,0.453201669,0.516690856,0.26885129,0.359805511,0.62236097,0.62236097,0.528608215,,-0.076030386,0.960964184,0.511474408,0.698053677,,,,,,,,0.188655672,0.188655672,0.185614882
a37f31d9-0dd9-409e-bc07-9ba99eabbf52,NEURONAL_NETWORK,IN_PROCESSING,ROB_FAIRNESS_PGD,SMOTE,0.661264182,0.602609727,0.432198811,0.602609727,0.71031746,0.635,843,0.338735818,0.041763703,1.135974849,0.365,-0.129439579,0.718278564,0.397390273,-0.210811261,0.62702623,0.318744053,0.115366056,1.457027068,0.28968254,0.162124143,1.896451142,0.177237107,0.397390273,0.28968254,0.71031746,0.602609727,0.681255947,335,292,335,292,716,1051,800,716,508,0.635,0.186467702,0.186467702,0.014971021,0.000112066,0.000112777,0.78457527,0.307779178,0.479565925,0.595377372,0.178070108,1.891891892,0.210811261,0.210811261,0.122402817,0.235714286,0.247397445,0.71031746,0.602609727,0.210811261,0.455429498,[0.66634252],1008,0.190315251,0.453201669,0.61838101,0.314587164,0.338735818,0.656463594,0.656463594,0.534054336,,-0.048687118,0.915074108,0.626457858,0.764187103,,,,,,,,0.210811261,0.210811261,0.235714286
a37f31d9-0dd9-409e-bc07-9ba99eabbf52,NEURONAL_NETWORK,IN_PROCESSING,ROB_FAIRNESS_PGD,ROS,0.653700702,0.502965599,0.34900054,0.502965599,0.779761905,0.656346749,843,0.346299298,0.083072991,1.290755467,0.343653251,-0.088177711,0.782947173,0.497034401,-0.129102116,0.780048247,0.347717842,0.154399323,1.617597293,0.220238095,0.1344294,1.972027972,0.209758981,0.497034401,0.220238095,0.779761905,0.502965599,0.652282158,419,222,419,222,786,1205,646,786,424,0.656346749,0.131765758,0.131765758,0.01290717,8.33E-05,8.29E-05,0.784341768,0.307596005,0.479451123,0.647702062,0.129069854,1.804796223,0.129102116,0.1344294,0.121288517,0.183953422,0.298597967,0.779761905,0.502965599,0.129102116,0.455429498,[0.66634252],1008,0.190315251,0.453201669,0.569509738,0.295394449,0.346299298,0.641363752,0.641363752,0.556853971,,0.005327285,0.97966055,0.568843763,0.748110798,,,,,,,,0.129102116,0.1344294,0.183953422
a37f31d9-0dd9-409e-bc07-9ba99eabbf52,NEURONAL_NETWORK,IN_PROCESSING,ROB_FAIRNESS_PGD,RUS,0.661264182,0.534994069,0.370610481,0.534994069,0.766865079,0.657434402,843,0.338735818,0.052882704,1.176275679,0.342565598,-0.125287356,0.710875332,0.465005931,-0.207063135,0.671555027,0.336480687,0.123403917,1.468083821,0.233134921,0.138561632,2.001907184,0.197921966,0.465005931,0.233134921,0.766865079,0.534994069,0.663519313,392,235,392,235,773,1165,686,773,451,0.657434402,0.172812383,0.172812383,0.02027226,0.000205482,0.000203373,0.784439233,0.307672455,0.479498851,0.629161293,0.239595441,2.017892644,0.207063135,0.207063135,0.124345636,0.218119852,0.280947,0.766865079,0.534994069,0.207063135,0.455429498,[0.66634252],1008,0.190315251,0.453201669,0.589928058,0.311260044,0.338735818,0.650929574,0.650929574,0.538440883,,-0.068501503,0.930924515,0.590951766,0.746797286,,,,,,,,0.207063135,0.207063135,0.218119852
a37f31d9-0dd9-409e-bc07-9ba99eabbf52,NEURONAL_NETWORK,IN_PROCESSING,ROB_FAIRNESS_PGD,FOS,0.640194489,0.422301305,0.289032955,0.422301305,0.822420635,0.665420561,843,0.359805511,0.072578813,1.236303112,0.334579439,-0.133646245,0.692613636,0.577698695,-0.188655672,0.737025427,0.37006079,0.139967067,1.496246872,0.177579365,0.112625286,2.058677686,0.238969796,0.577698695,0.177579365,0.822420635,0.422301305,0.62993921,487,179,487,179,829,1316,535,829,356,0.665420561,0.150640479,0.150640479,0.009217006,4.25E-05,4.22E-05,0.78433971,0.30759439,0.479450126,0.691331753,0.28887753,2.129829717,0.188655672,0.188655672,0.136806656,0.185614882,0.342818387,0.822420635,0.422301305,0.188655672,0.455429498,[0.66634252],1008,0.190315251,0.453201669,0.516690856,0.26885129,0.359805511,0.62236097,0.62236097,0.528608215,,-0.076030386,0.960964184,0.511474408,0.698053677,,,,,,,,0.188655672,0.188655672,0.185614882
a37f31d9-0dd9-409e-bc07-9ba99eabbf52,NEURONAL_NETWORK,IN_PROCESSING,ROB_FAIRNESS_PGD,FAIR_SMOTE,0.611561318,0.365361803,0.265802269,0.365361803,0.817460317,0.62601626,843,0.388438682,0.062709458,1.182902584,0.37398374,-0.228125,0.585227273,0.634638197,-0.220056638,0.726416071,0.393671818,0.136273081,1.441966748,0.182539683,0.095788641,1.818557476,0.268370667,0.634638197,0.182539683,0.817460317,0.365361803,0.606328182,535,184,535,184,824,1359,492,824,308,0.62601626,0.15792264,0.15792264,0.015561297,0.000121077,0.000120869,0.784375318,0.30762232,0.479467331,0.732626326,0.330284719,2.226640159,0.220056638,0.220056638,0.18219904,0.175234308,0.380313034,0.817460317,0.365361803,0.220056638,0.455429498,[0.66634252],1008,0.190315251,0.453201669,0.461423221,0.206101198,0.388438682,0.59141106,0.59141106,0.498013865,,-0.124267998,0.946552561,0.458759102,0.650240884,,,,,,,,0.220056638,0.220056638,0.175234308
a37f31d9-0dd9-409e-bc07-9ba99eabbf52,NEURONAL_NETWORK,IN_PROCESSING,ROB_FAIRNESS_PGD,BAL_GAN_FAIR,0.640194489,0.422301305,0.289032955,0.422301305,0.822420635,0.665420561,843,0.359805511,0.072578813,1.236303112,0.334579439,-0.133646245,0.692613636,0.577698695,-0.188655672,0.737025427,0.37006079,0.139967067,1.496246872,0.177579365,0.112625286,2.058677686,0.238969796,0.577698695,0.177579365,0.822420635,0.422301305,0.62993921,487,179,487,179,829,1316,535,829,356,0.665420561,0.150640479,0.150640479,0.009217006,4.25E-05,4.22E-05,0.78433971,0.30759439,0.479450126,0.691331753,0.28887753,2.129829717,0.188655672,0.188655672,0.136806656,0.185614882,0.342818387,0.822420635,0.422301305,0.188655672,0.455429498,[0.66634252],1008,0.190315251,0.453201669,0.516690856,0.26885129,0.359805511,0.62236097,0.62236097,0.528608215,,-0.076030386,0.960964184,0.511474408,0.698053677,,,,,,,,0.188655672,0.188655672,0.185614882
a37f31d9-0dd9-409e-bc07-9ba99eabbf52,NEURONAL_NETWORK,IN_PROCESSING,ROB_FAIRNESS_PGD,DEMV,0.645596975,0.411625148,0.273905997,0.411625148,0.841269841,0.684418146,843,0.354403025,0.108293099,1.398974574,0.315581854,-0.005882353,0.980392157,0.588374852,-0.155422289,0.77658046,0.369047619,0.156756757,1.587837838,0.158730159,0.142781783,3.236914601,0.23992419,0.588374852,0.158730159,0.841269841,0.411625148,0.630952381,496,160,496,160,848,1344,507,848,347,0.684418146,0.149102036,0.149102036,0.015614756,0.00012191,0.000121065,0.784339979,0.307594601,0.479450262,0.692710893,0.390817568,2.365805169,0.155422289,0.155422289,0.081319555,0.195115024,0.34671792,0.841269841,0.411625148,0.155422289,0.455429498,[0.66634252],1008,0.190315251,0.453201669,0.514074074,0.282410386,0.354403025,0.626447495,0.626447495,0.533042898,,-0.012640506,0.991780627,0.506449316,0.703041095,,,,,,,,0.155422289,0.155422289,0.195115024
a37f31d9-0dd9-409e-bc07-9ba99eabbf52,GERRY_FAIR_CLASSIFIER,IN_PROCESSING,GERRY_FAIR_CLASSIFIER,DIR,0.458670989,0.995255042,0.992436521,0.995255042,0.009920635,0.456722918,843,0.541329011,-0.19528543,0.709149359,0.543277082,-0.192993266,0.712563222,0.004744958,0.003831418,inf,0.285714286,0.222222222,inf,0.990079365,-0.01446281,0.98553719,0.053537393,0.004744958,0.990079365,0.009920635,0.995255042,0.714285714,4,998,4,998,10,14,1837,10,839,0.456722918,0.009147114,-0.009147114,0.047584628,0.001132148,0.001125704,0.786291392,0.309127077,0.48036895,0.327222839,1.110160445,0.991053678,-0.003831418,0.01446281,0.207607744,-0.008946322,0.056462359,0.009920635,0.995255042,-0.003831418,0.455429498,[0.66634252],1008,0.190315251,0.453201669,0.626119403,0.029750384,0.541329011,0.502587838,0.502587838,0.507185066,-58698915.47,0.010631392,0.99093901,0.627336955,0.793768292,,,,,,,,0.003831418,0.01446281,0.008946322
a37f31d9-0dd9-409e-bc07-9ba99eabbf52,GERRY_FAIR_CLASSIFIER,IN_PROCESSING,GERRY_FAIR_CLASSIFIER,SMOTE,0.456509995,0.992882562,0.992436521,0.992882562,0.007936508,0.455634186,843,0.543490005,-0.192303323,0.713590796,0.544365814,-0.191468652,0.714833923,0.007117438,0.005747126,inf,0.428571429,0.375,inf,0.992063492,-0.010330579,0.989669421,0.053994768,0.007117438,0.992063492,0.007936508,0.992882562,0.571428571,6,1000,6,1000,8,14,1837,8,837,0.455634186,0.008038852,-0.008038852,0.046995389,0.001104283,0.001097762,0.786269704,0.309110024,0.480358884,0.328617613,1.27721453,0.992047714,-0.005747126,0.010330579,0.283234326,-0.007952286,0.057436907,0.007936508,0.992882562,-0.005747126,0.455429498,[0.66634252],1008,0.190315251,0.453201669,0.624626866,0.00470811,0.543490005,0.500409535,0.500409535,0.504432254,-58698915.47,0.004583452,0.992001781,0.625174945,0.792670505,,,,,,,,0.005747126,0.010330579,0.007952286
a37f31d9-0dd9-409e-bc07-9ba99eabbf52,GERRY_FAIR_CLASSIFIER,IN_PROCESSING,GERRY_FAIR_CLASSIFIER,ROS,0.538627769,0.007117438,0.012425716,0.007117438,0.983134921,0.260869565,843,0.461372231,0.179011644,1.522117296,0.739130435,-0.4,0.6,0.992882562,-0.011494253,0.988505747,0.457877462,0.187352842,1.562058527,0.016865079,-0.002681554,0.873966942,0.427275319,0.992882562,0.016865079,0.983134921,0.007117438,0.542122538,837,17,837,17,991,1828,23,991,6,0.260869565,0.007087904,0.004406349,0.123310755,0.007602771,0.007507035,0.798939388,0.319152073,0.486037987,0.924419081,0.47484008,1.043737575,0.011494253,0.011494253,0.293676421,0.000624822,0.608055222,0.983134921,0.007117438,0.011494253,0.455429498,[0.66634252],1008,0.190315251,0.453201669,0.013856813,-0.043821939,0.461372231,0.495126179,0.495126179,0.49294448,-58698915.47,-0.008812698,1.004526329,0.013984499,0.032035849,,,,,,,,0.011494253,0.011494253,0.000624822
a37f31d9-0dd9-409e-bc07-9ba99eabbf52,GERRY_FAIR_CLASSIFIER,IN_PROCESSING,GERRY_FAIR_CLASSIFIER,RUS,0.544570502,0,0,0,1,0,843,0.455429498,0.190315251,1.57922033,0,0,,1,0,1,0.455429498,0.190315251,1.57922033,0,0,,0.418154762,1,0,1,0,0.544570502,843,0,843,0,1008,1851,0,1008,0,0,0,0,0.130475239,0.008511894,0.008414638,0.799903665,0.319922936,0.486460279,0.914499603,1.512769333,,0,0,0.095157626,0,0.607757864,1,0,0,0.455429498,[0.66634252],1008,0.190315251,0.453201669,0,0,0.455429498,0.5,0.5,0.5,-58698915.47,0,,1.133174792,,,,,,,,,0,0,0
a37f31d9-0dd9-409e-bc07-9ba99eabbf52,GERRY_FAIR_CLASSIFIER,IN_PROCESSING,GERRY_FAIR_CLASSIFIER,FOS,0.458670989,0.995255042,0.992436521,0.995255042,0.009920635,0.456722918,843,0.541329011,-0.19528543,0.709149359,0.543277082,-0.192993266,0.712563222,0.004744958,0.003831418,inf,0.285714286,0.222222222,inf,0.990079365,-0.01446281,0.98553719,0.053537393,0.004744958,0.990079365,0.009920635,0.995255042,0.714285714,4,998,4,998,10,14,1837,10,839,0.456722918,0.009147114,-0.009147114,0.047584628,0.001132148,0.001125704,0.786291392,0.309127077,0.48036895,0.327222839,1.110160445,0.991053678,-0.003831418,0.01446281,0.207607744,-0.008946322,0.056462359,0.009920635,0.995255042,-0.003831418,0.455429498,[0.66634252],1008,0.190315251,0.453201669,0.626119403,0.029750384,0.541329011,0.502587838,0.502587838,0.507185066,-58698915.47,0.010631392,0.99093901,0.627336955,0.793768292,,,,,,,,0.003831418,0.01446281,0.008946322
a37f31d9-0dd9-409e-bc07-9ba99eabbf52,GERRY_FAIR_CLASSIFIER,IN_PROCESSING,GERRY_FAIR_CLASSIFIER,FAIR_SMOTE,0.460831983,0.991696323,0.987034036,0.991696323,0.016865079,0.457580733,843,0.539168017,-0.168702073,0.737574553,0.542419267,-0.184423316,0.721315878,0.008303677,0.005747126,inf,0.291666667,0.230769231,inf,0.983134921,0.021892034,1.022865014,0.054685666,0.008303677,0.983134921,0.016865079,0.991696323,0.708333333,7,991,7,991,17,24,1827,17,836,0.457580733,0.01381958,0.008072454,0.045892676,0.001053069,0.001049089,0.785853047,0.308782506,0.480165022,0.330713368,1.062626744,1.016109227,-0.005747126,0.021892034,0.207596273,0.015648963,0.058275882,0.016865079,0.991696323,-0.005747126,0.455429498,[0.66634252],1008,0.190315251,0.453201669,0.626217228,0.037688951,0.539168017,0.504280701,0.504280701,0.500209918,-58698915.47,0.016144908,0.992997806,0.62823917,0.795142116,,,,,,,,0.005747126,0.021892034,0.015648963
a37f31d9-0dd9-409e-bc07-9ba99eabbf52,GERRY_FAIR_CLASSIFIER,IN_PROCESSING,GERRY_FAIR_CLASSIFIER,BAL_GAN_FAIR,0.458670989,0.995255042,0.992436521,0.995255042,0.009920635,0.456722918,843,0.541329011,-0.19528543,0.709149359,0.543277082,-0.192993266,0.712563222,0.004744958,0.003831418,inf,0.285714286,0.222222222,inf,0.990079365,-0.01446281,0.98553719,0.053537393,0.004744958,0.990079365,0.009920635,0.995255042,0.714285714,4,998,4,998,10,14,1837,10,839,0.456722918,0.009147114,-0.009147114,0.047584628,0.001132148,0.001125704,0.786291392,0.309127077,0.48036895,0.327222839,1.110160445,0.991053678,-0.003831418,0.01446281,0.207607744,-0.008946322,0.056462359,0.009920635,0.995255042,-0.003831418,0.455429498,[0.66634252],1008,0.190315251,0.453201669,0.626119403,0.029750384,0.541329011,0.502587838,0.502587838,0.507185066,-58698915.47,0.010631392,0.99093901,0.627336955,0.793768292,,,,,,,,0.003831418,0.01446281,0.008946322
a37f31d9-0dd9-409e-bc07-9ba99eabbf52,GERRY_FAIR_CLASSIFIER,IN_PROCESSING,GERRY_FAIR_CLASSIFIER,DEMV,0.455429498,0.985765125,0.987034036,0.985765125,0.011904762,0.454844007,843,0.544570502,-0.175035501,0.733641628,0.545155993,-0.185334679,0.721997982,0.014234875,0.01532567,inf,0.5,0.533333333,inf,0.988095238,0.006813786,1.006961912,0.055837183,0.014234875,0.988095238,0.011904762,0.985765125,0.5,12,996,12,996,12,24,1827,12,831,0.454844007,0.011069728,-0.004255942,0.047812169,0.001143002,0.001137394,0.786148528,0.309014754,0.480302595,0.334177146,1.573452368,0.999366122,-0.01532567,0.01532567,0.359334006,-0.000624822,0.060720846,0.011904762,0.985765125,-0.01532567,0.455429498,[0.66634252],1008,0.190315251,0.453201669,0.62247191,-0.010257611,0.544570502,0.498834943,0.498834943,0.500957956,-58698915.47,-0.008511885,0.99196806,0.622837176,0.791044824,,,,,,,,0.01532567,0.01532567,0.000624822
a37f31d9-0dd9-409e-bc07-9ba99eabbf52,PREJUDICE_REMOVER,IN_PROCESSING,PREJUDICE_REMOVER,DIR,0.66180443,0.548042705,0.3819557,0.548042705,0.756944444,0.653465347,843,0.33819557,0.035799489,1.116556475,0.346534653,-0.124290103,0.714132762,0.451957295,-0.334249542,0.534076396,0.333041958,0.089006232,1.315567549,0.243055556,0.193203798,2.816115702,0.193835902,0.451957295,0.243055556,0.756944444,0.548042705,0.666958042,381,245,381,245,763,1144,707,763,462,0.653465347,0.26372667,0.26372667,0.031398841,0.000492944,0.000504742,0.785862274,0.308789757,0.480213424,0.62263296,0.571226256,2.825654767,0.334249542,0.334249542,0.106648168,0.299928997,0.274355005,0.756944444,0.548042705,0.334249542,0.455429498,[0.66634252],1008,0.190315251,0.453201669,0.596129032,0.312610006,0.33819557,0.652493575,0.652493575,0.480413617,-3151632.607,-0.141045744,0.835691476,0.598421972,0.71431193,,,,,,,,0.334249542,0.334249542,0.299928997
a37f31d9-0dd9-409e-bc07-9ba99eabbf52,PREJUDICE_REMOVER,IN_PROCESSING,PREJUDICE_REMOVER,SMOTE,0.659103187,0.667852906,0.493787142,0.667852906,0.651785714,0.615973742,843,0.340896813,0.001263845,1.003764646,0.384026258,-0.165525384,0.678145087,0.332147094,-0.385224055,0.388954948,0.298826041,0.043011519,1.155731361,0.348214286,0.244461052,2.276629936,0.157405733,0.332147094,0.348214286,0.651785714,0.667852906,0.701173959,280,351,280,351,657,937,914,657,563,0.615973742,0.314842553,0.314842553,0.059241703,0.00175479,0.001783148,0.786868302,0.309580863,0.480730496,0.561080624,0.417349195,2.4055666,0.385224055,0.385224055,0.104268451,0.35139165,0.215527944,0.651785714,0.667852906,0.385224055,0.455429498,[0.66634252],1008,0.190315251,0.453201669,0.640865111,0.318390725,0.340896813,0.65981931,0.65981931,0.452080114,-3238945.753,-0.140763003,0.767653735,0.655746365,0.715335196,,,,,,,,0.385224055,0.385224055,0.35139165
a37f31d9-0dd9-409e-bc07-9ba99eabbf52,PREJUDICE_REMOVER,IN_PROCESSING,PREJUDICE_REMOVER,ROS,0.661264182,0.645314353,0.471096704,0.645314353,0.674603175,0.623853211,843,0.338735818,0.02666856,1.084854509,0.376146789,-0.132654015,0.719952635,0.354685647,-0.275945361,0.511788977,0.305413687,0.085955827,1.337211321,0.325396825,0.205204853,2.071625344,0.164064056,0.354685647,0.325396825,0.674603175,0.645314353,0.694586313,299,328,299,328,680,979,872,680,544,0.623853211,0.240575107,0.240575107,0.036483891,0.000665537,0.000672168,0.785335404,0.308375848,0.47994611,0.572824678,0.264336421,2.061839489,0.275945361,0.275945361,0.109304921,0.288213576,0.226318379,0.674603175,0.645314353,0.275945361,0.455429498,[0.66634252],1008,0.190315251,0.453201669,0.634402332,0.31917767,0.338735818,0.659958764,0.659958764,0.501189114,-3195246.837,-0.070740507,0.859818965,0.646806262,0.753472747,,,,,,,,0.275945361,0.275945361,0.288213576
a37f31d9-0dd9-409e-bc07-9ba99eabbf52,PREJUDICE_REMOVER,IN_PROCESSING,PREJUDICE_REMOVER,RUS,0.66180443,0.660735469,0.484602917,0.660735469,0.662698413,0.620958751,843,0.33819557,0.001263845,1.003764646,0.379041249,-0.173570783,0.661123709,0.339264531,-0.283608196,0.498231653,0.299790356,0.072225674,1.275013142,0.337301587,0.17328996,1.775678867,0.159245252,0.339264531,0.337301587,0.662698413,0.660735469,0.700209644,286,340,286,340,668,954,897,668,557,0.620958751,0.228449078,0.228449078,0.022468561,0.000252418,0.000255561,0.785003095,0.30811493,0.479778982,0.564349629,0.196374651,1.924550259,0.283608196,0.283608196,0.122898228,0.270761147,0.218666641,0.662698413,0.660735469,0.283608196,0.455429498,[0.66634252],1008,0.190315251,0.453201669,0.640229885,0.322299148,0.33819557,0.661716941,0.661716941,0.510548316,-3223053.223,-0.110318236,0.854214768,0.654104323,0.755198396,,,,,,,,0.283608196,0.283608196,0.270761147
a37f31d9-0dd9-409e-bc07-9ba99eabbf52,PREJUDICE_REMOVER,IN_PROCESSING,PREJUDICE_REMOVER,FOS,0.66180443,0.548042705,0.3819557,0.548042705,0.756944444,0.653465347,843,0.33819557,0.035799489,1.116556475,0.346534653,-0.124290103,0.714132762,0.451957295,-0.334249542,0.534076396,0.333041958,0.089006232,1.315567549,0.243055556,0.193203798,2.816115702,0.193835902,0.451957295,0.243055556,0.756944444,0.548042705,0.666958042,381,245,381,245,763,1144,707,763,462,0.653465347,0.26372667,0.26372667,0.031398841,0.000492944,0.000504742,0.785862274,0.308789757,0.480213424,0.62263296,0.571226256,2.825654767,0.334249542,0.334249542,0.106648168,0.299928997,0.274355005,0.756944444,0.548042705,0.334249542,0.455429498,[0.66634252],1008,0.190315251,0.453201669,0.596129032,0.312610006,0.33819557,0.652493575,0.652493575,0.480413617,-3151632.607,-0.141045744,0.835691476,0.598421972,0.71431193,,,,,,,,0.334249542,0.334249542,0.299928997
a37f31d9-0dd9-409e-bc07-9ba99eabbf52,ADVERSARIAL_DEBIASING,IN_PROCESSING,ADVERSARIAL_DEBIASING,DIR,0.481901675,0.982206406,0.957320367,0.982206406,0.063492063,0.467268623,843,0.518098325,-0.049261573,0.90552575,0.532731377,-0.141104725,0.771450093,0.017793594,-0.037731134,0.132183908,0.189873418,0.12,2.5,0.936507937,0.219887463,1.291118613,0.059007557,0.017793594,0.936507937,0.063492063,0.982206406,0.810126582,15,944,15,944,64,79,1772,64,828,0.467268623,0.128809299,0.128809299,0.029641999,0.000439324,0.000435954,0.784372511,0.307620118,0.479465977,0.343533278,2.010607762,1.199239347,0.037731134,0.219887463,0.130552363,0.163660892,0.064016788,0.063492063,0.982206406,0.037731134,0.455429498,[0.66634252],1008,0.190315251,0.453201669,0.633269598,0.112590125,0.518098325,0.522849235,0.522849235,0.455501391,-13726134.5,0.182156328,0.919407905,0.64207734,0.775798595,,,,,,,,0.037731134,0.219887463,0.163660892
a37f31d9-0dd9-409e-bc07-9ba99eabbf52,ADVERSARIAL_DEBIASING,IN_PROCESSING,ADVERSARIAL_DEBIASING,SMOTE,0.512155592,0.947805457,0.895732037,0.947805457,0.14781746,0.481905911,843,0.487844408,0.036637319,1.085487078,0.518094089,-0.102534613,0.821513822,0.052194543,-0.103614859,0.205619413,0.227979275,0.187747036,2.439393939,0.85218254,0.363548444,1.632843587,0.070856142,0.052194543,0.85218254,0.14781746,0.947805457,0.772020725,44,859,44,859,149,193,1658,149,799,0.481905911,0.233581652,0.233581652,0.027487157,0.000377772,0.000377915,0.78482126,0.307972205,0.479688099,0.376446922,1.556732457,1.424220634,0.103614859,0.363548444,0.145140824,0.284833854,0.081818551,0.14781746,0.947805457,0.103614859,0.455429498,[0.66634252],1008,0.190315251,0.453201669,0.638944422,0.155824278,0.487844408,0.547811459,0.547811459,0.419852753,-9884578.519,0.259933585,0.835558308,0.656070138,0.74787123,,,,,,,,0.103614859,0.363548444,0.284833854
a37f31d9-0dd9-409e-bc07-9ba99eabbf52,ADVERSARIAL_DEBIASING,IN_PROCESSING,ADVERSARIAL_DEBIASING,ROS,0.484062669,0.982206406,0.955159373,0.982206406,0.067460317,0.468325792,843,0.515937331,-0.051434252,0.902691956,0.531674208,-0.144019139,0.768758003,0.017793594,-0.053723138,0.176245211,0.180722892,0.259615385,3.25,0.932539683,0.224019694,1.296589454,0.059178508,0.017793594,0.932539683,0.067460317,0.982206406,0.819277108,15,940,15,940,68,83,1768,68,828,0.468325792,0.138871416,0.138871416,0.028312737,0.000400806,0.000398442,0.784357734,0.307608528,0.479458845,0.344030546,1.986553686,1.208538244,0.053723138,0.224019694,0.201817262,0.169809713,0.064137433,0.067460317,0.982206406,0.053723138,0.455429498,[0.66634252],1008,0.190315251,0.453201669,0.634239755,0.119516918,0.515937331,0.524833362,0.524833362,0.451949009,-13036592.18,0.170296556,0.913773024,0.643686352,0.774498237,,,,,,,,0.053723138,0.224019694,0.169809713
a37f31d9-0dd9-409e-bc07-9ba99eabbf52,ADVERSARIAL_DEBIASING,IN_PROCESSING,ADVERSARIAL_DEBIASING,RUS,0.500270124,0.960854093,0.919502971,0.960854093,0.115079365,0.475910693,843,0.499729876,-0.005410395,0.988694697,0.524089307,-0.127477778,0.788930236,0.039145907,-0.111277694,0.146871009,0.22147651,0.203296703,2.321428571,0.884920635,0.313873747,1.483674299,0.066331749,0.039145907,0.884920635,0.115079365,0.960854093,0.77852349,33,892,33,892,116,149,1702,116,810,0.475910693,0.212575721,0.212575721,0.026254172,0.000344641,0.00034115,0.784528989,0.307742868,0.479543059,0.364230008,1.839165918,1.347558215,0.111277694,0.313873747,0.165387241,0.250738427,0.075077978,0.115079365,0.960854093,0.111277694,0.455429498,[0.66634252],1008,0.190315251,0.453201669,0.63654224,0.138996645,0.499729876,0.537966729,0.537966729,0.423608064,-10453865.48,0.202596053,0.858479828,0.650667691,0.755120193,,,,,,,,0.111277694,0.313873747,0.250738427
a37f31d9-0dd9-409e-bc07-9ba99eabbf52,ADVERSARIAL_DEBIASING,IN_PROCESSING,ADVERSARIAL_DEBIASING,FOS,0.484062669,0.981020166,0.954078876,0.981020166,0.068452381,0.468289921,843,0.515937331,-0.024850895,0.950298211,0.531710079,-0.131313131,0.784411277,0.018979834,-0.055638847,0.146871009,0.188235294,0.2125,3.125,0.931547619,0.26450677,1.37109905,0.059504026,0.018979834,0.931547619,0.068452381,0.981020166,0.811764706,16,939,16,939,69,85,1766,69,827,0.468289921,0.160072809,0.160072809,0.030255758,0.000457705,0.000454658,0.784339532,0.307594251,0.479450045,0.344975436,2.127135636,1.252485089,0.055638847,0.26450677,0.171906566,0.198381142,0.064696853,0.068452381,0.981020166,0.055638847,0.455429498,[0.66634252],1008,0.190315251,0.453201669,0.633959371,0.117707331,0.515937331,0.524736274,0.524736274,0.440740264,-13031541.25,0.208867923,0.895969622,0.643420126,0.766953467,,,,,,,,0.055638847,0.26450677,0.198381142
a37f31d9-0dd9-409e-bc07-9ba99eabbf52,ADVERSARIAL_DEBIASING,IN_PROCESSING,ADVERSARIAL_DEBIASING,FAIR_SMOTE,0.62560778,0.43653618,0.316585629,0.43653618,0.783730159,0.627986348,843,0.37439222,0.09860835,1.3286945,0.372013652,-0.11388484,0.739691795,0.56346382,-0.053140097,0.912698413,0.375494071,0.178146472,1.687136393,0.216269841,0.080402673,1.539846517,0.239427889,0.56346382,0.216269841,0.783730159,0.43653618,0.624505929,475,218,475,218,790,1265,586,790,368,0.627986348,0.066771385,0.066771385,0.055918275,0.001563427,0.001546346,0.785305347,0.308352244,0.479908664,0.691994059,-0.061225649,1.49167495,0.053140097,0.080402673,0.146015656,0.112382846,0.339073036,0.783730159,0.43653618,0.053140097,0.455429498,[0.66634252],1008,0.190315251,0.453201669,0.515045486,0.235829492,0.37439222,0.61013317,0.61013317,0.569393733,-22704299.86,0.027262576,1.015085668,0.514510698,0.716381007,,,,,,,,0.053140097,0.080402673,0.112382846
a37f31d9-0dd9-409e-bc07-9ba99eabbf52,GradientBoostingClassifier,POSTPROCESSING,ThresholdOptimizer,GradientBoostingClassifier,0.639113992,0.633451957,0.482441923,0.633451957,0.643849206,0.597984323,843,0.360886008,-0.146194263,0.685120049,0.402015677,-0.350398394,0.461582956,0.366548043,-0.19990005,0.616858238,0.322546973,0.024311688,1.078,0.356150794,-0.122120626,0.720016126,0.170729932,0.366548043,0.356150794,0.643849206,0.633451957,0.677453027,309,359,309,359,649,958,893,649,534,0.597984323,0.161010338,0.038889712,0.049180254,0.001209349,0.001198283,0.786412362,0.309222202,0.48042506,0.584345672,-0.340321653,1.117738016,0.19990005,0.19990005,0.187355041,0.052982107,0.235144853,0.643849206,0.633451957,0.19990005,0.455429498,[0.66634252],1008,0.190315251,0.453201669,0.615207373,0.276367685,0.360886008,0.638650582,0.638650582,0.613813645,-26491831.05,-0.077779424,0.898816217,0.629090932,0.759294529,,,,,,,,0.19990005,0.19990005,0.052982107
a37f31d9-0dd9-409e-bc07-9ba99eabbf52,GradientBoostingClassifier,POSTPROCESSING,FairnessAwareMetaEstimator,GradientBoostingClassifier,0.686115613,0.589561091,0.395461912,0.589561091,0.766865079,0.678961749,843,0.313884387,0.034365237,1.12027833,0.321038251,-0.060486757,0.833661417,0.410438909,-0.373813093,0.462643678,0.309204647,0.066162957,1.243975904,0.233134921,0.233075435,3.738636364,0.175569758,0.410438909,0.233134921,0.766865079,0.589561091,0.690795353,346,235,346,235,773,1119,732,773,497,0.678961749,0.303444264,0.303444264,0.057330554,0.001643396,0.001664538,0.787261376,0.309890237,0.480934618,0.592570263,0.698777235,3.213446593,0.373813093,0.373813093,0.063324857,0.347827322,0.249070331,0.766865079,0.589561091,0.373813093,0.455429498,[0.66634252],1008,0.190315251,0.453201669,0.631111111,0.36303045,0.313884387,0.678213085,0.678213085,0.472413215,-2725321.76,-0.140737658,0.793892877,0.633156584,0.715993317,,,,,,,,0.373813093,0.373813093,0.347827322
a37f31d9-0dd9-409e-bc07-9ba99eabbf52,GradientBoostingClassifier,POSTPROCESSING,RejectOptionClassification,GradientBoostingClassifier,1,1,0.455429498,1,1,1,843,0,0,,0,0,,0,0,,0,0,,0,0,,0,0,0,1,1,1,0,0,0,0,1008,1008,843,1008,843,1,0,0,0,0,0,0.784336182,0.307591623,0.479448415,0,0,1.57922033,0,0,0,0.190315251,0,1,1,0,0.455429498,[0.66634252],1008,0.190315251,0.453201669,1,1,0,1,1,1,-58698915.47,0,1.034053329,1,1.019179139,,,,,,,,0,0,0.190315251
a37f31d9-0dd9-409e-bc07-9ba99eabbf52,GradientBoostingClassifier,POSTPROCESSING,EqOddsPostprocessing,GradientBoostingClassifier,0.851431659,0.673784104,0.306861156,0.673784104,1,1,843,0.148568341,0,,0,0,,0.326215896,0,,0.214341387,0,,0,0,,0.087246193,0.326215896,0,1,0.673784104,0.785658613,275,0,275,0,1008,1283,568,1008,568,1,0,0,0.222520405,0.024757665,0.025954373,0.784336182,0.307591623,0.479448415,0.417722858,5.784348777,1.57922033,0,0,0,0.190315251,0.160836042,1,0.673784104,0,0.455429498,[0.66634252],1008,0.190315251,0.453201669,0.805102764,0.727574247,0.148568341,0.836892052,0.836892052,0.836892052,-58698915.47,0,1.034053329,0.769087841,0.901017184,,,,,,,,0,0,0.190315251
a37f31d9-0dd9-409e-bc07-9ba99eabbf52,GradientBoostingClassifier,POSTPROCESSING,CalibratedEqOddsPostprocessing,GradientBoostingClassifier,0.851431659,0.673784104,0.306861156,0.673784104,1,1,843,0.148568341,0,,0,0,,0.326215896,0,,0.214341387,0,,0,0,,0.087246193,0.326215896,0,1,0.673784104,0.785658613,275,0,275,0,1008,1283,568,1008,568,1,0,0,0.222520405,0.024757665,0.025954373,0.784336182,0.307591623,0.479448415,0.417722858,5.784348777,1.57922033,0,0,0,0.190315251,0.160836042,1,0.673784104,0,0.455429498,[0.66634252],1008,0.190315251,0.453201669,0.805102764,0.727574247,0.148568341,0.836892052,0.836892052,0.836892052,-57131496.84,0,1.034053329,0.769087841,0.901017184,,,,,,,,0,0,0.190315251
a37f31d9-0dd9-409e-bc07-9ba99eabbf52,LogisticRegressionCV,POSTPROCESSING,ThresholdOptimizer,LogisticRegressionCV,0.629389519,0.606168446,0.467314965,0.606168446,0.648809524,0.590751445,843,0.370610481,-0.086253905,0.791800919,0.409248555,-0.307703595,0.490091185,0.393831554,-0.134099617,0.731800766,0.336713996,0.075855479,1.270441272,0.351190476,-0.085150343,0.771310508,0.180908684,0.393831554,0.351190476,0.648809524,0.606168446,0.663286004,332,354,332,354,654,986,865,654,511,0.590751445,0.10962498,0.024474637,0.071767251,0.002575269,0.002550136,0.786571229,0.309347149,0.480498645,0.601512566,-0.225419957,1.12771646,0.134099617,0.134099617,0.191779537,0.052911105,0.250196465,0.648809524,0.606168446,0.134099617,0.455429498,[0.66634252],1008,0.190315251,0.453201669,0.598360656,0.254507275,0.370610481,0.627488985,0.627488985,0.61213142,-26527467.28,-0.048949274,0.940656492,0.611025275,0.764014493,,,,,,,,0.134099617,0.134099617,0.052911105
a37f31d9-0dd9-409e-bc07-9ba99eabbf52,LogisticRegressionCV,POSTPROCESSING,FairnessAwareMetaEstimator,LogisticRegressionCV,0.673149649,0.533807829,0.357644516,0.533807829,0.78968254,0.679758308,843,0.326850351,0.020888952,1.068010541,0.320241692,-0.104255319,0.739361702,0.466192171,-0.438447443,0.454903179,0.330529857,0.060343284,1.203862445,0.21031746,0.223360295,4.499311295,0.194896554,0.466192171,0.21031746,0.78968254,0.533807829,0.669470143,393,212,393,212,796,1189,662,796,450,0.679758308,0.330903869,0.330903869,0.060290696,0.001817484,0.001846787,0.78802503,0.310491724,0.481334232,0.624334132,0.993783264,4.360503645,0.438447443,0.438447443,0.082299301,0.360053962,0.278887081,0.78968254,0.533807829,0.438447443,0.455429498,[0.66634252],1008,0.190315251,0.453201669,0.598006645,0.336113136,0.326850351,0.661745184,0.661745184,0.442771142,-2708192.307,-0.215087148,0.747172304,0.596289964,0.674073332,,,,,,,,0.438447443,0.438447443,0.360053962
a37f31d9-0dd9-409e-bc07-9ba99eabbf52,LogisticRegressionCV,POSTPROCESSING,RejectOptionClassification,LogisticRegressionCV,1,1,0.455429498,1,1,1,843,0,0,,0,0,,0,0,,0,0,,0,0,,0,0,0,1,1,1,0,0,0,0,1008,1008,843,1008,843,1,0,0,0,0,0,0.784336182,0.307591623,0.479448415,0,0,1.57922033,0,0,0,0.190315251,0,1,1,0,0.455429498,[0.66634252],1008,0.190315251,0.453201669,1,1,0,1,1,1,-58698915.47,0,1.034053329,1,1.019179139,,,,,,,,0,0,0.190315251
a37f31d9-0dd9-409e-bc07-9ba99eabbf52,LogisticRegressionCV,POSTPROCESSING,EqOddsPostprocessing,LogisticRegressionCV,0.851431659,0.673784104,0.306861156,0.673784104,1,1,843,0.148568341,0,,0,0,,0.326215896,0,,0.214341387,0,,0,0,,0.087246193,0.326215896,0,1,0.673784104,0.785658613,275,0,275,0,1008,1283,568,1008,568,1,0,0,0.222520405,0.024757665,0.025954373,0.784336182,0.307591623,0.479448415,0.417722858,5.784348777,1.57922033,0,0,0,0.190315251,0.160836042,1,0.673784104,0,0.455429498,[0.66634252],1008,0.190315251,0.453201669,0.805102764,0.727574247,0.148568341,0.836892052,0.836892052,0.836892052,-58698915.47,0,1.034053329,0.769087841,0.901017184,,,,,,,,0,0,0.190315251
a37f31d9-0dd9-409e-bc07-9ba99eabbf52,LogisticRegressionCV,POSTPROCESSING,CalibratedEqOddsPostprocessing,LogisticRegressionCV,0.851431659,0.673784104,0.306861156,0.673784104,1,1,843,0.148568341,0,,0,0,,0.326215896,0,,0.214341387,0,,0,0,,0.087246193,0.326215896,0,1,0.673784104,0.785658613,275,0,275,0,1008,1283,568,1008,568,1,0,0,0.222520405,0.024757665,0.025954373,0.784336182,0.307591623,0.479448415,0.417722858,5.784348777,1.57922033,0,0,0,0.190315251,0.160836042,1,0.673784104,0,0.455429498,[0.66634252],1008,0.190315251,0.453201669,0.805102764,0.727574247,0.148568341,0.836892052,0.836892052,0.836892052,-57131496.84,0,1.034053329,0.769087841,0.901017184,,,,,,,,0,0,0.190315251
a37f31d9-0dd9-409e-bc07-9ba99eabbf52,AdaBoostClassifier,POSTPROCESSING,ThresholdOptimizer,AdaBoostClassifier,0.637493247,0.678529063,0.525121556,0.678529063,0.603174603,0.588477366,843,0.362506753,-0.102896904,0.767652152,0.411522634,-0.271103428,0.550083672,0.321470937,-0.009995002,0.969348659,0.308304892,0.107640787,1.444915254,0.396825397,-0.134297521,0.731404959,0.156282522,0.321470937,0.396825397,0.603174603,0.678529063,0.691695108,271,400,271,400,608,879,972,608,572,0.588477366,0.072146262,-0.062151259,0.065838848,0.002167377,0.002131216,0.789127846,0.311361379,0.481670072,0.559075169,-0.328706927,0.952745068,0.009995002,0.134297521,0.189372108,-0.026327748,0.212688656,0.603174603,0.678529063,0.009995002,0.455429498,[0.66634252],1008,0.190315251,0.453201669,0.63030303,0.280937027,0.362506753,0.640851833,0.640851833,0.680681581,-27430455.18,0.124302518,0.94298133,0.648093915,0.78910367,,,,,,,,0.009995002,0.134297521,0.026327748
a37f31d9-0dd9-409e-bc07-9ba99eabbf52,AdaBoostClassifier,POSTPROCESSING,FairnessAwareMetaEstimator,AdaBoostClassifier,0.668287412,0.606168446,0.428417072,0.606168446,0.720238095,0.644388398,843,0.331712588,0.032817381,1.106847288,0.355611602,-0.108539326,0.753319714,0.393831554,-0.37956022,0.454382184,0.313799622,0.071315402,1.256289725,0.279761905,0.248681203,3.125093914,0.174807876,0.393831554,0.279761905,0.720238095,0.606168446,0.686200378,332,282,332,282,726,1058,793,726,511,0.644388398,0.314120711,0.314120711,0.055497118,0.001539965,0.001577597,0.787271998,0.309898599,0.48094015,0.59128314,0.623480607,2.972564612,0.37956022,0.37956022,0.089927364,0.352243681,0.244449492,0.720238095,0.606168446,0.37956022,0.455429498,[0.66634252],1008,0.190315251,0.453201669,0.624694377,0.328491003,0.331712588,0.663203271,0.663203271,0.454877388,-2377203.875,-0.130879017,0.783742024,0.631997875,0.710618661,,,,,,,,0.37956022,0.37956022,0.352243681
a37f31d9-0dd9-409e-bc07-9ba99eabbf52,AdaBoostClassifier,POSTPROCESSING,RejectOptionClassification,AdaBoostClassifier,1,1,0.455429498,1,1,1,843,0,0,,0,0,,0,0,,0,0,,0,0,,0,0,0,1,1,1,0,0,0,0,1008,1008,843,1008,843,1,0,0,0,0,0,0.784336182,0.307591623,0.479448415,0,0,1.57922033,0,0,0,0.190315251,0,1,1,0,0.455429498,[0.66634252],1008,0.190315251,0.453201669,1,1,0,1,1,1,-58698915.47,0,1.034053329,1,1.019179139,,,,,,,,0,0,0.190315251
a37f31d9-0dd9-409e-bc07-9ba99eabbf52,AdaBoostClassifier,POSTPROCESSING,EqOddsPostprocessing,AdaBoostClassifier,0.851431659,0.673784104,0.306861156,0.673784104,1,1,843,0.148568341,0,,0,0,,0.326215896,0,,0.214341387,0,,0,0,,0.087246193,0.326215896,0,1,0.673784104,0.785658613,275,0,275,0,1008,1283,568,1008,568,1,0,0,0.222520405,0.024757665,0.025954373,0.784336182,0.307591623,0.479448415,0.417722858,5.784348777,1.57922033,0,0,0,0.190315251,0.160836042,1,0.673784104,0,0.455429498,[0.66634252],1008,0.190315251,0.453201669,0.805102764,0.727574247,0.148568341,0.836892052,0.836892052,0.836892052,-58698915.47,0,1.034053329,0.769087841,0.901017184,,,,,,,,0,0,0.190315251
a37f31d9-0dd9-409e-bc07-9ba99eabbf52,AdaBoostClassifier,POSTPROCESSING,CalibratedEqOddsPostprocessing,AdaBoostClassifier,0.851431659,0.673784104,0.306861156,0.673784104,1,1,843,0.148568341,0,,0,0,,0.326215896,0,,0.214341387,0,,0,0,,0.087246193,0.326215896,0,1,0.673784104,0.785658613,275,0,275,0,1008,1283,568,1008,568,1,0,0,0.222520405,0.024757665,0.025954373,0.784336182,0.307591623,0.479448415,0.417722858,5.784348777,1.57922033,0,0,0,0.190315251,0.160836042,1,0.673784104,0,0.455429498,[0.66634252],1008,0.190315251,0.453201669,0.805102764,0.727574247,0.148568341,0.836892052,0.836892052,0.836892052,-57131496.84,0,1.034053329,0.769087841,0.901017184,,,,,,,,0,0,0.190315251
a37f31d9-0dd9-409e-bc07-9ba99eabbf52,SVC,POSTPROCESSING,ThresholdOptimizer,SVC,0.622906537,0.544483986,0.417612102,0.544483986,0.688492063,0.593790427,843,0.377093463,-0.123146833,0.730616302,0.406209573,-0.377073906,0.43438914,0.455516014,-0.210228219,0.654625068,0.356215213,0.043212931,1.132725431,0.311507937,-0.118515913,0.690541781,0.202886795,0.455516014,0.311507937,0.688492063,0.544483986,0.643784787,384,314,384,314,694,1078,773,694,459,0.593790427,0.164372066,0.045856153,0.049829801,0.001241505,0.00123182,0.786680829,0.309433364,0.480549345,0.637003602,-0.324932908,1.139091378,0.210228219,0.210228219,0.210143419,0.053649531,0.282962275,0.688492063,0.544483986,0.210228219,0.455429498,[0.66634252],1008,0.190315251,0.453201669,0.568069307,0.235264393,0.377093463,0.616488025,0.616488025,0.588218256,-26723028.28,-0.091712306,0.89546342,0.576665001,0.72394162,,,,,,,,0.210228219,0.210228219,0.053649531
a37f31d9-0dd9-409e-bc07-9ba99eabbf52,SVC,POSTPROCESSING,FairnessAwareMetaEstimator,SVC,0.6726094,0.501779359,0.329011345,0.501779359,0.81547619,0.694581281,843,0.3273906,0.033996024,1.11332008,0.305418719,-0.067550097,0.810859729,0.498220641,-0.405880393,0.495391944,0.338164251,0.075143533,1.255894192,0.18452381,0.211271321,4.971900826,0.204030001,0.498220641,0.18452381,0.81547619,0.501779359,0.661835749,420,186,420,186,822,1242,609,822,423,0.694581281,0.308575857,0.308575857,0.06252816,0.001954885,0.001978052,0.787343631,0.309954996,0.480977472,0.638795744,0.999119144,4.393638171,0.405880393,0.405880393,0.071346815,0.339363817,0.294615884,0.81547619,0.501779359,0.405880393,0.455429498,[0.66634252],1008,0.190315251,0.453201669,0.582644628,0.336266681,0.3273906,0.658627775,0.658627775,0.455391145,-2739277.776,-0.194609073,0.78314365,0.57737089,0.679375081,,,,,,,,0.405880393,0.405880393,0.339363817
a37f31d9-0dd9-409e-bc07-9ba99eabbf52,SVC,POSTPROCESSING,RejectOptionClassification,SVC,1,1,0.455429498,1,1,1,843,0,0,,0,0,,0,0,,0,0,,0,0,,0,0,0,1,1,1,0,0,0,0,1008,1008,843,1008,843,1,0,0,0,0,0,0.784336182,0.307591623,0.479448415,0,0,1.57922033,0,0,0,0.190315251,0,1,1,0,0.455429498,[0.66634252],1008,0.190315251,0.453201669,1,1,0,1,1,1,-58698915.47,0,1.034053329,1,1.019179139,,,,,,,,0,0,0.190315251
a37f31d9-0dd9-409e-bc07-9ba99eabbf52,SVC,POSTPROCESSING,EqOddsPostprocessing,SVC,0.851431659,0.673784104,0.306861156,0.673784104,1,1,843,0.148568341,0,,0,0,,0.326215896,0,,0.214341387,0,,0,0,,0.087246193,0.326215896,0,1,0.673784104,0.785658613,275,0,275,0,1008,1283,568,1008,568,1,0,0,0.222520405,0.024757665,0.025954373,0.784336182,0.307591623,0.479448415,0.417722858,5.784348777,1.57922033,0,0,0,0.190315251,0.160836042,1,0.673784104,0,0.455429498,[0.66634252],1008,0.190315251,0.453201669,0.805102764,0.727574247,0.148568341,0.836892052,0.836892052,0.836892052,-58698915.47,0,1.034053329,0.769087841,0.901017184,,,,,,,,0,0,0.190315251
a37f31d9-0dd9-409e-bc07-9ba99eabbf52,SVC,POSTPROCESSING,CalibratedEqOddsPostprocessing,SVC,0.851431659,0.673784104,0.306861156,0.673784104,1,1,843,0.148568341,0,,0,0,,0.326215896,0,,0.214341387,0,,0,0,,0.087246193,0.326215896,0,1,0.673784104,0.785658613,275,0,275,0,1008,1283,568,1008,568,1,0,0,0.222520405,0.024757665,0.025954373,0.784336182,0.307591623,0.479448415,0.417722858,5.784348777,1.57922033,0,0,0,0.190315251,0.160836042,1,0.673784104,0,0.455429498,[0.66634252],1008,0.190315251,0.453201669,0.805102764,0.727574247,0.148568341,0.836892052,0.836892052,0.836892052,-57131496.84,0,1.034053329,0.769087841,0.901017184,,,,,,,,0,0,0.190315251
a37f31d9-0dd9-409e-bc07-9ba99eabbf52,CalibratedClassifierCV,POSTPROCESSING,ThresholdOptimizer,CalibratedClassifierCV,0.623446786,0.616844603,0.482982172,0.616844603,0.628968254,0.581655481,843,0.376553214,-0.081468333,0.806685312,0.418344519,-0.299220273,0.512698413,0.383155397,-0.159670165,0.693965517,0.337513062,0.074304912,1.256971154,0.371031746,-0.056224723,0.848996458,0.17795563,0.383155397,0.371031746,0.628968254,0.616844603,0.662486938,323,374,323,374,634,957,894,634,520,0.581655481,0.107947444,0.051722721,0.069259192,0.002398418,0.002380991,0.785843866,0.308775291,0.48016074,0.596582987,-0.19924952,1.186564822,0.159670165,0.159670165,0.186762592,0.075958535,0.245414229,0.628968254,0.616844603,0.159670165,0.455429498,[0.66634252],1008,0.190315251,0.453201669,0.598733448,0.244976214,0.376553214,0.622906428,0.622906428,0.590688013,-26497800.05,-0.103445442,0.929154454,0.612828675,0.760842968,,,,,,,,0.159670165,0.159670165,0.075958535
a37f31d9-0dd9-409e-bc07-9ba99eabbf52,CalibratedClassifierCV,POSTPROCESSING,FairnessAwareMetaEstimator,CalibratedClassifierCV,0.664505673,0.537366548,0.369529984,0.537366548,0.770833333,0.662280702,843,0.335494327,0.018531667,1.057654076,0.337719298,-0.146723647,0.682098765,0.462633452,-0.485757121,0.427055703,0.334190231,0.056374924,1.183579882,0.229166667,0.252285915,4.952479339,0.196340099,0.462633452,0.229166667,0.770833333,0.537366548,0.665809769,390,231,390,231,777,1167,684,777,453,0.662280702,0.369021518,0.369021518,0.075425016,0.002844467,0.002937797,0.789317666,0.311511189,0.482019157,0.626642001,1.165374545,5.202630372,0.485757121,0.485757121,0.101549286,0.390244249,0.279078364,0.770833333,0.537366548,0.485757121,0.455429498,[0.66634252],1008,0.190315251,0.453201669,0.593320236,0.317989692,0.335494327,0.654099941,0.654099941,0.412722987,-2734424.744,-0.233471206,0.699126624,0.593914083,0.649793094,,,,,,,,0.485757121,0.485757121,0.390244249
a37f31d9-0dd9-409e-bc07-9ba99eabbf52,CalibratedClassifierCV,POSTPROCESSING,RejectOptionClassification,CalibratedClassifierCV,1,1,0.455429498,1,1,1,843,0,0,,0,0,,0,0,,0,0,,0,0,,0,0,0,1,1,1,0,0,0,0,1008,1008,843,1008,843,1,0,0,0,0,0,0.784336182,0.307591623,0.479448415,0,0,1.57922033,0,0,0,0.190315251,0,1,1,0,0.455429498,[0.66634252],1008,0.190315251,0.453201669,1,1,0,1,1,1,-58698915.47,0,1.034053329,1,1.019179139,,,,,,,,0,0,0.190315251
a37f31d9-0dd9-409e-bc07-9ba99eabbf52,CalibratedClassifierCV,POSTPROCESSING,EqOddsPostprocessing,CalibratedClassifierCV,0.851431659,0.673784104,0.306861156,0.673784104,1,1,843,0.148568341,0,,0,0,,0.326215896,0,,0.214341387,0,,0,0,,0.087246193,0.326215896,0,1,0.673784104,0.785658613,275,0,275,0,1008,1283,568,1008,568,1,0,0,0.222520405,0.024757665,0.025954373,0.784336182,0.307591623,0.479448415,0.417722858,5.784348777,1.57922033,0,0,0,0.190315251,0.160836042,1,0.673784104,0,0.455429498,[0.66634252],1008,0.190315251,0.453201669,0.805102764,0.727574247,0.148568341,0.836892052,0.836892052,0.836892052,-58698915.47,0,1.034053329,0.769087841,0.901017184,,,,,,,,0,0,0.190315251
a37f31d9-0dd9-409e-bc07-9ba99eabbf52,CalibratedClassifierCV,POSTPROCESSING,CalibratedEqOddsPostprocessing,CalibratedClassifierCV,0.851431659,0.673784104,0.306861156,0.673784104,1,1,843,0.148568341,0,,0,0,,0.326215896,0,,0.214341387,0,,0,0,,0.087246193,0.326215896,0,1,0.673784104,0.785658613,275,0,275,0,1008,1283,568,1008,568,1,0,0,0.222520405,0.024757665,0.025954373,0.784336182,0.307591623,0.479448415,0.417722858,5.784348777,1.57922033,0,0,0,0.190315251,0.160836042,1,0.673784104,0,0.455429498,[0.66634252],1008,0.190315251,0.453201669,0.805102764,0.727574247,0.148568341,0.836892052,0.836892052,0.836892052,-57131496.84,0,1.034053329,0.769087841,0.901017184,,,,,,,,0,0,0.190315251
a37f31d9-0dd9-409e-bc07-9ba99eabbf52,XGBClassifier,POSTPROCESSING,ThresholdOptimizer,XGBClassifier,0.634792004,0.62514828,0.479200432,0.62514828,0.642857143,0.594137542,843,0.365207996,-0.018176654,0.949105368,0.405862458,-0.222779257,0.586267093,0.37485172,-0.12193903,0.745036573,0.32780083,0.111165049,1.444660194,0.357142857,0.022375593,1.075118064,0.173953119,0.37485172,0.357142857,0.642857143,0.62514828,0.67219917,316,360,316,360,648,964,887,648,527,0.594137542,0.072157312,0.072157312,0.064549854,0.002083342,0.002051021,0.784962275,0.308082887,0.479746986,0.589835772,-0.081960433,1.314038844,0.12193903,0.12193903,0.166972153,0.116642999,0.239866546,0.642857143,0.62514828,0.12193903,0.455429498,[0.66634252],1008,0.190315251,0.453201669,0.609248555,0.267169765,0.365207996,0.634002711,0.634002711,0.58825478,-27887984.94,-0.099563437,0.959047748,0.622884028,0.778893354,,,,,,,,0.12193903,0.12193903,0.116642999
a37f31d9-0dd9-409e-bc07-9ba99eabbf52,XGBClassifier,POSTPROCESSING,FairnessAwareMetaEstimator,XGBClassifier,0.671528903,0.559905101,0.383036197,0.559905101,0.764880952,0.665726375,843,0.328471097,0.038966203,1.129887343,0.334273625,-0.107394642,0.746158119,0.440094899,-0.317591204,0.528735632,0.324868651,0.089235224,1.32815534,0.235119048,0.203226657,2.736664162,0.187825401,0.440094899,0.235119048,0.764880952,0.559905101,0.675131349,371,237,371,237,771,1142,709,771,472,0.665726375,0.260408931,0.260408931,0.050856784,0.001293206,0.001302853,0.785852986,0.308782458,0.480208689,0.612903584,0.501144535,2.628077688,0.317591204,0.317591204,0.098314933,0.302357285,0.266499673,0.764880952,0.559905101,0.317591204,0.455429498,[0.66634252],1008,0.190315251,0.453201669,0.608247423,0.332724863,0.328471097,0.662393027,0.662393027,0.489899967,-3017012.421,-0.114364547,0.843046048,0.609852295,0.724343502,,,,,,,,0.317591204,0.317591204,0.302357285
a37f31d9-0dd9-409e-bc07-9ba99eabbf52,XGBClassifier,POSTPROCESSING,RejectOptionClassification,XGBClassifier,1,1,0.455429498,1,1,1,843,0,0,,0,0,,0,0,,0,0,,0,0,,0,0,0,1,1,1,0,0,0,0,1008,1008,843,1008,843,1,0,0,0,0,0,0.784336182,0.307591623,0.479448415,0,0,1.57922033,0,0,0,0.190315251,0,1,1,0,0.455429498,[0.66634252],1008,0.190315251,0.453201669,1,1,0,1,1,1,-58698915.47,0,1.034053329,1,1.019179139,,,,,,,,0,0,0.190315251
a37f31d9-0dd9-409e-bc07-9ba99eabbf52,XGBClassifier,POSTPROCESSING,EqOddsPostprocessing,XGBClassifier,0.851431659,0.673784104,0.306861156,0.673784104,1,1,843,0.148568341,0,,0,0,,0.326215896,0,,0.214341387,0,,0,0,,0.087246193,0.326215896,0,1,0.673784104,0.785658613,275,0,275,0,1008,1283,568,1008,568,1,0,0,0.222520405,0.024757665,0.025954373,0.784336182,0.307591623,0.479448415,0.417722858,5.784348777,1.57922033,0,0,0,0.190315251,0.160836042,1,0.673784104,0,0.455429498,[0.66634252],1008,0.190315251,0.453201669,0.805102764,0.727574247,0.148568341,0.836892052,0.836892052,0.836892052,-58698915.47,0,1.034053329,0.769087841,0.901017184,,,,,,,,0,0,0.190315251
a37f31d9-0dd9-409e-bc07-9ba99eabbf52,XGBClassifier,POSTPROCESSING,CalibratedEqOddsPostprocessing,XGBClassifier,0.851431659,0.673784104,0.306861156,0.673784104,1,1,843,0.148568341,0,,0,0,,0.326215896,0,,0.214341387,0,,0,0,,0.087246193,0.326215896,0,1,0.673784104,0.785658613,275,0,275,0,1008,1283,568,1008,568,1,0,0,0.222520405,0.024757665,0.025954373,0.784336182,0.307591623,0.479448415,0.417722858,5.784348777,1.57922033,0,0,0,0.190315251,0.160836042,1,0.673784104,0,0.455429498,[0.66634252],1008,0.190315251,0.453201669,0.805102764,0.727574247,0.148568341,0.836892052,0.836892052,0.836892052,-57131496.84,0,1.034053329,0.769087841,0.901017184,,,,,,,,0,0,0.190315251
a37f31d9-0dd9-409e-bc07-9ba99eabbf52,AdaBoostClassifier_BASE_LINE_VALUES,POSTPROCESSING,AdaBoostClassifier_BASE_LINE_VALUES_CERTI_FAI,AdaBoostClassifier_BASE_LINE_VALUES_CERTI_FAI,0.674351585,0.143250689,0.076849183,0.143250689,0.958702065,0.65,363,0.325648415,0.173448173,1.916797488,0.35,0.102564103,1.384615385,0.856749311,0.093916548,1.121102917,0.323621228,0.178494086,1.972323049,0.041297935,0.024403365,2.055445545,0.237406103,0.856749311,0.041297935,0.958702065,0.143250689,0.676378772,311,28,311,28,650,961,80,650,52,0.65,0.059159956,-0.034756591,0.084873054,0.003601718,0.003470753,0.084873054,0.003601718,0.003470753,0.689066184,-0.407801288,1.174603175,-0.093916548,0.093916548,0.037964992,0.011797512,0.368462446,0.958702065,0.143250689,-0.093916548,0.34870317,[0.98386167],678,0.162673663,0.546878838,0.23476298,0.182414952,0.325648415,0.550976377,0.550976377,0.570126437,-748361.1005,-0.069513182,0.982658073,0.235788059,0.416818445,,,,,,,,,,
a37f31d9-0dd9-409e-bc07-9ba99eabbf52,AdaBoostClassifier_BASE_LINE_VALUES,POSTPROCESSING,BINARY DEBIASER,BASE_LINE_VALUES,1,1,0.454054054,1,1,1,84,0,0,,0,0,,0,0,,0,0,,0,0,,0,0,0,1,1,1,0,0,0,0,101,101,84,101,84,1,0,0,0,0,0,0,0,0,0,0,1.31956634,0,0,0,0.115398956,0,1,1,0,0.454054054,[0.68756757],101,0.115398956,0.267290383,1,1,0,1,1,1,-316354.7672,0,1.028733072,1,1.016219172,,,,,,,,0,0,0.115398956
a37f31d9-0dd9-409e-bc07-9ba99eabbf52,GradientBoostingClassifier_BASE_LINE_VALUES,POSTPROCESSING,BINARY DEBIASER,BASE_LINE_VALUES,1,1,0.454054054,1,1,1,84,0,0,,0,0,,0,0,,0,0,,0,0,,0,0,0,1,1,1,0,0,0,0,101,101,84,101,84,1,0,0,0,0,0,0,0,0,0,0,1.31956634,0,0,0,0.115398956,0,1,1,0,0.454054054,[0.68756757],101,0.115398956,0.267290383,1,1,0,1,1,1,-316824.6309,0,1.028733072,1,1.016219172,,,,,,,,0,0,0.115398956
a37f31d9-0dd9-409e-bc07-9ba99eabbf52,GradientBoostingClassifier_BASE_LINE_VALUES,POSTPROCESSING,GradientBoostingClassifier_BASE_LINE_VALUES_CERTI_FAI,GradientBoostingClassifier_BASE_LINE_VALUES_CERTI_FAI,0.710359408,0.351274788,0.178646934,0.351274788,0.924114671,0.733727811,353,0.289640592,0.069387526,1.296473975,0.266272189,-0.12206235,0.667102681,0.648725212,0.016547406,1.0260747,0.294723295,0.107778982,1.516032702,0.075885329,-0.006484103,0.919832902,0.194050055,0.648725212,0.075885329,0.924114671,0.351274788,0.705276705,229,45,229,45,548,777,169,548,124,0.733727811,0.011515755,-0.011515755,0.047904986,0.001147444,0.00112114,0.047904986,0.001147444,0.00112114,0.622976813,-0.227618929,1.149164468,-0.016547406,0.016547406,0.114920666,0.023802841,0.298163791,0.924114671,0.351274788,-0.016547406,0.373150106,[0.97272727],593,0.120501881,0.357702084,0.475095785,0.34770277,0.289640592,0.637694729,0.637694729,0.645038265,-663157.5924,-0.010063303,1.018269706,0.471746252,0.680431911,,,,,,,,,,
a37f31d9-0dd9-409e-bc07-9ba99eabbf52,NEURONAL_NETWORK,IN_PROCESSING,FairODTrainer,BAL_GAN_FAIR,0.544570502,0,0,0,1,0,843,0.455429498,0.118197256,1.328532532,0,0,,1,0,1,0.455429498,0.118197256,1.328532532,0,0,,0.418154762,1,0,1,0,0.544570502,843,0,843,0,1008,1851,0,1008,0,0,0,0,0.085268794,0.003635384,0.00348659,0.085268794,0.003635384,0.00348659,0.914499603,1.160251287,,0,0,0.059098628,0,0.607757864,1,0,0,0.455429498,[0.66310103],1008,0.118197256,0.283005298,0,0,0.455429498,0.5,0.5,0.5,,0,,1.133174792,,,,,,,,,0,0,0
a37f31d9-0dd9-409e-bc07-9ba99eabbf52,XGBClassifier_BASE_LINE_VALUES,POSTPROCESSING,BINARY DEBIASER,BASE_LINE_VALUES,1,1,0.454054054,1,1,1,84,0,0,,0,0,,0,0,,0,0,,0,0,,0,0,0,1,1,1,0,0,0,0,101,101,84,101,84,1,0,0,0,0,0,0,0,0,0,0,1.31956634,0,0,0,0.115398956,0,1,1,0,0.454054054,[0.68756757],101,0.115398956,0.267290383,1,1,0,1,1,1,-316612.8211,0,1.028733072,1,1.016219172,,,,,,,,0,0,0.115398956
